year,region,crime_type,occurrence_count,arrest_count,clearance_rate,source_period,source_file,data_role
1990,범위확인필요,가정의례에 관한 법률,115.0,62.0,53.9,1990-2010,132_TX_132_2009_H1003_20260915164522.csv,TIME_MACHINE
1990,범위확인필요,간통죄,1272.0,1158.0,91.0,1990-2010,132_TX_132_2009_H1003_20260915164522.csv,TIME_MACHINE
1990,범위확인필요,강간,866.0,866.0,100.0,1990-2010,132_TX_132_2009_H1003_20260915164522.csv,TIME_MACHINE
1990,범위확인필요,강간죄,428.0,404.0,94.4,1990-2010,132_TX_132_2009_H1003_20260915164522.csv,TIME_MACHINE
1990,범위확인필요,강간치사상죄,418.0,445.0,106.5,1990-2010,132_TX_132_2009_H1003_20260915164522.csv,TIME_MACHINE
1990,범위확인필요,강도,1541.0,1238.0,80.3,1990-2010,132_TX_132_2009_H1003_20260915164522.csv,TIME_MACHINE
1990,범위확인필요,강도강간죄,64.0,61.0,95.3,1990-2010,132_TX_132_2009_H1003_20260915164522.csv,TIME_MACHINE
1990,범위확인필요,강도살인치사죄,24.0,35.0,145.8,1990-2010,132_TX_132_2009_H1003_20260915164522.csv,TIME_MACHINE
1990,범위확인필요,강도상해치상죄,395.0,393.0,99.5,1990-2010,132_TX_132_2009_H1003_20260915164522.csv,TIME_MACHINE
1990,범위확인필요,강력범,2848.0,2388.0,83.8,1990-2010,132_TX_132_2009_H1003_20260915164522.csv,TIME_MACHINE
1990,범위확인필요,개항질서법,2.0,2.0,100.0,1990-2010,132_TX_132_2009_H1003_20260915164522.csv,TIME_MACHINE
1990,범위확인필요,건설업법,19.0,14.0,73.7,1990-2010,132_TX_132_2009_H1003_20260915164522.csv,TIME_MACHINE
1990,범위확인필요,건축법,3982.0,3884.0,97.5,1990-2010,132_TX_132_2009_H1003_20260915164522.csv,TIME_MACHINE
1990,범위확인필요,계량법,199.0,162.0,81.4,1990-2010,132_TX_132_2009_H1003_20260915164522.csv,TIME_MACHINE
1990,범위확인필요,고물영업법,118.0,128.0,108.5,1990-2010,132_TX_132_2009_H1003_20260915164522.csv,TIME_MACHINE
1990,범위확인필요,고압가스안전관리법,13.0,7.0,53.8,1990-2010,132_TX_132_2009_H1003_20260915164522.csv,TIME_MACHINE
1990,범위확인필요,공갈,167.0,163.0,97.6,1990-2010,132_TX_132_2009_H1003_20260915164522.csv,TIME_MACHINE
1990,범위확인필요,공무방해에 관한 죄,1510.0,1562.0,103.4,1990-2010,132_TX_132_2009_H1003_20260915164522.csv,TIME_MACHINE
1990,범위확인필요,공무상비밀누설,4.0,3.0,75.0,1990-2010,132_TX_132_2009_H1003_20260915164522.csv,TIME_MACHINE
1990,범위확인필요,공문서위·변조죄,233.0,208.0,89.3,1990-2010,132_TX_132_2009_H1003_20260915164522.csv,TIME_MACHINE
1990,범위확인필요,공산품품질관리법,122.0,110.0,90.2,1990-2010,132_TX_132_2009_H1003_20260915164522.csv,TIME_MACHINE
1990,범위확인필요,공안을 해하는 죄,8.0,7.0,87.5,1990-2010,132_TX_132_2009_H1003_20260915164522.csv,TIME_MACHINE
1990,범위확인필요,공연법,55.0,50.0,90.9,1990-2010,132_TX_132_2009_H1003_20260915164522.csv,TIME_MACHINE
1990,범위확인필요,공연음란죄,7.0,10.0,142.9,1990-2010,132_TX_132_2009_H1003_20260915164522.csv,TIME_MACHINE
1990,범위확인필요,공용·일반건조물방화죄,21.0,16.0,76.2,1990-2010,132_TX_132_2009_H1003_20260915164522.csv,TIME_MACHINE
1990,범위확인필요,공유수면관리법,5.0,7.0,140.0,1990-2010,132_TX_132_2009_H1003_20260915164522.csv,TIME_MACHINE
1990,범위확인필요,공인위조부정행사죄,24.0,22.0,91.7,1990-2010,132_TX_132_2009_H1003_20260915164522.csv,TIME_MACHINE
1990,범위확인필요,공중위생법,3185.0,3238.0,101.7,1990-2010,132_TX_132_2009_H1003_20260915164522.csv,TIME_MACHINE
1990,범위확인필요,과실치상의죄,890.0,884.0,99.3,1990-2010,132_TX_132_2009_H1003_20260915164522.csv,TIME_MACHINE
1990,범위확인필요,관세법,35.0,38.0,108.6,1990-2010,132_TX_132_2009_H1003_20260915164522.csv,TIME_MACHINE
1990,범위확인필요,광고물등관리법,155.0,143.0,92.3,1990-2010,132_TX_132_2009_H1003_20260915164522.csv,TIME_MACHINE
1990,범위확인필요,교통 방해의 죄,10.0,10.0,100.0,1990-2010,132_TX_132_2009_H1003_20260915164522.csv,TIME_MACHINE
1990,범위확인필요,교통사고처리특례법,55208.0,55927.0,101.3,1990-2010,132_TX_132_2009_H1003_20260915164522.csv,TIME_MACHINE
1990,범위확인필요,교통사범,55208.0,55927.0,101.3,1990-2010,132_TX_132_2009_H1003_20260915164522.csv,TIME_MACHINE
1990,범위확인필요,국가보안법,164.0,164.0,100.0,1990-2010,132_TX_132_2009_H1003_20260915164522.csv,TIME_MACHINE
1990,범위확인필요,국기에 관한 죄,1.0,3.0,300.0,1990-2010,132_TX_132_2009_H1003_20260915164522.csv,TIME_MACHINE
1990,범위확인필요,국토이용관리법,84.0,79.0,94.0,1990-2010,132_TX_132_2009_H1003_20260915164522.csv,TIME_MACHINE
1990,범위확인필요,국회의원 선거법,1.0,7.0,700.0,1990-2010,132_TX_132_2009_H1003_20260915164522.csv,TIME_MACHINE
1990,범위확인필요,권리행사방해죄,339.0,327.0,96.5,1990-2010,132_TX_132_2009_H1003_20260915164522.csv,TIME_MACHINE
1990,범위확인필요,근로기준법,9.0,8.0,88.9,1990-2010,132_TX_132_2009_H1003_20260915164522.csv,TIME_MACHINE
1990,범위확인필요,기타문서에 관한죄,305.0,252.0,82.6,1990-2010,132_TX_132_2009_H1003_20260915164522.csv,TIME_MACHINE
1990,범위확인필요,기타약취유인죄,56.0,72.0,128.6,1990-2010,132_TX_132_2009_H1003_20260915164522.csv,TIME_MACHINE
1990,범위확인필요,기타유가증권우표인지에 관한 죄,8.0,7.0,87.5,1990-2010,132_TX_132_2009_H1003_20260915164522.csv,TIME_MACHINE
1990,범위확인필요,기타통화에 관한 죄,10.0,6.0,60.0,1990-2010,132_TX_132_2009_H1003_20260915164522.csv,TIME_MACHINE
1990,범위확인필요,기타특별법,1334.0,1258.0,94.3,1990-2010,132_TX_132_2009_H1003_20260915164522.csv,TIME_MACHINE
1990,범위확인필요,기타형법범,5747.0,5359.0,93.2,1990-2010,132_TX_132_2009_H1003_20260915164522.csv,TIME_MACHINE
1990,범위확인필요,낙태에 관한죄,10.0,8.0,80.0,1990-2010,132_TX_132_2009_H1003_20260915164522.csv,TIME_MACHINE
1990,범위확인필요,내란의 죄,1.0,,0.0,1990-2010,132_TX_132_2009_H1003_20260915164522.csv,TIME_MACHINE
1990,범위확인필요,내수면어업개발촉진법,23.0,23.0,100.0,1990-2010,132_TX_132_2009_H1003_20260915164522.csv,TIME_MACHINE
1990,범위확인필요,노동쟁의조정법,11.0,8.0,72.7,1990-2010,132_TX_132_2009_H1003_20260915164522.csv,TIME_MACHINE
1990,범위확인필요,노동조합법,5.0,5.0,100.0,1990-2010,132_TX_132_2009_H1003_20260915164522.csv,TIME_MACHINE
1990,범위확인필요,농지보전이용법,7.0,3.0,42.9,1990-2010,132_TX_132_2009_H1003_20260915164522.csv,TIME_MACHINE
1990,범위확인필요,뇌물공여죄,25.0,31.0,124.0,1990-2010,132_TX_132_2009_H1003_20260915164522.csv,TIME_MACHINE
1990,범위확인필요,뇌물수수죄,20.0,18.0,90.0,1990-2010,132_TX_132_2009_H1003_20260915164522.csv,TIME_MACHINE
1990,범위확인필요,담배전매법,329.0,436.0,132.5,1990-2010,132_TX_132_2009_H1003_20260915164522.csv,TIME_MACHINE
1990,범위확인필요,대마관리법,61.0,71.0,116.4,1990-2010,132_TX_132_2009_H1003_20260915164522.csv,TIME_MACHINE
1990,범위확인필요,대외무역법,17.0,13.0,76.5,1990-2010,132_TX_132_2009_H1003_20260915164522.csv,TIME_MACHINE
1990,범위확인필요,도로교통법,48484.0,48584.0,100.2,1990-2010,132_TX_132_2009_H1003_20260915164522.csv,TIME_MACHINE
1990,범위확인필요,도로법,1016.0,862.0,84.8,1990-2010,132_TX_132_2009_H1003_20260915164522.csv,TIME_MACHINE
1990,범위확인필요,도박개장죄,12.0,16.0,133.3,1990-2010,132_TX_132_2009_H1003_20260915164522.csv,TIME_MACHINE
1990,범위확인필요,도박죄,574.0,594.0,103.5,1990-2010,132_TX_132_2009_H1003_20260915164522.csv,TIME_MACHINE
1990,범위확인필요,도시계획법,833.0,766.0,92.0,1990-2010,132_TX_132_2009_H1003_20260915164522.csv,TIME_MACHINE
1990,범위확인필요,도주와 도주원조죄,3.0,4.0,133.3,1990-2010,132_TX_132_2009_H1003_20260915164522.csv,TIME_MACHINE
1990,범위확인필요,독물 및 극물에 관한 법률,383.0,412.0,107.6,1990-2010,132_TX_132_2009_H1003_20260915164522.csv,TIME_MACHINE
1990,범위확인필요,독직가혹행위죄,1.0,1.0,100.0,1990-2010,132_TX_132_2009_H1003_20260915164522.csv,TIME_MACHINE
1990,범위확인필요,마약법,49.0,54.0,110.2,1990-2010,132_TX_132_2009_H1003_20260915164522.csv,TIME_MACHINE
1990,범위확인필요,매장 및 묘지에 관한법,14.0,19.0,135.7,1990-2010,132_TX_132_2009_H1003_20260915164522.csv,TIME_MACHINE
1990,범위확인필요,명예에 관한 죄,448.0,390.0,87.1,1990-2010,132_TX_132_2009_H1003_20260915164522.csv,TIME_MACHINE
1990,범위확인필요,무고죄,246.0,234.0,95.1,1990-2010,132_TX_132_2009_H1003_20260915164522.csv,TIME_MACHINE
1990,범위확인필요,문화재보호법,44.0,22.0,50.0,1990-2010,132_TX_132_2009_H1003_20260915164522.csv,TIME_MACHINE
1990,범위확인필요,물가안정·공정거래법,19.0,19.0,100.0,1990-2010,132_TX_132_2009_H1003_20260915164522.csv,TIME_MACHINE
1990,범위확인필요,미성년자보호법,713.0,750.0,105.2,1990-2010,132_TX_132_2009_H1003_20260915164522.csv,TIME_MACHINE
1990,범위확인필요,미성년자약취유인죄,55.0,46.0,83.6,1990-2010,132_TX_132_2009_H1003_20260915164522.csv,TIME_MACHINE
1990,범위확인필요,민방위기본법,3470.0,2951.0,85.0,1990-2010,132_TX_132_2009_H1003_20260915164522.csv,TIME_MACHINE
1990,범위확인필요,밀항단속법,65.0,60.0,92.3,1990-2010,132_TX_132_2009_H1003_20260915164522.csv,TIME_MACHINE
1990,범위확인필요,방화,328.0,172.0,52.4,1990-2010,132_TX_132_2009_H1003_20260915164522.csv,TIME_MACHINE
1990,범위확인필요,방화등예비음모,13.0,11.0,84.6,1990-2010,132_TX_132_2009_H1003_20260915164522.csv,TIME_MACHINE
1990,범위확인필요,배임,662.0,681.0,102.9,1990-2010,132_TX_132_2009_H1003_20260915164522.csv,TIME_MACHINE
1990,범위확인필요,배임수재,3.0,5.0,166.7,1990-2010,132_TX_132_2009_H1003_20260915164522.csv,TIME_MACHINE
1990,범위확인필요,배임증재,1.0,2.0,200.0,1990-2010,132_TX_132_2009_H1003_20260915164522.csv,TIME_MACHINE
1990,범위확인필요,범인은닉·범인도피죄,18.0,18.0,100.0,1990-2010,132_TX_132_2009_H1003_20260915164522.csv,TIME_MACHINE
1990,범위확인필요,변호사법,97.0,84.0,86.6,1990-2010,132_TX_132_2009_H1003_20260915164522.csv,TIME_MACHINE
1990,범위확인필요,병역법,4907.0,4592.0,93.6,1990-2010,132_TX_132_2009_H1003_20260915164522.csv,TIME_MACHINE
1990,범위확인필요,병역법위반등의 범죄처벌특조법,877.0,722.0,82.3,1990-2010,132_TX_132_2009_H1003_20260915164522.csv,TIME_MACHINE
1990,범위확인필요,보건범죄단속에 관한 특별조치법,130.0,123.0,94.6,1990-2010,132_TX_132_2009_H1003_20260915164522.csv,TIME_MACHINE
1990,범위확인필요,보통살인죄,96.0,89.0,92.7,1990-2010,132_TX_132_2009_H1003_20260915164522.csv,TIME_MACHINE
1990,범위확인필요,복표발매·중개·취득죄,15.0,14.0,93.3,1990-2010,132_TX_132_2009_H1003_20260915164522.csv,TIME_MACHINE
1990,범위확인필요,복표발행등단속법,53.0,53.0,100.0,1990-2010,132_TX_132_2009_H1003_20260915164522.csv,TIME_MACHINE
1990,범위확인필요,부동산중개업법,130.0,139.0,106.9,1990-2010,132_TX_132_2009_H1003_20260915164522.csv,TIME_MACHINE
1990,범위확인필요,부정경쟁방지법,48.0,44.0,91.7,1990-2010,132_TX_132_2009_H1003_20260915164522.csv,TIME_MACHINE
1990,범위확인필요,부정수표단속법,13860.0,8476.0,61.2,1990-2010,132_TX_132_2009_H1003_20260915164522.csv,TIME_MACHINE
1990,범위확인필요,비밀침해죄,5.0,2.0,40.0,1990-2010,132_TX_132_2009_H1003_20260915164522.csv,TIME_MACHINE
1990,범위확인필요,사기,13893.0,12503.0,90.0,1990-2010,132_TX_132_2009_H1003_20260915164522.csv,TIME_MACHINE
1990,범위확인필요,사문서위·변조죄,781.0,711.0,91.0,1990-2010,132_TX_132_2009_H1003_20260915164522.csv,TIME_MACHINE
1990,범위확인필요,사인위조부정행사죄,8.0,8.0,100.0,1990-2010,132_TX_132_2009_H1003_20260915164522.csv,TIME_MACHINE
1990,범위확인필요,사회보호법,28.0,21.0,75.0,1990-2010,132_TX_132_2009_H1003_20260915164522.csv,TIME_MACHINE
1990,범위확인필요,산림법,32.0,22.0,68.8,1990-2010,132_TX_132_2009_H1003_20260915164522.csv,TIME_MACHINE
1990,범위확인필요,산업안전보건법,10.0,5.0,50.0,1990-2010,132_TX_132_2009_H1003_20260915164522.csv,TIME_MACHINE
1990,범위확인필요,살인,113.0,112.0,99.1,1990-2010,132_TX_132_2009_H1003_20260915164522.csv,TIME_MACHINE
1990,범위확인필요,살인미수예비음모죄,6.0,9.0,150.0,1990-2010,132_TX_132_2009_H1003_20260915164522.csv,TIME_MACHINE
1990,범위확인필요,상법,8.0,9.0,112.5,1990-2010,132_TX_132_2009_H1003_20260915164522.csv,TIME_MACHINE
1990,범위확인필요,상습강도죄,13.0,4.0,30.8,1990-2010,132_TX_132_2009_H1003_20260915164522.csv,TIME_MACHINE
1990,범위확인필요,상습도박죄,43.0,51.0,118.6,1990-2010,132_TX_132_2009_H1003_20260915164522.csv,TIME_MACHINE
1990,범위확인필요,상습장물취득죄,2.0,6.0,300.0,1990-2010,132_TX_132_2009_H1003_20260915164522.csv,TIME_MACHINE
1990,범위확인필요,상습절도,59.0,65.0,110.2,1990-2010,132_TX_132_2009_H1003_20260915164522.csv,TIME_MACHINE
1990,범위확인필요,상표법,364.0,369.0,101.4,1990-2010,132_TX_132_2009_H1003_20260915164522.csv,TIME_MACHINE
1990,범위확인필요,상해,4513.0,4440.0,98.4,1990-2010,132_TX_132_2009_H1003_20260915164522.csv,TIME_MACHINE
1990,범위확인필요,상해치사,62.0,63.0,101.6,1990-2010,132_TX_132_2009_H1003_20260915164522.csv,TIME_MACHINE
1990,범위확인필요,석유사업법,40.0,44.0,110.0,1990-2010,132_TX_132_2009_H1003_20260915164522.csv,TIME_MACHINE
1990,범위확인필요,석유산업법,8.0,11.0,137.5,1990-2010,132_TX_132_2009_H1003_20260915164522.csv,TIME_MACHINE
1990,범위확인필요,선박안전법,1.0,,0.0,1990-2010,132_TX_132_2009_H1003_20260915164522.csv,TIME_MACHINE
1990,범위확인필요,선박직원법,1.0,2.0,200.0,1990-2010,132_TX_132_2009_H1003_20260915164522.csv,TIME_MACHINE
1990,범위확인필요,소방법,13.0,21.0,161.5,1990-2010,132_TX_132_2009_H1003_20260915164522.csv,TIME_MACHINE
1990,범위확인필요,손괴의죄,815.0,684.0,101.3,1990-2010,132_TX_132_2009_H1003_20260915164522.csv,TIME_MACHINE
1990,범위확인필요,수산업법,5.0,4.0,80.0,1990-2010,132_TX_132_2009_H1003_20260915164522.csv,TIME_MACHINE
1990,범위확인필요,수산자원보호법,4.0,4.0,100.0,1990-2010,132_TX_132_2009_H1003_20260915164522.csv,TIME_MACHINE
1990,범위확인필요,식품위생법,12694.0,12689.0,100.0,1990-2010,132_TX_132_2009_H1003_20260915164522.csv,TIME_MACHINE
1990,범위확인필요,신앙에 관한 죄,15.0,15.0,100.0,1990-2010,132_TX_132_2009_H1003_20260915164522.csv,TIME_MACHINE
1990,범위확인필요,신용·업무와 경매에 관한 죄,247.0,261.0,105.7,1990-2010,132_TX_132_2009_H1003_20260915164522.csv,TIME_MACHINE
1990,범위확인필요,실용신안법,44.0,40.0,90.9,1990-2010,132_TX_132_2009_H1003_20260915164522.csv,TIME_MACHINE
1990,범위확인필요,실화 및 업무상실화죄,789.0,392.0,49.7,1990-2010,132_TX_132_2009_H1003_20260915164522.csv,TIME_MACHINE
1990,범위확인필요,아동복지법,38.0,34.0,89.5,1990-2010,132_TX_132_2009_H1003_20260915164522.csv,TIME_MACHINE
1990,범위확인필요,아편에 관한죄,5.0,6.0,120.0,1990-2010,132_TX_132_2009_H1003_20260915164522.csv,TIME_MACHINE
1990,범위확인필요,액화석유가스법,21.0,24.0,114.3,1990-2010,132_TX_132_2009_H1003_20260915164522.csv,TIME_MACHINE
1990,범위확인필요,야간주거침입절도,1281.0,951.0,74.2,1990-2010,132_TX_132_2009_H1003_20260915164522.csv,TIME_MACHINE
1990,범위확인필요,약사법,238.0,243.0,102.1,1990-2010,132_TX_132_2009_H1003_20260915164522.csv,TIME_MACHINE
1990,범위확인필요,약취강도죄,3.0,3.0,100.0,1990-2010,132_TX_132_2009_H1003_20260915164522.csv,TIME_MACHINE
1990,범위확인필요,양곡관리법,25.0,20.0,80.0,1990-2010,132_TX_132_2009_H1003_20260915164522.csv,TIME_MACHINE
1990,범위확인필요,어선법,,3.0,,1990-2010,132_TX_132_2009_H1003_20260915164522.csv,TIME_MACHINE
1990,범위확인필요,업무상배임,177.0,160.0,90.4,1990-2010,132_TX_132_2009_H1003_20260915164522.csv,TIME_MACHINE
1990,범위확인필요,업무상장물취득죄,27.0,42.0,155.6,1990-2010,132_TX_132_2009_H1003_20260915164522.csv,TIME_MACHINE
1990,범위확인필요,업무상횡령죄,1297.0,1276.0,98.4,1990-2010,132_TX_132_2009_H1003_20260915164522.csv,TIME_MACHINE
1990,범위확인필요,에너지이용합리화법,9.0,8.0,88.9,1990-2010,132_TX_132_2009_H1003_20260915164522.csv,TIME_MACHINE
1990,범위확인필요,여권법,174.0,176.0,101.1,1990-2010,132_TX_132_2009_H1003_20260915164522.csv,TIME_MACHINE
1990,범위확인필요,연소죄,2.0,1.0,50.0,1990-2010,132_TX_132_2009_H1003_20260915164522.csv,TIME_MACHINE
1990,범위확인필요,영아살해죄,3.0,1.0,33.3,1990-2010,132_TX_132_2009_H1003_20260915164522.csv,TIME_MACHINE
1990,범위확인필요,외국환관리법,287.0,297.0,103.5,1990-2010,132_TX_132_2009_H1003_20260915164522.csv,TIME_MACHINE
1990,범위확인필요,외환의 죄,2.0,1.0,50.0,1990-2010,132_TX_132_2009_H1003_20260915164522.csv,TIME_MACHINE
1990,범위확인필요,우표인지위·변조죄,1.0,,0.0,1990-2010,132_TX_132_2009_H1003_20260915164522.csv,TIME_MACHINE
1990,범위확인필요,위계촉탁살인죄,3.0,4.0,133.3,1990-2010,132_TX_132_2009_H1003_20260915164522.csv,TIME_MACHINE
1990,범위확인필요,위증죄,397.0,395.0,99.5,1990-2010,132_TX_132_2009_H1003_20260915164522.csv,TIME_MACHINE
1990,범위확인필요,유가증권위·변조죄,199.0,140.0,70.4,1990-2010,132_TX_132_2009_H1003_20260915164522.csv,TIME_MACHINE
1990,범위확인필요,유기의 죄,20.0,12.0,60.0,1990-2010,132_TX_132_2009_H1003_20260915164522.csv,TIME_MACHINE
1990,범위확인필요,유선방송관리법,28.0,28.0,100.0,1990-2010,132_TX_132_2009_H1003_20260915164522.csv,TIME_MACHINE
1990,범위확인필요,윤락행위등방지법,191.0,208.0,108.9,1990-2010,132_TX_132_2009_H1003_20260915164522.csv,TIME_MACHINE
1990,범위확인필요,음반에관한법률,760.0,759.0,99.9,1990-2010,132_TX_132_2009_H1003_20260915164522.csv,TIME_MACHINE
1990,범위확인필요,음용수에 관한 죄,32.0,31.0,96.9,1990-2010,132_TX_132_2009_H1003_20260915164522.csv,TIME_MACHINE
1990,범위확인필요,음행매개죄,4.0,5.0,125.0,1990-2010,132_TX_132_2009_H1003_20260915164522.csv,TIME_MACHINE
1990,범위확인필요,음화반포제조죄,36.0,39.0,108.3,1990-2010,132_TX_132_2009_H1003_20260915164522.csv,TIME_MACHINE
1990,범위확인필요,의료법,141.0,137.0,97.2,1990-2010,132_TX_132_2009_H1003_20260915164522.csv,TIME_MACHINE
1990,범위확인필요,의장법,67.0,65.0,97.0,1990-2010,132_TX_132_2009_H1003_20260915164522.csv,TIME_MACHINE
1990,범위확인필요,인장업단속법,39.0,41.0,105.1,1990-2010,132_TX_132_2009_H1003_20260915164522.csv,TIME_MACHINE
1990,범위확인필요,일반강도죄,466.0,247.0,53.0,1990-2010,132_TX_132_2009_H1003_20260915164522.csv,TIME_MACHINE
1990,범위확인필요,일반물방화죄,65.0,23.0,35.4,1990-2010,132_TX_132_2009_H1003_20260915164522.csv,TIME_MACHINE
1990,범위확인필요,일반절도죄,26943.0,5643.0,20.9,1990-2010,132_TX_132_2009_H1003_20260915164522.csv,TIME_MACHINE
1990,범위확인필요,일수와 수리에 관한 죄,,1.0,,1990-2010,132_TX_132_2009_H1003_20260915164522.csv,TIME_MACHINE
1990,범위확인필요,자기소유건조물방화죄,8.0,5.0,62.5,1990-2010,132_TX_132_2009_H1003_20260915164522.csv,TIME_MACHINE
1990,범위확인필요,자기소유일반물방화죄,9.0,5.0,55.6,1990-2010,132_TX_132_2009_H1003_20260915164522.csv,TIME_MACHINE
1990,범위확인필요,자동차관리법,3853.0,3780.0,98.1,1990-2010,132_TX_132_2009_H1003_20260915164522.csv,TIME_MACHINE
1990,범위확인필요,자동차운수사업법,2005.0,2049.0,102.2,1990-2010,132_TX_132_2009_H1003_20260915164522.csv,TIME_MACHINE
1990,범위확인필요,자살교사방조죄,1.0,1.0,100.0,1990-2010,132_TX_132_2009_H1003_20260915164522.csv,TIME_MACHINE
1990,범위확인필요,장물취득죄,205.0,231.0,112.7,1990-2010,132_TX_132_2009_H1003_20260915164522.csv,TIME_MACHINE
1990,범위확인필요,저작권법,194.0,121.0,62.4,1990-2010,132_TX_132_2009_H1003_20260915164522.csv,TIME_MACHINE
1990,범위확인필요,전기용품안전관리법,74.0,67.0,90.5,1990-2010,132_TX_132_2009_H1003_20260915164522.csv,TIME_MACHINE
1990,범위확인필요,전염병예방법,10.0,11.0,110.0,1990-2010,132_TX_132_2009_H1003_20260915164522.csv,TIME_MACHINE
1990,범위확인필요,절도범,31265.0,9481.0,30.3,1990-2010,132_TX_132_2009_H1003_20260915164522.csv,TIME_MACHINE
1990,범위확인필요,점유이탈물횡령죄,384.0,352.0,91.7,1990-2010,132_TX_132_2009_H1003_20260915164522.csv,TIME_MACHINE
1990,범위확인필요,정조에 관한죄,233.0,225.0,96.6,1990-2010,132_TX_132_2009_H1003_20260915164522.csv,TIME_MACHINE
1990,범위확인필요,조세범처벌법,34.0,25.0,73.5,1990-2010,132_TX_132_2009_H1003_20260915164522.csv,TIME_MACHINE
1990,범위확인필요,조수보호 및 수렵에 관한 법률,37.0,44.0,118.9,1990-2010,132_TX_132_2009_H1003_20260915164522.csv,TIME_MACHINE
1990,범위확인필요,존속살인죄,3.0,7.0,233.3,1990-2010,132_TX_132_2009_H1003_20260915164522.csv,TIME_MACHINE
1990,범위확인필요,존속상해,100.0,91.0,91.0,1990-2010,132_TX_132_2009_H1003_20260915164522.csv,TIME_MACHINE
1990,범위확인필요,존속상해치사,1.0,1.0,100.0,1990-2010,132_TX_132_2009_H1003_20260915164522.csv,TIME_MACHINE
1990,범위확인필요,존속체포·감금죄,2.0,1.0,50.0,1990-2010,132_TX_132_2009_H1003_20260915164522.csv,TIME_MACHINE
1990,범위확인필요,존속폭행,93.0,87.0,93.5,1990-2010,132_TX_132_2009_H1003_20260915164522.csv,TIME_MACHINE
1990,범위확인필요,존속협박,5.0,3.0,60.0,1990-2010,132_TX_132_2009_H1003_20260915164522.csv,TIME_MACHINE
1990,범위확인필요,주거침입의 죄,274.0,279.0,101.8,1990-2010,132_TX_132_2009_H1003_20260915164522.csv,TIME_MACHINE
1990,범위확인필요,주민등록법,128.0,137.0,107.0,1990-2010,132_TX_132_2009_H1003_20260915164522.csv,TIME_MACHINE
1990,범위확인필요,주차장법,839.0,806.0,96.1,1990-2010,132_TX_132_2009_H1003_20260915164522.csv,TIME_MACHINE
1990,범위확인필요,주택건설촉진법,267.0,257.0,96.3,1990-2010,132_TX_132_2009_H1003_20260915164522.csv,TIME_MACHINE
1990,범위확인필요,준강간죄,20.0,17.0,85.0,1990-2010,132_TX_132_2009_H1003_20260915164522.csv,TIME_MACHINE
1990,범위확인필요,준강도죄,56.0,57.0,101.8,1990-2010,132_TX_132_2009_H1003_20260915164522.csv,TIME_MACHINE
1990,범위확인필요,중기관리법,486.0,422.0,86.8,1990-2010,132_TX_132_2009_H1003_20260915164522.csv,TIME_MACHINE
1990,범위확인필요,지능범,20494.0,18631.0,90.9,1990-2010,132_TX_132_2009_H1003_20260915164522.csv,TIME_MACHINE
1990,범위확인필요,직권남용,8.0,9.0,112.5,1990-2010,132_TX_132_2009_H1003_20260915164522.csv,TIME_MACHINE
1990,범위확인필요,직무유기죄,22.0,19.0,86.4,1990-2010,132_TX_132_2009_H1003_20260915164522.csv,TIME_MACHINE
1990,범위확인필요,직업안정·고용촉진법,269.0,281.0,104.5,1990-2010,132_TX_132_2009_H1003_20260915164522.csv,TIME_MACHINE
1990,범위확인필요,집회 및 시위에 관한 법률,602.0,615.0,102.2,1990-2010,132_TX_132_2009_H1003_20260915164522.csv,TIME_MACHINE
1990,범위확인필요,철도법,4.0,11.0,275.0,1990-2010,132_TX_132_2009_H1003_20260915164522.csv,TIME_MACHINE
1990,범위확인필요,체포감금죄,20.0,18.0,90.0,1990-2010,132_TX_132_2009_H1003_20260915164522.csv,TIME_MACHINE
1990,범위확인필요,체포감금치사·상죄,1.0,3.0,300.0,1990-2010,132_TX_132_2009_H1003_20260915164522.csv,TIME_MACHINE
1990,범위확인필요,촉탁·승낙살인죄,1.0,1.0,100.0,1990-2010,132_TX_132_2009_H1003_20260915164522.csv,TIME_MACHINE
1990,범위확인필요,총범죄,309165.0,271784.0,87.9,1990-2010,132_TX_132_2009_H1003_20260915164522.csv,TIME_MACHINE
1990,범위확인필요,총포·도검·화약류단속법,109.0,113.0,103.7,1990-2010,132_TX_132_2009_H1003_20260915164522.csv,TIME_MACHINE
1990,범위확인필요,축산물위생처리법,74.0,75.0,101.4,1990-2010,132_TX_132_2009_H1003_20260915164522.csv,TIME_MACHINE
1990,범위확인필요,통화위조죄,7.0,4.0,57.1,1990-2010,132_TX_132_2009_H1003_20260915164522.csv,TIME_MACHINE
1990,범위확인필요,특별법범,139302.0,127866.0,91.8,1990-2010,132_TX_132_2009_H1003_20260915164522.csv,TIME_MACHINE
1990,범위확인필요,특수강도죄,518.0,433.0,83.6,1990-2010,132_TX_132_2009_H1003_20260915164522.csv,TIME_MACHINE
1990,범위확인필요,특수절도,2982.0,2822.0,94.6,1990-2010,132_TX_132_2009_H1003_20260915164522.csv,TIME_MACHINE
1990,범위확인필요,특정경제범죄처벌법,120.0,120.0,100.0,1990-2010,132_TX_132_2009_H1003_20260915164522.csv,TIME_MACHINE
1990,범위확인필요,특정범죄가중처벌등에 관한 법률,1433.0,1234.0,86.1,1990-2010,132_TX_132_2009_H1003_20260915164522.csv,TIME_MACHINE
1990,범위확인필요,폐기물관리법,31.0,27.0,87.1,1990-2010,132_TX_132_2009_H1003_20260915164522.csv,TIME_MACHINE
1990,범위확인필요,폭력범,52021.0,49998.0,96.1,1990-2010,132_TX_132_2009_H1003_20260915164522.csv,TIME_MACHINE
1990,범위확인필요,폭력행위등처벌에 관한 죄,44769.0,43092.0,,1990-2010,132_TX_132_2009_H1003_20260915164522.csv,TIME_MACHINE
1990,범위확인필요,폭발물에 관한 죄,1.0,1.0,100.0,1990-2010,132_TX_132_2009_H1003_20260915164522.csv,TIME_MACHINE
1990,범위확인필요,폭행죄,1084.0,982.0,90.6,1990-2010,132_TX_132_2009_H1003_20260915164522.csv,TIME_MACHINE
1990,범위확인필요,폭행치사·상죄,170.0,172.0,101.2,1990-2010,132_TX_132_2009_H1003_20260915164522.csv,TIME_MACHINE
1990,범위확인필요,풍속범,2280.0,2134.0,93.6,1990-2010,132_TX_132_2009_H1003_20260915164522.csv,TIME_MACHINE
1990,범위확인필요,하천법,39.0,34.0,87.2,1990-2010,132_TX_132_2009_H1003_20260915164522.csv,TIME_MACHINE
1990,범위확인필요,학원의설립·운영에관한법률,140.0,121.0,86.4,1990-2010,132_TX_132_2009_H1003_20260915164522.csv,TIME_MACHINE
1990,범위확인필요,해상강도죄,2.0,5.0,250.0,1990-2010,132_TX_132_2009_H1003_20260915164522.csv,TIME_MACHINE
1990,범위확인필요,해양오염방지법,1.0,2.0,200.0,1990-2010,132_TX_132_2009_H1003_20260915164522.csv,TIME_MACHINE
1990,범위확인필요,향정신성의 약품관리법,90.0,111.0,123.3,1990-2010,132_TX_132_2009_H1003_20260915164522.csv,TIME_MACHINE
1990,범위확인필요,향토예비군설치법,27186.0,22733.0,83.6,1990-2010,132_TX_132_2009_H1003_20260915164522.csv,TIME_MACHINE
1990,범위확인필요,허위감정·증거인멸죄,9.0,12.0,133.3,1990-2010,132_TX_132_2009_H1003_20260915164522.csv,TIME_MACHINE
1990,범위확인필요,현재건조물방화치사·상죄,210.0,111.0,52.9,1990-2010,132_TX_132_2009_H1003_20260915164522.csv,TIME_MACHINE
1990,범위확인필요,협박,108.0,80.0,74.1,1990-2010,132_TX_132_2009_H1003_20260915164522.csv,TIME_MACHINE
1990,범위확인필요,형법범,169863.0,143918.0,84.7,1990-2010,132_TX_132_2009_H1003_20260915164522.csv,TIME_MACHINE
1990,범위확인필요,혼인빙자간음죄,317.0,247.0,77.9,1990-2010,132_TX_132_2009_H1003_20260915164522.csv,TIME_MACHINE
1990,범위확인필요,화염병 사용 등 처벌에 관한 법률,144.0,147.0,102.1,1990-2010,132_TX_132_2009_H1003_20260915164522.csv,TIME_MACHINE
1990,범위확인필요,환경보전법,621.0,587.0,94.5,1990-2010,132_TX_132_2009_H1003_20260915164522.csv,TIME_MACHINE
1990,범위확인필요,횡령죄,2421.0,2213.0,91.4,1990-2010,132_TX_132_2009_H1003_20260915164522.csv,TIME_MACHINE
1991,범위확인필요,가정의례에 관한 법률,64.0,43.0,67.2,1990-2010,132_TX_132_2009_H1003_20260915164522.csv,TIME_MACHINE
1991,범위확인필요,간통죄,1239.0,1181.0,95.3,1990-2010,132_TX_132_2009_H1003_20260915164522.csv,TIME_MACHINE
1991,범위확인필요,강간,715.0,753.0,105.3,1990-2010,132_TX_132_2009_H1003_20260915164522.csv,TIME_MACHINE
1991,범위확인필요,강간죄,387.0,385.0,99.5,1990-2010,132_TX_132_2009_H1003_20260915164522.csv,TIME_MACHINE
1991,범위확인필요,강간치사상죄,306.0,347.0,113.4,1990-2010,132_TX_132_2009_H1003_20260915164522.csv,TIME_MACHINE
1991,범위확인필요,강도,1071.0,1009.0,94.2,1990-2010,132_TX_132_2009_H1003_20260915164522.csv,TIME_MACHINE
1991,범위확인필요,강도강간죄,65.0,63.0,96.9,1990-2010,132_TX_132_2009_H1003_20260915164522.csv,TIME_MACHINE
1991,범위확인필요,강도살인치사죄,15.0,17.0,113.3,1990-2010,132_TX_132_2009_H1003_20260915164522.csv,TIME_MACHINE
1991,범위확인필요,강도상해치상죄,337.0,379.0,112.5,1990-2010,132_TX_132_2009_H1003_20260915164522.csv,TIME_MACHINE
1991,범위확인필요,강력범,2192.0,2046.0,93.3,1990-2010,132_TX_132_2009_H1003_20260915164522.csv,TIME_MACHINE
1991,범위확인필요,개항질서법,8.0,3.0,37.5,1990-2010,132_TX_132_2009_H1003_20260915164522.csv,TIME_MACHINE
1991,범위확인필요,건설업법,15.0,26.0,173.3,1990-2010,132_TX_132_2009_H1003_20260915164522.csv,TIME_MACHINE
1991,범위확인필요,건축법,6086.0,5983.0,98.3,1990-2010,132_TX_132_2009_H1003_20260915164522.csv,TIME_MACHINE
1991,범위확인필요,계량법,175.0,181.0,103.4,1990-2010,132_TX_132_2009_H1003_20260915164522.csv,TIME_MACHINE
1991,범위확인필요,고물영업법,166.0,164.0,98.8,1990-2010,132_TX_132_2009_H1003_20260915164522.csv,TIME_MACHINE
1991,범위확인필요,고압가스안전관리법,13.0,15.0,115.4,1990-2010,132_TX_132_2009_H1003_20260915164522.csv,TIME_MACHINE
1991,범위확인필요,공갈,153.0,150.0,98.0,1990-2010,132_TX_132_2009_H1003_20260915164522.csv,TIME_MACHINE
1991,범위확인필요,공무방해에 관한 죄,1571.0,1590.0,101.2,1990-2010,132_TX_132_2009_H1003_20260915164522.csv,TIME_MACHINE
1991,범위확인필요,공무상비밀누설,4.0,4.0,100.0,1990-2010,132_TX_132_2009_H1003_20260915164522.csv,TIME_MACHINE
1991,범위확인필요,공문서위·변조죄,241.0,263.0,109.1,1990-2010,132_TX_132_2009_H1003_20260915164522.csv,TIME_MACHINE
1991,범위확인필요,공산품품질관리법,129.0,120.0,93.0,1990-2010,132_TX_132_2009_H1003_20260915164522.csv,TIME_MACHINE
1991,범위확인필요,공안을 해하는 죄,8.0,11.0,137.5,1990-2010,132_TX_132_2009_H1003_20260915164522.csv,TIME_MACHINE
1991,범위확인필요,공연법,42.0,36.0,85.7,1990-2010,132_TX_132_2009_H1003_20260915164522.csv,TIME_MACHINE
1991,범위확인필요,공연음란죄,2.0,3.0,150.0,1990-2010,132_TX_132_2009_H1003_20260915164522.csv,TIME_MACHINE
1991,범위확인필요,공용·일반건조물방화죄,25.0,12.0,48.0,1990-2010,132_TX_132_2009_H1003_20260915164522.csv,TIME_MACHINE
1991,범위확인필요,공유수면관리법,17.0,11.0,64.7,1990-2010,132_TX_132_2009_H1003_20260915164522.csv,TIME_MACHINE
1991,범위확인필요,공유수면매립법,1.0,1.0,100.0,1990-2010,132_TX_132_2009_H1003_20260915164522.csv,TIME_MACHINE
1991,범위확인필요,공인위조부정행사죄,13.0,21.0,161.5,1990-2010,132_TX_132_2009_H1003_20260915164522.csv,TIME_MACHINE
1991,범위확인필요,공중위생법,1694.0,1756.0,103.7,1990-2010,132_TX_132_2009_H1003_20260915164522.csv,TIME_MACHINE
1991,범위확인필요,과실치상의죄,891.0,885.0,99.3,1990-2010,132_TX_132_2009_H1003_20260915164522.csv,TIME_MACHINE
1991,범위확인필요,관세법,30.0,40.0,133.3,1990-2010,132_TX_132_2009_H1003_20260915164522.csv,TIME_MACHINE
1991,범위확인필요,광고물등관리법,232.0,221.0,95.3,1990-2010,132_TX_132_2009_H1003_20260915164522.csv,TIME_MACHINE
1991,범위확인필요,교통 방해의 죄,13.0,13.0,100.0,1990-2010,132_TX_132_2009_H1003_20260915164522.csv,TIME_MACHINE
1991,범위확인필요,교통사고처리특례법,51841.0,52035.0,100.4,1990-2010,132_TX_132_2009_H1003_20260915164522.csv,TIME_MACHINE
1991,범위확인필요,교통사범,51841.0,52035.0,100.4,1990-2010,132_TX_132_2009_H1003_20260915164522.csv,TIME_MACHINE
1991,범위확인필요,국가보안법,89.0,91.0,102.2,1990-2010,132_TX_132_2009_H1003_20260915164522.csv,TIME_MACHINE
1991,범위확인필요,국교에 관한 죄,1.0,1.0,100.0,1990-2010,132_TX_132_2009_H1003_20260915164522.csv,TIME_MACHINE
1991,범위확인필요,국기에 관한 죄,3.0,1.0,33.3,1990-2010,132_TX_132_2009_H1003_20260915164522.csv,TIME_MACHINE
1991,범위확인필요,국토이용관리법,76.0,75.0,98.7,1990-2010,132_TX_132_2009_H1003_20260915164522.csv,TIME_MACHINE
1991,범위확인필요,국회의원 선거법,32.0,32.0,100.0,1990-2010,132_TX_132_2009_H1003_20260915164522.csv,TIME_MACHINE
1991,범위확인필요,군복 군용물 등 장구류 단속,2.0,1.0,50.0,1990-2010,132_TX_132_2009_H1003_20260915164522.csv,TIME_MACHINE
1991,범위확인필요,권리행사방해죄,309.0,316.0,102.3,1990-2010,132_TX_132_2009_H1003_20260915164522.csv,TIME_MACHINE
1991,범위확인필요,근로기준법,14.0,12.0,85.7,1990-2010,132_TX_132_2009_H1003_20260915164522.csv,TIME_MACHINE
1991,범위확인필요,기타문서에 관한죄,216.0,224.0,103.7,1990-2010,132_TX_132_2009_H1003_20260915164522.csv,TIME_MACHINE
1991,범위확인필요,기타약취유인죄,41.0,52.0,126.8,1990-2010,132_TX_132_2009_H1003_20260915164522.csv,TIME_MACHINE
1991,범위확인필요,기타유가증권우표인지에 관한 죄,4.0,4.0,100.0,1990-2010,132_TX_132_2009_H1003_20260915164522.csv,TIME_MACHINE
1991,범위확인필요,기타통화에 관한 죄,8.0,7.0,87.5,1990-2010,132_TX_132_2009_H1003_20260915164522.csv,TIME_MACHINE
1991,범위확인필요,기타특별법,3323.0,3294.0,99.1,1990-2010,132_TX_132_2009_H1003_20260915164522.csv,TIME_MACHINE
1991,범위확인필요,기타형법범,5573.0,5251.0,94.2,1990-2010,132_TX_132_2009_H1003_20260915164522.csv,TIME_MACHINE
1991,범위확인필요,낙태에 관한죄,5.0,2.0,40.0,1990-2010,132_TX_132_2009_H1003_20260915164522.csv,TIME_MACHINE
1991,범위확인필요,내수면어업개발촉진법,20.0,22.0,110.0,1990-2010,132_TX_132_2009_H1003_20260915164522.csv,TIME_MACHINE
1991,범위확인필요,노동쟁의조정법,6.0,7.0,116.7,1990-2010,132_TX_132_2009_H1003_20260915164522.csv,TIME_MACHINE
1991,범위확인필요,노동조합법,,1.0,,1990-2010,132_TX_132_2009_H1003_20260915164522.csv,TIME_MACHINE
1991,범위확인필요,농지보전이용법,11.0,10.0,90.9,1990-2010,132_TX_132_2009_H1003_20260915164522.csv,TIME_MACHINE
1991,범위확인필요,뇌물공여죄,457.0,461.0,100.9,1990-2010,132_TX_132_2009_H1003_20260915164522.csv,TIME_MACHINE
1991,범위확인필요,뇌물수수죄,229.0,238.0,103.9,1990-2010,132_TX_132_2009_H1003_20260915164522.csv,TIME_MACHINE
1991,범위확인필요,담배전매법,136.0,226.0,166.2,1990-2010,132_TX_132_2009_H1003_20260915164522.csv,TIME_MACHINE
1991,범위확인필요,대마관리법,127.0,134.0,105.5,1990-2010,132_TX_132_2009_H1003_20260915164522.csv,TIME_MACHINE
1991,범위확인필요,대외무역법,15.0,18.0,120.0,1990-2010,132_TX_132_2009_H1003_20260915164522.csv,TIME_MACHINE
1991,범위확인필요,도로교통법,50023.0,49900.0,99.8,1990-2010,132_TX_132_2009_H1003_20260915164522.csv,TIME_MACHINE
1991,범위확인필요,도로법,2059.0,2034.0,98.8,1990-2010,132_TX_132_2009_H1003_20260915164522.csv,TIME_MACHINE
1991,범위확인필요,도박개장죄,20.0,28.0,140.0,1990-2010,132_TX_132_2009_H1003_20260915164522.csv,TIME_MACHINE
1991,범위확인필요,도박죄,794.0,810.0,102.0,1990-2010,132_TX_132_2009_H1003_20260915164522.csv,TIME_MACHINE
1991,범위확인필요,도시계획법,1015.0,974.0,96.0,1990-2010,132_TX_132_2009_H1003_20260915164522.csv,TIME_MACHINE
1991,범위확인필요,도주와 도주원조죄,1.0,,0.0,1990-2010,132_TX_132_2009_H1003_20260915164522.csv,TIME_MACHINE
1991,범위확인필요,독물 및 극물에 관한 법률,342.0,366.0,107.0,1990-2010,132_TX_132_2009_H1003_20260915164522.csv,TIME_MACHINE
1991,범위확인필요,독직가혹행위죄,1.0,1.0,100.0,1990-2010,132_TX_132_2009_H1003_20260915164522.csv,TIME_MACHINE
1991,범위확인필요,마약법,95.0,107.0,112.6,1990-2010,132_TX_132_2009_H1003_20260915164522.csv,TIME_MACHINE
1991,범위확인필요,매장 및 묘지에 관한법,12.0,10.0,83.3,1990-2010,132_TX_132_2009_H1003_20260915164522.csv,TIME_MACHINE
1991,범위확인필요,명예에 관한 죄,404.0,360.0,89.1,1990-2010,132_TX_132_2009_H1003_20260915164522.csv,TIME_MACHINE
1991,범위확인필요,무고죄,262.0,256.0,97.7,1990-2010,132_TX_132_2009_H1003_20260915164522.csv,TIME_MACHINE
1991,범위확인필요,문화재보호법,25.0,17.0,68.0,1990-2010,132_TX_132_2009_H1003_20260915164522.csv,TIME_MACHINE
1991,범위확인필요,물가안정·공정거래법,16.0,6.0,37.5,1990-2010,132_TX_132_2009_H1003_20260915164522.csv,TIME_MACHINE
1991,범위확인필요,미성년자보호법,723.0,715.0,98.9,1990-2010,132_TX_132_2009_H1003_20260915164522.csv,TIME_MACHINE
1991,범위확인필요,미성년자약취유인죄,40.0,37.0,92.5,1990-2010,132_TX_132_2009_H1003_20260915164522.csv,TIME_MACHINE
1991,범위확인필요,민방위기본법,4512.0,4038.0,89.5,1990-2010,132_TX_132_2009_H1003_20260915164522.csv,TIME_MACHINE
1991,범위확인필요,밀항단속법,64.0,67.0,104.7,1990-2010,132_TX_132_2009_H1003_20260915164522.csv,TIME_MACHINE
1991,범위확인필요,방화,273.0,146.0,53.5,1990-2010,132_TX_132_2009_H1003_20260915164522.csv,TIME_MACHINE
1991,범위확인필요,방화등예비음모,14.0,9.0,64.3,1990-2010,132_TX_132_2009_H1003_20260915164522.csv,TIME_MACHINE
1991,범위확인필요,배임,668.0,673.0,100.7,1990-2010,132_TX_132_2009_H1003_20260915164522.csv,TIME_MACHINE
1991,범위확인필요,배임수재,6.0,7.0,116.7,1990-2010,132_TX_132_2009_H1003_20260915164522.csv,TIME_MACHINE
1991,범위확인필요,배임증재,1.0,2.0,200.0,1990-2010,132_TX_132_2009_H1003_20260915164522.csv,TIME_MACHINE
1991,범위확인필요,범인은닉·범인도피죄,12.0,17.0,141.7,1990-2010,132_TX_132_2009_H1003_20260915164522.csv,TIME_MACHINE
1991,범위확인필요,변호사법,128.0,137.0,107.0,1990-2010,132_TX_132_2009_H1003_20260915164522.csv,TIME_MACHINE
1991,범위확인필요,병역법,4941.0,4770.0,96.5,1990-2010,132_TX_132_2009_H1003_20260915164522.csv,TIME_MACHINE
1991,범위확인필요,병역법위반등의 범죄처벌특조법,719.0,702.0,97.6,1990-2010,132_TX_132_2009_H1003_20260915164522.csv,TIME_MACHINE
1991,범위확인필요,보건범죄단속에 관한 특별조치법,106.0,92.0,86.8,1990-2010,132_TX_132_2009_H1003_20260915164522.csv,TIME_MACHINE
1991,범위확인필요,보통살인죄,112.0,111.0,99.1,1990-2010,132_TX_132_2009_H1003_20260915164522.csv,TIME_MACHINE
1991,범위확인필요,복표발매·중개·취득죄,29.0,30.0,103.4,1990-2010,132_TX_132_2009_H1003_20260915164522.csv,TIME_MACHINE
1991,범위확인필요,복표발행등단속법,31.0,32.0,103.2,1990-2010,132_TX_132_2009_H1003_20260915164522.csv,TIME_MACHINE
1991,범위확인필요,부동산중개업법,216.0,200.0,92.6,1990-2010,132_TX_132_2009_H1003_20260915164522.csv,TIME_MACHINE
1991,범위확인필요,부정경쟁방지법,99.0,95.0,96.0,1990-2010,132_TX_132_2009_H1003_20260915164522.csv,TIME_MACHINE
1991,범위확인필요,부정수표단속법,12019.0,8902.0,74.1,1990-2010,132_TX_132_2009_H1003_20260915164522.csv,TIME_MACHINE
1991,범위확인필요,비밀침해죄,2.0,2.0,100.0,1990-2010,132_TX_132_2009_H1003_20260915164522.csv,TIME_MACHINE
1991,범위확인필요,사기,16026.0,14903.0,93.0,1990-2010,132_TX_132_2009_H1003_20260915164522.csv,TIME_MACHINE
1991,범위확인필요,사문서위·변조죄,775.0,779.0,100.5,1990-2010,132_TX_132_2009_H1003_20260915164522.csv,TIME_MACHINE
1991,범위확인필요,사인위조부정행사죄,12.0,10.0,83.3,1990-2010,132_TX_132_2009_H1003_20260915164522.csv,TIME_MACHINE
1991,범위확인필요,사회보호법,62.0,67.0,108.1,1990-2010,132_TX_132_2009_H1003_20260915164522.csv,TIME_MACHINE
1991,범위확인필요,산림법,71.0,71.0,100.0,1990-2010,132_TX_132_2009_H1003_20260915164522.csv,TIME_MACHINE
1991,범위확인필요,산업안전보건법,8.0,4.0,50.0,1990-2010,132_TX_132_2009_H1003_20260915164522.csv,TIME_MACHINE
1991,범위확인필요,살인,133.0,138.0,103.8,1990-2010,132_TX_132_2009_H1003_20260915164522.csv,TIME_MACHINE
1991,범위확인필요,살인미수예비음모죄,8.0,11.0,137.5,1990-2010,132_TX_132_2009_H1003_20260915164522.csv,TIME_MACHINE
1991,범위확인필요,상법,24.0,18.0,75.0,1990-2010,132_TX_132_2009_H1003_20260915164522.csv,TIME_MACHINE
1991,범위확인필요,상습강도죄,1.0,1.0,100.0,1990-2010,132_TX_132_2009_H1003_20260915164522.csv,TIME_MACHINE
1991,범위확인필요,상습도박죄,50.0,55.0,110.0,1990-2010,132_TX_132_2009_H1003_20260915164522.csv,TIME_MACHINE
1991,범위확인필요,상습장물취득죄,6.0,13.0,216.7,1990-2010,132_TX_132_2009_H1003_20260915164522.csv,TIME_MACHINE
1991,범위확인필요,상습절도,643.0,358.0,55.7,1990-2010,132_TX_132_2009_H1003_20260915164522.csv,TIME_MACHINE
1991,범위확인필요,상표법,272.0,269.0,98.9,1990-2010,132_TX_132_2009_H1003_20260915164522.csv,TIME_MACHINE
1991,범위확인필요,상해,4733.0,4667.0,98.6,1990-2010,132_TX_132_2009_H1003_20260915164522.csv,TIME_MACHINE
1991,범위확인필요,상해치사,37.0,45.0,121.6,1990-2010,132_TX_132_2009_H1003_20260915164522.csv,TIME_MACHINE
1991,범위확인필요,석유사업법,103.0,87.0,84.5,1990-2010,132_TX_132_2009_H1003_20260915164522.csv,TIME_MACHINE
1991,범위확인필요,석유산업법,13.0,16.0,123.1,1990-2010,132_TX_132_2009_H1003_20260915164522.csv,TIME_MACHINE
1991,범위확인필요,선박안전법,3.0,2.0,66.7,1990-2010,132_TX_132_2009_H1003_20260915164522.csv,TIME_MACHINE
1991,범위확인필요,선박직원법,12.0,12.0,100.0,1990-2010,132_TX_132_2009_H1003_20260915164522.csv,TIME_MACHINE
1991,범위확인필요,소방법,15.0,15.0,100.0,1990-2010,132_TX_132_2009_H1003_20260915164522.csv,TIME_MACHINE
1991,범위확인필요,손괴의죄,862.0,731.0,84.8,1990-2010,132_TX_132_2009_H1003_20260915164522.csv,TIME_MACHINE
1991,범위확인필요,수산업법,5.0,10.0,200.0,1990-2010,132_TX_132_2009_H1003_20260915164522.csv,TIME_MACHINE
1991,범위확인필요,수산자원보호법,6.0,4.0,66.7,1990-2010,132_TX_132_2009_H1003_20260915164522.csv,TIME_MACHINE
1991,범위확인필요,식품위생법,14227.0,14186.0,99.7,1990-2010,132_TX_132_2009_H1003_20260915164522.csv,TIME_MACHINE
1991,범위확인필요,신앙에 관한 죄,12.0,12.0,100.0,1990-2010,132_TX_132_2009_H1003_20260915164522.csv,TIME_MACHINE
1991,범위확인필요,신용·업무와 경매에 관한 죄,216.0,220.0,101.9,1990-2010,132_TX_132_2009_H1003_20260915164522.csv,TIME_MACHINE
1991,범위확인필요,실용신안법,47.0,44.0,93.6,1990-2010,132_TX_132_2009_H1003_20260915164522.csv,TIME_MACHINE
1991,범위확인필요,실화 및 업무상실화죄,834.0,429.0,51.4,1990-2010,132_TX_132_2009_H1003_20260915164522.csv,TIME_MACHINE
1991,범위확인필요,아동복지법,45.0,38.0,84.4,1990-2010,132_TX_132_2009_H1003_20260915164522.csv,TIME_MACHINE
1991,범위확인필요,아편에 관한죄,,3.0,,1990-2010,132_TX_132_2009_H1003_20260915164522.csv,TIME_MACHINE
1991,범위확인필요,액화석유가스법,26.0,28.0,107.7,1990-2010,132_TX_132_2009_H1003_20260915164522.csv,TIME_MACHINE
1991,범위확인필요,야간주거침입절도,940.0,877.0,93.3,1990-2010,132_TX_132_2009_H1003_20260915164522.csv,TIME_MACHINE
1991,범위확인필요,약사법,297.0,298.0,100.3,1990-2010,132_TX_132_2009_H1003_20260915164522.csv,TIME_MACHINE
1991,범위확인필요,약취강도죄,4.0,4.0,100.0,1990-2010,132_TX_132_2009_H1003_20260915164522.csv,TIME_MACHINE
1991,범위확인필요,양곡관리법,24.0,29.0,120.8,1990-2010,132_TX_132_2009_H1003_20260915164522.csv,TIME_MACHINE
1991,범위확인필요,어선법,3.0,5.0,166.7,1990-2010,132_TX_132_2009_H1003_20260915164522.csv,TIME_MACHINE
1991,범위확인필요,업무상배임,185.0,187.0,101.1,1990-2010,132_TX_132_2009_H1003_20260915164522.csv,TIME_MACHINE
1991,범위확인필요,업무상장물취득죄,50.0,47.0,94.0,1990-2010,132_TX_132_2009_H1003_20260915164522.csv,TIME_MACHINE
1991,범위확인필요,업무상횡령죄,1417.0,1557.0,109.9,1990-2010,132_TX_132_2009_H1003_20260915164522.csv,TIME_MACHINE
1991,범위확인필요,에너지이용합리화법,13.0,12.0,92.3,1990-2010,132_TX_132_2009_H1003_20260915164522.csv,TIME_MACHINE
1991,범위확인필요,여권법,71.0,67.0,94.4,1990-2010,132_TX_132_2009_H1003_20260915164522.csv,TIME_MACHINE
1991,범위확인필요,영아살해죄,1.0,,0.0,1990-2010,132_TX_132_2009_H1003_20260915164522.csv,TIME_MACHINE
1991,범위확인필요,외국환관리법,520.0,512.0,98.5,1990-2010,132_TX_132_2009_H1003_20260915164522.csv,TIME_MACHINE
1991,범위확인필요,우표인지위·변조죄,2.0,2.0,100.0,1990-2010,132_TX_132_2009_H1003_20260915164522.csv,TIME_MACHINE
1991,범위확인필요,위계촉탁살인죄,3.0,7.0,233.3,1990-2010,132_TX_132_2009_H1003_20260915164522.csv,TIME_MACHINE
1991,범위확인필요,위증죄,336.0,354.0,105.4,1990-2010,132_TX_132_2009_H1003_20260915164522.csv,TIME_MACHINE
1991,범위확인필요,유가증권위·변조죄,186.0,152.0,81.7,1990-2010,132_TX_132_2009_H1003_20260915164522.csv,TIME_MACHINE
1991,범위확인필요,유기의 죄,17.0,13.0,76.5,1990-2010,132_TX_132_2009_H1003_20260915164522.csv,TIME_MACHINE
1991,범위확인필요,유선방송관리법,63.0,67.0,106.3,1990-2010,132_TX_132_2009_H1003_20260915164522.csv,TIME_MACHINE
1991,범위확인필요,윤락행위등방지법,203.0,209.0,103.0,1990-2010,132_TX_132_2009_H1003_20260915164522.csv,TIME_MACHINE
1991,범위확인필요,음반에관한법률,1239.0,1241.0,100.2,1990-2010,132_TX_132_2009_H1003_20260915164522.csv,TIME_MACHINE
1991,범위확인필요,음용수에 관한 죄,6.0,9.0,150.0,1990-2010,132_TX_132_2009_H1003_20260915164522.csv,TIME_MACHINE
1991,범위확인필요,음행매개죄,4.0,5.0,125.0,1990-2010,132_TX_132_2009_H1003_20260915164522.csv,TIME_MACHINE
1991,범위확인필요,음화반포제조죄,34.0,35.0,102.9,1990-2010,132_TX_132_2009_H1003_20260915164522.csv,TIME_MACHINE
1991,범위확인필요,의료법,171.0,167.0,97.7,1990-2010,132_TX_132_2009_H1003_20260915164522.csv,TIME_MACHINE
1991,범위확인필요,의장법,55.0,47.0,85.5,1990-2010,132_TX_132_2009_H1003_20260915164522.csv,TIME_MACHINE
1991,범위확인필요,인장업단속법,15.0,21.0,140.0,1990-2010,132_TX_132_2009_H1003_20260915164522.csv,TIME_MACHINE
1991,범위확인필요,일반강도죄,261.0,177.0,67.8,1990-2010,132_TX_132_2009_H1003_20260915164522.csv,TIME_MACHINE
1991,범위확인필요,일반물방화죄,55.0,26.0,47.3,1990-2010,132_TX_132_2009_H1003_20260915164522.csv,TIME_MACHINE
1991,범위확인필요,일반절도죄,20687.0,5963.0,28.8,1990-2010,132_TX_132_2009_H1003_20260915164522.csv,TIME_MACHINE
1991,범위확인필요,자기소유건조물방화죄,8.0,2.0,25.0,1990-2010,132_TX_132_2009_H1003_20260915164522.csv,TIME_MACHINE
1991,범위확인필요,자기소유일반물방화죄,14.0,5.0,35.7,1990-2010,132_TX_132_2009_H1003_20260915164522.csv,TIME_MACHINE
1991,범위확인필요,자동차관리법,4803.0,4721.0,98.3,1990-2010,132_TX_132_2009_H1003_20260915164522.csv,TIME_MACHINE
1991,범위확인필요,자동차운수사업법,1438.0,1538.0,107.0,1990-2010,132_TX_132_2009_H1003_20260915164522.csv,TIME_MACHINE
1991,범위확인필요,자살교사방조죄,1.0,2.0,200.0,1990-2010,132_TX_132_2009_H1003_20260915164522.csv,TIME_MACHINE
1991,범위확인필요,장물취득죄,175.0,247.0,141.1,1990-2010,132_TX_132_2009_H1003_20260915164522.csv,TIME_MACHINE
1991,범위확인필요,저작권법,208.0,118.0,56.7,1990-2010,132_TX_132_2009_H1003_20260915164522.csv,TIME_MACHINE
1991,범위확인필요,전기용품안전관리법,189.0,189.0,100.0,1990-2010,132_TX_132_2009_H1003_20260915164522.csv,TIME_MACHINE
1991,범위확인필요,전염병예방법,29.0,26.0,89.7,1990-2010,132_TX_132_2009_H1003_20260915164522.csv,TIME_MACHINE
1991,범위확인필요,절도범,25020.0,10084.0,40.3,1990-2010,132_TX_132_2009_H1003_20260915164522.csv,TIME_MACHINE
1991,범위확인필요,점유이탈물횡령죄,393.0,392.0,99.7,1990-2010,132_TX_132_2009_H1003_20260915164522.csv,TIME_MACHINE
1991,범위확인필요,정조에 관한죄,250.0,257.0,102.8,1990-2010,132_TX_132_2009_H1003_20260915164522.csv,TIME_MACHINE
1991,범위확인필요,조세범처벌법,16.0,16.0,100.0,1990-2010,132_TX_132_2009_H1003_20260915164522.csv,TIME_MACHINE
1991,범위확인필요,조수보호 및 수렵에 관한 법률,61.0,71.0,116.4,1990-2010,132_TX_132_2009_H1003_20260915164522.csv,TIME_MACHINE
1991,범위확인필요,존속살인죄,7.0,6.0,85.7,1990-2010,132_TX_132_2009_H1003_20260915164522.csv,TIME_MACHINE
1991,범위확인필요,존속상해,124.0,124.0,100.0,1990-2010,132_TX_132_2009_H1003_20260915164522.csv,TIME_MACHINE
1991,범위확인필요,존속상해치사,8.0,6.0,75.0,1990-2010,132_TX_132_2009_H1003_20260915164522.csv,TIME_MACHINE
1991,범위확인필요,존속체포·감금죄,1.0,1.0,100.0,1990-2010,132_TX_132_2009_H1003_20260915164522.csv,TIME_MACHINE
1991,범위확인필요,존속폭행,68.0,72.0,105.9,1990-2010,132_TX_132_2009_H1003_20260915164522.csv,TIME_MACHINE
1991,범위확인필요,존속협박,4.0,3.0,75.0,1990-2010,132_TX_132_2009_H1003_20260915164522.csv,TIME_MACHINE
1991,범위확인필요,주거침입의 죄,177.0,185.0,104.5,1990-2010,132_TX_132_2009_H1003_20260915164522.csv,TIME_MACHINE
1991,범위확인필요,주민등록법,218.0,200.0,91.7,1990-2010,132_TX_132_2009_H1003_20260915164522.csv,TIME_MACHINE
1991,범위확인필요,주차장법,884.0,869.0,98.3,1990-2010,132_TX_132_2009_H1003_20260915164522.csv,TIME_MACHINE
1991,범위확인필요,주택건설촉진법,1674.0,1232.0,73.6,1990-2010,132_TX_132_2009_H1003_20260915164522.csv,TIME_MACHINE
1991,범위확인필요,준강간죄,22.0,21.0,95.5,1990-2010,132_TX_132_2009_H1003_20260915164522.csv,TIME_MACHINE
1991,범위확인필요,준강도죄,41.0,41.0,100.0,1990-2010,132_TX_132_2009_H1003_20260915164522.csv,TIME_MACHINE
1991,범위확인필요,중기관리법,688.0,667.0,96.9,1990-2010,132_TX_132_2009_H1003_20260915164522.csv,TIME_MACHINE
1991,범위확인필요,지능범,23153.0,22259.0,96.1,1990-2010,132_TX_132_2009_H1003_20260915164522.csv,TIME_MACHINE
1991,범위확인필요,지방의회의원선거법,65.0,67.0,103.1,1990-2010,132_TX_132_2009_H1003_20260915164522.csv,TIME_MACHINE
1991,범위확인필요,직권남용,17.0,13.0,76.5,1990-2010,132_TX_132_2009_H1003_20260915164522.csv,TIME_MACHINE
1991,범위확인필요,직권남용횡포감금죄,2.0,1.0,50.0,1990-2010,132_TX_132_2009_H1003_20260915164522.csv,TIME_MACHINE
1991,범위확인필요,직무유기죄,37.0,34.0,91.9,1990-2010,132_TX_132_2009_H1003_20260915164522.csv,TIME_MACHINE
1991,범위확인필요,직업안정·고용촉진법,375.0,390.0,104.0,1990-2010,132_TX_132_2009_H1003_20260915164522.csv,TIME_MACHINE
1991,범위확인필요,진화방해죄,1.0,1.0,100.0,1990-2010,132_TX_132_2009_H1003_20260915164522.csv,TIME_MACHINE
1991,범위확인필요,집회 및 시위에 관한 법률,261.0,272.0,104.2,1990-2010,132_TX_132_2009_H1003_20260915164522.csv,TIME_MACHINE
1991,범위확인필요,철도법,8.0,13.0,162.5,1990-2010,132_TX_132_2009_H1003_20260915164522.csv,TIME_MACHINE
1991,범위확인필요,체포감금죄,11.0,12.0,109.1,1990-2010,132_TX_132_2009_H1003_20260915164522.csv,TIME_MACHINE
1991,범위확인필요,체포감금치사·상죄,1.0,1.0,100.0,1990-2010,132_TX_132_2009_H1003_20260915164522.csv,TIME_MACHINE
1991,범위확인필요,촉탁·승낙살인죄,1.0,1.0,100.0,1990-2010,132_TX_132_2009_H1003_20260915164522.csv,TIME_MACHINE
1991,범위확인필요,총범죄,310362.0,287004.0,92.5,1990-2010,132_TX_132_2009_H1003_20260915164522.csv,TIME_MACHINE
1991,범위확인필요,총포·도검·화약류단속법,228.0,232.0,101.8,1990-2010,132_TX_132_2009_H1003_20260915164522.csv,TIME_MACHINE
1991,범위확인필요,축산물위생처리법,66.0,59.0,89.4,1990-2010,132_TX_132_2009_H1003_20260915164522.csv,TIME_MACHINE
1991,범위확인필요,통화위조죄,12.0,11.0,91.7,1990-2010,132_TX_132_2009_H1003_20260915164522.csv,TIME_MACHINE
1991,범위확인필요,특별법범,146846.0,141473.0,96.3,1990-2010,132_TX_132_2009_H1003_20260915164522.csv,TIME_MACHINE
1991,범위확인필요,특수강도죄,344.0,325.0,94.5,1990-2010,132_TX_132_2009_H1003_20260915164522.csv,TIME_MACHINE
1991,범위확인필요,특수절도,2750.0,2886.0,104.9,1990-2010,132_TX_132_2009_H1003_20260915164522.csv,TIME_MACHINE
1991,범위확인필요,특정경제범죄처벌법,61.0,76.0,124.6,1990-2010,132_TX_132_2009_H1003_20260915164522.csv,TIME_MACHINE
1991,범위확인필요,특정범죄가중처벌등에 관한 법률,1770.0,1546.0,87.3,1990-2010,132_TX_132_2009_H1003_20260915164522.csv,TIME_MACHINE
1991,범위확인필요,폐기물관리법,35.0,35.0,100.0,1990-2010,132_TX_132_2009_H1003_20260915164522.csv,TIME_MACHINE
1991,범위확인필요,폭력범,53242.0,51441.0,96.6,1990-2010,132_TX_132_2009_H1003_20260915164522.csv,TIME_MACHINE
1991,범위확인필요,폭력행위등처벌에 관한 죄,45863.0,44312.0,96.6,1990-2010,132_TX_132_2009_H1003_20260915164522.csv,TIME_MACHINE
1991,범위확인필요,폭발물에 관한 죄,5.0,2.0,40.0,1990-2010,132_TX_132_2009_H1003_20260915164522.csv,TIME_MACHINE
1991,범위확인필요,폭발물파열죄,2.0,2.0,100.0,1990-2010,132_TX_132_2009_H1003_20260915164522.csv,TIME_MACHINE
1991,범위확인필요,폭행죄,1064.0,994.0,93.4,1990-2010,132_TX_132_2009_H1003_20260915164522.csv,TIME_MACHINE
1991,범위확인필요,폭행치사·상죄,153.0,151.0,98.7,1990-2010,132_TX_132_2009_H1003_20260915164522.csv,TIME_MACHINE
1991,범위확인필요,풍속범,2495.0,2415.0,96.8,1990-2010,132_TX_132_2009_H1003_20260915164522.csv,TIME_MACHINE
1991,범위확인필요,하천법,78.0,77.0,98.7,1990-2010,132_TX_132_2009_H1003_20260915164522.csv,TIME_MACHINE
1991,범위확인필요,학원의설립·운영에관한법률,100.0,100.0,100.0,1990-2010,132_TX_132_2009_H1003_20260915164522.csv,TIME_MACHINE
1991,범위확인필요,해상강도죄,3.0,2.0,66.7,1990-2010,132_TX_132_2009_H1003_20260915164522.csv,TIME_MACHINE
1991,범위확인필요,해양오염방지법,7.0,8.0,114.3,1990-2010,132_TX_132_2009_H1003_20260915164522.csv,TIME_MACHINE
1991,범위확인필요,향정신성의 약품관리법,171.0,159.0,93.0,1990-2010,132_TX_132_2009_H1003_20260915164522.csv,TIME_MACHINE
1991,범위확인필요,향토예비군설치법,25499.0,24925.0,97.7,1990-2010,132_TX_132_2009_H1003_20260915164522.csv,TIME_MACHINE
1991,범위확인필요,허위감정·증거인멸죄,7.0,6.0,85.7,1990-2010,132_TX_132_2009_H1003_20260915164522.csv,TIME_MACHINE
1991,범위확인필요,현재건조물방화치사·상죄,154.0,89.0,57.8,1990-2010,132_TX_132_2009_H1003_20260915164522.csv,TIME_MACHINE
1991,범위확인필요,협박,79.0,83.0,105.1,1990-2010,132_TX_132_2009_H1003_20260915164522.csv,TIME_MACHINE
1991,범위확인필요,형법범,163516.0,145531.0,89.0,1990-2010,132_TX_132_2009_H1003_20260915164522.csv,TIME_MACHINE
1991,범위확인필요,혼인빙자간음죄,323.0,268.0,83.0,1990-2010,132_TX_132_2009_H1003_20260915164522.csv,TIME_MACHINE
1991,범위확인필요,화염병 사용 등 처벌에 관한 법률,66.0,67.0,101.5,1990-2010,132_TX_132_2009_H1003_20260915164522.csv,TIME_MACHINE
1991,범위확인필요,환경보전법,567.0,567.0,100.0,1990-2010,132_TX_132_2009_H1003_20260915164522.csv,TIME_MACHINE
1991,범위확인필요,횡령죄,2241.0,2313.0,103.2,1990-2010,132_TX_132_2009_H1003_20260915164522.csv,TIME_MACHINE
1992,범위확인필요,가정의례에 관한 법률,128.0,113.0,88.3,1990-2010,132_TX_132_2009_H1003_20260915164522.csv,TIME_MACHINE
1992,범위확인필요,간통죄,1241.0,1129.0,91.0,1990-2010,132_TX_132_2009_H1003_20260915164522.csv,TIME_MACHINE
1992,범위확인필요,강간,761.0,843.0,110.8,1990-2010,132_TX_132_2009_H1003_20260915164522.csv,TIME_MACHINE
1992,범위확인필요,강간죄,421.0,499.0,118.5,1990-2010,132_TX_132_2009_H1003_20260915164522.csv,TIME_MACHINE
1992,범위확인필요,강간치사상죄,318.0,323.0,101.6,1990-2010,132_TX_132_2009_H1003_20260915164522.csv,TIME_MACHINE
1992,범위확인필요,강도,986.0,1257.0,127.5,1990-2010,132_TX_132_2009_H1003_20260915164522.csv,TIME_MACHINE
1992,범위확인필요,강도강간죄,50.0,58.0,116.0,1990-2010,132_TX_132_2009_H1003_20260915164522.csv,TIME_MACHINE
1992,범위확인필요,강도살인치사죄,11.0,54.0,490.9,1990-2010,132_TX_132_2009_H1003_20260915164522.csv,TIME_MACHINE
1992,범위확인필요,강도상해치상죄,338.0,423.0,125.1,1990-2010,132_TX_132_2009_H1003_20260915164522.csv,TIME_MACHINE
1992,범위확인필요,강력범,2125.0,2393.0,112.6,1990-2010,132_TX_132_2009_H1003_20260915164522.csv,TIME_MACHINE
1992,범위확인필요,개항질서법,4.0,1.0,25.0,1990-2010,132_TX_132_2009_H1003_20260915164522.csv,TIME_MACHINE
1992,범위확인필요,건설업법,155.0,148.0,95.5,1990-2010,132_TX_132_2009_H1003_20260915164522.csv,TIME_MACHINE
1992,범위확인필요,건축법,4312.0,4167.0,96.6,1990-2010,132_TX_132_2009_H1003_20260915164522.csv,TIME_MACHINE
1992,범위확인필요,계량법,262.0,234.0,89.3,1990-2010,132_TX_132_2009_H1003_20260915164522.csv,TIME_MACHINE
1992,범위확인필요,고물영업법,144.0,138.0,95.8,1990-2010,132_TX_132_2009_H1003_20260915164522.csv,TIME_MACHINE
1992,범위확인필요,고압가스안전관리법,6.0,10.0,166.7,1990-2010,132_TX_132_2009_H1003_20260915164522.csv,TIME_MACHINE
1992,범위확인필요,공갈,180.0,181.0,100.6,1990-2010,132_TX_132_2009_H1003_20260915164522.csv,TIME_MACHINE
1992,범위확인필요,공무방해에 관한 죄,1173.0,1161.0,99.0,1990-2010,132_TX_132_2009_H1003_20260915164522.csv,TIME_MACHINE
1992,범위확인필요,공무상비밀누설,3.0,2.0,66.7,1990-2010,132_TX_132_2009_H1003_20260915164522.csv,TIME_MACHINE
1992,범위확인필요,공문서위·변조죄,246.0,244.0,99.2,1990-2010,132_TX_132_2009_H1003_20260915164522.csv,TIME_MACHINE
1992,범위확인필요,공산품품질관리법,93.0,81.0,87.1,1990-2010,132_TX_132_2009_H1003_20260915164522.csv,TIME_MACHINE
1992,범위확인필요,공안을 해하는 죄,3.0,18.0,600.0,1990-2010,132_TX_132_2009_H1003_20260915164522.csv,TIME_MACHINE
1992,범위확인필요,공연법,76.0,50.0,65.8,1990-2010,132_TX_132_2009_H1003_20260915164522.csv,TIME_MACHINE
1992,범위확인필요,공연음란죄,5.0,6.0,120.0,1990-2010,132_TX_132_2009_H1003_20260915164522.csv,TIME_MACHINE
1992,범위확인필요,공용·일반건조물방화죄,22.0,16.0,72.7,1990-2010,132_TX_132_2009_H1003_20260915164522.csv,TIME_MACHINE
1992,범위확인필요,공유수면관리법,9.0,10.0,111.1,1990-2010,132_TX_132_2009_H1003_20260915164522.csv,TIME_MACHINE
1992,범위확인필요,공유수면매립법,3.0,1.0,33.3,1990-2010,132_TX_132_2009_H1003_20260915164522.csv,TIME_MACHINE
1992,범위확인필요,공인위조부정행사죄,35.0,36.0,102.9,1990-2010,132_TX_132_2009_H1003_20260915164522.csv,TIME_MACHINE
1992,범위확인필요,공중위생법,1272.0,1280.0,100.6,1990-2010,132_TX_132_2009_H1003_20260915164522.csv,TIME_MACHINE
1992,범위확인필요,과실치상의죄,782.0,795.0,101.7,1990-2010,132_TX_132_2009_H1003_20260915164522.csv,TIME_MACHINE
1992,범위확인필요,관세법,26.0,19.0,73.1,1990-2010,132_TX_132_2009_H1003_20260915164522.csv,TIME_MACHINE
1992,범위확인필요,광고물등관리법,559.0,540.0,96.6,1990-2010,132_TX_132_2009_H1003_20260915164522.csv,TIME_MACHINE
1992,범위확인필요,교통 방해의 죄,8.0,7.0,87.5,1990-2010,132_TX_132_2009_H1003_20260915164522.csv,TIME_MACHINE
1992,범위확인필요,교통사고처리특례법,49641.0,49693.0,100.1,1990-2010,132_TX_132_2009_H1003_20260915164522.csv,TIME_MACHINE
1992,범위확인필요,교통사범,49641.0,49693.0,100.1,1990-2010,132_TX_132_2009_H1003_20260915164522.csv,TIME_MACHINE
1992,범위확인필요,국가보안법,89.0,88.0,98.9,1990-2010,132_TX_132_2009_H1003_20260915164522.csv,TIME_MACHINE
1992,범위확인필요,국기에 관한 죄,1.0,,0.0,1990-2010,132_TX_132_2009_H1003_20260915164522.csv,TIME_MACHINE
1992,범위확인필요,국토이용관리법,28.0,27.0,96.4,1990-2010,132_TX_132_2009_H1003_20260915164522.csv,TIME_MACHINE
1992,범위확인필요,국회의원 선거법,60.0,61.0,101.7,1990-2010,132_TX_132_2009_H1003_20260915164522.csv,TIME_MACHINE
1992,범위확인필요,군복 군용물 등 장구류 단속,1.0,1.0,100.0,1990-2010,132_TX_132_2009_H1003_20260915164522.csv,TIME_MACHINE
1992,범위확인필요,권리행사방해죄,388.0,377.0,97.2,1990-2010,132_TX_132_2009_H1003_20260915164522.csv,TIME_MACHINE
1992,범위확인필요,근로기준법,11.0,5.0,45.5,1990-2010,132_TX_132_2009_H1003_20260915164522.csv,TIME_MACHINE
1992,범위확인필요,기타문서에 관한죄,269.0,279.0,103.7,1990-2010,132_TX_132_2009_H1003_20260915164522.csv,TIME_MACHINE
1992,범위확인필요,기타약취유인죄,25.0,37.0,148.0,1990-2010,132_TX_132_2009_H1003_20260915164522.csv,TIME_MACHINE
1992,범위확인필요,기타유가증권우표인지에 관한 죄,7.0,7.0,100.0,1990-2010,132_TX_132_2009_H1003_20260915164522.csv,TIME_MACHINE
1992,범위확인필요,기타통화에 관한 죄,12.0,10.0,83.3,1990-2010,132_TX_132_2009_H1003_20260915164522.csv,TIME_MACHINE
1992,범위확인필요,기타특별법,5041.0,4812.0,95.5,1990-2010,132_TX_132_2009_H1003_20260915164522.csv,TIME_MACHINE
1992,범위확인필요,기타형법범,5048.0,4837.0,95.8,1990-2010,132_TX_132_2009_H1003_20260915164522.csv,TIME_MACHINE
1992,범위확인필요,낙태에 관한죄,7.0,7.0,100.0,1990-2010,132_TX_132_2009_H1003_20260915164522.csv,TIME_MACHINE
1992,범위확인필요,내란의 죄,1.0,,0.0,1990-2010,132_TX_132_2009_H1003_20260915164522.csv,TIME_MACHINE
1992,범위확인필요,내수면어업개발촉진법,20.0,16.0,80.0,1990-2010,132_TX_132_2009_H1003_20260915164522.csv,TIME_MACHINE
1992,범위확인필요,노동쟁의조정법,,1.0,,1990-2010,132_TX_132_2009_H1003_20260915164522.csv,TIME_MACHINE
1992,범위확인필요,농지보전이용법,8.0,7.0,87.5,1990-2010,132_TX_132_2009_H1003_20260915164522.csv,TIME_MACHINE
1992,범위확인필요,뇌물공여죄,1509.0,1532.0,101.5,1990-2010,132_TX_132_2009_H1003_20260915164522.csv,TIME_MACHINE
1992,범위확인필요,뇌물수수죄,1037.0,1045.0,100.8,1990-2010,132_TX_132_2009_H1003_20260915164522.csv,TIME_MACHINE
1992,범위확인필요,담배전매법,63.0,64.0,101.6,1990-2010,132_TX_132_2009_H1003_20260915164522.csv,TIME_MACHINE
1992,범위확인필요,대기환경보존법,683.0,667.0,97.7,1990-2010,132_TX_132_2009_H1003_20260915164522.csv,TIME_MACHINE
1992,범위확인필요,대마관리법,43.0,45.0,104.7,1990-2010,132_TX_132_2009_H1003_20260915164522.csv,TIME_MACHINE
1992,범위확인필요,대외무역법,16.0,6.0,37.5,1990-2010,132_TX_132_2009_H1003_20260915164522.csv,TIME_MACHINE
1992,범위확인필요,도로교통법,51307.0,51180.0,99.8,1990-2010,132_TX_132_2009_H1003_20260915164522.csv,TIME_MACHINE
1992,범위확인필요,도로법,4073.0,3940.0,96.7,1990-2010,132_TX_132_2009_H1003_20260915164522.csv,TIME_MACHINE
1992,범위확인필요,도박개장죄,27.0,38.0,140.7,1990-2010,132_TX_132_2009_H1003_20260915164522.csv,TIME_MACHINE
1992,범위확인필요,도박죄,1175.0,1257.0,107.0,1990-2010,132_TX_132_2009_H1003_20260915164522.csv,TIME_MACHINE
1992,범위확인필요,도시계획법,706.0,706.0,100.0,1990-2010,132_TX_132_2009_H1003_20260915164522.csv,TIME_MACHINE
1992,범위확인필요,도주와 도주원조죄,3.0,3.0,100.0,1990-2010,132_TX_132_2009_H1003_20260915164522.csv,TIME_MACHINE
1992,범위확인필요,마약법,72.0,65.0,90.3,1990-2010,132_TX_132_2009_H1003_20260915164522.csv,TIME_MACHINE
1992,범위확인필요,매장 및 묘지에 관한법,20.0,15.0,75.0,1990-2010,132_TX_132_2009_H1003_20260915164522.csv,TIME_MACHINE
1992,범위확인필요,명예에 관한 죄,472.0,418.0,88.6,1990-2010,132_TX_132_2009_H1003_20260915164522.csv,TIME_MACHINE
1992,범위확인필요,무고죄,278.0,256.0,92.1,1990-2010,132_TX_132_2009_H1003_20260915164522.csv,TIME_MACHINE
1992,범위확인필요,문화재보호법,18.0,8.0,44.4,1990-2010,132_TX_132_2009_H1003_20260915164522.csv,TIME_MACHINE
1992,범위확인필요,물가안정·공정거래법,23.0,16.0,69.6,1990-2010,132_TX_132_2009_H1003_20260915164522.csv,TIME_MACHINE
1992,범위확인필요,미성년자보호법,322.0,310.0,96.3,1990-2010,132_TX_132_2009_H1003_20260915164522.csv,TIME_MACHINE
1992,범위확인필요,미성년자약취유인죄,24.0,22.0,91.7,1990-2010,132_TX_132_2009_H1003_20260915164522.csv,TIME_MACHINE
1992,범위확인필요,민방위기본법,3796.0,3309.0,87.2,1990-2010,132_TX_132_2009_H1003_20260915164522.csv,TIME_MACHINE
1992,범위확인필요,밀선단속법,223.0,230.0,103.1,1990-2010,132_TX_132_2009_H1003_20260915164522.csv,TIME_MACHINE
1992,범위확인필요,방화,242.0,128.0,52.9,1990-2010,132_TX_132_2009_H1003_20260915164522.csv,TIME_MACHINE
1992,범위확인필요,방화등예비음모,9.0,6.0,66.7,1990-2010,132_TX_132_2009_H1003_20260915164522.csv,TIME_MACHINE
1992,범위확인필요,배임,802.0,755.0,94.1,1990-2010,132_TX_132_2009_H1003_20260915164522.csv,TIME_MACHINE
1992,범위확인필요,배임수재,8.0,8.0,100.0,1990-2010,132_TX_132_2009_H1003_20260915164522.csv,TIME_MACHINE
1992,범위확인필요,배임증재,1.0,3.0,300.0,1990-2010,132_TX_132_2009_H1003_20260915164522.csv,TIME_MACHINE
1992,범위확인필요,범인은닉·범인도피죄,13.0,18.0,138.5,1990-2010,132_TX_132_2009_H1003_20260915164522.csv,TIME_MACHINE
1992,범위확인필요,변호사법,147.0,132.0,89.8,1990-2010,132_TX_132_2009_H1003_20260915164522.csv,TIME_MACHINE
1992,범위확인필요,병역법,6254.0,5892.0,94.2,1990-2010,132_TX_132_2009_H1003_20260915164522.csv,TIME_MACHINE
1992,범위확인필요,보건범죄단속에 관한 특별조치법,135.0,130.0,96.3,1990-2010,132_TX_132_2009_H1003_20260915164522.csv,TIME_MACHINE
1992,범위확인필요,보통살인죄,114.0,131.0,114.9,1990-2010,132_TX_132_2009_H1003_20260915164522.csv,TIME_MACHINE
1992,범위확인필요,복표발매·중개·취득죄,6.0,5.0,83.3,1990-2010,132_TX_132_2009_H1003_20260915164522.csv,TIME_MACHINE
1992,범위확인필요,복표발행등단속법,39.0,40.0,102.6,1990-2010,132_TX_132_2009_H1003_20260915164522.csv,TIME_MACHINE
1992,범위확인필요,부동산중개업법,185.0,169.0,91.4,1990-2010,132_TX_132_2009_H1003_20260915164522.csv,TIME_MACHINE
1992,범위확인필요,부정경쟁방지법,132.0,118.0,89.4,1990-2010,132_TX_132_2009_H1003_20260915164522.csv,TIME_MACHINE
1992,범위확인필요,부정수표단속법,13813.0,9188.0,66.5,1990-2010,132_TX_132_2009_H1003_20260915164522.csv,TIME_MACHINE
1992,범위확인필요,비밀침해죄,2.0,1.0,50.0,1990-2010,132_TX_132_2009_H1003_20260915164522.csv,TIME_MACHINE
1992,범위확인필요,사기,23458.0,19659.0,83.8,1990-2010,132_TX_132_2009_H1003_20260915164522.csv,TIME_MACHINE
1992,범위확인필요,사문서위·변조죄,887.0,828.0,93.3,1990-2010,132_TX_132_2009_H1003_20260915164522.csv,TIME_MACHINE
1992,범위확인필요,사인위조부정행사죄,9.0,7.0,77.8,1990-2010,132_TX_132_2009_H1003_20260915164522.csv,TIME_MACHINE
1992,범위확인필요,사회보호법,2679.0,2512.0,93.8,1990-2010,132_TX_132_2009_H1003_20260915164522.csv,TIME_MACHINE
1992,범위확인필요,산림법,49.0,33.0,67.3,1990-2010,132_TX_132_2009_H1003_20260915164522.csv,TIME_MACHINE
1992,범위확인필요,산업안전보건법,16.0,15.0,93.8,1990-2010,132_TX_132_2009_H1003_20260915164522.csv,TIME_MACHINE
1992,범위확인필요,살인,136.0,165.0,121.3,1990-2010,132_TX_132_2009_H1003_20260915164522.csv,TIME_MACHINE
1992,범위확인필요,살인미수예비음모죄,9.0,10.0,111.1,1990-2010,132_TX_132_2009_H1003_20260915164522.csv,TIME_MACHINE
1992,범위확인필요,상법,24.0,22.0,91.7,1990-2010,132_TX_132_2009_H1003_20260915164522.csv,TIME_MACHINE
1992,범위확인필요,상습강도죄,4.0,1.0,25.0,1990-2010,132_TX_132_2009_H1003_20260915164522.csv,TIME_MACHINE
1992,범위확인필요,상습도박죄,67.0,72.0,107.5,1990-2010,132_TX_132_2009_H1003_20260915164522.csv,TIME_MACHINE
1992,범위확인필요,상습장물취득죄,13.0,53.0,407.7,1990-2010,132_TX_132_2009_H1003_20260915164522.csv,TIME_MACHINE
1992,범위확인필요,상습절도,292.0,564.0,193.2,1990-2010,132_TX_132_2009_H1003_20260915164522.csv,TIME_MACHINE
1992,범위확인필요,상표법,149.0,138.0,92.6,1990-2010,132_TX_132_2009_H1003_20260915164522.csv,TIME_MACHINE
1992,범위확인필요,상해,4910.0,4878.0,99.3,1990-2010,132_TX_132_2009_H1003_20260915164522.csv,TIME_MACHINE
1992,범위확인필요,상해치사,43.0,60.0,139.5,1990-2010,132_TX_132_2009_H1003_20260915164522.csv,TIME_MACHINE
1992,범위확인필요,석유사업법,129.0,125.0,96.9,1990-2010,132_TX_132_2009_H1003_20260915164522.csv,TIME_MACHINE
1992,범위확인필요,석유산업법,8.0,8.0,100.0,1990-2010,132_TX_132_2009_H1003_20260915164522.csv,TIME_MACHINE
1992,범위확인필요,선거방해,7.0,4.0,57.1,1990-2010,132_TX_132_2009_H1003_20260915164522.csv,TIME_MACHINE
1992,범위확인필요,선박안전법,1.0,4.0,400.0,1990-2010,132_TX_132_2009_H1003_20260915164522.csv,TIME_MACHINE
1992,범위확인필요,선박직원법,4.0,1.0,25.0,1990-2010,132_TX_132_2009_H1003_20260915164522.csv,TIME_MACHINE
1992,범위확인필요,소방법,24.0,21.0,87.5,1990-2010,132_TX_132_2009_H1003_20260915164522.csv,TIME_MACHINE
1992,범위확인필요,소음진동규제법위반,69.0,57.0,82.6,1990-2010,132_TX_132_2009_H1003_20260915164522.csv,TIME_MACHINE
1992,범위확인필요,손괴의죄,804.0,682.0,84.8,1990-2010,132_TX_132_2009_H1003_20260915164522.csv,TIME_MACHINE
1992,범위확인필요,수산업법,15.0,14.0,93.3,1990-2010,132_TX_132_2009_H1003_20260915164522.csv,TIME_MACHINE
1992,범위확인필요,수산자원보호법,434.0,425.0,97.9,1990-2010,132_TX_132_2009_H1003_20260915164522.csv,TIME_MACHINE
1992,범위확인필요,수질환경보전법,194.0,197.0,101.5,1990-2010,132_TX_132_2009_H1003_20260915164522.csv,TIME_MACHINE
1992,범위확인필요,식품위생법,12189.0,12159.0,99.8,1990-2010,132_TX_132_2009_H1003_20260915164522.csv,TIME_MACHINE
1992,범위확인필요,신앙에 관한 죄,7.0,5.0,71.4,1990-2010,132_TX_132_2009_H1003_20260915164522.csv,TIME_MACHINE
1992,범위확인필요,신용·업무와 경매에 관한 죄,209.0,224.0,107.2,1990-2010,132_TX_132_2009_H1003_20260915164522.csv,TIME_MACHINE
1992,범위확인필요,실용신안법,68.0,66.0,97.1,1990-2010,132_TX_132_2009_H1003_20260915164522.csv,TIME_MACHINE
1992,범위확인필요,실화 및 업무상실화죄,618.0,286.0,46.3,1990-2010,132_TX_132_2009_H1003_20260915164522.csv,TIME_MACHINE
1992,범위확인필요,아동복지법,24.0,37.0,154.2,1990-2010,132_TX_132_2009_H1003_20260915164522.csv,TIME_MACHINE
1992,범위확인필요,아편에 관한죄,2.0,1.0,50.0,1990-2010,132_TX_132_2009_H1003_20260915164522.csv,TIME_MACHINE
1992,범위확인필요,액화석유가스법,12.0,13.0,108.3,1990-2010,132_TX_132_2009_H1003_20260915164522.csv,TIME_MACHINE
1992,범위확인필요,야간주거침입절도,986.0,817.0,82.9,1990-2010,132_TX_132_2009_H1003_20260915164522.csv,TIME_MACHINE
1992,범위확인필요,약사법,326.0,315.0,96.6,1990-2010,132_TX_132_2009_H1003_20260915164522.csv,TIME_MACHINE
1992,범위확인필요,약취강도죄,2.0,2.0,100.0,1990-2010,132_TX_132_2009_H1003_20260915164522.csv,TIME_MACHINE
1992,범위확인필요,양곡관리법,18.0,13.0,72.2,1990-2010,132_TX_132_2009_H1003_20260915164522.csv,TIME_MACHINE
1992,범위확인필요,어선법,1.0,1.0,100.0,1990-2010,132_TX_132_2009_H1003_20260915164522.csv,TIME_MACHINE
1992,범위확인필요,업무상배임,246.0,230.0,93.5,1990-2010,132_TX_132_2009_H1003_20260915164522.csv,TIME_MACHINE
1992,범위확인필요,업무상장물취득죄,43.0,50.0,116.3,1990-2010,132_TX_132_2009_H1003_20260915164522.csv,TIME_MACHINE
1992,범위확인필요,업무상횡령죄,1692.0,1679.0,99.2,1990-2010,132_TX_132_2009_H1003_20260915164522.csv,TIME_MACHINE
1992,범위확인필요,에너지이용합리화법,7.0,7.0,100.0,1990-2010,132_TX_132_2009_H1003_20260915164522.csv,TIME_MACHINE
1992,범위확인필요,여권법,18.0,17.0,94.4,1990-2010,132_TX_132_2009_H1003_20260915164522.csv,TIME_MACHINE
1992,범위확인필요,연소죄,7.0,3.0,42.9,1990-2010,132_TX_132_2009_H1003_20260915164522.csv,TIME_MACHINE
1992,범위확인필요,영아살해죄,,2.0,,1990-2010,132_TX_132_2009_H1003_20260915164522.csv,TIME_MACHINE
1992,범위확인필요,오수·분뇨 및 축산 폐수처리법,10.0,11.0,110.0,1990-2010,132_TX_132_2009_H1003_20260915164522.csv,TIME_MACHINE
1992,범위확인필요,외국환관리법,751.0,730.0,97.2,1990-2010,132_TX_132_2009_H1003_20260915164522.csv,TIME_MACHINE
1992,범위확인필요,외환의 죄,3.0,3.0,100.0,1990-2010,132_TX_132_2009_H1003_20260915164522.csv,TIME_MACHINE
1992,범위확인필요,우표인지위·변조죄,1.0,1.0,100.0,1990-2010,132_TX_132_2009_H1003_20260915164522.csv,TIME_MACHINE
1992,범위확인필요,위계촉탁살인죄,4.0,8.0,200.0,1990-2010,132_TX_132_2009_H1003_20260915164522.csv,TIME_MACHINE
1992,범위확인필요,위증죄,405.0,396.0,97.8,1990-2010,132_TX_132_2009_H1003_20260915164522.csv,TIME_MACHINE
1992,범위확인필요,유가증권위·변조죄,314.0,244.0,77.7,1990-2010,132_TX_132_2009_H1003_20260915164522.csv,TIME_MACHINE
1992,범위확인필요,유기의 죄,19.0,13.0,68.4,1990-2010,132_TX_132_2009_H1003_20260915164522.csv,TIME_MACHINE
1992,범위확인필요,유선방송관리법,40.0,37.0,92.5,1990-2010,132_TX_132_2009_H1003_20260915164522.csv,TIME_MACHINE
1992,범위확인필요,유해화학물질관리법,427.0,447.0,104.7,1990-2010,132_TX_132_2009_H1003_20260915164522.csv,TIME_MACHINE
1992,범위확인필요,윤락행위등방지법,119.0,120.0,100.8,1990-2010,132_TX_132_2009_H1003_20260915164522.csv,TIME_MACHINE
1992,범위확인필요,음반에관한법률,321.0,320.0,99.7,1990-2010,132_TX_132_2009_H1003_20260915164522.csv,TIME_MACHINE
1992,범위확인필요,음용수에 관한 죄,4.0,3.0,75.0,1990-2010,132_TX_132_2009_H1003_20260915164522.csv,TIME_MACHINE
1992,범위확인필요,음행매개죄,7.0,6.0,85.7,1990-2010,132_TX_132_2009_H1003_20260915164522.csv,TIME_MACHINE
1992,범위확인필요,음화반포제조죄,10.0,9.0,90.0,1990-2010,132_TX_132_2009_H1003_20260915164522.csv,TIME_MACHINE
1992,범위확인필요,의료법,129.0,138.0,107.0,1990-2010,132_TX_132_2009_H1003_20260915164522.csv,TIME_MACHINE
1992,범위확인필요,의장법,71.0,63.0,88.7,1990-2010,132_TX_132_2009_H1003_20260915164522.csv,TIME_MACHINE
1992,범위확인필요,인장업단속법,22.0,22.0,100.0,1990-2010,132_TX_132_2009_H1003_20260915164522.csv,TIME_MACHINE
1992,범위확인필요,일반강도죄,174.0,174.0,100.0,1990-2010,132_TX_132_2009_H1003_20260915164522.csv,TIME_MACHINE
1992,범위확인필요,일반물방화죄,50.0,14.0,28.0,1990-2010,132_TX_132_2009_H1003_20260915164522.csv,TIME_MACHINE
1992,범위확인필요,일반절도죄,17698.0,6650.0,37.6,1990-2010,132_TX_132_2009_H1003_20260915164522.csv,TIME_MACHINE
1992,범위확인필요,일수와 수리에 관한 죄,2.0,1.0,50.0,1990-2010,132_TX_132_2009_H1003_20260915164522.csv,TIME_MACHINE
1992,범위확인필요,자기소유건조물방화죄,16.0,10.0,62.5,1990-2010,132_TX_132_2009_H1003_20260915164522.csv,TIME_MACHINE
1992,범위확인필요,자기소유일반물방화죄,8.0,5.0,62.5,1990-2010,132_TX_132_2009_H1003_20260915164522.csv,TIME_MACHINE
1992,범위확인필요,자동차관리법,6814.0,6208.0,91.1,1990-2010,132_TX_132_2009_H1003_20260915164522.csv,TIME_MACHINE
1992,범위확인필요,자동차운수사업법,489.0,508.0,103.9,1990-2010,132_TX_132_2009_H1003_20260915164522.csv,TIME_MACHINE
1992,범위확인필요,장물취득죄,161.0,265.0,164.6,1990-2010,132_TX_132_2009_H1003_20260915164522.csv,TIME_MACHINE
1992,범위확인필요,저작권법,179.0,113.0,63.1,1990-2010,132_TX_132_2009_H1003_20260915164522.csv,TIME_MACHINE
1992,범위확인필요,전기용품안전관리법,209.0,216.0,103.3,1990-2010,132_TX_132_2009_H1003_20260915164522.csv,TIME_MACHINE
1992,범위확인필요,전염병예방법,2.0,6.0,300.0,1990-2010,132_TX_132_2009_H1003_20260915164522.csv,TIME_MACHINE
1992,범위확인필요,절도범,21763.0,11296.0,51.9,1990-2010,132_TX_132_2009_H1003_20260915164522.csv,TIME_MACHINE
1992,범위확인필요,점유이탈물횡령죄,394.0,373.0,94.7,1990-2010,132_TX_132_2009_H1003_20260915164522.csv,TIME_MACHINE
1992,범위확인필요,정조에 관한죄,272.0,311.0,114.3,1990-2010,132_TX_132_2009_H1003_20260915164522.csv,TIME_MACHINE
1992,범위확인필요,조세범처벌법,15.0,13.0,86.7,1990-2010,132_TX_132_2009_H1003_20260915164522.csv,TIME_MACHINE
1992,범위확인필요,조수보호 및 수렵에 관한 법률,93.0,96.0,103.2,1990-2010,132_TX_132_2009_H1003_20260915164522.csv,TIME_MACHINE
1992,범위확인필요,존속살인죄,8.0,11.0,137.5,1990-2010,132_TX_132_2009_H1003_20260915164522.csv,TIME_MACHINE
1992,범위확인필요,존속상해,92.0,86.0,93.5,1990-2010,132_TX_132_2009_H1003_20260915164522.csv,TIME_MACHINE
1992,범위확인필요,존속상해치사,1.0,2.0,200.0,1990-2010,132_TX_132_2009_H1003_20260915164522.csv,TIME_MACHINE
1992,범위확인필요,존속체포·감금죄,1.0,2.0,200.0,1990-2010,132_TX_132_2009_H1003_20260915164522.csv,TIME_MACHINE
1992,범위확인필요,존속폭행,74.0,71.0,95.9,1990-2010,132_TX_132_2009_H1003_20260915164522.csv,TIME_MACHINE
1992,범위확인필요,존속협박,1.0,1.0,100.0,1990-2010,132_TX_132_2009_H1003_20260915164522.csv,TIME_MACHINE
1992,범위확인필요,주거침입의 죄,147.0,154.0,104.8,1990-2010,132_TX_132_2009_H1003_20260915164522.csv,TIME_MACHINE
1992,범위확인필요,주민등록법,150.0,141.0,94.0,1990-2010,132_TX_132_2009_H1003_20260915164522.csv,TIME_MACHINE
1992,범위확인필요,주차장법,346.0,345.0,99.7,1990-2010,132_TX_132_2009_H1003_20260915164522.csv,TIME_MACHINE
1992,범위확인필요,주택건설촉진법,373.0,347.0,93.0,1990-2010,132_TX_132_2009_H1003_20260915164522.csv,TIME_MACHINE
1992,범위확인필요,준강간죄,22.0,21.0,95.5,1990-2010,132_TX_132_2009_H1003_20260915164522.csv,TIME_MACHINE
1992,범위확인필요,준강도죄,32.0,34.0,106.3,1990-2010,132_TX_132_2009_H1003_20260915164522.csv,TIME_MACHINE
1992,범위확인필요,중기관리법,693.0,652.0,94.1,1990-2010,132_TX_132_2009_H1003_20260915164522.csv,TIME_MACHINE
1992,범위확인필요,지능범,33755.0,29544.0,87.5,1990-2010,132_TX_132_2009_H1003_20260915164522.csv,TIME_MACHINE
1992,범위확인필요,지방의회의원선거법,5.0,5.0,100.0,1990-2010,132_TX_132_2009_H1003_20260915164522.csv,TIME_MACHINE
1992,범위확인필요,직권남용,15.0,9.0,60.0,1990-2010,132_TX_132_2009_H1003_20260915164522.csv,TIME_MACHINE
1992,범위확인필요,직권남용횡포감금죄,3.0,2.0,66.7,1990-2010,132_TX_132_2009_H1003_20260915164522.csv,TIME_MACHINE
1992,범위확인필요,직무유기죄,31.0,25.0,80.6,1990-2010,132_TX_132_2009_H1003_20260915164522.csv,TIME_MACHINE
1992,범위확인필요,직업안정·고용촉진법,146.0,159.0,108.9,1990-2010,132_TX_132_2009_H1003_20260915164522.csv,TIME_MACHINE
1992,범위확인필요,집회 및 시위에 관한 법률,92.0,153.0,166.3,1990-2010,132_TX_132_2009_H1003_20260915164522.csv,TIME_MACHINE
1992,범위확인필요,철도법,10.0,5.0,50.0,1990-2010,132_TX_132_2009_H1003_20260915164522.csv,TIME_MACHINE
1992,범위확인필요,체포감금죄,13.0,12.0,92.3,1990-2010,132_TX_132_2009_H1003_20260915164522.csv,TIME_MACHINE
1992,범위확인필요,체포감금치사·상죄,2.0,3.0,150.0,1990-2010,132_TX_132_2009_H1003_20260915164522.csv,TIME_MACHINE
1992,범위확인필요,촉탁·승낙살인죄,1.0,3.0,300.0,1990-2010,132_TX_132_2009_H1003_20260915164522.csv,TIME_MACHINE
1992,범위확인필요,총범죄,314957.0,291322.0,92.5,1990-2010,132_TX_132_2009_H1003_20260915164522.csv,TIME_MACHINE
1992,범위확인필요,총포·도검·화약류단속법,136.0,139.0,102.2,1990-2010,132_TX_132_2009_H1003_20260915164522.csv,TIME_MACHINE
1992,범위확인필요,축산물위생처리법,28.0,31.0,110.7,1990-2010,132_TX_132_2009_H1003_20260915164522.csv,TIME_MACHINE
1992,범위확인필요,컴퓨터프로그램법,3.0,2.0,66.7,1990-2010,132_TX_132_2009_H1003_20260915164522.csv,TIME_MACHINE
1992,범위확인필요,통화위조죄,12.0,12.0,100.0,1990-2010,132_TX_132_2009_H1003_20260915164522.csv,TIME_MACHINE
1992,범위확인필요,특별법범,146855.0,138067.0,94.0,1990-2010,132_TX_132_2009_H1003_20260915164522.csv,TIME_MACHINE
1992,범위확인필요,특수강도죄,374.0,510.0,136.4,1990-2010,132_TX_132_2009_H1003_20260915164522.csv,TIME_MACHINE
1992,범위확인필요,특수절도,2787.0,3265.0,117.2,1990-2010,132_TX_132_2009_H1003_20260915164522.csv,TIME_MACHINE
1992,범위확인필요,특정경제범죄처벌법,54.0,51.0,94.4,1990-2010,132_TX_132_2009_H1003_20260915164522.csv,TIME_MACHINE
1992,범위확인필요,특정범죄가중처벌등에 관한 법률,1632.0,1698.0,104.0,1990-2010,132_TX_132_2009_H1003_20260915164522.csv,TIME_MACHINE
1992,범위확인필요,특허법,6.0,7.0,116.7,1990-2010,132_TX_132_2009_H1003_20260915164522.csv,TIME_MACHINE
1992,범위확인필요,폐기물관리법,57.0,58.0,101.8,1990-2010,132_TX_132_2009_H1003_20260915164522.csv,TIME_MACHINE
1992,범위확인필요,폭력범,53019.0,52785.0,100.0,1990-2010,132_TX_132_2009_H1003_20260915164522.csv,TIME_MACHINE
1992,범위확인필요,폭력행위등처벌에 관한 죄,45509.0,45420.0,99.8,1990-2010,132_TX_132_2009_H1003_20260915164522.csv,TIME_MACHINE
1992,범위확인필요,폭발물에 관한 죄,2.0,1.0,50.0,1990-2010,132_TX_132_2009_H1003_20260915164522.csv,TIME_MACHINE
1992,범위확인필요,폭발물파열죄,3.0,2.0,66.7,1990-2010,132_TX_132_2009_H1003_20260915164522.csv,TIME_MACHINE
1992,범위확인필요,폭행죄,1093.0,1088.0,99.5,1990-2010,132_TX_132_2009_H1003_20260915164522.csv,TIME_MACHINE
1992,범위확인필요,폭행치사·상죄,112.0,122.0,108.9,1990-2010,132_TX_132_2009_H1003_20260915164522.csv,TIME_MACHINE
1992,범위확인필요,풍속범,2751.0,2707.0,98.4,1990-2010,132_TX_132_2009_H1003_20260915164522.csv,TIME_MACHINE
1992,범위확인필요,하천법,59.0,58.0,98.3,1990-2010,132_TX_132_2009_H1003_20260915164522.csv,TIME_MACHINE
1992,범위확인필요,학원의설립·운영에관한법률,180.0,161.0,89.4,1990-2010,132_TX_132_2009_H1003_20260915164522.csv,TIME_MACHINE
1992,범위확인필요,합성수지폐기물처리사업법,5.0,7.0,140.0,1990-2010,132_TX_132_2009_H1003_20260915164522.csv,TIME_MACHINE
1992,범위확인필요,해상강도죄,1.0,1.0,100.0,1990-2010,132_TX_132_2009_H1003_20260915164522.csv,TIME_MACHINE
1992,범위확인필요,해양오염방지법,3.0,4.0,133.3,1990-2010,132_TX_132_2009_H1003_20260915164522.csv,TIME_MACHINE
1992,범위확인필요,향정신성의 약품관리법,90.0,131.0,145.6,1990-2010,132_TX_132_2009_H1003_20260915164522.csv,TIME_MACHINE
1992,범위확인필요,향토예비군설치법,22211.0,20576.0,92.6,1990-2010,132_TX_132_2009_H1003_20260915164522.csv,TIME_MACHINE
1992,범위확인필요,허위감정·증거인멸죄,10.0,10.0,100.0,1990-2010,132_TX_132_2009_H1003_20260915164522.csv,TIME_MACHINE
1992,범위확인필요,현재건조물방화치사·상죄,127.0,72.0,56.7,1990-2010,132_TX_132_2009_H1003_20260915164522.csv,TIME_MACHINE
1992,범위확인필요,협박,135.0,118.0,87.4,1990-2010,132_TX_132_2009_H1003_20260915164522.csv,TIME_MACHINE
1992,범위확인필요,형법범,168102.0,153255.0,91.2,1990-2010,132_TX_132_2009_H1003_20260915164522.csv,TIME_MACHINE
1992,범위확인필요,혼인빙자간음죄,213.0,185.0,86.9,1990-2010,132_TX_132_2009_H1003_20260915164522.csv,TIME_MACHINE
1992,범위확인필요,화염병 사용 등 처벌에 관한 법률,40.0,37.0,92.5,1990-2010,132_TX_132_2009_H1003_20260915164522.csv,TIME_MACHINE
1992,범위확인필요,환경범죄특별법위반,7.0,7.0,100.0,1990-2010,132_TX_132_2009_H1003_20260915164522.csv,TIME_MACHINE
1992,범위확인필요,환경오염피해분쟁조정법,3.0,5.0,166.7,1990-2010,132_TX_132_2009_H1003_20260915164522.csv,TIME_MACHINE
1992,범위확인필요,횡령죄,2757.0,2550.0,92.5,1990-2010,132_TX_132_2009_H1003_20260915164522.csv,TIME_MACHINE
1993,범위확인필요,가정의례에 관한 법률,364.0,288.0,79.1,1990-2010,132_TX_132_2009_H1003_20260915164522.csv,TIME_MACHINE
1993,범위확인필요,간통죄,1311.0,1252.0,95.5,1990-2010,132_TX_132_2009_H1003_20260915164522.csv,TIME_MACHINE
1993,범위확인필요,강간,1349.0,1745.0,129.4,1990-2010,132_TX_132_2009_H1003_20260915164522.csv,TIME_MACHINE
1993,범위확인필요,강간죄,881.0,1210.0,137.3,1990-2010,132_TX_132_2009_H1003_20260915164522.csv,TIME_MACHINE
1993,범위확인필요,강간치사상죄,432.0,496.0,114.8,1990-2010,132_TX_132_2009_H1003_20260915164522.csv,TIME_MACHINE
1993,범위확인필요,강도,1150.0,1501.0,130.5,1990-2010,132_TX_132_2009_H1003_20260915164522.csv,TIME_MACHINE
1993,범위확인필요,강도강간죄,53.0,70.0,132.1,1990-2010,132_TX_132_2009_H1003_20260915164522.csv,TIME_MACHINE
1993,범위확인필요,강도살인치사죄,18.0,21.0,116.7,1990-2010,132_TX_132_2009_H1003_20260915164522.csv,TIME_MACHINE
1993,범위확인필요,강도상해치상죄,433.0,572.0,132.1,1990-2010,132_TX_132_2009_H1003_20260915164522.csv,TIME_MACHINE
1993,범위확인필요,강력범,2887.0,3569.0,123.6,1990-2010,132_TX_132_2009_H1003_20260915164522.csv,TIME_MACHINE
1993,범위확인필요,개항질서법,,1.0,,1990-2010,132_TX_132_2009_H1003_20260915164522.csv,TIME_MACHINE
1993,범위확인필요,건설업법,68.0,66.0,97.1,1990-2010,132_TX_132_2009_H1003_20260915164522.csv,TIME_MACHINE
1993,범위확인필요,건축법,3986.0,3897.0,97.8,1990-2010,132_TX_132_2009_H1003_20260915164522.csv,TIME_MACHINE
1993,범위확인필요,계량법,150.0,93.0,62.0,1990-2010,132_TX_132_2009_H1003_20260915164522.csv,TIME_MACHINE
1993,범위확인필요,고물영업법,101.0,99.0,98.0,1990-2010,132_TX_132_2009_H1003_20260915164522.csv,TIME_MACHINE
1993,범위확인필요,고압가스안전관리법,12.0,12.0,100.0,1990-2010,132_TX_132_2009_H1003_20260915164522.csv,TIME_MACHINE
1993,범위확인필요,공갈,198.0,202.0,102.0,1990-2010,132_TX_132_2009_H1003_20260915164522.csv,TIME_MACHINE
1993,범위확인필요,공무방해에 관한 죄,1432.0,1440.0,100.6,1990-2010,132_TX_132_2009_H1003_20260915164522.csv,TIME_MACHINE
1993,범위확인필요,공무상비밀누설,8.0,5.0,62.5,1990-2010,132_TX_132_2009_H1003_20260915164522.csv,TIME_MACHINE
1993,범위확인필요,공문서위·변조죄,261.0,283.0,108.4,1990-2010,132_TX_132_2009_H1003_20260915164522.csv,TIME_MACHINE
1993,범위확인필요,공산품품질관리법,102.0,103.0,101.0,1990-2010,132_TX_132_2009_H1003_20260915164522.csv,TIME_MACHINE
1993,범위확인필요,공안을 해하는 죄,8.0,22.0,275.0,1990-2010,132_TX_132_2009_H1003_20260915164522.csv,TIME_MACHINE
1993,범위확인필요,공연법,75.0,37.0,49.3,1990-2010,132_TX_132_2009_H1003_20260915164522.csv,TIME_MACHINE
1993,범위확인필요,공연음란죄,4.0,7.0,175.0,1990-2010,132_TX_132_2009_H1003_20260915164522.csv,TIME_MACHINE
1993,범위확인필요,공용·일반건조물방화죄,23.0,12.0,52.2,1990-2010,132_TX_132_2009_H1003_20260915164522.csv,TIME_MACHINE
1993,범위확인필요,공유수면관리법,9.0,5.0,55.6,1990-2010,132_TX_132_2009_H1003_20260915164522.csv,TIME_MACHINE
1993,범위확인필요,공유수면매립법,2.0,,,1990-2010,132_TX_132_2009_H1003_20260915164522.csv,TIME_MACHINE
1993,범위확인필요,공인위조부정행사죄,39.0,46.0,117.9,1990-2010,132_TX_132_2009_H1003_20260915164522.csv,TIME_MACHINE
1993,범위확인필요,공중위생법,1150.0,1163.0,101.1,1990-2010,132_TX_132_2009_H1003_20260915164522.csv,TIME_MACHINE
1993,범위확인필요,과실치상의죄,907.0,901.0,99.3,1990-2010,132_TX_132_2009_H1003_20260915164522.csv,TIME_MACHINE
1993,범위확인필요,관세법,499.0,518.0,103.8,1990-2010,132_TX_132_2009_H1003_20260915164522.csv,TIME_MACHINE
1993,범위확인필요,광고물등관리법,585.0,558.0,95.4,1990-2010,132_TX_132_2009_H1003_20260915164522.csv,TIME_MACHINE
1993,범위확인필요,교통 방해의 죄,23.0,22.0,95.7,1990-2010,132_TX_132_2009_H1003_20260915164522.csv,TIME_MACHINE
1993,범위확인필요,교통사고처리특례법,47088.0,47503.0,100.9,1990-2010,132_TX_132_2009_H1003_20260915164522.csv,TIME_MACHINE
1993,범위확인필요,교통사범,47088.0,47503.0,100.9,1990-2010,132_TX_132_2009_H1003_20260915164522.csv,TIME_MACHINE
1993,범위확인필요,국가보안법,41.0,51.0,124.4,1990-2010,132_TX_132_2009_H1003_20260915164522.csv,TIME_MACHINE
1993,범위확인필요,국토이용관리법,10.0,12.0,120.0,1990-2010,132_TX_132_2009_H1003_20260915164522.csv,TIME_MACHINE
1993,범위확인필요,국회의원 선거법,9.0,8.0,88.9,1990-2010,132_TX_132_2009_H1003_20260915164522.csv,TIME_MACHINE
1993,범위확인필요,군복 군용물 등 장구류 단속,1.0,2.0,200.0,1990-2010,132_TX_132_2009_H1003_20260915164522.csv,TIME_MACHINE
1993,범위확인필요,권리행사방해죄,489.0,478.0,97.8,1990-2010,132_TX_132_2009_H1003_20260915164522.csv,TIME_MACHINE
1993,범위확인필요,근로기준법,7.0,7.0,100.0,1990-2010,132_TX_132_2009_H1003_20260915164522.csv,TIME_MACHINE
1993,범위확인필요,기타문서에 관한죄,297.0,279.0,93.9,1990-2010,132_TX_132_2009_H1003_20260915164522.csv,TIME_MACHINE
1993,범위확인필요,기타약취유인죄,21.0,31.0,147.6,1990-2010,132_TX_132_2009_H1003_20260915164522.csv,TIME_MACHINE
1993,범위확인필요,기타유가증권우표인지에 관한 죄,14.0,14.0,100.0,1990-2010,132_TX_132_2009_H1003_20260915164522.csv,TIME_MACHINE
1993,범위확인필요,기타통화에 관한 죄,9.0,4.0,44.4,1990-2010,132_TX_132_2009_H1003_20260915164522.csv,TIME_MACHINE
1993,범위확인필요,기타특별법,4507.0,4425.0,98.2,1990-2010,132_TX_132_2009_H1003_20260915164522.csv,TIME_MACHINE
1993,범위확인필요,기타형법범,6342.0,6195.0,97.7,1990-2010,132_TX_132_2009_H1003_20260915164522.csv,TIME_MACHINE
1993,범위확인필요,낙태에 관한죄,6.0,6.0,100.0,1990-2010,132_TX_132_2009_H1003_20260915164522.csv,TIME_MACHINE
1993,범위확인필요,내란의 죄,1.0,1.0,100.0,1990-2010,132_TX_132_2009_H1003_20260915164522.csv,TIME_MACHINE
1993,범위확인필요,내수면어업개발촉진법,11.0,12.0,109.1,1990-2010,132_TX_132_2009_H1003_20260915164522.csv,TIME_MACHINE
1993,범위확인필요,농지보전이용법,14.0,11.0,78.6,1990-2010,132_TX_132_2009_H1003_20260915164522.csv,TIME_MACHINE
1993,범위확인필요,뇌물공여죄,2599.0,2623.0,100.9,1990-2010,132_TX_132_2009_H1003_20260915164522.csv,TIME_MACHINE
1993,범위확인필요,뇌물수수죄,215.0,192.0,89.3,1990-2010,132_TX_132_2009_H1003_20260915164522.csv,TIME_MACHINE
1993,범위확인필요,담배전매법,82.0,80.0,97.6,1990-2010,132_TX_132_2009_H1003_20260915164522.csv,TIME_MACHINE
1993,범위확인필요,대기환경보존법,140.0,134.0,95.7,1990-2010,132_TX_132_2009_H1003_20260915164522.csv,TIME_MACHINE
1993,범위확인필요,대마관리법,113.0,128.0,113.3,1990-2010,132_TX_132_2009_H1003_20260915164522.csv,TIME_MACHINE
1993,범위확인필요,대외무역법,57.0,29.0,50.9,1990-2010,132_TX_132_2009_H1003_20260915164522.csv,TIME_MACHINE
1993,범위확인필요,도로교통법,55246.0,55256.0,100.0,1990-2010,132_TX_132_2009_H1003_20260915164522.csv,TIME_MACHINE
1993,범위확인필요,도로법,4830.0,4811.0,99.6,1990-2010,132_TX_132_2009_H1003_20260915164522.csv,TIME_MACHINE
1993,범위확인필요,도박개장죄,28.0,62.0,221.4,1990-2010,132_TX_132_2009_H1003_20260915164522.csv,TIME_MACHINE
1993,범위확인필요,도박죄,2991.0,3792.0,126.8,1990-2010,132_TX_132_2009_H1003_20260915164522.csv,TIME_MACHINE
1993,범위확인필요,도시계획법,754.0,745.0,98.8,1990-2010,132_TX_132_2009_H1003_20260915164522.csv,TIME_MACHINE
1993,범위확인필요,도주와 도주원조죄,5.0,5.0,100.0,1990-2010,132_TX_132_2009_H1003_20260915164522.csv,TIME_MACHINE
1993,범위확인필요,독직가혹행위죄,4.0,4.0,100.0,1990-2010,132_TX_132_2009_H1003_20260915164522.csv,TIME_MACHINE
1993,범위확인필요,마약법,85.0,76.0,89.4,1990-2010,132_TX_132_2009_H1003_20260915164522.csv,TIME_MACHINE
1993,범위확인필요,매장 및 묘지에 관한법,16.0,12.0,75.0,1990-2010,132_TX_132_2009_H1003_20260915164522.csv,TIME_MACHINE
1993,범위확인필요,명예에 관한 죄,593.0,559.0,94.3,1990-2010,132_TX_132_2009_H1003_20260915164522.csv,TIME_MACHINE
1993,범위확인필요,무고죄,393.0,387.0,98.5,1990-2010,132_TX_132_2009_H1003_20260915164522.csv,TIME_MACHINE
1993,범위확인필요,문화재보호법,13.0,12.0,92.3,1990-2010,132_TX_132_2009_H1003_20260915164522.csv,TIME_MACHINE
1993,범위확인필요,물가안정·공정거래법,9.0,8.0,88.9,1990-2010,132_TX_132_2009_H1003_20260915164522.csv,TIME_MACHINE
1993,범위확인필요,미성년자보호법,316.0,303.0,95.9,1990-2010,132_TX_132_2009_H1003_20260915164522.csv,TIME_MACHINE
1993,범위확인필요,미성년자약취유인죄,25.0,30.0,120.0,1990-2010,132_TX_132_2009_H1003_20260915164522.csv,TIME_MACHINE
1993,범위확인필요,민방위기본법,4016.0,3455.0,86.0,1990-2010,132_TX_132_2009_H1003_20260915164522.csv,TIME_MACHINE
1993,범위확인필요,밀선단속법,47.0,55.0,117.0,1990-2010,132_TX_132_2009_H1003_20260915164522.csv,TIME_MACHINE
1993,범위확인필요,방화,218.0,143.0,65.6,1990-2010,132_TX_132_2009_H1003_20260915164522.csv,TIME_MACHINE
1993,범위확인필요,방화등예비음모,12.0,6.0,50.0,1990-2010,132_TX_132_2009_H1003_20260915164522.csv,TIME_MACHINE
1993,범위확인필요,배임,972.0,941.0,96.8,1990-2010,132_TX_132_2009_H1003_20260915164522.csv,TIME_MACHINE
1993,범위확인필요,배임수재,13.0,12.0,92.3,1990-2010,132_TX_132_2009_H1003_20260915164522.csv,TIME_MACHINE
1993,범위확인필요,배임증재,3.0,4.0,133.3,1990-2010,132_TX_132_2009_H1003_20260915164522.csv,TIME_MACHINE
1993,범위확인필요,범인은닉·범인도피죄,8.0,10.0,125.0,1990-2010,132_TX_132_2009_H1003_20260915164522.csv,TIME_MACHINE
1993,범위확인필요,변호사법,129.0,126.0,97.7,1990-2010,132_TX_132_2009_H1003_20260915164522.csv,TIME_MACHINE
1993,범위확인필요,병역법,6294.0,5975.0,94.9,1990-2010,132_TX_132_2009_H1003_20260915164522.csv,TIME_MACHINE
1993,범위확인필요,보건범죄단속에 관한 특별조치법,161.0,177.0,109.9,1990-2010,132_TX_132_2009_H1003_20260915164522.csv,TIME_MACHINE
1993,범위확인필요,보통살인죄,130.0,144.0,110.8,1990-2010,132_TX_132_2009_H1003_20260915164522.csv,TIME_MACHINE
1993,범위확인필요,복표발매·중개·취득죄,69.0,71.0,102.9,1990-2010,132_TX_132_2009_H1003_20260915164522.csv,TIME_MACHINE
1993,범위확인필요,복표발행등단속법,15.0,15.0,100.0,1990-2010,132_TX_132_2009_H1003_20260915164522.csv,TIME_MACHINE
1993,범위확인필요,부동산중개업법,108.0,111.0,102.8,1990-2010,132_TX_132_2009_H1003_20260915164522.csv,TIME_MACHINE
1993,범위확인필요,부정경쟁방지법,87.0,79.0,90.8,1990-2010,132_TX_132_2009_H1003_20260915164522.csv,TIME_MACHINE
1993,범위확인필요,부정수표단속법,14740.0,10589.0,71.8,1990-2010,132_TX_132_2009_H1003_20260915164522.csv,TIME_MACHINE
1993,범위확인필요,비밀침해죄,2.0,3.0,150.0,1990-2010,132_TX_132_2009_H1003_20260915164522.csv,TIME_MACHINE
1993,범위확인필요,사기,32038.0,26609.0,83.1,1990-2010,132_TX_132_2009_H1003_20260915164522.csv,TIME_MACHINE
1993,범위확인필요,사문서위·변조죄,926.0,880.0,95.0,1990-2010,132_TX_132_2009_H1003_20260915164522.csv,TIME_MACHINE
1993,범위확인필요,사인위조부정행사죄,17.0,17.0,100.0,1990-2010,132_TX_132_2009_H1003_20260915164522.csv,TIME_MACHINE
1993,범위확인필요,사회보호법,723.0,506.0,70.0,1990-2010,132_TX_132_2009_H1003_20260915164522.csv,TIME_MACHINE
1993,범위확인필요,산림법,39.0,48.0,123.1,1990-2010,132_TX_132_2009_H1003_20260915164522.csv,TIME_MACHINE
1993,범위확인필요,산업안전보건법,19.0,10.0,52.6,1990-2010,132_TX_132_2009_H1003_20260915164522.csv,TIME_MACHINE
1993,범위확인필요,살인,170.0,180.0,105.9,1990-2010,132_TX_132_2009_H1003_20260915164522.csv,TIME_MACHINE
1993,범위확인필요,살인미수예비음모죄,14.0,12.0,85.7,1990-2010,132_TX_132_2009_H1003_20260915164522.csv,TIME_MACHINE
1993,범위확인필요,상법,11.0,16.0,145.5,1990-2010,132_TX_132_2009_H1003_20260915164522.csv,TIME_MACHINE
1993,범위확인필요,상습강도죄,1.0,2.0,200.0,1990-2010,132_TX_132_2009_H1003_20260915164522.csv,TIME_MACHINE
1993,범위확인필요,상습도박죄,82.0,163.0,198.8,1990-2010,132_TX_132_2009_H1003_20260915164522.csv,TIME_MACHINE
1993,범위확인필요,상습장물취득죄,3.0,4.0,133.3,1990-2010,132_TX_132_2009_H1003_20260915164522.csv,TIME_MACHINE
1993,범위확인필요,상습절도,337.0,545.0,161.7,1990-2010,132_TX_132_2009_H1003_20260915164522.csv,TIME_MACHINE
1993,범위확인필요,상표법,163.0,168.0,103.1,1990-2010,132_TX_132_2009_H1003_20260915164522.csv,TIME_MACHINE
1993,범위확인필요,상해,5609.0,5770.0,102.9,1990-2010,132_TX_132_2009_H1003_20260915164522.csv,TIME_MACHINE
1993,범위확인필요,상해치사,37.0,35.0,94.6,1990-2010,132_TX_132_2009_H1003_20260915164522.csv,TIME_MACHINE
1993,범위확인필요,석유사업법,51.0,46.0,90.2,1990-2010,132_TX_132_2009_H1003_20260915164522.csv,TIME_MACHINE
1993,범위확인필요,석유산업법,4.0,2.0,50.0,1990-2010,132_TX_132_2009_H1003_20260915164522.csv,TIME_MACHINE
1993,범위확인필요,선거방해,,1.0,,1990-2010,132_TX_132_2009_H1003_20260915164522.csv,TIME_MACHINE
1993,범위확인필요,선박안전법,5.0,1.0,20.0,1990-2010,132_TX_132_2009_H1003_20260915164522.csv,TIME_MACHINE
1993,범위확인필요,소방법,10.0,8.0,80.0,1990-2010,132_TX_132_2009_H1003_20260915164522.csv,TIME_MACHINE
1993,범위확인필요,소음진동규제법위반,13.0,12.0,92.3,1990-2010,132_TX_132_2009_H1003_20260915164522.csv,TIME_MACHINE
1993,범위확인필요,손괴의죄,847.0,770.0,90.9,1990-2010,132_TX_132_2009_H1003_20260915164522.csv,TIME_MACHINE
1993,범위확인필요,수산업법,15.0,13.0,86.7,1990-2010,132_TX_132_2009_H1003_20260915164522.csv,TIME_MACHINE
1993,범위확인필요,수산자원보호법,153.0,135.0,88.2,1990-2010,132_TX_132_2009_H1003_20260915164522.csv,TIME_MACHINE
1993,범위확인필요,수질환경보전법,149.0,164.0,110.1,1990-2010,132_TX_132_2009_H1003_20260915164522.csv,TIME_MACHINE
1993,범위확인필요,식품위생법,20168.0,20192.0,100.1,1990-2010,132_TX_132_2009_H1003_20260915164522.csv,TIME_MACHINE
1993,범위확인필요,신앙에 관한 죄,6.0,5.0,83.3,1990-2010,132_TX_132_2009_H1003_20260915164522.csv,TIME_MACHINE
1993,범위확인필요,신용·업무와 경매에 관한 죄,417.0,427.0,102.4,1990-2010,132_TX_132_2009_H1003_20260915164522.csv,TIME_MACHINE
1993,범위확인필요,실용신안법,56.0,64.0,114.3,1990-2010,132_TX_132_2009_H1003_20260915164522.csv,TIME_MACHINE
1993,범위확인필요,실화 및 업무상실화죄,562.0,292.0,52.0,1990-2010,132_TX_132_2009_H1003_20260915164522.csv,TIME_MACHINE
1993,범위확인필요,아동복지법,22.0,23.0,104.5,1990-2010,132_TX_132_2009_H1003_20260915164522.csv,TIME_MACHINE
1993,범위확인필요,아편에 관한죄,5.0,2.0,40.0,1990-2010,132_TX_132_2009_H1003_20260915164522.csv,TIME_MACHINE
1993,범위확인필요,액화석유가스법,20.0,20.0,100.0,1990-2010,132_TX_132_2009_H1003_20260915164522.csv,TIME_MACHINE
1993,범위확인필요,야간주거침입절도,862.0,940.0,109.0,1990-2010,132_TX_132_2009_H1003_20260915164522.csv,TIME_MACHINE
1993,범위확인필요,약사법,305.0,295.0,96.7,1990-2010,132_TX_132_2009_H1003_20260915164522.csv,TIME_MACHINE
1993,범위확인필요,약취강도죄,,1.0,,1990-2010,132_TX_132_2009_H1003_20260915164522.csv,TIME_MACHINE
1993,범위확인필요,양곡관리법,15.0,13.0,86.7,1990-2010,132_TX_132_2009_H1003_20260915164522.csv,TIME_MACHINE
1993,범위확인필요,어선법,1.0,2.0,200.0,1990-2010,132_TX_132_2009_H1003_20260915164522.csv,TIME_MACHINE
1993,범위확인필요,업무상배임,309.0,272.0,88.0,1990-2010,132_TX_132_2009_H1003_20260915164522.csv,TIME_MACHINE
1993,범위확인필요,업무상장물취득죄,53.0,70.0,132.1,1990-2010,132_TX_132_2009_H1003_20260915164522.csv,TIME_MACHINE
1993,범위확인필요,업무상횡령죄,1996.0,1897.0,95.0,1990-2010,132_TX_132_2009_H1003_20260915164522.csv,TIME_MACHINE
1993,범위확인필요,에너지이용합리화법,24.0,23.0,95.8,1990-2010,132_TX_132_2009_H1003_20260915164522.csv,TIME_MACHINE
1993,범위확인필요,여권법,12.0,13.0,108.3,1990-2010,132_TX_132_2009_H1003_20260915164522.csv,TIME_MACHINE
1993,범위확인필요,연소죄,3.0,3.0,100.0,1990-2010,132_TX_132_2009_H1003_20260915164522.csv,TIME_MACHINE
1993,범위확인필요,영아살해죄,3.0,2.0,66.7,1990-2010,132_TX_132_2009_H1003_20260915164522.csv,TIME_MACHINE
1993,범위확인필요,오수·분뇨 및 축산 폐수처리법,6.0,6.0,100.0,1990-2010,132_TX_132_2009_H1003_20260915164522.csv,TIME_MACHINE
1993,범위확인필요,오존층보호를위한법률위반,1.0,1.0,100.0,1990-2010,132_TX_132_2009_H1003_20260915164522.csv,TIME_MACHINE
1993,범위확인필요,외국환관리법,428.0,410.0,95.8,1990-2010,132_TX_132_2009_H1003_20260915164522.csv,TIME_MACHINE
1993,범위확인필요,외환의 죄,3.0,2.0,66.7,1990-2010,132_TX_132_2009_H1003_20260915164522.csv,TIME_MACHINE
1993,범위확인필요,우표인지위·변조죄,1.0,1.0,100.0,1990-2010,132_TX_132_2009_H1003_20260915164522.csv,TIME_MACHINE
1993,범위확인필요,위계촉탁살인죄,4.0,6.0,150.0,1990-2010,132_TX_132_2009_H1003_20260915164522.csv,TIME_MACHINE
1993,범위확인필요,위증죄,518.0,511.0,98.6,1990-2010,132_TX_132_2009_H1003_20260915164522.csv,TIME_MACHINE
1993,범위확인필요,유가증권위·변조죄,389.0,295.0,75.8,1990-2010,132_TX_132_2009_H1003_20260915164522.csv,TIME_MACHINE
1993,범위확인필요,유기의 죄,25.0,17.0,68.0,1990-2010,132_TX_132_2009_H1003_20260915164522.csv,TIME_MACHINE
1993,범위확인필요,유선방송관리법,22.0,20.0,90.9,1990-2010,132_TX_132_2009_H1003_20260915164522.csv,TIME_MACHINE
1993,범위확인필요,유해화학물질관리법,575.0,661.0,115.0,1990-2010,132_TX_132_2009_H1003_20260915164522.csv,TIME_MACHINE
1993,범위확인필요,윤락행위등방지법,116.0,130.0,112.1,1990-2010,132_TX_132_2009_H1003_20260915164522.csv,TIME_MACHINE
1993,범위확인필요,음반에관한법률,293.0,290.0,99.0,1990-2010,132_TX_132_2009_H1003_20260915164522.csv,TIME_MACHINE
1993,범위확인필요,음용수에 관한 죄,11.0,10.0,90.9,1990-2010,132_TX_132_2009_H1003_20260915164522.csv,TIME_MACHINE
1993,범위확인필요,음행매개죄,12.0,5.0,41.7,1990-2010,132_TX_132_2009_H1003_20260915164522.csv,TIME_MACHINE
1993,범위확인필요,음화반포제조죄,59.0,62.0,105.1,1990-2010,132_TX_132_2009_H1003_20260915164522.csv,TIME_MACHINE
1993,범위확인필요,의료법,173.0,181.0,104.6,1990-2010,132_TX_132_2009_H1003_20260915164522.csv,TIME_MACHINE
1993,범위확인필요,의장법,66.0,57.0,86.4,1990-2010,132_TX_132_2009_H1003_20260915164522.csv,TIME_MACHINE
1993,범위확인필요,인장업단속법,34.0,35.0,102.9,1990-2010,132_TX_132_2009_H1003_20260915164522.csv,TIME_MACHINE
1993,범위확인필요,일반강도죄,230.0,270.0,117.4,1990-2010,132_TX_132_2009_H1003_20260915164522.csv,TIME_MACHINE
1993,범위확인필요,일반물방화죄,24.0,13.0,54.2,1990-2010,132_TX_132_2009_H1003_20260915164522.csv,TIME_MACHINE
1993,범위확인필요,일반절도죄,12778.0,8941.0,70.0,1990-2010,132_TX_132_2009_H1003_20260915164522.csv,TIME_MACHINE
1993,범위확인필요,자기소유건조물방화죄,15.0,6.0,40.0,1990-2010,132_TX_132_2009_H1003_20260915164522.csv,TIME_MACHINE
1993,범위확인필요,자기소유일반물방화죄,9.0,1.0,11.1,1990-2010,132_TX_132_2009_H1003_20260915164522.csv,TIME_MACHINE
1993,범위확인필요,자동차관리법,9942.0,8912.0,89.6,1990-2010,132_TX_132_2009_H1003_20260915164522.csv,TIME_MACHINE
1993,범위확인필요,자동차운수사업법,474.0,522.0,110.1,1990-2010,132_TX_132_2009_H1003_20260915164522.csv,TIME_MACHINE
1993,범위확인필요,자살교사방조죄,3.0,2.0,66.7,1990-2010,132_TX_132_2009_H1003_20260915164522.csv,TIME_MACHINE
1993,범위확인필요,장물취득죄,256.0,404.0,157.8,1990-2010,132_TX_132_2009_H1003_20260915164522.csv,TIME_MACHINE
1993,범위확인필요,저작권법,650.0,390.0,60.0,1990-2010,132_TX_132_2009_H1003_20260915164522.csv,TIME_MACHINE
1993,범위확인필요,전기용품안전관리법,121.0,120.0,99.2,1990-2010,132_TX_132_2009_H1003_20260915164522.csv,TIME_MACHINE
1993,범위확인필요,전염병예방법,4.0,3.0,75.0,1990-2010,132_TX_132_2009_H1003_20260915164522.csv,TIME_MACHINE
1993,범위확인필요,절도범,17686.0,15148.0,85.6,1990-2010,132_TX_132_2009_H1003_20260915164522.csv,TIME_MACHINE
1993,범위확인필요,점유이탈물횡령죄,534.0,539.0,100.9,1990-2010,132_TX_132_2009_H1003_20260915164522.csv,TIME_MACHINE
1993,범위확인필요,정조에 관한죄,415.0,430.0,103.6,1990-2010,132_TX_132_2009_H1003_20260915164522.csv,TIME_MACHINE
1993,범위확인필요,조세범처벌법,27.0,21.0,77.8,1990-2010,132_TX_132_2009_H1003_20260915164522.csv,TIME_MACHINE
1993,범위확인필요,조수보호 및 수렵에 관한 법률,42.0,39.0,92.9,1990-2010,132_TX_132_2009_H1003_20260915164522.csv,TIME_MACHINE
1993,범위확인필요,존속살인죄,15.0,14.0,93.3,1990-2010,132_TX_132_2009_H1003_20260915164522.csv,TIME_MACHINE
1993,범위확인필요,존속상해,107.0,109.0,101.9,1990-2010,132_TX_132_2009_H1003_20260915164522.csv,TIME_MACHINE
1993,범위확인필요,존속상해치사,2.0,6.0,300.0,1990-2010,132_TX_132_2009_H1003_20260915164522.csv,TIME_MACHINE
1993,범위확인필요,존속체포·감금죄,2.0,2.0,100.0,1990-2010,132_TX_132_2009_H1003_20260915164522.csv,TIME_MACHINE
1993,범위확인필요,존속폭행,79.0,75.0,94.9,1990-2010,132_TX_132_2009_H1003_20260915164522.csv,TIME_MACHINE
1993,범위확인필요,존속협박,5.0,4.0,80.0,1990-2010,132_TX_132_2009_H1003_20260915164522.csv,TIME_MACHINE
1993,범위확인필요,주거침입의 죄,186.0,175.0,94.1,1990-2010,132_TX_132_2009_H1003_20260915164522.csv,TIME_MACHINE
1993,범위확인필요,주민등록법,123.0,136.0,110.6,1990-2010,132_TX_132_2009_H1003_20260915164522.csv,TIME_MACHINE
1993,범위확인필요,주차장법,328.0,313.0,95.4,1990-2010,132_TX_132_2009_H1003_20260915164522.csv,TIME_MACHINE
1993,범위확인필요,주택건설촉진법,542.0,509.0,93.9,1990-2010,132_TX_132_2009_H1003_20260915164522.csv,TIME_MACHINE
1993,범위확인필요,준강간죄,36.0,39.0,108.3,1990-2010,132_TX_132_2009_H1003_20260915164522.csv,TIME_MACHINE
1993,범위확인필요,준강도죄,48.0,55.0,114.6,1990-2010,132_TX_132_2009_H1003_20260915164522.csv,TIME_MACHINE
1993,범위확인필요,중기관리법,1386.0,1314.0,94.8,1990-2010,132_TX_132_2009_H1003_20260915164522.csv,TIME_MACHINE
1993,범위확인필요,지능범,43937.0,37917.0,86.3,1990-2010,132_TX_132_2009_H1003_20260915164522.csv,TIME_MACHINE
1993,범위확인필요,지방의회의원선거법,3.0,1.0,33.3,1990-2010,132_TX_132_2009_H1003_20260915164522.csv,TIME_MACHINE
1993,범위확인필요,직권남용,7.0,6.0,85.7,1990-2010,132_TX_132_2009_H1003_20260915164522.csv,TIME_MACHINE
1993,범위확인필요,직권남용횡포감금죄,2.0,3.0,150.0,1990-2010,132_TX_132_2009_H1003_20260915164522.csv,TIME_MACHINE
1993,범위확인필요,직무유기죄,37.0,28.0,75.7,1990-2010,132_TX_132_2009_H1003_20260915164522.csv,TIME_MACHINE
1993,범위확인필요,직업안정·고용촉진법,241.0,370.0,153.5,1990-2010,132_TX_132_2009_H1003_20260915164522.csv,TIME_MACHINE
1993,범위확인필요,진화방해죄,2.0,,0.0,1990-2010,132_TX_132_2009_H1003_20260915164522.csv,TIME_MACHINE
1993,범위확인필요,집회 및 시위에 관한 법률,111.0,109.0,98.2,1990-2010,132_TX_132_2009_H1003_20260915164522.csv,TIME_MACHINE
1993,범위확인필요,철도법,7.0,8.0,114.3,1990-2010,132_TX_132_2009_H1003_20260915164522.csv,TIME_MACHINE
1993,범위확인필요,체포감금죄,25.0,25.0,100.0,1990-2010,132_TX_132_2009_H1003_20260915164522.csv,TIME_MACHINE
1993,범위확인필요,체포감금치사·상죄,1.0,2.0,200.0,1990-2010,132_TX_132_2009_H1003_20260915164522.csv,TIME_MACHINE
1993,범위확인필요,촉탁·승낙살인죄,1.0,,,1990-2010,132_TX_132_2009_H1003_20260915164522.csv,TIME_MACHINE
1993,범위확인필요,총범죄,345568.0,335598.0,97.1,1990-2010,132_TX_132_2009_H1003_20260915164522.csv,TIME_MACHINE
1993,범위확인필요,총포·도검·화약류단속법,65.0,66.0,101.5,1990-2010,132_TX_132_2009_H1003_20260915164522.csv,TIME_MACHINE
1993,범위확인필요,축산물위생처리법,20.0,25.0,125.0,1990-2010,132_TX_132_2009_H1003_20260915164522.csv,TIME_MACHINE
1993,범위확인필요,컴퓨터프로그램법,10.0,11.0,110.0,1990-2010,132_TX_132_2009_H1003_20260915164522.csv,TIME_MACHINE
1993,범위확인필요,통화위조죄,13.0,6.0,46.2,1990-2010,132_TX_132_2009_H1003_20260915164522.csv,TIME_MACHINE
1993,범위확인필요,특별법범,163379.0,156007.0,95.5,1990-2010,132_TX_132_2009_H1003_20260915164522.csv,TIME_MACHINE
1993,범위확인필요,특수강도죄,365.0,507.0,138.9,1990-2010,132_TX_132_2009_H1003_20260915164522.csv,TIME_MACHINE
1993,범위확인필요,특수절도,3709.0,4722.0,127.3,1990-2010,132_TX_132_2009_H1003_20260915164522.csv,TIME_MACHINE
1993,범위확인필요,특정경제범죄처벌법,44.0,53.0,120.5,1990-2010,132_TX_132_2009_H1003_20260915164522.csv,TIME_MACHINE
1993,범위확인필요,특정범죄가중처벌등에 관한 법률,3237.0,3910.0,120.8,1990-2010,132_TX_132_2009_H1003_20260915164522.csv,TIME_MACHINE
1993,범위확인필요,특허법,20.0,21.0,105.0,1990-2010,132_TX_132_2009_H1003_20260915164522.csv,TIME_MACHINE
1993,범위확인필요,폐기물관리법,124.0,131.0,105.6,1990-2010,132_TX_132_2009_H1003_20260915164522.csv,TIME_MACHINE
1993,범위확인필요,폭력범,59473.0,63671.0,107.1,1990-2010,132_TX_132_2009_H1003_20260915164522.csv,TIME_MACHINE
1993,범위확인필요,폭력행위등처벌에 관한 죄,51018.0,55068.0,107.9,1990-2010,132_TX_132_2009_H1003_20260915164522.csv,TIME_MACHINE
1993,범위확인필요,폭발물에 관한 죄,3.0,1.0,33.3,1990-2010,132_TX_132_2009_H1003_20260915164522.csv,TIME_MACHINE
1993,범위확인필요,폭발물파열죄,2.0,,0.0,1990-2010,132_TX_132_2009_H1003_20260915164522.csv,TIME_MACHINE
1993,범위확인필요,폭행죄,1234.0,1287.0,104.3,1990-2010,132_TX_132_2009_H1003_20260915164522.csv,TIME_MACHINE
1993,범위확인필요,폭행치사·상죄,115.0,116.0,100.9,1990-2010,132_TX_132_2009_H1003_20260915164522.csv,TIME_MACHINE
1993,범위확인필요,풍속범,4776.0,5588.0,117.0,1990-2010,132_TX_132_2009_H1003_20260915164522.csv,TIME_MACHINE
1993,범위확인필요,피의사실공표,1.0,1.0,100.0,1990-2010,132_TX_132_2009_H1003_20260915164522.csv,TIME_MACHINE
1993,범위확인필요,하천법,62.0,59.0,95.2,1990-2010,132_TX_132_2009_H1003_20260915164522.csv,TIME_MACHINE
1993,범위확인필요,학원의설립·운영에관한법률,735.0,753.0,102.4,1990-2010,132_TX_132_2009_H1003_20260915164522.csv,TIME_MACHINE
1993,범위확인필요,합성수지폐기물처리사업법,4.0,4.0,100.0,1990-2010,132_TX_132_2009_H1003_20260915164522.csv,TIME_MACHINE
1993,범위확인필요,해상강도죄,2.0,3.0,150.0,1990-2010,132_TX_132_2009_H1003_20260915164522.csv,TIME_MACHINE
1993,범위확인필요,해양오염방지법,5.0,1.0,20.0,1990-2010,132_TX_132_2009_H1003_20260915164522.csv,TIME_MACHINE
1993,범위확인필요,향정신성의 약품관리법,138.0,217.0,157.2,1990-2010,132_TX_132_2009_H1003_20260915164522.csv,TIME_MACHINE
1993,범위확인필요,향토예비군설치법,22237.0,20860.0,93.8,1990-2010,132_TX_132_2009_H1003_20260915164522.csv,TIME_MACHINE
1993,범위확인필요,허위감정·증거인멸죄,12.0,11.0,91.7,1990-2010,132_TX_132_2009_H1003_20260915164522.csv,TIME_MACHINE
1993,범위확인필요,현재건조물방화치사·상죄,128.0,102.0,79.7,1990-2010,132_TX_132_2009_H1003_20260915164522.csv,TIME_MACHINE
1993,범위확인필요,협박,148.0,139.0,93.9,1990-2010,132_TX_132_2009_H1003_20260915164522.csv,TIME_MACHINE
1993,범위확인필요,형법범,182189.0,179591.0,98.6,1990-2010,132_TX_132_2009_H1003_20260915164522.csv,TIME_MACHINE
1993,범위확인필요,혼인빙자간음죄,220.0,174.0,79.1,1990-2010,132_TX_132_2009_H1003_20260915164522.csv,TIME_MACHINE
1993,범위확인필요,화염병 사용 등 처벌에 관한 법률,13.0,11.0,84.6,1990-2010,132_TX_132_2009_H1003_20260915164522.csv,TIME_MACHINE
1993,범위확인필요,환경범죄특별법위반,6.0,5.0,83.3,1990-2010,132_TX_132_2009_H1003_20260915164522.csv,TIME_MACHINE
1993,범위확인필요,환경오염피해분쟁조정법,5.0,4.0,80.0,1990-2010,132_TX_132_2009_H1003_20260915164522.csv,TIME_MACHINE
1993,범위확인필요,횡령죄,3233.0,2955.0,91.4,1990-2010,132_TX_132_2009_H1003_20260915164522.csv,TIME_MACHINE
1994,범위확인필요,가정의례에 관한 법률,415.0,374.0,90.1,1990-2010,132_TX_132_2009_H1003_20260915164522.csv,TIME_MACHINE
1994,범위확인필요,간통,1347.0,1220.0,90.6,1990-2010,132_TX_132_2009_H1003_20260915164522.csv,TIME_MACHINE
1994,범위확인필요,강간,1419.0,1510.0,106.4,1990-2010,132_TX_132_2009_H1003_20260915164522.csv,TIME_MACHINE
1994,범위확인필요,강간치사(준),1.0,3.0,300.0,1990-2010,132_TX_132_2009_H1003_20260915164522.csv,TIME_MACHINE
1994,범위확인필요,강간치상(준),374.0,383.0,102.4,1990-2010,132_TX_132_2009_H1003_20260915164522.csv,TIME_MACHINE
1994,범위확인필요,강도,1191.0,1231.0,103.4,1990-2010,132_TX_132_2009_H1003_20260915164522.csv,TIME_MACHINE
1994,범위확인필요,강도강간,27.0,24.0,88.9,1990-2010,132_TX_132_2009_H1003_20260915164522.csv,TIME_MACHINE
1994,범위확인필요,강도살인·치사,13.0,15.0,115.4,1990-2010,132_TX_132_2009_H1003_20260915164522.csv,TIME_MACHINE
1994,범위확인필요,강도상해·치상,448.0,467.0,104.2,1990-2010,132_TX_132_2009_H1003_20260915164522.csv,TIME_MACHINE
1994,범위확인필요,강력범,2899.0,2995.0,103.3,1990-2010,132_TX_132_2009_H1003_20260915164522.csv,TIME_MACHINE
1994,범위확인필요,강제추행(준),303.0,289.0,95.4,1990-2010,132_TX_132_2009_H1003_20260915164522.csv,TIME_MACHINE
1994,범위확인필요,강제추행치사(준),,1.0,,1990-2010,132_TX_132_2009_H1003_20260915164522.csv,TIME_MACHINE
1994,범위확인필요,강제추행치상(준),34.0,35.0,102.9,1990-2010,132_TX_132_2009_H1003_20260915164522.csv,TIME_MACHINE
1994,범위확인필요,건설기계관리법,251.0,220.0,87.6,1990-2010,132_TX_132_2009_H1003_20260915164522.csv,TIME_MACHINE
1994,범위확인필요,건설업법,79.0,62.0,78.5,1990-2010,132_TX_132_2009_H1003_20260915164522.csv,TIME_MACHINE
1994,범위확인필요,건축법,3754.0,3659.0,97.5,1990-2010,132_TX_132_2009_H1003_20260915164522.csv,TIME_MACHINE
1994,범위확인필요,결혼약취유인,1.0,1.0,100.0,1990-2010,132_TX_132_2009_H1003_20260915164522.csv,TIME_MACHINE
1994,범위확인필요,경범죄처벌법,41.0,41.0,100.0,1990-2010,132_TX_132_2009_H1003_20260915164522.csv,TIME_MACHINE
1994,범위확인필요,계량법,31.0,25.0,80.6,1990-2010,132_TX_132_2009_H1003_20260915164522.csv,TIME_MACHINE
1994,범위확인필요,고압가스안전관리법,3.0,3.0,100.0,1990-2010,132_TX_132_2009_H1003_20260915164522.csv,TIME_MACHINE
1994,범위확인필요,골재채취법,1.0,3.0,300.0,1990-2010,132_TX_132_2009_H1003_20260915164522.csv,TIME_MACHINE
1994,범위확인필요,공갈,190.0,182.0,95.8,1990-2010,132_TX_132_2009_H1003_20260915164522.csv,TIME_MACHINE
1994,범위확인필요,공무방해에 관한 죄,1729.0,1621.0,93.8,1990-2010,132_TX_132_2009_H1003_20260915164522.csv,TIME_MACHINE
1994,범위확인필요,공무상비밀누설,1.0,1.0,100.0,1990-2010,132_TX_132_2009_H1003_20260915164522.csv,TIME_MACHINE
1994,범위확인필요,공문서위조·변조,493.0,462.0,93.7,1990-2010,132_TX_132_2009_H1003_20260915164522.csv,TIME_MACHINE
1994,범위확인필요,공안을 해하는 죄,16.0,18.0,112.5,1990-2010,132_TX_132_2009_H1003_20260915164522.csv,TIME_MACHINE
1994,범위확인필요,공연법,9.0,9.0,100.0,1990-2010,132_TX_132_2009_H1003_20260915164522.csv,TIME_MACHINE
1994,범위확인필요,공연음란,4.0,3.0,75.0,1990-2010,132_TX_132_2009_H1003_20260915164522.csv,TIME_MACHINE
1994,범위확인필요,공인위조·부정사용행사,57.0,49.0,86.0,1990-2010,132_TX_132_2009_H1003_20260915164522.csv,TIME_MACHINE
1994,범위확인필요,공중위생법,882.0,884.0,100.2,1990-2010,132_TX_132_2009_H1003_20260915164522.csv,TIME_MACHINE
1994,범위확인필요,과실사상의 죄,784.0,766.0,97.7,1990-2010,132_TX_132_2009_H1003_20260915164522.csv,TIME_MACHINE
1994,범위확인필요,관세법,7.0,7.0,100.0,1990-2010,132_TX_132_2009_H1003_20260915164522.csv,TIME_MACHINE
1994,범위확인필요,교통 방해의 죄,68.0,75.0,110.3,1990-2010,132_TX_132_2009_H1003_20260915164522.csv,TIME_MACHINE
1994,범위확인필요,교통사고특례법,42983.0,42985.0,100.0,1990-2010,132_TX_132_2009_H1003_20260915164522.csv,TIME_MACHINE
1994,범위확인필요,구국가보안법,3.0,1.0,33.3,1990-2010,132_TX_132_2009_H1003_20260915164522.csv,TIME_MACHINE
1994,범위확인필요,국가보안법,98.0,113.0,115.3,1990-2010,132_TX_132_2009_H1003_20260915164522.csv,TIME_MACHINE
1994,범위확인필요,국외이송약취유인,1.0,1.0,100.0,1990-2010,132_TX_132_2009_H1003_20260915164522.csv,TIME_MACHINE
1994,범위확인필요,권리행사를 방해하는 죄,542.0,513.0,94.6,1990-2010,132_TX_132_2009_H1003_20260915164522.csv,TIME_MACHINE
1994,범위확인필요,근로기준법,1.0,1.0,100.0,1990-2010,132_TX_132_2009_H1003_20260915164522.csv,TIME_MACHINE
1994,범위확인필요,기타통화에 관한 죄,16.0,9.0,56.3,1990-2010,132_TX_132_2009_H1003_20260915164522.csv,TIME_MACHINE
1994,범위확인필요,기타특별법,3669.0,3431.0,93.5,1990-2010,132_TX_132_2009_H1003_20260915164522.csv,TIME_MACHINE
1994,범위확인필요,기타형법범,6607.0,6052.0,91.6,1990-2010,132_TX_132_2009_H1003_20260915164522.csv,TIME_MACHINE
1994,범위확인필요,낙태의 죄,6.0,4.0,66.7,1990-2010,132_TX_132_2009_H1003_20260915164522.csv,TIME_MACHINE
1994,범위확인필요,노동쟁의조정법,2.0,2.0,100.0,1990-2010,132_TX_132_2009_H1003_20260915164522.csv,TIME_MACHINE
1994,범위확인필요,농수산물 유통 및 가격안정에 관한 법률,2.0,2.0,100.0,1990-2010,132_TX_132_2009_H1003_20260915164522.csv,TIME_MACHINE
1994,범위확인필요,농지의 보전 및 이용에 관한 법률,9.0,8.0,88.9,1990-2010,132_TX_132_2009_H1003_20260915164522.csv,TIME_MACHINE
1994,범위확인필요,뇌물수수·요구·약속,7.0,6.0,85.7,1990-2010,132_TX_132_2009_H1003_20260915164522.csv,TIME_MACHINE
1994,범위확인필요,대기환경보전법,168.0,152.0,90.5,1990-2010,132_TX_132_2009_H1003_20260915164522.csv,TIME_MACHINE
1994,범위확인필요,대마관리법,69.0,75.0,108.7,1990-2010,132_TX_132_2009_H1003_20260915164522.csv,TIME_MACHINE
1994,범위확인필요,도로교통법(교통사고),51019.0,50161.0,98.3,1990-2010,132_TX_132_2009_H1003_20260915164522.csv,TIME_MACHINE
1994,범위확인필요,도로법,4204.0,4361.0,103.7,1990-2010,132_TX_132_2009_H1003_20260915164522.csv,TIME_MACHINE
1994,범위확인필요,도박,1275.0,1297.0,101.7,1990-2010,132_TX_132_2009_H1003_20260915164522.csv,TIME_MACHINE
1994,범위확인필요,도박개장,30.0,33.0,110.0,1990-2010,132_TX_132_2009_H1003_20260915164522.csv,TIME_MACHINE
1994,범위확인필요,도시가스사업법,18.0,16.0,88.9,1990-2010,132_TX_132_2009_H1003_20260915164522.csv,TIME_MACHINE
1994,범위확인필요,도시계획법,576.0,560.0,97.2,1990-2010,132_TX_132_2009_H1003_20260915164522.csv,TIME_MACHINE
1994,범위확인필요,도주와 도주원조죄,4.0,2.0,50.0,1990-2010,132_TX_132_2009_H1003_20260915164522.csv,TIME_MACHINE
1994,범위확인필요,독점규제 및 공정거래에 관한 법률,2.0,2.0,100.0,1990-2010,132_TX_132_2009_H1003_20260915164522.csv,TIME_MACHINE
1994,범위확인필요,독직폭행·가혹행위,2.0,3.0,150.0,1990-2010,132_TX_132_2009_H1003_20260915164522.csv,TIME_MACHINE
1994,범위확인필요,마약법,55.0,57.0,103.6,1990-2010,132_TX_132_2009_H1003_20260915164522.csv,TIME_MACHINE
1994,범위확인필요,매장 및 묘지등에 관한 법률,13.0,17.0,130.8,1990-2010,132_TX_132_2009_H1003_20260915164522.csv,TIME_MACHINE
1994,범위확인필요,명예에 관한 죄,730.0,659.0,90.3,1990-2010,132_TX_132_2009_H1003_20260915164522.csv,TIME_MACHINE
1994,범위확인필요,무고의 죄,428.0,404.0,94.4,1990-2010,132_TX_132_2009_H1003_20260915164522.csv,TIME_MACHINE
1994,범위확인필요,물가안정에 관한 법률,,1.0,,1990-2010,132_TX_132_2009_H1003_20260915164522.csv,TIME_MACHINE
1994,범위확인필요,미성년자등간음·추행(심신미약자),40.0,42.0,105.0,1990-2010,132_TX_132_2009_H1003_20260915164522.csv,TIME_MACHINE
1994,범위확인필요,미성년자보호법,117.0,109.0,93.2,1990-2010,132_TX_132_2009_H1003_20260915164522.csv,TIME_MACHINE
1994,범위확인필요,미성년자약취유인,18.0,17.0,94.4,1990-2010,132_TX_132_2009_H1003_20260915164522.csv,TIME_MACHINE
1994,범위확인필요,미성년자의 제강간(강제추행강간살인),85.0,84.0,98.8,1990-2010,132_TX_132_2009_H1003_20260915164522.csv,TIME_MACHINE
1994,범위확인필요,민방위기본법,501.0,576.0,115.0,1990-2010,132_TX_132_2009_H1003_20260915164522.csv,TIME_MACHINE
1994,범위확인필요,민법,1.0,,0.0,1990-2010,132_TX_132_2009_H1003_20260915164522.csv,TIME_MACHINE
1994,범위확인필요,밀항단속법,7.0,9.0,128.6,1990-2010,132_TX_132_2009_H1003_20260915164522.csv,TIME_MACHINE
1994,범위확인필요,방문판매등에 관한 법률,46.0,37.0,80.4,1990-2010,132_TX_132_2009_H1003_20260915164522.csv,TIME_MACHINE
1994,범위확인필요,방화,161.0,133.0,82.6,1990-2010,132_TX_132_2009_H1003_20260915164522.csv,TIME_MACHINE
1994,범위확인필요,방화연소,10.0,9.0,90.0,1990-2010,132_TX_132_2009_H1003_20260915164522.csv,TIME_MACHINE
1994,범위확인필요,배임,1044.0,886.0,84.9,1990-2010,132_TX_132_2009_H1003_20260915164522.csv,TIME_MACHINE
1994,범위확인필요,배임수재,8.0,10.0,125.0,1990-2010,132_TX_132_2009_H1003_20260915164522.csv,TIME_MACHINE
1994,범위확인필요,배임증재,2.0,2.0,100.0,1990-2010,132_TX_132_2009_H1003_20260915164522.csv,TIME_MACHINE
1994,범위확인필요,범인은닉·범인도피죄,31.0,35.0,112.9,1990-2010,132_TX_132_2009_H1003_20260915164522.csv,TIME_MACHINE
1994,범위확인필요,변호사법,111.0,98.0,88.3,1990-2010,132_TX_132_2009_H1003_20260915164522.csv,TIME_MACHINE
1994,범위확인필요,병역법,10097.0,9540.0,94.5,1990-2010,132_TX_132_2009_H1003_20260915164522.csv,TIME_MACHINE
1994,범위확인필요,보건범죄특조법(부정식품),5.0,9.0,180.0,1990-2010,132_TX_132_2009_H1003_20260915164522.csv,TIME_MACHINE
1994,범위확인필요,보건범죄특조법(부정유독물),1.0,,0.0,1990-2010,132_TX_132_2009_H1003_20260915164522.csv,TIME_MACHINE
1994,범위확인필요,보건범죄특조법(부정의료업자),38.0,35.0,92.1,1990-2010,132_TX_132_2009_H1003_20260915164522.csv,TIME_MACHINE
1994,범위확인필요,부녀매매,11.0,12.0,109.1,1990-2010,132_TX_132_2009_H1003_20260915164522.csv,TIME_MACHINE
1994,범위확인필요,부녀매매(상습),1.0,1.0,100.0,1990-2010,132_TX_132_2009_H1003_20260915164522.csv,TIME_MACHINE
1994,범위확인필요,부당이득,31.0,31.0,100.0,1990-2010,132_TX_132_2009_H1003_20260915164522.csv,TIME_MACHINE
1994,범위확인필요,부동산중개업법,154.0,149.0,96.8,1990-2010,132_TX_132_2009_H1003_20260915164522.csv,TIME_MACHINE
1994,범위확인필요,부정경쟁방지법,37.0,33.0,89.2,1990-2010,132_TX_132_2009_H1003_20260915164522.csv,TIME_MACHINE
1994,범위확인필요,부정수표단속법,30110.0,17170.0,57.0,1990-2010,132_TX_132_2009_H1003_20260915164522.csv,TIME_MACHINE
1994,범위확인필요,비밀침해죄,,1.0,,1990-2010,132_TX_132_2009_H1003_20260915164522.csv,TIME_MACHINE
1994,범위확인필요,사기,42011.0,27854.0,66.3,1990-2010,132_TX_132_2009_H1003_20260915164522.csv,TIME_MACHINE
1994,범위확인필요,사기(상습),37.0,33.0,89.2,1990-2010,132_TX_132_2009_H1003_20260915164522.csv,TIME_MACHINE
1994,범위확인필요,사문서위조·변조,1172.0,1031.0,88.0,1990-2010,132_TX_132_2009_H1003_20260915164522.csv,TIME_MACHINE
1994,범위확인필요,사설강습소에 관한법률,1.0,1.0,100.0,1990-2010,132_TX_132_2009_H1003_20260915164522.csv,TIME_MACHINE
1994,범위확인필요,"사인등위조, 부정사용행사",10.0,10.0,100.0,1990-2010,132_TX_132_2009_H1003_20260915164522.csv,TIME_MACHINE
1994,범위확인필요,사행행위등 규제 및 처벌특례법,146.0,140.0,95.9,1990-2010,132_TX_132_2009_H1003_20260915164522.csv,TIME_MACHINE
1994,범위확인필요,산림법,8.0,12.0,150.0,1990-2010,132_TX_132_2009_H1003_20260915164522.csv,TIME_MACHINE
1994,범위확인필요,산업안전보건법,6.0,5.0,83.3,1990-2010,132_TX_132_2009_H1003_20260915164522.csv,TIME_MACHINE
1994,범위확인필요,살인,128.0,121.0,94.5,1990-2010,132_TX_132_2009_H1003_20260915164522.csv,TIME_MACHINE
1994,범위확인필요,상법,4.0,3.0,75.0,1990-2010,132_TX_132_2009_H1003_20260915164522.csv,TIME_MACHINE
1994,범위확인필요,상습도박,74.0,86.0,116.2,1990-2010,132_TX_132_2009_H1003_20260915164522.csv,TIME_MACHINE
1994,범위확인필요,상습절도,109.0,94.0,86.2,1990-2010,132_TX_132_2009_H1003_20260915164522.csv,TIME_MACHINE
1994,범위확인필요,상습폭행,1.0,1.0,100.0,1990-2010,132_TX_132_2009_H1003_20260915164522.csv,TIME_MACHINE
1994,범위확인필요,상표법,163.0,163.0,100.0,1990-2010,132_TX_132_2009_H1003_20260915164522.csv,TIME_MACHINE
1994,범위확인필요,상품권법,6.0,2.0,33.3,1990-2010,132_TX_132_2009_H1003_20260915164522.csv,TIME_MACHINE
1994,범위확인필요,상해,6284.0,6232.0,99.2,1990-2010,132_TX_132_2009_H1003_20260915164522.csv,TIME_MACHINE
1994,범위확인필요,상해(중),1.0,2.0,200.0,1990-2010,132_TX_132_2009_H1003_20260915164522.csv,TIME_MACHINE
1994,범위확인필요,상해치사,30.0,29.0,96.7,1990-2010,132_TX_132_2009_H1003_20260915164522.csv,TIME_MACHINE
1994,범위확인필요,상호신용금고법,3.0,2.0,66.7,1990-2010,132_TX_132_2009_H1003_20260915164522.csv,TIME_MACHINE
1994,범위확인필요,새마을금고법,2.0,2.0,100.0,1990-2010,132_TX_132_2009_H1003_20260915164522.csv,TIME_MACHINE
1994,범위확인필요,성폭력범죄의 처벌 및 피해자보호에 관한 법,313.0,320.0,102.2,1990-2010,132_TX_132_2009_H1003_20260915164522.csv,TIME_MACHINE
1994,범위확인필요,소년법,,1.0,,1990-2010,132_TX_132_2009_H1003_20260915164522.csv,TIME_MACHINE
1994,범위확인필요,소비자보호법,1.0,,0.0,1990-2010,132_TX_132_2009_H1003_20260915164522.csv,TIME_MACHINE
1994,범위확인필요,소음·진동규제법,19.0,18.0,94.7,1990-2010,132_TX_132_2009_H1003_20260915164522.csv,TIME_MACHINE
1994,범위확인필요,손괴의죄,962.0,899.0,93.5,1990-2010,132_TX_132_2009_H1003_20260915164522.csv,TIME_MACHINE
1994,범위확인필요,수도법,32.0,36.0,112.5,1990-2010,132_TX_132_2009_H1003_20260915164522.csv,TIME_MACHINE
1994,범위확인필요,수질환경보전법,103.0,103.0,100.0,1990-2010,132_TX_132_2009_H1003_20260915164522.csv,TIME_MACHINE
1994,범위확인필요,수표법,2.0,2.0,100.0,1990-2010,132_TX_132_2009_H1003_20260915164522.csv,TIME_MACHINE
1994,범위확인필요,식품위생법,15325.0,14971.0,97.7,1990-2010,132_TX_132_2009_H1003_20260915164522.csv,TIME_MACHINE
1994,범위확인필요,신앙에 관한 죄,6.0,5.0,83.3,1990-2010,132_TX_132_2009_H1003_20260915164522.csv,TIME_MACHINE
1994,범위확인필요,신용·업무와 경매에 관한 죄,534.0,517.0,96.8,1990-2010,132_TX_132_2009_H1003_20260915164522.csv,TIME_MACHINE
1994,범위확인필요,신용조사업법,2.0,3.0,150.0,1990-2010,132_TX_132_2009_H1003_20260915164522.csv,TIME_MACHINE
1994,범위확인필요,신용카드업법,497.0,456.0,91.8,1990-2010,132_TX_132_2009_H1003_20260915164522.csv,TIME_MACHINE
1994,범위확인필요,실용신안법,42.0,36.0,85.7,1990-2010,132_TX_132_2009_H1003_20260915164522.csv,TIME_MACHINE
1994,범위확인필요,실화 및 업무상실화죄,600.0,336.0,56.0,1990-2010,132_TX_132_2009_H1003_20260915164522.csv,TIME_MACHINE
1994,범위확인필요,아동복지법,13.0,13.0,100.0,1990-2010,132_TX_132_2009_H1003_20260915164522.csv,TIME_MACHINE
1994,범위확인필요,액화석유가스의 안전 및 사업관리법,27.0,31.0,114.8,1990-2010,132_TX_132_2009_H1003_20260915164522.csv,TIME_MACHINE
1994,범위확인필요,야간주거침입절도,711.0,704.0,99.0,1990-2010,132_TX_132_2009_H1003_20260915164522.csv,TIME_MACHINE
1994,범위확인필요,약사법,244.0,239.0,98.0,1990-2010,132_TX_132_2009_H1003_20260915164522.csv,TIME_MACHINE
1994,범위확인필요,약취강도,1.0,1.0,100.0,1990-2010,132_TX_132_2009_H1003_20260915164522.csv,TIME_MACHINE
1994,범위확인필요,양곡관리법,3.0,4.0,133.3,1990-2010,132_TX_132_2009_H1003_20260915164522.csv,TIME_MACHINE
1994,범위확인필요,업무상배임,323.0,281.0,87.0,1990-2010,132_TX_132_2009_H1003_20260915164522.csv,TIME_MACHINE
1994,범위확인필요,업무상횡령,1992.0,1667.0,83.7,1990-2010,132_TX_132_2009_H1003_20260915164522.csv,TIME_MACHINE
1994,범위확인필요,여권법,7.0,8.0,114.3,1990-2010,132_TX_132_2009_H1003_20260915164522.csv,TIME_MACHINE
1994,범위확인필요,오수·분뇨 및 축산폐수의 처리에 관한 법률,13.0,16.0,123.1,1990-2010,132_TX_132_2009_H1003_20260915164522.csv,TIME_MACHINE
1994,범위확인필요,외환관리법,906.0,698.0,77.0,1990-2010,132_TX_132_2009_H1003_20260915164522.csv,TIME_MACHINE
1994,범위확인필요,용역경비업법,1.0,1.0,100.0,1990-2010,132_TX_132_2009_H1003_20260915164522.csv,TIME_MACHINE
1994,범위확인필요,우표(인지)등위(변)조,1.0,1.0,100.0,1990-2010,132_TX_132_2009_H1003_20260915164522.csv,TIME_MACHINE
1994,범위확인필요,위증죄,512.0,481.0,93.9,1990-2010,132_TX_132_2009_H1003_20260915164522.csv,TIME_MACHINE
1994,범위확인필요,유가증권위(변)조,589.0,356.0,60.4,1990-2010,132_TX_132_2009_H1003_20260915164522.csv,TIME_MACHINE
1994,범위확인필요,유기의 죄,28.0,21.0,75.0,1990-2010,132_TX_132_2009_H1003_20260915164522.csv,TIME_MACHINE
1994,범위확인필요,유기장업법,2.0,2.0,100.0,1990-2010,132_TX_132_2009_H1003_20260915164522.csv,TIME_MACHINE
1994,범위확인필요,유실물 표류물 점유이탈물 매장물횡령,606.0,588.0,97.0,1990-2010,132_TX_132_2009_H1003_20260915164522.csv,TIME_MACHINE
1994,범위확인필요,유해화학물질관리법,597.0,620.0,103.9,1990-2010,132_TX_132_2009_H1003_20260915164522.csv,TIME_MACHINE
1994,범위확인필요,유해화학물질관리법(본드등),33.0,25.0,75.8,1990-2010,132_TX_132_2009_H1003_20260915164522.csv,TIME_MACHINE
1994,범위확인필요,윤락행위등방지법,140.0,124.0,88.6,1990-2010,132_TX_132_2009_H1003_20260915164522.csv,TIME_MACHINE
1994,범위확인필요,음반 및 비디오물에 관한 법률,318.0,313.0,98.4,1990-2010,132_TX_132_2009_H1003_20260915164522.csv,TIME_MACHINE
1994,범위확인필요,음반에관한법률,13.0,12.0,92.3,1990-2010,132_TX_132_2009_H1003_20260915164522.csv,TIME_MACHINE
1994,범위확인필요,음용수에 관한 죄,3.0,3.0,100.0,1990-2010,132_TX_132_2009_H1003_20260915164522.csv,TIME_MACHINE
1994,범위확인필요,음화등반포(판매·임대·전시·제조),58.0,59.0,101.7,1990-2010,132_TX_132_2009_H1003_20260915164522.csv,TIME_MACHINE
1994,범위확인필요,의료법,129.0,125.0,96.9,1990-2010,132_TX_132_2009_H1003_20260915164522.csv,TIME_MACHINE
1994,범위확인필요,의료보험법,2.0,2.0,100.0,1990-2010,132_TX_132_2009_H1003_20260915164522.csv,TIME_MACHINE
1994,범위확인필요,의장법,74.0,71.0,95.9,1990-2010,132_TX_132_2009_H1003_20260915164522.csv,TIME_MACHINE
1994,범위확인필요,이용사 및 미용사법,1.0,,0.0,1990-2010,132_TX_132_2009_H1003_20260915164522.csv,TIME_MACHINE
1994,범위확인필요,인장업법,12.0,12.0,100.0,1990-2010,132_TX_132_2009_H1003_20260915164522.csv,TIME_MACHINE
1994,범위확인필요,일반(건조물등)방화,19.0,13.0,68.4,1990-2010,132_TX_132_2009_H1003_20260915164522.csv,TIME_MACHINE
1994,범위확인필요,일수와 수리에 관한 죄,1.0,1.0,100.0,1990-2010,132_TX_132_2009_H1003_20260915164522.csv,TIME_MACHINE
1994,범위확인필요,자기소유(건조물등)방화,6.0,6.0,100.0,1990-2010,132_TX_132_2009_H1003_20260915164522.csv,TIME_MACHINE
1994,범위확인필요,자동차관리법,16110.0,12916.0,80.2,1990-2010,132_TX_132_2009_H1003_20260915164522.csv,TIME_MACHINE
1994,범위확인필요,자동차운수사업법,429.0,416.0,97.0,1990-2010,132_TX_132_2009_H1003_20260915164522.csv,TIME_MACHINE
1994,범위확인필요,장물에 관한죄,270.0,294.0,108.9,1990-2010,132_TX_132_2009_H1003_20260915164522.csv,TIME_MACHINE
1994,범위확인필요,저작권법,1030.0,777.0,75.4,1990-2010,132_TX_132_2009_H1003_20260915164522.csv,TIME_MACHINE
1994,범위확인필요,전투경찰대설치법,51.0,17.0,33.3,1990-2010,132_TX_132_2009_H1003_20260915164522.csv,TIME_MACHINE
1994,범위확인필요,전파관리법,1.0,1.0,100.0,1990-2010,132_TX_132_2009_H1003_20260915164522.csv,TIME_MACHINE
1994,범위확인필요,절도,10854.0,8061.0,74.3,1990-2010,132_TX_132_2009_H1003_20260915164522.csv,TIME_MACHINE
1994,범위확인필요,절도범,15684.0,13041.0,83.1,1990-2010,132_TX_132_2009_H1003_20260915164522.csv,TIME_MACHINE
1994,범위확인필요,조세범처벌법,75.0,47.0,62.7,1990-2010,132_TX_132_2009_H1003_20260915164522.csv,TIME_MACHINE
1994,범위확인필요,조수보호 및 수렵에 관한 법률,6.0,5.0,83.3,1990-2010,132_TX_132_2009_H1003_20260915164522.csv,TIME_MACHINE
1994,범위확인필요,존속살해,6.0,6.0,100.0,1990-2010,132_TX_132_2009_H1003_20260915164522.csv,TIME_MACHINE
1994,범위확인필요,존속상해,110.0,101.0,91.8,1990-2010,132_TX_132_2009_H1003_20260915164522.csv,TIME_MACHINE
1994,범위확인필요,존속상해(상습),2.0,1.0,50.0,1990-2010,132_TX_132_2009_H1003_20260915164522.csv,TIME_MACHINE
1994,범위확인필요,존속체포감금,1.0,2.0,200.0,1990-2010,132_TX_132_2009_H1003_20260915164522.csv,TIME_MACHINE
1994,범위확인필요,존속폭행,68.0,71.0,104.4,1990-2010,132_TX_132_2009_H1003_20260915164522.csv,TIME_MACHINE
1994,범위확인필요,존속폭행(상습),3.0,3.0,100.0,1990-2010,132_TX_132_2009_H1003_20260915164522.csv,TIME_MACHINE
1994,범위확인필요,존속폭행치사,2.0,2.0,100.0,1990-2010,132_TX_132_2009_H1003_20260915164522.csv,TIME_MACHINE
1994,범위확인필요,존속폭행치상,1.0,1.0,100.0,1990-2010,132_TX_132_2009_H1003_20260915164522.csv,TIME_MACHINE
1994,범위확인필요,존속협박,1.0,,0.0,1990-2010,132_TX_132_2009_H1003_20260915164522.csv,TIME_MACHINE
1994,범위확인필요,주거침입의 죄,291.0,274.0,94.2,1990-2010,132_TX_132_2009_H1003_20260915164522.csv,TIME_MACHINE
1994,범위확인필요,주민등록법,37.0,33.0,89.2,1990-2010,132_TX_132_2009_H1003_20260915164522.csv,TIME_MACHINE
1994,범위확인필요,주차장법,703.0,678.0,96.4,1990-2010,132_TX_132_2009_H1003_20260915164522.csv,TIME_MACHINE
1994,범위확인필요,준강간,27.0,27.0,100.0,1990-2010,132_TX_132_2009_H1003_20260915164522.csv,TIME_MACHINE
1994,범위확인필요,준강도,57.0,61.0,107.0,1990-2010,132_TX_132_2009_H1003_20260915164522.csv,TIME_MACHINE
1994,범위확인필요,준사기,1.0,1.0,100.0,1990-2010,132_TX_132_2009_H1003_20260915164522.csv,TIME_MACHINE
1994,범위확인필요,준특수강도,1.0,1.0,100.0,1990-2010,132_TX_132_2009_H1003_20260915164522.csv,TIME_MACHINE
1994,범위확인필요,지능범,52165.0,36473.0,69.9,1990-2010,132_TX_132_2009_H1003_20260915164522.csv,TIME_MACHINE
1994,범위확인필요,직권남용(권리행사방해체포·감금),9.0,8.0,88.9,1990-2010,132_TX_132_2009_H1003_20260915164522.csv,TIME_MACHINE
1994,범위확인필요,직무유기·수행거부,147.0,142.0,96.6,1990-2010,132_TX_132_2009_H1003_20260915164522.csv,TIME_MACHINE
1994,범위확인필요,직업안정 및 고용촉진에 관한 법률,51.0,53.0,103.9,1990-2010,132_TX_132_2009_H1003_20260915164522.csv,TIME_MACHINE
1994,범위확인필요,직업안정법,53.0,52.0,98.1,1990-2010,132_TX_132_2009_H1003_20260915164522.csv,TIME_MACHINE
1994,범위확인필요,집회 및 시위에 관한 법률,72.0,63.0,87.5,1990-2010,132_TX_132_2009_H1003_20260915164522.csv,TIME_MACHINE
1994,범위확인필요,철도법,3.0,4.0,133.3,1990-2010,132_TX_132_2009_H1003_20260915164522.csv,TIME_MACHINE
1994,범위확인필요,체포·감금치사·상(중·특수·상습),2.0,2.0,100.0,1990-2010,132_TX_132_2009_H1003_20260915164522.csv,TIME_MACHINE
1994,범위확인필요,체포감금,21.0,20.0,95.2,1990-2010,132_TX_132_2009_H1003_20260915164522.csv,TIME_MACHINE
1994,범위확인필요,체포감금(중),1.0,,0.0,1990-2010,132_TX_132_2009_H1003_20260915164522.csv,TIME_MACHINE
1994,범위확인필요,체포감금(특수),1.0,1.0,100.0,1990-2010,132_TX_132_2009_H1003_20260915164522.csv,TIME_MACHINE
1994,범위확인필요,총범죄,348843.0,308254.0,88.4,1990-2010,132_TX_132_2009_H1003_20260915164522.csv,TIME_MACHINE
1994,범위확인필요,총포·도검·화약류단속법,99.0,99.0,100.0,1990-2010,132_TX_132_2009_H1003_20260915164522.csv,TIME_MACHINE
1994,범위확인필요,추행·간음·영리·약취유인,10.0,15.0,150.0,1990-2010,132_TX_132_2009_H1003_20260915164522.csv,TIME_MACHINE
1994,범위확인필요,축산물위생처리법,58.0,59.0,101.7,1990-2010,132_TX_132_2009_H1003_20260915164522.csv,TIME_MACHINE
1994,범위확인필요,출입국관리법,2.0,1.0,50.0,1990-2010,132_TX_132_2009_H1003_20260915164522.csv,TIME_MACHINE
1994,범위확인필요,컴퓨터프로그램보호법,5.0,3.0,60.0,1990-2010,132_TX_132_2009_H1003_20260915164522.csv,TIME_MACHINE
1994,범위확인필요,통화위(변)조,1.0,,0.0,1990-2010,132_TX_132_2009_H1003_20260915164522.csv,TIME_MACHINE
1994,범위확인필요,특가법(간음약취),1.0,,0.0,1990-2010,132_TX_132_2009_H1003_20260915164522.csv,TIME_MACHINE
1994,범위확인필요,특가법(간음유인),1.0,1.0,100.0,1990-2010,132_TX_132_2009_H1003_20260915164522.csv,TIME_MACHINE
1994,범위확인필요,특가법(강도),38.0,47.0,123.7,1990-2010,132_TX_132_2009_H1003_20260915164522.csv,TIME_MACHINE
1994,범위확인필요,특가법(강도강간),21.0,11.0,52.4,1990-2010,132_TX_132_2009_H1003_20260915164522.csv,TIME_MACHINE
1994,범위확인필요,특가법(강도상해재범),2.0,3.0,150.0,1990-2010,132_TX_132_2009_H1003_20260915164522.csv,TIME_MACHINE
1994,범위확인필요,특가법(관세),3.0,2.0,66.7,1990-2010,132_TX_132_2009_H1003_20260915164522.csv,TIME_MACHINE
1994,범위확인필요,특가법(국외이송유인),24.0,24.0,100.0,1990-2010,132_TX_132_2009_H1003_20260915164522.csv,TIME_MACHINE
1994,범위확인필요,특가법(도주차량),1917.0,1316.0,68.6,1990-2010,132_TX_132_2009_H1003_20260915164522.csv,TIME_MACHINE
1994,범위확인필요,특가법(독직폭행),1.0,1.0,100.0,1990-2010,132_TX_132_2009_H1003_20260915164522.csv,TIME_MACHINE
1994,범위확인필요,특가법(미성년자약취),2.0,2.0,100.0,1990-2010,132_TX_132_2009_H1003_20260915164522.csv,TIME_MACHINE
1994,범위확인필요,특가법(미성년자약취유인),3.0,3.0,100.0,1990-2010,132_TX_132_2009_H1003_20260915164522.csv,TIME_MACHINE
1994,범위확인필요,특가법(미성년자유인),3.0,4.0,133.3,1990-2010,132_TX_132_2009_H1003_20260915164522.csv,TIME_MACHINE
1994,범위확인필요,특가법(범죄단체조직),1.0,2.0,200.0,1990-2010,132_TX_132_2009_H1003_20260915164522.csv,TIME_MACHINE
1994,범위확인필요,특가법(보복범죄등),3.0,3.0,100.0,1990-2010,132_TX_132_2009_H1003_20260915164522.csv,TIME_MACHINE
1994,범위확인필요,특가법(알선수재),1.0,1.0,100.0,1990-2010,132_TX_132_2009_H1003_20260915164522.csv,TIME_MACHINE
1994,범위확인필요,특가법(영리약취),1.0,1.0,100.0,1990-2010,132_TX_132_2009_H1003_20260915164522.csv,TIME_MACHINE
1994,범위확인필요,특가법(영리약취·유인),4.0,6.0,150.0,1990-2010,132_TX_132_2009_H1003_20260915164522.csv,TIME_MACHINE
1994,범위확인필요,특가법(영리유인),8.0,11.0,137.5,1990-2010,132_TX_132_2009_H1003_20260915164522.csv,TIME_MACHINE
1994,범위확인필요,특가법(장물),7.0,6.0,85.7,1990-2010,132_TX_132_2009_H1003_20260915164522.csv,TIME_MACHINE
1994,범위확인필요,특가법(절도),640.0,649.0,101.4,1990-2010,132_TX_132_2009_H1003_20260915164522.csv,TIME_MACHINE
1994,범위확인필요,특가법(통화),,1.0,,1990-2010,132_TX_132_2009_H1003_20260915164522.csv,TIME_MACHINE
1994,범위확인필요,특가법(특수강간),69.0,150.0,217.4,1990-2010,132_TX_132_2009_H1003_20260915164522.csv,TIME_MACHINE
1994,범위확인필요,특경법(공갈),1.0,1.0,100.0,1990-2010,132_TX_132_2009_H1003_20260915164522.csv,TIME_MACHINE
1994,범위확인필요,특경법(배임),11.0,13.0,118.2,1990-2010,132_TX_132_2009_H1003_20260915164522.csv,TIME_MACHINE
1994,범위확인필요,특경법(사기),78.0,54.0,69.2,1990-2010,132_TX_132_2009_H1003_20260915164522.csv,TIME_MACHINE
1994,범위확인필요,특경법(알선수재),1.0,1.0,100.0,1990-2010,132_TX_132_2009_H1003_20260915164522.csv,TIME_MACHINE
1994,범위확인필요,특경법(재산국외도피),2.0,,0.0,1990-2010,132_TX_132_2009_H1003_20260915164522.csv,TIME_MACHINE
1994,범위확인필요,특경법(횡령),17.0,10.0,58.8,1990-2010,132_TX_132_2009_H1003_20260915164522.csv,TIME_MACHINE
1994,범위확인필요,특별법범,207800.0,187017.0,90.0,1990-2010,132_TX_132_2009_H1003_20260915164522.csv,TIME_MACHINE
1994,범위확인필요,특수강도,385.0,433.0,112.5,1990-2010,132_TX_132_2009_H1003_20260915164522.csv,TIME_MACHINE
1994,범위확인필요,특수절도,3360.0,3523.0,104.9,1990-2010,132_TX_132_2009_H1003_20260915164522.csv,TIME_MACHINE
1994,범위확인필요,특수절도(상습),10.0,10.0,100.0,1990-2010,132_TX_132_2009_H1003_20260915164522.csv,TIME_MACHINE
1994,범위확인필요,특허법,12.0,13.0,108.3,1990-2010,132_TX_132_2009_H1003_20260915164522.csv,TIME_MACHINE
1994,범위확인필요,폐기물관리법,151.0,151.0,100.0,1990-2010,132_TX_132_2009_H1003_20260915164522.csv,TIME_MACHINE
1994,범위확인필요,폭력범,60618.0,59761.0,98.6,1990-2010,132_TX_132_2009_H1003_20260915164522.csv,TIME_MACHINE
1994,범위확인필요,폭력행위등처벌에 관한 법률 위반,51189.0,50558.0,98.8,1990-2010,132_TX_132_2009_H1003_20260915164522.csv,TIME_MACHINE
1994,범위확인필요,폭행,1395.0,1306.0,93.6,1990-2010,132_TX_132_2009_H1003_20260915164522.csv,TIME_MACHINE
1994,범위확인필요,폭행치사,41.0,37.0,90.2,1990-2010,132_TX_132_2009_H1003_20260915164522.csv,TIME_MACHINE
1994,범위확인필요,폭행치상,82.0,87.0,106.1,1990-2010,132_TX_132_2009_H1003_20260915164522.csv,TIME_MACHINE
1994,범위확인필요,풍속범,3070.0,2915.0,95.0,1990-2010,132_TX_132_2009_H1003_20260915164522.csv,TIME_MACHINE
1994,범위확인필요,풍속영업의 규제에 관한 법률,2341.0,2305.0,98.5,1990-2010,132_TX_132_2009_H1003_20260915164522.csv,TIME_MACHINE
1994,범위확인필요,피보호자(감호자)간음,4.0,5.0,125.0,1990-2010,132_TX_132_2009_H1003_20260915164522.csv,TIME_MACHINE
1994,범위확인필요,하수도법,2.0,2.0,100.0,1990-2010,132_TX_132_2009_H1003_20260915164522.csv,TIME_MACHINE
1994,범위확인필요,하천법,26.0,26.0,100.0,1990-2010,132_TX_132_2009_H1003_20260915164522.csv,TIME_MACHINE
1994,범위확인필요,학원의설립·운영에관한법률,222.0,227.0,102.3,1990-2010,132_TX_132_2009_H1003_20260915164522.csv,TIME_MACHINE
1994,범위확인필요,향정신성의 약품관리법,137.0,161.0,117.5,1990-2010,132_TX_132_2009_H1003_20260915164522.csv,TIME_MACHINE
1994,범위확인필요,향토예비군설치법,15389.0,13986.0,90.9,1990-2010,132_TX_132_2009_H1003_20260915164522.csv,TIME_MACHINE
1994,범위확인필요,허위감정·증거인멸은닉·증인은닉죄,17.0,16.0,94.1,1990-2010,132_TX_132_2009_H1003_20260915164522.csv,TIME_MACHINE
1994,범위확인필요,현주(현존)자동차방화,8.0,6.0,75.0,1990-2010,132_TX_132_2009_H1003_20260915164522.csv,TIME_MACHINE
1994,범위확인필요,현주·현존(건조물등)방화,13.0,94.0,83.2,1990-2010,132_TX_132_2009_H1003_20260915164522.csv,TIME_MACHINE
1994,범위확인필요,현주·현존(건조물등)방화치사,2.0,3.0,150.0,1990-2010,132_TX_132_2009_H1003_20260915164522.csv,TIME_MACHINE
1994,범위확인필요,현주·현존(건조물등)방화치상,3.0,2.0,66.7,1990-2010,132_TX_132_2009_H1003_20260915164522.csv,TIME_MACHINE
1994,범위확인필요,협박,140.0,124.0,88.6,1990-2010,132_TX_132_2009_H1003_20260915164522.csv,TIME_MACHINE
1994,범위확인필요,형법범,141043.0,121237.0,86.0,1990-2010,132_TX_132_2009_H1003_20260915164522.csv,TIME_MACHINE
1994,범위확인필요,형사소송법,1.0,1.0,100.0,1990-2010,132_TX_132_2009_H1003_20260915164522.csv,TIME_MACHINE
1994,범위확인필요,형의실효등에 관한 법률,1.0,1.0,100.0,1990-2010,132_TX_132_2009_H1003_20260915164522.csv,TIME_MACHINE
1994,범위확인필요,혼인빙자간음,278.0,214.0,77.0,1990-2010,132_TX_132_2009_H1003_20260915164522.csv,TIME_MACHINE
1994,범위확인필요,혼인빙자간음(위계간음),4.0,3.0,75.0,1990-2010,132_TX_132_2009_H1003_20260915164522.csv,TIME_MACHINE
1994,범위확인필요,화염병사용등의 처벌에 관한 법률,3.0,3.0,100.0,1990-2010,132_TX_132_2009_H1003_20260915164522.csv,TIME_MACHINE
1994,범위확인필요,환경범죄의 처벌에 관한 특별조치법,1.0,1.0,100.0,1990-2010,132_TX_132_2009_H1003_20260915164522.csv,TIME_MACHINE
1994,범위확인필요,환경보전법,4.0,4.0,100.0,1990-2010,132_TX_132_2009_H1003_20260915164522.csv,TIME_MACHINE
1994,범위확인필요,횡령,3366.0,2828.0,84.0,1990-2010,132_TX_132_2009_H1003_20260915164522.csv,TIME_MACHINE
1995,범위확인필요,가정의례에 관한 법률,207.0,194.0,93.7,1990-2010,132_TX_132_2009_H1003_20260915164522.csv,TIME_MACHINE
1995,범위확인필요,간통,1251.0,1157.0,92.5,1990-2010,132_TX_132_2009_H1003_20260915164522.csv,TIME_MACHINE
1995,범위확인필요,강간,1134.0,1114.0,98.2,1990-2010,132_TX_132_2009_H1003_20260915164522.csv,TIME_MACHINE
1995,범위확인필요,강간치사(준),1.0,1.0,100.0,1990-2010,132_TX_132_2009_H1003_20260915164522.csv,TIME_MACHINE
1995,범위확인필요,강간치상(준),306.0,311.0,101.6,1990-2010,132_TX_132_2009_H1003_20260915164522.csv,TIME_MACHINE
1995,범위확인필요,강도,957.0,943.0,98.5,1990-2010,132_TX_132_2009_H1003_20260915164522.csv,TIME_MACHINE
1995,범위확인필요,강도강간,26.0,23.0,88.5,1990-2010,132_TX_132_2009_H1003_20260915164522.csv,TIME_MACHINE
1995,범위확인필요,강도살인·치사,7.0,8.0,114.3,1990-2010,132_TX_132_2009_H1003_20260915164522.csv,TIME_MACHINE
1995,범위확인필요,강도상해·치상,397.0,412.0,103.8,1990-2010,132_TX_132_2009_H1003_20260915164522.csv,TIME_MACHINE
1995,범위확인필요,강력범,2355.0,2307.0,98.0,1990-2010,132_TX_132_2009_H1003_20260915164522.csv,TIME_MACHINE
1995,범위확인필요,강제추행(준),268.0,262.0,97.8,1990-2010,132_TX_132_2009_H1003_20260915164522.csv,TIME_MACHINE
1995,범위확인필요,강제추행치사(준),1.0,,0.0,1990-2010,132_TX_132_2009_H1003_20260915164522.csv,TIME_MACHINE
1995,범위확인필요,강제추행치상(준),46.0,44.0,95.7,1990-2010,132_TX_132_2009_H1003_20260915164522.csv,TIME_MACHINE
1995,범위확인필요,건설기계관리법,1.0,9.0,900.0,1990-2010,132_TX_132_2009_H1003_20260915164522.csv,TIME_MACHINE
1995,범위확인필요,건설업법,158.0,141.0,89.2,1990-2010,132_TX_132_2009_H1003_20260915164522.csv,TIME_MACHINE
1995,범위확인필요,건축법,3116.0,3089.0,99.1,1990-2010,132_TX_132_2009_H1003_20260915164522.csv,TIME_MACHINE
1995,범위확인필요,결혼약취유인,1.0,1.0,100.0,1990-2010,132_TX_132_2009_H1003_20260915164522.csv,TIME_MACHINE
1995,범위확인필요,경범죄처벌법,54.0,53.0,98.1,1990-2010,132_TX_132_2009_H1003_20260915164522.csv,TIME_MACHINE
1995,범위확인필요,계량법,,1.0,,1990-2010,132_TX_132_2009_H1003_20260915164522.csv,TIME_MACHINE
1995,범위확인필요,고압가스안전관리법,10.0,10.0,100.0,1990-2010,132_TX_132_2009_H1003_20260915164522.csv,TIME_MACHINE
1995,범위확인필요,공갈,231.0,234.0,101.3,1990-2010,132_TX_132_2009_H1003_20260915164522.csv,TIME_MACHINE
1995,범위확인필요,공무방해에 관한 죄,1578.0,1490.0,94.4,1990-2010,132_TX_132_2009_H1003_20260915164522.csv,TIME_MACHINE
1995,범위확인필요,공무상비밀누설,1.0,,0.0,1990-2010,132_TX_132_2009_H1003_20260915164522.csv,TIME_MACHINE
1995,범위확인필요,공문서위조·변조,489.0,455.0,93.0,1990-2010,132_TX_132_2009_H1003_20260915164522.csv,TIME_MACHINE
1995,범위확인필요,공안을 해하는 죄,23.0,28.0,121.7,1990-2010,132_TX_132_2009_H1003_20260915164522.csv,TIME_MACHINE
1995,범위확인필요,공연법,7.0,7.0,100.0,1990-2010,132_TX_132_2009_H1003_20260915164522.csv,TIME_MACHINE
1995,범위확인필요,공연음란,2.0,2.0,100.0,1990-2010,132_TX_132_2009_H1003_20260915164522.csv,TIME_MACHINE
1995,범위확인필요,공인위조·부정사용행사,51.0,44.0,86.3,1990-2010,132_TX_132_2009_H1003_20260915164522.csv,TIME_MACHINE
1995,범위확인필요,공중위생법,1172.0,1172.0,100.0,1990-2010,132_TX_132_2009_H1003_20260915164522.csv,TIME_MACHINE
1995,범위확인필요,과실사상의 죄,689.0,683.0,99.1,1990-2010,132_TX_132_2009_H1003_20260915164522.csv,TIME_MACHINE
1995,범위확인필요,관세법,4.0,2.0,50.0,1990-2010,132_TX_132_2009_H1003_20260915164522.csv,TIME_MACHINE
1995,범위확인필요,교통 방해의 죄,16.0,18.0,112.5,1990-2010,132_TX_132_2009_H1003_20260915164522.csv,TIME_MACHINE
1995,범위확인필요,교통사고특례법,38942.0,38907.0,99.9,1990-2010,132_TX_132_2009_H1003_20260915164522.csv,TIME_MACHINE
1995,범위확인필요,국가보안법,49.0,55.0,112.2,1990-2010,132_TX_132_2009_H1003_20260915164522.csv,TIME_MACHINE
1995,범위확인필요,권리행사를 방해하는 죄,552.0,537.0,97.3,1990-2010,132_TX_132_2009_H1003_20260915164522.csv,TIME_MACHINE
1995,범위확인필요,근로기준법,6.0,4.0,66.7,1990-2010,132_TX_132_2009_H1003_20260915164522.csv,TIME_MACHINE
1995,범위확인필요,기타통화에 관한 죄,5.0,3.0,60.0,1990-2010,132_TX_132_2009_H1003_20260915164522.csv,TIME_MACHINE
1995,범위확인필요,기타특별법,4193.0,3779.0,90.1,1990-2010,132_TX_132_2009_H1003_20260915164522.csv,TIME_MACHINE
1995,범위확인필요,기타형법범,6077.0,5597.0,92.1,1990-2010,132_TX_132_2009_H1003_20260915164522.csv,TIME_MACHINE
1995,범위확인필요,낙태의 죄,1.0,1.0,100.0,1990-2010,132_TX_132_2009_H1003_20260915164522.csv,TIME_MACHINE
1995,범위확인필요,농수산물 유통 및 가격안정에 관한 법률,1.0,1.0,100.0,1990-2010,132_TX_132_2009_H1003_20260915164522.csv,TIME_MACHINE
1995,범위확인필요,농지의 보전 및 이용에 관한 법률,13.0,20.0,153.8,1990-2010,132_TX_132_2009_H1003_20260915164522.csv,TIME_MACHINE
1995,범위확인필요,뇌물공여·약속·의사표시,82.0,86.0,104.9,1990-2010,132_TX_132_2009_H1003_20260915164522.csv,TIME_MACHINE
1995,범위확인필요,뇌물수수·요구·약속,16.0,14.0,87.5,1990-2010,132_TX_132_2009_H1003_20260915164522.csv,TIME_MACHINE
1995,범위확인필요,대기환경보전법,128.0,131.0,102.3,1990-2010,132_TX_132_2009_H1003_20260915164522.csv,TIME_MACHINE
1995,범위확인필요,대마관리법,78.0,78.0,100.0,1990-2010,132_TX_132_2009_H1003_20260915164522.csv,TIME_MACHINE
1995,범위확인필요,도로교통법(교통사고),61955.0,61861.0,99.8,1990-2010,132_TX_132_2009_H1003_20260915164522.csv,TIME_MACHINE
1995,범위확인필요,도로법,2296.0,2697.0,117.5,1990-2010,132_TX_132_2009_H1003_20260915164522.csv,TIME_MACHINE
1995,범위확인필요,도박,1459.0,1470.0,100.8,1990-2010,132_TX_132_2009_H1003_20260915164522.csv,TIME_MACHINE
1995,범위확인필요,도박개장,34.0,41.0,120.6,1990-2010,132_TX_132_2009_H1003_20260915164522.csv,TIME_MACHINE
1995,범위확인필요,도시가스사업법,41.0,42.0,102.4,1990-2010,132_TX_132_2009_H1003_20260915164522.csv,TIME_MACHINE
1995,범위확인필요,도시계획법,530.0,554.0,104.5,1990-2010,132_TX_132_2009_H1003_20260915164522.csv,TIME_MACHINE
1995,범위확인필요,도주와 도주원조죄,6.0,2.0,33.3,1990-2010,132_TX_132_2009_H1003_20260915164522.csv,TIME_MACHINE
1995,범위확인필요,독물 및 극물에 관한 법률,1.0,,0.0,1990-2010,132_TX_132_2009_H1003_20260915164522.csv,TIME_MACHINE
1995,범위확인필요,마약법,22.0,24.0,109.1,1990-2010,132_TX_132_2009_H1003_20260915164522.csv,TIME_MACHINE
1995,범위확인필요,매장 및 묘지등에 관한 법률,7.0,8.0,114.3,1990-2010,132_TX_132_2009_H1003_20260915164522.csv,TIME_MACHINE
1995,범위확인필요,명예에 관한 죄,685.0,623.0,90.9,1990-2010,132_TX_132_2009_H1003_20260915164522.csv,TIME_MACHINE
1995,범위확인필요,무고의 죄,439.0,416.0,94.8,1990-2010,132_TX_132_2009_H1003_20260915164522.csv,TIME_MACHINE
1995,범위확인필요,문화재보호법,3.0,4.0,133.3,1990-2010,132_TX_132_2009_H1003_20260915164522.csv,TIME_MACHINE
1995,범위확인필요,미성년자등간음·추행(심신미약자),32.0,27.0,84.4,1990-2010,132_TX_132_2009_H1003_20260915164522.csv,TIME_MACHINE
1995,범위확인필요,미성년자보호법,201.0,204.0,101.5,1990-2010,132_TX_132_2009_H1003_20260915164522.csv,TIME_MACHINE
1995,범위확인필요,미성년자약취유인,11.0,11.0,100.0,1990-2010,132_TX_132_2009_H1003_20260915164522.csv,TIME_MACHINE
1995,범위확인필요,미성년자의 제강간(강제추행강간살인),67.0,60.0,89.6,1990-2010,132_TX_132_2009_H1003_20260915164522.csv,TIME_MACHINE
1995,범위확인필요,민방위기본법,7.0,75.0,1071.4,1990-2010,132_TX_132_2009_H1003_20260915164522.csv,TIME_MACHINE
1995,범위확인필요,밀항단속법,1.0,9.0,900.0,1990-2010,132_TX_132_2009_H1003_20260915164522.csv,TIME_MACHINE
1995,범위확인필요,방문판매등에 관한 법률,35.0,32.0,91.4,1990-2010,132_TX_132_2009_H1003_20260915164522.csv,TIME_MACHINE
1995,범위확인필요,방화,125.0,107.0,85.6,1990-2010,132_TX_132_2009_H1003_20260915164522.csv,TIME_MACHINE
1995,범위확인필요,방화연소,12.0,9.0,75.0,1990-2010,132_TX_132_2009_H1003_20260915164522.csv,TIME_MACHINE
1995,범위확인필요,배임,988.0,882.0,89.3,1990-2010,132_TX_132_2009_H1003_20260915164522.csv,TIME_MACHINE
1995,범위확인필요,배임수재,19.0,11.0,57.9,1990-2010,132_TX_132_2009_H1003_20260915164522.csv,TIME_MACHINE
1995,범위확인필요,배임증재,3.0,5.0,166.7,1990-2010,132_TX_132_2009_H1003_20260915164522.csv,TIME_MACHINE
1995,범위확인필요,범인은닉·범인도피죄,24.0,26.0,108.3,1990-2010,132_TX_132_2009_H1003_20260915164522.csv,TIME_MACHINE
1995,범위확인필요,변호사법,109.0,107.0,98.2,1990-2010,132_TX_132_2009_H1003_20260915164522.csv,TIME_MACHINE
1995,범위확인필요,병역법,8443.0,8129.0,96.3,1990-2010,132_TX_132_2009_H1003_20260915164522.csv,TIME_MACHINE
1995,범위확인필요,보건범죄특조법(부정식품),10.0,12.0,120.0,1990-2010,132_TX_132_2009_H1003_20260915164522.csv,TIME_MACHINE
1995,범위확인필요,보건범죄특조법(부정의료업자),81.0,82.0,101.2,1990-2010,132_TX_132_2009_H1003_20260915164522.csv,TIME_MACHINE
1995,범위확인필요,보건범죄특조법(부정의약품),13.0,11.0,84.6,1990-2010,132_TX_132_2009_H1003_20260915164522.csv,TIME_MACHINE
1995,범위확인필요,부녀매매,5.0,5.0,100.0,1990-2010,132_TX_132_2009_H1003_20260915164522.csv,TIME_MACHINE
1995,범위확인필요,부당이득,33.0,31.0,93.9,1990-2010,132_TX_132_2009_H1003_20260915164522.csv,TIME_MACHINE
1995,범위확인필요,부동산중개업법,159.0,159.0,100.0,1990-2010,132_TX_132_2009_H1003_20260915164522.csv,TIME_MACHINE
1995,범위확인필요,부정경쟁방지법,49.0,43.0,87.8,1990-2010,132_TX_132_2009_H1003_20260915164522.csv,TIME_MACHINE
1995,범위확인필요,부정수표단속법,35731.0,22383.0,62.6,1990-2010,132_TX_132_2009_H1003_20260915164522.csv,TIME_MACHINE
1995,범위확인필요,비밀침해죄,2.0,,,1990-2010,132_TX_132_2009_H1003_20260915164522.csv,TIME_MACHINE
1995,범위확인필요,사기,55526.0,39876.0,71.8,1990-2010,132_TX_132_2009_H1003_20260915164522.csv,TIME_MACHINE
1995,범위확인필요,사기(상습),25.0,32.0,128.0,1990-2010,132_TX_132_2009_H1003_20260915164522.csv,TIME_MACHINE
1995,범위확인필요,사문서위조·변조,1108.0,966.0,87.2,1990-2010,132_TX_132_2009_H1003_20260915164522.csv,TIME_MACHINE
1995,범위확인필요,사인등위조·부정사용행사,13.0,8.0,61.5,1990-2010,132_TX_132_2009_H1003_20260915164522.csv,TIME_MACHINE
1995,범위확인필요,사행행위등 규제 및 처벌특례법,49.0,54.0,110.2,1990-2010,132_TX_132_2009_H1003_20260915164522.csv,TIME_MACHINE
1995,범위확인필요,산림법,13.0,12.0,92.3,1990-2010,132_TX_132_2009_H1003_20260915164522.csv,TIME_MACHINE
1995,범위확인필요,산업안전보건법,9.0,9.0,100.0,1990-2010,132_TX_132_2009_H1003_20260915164522.csv,TIME_MACHINE
1995,범위확인필요,살인,139.0,143.0,102.9,1990-2010,132_TX_132_2009_H1003_20260915164522.csv,TIME_MACHINE
1995,범위확인필요,상법,3.0,3.0,100.0,1990-2010,132_TX_132_2009_H1003_20260915164522.csv,TIME_MACHINE
1995,범위확인필요,상습(특수·인질·해상강도),4.0,4.0,100.0,1990-2010,132_TX_132_2009_H1003_20260915164522.csv,TIME_MACHINE
1995,범위확인필요,상습도박,62.0,73.0,117.7,1990-2010,132_TX_132_2009_H1003_20260915164522.csv,TIME_MACHINE
1995,범위확인필요,상습절도,51.0,50.0,98.0,1990-2010,132_TX_132_2009_H1003_20260915164522.csv,TIME_MACHINE
1995,범위확인필요,상표법,194.0,198.0,102.1,1990-2010,132_TX_132_2009_H1003_20260915164522.csv,TIME_MACHINE
1995,범위확인필요,상품권법,2.0,1.0,50.0,1990-2010,132_TX_132_2009_H1003_20260915164522.csv,TIME_MACHINE
1995,범위확인필요,상해,5847.0,5789.0,99.0,1990-2010,132_TX_132_2009_H1003_20260915164522.csv,TIME_MACHINE
1995,범위확인필요,상해(중),5.0,3.0,60.0,1990-2010,132_TX_132_2009_H1003_20260915164522.csv,TIME_MACHINE
1995,범위확인필요,상해치사,47.0,44.0,93.6,1990-2010,132_TX_132_2009_H1003_20260915164522.csv,TIME_MACHINE
1995,범위확인필요,상호신용금고법,1.0,1.0,100.0,1990-2010,132_TX_132_2009_H1003_20260915164522.csv,TIME_MACHINE
1995,범위확인필요,새마을금고법,1.0,1.0,100.0,1990-2010,132_TX_132_2009_H1003_20260915164522.csv,TIME_MACHINE
1995,범위확인필요,선거방해,1.0,2.0,200.0,1990-2010,132_TX_132_2009_H1003_20260915164522.csv,TIME_MACHINE
1995,범위확인필요,성폭력범죄의 처벌 및 피해자보호에 관한 법,242.0,254.0,105.0,1990-2010,132_TX_132_2009_H1003_20260915164522.csv,TIME_MACHINE
1995,범위확인필요,소비자보호법,1.0,1.0,100.0,1990-2010,132_TX_132_2009_H1003_20260915164522.csv,TIME_MACHINE
1995,범위확인필요,소음·진동규제법,23.0,23.0,100.0,1990-2010,132_TX_132_2009_H1003_20260915164522.csv,TIME_MACHINE
1995,범위확인필요,손괴의죄,940.0,869.0,92.4,1990-2010,132_TX_132_2009_H1003_20260915164522.csv,TIME_MACHINE
1995,범위확인필요,수도법,51.0,47.0,92.2,1990-2010,132_TX_132_2009_H1003_20260915164522.csv,TIME_MACHINE
1995,범위확인필요,수질환경보전법,76.0,79.0,103.9,1990-2010,132_TX_132_2009_H1003_20260915164522.csv,TIME_MACHINE
1995,범위확인필요,식품위생법,13305.0,13290.0,99.9,1990-2010,132_TX_132_2009_H1003_20260915164522.csv,TIME_MACHINE
1995,범위확인필요,신앙에 관한 죄,9.0,7.0,77.8,1990-2010,132_TX_132_2009_H1003_20260915164522.csv,TIME_MACHINE
1995,범위확인필요,신용·업무와 경매에 관한 죄,478.0,474.0,99.2,1990-2010,132_TX_132_2009_H1003_20260915164522.csv,TIME_MACHINE
1995,범위확인필요,신용조사업법,4.0,4.0,100.0,1990-2010,132_TX_132_2009_H1003_20260915164522.csv,TIME_MACHINE
1995,범위확인필요,신용카드업법,610.0,604.0,99.0,1990-2010,132_TX_132_2009_H1003_20260915164522.csv,TIME_MACHINE
1995,범위확인필요,실용신안법,46.0,47.0,102.2,1990-2010,132_TX_132_2009_H1003_20260915164522.csv,TIME_MACHINE
1995,범위확인필요,실화 및 업무상실화죄,563.0,301.0,53.5,1990-2010,132_TX_132_2009_H1003_20260915164522.csv,TIME_MACHINE
1995,범위확인필요,아동복지법,15.0,15.0,100.0,1990-2010,132_TX_132_2009_H1003_20260915164522.csv,TIME_MACHINE
1995,범위확인필요,액화석유가스의 안전 및 사업관리법,22.0,23.0,104.5,1990-2010,132_TX_132_2009_H1003_20260915164522.csv,TIME_MACHINE
1995,범위확인필요,야간주거침입절도,627.0,655.0,104.5,1990-2010,132_TX_132_2009_H1003_20260915164522.csv,TIME_MACHINE
1995,범위확인필요,약사법,232.0,231.0,99.6,1990-2010,132_TX_132_2009_H1003_20260915164522.csv,TIME_MACHINE
1995,범위확인필요,약취강도,2.0,1.0,50.0,1990-2010,132_TX_132_2009_H1003_20260915164522.csv,TIME_MACHINE
1995,범위확인필요,어업자원보호,1.0,1.0,100.0,1990-2010,132_TX_132_2009_H1003_20260915164522.csv,TIME_MACHINE
1995,범위확인필요,업무상배임,280.0,232.0,82.9,1990-2010,132_TX_132_2009_H1003_20260915164522.csv,TIME_MACHINE
1995,범위확인필요,업무상횡령,2047.0,1837.0,89.7,1990-2010,132_TX_132_2009_H1003_20260915164522.csv,TIME_MACHINE
1995,범위확인필요,여권법,7.0,4.0,57.1,1990-2010,132_TX_132_2009_H1003_20260915164522.csv,TIME_MACHINE
1995,범위확인필요,영아살해,1.0,1.0,100.0,1990-2010,132_TX_132_2009_H1003_20260915164522.csv,TIME_MACHINE
1995,범위확인필요,오수·분뇨 및 축산폐수의 처리에 관한 법률,9.0,6.0,66.7,1990-2010,132_TX_132_2009_H1003_20260915164522.csv,TIME_MACHINE
1995,범위확인필요,외환관리법,368.0,369.0,100.3,1990-2010,132_TX_132_2009_H1003_20260915164522.csv,TIME_MACHINE
1995,범위확인필요,용역경비업법,4.0,4.0,100.0,1990-2010,132_TX_132_2009_H1003_20260915164522.csv,TIME_MACHINE
1995,범위확인필요,우표(인지)등위(변)조,1.0,1.0,100.0,1990-2010,132_TX_132_2009_H1003_20260915164522.csv,TIME_MACHINE
1995,범위확인필요,위계·위력·촉탁·승락살인,1.0,1.0,100.0,1990-2010,132_TX_132_2009_H1003_20260915164522.csv,TIME_MACHINE
1995,범위확인필요,위증죄,472.0,441.0,93.4,1990-2010,132_TX_132_2009_H1003_20260915164522.csv,TIME_MACHINE
1995,범위확인필요,유가증권위(변)조,616.0,404.0,65.6,1990-2010,132_TX_132_2009_H1003_20260915164522.csv,TIME_MACHINE
1995,범위확인필요,유기의 죄,26.0,20.0,76.9,1990-2010,132_TX_132_2009_H1003_20260915164522.csv,TIME_MACHINE
1995,범위확인필요,유선 및 도선업법,1.0,1.0,100.0,1990-2010,132_TX_132_2009_H1003_20260915164522.csv,TIME_MACHINE
1995,범위확인필요,유실물 표류물 점유이탈물 매장물횡령,627.0,630.0,100.5,1990-2010,132_TX_132_2009_H1003_20260915164522.csv,TIME_MACHINE
1995,범위확인필요,유해화학물질관리법,916.0,948.0,103.5,1990-2010,132_TX_132_2009_H1003_20260915164522.csv,TIME_MACHINE
1995,범위확인필요,유해화학물질관리법(본드등),123.0,119.0,96.7,1990-2010,132_TX_132_2009_H1003_20260915164522.csv,TIME_MACHINE
1995,범위확인필요,윤락행위등방지법,123.0,121.0,98.4,1990-2010,132_TX_132_2009_H1003_20260915164522.csv,TIME_MACHINE
1995,범위확인필요,음반 및 비디오물에 관한 법률,429.0,434.0,101.2,1990-2010,132_TX_132_2009_H1003_20260915164522.csv,TIME_MACHINE
1995,범위확인필요,음반에관한법률,19.0,21.0,110.5,1990-2010,132_TX_132_2009_H1003_20260915164522.csv,TIME_MACHINE
1995,범위확인필요,음용수에 관한 죄,3.0,3.0,100.0,1990-2010,132_TX_132_2009_H1003_20260915164522.csv,TIME_MACHINE
1995,범위확인필요,음화등반포(판매·임대·전시·제조),83.0,82.0,98.8,1990-2010,132_TX_132_2009_H1003_20260915164522.csv,TIME_MACHINE
1995,범위확인필요,의료법,91.0,90.0,98.9,1990-2010,132_TX_132_2009_H1003_20260915164522.csv,TIME_MACHINE
1995,범위확인필요,의료보험법,1.0,1.0,100.0,1990-2010,132_TX_132_2009_H1003_20260915164522.csv,TIME_MACHINE
1995,범위확인필요,의장법,97.0,92.0,94.8,1990-2010,132_TX_132_2009_H1003_20260915164522.csv,TIME_MACHINE
1995,범위확인필요,인장업법,13.0,14.0,107.7,1990-2010,132_TX_132_2009_H1003_20260915164522.csv,TIME_MACHINE
1995,범위확인필요,일반(건조물등)방화,18.0,11.0,61.1,1990-2010,132_TX_132_2009_H1003_20260915164522.csv,TIME_MACHINE
1995,범위확인필요,일수와 수리에 관한 죄,1.0,2.0,200.0,1990-2010,132_TX_132_2009_H1003_20260915164522.csv,TIME_MACHINE
1995,범위확인필요,자기소유(건조물등)방화,5.0,6.0,120.0,1990-2010,132_TX_132_2009_H1003_20260915164522.csv,TIME_MACHINE
1995,범위확인필요,자동차관리법,10085.0,9002.0,89.3,1990-2010,132_TX_132_2009_H1003_20260915164522.csv,TIME_MACHINE
1995,범위확인필요,자동차운수사업법,323.0,330.0,102.2,1990-2010,132_TX_132_2009_H1003_20260915164522.csv,TIME_MACHINE
1995,범위확인필요,자살교사·방조,1.0,1.0,100.0,1990-2010,132_TX_132_2009_H1003_20260915164522.csv,TIME_MACHINE
1995,범위확인필요,장물에 관한죄,231.0,255.0,110.4,1990-2010,132_TX_132_2009_H1003_20260915164522.csv,TIME_MACHINE
1995,범위확인필요,저작권법,1383.0,1092.0,79.0,1990-2010,132_TX_132_2009_H1003_20260915164522.csv,TIME_MACHINE
1995,범위확인필요,전투경찰대설치법,35.0,30.0,85.7,1990-2010,132_TX_132_2009_H1003_20260915164522.csv,TIME_MACHINE
1995,범위확인필요,절도,11692.0,7307.0,62.5,1990-2010,132_TX_132_2009_H1003_20260915164522.csv,TIME_MACHINE
1995,범위확인필요,절도범,15906.0,11657.0,73.3,1990-2010,132_TX_132_2009_H1003_20260915164522.csv,TIME_MACHINE
1995,범위확인필요,조세범처벌법,35.0,32.0,91.4,1990-2010,132_TX_132_2009_H1003_20260915164522.csv,TIME_MACHINE
1995,범위확인필요,조수보호 및 수렵에 관한 법률,4.0,3.0,75.0,1990-2010,132_TX_132_2009_H1003_20260915164522.csv,TIME_MACHINE
1995,범위확인필요,존속살해,6.0,7.0,116.7,1990-2010,132_TX_132_2009_H1003_20260915164522.csv,TIME_MACHINE
1995,범위확인필요,존속상해,122.0,122.0,100.0,1990-2010,132_TX_132_2009_H1003_20260915164522.csv,TIME_MACHINE
1995,범위확인필요,존속상해(상습),5.0,5.0,100.0,1990-2010,132_TX_132_2009_H1003_20260915164522.csv,TIME_MACHINE
1995,범위확인필요,존속상해(중),1.0,1.0,100.0,1990-2010,132_TX_132_2009_H1003_20260915164522.csv,TIME_MACHINE
1995,범위확인필요,존속상해치사,,2.0,,1990-2010,132_TX_132_2009_H1003_20260915164522.csv,TIME_MACHINE
1995,범위확인필요,존속체포감금(특수),1.0,1.0,100.0,1990-2010,132_TX_132_2009_H1003_20260915164522.csv,TIME_MACHINE
1995,범위확인필요,존속폭행,66.0,66.0,100.0,1990-2010,132_TX_132_2009_H1003_20260915164522.csv,TIME_MACHINE
1995,범위확인필요,존속폭행(상습),2.0,2.0,100.0,1990-2010,132_TX_132_2009_H1003_20260915164522.csv,TIME_MACHINE
1995,범위확인필요,존속폭행치사,2.0,1.0,50.0,1990-2010,132_TX_132_2009_H1003_20260915164522.csv,TIME_MACHINE
1995,범위확인필요,존속폭행치상,3.0,3.0,100.0,1990-2010,132_TX_132_2009_H1003_20260915164522.csv,TIME_MACHINE
1995,범위확인필요,존속협박,8.0,5.0,62.5,1990-2010,132_TX_132_2009_H1003_20260915164522.csv,TIME_MACHINE
1995,범위확인필요,주거침입의 죄,250.0,240.0,96.0,1990-2010,132_TX_132_2009_H1003_20260915164522.csv,TIME_MACHINE
1995,범위확인필요,주민등록법,30.0,29.0,96.7,1990-2010,132_TX_132_2009_H1003_20260915164522.csv,TIME_MACHINE
1995,범위확인필요,주차장법,554.0,534.0,96.4,1990-2010,132_TX_132_2009_H1003_20260915164522.csv,TIME_MACHINE
1995,범위확인필요,준강간,19.0,17.0,89.5,1990-2010,132_TX_132_2009_H1003_20260915164522.csv,TIME_MACHINE
1995,범위확인필요,준강도,57.0,55.0,96.5,1990-2010,132_TX_132_2009_H1003_20260915164522.csv,TIME_MACHINE
1995,범위확인필요,준사기,1.0,3.0,300.0,1990-2010,132_TX_132_2009_H1003_20260915164522.csv,TIME_MACHINE
1995,범위확인필요,지능범,65694.0,48806.0,74.3,1990-2010,132_TX_132_2009_H1003_20260915164522.csv,TIME_MACHINE
1995,범위확인필요,직권남용(권리행사방해체포·감금),10.0,9.0,90.0,1990-2010,132_TX_132_2009_H1003_20260915164522.csv,TIME_MACHINE
1995,범위확인필요,직무유기·수행거부,37.0,36.0,97.3,1990-2010,132_TX_132_2009_H1003_20260915164522.csv,TIME_MACHINE
1995,범위확인필요,직업안정 및 고용촉진에 관한 법률,3.0,6.0,200.0,1990-2010,132_TX_132_2009_H1003_20260915164522.csv,TIME_MACHINE
1995,범위확인필요,직업안정법,216.0,221.0,102.3,1990-2010,132_TX_132_2009_H1003_20260915164522.csv,TIME_MACHINE
1995,범위확인필요,집회 및 시위에 관한 법률,121.0,117.0,96.7,1990-2010,132_TX_132_2009_H1003_20260915164522.csv,TIME_MACHINE
1995,범위확인필요,철도법,4.0,5.0,125.0,1990-2010,132_TX_132_2009_H1003_20260915164522.csv,TIME_MACHINE
1995,범위확인필요,체포·감금치사·상(중·특수·상습),3.0,3.0,100.0,1990-2010,132_TX_132_2009_H1003_20260915164522.csv,TIME_MACHINE
1995,범위확인필요,체포감금,22.0,18.0,81.8,1990-2010,132_TX_132_2009_H1003_20260915164522.csv,TIME_MACHINE
1995,범위확인필요,체포감금(특수),2.0,2.0,100.0,1990-2010,132_TX_132_2009_H1003_20260915164522.csv,TIME_MACHINE
1995,범위확인필요,촉탁·승락살인,1.0,1.0,100.0,1990-2010,132_TX_132_2009_H1003_20260915164522.csv,TIME_MACHINE
1995,범위확인필요,총범죄,353976.0,314632.0,88.9,1990-2010,132_TX_132_2009_H1003_20260915164522.csv,TIME_MACHINE
1995,범위확인필요,총포·도검·화약류단속법,78.0,82.0,105.1,1990-2010,132_TX_132_2009_H1003_20260915164522.csv,TIME_MACHINE
1995,범위확인필요,추행·간음·영리·약취유인,12.0,13.0,108.3,1990-2010,132_TX_132_2009_H1003_20260915164522.csv,TIME_MACHINE
1995,범위확인필요,축산물위생처리법,16.0,19.0,118.8,1990-2010,132_TX_132_2009_H1003_20260915164522.csv,TIME_MACHINE
1995,범위확인필요,출입국관리법,6.0,8.0,133.3,1990-2010,132_TX_132_2009_H1003_20260915164522.csv,TIME_MACHINE
1995,범위확인필요,컴퓨터프로그램보호법,10.0,11.0,110.0,1990-2010,132_TX_132_2009_H1003_20260915164522.csv,TIME_MACHINE
1995,범위확인필요,통화위(변)조,2.0,1.0,50.0,1990-2010,132_TX_132_2009_H1003_20260915164522.csv,TIME_MACHINE
1995,범위확인필요,특가법(간음유인),2.0,2.0,100.0,1990-2010,132_TX_132_2009_H1003_20260915164522.csv,TIME_MACHINE
1995,범위확인필요,특가법(강도),33.0,37.0,112.1,1990-2010,132_TX_132_2009_H1003_20260915164522.csv,TIME_MACHINE
1995,범위확인필요,특가법(강도강간),1.0,1.0,100.0,1990-2010,132_TX_132_2009_H1003_20260915164522.csv,TIME_MACHINE
1995,범위확인필요,특가법(국외이송약취),1.0,1.0,100.0,1990-2010,132_TX_132_2009_H1003_20260915164522.csv,TIME_MACHINE
1995,범위확인필요,특가법(국외이송유인),1.0,1.0,100.0,1990-2010,132_TX_132_2009_H1003_20260915164522.csv,TIME_MACHINE
1995,범위확인필요,특가법(뇌물),4.0,3.0,75.0,1990-2010,132_TX_132_2009_H1003_20260915164522.csv,TIME_MACHINE
1995,범위확인필요,특가법(도주차량),1956.0,1426.0,72.9,1990-2010,132_TX_132_2009_H1003_20260915164522.csv,TIME_MACHINE
1995,범위확인필요,특가법(마약),1.0,1.0,100.0,1990-2010,132_TX_132_2009_H1003_20260915164522.csv,TIME_MACHINE
1995,범위확인필요,특가법(미성년자약취),2.0,2.0,100.0,1990-2010,132_TX_132_2009_H1003_20260915164522.csv,TIME_MACHINE
1995,범위확인필요,특가법(미성년자약취유인),3.0,5.0,166.7,1990-2010,132_TX_132_2009_H1003_20260915164522.csv,TIME_MACHINE
1995,범위확인필요,특가법(미성년자유인),3.0,1.0,33.3,1990-2010,132_TX_132_2009_H1003_20260915164522.csv,TIME_MACHINE
1995,범위확인필요,특가법(범죄단체조직),1.0,1.0,100.0,1990-2010,132_TX_132_2009_H1003_20260915164522.csv,TIME_MACHINE
1995,범위확인필요,특가법(보복범죄등),4.0,4.0,100.0,1990-2010,132_TX_132_2009_H1003_20260915164522.csv,TIME_MACHINE
1995,범위확인필요,특가법(알선수재),1.0,1.0,100.0,1990-2010,132_TX_132_2009_H1003_20260915164522.csv,TIME_MACHINE
1995,범위확인필요,특가법(영리약취·유인),4.0,4.0,100.0,1990-2010,132_TX_132_2009_H1003_20260915164522.csv,TIME_MACHINE
1995,범위확인필요,특가법(영리유인),8.0,5.0,62.5,1990-2010,132_TX_132_2009_H1003_20260915164522.csv,TIME_MACHINE
1995,범위확인필요,특가법(장물),2.0,3.0,150.0,1990-2010,132_TX_132_2009_H1003_20260915164522.csv,TIME_MACHINE
1995,범위확인필요,특가법(절도),396.0,418.0,105.6,1990-2010,132_TX_132_2009_H1003_20260915164522.csv,TIME_MACHINE
1995,범위확인필요,특가법(조세),2.0,3.0,150.0,1990-2010,132_TX_132_2009_H1003_20260915164522.csv,TIME_MACHINE
1995,범위확인필요,특가법(특수강간),4.0,18.0,450.0,1990-2010,132_TX_132_2009_H1003_20260915164522.csv,TIME_MACHINE
1995,범위확인필요,특경법(공갈),1.0,1.0,100.0,1990-2010,132_TX_132_2009_H1003_20260915164522.csv,TIME_MACHINE
1995,범위확인필요,특경법(배임),17.0,18.0,105.9,1990-2010,132_TX_132_2009_H1003_20260915164522.csv,TIME_MACHINE
1995,범위확인필요,특경법(사기),97.0,77.0,79.4,1990-2010,132_TX_132_2009_H1003_20260915164522.csv,TIME_MACHINE
1995,범위확인필요,특경법(수재등),4.0,4.0,100.0,1990-2010,132_TX_132_2009_H1003_20260915164522.csv,TIME_MACHINE
1995,범위확인필요,특경법(알선수재),4.0,4.0,100.0,1990-2010,132_TX_132_2009_H1003_20260915164522.csv,TIME_MACHINE
1995,범위확인필요,특경법(재산국외도피),1.0,,0.0,1990-2010,132_TX_132_2009_H1003_20260915164522.csv,TIME_MACHINE
1995,범위확인필요,특경법(증재등),1.0,1.0,100.0,1990-2010,132_TX_132_2009_H1003_20260915164522.csv,TIME_MACHINE
1995,범위확인필요,특경법(횡령),20.0,19.0,95.0,1990-2010,132_TX_132_2009_H1003_20260915164522.csv,TIME_MACHINE
1995,범위확인필요,특별법범,202945.0,186325.0,91.8,1990-2010,132_TX_132_2009_H1003_20260915164522.csv,TIME_MACHINE
1995,범위확인필요,특수강도,239.0,249.0,104.2,1990-2010,132_TX_132_2009_H1003_20260915164522.csv,TIME_MACHINE
1995,범위확인필요,특수절도,3140.0,3227.0,102.8,1990-2010,132_TX_132_2009_H1003_20260915164522.csv,TIME_MACHINE
1995,범위확인필요,특수폭행,3.0,2.0,66.7,1990-2010,132_TX_132_2009_H1003_20260915164522.csv,TIME_MACHINE
1995,범위확인필요,특허법,15.0,13.0,86.7,1990-2010,132_TX_132_2009_H1003_20260915164522.csv,TIME_MACHINE
1995,범위확인필요,폐기물관리법,303.0,299.0,98.7,1990-2010,132_TX_132_2009_H1003_20260915164522.csv,TIME_MACHINE
1995,범위확인필요,폭력범,57915.0,56960.0,98.4,1990-2010,132_TX_132_2009_H1003_20260915164522.csv,TIME_MACHINE
1995,범위확인필요,폭력행위등처벌에 관한 법률 위반,48773.0,48066.0,98.6,1990-2010,132_TX_132_2009_H1003_20260915164522.csv,TIME_MACHINE
1995,범위확인필요,폭행,1513.0,1416.0,93.6,1990-2010,132_TX_132_2009_H1003_20260915164522.csv,TIME_MACHINE
1995,범위확인필요,폭행치사,31.0,30.0,96.8,1990-2010,132_TX_132_2009_H1003_20260915164522.csv,TIME_MACHINE
1995,범위확인필요,폭행치상,82.0,89.0,108.5,1990-2010,132_TX_132_2009_H1003_20260915164522.csv,TIME_MACHINE
1995,범위확인필요,풍속범,3084.0,2980.0,96.6,1990-2010,132_TX_132_2009_H1003_20260915164522.csv,TIME_MACHINE
1995,범위확인필요,풍속영업의 규제에 관한 법률,2021.0,2039.0,100.9,1990-2010,132_TX_132_2009_H1003_20260915164522.csv,TIME_MACHINE
1995,범위확인필요,피보호자(감호자)간음,6.0,4.0,66.7,1990-2010,132_TX_132_2009_H1003_20260915164522.csv,TIME_MACHINE
1995,범위확인필요,피약취자·피유인자·피매매자등,1.0,1.0,100.0,1990-2010,132_TX_132_2009_H1003_20260915164522.csv,TIME_MACHINE
1995,범위확인필요,피의사실공표,1.0,1.0,100.0,1990-2010,132_TX_132_2009_H1003_20260915164522.csv,TIME_MACHINE
1995,범위확인필요,하수도법,5.0,6.0,120.0,1990-2010,132_TX_132_2009_H1003_20260915164522.csv,TIME_MACHINE
1995,범위확인필요,하천법,19.0,18.0,94.7,1990-2010,132_TX_132_2009_H1003_20260915164522.csv,TIME_MACHINE
1995,범위확인필요,학원의설립·운영에관한법률,94.0,90.0,95.7,1990-2010,132_TX_132_2009_H1003_20260915164522.csv,TIME_MACHINE
1995,범위확인필요,향정신성의 약품관리법,156.0,163.0,104.5,1990-2010,132_TX_132_2009_H1003_20260915164522.csv,TIME_MACHINE
1995,범위확인필요,향토예비군설치법,10503.0,9501.0,90.5,1990-2010,132_TX_132_2009_H1003_20260915164522.csv,TIME_MACHINE
1995,범위확인필요,허위감정·증거인멸은닉·증인은닉죄,27.0,27.0,100.0,1990-2010,132_TX_132_2009_H1003_20260915164522.csv,TIME_MACHINE
1995,범위확인필요,현주(현존)자동차방화,2.0,2.0,100.0,1990-2010,132_TX_132_2009_H1003_20260915164522.csv,TIME_MACHINE
1995,범위확인필요,현주·현존(건조물등)방화,83.0,73.0,88.0,1990-2010,132_TX_132_2009_H1003_20260915164522.csv,TIME_MACHINE
1995,범위확인필요,현주·현존(건조물등)방화치사,3.0,4.0,133.3,1990-2010,132_TX_132_2009_H1003_20260915164522.csv,TIME_MACHINE
1995,범위확인필요,현주·현존(건조물등)방화치상,2.0,2.0,100.0,1990-2010,132_TX_132_2009_H1003_20260915164522.csv,TIME_MACHINE
1995,범위확인필요,협박,149.0,131.0,87.9,1990-2010,132_TX_132_2009_H1003_20260915164522.csv,TIME_MACHINE
1995,범위확인필요,협박(상습),1.0,1.0,100.0,1990-2010,132_TX_132_2009_H1003_20260915164522.csv,TIME_MACHINE
1995,범위확인필요,협박(특수),1.0,2.0,200.0,1990-2010,132_TX_132_2009_H1003_20260915164522.csv,TIME_MACHINE
1995,범위확인필요,형법범,151031.0,128307.0,85.0,1990-2010,132_TX_132_2009_H1003_20260915164522.csv,TIME_MACHINE
1995,범위확인필요,형사소송법,1.0,2.0,200.0,1990-2010,132_TX_132_2009_H1003_20260915164522.csv,TIME_MACHINE
1995,범위확인필요,형의실효등에 관한 법률,1.0,1.0,100.0,1990-2010,132_TX_132_2009_H1003_20260915164522.csv,TIME_MACHINE
1995,범위확인필요,혼인빙자간음,192.0,155.0,80.7,1990-2010,132_TX_132_2009_H1003_20260915164522.csv,TIME_MACHINE
1995,범위확인필요,혼인빙자간음(위계간음),1.0,,0.0,1990-2010,132_TX_132_2009_H1003_20260915164522.csv,TIME_MACHINE
1995,범위확인필요,화염병사용등의 처벌에 관한 법률,23.0,23.0,100.0,1990-2010,132_TX_132_2009_H1003_20260915164522.csv,TIME_MACHINE
1995,범위확인필요,환경보전법,2.0,3.0,150.0,1990-2010,132_TX_132_2009_H1003_20260915164522.csv,TIME_MACHINE
1995,범위확인필요,횡령,3564.0,3110.0,87.3,1990-2010,132_TX_132_2009_H1003_20260915164522.csv,TIME_MACHINE
1996,범위확인필요,가정의례에 관한 법률,24.0,24.0,100.0,1990-2010,132_TX_132_2009_H1003_20260915164522.csv,TIME_MACHINE
1996,범위확인필요,간통,1065.0,1007.0,94.6,1990-2010,132_TX_132_2009_H1003_20260915164522.csv,TIME_MACHINE
1996,범위확인필요,강간,1115.0,1102.0,98.8,1990-2010,132_TX_132_2009_H1003_20260915164522.csv,TIME_MACHINE
1996,범위확인필요,강간치사(준),2.0,6.0,300.0,1990-2010,132_TX_132_2009_H1003_20260915164522.csv,TIME_MACHINE
1996,범위확인필요,강간치상(준),311.0,314.0,101.0,1990-2010,132_TX_132_2009_H1003_20260915164522.csv,TIME_MACHINE
1996,범위확인필요,강도,855.0,881.0,103.0,1990-2010,132_TX_132_2009_H1003_20260915164522.csv,TIME_MACHINE
1996,범위확인필요,강도강간,39.0,34.0,87.2,1990-2010,132_TX_132_2009_H1003_20260915164522.csv,TIME_MACHINE
1996,범위확인필요,강도살인·치사,10.0,9.0,90.0,1990-2010,132_TX_132_2009_H1003_20260915164522.csv,TIME_MACHINE
1996,범위확인필요,강도상해·치상,352.0,365.0,103.7,1990-2010,132_TX_132_2009_H1003_20260915164522.csv,TIME_MACHINE
1996,범위확인필요,강력범,2247.0,2246.0,100.0,1990-2010,132_TX_132_2009_H1003_20260915164522.csv,TIME_MACHINE
1996,범위확인필요,강제추행(준),271.0,258.0,95.2,1990-2010,132_TX_132_2009_H1003_20260915164522.csv,TIME_MACHINE
1996,범위확인필요,강제추행치사(준),1.0,,0.0,1990-2010,132_TX_132_2009_H1003_20260915164522.csv,TIME_MACHINE
1996,범위확인필요,강제추행치상(준),42.0,46.0,109.5,1990-2010,132_TX_132_2009_H1003_20260915164522.csv,TIME_MACHINE
1996,범위확인필요,건설기계관리법,1.0,2.0,200.0,1990-2010,132_TX_132_2009_H1003_20260915164522.csv,TIME_MACHINE
1996,범위확인필요,건설업법,104.0,81.0,77.9,1990-2010,132_TX_132_2009_H1003_20260915164522.csv,TIME_MACHINE
1996,범위확인필요,건축법,2032.0,1974.0,97.1,1990-2010,132_TX_132_2009_H1003_20260915164522.csv,TIME_MACHINE
1996,범위확인필요,결혼약취유인,1.0,1.0,100.0,1990-2010,132_TX_132_2009_H1003_20260915164522.csv,TIME_MACHINE
1996,범위확인필요,경범죄처벌법,39.0,38.0,97.4,1990-2010,132_TX_132_2009_H1003_20260915164522.csv,TIME_MACHINE
1996,범위확인필요,고압가스안전관리법,10.0,9.0,90.0,1990-2010,132_TX_132_2009_H1003_20260915164522.csv,TIME_MACHINE
1996,범위확인필요,공갈,248.0,236.0,95.2,1990-2010,132_TX_132_2009_H1003_20260915164522.csv,TIME_MACHINE
1996,범위확인필요,공갈(상습),1.0,1.0,100.0,1990-2010,132_TX_132_2009_H1003_20260915164522.csv,TIME_MACHINE
1996,범위확인필요,공무방해에 관한 죄,1724.0,1678.0,97.3,1990-2010,132_TX_132_2009_H1003_20260915164522.csv,TIME_MACHINE
1996,범위확인필요,공무상비밀누설,2.0,2.0,100.0,1990-2010,132_TX_132_2009_H1003_20260915164522.csv,TIME_MACHINE
1996,범위확인필요,공문서위조·변조,563.0,523.0,92.9,1990-2010,132_TX_132_2009_H1003_20260915164522.csv,TIME_MACHINE
1996,범위확인필요,공안을 해하는 죄,9.0,8.0,88.9,1990-2010,132_TX_132_2009_H1003_20260915164522.csv,TIME_MACHINE
1996,범위확인필요,공연법,7.0,7.0,100.0,1990-2010,132_TX_132_2009_H1003_20260915164522.csv,TIME_MACHINE
1996,범위확인필요,공연음란,2.0,2.0,100.0,1990-2010,132_TX_132_2009_H1003_20260915164522.csv,TIME_MACHINE
1996,범위확인필요,공인위조·부정사용행사,47.0,45.0,95.7,1990-2010,132_TX_132_2009_H1003_20260915164522.csv,TIME_MACHINE
1996,범위확인필요,공중위생법,889.0,885.0,99.6,1990-2010,132_TX_132_2009_H1003_20260915164522.csv,TIME_MACHINE
1996,범위확인필요,과실사상의 죄,728.0,729.0,100.1,1990-2010,132_TX_132_2009_H1003_20260915164522.csv,TIME_MACHINE
1996,범위확인필요,관세법,2.0,5.0,250.0,1990-2010,132_TX_132_2009_H1003_20260915164522.csv,TIME_MACHINE
1996,범위확인필요,교통 방해의 죄,33.0,31.0,93.9,1990-2010,132_TX_132_2009_H1003_20260915164522.csv,TIME_MACHINE
1996,범위확인필요,교통사고특례법,41419.0,41326.0,99.8,1990-2010,132_TX_132_2009_H1003_20260915164522.csv,TIME_MACHINE
1996,범위확인필요,구국가보안법,2.0,,0.0,1990-2010,132_TX_132_2009_H1003_20260915164522.csv,TIME_MACHINE
1996,범위확인필요,국가보안법,151.0,145.0,96.0,1990-2010,132_TX_132_2009_H1003_20260915164522.csv,TIME_MACHINE
1996,범위확인필요,국외이송약취유인,2.0,2.0,100.0,1990-2010,132_TX_132_2009_H1003_20260915164522.csv,TIME_MACHINE
1996,범위확인필요,권리행사를 방해하는 죄,586.0,580.0,99.0,1990-2010,132_TX_132_2009_H1003_20260915164522.csv,TIME_MACHINE
1996,범위확인필요,근로기준법,6.0,5.0,83.3,1990-2010,132_TX_132_2009_H1003_20260915164522.csv,TIME_MACHINE
1996,범위확인필요,기타통화에 관한 죄,8.0,2.0,25.0,1990-2010,132_TX_132_2009_H1003_20260915164522.csv,TIME_MACHINE
1996,범위확인필요,기타특별법,3436.0,3189.0,92.8,1990-2010,132_TX_132_2009_H1003_20260915164522.csv,TIME_MACHINE
1996,범위확인필요,기타형법범,6379.0,5998.0,94.0,1990-2010,132_TX_132_2009_H1003_20260915164522.csv,TIME_MACHINE
1996,범위확인필요,낙태의 죄,2.0,1.0,50.0,1990-2010,132_TX_132_2009_H1003_20260915164522.csv,TIME_MACHINE
1996,범위확인필요,노동쟁의조정법,2.0,1.0,50.0,1990-2010,132_TX_132_2009_H1003_20260915164522.csv,TIME_MACHINE
1996,범위확인필요,농수산물 유통 및 가격안정에 관한 법률,4.0,8.0,200.0,1990-2010,132_TX_132_2009_H1003_20260915164522.csv,TIME_MACHINE
1996,범위확인필요,농지의 보전 및 이용에 관한 법률,8.0,8.0,100.0,1990-2010,132_TX_132_2009_H1003_20260915164522.csv,TIME_MACHINE
1996,범위확인필요,뇌물공여·약속·의사표시,21.0,19.0,90.5,1990-2010,132_TX_132_2009_H1003_20260915164522.csv,TIME_MACHINE
1996,범위확인필요,뇌물수수·요구·약속,20.0,19.0,95.0,1990-2010,132_TX_132_2009_H1003_20260915164522.csv,TIME_MACHINE
1996,범위확인필요,대기환경보전법,155.0,149.0,96.1,1990-2010,132_TX_132_2009_H1003_20260915164522.csv,TIME_MACHINE
1996,범위확인필요,대마관리법,45.0,57.0,126.7,1990-2010,132_TX_132_2009_H1003_20260915164522.csv,TIME_MACHINE
1996,범위확인필요,도로교통법(교통사고),75525.0,74995.0,99.3,1990-2010,132_TX_132_2009_H1003_20260915164522.csv,TIME_MACHINE
1996,범위확인필요,도로법,2065.0,2111.0,102.2,1990-2010,132_TX_132_2009_H1003_20260915164522.csv,TIME_MACHINE
1996,범위확인필요,도박,1127.0,1136.0,100.8,1990-2010,132_TX_132_2009_H1003_20260915164522.csv,TIME_MACHINE
1996,범위확인필요,도박개장,24.0,24.0,100.0,1990-2010,132_TX_132_2009_H1003_20260915164522.csv,TIME_MACHINE
1996,범위확인필요,도시가스사업법,34.0,33.0,97.1,1990-2010,132_TX_132_2009_H1003_20260915164522.csv,TIME_MACHINE
1996,범위확인필요,도시계획법,617.0,618.0,100.2,1990-2010,132_TX_132_2009_H1003_20260915164522.csv,TIME_MACHINE
1996,범위확인필요,도주와 도주원조죄,4.0,4.0,100.0,1990-2010,132_TX_132_2009_H1003_20260915164522.csv,TIME_MACHINE
1996,범위확인필요,독직폭행·가혹행위,,1.0,,1990-2010,132_TX_132_2009_H1003_20260915164522.csv,TIME_MACHINE
1996,범위확인필요,마약법,23.0,28.0,121.7,1990-2010,132_TX_132_2009_H1003_20260915164522.csv,TIME_MACHINE
1996,범위확인필요,매장 및 묘지등에 관한 법률,10.0,11.0,110.0,1990-2010,132_TX_132_2009_H1003_20260915164522.csv,TIME_MACHINE
1996,범위확인필요,명예에 관한 죄,668.0,608.0,91.0,1990-2010,132_TX_132_2009_H1003_20260915164522.csv,TIME_MACHINE
1996,범위확인필요,무고의 죄,395.0,371.0,93.9,1990-2010,132_TX_132_2009_H1003_20260915164522.csv,TIME_MACHINE
1996,범위확인필요,문화재보호법,2.0,2.0,100.0,1990-2010,132_TX_132_2009_H1003_20260915164522.csv,TIME_MACHINE
1996,범위확인필요,미성년자등간음·추행(심신미약자),38.0,46.0,121.1,1990-2010,132_TX_132_2009_H1003_20260915164522.csv,TIME_MACHINE
1996,범위확인필요,미성년자보호법,249.0,242.0,97.2,1990-2010,132_TX_132_2009_H1003_20260915164522.csv,TIME_MACHINE
1996,범위확인필요,미성년자약취유인,25.0,25.0,100.0,1990-2010,132_TX_132_2009_H1003_20260915164522.csv,TIME_MACHINE
1996,범위확인필요,미성년자의 제강간(강제추행강간살인),97.0,91.0,93.8,1990-2010,132_TX_132_2009_H1003_20260915164522.csv,TIME_MACHINE
1996,범위확인필요,민방위기본법,,1.0,,1990-2010,132_TX_132_2009_H1003_20260915164522.csv,TIME_MACHINE
1996,범위확인필요,밀항단속법,5.0,12.0,240.0,1990-2010,132_TX_132_2009_H1003_20260915164522.csv,TIME_MACHINE
1996,범위확인필요,방문판매등에 관한 법률,210.0,216.0,102.9,1990-2010,132_TX_132_2009_H1003_20260915164522.csv,TIME_MACHINE
1996,범위확인필요,방화,139.0,121.0,87.1,1990-2010,132_TX_132_2009_H1003_20260915164522.csv,TIME_MACHINE
1996,범위확인필요,방화연소,17.0,10.0,58.8,1990-2010,132_TX_132_2009_H1003_20260915164522.csv,TIME_MACHINE
1996,범위확인필요,배임,1018.0,928.0,91.2,1990-2010,132_TX_132_2009_H1003_20260915164522.csv,TIME_MACHINE
1996,범위확인필요,배임수재,5.0,6.0,120.0,1990-2010,132_TX_132_2009_H1003_20260915164522.csv,TIME_MACHINE
1996,범위확인필요,배임증재,,1.0,,1990-2010,132_TX_132_2009_H1003_20260915164522.csv,TIME_MACHINE
1996,범위확인필요,범인은닉·범인도피죄,24.0,22.0,91.7,1990-2010,132_TX_132_2009_H1003_20260915164522.csv,TIME_MACHINE
1996,범위확인필요,변호사법,99.0,90.0,90.9,1990-2010,132_TX_132_2009_H1003_20260915164522.csv,TIME_MACHINE
1996,범위확인필요,병역법,2975.0,2906.0,97.7,1990-2010,132_TX_132_2009_H1003_20260915164522.csv,TIME_MACHINE
1996,범위확인필요,보건범죄특조법(부정식품),26.0,24.0,92.3,1990-2010,132_TX_132_2009_H1003_20260915164522.csv,TIME_MACHINE
1996,범위확인필요,보건범죄특조법(부정의료업자),33.0,31.0,93.9,1990-2010,132_TX_132_2009_H1003_20260915164522.csv,TIME_MACHINE
1996,범위확인필요,보건범죄특조법(부정의약품),5.0,5.0,100.0,1990-2010,132_TX_132_2009_H1003_20260915164522.csv,TIME_MACHINE
1996,범위확인필요,보안관찰법,1.0,1.0,100.0,1990-2010,132_TX_132_2009_H1003_20260915164522.csv,TIME_MACHINE
1996,범위확인필요,복표발행등사행행위단속법,1.0,1.0,100.0,1990-2010,132_TX_132_2009_H1003_20260915164522.csv,TIME_MACHINE
1996,범위확인필요,부녀매매,4.0,5.0,125.0,1990-2010,132_TX_132_2009_H1003_20260915164522.csv,TIME_MACHINE
1996,범위확인필요,부당이득,25.0,21.0,84.0,1990-2010,132_TX_132_2009_H1003_20260915164522.csv,TIME_MACHINE
1996,범위확인필요,부동산중개업법,77.0,85.0,110.4,1990-2010,132_TX_132_2009_H1003_20260915164522.csv,TIME_MACHINE
1996,범위확인필요,부정경쟁방지법,37.0,37.0,100.0,1990-2010,132_TX_132_2009_H1003_20260915164522.csv,TIME_MACHINE
1996,범위확인필요,부정수표단속법,25799.0,18949.0,73.4,1990-2010,132_TX_132_2009_H1003_20260915164522.csv,TIME_MACHINE
1996,범위확인필요,비밀침해죄,1.0,1.0,100.0,1990-2010,132_TX_132_2009_H1003_20260915164522.csv,TIME_MACHINE
1996,범위확인필요,사기,55395.0,46812.0,84.5,1990-2010,132_TX_132_2009_H1003_20260915164522.csv,TIME_MACHINE
1996,범위확인필요,사기(상습),15.0,21.0,140.0,1990-2010,132_TX_132_2009_H1003_20260915164522.csv,TIME_MACHINE
1996,범위확인필요,사문서위조·변조,1045.0,981.0,93.9,1990-2010,132_TX_132_2009_H1003_20260915164522.csv,TIME_MACHINE
1996,범위확인필요,"사인등위조, 부정사용행사",13.0,11.0,84.6,1990-2010,132_TX_132_2009_H1003_20260915164522.csv,TIME_MACHINE
1996,범위확인필요,사행행위등 규제 및 처벌특례법,67.0,65.0,97.0,1990-2010,132_TX_132_2009_H1003_20260915164522.csv,TIME_MACHINE
1996,범위확인필요,산림법,21.0,22.0,104.8,1990-2010,132_TX_132_2009_H1003_20260915164522.csv,TIME_MACHINE
1996,범위확인필요,산업안전보건법,4.0,4.0,100.0,1990-2010,132_TX_132_2009_H1003_20260915164522.csv,TIME_MACHINE
1996,범위확인필요,살인,138.0,142.0,102.9,1990-2010,132_TX_132_2009_H1003_20260915164522.csv,TIME_MACHINE
1996,범위확인필요,상법,6.0,4.0,66.7,1990-2010,132_TX_132_2009_H1003_20260915164522.csv,TIME_MACHINE
1996,범위확인필요,상습도박,55.0,74.0,134.5,1990-2010,132_TX_132_2009_H1003_20260915164522.csv,TIME_MACHINE
1996,범위확인필요,상습절도,35.0,35.0,100.0,1990-2010,132_TX_132_2009_H1003_20260915164522.csv,TIME_MACHINE
1996,범위확인필요,상습폭행,1.0,1.0,100.0,1990-2010,132_TX_132_2009_H1003_20260915164522.csv,TIME_MACHINE
1996,범위확인필요,상표법,145.0,134.0,92.4,1990-2010,132_TX_132_2009_H1003_20260915164522.csv,TIME_MACHINE
1996,범위확인필요,상품권법,9.0,6.0,66.7,1990-2010,132_TX_132_2009_H1003_20260915164522.csv,TIME_MACHINE
1996,범위확인필요,상해,5805.0,5816.0,100.2,1990-2010,132_TX_132_2009_H1003_20260915164522.csv,TIME_MACHINE
1996,범위확인필요,상해(중),7.0,7.0,100.0,1990-2010,132_TX_132_2009_H1003_20260915164522.csv,TIME_MACHINE
1996,범위확인필요,상해치사,29.0,31.0,106.9,1990-2010,132_TX_132_2009_H1003_20260915164522.csv,TIME_MACHINE
1996,범위확인필요,상호신용금고법,9.0,9.0,100.0,1990-2010,132_TX_132_2009_H1003_20260915164522.csv,TIME_MACHINE
1996,범위확인필요,새마을금고법,1.0,1.0,100.0,1990-2010,132_TX_132_2009_H1003_20260915164522.csv,TIME_MACHINE
1996,범위확인필요,선거방해,,1.0,,1990-2010,132_TX_132_2009_H1003_20260915164522.csv,TIME_MACHINE
1996,범위확인필요,성폭력범죄의 처벌 및 피해자보호에 관한 법,332.0,350.0,105.4,1990-2010,132_TX_132_2009_H1003_20260915164522.csv,TIME_MACHINE
1996,범위확인필요,소음·진동규제법,17.0,16.0,94.1,1990-2010,132_TX_132_2009_H1003_20260915164522.csv,TIME_MACHINE
1996,범위확인필요,손괴의죄,902.0,857.0,95.0,1990-2010,132_TX_132_2009_H1003_20260915164522.csv,TIME_MACHINE
1996,범위확인필요,수도법,36.0,34.0,94.4,1990-2010,132_TX_132_2009_H1003_20260915164522.csv,TIME_MACHINE
1996,범위확인필요,수산자원보호령,13.0,13.0,100.0,1990-2010,132_TX_132_2009_H1003_20260915164522.csv,TIME_MACHINE
1996,범위확인필요,수질환경보전법,39.0,37.0,94.9,1990-2010,132_TX_132_2009_H1003_20260915164522.csv,TIME_MACHINE
1996,범위확인필요,수표법,1.0,1.0,100.0,1990-2010,132_TX_132_2009_H1003_20260915164522.csv,TIME_MACHINE
1996,범위확인필요,식품위생법,11785.0,11814.0,100.2,1990-2010,132_TX_132_2009_H1003_20260915164522.csv,TIME_MACHINE
1996,범위확인필요,신앙에 관한 죄,7.0,6.0,85.7,1990-2010,132_TX_132_2009_H1003_20260915164522.csv,TIME_MACHINE
1996,범위확인필요,신용·업무와 경매에 관한 죄,541.0,537.0,99.3,1990-2010,132_TX_132_2009_H1003_20260915164522.csv,TIME_MACHINE
1996,범위확인필요,신용조사업법,,1.0,,1990-2010,132_TX_132_2009_H1003_20260915164522.csv,TIME_MACHINE
1996,범위확인필요,신용카드업법,671.0,657.0,97.9,1990-2010,132_TX_132_2009_H1003_20260915164522.csv,TIME_MACHINE
1996,범위확인필요,실용신안법,47.0,44.0,93.6,1990-2010,132_TX_132_2009_H1003_20260915164522.csv,TIME_MACHINE
1996,범위확인필요,실화 및 업무상실화죄,536.0,303.0,56.5,1990-2010,132_TX_132_2009_H1003_20260915164522.csv,TIME_MACHINE
1996,범위확인필요,아동복지법,35.0,33.0,94.3,1990-2010,132_TX_132_2009_H1003_20260915164522.csv,TIME_MACHINE
1996,범위확인필요,액화석유가스의 안전 및 사업관리법,16.0,17.0,106.3,1990-2010,132_TX_132_2009_H1003_20260915164522.csv,TIME_MACHINE
1996,범위확인필요,야간주거침입절도,494.0,495.0,100.2,1990-2010,132_TX_132_2009_H1003_20260915164522.csv,TIME_MACHINE
1996,범위확인필요,야간주거침입절도(상습),1.0,1.0,100.0,1990-2010,132_TX_132_2009_H1003_20260915164522.csv,TIME_MACHINE
1996,범위확인필요,약사법,159.0,148.0,93.1,1990-2010,132_TX_132_2009_H1003_20260915164522.csv,TIME_MACHINE
1996,범위확인필요,약취강도,1.0,1.0,100.0,1990-2010,132_TX_132_2009_H1003_20260915164522.csv,TIME_MACHINE
1996,범위확인필요,양곡관리법,1.0,1.0,100.0,1990-2010,132_TX_132_2009_H1003_20260915164522.csv,TIME_MACHINE
1996,범위확인필요,업무상배임,315.0,303.0,96.2,1990-2010,132_TX_132_2009_H1003_20260915164522.csv,TIME_MACHINE
1996,범위확인필요,업무상횡령,2021.0,1904.0,94.2,1990-2010,132_TX_132_2009_H1003_20260915164522.csv,TIME_MACHINE
1996,범위확인필요,여권법,20.0,12.0,60.0,1990-2010,132_TX_132_2009_H1003_20260915164522.csv,TIME_MACHINE
1996,범위확인필요,영아살해,2.0,2.0,100.0,1990-2010,132_TX_132_2009_H1003_20260915164522.csv,TIME_MACHINE
1996,범위확인필요,오수·분뇨 및 축산폐수의 처리에 관한 법률,17.0,16.0,94.1,1990-2010,132_TX_132_2009_H1003_20260915164522.csv,TIME_MACHINE
1996,범위확인필요,외환관리법,320.0,328.0,102.5,1990-2010,132_TX_132_2009_H1003_20260915164522.csv,TIME_MACHINE
1996,범위확인필요,용역경비업법,2.0,1.0,50.0,1990-2010,132_TX_132_2009_H1003_20260915164522.csv,TIME_MACHINE
1996,범위확인필요,우표(인지)등위(변)조,2.0,2.0,100.0,1990-2010,132_TX_132_2009_H1003_20260915164522.csv,TIME_MACHINE
1996,범위확인필요,위증죄,402.0,378.0,94.0,1990-2010,132_TX_132_2009_H1003_20260915164522.csv,TIME_MACHINE
1996,범위확인필요,유가증권위(변)조,562.0,410.0,73.0,1990-2010,132_TX_132_2009_H1003_20260915164522.csv,TIME_MACHINE
1996,범위확인필요,유기의 죄,15.0,13.0,86.7,1990-2010,132_TX_132_2009_H1003_20260915164522.csv,TIME_MACHINE
1996,범위확인필요,유기장업법,,1.0,,1990-2010,132_TX_132_2009_H1003_20260915164522.csv,TIME_MACHINE
1996,범위확인필요,유선 및 도선업법,2.0,2.0,100.0,1990-2010,132_TX_132_2009_H1003_20260915164522.csv,TIME_MACHINE
1996,범위확인필요,유실물 표류물 점유이탈물 매장물횡령,427.0,418.0,97.9,1990-2010,132_TX_132_2009_H1003_20260915164522.csv,TIME_MACHINE
1996,범위확인필요,유해화학물질관리법,1177.0,1218.0,103.5,1990-2010,132_TX_132_2009_H1003_20260915164522.csv,TIME_MACHINE
1996,범위확인필요,유해화학물질관리법(본드등),77.0,79.0,102.6,1990-2010,132_TX_132_2009_H1003_20260915164522.csv,TIME_MACHINE
1996,범위확인필요,윤락행위등방지법,159.0,162.0,101.9,1990-2010,132_TX_132_2009_H1003_20260915164522.csv,TIME_MACHINE
1996,범위확인필요,음반 및 비디오물에 관한 법률,511.0,514.0,100.6,1990-2010,132_TX_132_2009_H1003_20260915164522.csv,TIME_MACHINE
1996,범위확인필요,음반에관한법률,12.0,12.0,100.0,1990-2010,132_TX_132_2009_H1003_20260915164522.csv,TIME_MACHINE
1996,범위확인필요,음용수에 관한 죄,2.0,,0.0,1990-2010,132_TX_132_2009_H1003_20260915164522.csv,TIME_MACHINE
1996,범위확인필요,음행매개,,1.0,,1990-2010,132_TX_132_2009_H1003_20260915164522.csv,TIME_MACHINE
1996,범위확인필요,음화등반포(판매·임대·전시·제조),100.0,100.0,100.0,1990-2010,132_TX_132_2009_H1003_20260915164522.csv,TIME_MACHINE
1996,범위확인필요,의료법,81.0,78.0,96.3,1990-2010,132_TX_132_2009_H1003_20260915164522.csv,TIME_MACHINE
1996,범위확인필요,의장법,58.0,56.0,96.6,1990-2010,132_TX_132_2009_H1003_20260915164522.csv,TIME_MACHINE
1996,범위확인필요,인장업법,13.0,12.0,92.3,1990-2010,132_TX_132_2009_H1003_20260915164522.csv,TIME_MACHINE
1996,범위확인필요,일반(건조물등)방화,16.0,11.0,68.8,1990-2010,132_TX_132_2009_H1003_20260915164522.csv,TIME_MACHINE
1996,범위확인필요,일수와 수리에 관한 죄,1.0,1.0,100.0,1990-2010,132_TX_132_2009_H1003_20260915164522.csv,TIME_MACHINE
1996,범위확인필요,자기소유(건조물등)방화,9.0,9.0,100.0,1990-2010,132_TX_132_2009_H1003_20260915164522.csv,TIME_MACHINE
1996,범위확인필요,자동차관리법,8733.0,7223.0,82.7,1990-2010,132_TX_132_2009_H1003_20260915164522.csv,TIME_MACHINE
1996,범위확인필요,자동차운수사업법,390.0,375.0,96.2,1990-2010,132_TX_132_2009_H1003_20260915164522.csv,TIME_MACHINE
1996,범위확인필요,자살교사·방조,1.0,1.0,100.0,1990-2010,132_TX_132_2009_H1003_20260915164522.csv,TIME_MACHINE
1996,범위확인필요,장물에 관한죄,195.0,220.0,112.8,1990-2010,132_TX_132_2009_H1003_20260915164522.csv,TIME_MACHINE
1996,범위확인필요,저작권법,1347.0,982.0,72.9,1990-2010,132_TX_132_2009_H1003_20260915164522.csv,TIME_MACHINE
1996,범위확인필요,전투경찰대설치법,34.0,30.0,88.2,1990-2010,132_TX_132_2009_H1003_20260915164522.csv,TIME_MACHINE
1996,범위확인필요,절도,10445.0,6274.0,60.1,1990-2010,132_TX_132_2009_H1003_20260915164522.csv,TIME_MACHINE
1996,범위확인필요,절도범,14233.0,10214.0,71.8,1990-2010,132_TX_132_2009_H1003_20260915164522.csv,TIME_MACHINE
1996,범위확인필요,조세범처벌법,16.0,20.0,125.0,1990-2010,132_TX_132_2009_H1003_20260915164522.csv,TIME_MACHINE
1996,범위확인필요,조수보호 및 수렵에 관한 법률,3.0,3.0,100.0,1990-2010,132_TX_132_2009_H1003_20260915164522.csv,TIME_MACHINE
1996,범위확인필요,존속살해,6.0,6.0,100.0,1990-2010,132_TX_132_2009_H1003_20260915164522.csv,TIME_MACHINE
1996,범위확인필요,존속상해,101.0,100.0,99.0,1990-2010,132_TX_132_2009_H1003_20260915164522.csv,TIME_MACHINE
1996,범위확인필요,존속상해치사,2.0,2.0,100.0,1990-2010,132_TX_132_2009_H1003_20260915164522.csv,TIME_MACHINE
1996,범위확인필요,존속체포감금,2.0,1.0,50.0,1990-2010,132_TX_132_2009_H1003_20260915164522.csv,TIME_MACHINE
1996,범위확인필요,존속폭행,47.0,48.0,102.1,1990-2010,132_TX_132_2009_H1003_20260915164522.csv,TIME_MACHINE
1996,범위확인필요,존속폭행(상습),5.0,5.0,100.0,1990-2010,132_TX_132_2009_H1003_20260915164522.csv,TIME_MACHINE
1996,범위확인필요,존속폭행치상,1.0,2.0,200.0,1990-2010,132_TX_132_2009_H1003_20260915164522.csv,TIME_MACHINE
1996,범위확인필요,존속협박,5.0,4.0,80.0,1990-2010,132_TX_132_2009_H1003_20260915164522.csv,TIME_MACHINE
1996,범위확인필요,주거침입의 죄,490.0,492.0,100.4,1990-2010,132_TX_132_2009_H1003_20260915164522.csv,TIME_MACHINE
1996,범위확인필요,주민등록법,22.0,23.0,104.5,1990-2010,132_TX_132_2009_H1003_20260915164522.csv,TIME_MACHINE
1996,범위확인필요,주차장법,221.0,215.0,97.3,1990-2010,132_TX_132_2009_H1003_20260915164522.csv,TIME_MACHINE
1996,범위확인필요,준강간,28.0,26.0,92.9,1990-2010,132_TX_132_2009_H1003_20260915164522.csv,TIME_MACHINE
1996,범위확인필요,준강도,62.0,67.0,108.1,1990-2010,132_TX_132_2009_H1003_20260915164522.csv,TIME_MACHINE
1996,범위확인필요,준사기,2.0,3.0,150.0,1990-2010,132_TX_132_2009_H1003_20260915164522.csv,TIME_MACHINE
1996,범위확인필요,지능범,64932.0,55645.0,85.7,1990-2010,132_TX_132_2009_H1003_20260915164522.csv,TIME_MACHINE
1996,범위확인필요,직권남용(권리행사방해체포·감금),4.0,3.0,75.0,1990-2010,132_TX_132_2009_H1003_20260915164522.csv,TIME_MACHINE
1996,범위확인필요,직무유기·수행거부,22.0,21.0,95.5,1990-2010,132_TX_132_2009_H1003_20260915164522.csv,TIME_MACHINE
1996,범위확인필요,직업안정 및 고용촉진에 관한 법률,2.0,2.0,100.0,1990-2010,132_TX_132_2009_H1003_20260915164522.csv,TIME_MACHINE
1996,범위확인필요,직업안정법,263.0,264.0,100.4,1990-2010,132_TX_132_2009_H1003_20260915164522.csv,TIME_MACHINE
1996,범위확인필요,집회 및 시위에 관한 법률,3224.0,3226.0,100.1,1990-2010,132_TX_132_2009_H1003_20260915164522.csv,TIME_MACHINE
1996,범위확인필요,철도법,3.0,3.0,100.0,1990-2010,132_TX_132_2009_H1003_20260915164522.csv,TIME_MACHINE
1996,범위확인필요,체포·감금치사·상(중·특수·상습),2.0,4.0,200.0,1990-2010,132_TX_132_2009_H1003_20260915164522.csv,TIME_MACHINE
1996,범위확인필요,체포감금,35.0,28.0,80.0,1990-2010,132_TX_132_2009_H1003_20260915164522.csv,TIME_MACHINE
1996,범위확인필요,총범죄,349118.0,322684.0,92.4,1990-2010,132_TX_132_2009_H1003_20260915164522.csv,TIME_MACHINE
1996,범위확인필요,총포·도검·화약류단속법,146.0,147.0,100.7,1990-2010,132_TX_132_2009_H1003_20260915164522.csv,TIME_MACHINE
1996,범위확인필요,추행·간음·영리·약취유인,15.0,18.0,120.0,1990-2010,132_TX_132_2009_H1003_20260915164522.csv,TIME_MACHINE
1996,범위확인필요,축산물위생처리법,14.0,14.0,100.0,1990-2010,132_TX_132_2009_H1003_20260915164522.csv,TIME_MACHINE
1996,범위확인필요,출입국관리법,3.0,4.0,133.3,1990-2010,132_TX_132_2009_H1003_20260915164522.csv,TIME_MACHINE
1996,범위확인필요,컴퓨터프로그램보호법,11.0,10.0,90.9,1990-2010,132_TX_132_2009_H1003_20260915164522.csv,TIME_MACHINE
1996,범위확인필요,토지수용법,2.0,1.0,50.0,1990-2010,132_TX_132_2009_H1003_20260915164522.csv,TIME_MACHINE
1996,범위확인필요,통화위(변)조,4.0,1.0,25.0,1990-2010,132_TX_132_2009_H1003_20260915164522.csv,TIME_MACHINE
1996,범위확인필요,특가법(간음약취),1.0,4.0,400.0,1990-2010,132_TX_132_2009_H1003_20260915164522.csv,TIME_MACHINE
1996,범위확인필요,특가법(감금),1.0,1.0,100.0,1990-2010,132_TX_132_2009_H1003_20260915164522.csv,TIME_MACHINE
1996,범위확인필요,특가법(강도),12.0,16.0,133.3,1990-2010,132_TX_132_2009_H1003_20260915164522.csv,TIME_MACHINE
1996,범위확인필요,특가법(강도강간),2.0,6.0,300.0,1990-2010,132_TX_132_2009_H1003_20260915164522.csv,TIME_MACHINE
1996,범위확인필요,특가법(강도준강제추행),1.0,,0.0,1990-2010,132_TX_132_2009_H1003_20260915164522.csv,TIME_MACHINE
1996,범위확인필요,특가법(국외이송약취),1.0,1.0,100.0,1990-2010,132_TX_132_2009_H1003_20260915164522.csv,TIME_MACHINE
1996,범위확인필요,특가법(국외이송유인),1.0,1.0,100.0,1990-2010,132_TX_132_2009_H1003_20260915164522.csv,TIME_MACHINE
1996,범위확인필요,특가법(뇌물),4.0,3.0,75.0,1990-2010,132_TX_132_2009_H1003_20260915164522.csv,TIME_MACHINE
1996,범위확인필요,특가법(도주차량),2681.0,1963.0,73.2,1990-2010,132_TX_132_2009_H1003_20260915164522.csv,TIME_MACHINE
1996,범위확인필요,특가법(마약),1.0,1.0,100.0,1990-2010,132_TX_132_2009_H1003_20260915164522.csv,TIME_MACHINE
1996,범위확인필요,특가법(미성년자약취),1.0,1.0,100.0,1990-2010,132_TX_132_2009_H1003_20260915164522.csv,TIME_MACHINE
1996,범위확인필요,특가법(미성년자약취유인),8.0,7.0,87.5,1990-2010,132_TX_132_2009_H1003_20260915164522.csv,TIME_MACHINE
1996,범위확인필요,특가법(미성년자유인),2.0,2.0,100.0,1990-2010,132_TX_132_2009_H1003_20260915164522.csv,TIME_MACHINE
1996,범위확인필요,특가법(보복범죄등),3.0,3.0,100.0,1990-2010,132_TX_132_2009_H1003_20260915164522.csv,TIME_MACHINE
1996,범위확인필요,특가법(알선수재),3.0,2.0,66.7,1990-2010,132_TX_132_2009_H1003_20260915164522.csv,TIME_MACHINE
1996,범위확인필요,특가법(영리약취),1.0,1.0,100.0,1990-2010,132_TX_132_2009_H1003_20260915164522.csv,TIME_MACHINE
1996,범위확인필요,특가법(영리약취·유인),1.0,1.0,100.0,1990-2010,132_TX_132_2009_H1003_20260915164522.csv,TIME_MACHINE
1996,범위확인필요,특가법(영리유인),2.0,2.0,100.0,1990-2010,132_TX_132_2009_H1003_20260915164522.csv,TIME_MACHINE
1996,범위확인필요,특가법(장물),4.0,2.0,50.0,1990-2010,132_TX_132_2009_H1003_20260915164522.csv,TIME_MACHINE
1996,범위확인필요,특가법(절도),346.0,372.0,107.5,1990-2010,132_TX_132_2009_H1003_20260915164522.csv,TIME_MACHINE
1996,범위확인필요,특가법(통화),1.0,,0.0,1990-2010,132_TX_132_2009_H1003_20260915164522.csv,TIME_MACHINE
1996,범위확인필요,특가법(통화위조),2.0,,0.0,1990-2010,132_TX_132_2009_H1003_20260915164522.csv,TIME_MACHINE
1996,범위확인필요,특가법(특수강간),3.0,8.0,266.7,1990-2010,132_TX_132_2009_H1003_20260915164522.csv,TIME_MACHINE
1996,범위확인필요,특경법(공갈),3.0,3.0,100.0,1990-2010,132_TX_132_2009_H1003_20260915164522.csv,TIME_MACHINE
1996,범위확인필요,특경법(배임),14.0,5.0,35.7,1990-2010,132_TX_132_2009_H1003_20260915164522.csv,TIME_MACHINE
1996,범위확인필요,특경법(사금융알선등),1.0,,0.0,1990-2010,132_TX_132_2009_H1003_20260915164522.csv,TIME_MACHINE
1996,범위확인필요,특경법(사기),79.0,78.0,98.7,1990-2010,132_TX_132_2009_H1003_20260915164522.csv,TIME_MACHINE
1996,범위확인필요,특경법(알선수재),8.0,6.0,75.0,1990-2010,132_TX_132_2009_H1003_20260915164522.csv,TIME_MACHINE
1996,범위확인필요,특경법(재산국외도피),3.0,1.0,33.3,1990-2010,132_TX_132_2009_H1003_20260915164522.csv,TIME_MACHINE
1996,범위확인필요,특경법(횡령),13.0,18.0,138.5,1990-2010,132_TX_132_2009_H1003_20260915164522.csv,TIME_MACHINE
1996,범위확인필요,특별법범,201041.0,188805.0,93.9,1990-2010,132_TX_132_2009_H1003_20260915164522.csv,TIME_MACHINE
1996,범위확인필요,특수강도,214.0,222.0,103.7,1990-2010,132_TX_132_2009_H1003_20260915164522.csv,TIME_MACHINE
1996,범위확인필요,특수절도,2911.0,3037.0,104.3,1990-2010,132_TX_132_2009_H1003_20260915164522.csv,TIME_MACHINE
1996,범위확인필요,특수절도(상습),1.0,,0.0,1990-2010,132_TX_132_2009_H1003_20260915164522.csv,TIME_MACHINE
1996,범위확인필요,특수폭행,2.0,1.0,50.0,1990-2010,132_TX_132_2009_H1003_20260915164522.csv,TIME_MACHINE
1996,범위확인필요,특허법,20.0,20.0,100.0,1990-2010,132_TX_132_2009_H1003_20260915164522.csv,TIME_MACHINE
1996,범위확인필요,폐기물관리법,265.0,245.0,92.5,1990-2010,132_TX_132_2009_H1003_20260915164522.csv,TIME_MACHINE
1996,범위확인필요,폭력범,57738.0,57283.0,99.2,1990-2010,132_TX_132_2009_H1003_20260915164522.csv,TIME_MACHINE
1996,범위확인필요,폭력행위등처벌에 관한 법률 위반,48713.0,48347.0,99.2,1990-2010,132_TX_132_2009_H1003_20260915164522.csv,TIME_MACHINE
1996,범위확인필요,폭발물에 관한 죄,1.0,1.0,100.0,1990-2010,132_TX_132_2009_H1003_20260915164522.csv,TIME_MACHINE
1996,범위확인필요,폭행,1459.0,1424.0,97.6,1990-2010,132_TX_132_2009_H1003_20260915164522.csv,TIME_MACHINE
1996,범위확인필요,폭행치사,50.0,45.0,90.0,1990-2010,132_TX_132_2009_H1003_20260915164522.csv,TIME_MACHINE
1996,범위확인필요,폭행치상,96.0,101.0,105.2,1990-2010,132_TX_132_2009_H1003_20260915164522.csv,TIME_MACHINE
1996,범위확인필요,풍속범,2548.0,2493.0,97.8,1990-2010,132_TX_132_2009_H1003_20260915164522.csv,TIME_MACHINE
1996,범위확인필요,풍속영업의 규제에 관한 법률,2161.0,2186.0,101.2,1990-2010,132_TX_132_2009_H1003_20260915164522.csv,TIME_MACHINE
1996,범위확인필요,피보호자(감호자)간음,3.0,3.0,100.0,1990-2010,132_TX_132_2009_H1003_20260915164522.csv,TIME_MACHINE
1996,범위확인필요,하수도법,11.0,11.0,100.0,1990-2010,132_TX_132_2009_H1003_20260915164522.csv,TIME_MACHINE
1996,범위확인필요,하천법,25.0,28.0,112.0,1990-2010,132_TX_132_2009_H1003_20260915164522.csv,TIME_MACHINE
1996,범위확인필요,학원의설립·운영에관한법률,113.0,110.0,97.3,1990-2010,132_TX_132_2009_H1003_20260915164522.csv,TIME_MACHINE
1996,범위확인필요,향정신성의 약품관리법,195.0,218.0,111.8,1990-2010,132_TX_132_2009_H1003_20260915164522.csv,TIME_MACHINE
1996,범위확인필요,향토예비군설치법,9112.0,7228.0,79.3,1990-2010,132_TX_132_2009_H1003_20260915164522.csv,TIME_MACHINE
1996,범위확인필요,허위감정·증거인멸은닉·증인은닉죄,11.0,12.0,109.1,1990-2010,132_TX_132_2009_H1003_20260915164522.csv,TIME_MACHINE
1996,범위확인필요,현주(현존)자동차방화,5.0,3.0,60.0,1990-2010,132_TX_132_2009_H1003_20260915164522.csv,TIME_MACHINE
1996,범위확인필요,현주·현존(건조물등)방화,87.0,86.0,98.9,1990-2010,132_TX_132_2009_H1003_20260915164522.csv,TIME_MACHINE
1996,범위확인필요,현주·현존(건조물등)방화치사,2.0,1.0,50.0,1990-2010,132_TX_132_2009_H1003_20260915164522.csv,TIME_MACHINE
1996,범위확인필요,현주·현존(건조물등)방화치상,3.0,1.0,33.3,1990-2010,132_TX_132_2009_H1003_20260915164522.csv,TIME_MACHINE
1996,범위확인필요,협박,153.0,144.0,94.1,1990-2010,132_TX_132_2009_H1003_20260915164522.csv,TIME_MACHINE
1996,범위확인필요,협박(특수),3.0,3.0,100.0,1990-2010,132_TX_132_2009_H1003_20260915164522.csv,TIME_MACHINE
1996,범위확인필요,형법범,148077.0,133879.0,90.4,1990-2010,132_TX_132_2009_H1003_20260915164522.csv,TIME_MACHINE
1996,범위확인필요,형사소송법,2.0,2.0,100.0,1990-2010,132_TX_132_2009_H1003_20260915164522.csv,TIME_MACHINE
1996,범위확인필요,형시효등에 관한 법률,1.0,1.0,100.0,1990-2010,132_TX_132_2009_H1003_20260915164522.csv,TIME_MACHINE
1996,범위확인필요,혼인빙자간음,175.0,149.0,85.1,1990-2010,132_TX_132_2009_H1003_20260915164522.csv,TIME_MACHINE
1996,범위확인필요,화염병사용등의 처벌에 관한 법률,20.0,29.0,145.0,1990-2010,132_TX_132_2009_H1003_20260915164522.csv,TIME_MACHINE
1996,범위확인필요,환경범죄의 처벌에 관한 특별조치법,1.0,1.0,100.0,1990-2010,132_TX_132_2009_H1003_20260915164522.csv,TIME_MACHINE
1996,범위확인필요,환경보전법,,3.0,,1990-2010,132_TX_132_2009_H1003_20260915164522.csv,TIME_MACHINE
1996,범위확인필요,횡령,3272.0,3075.0,94.0,1990-2010,132_TX_132_2009_H1003_20260915164522.csv,TIME_MACHINE
1997,범위확인필요,가스등방류(유출·살포),2.0,2.0,100.0,1990-2010,132_TX_132_2009_H1003_20260915164522.csv,TIME_MACHINE
1997,범위확인필요,가정의례에 관한 법률,34.0,32.0,94.1,1990-2010,132_TX_132_2009_H1003_20260915164522.csv,TIME_MACHINE
1997,범위확인필요,간통,1007.0,916.0,91.0,1990-2010,132_TX_132_2009_H1003_20260915164522.csv,TIME_MACHINE
1997,범위확인필요,강간,1133.0,1111.0,98.1,1990-2010,132_TX_132_2009_H1003_20260915164522.csv,TIME_MACHINE
1997,범위확인필요,강간등상해,3.0,1.0,33.3,1990-2010,132_TX_132_2009_H1003_20260915164522.csv,TIME_MACHINE
1997,범위확인필요,강간치사(준),1.0,1.0,100.0,1990-2010,132_TX_132_2009_H1003_20260915164522.csv,TIME_MACHINE
1997,범위확인필요,강간치상(준),277.0,288.0,104.0,1990-2010,132_TX_132_2009_H1003_20260915164522.csv,TIME_MACHINE
1997,범위확인필요,강도,979.0,999.0,102.0,1990-2010,132_TX_132_2009_H1003_20260915164522.csv,TIME_MACHINE
1997,범위확인필요,강도강간,63.0,62.0,98.4,1990-2010,132_TX_132_2009_H1003_20260915164522.csv,TIME_MACHINE
1997,범위확인필요,강도살인·치사,16.0,17.0,106.3,1990-2010,132_TX_132_2009_H1003_20260915164522.csv,TIME_MACHINE
1997,범위확인필요,강도상해·치상,413.0,441.0,106.8,1990-2010,132_TX_132_2009_H1003_20260915164522.csv,TIME_MACHINE
1997,범위확인필요,강력범,2370.0,2366.0,99.8,1990-2010,132_TX_132_2009_H1003_20260915164522.csv,TIME_MACHINE
1997,범위확인필요,강제추행(준),339.0,333.0,98.2,1990-2010,132_TX_132_2009_H1003_20260915164522.csv,TIME_MACHINE
1997,범위확인필요,강제추행치사(준),1.0,,0.0,1990-2010,132_TX_132_2009_H1003_20260915164522.csv,TIME_MACHINE
1997,범위확인필요,강제추행치상(준),49.0,53.0,108.2,1990-2010,132_TX_132_2009_H1003_20260915164522.csv,TIME_MACHINE
1997,범위확인필요,건설업법,43.0,45.0,104.7,1990-2010,132_TX_132_2009_H1003_20260915164522.csv,TIME_MACHINE
1997,범위확인필요,건축법,1992.0,1976.0,99.2,1990-2010,132_TX_132_2009_H1003_20260915164522.csv,TIME_MACHINE
1997,범위확인필요,결혼약취유인,1.0,1.0,100.0,1990-2010,132_TX_132_2009_H1003_20260915164522.csv,TIME_MACHINE
1997,범위확인필요,경범죄처벌법,62.0,62.0,100.0,1990-2010,132_TX_132_2009_H1003_20260915164522.csv,TIME_MACHINE
1997,범위확인필요,계량법,,1.0,,1990-2010,132_TX_132_2009_H1003_20260915164522.csv,TIME_MACHINE
1997,범위확인필요,고압가스안전관리법,9.0,8.0,88.9,1990-2010,132_TX_132_2009_H1003_20260915164522.csv,TIME_MACHINE
1997,범위확인필요,골재채취법,2.0,2.0,100.0,1990-2010,132_TX_132_2009_H1003_20260915164522.csv,TIME_MACHINE
1997,범위확인필요,공갈,217.0,207.0,95.4,1990-2010,132_TX_132_2009_H1003_20260915164522.csv,TIME_MACHINE
1997,범위확인필요,공무방해에 관한 죄,1967.0,1910.0,97.1,1990-2010,132_TX_132_2009_H1003_20260915164522.csv,TIME_MACHINE
1997,범위확인필요,공문서위조·변조,787.0,748.0,95.0,1990-2010,132_TX_132_2009_H1003_20260915164522.csv,TIME_MACHINE
1997,범위확인필요,공안을 해하는 죄,12.0,13.0,108.3,1990-2010,132_TX_132_2009_H1003_20260915164522.csv,TIME_MACHINE
1997,범위확인필요,공연법,7.0,7.0,100.0,1990-2010,132_TX_132_2009_H1003_20260915164522.csv,TIME_MACHINE
1997,범위확인필요,공연음란,4.0,4.0,100.0,1990-2010,132_TX_132_2009_H1003_20260915164522.csv,TIME_MACHINE
1997,범위확인필요,공인위조·부정사용행사,47.0,45.0,95.7,1990-2010,132_TX_132_2009_H1003_20260915164522.csv,TIME_MACHINE
1997,범위확인필요,공중위생법,1085.0,1081.0,99.6,1990-2010,132_TX_132_2009_H1003_20260915164522.csv,TIME_MACHINE
1997,범위확인필요,공직선거 및 선거부정방지법,13.0,12.0,92.3,1990-2010,132_TX_132_2009_H1003_20260915164522.csv,TIME_MACHINE
1997,범위확인필요,과실사상의 죄,674.0,670.0,99.4,1990-2010,132_TX_132_2009_H1003_20260915164522.csv,TIME_MACHINE
1997,범위확인필요,과실폭발물파열(방출·유출),1.0,1.0,100.0,1990-2010,132_TX_132_2009_H1003_20260915164522.csv,TIME_MACHINE
1997,범위확인필요,관세법,,1.0,,1990-2010,132_TX_132_2009_H1003_20260915164522.csv,TIME_MACHINE
1997,범위확인필요,교통 방해의 죄,33.0,36.0,109.1,1990-2010,132_TX_132_2009_H1003_20260915164522.csv,TIME_MACHINE
1997,범위확인필요,교통사고특례법,37662.0,37825.0,100.4,1990-2010,132_TX_132_2009_H1003_20260915164522.csv,TIME_MACHINE
1997,범위확인필요,구국가보안법,6.0,1.0,16.7,1990-2010,132_TX_132_2009_H1003_20260915164522.csv,TIME_MACHINE
1997,범위확인필요,국가보안법,198.0,178.0,89.9,1990-2010,132_TX_132_2009_H1003_20260915164522.csv,TIME_MACHINE
1997,범위확인필요,국외이송약취유인,1.0,1.0,100.0,1990-2010,132_TX_132_2009_H1003_20260915164522.csv,TIME_MACHINE
1997,범위확인필요,권리행사를 방해하는 죄,579.0,575.0,99.3,1990-2010,132_TX_132_2009_H1003_20260915164522.csv,TIME_MACHINE
1997,범위확인필요,근로기준법,14.0,13.0,92.9,1990-2010,132_TX_132_2009_H1003_20260915164522.csv,TIME_MACHINE
1997,범위확인필요,기타통화에 관한 죄,3.0,1.0,33.3,1990-2010,132_TX_132_2009_H1003_20260915164522.csv,TIME_MACHINE
1997,범위확인필요,기타특별법,4559.0,4390.0,96.3,1990-2010,132_TX_132_2009_H1003_20260915164522.csv,TIME_MACHINE
1997,범위확인필요,기타형법범,6579.0,6162.0,93.7,1990-2010,132_TX_132_2009_H1003_20260915164522.csv,TIME_MACHINE
1997,범위확인필요,낙태의 죄,7.0,7.0,100.0,1990-2010,132_TX_132_2009_H1003_20260915164522.csv,TIME_MACHINE
1997,범위확인필요,농수산물 유통 및 가격안정에 관한 법률,8.0,9.0,112.5,1990-2010,132_TX_132_2009_H1003_20260915164522.csv,TIME_MACHINE
1997,범위확인필요,농지의 보전 및 이용에 관한 법률,7.0,7.0,100.0,1990-2010,132_TX_132_2009_H1003_20260915164522.csv,TIME_MACHINE
1997,범위확인필요,뇌물공여·약속·의사표시,26.0,31.0,119.2,1990-2010,132_TX_132_2009_H1003_20260915164522.csv,TIME_MACHINE
1997,범위확인필요,뇌물수수·요구·약속,7.0,9.0,128.6,1990-2010,132_TX_132_2009_H1003_20260915164522.csv,TIME_MACHINE
1997,범위확인필요,대기환경보전법,98.0,86.0,87.8,1990-2010,132_TX_132_2009_H1003_20260915164522.csv,TIME_MACHINE
1997,범위확인필요,대마관리법,55.0,59.0,107.3,1990-2010,132_TX_132_2009_H1003_20260915164522.csv,TIME_MACHINE
1997,범위확인필요,도로교통법(교통사고),92418.0,91701.0,99.2,1990-2010,132_TX_132_2009_H1003_20260915164522.csv,TIME_MACHINE
1997,범위확인필요,도로법,2605.0,2624.0,100.7,1990-2010,132_TX_132_2009_H1003_20260915164522.csv,TIME_MACHINE
1997,범위확인필요,도박,1221.0,1238.0,101.4,1990-2010,132_TX_132_2009_H1003_20260915164522.csv,TIME_MACHINE
1997,범위확인필요,도박개장,40.0,35.0,87.5,1990-2010,132_TX_132_2009_H1003_20260915164522.csv,TIME_MACHINE
1997,범위확인필요,도시가스사업법,28.0,27.0,96.4,1990-2010,132_TX_132_2009_H1003_20260915164522.csv,TIME_MACHINE
1997,범위확인필요,도시계획법,548.0,543.0,99.1,1990-2010,132_TX_132_2009_H1003_20260915164522.csv,TIME_MACHINE
1997,범위확인필요,도주와 도주원조죄,1.0,1.0,100.0,1990-2010,132_TX_132_2009_H1003_20260915164522.csv,TIME_MACHINE
1997,범위확인필요,독점규제 및 공정거래에 관한 법률,1.0,1.0,100.0,1990-2010,132_TX_132_2009_H1003_20260915164522.csv,TIME_MACHINE
1997,범위확인필요,독직폭행·가혹행위,3.0,3.0,100.0,1990-2010,132_TX_132_2009_H1003_20260915164522.csv,TIME_MACHINE
1997,범위확인필요,마약법,37.0,40.0,108.1,1990-2010,132_TX_132_2009_H1003_20260915164522.csv,TIME_MACHINE
1997,범위확인필요,매장 및 묘지등에 관한 법률,12.0,13.0,108.3,1990-2010,132_TX_132_2009_H1003_20260915164522.csv,TIME_MACHINE
1997,범위확인필요,명예에 관한 죄,719.0,657.0,91.4,1990-2010,132_TX_132_2009_H1003_20260915164522.csv,TIME_MACHINE
1997,범위확인필요,무고의 죄,414.0,402.0,97.1,1990-2010,132_TX_132_2009_H1003_20260915164522.csv,TIME_MACHINE
1997,범위확인필요,문화재보호법,1.0,,0.0,1990-2010,132_TX_132_2009_H1003_20260915164522.csv,TIME_MACHINE
1997,범위확인필요,미성년자등간음·추행(심신미약자),41.0,38.0,92.7,1990-2010,132_TX_132_2009_H1003_20260915164522.csv,TIME_MACHINE
1997,범위확인필요,미성년자보호법,279.0,278.0,99.6,1990-2010,132_TX_132_2009_H1003_20260915164522.csv,TIME_MACHINE
1997,범위확인필요,미성년자약취유인,26.0,25.0,96.2,1990-2010,132_TX_132_2009_H1003_20260915164522.csv,TIME_MACHINE
1997,범위확인필요,미성년자의 제강간(강제추행강간살인),94.0,88.0,93.6,1990-2010,132_TX_132_2009_H1003_20260915164522.csv,TIME_MACHINE
1997,범위확인필요,밀항단속법,9.0,11.0,122.2,1990-2010,132_TX_132_2009_H1003_20260915164522.csv,TIME_MACHINE
1997,범위확인필요,방문판매등에 관한 법률,188.0,183.0,97.3,1990-2010,132_TX_132_2009_H1003_20260915164522.csv,TIME_MACHINE
1997,범위확인필요,방화,115.0,108.0,93.9,1990-2010,132_TX_132_2009_H1003_20260915164522.csv,TIME_MACHINE
1997,범위확인필요,방화연소,11.0,10.0,90.9,1990-2010,132_TX_132_2009_H1003_20260915164522.csv,TIME_MACHINE
1997,범위확인필요,배임,776.0,718.0,92.5,1990-2010,132_TX_132_2009_H1003_20260915164522.csv,TIME_MACHINE
1997,범위확인필요,배임수재,12.0,7.0,58.3,1990-2010,132_TX_132_2009_H1003_20260915164522.csv,TIME_MACHINE
1997,범위확인필요,배임증재,1.0,5.0,500.0,1990-2010,132_TX_132_2009_H1003_20260915164522.csv,TIME_MACHINE
1997,범위확인필요,범인은닉·범인도피죄,25.0,27.0,108.0,1990-2010,132_TX_132_2009_H1003_20260915164522.csv,TIME_MACHINE
1997,범위확인필요,변호사법,88.0,87.0,98.9,1990-2010,132_TX_132_2009_H1003_20260915164522.csv,TIME_MACHINE
1997,범위확인필요,병역법,2087.0,1908.0,91.4,1990-2010,132_TX_132_2009_H1003_20260915164522.csv,TIME_MACHINE
1997,범위확인필요,보건범죄특조법(부정식품),5.0,4.0,80.0,1990-2010,132_TX_132_2009_H1003_20260915164522.csv,TIME_MACHINE
1997,범위확인필요,보건범죄특조법(부정유독물),1.0,2.0,200.0,1990-2010,132_TX_132_2009_H1003_20260915164522.csv,TIME_MACHINE
1997,범위확인필요,보건범죄특조법(부정의료업자),58.0,57.0,98.3,1990-2010,132_TX_132_2009_H1003_20260915164522.csv,TIME_MACHINE
1997,범위확인필요,보건범죄특조법(부정의약품),1.0,1.0,100.0,1990-2010,132_TX_132_2009_H1003_20260915164522.csv,TIME_MACHINE
1997,범위확인필요,보건범죄특조법(허위정보),1.0,1.0,100.0,1990-2010,132_TX_132_2009_H1003_20260915164522.csv,TIME_MACHINE
1997,범위확인필요,부녀매매,9.0,10.0,111.1,1990-2010,132_TX_132_2009_H1003_20260915164522.csv,TIME_MACHINE
1997,범위확인필요,부당이득,15.0,12.0,80.0,1990-2010,132_TX_132_2009_H1003_20260915164522.csv,TIME_MACHINE
1997,범위확인필요,부동산중개업법,96.0,88.0,91.7,1990-2010,132_TX_132_2009_H1003_20260915164522.csv,TIME_MACHINE
1997,범위확인필요,부정경쟁방지법,55.0,54.0,98.2,1990-2010,132_TX_132_2009_H1003_20260915164522.csv,TIME_MACHINE
1997,범위확인필요,부정수표단속법,2198.0,14799.0,69.8,1990-2010,132_TX_132_2009_H1003_20260915164522.csv,TIME_MACHINE
1997,범위확인필요,비밀침해죄,4.0,5.0,125.0,1990-2010,132_TX_132_2009_H1003_20260915164522.csv,TIME_MACHINE
1997,범위확인필요,사기,47536.0,40622.0,85.5,1990-2010,132_TX_132_2009_H1003_20260915164522.csv,TIME_MACHINE
1997,범위확인필요,사기(상습),22.0,26.0,118.2,1990-2010,132_TX_132_2009_H1003_20260915164522.csv,TIME_MACHINE
1997,범위확인필요,사문서위조·변조,1129.0,1038.0,91.9,1990-2010,132_TX_132_2009_H1003_20260915164522.csv,TIME_MACHINE
1997,범위확인필요,사인등위조·부정사용행사,7.0,7.0,100.0,1990-2010,132_TX_132_2009_H1003_20260915164522.csv,TIME_MACHINE
1997,범위확인필요,사행행위등 규제 및 처벌특례법,25.0,28.0,112.0,1990-2010,132_TX_132_2009_H1003_20260915164522.csv,TIME_MACHINE
1997,범위확인필요,산림법,29.0,28.0,96.6,1990-2010,132_TX_132_2009_H1003_20260915164522.csv,TIME_MACHINE
1997,범위확인필요,산업안전보건법,6.0,6.0,100.0,1990-2010,132_TX_132_2009_H1003_20260915164522.csv,TIME_MACHINE
1997,범위확인필요,살인,143.0,148.0,103.5,1990-2010,132_TX_132_2009_H1003_20260915164522.csv,TIME_MACHINE
1997,범위확인필요,상법,2.0,1.0,50.0,1990-2010,132_TX_132_2009_H1003_20260915164522.csv,TIME_MACHINE
1997,범위확인필요,상습도박,80.0,92.0,115.0,1990-2010,132_TX_132_2009_H1003_20260915164522.csv,TIME_MACHINE
1997,범위확인필요,상습절도,54.0,67.0,124.1,1990-2010,132_TX_132_2009_H1003_20260915164522.csv,TIME_MACHINE
1997,범위확인필요,상표법,258.0,260.0,100.8,1990-2010,132_TX_132_2009_H1003_20260915164522.csv,TIME_MACHINE
1997,범위확인필요,상품권법,4.0,4.0,100.0,1990-2010,132_TX_132_2009_H1003_20260915164522.csv,TIME_MACHINE
1997,범위확인필요,상해,5524.0,5492.0,99.4,1990-2010,132_TX_132_2009_H1003_20260915164522.csv,TIME_MACHINE
1997,범위확인필요,상해(중),4.0,4.0,100.0,1990-2010,132_TX_132_2009_H1003_20260915164522.csv,TIME_MACHINE
1997,범위확인필요,상해치사,29.0,30.0,103.4,1990-2010,132_TX_132_2009_H1003_20260915164522.csv,TIME_MACHINE
1997,범위확인필요,상호신용금고법,12.0,11.0,91.7,1990-2010,132_TX_132_2009_H1003_20260915164522.csv,TIME_MACHINE
1997,범위확인필요,새마을금고법,2.0,2.0,100.0,1990-2010,132_TX_132_2009_H1003_20260915164522.csv,TIME_MACHINE
1997,범위확인필요,성폭력범죄의 처벌 및 피해자보호에 관한 법,362.0,374.0,103.3,1990-2010,132_TX_132_2009_H1003_20260915164522.csv,TIME_MACHINE
1997,범위확인필요,소음·진동규제법,18.0,16.0,88.9,1990-2010,132_TX_132_2009_H1003_20260915164522.csv,TIME_MACHINE
1997,범위확인필요,손괴의죄,855.0,822.0,96.1,1990-2010,132_TX_132_2009_H1003_20260915164522.csv,TIME_MACHINE
1997,범위확인필요,수도법,13.0,12.0,92.3,1990-2010,132_TX_132_2009_H1003_20260915164522.csv,TIME_MACHINE
1997,범위확인필요,수질환경보전법,63.0,64.0,101.6,1990-2010,132_TX_132_2009_H1003_20260915164522.csv,TIME_MACHINE
1997,범위확인필요,식품위생법,13920.0,13856.0,99.5,1990-2010,132_TX_132_2009_H1003_20260915164522.csv,TIME_MACHINE
1997,범위확인필요,신앙에 관한 죄,14.0,15.0,107.1,1990-2010,132_TX_132_2009_H1003_20260915164522.csv,TIME_MACHINE
1997,범위확인필요,신용·업무와 경매에 관한 죄,586.0,580.0,99.0,1990-2010,132_TX_132_2009_H1003_20260915164522.csv,TIME_MACHINE
1997,범위확인필요,실용신안법,60.0,64.0,106.7,1990-2010,132_TX_132_2009_H1003_20260915164522.csv,TIME_MACHINE
1997,범위확인필요,실화 및 업무상실화죄,531.0,262.0,49.3,1990-2010,132_TX_132_2009_H1003_20260915164522.csv,TIME_MACHINE
1997,범위확인필요,아동복지법,58.0,62.0,106.9,1990-2010,132_TX_132_2009_H1003_20260915164522.csv,TIME_MACHINE
1997,범위확인필요,액화석유가스의 안전 및 사업관리법,21.0,20.0,95.2,1990-2010,132_TX_132_2009_H1003_20260915164522.csv,TIME_MACHINE
1997,범위확인필요,야간주거침입절도,525.0,517.0,98.5,1990-2010,132_TX_132_2009_H1003_20260915164522.csv,TIME_MACHINE
1997,범위확인필요,약사법,200.0,210.0,105.0,1990-2010,132_TX_132_2009_H1003_20260915164522.csv,TIME_MACHINE
1997,범위확인필요,업무상과실폭발물파열(방출·유출),2.0,2.0,100.0,1990-2010,132_TX_132_2009_H1003_20260915164522.csv,TIME_MACHINE
1997,범위확인필요,업무상배임,301.0,304.0,101.0,1990-2010,132_TX_132_2009_H1003_20260915164522.csv,TIME_MACHINE
1997,범위확인필요,업무상횡령,2006.0,1853.0,92.4,1990-2010,132_TX_132_2009_H1003_20260915164522.csv,TIME_MACHINE
1997,범위확인필요,여권법,18.0,6.0,33.3,1990-2010,132_TX_132_2009_H1003_20260915164522.csv,TIME_MACHINE
1997,범위확인필요,여신전문금융업법위반,675.0,601.0,89.0,1990-2010,132_TX_132_2009_H1003_20260915164522.csv,TIME_MACHINE
1997,범위확인필요,영아살해,2.0,2.0,100.0,1990-2010,132_TX_132_2009_H1003_20260915164522.csv,TIME_MACHINE
1997,범위확인필요,오수·분뇨 및 축산폐수의 처리에 관한 법률,7.0,7.0,100.0,1990-2010,132_TX_132_2009_H1003_20260915164522.csv,TIME_MACHINE
1997,범위확인필요,외환관리법,263.0,297.0,112.9,1990-2010,132_TX_132_2009_H1003_20260915164522.csv,TIME_MACHINE
1997,범위확인필요,용역경비업법,7.0,7.0,100.0,1990-2010,132_TX_132_2009_H1003_20260915164522.csv,TIME_MACHINE
1997,범위확인필요,위계·위력·촉탁·승락살인,1.0,1.0,100.0,1990-2010,132_TX_132_2009_H1003_20260915164522.csv,TIME_MACHINE
1997,범위확인필요,위증죄,433.0,411.0,94.9,1990-2010,132_TX_132_2009_H1003_20260915164522.csv,TIME_MACHINE
1997,범위확인필요,유가증권위(변)조,491.0,388.0,79.0,1990-2010,132_TX_132_2009_H1003_20260915164522.csv,TIME_MACHINE
1997,범위확인필요,유기의 죄,18.0,14.0,77.8,1990-2010,132_TX_132_2009_H1003_20260915164522.csv,TIME_MACHINE
1997,범위확인필요,유선 및 도선업법,2.0,1.0,50.0,1990-2010,132_TX_132_2009_H1003_20260915164522.csv,TIME_MACHINE
1997,범위확인필요,유실물 표류물 점유이탈물 매장물횡령,459.0,442.0,96.3,1990-2010,132_TX_132_2009_H1003_20260915164522.csv,TIME_MACHINE
1997,범위확인필요,유해화학물질관리법,1153.0,1187.0,102.9,1990-2010,132_TX_132_2009_H1003_20260915164522.csv,TIME_MACHINE
1997,범위확인필요,윤락행위등방지법,249.0,255.0,102.4,1990-2010,132_TX_132_2009_H1003_20260915164522.csv,TIME_MACHINE
1997,범위확인필요,음반 및 비디오물에 관한 법률,379.0,391.0,103.2,1990-2010,132_TX_132_2009_H1003_20260915164522.csv,TIME_MACHINE
1997,범위확인필요,음반에관한법률,16.0,5.0,31.3,1990-2010,132_TX_132_2009_H1003_20260915164522.csv,TIME_MACHINE
1997,범위확인필요,음용수에 관한 죄,4.0,2.0,50.0,1990-2010,132_TX_132_2009_H1003_20260915164522.csv,TIME_MACHINE
1997,범위확인필요,음행매개,1.0,1.0,100.0,1990-2010,132_TX_132_2009_H1003_20260915164522.csv,TIME_MACHINE
1997,범위확인필요,음화등반포(판매·임대·전시·제조),121.0,121.0,100.0,1990-2010,132_TX_132_2009_H1003_20260915164522.csv,TIME_MACHINE
1997,범위확인필요,의료법,106.0,105.0,99.1,1990-2010,132_TX_132_2009_H1003_20260915164522.csv,TIME_MACHINE
1997,범위확인필요,의장법,105.0,101.0,96.2,1990-2010,132_TX_132_2009_H1003_20260915164522.csv,TIME_MACHINE
1997,범위확인필요,인장업법,12.0,12.0,100.0,1990-2010,132_TX_132_2009_H1003_20260915164522.csv,TIME_MACHINE
1997,범위확인필요,인질강도,3.0,4.0,133.3,1990-2010,132_TX_132_2009_H1003_20260915164522.csv,TIME_MACHINE
1997,범위확인필요,인질강요,1.0,1.0,100.0,1990-2010,132_TX_132_2009_H1003_20260915164522.csv,TIME_MACHINE
1997,범위확인필요,일반(건조물등)방화,12.0,7.0,58.3,1990-2010,132_TX_132_2009_H1003_20260915164522.csv,TIME_MACHINE
1997,범위확인필요,자기소유(건조물등)방화,9.0,10.0,111.1,1990-2010,132_TX_132_2009_H1003_20260915164522.csv,TIME_MACHINE
1997,범위확인필요,자동차·선박등불법사용,38.0,37.0,97.4,1990-2010,132_TX_132_2009_H1003_20260915164522.csv,TIME_MACHINE
1997,범위확인필요,자동차관리법,6184.0,4829.0,78.1,1990-2010,132_TX_132_2009_H1003_20260915164522.csv,TIME_MACHINE
1997,범위확인필요,자동차운수사업법,440.0,402.0,91.4,1990-2010,132_TX_132_2009_H1003_20260915164522.csv,TIME_MACHINE
1997,범위확인필요,자살교사·방조,1.0,1.0,100.0,1990-2010,132_TX_132_2009_H1003_20260915164522.csv,TIME_MACHINE
1997,범위확인필요,자연환경보전법,1.0,1.0,100.0,1990-2010,132_TX_132_2009_H1003_20260915164522.csv,TIME_MACHINE
1997,범위확인필요,장물에 관한죄,155.0,180.0,116.1,1990-2010,132_TX_132_2009_H1003_20260915164522.csv,TIME_MACHINE
1997,범위확인필요,저작권법,1065.0,759.0,71.3,1990-2010,132_TX_132_2009_H1003_20260915164522.csv,TIME_MACHINE
1997,범위확인필요,전당포영업법,,1.0,,1990-2010,132_TX_132_2009_H1003_20260915164522.csv,TIME_MACHINE
1997,범위확인필요,전투경찰대설치법,35.0,34.0,97.1,1990-2010,132_TX_132_2009_H1003_20260915164522.csv,TIME_MACHINE
1997,범위확인필요,절도,9021.0,6425.0,71.2,1990-2010,132_TX_132_2009_H1003_20260915164522.csv,TIME_MACHINE
1997,범위확인필요,절도범,12947.0,10437.0,80.6,1990-2010,132_TX_132_2009_H1003_20260915164522.csv,TIME_MACHINE
1997,범위확인필요,조세범처벌법,325.0,217.0,66.8,1990-2010,132_TX_132_2009_H1003_20260915164522.csv,TIME_MACHINE
1997,범위확인필요,조수보호 및 수렵에 관한 법률,9.0,9.0,100.0,1990-2010,132_TX_132_2009_H1003_20260915164522.csv,TIME_MACHINE
1997,범위확인필요,존속살해,4.0,3.0,75.0,1990-2010,132_TX_132_2009_H1003_20260915164522.csv,TIME_MACHINE
1997,범위확인필요,존속상해,101.0,102.0,101.0,1990-2010,132_TX_132_2009_H1003_20260915164522.csv,TIME_MACHINE
1997,범위확인필요,존속상해(상습),2.0,1.0,50.0,1990-2010,132_TX_132_2009_H1003_20260915164522.csv,TIME_MACHINE
1997,범위확인필요,존속상해치사,2.0,2.0,100.0,1990-2010,132_TX_132_2009_H1003_20260915164522.csv,TIME_MACHINE
1997,범위확인필요,존속체포감금,1.0,1.0,100.0,1990-2010,132_TX_132_2009_H1003_20260915164522.csv,TIME_MACHINE
1997,범위확인필요,존속폭행,56.0,52.0,92.9,1990-2010,132_TX_132_2009_H1003_20260915164522.csv,TIME_MACHINE
1997,범위확인필요,존속폭행(상습),5.0,5.0,100.0,1990-2010,132_TX_132_2009_H1003_20260915164522.csv,TIME_MACHINE
1997,범위확인필요,존속폭행치사,4.0,3.0,75.0,1990-2010,132_TX_132_2009_H1003_20260915164522.csv,TIME_MACHINE
1997,범위확인필요,존속폭행치상,3.0,2.0,66.7,1990-2010,132_TX_132_2009_H1003_20260915164522.csv,TIME_MACHINE
1997,범위확인필요,존속협박,4.0,4.0,100.0,1990-2010,132_TX_132_2009_H1003_20260915164522.csv,TIME_MACHINE
1997,범위확인필요,주거침입의 죄,384.0,378.0,98.4,1990-2010,132_TX_132_2009_H1003_20260915164522.csv,TIME_MACHINE
1997,범위확인필요,주민등록법,130.0,115.0,88.5,1990-2010,132_TX_132_2009_H1003_20260915164522.csv,TIME_MACHINE
1997,범위확인필요,주차장법,281.0,275.0,97.9,1990-2010,132_TX_132_2009_H1003_20260915164522.csv,TIME_MACHINE
1997,범위확인필요,준강간,17.0,17.0,100.0,1990-2010,132_TX_132_2009_H1003_20260915164522.csv,TIME_MACHINE
1997,범위확인필요,준강도,54.0,52.0,96.3,1990-2010,132_TX_132_2009_H1003_20260915164522.csv,TIME_MACHINE
1997,범위확인필요,준사기,1.0,1.0,100.0,1990-2010,132_TX_132_2009_H1003_20260915164522.csv,TIME_MACHINE
1997,범위확인필요,준특수강도,1.0,1.0,100.0,1990-2010,132_TX_132_2009_H1003_20260915164522.csv,TIME_MACHINE
1997,범위확인필요,중기관리법,1.0,1.0,100.0,1990-2010,132_TX_132_2009_H1003_20260915164522.csv,TIME_MACHINE
1997,범위확인필요,지능범,56599.0,49032.0,86.6,1990-2010,132_TX_132_2009_H1003_20260915164522.csv,TIME_MACHINE
1997,범위확인필요,직권남용(권리행사방해체포·감금),5.0,5.0,100.0,1990-2010,132_TX_132_2009_H1003_20260915164522.csv,TIME_MACHINE
1997,범위확인필요,직무유기·수행거부,36.0,31.0,86.1,1990-2010,132_TX_132_2009_H1003_20260915164522.csv,TIME_MACHINE
1997,범위확인필요,직업안정 및 고용촉진에 관한 법률,3.0,3.0,100.0,1990-2010,132_TX_132_2009_H1003_20260915164522.csv,TIME_MACHINE
1997,범위확인필요,직업안정법,182.0,185.0,101.6,1990-2010,132_TX_132_2009_H1003_20260915164522.csv,TIME_MACHINE
1997,범위확인필요,집회 및 시위에 관한 법률,887.0,875.0,98.6,1990-2010,132_TX_132_2009_H1003_20260915164522.csv,TIME_MACHINE
1997,범위확인필요,철도법,17.0,15.0,88.2,1990-2010,132_TX_132_2009_H1003_20260915164522.csv,TIME_MACHINE
1997,범위확인필요,청소년보호법,1146.0,1157.0,101.0,1990-2010,132_TX_132_2009_H1003_20260915164522.csv,TIME_MACHINE
1997,범위확인필요,체포·감금치사·상(중·특수·상습),5.0,5.0,100.0,1990-2010,132_TX_132_2009_H1003_20260915164522.csv,TIME_MACHINE
1997,범위확인필요,체포감금,22.0,20.0,90.9,1990-2010,132_TX_132_2009_H1003_20260915164522.csv,TIME_MACHINE
1997,범위확인필요,체포감금(특수),1.0,1.0,100.0,1990-2010,132_TX_132_2009_H1003_20260915164522.csv,TIME_MACHINE
1997,범위확인필요,총범죄,349414.0,326372.0,93.4,1990-2010,132_TX_132_2009_H1003_20260915164522.csv,TIME_MACHINE
1997,범위확인필요,총포·도검·화약류단속법,94.0,112.0,119.1,1990-2010,132_TX_132_2009_H1003_20260915164522.csv,TIME_MACHINE
1997,범위확인필요,추행·간음·영리·약취유인,81.0,78.0,96.3,1990-2010,132_TX_132_2009_H1003_20260915164522.csv,TIME_MACHINE
1997,범위확인필요,축산물위생처리법,22.0,22.0,100.0,1990-2010,132_TX_132_2009_H1003_20260915164522.csv,TIME_MACHINE
1997,범위확인필요,출입국관리법,22.0,22.0,100.0,1990-2010,132_TX_132_2009_H1003_20260915164522.csv,TIME_MACHINE
1997,범위확인필요,컴퓨터등사용사기,6.0,6.0,100.0,1990-2010,132_TX_132_2009_H1003_20260915164522.csv,TIME_MACHINE
1997,범위확인필요,컴퓨터프로그램보호법,178.0,173.0,97.2,1990-2010,132_TX_132_2009_H1003_20260915164522.csv,TIME_MACHINE
1997,범위확인필요,토지수용법,1.0,1.0,100.0,1990-2010,132_TX_132_2009_H1003_20260915164522.csv,TIME_MACHINE
1997,범위확인필요,통화위(변)조,3.0,2.0,66.7,1990-2010,132_TX_132_2009_H1003_20260915164522.csv,TIME_MACHINE
1997,범위확인필요,특가법(감금),1.0,,0.0,1990-2010,132_TX_132_2009_H1003_20260915164522.csv,TIME_MACHINE
1997,범위확인필요,특가법(강도),36.0,40.0,111.1,1990-2010,132_TX_132_2009_H1003_20260915164522.csv,TIME_MACHINE
1997,범위확인필요,특가법(강도강간),2.0,1.0,50.0,1990-2010,132_TX_132_2009_H1003_20260915164522.csv,TIME_MACHINE
1997,범위확인필요,특가법(강도강간재범),1.0,1.0,100.0,1990-2010,132_TX_132_2009_H1003_20260915164522.csv,TIME_MACHINE
1997,범위확인필요,특가법(강도강제추행),1.0,,0.0,1990-2010,132_TX_132_2009_H1003_20260915164522.csv,TIME_MACHINE
1997,범위확인필요,특가법(강도상해재범),2.0,2.0,100.0,1990-2010,132_TX_132_2009_H1003_20260915164522.csv,TIME_MACHINE
1997,범위확인필요,특가법(국고손실),1.0,,0.0,1990-2010,132_TX_132_2009_H1003_20260915164522.csv,TIME_MACHINE
1997,범위확인필요,특가법(뇌물),1.0,1.0,100.0,1990-2010,132_TX_132_2009_H1003_20260915164522.csv,TIME_MACHINE
1997,범위확인필요,특가법(도주차량),2453.0,1703.0,69.4,1990-2010,132_TX_132_2009_H1003_20260915164522.csv,TIME_MACHINE
1997,범위확인필요,특가법(무고),1.0,,0.0,1990-2010,132_TX_132_2009_H1003_20260915164522.csv,TIME_MACHINE
1997,범위확인필요,특가법(미성년자약취),1.0,1.0,100.0,1990-2010,132_TX_132_2009_H1003_20260915164522.csv,TIME_MACHINE
1997,범위확인필요,특가법(미성년자약취유인),2.0,2.0,100.0,1990-2010,132_TX_132_2009_H1003_20260915164522.csv,TIME_MACHINE
1997,범위확인필요,특가법(미성년자유인),2.0,2.0,100.0,1990-2010,132_TX_132_2009_H1003_20260915164522.csv,TIME_MACHINE
1997,범위확인필요,특가법(범죄단체조직),1.0,1.0,100.0,1990-2010,132_TX_132_2009_H1003_20260915164522.csv,TIME_MACHINE
1997,범위확인필요,특가법(보복범죄등),4.0,4.0,100.0,1990-2010,132_TX_132_2009_H1003_20260915164522.csv,TIME_MACHINE
1997,범위확인필요,특가법(영리약취),3.0,4.0,133.3,1990-2010,132_TX_132_2009_H1003_20260915164522.csv,TIME_MACHINE
1997,범위확인필요,특가법(영리약취·유인),3.0,1.0,33.3,1990-2010,132_TX_132_2009_H1003_20260915164522.csv,TIME_MACHINE
1997,범위확인필요,특가법(영리유인),4.0,5.0,125.0,1990-2010,132_TX_132_2009_H1003_20260915164522.csv,TIME_MACHINE
1997,범위확인필요,특가법(장물),3.0,3.0,100.0,1990-2010,132_TX_132_2009_H1003_20260915164522.csv,TIME_MACHINE
1997,범위확인필요,특가법(절도),382.0,374.0,97.9,1990-2010,132_TX_132_2009_H1003_20260915164522.csv,TIME_MACHINE
1997,범위확인필요,특가법(통화위조),6.0,,0.0,1990-2010,132_TX_132_2009_H1003_20260915164522.csv,TIME_MACHINE
1997,범위확인필요,특경법(공갈),,1.0,,1990-2010,132_TX_132_2009_H1003_20260915164522.csv,TIME_MACHINE
1997,범위확인필요,특경법(배임),11.0,9.0,81.8,1990-2010,132_TX_132_2009_H1003_20260915164522.csv,TIME_MACHINE
1997,범위확인필요,특경법(사기),111.0,112.0,100.9,1990-2010,132_TX_132_2009_H1003_20260915164522.csv,TIME_MACHINE
1997,범위확인필요,특경법(수재등),2.0,2.0,100.0,1990-2010,132_TX_132_2009_H1003_20260915164522.csv,TIME_MACHINE
1997,범위확인필요,특경법(알선수재),2.0,1.0,50.0,1990-2010,132_TX_132_2009_H1003_20260915164522.csv,TIME_MACHINE
1997,범위확인필요,특경법(재산국외도피),1.0,,0.0,1990-2010,132_TX_132_2009_H1003_20260915164522.csv,TIME_MACHINE
1997,범위확인필요,특경법(횡령),24.0,21.0,87.5,1990-2010,132_TX_132_2009_H1003_20260915164522.csv,TIME_MACHINE
1997,범위확인필요,특별법범,209739.0,197709.0,94.3,1990-2010,132_TX_132_2009_H1003_20260915164522.csv,TIME_MACHINE
1997,범위확인필요,특수강도,236.0,242.0,102.5,1990-2010,132_TX_132_2009_H1003_20260915164522.csv,TIME_MACHINE
1997,범위확인필요,특수절도,2925.0,3014.0,103.0,1990-2010,132_TX_132_2009_H1003_20260915164522.csv,TIME_MACHINE
1997,범위확인필요,특수절도(상습),2.0,3.0,150.0,1990-2010,132_TX_132_2009_H1003_20260915164522.csv,TIME_MACHINE
1997,범위확인필요,특수폭행,3.0,3.0,100.0,1990-2010,132_TX_132_2009_H1003_20260915164522.csv,TIME_MACHINE
1997,범위확인필요,특허법,22.0,19.0,86.4,1990-2010,132_TX_132_2009_H1003_20260915164522.csv,TIME_MACHINE
1997,범위확인필요,폐기물관리법,328.0,332.0,101.2,1990-2010,132_TX_132_2009_H1003_20260915164522.csv,TIME_MACHINE
1997,범위확인필요,폭력범,58548.0,58123.0,99.3,1990-2010,132_TX_132_2009_H1003_20260915164522.csv,TIME_MACHINE
1997,범위확인필요,폭력행위등처벌에 관한 법률 위반,49645.0,49300.0,99.3,1990-2010,132_TX_132_2009_H1003_20260915164522.csv,TIME_MACHINE
1997,범위확인필요,폭행,1628.0,1665.0,102.3,1990-2010,132_TX_132_2009_H1003_20260915164522.csv,TIME_MACHINE
1997,범위확인필요,폭행치사,41.0,38.0,92.7,1990-2010,132_TX_132_2009_H1003_20260915164522.csv,TIME_MACHINE
1997,범위확인필요,폭행치상,69.0,70.0,101.4,1990-2010,132_TX_132_2009_H1003_20260915164522.csv,TIME_MACHINE
1997,범위확인필요,풍속범,2632.0,2543.0,96.6,1990-2010,132_TX_132_2009_H1003_20260915164522.csv,TIME_MACHINE
1997,범위확인필요,풍속영업의 규제에 관한 법률,2099.0,2124.0,101.2,1990-2010,132_TX_132_2009_H1003_20260915164522.csv,TIME_MACHINE
1997,범위확인필요,하수도법,9.0,7.0,77.8,1990-2010,132_TX_132_2009_H1003_20260915164522.csv,TIME_MACHINE
1997,범위확인필요,하천법,20.0,18.0,90.0,1990-2010,132_TX_132_2009_H1003_20260915164522.csv,TIME_MACHINE
1997,범위확인필요,학원의설립·운영에관한법률,61.0,58.0,95.1,1990-2010,132_TX_132_2009_H1003_20260915164522.csv,TIME_MACHINE
1997,범위확인필요,향정신성의 약품관리법,172.0,197.0,114.5,1990-2010,132_TX_132_2009_H1003_20260915164522.csv,TIME_MACHINE
1997,범위확인필요,향토예비군설치법,9863.0,7759.0,78.7,1990-2010,132_TX_132_2009_H1003_20260915164522.csv,TIME_MACHINE
1997,범위확인필요,허위감정·증거인멸은닉·증인은닉죄,14.0,13.0,92.9,1990-2010,132_TX_132_2009_H1003_20260915164522.csv,TIME_MACHINE
1997,범위확인필요,현주(현존)자동차방화,2.0,2.0,100.0,1990-2010,132_TX_132_2009_H1003_20260915164522.csv,TIME_MACHINE
1997,범위확인필요,현주·현존(건조물등)방화,70.0,67.0,95.7,1990-2010,132_TX_132_2009_H1003_20260915164522.csv,TIME_MACHINE
1997,범위확인필요,현주·현존(건조물등)방화치사,6.0,6.0,100.0,1990-2010,132_TX_132_2009_H1003_20260915164522.csv,TIME_MACHINE
1997,범위확인필요,현주·현존(건조물등)방화치상,,1.0,100.0,1990-2010,132_TX_132_2009_H1003_20260915164522.csv,TIME_MACHINE
1997,범위확인필요,협박,190.0,160.0,84.2,1990-2010,132_TX_132_2009_H1003_20260915164522.csv,TIME_MACHINE
1997,범위확인필요,협박(특수),3.0,3.0,100.0,1990-2010,132_TX_132_2009_H1003_20260915164522.csv,TIME_MACHINE
1997,범위확인필요,형법범,139675.0,128663.0,92.1,1990-2010,132_TX_132_2009_H1003_20260915164522.csv,TIME_MACHINE
1997,범위확인필요,형사소송법,3.0,4.0,133.3,1990-2010,132_TX_132_2009_H1003_20260915164522.csv,TIME_MACHINE
1997,범위확인필요,혼인빙자간음,158.0,136.0,86.1,1990-2010,132_TX_132_2009_H1003_20260915164522.csv,TIME_MACHINE
1997,범위확인필요,화염병사용등의 처벌에 관한 법률,61.0,62.0,101.6,1990-2010,132_TX_132_2009_H1003_20260915164522.csv,TIME_MACHINE
1997,범위확인필요,환경범죄의 처벌에 관한 특별조치법,1.0,1.0,100.0,1990-2010,132_TX_132_2009_H1003_20260915164522.csv,TIME_MACHINE
1997,범위확인필요,환경보전법,2.0,2.0,100.0,1990-2010,132_TX_132_2009_H1003_20260915164522.csv,TIME_MACHINE
1997,범위확인필요,횡령,2763.0,2582.0,93.4,1990-2010,132_TX_132_2009_H1003_20260915164522.csv,TIME_MACHINE
1998,범위확인필요,가스등방류(유출·살포),1.0,1.0,100.0,1990-2010,132_TX_132_2009_H1003_20260915164522.csv,TIME_MACHINE
1998,범위확인필요,가정의례에 관한 법률,15.0,15.0,100.0,1990-2010,132_TX_132_2009_H1003_20260915164522.csv,TIME_MACHINE
1998,범위확인필요,간통,1013.0,933.0,92.1,1990-2010,132_TX_132_2009_H1003_20260915164522.csv,TIME_MACHINE
1998,범위확인필요,강간,1224.0,1157.0,94.5,1990-2010,132_TX_132_2009_H1003_20260915164522.csv,TIME_MACHINE
1998,범위확인필요,강간등살인,1.0,1.0,100.0,1990-2010,132_TX_132_2009_H1003_20260915164522.csv,TIME_MACHINE
1998,범위확인필요,강간등상해,13.0,11.0,84.6,1990-2010,132_TX_132_2009_H1003_20260915164522.csv,TIME_MACHINE
1998,범위확인필요,강간치사(준),1.0,1.0,100.0,1990-2010,132_TX_132_2009_H1003_20260915164522.csv,TIME_MACHINE
1998,범위확인필요,강간치상(준),267.0,261.0,97.8,1990-2010,132_TX_132_2009_H1003_20260915164522.csv,TIME_MACHINE
1998,범위확인필요,강도,1154.0,1142.0,99.0,1990-2010,132_TX_132_2009_H1003_20260915164522.csv,TIME_MACHINE
1998,범위확인필요,강도강간,28.0,26.0,92.9,1990-2010,132_TX_132_2009_H1003_20260915164522.csv,TIME_MACHINE
1998,범위확인필요,강도살인·치사,22.0,22.0,100.0,1990-2010,132_TX_132_2009_H1003_20260915164522.csv,TIME_MACHINE
1998,범위확인필요,강도상해·치상,489.0,507.0,103.7,1990-2010,132_TX_132_2009_H1003_20260915164522.csv,TIME_MACHINE
1998,범위확인필요,강력범,2662.0,2585.0,97.1,1990-2010,132_TX_132_2009_H1003_20260915164522.csv,TIME_MACHINE
1998,범위확인필요,강제추행(준),420.0,401.0,95.5,1990-2010,132_TX_132_2009_H1003_20260915164522.csv,TIME_MACHINE
1998,범위확인필요,강제추행치상(준),53.0,57.0,107.5,1990-2010,132_TX_132_2009_H1003_20260915164522.csv,TIME_MACHINE
1998,범위확인필요,건설업법,19.0,20.0,105.3,1990-2010,132_TX_132_2009_H1003_20260915164522.csv,TIME_MACHINE
1998,범위확인필요,건축법,1420.0,1394.0,98.2,1990-2010,132_TX_132_2009_H1003_20260915164522.csv,TIME_MACHINE
1998,범위확인필요,경범죄처벌법,57.0,56.0,98.2,1990-2010,132_TX_132_2009_H1003_20260915164522.csv,TIME_MACHINE
1998,범위확인필요,고압가스안전관리법,3.0,3.0,100.0,1990-2010,132_TX_132_2009_H1003_20260915164522.csv,TIME_MACHINE
1998,범위확인필요,골재채취법,2.0,2.0,100.0,1990-2010,132_TX_132_2009_H1003_20260915164522.csv,TIME_MACHINE
1998,범위확인필요,공갈,219.0,206.0,94.1,1990-2010,132_TX_132_2009_H1003_20260915164522.csv,TIME_MACHINE
1998,범위확인필요,공갈(상습),1.0,1.0,100.0,1990-2010,132_TX_132_2009_H1003_20260915164522.csv,TIME_MACHINE
1998,범위확인필요,공무방해에 관한 죄,2212.0,2127.0,96.2,1990-2010,132_TX_132_2009_H1003_20260915164522.csv,TIME_MACHINE
1998,범위확인필요,공문서위조·변조,1141.0,1024.0,89.7,1990-2010,132_TX_132_2009_H1003_20260915164522.csv,TIME_MACHINE
1998,범위확인필요,공안을 해하는 죄,20.0,19.0,95.0,1990-2010,132_TX_132_2009_H1003_20260915164522.csv,TIME_MACHINE
1998,범위확인필요,공연법,1.0,1.0,100.0,1990-2010,132_TX_132_2009_H1003_20260915164522.csv,TIME_MACHINE
1998,범위확인필요,공연음란,8.0,8.0,100.0,1990-2010,132_TX_132_2009_H1003_20260915164522.csv,TIME_MACHINE
1998,범위확인필요,공인위조·부정사용행사,66.0,60.0,90.9,1990-2010,132_TX_132_2009_H1003_20260915164522.csv,TIME_MACHINE
1998,범위확인필요,공중위생법,1358.0,1358.0,100.0,1990-2010,132_TX_132_2009_H1003_20260915164522.csv,TIME_MACHINE
1998,범위확인필요,공직선거 및 선거부정방지법,366.0,358.0,97.8,1990-2010,132_TX_132_2009_H1003_20260915164522.csv,TIME_MACHINE
1998,범위확인필요,과실사상의 죄,631.0,628.0,99.5,1990-2010,132_TX_132_2009_H1003_20260915164522.csv,TIME_MACHINE
1998,범위확인필요,과실폭발물파열(방출·유출),1.0,1.0,100.0,1990-2010,132_TX_132_2009_H1003_20260915164522.csv,TIME_MACHINE
1998,범위확인필요,교통 방해의 죄,41.0,38.0,92.7,1990-2010,132_TX_132_2009_H1003_20260915164522.csv,TIME_MACHINE
1998,범위확인필요,교통사고특례법,36354.0,36672.0,100.9,1990-2010,132_TX_132_2009_H1003_20260915164522.csv,TIME_MACHINE
1998,범위확인필요,구국가보안법,3.0,1.0,33.3,1990-2010,132_TX_132_2009_H1003_20260915164522.csv,TIME_MACHINE
1998,범위확인필요,국가보안법,127.0,148.0,116.5,1990-2010,132_TX_132_2009_H1003_20260915164522.csv,TIME_MACHINE
1998,범위확인필요,국외이송약취유인,2.0,2.0,100.0,1990-2010,132_TX_132_2009_H1003_20260915164522.csv,TIME_MACHINE
1998,범위확인필요,권리행사를 방해하는 죄,680.0,643.0,94.6,1990-2010,132_TX_132_2009_H1003_20260915164522.csv,TIME_MACHINE
1998,범위확인필요,근로기준법,6.0,4.0,66.7,1990-2010,132_TX_132_2009_H1003_20260915164522.csv,TIME_MACHINE
1998,범위확인필요,기타통화에 관한 죄,29.0,5.0,17.2,1990-2010,132_TX_132_2009_H1003_20260915164522.csv,TIME_MACHINE
1998,범위확인필요,기타특별법,3968.0,3743.0,94.3,1990-2010,132_TX_132_2009_H1003_20260915164522.csv,TIME_MACHINE
1998,범위확인필요,기타형법범,6811.0,6353.0,93.3,1990-2010,132_TX_132_2009_H1003_20260915164522.csv,TIME_MACHINE
1998,범위확인필요,낙태의 죄,4.0,4.0,100.0,1990-2010,132_TX_132_2009_H1003_20260915164522.csv,TIME_MACHINE
1998,범위확인필요,농수산물 유통 및 가격안정에 관한 법률,14.0,16.0,114.3,1990-2010,132_TX_132_2009_H1003_20260915164522.csv,TIME_MACHINE
1998,범위확인필요,농지의 보전 및 이용에 관한 법률,1.0,,0.0,1990-2010,132_TX_132_2009_H1003_20260915164522.csv,TIME_MACHINE
1998,범위확인필요,뇌물공여·약속·의사표시,27.0,29.0,107.4,1990-2010,132_TX_132_2009_H1003_20260915164522.csv,TIME_MACHINE
1998,범위확인필요,뇌물수수·요구·약속,49.0,48.0,98.0,1990-2010,132_TX_132_2009_H1003_20260915164522.csv,TIME_MACHINE
1998,범위확인필요,대기환경보전법,82.0,78.0,95.1,1990-2010,132_TX_132_2009_H1003_20260915164522.csv,TIME_MACHINE
1998,범위확인필요,대마관리법,84.0,85.0,101.2,1990-2010,132_TX_132_2009_H1003_20260915164522.csv,TIME_MACHINE
1998,범위확인필요,도로교통법(교통사고),96732.0,95326.0,98.5,1990-2010,132_TX_132_2009_H1003_20260915164522.csv,TIME_MACHINE
1998,범위확인필요,도로법,1870.0,1911.0,102.2,1990-2010,132_TX_132_2009_H1003_20260915164522.csv,TIME_MACHINE
1998,범위확인필요,도박,1307.0,1314.0,100.5,1990-2010,132_TX_132_2009_H1003_20260915164522.csv,TIME_MACHINE
1998,범위확인필요,도박개장,18.0,20.0,111.1,1990-2010,132_TX_132_2009_H1003_20260915164522.csv,TIME_MACHINE
1998,범위확인필요,도시가스사업법,18.0,18.0,100.0,1990-2010,132_TX_132_2009_H1003_20260915164522.csv,TIME_MACHINE
1998,범위확인필요,도시계획법,339.0,339.0,100.0,1990-2010,132_TX_132_2009_H1003_20260915164522.csv,TIME_MACHINE
1998,범위확인필요,도주와 도주원조죄,9.0,2.0,22.2,1990-2010,132_TX_132_2009_H1003_20260915164522.csv,TIME_MACHINE
1998,범위확인필요,독점규제 및 공정거래에 관한 법률,2.0,2.0,100.0,1990-2010,132_TX_132_2009_H1003_20260915164522.csv,TIME_MACHINE
1998,범위확인필요,독직폭행·가혹행위,1.0,1.0,100.0,1990-2010,132_TX_132_2009_H1003_20260915164522.csv,TIME_MACHINE
1998,범위확인필요,마약법,60.0,60.0,100.0,1990-2010,132_TX_132_2009_H1003_20260915164522.csv,TIME_MACHINE
1998,범위확인필요,매장 및 묘지등에 관한 법률,13.0,12.0,92.3,1990-2010,132_TX_132_2009_H1003_20260915164522.csv,TIME_MACHINE
1998,범위확인필요,명예에 관한 죄,667.0,603.0,90.4,1990-2010,132_TX_132_2009_H1003_20260915164522.csv,TIME_MACHINE
1998,범위확인필요,무고의 죄,368.0,337.0,91.6,1990-2010,132_TX_132_2009_H1003_20260915164522.csv,TIME_MACHINE
1998,범위확인필요,문화재보호법,1.0,1.0,100.0,1990-2010,132_TX_132_2009_H1003_20260915164522.csv,TIME_MACHINE
1998,범위확인필요,물가안정에 관한 법률,5.0,5.0,100.0,1990-2010,132_TX_132_2009_H1003_20260915164522.csv,TIME_MACHINE
1998,범위확인필요,미성년자등간음·추행(심신미약자),42.0,41.0,97.6,1990-2010,132_TX_132_2009_H1003_20260915164522.csv,TIME_MACHINE
1998,범위확인필요,미성년자보호법,182.0,178.0,97.8,1990-2010,132_TX_132_2009_H1003_20260915164522.csv,TIME_MACHINE
1998,범위확인필요,미성년자약취유인,21.0,20.0,95.2,1990-2010,132_TX_132_2009_H1003_20260915164522.csv,TIME_MACHINE
1998,범위확인필요,미성년자의 제강간(강제추행강간살인),51.0,43.0,84.3,1990-2010,132_TX_132_2009_H1003_20260915164522.csv,TIME_MACHINE
1998,범위확인필요,밀항단속법,5.0,6.0,120.0,1990-2010,132_TX_132_2009_H1003_20260915164522.csv,TIME_MACHINE
1998,범위확인필요,방문판매등에 관한 법률,216.0,212.0,98.1,1990-2010,132_TX_132_2009_H1003_20260915164522.csv,TIME_MACHINE
1998,범위확인필요,방화,146.0,139.0,95.2,1990-2010,132_TX_132_2009_H1003_20260915164522.csv,TIME_MACHINE
1998,범위확인필요,방화연소,2.0,1.0,50.0,1990-2010,132_TX_132_2009_H1003_20260915164522.csv,TIME_MACHINE
1998,범위확인필요,배임,851.0,739.0,86.8,1990-2010,132_TX_132_2009_H1003_20260915164522.csv,TIME_MACHINE
1998,범위확인필요,배임수재,10.0,9.0,90.0,1990-2010,132_TX_132_2009_H1003_20260915164522.csv,TIME_MACHINE
1998,범위확인필요,배임증재,3.0,3.0,100.0,1990-2010,132_TX_132_2009_H1003_20260915164522.csv,TIME_MACHINE
1998,범위확인필요,범인은닉·범인도피죄,19.0,25.0,131.6,1990-2010,132_TX_132_2009_H1003_20260915164522.csv,TIME_MACHINE
1998,범위확인필요,변호사법,118.0,97.0,82.2,1990-2010,132_TX_132_2009_H1003_20260915164522.csv,TIME_MACHINE
1998,범위확인필요,병역법,2649.0,2307.0,87.1,1990-2010,132_TX_132_2009_H1003_20260915164522.csv,TIME_MACHINE
1998,범위확인필요,보건범죄특조법(부정식품),1.0,1.0,100.0,1990-2010,132_TX_132_2009_H1003_20260915164522.csv,TIME_MACHINE
1998,범위확인필요,보건범죄특조법(부정의료업자),55.0,51.0,92.7,1990-2010,132_TX_132_2009_H1003_20260915164522.csv,TIME_MACHINE
1998,범위확인필요,보건범죄특조법(부정의약품),5.0,5.0,100.0,1990-2010,132_TX_132_2009_H1003_20260915164522.csv,TIME_MACHINE
1998,범위확인필요,보건범죄특조법(허위정보),1.0,1.0,100.0,1990-2010,132_TX_132_2009_H1003_20260915164522.csv,TIME_MACHINE
1998,범위확인필요,복표발매(중개·취득),2.0,2.0,100.0,1990-2010,132_TX_132_2009_H1003_20260915164522.csv,TIME_MACHINE
1998,범위확인필요,복표발행등사행행위단속법,2.0,2.0,100.0,1990-2010,132_TX_132_2009_H1003_20260915164522.csv,TIME_MACHINE
1998,범위확인필요,부녀매매,11.0,14.0,127.3,1990-2010,132_TX_132_2009_H1003_20260915164522.csv,TIME_MACHINE
1998,범위확인필요,부당이득,15.0,15.0,100.0,1990-2010,132_TX_132_2009_H1003_20260915164522.csv,TIME_MACHINE
1998,범위확인필요,부동산중개업법,98.0,103.0,105.1,1990-2010,132_TX_132_2009_H1003_20260915164522.csv,TIME_MACHINE
1998,범위확인필요,부정경쟁방지법,45.0,46.0,102.2,1990-2010,132_TX_132_2009_H1003_20260915164522.csv,TIME_MACHINE
1998,범위확인필요,부정수표단속법,24871.0,19329.0,77.7,1990-2010,132_TX_132_2009_H1003_20260915164522.csv,TIME_MACHINE
1998,범위확인필요,비밀침해죄,1.0,1.0,100.0,1990-2010,132_TX_132_2009_H1003_20260915164522.csv,TIME_MACHINE
1998,범위확인필요,사기,51299.0,41976.0,81.8,1990-2010,132_TX_132_2009_H1003_20260915164522.csv,TIME_MACHINE
1998,범위확인필요,사기(상습),33.0,36.0,109.1,1990-2010,132_TX_132_2009_H1003_20260915164522.csv,TIME_MACHINE
1998,범위확인필요,사문서위조·변조,1269.0,1158.0,91.3,1990-2010,132_TX_132_2009_H1003_20260915164522.csv,TIME_MACHINE
1998,범위확인필요,사인등위조·부정사용행사,7.0,6.0,85.7,1990-2010,132_TX_132_2009_H1003_20260915164522.csv,TIME_MACHINE
1998,범위확인필요,사행행위등 규제 및 처벌특례법,54.0,55.0,101.9,1990-2010,132_TX_132_2009_H1003_20260915164522.csv,TIME_MACHINE
1998,범위확인필요,산림법,28.0,23.0,82.1,1990-2010,132_TX_132_2009_H1003_20260915164522.csv,TIME_MACHINE
1998,범위확인필요,산업안전보건법,5.0,5.0,100.0,1990-2010,132_TX_132_2009_H1003_20260915164522.csv,TIME_MACHINE
1998,범위확인필요,살인,138.0,147.0,106.5,1990-2010,132_TX_132_2009_H1003_20260915164522.csv,TIME_MACHINE
1998,범위확인필요,상법,5.0,5.0,100.0,1990-2010,132_TX_132_2009_H1003_20260915164522.csv,TIME_MACHINE
1998,범위확인필요,상습(특수·인질·해상강도),1.0,1.0,100.0,1990-2010,132_TX_132_2009_H1003_20260915164522.csv,TIME_MACHINE
1998,범위확인필요,상습도박,71.0,89.0,125.4,1990-2010,132_TX_132_2009_H1003_20260915164522.csv,TIME_MACHINE
1998,범위확인필요,상습절도,47.0,57.0,121.3,1990-2010,132_TX_132_2009_H1003_20260915164522.csv,TIME_MACHINE
1998,범위확인필요,상습폭행,2.0,2.0,100.0,1990-2010,132_TX_132_2009_H1003_20260915164522.csv,TIME_MACHINE
1998,범위확인필요,상표법,217.0,222.0,102.3,1990-2010,132_TX_132_2009_H1003_20260915164522.csv,TIME_MACHINE
1998,범위확인필요,상품권법,1.0,1.0,100.0,1990-2010,132_TX_132_2009_H1003_20260915164522.csv,TIME_MACHINE
1998,범위확인필요,상해,6396.0,6345.0,99.2,1990-2010,132_TX_132_2009_H1003_20260915164522.csv,TIME_MACHINE
1998,범위확인필요,상해(중),6.0,6.0,100.0,1990-2010,132_TX_132_2009_H1003_20260915164522.csv,TIME_MACHINE
1998,범위확인필요,상해치사,39.0,35.0,89.7,1990-2010,132_TX_132_2009_H1003_20260915164522.csv,TIME_MACHINE
1998,범위확인필요,상호신용금고법,9.0,9.0,100.0,1990-2010,132_TX_132_2009_H1003_20260915164522.csv,TIME_MACHINE
1998,범위확인필요,성폭력범죄의 처벌 및 피해자보호에 관한 법,408.0,413.0,101.2,1990-2010,132_TX_132_2009_H1003_20260915164522.csv,TIME_MACHINE
1998,범위확인필요,소음·진동규제법,16.0,15.0,93.8,1990-2010,132_TX_132_2009_H1003_20260915164522.csv,TIME_MACHINE
1998,범위확인필요,손괴의죄,1032.0,965.0,93.5,1990-2010,132_TX_132_2009_H1003_20260915164522.csv,TIME_MACHINE
1998,범위확인필요,수도법,82.0,77.0,93.9,1990-2010,132_TX_132_2009_H1003_20260915164522.csv,TIME_MACHINE
1998,범위확인필요,수질환경보전법,55.0,54.0,98.2,1990-2010,132_TX_132_2009_H1003_20260915164522.csv,TIME_MACHINE
1998,범위확인필요,식품위생법,12871.0,12786.0,99.3,1990-2010,132_TX_132_2009_H1003_20260915164522.csv,TIME_MACHINE
1998,범위확인필요,신앙에 관한 죄,9.0,10.0,111.1,1990-2010,132_TX_132_2009_H1003_20260915164522.csv,TIME_MACHINE
1998,범위확인필요,신용·업무와 경매에 관한 죄,635.0,620.0,97.6,1990-2010,132_TX_132_2009_H1003_20260915164522.csv,TIME_MACHINE
1998,범위확인필요,신용조사업법,,1.0,100.0,1990-2010,132_TX_132_2009_H1003_20260915164522.csv,TIME_MACHINE
1998,범위확인필요,실용신안법,72.0,68.0,94.4,1990-2010,132_TX_132_2009_H1003_20260915164522.csv,TIME_MACHINE
1998,범위확인필요,실화 및 업무상실화죄,390.0,206.0,52.8,1990-2010,132_TX_132_2009_H1003_20260915164522.csv,TIME_MACHINE
1998,범위확인필요,아동복지법,43.0,42.0,97.7,1990-2010,132_TX_132_2009_H1003_20260915164522.csv,TIME_MACHINE
1998,범위확인필요,액화석유가스의 안전 및 사업관리법,19.0,20.0,105.3,1990-2010,132_TX_132_2009_H1003_20260915164522.csv,TIME_MACHINE
1998,범위확인필요,야간주거침입절도,629.0,626.0,99.5,1990-2010,132_TX_132_2009_H1003_20260915164522.csv,TIME_MACHINE
1998,범위확인필요,약사법,218.0,218.0,100.0,1990-2010,132_TX_132_2009_H1003_20260915164522.csv,TIME_MACHINE
1998,범위확인필요,양곡관리법,1.0,1.0,100.0,1990-2010,132_TX_132_2009_H1003_20260915164522.csv,TIME_MACHINE
1998,범위확인필요,업무상배임,345.0,316.0,91.6,1990-2010,132_TX_132_2009_H1003_20260915164522.csv,TIME_MACHINE
1998,범위확인필요,업무상횡령,2255.0,1968.0,87.3,1990-2010,132_TX_132_2009_H1003_20260915164522.csv,TIME_MACHINE
1998,범위확인필요,여권법,8.0,9.0,112.5,1990-2010,132_TX_132_2009_H1003_20260915164522.csv,TIME_MACHINE
1998,범위확인필요,여신전문금융업법위반,586.0,552.0,94.2,1990-2010,132_TX_132_2009_H1003_20260915164522.csv,TIME_MACHINE
1998,범위확인필요,영아살해,2.0,2.0,100.0,1990-2010,132_TX_132_2009_H1003_20260915164522.csv,TIME_MACHINE
1998,범위확인필요,오수·분뇨 및 축산폐수의 처리에 관한 법률,10.0,8.0,80.0,1990-2010,132_TX_132_2009_H1003_20260915164522.csv,TIME_MACHINE
1998,범위확인필요,외환관리법,279.0,217.0,77.8,1990-2010,132_TX_132_2009_H1003_20260915164522.csv,TIME_MACHINE
1998,범위확인필요,외환의 죄,1.0,1.0,100.0,1990-2010,132_TX_132_2009_H1003_20260915164522.csv,TIME_MACHINE
1998,범위확인필요,용역경비업법,5.0,4.0,80.0,1990-2010,132_TX_132_2009_H1003_20260915164522.csv,TIME_MACHINE
1998,범위확인필요,우표(인지)등위(변)조,1.0,1.0,100.0,1990-2010,132_TX_132_2009_H1003_20260915164522.csv,TIME_MACHINE
1998,범위확인필요,위계·위력·촉탁·승락살인,2.0,2.0,100.0,1990-2010,132_TX_132_2009_H1003_20260915164522.csv,TIME_MACHINE
1998,범위확인필요,위증죄,419.0,384.0,91.6,1990-2010,132_TX_132_2009_H1003_20260915164522.csv,TIME_MACHINE
1998,범위확인필요,유가증권위(변)조,580.0,454.0,78.3,1990-2010,132_TX_132_2009_H1003_20260915164522.csv,TIME_MACHINE
1998,범위확인필요,유기의 죄,14.0,11.0,78.6,1990-2010,132_TX_132_2009_H1003_20260915164522.csv,TIME_MACHINE
1998,범위확인필요,유기장업법,1.0,1.0,100.0,1990-2010,132_TX_132_2009_H1003_20260915164522.csv,TIME_MACHINE
1998,범위확인필요,유선 및 도선업법,1.0,2.0,200.0,1990-2010,132_TX_132_2009_H1003_20260915164522.csv,TIME_MACHINE
1998,범위확인필요,유실물 표류물 점유이탈물 매장물횡령,529.0,512.0,96.8,1990-2010,132_TX_132_2009_H1003_20260915164522.csv,TIME_MACHINE
1998,범위확인필요,유해화학물질관리법,825.0,855.0,103.6,1990-2010,132_TX_132_2009_H1003_20260915164522.csv,TIME_MACHINE
1998,범위확인필요,윤락행위등방지법,300.0,304.0,101.3,1990-2010,132_TX_132_2009_H1003_20260915164522.csv,TIME_MACHINE
1998,범위확인필요,음반 및 비디오물에 관한 법률,474.0,470.0,99.2,1990-2010,132_TX_132_2009_H1003_20260915164522.csv,TIME_MACHINE
1998,범위확인필요,음반에관한법률,4.0,2.0,50.0,1990-2010,132_TX_132_2009_H1003_20260915164522.csv,TIME_MACHINE
1998,범위확인필요,음용수에 관한 죄,2.0,3.0,150.0,1990-2010,132_TX_132_2009_H1003_20260915164522.csv,TIME_MACHINE
1998,범위확인필요,음화등반포(판매·임대·전시·제조),62.0,61.0,98.4,1990-2010,132_TX_132_2009_H1003_20260915164522.csv,TIME_MACHINE
1998,범위확인필요,의료법,108.0,110.0,101.9,1990-2010,132_TX_132_2009_H1003_20260915164522.csv,TIME_MACHINE
1998,범위확인필요,의료보험법,3.0,2.0,66.7,1990-2010,132_TX_132_2009_H1003_20260915164522.csv,TIME_MACHINE
1998,범위확인필요,의장법,113.0,103.0,91.2,1990-2010,132_TX_132_2009_H1003_20260915164522.csv,TIME_MACHINE
1998,범위확인필요,인장업법,13.0,12.0,92.3,1990-2010,132_TX_132_2009_H1003_20260915164522.csv,TIME_MACHINE
1998,범위확인필요,인질강도,9.0,7.0,77.8,1990-2010,132_TX_132_2009_H1003_20260915164522.csv,TIME_MACHINE
1998,범위확인필요,일반(건조물등)방화,13.0,14.0,107.7,1990-2010,132_TX_132_2009_H1003_20260915164522.csv,TIME_MACHINE
1998,범위확인필요,일수와 수리에 관한 죄,3.0,2.0,66.7,1990-2010,132_TX_132_2009_H1003_20260915164522.csv,TIME_MACHINE
1998,범위확인필요,자기소유(건조물등)방화,11.0,10.0,90.9,1990-2010,132_TX_132_2009_H1003_20260915164522.csv,TIME_MACHINE
1998,범위확인필요,자동차·선박등불법사용,43.0,40.0,93.0,1990-2010,132_TX_132_2009_H1003_20260915164522.csv,TIME_MACHINE
1998,범위확인필요,자동차관리법,8590.0,6288.0,73.2,1990-2010,132_TX_132_2009_H1003_20260915164522.csv,TIME_MACHINE
1998,범위확인필요,자동차운수사업법,258.0,259.0,100.4,1990-2010,132_TX_132_2009_H1003_20260915164522.csv,TIME_MACHINE
1998,범위확인필요,자살교사·방조,2.0,2.0,100.0,1990-2010,132_TX_132_2009_H1003_20260915164522.csv,TIME_MACHINE
1998,범위확인필요,장물에 관한죄,227.0,243.0,107.0,1990-2010,132_TX_132_2009_H1003_20260915164522.csv,TIME_MACHINE
1998,범위확인필요,저작권법,1433.0,921.0,64.3,1990-2010,132_TX_132_2009_H1003_20260915164522.csv,TIME_MACHINE
1998,범위확인필요,전투경찰대설치법,34.0,30.0,88.2,1990-2010,132_TX_132_2009_H1003_20260915164522.csv,TIME_MACHINE
1998,범위확인필요,절도,10715.0,7218.0,67.4,1990-2010,132_TX_132_2009_H1003_20260915164522.csv,TIME_MACHINE
1998,범위확인필요,절도범,15793.0,12383.0,78.4,1990-2010,132_TX_132_2009_H1003_20260915164522.csv,TIME_MACHINE
1998,범위확인필요,조세범처벌법,251.0,183.0,72.9,1990-2010,132_TX_132_2009_H1003_20260915164522.csv,TIME_MACHINE
1998,범위확인필요,존속살해,5.0,7.0,140.0,1990-2010,132_TX_132_2009_H1003_20260915164522.csv,TIME_MACHINE
1998,범위확인필요,존속상해,98.0,92.0,93.9,1990-2010,132_TX_132_2009_H1003_20260915164522.csv,TIME_MACHINE
1998,범위확인필요,존속상해(중),1.0,1.0,100.0,1990-2010,132_TX_132_2009_H1003_20260915164522.csv,TIME_MACHINE
1998,범위확인필요,존속상해치사,2.0,3.0,150.0,1990-2010,132_TX_132_2009_H1003_20260915164522.csv,TIME_MACHINE
1998,범위확인필요,존속폭행,116.0,118.0,101.7,1990-2010,132_TX_132_2009_H1003_20260915164522.csv,TIME_MACHINE
1998,범위확인필요,존속폭행(상습),3.0,4.0,133.3,1990-2010,132_TX_132_2009_H1003_20260915164522.csv,TIME_MACHINE
1998,범위확인필요,존속협박,5.0,5.0,100.0,1990-2010,132_TX_132_2009_H1003_20260915164522.csv,TIME_MACHINE
1998,범위확인필요,주거침입의 죄,443.0,428.0,96.6,1990-2010,132_TX_132_2009_H1003_20260915164522.csv,TIME_MACHINE
1998,범위확인필요,주민등록법,68.0,64.0,94.1,1990-2010,132_TX_132_2009_H1003_20260915164522.csv,TIME_MACHINE
1998,범위확인필요,주차장법,474.0,460.0,97.0,1990-2010,132_TX_132_2009_H1003_20260915164522.csv,TIME_MACHINE
1998,범위확인필요,준강간,37.0,35.0,94.6,1990-2010,132_TX_132_2009_H1003_20260915164522.csv,TIME_MACHINE
1998,범위확인필요,준강도,63.0,65.0,103.2,1990-2010,132_TX_132_2009_H1003_20260915164522.csv,TIME_MACHINE
1998,범위확인필요,준사기,2.0,1.0,50.0,1990-2010,132_TX_132_2009_H1003_20260915164522.csv,TIME_MACHINE
1998,범위확인필요,중기관리법,2.0,2.0,100.0,1990-2010,132_TX_132_2009_H1003_20260915164522.csv,TIME_MACHINE
1998,범위확인필요,지능범,61658.0,51170.0,83.0,1990-2010,132_TX_132_2009_H1003_20260915164522.csv,TIME_MACHINE
1998,범위확인필요,직권남용(권리행사방해체포·감금),9.0,9.0,100.0,1990-2010,132_TX_132_2009_H1003_20260915164522.csv,TIME_MACHINE
1998,범위확인필요,직무유기·수행거부,33.0,32.0,97.0,1990-2010,132_TX_132_2009_H1003_20260915164522.csv,TIME_MACHINE
1998,범위확인필요,직업안정 및 고용촉진에 관한 법률,2.0,1.0,50.0,1990-2010,132_TX_132_2009_H1003_20260915164522.csv,TIME_MACHINE
1998,범위확인필요,직업안정법,109.0,118.0,108.3,1990-2010,132_TX_132_2009_H1003_20260915164522.csv,TIME_MACHINE
1998,범위확인필요,집회 및 시위에 관한 법률,686.0,688.0,100.3,1990-2010,132_TX_132_2009_H1003_20260915164522.csv,TIME_MACHINE
1998,범위확인필요,철도법,6.0,7.0,116.7,1990-2010,132_TX_132_2009_H1003_20260915164522.csv,TIME_MACHINE
1998,범위확인필요,청소년보호법,2714.0,2708.0,99.8,1990-2010,132_TX_132_2009_H1003_20260915164522.csv,TIME_MACHINE
1998,범위확인필요,체포·감금치사·상(중·특수·상습),9.0,10.0,111.1,1990-2010,132_TX_132_2009_H1003_20260915164522.csv,TIME_MACHINE
1998,범위확인필요,체포감금,21.0,20.0,95.2,1990-2010,132_TX_132_2009_H1003_20260915164522.csv,TIME_MACHINE
1998,범위확인필요,체포감금(중),1.0,1.0,100.0,1990-2010,132_TX_132_2009_H1003_20260915164522.csv,TIME_MACHINE
1998,범위확인필요,체포감금(특수),1.0,,0.0,1990-2010,132_TX_132_2009_H1003_20260915164522.csv,TIME_MACHINE
1998,범위확인필요,총범죄,376053.0,347953.0,92.5,1990-2010,132_TX_132_2009_H1003_20260915164522.csv,TIME_MACHINE
1998,범위확인필요,총포·도검·화약류단속법,80.0,78.0,97.5,1990-2010,132_TX_132_2009_H1003_20260915164522.csv,TIME_MACHINE
1998,범위확인필요,추행·간음·영리·약취유인,17.0,16.0,94.1,1990-2010,132_TX_132_2009_H1003_20260915164522.csv,TIME_MACHINE
1998,범위확인필요,축산물위생처리법,4.0,5.0,125.0,1990-2010,132_TX_132_2009_H1003_20260915164522.csv,TIME_MACHINE
1998,범위확인필요,출입국관리법,50.0,48.0,96.0,1990-2010,132_TX_132_2009_H1003_20260915164522.csv,TIME_MACHINE
1998,범위확인필요,컴퓨터등사용사기,15.0,12.0,80.0,1990-2010,132_TX_132_2009_H1003_20260915164522.csv,TIME_MACHINE
1998,범위확인필요,컴퓨터프로그램보호법,65.0,58.0,89.2,1990-2010,132_TX_132_2009_H1003_20260915164522.csv,TIME_MACHINE
1998,범위확인필요,통화위(변)조,10.0,2.0,20.0,1990-2010,132_TX_132_2009_H1003_20260915164522.csv,TIME_MACHINE
1998,범위확인필요,특가법(강도),16.0,19.0,118.8,1990-2010,132_TX_132_2009_H1003_20260915164522.csv,TIME_MACHINE
1998,범위확인필요,특가법(강도강간),1.0,1.0,100.0,1990-2010,132_TX_132_2009_H1003_20260915164522.csv,TIME_MACHINE
1998,범위확인필요,특가법(국고손실),,1.0,100.0,1990-2010,132_TX_132_2009_H1003_20260915164522.csv,TIME_MACHINE
1998,범위확인필요,특가법(국외이송유인),1.0,1.0,100.0,1990-2010,132_TX_132_2009_H1003_20260915164522.csv,TIME_MACHINE
1998,범위확인필요,특가법(뇌물),1.0,2.0,200.0,1990-2010,132_TX_132_2009_H1003_20260915164522.csv,TIME_MACHINE
1998,범위확인필요,특가법(도주차량),2937.0,1992.0,67.8,1990-2010,132_TX_132_2009_H1003_20260915164522.csv,TIME_MACHINE
1998,범위확인필요,특가법(미성년자약취유인),3.0,4.0,133.3,1990-2010,132_TX_132_2009_H1003_20260915164522.csv,TIME_MACHINE
1998,범위확인필요,특가법(미성년자유인),1.0,2.0,200.0,1990-2010,132_TX_132_2009_H1003_20260915164522.csv,TIME_MACHINE
1998,범위확인필요,특가법(범죄단체조직),1.0,1.0,100.0,1990-2010,132_TX_132_2009_H1003_20260915164522.csv,TIME_MACHINE
1998,범위확인필요,특가법(보복범죄등),6.0,7.0,116.7,1990-2010,132_TX_132_2009_H1003_20260915164522.csv,TIME_MACHINE
1998,범위확인필요,특가법(알선수재),4.0,5.0,125.0,1990-2010,132_TX_132_2009_H1003_20260915164522.csv,TIME_MACHINE
1998,범위확인필요,특가법(영리약취·유인),3.0,2.0,66.7,1990-2010,132_TX_132_2009_H1003_20260915164522.csv,TIME_MACHINE
1998,범위확인필요,특가법(영리유인),1.0,2.0,200.0,1990-2010,132_TX_132_2009_H1003_20260915164522.csv,TIME_MACHINE
1998,범위확인필요,특가법(장물),1.0,4.0,400.0,1990-2010,132_TX_132_2009_H1003_20260915164522.csv,TIME_MACHINE
1998,범위확인필요,특가법(절도),417.0,366.0,87.8,1990-2010,132_TX_132_2009_H1003_20260915164522.csv,TIME_MACHINE
1998,범위확인필요,특가법(체포),1.0,1.0,100.0,1990-2010,132_TX_132_2009_H1003_20260915164522.csv,TIME_MACHINE
1998,범위확인필요,특가법(통화위조),6.0,,,1990-2010,132_TX_132_2009_H1003_20260915164522.csv,TIME_MACHINE
1998,범위확인필요,특가법(특수강간),,2.0,200.0,1990-2010,132_TX_132_2009_H1003_20260915164522.csv,TIME_MACHINE
1998,범위확인필요,특경법(공갈),1.0,2.0,200.0,1990-2010,132_TX_132_2009_H1003_20260915164522.csv,TIME_MACHINE
1998,범위확인필요,특경법(배임),15.0,10.0,66.7,1990-2010,132_TX_132_2009_H1003_20260915164522.csv,TIME_MACHINE
1998,범위확인필요,특경법(사기),136.0,125.0,91.9,1990-2010,132_TX_132_2009_H1003_20260915164522.csv,TIME_MACHINE
1998,범위확인필요,특경법(수재등),3.0,3.0,100.0,1990-2010,132_TX_132_2009_H1003_20260915164522.csv,TIME_MACHINE
1998,범위확인필요,특경법(알선수재),1.0,,0.0,1990-2010,132_TX_132_2009_H1003_20260915164522.csv,TIME_MACHINE
1998,범위확인필요,특경법(재산국외도피),1.0,,0.0,1990-2010,132_TX_132_2009_H1003_20260915164522.csv,TIME_MACHINE
1998,범위확인필요,특경법(증재등),,1.0,100.0,1990-2010,132_TX_132_2009_H1003_20260915164522.csv,TIME_MACHINE
1998,범위확인필요,특경법(횡령),34.0,24.0,70.6,1990-2010,132_TX_132_2009_H1003_20260915164522.csv,TIME_MACHINE
1998,범위확인필요,특별법범,218278.0,205539.0,94.2,1990-2010,132_TX_132_2009_H1003_20260915164522.csv,TIME_MACHINE
1998,범위확인필요,특수강도,336.0,331.0,98.5,1990-2010,132_TX_132_2009_H1003_20260915164522.csv,TIME_MACHINE
1998,범위확인필요,특수절도,3940.0,4075.0,103.4,1990-2010,132_TX_132_2009_H1003_20260915164522.csv,TIME_MACHINE
1998,범위확인필요,특수절도(상습),2.0,1.0,50.0,1990-2010,132_TX_132_2009_H1003_20260915164522.csv,TIME_MACHINE
1998,범위확인필요,특수폭행,5.0,5.0,100.0,1990-2010,132_TX_132_2009_H1003_20260915164522.csv,TIME_MACHINE
1998,범위확인필요,특허법,43.0,37.0,86.0,1990-2010,132_TX_132_2009_H1003_20260915164522.csv,TIME_MACHINE
1998,범위확인필요,편의시설부정이용,3.0,3.0,100.0,1990-2010,132_TX_132_2009_H1003_20260915164522.csv,TIME_MACHINE
1998,범위확인필요,폐기물관리법,256.0,252.0,98.4,1990-2010,132_TX_132_2009_H1003_20260915164522.csv,TIME_MACHINE
1998,범위확인필요,폭력범,68203.0,67361.0,98.8,1990-2010,132_TX_132_2009_H1003_20260915164522.csv,TIME_MACHINE
1998,범위확인필요,폭력행위등처벌에 관한 법률 위반,56744.0,56242.0,99.1,1990-2010,132_TX_132_2009_H1003_20260915164522.csv,TIME_MACHINE
1998,범위확인필요,폭발물에 관한 죄,1.0,1.0,100.0,1990-2010,132_TX_132_2009_H1003_20260915164522.csv,TIME_MACHINE
1998,범위확인필요,폭발물파열(과실),1.0,1.0,100.0,1990-2010,132_TX_132_2009_H1003_20260915164522.csv,TIME_MACHINE
1998,범위확인필요,폭행,3167.0,2969.0,93.7,1990-2010,132_TX_132_2009_H1003_20260915164522.csv,TIME_MACHINE
1998,범위확인필요,폭행치사,27.0,26.0,96.3,1990-2010,132_TX_132_2009_H1003_20260915164522.csv,TIME_MACHINE
1998,범위확인필요,폭행치상,92.0,90.0,97.8,1990-2010,132_TX_132_2009_H1003_20260915164522.csv,TIME_MACHINE
1998,범위확인필요,폭행치상(특수),2.0,2.0,100.0,1990-2010,132_TX_132_2009_H1003_20260915164522.csv,TIME_MACHINE
1998,범위확인필요,풍속범,2648.0,2562.0,96.8,1990-2010,132_TX_132_2009_H1003_20260915164522.csv,TIME_MACHINE
1998,범위확인필요,풍속영업의 규제에 관한 법률,3374.0,3369.0,99.9,1990-2010,132_TX_132_2009_H1003_20260915164522.csv,TIME_MACHINE
1998,범위확인필요,피의사실공표,1.0,1.0,100.0,1990-2010,132_TX_132_2009_H1003_20260915164522.csv,TIME_MACHINE
1998,범위확인필요,하수도법,4.0,4.0,100.0,1990-2010,132_TX_132_2009_H1003_20260915164522.csv,TIME_MACHINE
1998,범위확인필요,하천법,25.0,24.0,96.0,1990-2010,132_TX_132_2009_H1003_20260915164522.csv,TIME_MACHINE
1998,범위확인필요,학원의설립·운영에관한법률,145.0,140.0,96.6,1990-2010,132_TX_132_2009_H1003_20260915164522.csv,TIME_MACHINE
1998,범위확인필요,향정신성의 약품관리법,274.0,260.0,94.9,1990-2010,132_TX_132_2009_H1003_20260915164522.csv,TIME_MACHINE
1998,범위확인필요,향토예비군설치법,8381.0,6898.0,82.3,1990-2010,132_TX_132_2009_H1003_20260915164522.csv,TIME_MACHINE
1998,범위확인필요,허위감정·증거인멸은닉·증인은닉죄,14.0,13.0,92.9,1990-2010,132_TX_132_2009_H1003_20260915164522.csv,TIME_MACHINE
1998,범위확인필요,현주(현존)자동차방화,4.0,3.0,75.0,1990-2010,132_TX_132_2009_H1003_20260915164522.csv,TIME_MACHINE
1998,범위확인필요,현주·현존(건조물등)방화,105.0,100.0,95.2,1990-2010,132_TX_132_2009_H1003_20260915164522.csv,TIME_MACHINE
1998,범위확인필요,현주·현존(건조물등)방화치사,2.0,3.0,150.0,1990-2010,132_TX_132_2009_H1003_20260915164522.csv,TIME_MACHINE
1998,범위확인필요,현주·현존(건조물등)방화치상,6.0,5.0,83.3,1990-2010,132_TX_132_2009_H1003_20260915164522.csv,TIME_MACHINE
1998,범위확인필요,협박,152.0,146.0,96.1,1990-2010,132_TX_132_2009_H1003_20260915164522.csv,TIME_MACHINE
1998,범위확인필요,협박(상습),,1.0,100.0,1990-2010,132_TX_132_2009_H1003_20260915164522.csv,TIME_MACHINE
1998,범위확인필요,형법범,157775.0,142414.0,90.3,1990-2010,132_TX_132_2009_H1003_20260915164522.csv,TIME_MACHINE
1998,범위확인필요,혼인빙자간음,167.0,135.0,80.8,1990-2010,132_TX_132_2009_H1003_20260915164522.csv,TIME_MACHINE
1998,범위확인필요,화염병사용등의 처벌에 관한 법률,3.0,4.0,133.3,1990-2010,132_TX_132_2009_H1003_20260915164522.csv,TIME_MACHINE
1998,범위확인필요,횡령,2875.0,2580.0,89.7,1990-2010,132_TX_132_2009_H1003_20260915164522.csv,TIME_MACHINE
1999,범위확인필요,가스·전기·증기공급사용방해,3.0,3.0,100.0,1990-2010,132_TX_132_2009_H1003_20260915164522.csv,TIME_MACHINE
1999,범위확인필요,가스등방류(유출·살포),5.0,5.0,100.0,1990-2010,132_TX_132_2009_H1003_20260915164522.csv,TIME_MACHINE
1999,범위확인필요,가정의례에 관한 법률,15.0,17.0,113.3,1990-2010,132_TX_132_2009_H1003_20260915164522.csv,TIME_MACHINE
1999,범위확인필요,간통,942.0,874.0,92.8,1990-2010,132_TX_132_2009_H1003_20260915164522.csv,TIME_MACHINE
1999,범위확인필요,강간,1321.0,1298.0,98.3,1990-2010,132_TX_132_2009_H1003_20260915164522.csv,TIME_MACHINE
1999,범위확인필요,강간등살인,3.0,3.0,100.0,1990-2010,132_TX_132_2009_H1003_20260915164522.csv,TIME_MACHINE
1999,범위확인필요,강간등상해,8.0,5.0,62.5,1990-2010,132_TX_132_2009_H1003_20260915164522.csv,TIME_MACHINE
1999,범위확인필요,강간치사(준),4.0,1.0,25.0,1990-2010,132_TX_132_2009_H1003_20260915164522.csv,TIME_MACHINE
1999,범위확인필요,강간치상(준),224.0,235.0,104.9,1990-2010,132_TX_132_2009_H1003_20260915164522.csv,TIME_MACHINE
1999,범위확인필요,강도,1106.0,1085.0,98.1,1990-2010,132_TX_132_2009_H1003_20260915164522.csv,TIME_MACHINE
1999,범위확인필요,강도강간,44.0,36.0,81.8,1990-2010,132_TX_132_2009_H1003_20260915164522.csv,TIME_MACHINE
1999,범위확인필요,강도살인·치사,18.0,19.0,105.6,1990-2010,132_TX_132_2009_H1003_20260915164522.csv,TIME_MACHINE
1999,범위확인필요,강도상해·치상,473.0,504.0,106.6,1990-2010,132_TX_132_2009_H1003_20260915164522.csv,TIME_MACHINE
1999,범위확인필요,강력범,2841.0,2796.0,98.4,1990-2010,132_TX_132_2009_H1003_20260915164522.csv,TIME_MACHINE
1999,범위확인필요,강제추행(준),530.0,521.0,98.3,1990-2010,132_TX_132_2009_H1003_20260915164522.csv,TIME_MACHINE
1999,범위확인필요,강제추행치상(준),39.0,42.0,107.7,1990-2010,132_TX_132_2009_H1003_20260915164522.csv,TIME_MACHINE
1999,범위확인필요,건설업법,4.0,6.0,150.0,1990-2010,132_TX_132_2009_H1003_20260915164522.csv,TIME_MACHINE
1999,범위확인필요,건축법,1305.0,1292.0,99.0,1990-2010,132_TX_132_2009_H1003_20260915164522.csv,TIME_MACHINE
1999,범위확인필요,결혼약취유인,1.0,1.0,100.0,1990-2010,132_TX_132_2009_H1003_20260915164522.csv,TIME_MACHINE
1999,범위확인필요,경범죄처벌법,13.0,13.0,100.0,1990-2010,132_TX_132_2009_H1003_20260915164522.csv,TIME_MACHINE
1999,범위확인필요,계량법,2.0,3.0,150.0,1990-2010,132_TX_132_2009_H1003_20260915164522.csv,TIME_MACHINE
1999,범위확인필요,고압가스안전관리법,29.0,28.0,96.6,1990-2010,132_TX_132_2009_H1003_20260915164522.csv,TIME_MACHINE
1999,범위확인필요,골재채취법,3.0,3.0,100.0,1990-2010,132_TX_132_2009_H1003_20260915164522.csv,TIME_MACHINE
1999,범위확인필요,공갈,266.0,253.0,95.1,1990-2010,132_TX_132_2009_H1003_20260915164522.csv,TIME_MACHINE
1999,범위확인필요,공갈(상습),1.0,2.0,200.0,1990-2010,132_TX_132_2009_H1003_20260915164522.csv,TIME_MACHINE
1999,범위확인필요,공무방해에 관한 죄,2224.0,2128.0,95.7,1990-2010,132_TX_132_2009_H1003_20260915164522.csv,TIME_MACHINE
1999,범위확인필요,공무상비밀누설,2.0,3.0,150.0,1990-2010,132_TX_132_2009_H1003_20260915164522.csv,TIME_MACHINE
1999,범위확인필요,공문서위조·변조,1042.0,901.0,86.5,1990-2010,132_TX_132_2009_H1003_20260915164522.csv,TIME_MACHINE
1999,범위확인필요,공안을 해하는 죄,15.0,13.0,86.7,1990-2010,132_TX_132_2009_H1003_20260915164522.csv,TIME_MACHINE
1999,범위확인필요,공연법,1.0,1.0,100.0,1990-2010,132_TX_132_2009_H1003_20260915164522.csv,TIME_MACHINE
1999,범위확인필요,공연음란,13.0,13.0,100.0,1990-2010,132_TX_132_2009_H1003_20260915164522.csv,TIME_MACHINE
1999,범위확인필요,공인위조·부정사용행사,80.0,81.0,101.3,1990-2010,132_TX_132_2009_H1003_20260915164522.csv,TIME_MACHINE
1999,범위확인필요,공중위생법,581.0,585.0,100.7,1990-2010,132_TX_132_2009_H1003_20260915164522.csv,TIME_MACHINE
1999,범위확인필요,공직선거 및 선거부정방지법,16.0,14.0,87.5,1990-2010,132_TX_132_2009_H1003_20260915164522.csv,TIME_MACHINE
1999,범위확인필요,과실사상의 죄,595.0,603.0,101.3,1990-2010,132_TX_132_2009_H1003_20260915164522.csv,TIME_MACHINE
1999,범위확인필요,관세법,2.0,2.0,100.0,1990-2010,132_TX_132_2009_H1003_20260915164522.csv,TIME_MACHINE
1999,범위확인필요,교통 방해의 죄,68.0,68.0,100.0,1990-2010,132_TX_132_2009_H1003_20260915164522.csv,TIME_MACHINE
1999,범위확인필요,교통사고특례법,41178.0,41588.0,101.0,1990-2010,132_TX_132_2009_H1003_20260915164522.csv,TIME_MACHINE
1999,범위확인필요,구국가보안법,3.0,,0.0,1990-2010,132_TX_132_2009_H1003_20260915164522.csv,TIME_MACHINE
1999,범위확인필요,국가보안법,91.0,84.0,92.3,1990-2010,132_TX_132_2009_H1003_20260915164522.csv,TIME_MACHINE
1999,범위확인필요,국외이송약취유인,5.0,4.0,80.0,1990-2010,132_TX_132_2009_H1003_20260915164522.csv,TIME_MACHINE
1999,범위확인필요,권리행사를 방해하는 죄,849.0,809.0,95.3,1990-2010,132_TX_132_2009_H1003_20260915164522.csv,TIME_MACHINE
1999,범위확인필요,근로기준법,6.0,7.0,116.7,1990-2010,132_TX_132_2009_H1003_20260915164522.csv,TIME_MACHINE
1999,범위확인필요,기타통화에 관한 죄,22.0,8.0,36.4,1990-2010,132_TX_132_2009_H1003_20260915164522.csv,TIME_MACHINE
1999,범위확인필요,기타특별법,7884.0,6780.0,86.0,1990-2010,132_TX_132_2009_H1003_20260915164522.csv,TIME_MACHINE
1999,범위확인필요,기타형법범,7877.0,7352.0,93.3,1990-2010,132_TX_132_2009_H1003_20260915164522.csv,TIME_MACHINE
1999,범위확인필요,낙태의 죄,3.0,4.0,133.3,1990-2010,132_TX_132_2009_H1003_20260915164522.csv,TIME_MACHINE
1999,범위확인필요,농수산물 유통 및 가격안정에 관한 법률,2.0,3.0,150.0,1990-2010,132_TX_132_2009_H1003_20260915164522.csv,TIME_MACHINE
1999,범위확인필요,농지의 보전 및 이용에 관한 법률,2.0,3.0,150.0,1990-2010,132_TX_132_2009_H1003_20260915164522.csv,TIME_MACHINE
1999,범위확인필요,뇌물수수·요구·약속,42.0,42.0,100.0,1990-2010,132_TX_132_2009_H1003_20260915164522.csv,TIME_MACHINE
1999,범위확인필요,대기환경보전법,194.0,194.0,100.0,1990-2010,132_TX_132_2009_H1003_20260915164522.csv,TIME_MACHINE
1999,범위확인필요,대마관리법,258.0,291.0,112.8,1990-2010,132_TX_132_2009_H1003_20260915164522.csv,TIME_MACHINE
1999,범위확인필요,도로교통법(교통사고),64687.0,63685.0,98.5,1990-2010,132_TX_132_2009_H1003_20260915164522.csv,TIME_MACHINE
1999,범위확인필요,도로법,2098.0,2085.0,99.4,1990-2010,132_TX_132_2009_H1003_20260915164522.csv,TIME_MACHINE
1999,범위확인필요,도박,1874.0,1888.0,100.7,1990-2010,132_TX_132_2009_H1003_20260915164522.csv,TIME_MACHINE
1999,범위확인필요,도박개장,24.0,29.0,120.8,1990-2010,132_TX_132_2009_H1003_20260915164522.csv,TIME_MACHINE
1999,범위확인필요,도시가스사업법,17.0,19.0,111.8,1990-2010,132_TX_132_2009_H1003_20260915164522.csv,TIME_MACHINE
1999,범위확인필요,도시계획법,335.0,336.0,100.3,1990-2010,132_TX_132_2009_H1003_20260915164522.csv,TIME_MACHINE
1999,범위확인필요,도주와 도주원조죄,1.0,4.0,400.0,1990-2010,132_TX_132_2009_H1003_20260915164522.csv,TIME_MACHINE
1999,범위확인필요,독직폭행·가혹행위,5.0,4.0,80.0,1990-2010,132_TX_132_2009_H1003_20260915164522.csv,TIME_MACHINE
1999,범위확인필요,마약법,88.0,93.0,105.7,1990-2010,132_TX_132_2009_H1003_20260915164522.csv,TIME_MACHINE
1999,범위확인필요,매장 및 묘지등에 관한 법률,29.0,32.0,110.3,1990-2010,132_TX_132_2009_H1003_20260915164522.csv,TIME_MACHINE
1999,범위확인필요,명예에 관한 죄,945.0,843.0,89.2,1990-2010,132_TX_132_2009_H1003_20260915164522.csv,TIME_MACHINE
1999,범위확인필요,무고의 죄,456.0,424.0,93.0,1990-2010,132_TX_132_2009_H1003_20260915164522.csv,TIME_MACHINE
1999,범위확인필요,문화재보호법,3.0,5.0,166.7,1990-2010,132_TX_132_2009_H1003_20260915164522.csv,TIME_MACHINE
1999,범위확인필요,미성년자등간음·추행(심신미약자),46.0,45.0,97.8,1990-2010,132_TX_132_2009_H1003_20260915164522.csv,TIME_MACHINE
1999,범위확인필요,미성년자보호법,58.0,58.0,100.0,1990-2010,132_TX_132_2009_H1003_20260915164522.csv,TIME_MACHINE
1999,범위확인필요,미성년자약취유인,12.0,10.0,83.3,1990-2010,132_TX_132_2009_H1003_20260915164522.csv,TIME_MACHINE
1999,범위확인필요,미성년자의 제강간(강제추행치상치사),50.0,51.0,102.0,1990-2010,132_TX_132_2009_H1003_20260915164522.csv,TIME_MACHINE
1999,범위확인필요,밀항단속법,6.0,10.0,166.7,1990-2010,132_TX_132_2009_H1003_20260915164522.csv,TIME_MACHINE
1999,범위확인필요,방문판매등에 관한 법률,95.0,97.0,102.1,1990-2010,132_TX_132_2009_H1003_20260915164522.csv,TIME_MACHINE
1999,범위확인필요,방화,243.0,237.0,97.5,1990-2010,132_TX_132_2009_H1003_20260915164522.csv,TIME_MACHINE
1999,범위확인필요,방화연소,6.0,6.0,100.0,1990-2010,132_TX_132_2009_H1003_20260915164522.csv,TIME_MACHINE
1999,범위확인필요,배임,1043.0,1005.0,96.4,1990-2010,132_TX_132_2009_H1003_20260915164522.csv,TIME_MACHINE
1999,범위확인필요,배임수재,97.0,105.0,108.2,1990-2010,132_TX_132_2009_H1003_20260915164522.csv,TIME_MACHINE
1999,범위확인필요,배임증재,22.0,14.0,63.6,1990-2010,132_TX_132_2009_H1003_20260915164522.csv,TIME_MACHINE
1999,범위확인필요,범인은닉·범인도피죄,24.0,25.0,104.2,1990-2010,132_TX_132_2009_H1003_20260915164522.csv,TIME_MACHINE
1999,범위확인필요,변호사법,162.0,128.0,79.0,1990-2010,132_TX_132_2009_H1003_20260915164522.csv,TIME_MACHINE
1999,범위확인필요,병역법,2581.0,2272.0,88.0,1990-2010,132_TX_132_2009_H1003_20260915164522.csv,TIME_MACHINE
1999,범위확인필요,보건범죄특조법(부정식품),10.0,9.0,90.0,1990-2010,132_TX_132_2009_H1003_20260915164522.csv,TIME_MACHINE
1999,범위확인필요,보건범죄특조법(부정의료업자),160.0,166.0,103.8,1990-2010,132_TX_132_2009_H1003_20260915164522.csv,TIME_MACHINE
1999,범위확인필요,보건범죄특조법(부정의약품),4.0,4.0,100.0,1990-2010,132_TX_132_2009_H1003_20260915164522.csv,TIME_MACHINE
1999,범위확인필요,부녀매매,16.0,17.0,106.3,1990-2010,132_TX_132_2009_H1003_20260915164522.csv,TIME_MACHINE
1999,범위확인필요,부당이득,22.0,23.0,104.5,1990-2010,132_TX_132_2009_H1003_20260915164522.csv,TIME_MACHINE
1999,범위확인필요,부동산중개업법,196.0,204.0,104.1,1990-2010,132_TX_132_2009_H1003_20260915164522.csv,TIME_MACHINE
1999,범위확인필요,부정경쟁방지법,79.0,75.0,94.9,1990-2010,132_TX_132_2009_H1003_20260915164522.csv,TIME_MACHINE
1999,범위확인필요,부정수표단속법,11662.0,9718.0,83.3,1990-2010,132_TX_132_2009_H1003_20260915164522.csv,TIME_MACHINE
1999,범위확인필요,비밀침해죄,2.0,2.0,100.0,1990-2010,132_TX_132_2009_H1003_20260915164522.csv,TIME_MACHINE
1999,범위확인필요,사격 및 사격장단속법,1.0,1.0,100.0,1990-2010,132_TX_132_2009_H1003_20260915164522.csv,TIME_MACHINE
1999,범위확인필요,사기,46642.0,42343.0,90.8,1990-2010,132_TX_132_2009_H1003_20260915164522.csv,TIME_MACHINE
1999,범위확인필요,사기(상습),50.0,56.0,112.0,1990-2010,132_TX_132_2009_H1003_20260915164522.csv,TIME_MACHINE
1999,범위확인필요,사문서위조·변조,1583.0,1488.0,94.0,1990-2010,132_TX_132_2009_H1003_20260915164522.csv,TIME_MACHINE
1999,범위확인필요,사인등위조·부정사용행사,10.0,10.0,100.0,1990-2010,132_TX_132_2009_H1003_20260915164522.csv,TIME_MACHINE
1999,범위확인필요,사행행위등 규제 및 처벌특례법,82.0,77.0,93.9,1990-2010,132_TX_132_2009_H1003_20260915164522.csv,TIME_MACHINE
1999,범위확인필요,산림법,28.0,31.0,110.7,1990-2010,132_TX_132_2009_H1003_20260915164522.csv,TIME_MACHINE
1999,범위확인필요,산업안전보건법,5.0,6.0,120.0,1990-2010,132_TX_132_2009_H1003_20260915164522.csv,TIME_MACHINE
1999,범위확인필요,살인,171.0,176.0,102.9,1990-2010,132_TX_132_2009_H1003_20260915164522.csv,TIME_MACHINE
1999,범위확인필요,상법,1.0,2.0,200.0,1990-2010,132_TX_132_2009_H1003_20260915164522.csv,TIME_MACHINE
1999,범위확인필요,상습도박,105.0,108.0,102.9,1990-2010,132_TX_132_2009_H1003_20260915164522.csv,TIME_MACHINE
1999,범위확인필요,상습절도,58.0,57.0,98.3,1990-2010,132_TX_132_2009_H1003_20260915164522.csv,TIME_MACHINE
1999,범위확인필요,상습폭행,2.0,2.0,100.0,1990-2010,132_TX_132_2009_H1003_20260915164522.csv,TIME_MACHINE
1999,범위확인필요,상표법,564.0,571.0,101.2,1990-2010,132_TX_132_2009_H1003_20260915164522.csv,TIME_MACHINE
1999,범위확인필요,상품권법,1.0,1.0,100.0,1990-2010,132_TX_132_2009_H1003_20260915164522.csv,TIME_MACHINE
1999,범위확인필요,상해,7021.0,6936.0,98.8,1990-2010,132_TX_132_2009_H1003_20260915164522.csv,TIME_MACHINE
1999,범위확인필요,상해(중),9.0,9.0,100.0,1990-2010,132_TX_132_2009_H1003_20260915164522.csv,TIME_MACHINE
1999,범위확인필요,상해치사,26.0,28.0,107.7,1990-2010,132_TX_132_2009_H1003_20260915164522.csv,TIME_MACHINE
1999,범위확인필요,상호신용금고법,7.0,7.0,100.0,1990-2010,132_TX_132_2009_H1003_20260915164522.csv,TIME_MACHINE
1999,범위확인필요,성폭력범죄의 처벌 및 피해자보호에 관한 법률,562.0,560.0,99.6,1990-2010,132_TX_132_2009_H1003_20260915164522.csv,TIME_MACHINE
1999,범위확인필요,소음·진동규제법,22.0,23.0,104.5,1990-2010,132_TX_132_2009_H1003_20260915164522.csv,TIME_MACHINE
1999,범위확인필요,손괴의죄,1308.0,1243.0,95.0,1990-2010,132_TX_132_2009_H1003_20260915164522.csv,TIME_MACHINE
1999,범위확인필요,수도법,50.0,45.0,90.0,1990-2010,132_TX_132_2009_H1003_20260915164522.csv,TIME_MACHINE
1999,범위확인필요,수질환경보전법,55.0,51.0,92.7,1990-2010,132_TX_132_2009_H1003_20260915164522.csv,TIME_MACHINE
1999,범위확인필요,식품위생법,8255.0,8165.0,98.9,1990-2010,132_TX_132_2009_H1003_20260915164522.csv,TIME_MACHINE
1999,범위확인필요,신앙에 관한 죄,10.0,8.0,80.0,1990-2010,132_TX_132_2009_H1003_20260915164522.csv,TIME_MACHINE
1999,범위확인필요,신용·업무와 경매에 관한 죄,863.0,843.0,97.7,1990-2010,132_TX_132_2009_H1003_20260915164522.csv,TIME_MACHINE
1999,범위확인필요,신용조사업법,1.0,1.0,100.0,1990-2010,132_TX_132_2009_H1003_20260915164522.csv,TIME_MACHINE
1999,범위확인필요,실용신안법,88.0,81.0,92.0,1990-2010,132_TX_132_2009_H1003_20260915164522.csv,TIME_MACHINE
1999,범위확인필요,실화 및 업무상실화죄,431.0,226.0,52.4,1990-2010,132_TX_132_2009_H1003_20260915164522.csv,TIME_MACHINE
1999,범위확인필요,아동복지법,33.0,34.0,103.0,1990-2010,132_TX_132_2009_H1003_20260915164522.csv,TIME_MACHINE
1999,범위확인필요,액화석유가스의 안전 및 사업관리법,104.0,106.0,101.9,1990-2010,132_TX_132_2009_H1003_20260915164522.csv,TIME_MACHINE
1999,범위확인필요,야간주거침입절도,607.0,611.0,100.7,1990-2010,132_TX_132_2009_H1003_20260915164522.csv,TIME_MACHINE
1999,범위확인필요,야간주거침입절도(상습),1.0,1.0,100.0,1990-2010,132_TX_132_2009_H1003_20260915164522.csv,TIME_MACHINE
1999,범위확인필요,약사법,511.0,508.0,99.4,1990-2010,132_TX_132_2009_H1003_20260915164522.csv,TIME_MACHINE
1999,범위확인필요,약취강도,14.0,16.0,114.3,1990-2010,132_TX_132_2009_H1003_20260915164522.csv,TIME_MACHINE
1999,범위확인필요,양곡관리법,3.0,6.0,200.0,1990-2010,132_TX_132_2009_H1003_20260915164522.csv,TIME_MACHINE
1999,범위확인필요,업무상배임,431.0,392.0,91.0,1990-2010,132_TX_132_2009_H1003_20260915164522.csv,TIME_MACHINE
1999,범위확인필요,업무상횡령,2424.0,2297.0,94.8,1990-2010,132_TX_132_2009_H1003_20260915164522.csv,TIME_MACHINE
1999,범위확인필요,여권법,14.0,14.0,100.0,1990-2010,132_TX_132_2009_H1003_20260915164522.csv,TIME_MACHINE
1999,범위확인필요,여신전문금융업법위반,349.0,341.0,97.7,1990-2010,132_TX_132_2009_H1003_20260915164522.csv,TIME_MACHINE
1999,범위확인필요,영아살해,4.0,5.0,125.0,1990-2010,132_TX_132_2009_H1003_20260915164522.csv,TIME_MACHINE
1999,범위확인필요,오수·분뇨 및 축산폐수의 처리에 관한 법률,7.0,7.0,100.0,1990-2010,132_TX_132_2009_H1003_20260915164522.csv,TIME_MACHINE
1999,범위확인필요,외환관리법,131.0,116.0,88.5,1990-2010,132_TX_132_2009_H1003_20260915164522.csv,TIME_MACHINE
1999,범위확인필요,용역경비업법,8.0,8.0,100.0,1990-2010,132_TX_132_2009_H1003_20260915164522.csv,TIME_MACHINE
1999,범위확인필요,우표(인지)등위(변)조,2.0,1.0,50.0,1990-2010,132_TX_132_2009_H1003_20260915164522.csv,TIME_MACHINE
1999,범위확인필요,위증죄,576.0,542.0,94.1,1990-2010,132_TX_132_2009_H1003_20260915164522.csv,TIME_MACHINE
1999,범위확인필요,유가증권위(변)조,517.0,421.0,81.4,1990-2010,132_TX_132_2009_H1003_20260915164522.csv,TIME_MACHINE
1999,범위확인필요,유기의 죄,34.0,13.0,38.2,1990-2010,132_TX_132_2009_H1003_20260915164522.csv,TIME_MACHINE
1999,범위확인필요,유실물 표류물 점유이탈물 매장물횡령,486.0,472.0,97.1,1990-2010,132_TX_132_2009_H1003_20260915164522.csv,TIME_MACHINE
1999,범위확인필요,유해화학물질관리법,585.0,611.0,104.4,1990-2010,132_TX_132_2009_H1003_20260915164522.csv,TIME_MACHINE
1999,범위확인필요,윤락행위등방지법,377.0,392.0,104.0,1990-2010,132_TX_132_2009_H1003_20260915164522.csv,TIME_MACHINE
1999,범위확인필요,음반 및 비디오물에 관한 법률,534.0,527.0,98.7,1990-2010,132_TX_132_2009_H1003_20260915164522.csv,TIME_MACHINE
1999,범위확인필요,음반에관한법률,116.0,109.0,94.0,1990-2010,132_TX_132_2009_H1003_20260915164522.csv,TIME_MACHINE
1999,범위확인필요,음용수에 관한 죄,9.0,9.0,100.0,1990-2010,132_TX_132_2009_H1003_20260915164522.csv,TIME_MACHINE
1999,범위확인필요,음화등반포(판매·임대·전시·제조),101.0,114.0,112.9,1990-2010,132_TX_132_2009_H1003_20260915164522.csv,TIME_MACHINE
1999,범위확인필요,의료법,207.0,199.0,96.1,1990-2010,132_TX_132_2009_H1003_20260915164522.csv,TIME_MACHINE
1999,범위확인필요,의료보험법,1.0,1.0,100.0,1990-2010,132_TX_132_2009_H1003_20260915164522.csv,TIME_MACHINE
1999,범위확인필요,의장법,129.0,123.0,95.3,1990-2010,132_TX_132_2009_H1003_20260915164522.csv,TIME_MACHINE
1999,범위확인필요,일반(건조물등)방화,26.0,26.0,100.0,1990-2010,132_TX_132_2009_H1003_20260915164522.csv,TIME_MACHINE
1999,범위확인필요,자기소유(건조물등)방화,14.0,13.0,92.9,1990-2010,132_TX_132_2009_H1003_20260915164522.csv,TIME_MACHINE
1999,범위확인필요,자동차·선박등불법사용,36.0,35.0,97.2,1990-2010,132_TX_132_2009_H1003_20260915164522.csv,TIME_MACHINE
1999,범위확인필요,자동차관리법,11865.0,9430.0,79.5,1990-2010,132_TX_132_2009_H1003_20260915164522.csv,TIME_MACHINE
1999,범위확인필요,자동차운수사업법,43.0,45.0,104.7,1990-2010,132_TX_132_2009_H1003_20260915164522.csv,TIME_MACHINE
1999,범위확인필요,자연환경보전법,1.0,8.0,800.0,1990-2010,132_TX_132_2009_H1003_20260915164522.csv,TIME_MACHINE
1999,범위확인필요,장물에 관한죄,247.0,276.0,111.7,1990-2010,132_TX_132_2009_H1003_20260915164522.csv,TIME_MACHINE
1999,범위확인필요,저작권법,1394.0,979.0,70.2,1990-2010,132_TX_132_2009_H1003_20260915164522.csv,TIME_MACHINE
1999,범위확인필요,전투경찰대설치법,37.0,30.0,81.1,1990-2010,132_TX_132_2009_H1003_20260915164522.csv,TIME_MACHINE
1999,범위확인필요,절도,9979.0,7581.0,76.0,1990-2010,132_TX_132_2009_H1003_20260915164522.csv,TIME_MACHINE
1999,범위확인필요,절도범,14543.0,12183.0,83.8,1990-2010,132_TX_132_2009_H1003_20260915164522.csv,TIME_MACHINE
1999,범위확인필요,조세범처벌법,629.0,363.0,57.7,1990-2010,132_TX_132_2009_H1003_20260915164522.csv,TIME_MACHINE
1999,범위확인필요,조수보호 및 수렵에 관한 법률,4.0,4.0,100.0,1990-2010,132_TX_132_2009_H1003_20260915164522.csv,TIME_MACHINE
1999,범위확인필요,존속살해,10.0,9.0,90.0,1990-2010,132_TX_132_2009_H1003_20260915164522.csv,TIME_MACHINE
1999,범위확인필요,존속상해,136.0,140.0,102.9,1990-2010,132_TX_132_2009_H1003_20260915164522.csv,TIME_MACHINE
1999,범위확인필요,존속상해치사,1.0,1.0,100.0,1990-2010,132_TX_132_2009_H1003_20260915164522.csv,TIME_MACHINE
1999,범위확인필요,존속체포감금,1.0,2.0,200.0,1990-2010,132_TX_132_2009_H1003_20260915164522.csv,TIME_MACHINE
1999,범위확인필요,존속폭행,150.0,140.0,93.3,1990-2010,132_TX_132_2009_H1003_20260915164522.csv,TIME_MACHINE
1999,범위확인필요,존속폭행(상습),2.0,2.0,100.0,1990-2010,132_TX_132_2009_H1003_20260915164522.csv,TIME_MACHINE
1999,범위확인필요,존속폭행치사,,2.0,200.0,1990-2010,132_TX_132_2009_H1003_20260915164522.csv,TIME_MACHINE
1999,범위확인필요,존속폭행치상,5.0,3.0,60.0,1990-2010,132_TX_132_2009_H1003_20260915164522.csv,TIME_MACHINE
1999,범위확인필요,존속협박,3.0,2.0,66.7,1990-2010,132_TX_132_2009_H1003_20260915164522.csv,TIME_MACHINE
1999,범위확인필요,주거침입의 죄,494.0,492.0,99.6,1990-2010,132_TX_132_2009_H1003_20260915164522.csv,TIME_MACHINE
1999,범위확인필요,주민등록법,30.0,29.0,96.7,1990-2010,132_TX_132_2009_H1003_20260915164522.csv,TIME_MACHINE
1999,범위확인필요,주차장법,275.0,257.0,93.5,1990-2010,132_TX_132_2009_H1003_20260915164522.csv,TIME_MACHINE
1999,범위확인필요,준강간,30.0,27.0,90.0,1990-2010,132_TX_132_2009_H1003_20260915164522.csv,TIME_MACHINE
1999,범위확인필요,준강도,65.0,61.0,93.8,1990-2010,132_TX_132_2009_H1003_20260915164522.csv,TIME_MACHINE
1999,범위확인필요,준사기,2.0,2.0,100.0,1990-2010,132_TX_132_2009_H1003_20260915164522.csv,TIME_MACHINE
1999,범위확인필요,지능범,57787.0,52637.0,91.1,1990-2010,132_TX_132_2009_H1003_20260915164522.csv,TIME_MACHINE
1999,범위확인필요,직권남용(권리행사방해체포·감금),12.0,11.0,91.7,1990-2010,132_TX_132_2009_H1003_20260915164522.csv,TIME_MACHINE
1999,범위확인필요,직무유기·수행거부,24.0,22.0,91.7,1990-2010,132_TX_132_2009_H1003_20260915164522.csv,TIME_MACHINE
1999,범위확인필요,직업안정법,119.0,121.0,101.7,1990-2010,132_TX_132_2009_H1003_20260915164522.csv,TIME_MACHINE
1999,범위확인필요,집회 및 시위에 관한 법률,973.0,963.0,99.0,1990-2010,132_TX_132_2009_H1003_20260915164522.csv,TIME_MACHINE
1999,범위확인필요,철도법,10.0,10.0,100.0,1990-2010,132_TX_132_2009_H1003_20260915164522.csv,TIME_MACHINE
1999,범위확인필요,청소년보호법,3893.0,3951.0,101.5,1990-2010,132_TX_132_2009_H1003_20260915164522.csv,TIME_MACHINE
1999,범위확인필요,체포·감금치사·상(중·특수·상습),3.0,3.0,100.0,1990-2010,132_TX_132_2009_H1003_20260915164522.csv,TIME_MACHINE
1999,범위확인필요,체포감금,24.0,25.0,104.2,1990-2010,132_TX_132_2009_H1003_20260915164522.csv,TIME_MACHINE
1999,범위확인필요,체포감금(중),2.0,2.0,100.0,1990-2010,132_TX_132_2009_H1003_20260915164522.csv,TIME_MACHINE
1999,범위확인필요,체포감금(특수),2.0,1.0,50.0,1990-2010,132_TX_132_2009_H1003_20260915164522.csv,TIME_MACHINE
1999,범위확인필요,총범죄,349464.0,332644.0,95.2,1990-2010,132_TX_132_2009_H1003_20260915164522.csv,TIME_MACHINE
1999,범위확인필요,총포·도검·화약류단속법,55.0,60.0,109.1,1990-2010,132_TX_132_2009_H1003_20260915164522.csv,TIME_MACHINE
1999,범위확인필요,추행·간음·영리·약취유인,13.0,15.0,115.4,1990-2010,132_TX_132_2009_H1003_20260915164522.csv,TIME_MACHINE
1999,범위확인필요,축산물위생처리법,2.0,2.0,100.0,1990-2010,132_TX_132_2009_H1003_20260915164522.csv,TIME_MACHINE
1999,범위확인필요,출입국관리법,26.0,24.0,92.3,1990-2010,132_TX_132_2009_H1003_20260915164522.csv,TIME_MACHINE
1999,범위확인필요,컴퓨터등사용사기,27.0,20.0,74.1,1990-2010,132_TX_132_2009_H1003_20260915164522.csv,TIME_MACHINE
1999,범위확인필요,컴퓨터프로그램보호법,441.0,429.0,97.3,1990-2010,132_TX_132_2009_H1003_20260915164522.csv,TIME_MACHINE
1999,범위확인필요,통화위(변)조,51.0,2.0,3.9,1990-2010,132_TX_132_2009_H1003_20260915164522.csv,TIME_MACHINE
1999,범위확인필요,특가법(강도),22.0,28.0,127.3,1990-2010,132_TX_132_2009_H1003_20260915164522.csv,TIME_MACHINE
1999,범위확인필요,특가법(강도강간),5.0,4.0,80.0,1990-2010,132_TX_132_2009_H1003_20260915164522.csv,TIME_MACHINE
1999,범위확인필요,특가법(뇌물),1.0,3.0,300.0,1990-2010,132_TX_132_2009_H1003_20260915164522.csv,TIME_MACHINE
1999,범위확인필요,특가법(도주차량),2844.0,2013.0,70.8,1990-2010,132_TX_132_2009_H1003_20260915164522.csv,TIME_MACHINE
1999,범위확인필요,특가법(독직폭행),,1.0,100.0,1990-2010,132_TX_132_2009_H1003_20260915164522.csv,TIME_MACHINE
1999,범위확인필요,특가법(미성년자약취유인),5.0,5.0,100.0,1990-2010,132_TX_132_2009_H1003_20260915164522.csv,TIME_MACHINE
1999,범위확인필요,특가법(미성년자유인),,1.0,100.0,1990-2010,132_TX_132_2009_H1003_20260915164522.csv,TIME_MACHINE
1999,범위확인필요,특가법(범죄단체조직),4.0,5.0,125.0,1990-2010,132_TX_132_2009_H1003_20260915164522.csv,TIME_MACHINE
1999,범위확인필요,특가법(보복범죄등),3.0,3.0,100.0,1990-2010,132_TX_132_2009_H1003_20260915164522.csv,TIME_MACHINE
1999,범위확인필요,특가법(산림),1.0,,0.0,1990-2010,132_TX_132_2009_H1003_20260915164522.csv,TIME_MACHINE
1999,범위확인필요,특가법(알선수재),2.0,3.0,150.0,1990-2010,132_TX_132_2009_H1003_20260915164522.csv,TIME_MACHINE
1999,범위확인필요,특가법(영리약취),1.0,,0.0,1990-2010,132_TX_132_2009_H1003_20260915164522.csv,TIME_MACHINE
1999,범위확인필요,특가법(영리유인),4.0,5.0,125.0,1990-2010,132_TX_132_2009_H1003_20260915164522.csv,TIME_MACHINE
1999,범위확인필요,특가법(장물),14.0,5.0,35.7,1990-2010,132_TX_132_2009_H1003_20260915164522.csv,TIME_MACHINE
1999,범위확인필요,특가법(절도),608.0,556.0,91.4,1990-2010,132_TX_132_2009_H1003_20260915164522.csv,TIME_MACHINE
1999,범위확인필요,특가법(조세),6.0,6.0,100.0,1990-2010,132_TX_132_2009_H1003_20260915164522.csv,TIME_MACHINE
1999,범위확인필요,특가법(통화위조),19.0,3.0,15.8,1990-2010,132_TX_132_2009_H1003_20260915164522.csv,TIME_MACHINE
1999,범위확인필요,특가법(특수강간),1.0,2.0,200.0,1990-2010,132_TX_132_2009_H1003_20260915164522.csv,TIME_MACHINE
1999,범위확인필요,특경법(배임),17.0,16.0,94.1,1990-2010,132_TX_132_2009_H1003_20260915164522.csv,TIME_MACHINE
1999,범위확인필요,특경법(보고의무),1.0,,0.0,1990-2010,132_TX_132_2009_H1003_20260915164522.csv,TIME_MACHINE
1999,범위확인필요,특경법(사기),121.0,115.0,95.0,1990-2010,132_TX_132_2009_H1003_20260915164522.csv,TIME_MACHINE
1999,범위확인필요,특경법(수재등),3.0,3.0,100.0,1990-2010,132_TX_132_2009_H1003_20260915164522.csv,TIME_MACHINE
1999,범위확인필요,특경법(알선수재),6.0,6.0,100.0,1990-2010,132_TX_132_2009_H1003_20260915164522.csv,TIME_MACHINE
1999,범위확인필요,특경법(재산국외도피),1.0,1.0,100.0,1990-2010,132_TX_132_2009_H1003_20260915164522.csv,TIME_MACHINE
1999,범위확인필요,특경법(횡령),31.0,30.0,96.8,1990-2010,132_TX_132_2009_H1003_20260915164522.csv,TIME_MACHINE
1999,범위확인필요,특별법범,177918.0,169760.0,95.4,1990-2010,132_TX_132_2009_H1003_20260915164522.csv,TIME_MACHINE
1999,범위확인필요,특수강도,286.0,265.0,92.7,1990-2010,132_TX_132_2009_H1003_20260915164522.csv,TIME_MACHINE
1999,범위확인필요,특수절도,3251.0,3338.0,102.7,1990-2010,132_TX_132_2009_H1003_20260915164522.csv,TIME_MACHINE
1999,범위확인필요,특수절도(상습),3.0,4.0,133.3,1990-2010,132_TX_132_2009_H1003_20260915164522.csv,TIME_MACHINE
1999,범위확인필요,특수폭행,6.0,6.0,100.0,1990-2010,132_TX_132_2009_H1003_20260915164522.csv,TIME_MACHINE
1999,범위확인필요,특허법,41.0,41.0,100.0,1990-2010,132_TX_132_2009_H1003_20260915164522.csv,TIME_MACHINE
1999,범위확인필요,편의시설부정이용,11.0,10.0,90.9,1990-2010,132_TX_132_2009_H1003_20260915164522.csv,TIME_MACHINE
1999,범위확인필요,폐기물관리법,161.0,163.0,101.2,1990-2010,132_TX_132_2009_H1003_20260915164522.csv,TIME_MACHINE
1999,범위확인필요,폭력범,85257.0,84740.0,99.4,1990-2010,132_TX_132_2009_H1003_20260915164522.csv,TIME_MACHINE
1999,범위확인필요,폭력행위등처벌에 관한 법률 위반,70843.0,70504.0,99.5,1990-2010,132_TX_132_2009_H1003_20260915164522.csv,TIME_MACHINE
1999,범위확인필요,폭발물에 관한 죄,1.0,,0.0,1990-2010,132_TX_132_2009_H1003_20260915164522.csv,TIME_MACHINE
1999,범위확인필요,폭발물파열(과실),1.0,1.0,100.0,1990-2010,132_TX_132_2009_H1003_20260915164522.csv,TIME_MACHINE
1999,범위확인필요,폭행,5033.0,5052.0,100.4,1990-2010,132_TX_132_2009_H1003_20260915164522.csv,TIME_MACHINE
1999,범위확인필요,폭행치사,38.0,39.0,102.6,1990-2010,132_TX_132_2009_H1003_20260915164522.csv,TIME_MACHINE
1999,범위확인필요,폭행치상,91.0,86.0,94.5,1990-2010,132_TX_132_2009_H1003_20260915164522.csv,TIME_MACHINE
1999,범위확인필요,폭행치상(특수),1.0,1.0,100.0,1990-2010,132_TX_132_2009_H1003_20260915164522.csv,TIME_MACHINE
1999,범위확인필요,풍속범,3241.0,3176.0,98.0,1990-2010,132_TX_132_2009_H1003_20260915164522.csv,TIME_MACHINE
1999,범위확인필요,풍속영업의 규제에 관한 법률,1414.0,1439.0,101.8,1990-2010,132_TX_132_2009_H1003_20260915164522.csv,TIME_MACHINE
1999,범위확인필요,피보호자(감호자)간음,1.0,1.0,100.0,1990-2010,132_TX_132_2009_H1003_20260915164522.csv,TIME_MACHINE
1999,범위확인필요,하수도법,9.0,9.0,100.0,1990-2010,132_TX_132_2009_H1003_20260915164522.csv,TIME_MACHINE
1999,범위확인필요,하천법,6.0,6.0,100.0,1990-2010,132_TX_132_2009_H1003_20260915164522.csv,TIME_MACHINE
1999,범위확인필요,학원의설립·운영에관한법률,209.0,207.0,99.0,1990-2010,132_TX_132_2009_H1003_20260915164522.csv,TIME_MACHINE
1999,범위확인필요,향정신성의 약품관리법,673.0,738.0,109.7,1990-2010,132_TX_132_2009_H1003_20260915164522.csv,TIME_MACHINE
1999,범위확인필요,향토예비군설치법,6047.0,5780.0,95.6,1990-2010,132_TX_132_2009_H1003_20260915164522.csv,TIME_MACHINE
1999,범위확인필요,허위감정·증거인멸은닉·증인은닉죄,16.0,15.0,93.8,1990-2010,132_TX_132_2009_H1003_20260915164522.csv,TIME_MACHINE
1999,범위확인필요,현주(현존)자동차방화,7.0,6.0,85.7,1990-2010,132_TX_132_2009_H1003_20260915164522.csv,TIME_MACHINE
1999,범위확인필요,현주·현존(건조물등)방화,175.0,173.0,98.9,1990-2010,132_TX_132_2009_H1003_20260915164522.csv,TIME_MACHINE
1999,범위확인필요,현주·현존(건조물등)방화치사,1.0,1.0,100.0,1990-2010,132_TX_132_2009_H1003_20260915164522.csv,TIME_MACHINE
1999,범위확인필요,현주·현존(건조물등)방화치상,5.0,3.0,60.0,1990-2010,132_TX_132_2009_H1003_20260915164522.csv,TIME_MACHINE
1999,범위확인필요,협박,220.0,191.0,86.8,1990-2010,132_TX_132_2009_H1003_20260915164522.csv,TIME_MACHINE
1999,범위확인필요,협박(특수),6.0,7.0,116.7,1990-2010,132_TX_132_2009_H1003_20260915164522.csv,TIME_MACHINE
1999,범위확인필요,형법범,171546.0,162884.0,95.0,1990-2010,132_TX_132_2009_H1003_20260915164522.csv,TIME_MACHINE
1999,범위확인필요,형의실효등에 관한 법률,2.0,2.0,100.0,1990-2010,132_TX_132_2009_H1003_20260915164522.csv,TIME_MACHINE
1999,범위확인필요,혼인빙자간음,181.0,148.0,81.8,1990-2010,132_TX_132_2009_H1003_20260915164522.csv,TIME_MACHINE
1999,범위확인필요,혼인빙자간음(위계간음),1.0,2.0,200.0,1990-2010,132_TX_132_2009_H1003_20260915164522.csv,TIME_MACHINE
1999,범위확인필요,화염병사용등의 처벌에 관한 법률,6.0,6.0,100.0,1990-2010,132_TX_132_2009_H1003_20260915164522.csv,TIME_MACHINE
1999,범위확인필요,환경범죄의 처벌에 관한 특별조치법,2.0,2.0,100.0,1990-2010,132_TX_132_2009_H1003_20260915164522.csv,TIME_MACHINE
1999,범위확인필요,환경보전법,1.0,,0.0,1990-2010,132_TX_132_2009_H1003_20260915164522.csv,TIME_MACHINE
1999,범위확인필요,횡령,2822.0,2608.0,92.4,1990-2010,132_TX_132_2009_H1003_20260915164522.csv,TIME_MACHINE
2000,범위확인필요,가스·전기·증기공급사용방해,4.0,3.0,75.0,1990-2010,132_TX_132_2009_H1003_20260915164522.csv,TIME_MACHINE
2000,범위확인필요,가스등방류(유출·살포),3.0,3.0,100.0,1990-2010,132_TX_132_2009_H1003_20260915164522.csv,TIME_MACHINE
2000,범위확인필요,가정의례에 관한 법률,2.0,2.0,100.0,1990-2010,132_TX_132_2009_H1003_20260915164522.csv,TIME_MACHINE
2000,범위확인필요,간통,935.0,859.0,91.9,1990-2010,132_TX_132_2009_H1003_20260915164522.csv,TIME_MACHINE
2000,범위확인필요,강간,1522.0,1392.0,91.5,1990-2010,132_TX_132_2009_H1003_20260915164522.csv,TIME_MACHINE
2000,범위확인필요,강간등살인,1.0,1.0,100.0,1990-2010,132_TX_132_2009_H1003_20260915164522.csv,TIME_MACHINE
2000,범위확인필요,강간등상해,14.0,13.0,92.9,1990-2010,132_TX_132_2009_H1003_20260915164522.csv,TIME_MACHINE
2000,범위확인필요,강간치사(준),,1.0,100.0,1990-2010,132_TX_132_2009_H1003_20260915164522.csv,TIME_MACHINE
2000,범위확인필요,강간치상(준),263.0,260.0,98.9,1990-2010,132_TX_132_2009_H1003_20260915164522.csv,TIME_MACHINE
2000,범위확인필요,강도,1399.0,1064.0,76.1,1990-2010,132_TX_132_2009_H1003_20260915164522.csv,TIME_MACHINE
2000,범위확인필요,강도강간,84.0,38.0,45.2,1990-2010,132_TX_132_2009_H1003_20260915164522.csv,TIME_MACHINE
2000,범위확인필요,강도살인·치사,16.0,17.0,106.3,1990-2010,132_TX_132_2009_H1003_20260915164522.csv,TIME_MACHINE
2000,범위확인필요,강도상해·치상,473.0,461.0,97.5,1990-2010,132_TX_132_2009_H1003_20260915164522.csv,TIME_MACHINE
2000,범위확인필요,강력범,3337.0,2825.0,84.7,1990-2010,132_TX_132_2009_H1003_20260915164522.csv,TIME_MACHINE
2000,범위확인필요,강제추행(준),646.0,587.0,90.9,1990-2010,132_TX_132_2009_H1003_20260915164522.csv,TIME_MACHINE
2000,범위확인필요,강제추행치사(준),,1.0,100.0,1990-2010,132_TX_132_2009_H1003_20260915164522.csv,TIME_MACHINE
2000,범위확인필요,강제추행치상(준),47.0,46.0,97.9,1990-2010,132_TX_132_2009_H1003_20260915164522.csv,TIME_MACHINE
2000,범위확인필요,건설업법,1.0,2.0,200.0,1990-2010,132_TX_132_2009_H1003_20260915164522.csv,TIME_MACHINE
2000,범위확인필요,건축법,1226.0,1210.0,98.7,1990-2010,132_TX_132_2009_H1003_20260915164522.csv,TIME_MACHINE
2000,범위확인필요,경범죄처벌법,18.0,18.0,100.0,1990-2010,132_TX_132_2009_H1003_20260915164522.csv,TIME_MACHINE
2000,범위확인필요,고압가스안전관리법,9.0,8.0,88.9,1990-2010,132_TX_132_2009_H1003_20260915164522.csv,TIME_MACHINE
2000,범위확인필요,골재채취법,4.0,4.0,100.0,1990-2010,132_TX_132_2009_H1003_20260915164522.csv,TIME_MACHINE
2000,범위확인필요,공갈,231.0,205.0,88.7,1990-2010,132_TX_132_2009_H1003_20260915164522.csv,TIME_MACHINE
2000,범위확인필요,공무방해에 관한 죄,2344.0,2269.0,96.8,1990-2010,132_TX_132_2009_H1003_20260915164522.csv,TIME_MACHINE
2000,범위확인필요,공문서위조·변조,859.0,736.0,85.7,1990-2010,132_TX_132_2009_H1003_20260915164522.csv,TIME_MACHINE
2000,범위확인필요,공안을 해하는 죄,23.0,24.0,104.3,1990-2010,132_TX_132_2009_H1003_20260915164522.csv,TIME_MACHINE
2000,범위확인필요,공연법,1.0,1.0,100.0,1990-2010,132_TX_132_2009_H1003_20260915164522.csv,TIME_MACHINE
2000,범위확인필요,공연음란,12.0,12.0,100.0,1990-2010,132_TX_132_2009_H1003_20260915164522.csv,TIME_MACHINE
2000,범위확인필요,공인위조·부정사용행사,69.0,66.0,95.7,1990-2010,132_TX_132_2009_H1003_20260915164522.csv,TIME_MACHINE
2000,범위확인필요,공중위생법,80.0,88.0,110.0,1990-2010,132_TX_132_2009_H1003_20260915164522.csv,TIME_MACHINE
2000,범위확인필요,공직선거 및 선거부정방지법,251.0,243.0,96.8,1990-2010,132_TX_132_2009_H1003_20260915164522.csv,TIME_MACHINE
2000,범위확인필요,과실사상의 죄,717.0,701.0,97.8,1990-2010,132_TX_132_2009_H1003_20260915164522.csv,TIME_MACHINE
2000,범위확인필요,관세법,1.0,1.0,100.0,1990-2010,132_TX_132_2009_H1003_20260915164522.csv,TIME_MACHINE
2000,범위확인필요,교통 방해의 죄,66.0,64.0,97.0,1990-2010,132_TX_132_2009_H1003_20260915164522.csv,TIME_MACHINE
2000,범위확인필요,교통사고특례법,46635.0,45952.0,98.5,1990-2010,132_TX_132_2009_H1003_20260915164522.csv,TIME_MACHINE
2000,범위확인필요,국가보안법,73.0,49.0,67.1,1990-2010,132_TX_132_2009_H1003_20260915164522.csv,TIME_MACHINE
2000,범위확인필요,국외이송약취유인,1.0,1.0,100.0,1990-2010,132_TX_132_2009_H1003_20260915164522.csv,TIME_MACHINE
2000,범위확인필요,권리행사를 방해하는 죄,694.0,682.0,98.3,1990-2010,132_TX_132_2009_H1003_20260915164522.csv,TIME_MACHINE
2000,범위확인필요,근로기준법,5.0,5.0,100.0,1990-2010,132_TX_132_2009_H1003_20260915164522.csv,TIME_MACHINE
2000,범위확인필요,기타통화에 관한 죄,12.0,6.0,50.0,1990-2010,132_TX_132_2009_H1003_20260915164522.csv,TIME_MACHINE
2000,범위확인필요,기타특별법,12425.0,11768.0,94.7,1990-2010,132_TX_132_2009_H1003_20260915164522.csv,TIME_MACHINE
2000,범위확인필요,기타형법범,8994.0,8101.0,90.1,1990-2010,132_TX_132_2009_H1003_20260915164522.csv,TIME_MACHINE
2000,범위확인필요,낙태의 죄,4.0,4.0,100.0,1990-2010,132_TX_132_2009_H1003_20260915164522.csv,TIME_MACHINE
2000,범위확인필요,농수산물 유통 및 가격안정에 관한 법률,1.0,1.0,100.0,1990-2010,132_TX_132_2009_H1003_20260915164522.csv,TIME_MACHINE
2000,범위확인필요,뇌물공여·약속·의사표시,63.0,62.0,98.4,1990-2010,132_TX_132_2009_H1003_20260915164522.csv,TIME_MACHINE
2000,범위확인필요,뇌물수수·요구·약속,37.0,40.0,108.1,1990-2010,132_TX_132_2009_H1003_20260915164522.csv,TIME_MACHINE
2000,범위확인필요,대기환경보전법,781.0,779.0,99.7,1990-2010,132_TX_132_2009_H1003_20260915164522.csv,TIME_MACHINE
2000,범위확인필요,대마관리법,280.0,319.0,113.9,1990-2010,132_TX_132_2009_H1003_20260915164522.csv,TIME_MACHINE
2000,범위확인필요,도로교통법(교통사고),61677.0,61210.0,99.2,1990-2010,132_TX_132_2009_H1003_20260915164522.csv,TIME_MACHINE
2000,범위확인필요,도로법,2096.0,2082.0,99.3,1990-2010,132_TX_132_2009_H1003_20260915164522.csv,TIME_MACHINE
2000,범위확인필요,도박,2270.0,2282.0,100.5,1990-2010,132_TX_132_2009_H1003_20260915164522.csv,TIME_MACHINE
2000,범위확인필요,도박개장,28.0,24.0,85.7,1990-2010,132_TX_132_2009_H1003_20260915164522.csv,TIME_MACHINE
2000,범위확인필요,도시가스사업법,7.0,8.0,114.3,1990-2010,132_TX_132_2009_H1003_20260915164522.csv,TIME_MACHINE
2000,범위확인필요,도시계획법,456.0,478.0,104.8,1990-2010,132_TX_132_2009_H1003_20260915164522.csv,TIME_MACHINE
2000,범위확인필요,도주와 도주원조죄,,1.0,100.0,1990-2010,132_TX_132_2009_H1003_20260915164522.csv,TIME_MACHINE
2000,범위확인필요,독직폭행·가혹행위,8.0,8.0,100.0,1990-2010,132_TX_132_2009_H1003_20260915164522.csv,TIME_MACHINE
2000,범위확인필요,마약법,187.0,199.0,106.4,1990-2010,132_TX_132_2009_H1003_20260915164522.csv,TIME_MACHINE
2000,범위확인필요,매장 및 묘지등에 관한 법률,19.0,21.0,110.5,1990-2010,132_TX_132_2009_H1003_20260915164522.csv,TIME_MACHINE
2000,범위확인필요,명예에 관한 죄,1285.0,1141.0,88.8,1990-2010,132_TX_132_2009_H1003_20260915164522.csv,TIME_MACHINE
2000,범위확인필요,무고의 죄,559.0,518.0,92.7,1990-2010,132_TX_132_2009_H1003_20260915164522.csv,TIME_MACHINE
2000,범위확인필요,문화재보호법,3.0,4.0,133.3,1990-2010,132_TX_132_2009_H1003_20260915164522.csv,TIME_MACHINE
2000,범위확인필요,미성년자등간음·추행(심신미약자),47.0,44.0,93.6,1990-2010,132_TX_132_2009_H1003_20260915164522.csv,TIME_MACHINE
2000,범위확인필요,미성년자보호법,2.0,1.0,50.0,1990-2010,132_TX_132_2009_H1003_20260915164522.csv,TIME_MACHINE
2000,범위확인필요,미성년자약취유인,21.0,19.0,90.5,1990-2010,132_TX_132_2009_H1003_20260915164522.csv,TIME_MACHINE
2000,범위확인필요,미성년자의 제강간(강제추행강간살인),29.0,26.0,89.7,1990-2010,132_TX_132_2009_H1003_20260915164522.csv,TIME_MACHINE
2000,범위확인필요,밀항단속법,18.0,18.0,100.0,1990-2010,132_TX_132_2009_H1003_20260915164522.csv,TIME_MACHINE
2000,범위확인필요,방문판매등에 관한 법률,116.0,107.0,92.2,1990-2010,132_TX_132_2009_H1003_20260915164522.csv,TIME_MACHINE
2000,범위확인필요,방화,249.0,199.0,79.9,1990-2010,132_TX_132_2009_H1003_20260915164522.csv,TIME_MACHINE
2000,범위확인필요,방화연소,20.0,2.0,10.0,1990-2010,132_TX_132_2009_H1003_20260915164522.csv,TIME_MACHINE
2000,범위확인필요,배임,628.0,579.0,92.2,1990-2010,132_TX_132_2009_H1003_20260915164522.csv,TIME_MACHINE
2000,범위확인필요,배임수재,16.0,15.0,93.8,1990-2010,132_TX_132_2009_H1003_20260915164522.csv,TIME_MACHINE
2000,범위확인필요,배임증재,1.0,1.0,100.0,1990-2010,132_TX_132_2009_H1003_20260915164522.csv,TIME_MACHINE
2000,범위확인필요,범인은닉·범인도피죄,18.0,26.0,144.4,1990-2010,132_TX_132_2009_H1003_20260915164522.csv,TIME_MACHINE
2000,범위확인필요,변호사법,146.0,122.0,83.6,1990-2010,132_TX_132_2009_H1003_20260915164522.csv,TIME_MACHINE
2000,범위확인필요,병역법,4419.0,3961.0,89.6,1990-2010,132_TX_132_2009_H1003_20260915164522.csv,TIME_MACHINE
2000,범위확인필요,보건범죄특조법(부정식품),19.0,22.0,115.8,1990-2010,132_TX_132_2009_H1003_20260915164522.csv,TIME_MACHINE
2000,범위확인필요,보건범죄특조법(부정의료업자),130.0,136.0,104.6,1990-2010,132_TX_132_2009_H1003_20260915164522.csv,TIME_MACHINE
2000,범위확인필요,보건범죄특조법(부정의약품),3.0,4.0,133.3,1990-2010,132_TX_132_2009_H1003_20260915164522.csv,TIME_MACHINE
2000,범위확인필요,보건범죄특조법(허위정보),1.0,2.0,200.0,1990-2010,132_TX_132_2009_H1003_20260915164522.csv,TIME_MACHINE
2000,범위확인필요,부녀매매,26.0,32.0,123.1,1990-2010,132_TX_132_2009_H1003_20260915164522.csv,TIME_MACHINE
2000,범위확인필요,부당이득,16.0,15.0,93.8,1990-2010,132_TX_132_2009_H1003_20260915164522.csv,TIME_MACHINE
2000,범위확인필요,부동산중개업법,123.0,118.0,95.9,1990-2010,132_TX_132_2009_H1003_20260915164522.csv,TIME_MACHINE
2000,범위확인필요,부정경쟁방지법,48.0,45.0,93.8,1990-2010,132_TX_132_2009_H1003_20260915164522.csv,TIME_MACHINE
2000,범위확인필요,부정수표단속법,6228.0,4382.0,70.4,1990-2010,132_TX_132_2009_H1003_20260915164522.csv,TIME_MACHINE
2000,범위확인필요,비밀침해죄,5.0,5.0,100.0,1990-2010,132_TX_132_2009_H1003_20260915164522.csv,TIME_MACHINE
2000,범위확인필요,사기,36741.0,31841.0,86.7,1990-2010,132_TX_132_2009_H1003_20260915164522.csv,TIME_MACHINE
2000,범위확인필요,사기(상습),87.0,88.0,101.1,1990-2010,132_TX_132_2009_H1003_20260915164522.csv,TIME_MACHINE
2000,범위확인필요,사문서위조·변조,1629.0,1397.0,85.8,1990-2010,132_TX_132_2009_H1003_20260915164522.csv,TIME_MACHINE
2000,범위확인필요,사인등위조·부정사용행사,12.0,9.0,75.0,1990-2010,132_TX_132_2009_H1003_20260915164522.csv,TIME_MACHINE
2000,범위확인필요,사행행위등 규제 및 처벌특례법,11.0,12.0,109.1,1990-2010,132_TX_132_2009_H1003_20260915164522.csv,TIME_MACHINE
2000,범위확인필요,산림법,42.0,37.0,88.1,1990-2010,132_TX_132_2009_H1003_20260915164522.csv,TIME_MACHINE
2000,범위확인필요,산업안전보건법,5.0,6.0,120.0,1990-2010,132_TX_132_2009_H1003_20260915164522.csv,TIME_MACHINE
2000,범위확인필요,살인,167.0,170.0,101.8,1990-2010,132_TX_132_2009_H1003_20260915164522.csv,TIME_MACHINE
2000,범위확인필요,상법,4.0,5.0,125.0,1990-2010,132_TX_132_2009_H1003_20260915164522.csv,TIME_MACHINE
2000,범위확인필요,상습(특수·약취·해상강도),1.0,1.0,100.0,1990-2010,132_TX_132_2009_H1003_20260915164522.csv,TIME_MACHINE
2000,범위확인필요,상습도박,93.0,106.0,114.0,1990-2010,132_TX_132_2009_H1003_20260915164522.csv,TIME_MACHINE
2000,범위확인필요,상습절도,76.0,75.0,98.7,1990-2010,132_TX_132_2009_H1003_20260915164522.csv,TIME_MACHINE
2000,범위확인필요,상표법,447.0,436.0,97.5,1990-2010,132_TX_132_2009_H1003_20260915164522.csv,TIME_MACHINE
2000,범위확인필요,상해,7144.0,7052.0,98.7,1990-2010,132_TX_132_2009_H1003_20260915164522.csv,TIME_MACHINE
2000,범위확인필요,상해(중),4.0,4.0,100.0,1990-2010,132_TX_132_2009_H1003_20260915164522.csv,TIME_MACHINE
2000,범위확인필요,상해치사,37.0,35.0,94.6,1990-2010,132_TX_132_2009_H1003_20260915164522.csv,TIME_MACHINE
2000,범위확인필요,상호신용금고법,6.0,6.0,100.0,1990-2010,132_TX_132_2009_H1003_20260915164522.csv,TIME_MACHINE
2000,범위확인필요,새마을금고법,3.0,3.0,100.0,1990-2010,132_TX_132_2009_H1003_20260915164522.csv,TIME_MACHINE
2000,범위확인필요,선거방해,1.0,1.0,100.0,1990-2010,132_TX_132_2009_H1003_20260915164522.csv,TIME_MACHINE
2000,범위확인필요,성폭력범죄의 처벌 및 피해자보호에 관한 법,797.0,738.0,92.6,1990-2010,132_TX_132_2009_H1003_20260915164522.csv,TIME_MACHINE
2000,범위확인필요,소음·진동규제법,23.0,23.0,100.0,1990-2010,132_TX_132_2009_H1003_20260915164522.csv,TIME_MACHINE
2000,범위확인필요,손괴의죄,3011.0,1335.0,44.3,1990-2010,132_TX_132_2009_H1003_20260915164522.csv,TIME_MACHINE
2000,범위확인필요,수도법,13.0,16.0,123.1,1990-2010,132_TX_132_2009_H1003_20260915164522.csv,TIME_MACHINE
2000,범위확인필요,수산자원보호령,1.0,1.0,100.0,1990-2010,132_TX_132_2009_H1003_20260915164522.csv,TIME_MACHINE
2000,범위확인필요,수질환경보전법,246.0,244.0,99.2,1990-2010,132_TX_132_2009_H1003_20260915164522.csv,TIME_MACHINE
2000,범위확인필요,식품위생법,6896.0,6795.0,98.5,1990-2010,132_TX_132_2009_H1003_20260915164522.csv,TIME_MACHINE
2000,범위확인필요,신앙에 관한 죄,12.0,12.0,100.0,1990-2010,132_TX_132_2009_H1003_20260915164522.csv,TIME_MACHINE
2000,범위확인필요,신용·업무와 경매에 관한 죄,1142.0,1100.0,96.3,1990-2010,132_TX_132_2009_H1003_20260915164522.csv,TIME_MACHINE
2000,범위확인필요,신용조사업법,,1.0,100.0,1990-2010,132_TX_132_2009_H1003_20260915164522.csv,TIME_MACHINE
2000,범위확인필요,실용신안법,103.0,94.0,91.3,1990-2010,132_TX_132_2009_H1003_20260915164522.csv,TIME_MACHINE
2000,범위확인필요,실화 및 업무상실화죄,739.0,272.0,36.8,1990-2010,132_TX_132_2009_H1003_20260915164522.csv,TIME_MACHINE
2000,범위확인필요,아동복지법,13.0,17.0,130.8,1990-2010,132_TX_132_2009_H1003_20260915164522.csv,TIME_MACHINE
2000,범위확인필요,액화석유가스의 안전 및 사업관리법,27.0,28.0,103.7,1990-2010,132_TX_132_2009_H1003_20260915164522.csv,TIME_MACHINE
2000,범위확인필요,야간주거침입절도,528.0,505.0,95.6,1990-2010,132_TX_132_2009_H1003_20260915164522.csv,TIME_MACHINE
2000,범위확인필요,약사법,424.0,423.0,99.8,1990-2010,132_TX_132_2009_H1003_20260915164522.csv,TIME_MACHINE
2000,범위확인필요,업무상과실폭발물파열(방출·유출),1.0,1.0,100.0,1990-2010,132_TX_132_2009_H1003_20260915164522.csv,TIME_MACHINE
2000,범위확인필요,업무상배임,326.0,315.0,96.6,1990-2010,132_TX_132_2009_H1003_20260915164522.csv,TIME_MACHINE
2000,범위확인필요,업무상횡령,2034.0,1833.0,90.1,1990-2010,132_TX_132_2009_H1003_20260915164522.csv,TIME_MACHINE
2000,범위확인필요,여권법,36.0,31.0,86.1,1990-2010,132_TX_132_2009_H1003_20260915164522.csv,TIME_MACHINE
2000,범위확인필요,여신전문금융업법위반,440.0,334.0,75.9,1990-2010,132_TX_132_2009_H1003_20260915164522.csv,TIME_MACHINE
2000,범위확인필요,영아살해,3.0,2.0,66.7,1990-2010,132_TX_132_2009_H1003_20260915164522.csv,TIME_MACHINE
2000,범위확인필요,오수·분뇨 및 축산폐수의 처리에 관한 법률,12.0,8.0,66.7,1990-2010,132_TX_132_2009_H1003_20260915164522.csv,TIME_MACHINE
2000,범위확인필요,외환관리법,5.0,9.0,180.0,1990-2010,132_TX_132_2009_H1003_20260915164522.csv,TIME_MACHINE
2000,범위확인필요,위증죄,586.0,538.0,91.8,1990-2010,132_TX_132_2009_H1003_20260915164522.csv,TIME_MACHINE
2000,범위확인필요,유가증권위(변)조,472.0,372.0,78.8,1990-2010,132_TX_132_2009_H1003_20260915164522.csv,TIME_MACHINE
2000,범위확인필요,유기의 죄,40.0,20.0,50.0,1990-2010,132_TX_132_2009_H1003_20260915164522.csv,TIME_MACHINE
2000,범위확인필요,유선 및 도선업법,1.0,1.0,100.0,1990-2010,132_TX_132_2009_H1003_20260915164522.csv,TIME_MACHINE
2000,범위확인필요,유실물 표류물 점유이탈물 매장물횡령,581.0,481.0,82.8,1990-2010,132_TX_132_2009_H1003_20260915164522.csv,TIME_MACHINE
2000,범위확인필요,유해화학물질관리법,482.0,484.0,100.4,1990-2010,132_TX_132_2009_H1003_20260915164522.csv,TIME_MACHINE
2000,범위확인필요,윤락행위등방지법,469.0,468.0,99.8,1990-2010,132_TX_132_2009_H1003_20260915164522.csv,TIME_MACHINE
2000,범위확인필요,음반 및 비디오물에 관한 법률,158.0,173.0,109.5,1990-2010,132_TX_132_2009_H1003_20260915164522.csv,TIME_MACHINE
2000,범위확인필요,음반에관한법률,72.0,67.0,93.1,1990-2010,132_TX_132_2009_H1003_20260915164522.csv,TIME_MACHINE
2000,범위확인필요,음용수에 관한 죄,10.0,10.0,100.0,1990-2010,132_TX_132_2009_H1003_20260915164522.csv,TIME_MACHINE
2000,범위확인필요,음행매개,1.0,1.0,100.0,1990-2010,132_TX_132_2009_H1003_20260915164522.csv,TIME_MACHINE
2000,범위확인필요,음화등반포(판매·임대·전시·제조),19.0,23.0,121.1,1990-2010,132_TX_132_2009_H1003_20260915164522.csv,TIME_MACHINE
2000,범위확인필요,의료법,206.0,195.0,94.7,1990-2010,132_TX_132_2009_H1003_20260915164522.csv,TIME_MACHINE
2000,범위확인필요,의료보험법,1.0,1.0,100.0,1990-2010,132_TX_132_2009_H1003_20260915164522.csv,TIME_MACHINE
2000,범위확인필요,의장법,96.0,80.0,83.3,1990-2010,132_TX_132_2009_H1003_20260915164522.csv,TIME_MACHINE
2000,범위확인필요,인장업법,3.0,1.0,33.3,1990-2010,132_TX_132_2009_H1003_20260915164522.csv,TIME_MACHINE
2000,범위확인필요,인질강도,30.0,37.0,123.3,1990-2010,132_TX_132_2009_H1003_20260915164522.csv,TIME_MACHINE
2000,범위확인필요,일반(건조물등)방화,20.0,15.0,75.0,1990-2010,132_TX_132_2009_H1003_20260915164522.csv,TIME_MACHINE
2000,범위확인필요,일수와 수리에 관한 죄,,1.0,100.0,1990-2010,132_TX_132_2009_H1003_20260915164522.csv,TIME_MACHINE
2000,범위확인필요,자기소유(건조물등)방화,20.0,15.0,75.0,1990-2010,132_TX_132_2009_H1003_20260915164522.csv,TIME_MACHINE
2000,범위확인필요,자동차·선박등불법사용,47.0,49.0,104.3,1990-2010,132_TX_132_2009_H1003_20260915164522.csv,TIME_MACHINE
2000,범위확인필요,자동차관리법,9015.0,7286.0,80.8,1990-2010,132_TX_132_2009_H1003_20260915164522.csv,TIME_MACHINE
2000,범위확인필요,자동차운수사업법,8.0,7.0,87.5,1990-2010,132_TX_132_2009_H1003_20260915164522.csv,TIME_MACHINE
2000,범위확인필요,자연환경보전법,10.0,12.0,120.0,1990-2010,132_TX_132_2009_H1003_20260915164522.csv,TIME_MACHINE
2000,범위확인필요,장물에 관한죄,240.0,234.0,97.5,1990-2010,132_TX_132_2009_H1003_20260915164522.csv,TIME_MACHINE
2000,범위확인필요,저작권법,1144.0,779.0,68.1,1990-2010,132_TX_132_2009_H1003_20260915164522.csv,TIME_MACHINE
2000,범위확인필요,전투경찰대설치법,27.0,21.0,77.8,1990-2010,132_TX_132_2009_H1003_20260915164522.csv,TIME_MACHINE
2000,범위확인필요,절도,30817.0,8723.0,28.3,1990-2010,132_TX_132_2009_H1003_20260915164522.csv,TIME_MACHINE
2000,범위확인필요,절도범,36029.0,14125.0,39.2,1990-2010,132_TX_132_2009_H1003_20260915164522.csv,TIME_MACHINE
2000,범위확인필요,조세범처벌법,356.0,259.0,72.8,1990-2010,132_TX_132_2009_H1003_20260915164522.csv,TIME_MACHINE
2000,범위확인필요,조수보호 및 수렵에 관한 법률,10.0,10.0,100.0,1990-2010,132_TX_132_2009_H1003_20260915164522.csv,TIME_MACHINE
2000,범위확인필요,존속살해,8.0,8.0,100.0,1990-2010,132_TX_132_2009_H1003_20260915164522.csv,TIME_MACHINE
2000,범위확인필요,존속상해,154.0,154.0,100.0,1990-2010,132_TX_132_2009_H1003_20260915164522.csv,TIME_MACHINE
2000,범위확인필요,존속상해(상습),1.0,1.0,100.0,1990-2010,132_TX_132_2009_H1003_20260915164522.csv,TIME_MACHINE
2000,범위확인필요,존속상해치사,2.0,2.0,100.0,1990-2010,132_TX_132_2009_H1003_20260915164522.csv,TIME_MACHINE
2000,범위확인필요,존속체포감금,3.0,4.0,133.3,1990-2010,132_TX_132_2009_H1003_20260915164522.csv,TIME_MACHINE
2000,범위확인필요,존속체포감금치사상(중·특수·상습),1.0,1.0,100.0,1990-2010,132_TX_132_2009_H1003_20260915164522.csv,TIME_MACHINE
2000,범위확인필요,존속폭행,146.0,141.0,96.6,1990-2010,132_TX_132_2009_H1003_20260915164522.csv,TIME_MACHINE
2000,범위확인필요,존속폭행(상습),2.0,3.0,150.0,1990-2010,132_TX_132_2009_H1003_20260915164522.csv,TIME_MACHINE
2000,범위확인필요,존속폭행치사,1.0,1.0,100.0,1990-2010,132_TX_132_2009_H1003_20260915164522.csv,TIME_MACHINE
2000,범위확인필요,존속폭행치상,2.0,2.0,100.0,1990-2010,132_TX_132_2009_H1003_20260915164522.csv,TIME_MACHINE
2000,범위확인필요,존속협박,1.0,1.0,100.0,1990-2010,132_TX_132_2009_H1003_20260915164522.csv,TIME_MACHINE
2000,범위확인필요,존속협박(특수),1.0,1.0,100.0,1990-2010,132_TX_132_2009_H1003_20260915164522.csv,TIME_MACHINE
2000,범위확인필요,주거침입의 죄,491.0,459.0,93.5,1990-2010,132_TX_132_2009_H1003_20260915164522.csv,TIME_MACHINE
2000,범위확인필요,주민등록법,27.0,22.0,81.5,1990-2010,132_TX_132_2009_H1003_20260915164522.csv,TIME_MACHINE
2000,범위확인필요,주차장법,354.0,347.0,98.0,1990-2010,132_TX_132_2009_H1003_20260915164522.csv,TIME_MACHINE
2000,범위확인필요,준강간,48.0,51.0,106.3,1990-2010,132_TX_132_2009_H1003_20260915164522.csv,TIME_MACHINE
2000,범위확인필요,준강도,72.0,68.0,94.4,1990-2010,132_TX_132_2009_H1003_20260915164522.csv,TIME_MACHINE
2000,범위확인필요,준사기,7.0,6.0,85.7,1990-2010,132_TX_132_2009_H1003_20260915164522.csv,TIME_MACHINE
2000,범위확인필요,지능범,46219.0,40176.0,86.9,1990-2010,132_TX_132_2009_H1003_20260915164522.csv,TIME_MACHINE
2000,범위확인필요,직권남용(권리행사방해체포·감금),11.0,9.0,81.8,1990-2010,132_TX_132_2009_H1003_20260915164522.csv,TIME_MACHINE
2000,범위확인필요,직무유기·수행거부,44.0,39.0,88.6,1990-2010,132_TX_132_2009_H1003_20260915164522.csv,TIME_MACHINE
2000,범위확인필요,직업안정법,143.0,146.0,102.1,1990-2010,132_TX_132_2009_H1003_20260915164522.csv,TIME_MACHINE
2000,범위확인필요,집회 및 시위에 관한 법률,522.0,471.0,90.2,1990-2010,132_TX_132_2009_H1003_20260915164522.csv,TIME_MACHINE
2000,범위확인필요,철도법,18.0,17.0,94.4,1990-2010,132_TX_132_2009_H1003_20260915164522.csv,TIME_MACHINE
2000,범위확인필요,청소년보호법,4788.0,4818.0,100.6,1990-2010,132_TX_132_2009_H1003_20260915164522.csv,TIME_MACHINE
2000,범위확인필요,체포·감금치사·상(중·특수·상습),7.0,6.0,85.7,1990-2010,132_TX_132_2009_H1003_20260915164522.csv,TIME_MACHINE
2000,범위확인필요,체포감금,43.0,35.0,81.4,1990-2010,132_TX_132_2009_H1003_20260915164522.csv,TIME_MACHINE
2000,범위확인필요,체포감금(특수),,1.0,100.0,1990-2010,132_TX_132_2009_H1003_20260915164522.csv,TIME_MACHINE
2000,범위확인필요,촉탁·승락살인,1.0,1.0,100.0,1990-2010,132_TX_132_2009_H1003_20260915164522.csv,TIME_MACHINE
2000,범위확인필요,총범죄,370838.0,325294.0,87.7,1990-2010,132_TX_132_2009_H1003_20260915164522.csv,TIME_MACHINE
2000,범위확인필요,총포·도검·화약류단속법,67.0,69.0,103.0,1990-2010,132_TX_132_2009_H1003_20260915164522.csv,TIME_MACHINE
2000,범위확인필요,추행·간음·영리·약취유인,10.0,13.0,130.0,1990-2010,132_TX_132_2009_H1003_20260915164522.csv,TIME_MACHINE
2000,범위확인필요,축산물위생처리법,,1.0,100.0,1990-2010,132_TX_132_2009_H1003_20260915164522.csv,TIME_MACHINE
2000,범위확인필요,출입국관리법,35.0,33.0,94.3,1990-2010,132_TX_132_2009_H1003_20260915164522.csv,TIME_MACHINE
2000,범위확인필요,컴퓨터등사용사기,33.0,31.0,93.9,1990-2010,132_TX_132_2009_H1003_20260915164522.csv,TIME_MACHINE
2000,범위확인필요,컴퓨터프로그램보호법,149.0,114.0,76.5,1990-2010,132_TX_132_2009_H1003_20260915164522.csv,TIME_MACHINE
2000,범위확인필요,통화위(변)조,60.0,1.0,1.7,1990-2010,132_TX_132_2009_H1003_20260915164522.csv,TIME_MACHINE
2000,범위확인필요,특가법(간음유인),1.0,1.0,100.0,1990-2010,132_TX_132_2009_H1003_20260915164522.csv,TIME_MACHINE
2000,범위확인필요,특가법(감금),1.0,,0.0,1990-2010,132_TX_132_2009_H1003_20260915164522.csv,TIME_MACHINE
2000,범위확인필요,특가법(강도),21.0,21.0,100.0,1990-2010,132_TX_132_2009_H1003_20260915164522.csv,TIME_MACHINE
2000,범위확인필요,특가법(강도강간),3.0,6.0,200.0,1990-2010,132_TX_132_2009_H1003_20260915164522.csv,TIME_MACHINE
2000,범위확인필요,특가법(강도상해재범),,1.0,100.0,1990-2010,132_TX_132_2009_H1003_20260915164522.csv,TIME_MACHINE
2000,범위확인필요,특가법(관세),1.0,,0.0,1990-2010,132_TX_132_2009_H1003_20260915164522.csv,TIME_MACHINE
2000,범위확인필요,특가법(국외이송유인),1.0,1.0,100.0,1990-2010,132_TX_132_2009_H1003_20260915164522.csv,TIME_MACHINE
2000,범위확인필요,특가법(뇌물),21.0,15.0,71.4,1990-2010,132_TX_132_2009_H1003_20260915164522.csv,TIME_MACHINE
2000,범위확인필요,특가법(도주차량),3280.0,2183.0,66.6,1990-2010,132_TX_132_2009_H1003_20260915164522.csv,TIME_MACHINE
2000,범위확인필요,특가법(독직폭행),5.0,5.0,100.0,1990-2010,132_TX_132_2009_H1003_20260915164522.csv,TIME_MACHINE
2000,범위확인필요,특가법(미성년자약취),1.0,,0.0,1990-2010,132_TX_132_2009_H1003_20260915164522.csv,TIME_MACHINE
2000,범위확인필요,특가법(미성년자약취유인),1.0,2.0,200.0,1990-2010,132_TX_132_2009_H1003_20260915164522.csv,TIME_MACHINE
2000,범위확인필요,특가법(미성년자유인),1.0,1.0,100.0,1990-2010,132_TX_132_2009_H1003_20260915164522.csv,TIME_MACHINE
2000,범위확인필요,특가법(범죄단체조직),6.0,7.0,116.7,1990-2010,132_TX_132_2009_H1003_20260915164522.csv,TIME_MACHINE
2000,범위확인필요,특가법(보복범죄등),11.0,13.0,118.2,1990-2010,132_TX_132_2009_H1003_20260915164522.csv,TIME_MACHINE
2000,범위확인필요,특가법(알선수재),1.0,1.0,100.0,1990-2010,132_TX_132_2009_H1003_20260915164522.csv,TIME_MACHINE
2000,범위확인필요,특가법(영리약취·유인),1.0,1.0,100.0,1990-2010,132_TX_132_2009_H1003_20260915164522.csv,TIME_MACHINE
2000,범위확인필요,특가법(영리유인),1.0,3.0,300.0,1990-2010,132_TX_132_2009_H1003_20260915164522.csv,TIME_MACHINE
2000,범위확인필요,특가법(장물),4.0,4.0,100.0,1990-2010,132_TX_132_2009_H1003_20260915164522.csv,TIME_MACHINE
2000,범위확인필요,특가법(절도),1074.0,1307.0,121.7,1990-2010,132_TX_132_2009_H1003_20260915164522.csv,TIME_MACHINE
2000,범위확인필요,특가법(조세),2.0,3.0,150.0,1990-2010,132_TX_132_2009_H1003_20260915164522.csv,TIME_MACHINE
2000,범위확인필요,특가법(체포감금),,1.0,100.0,1990-2010,132_TX_132_2009_H1003_20260915164522.csv,TIME_MACHINE
2000,범위확인필요,특가법(통화위조),16.0,1.0,6.3,1990-2010,132_TX_132_2009_H1003_20260915164522.csv,TIME_MACHINE
2000,범위확인필요,특가법(특수강간),,1.0,100.0,1990-2010,132_TX_132_2009_H1003_20260915164522.csv,TIME_MACHINE
2000,범위확인필요,특경법(공갈),1.0,1.0,100.0,1990-2010,132_TX_132_2009_H1003_20260915164522.csv,TIME_MACHINE
2000,범위확인필요,특경법(배임),20.0,16.0,80.0,1990-2010,132_TX_132_2009_H1003_20260915164522.csv,TIME_MACHINE
2000,범위확인필요,특경법(사금융알선등),,1.0,100.0,1990-2010,132_TX_132_2009_H1003_20260915164522.csv,TIME_MACHINE
2000,범위확인필요,특경법(사기),136.0,134.0,98.5,1990-2010,132_TX_132_2009_H1003_20260915164522.csv,TIME_MACHINE
2000,범위확인필요,특경법(알선수재),1.0,2.0,200.0,1990-2010,132_TX_132_2009_H1003_20260915164522.csv,TIME_MACHINE
2000,범위확인필요,특경법(저축관련부당행위),1.0,,0.0,1990-2010,132_TX_132_2009_H1003_20260915164522.csv,TIME_MACHINE
2000,범위확인필요,특경법(증재등),1.0,,0.0,1990-2010,132_TX_132_2009_H1003_20260915164522.csv,TIME_MACHINE
2000,범위확인필요,특경법(횡령),41.0,35.0,85.4,1990-2010,132_TX_132_2009_H1003_20260915164522.csv,TIME_MACHINE
2000,범위확인필요,특별법범,175800.0,166393.0,94.6,1990-2010,132_TX_132_2009_H1003_20260915164522.csv,TIME_MACHINE
2000,범위확인필요,특수강도,304.0,274.0,90.1,1990-2010,132_TX_132_2009_H1003_20260915164522.csv,TIME_MACHINE
2000,범위확인필요,특수절도,3483.0,3463.0,99.4,1990-2010,132_TX_132_2009_H1003_20260915164522.csv,TIME_MACHINE
2000,범위확인필요,특수절도(상습),4.0,3.0,75.0,1990-2010,132_TX_132_2009_H1003_20260915164522.csv,TIME_MACHINE
2000,범위확인필요,특수폭행,11.0,12.0,109.1,1990-2010,132_TX_132_2009_H1003_20260915164522.csv,TIME_MACHINE
2000,범위확인필요,특허법,44.0,38.0,86.4,1990-2010,132_TX_132_2009_H1003_20260915164522.csv,TIME_MACHINE
2000,범위확인필요,편의시설부정이용,12.0,13.0,108.3,1990-2010,132_TX_132_2009_H1003_20260915164522.csv,TIME_MACHINE
2000,범위확인필요,폐기물관리법,430.0,455.0,105.8,1990-2010,132_TX_132_2009_H1003_20260915164522.csv,TIME_MACHINE
2000,범위확인필요,폭력범,96934.0,90227.0,93.1,1990-2010,132_TX_132_2009_H1003_20260915164522.csv,TIME_MACHINE
2000,범위확인필요,폭력행위등처벌에 관한 법률 위반,79816.0,75453.0,94.5,1990-2010,132_TX_132_2009_H1003_20260915164522.csv,TIME_MACHINE
2000,범위확인필요,폭발물파열(과실),1.0,1.0,100.0,1990-2010,132_TX_132_2009_H1003_20260915164522.csv,TIME_MACHINE
2000,범위확인필요,폭행,5823.0,5321.0,91.4,1990-2010,132_TX_132_2009_H1003_20260915164522.csv,TIME_MACHINE
2000,범위확인필요,폭행치사,30.0,31.0,103.3,1990-2010,132_TX_132_2009_H1003_20260915164522.csv,TIME_MACHINE
2000,범위확인필요,폭행치상,108.0,105.0,97.2,1990-2010,132_TX_132_2009_H1003_20260915164522.csv,TIME_MACHINE
2000,범위확인필요,풍속범,3525.0,3447.0,97.8,1990-2010,132_TX_132_2009_H1003_20260915164522.csv,TIME_MACHINE
2000,범위확인필요,풍속영업의 규제에 관한 법률,331.0,351.0,106.0,1990-2010,132_TX_132_2009_H1003_20260915164522.csv,TIME_MACHINE
2000,범위확인필요,피보호자(감호자)간음,4.0,4.0,100.0,1990-2010,132_TX_132_2009_H1003_20260915164522.csv,TIME_MACHINE
2000,범위확인필요,피약취자·피유인자·피매매자등,,1.0,100.0,1990-2010,132_TX_132_2009_H1003_20260915164522.csv,TIME_MACHINE
2000,범위확인필요,피의사실공표,1.0,1.0,100.0,1990-2010,132_TX_132_2009_H1003_20260915164522.csv,TIME_MACHINE
2000,범위확인필요,하천법,15.0,16.0,106.7,1990-2010,132_TX_132_2009_H1003_20260915164522.csv,TIME_MACHINE
2000,범위확인필요,학원의설립·운영에관한법률,77.0,76.0,98.7,1990-2010,132_TX_132_2009_H1003_20260915164522.csv,TIME_MACHINE
2000,범위확인필요,향정신성의 약품관리법,607.0,644.0,106.1,1990-2010,132_TX_132_2009_H1003_20260915164522.csv,TIME_MACHINE
2000,범위확인필요,향토예비군설치법,5783.0,4082.0,70.6,1990-2010,132_TX_132_2009_H1003_20260915164522.csv,TIME_MACHINE
2000,범위확인필요,허위감정·증거인멸은닉·증인은닉죄,15.0,16.0,106.7,1990-2010,132_TX_132_2009_H1003_20260915164522.csv,TIME_MACHINE
2000,범위확인필요,현주(현존)자동차방화,2.0,2.0,100.0,1990-2010,132_TX_132_2009_H1003_20260915164522.csv,TIME_MACHINE
2000,범위확인필요,현주·현존(건조물등)방화,171.0,151.0,88.3,1990-2010,132_TX_132_2009_H1003_20260915164522.csv,TIME_MACHINE
2000,범위확인필요,현주·현존(건조물등)방화치사,3.0,3.0,100.0,1990-2010,132_TX_132_2009_H1003_20260915164522.csv,TIME_MACHINE
2000,범위확인필요,현주·현존(건조물등)방화치상,4.0,3.0,75.0,1990-2010,132_TX_132_2009_H1003_20260915164522.csv,TIME_MACHINE
2000,범위확인필요,협박,284.0,239.0,84.2,1990-2010,132_TX_132_2009_H1003_20260915164522.csv,TIME_MACHINE
2000,범위확인필요,협박(상습),1.0,1.0,100.0,1990-2010,132_TX_132_2009_H1003_20260915164522.csv,TIME_MACHINE
2000,범위확인필요,협박(특수),3.0,4.0,133.3,1990-2010,132_TX_132_2009_H1003_20260915164522.csv,TIME_MACHINE
2000,범위확인필요,형법범,195038.0,158901.0,81.5,1990-2010,132_TX_132_2009_H1003_20260915164522.csv,TIME_MACHINE
2000,범위확인필요,혼인빙자간음,167.0,140.0,83.8,1990-2010,132_TX_132_2009_H1003_20260915164522.csv,TIME_MACHINE
2000,범위확인필요,화염병사용등의 처벌에 관한 법률,5.0,5.0,100.0,1990-2010,132_TX_132_2009_H1003_20260915164522.csv,TIME_MACHINE
2000,범위확인필요,환경보전법,1.0,,0.0,1990-2010,132_TX_132_2009_H1003_20260915164522.csv,TIME_MACHINE
2000,범위확인필요,횡령,2217.0,2002.0,90.3,1990-2010,132_TX_132_2009_H1003_20260915164522.csv,TIME_MACHINE
2001,범위확인필요,가스·전기·증기공급사용방해,2.0,2.0,100.0,1990-2010,132_TX_132_2009_H1003_20260915164522.csv,TIME_MACHINE
2001,범위확인필요,간통,884.0,812.0,91.9,1990-2010,132_TX_132_2009_H1003_20260915164522.csv,TIME_MACHINE
2001,범위확인필요,강간,1631.0,1465.0,89.8,1990-2010,132_TX_132_2009_H1003_20260915164522.csv,TIME_MACHINE
2001,범위확인필요,강간등상해,21.0,23.0,109.5,1990-2010,132_TX_132_2009_H1003_20260915164522.csv,TIME_MACHINE
2001,범위확인필요,강간치사(준),1.0,,0.0,1990-2010,132_TX_132_2009_H1003_20260915164522.csv,TIME_MACHINE
2001,범위확인필요,강간치상(준),262.0,270.0,103.1,1990-2010,132_TX_132_2009_H1003_20260915164522.csv,TIME_MACHINE
2001,범위확인필요,강도,1874.0,1412.0,75.3,1990-2010,132_TX_132_2009_H1003_20260915164522.csv,TIME_MACHINE
2001,범위확인필요,강도강간,147.0,68.0,46.3,1990-2010,132_TX_132_2009_H1003_20260915164522.csv,TIME_MACHINE
2001,범위확인필요,강도살인·치사,19.0,19.0,100.0,1990-2010,132_TX_132_2009_H1003_20260915164522.csv,TIME_MACHINE
2001,범위확인필요,강도상해·치상,532.0,526.0,98.9,1990-2010,132_TX_132_2009_H1003_20260915164522.csv,TIME_MACHINE
2001,범위확인필요,강력범,4022.0,3371.0,83.8,1990-2010,132_TX_132_2009_H1003_20260915164522.csv,TIME_MACHINE
2001,범위확인필요,강제추행(준),759.0,708.0,93.3,1990-2010,132_TX_132_2009_H1003_20260915164522.csv,TIME_MACHINE
2001,범위확인필요,강제추행치상(준),54.0,53.0,98.1,1990-2010,132_TX_132_2009_H1003_20260915164522.csv,TIME_MACHINE
2001,범위확인필요,건축법,1411.0,1418.0,100.5,1990-2010,132_TX_132_2009_H1003_20260915164522.csv,TIME_MACHINE
2001,범위확인필요,결혼약취유인,1.0,1.0,100.0,1990-2010,132_TX_132_2009_H1003_20260915164522.csv,TIME_MACHINE
2001,범위확인필요,경범죄처벌법,47.0,33.0,70.2,1990-2010,132_TX_132_2009_H1003_20260915164522.csv,TIME_MACHINE
2001,범위확인필요,계량법,1.0,,0.0,1990-2010,132_TX_132_2009_H1003_20260915164522.csv,TIME_MACHINE
2001,범위확인필요,고압가스안전관리법,4.0,4.0,100.0,1990-2010,132_TX_132_2009_H1003_20260915164522.csv,TIME_MACHINE
2001,범위확인필요,골재채취법,4.0,4.0,100.0,1990-2010,132_TX_132_2009_H1003_20260915164522.csv,TIME_MACHINE
2001,범위확인필요,공갈,245.0,227.0,92.7,1990-2010,132_TX_132_2009_H1003_20260915164522.csv,TIME_MACHINE
2001,범위확인필요,공무방해에 관한 죄,2649.0,2634.0,99.4,1990-2010,132_TX_132_2009_H1003_20260915164522.csv,TIME_MACHINE
2001,범위확인필요,공무상비밀누설,2.0,2.0,100.0,1990-2010,132_TX_132_2009_H1003_20260915164522.csv,TIME_MACHINE
2001,범위확인필요,공문서위조·변조,838.0,691.0,82.5,1990-2010,132_TX_132_2009_H1003_20260915164522.csv,TIME_MACHINE
2001,범위확인필요,공안을 해하는 죄,18.0,22.0,122.2,1990-2010,132_TX_132_2009_H1003_20260915164522.csv,TIME_MACHINE
2001,범위확인필요,공연법,4.0,3.0,75.0,1990-2010,132_TX_132_2009_H1003_20260915164522.csv,TIME_MACHINE
2001,범위확인필요,공연음란,32.0,31.0,100.0,1990-2010,132_TX_132_2009_H1003_20260915164522.csv,TIME_MACHINE
2001,범위확인필요,공인위조·부정사용행사,63.0,61.0,96.8,1990-2010,132_TX_132_2009_H1003_20260915164522.csv,TIME_MACHINE
2001,범위확인필요,공중위생법,57.0,54.0,94.7,1990-2010,132_TX_132_2009_H1003_20260915164522.csv,TIME_MACHINE
2001,범위확인필요,공직선거 및 선거부정방지법,32.0,22.0,68.8,1990-2010,132_TX_132_2009_H1003_20260915164522.csv,TIME_MACHINE
2001,범위확인필요,과실사상의 죄,734.0,697.0,95.0,1990-2010,132_TX_132_2009_H1003_20260915164522.csv,TIME_MACHINE
2001,범위확인필요,관세법,1.0,1.0,100.0,1990-2010,132_TX_132_2009_H1003_20260915164522.csv,TIME_MACHINE
2001,범위확인필요,교통 방해의 죄,76.0,73.0,96.1,1990-2010,132_TX_132_2009_H1003_20260915164522.csv,TIME_MACHINE
2001,범위확인필요,교통사고특례법,41146.0,41492.0,100.8,1990-2010,132_TX_132_2009_H1003_20260915164522.csv,TIME_MACHINE
2001,범위확인필요,국가보안법,27.0,15.0,55.6,1990-2010,132_TX_132_2009_H1003_20260915164522.csv,TIME_MACHINE
2001,범위확인필요,국기에 관한 죄,1.0,1.0,100.0,1990-2010,132_TX_132_2009_H1003_20260915164522.csv,TIME_MACHINE
2001,범위확인필요,국외이송약취유인,3.0,4.0,133.3,1990-2010,132_TX_132_2009_H1003_20260915164522.csv,TIME_MACHINE
2001,범위확인필요,권리행사를 방해하는 죄,596.0,563.0,94.5,1990-2010,132_TX_132_2009_H1003_20260915164522.csv,TIME_MACHINE
2001,범위확인필요,근로기준법,4.0,4.0,100.0,1990-2010,132_TX_132_2009_H1003_20260915164522.csv,TIME_MACHINE
2001,범위확인필요,기타통화에 관한 죄,15.0,6.0,40.0,1990-2010,132_TX_132_2009_H1003_20260915164522.csv,TIME_MACHINE
2001,범위확인필요,기타특별법,15401.0,15157.0,98.4,1990-2010,132_TX_132_2009_H1003_20260915164522.csv,TIME_MACHINE
2001,범위확인필요,기타형법범,9704.0,8515.0,87.7,1990-2010,132_TX_132_2009_H1003_20260915164522.csv,TIME_MACHINE
2001,범위확인필요,낙태의 죄,7.0,7.0,100.0,1990-2010,132_TX_132_2009_H1003_20260915164522.csv,TIME_MACHINE
2001,범위확인필요,농수산물 유통 및 가격안정에 관한 법률,1.0,1.0,100.0,1990-2010,132_TX_132_2009_H1003_20260915164522.csv,TIME_MACHINE
2001,범위확인필요,농지의 보전 및 이용에 관한 법률,1.0,1.0,100.0,1990-2010,132_TX_132_2009_H1003_20260915164522.csv,TIME_MACHINE
2001,범위확인필요,뇌물공여·약속·의사표시,32.0,30.0,93.8,1990-2010,132_TX_132_2009_H1003_20260915164522.csv,TIME_MACHINE
2001,범위확인필요,뇌물수수·요구·약속,17.0,16.0,94.1,1990-2010,132_TX_132_2009_H1003_20260915164522.csv,TIME_MACHINE
2001,범위확인필요,대기환경보전법,552.0,553.0,100.2,1990-2010,132_TX_132_2009_H1003_20260915164522.csv,TIME_MACHINE
2001,범위확인필요,대마관리법,144.0,234.0,162.5,1990-2010,132_TX_132_2009_H1003_20260915164522.csv,TIME_MACHINE
2001,범위확인필요,도교법(교통사고),81069.0,80092.0,98.8,1990-2010,132_TX_132_2009_H1003_20260915164522.csv,TIME_MACHINE
2001,범위확인필요,도로법,2377.0,2417.0,101.7,1990-2010,132_TX_132_2009_H1003_20260915164522.csv,TIME_MACHINE
2001,범위확인필요,도박,1968.0,1989.0,101.1,1990-2010,132_TX_132_2009_H1003_20260915164522.csv,TIME_MACHINE
2001,범위확인필요,도박개장,36.0,44.0,122.2,1990-2010,132_TX_132_2009_H1003_20260915164522.csv,TIME_MACHINE
2001,범위확인필요,도시가스사업법,5.0,4.0,80.0,1990-2010,132_TX_132_2009_H1003_20260915164522.csv,TIME_MACHINE
2001,범위확인필요,도시계획법,241.0,247.0,102.5,1990-2010,132_TX_132_2009_H1003_20260915164522.csv,TIME_MACHINE
2001,범위확인필요,도주와 도주원조죄,4.0,4.0,100.0,1990-2010,132_TX_132_2009_H1003_20260915164522.csv,TIME_MACHINE
2001,범위확인필요,독점규제 및 공정거래에 관한 법률,3.0,3.0,100.0,1990-2010,132_TX_132_2009_H1003_20260915164522.csv,TIME_MACHINE
2001,범위확인필요,독직폭행·가혹행위,12.0,10.0,83.3,1990-2010,132_TX_132_2009_H1003_20260915164522.csv,TIME_MACHINE
2001,범위확인필요,마약법,72.0,60.0,83.3,1990-2010,132_TX_132_2009_H1003_20260915164522.csv,TIME_MACHINE
2001,범위확인필요,매장 및 묘지등에 관한 법률,12.0,11.0,91.7,1990-2010,132_TX_132_2009_H1003_20260915164522.csv,TIME_MACHINE
2001,범위확인필요,명예에 관한 죄,1362.0,1207.0,88.6,1990-2010,132_TX_132_2009_H1003_20260915164522.csv,TIME_MACHINE
2001,범위확인필요,무고의 죄,538.0,500.0,92.9,1990-2010,132_TX_132_2009_H1003_20260915164522.csv,TIME_MACHINE
2001,범위확인필요,문화재보호법,5.0,7.0,140.0,1990-2010,132_TX_132_2009_H1003_20260915164522.csv,TIME_MACHINE
2001,범위확인필요,미성년자등간음·추행(심신미약자),10.0,10.0,100.0,1990-2010,132_TX_132_2009_H1003_20260915164522.csv,TIME_MACHINE
2001,범위확인필요,미성년자보호법,1.0,,0.0,1990-2010,132_TX_132_2009_H1003_20260915164522.csv,TIME_MACHINE
2001,범위확인필요,미성년자약취유인,14.0,12.0,85.7,1990-2010,132_TX_132_2009_H1003_20260915164522.csv,TIME_MACHINE
2001,범위확인필요,미성년자의 제강간(강제추행강간살인),25.0,21.0,84.0,1990-2010,132_TX_132_2009_H1003_20260915164522.csv,TIME_MACHINE
2001,범위확인필요,밀항단속법,16.0,14.0,87.5,1990-2010,132_TX_132_2009_H1003_20260915164522.csv,TIME_MACHINE
2001,범위확인필요,방문판매등에 관한 법률,195.0,192.0,98.5,1990-2010,132_TX_132_2009_H1003_20260915164522.csv,TIME_MACHINE
2001,범위확인필요,방화,314.0,263.0,83.8,1990-2010,132_TX_132_2009_H1003_20260915164522.csv,TIME_MACHINE
2001,범위확인필요,방화연소,26.0,5.0,19.2,1990-2010,132_TX_132_2009_H1003_20260915164522.csv,TIME_MACHINE
2001,범위확인필요,배임,508.0,467.0,91.9,1990-2010,132_TX_132_2009_H1003_20260915164522.csv,TIME_MACHINE
2001,범위확인필요,배임수재,13.0,14.0,107.7,1990-2010,132_TX_132_2009_H1003_20260915164522.csv,TIME_MACHINE
2001,범위확인필요,배임증재,3.0,1.0,33.3,1990-2010,132_TX_132_2009_H1003_20260915164522.csv,TIME_MACHINE
2001,범위확인필요,범인은닉·범인도피죄,44.0,48.0,109.1,1990-2010,132_TX_132_2009_H1003_20260915164522.csv,TIME_MACHINE
2001,범위확인필요,변호사법,126.0,115.0,91.3,1990-2010,132_TX_132_2009_H1003_20260915164522.csv,TIME_MACHINE
2001,범위확인필요,병역법,5105.0,4643.0,91.0,1990-2010,132_TX_132_2009_H1003_20260915164522.csv,TIME_MACHINE
2001,범위확인필요,보건범죄특조법(부정식품),14.0,12.0,85.7,1990-2010,132_TX_132_2009_H1003_20260915164522.csv,TIME_MACHINE
2001,범위확인필요,보건범죄특조법(부정의료업자),131.0,135.0,103.1,1990-2010,132_TX_132_2009_H1003_20260915164522.csv,TIME_MACHINE
2001,범위확인필요,보건범죄특조법(부정의약품),4.0,5.0,125.0,1990-2010,132_TX_132_2009_H1003_20260915164522.csv,TIME_MACHINE
2001,범위확인필요,복표발매(중개·취득),2.0,3.0,150.0,1990-2010,132_TX_132_2009_H1003_20260915164522.csv,TIME_MACHINE
2001,범위확인필요,부녀매매,24.0,46.0,191.7,1990-2010,132_TX_132_2009_H1003_20260915164522.csv,TIME_MACHINE
2001,범위확인필요,부당이득,17.0,15.0,88.2,1990-2010,132_TX_132_2009_H1003_20260915164522.csv,TIME_MACHINE
2001,범위확인필요,부동산중개업법,126.0,128.0,101.6,1990-2010,132_TX_132_2009_H1003_20260915164522.csv,TIME_MACHINE
2001,범위확인필요,부정경쟁방지법,55.0,38.0,69.1,1990-2010,132_TX_132_2009_H1003_20260915164522.csv,TIME_MACHINE
2001,범위확인필요,부정수표단속법,4842.0,3395.0,70.1,1990-2010,132_TX_132_2009_H1003_20260915164522.csv,TIME_MACHINE
2001,범위확인필요,비밀침해죄,4.0,4.0,100.0,1990-2010,132_TX_132_2009_H1003_20260915164522.csv,TIME_MACHINE
2001,범위확인필요,사기,37205.0,30898.0,83.0,1990-2010,132_TX_132_2009_H1003_20260915164522.csv,TIME_MACHINE
2001,범위확인필요,사기(상습),140.0,128.0,91.4,1990-2010,132_TX_132_2009_H1003_20260915164522.csv,TIME_MACHINE
2001,범위확인필요,사문서위조·변조,1607.0,1412.0,87.9,1990-2010,132_TX_132_2009_H1003_20260915164522.csv,TIME_MACHINE
2001,범위확인필요,사인등위조·부정사용행사,15.0,9.0,60.0,1990-2010,132_TX_132_2009_H1003_20260915164522.csv,TIME_MACHINE
2001,범위확인필요,사행행위등 규제 및 처벌특례법,11.0,16.0,145.5,1990-2010,132_TX_132_2009_H1003_20260915164522.csv,TIME_MACHINE
2001,범위확인필요,산림법,22.0,21.0,95.5,1990-2010,132_TX_132_2009_H1003_20260915164522.csv,TIME_MACHINE
2001,범위확인필요,산업안전보건법,6.0,6.0,100.0,1990-2010,132_TX_132_2009_H1003_20260915164522.csv,TIME_MACHINE
2001,범위확인필요,살인,203.0,231.0,113.8,1990-2010,132_TX_132_2009_H1003_20260915164522.csv,TIME_MACHINE
2001,범위확인필요,상법,9.0,9.0,100.0,1990-2010,132_TX_132_2009_H1003_20260915164522.csv,TIME_MACHINE
2001,범위확인필요,상습(특수·인질·해상강도),1.0,1.0,100.0,1990-2010,132_TX_132_2009_H1003_20260915164522.csv,TIME_MACHINE
2001,범위확인필요,상습도박,109.0,114.0,104.6,1990-2010,132_TX_132_2009_H1003_20260915164522.csv,TIME_MACHINE
2001,범위확인필요,상습절도,162.0,219.0,135.2,1990-2010,132_TX_132_2009_H1003_20260915164522.csv,TIME_MACHINE
2001,범위확인필요,상표법,637.0,634.0,99.5,1990-2010,132_TX_132_2009_H1003_20260915164522.csv,TIME_MACHINE
2001,범위확인필요,상해,7007.0,6853.0,97.8,1990-2010,132_TX_132_2009_H1003_20260915164522.csv,TIME_MACHINE
2001,범위확인필요,상해(중),8.0,9.0,112.5,1990-2010,132_TX_132_2009_H1003_20260915164522.csv,TIME_MACHINE
2001,범위확인필요,상해치사,26.0,23.0,88.5,1990-2010,132_TX_132_2009_H1003_20260915164522.csv,TIME_MACHINE
2001,범위확인필요,상호신용금고법,2.0,2.0,100.0,1990-2010,132_TX_132_2009_H1003_20260915164522.csv,TIME_MACHINE
2001,범위확인필요,성폭력범죄의 처벌 및 피해자보호에 관한 법,771.0,719.0,93.3,1990-2010,132_TX_132_2009_H1003_20260915164522.csv,TIME_MACHINE
2001,범위확인필요,소음·진동규제법,34.0,33.0,97.1,1990-2010,132_TX_132_2009_H1003_20260915164522.csv,TIME_MACHINE
2001,범위확인필요,손괴의죄,4460.0,1321.0,29.6,1990-2010,132_TX_132_2009_H1003_20260915164522.csv,TIME_MACHINE
2001,범위확인필요,수도법,14.0,15.0,107.1,1990-2010,132_TX_132_2009_H1003_20260915164522.csv,TIME_MACHINE
2001,범위확인필요,수산자원보호령,1.0,1.0,100.0,1990-2010,132_TX_132_2009_H1003_20260915164522.csv,TIME_MACHINE
2001,범위확인필요,수질환경보전법,201.0,203.0,101.0,1990-2010,132_TX_132_2009_H1003_20260915164522.csv,TIME_MACHINE
2001,범위확인필요,식품위생법,7034.0,7067.0,100.5,1990-2010,132_TX_132_2009_H1003_20260915164522.csv,TIME_MACHINE
2001,범위확인필요,신앙에 관한 죄,14.0,13.0,92.9,1990-2010,132_TX_132_2009_H1003_20260915164522.csv,TIME_MACHINE
2001,범위확인필요,신용·업무와 경매에 관한 죄,1199.0,1182.0,98.6,1990-2010,132_TX_132_2009_H1003_20260915164522.csv,TIME_MACHINE
2001,범위확인필요,실용신안법,83.0,76.0,91.6,1990-2010,132_TX_132_2009_H1003_20260915164522.csv,TIME_MACHINE
2001,범위확인필요,실화 및 업무상실화죄,1080.0,260.0,24.1,1990-2010,132_TX_132_2009_H1003_20260915164522.csv,TIME_MACHINE
2001,범위확인필요,아동복지법,16.0,14.0,87.5,1990-2010,132_TX_132_2009_H1003_20260915164522.csv,TIME_MACHINE
2001,범위확인필요,아편·몰핀에 관한 죄,1.0,1.0,100.0,1990-2010,132_TX_132_2009_H1003_20260915164522.csv,TIME_MACHINE
2001,범위확인필요,액화석유가스의 안전 및 사업관리법,166.0,171.0,103.0,1990-2010,132_TX_132_2009_H1003_20260915164522.csv,TIME_MACHINE
2001,범위확인필요,야간주거침입절도,611.0,631.0,103.3,1990-2010,132_TX_132_2009_H1003_20260915164522.csv,TIME_MACHINE
2001,범위확인필요,야간주거침입절도(상습),9.0,3.0,33.3,1990-2010,132_TX_132_2009_H1003_20260915164522.csv,TIME_MACHINE
2001,범위확인필요,약사법,552.0,547.0,99.1,1990-2010,132_TX_132_2009_H1003_20260915164522.csv,TIME_MACHINE
2001,범위확인필요,업무상과실폭발물파열(방출·유출),1.0,1.0,100.0,1990-2010,132_TX_132_2009_H1003_20260915164522.csv,TIME_MACHINE
2001,범위확인필요,업무상배임,360.0,338.0,93.9,1990-2010,132_TX_132_2009_H1003_20260915164522.csv,TIME_MACHINE
2001,범위확인필요,업무상횡령,1965.0,1714.0,87.2,1990-2010,132_TX_132_2009_H1003_20260915164522.csv,TIME_MACHINE
2001,범위확인필요,여권법,71.0,59.0,83.1,1990-2010,132_TX_132_2009_H1003_20260915164522.csv,TIME_MACHINE
2001,범위확인필요,여신전문금융업법위반,666.0,546.0,82.0,1990-2010,132_TX_132_2009_H1003_20260915164522.csv,TIME_MACHINE
2001,범위확인필요,영아살해,3.0,4.0,133.3,1990-2010,132_TX_132_2009_H1003_20260915164522.csv,TIME_MACHINE
2001,범위확인필요,오수·분뇨 및 축산폐수의 처리에 관한 법률,17.0,17.0,100.0,1990-2010,132_TX_132_2009_H1003_20260915164522.csv,TIME_MACHINE
2001,범위확인필요,외환관리법,3.0,3.0,100.0,1990-2010,132_TX_132_2009_H1003_20260915164522.csv,TIME_MACHINE
2001,범위확인필요,외환의 죄,1.0,1.0,100.0,1990-2010,132_TX_132_2009_H1003_20260915164522.csv,TIME_MACHINE
2001,범위확인필요,우표(인지)등위(변)조,2.0,1.0,50.0,1990-2010,132_TX_132_2009_H1003_20260915164522.csv,TIME_MACHINE
2001,범위확인필요,위계·위력·촉탁·승락살인,1.0,1.0,100.0,1990-2010,132_TX_132_2009_H1003_20260915164522.csv,TIME_MACHINE
2001,범위확인필요,위증죄,559.0,521.0,93.2,1990-2010,132_TX_132_2009_H1003_20260915164522.csv,TIME_MACHINE
2001,범위확인필요,유가증권위(변)조,395.0,297.0,75.2,1990-2010,132_TX_132_2009_H1003_20260915164522.csv,TIME_MACHINE
2001,범위확인필요,유기의 죄,60.0,24.0,40.0,1990-2010,132_TX_132_2009_H1003_20260915164522.csv,TIME_MACHINE
2001,범위확인필요,유실물 표류물 점유이탈물 매장물횡령,755.0,525.0,69.5,1990-2010,132_TX_132_2009_H1003_20260915164522.csv,TIME_MACHINE
2001,범위확인필요,유해화학물질관리법,336.0,339.0,100.9,1990-2010,132_TX_132_2009_H1003_20260915164522.csv,TIME_MACHINE
2001,범위확인필요,유해화학물질관리법(본드등),6.0,6.0,100.0,1990-2010,132_TX_132_2009_H1003_20260915164522.csv,TIME_MACHINE
2001,범위확인필요,윤락행위등방지법,1127.0,1248.0,110.7,1990-2010,132_TX_132_2009_H1003_20260915164522.csv,TIME_MACHINE
2001,범위확인필요,음반 및 비디오물에 관한 법률,24.0,25.0,104.2,1990-2010,132_TX_132_2009_H1003_20260915164522.csv,TIME_MACHINE
2001,범위확인필요,음용수에 관한 죄,7.0,7.0,100.0,1990-2010,132_TX_132_2009_H1003_20260915164522.csv,TIME_MACHINE
2001,범위확인필요,음행매개,1.0,1.0,100.0,1990-2010,132_TX_132_2009_H1003_20260915164522.csv,TIME_MACHINE
2001,범위확인필요,음화등반포(판매·임대·전시·제조),28.0,41.0,146.4,1990-2010,132_TX_132_2009_H1003_20260915164522.csv,TIME_MACHINE
2001,범위확인필요,의료법,269.0,266.0,98.9,1990-2010,132_TX_132_2009_H1003_20260915164522.csv,TIME_MACHINE
2001,범위확인필요,의장법,108.0,90.0,83.3,1990-2010,132_TX_132_2009_H1003_20260915164522.csv,TIME_MACHINE
2001,범위확인필요,인질강도,85.0,111.0,130.6,1990-2010,132_TX_132_2009_H1003_20260915164522.csv,TIME_MACHINE
2001,범위확인필요,인질강요,1.0,,0.0,1990-2010,132_TX_132_2009_H1003_20260915164522.csv,TIME_MACHINE
2001,범위확인필요,일반(건조물등)방화,34.0,29.0,85.3,1990-2010,132_TX_132_2009_H1003_20260915164522.csv,TIME_MACHINE
2001,범위확인필요,자기소유(건조물등)방화,17.0,11.0,64.7,1990-2010,132_TX_132_2009_H1003_20260915164522.csv,TIME_MACHINE
2001,범위확인필요,자동차·선박등불법사용,58.0,65.0,112.1,1990-2010,132_TX_132_2009_H1003_20260915164522.csv,TIME_MACHINE
2001,범위확인필요,자동차관리법,10416.0,8630.0,82.9,1990-2010,132_TX_132_2009_H1003_20260915164522.csv,TIME_MACHINE
2001,범위확인필요,자동차운수사업법,2.0,2.0,100.0,1990-2010,132_TX_132_2009_H1003_20260915164522.csv,TIME_MACHINE
2001,범위확인필요,자살교사·방조,2.0,2.0,100.0,1990-2010,132_TX_132_2009_H1003_20260915164522.csv,TIME_MACHINE
2001,범위확인필요,자연환경보전법,4.0,7.0,175.0,1990-2010,132_TX_132_2009_H1003_20260915164522.csv,TIME_MACHINE
2001,범위확인필요,장물에 관한죄,276.0,322.0,116.7,1990-2010,132_TX_132_2009_H1003_20260915164522.csv,TIME_MACHINE
2001,범위확인필요,저작권법,1031.0,662.0,64.2,1990-2010,132_TX_132_2009_H1003_20260915164522.csv,TIME_MACHINE
2001,범위확인필요,전투경찰대설치법,51.0,42.0,82.4,1990-2010,132_TX_132_2009_H1003_20260915164522.csv,TIME_MACHINE
2001,범위확인필요,절도,42551.0,14602.0,34.3,1990-2010,132_TX_132_2009_H1003_20260915164522.csv,TIME_MACHINE
2001,범위확인필요,절도범,52237.0,26914.0,51.5,1990-2010,132_TX_132_2009_H1003_20260915164522.csv,TIME_MACHINE
2001,범위확인필요,조세범처벌법,573.0,378.0,66.0,1990-2010,132_TX_132_2009_H1003_20260915164522.csv,TIME_MACHINE
2001,범위확인필요,조수보호 및 수렵에 관한 법률,12.0,11.0,91.7,1990-2010,132_TX_132_2009_H1003_20260915164522.csv,TIME_MACHINE
2001,범위확인필요,존속살해,9.0,9.0,100.0,1990-2010,132_TX_132_2009_H1003_20260915164522.csv,TIME_MACHINE
2001,범위확인필요,존속상해,132.0,132.0,100.0,1990-2010,132_TX_132_2009_H1003_20260915164522.csv,TIME_MACHINE
2001,범위확인필요,존속상해(상습),1.0,,0.0,1990-2010,132_TX_132_2009_H1003_20260915164522.csv,TIME_MACHINE
2001,범위확인필요,존속상해치사,2.0,2.0,100.0,1990-2010,132_TX_132_2009_H1003_20260915164522.csv,TIME_MACHINE
2001,범위확인필요,존속체포감금,4.0,4.0,100.0,1990-2010,132_TX_132_2009_H1003_20260915164522.csv,TIME_MACHINE
2001,범위확인필요,존속폭행,109.0,107.0,98.2,1990-2010,132_TX_132_2009_H1003_20260915164522.csv,TIME_MACHINE
2001,범위확인필요,존속폭행(상습),1.0,2.0,200.0,1990-2010,132_TX_132_2009_H1003_20260915164522.csv,TIME_MACHINE
2001,범위확인필요,존속협박,6.0,6.0,100.0,1990-2010,132_TX_132_2009_H1003_20260915164522.csv,TIME_MACHINE
2001,범위확인필요,존속협박(특수),1.0,1.0,100.0,1990-2010,132_TX_132_2009_H1003_20260915164522.csv,TIME_MACHINE
2001,범위확인필요,주거침입의 죄,451.0,399.0,88.5,1990-2010,132_TX_132_2009_H1003_20260915164522.csv,TIME_MACHINE
2001,범위확인필요,주민등록법,41.0,46.0,112.2,1990-2010,132_TX_132_2009_H1003_20260915164522.csv,TIME_MACHINE
2001,범위확인필요,주차장법,533.0,513.0,96.2,1990-2010,132_TX_132_2009_H1003_20260915164522.csv,TIME_MACHINE
2001,범위확인필요,준강간,43.0,42.0,97.7,1990-2010,132_TX_132_2009_H1003_20260915164522.csv,TIME_MACHINE
2001,범위확인필요,준강도,66.0,66.0,100.0,1990-2010,132_TX_132_2009_H1003_20260915164522.csv,TIME_MACHINE
2001,범위확인필요,준사기,12.0,10.0,83.3,1990-2010,132_TX_132_2009_H1003_20260915164522.csv,TIME_MACHINE
2001,범위확인필요,지능범,46593.0,38979.0,83.7,1990-2010,132_TX_132_2009_H1003_20260915164522.csv,TIME_MACHINE
2001,범위확인필요,직권남용(권리행사방해체포·감금),11.0,11.0,100.0,1990-2010,132_TX_132_2009_H1003_20260915164522.csv,TIME_MACHINE
2001,범위확인필요,직무유기·수행거부,44.0,41.0,93.2,1990-2010,132_TX_132_2009_H1003_20260915164522.csv,TIME_MACHINE
2001,범위확인필요,직업안정 및 고용촉진에 관한 법률,1.0,1.0,100.0,1990-2010,132_TX_132_2009_H1003_20260915164522.csv,TIME_MACHINE
2001,범위확인필요,직업안정법,194.0,199.0,102.6,1990-2010,132_TX_132_2009_H1003_20260915164522.csv,TIME_MACHINE
2001,범위확인필요,집회 및 시위에 관한 법률,379.0,392.0,103.4,1990-2010,132_TX_132_2009_H1003_20260915164522.csv,TIME_MACHINE
2001,범위확인필요,철도법,68.0,62.0,91.2,1990-2010,132_TX_132_2009_H1003_20260915164522.csv,TIME_MACHINE
2001,범위확인필요,청소년보호법,4889.0,4963.0,101.5,1990-2010,132_TX_132_2009_H1003_20260915164522.csv,TIME_MACHINE
2001,범위확인필요,체포·감금치사·상(중·특수·상습),1.0,2.0,200.0,1990-2010,132_TX_132_2009_H1003_20260915164522.csv,TIME_MACHINE
2001,범위확인필요,체포감금,37.0,33.0,89.2,1990-2010,132_TX_132_2009_H1003_20260915164522.csv,TIME_MACHINE
2001,범위확인필요,체포감금(특수),3.0,3.0,100.0,1990-2010,132_TX_132_2009_H1003_20260915164522.csv,TIME_MACHINE
2001,범위확인필요,촉탁·승락살인,1.0,1.0,100.0,1990-2010,132_TX_132_2009_H1003_20260915164522.csv,TIME_MACHINE
2001,범위확인필요,총범죄,410054.0,357238.0,87.1,1990-2010,132_TX_132_2009_H1003_20260915164522.csv,TIME_MACHINE
2001,범위확인필요,총포·도검·화약류단속법,57.0,60.0,105.3,1990-2010,132_TX_132_2009_H1003_20260915164522.csv,TIME_MACHINE
2001,범위확인필요,추행·간음·영리·약취유인,31.0,47.0,151.6,1990-2010,132_TX_132_2009_H1003_20260915164522.csv,TIME_MACHINE
2001,범위확인필요,출입국관리법,91.0,77.0,84.6,1990-2010,132_TX_132_2009_H1003_20260915164522.csv,TIME_MACHINE
2001,범위확인필요,컴퓨터등사용사기,40.0,32.0,80.0,1990-2010,132_TX_132_2009_H1003_20260915164522.csv,TIME_MACHINE
2001,범위확인필요,컴퓨터프로그램보호법,325.0,284.0,87.4,1990-2010,132_TX_132_2009_H1003_20260915164522.csv,TIME_MACHINE
2001,범위확인필요,토지수용법,2.0,2.0,100.0,1990-2010,132_TX_132_2009_H1003_20260915164522.csv,TIME_MACHINE
2001,범위확인필요,통화위(변)조,97.0,1.0,1.0,1990-2010,132_TX_132_2009_H1003_20260915164522.csv,TIME_MACHINE
2001,범위확인필요,특가법(간음유인),6.0,6.0,100.0,1990-2010,132_TX_132_2009_H1003_20260915164522.csv,TIME_MACHINE
2001,범위확인필요,특가법(강도),43.0,93.0,216.3,1990-2010,132_TX_132_2009_H1003_20260915164522.csv,TIME_MACHINE
2001,범위확인필요,특가법(강도강간),4.0,6.0,150.0,1990-2010,132_TX_132_2009_H1003_20260915164522.csv,TIME_MACHINE
2001,범위확인필요,특가법(강도상해재범),,1.0,100.0,1990-2010,132_TX_132_2009_H1003_20260915164522.csv,TIME_MACHINE
2001,범위확인필요,특가법(관세),,1.0,100.0,1990-2010,132_TX_132_2009_H1003_20260915164522.csv,TIME_MACHINE
2001,범위확인필요,특가법(국고손실),1.0,,0.0,1990-2010,132_TX_132_2009_H1003_20260915164522.csv,TIME_MACHINE
2001,범위확인필요,특가법(국외이송유인),1.0,,0.0,1990-2010,132_TX_132_2009_H1003_20260915164522.csv,TIME_MACHINE
2001,범위확인필요,특가법(뇌물),6.0,4.0,66.7,1990-2010,132_TX_132_2009_H1003_20260915164522.csv,TIME_MACHINE
2001,범위확인필요,특가법(도주차량),2911.0,1876.0,64.4,1990-2010,132_TX_132_2009_H1003_20260915164522.csv,TIME_MACHINE
2001,범위확인필요,특가법(독직폭행),1.0,1.0,100.0,1990-2010,132_TX_132_2009_H1003_20260915164522.csv,TIME_MACHINE
2001,범위확인필요,특가법(범죄단체조직),,4.0,400.0,1990-2010,132_TX_132_2009_H1003_20260915164522.csv,TIME_MACHINE
2001,범위확인필요,특가법(보복범죄등),11.0,14.0,127.3,1990-2010,132_TX_132_2009_H1003_20260915164522.csv,TIME_MACHINE
2001,범위확인필요,특가법(알선수재),1.0,1.0,100.0,1990-2010,132_TX_132_2009_H1003_20260915164522.csv,TIME_MACHINE
2001,범위확인필요,특가법(영리약취),1.0,1.0,100.0,1990-2010,132_TX_132_2009_H1003_20260915164522.csv,TIME_MACHINE
2001,범위확인필요,특가법(영리약취·유인),2.0,3.0,150.0,1990-2010,132_TX_132_2009_H1003_20260915164522.csv,TIME_MACHINE
2001,범위확인필요,특가법(영리유인),3.0,5.0,166.7,1990-2010,132_TX_132_2009_H1003_20260915164522.csv,TIME_MACHINE
2001,범위확인필요,특가법(장물),2.0,6.0,300.0,1990-2010,132_TX_132_2009_H1003_20260915164522.csv,TIME_MACHINE
2001,범위확인필요,특가법(절도),3808.0,5488.0,144.1,1990-2010,132_TX_132_2009_H1003_20260915164522.csv,TIME_MACHINE
2001,범위확인필요,특가법(조세),4.0,2.0,50.0,1990-2010,132_TX_132_2009_H1003_20260915164522.csv,TIME_MACHINE
2001,범위확인필요,특가법(통화위조),20.0,3.0,15.0,1990-2010,132_TX_132_2009_H1003_20260915164522.csv,TIME_MACHINE
2001,범위확인필요,특경법(공갈),1.0,,0.0,1990-2010,132_TX_132_2009_H1003_20260915164522.csv,TIME_MACHINE
2001,범위확인필요,특경법(배임),29.0,31.0,106.9,1990-2010,132_TX_132_2009_H1003_20260915164522.csv,TIME_MACHINE
2001,범위확인필요,특경법(사금융알선등),1.0,1.0,100.0,1990-2010,132_TX_132_2009_H1003_20260915164522.csv,TIME_MACHINE
2001,범위확인필요,특경법(사기),182.0,185.0,101.6,1990-2010,132_TX_132_2009_H1003_20260915164522.csv,TIME_MACHINE
2001,범위확인필요,특경법(수재등),1.0,1.0,100.0,1990-2010,132_TX_132_2009_H1003_20260915164522.csv,TIME_MACHINE
2001,범위확인필요,특경법(알선수재),1.0,1.0,100.0,1990-2010,132_TX_132_2009_H1003_20260915164522.csv,TIME_MACHINE
2001,범위확인필요,특경법(횡령),38.0,42.0,110.5,1990-2010,132_TX_132_2009_H1003_20260915164522.csv,TIME_MACHINE
2001,범위확인필요,특별법범,195267.0,187582.0,96.1,1990-2010,132_TX_132_2009_H1003_20260915164522.csv,TIME_MACHINE
2001,범위확인필요,특수강도,331.0,322.0,97.3,1990-2010,132_TX_132_2009_H1003_20260915164522.csv,TIME_MACHINE
2001,범위확인필요,특수절도,4993.0,5856.0,117.3,1990-2010,132_TX_132_2009_H1003_20260915164522.csv,TIME_MACHINE
2001,범위확인필요,특수절도(상습),45.0,50.0,111.1,1990-2010,132_TX_132_2009_H1003_20260915164522.csv,TIME_MACHINE
2001,범위확인필요,특수폭행,4.0,3.0,75.0,1990-2010,132_TX_132_2009_H1003_20260915164522.csv,TIME_MACHINE
2001,범위확인필요,특허법,62.0,57.0,91.9,1990-2010,132_TX_132_2009_H1003_20260915164522.csv,TIME_MACHINE
2001,범위확인필요,편의시설부정이용,17.0,19.0,111.8,1990-2010,132_TX_132_2009_H1003_20260915164522.csv,TIME_MACHINE
2001,범위확인필요,폐기물관리법,359.0,373.0,103.9,1990-2010,132_TX_132_2009_H1003_20260915164522.csv,TIME_MACHINE
2001,범위확인필요,폭력범,98983.0,88688.0,89.6,1990-2010,132_TX_132_2009_H1003_20260915164522.csv,TIME_MACHINE
2001,범위확인필요,폭력행위등처벌에 관한 법률 위반,80662.0,74168.0,91.9,1990-2010,132_TX_132_2009_H1003_20260915164522.csv,TIME_MACHINE
2001,범위확인필요,폭발물에 관한 죄,4.0,3.0,75.0,1990-2010,132_TX_132_2009_H1003_20260915164522.csv,TIME_MACHINE
2001,범위확인필요,폭발물파열(과실),2.0,2.0,100.0,1990-2010,132_TX_132_2009_H1003_20260915164522.csv,TIME_MACHINE
2001,범위확인필요,폭행,5717.0,5258.0,92.0,1990-2010,132_TX_132_2009_H1003_20260915164522.csv,TIME_MACHINE
2001,범위확인필요,폭행치사,19.0,16.0,84.2,1990-2010,132_TX_132_2009_H1003_20260915164522.csv,TIME_MACHINE
2001,범위확인필요,폭행치상,126.0,128.0,101.6,1990-2010,132_TX_132_2009_H1003_20260915164522.csv,TIME_MACHINE
2001,범위확인필요,폭행치상(특수),1.0,1.0,100.0,1990-2010,132_TX_132_2009_H1003_20260915164522.csv,TIME_MACHINE
2001,범위확인필요,풍속범,3248.0,3189.0,98.2,1990-2010,132_TX_132_2009_H1003_20260915164522.csv,TIME_MACHINE
2001,범위확인필요,풍속영업의 규제에 관한 법률,342.0,355.0,103.8,1990-2010,132_TX_132_2009_H1003_20260915164522.csv,TIME_MACHINE
2001,범위확인필요,피보호자(감호자)간음,1.0,2.0,200.0,1990-2010,132_TX_132_2009_H1003_20260915164522.csv,TIME_MACHINE
2001,범위확인필요,피약취자·피유인자·피매매자등,1.0,1.0,100.0,1990-2010,132_TX_132_2009_H1003_20260915164522.csv,TIME_MACHINE
2001,범위확인필요,피의사실공표,1.0,1.0,100.0,1990-2010,132_TX_132_2009_H1003_20260915164522.csv,TIME_MACHINE
2001,범위확인필요,하수도법,1.0,1.0,100.0,1990-2010,132_TX_132_2009_H1003_20260915164522.csv,TIME_MACHINE
2001,범위확인필요,하천법,14.0,14.0,100.0,1990-2010,132_TX_132_2009_H1003_20260915164522.csv,TIME_MACHINE
2001,범위확인필요,학원의설립·운영에관한법률,31.0,30.0,96.8,1990-2010,132_TX_132_2009_H1003_20260915164522.csv,TIME_MACHINE
2001,범위확인필요,향정신성의 약품관리법,506.0,683.0,135.0,1990-2010,132_TX_132_2009_H1003_20260915164522.csv,TIME_MACHINE
2001,범위확인필요,향토예비군설치법,6920.0,5184.0,74.9,1990-2010,132_TX_132_2009_H1003_20260915164522.csv,TIME_MACHINE
2001,범위확인필요,허위감정·증거인멸은닉·증인은닉죄,16.0,16.0,100.0,1990-2010,132_TX_132_2009_H1003_20260915164522.csv,TIME_MACHINE
2001,범위확인필요,현주(현존)자동차방화,15.0,13.0,86.7,1990-2010,132_TX_132_2009_H1003_20260915164522.csv,TIME_MACHINE
2001,범위확인필요,현주·현존(건조물등)방화,208.0,190.0,91.3,1990-2010,132_TX_132_2009_H1003_20260915164522.csv,TIME_MACHINE
2001,범위확인필요,현주·현존(건조물등)방화치사,4.0,4.0,100.0,1990-2010,132_TX_132_2009_H1003_20260915164522.csv,TIME_MACHINE
2001,범위확인필요,현주·현존(건조물등)방화치상,5.0,6.0,120.0,1990-2010,132_TX_132_2009_H1003_20260915164522.csv,TIME_MACHINE
2001,범위확인필요,협박,320.0,259.0,80.9,1990-2010,132_TX_132_2009_H1003_20260915164522.csv,TIME_MACHINE
2001,범위확인필요,협박(특수),3.0,4.0,133.3,1990-2010,132_TX_132_2009_H1003_20260915164522.csv,TIME_MACHINE
2001,범위확인필요,형법범,214787.0,169656.0,79.0,1990-2010,132_TX_132_2009_H1003_20260915164522.csv,TIME_MACHINE
2001,범위확인필요,형시효등에 관한 법률,1.0,1.0,100.0,1990-2010,132_TX_132_2009_H1003_20260915164522.csv,TIME_MACHINE
2001,범위확인필요,혼인빙자간음,187.0,152.0,81.3,1990-2010,132_TX_132_2009_H1003_20260915164522.csv,TIME_MACHINE
2001,범위확인필요,혼인빙자간음(위계간음),1.0,1.0,100.0,1990-2010,132_TX_132_2009_H1003_20260915164522.csv,TIME_MACHINE
2001,범위확인필요,화염병사용등의 처벌에 관한 법률,12.0,7.0,58.3,1990-2010,132_TX_132_2009_H1003_20260915164522.csv,TIME_MACHINE
2001,범위확인필요,환경보전법,,1.0,100.0,1990-2010,132_TX_132_2009_H1003_20260915164522.csv,TIME_MACHINE
2001,범위확인필요,횡령,2128.0,1960.0,92.1,1990-2010,132_TX_132_2009_H1003_20260915164522.csv,TIME_MACHINE
2002,범위확인필요,가스·전기·증기공급사용방해,1.0,,0.0,1990-2010,132_TX_132_2009_H1003_20260915164522.csv,TIME_MACHINE
2002,범위확인필요,가스등방류(유출·살포),1.0,1.0,100.0,1990-2010,132_TX_132_2009_H1003_20260915164522.csv,TIME_MACHINE
2002,범위확인필요,간통,768.0,708.0,92.2,1990-2010,132_TX_132_2009_H1003_20260915164522.csv,TIME_MACHINE
2002,범위확인필요,강간,1481.0,1342.0,90.6,1990-2010,132_TX_132_2009_H1003_20260915164522.csv,TIME_MACHINE
2002,범위확인필요,강간등상해,16.0,20.0,125.0,1990-2010,132_TX_132_2009_H1003_20260915164522.csv,TIME_MACHINE
2002,범위확인필요,강간치상(준),223.0,222.0,99.6,1990-2010,132_TX_132_2009_H1003_20260915164522.csv,TIME_MACHINE
2002,범위확인필요,강도,2134.0,2013.0,94.3,1990-2010,132_TX_132_2009_H1003_20260915164522.csv,TIME_MACHINE
2002,범위확인필요,강도강간,110.0,74.0,67.3,1990-2010,132_TX_132_2009_H1003_20260915164522.csv,TIME_MACHINE
2002,범위확인필요,강도살인·치사,34.0,46.0,135.3,1990-2010,132_TX_132_2009_H1003_20260915164522.csv,TIME_MACHINE
2002,범위확인필요,강도상해·치상,534.0,576.0,107.9,1990-2010,132_TX_132_2009_H1003_20260915164522.csv,TIME_MACHINE
2002,범위확인필요,강력범,4078.0,3818.0,93.6,1990-2010,132_TX_132_2009_H1003_20260915164522.csv,TIME_MACHINE
2002,범위확인필요,강제추행(준),759.0,702.0,92.5,1990-2010,132_TX_132_2009_H1003_20260915164522.csv,TIME_MACHINE
2002,범위확인필요,강제추행치상(준),38.0,41.0,107.9,1990-2010,132_TX_132_2009_H1003_20260915164522.csv,TIME_MACHINE
2002,범위확인필요,건설업법,1.0,,0.0,1990-2010,132_TX_132_2009_H1003_20260915164522.csv,TIME_MACHINE
2002,범위확인필요,건축법,1896.0,1901.0,100.3,1990-2010,132_TX_132_2009_H1003_20260915164522.csv,TIME_MACHINE
2002,범위확인필요,경범죄처벌법,28.0,31.0,110.7,1990-2010,132_TX_132_2009_H1003_20260915164522.csv,TIME_MACHINE
2002,범위확인필요,고압가스안전관리법,14.0,14.0,100.0,1990-2010,132_TX_132_2009_H1003_20260915164522.csv,TIME_MACHINE
2002,범위확인필요,공갈,226.0,201.0,88.9,1990-2010,132_TX_132_2009_H1003_20260915164522.csv,TIME_MACHINE
2002,범위확인필요,공무방해에 관한 죄,2701.0,2667.0,98.7,1990-2010,132_TX_132_2009_H1003_20260915164522.csv,TIME_MACHINE
2002,범위확인필요,공무상비밀누설,3.0,2.0,66.7,1990-2010,132_TX_132_2009_H1003_20260915164522.csv,TIME_MACHINE
2002,범위확인필요,공문서위조·변조,838.0,695.0,82.9,1990-2010,132_TX_132_2009_H1003_20260915164522.csv,TIME_MACHINE
2002,범위확인필요,공안을 해하는 죄,16.0,16.0,100.0,1990-2010,132_TX_132_2009_H1003_20260915164522.csv,TIME_MACHINE
2002,범위확인필요,공연음란,15.0,14.0,93.3,1990-2010,132_TX_132_2009_H1003_20260915164522.csv,TIME_MACHINE
2002,범위확인필요,공인위조·부정사용행사,48.0,47.0,97.9,1990-2010,132_TX_132_2009_H1003_20260915164522.csv,TIME_MACHINE
2002,범위확인필요,공중위생법,54.0,45.0,83.3,1990-2010,132_TX_132_2009_H1003_20260915164522.csv,TIME_MACHINE
2002,범위확인필요,공직선거 및 선거부정방지법,452.0,428.0,94.7,1990-2010,132_TX_132_2009_H1003_20260915164522.csv,TIME_MACHINE
2002,범위확인필요,과실사상의 죄,662.0,655.0,98.9,1990-2010,132_TX_132_2009_H1003_20260915164522.csv,TIME_MACHINE
2002,범위확인필요,관세법,3.0,2.0,66.7,1990-2010,132_TX_132_2009_H1003_20260915164522.csv,TIME_MACHINE
2002,범위확인필요,교통 방해의 죄,55.0,56.0,101.8,1990-2010,132_TX_132_2009_H1003_20260915164522.csv,TIME_MACHINE
2002,범위확인필요,교통사고특례법,36725.0,36693.0,99.9,1990-2010,132_TX_132_2009_H1003_20260915164522.csv,TIME_MACHINE
2002,범위확인필요,국가보안법,17.0,6.0,35.3,1990-2010,132_TX_132_2009_H1003_20260915164522.csv,TIME_MACHINE
2002,범위확인필요,국외이송약취유인,2.0,3.0,150.0,1990-2010,132_TX_132_2009_H1003_20260915164522.csv,TIME_MACHINE
2002,범위확인필요,권리행사를 방해하는 죄,476.0,447.0,93.9,1990-2010,132_TX_132_2009_H1003_20260915164522.csv,TIME_MACHINE
2002,범위확인필요,근로기준법,5.0,3.0,60.0,1990-2010,132_TX_132_2009_H1003_20260915164522.csv,TIME_MACHINE
2002,범위확인필요,기타통화에 관한 죄,8.0,4.0,50.0,1990-2010,132_TX_132_2009_H1003_20260915164522.csv,TIME_MACHINE
2002,범위확인필요,기타특별법,13837.0,13034.0,94.2,1990-2010,132_TX_132_2009_H1003_20260915164522.csv,TIME_MACHINE
2002,범위확인필요,기타형법범,9125.0,8091.0,88.7,1990-2010,132_TX_132_2009_H1003_20260915164522.csv,TIME_MACHINE
2002,범위확인필요,낙태의 죄,4.0,3.0,75.0,1990-2010,132_TX_132_2009_H1003_20260915164522.csv,TIME_MACHINE
2002,범위확인필요,농수산물 유통 및 가격안정에 관한 법률,1.0,1.0,100.0,1990-2010,132_TX_132_2009_H1003_20260915164522.csv,TIME_MACHINE
2002,범위확인필요,뇌물공여·약속·의사표시,23.0,23.0,100.0,1990-2010,132_TX_132_2009_H1003_20260915164522.csv,TIME_MACHINE
2002,범위확인필요,뇌물수수·요구·약속,7.0,9.0,128.6,1990-2010,132_TX_132_2009_H1003_20260915164522.csv,TIME_MACHINE
2002,범위확인필요,대기환경보전법,181.0,181.0,100.0,1990-2010,132_TX_132_2009_H1003_20260915164522.csv,TIME_MACHINE
2002,범위확인필요,대마관리법,221.0,272.0,123.1,1990-2010,132_TX_132_2009_H1003_20260915164522.csv,TIME_MACHINE
2002,범위확인필요,도교법(교통사고),69697.0,69526.0,99.8,1990-2010,132_TX_132_2009_H1003_20260915164522.csv,TIME_MACHINE
2002,범위확인필요,도로법,3008.0,3052.0,101.5,1990-2010,132_TX_132_2009_H1003_20260915164522.csv,TIME_MACHINE
2002,범위확인필요,도박,1798.0,1819.0,101.2,1990-2010,132_TX_132_2009_H1003_20260915164522.csv,TIME_MACHINE
2002,범위확인필요,도박개장,37.0,29.0,78.4,1990-2010,132_TX_132_2009_H1003_20260915164522.csv,TIME_MACHINE
2002,범위확인필요,도시가스사업법,11.0,12.0,109.1,1990-2010,132_TX_132_2009_H1003_20260915164522.csv,TIME_MACHINE
2002,범위확인필요,도시계획법,208.0,220.0,105.8,1990-2010,132_TX_132_2009_H1003_20260915164522.csv,TIME_MACHINE
2002,범위확인필요,도주와 도주원조죄,3.0,3.0,100.0,1990-2010,132_TX_132_2009_H1003_20260915164522.csv,TIME_MACHINE
2002,범위확인필요,독점규제 및 공정거래에 관한 법률,2.0,2.0,100.0,1990-2010,132_TX_132_2009_H1003_20260915164522.csv,TIME_MACHINE
2002,범위확인필요,독직폭행·가혹행위,4.0,4.0,100.0,1990-2010,132_TX_132_2009_H1003_20260915164522.csv,TIME_MACHINE
2002,범위확인필요,마약법,85.0,91.0,107.1,1990-2010,132_TX_132_2009_H1003_20260915164522.csv,TIME_MACHINE
2002,범위확인필요,매장 및 묘지등에 관한 법률,5.0,5.0,100.0,1990-2010,132_TX_132_2009_H1003_20260915164522.csv,TIME_MACHINE
2002,범위확인필요,명예에 관한 죄,1285.0,1144.0,89.0,1990-2010,132_TX_132_2009_H1003_20260915164522.csv,TIME_MACHINE
2002,범위확인필요,무고의 죄,472.0,422.0,89.4,1990-2010,132_TX_132_2009_H1003_20260915164522.csv,TIME_MACHINE
2002,범위확인필요,문화재보호법,3.0,6.0,200.0,1990-2010,132_TX_132_2009_H1003_20260915164522.csv,TIME_MACHINE
2002,범위확인필요,미성년자등간음·추행(심신미약자),14.0,11.0,78.6,1990-2010,132_TX_132_2009_H1003_20260915164522.csv,TIME_MACHINE
2002,범위확인필요,미성년자보호법,,1.0,100.0,1990-2010,132_TX_132_2009_H1003_20260915164522.csv,TIME_MACHINE
2002,범위확인필요,미성년자약취유인,17.0,22.0,129.4,1990-2010,132_TX_132_2009_H1003_20260915164522.csv,TIME_MACHINE
2002,범위확인필요,미성년자의 제강간(강제추행강간살인),10.0,10.0,100.0,1990-2010,132_TX_132_2009_H1003_20260915164522.csv,TIME_MACHINE
2002,범위확인필요,밀항단속법,2.0,1.0,50.0,1990-2010,132_TX_132_2009_H1003_20260915164522.csv,TIME_MACHINE
2002,범위확인필요,방문판매등에 관한 법률,195.0,192.0,98.5,1990-2010,132_TX_132_2009_H1003_20260915164522.csv,TIME_MACHINE
2002,범위확인필요,방화,294.0,268.0,91.2,1990-2010,132_TX_132_2009_H1003_20260915164522.csv,TIME_MACHINE
2002,범위확인필요,방화연소,16.0,4.0,25.0,1990-2010,132_TX_132_2009_H1003_20260915164522.csv,TIME_MACHINE
2002,범위확인필요,배임,446.0,406.0,91.0,1990-2010,132_TX_132_2009_H1003_20260915164522.csv,TIME_MACHINE
2002,범위확인필요,배임수재,19.0,18.0,94.7,1990-2010,132_TX_132_2009_H1003_20260915164522.csv,TIME_MACHINE
2002,범위확인필요,배임증재,2.0,2.0,100.0,1990-2010,132_TX_132_2009_H1003_20260915164522.csv,TIME_MACHINE
2002,범위확인필요,범인은닉·범인도피죄,48.0,44.0,91.7,1990-2010,132_TX_132_2009_H1003_20260915164522.csv,TIME_MACHINE
2002,범위확인필요,변호사법,102.0,93.0,91.2,1990-2010,132_TX_132_2009_H1003_20260915164522.csv,TIME_MACHINE
2002,범위확인필요,병역법,5326.0,4856.0,91.2,1990-2010,132_TX_132_2009_H1003_20260915164522.csv,TIME_MACHINE
2002,범위확인필요,보건범죄특조법(부정식품),9.0,6.0,66.7,1990-2010,132_TX_132_2009_H1003_20260915164522.csv,TIME_MACHINE
2002,범위확인필요,보건범죄특조법(부정의료업자),67.0,68.0,101.5,1990-2010,132_TX_132_2009_H1003_20260915164522.csv,TIME_MACHINE
2002,범위확인필요,보건범죄특조법(부정의약품),3.0,4.0,133.3,1990-2010,132_TX_132_2009_H1003_20260915164522.csv,TIME_MACHINE
2002,범위확인필요,복표발매(중개·취득),1.0,1.0,100.0,1990-2010,132_TX_132_2009_H1003_20260915164522.csv,TIME_MACHINE
2002,범위확인필요,부녀매매,18.0,21.0,116.7,1990-2010,132_TX_132_2009_H1003_20260915164522.csv,TIME_MACHINE
2002,범위확인필요,부당이득,16.0,14.0,87.5,1990-2010,132_TX_132_2009_H1003_20260915164522.csv,TIME_MACHINE
2002,범위확인필요,부동산중개업법,211.0,209.0,99.1,1990-2010,132_TX_132_2009_H1003_20260915164522.csv,TIME_MACHINE
2002,범위확인필요,부정경쟁방지법,36.0,34.0,94.4,1990-2010,132_TX_132_2009_H1003_20260915164522.csv,TIME_MACHINE
2002,범위확인필요,부정수표단속법,3639.0,2612.0,71.8,1990-2010,132_TX_132_2009_H1003_20260915164522.csv,TIME_MACHINE
2002,범위확인필요,비밀침해죄,4.0,5.0,125.0,1990-2010,132_TX_132_2009_H1003_20260915164522.csv,TIME_MACHINE
2002,범위확인필요,사기,37824.0,31148.0,82.3,1990-2010,132_TX_132_2009_H1003_20260915164522.csv,TIME_MACHINE
2002,범위확인필요,사기(상습),194.0,188.0,96.9,1990-2010,132_TX_132_2009_H1003_20260915164522.csv,TIME_MACHINE
2002,범위확인필요,사문서위조·변조,1590.0,1443.0,90.8,1990-2010,132_TX_132_2009_H1003_20260915164522.csv,TIME_MACHINE
2002,범위확인필요,사인등위조·부정사용행사,4.0,2.0,50.0,1990-2010,132_TX_132_2009_H1003_20260915164522.csv,TIME_MACHINE
2002,범위확인필요,사행행위등 규제 및 처벌특례법,7.0,7.0,100.0,1990-2010,132_TX_132_2009_H1003_20260915164522.csv,TIME_MACHINE
2002,범위확인필요,산림법,28.0,28.0,100.0,1990-2010,132_TX_132_2009_H1003_20260915164522.csv,TIME_MACHINE
2002,범위확인필요,산업안전보건법,12.0,6.0,50.0,1990-2010,132_TX_132_2009_H1003_20260915164522.csv,TIME_MACHINE
2002,범위확인필요,살인,169.0,195.0,115.4,1990-2010,132_TX_132_2009_H1003_20260915164522.csv,TIME_MACHINE
2002,범위확인필요,상법,20.0,16.0,80.0,1990-2010,132_TX_132_2009_H1003_20260915164522.csv,TIME_MACHINE
2002,범위확인필요,상습도박,85.0,100.0,117.6,1990-2010,132_TX_132_2009_H1003_20260915164522.csv,TIME_MACHINE
2002,범위확인필요,상습절도,231.0,310.0,134.2,1990-2010,132_TX_132_2009_H1003_20260915164522.csv,TIME_MACHINE
2002,범위확인필요,상표법,610.0,599.0,98.2,1990-2010,132_TX_132_2009_H1003_20260915164522.csv,TIME_MACHINE
2002,범위확인필요,상해,6127.0,6013.0,98.1,1990-2010,132_TX_132_2009_H1003_20260915164522.csv,TIME_MACHINE
2002,범위확인필요,상해(중),3.0,4.0,133.3,1990-2010,132_TX_132_2009_H1003_20260915164522.csv,TIME_MACHINE
2002,범위확인필요,상해치사,27.0,24.0,88.9,1990-2010,132_TX_132_2009_H1003_20260915164522.csv,TIME_MACHINE
2002,범위확인필요,상호신용금고법,15.0,15.0,100.0,1990-2010,132_TX_132_2009_H1003_20260915164522.csv,TIME_MACHINE
2002,범위확인필요,새마을금고법,1.0,1.0,100.0,1990-2010,132_TX_132_2009_H1003_20260915164522.csv,TIME_MACHINE
2002,범위확인필요,선거방해,1.0,1.0,100.0,1990-2010,132_TX_132_2009_H1003_20260915164522.csv,TIME_MACHINE
2002,범위확인필요,성폭력범죄의 처벌 및 피해자보호에 관한 법,1544.0,1527.0,98.9,1990-2010,132_TX_132_2009_H1003_20260915164522.csv,TIME_MACHINE
2002,범위확인필요,소음·진동규제법,19.0,18.0,94.7,1990-2010,132_TX_132_2009_H1003_20260915164522.csv,TIME_MACHINE
2002,범위확인필요,손괴의죄,3652.0,1393.0,38.1,1990-2010,132_TX_132_2009_H1003_20260915164522.csv,TIME_MACHINE
2002,범위확인필요,수도법,21.0,21.0,100.0,1990-2010,132_TX_132_2009_H1003_20260915164522.csv,TIME_MACHINE
2002,범위확인필요,수산자원보호령,1.0,1.0,100.0,1990-2010,132_TX_132_2009_H1003_20260915164522.csv,TIME_MACHINE
2002,범위확인필요,수질환경보전법,62.0,63.0,101.6,1990-2010,132_TX_132_2009_H1003_20260915164522.csv,TIME_MACHINE
2002,범위확인필요,식품위생법,4979.0,4949.0,99.4,1990-2010,132_TX_132_2009_H1003_20260915164522.csv,TIME_MACHINE
2002,범위확인필요,신앙에 관한 죄,17.0,16.0,94.1,1990-2010,132_TX_132_2009_H1003_20260915164522.csv,TIME_MACHINE
2002,범위확인필요,신용·업무와 경매에 관한 죄,1311.0,1300.0,99.2,1990-2010,132_TX_132_2009_H1003_20260915164522.csv,TIME_MACHINE
2002,범위확인필요,실용신안법,90.0,89.0,98.9,1990-2010,132_TX_132_2009_H1003_20260915164522.csv,TIME_MACHINE
2002,범위확인필요,실화 및 업무상실화죄,922.0,222.0,24.1,1990-2010,132_TX_132_2009_H1003_20260915164522.csv,TIME_MACHINE
2002,범위확인필요,아동복지법,19.0,19.0,100.0,1990-2010,132_TX_132_2009_H1003_20260915164522.csv,TIME_MACHINE
2002,범위확인필요,액화석유가스의 안전 및 사업관리법,23.0,37.0,160.9,1990-2010,132_TX_132_2009_H1003_20260915164522.csv,TIME_MACHINE
2002,범위확인필요,야간주거침입절도,736.0,829.0,112.6,1990-2010,132_TX_132_2009_H1003_20260915164522.csv,TIME_MACHINE
2002,범위확인필요,야간주거침입절도(상습),,1.0,100.0,1990-2010,132_TX_132_2009_H1003_20260915164522.csv,TIME_MACHINE
2002,범위확인필요,약사법,352.0,356.0,101.1,1990-2010,132_TX_132_2009_H1003_20260915164522.csv,TIME_MACHINE
2002,범위확인필요,양곡관리법,1.0,1.0,100.0,1990-2010,132_TX_132_2009_H1003_20260915164522.csv,TIME_MACHINE
2002,범위확인필요,업무상과실폭발물파열(방출·유출),,1.0,100.0,1990-2010,132_TX_132_2009_H1003_20260915164522.csv,TIME_MACHINE
2002,범위확인필요,업무상배임,337.0,308.0,91.4,1990-2010,132_TX_132_2009_H1003_20260915164522.csv,TIME_MACHINE
2002,범위확인필요,업무상횡령,1901.0,1769.0,93.1,1990-2010,132_TX_132_2009_H1003_20260915164522.csv,TIME_MACHINE
2002,범위확인필요,여권법,35.0,29.0,82.9,1990-2010,132_TX_132_2009_H1003_20260915164522.csv,TIME_MACHINE
2002,범위확인필요,여신전문금융업법위반,1138.0,1009.0,88.7,1990-2010,132_TX_132_2009_H1003_20260915164522.csv,TIME_MACHINE
2002,범위확인필요,영아살해,1.0,,0.0,1990-2010,132_TX_132_2009_H1003_20260915164522.csv,TIME_MACHINE
2002,범위확인필요,오수·분뇨 및 축산폐수의 처리에 관한 법률,12.0,12.0,100.0,1990-2010,132_TX_132_2009_H1003_20260915164522.csv,TIME_MACHINE
2002,범위확인필요,외환관리법,4.0,4.0,100.0,1990-2010,132_TX_132_2009_H1003_20260915164522.csv,TIME_MACHINE
2002,범위확인필요,위증죄,454.0,431.0,94.9,1990-2010,132_TX_132_2009_H1003_20260915164522.csv,TIME_MACHINE
2002,범위확인필요,유가증권위(변)조,306.0,239.0,78.1,1990-2010,132_TX_132_2009_H1003_20260915164522.csv,TIME_MACHINE
2002,범위확인필요,유기의 죄,37.0,14.0,37.8,1990-2010,132_TX_132_2009_H1003_20260915164522.csv,TIME_MACHINE
2002,범위확인필요,유실물 표류물 점유이탈물 매장물횡령,691.0,448.0,64.8,1990-2010,132_TX_132_2009_H1003_20260915164522.csv,TIME_MACHINE
2002,범위확인필요,유해화학물질관리법,271.0,276.0,101.8,1990-2010,132_TX_132_2009_H1003_20260915164522.csv,TIME_MACHINE
2002,범위확인필요,유해화학물질관리법(본드등),4.0,4.0,100.0,1990-2010,132_TX_132_2009_H1003_20260915164522.csv,TIME_MACHINE
2002,범위확인필요,윤락행위등방지법,1172.0,1233.0,105.2,1990-2010,132_TX_132_2009_H1003_20260915164522.csv,TIME_MACHINE
2002,범위확인필요,음반 및 비디오물에 관한 법률,4.0,,0.0,1990-2010,132_TX_132_2009_H1003_20260915164522.csv,TIME_MACHINE
2002,범위확인필요,음반에관한법률,3.0,4.0,133.3,1990-2010,132_TX_132_2009_H1003_20260915164522.csv,TIME_MACHINE
2002,범위확인필요,음용수에 관한 죄,3.0,3.0,100.0,1990-2010,132_TX_132_2009_H1003_20260915164522.csv,TIME_MACHINE
2002,범위확인필요,음화등반포(판매·임대·전시·제조),22.0,22.0,100.0,1990-2010,132_TX_132_2009_H1003_20260915164522.csv,TIME_MACHINE
2002,범위확인필요,의료법,363.0,360.0,99.2,1990-2010,132_TX_132_2009_H1003_20260915164522.csv,TIME_MACHINE
2002,범위확인필요,의료보험법,1.0,,,1990-2010,132_TX_132_2009_H1003_20260915164522.csv,TIME_MACHINE
2002,범위확인필요,의장법,94.0,83.0,88.3,1990-2010,132_TX_132_2009_H1003_20260915164522.csv,TIME_MACHINE
2002,범위확인필요,인질강도,176.0,226.0,128.4,1990-2010,132_TX_132_2009_H1003_20260915164522.csv,TIME_MACHINE
2002,범위확인필요,일반(건조물등)방화,23.0,19.0,82.6,1990-2010,132_TX_132_2009_H1003_20260915164522.csv,TIME_MACHINE
2002,범위확인필요,일수와 수리에 관한 죄,1.0,1.0,100.0,1990-2010,132_TX_132_2009_H1003_20260915164522.csv,TIME_MACHINE
2002,범위확인필요,자기소유(건조물등)방화,22.0,17.0,77.3,1990-2010,132_TX_132_2009_H1003_20260915164522.csv,TIME_MACHINE
2002,범위확인필요,자동차·선박등불법사용,59.0,63.0,106.8,1990-2010,132_TX_132_2009_H1003_20260915164522.csv,TIME_MACHINE
2002,범위확인필요,자동차관리법,5152.0,5809.0,112.8,1990-2010,132_TX_132_2009_H1003_20260915164522.csv,TIME_MACHINE
2002,범위확인필요,자동차운수사업법,4.0,4.0,100.0,1990-2010,132_TX_132_2009_H1003_20260915164522.csv,TIME_MACHINE
2002,범위확인필요,자살교사·방조,3.0,3.0,100.0,1990-2010,132_TX_132_2009_H1003_20260915164522.csv,TIME_MACHINE
2002,범위확인필요,자연환경보전법,2.0,2.0,100.0,1990-2010,132_TX_132_2009_H1003_20260915164522.csv,TIME_MACHINE
2002,범위확인필요,장물에 관한죄,226.0,251.0,111.1,1990-2010,132_TX_132_2009_H1003_20260915164522.csv,TIME_MACHINE
2002,범위확인필요,저작권법,1355.0,879.0,64.9,1990-2010,132_TX_132_2009_H1003_20260915164522.csv,TIME_MACHINE
2002,범위확인필요,전투경찰대설치법,34.0,35.0,102.9,1990-2010,132_TX_132_2009_H1003_20260915164522.csv,TIME_MACHINE
2002,범위확인필요,절도,46395.0,30034.0,64.7,1990-2010,132_TX_132_2009_H1003_20260915164522.csv,TIME_MACHINE
2002,범위확인필요,절도범,61709.0,49769.0,80.7,1990-2010,132_TX_132_2009_H1003_20260915164522.csv,TIME_MACHINE
2002,범위확인필요,조세범처벌법,773.0,542.0,70.1,1990-2010,132_TX_132_2009_H1003_20260915164522.csv,TIME_MACHINE
2002,범위확인필요,조수보호 및 수렵에 관한 법률,10.0,10.0,100.0,1990-2010,132_TX_132_2009_H1003_20260915164522.csv,TIME_MACHINE
2002,범위확인필요,존속살해,11.0,10.0,90.9,1990-2010,132_TX_132_2009_H1003_20260915164522.csv,TIME_MACHINE
2002,범위확인필요,존속상해,109.0,103.0,94.5,1990-2010,132_TX_132_2009_H1003_20260915164522.csv,TIME_MACHINE
2002,범위확인필요,존속상해(상습),1.0,1.0,100.0,1990-2010,132_TX_132_2009_H1003_20260915164522.csv,TIME_MACHINE
2002,범위확인필요,존속상해치사,2.0,2.0,100.0,1990-2010,132_TX_132_2009_H1003_20260915164522.csv,TIME_MACHINE
2002,범위확인필요,존속체포감금,1.0,1.0,100.0,1990-2010,132_TX_132_2009_H1003_20260915164522.csv,TIME_MACHINE
2002,범위확인필요,존속폭행,99.0,105.0,106.1,1990-2010,132_TX_132_2009_H1003_20260915164522.csv,TIME_MACHINE
2002,범위확인필요,존속폭행(상습),1.0,1.0,100.0,1990-2010,132_TX_132_2009_H1003_20260915164522.csv,TIME_MACHINE
2002,범위확인필요,존속폭행치사,2.0,2.0,100.0,1990-2010,132_TX_132_2009_H1003_20260915164522.csv,TIME_MACHINE
2002,범위확인필요,존속협박,3.0,2.0,66.7,1990-2010,132_TX_132_2009_H1003_20260915164522.csv,TIME_MACHINE
2002,범위확인필요,주거침입의 죄,409.0,373.0,91.2,1990-2010,132_TX_132_2009_H1003_20260915164522.csv,TIME_MACHINE
2002,범위확인필요,주민등록법,68.0,63.0,92.6,1990-2010,132_TX_132_2009_H1003_20260915164522.csv,TIME_MACHINE
2002,범위확인필요,주차장법,360.0,360.0,100.0,1990-2010,132_TX_132_2009_H1003_20260915164522.csv,TIME_MACHINE
2002,범위확인필요,준강간,43.0,46.0,107.0,1990-2010,132_TX_132_2009_H1003_20260915164522.csv,TIME_MACHINE
2002,범위확인필요,준강도,79.0,76.0,96.2,1990-2010,132_TX_132_2009_H1003_20260915164522.csv,TIME_MACHINE
2002,범위확인필요,준사기,10.0,10.0,100.0,1990-2010,132_TX_132_2009_H1003_20260915164522.csv,TIME_MACHINE
2002,범위확인필요,준특수강도,1.0,1.0,100.0,1990-2010,132_TX_132_2009_H1003_20260915164522.csv,TIME_MACHINE
2002,범위확인필요,지능범,46751.0,38905.0,83.2,1990-2010,132_TX_132_2009_H1003_20260915164522.csv,TIME_MACHINE
2002,범위확인필요,직권남용(권리행사방해체포·감금),10.0,8.0,80.0,1990-2010,132_TX_132_2009_H1003_20260915164522.csv,TIME_MACHINE
2002,범위확인필요,직무유기·수행거부,41.0,36.0,87.8,1990-2010,132_TX_132_2009_H1003_20260915164522.csv,TIME_MACHINE
2002,범위확인필요,직업안정 및 고용촉진에 관한 법률,1.0,1.0,100.0,1990-2010,132_TX_132_2009_H1003_20260915164522.csv,TIME_MACHINE
2002,범위확인필요,직업안정법,119.0,123.0,103.4,1990-2010,132_TX_132_2009_H1003_20260915164522.csv,TIME_MACHINE
2002,범위확인필요,집회 및 시위에 관한 법률,402.0,401.0,99.8,1990-2010,132_TX_132_2009_H1003_20260915164522.csv,TIME_MACHINE
2002,범위확인필요,철도법,226.0,228.0,100.9,1990-2010,132_TX_132_2009_H1003_20260915164522.csv,TIME_MACHINE
2002,범위확인필요,청소년보호법,3666.0,3690.0,100.7,1990-2010,132_TX_132_2009_H1003_20260915164522.csv,TIME_MACHINE
2002,범위확인필요,체포·감금치사·상(중·특수·상습),6.0,5.0,83.3,1990-2010,132_TX_132_2009_H1003_20260915164522.csv,TIME_MACHINE
2002,범위확인필요,체포감금,37.0,33.0,89.2,1990-2010,132_TX_132_2009_H1003_20260915164522.csv,TIME_MACHINE
2002,범위확인필요,체포감금(중),1.0,1.0,100.0,1990-2010,132_TX_132_2009_H1003_20260915164522.csv,TIME_MACHINE
2002,범위확인필요,체포감금(특수),1.0,1.0,100.0,1990-2010,132_TX_132_2009_H1003_20260915164522.csv,TIME_MACHINE
2002,범위확인필요,촉탁·승락살인,,1.0,100.0,1990-2010,132_TX_132_2009_H1003_20260915164522.csv,TIME_MACHINE
2002,범위확인필요,총범죄,375940.0,342817.0,91.2,1990-2010,132_TX_132_2009_H1003_20260915164522.csv,TIME_MACHINE
2002,범위확인필요,총포·도검·화약류단속법,62.0,67.0,108.1,1990-2010,132_TX_132_2009_H1003_20260915164522.csv,TIME_MACHINE
2002,범위확인필요,추행·간음·영리·약취유인,7.0,8.0,114.3,1990-2010,132_TX_132_2009_H1003_20260915164522.csv,TIME_MACHINE
2002,범위확인필요,출입국관리법,47.0,45.0,95.7,1990-2010,132_TX_132_2009_H1003_20260915164522.csv,TIME_MACHINE
2002,범위확인필요,컴퓨터등사용사기,41.0,42.0,102.4,1990-2010,132_TX_132_2009_H1003_20260915164522.csv,TIME_MACHINE
2002,범위확인필요,컴퓨터프로그램보호법,274.0,224.0,81.8,1990-2010,132_TX_132_2009_H1003_20260915164522.csv,TIME_MACHINE
2002,범위확인필요,통화위(변)조,107.0,,0.0,1990-2010,132_TX_132_2009_H1003_20260915164522.csv,TIME_MACHINE
2002,범위확인필요,특가법(강도),83.0,111.0,133.7,1990-2010,132_TX_132_2009_H1003_20260915164522.csv,TIME_MACHINE
2002,범위확인필요,특가법(강도강간),2.0,3.0,150.0,1990-2010,132_TX_132_2009_H1003_20260915164522.csv,TIME_MACHINE
2002,범위확인필요,특가법(관세),1.0,1.0,100.0,1990-2010,132_TX_132_2009_H1003_20260915164522.csv,TIME_MACHINE
2002,범위확인필요,특가법(국외이송약취),,1.0,100.0,1990-2010,132_TX_132_2009_H1003_20260915164522.csv,TIME_MACHINE
2002,범위확인필요,특가법(뇌물),1.0,,0.0,1990-2010,132_TX_132_2009_H1003_20260915164522.csv,TIME_MACHINE
2002,범위확인필요,특가법(도주차량),2335.0,1638.0,70.1,1990-2010,132_TX_132_2009_H1003_20260915164522.csv,TIME_MACHINE
2002,범위확인필요,특가법(독직폭행),4.0,4.0,100.0,1990-2010,132_TX_132_2009_H1003_20260915164522.csv,TIME_MACHINE
2002,범위확인필요,특가법(마약),2.0,,0.0,1990-2010,132_TX_132_2009_H1003_20260915164522.csv,TIME_MACHINE
2002,범위확인필요,특가법(미성년자약취),1.0,1.0,100.0,1990-2010,132_TX_132_2009_H1003_20260915164522.csv,TIME_MACHINE
2002,범위확인필요,특가법(미성년자약취유인),1.0,1.0,100.0,1990-2010,132_TX_132_2009_H1003_20260915164522.csv,TIME_MACHINE
2002,범위확인필요,특가법(미성년자유인),1.0,,0.0,1990-2010,132_TX_132_2009_H1003_20260915164522.csv,TIME_MACHINE
2002,범위확인필요,특가법(범죄단체조직),6.0,9.0,150.0,1990-2010,132_TX_132_2009_H1003_20260915164522.csv,TIME_MACHINE
2002,범위확인필요,특가법(보복범죄등),4.0,5.0,125.0,1990-2010,132_TX_132_2009_H1003_20260915164522.csv,TIME_MACHINE
2002,범위확인필요,특가법(알선수재),2.0,1.0,50.0,1990-2010,132_TX_132_2009_H1003_20260915164522.csv,TIME_MACHINE
2002,범위확인필요,특가법(영리약취),1.0,1.0,100.0,1990-2010,132_TX_132_2009_H1003_20260915164522.csv,TIME_MACHINE
2002,범위확인필요,특가법(영리약취·유인),3.0,4.0,133.3,1990-2010,132_TX_132_2009_H1003_20260915164522.csv,TIME_MACHINE
2002,범위확인필요,특가법(영리유인),1.0,1.0,100.0,1990-2010,132_TX_132_2009_H1003_20260915164522.csv,TIME_MACHINE
2002,범위확인필요,특가법(장물),4.0,4.0,100.0,1990-2010,132_TX_132_2009_H1003_20260915164522.csv,TIME_MACHINE
2002,범위확인필요,특가법(절도),6025.0,8478.0,140.7,1990-2010,132_TX_132_2009_H1003_20260915164522.csv,TIME_MACHINE
2002,범위확인필요,특가법(조세),5.0,2.0,40.0,1990-2010,132_TX_132_2009_H1003_20260915164522.csv,TIME_MACHINE
2002,범위확인필요,특가법(통화위조),43.0,4.0,9.3,1990-2010,132_TX_132_2009_H1003_20260915164522.csv,TIME_MACHINE
2002,범위확인필요,특경법(공갈),1.0,2.0,200.0,1990-2010,132_TX_132_2009_H1003_20260915164522.csv,TIME_MACHINE
2002,범위확인필요,특경법(배임),37.0,31.0,83.8,1990-2010,132_TX_132_2009_H1003_20260915164522.csv,TIME_MACHINE
2002,범위확인필요,특경법(사기),201.0,182.0,90.5,1990-2010,132_TX_132_2009_H1003_20260915164522.csv,TIME_MACHINE
2002,범위확인필요,특경법(수재등),2.0,3.0,150.0,1990-2010,132_TX_132_2009_H1003_20260915164522.csv,TIME_MACHINE
2002,범위확인필요,특경법(알선수재),8.0,10.0,125.0,1990-2010,132_TX_132_2009_H1003_20260915164522.csv,TIME_MACHINE
2002,범위확인필요,특경법(증재등),3.0,2.0,66.7,1990-2010,132_TX_132_2009_H1003_20260915164522.csv,TIME_MACHINE
2002,범위확인필요,특경법(횡령),53.0,42.0,79.2,1990-2010,132_TX_132_2009_H1003_20260915164522.csv,TIME_MACHINE
2002,범위확인필요,특별법범,169521.0,165358.0,97.5,1990-2010,132_TX_132_2009_H1003_20260915164522.csv,TIME_MACHINE
2002,범위확인필요,특수강도,444.0,518.0,116.7,1990-2010,132_TX_132_2009_H1003_20260915164522.csv,TIME_MACHINE
2002,범위확인필요,특수절도,8263.0,10054.0,121.7,1990-2010,132_TX_132_2009_H1003_20260915164522.csv,TIME_MACHINE
2002,범위확인필요,특수폭행,4.0,3.0,75.0,1990-2010,132_TX_132_2009_H1003_20260915164522.csv,TIME_MACHINE
2002,범위확인필요,특허법,61.0,56.0,91.8,1990-2010,132_TX_132_2009_H1003_20260915164522.csv,TIME_MACHINE
2002,범위확인필요,편의시설부정이용,5.0,4.0,80.0,1990-2010,132_TX_132_2009_H1003_20260915164522.csv,TIME_MACHINE
2002,범위확인필요,폐기물관리법,129.0,134.0,103.9,1990-2010,132_TX_132_2009_H1003_20260915164522.csv,TIME_MACHINE
2002,범위확인필요,폭력범,81847.0,74034.0,90.5,1990-2010,132_TX_132_2009_H1003_20260915164522.csv,TIME_MACHINE
2002,범위확인필요,폭력행위등처벌에관한법류위반,65424.0,60590.0,92.6,1990-2010,132_TX_132_2009_H1003_20260915164522.csv,TIME_MACHINE
2002,범위확인필요,폭행,5646.0,5133.0,90.9,1990-2010,132_TX_132_2009_H1003_20260915164522.csv,TIME_MACHINE
2002,범위확인필요,폭행치사,22.0,23.0,104.5,1990-2010,132_TX_132_2009_H1003_20260915164522.csv,TIME_MACHINE
2002,범위확인필요,폭행치상,78.0,79.0,101.3,1990-2010,132_TX_132_2009_H1003_20260915164522.csv,TIME_MACHINE
2002,범위확인필요,풍속범,2909.0,2842.0,97.7,1990-2010,132_TX_132_2009_H1003_20260915164522.csv,TIME_MACHINE
2002,범위확인필요,풍속영업의 규제에 관한 법률,262.0,266.0,101.5,1990-2010,132_TX_132_2009_H1003_20260915164522.csv,TIME_MACHINE
2002,범위확인필요,피보호자(감호자)간음,1.0,1.0,100.0,1990-2010,132_TX_132_2009_H1003_20260915164522.csv,TIME_MACHINE
2002,범위확인필요,하수도법,2.0,1.0,50.0,1990-2010,132_TX_132_2009_H1003_20260915164522.csv,TIME_MACHINE
2002,범위확인필요,하천법,8.0,10.0,125.0,1990-2010,132_TX_132_2009_H1003_20260915164522.csv,TIME_MACHINE
2002,범위확인필요,학원의설립·운영에관한법률,8.0,8.0,100.0,1990-2010,132_TX_132_2009_H1003_20260915164522.csv,TIME_MACHINE
2002,범위확인필요,해상강도(상해·치상·살인·치사),,1.0,100.0,1990-2010,132_TX_132_2009_H1003_20260915164522.csv,TIME_MACHINE
2002,범위확인필요,향정신성의 약품관리법,654.0,830.0,126.9,1990-2010,132_TX_132_2009_H1003_20260915164522.csv,TIME_MACHINE
2002,범위확인필요,향토예비군설치법,6532.0,5538.0,84.8,1990-2010,132_TX_132_2009_H1003_20260915164522.csv,TIME_MACHINE
2002,범위확인필요,허위감정·증거인멸은닉·증인은닉죄,15.0,14.0,93.3,1990-2010,132_TX_132_2009_H1003_20260915164522.csv,TIME_MACHINE
2002,범위확인필요,현주(현존)자동차방화,7.0,8.0,114.3,1990-2010,132_TX_132_2009_H1003_20260915164522.csv,TIME_MACHINE
2002,범위확인필요,현주·현존(건조물등)방화,217.0,209.0,96.3,1990-2010,132_TX_132_2009_H1003_20260915164522.csv,TIME_MACHINE
2002,범위확인필요,현주·현존(건조물등)방화치사,2.0,2.0,100.0,1990-2010,132_TX_132_2009_H1003_20260915164522.csv,TIME_MACHINE
2002,범위확인필요,현주·현존(건조물등)방화치상,5.0,7.0,140.0,1990-2010,132_TX_132_2009_H1003_20260915164522.csv,TIME_MACHINE
2002,범위확인필요,협박,319.0,246.0,77.1,1990-2010,132_TX_132_2009_H1003_20260915164522.csv,TIME_MACHINE
2002,범위확인필요,협박(특수),3.0,3.0,100.0,1990-2010,132_TX_132_2009_H1003_20260915164522.csv,TIME_MACHINE
2002,범위확인필요,형법범,206419.0,177459.0,86.0,1990-2010,132_TX_132_2009_H1003_20260915164522.csv,TIME_MACHINE
2002,범위확인필요,혼인빙자간음,182.0,148.0,81.3,1990-2010,132_TX_132_2009_H1003_20260915164522.csv,TIME_MACHINE
2002,범위확인필요,혼인빙자간음(위계간음),1.0,1.0,100.0,1990-2010,132_TX_132_2009_H1003_20260915164522.csv,TIME_MACHINE
2002,범위확인필요,화염병사용등의 처벌에 관한 법률,8.0,8.0,100.0,1990-2010,132_TX_132_2009_H1003_20260915164522.csv,TIME_MACHINE
2002,범위확인필요,환경보전법,,1.0,100.0,1990-2010,132_TX_132_2009_H1003_20260915164522.csv,TIME_MACHINE
2002,범위확인필요,횡령,1921.0,1756.0,91.4,1990-2010,132_TX_132_2009_H1003_20260915164522.csv,TIME_MACHINE
2003,범위확인필요,가스·전기·증기공급사용방해,1.0,2.0,200.0,1990-2010,132_TX_132_2009_H1003_20260915164522.csv,TIME_MACHINE
2003,범위확인필요,가스등방류(유출·살포),12.0,11.0,91.7,1990-2010,132_TX_132_2009_H1003_20260915164522.csv,TIME_MACHINE
2003,범위확인필요,간통,706.0,642.0,90.9,1990-2010,132_TX_132_2009_H1003_20260915164522.csv,TIME_MACHINE
2003,범위확인필요,강간,1584.0,1463.0,92.4,1990-2010,132_TX_132_2009_H1003_20260915164522.csv,TIME_MACHINE
2003,범위확인필요,강간등상해,25.0,24.0,96.0,1990-2010,132_TX_132_2009_H1003_20260915164522.csv,TIME_MACHINE
2003,범위확인필요,강간치상(준),241.0,245.0,101.7,1990-2010,132_TX_132_2009_H1003_20260915164522.csv,TIME_MACHINE
2003,범위확인필요,강도,2841.0,2970.0,104.5,1990-2010,132_TX_132_2009_H1003_20260915164522.csv,TIME_MACHINE
2003,범위확인필요,강도강간,148.0,115.0,77.7,1990-2010,132_TX_132_2009_H1003_20260915164522.csv,TIME_MACHINE
2003,범위확인필요,강도살인·치사,37.0,36.0,97.3,1990-2010,132_TX_132_2009_H1003_20260915164522.csv,TIME_MACHINE
2003,범위확인필요,강도상해·치상,723.0,780.0,107.9,1990-2010,132_TX_132_2009_H1003_20260915164522.csv,TIME_MACHINE
2003,범위확인필요,강력범,4928.0,4924.0,99.9,1990-2010,132_TX_132_2009_H1003_20260915164522.csv,TIME_MACHINE
2003,범위확인필요,강제추행(준),844.0,796.0,94.3,1990-2010,132_TX_132_2009_H1003_20260915164522.csv,TIME_MACHINE
2003,범위확인필요,강제추행치사(준),1.0,,0.0,1990-2010,132_TX_132_2009_H1003_20260915164522.csv,TIME_MACHINE
2003,범위확인필요,강제추행치상(준),41.0,46.0,112.2,1990-2010,132_TX_132_2009_H1003_20260915164522.csv,TIME_MACHINE
2003,범위확인필요,건축법,1879.0,1867.0,99.4,1990-2010,132_TX_132_2009_H1003_20260915164522.csv,TIME_MACHINE
2003,범위확인필요,경범죄처벌법,38.0,39.0,102.6,1990-2010,132_TX_132_2009_H1003_20260915164522.csv,TIME_MACHINE
2003,범위확인필요,고압가스안전관리법,8.0,8.0,100.0,1990-2010,132_TX_132_2009_H1003_20260915164522.csv,TIME_MACHINE
2003,범위확인필요,골재채취법,4.0,4.0,100.0,1990-2010,132_TX_132_2009_H1003_20260915164522.csv,TIME_MACHINE
2003,범위확인필요,공갈,240.0,214.0,89.2,1990-2010,132_TX_132_2009_H1003_20260915164522.csv,TIME_MACHINE
2003,범위확인필요,공갈(상습),63.0,96.0,152.4,1990-2010,132_TX_132_2009_H1003_20260915164522.csv,TIME_MACHINE
2003,범위확인필요,공무방해에 관한 죄,2676.0,2581.0,96.4,1990-2010,132_TX_132_2009_H1003_20260915164522.csv,TIME_MACHINE
2003,범위확인필요,공무상비밀누설,2.0,1.0,50.0,1990-2010,132_TX_132_2009_H1003_20260915164522.csv,TIME_MACHINE
2003,범위확인필요,공문서위조·변조,893.0,675.0,75.6,1990-2010,132_TX_132_2009_H1003_20260915164522.csv,TIME_MACHINE
2003,범위확인필요,공안을 해하는 죄,10.0,9.0,90.0,1990-2010,132_TX_132_2009_H1003_20260915164522.csv,TIME_MACHINE
2003,범위확인필요,공연법,2.0,2.0,100.0,1990-2010,132_TX_132_2009_H1003_20260915164522.csv,TIME_MACHINE
2003,범위확인필요,공연음란,30.0,30.0,100.0,1990-2010,132_TX_132_2009_H1003_20260915164522.csv,TIME_MACHINE
2003,범위확인필요,공인위조·부정사용행사,40.0,37.0,92.5,1990-2010,132_TX_132_2009_H1003_20260915164522.csv,TIME_MACHINE
2003,범위확인필요,공중위생법,48.0,49.0,102.1,1990-2010,132_TX_132_2009_H1003_20260915164522.csv,TIME_MACHINE
2003,범위확인필요,공직선거 및 선거부정방지법,78.0,72.0,92.3,1990-2010,132_TX_132_2009_H1003_20260915164522.csv,TIME_MACHINE
2003,범위확인필요,과실사상의 죄,761.0,741.0,97.4,1990-2010,132_TX_132_2009_H1003_20260915164522.csv,TIME_MACHINE
2003,범위확인필요,관세법,2.0,1.0,50.0,1990-2010,132_TX_132_2009_H1003_20260915164522.csv,TIME_MACHINE
2003,범위확인필요,교통 방해의 죄,113.0,116.0,102.7,1990-2010,132_TX_132_2009_H1003_20260915164522.csv,TIME_MACHINE
2003,범위확인필요,교통사고특례법,36855.0,36692.0,99.6,1990-2010,132_TX_132_2009_H1003_20260915164522.csv,TIME_MACHINE
2003,범위확인필요,국가보안법,8.0,4.0,50.0,1990-2010,132_TX_132_2009_H1003_20260915164522.csv,TIME_MACHINE
2003,범위확인필요,국외이송약취유인,1.0,1.0,100.0,1990-2010,132_TX_132_2009_H1003_20260915164522.csv,TIME_MACHINE
2003,범위확인필요,권리행사를 방해하는 죄,543.0,520.0,95.8,1990-2010,132_TX_132_2009_H1003_20260915164522.csv,TIME_MACHINE
2003,범위확인필요,근로기준법,4.0,4.0,100.0,1990-2010,132_TX_132_2009_H1003_20260915164522.csv,TIME_MACHINE
2003,범위확인필요,기타통화에 관한 죄,13.0,9.0,69.2,1990-2010,132_TX_132_2009_H1003_20260915164522.csv,TIME_MACHINE
2003,범위확인필요,기타특별법,20481.0,20118.0,98.2,1990-2010,132_TX_132_2009_H1003_20260915164522.csv,TIME_MACHINE
2003,범위확인필요,기타형법범,9236.0,8304.0,89.9,1990-2010,132_TX_132_2009_H1003_20260915164522.csv,TIME_MACHINE
2003,범위확인필요,낙태의 죄,2.0,2.0,100.0,1990-2010,132_TX_132_2009_H1003_20260915164522.csv,TIME_MACHINE
2003,범위확인필요,농수산물 유통 및 가격안정에 관한 법률,67.0,67.0,100.0,1990-2010,132_TX_132_2009_H1003_20260915164522.csv,TIME_MACHINE
2003,범위확인필요,뇌물공여·약속·의사표시,10.0,9.0,90.0,1990-2010,132_TX_132_2009_H1003_20260915164522.csv,TIME_MACHINE
2003,범위확인필요,뇌물수수·요구·약속,10.0,10.0,100.0,1990-2010,132_TX_132_2009_H1003_20260915164522.csv,TIME_MACHINE
2003,범위확인필요,대기환경보전법,163.0,159.0,97.5,1990-2010,132_TX_132_2009_H1003_20260915164522.csv,TIME_MACHINE
2003,범위확인필요,대마관리법,198.0,272.0,137.4,1990-2010,132_TX_132_2009_H1003_20260915164522.csv,TIME_MACHINE
2003,범위확인필요,도교법(교통사고),64794.0,64261.0,99.0,1990-2010,132_TX_132_2009_H1003_20260915164522.csv,TIME_MACHINE
2003,범위확인필요,도로법,2635.0,2692.0,102.2,1990-2010,132_TX_132_2009_H1003_20260915164522.csv,TIME_MACHINE
2003,범위확인필요,도박,1224.0,1225.0,100.1,1990-2010,132_TX_132_2009_H1003_20260915164522.csv,TIME_MACHINE
2003,범위확인필요,도박개장,23.0,23.0,100.0,1990-2010,132_TX_132_2009_H1003_20260915164522.csv,TIME_MACHINE
2003,범위확인필요,도시가스사업법,32.0,33.0,103.1,1990-2010,132_TX_132_2009_H1003_20260915164522.csv,TIME_MACHINE
2003,범위확인필요,도시계획법,241.0,235.0,97.5,1990-2010,132_TX_132_2009_H1003_20260915164522.csv,TIME_MACHINE
2003,범위확인필요,도주와 도주원조죄,3.0,4.0,133.3,1990-2010,132_TX_132_2009_H1003_20260915164522.csv,TIME_MACHINE
2003,범위확인필요,독직폭행·가혹행위,6.0,6.0,100.0,1990-2010,132_TX_132_2009_H1003_20260915164522.csv,TIME_MACHINE
2003,범위확인필요,마약법,74.0,76.0,102.7,1990-2010,132_TX_132_2009_H1003_20260915164522.csv,TIME_MACHINE
2003,범위확인필요,명예에 관한 죄,1207.0,1119.0,92.7,1990-2010,132_TX_132_2009_H1003_20260915164522.csv,TIME_MACHINE
2003,범위확인필요,무고의 죄,494.0,457.0,92.5,1990-2010,132_TX_132_2009_H1003_20260915164522.csv,TIME_MACHINE
2003,범위확인필요,문화재보호법,3.0,3.0,100.0,1990-2010,132_TX_132_2009_H1003_20260915164522.csv,TIME_MACHINE
2003,범위확인필요,미성년자등간음·추행(심신미약자),9.0,10.0,111.1,1990-2010,132_TX_132_2009_H1003_20260915164522.csv,TIME_MACHINE
2003,범위확인필요,미성년자약취유인,22.0,21.0,95.5,1990-2010,132_TX_132_2009_H1003_20260915164522.csv,TIME_MACHINE
2003,범위확인필요,미성년자의 제강간(강제추행강간살인),7.0,6.0,85.7,1990-2010,132_TX_132_2009_H1003_20260915164522.csv,TIME_MACHINE
2003,범위확인필요,밀항단속법,8.0,4.0,50.0,1990-2010,132_TX_132_2009_H1003_20260915164522.csv,TIME_MACHINE
2003,범위확인필요,방문판매등에 관한 법률,102.0,105.0,102.9,1990-2010,132_TX_132_2009_H1003_20260915164522.csv,TIME_MACHINE
2003,범위확인필요,방화,331.0,304.0,91.8,1990-2010,132_TX_132_2009_H1003_20260915164522.csv,TIME_MACHINE
2003,범위확인필요,방화연소,17.0,8.0,47.1,1990-2010,132_TX_132_2009_H1003_20260915164522.csv,TIME_MACHINE
2003,범위확인필요,배임,526.0,483.0,91.8,1990-2010,132_TX_132_2009_H1003_20260915164522.csv,TIME_MACHINE
2003,범위확인필요,배임수재,15.0,14.0,93.3,1990-2010,132_TX_132_2009_H1003_20260915164522.csv,TIME_MACHINE
2003,범위확인필요,배임증재,3.0,4.0,133.3,1990-2010,132_TX_132_2009_H1003_20260915164522.csv,TIME_MACHINE
2003,범위확인필요,범인은닉·범인도피죄,41.0,44.0,107.3,1990-2010,132_TX_132_2009_H1003_20260915164522.csv,TIME_MACHINE
2003,범위확인필요,변호사법,115.0,93.0,80.9,1990-2010,132_TX_132_2009_H1003_20260915164522.csv,TIME_MACHINE
2003,범위확인필요,병역법,6266.0,5022.0,80.1,1990-2010,132_TX_132_2009_H1003_20260915164522.csv,TIME_MACHINE
2003,범위확인필요,보건범죄특조법(부정식품),8.0,8.0,100.0,1990-2010,132_TX_132_2009_H1003_20260915164522.csv,TIME_MACHINE
2003,범위확인필요,보건범죄특조법(부정의료업자),104.0,100.0,96.2,1990-2010,132_TX_132_2009_H1003_20260915164522.csv,TIME_MACHINE
2003,범위확인필요,보건범죄특조법(부정의약품),4.0,2.0,50.0,1990-2010,132_TX_132_2009_H1003_20260915164522.csv,TIME_MACHINE
2003,범위확인필요,보건범죄특조법(허위정보),3.0,,0.0,1990-2010,132_TX_132_2009_H1003_20260915164522.csv,TIME_MACHINE
2003,범위확인필요,부녀매매,24.0,36.0,150.0,1990-2010,132_TX_132_2009_H1003_20260915164522.csv,TIME_MACHINE
2003,범위확인필요,부당이득,21.0,19.0,90.5,1990-2010,132_TX_132_2009_H1003_20260915164522.csv,TIME_MACHINE
2003,범위확인필요,부동산중개업법,186.0,181.0,97.3,1990-2010,132_TX_132_2009_H1003_20260915164522.csv,TIME_MACHINE
2003,범위확인필요,부정경쟁방지법,32.0,28.0,87.5,1990-2010,132_TX_132_2009_H1003_20260915164522.csv,TIME_MACHINE
2003,범위확인필요,부정수표단속법,4682.0,3283.0,70.1,1990-2010,132_TX_132_2009_H1003_20260915164522.csv,TIME_MACHINE
2003,범위확인필요,비밀침해죄,3.0,3.0,100.0,1990-2010,132_TX_132_2009_H1003_20260915164522.csv,TIME_MACHINE
2003,범위확인필요,사기,47204.0,35228.0,74.6,1990-2010,132_TX_132_2009_H1003_20260915164522.csv,TIME_MACHINE
2003,범위확인필요,사기(상습),256.0,327.0,127.7,1990-2010,132_TX_132_2009_H1003_20260915164522.csv,TIME_MACHINE
2003,범위확인필요,사문서위조·변조,1786.0,1536.0,86.0,1990-2010,132_TX_132_2009_H1003_20260915164522.csv,TIME_MACHINE
2003,범위확인필요,사인등위조·부정사용행사,10.0,9.0,90.0,1990-2010,132_TX_132_2009_H1003_20260915164522.csv,TIME_MACHINE
2003,범위확인필요,사행행위등 규제 및 처벌특례법,5.0,6.0,120.0,1990-2010,132_TX_132_2009_H1003_20260915164522.csv,TIME_MACHINE
2003,범위확인필요,산림법,36.0,33.0,91.7,1990-2010,132_TX_132_2009_H1003_20260915164522.csv,TIME_MACHINE
2003,범위확인필요,산업안전보건법,9.0,10.0,111.1,1990-2010,132_TX_132_2009_H1003_20260915164522.csv,TIME_MACHINE
2003,범위확인필요,살인,172.0,187.0,108.7,1990-2010,132_TX_132_2009_H1003_20260915164522.csv,TIME_MACHINE
2003,범위확인필요,상법,20.0,17.0,85.0,1990-2010,132_TX_132_2009_H1003_20260915164522.csv,TIME_MACHINE
2003,범위확인필요,상습(특수·인질·해상강도),27.0,27.0,100.0,1990-2010,132_TX_132_2009_H1003_20260915164522.csv,TIME_MACHINE
2003,범위확인필요,상습도박,48.0,55.0,114.6,1990-2010,132_TX_132_2009_H1003_20260915164522.csv,TIME_MACHINE
2003,범위확인필요,상습절도,183.0,210.0,114.8,1990-2010,132_TX_132_2009_H1003_20260915164522.csv,TIME_MACHINE
2003,범위확인필요,상습폭행,1.0,1.0,100.0,1990-2010,132_TX_132_2009_H1003_20260915164522.csv,TIME_MACHINE
2003,범위확인필요,상표법,498.0,484.0,97.2,1990-2010,132_TX_132_2009_H1003_20260915164522.csv,TIME_MACHINE
2003,범위확인필요,상해,6554.0,6457.0,98.5,1990-2010,132_TX_132_2009_H1003_20260915164522.csv,TIME_MACHINE
2003,범위확인필요,상해(상습),1.0,1.0,100.0,1990-2010,132_TX_132_2009_H1003_20260915164522.csv,TIME_MACHINE
2003,범위확인필요,상해(중),5.0,6.0,120.0,1990-2010,132_TX_132_2009_H1003_20260915164522.csv,TIME_MACHINE
2003,범위확인필요,상해치사,23.0,23.0,100.0,1990-2010,132_TX_132_2009_H1003_20260915164522.csv,TIME_MACHINE
2003,범위확인필요,새마을금고법,2.0,2.0,100.0,1990-2010,132_TX_132_2009_H1003_20260915164522.csv,TIME_MACHINE
2003,범위확인필요,선거방해,1.0,,,1990-2010,132_TX_132_2009_H1003_20260915164522.csv,TIME_MACHINE
2003,범위확인필요,성폭력범죄의 처벌 및 피해자보호에 관한 법,1862.0,1933.0,103.8,1990-2010,132_TX_132_2009_H1003_20260915164522.csv,TIME_MACHINE
2003,범위확인필요,소음·진동규제법,31.0,31.0,100.0,1990-2010,132_TX_132_2009_H1003_20260915164522.csv,TIME_MACHINE
2003,범위확인필요,손괴의죄,3038.0,1443.0,47.5,1990-2010,132_TX_132_2009_H1003_20260915164522.csv,TIME_MACHINE
2003,범위확인필요,수도법,18.0,19.0,105.6,1990-2010,132_TX_132_2009_H1003_20260915164522.csv,TIME_MACHINE
2003,범위확인필요,수산자원보호령,1.0,1.0,100.0,1990-2010,132_TX_132_2009_H1003_20260915164522.csv,TIME_MACHINE
2003,범위확인필요,수질환경보전법,50.0,49.0,98.0,1990-2010,132_TX_132_2009_H1003_20260915164522.csv,TIME_MACHINE
2003,범위확인필요,식품위생법,4213.0,4191.0,99.5,1990-2010,132_TX_132_2009_H1003_20260915164522.csv,TIME_MACHINE
2003,범위확인필요,신앙에 관한 죄,29.0,26.0,89.7,1990-2010,132_TX_132_2009_H1003_20260915164522.csv,TIME_MACHINE
2003,범위확인필요,신용·업무와 경매에 관한 죄,1453.0,1435.0,98.8,1990-2010,132_TX_132_2009_H1003_20260915164522.csv,TIME_MACHINE
2003,범위확인필요,실용신안법,79.0,76.0,96.2,1990-2010,132_TX_132_2009_H1003_20260915164522.csv,TIME_MACHINE
2003,범위확인필요,실화 및 업무상실화죄,843.0,218.0,25.9,1990-2010,132_TX_132_2009_H1003_20260915164522.csv,TIME_MACHINE
2003,범위확인필요,아동복지법,23.0,25.0,108.7,1990-2010,132_TX_132_2009_H1003_20260915164522.csv,TIME_MACHINE
2003,범위확인필요,액화석유가스의 안전 및 사업관리법,21.0,20.0,95.2,1990-2010,132_TX_132_2009_H1003_20260915164522.csv,TIME_MACHINE
2003,범위확인필요,야간주거침입절도,709.0,751.0,105.9,1990-2010,132_TX_132_2009_H1003_20260915164522.csv,TIME_MACHINE
2003,범위확인필요,약사법,436.0,421.0,96.6,1990-2010,132_TX_132_2009_H1003_20260915164522.csv,TIME_MACHINE
2003,범위확인필요,업무상배임,361.0,343.0,95.0,1990-2010,132_TX_132_2009_H1003_20260915164522.csv,TIME_MACHINE
2003,범위확인필요,업무상횡령,2082.0,1760.0,84.5,1990-2010,132_TX_132_2009_H1003_20260915164522.csv,TIME_MACHINE
2003,범위확인필요,여권법,41.0,27.0,65.9,1990-2010,132_TX_132_2009_H1003_20260915164522.csv,TIME_MACHINE
2003,범위확인필요,여신전문금융업법위반,1142.0,979.0,85.7,1990-2010,132_TX_132_2009_H1003_20260915164522.csv,TIME_MACHINE
2003,범위확인필요,영아살해,2.0,2.0,100.0,1990-2010,132_TX_132_2009_H1003_20260915164522.csv,TIME_MACHINE
2003,범위확인필요,오수·분뇨 및 축산폐수의 처리에 관한 법률,11.0,11.0,100.0,1990-2010,132_TX_132_2009_H1003_20260915164522.csv,TIME_MACHINE
2003,범위확인필요,외환관리법,3.0,2.0,66.7,1990-2010,132_TX_132_2009_H1003_20260915164522.csv,TIME_MACHINE
2003,범위확인필요,위증죄,458.0,431.0,94.1,1990-2010,132_TX_132_2009_H1003_20260915164522.csv,TIME_MACHINE
2003,범위확인필요,유가증권위(변)조,421.0,304.0,72.2,1990-2010,132_TX_132_2009_H1003_20260915164522.csv,TIME_MACHINE
2003,범위확인필요,유기의 죄,50.0,23.0,46.0,1990-2010,132_TX_132_2009_H1003_20260915164522.csv,TIME_MACHINE
2003,범위확인필요,유실물 표류물 점유이탈물 매장물횡령,677.0,442.0,65.3,1990-2010,132_TX_132_2009_H1003_20260915164522.csv,TIME_MACHINE
2003,범위확인필요,유해화학물질관리법,200.0,198.0,99.0,1990-2010,132_TX_132_2009_H1003_20260915164522.csv,TIME_MACHINE
2003,범위확인필요,유해화학물질관리법(본드등),,2.0,200.0,1990-2010,132_TX_132_2009_H1003_20260915164522.csv,TIME_MACHINE
2003,범위확인필요,윤락행위등방지법,1045.0,1112.0,106.4,1990-2010,132_TX_132_2009_H1003_20260915164522.csv,TIME_MACHINE
2003,범위확인필요,음반 및 비디오물에 관한 법률,13.0,21.0,161.5,1990-2010,132_TX_132_2009_H1003_20260915164522.csv,TIME_MACHINE
2003,범위확인필요,음용수에 관한 죄,3.0,3.0,100.0,1990-2010,132_TX_132_2009_H1003_20260915164522.csv,TIME_MACHINE
2003,범위확인필요,음화등반포(판매·임대·전시·제조),9.0,9.0,100.0,1990-2010,132_TX_132_2009_H1003_20260915164522.csv,TIME_MACHINE
2003,범위확인필요,의료법,371.0,367.0,98.9,1990-2010,132_TX_132_2009_H1003_20260915164522.csv,TIME_MACHINE
2003,범위확인필요,의장법,84.0,79.0,94.0,1990-2010,132_TX_132_2009_H1003_20260915164522.csv,TIME_MACHINE
2003,범위확인필요,인장업법,1.0,1.0,100.0,1990-2010,132_TX_132_2009_H1003_20260915164522.csv,TIME_MACHINE
2003,범위확인필요,인질강도,166.0,227.0,136.7,1990-2010,132_TX_132_2009_H1003_20260915164522.csv,TIME_MACHINE
2003,범위확인필요,일반(건조물등)방화,29.0,26.0,89.7,1990-2010,132_TX_132_2009_H1003_20260915164522.csv,TIME_MACHINE
2003,범위확인필요,일수와 수리에 관한 죄,1.0,1.0,100.0,1990-2010,132_TX_132_2009_H1003_20260915164522.csv,TIME_MACHINE
2003,범위확인필요,자기소유(건조물등)방화,17.0,14.0,82.4,1990-2010,132_TX_132_2009_H1003_20260915164522.csv,TIME_MACHINE
2003,범위확인필요,자동차·선박등불법사용,48.0,47.0,97.9,1990-2010,132_TX_132_2009_H1003_20260915164522.csv,TIME_MACHINE
2003,범위확인필요,자동차관리법,1958.0,2168.0,110.7,1990-2010,132_TX_132_2009_H1003_20260915164522.csv,TIME_MACHINE
2003,범위확인필요,자동차운수사업법,4.0,4.0,100.0,1990-2010,132_TX_132_2009_H1003_20260915164522.csv,TIME_MACHINE
2003,범위확인필요,자살교사·방조,3.0,3.0,100.0,1990-2010,132_TX_132_2009_H1003_20260915164522.csv,TIME_MACHINE
2003,범위확인필요,자연환경보전법,11.0,11.0,100.0,1990-2010,132_TX_132_2009_H1003_20260915164522.csv,TIME_MACHINE
2003,범위확인필요,장물에 관한죄,159.0,185.0,116.4,1990-2010,132_TX_132_2009_H1003_20260915164522.csv,TIME_MACHINE
2003,범위확인필요,저작권법,1368.0,983.0,71.9,1990-2010,132_TX_132_2009_H1003_20260915164522.csv,TIME_MACHINE
2003,범위확인필요,전투경찰대설치법,28.0,27.0,96.4,1990-2010,132_TX_132_2009_H1003_20260915164522.csv,TIME_MACHINE
2003,범위확인필요,절도,45653.0,28371.0,62.1,1990-2010,132_TX_132_2009_H1003_20260915164522.csv,TIME_MACHINE
2003,범위확인필요,절도범,57744.0,43412.0,75.2,1990-2010,132_TX_132_2009_H1003_20260915164522.csv,TIME_MACHINE
2003,범위확인필요,조세범처벌법,903.0,740.0,81.9,1990-2010,132_TX_132_2009_H1003_20260915164522.csv,TIME_MACHINE
2003,범위확인필요,조수보호 및 수렵에 관한 법률,18.0,18.0,100.0,1990-2010,132_TX_132_2009_H1003_20260915164522.csv,TIME_MACHINE
2003,범위확인필요,존속살해,4.0,4.0,100.0,1990-2010,132_TX_132_2009_H1003_20260915164522.csv,TIME_MACHINE
2003,범위확인필요,존속상해,110.0,110.0,100.0,1990-2010,132_TX_132_2009_H1003_20260915164522.csv,TIME_MACHINE
2003,범위확인필요,존속상해치사,1.0,2.0,200.0,1990-2010,132_TX_132_2009_H1003_20260915164522.csv,TIME_MACHINE
2003,범위확인필요,존속체포감금,1.0,1.0,100.0,1990-2010,132_TX_132_2009_H1003_20260915164522.csv,TIME_MACHINE
2003,범위확인필요,존속폭행,137.0,134.0,97.8,1990-2010,132_TX_132_2009_H1003_20260915164522.csv,TIME_MACHINE
2003,범위확인필요,존속폭행(특수),2.0,2.0,100.0,1990-2010,132_TX_132_2009_H1003_20260915164522.csv,TIME_MACHINE
2003,범위확인필요,존속폭행치사,2.0,1.0,50.0,1990-2010,132_TX_132_2009_H1003_20260915164522.csv,TIME_MACHINE
2003,범위확인필요,존속폭행치상,2.0,2.0,100.0,1990-2010,132_TX_132_2009_H1003_20260915164522.csv,TIME_MACHINE
2003,범위확인필요,존속협박,8.0,9.0,112.5,1990-2010,132_TX_132_2009_H1003_20260915164522.csv,TIME_MACHINE
2003,범위확인필요,존속협박(특수),2.0,2.0,100.0,1990-2010,132_TX_132_2009_H1003_20260915164522.csv,TIME_MACHINE
2003,범위확인필요,주거침입의 죄,374.0,371.0,99.2,1990-2010,132_TX_132_2009_H1003_20260915164522.csv,TIME_MACHINE
2003,범위확인필요,주민등록법,67.0,62.0,92.5,1990-2010,132_TX_132_2009_H1003_20260915164522.csv,TIME_MACHINE
2003,범위확인필요,주차장법,596.0,578.0,97.0,1990-2010,132_TX_132_2009_H1003_20260915164522.csv,TIME_MACHINE
2003,범위확인필요,준강간,51.0,49.0,96.1,1990-2010,132_TX_132_2009_H1003_20260915164522.csv,TIME_MACHINE
2003,범위확인필요,준강도,73.0,71.0,97.3,1990-2010,132_TX_132_2009_H1003_20260915164522.csv,TIME_MACHINE
2003,범위확인필요,준사기,8.0,6.0,75.0,1990-2010,132_TX_132_2009_H1003_20260915164522.csv,TIME_MACHINE
2003,범위확인필요,지능범,57380.0,43681.0,76.1,1990-2010,132_TX_132_2009_H1003_20260915164522.csv,TIME_MACHINE
2003,범위확인필요,직권남용(권리행사방해체포·감금),16.0,13.0,81.3,1990-2010,132_TX_132_2009_H1003_20260915164522.csv,TIME_MACHINE
2003,범위확인필요,직무유기·수행거부,40.0,37.0,92.5,1990-2010,132_TX_132_2009_H1003_20260915164522.csv,TIME_MACHINE
2003,범위확인필요,직업안정법,95.0,104.0,109.5,1990-2010,132_TX_132_2009_H1003_20260915164522.csv,TIME_MACHINE
2003,범위확인필요,집회 및 시위에 관한 법률,325.0,315.0,96.9,1990-2010,132_TX_132_2009_H1003_20260915164522.csv,TIME_MACHINE
2003,범위확인필요,철도법,536.0,525.0,97.9,1990-2010,132_TX_132_2009_H1003_20260915164522.csv,TIME_MACHINE
2003,범위확인필요,청소년보호법,3010.0,3044.0,101.1,1990-2010,132_TX_132_2009_H1003_20260915164522.csv,TIME_MACHINE
2003,범위확인필요,체포·감금치사·상(중·특수·상습),8.0,9.0,112.5,1990-2010,132_TX_132_2009_H1003_20260915164522.csv,TIME_MACHINE
2003,범위확인필요,체포감금,37.0,36.0,97.3,1990-2010,132_TX_132_2009_H1003_20260915164522.csv,TIME_MACHINE
2003,범위확인필요,체포감금(중),1.0,1.0,100.0,1990-2010,132_TX_132_2009_H1003_20260915164522.csv,TIME_MACHINE
2003,범위확인필요,체포감금(특수),4.0,4.0,100.0,1990-2010,132_TX_132_2009_H1003_20260915164522.csv,TIME_MACHINE
2003,범위확인필요,총범죄,382833.0,340154.0,88.9,1990-2010,132_TX_132_2009_H1003_20260915164522.csv,TIME_MACHINE
2003,범위확인필요,총포·도검·화약류단속법,239.0,204.0,85.4,1990-2010,132_TX_132_2009_H1003_20260915164522.csv,TIME_MACHINE
2003,범위확인필요,추행·간음·영리·약취유인,13.0,22.0,169.2,1990-2010,132_TX_132_2009_H1003_20260915164522.csv,TIME_MACHINE
2003,범위확인필요,출입국관리법,61.0,58.0,95.1,1990-2010,132_TX_132_2009_H1003_20260915164522.csv,TIME_MACHINE
2003,범위확인필요,컴퓨터등사용사기,105.0,72.0,68.6,1990-2010,132_TX_132_2009_H1003_20260915164522.csv,TIME_MACHINE
2003,범위확인필요,컴퓨터프로그램보호법,206.0,174.0,84.5,1990-2010,132_TX_132_2009_H1003_20260915164522.csv,TIME_MACHINE
2003,범위확인필요,통화위(변)조,119.0,5.0,4.2,1990-2010,132_TX_132_2009_H1003_20260915164522.csv,TIME_MACHINE
2003,범위확인필요,특가법(간음약취),,1.0,100.0,1990-2010,132_TX_132_2009_H1003_20260915164522.csv,TIME_MACHINE
2003,범위확인필요,특가법(간음유인),1.0,2.0,200.0,1990-2010,132_TX_132_2009_H1003_20260915164522.csv,TIME_MACHINE
2003,범위확인필요,특가법(강도),101.0,216.0,213.9,1990-2010,132_TX_132_2009_H1003_20260915164522.csv,TIME_MACHINE
2003,범위확인필요,특가법(강도강간),10.0,28.0,280.0,1990-2010,132_TX_132_2009_H1003_20260915164522.csv,TIME_MACHINE
2003,범위확인필요,특가법(강도상해재범),1.0,25.0,2500.0,1990-2010,132_TX_132_2009_H1003_20260915164522.csv,TIME_MACHINE
2003,범위확인필요,특가법(뇌물),8.0,7.0,87.5,1990-2010,132_TX_132_2009_H1003_20260915164522.csv,TIME_MACHINE
2003,범위확인필요,특가법(도주차량),2548.0,1800.0,70.6,1990-2010,132_TX_132_2009_H1003_20260915164522.csv,TIME_MACHINE
2003,범위확인필요,특가법(독직폭행),1.0,1.0,100.0,1990-2010,132_TX_132_2009_H1003_20260915164522.csv,TIME_MACHINE
2003,범위확인필요,특가법(미성년자약취유인),1.0,2.0,200.0,1990-2010,132_TX_132_2009_H1003_20260915164522.csv,TIME_MACHINE
2003,범위확인필요,특가법(미성년자유인),,2.0,200.0,1990-2010,132_TX_132_2009_H1003_20260915164522.csv,TIME_MACHINE
2003,범위확인필요,특가법(범죄단체조직),1.0,1.0,100.0,1990-2010,132_TX_132_2009_H1003_20260915164522.csv,TIME_MACHINE
2003,범위확인필요,특가법(보복범죄등),9.0,8.0,88.9,1990-2010,132_TX_132_2009_H1003_20260915164522.csv,TIME_MACHINE
2003,범위확인필요,특가법(알선수재),1.0,1.0,100.0,1990-2010,132_TX_132_2009_H1003_20260915164522.csv,TIME_MACHINE
2003,범위확인필요,특가법(영리약취),3.0,4.0,133.3,1990-2010,132_TX_132_2009_H1003_20260915164522.csv,TIME_MACHINE
2003,범위확인필요,특가법(영리약취·유인),4.0,4.0,100.0,1990-2010,132_TX_132_2009_H1003_20260915164522.csv,TIME_MACHINE
2003,범위확인필요,특가법(영리유인),2.0,4.0,200.0,1990-2010,132_TX_132_2009_H1003_20260915164522.csv,TIME_MACHINE
2003,범위확인필요,특가법(장물),2.0,3.0,150.0,1990-2010,132_TX_132_2009_H1003_20260915164522.csv,TIME_MACHINE
2003,범위확인필요,특가법(절도),5969.0,7933.0,132.9,1990-2010,132_TX_132_2009_H1003_20260915164522.csv,TIME_MACHINE
2003,범위확인필요,특가법(조세),4.0,5.0,125.0,1990-2010,132_TX_132_2009_H1003_20260915164522.csv,TIME_MACHINE
2003,범위확인필요,특가법(통화위조),38.0,2.0,5.3,1990-2010,132_TX_132_2009_H1003_20260915164522.csv,TIME_MACHINE
2003,범위확인필요,특경법(공갈),1.0,3.0,300.0,1990-2010,132_TX_132_2009_H1003_20260915164522.csv,TIME_MACHINE
2003,범위확인필요,특경법(배임),59.0,50.0,84.7,1990-2010,132_TX_132_2009_H1003_20260915164522.csv,TIME_MACHINE
2003,범위확인필요,특경법(사금융알선등),1.0,1.0,100.0,1990-2010,132_TX_132_2009_H1003_20260915164522.csv,TIME_MACHINE
2003,범위확인필요,특경법(사기),267.0,250.0,93.6,1990-2010,132_TX_132_2009_H1003_20260915164522.csv,TIME_MACHINE
2003,범위확인필요,특경법(수재등),1.0,1.0,100.0,1990-2010,132_TX_132_2009_H1003_20260915164522.csv,TIME_MACHINE
2003,범위확인필요,특경법(알선수재),5.0,6.0,120.0,1990-2010,132_TX_132_2009_H1003_20260915164522.csv,TIME_MACHINE
2003,범위확인필요,특경법(횡령),66.0,68.0,103.0,1990-2010,132_TX_132_2009_H1003_20260915164522.csv,TIME_MACHINE
2003,범위확인필요,특별법범,169439.0,162629.0,96.0,1990-2010,132_TX_132_2009_H1003_20260915164522.csv,TIME_MACHINE
2003,범위확인필요,특수강도,732.0,810.0,110.7,1990-2010,132_TX_132_2009_H1003_20260915164522.csv,TIME_MACHINE
2003,범위확인필요,특수절도,5175.0,6094.0,117.8,1990-2010,132_TX_132_2009_H1003_20260915164522.csv,TIME_MACHINE
2003,범위확인필요,특수절도(상습),7.0,6.0,85.7,1990-2010,132_TX_132_2009_H1003_20260915164522.csv,TIME_MACHINE
2003,범위확인필요,특수폭행,4.0,4.0,100.0,1990-2010,132_TX_132_2009_H1003_20260915164522.csv,TIME_MACHINE
2003,범위확인필요,특허법,59.0,50.0,84.7,1990-2010,132_TX_132_2009_H1003_20260915164522.csv,TIME_MACHINE
2003,범위확인필요,편의시설부정이용,1.0,2.0,200.0,1990-2010,132_TX_132_2009_H1003_20260915164522.csv,TIME_MACHINE
2003,범위확인필요,폐기물관리법,73.0,72.0,98.6,1990-2010,132_TX_132_2009_H1003_20260915164522.csv,TIME_MACHINE
2003,범위확인필요,폭력범,81922.0,75099.0,91.7,1990-2010,132_TX_132_2009_H1003_20260915164522.csv,TIME_MACHINE
2003,범위확인필요,폭력행위등처벌에 관한 법률 위반,65122.0,60452.0,92.8,1990-2010,132_TX_132_2009_H1003_20260915164522.csv,TIME_MACHINE
2003,범위확인필요,폭발물에 관한 죄,1.0,1.0,100.0,1990-2010,132_TX_132_2009_H1003_20260915164522.csv,TIME_MACHINE
2003,범위확인필요,폭행,6021.0,5575.0,92.6,1990-2010,132_TX_132_2009_H1003_20260915164522.csv,TIME_MACHINE
2003,범위확인필요,폭행치사,30.0,29.0,96.7,1990-2010,132_TX_132_2009_H1003_20260915164522.csv,TIME_MACHINE
2003,범위확인필요,폭행치상,84.0,81.0,96.4,1990-2010,132_TX_132_2009_H1003_20260915164522.csv,TIME_MACHINE
2003,범위확인필요,폭행치상(특수),1.0,2.0,200.0,1990-2010,132_TX_132_2009_H1003_20260915164522.csv,TIME_MACHINE
2003,범위확인필요,풍속범,2184.0,2105.0,96.4,1990-2010,132_TX_132_2009_H1003_20260915164522.csv,TIME_MACHINE
2003,범위확인필요,풍속영업의 규제에 관한 법률,204.0,207.0,101.5,1990-2010,132_TX_132_2009_H1003_20260915164522.csv,TIME_MACHINE
2003,범위확인필요,피보호자(감호자)간음,4.0,4.0,100.0,1990-2010,132_TX_132_2009_H1003_20260915164522.csv,TIME_MACHINE
2003,범위확인필요,피약취자·피유인자·피매매자등,,1.0,100.0,1990-2010,132_TX_132_2009_H1003_20260915164522.csv,TIME_MACHINE
2003,범위확인필요,피의사실공표,1.0,1.0,100.0,1990-2010,132_TX_132_2009_H1003_20260915164522.csv,TIME_MACHINE
2003,범위확인필요,하수도법,1.0,1.0,100.0,1990-2010,132_TX_132_2009_H1003_20260915164522.csv,TIME_MACHINE
2003,범위확인필요,하천법,17.0,19.0,111.8,1990-2010,132_TX_132_2009_H1003_20260915164522.csv,TIME_MACHINE
2003,범위확인필요,학원의설립·운영에관한법률,15.0,16.0,106.7,1990-2010,132_TX_132_2009_H1003_20260915164522.csv,TIME_MACHINE
2003,범위확인필요,향정신성의 약품관리법,424.0,472.0,111.3,1990-2010,132_TX_132_2009_H1003_20260915164522.csv,TIME_MACHINE
2003,범위확인필요,향토예비군설치법,7316.0,5355.0,73.2,1990-2010,132_TX_132_2009_H1003_20260915164522.csv,TIME_MACHINE
2003,범위확인필요,허위감정·증거인멸은닉·증인은닉죄,10.0,11.0,110.0,1990-2010,132_TX_132_2009_H1003_20260915164522.csv,TIME_MACHINE
2003,범위확인필요,현주(현존)자동차방화,11.0,8.0,72.7,1990-2010,132_TX_132_2009_H1003_20260915164522.csv,TIME_MACHINE
2003,범위확인필요,현주·현존(건조물등)방화,233.0,223.0,95.7,1990-2010,132_TX_132_2009_H1003_20260915164522.csv,TIME_MACHINE
2003,범위확인필요,현주·현존(건조물등)방화치사,3.0,3.0,100.0,1990-2010,132_TX_132_2009_H1003_20260915164522.csv,TIME_MACHINE
2003,범위확인필요,현주·현존(건조물등)방화치상,8.0,9.0,112.5,1990-2010,132_TX_132_2009_H1003_20260915164522.csv,TIME_MACHINE
2003,범위확인필요,협박,342.0,292.0,85.4,1990-2010,132_TX_132_2009_H1003_20260915164522.csv,TIME_MACHINE
2003,범위확인필요,협박(특수),6.0,7.0,116.7,1990-2010,132_TX_132_2009_H1003_20260915164522.csv,TIME_MACHINE
2003,범위확인필요,형법범,213394.0,177525.0,83.2,1990-2010,132_TX_132_2009_H1003_20260915164522.csv,TIME_MACHINE
2003,범위확인필요,형의실효등에 관한 법률,1.0,1.0,100.0,1990-2010,132_TX_132_2009_H1003_20260915164522.csv,TIME_MACHINE
2003,범위확인필요,혼인빙자간음,143.0,120.0,83.9,1990-2010,132_TX_132_2009_H1003_20260915164522.csv,TIME_MACHINE
2003,범위확인필요,혼인빙자간음(위계간음),1.0,1.0,100.0,1990-2010,132_TX_132_2009_H1003_20260915164522.csv,TIME_MACHINE
2003,범위확인필요,화염병사용등의 처벌에 관한 법률,2.0,5.0,250.0,1990-2010,132_TX_132_2009_H1003_20260915164522.csv,TIME_MACHINE
2003,범위확인필요,횡령,2307.0,1943.0,84.2,1990-2010,132_TX_132_2009_H1003_20260915164522.csv,TIME_MACHINE
2004,범위확인필요,가스·전기·증기공급사용방해,2.0,1.0,50.0,1990-2010,132_TX_132_2009_H1003_20260915164522.csv,TIME_MACHINE
2004,범위확인필요,가스등방류(유출·살포),5.0,5.0,100.0,1990-2010,132_TX_132_2009_H1003_20260915164522.csv,TIME_MACHINE
2004,범위확인필요,간통,728.0,633.0,87.0,1990-2010,132_TX_132_2009_H1003_20260915164522.csv,TIME_MACHINE
2004,범위확인필요,강간,1734.0,1604.0,92.5,1990-2010,132_TX_132_2009_H1003_20260915164522.csv,TIME_MACHINE
2004,범위확인필요,강간등상해,29.0,25.0,86.2,1990-2010,132_TX_132_2009_H1003_20260915164522.csv,TIME_MACHINE
2004,범위확인필요,강간치상(준),206.0,201.0,97.6,1990-2010,132_TX_132_2009_H1003_20260915164522.csv,TIME_MACHINE
2004,범위확인필요,강도,1655.0,1445.0,87.3,1990-2010,132_TX_132_2009_H1003_20260915164522.csv,TIME_MACHINE
2004,범위확인필요,강도강간,80.0,50.0,62.5,1990-2010,132_TX_132_2009_H1003_20260915164522.csv,TIME_MACHINE
2004,범위확인필요,강도살인·치사,16.0,17.0,106.3,1990-2010,132_TX_132_2009_H1003_20260915164522.csv,TIME_MACHINE
2004,범위확인필요,강도상해·치상,549.0,504.0,91.8,1990-2010,132_TX_132_2009_H1003_20260915164522.csv,TIME_MACHINE
2004,범위확인필요,강력범,3934.0,3545.0,90.1,1990-2010,132_TX_132_2009_H1003_20260915164522.csv,TIME_MACHINE
2004,범위확인필요,강제추행(준),1036.0,970.0,93.6,1990-2010,132_TX_132_2009_H1003_20260915164522.csv,TIME_MACHINE
2004,범위확인필요,강제추행치상(준),56.0,55.0,98.2,1990-2010,132_TX_132_2009_H1003_20260915164522.csv,TIME_MACHINE
2004,범위확인필요,건설산업기본법,59.0,50.0,84.7,1990-2010,132_TX_132_2009_H1003_20260915164522.csv,TIME_MACHINE
2004,범위확인필요,건축법,1816.0,1860.0,102.4,1990-2010,132_TX_132_2009_H1003_20260915164522.csv,TIME_MACHINE
2004,범위확인필요,경범죄처벌법,40.0,31.0,77.5,1990-2010,132_TX_132_2009_H1003_20260915164522.csv,TIME_MACHINE
2004,범위확인필요,고압가스안전관리법,9.0,8.0,88.9,1990-2010,132_TX_132_2009_H1003_20260915164522.csv,TIME_MACHINE
2004,범위확인필요,골재채취법,1.0,1.0,100.0,1990-2010,132_TX_132_2009_H1003_20260915164522.csv,TIME_MACHINE
2004,범위확인필요,공갈,324.0,286.0,88.3,1990-2010,132_TX_132_2009_H1003_20260915164522.csv,TIME_MACHINE
2004,범위확인필요,공갈(상습),1.0,3.0,300.0,1990-2010,132_TX_132_2009_H1003_20260915164522.csv,TIME_MACHINE
2004,범위확인필요,공공기관의 개인정보보호에 관한 법률,10.0,7.0,70.0,1990-2010,132_TX_132_2009_H1003_20260915164522.csv,TIME_MACHINE
2004,범위확인필요,공무방해에 관한 죄,2517.0,2441.0,97.0,1990-2010,132_TX_132_2009_H1003_20260915164522.csv,TIME_MACHINE
2004,범위확인필요,공무상비밀누설,6.0,4.0,66.7,1990-2010,132_TX_132_2009_H1003_20260915164522.csv,TIME_MACHINE
2004,범위확인필요,공문서위조·변조,1428.0,987.0,69.1,1990-2010,132_TX_132_2009_H1003_20260915164522.csv,TIME_MACHINE
2004,범위확인필요,공안을 해하는 죄,7.0,7.0,100.0,1990-2010,132_TX_132_2009_H1003_20260915164522.csv,TIME_MACHINE
2004,범위확인필요,공연음란,28.0,27.0,96.4,1990-2010,132_TX_132_2009_H1003_20260915164522.csv,TIME_MACHINE
2004,범위확인필요,공유수면관리법,1.0,3.0,300.0,1990-2010,132_TX_132_2009_H1003_20260915164522.csv,TIME_MACHINE
2004,범위확인필요,공인위조·부정사용행사,52.0,54.0,103.8,1990-2010,132_TX_132_2009_H1003_20260915164522.csv,TIME_MACHINE
2004,범위확인필요,공중위생관리법,109.0,114.0,104.6,1990-2010,132_TX_132_2009_H1003_20260915164522.csv,TIME_MACHINE
2004,범위확인필요,공직선거 및 선거부정방지법,388.0,382.0,98.5,1990-2010,132_TX_132_2009_H1003_20260915164522.csv,TIME_MACHINE
2004,범위확인필요,과실사상의 죄,727.0,713.0,98.1,1990-2010,132_TX_132_2009_H1003_20260915164522.csv,TIME_MACHINE
2004,범위확인필요,과실폭발물파열(방출·유출),2.0,2.0,100.0,1990-2010,132_TX_132_2009_H1003_20260915164522.csv,TIME_MACHINE
2004,범위확인필요,교통 방해의 죄,92.0,98.0,106.5,1990-2010,132_TX_132_2009_H1003_20260915164522.csv,TIME_MACHINE
2004,범위확인필요,교통사고처리특례법,38258.0,37455.0,97.9,1990-2010,132_TX_132_2009_H1003_20260915164522.csv,TIME_MACHINE
2004,범위확인필요,국가보안법,30.0,24.0,80.0,1990-2010,132_TX_132_2009_H1003_20260915164522.csv,TIME_MACHINE
2004,범위확인필요,국민건강보험법,3.0,2.0,66.7,1990-2010,132_TX_132_2009_H1003_20260915164522.csv,TIME_MACHINE
2004,범위확인필요,국민연금법,6.0,9.0,150.0,1990-2010,132_TX_132_2009_H1003_20260915164522.csv,TIME_MACHINE
2004,범위확인필요,국토의계획 및 이용에 관한 법률,292.0,319.0,109.2,1990-2010,132_TX_132_2009_H1003_20260915164522.csv,TIME_MACHINE
2004,범위확인필요,권리행사를 방해하는 죄,623.0,559.0,89.7,1990-2010,132_TX_132_2009_H1003_20260915164522.csv,TIME_MACHINE
2004,범위확인필요,근로기준법,7.0,4.0,57.1,1990-2010,132_TX_132_2009_H1003_20260915164522.csv,TIME_MACHINE
2004,범위확인필요,기타,15.0,9.0,60.0,1990-2010,132_TX_132_2009_H1003_20260915164522.csv,TIME_MACHINE
2004,범위확인필요,기타통화에 관한 죄,22.0,11.0,50.0,1990-2010,132_TX_132_2009_H1003_20260915164522.csv,TIME_MACHINE
2004,범위확인필요,기타특별법,3076.0,2678.0,87.1,1990-2010,132_TX_132_2009_H1003_20260915164522.csv,TIME_MACHINE
2004,범위확인필요,기타형법범,9964.0,9077.0,91.1,1990-2010,132_TX_132_2009_H1003_20260915164522.csv,TIME_MACHINE
2004,범위확인필요,낙태의 죄,6.0,5.0,83.3,1990-2010,132_TX_132_2009_H1003_20260915164522.csv,TIME_MACHINE
2004,범위확인필요,내란의 죄,2.0,2.0,100.0,1990-2010,132_TX_132_2009_H1003_20260915164522.csv,TIME_MACHINE
2004,범위확인필요,농산물품질관리법,71.0,76.0,107.0,1990-2010,132_TX_132_2009_H1003_20260915164522.csv,TIME_MACHINE
2004,범위확인필요,농수산물 유통 및 가격안정에 관한 법률,1.0,2.0,200.0,1990-2010,132_TX_132_2009_H1003_20260915164522.csv,TIME_MACHINE
2004,범위확인필요,농지법,79.0,119.0,150.6,1990-2010,132_TX_132_2009_H1003_20260915164522.csv,TIME_MACHINE
2004,범위확인필요,뇌물공여·약속·의사표시,12.0,10.0,83.3,1990-2010,132_TX_132_2009_H1003_20260915164522.csv,TIME_MACHINE
2004,범위확인필요,뇌물수수·요구·약속,22.0,17.0,77.3,1990-2010,132_TX_132_2009_H1003_20260915164522.csv,TIME_MACHINE
2004,범위확인필요,담배사업법,135.0,129.0,95.6,1990-2010,132_TX_132_2009_H1003_20260915164522.csv,TIME_MACHINE
2004,범위확인필요,대기환경보전법,194.0,185.0,95.4,1990-2010,132_TX_132_2009_H1003_20260915164522.csv,TIME_MACHINE
2004,범위확인필요,대부업의 등록 및 금융이용자보호에 관한 법률,205.0,201.0,98.0,1990-2010,132_TX_132_2009_H1003_20260915164522.csv,TIME_MACHINE
2004,범위확인필요,도로교통법(교통사고),7415.0,6754.0,91.1,1990-2010,132_TX_132_2009_H1003_20260915164522.csv,TIME_MACHINE
2004,범위확인필요,도로교통법(무면허운전),16802.0,16948.0,100.9,1990-2010,132_TX_132_2009_H1003_20260915164522.csv,TIME_MACHINE
2004,범위확인필요,도로교통법(음주운전),60579.0,61297.0,101.2,1990-2010,132_TX_132_2009_H1003_20260915164522.csv,TIME_MACHINE
2004,범위확인필요,도로교통법(음주측정거부),647.0,653.0,100.9,1990-2010,132_TX_132_2009_H1003_20260915164522.csv,TIME_MACHINE
2004,범위확인필요,도로법,1399.0,2238.0,160.0,1990-2010,132_TX_132_2009_H1003_20260915164522.csv,TIME_MACHINE
2004,범위확인필요,도박,1055.0,1059.0,100.4,1990-2010,132_TX_132_2009_H1003_20260915164522.csv,TIME_MACHINE
2004,범위확인필요,도박개장,33.0,30.0,90.9,1990-2010,132_TX_132_2009_H1003_20260915164522.csv,TIME_MACHINE
2004,범위확인필요,도시가스사업법,22.0,22.0,100.0,1990-2010,132_TX_132_2009_H1003_20260915164522.csv,TIME_MACHINE
2004,범위확인필요,도시계획법,1.0,,0.0,1990-2010,132_TX_132_2009_H1003_20260915164522.csv,TIME_MACHINE
2004,범위확인필요,도시공원법,50.0,44.0,88.0,1990-2010,132_TX_132_2009_H1003_20260915164522.csv,TIME_MACHINE
2004,범위확인필요,도주와 도주원조죄,3.0,3.0,100.0,1990-2010,132_TX_132_2009_H1003_20260915164522.csv,TIME_MACHINE
2004,범위확인필요,독직폭행·가혹행위,4.0,4.0,100.0,1990-2010,132_TX_132_2009_H1003_20260915164522.csv,TIME_MACHINE
2004,범위확인필요,마약류 관리에 관한 법률(마약),90.0,116.0,128.9,1990-2010,132_TX_132_2009_H1003_20260915164522.csv,TIME_MACHINE
2004,범위확인필요,마약류관리에 관한법률(대마),114.0,141.0,123.7,1990-2010,132_TX_132_2009_H1003_20260915164522.csv,TIME_MACHINE
2004,범위확인필요,마약류관리에 관한법률(향정),396.0,436.0,110.1,1990-2010,132_TX_132_2009_H1003_20260915164522.csv,TIME_MACHINE
2004,범위확인필요,명예에 관한 죄,1716.0,1485.0,86.5,1990-2010,132_TX_132_2009_H1003_20260915164522.csv,TIME_MACHINE
2004,범위확인필요,무고의 죄,624.0,541.0,86.7,1990-2010,132_TX_132_2009_H1003_20260915164522.csv,TIME_MACHINE
2004,범위확인필요,문화재보호법,3.0,10.0,333.3,1990-2010,132_TX_132_2009_H1003_20260915164522.csv,TIME_MACHINE
2004,범위확인필요,미성년자등간음·추행(심신미약자),3.0,4.0,133.3,1990-2010,132_TX_132_2009_H1003_20260915164522.csv,TIME_MACHINE
2004,범위확인필요,미성년자약취유인,22.0,20.0,90.9,1990-2010,132_TX_132_2009_H1003_20260915164522.csv,TIME_MACHINE
2004,범위확인필요,미성년자의 제강간(강제추행강간살인),9.0,8.0,88.9,1990-2010,132_TX_132_2009_H1003_20260915164522.csv,TIME_MACHINE
2004,범위확인필요,민사소송법,8.0,11.0,137.5,1990-2010,132_TX_132_2009_H1003_20260915164522.csv,TIME_MACHINE
2004,범위확인필요,밀항단속법,7.0,2.0,28.6,1990-2010,132_TX_132_2009_H1003_20260915164522.csv,TIME_MACHINE
2004,범위확인필요,방문판매등에 관한 법률,79.0,72.0,91.1,1990-2010,132_TX_132_2009_H1003_20260915164522.csv,TIME_MACHINE
2004,범위확인필요,방화,316.0,278.0,88.0,1990-2010,132_TX_132_2009_H1003_20260915164522.csv,TIME_MACHINE
2004,범위확인필요,방화연소,59.0,31.0,52.5,1990-2010,132_TX_132_2009_H1003_20260915164522.csv,TIME_MACHINE
2004,범위확인필요,배임,674.0,548.0,81.3,1990-2010,132_TX_132_2009_H1003_20260915164522.csv,TIME_MACHINE
2004,범위확인필요,배임수재,21.0,15.0,71.4,1990-2010,132_TX_132_2009_H1003_20260915164522.csv,TIME_MACHINE
2004,범위확인필요,배임증재,4.0,4.0,100.0,1990-2010,132_TX_132_2009_H1003_20260915164522.csv,TIME_MACHINE
2004,범위확인필요,범인은닉·범인도피죄,27.0,26.0,96.3,1990-2010,132_TX_132_2009_H1003_20260915164522.csv,TIME_MACHINE
2004,범위확인필요,변호사법,143.0,106.0,74.1,1990-2010,132_TX_132_2009_H1003_20260915164522.csv,TIME_MACHINE
2004,범위확인필요,병역법,6006.0,5350.0,89.1,1990-2010,132_TX_132_2009_H1003_20260915164522.csv,TIME_MACHINE
2004,범위확인필요,보건범죄특조법(부정식품),1.0,1.0,100.0,1990-2010,132_TX_132_2009_H1003_20260915164522.csv,TIME_MACHINE
2004,범위확인필요,보건범죄특조법(부정유독물),2.0,2.0,100.0,1990-2010,132_TX_132_2009_H1003_20260915164522.csv,TIME_MACHINE
2004,범위확인필요,보건범죄특조법(부정의료업자),205.0,219.0,106.8,1990-2010,132_TX_132_2009_H1003_20260915164522.csv,TIME_MACHINE
2004,범위확인필요,보건범죄특조법(부정의약품),11.0,9.0,81.8,1990-2010,132_TX_132_2009_H1003_20260915164522.csv,TIME_MACHINE
2004,범위확인필요,복표발매(중개·취득),1.0,1.0,100.0,1990-2010,132_TX_132_2009_H1003_20260915164522.csv,TIME_MACHINE
2004,범위확인필요,부녀매매,13.0,30.0,230.8,1990-2010,132_TX_132_2009_H1003_20260915164522.csv,TIME_MACHINE
2004,범위확인필요,부당이득,37.0,31.0,83.8,1990-2010,132_TX_132_2009_H1003_20260915164522.csv,TIME_MACHINE
2004,범위확인필요,부동산중개업법,201.0,185.0,92.0,1990-2010,132_TX_132_2009_H1003_20260915164522.csv,TIME_MACHINE
2004,범위확인필요,부정경쟁방지 및 영업비밀보호에 관한 법률,210.0,188.0,89.5,1990-2010,132_TX_132_2009_H1003_20260915164522.csv,TIME_MACHINE
2004,범위확인필요,부정수표단속법,9019.0,5213.0,57.8,1990-2010,132_TX_132_2009_H1003_20260915164522.csv,TIME_MACHINE
2004,범위확인필요,비밀침해죄,7.0,7.0,100.0,1990-2010,132_TX_132_2009_H1003_20260915164522.csv,TIME_MACHINE
2004,범위확인필요,사기,59061.0,40015.0,67.8,1990-2010,132_TX_132_2009_H1003_20260915164522.csv,TIME_MACHINE
2004,범위확인필요,사기(상습),238.0,216.0,90.8,1990-2010,132_TX_132_2009_H1003_20260915164522.csv,TIME_MACHINE
2004,범위확인필요,사문서위조·변조,2650.0,1897.0,71.6,1990-2010,132_TX_132_2009_H1003_20260915164522.csv,TIME_MACHINE
2004,범위확인필요,사인등위조·부정사용행사,29.0,25.0,86.2,1990-2010,132_TX_132_2009_H1003_20260915164522.csv,TIME_MACHINE
2004,범위확인필요,사전자기록등위작·변작,30.0,28.0,93.3,1990-2010,132_TX_132_2009_H1003_20260915164522.csv,TIME_MACHINE
2004,범위확인필요,사행행위등 규제 및 처벌특례법,126.0,128.0,101.6,1990-2010,132_TX_132_2009_H1003_20260915164522.csv,TIME_MACHINE
2004,범위확인필요,산림법,25.0,28.0,112.0,1990-2010,132_TX_132_2009_H1003_20260915164522.csv,TIME_MACHINE
2004,범위확인필요,산업안전보건법,3.0,2.0,66.7,1990-2010,132_TX_132_2009_H1003_20260915164522.csv,TIME_MACHINE
2004,범위확인필요,살인,229.0,218.0,95.2,1990-2010,132_TX_132_2009_H1003_20260915164522.csv,TIME_MACHINE
2004,범위확인필요,상법,13.0,10.0,76.9,1990-2010,132_TX_132_2009_H1003_20260915164522.csv,TIME_MACHINE
2004,범위확인필요,상습도박,48.0,45.0,93.8,1990-2010,132_TX_132_2009_H1003_20260915164522.csv,TIME_MACHINE
2004,범위확인필요,상습절도,199.0,211.0,106.0,1990-2010,132_TX_132_2009_H1003_20260915164522.csv,TIME_MACHINE
2004,범위확인필요,상습폭행,3.0,3.0,100.0,1990-2010,132_TX_132_2009_H1003_20260915164522.csv,TIME_MACHINE
2004,범위확인필요,상표법,1094.0,939.0,85.8,1990-2010,132_TX_132_2009_H1003_20260915164522.csv,TIME_MACHINE
2004,범위확인필요,상해,6864.0,6648.0,96.9,1990-2010,132_TX_132_2009_H1003_20260915164522.csv,TIME_MACHINE
2004,범위확인필요,상해(상습),1.0,1.0,100.0,1990-2010,132_TX_132_2009_H1003_20260915164522.csv,TIME_MACHINE
2004,범위확인필요,상해(중),2.0,3.0,150.0,1990-2010,132_TX_132_2009_H1003_20260915164522.csv,TIME_MACHINE
2004,범위확인필요,상해치사,20.0,21.0,105.0,1990-2010,132_TX_132_2009_H1003_20260915164522.csv,TIME_MACHINE
2004,범위확인필요,새마을금고법,1.0,1.0,100.0,1990-2010,132_TX_132_2009_H1003_20260915164522.csv,TIME_MACHINE
2004,범위확인필요,석유사업법,714.0,752.0,105.3,1990-2010,132_TX_132_2009_H1003_20260915164522.csv,TIME_MACHINE
2004,범위확인필요,성매매알선등 행위의 처벌에 관한 법률,284.0,300.0,105.6,1990-2010,132_TX_132_2009_H1003_20260915164522.csv,TIME_MACHINE
2004,범위확인필요,성폭력범죄의 처벌 및 피해자보호등에 관한 법률,1459.0,1442.0,98.8,1990-2010,132_TX_132_2009_H1003_20260915164522.csv,TIME_MACHINE
2004,범위확인필요,소방법,19.0,19.0,100.0,1990-2010,132_TX_132_2009_H1003_20260915164522.csv,TIME_MACHINE
2004,범위확인필요,소음·진동규제법,34.0,34.0,100.0,1990-2010,132_TX_132_2009_H1003_20260915164522.csv,TIME_MACHINE
2004,범위확인필요,손괴의죄,2588.0,1559.0,60.2,1990-2010,132_TX_132_2009_H1003_20260915164522.csv,TIME_MACHINE
2004,범위확인필요,수도법,5.0,13.0,260.0,1990-2010,132_TX_132_2009_H1003_20260915164522.csv,TIME_MACHINE
2004,범위확인필요,수산물품질관리법,11.0,17.0,154.5,1990-2010,132_TX_132_2009_H1003_20260915164522.csv,TIME_MACHINE
2004,범위확인필요,수질환경보전법,33.0,48.0,145.5,1990-2010,132_TX_132_2009_H1003_20260915164522.csv,TIME_MACHINE
2004,범위확인필요,수표법,1.0,1.0,100.0,1990-2010,132_TX_132_2009_H1003_20260915164522.csv,TIME_MACHINE
2004,범위확인필요,식품위생법,4259.0,4197.0,98.5,1990-2010,132_TX_132_2009_H1003_20260915164522.csv,TIME_MACHINE
2004,범위확인필요,신앙에 관한 죄,16.0,23.0,143.8,1990-2010,132_TX_132_2009_H1003_20260915164522.csv,TIME_MACHINE
2004,범위확인필요,신용·업무와 경매에 관한 죄,1840.0,1764.0,95.9,1990-2010,132_TX_132_2009_H1003_20260915164522.csv,TIME_MACHINE
2004,범위확인필요,신용정보의 이용 및 보호에 관한 법률,29.0,25.0,86.2,1990-2010,132_TX_132_2009_H1003_20260915164522.csv,TIME_MACHINE
2004,범위확인필요,실용신안법,95.0,86.0,90.5,1990-2010,132_TX_132_2009_H1003_20260915164522.csv,TIME_MACHINE
2004,범위확인필요,실화 및 업무상실화죄,382.0,182.0,47.6,1990-2010,132_TX_132_2009_H1003_20260915164522.csv,TIME_MACHINE
2004,범위확인필요,아동복지법,21.0,21.0,100.0,1990-2010,132_TX_132_2009_H1003_20260915164522.csv,TIME_MACHINE
2004,범위확인필요,액화석유가스의 안전 및 사업관리법,12.0,14.0,116.7,1990-2010,132_TX_132_2009_H1003_20260915164522.csv,TIME_MACHINE
2004,범위확인필요,야간주거침입절도,465.0,466.0,100.2,1990-2010,132_TX_132_2009_H1003_20260915164522.csv,TIME_MACHINE
2004,범위확인필요,약사법,564.0,586.0,103.9,1990-2010,132_TX_132_2009_H1003_20260915164522.csv,TIME_MACHINE
2004,범위확인필요,업무상배임,465.0,402.0,86.5,1990-2010,132_TX_132_2009_H1003_20260915164522.csv,TIME_MACHINE
2004,범위확인필요,업무상횡령,2467.0,1895.0,76.8,1990-2010,132_TX_132_2009_H1003_20260915164522.csv,TIME_MACHINE
2004,범위확인필요,여객자동차운수사업법,50.0,50.0,100.0,1990-2010,132_TX_132_2009_H1003_20260915164522.csv,TIME_MACHINE
2004,범위확인필요,여권법,40.0,31.0,77.5,1990-2010,132_TX_132_2009_H1003_20260915164522.csv,TIME_MACHINE
2004,범위확인필요,여신전문금융업법위반,1079.0,850.0,78.8,1990-2010,132_TX_132_2009_H1003_20260915164522.csv,TIME_MACHINE
2004,범위확인필요,영아살해,2.0,1.0,50.0,1990-2010,132_TX_132_2009_H1003_20260915164522.csv,TIME_MACHINE
2004,범위확인필요,오수·분뇨 및 축산폐수의 처리에 관한 법률,12.0,10.0,83.3,1990-2010,132_TX_132_2009_H1003_20260915164522.csv,TIME_MACHINE
2004,범위확인필요,옥외광고물등관리법,368.0,318.0,86.4,1990-2010,132_TX_132_2009_H1003_20260915164522.csv,TIME_MACHINE
2004,범위확인필요,외국환거래법,211.0,60.0,28.4,1990-2010,132_TX_132_2009_H1003_20260915164522.csv,TIME_MACHINE
2004,범위확인필요,위계·위력·촉탁·승락살인,1.0,1.0,100.0,1990-2010,132_TX_132_2009_H1003_20260915164522.csv,TIME_MACHINE
2004,범위확인필요,위증죄,607.0,500.0,82.4,1990-2010,132_TX_132_2009_H1003_20260915164522.csv,TIME_MACHINE
2004,범위확인필요,유가증권위(변)조,592.0,375.0,63.3,1990-2010,132_TX_132_2009_H1003_20260915164522.csv,TIME_MACHINE
2004,범위확인필요,유기의 죄,42.0,25.0,59.5,1990-2010,132_TX_132_2009_H1003_20260915164522.csv,TIME_MACHINE
2004,범위확인필요,유사수신행위의 규제에 관한 법률,125.0,89.0,71.2,1990-2010,132_TX_132_2009_H1003_20260915164522.csv,TIME_MACHINE
2004,범위확인필요,유실물 표류물 점유이탈물 매장물횡령,636.0,465.0,73.1,1990-2010,132_TX_132_2009_H1003_20260915164522.csv,TIME_MACHINE
2004,범위확인필요,유해화학물질관리법,60.0,62.0,103.3,1990-2010,132_TX_132_2009_H1003_20260915164522.csv,TIME_MACHINE
2004,범위확인필요,유해화학물질관리법(환각물질흡입등),143.0,138.0,96.5,1990-2010,132_TX_132_2009_H1003_20260915164522.csv,TIME_MACHINE
2004,범위확인필요,윤락행위등방지법,932.0,960.0,103.0,1990-2010,132_TX_132_2009_H1003_20260915164522.csv,TIME_MACHINE
2004,범위확인필요,음반 및 비디오물에 관한 법률,3617.0,3579.0,98.9,1990-2010,132_TX_132_2009_H1003_20260915164522.csv,TIME_MACHINE
2004,범위확인필요,음용수에 관한 죄,4.0,3.0,75.0,1990-2010,132_TX_132_2009_H1003_20260915164522.csv,TIME_MACHINE
2004,범위확인필요,음화등반포(판매·임대·전시·제조),9.0,10.0,111.1,1990-2010,132_TX_132_2009_H1003_20260915164522.csv,TIME_MACHINE
2004,범위확인필요,의료기기법,27.0,23.0,85.2,1990-2010,132_TX_132_2009_H1003_20260915164522.csv,TIME_MACHINE
2004,범위확인필요,의료법,631.0,628.0,99.5,1990-2010,132_TX_132_2009_H1003_20260915164522.csv,TIME_MACHINE
2004,범위확인필요,의장법,81.0,73.0,90.1,1990-2010,132_TX_132_2009_H1003_20260915164522.csv,TIME_MACHINE
2004,범위확인필요,인질강도,60.0,72.0,120.0,1990-2010,132_TX_132_2009_H1003_20260915164522.csv,TIME_MACHINE
2004,범위확인필요,인질강요,1.0,1.0,100.0,1990-2010,132_TX_132_2009_H1003_20260915164522.csv,TIME_MACHINE
2004,범위확인필요,일반(건조물등)방화,18.0,16.0,88.9,1990-2010,132_TX_132_2009_H1003_20260915164522.csv,TIME_MACHINE
2004,범위확인필요,자기소유(건조물등)방화,9.0,9.0,100.0,1990-2010,132_TX_132_2009_H1003_20260915164522.csv,TIME_MACHINE
2004,범위확인필요,자동차·선박등불법사용,40.0,40.0,100.0,1990-2010,132_TX_132_2009_H1003_20260915164522.csv,TIME_MACHINE
2004,범위확인필요,자동차관리법,2120.0,2041.0,96.3,1990-2010,132_TX_132_2009_H1003_20260915164522.csv,TIME_MACHINE
2004,범위확인필요,자동차손해배상보장법,52.0,38.0,73.1,1990-2010,132_TX_132_2009_H1003_20260915164522.csv,TIME_MACHINE
2004,범위확인필요,자동차운수사업법,,1.0,100.0,1990-2010,132_TX_132_2009_H1003_20260915164522.csv,TIME_MACHINE
2004,범위확인필요,자살교사·방조,6.0,6.0,100.0,1990-2010,132_TX_132_2009_H1003_20260915164522.csv,TIME_MACHINE
2004,범위확인필요,자연공원법,13.0,17.0,130.8,1990-2010,132_TX_132_2009_H1003_20260915164522.csv,TIME_MACHINE
2004,범위확인필요,장물에 관한죄,230.0,215.0,93.5,1990-2010,132_TX_132_2009_H1003_20260915164522.csv,TIME_MACHINE
2004,범위확인필요,장사등에 관한 법률,10.0,30.0,300.0,1990-2010,132_TX_132_2009_H1003_20260915164522.csv,TIME_MACHINE
2004,범위확인필요,저작권법,1966.0,1158.0,58.9,1990-2010,132_TX_132_2009_H1003_20260915164522.csv,TIME_MACHINE
2004,범위확인필요,전기통신기본법,9.0,8.0,88.9,1990-2010,132_TX_132_2009_H1003_20260915164522.csv,TIME_MACHINE
2004,범위확인필요,전기통신사업법,47.0,45.0,95.7,1990-2010,132_TX_132_2009_H1003_20260915164522.csv,TIME_MACHINE
2004,범위확인필요,전투경찰대설치법,53.0,38.0,71.7,1990-2010,132_TX_132_2009_H1003_20260915164522.csv,TIME_MACHINE
2004,범위확인필요,전파법,17.0,18.0,105.9,1990-2010,132_TX_132_2009_H1003_20260915164522.csv,TIME_MACHINE
2004,범위확인필요,절도,29415.0,12894.0,43.8,1990-2010,132_TX_132_2009_H1003_20260915164522.csv,TIME_MACHINE
2004,범위확인필요,절도범,36231.0,20165.0,55.7,1990-2010,132_TX_132_2009_H1003_20260915164522.csv,TIME_MACHINE
2004,범위확인필요,정보통신망 이용촉진 및 정보보호등에 관한 법률,1083.0,845.0,78.0,1990-2010,132_TX_132_2009_H1003_20260915164522.csv,TIME_MACHINE
2004,범위확인필요,조세범처벌법,1808.0,1140.0,63.1,1990-2010,132_TX_132_2009_H1003_20260915164522.csv,TIME_MACHINE
2004,범위확인필요,조수보호 및 수렵에 관한 법률,4.0,14.0,350.0,1990-2010,132_TX_132_2009_H1003_20260915164522.csv,TIME_MACHINE
2004,범위확인필요,존속살해,13.0,13.0,100.0,1990-2010,132_TX_132_2009_H1003_20260915164522.csv,TIME_MACHINE
2004,범위확인필요,존속상해,101.0,95.0,94.1,1990-2010,132_TX_132_2009_H1003_20260915164522.csv,TIME_MACHINE
2004,범위확인필요,존속상해치사,1.0,1.0,100.0,1990-2010,132_TX_132_2009_H1003_20260915164522.csv,TIME_MACHINE
2004,범위확인필요,존속체포감금,2.0,2.0,100.0,1990-2010,132_TX_132_2009_H1003_20260915164522.csv,TIME_MACHINE
2004,범위확인필요,존속폭행,142.0,141.0,99.3,1990-2010,132_TX_132_2009_H1003_20260915164522.csv,TIME_MACHINE
2004,범위확인필요,존속폭행(상습),2.0,2.0,100.0,1990-2010,132_TX_132_2009_H1003_20260915164522.csv,TIME_MACHINE
2004,범위확인필요,존속폭행치사,4.0,4.0,100.0,1990-2010,132_TX_132_2009_H1003_20260915164522.csv,TIME_MACHINE
2004,범위확인필요,존속폭행치상,1.0,1.0,100.0,1990-2010,132_TX_132_2009_H1003_20260915164522.csv,TIME_MACHINE
2004,범위확인필요,존속협박,9.0,9.0,100.0,1990-2010,132_TX_132_2009_H1003_20260915164522.csv,TIME_MACHINE
2004,범위확인필요,주거침입의 죄,465.0,458.0,98.5,1990-2010,132_TX_132_2009_H1003_20260915164522.csv,TIME_MACHINE
2004,범위확인필요,주민등록법,75.0,58.0,77.3,1990-2010,132_TX_132_2009_H1003_20260915164522.csv,TIME_MACHINE
2004,범위확인필요,주차장법,611.0,583.0,95.4,1990-2010,132_TX_132_2009_H1003_20260915164522.csv,TIME_MACHINE
2004,범위확인필요,주택건설촉진법,93.0,92.0,98.9,1990-2010,132_TX_132_2009_H1003_20260915164522.csv,TIME_MACHINE
2004,범위확인필요,준강간,46.0,43.0,93.5,1990-2010,132_TX_132_2009_H1003_20260915164522.csv,TIME_MACHINE
2004,범위확인필요,준강도,78.0,69.0,88.5,1990-2010,132_TX_132_2009_H1003_20260915164522.csv,TIME_MACHINE
2004,범위확인필요,준사기,7.0,6.0,85.7,1990-2010,132_TX_132_2009_H1003_20260915164522.csv,TIME_MACHINE
2004,범위확인필요,준특수강도,3.0,3.0,100.0,1990-2010,132_TX_132_2009_H1003_20260915164522.csv,TIME_MACHINE
2004,범위확인필요,증권거래법,16.0,15.0,93.8,1990-2010,132_TX_132_2009_H1003_20260915164522.csv,TIME_MACHINE
2004,범위확인필요,지능범,72628.0,49883.0,68.7,1990-2010,132_TX_132_2009_H1003_20260915164522.csv,TIME_MACHINE
2004,범위확인필요,지방세법,50.0,48.0,96.0,1990-2010,132_TX_132_2009_H1003_20260915164522.csv,TIME_MACHINE
2004,범위확인필요,지하수법,4.0,4.0,100.0,1990-2010,132_TX_132_2009_H1003_20260915164522.csv,TIME_MACHINE
2004,범위확인필요,직권남용(권리행사방해체포·감금),18.0,15.0,83.3,1990-2010,132_TX_132_2009_H1003_20260915164522.csv,TIME_MACHINE
2004,범위확인필요,직무유기·수행거부,59.0,54.0,91.5,1990-2010,132_TX_132_2009_H1003_20260915164522.csv,TIME_MACHINE
2004,범위확인필요,직업안정법,208.0,194.0,93.3,1990-2010,132_TX_132_2009_H1003_20260915164522.csv,TIME_MACHINE
2004,범위확인필요,집회 및 시위에 관한 법률,371.0,355.0,95.7,1990-2010,132_TX_132_2009_H1003_20260915164522.csv,TIME_MACHINE
2004,범위확인필요,철도법,826.0,801.0,97.0,1990-2010,132_TX_132_2009_H1003_20260915164522.csv,TIME_MACHINE
2004,범위확인필요,청소년보호법,2087.0,2082.0,99.8,1990-2010,132_TX_132_2009_H1003_20260915164522.csv,TIME_MACHINE
2004,범위확인필요,청소년성보호에 관한 법률,861.0,956.0,111.0,1990-2010,132_TX_132_2009_H1003_20260915164522.csv,TIME_MACHINE
2004,범위확인필요,체포감금,57.0,52.0,91.2,1990-2010,132_TX_132_2009_H1003_20260915164522.csv,TIME_MACHINE
2004,범위확인필요,체포감금(중),1.0,1.0,100.0,1990-2010,132_TX_132_2009_H1003_20260915164522.csv,TIME_MACHINE
2004,범위확인필요,체포감금(특수),2.0,1.0,50.0,1990-2010,132_TX_132_2009_H1003_20260915164522.csv,TIME_MACHINE
2004,범위확인필요,촉탁·승락살인,1.0,1.0,100.0,1990-2010,132_TX_132_2009_H1003_20260915164522.csv,TIME_MACHINE
2004,범위확인필요,총범죄,392377.0,338007.0,86.1,1990-2010,132_TX_132_2009_H1003_20260915164522.csv,TIME_MACHINE
2004,범위확인필요,총포·도검·화약류단속법,53.0,89.0,167.9,1990-2010,132_TX_132_2009_H1003_20260915164522.csv,TIME_MACHINE
2004,범위확인필요,추행·간음·영리·약취유인,7.0,19.0,271.4,1990-2010,132_TX_132_2009_H1003_20260915164522.csv,TIME_MACHINE
2004,범위확인필요,축산물가공처리법,124.0,139.0,112.1,1990-2010,132_TX_132_2009_H1003_20260915164522.csv,TIME_MACHINE
2004,범위확인필요,출입국관리법,86.0,84.0,97.7,1990-2010,132_TX_132_2009_H1003_20260915164522.csv,TIME_MACHINE
2004,범위확인필요,컴퓨터등사용사기,114.0,61.0,53.5,1990-2010,132_TX_132_2009_H1003_20260915164522.csv,TIME_MACHINE
2004,범위확인필요,컴퓨터프로그램보호법,359.0,350.0,97.5,1990-2010,132_TX_132_2009_H1003_20260915164522.csv,TIME_MACHINE
2004,범위확인필요,토양환경보전법,1.0,1.0,100.0,1990-2010,132_TX_132_2009_H1003_20260915164522.csv,TIME_MACHINE
2004,범위확인필요,통신비밀보호법,10.0,8.0,80.0,1990-2010,132_TX_132_2009_H1003_20260915164522.csv,TIME_MACHINE
2004,범위확인필요,통화위(변)조,272.0,11.0,4.0,1990-2010,132_TX_132_2009_H1003_20260915164522.csv,TIME_MACHINE
2004,범위확인필요,특가법(강도),35.0,39.0,111.4,1990-2010,132_TX_132_2009_H1003_20260915164522.csv,TIME_MACHINE
2004,범위확인필요,특가법(강도상해재범),7.0,7.0,100.0,1990-2010,132_TX_132_2009_H1003_20260915164522.csv,TIME_MACHINE
2004,범위확인필요,특가법(국고손실),1.0,1.0,100.0,1990-2010,132_TX_132_2009_H1003_20260915164522.csv,TIME_MACHINE
2004,범위확인필요,특가법(뇌물),5.0,5.0,100.0,1990-2010,132_TX_132_2009_H1003_20260915164522.csv,TIME_MACHINE
2004,범위확인필요,특가법(도주차량),1834.0,1440.0,78.5,1990-2010,132_TX_132_2009_H1003_20260915164522.csv,TIME_MACHINE
2004,범위확인필요,특가법(범죄단체조직),2.0,2.0,100.0,1990-2010,132_TX_132_2009_H1003_20260915164522.csv,TIME_MACHINE
2004,범위확인필요,특가법(보복범죄등),13.0,14.0,107.7,1990-2010,132_TX_132_2009_H1003_20260915164522.csv,TIME_MACHINE
2004,범위확인필요,특가법(알선수재),4.0,3.0,75.0,1990-2010,132_TX_132_2009_H1003_20260915164522.csv,TIME_MACHINE
2004,범위확인필요,특가법(영리약취·유인),10.0,23.0,230.0,1990-2010,132_TX_132_2009_H1003_20260915164522.csv,TIME_MACHINE
2004,범위확인필요,특가법(장물),4.0,3.0,75.0,1990-2010,132_TX_132_2009_H1003_20260915164522.csv,TIME_MACHINE
2004,범위확인필요,특가법(절도),2810.0,3138.0,111.7,1990-2010,132_TX_132_2009_H1003_20260915164522.csv,TIME_MACHINE
2004,범위확인필요,특가법(조세),4.0,3.0,75.0,1990-2010,132_TX_132_2009_H1003_20260915164522.csv,TIME_MACHINE
2004,범위확인필요,특가법(통화위조),19.0,2.0,10.5,1990-2010,132_TX_132_2009_H1003_20260915164522.csv,TIME_MACHINE
2004,범위확인필요,특경법(공갈),4.0,4.0,100.0,1990-2010,132_TX_132_2009_H1003_20260915164522.csv,TIME_MACHINE
2004,범위확인필요,특경법(무인가단기금융업),1.0,1.0,100.0,1990-2010,132_TX_132_2009_H1003_20260915164522.csv,TIME_MACHINE
2004,범위확인필요,특경법(배임),62.0,51.0,82.3,1990-2010,132_TX_132_2009_H1003_20260915164522.csv,TIME_MACHINE
2004,범위확인필요,특경법(사금융알선등),5.0,3.0,60.0,1990-2010,132_TX_132_2009_H1003_20260915164522.csv,TIME_MACHINE
2004,범위확인필요,특경법(사기),259.0,212.0,81.9,1990-2010,132_TX_132_2009_H1003_20260915164522.csv,TIME_MACHINE
2004,범위확인필요,특경법(수재등),5.0,3.0,60.0,1990-2010,132_TX_132_2009_H1003_20260915164522.csv,TIME_MACHINE
2004,범위확인필요,특경법(알선수재),1.0,,0.0,1990-2010,132_TX_132_2009_H1003_20260915164522.csv,TIME_MACHINE
2004,범위확인필요,특경법(증재등),1.0,,0.0,1990-2010,132_TX_132_2009_H1003_20260915164522.csv,TIME_MACHINE
2004,범위확인필요,특경법(횡령),79.0,73.0,92.4,1990-2010,132_TX_132_2009_H1003_20260915164522.csv,TIME_MACHINE
2004,범위확인필요,특별법범,187099.0,177934.0,95.1,1990-2010,132_TX_132_2009_H1003_20260915164522.csv,TIME_MACHINE
2004,범위확인필요,특수강도,370.0,389.0,105.1,1990-2010,132_TX_132_2009_H1003_20260915164522.csv,TIME_MACHINE
2004,범위확인필요,특수절도,3300.0,3414.0,103.5,1990-2010,132_TX_132_2009_H1003_20260915164522.csv,TIME_MACHINE
2004,범위확인필요,특수절도(상습),2.0,2.0,100.0,1990-2010,132_TX_132_2009_H1003_20260915164522.csv,TIME_MACHINE
2004,범위확인필요,특수폭행,7.0,7.0,100.0,1990-2010,132_TX_132_2009_H1003_20260915164522.csv,TIME_MACHINE
2004,범위확인필요,특허법,67.0,64.0,95.5,1990-2010,132_TX_132_2009_H1003_20260915164522.csv,TIME_MACHINE
2004,범위확인필요,편의시설부정이용,1.0,1.0,100.0,1990-2010,132_TX_132_2009_H1003_20260915164522.csv,TIME_MACHINE
2004,범위확인필요,폐기물관리법,38.0,53.0,139.5,1990-2010,132_TX_132_2009_H1003_20260915164522.csv,TIME_MACHINE
2004,범위확인필요,폭력범,80367.0,75429.0,93.9,1990-2010,132_TX_132_2009_H1003_20260915164522.csv,TIME_MACHINE
2004,범위확인필요,폭력행위등처벌에 관한 법률 위반,63466.0,60131.0,94.7,1990-2010,132_TX_132_2009_H1003_20260915164522.csv,TIME_MACHINE
2004,범위확인필요,폭발물파열(과실),3.0,3.0,100.0,1990-2010,132_TX_132_2009_H1003_20260915164522.csv,TIME_MACHINE
2004,범위확인필요,폭행,6087.0,5821.0,95.6,1990-2010,132_TX_132_2009_H1003_20260915164522.csv,TIME_MACHINE
2004,범위확인필요,폭행치사,22.0,22.0,100.0,1990-2010,132_TX_132_2009_H1003_20260915164522.csv,TIME_MACHINE
2004,범위확인필요,폭행치상,108.0,99.0,91.7,1990-2010,132_TX_132_2009_H1003_20260915164522.csv,TIME_MACHINE
2004,범위확인필요,풍속범,2154.0,1974.0,91.6,1990-2010,132_TX_132_2009_H1003_20260915164522.csv,TIME_MACHINE
2004,범위확인필요,풍속영업의 규제에 관한 법률,103.0,103.0,100.0,1990-2010,132_TX_132_2009_H1003_20260915164522.csv,TIME_MACHINE
2004,범위확인필요,피보호자(감호자)간음,1.0,1.0,100.0,1990-2010,132_TX_132_2009_H1003_20260915164522.csv,TIME_MACHINE
2004,범위확인필요,피약취자·피유인자·피매매자등,1.0,1.0,100.0,1990-2010,132_TX_132_2009_H1003_20260915164522.csv,TIME_MACHINE
2004,범위확인필요,하천법,7.0,9.0,128.6,1990-2010,132_TX_132_2009_H1003_20260915164522.csv,TIME_MACHINE
2004,범위확인필요,학교보건법,166.0,160.0,96.4,1990-2010,132_TX_132_2009_H1003_20260915164522.csv,TIME_MACHINE
2004,범위확인필요,학원의설립·운영 및 과외교섭에 관한법률,124.0,119.0,96.0,1990-2010,132_TX_132_2009_H1003_20260915164522.csv,TIME_MACHINE
2004,범위확인필요,향토예비군설치법,7171.0,5351.0,74.6,1990-2010,132_TX_132_2009_H1003_20260915164522.csv,TIME_MACHINE
2004,범위확인필요,허위감정·증거인멸은닉·증인은닉죄,7.0,7.0,100.0,1990-2010,132_TX_132_2009_H1003_20260915164522.csv,TIME_MACHINE
2004,범위확인필요,현주(현존)자동차방화,5.0,4.0,80.0,1990-2010,132_TX_132_2009_H1003_20260915164522.csv,TIME_MACHINE
2004,범위확인필요,현주·현존(건조물등)방화,199.0,193.0,97.0,1990-2010,132_TX_132_2009_H1003_20260915164522.csv,TIME_MACHINE
2004,범위확인필요,현주·현존(건조물등)방화치사,4.0,4.0,100.0,1990-2010,132_TX_132_2009_H1003_20260915164522.csv,TIME_MACHINE
2004,범위확인필요,현주·현존(건조물등)방화치상,10.0,10.0,100.0,1990-2010,132_TX_132_2009_H1003_20260915164522.csv,TIME_MACHINE
2004,범위확인필요,협박,487.0,411.0,84.4,1990-2010,132_TX_132_2009_H1003_20260915164522.csv,TIME_MACHINE
2004,범위확인필요,협박(특수),8.0,8.0,100.0,1990-2010,132_TX_132_2009_H1003_20260915164522.csv,TIME_MACHINE
2004,범위확인필요,형법범,205278.0,160073.0,78.0,1990-2010,132_TX_132_2009_H1003_20260915164522.csv,TIME_MACHINE
2004,범위확인필요,혼인빙자간음,251.0,169.0,67.3,1990-2010,132_TX_132_2009_H1003_20260915164522.csv,TIME_MACHINE
2004,범위확인필요,혼인빙자간음(위계간음),1.0,,0.0,1990-2010,132_TX_132_2009_H1003_20260915164522.csv,TIME_MACHINE
2004,범위확인필요,화물자동차운수사업법,158.0,140.0,88.6,1990-2010,132_TX_132_2009_H1003_20260915164522.csv,TIME_MACHINE
2004,범위확인필요,화염병사용등의 처벌에 관한 법률,9.0,8.0,88.9,1990-2010,132_TX_132_2009_H1003_20260915164522.csv,TIME_MACHINE
2004,범위확인필요,횡령,3272.0,2383.0,72.8,1990-2010,132_TX_132_2009_H1003_20260915164522.csv,TIME_MACHINE
2004,범위확인필요,후천성면역결핍증예방법,1.0,1.0,100.0,1990-2010,132_TX_132_2009_H1003_20260915164522.csv,TIME_MACHINE
2005,범위확인필요,가스·전기·증기공급사용방해,1.0,1.0,100.0,1990-2010,132_TX_132_2009_H1003_20260915164522.csv,TIME_MACHINE
2005,범위확인필요,가스등방류(유출·살포),3.0,3.0,100.0,1990-2010,132_TX_132_2009_H1003_20260915164522.csv,TIME_MACHINE
2005,범위확인필요,간통,551.0,502.0,91.1,1990-2010,132_TX_132_2009_H1003_20260915164522.csv,TIME_MACHINE
2005,범위확인필요,강간,1805.0,1694.0,93.9,1990-2010,132_TX_132_2009_H1003_20260915164522.csv,TIME_MACHINE
2005,범위확인필요,강간등살인,,1.0,100.0,1990-2010,132_TX_132_2009_H1003_20260915164522.csv,TIME_MACHINE
2005,범위확인필요,강간등상해,19.0,21.0,110.5,1990-2010,132_TX_132_2009_H1003_20260915164522.csv,TIME_MACHINE
2005,범위확인필요,강간치상(준),197.0,190.0,96.4,1990-2010,132_TX_132_2009_H1003_20260915164522.csv,TIME_MACHINE
2005,범위확인필요,강도,1478.0,1259.0,85.2,1990-2010,132_TX_132_2009_H1003_20260915164522.csv,TIME_MACHINE
2005,범위확인필요,강도강간,80.0,49.0,61.3,1990-2010,132_TX_132_2009_H1003_20260915164522.csv,TIME_MACHINE
2005,범위확인필요,강도살인·치사,27.0,31.0,114.8,1990-2010,132_TX_132_2009_H1003_20260915164522.csv,TIME_MACHINE
2005,범위확인필요,강도상해·치상,398.0,384.0,96.5,1990-2010,132_TX_132_2009_H1003_20260915164522.csv,TIME_MACHINE
2005,범위확인필요,강력범,3869.0,3507.0,90.6,1990-2010,132_TX_132_2009_H1003_20260915164522.csv,TIME_MACHINE
2005,범위확인필요,강제추행(준),1150.0,1077.0,93.7,1990-2010,132_TX_132_2009_H1003_20260915164522.csv,TIME_MACHINE
2005,범위확인필요,강제추행치상(준),34.0,33.0,97.1,1990-2010,132_TX_132_2009_H1003_20260915164522.csv,TIME_MACHINE
2005,범위확인필요,건설산업기본법,84.0,59.0,70.2,1990-2010,132_TX_132_2009_H1003_20260915164522.csv,TIME_MACHINE
2005,범위확인필요,건축법,1044.0,1096.0,105.0,1990-2010,132_TX_132_2009_H1003_20260915164522.csv,TIME_MACHINE
2005,범위확인필요,결혼약취유인,1.0,1.0,100.0,1990-2010,132_TX_132_2009_H1003_20260915164522.csv,TIME_MACHINE
2005,범위확인필요,경범죄처벌법,35.0,30.0,85.7,1990-2010,132_TX_132_2009_H1003_20260915164522.csv,TIME_MACHINE
2005,범위확인필요,고압가스안전관리법,9.0,11.0,122.2,1990-2010,132_TX_132_2009_H1003_20260915164522.csv,TIME_MACHINE
2005,범위확인필요,골재채취법,,2.0,,1990-2010,132_TX_132_2009_H1003_20260915164522.csv,TIME_MACHINE
2005,범위확인필요,공갈,257.0,224.0,87.2,1990-2010,132_TX_132_2009_H1003_20260915164522.csv,TIME_MACHINE
2005,범위확인필요,공갈(상습),2.0,2.0,100.0,1990-2010,132_TX_132_2009_H1003_20260915164522.csv,TIME_MACHINE
2005,범위확인필요,공공기관의 개인정보보호에 관한 법률,13.0,17.0,130.8,1990-2010,132_TX_132_2009_H1003_20260915164522.csv,TIME_MACHINE
2005,범위확인필요,공무방해에 관한 죄,2388.0,2325.0,97.4,1990-2010,132_TX_132_2009_H1003_20260915164522.csv,TIME_MACHINE
2005,범위확인필요,공무상비밀누설,5.0,5.0,100.0,1990-2010,132_TX_132_2009_H1003_20260915164522.csv,TIME_MACHINE
2005,범위확인필요,공문서위조·변조,1780.0,1382.0,77.6,1990-2010,132_TX_132_2009_H1003_20260915164522.csv,TIME_MACHINE
2005,범위확인필요,공안을 해하는 죄,6.0,7.0,116.7,1990-2010,132_TX_132_2009_H1003_20260915164522.csv,TIME_MACHINE
2005,범위확인필요,공연음란,31.0,31.0,100.0,1990-2010,132_TX_132_2009_H1003_20260915164522.csv,TIME_MACHINE
2005,범위확인필요,공인위조·부정사용행사,48.0,47.0,97.9,1990-2010,132_TX_132_2009_H1003_20260915164522.csv,TIME_MACHINE
2005,범위확인필요,공전자기록등위작·변작,1.0,1.0,100.0,1990-2010,132_TX_132_2009_H1003_20260915164522.csv,TIME_MACHINE
2005,범위확인필요,공중위생관리법,76.0,68.0,89.5,1990-2010,132_TX_132_2009_H1003_20260915164522.csv,TIME_MACHINE
2005,범위확인필요,공직선거 및 선거부정방지법,27.0,27.0,100.0,1990-2010,132_TX_132_2009_H1003_20260915164522.csv,TIME_MACHINE
2005,범위확인필요,과실사상의 죄,659.0,668.0,101.4,1990-2010,132_TX_132_2009_H1003_20260915164522.csv,TIME_MACHINE
2005,범위확인필요,과실폭발물파열(방출·유출),3.0,3.0,100.0,1990-2010,132_TX_132_2009_H1003_20260915164522.csv,TIME_MACHINE
2005,범위확인필요,관세법,2.0,2.0,100.0,1990-2010,132_TX_132_2009_H1003_20260915164522.csv,TIME_MACHINE
2005,범위확인필요,교통 방해의 죄,108.0,110.0,101.9,1990-2010,132_TX_132_2009_H1003_20260915164522.csv,TIME_MACHINE
2005,범위확인필요,교통사고처리특례법,35806.0,35162.0,98.2,1990-2010,132_TX_132_2009_H1003_20260915164522.csv,TIME_MACHINE
2005,범위확인필요,국가보안법,19.0,12.0,63.2,1990-2010,132_TX_132_2009_H1003_20260915164522.csv,TIME_MACHINE
2005,범위확인필요,국민건강보험법,8.0,6.0,75.0,1990-2010,132_TX_132_2009_H1003_20260915164522.csv,TIME_MACHINE
2005,범위확인필요,국민연금법,6.0,7.0,116.7,1990-2010,132_TX_132_2009_H1003_20260915164522.csv,TIME_MACHINE
2005,범위확인필요,국외이송약취유인,3.0,1.0,33.3,1990-2010,132_TX_132_2009_H1003_20260915164522.csv,TIME_MACHINE
2005,범위확인필요,국토의계획 및 이용에 관한 법률,310.0,408.0,131.6,1990-2010,132_TX_132_2009_H1003_20260915164522.csv,TIME_MACHINE
2005,범위확인필요,권리행사를 방해하는 죄,723.0,640.0,88.5,1990-2010,132_TX_132_2009_H1003_20260915164522.csv,TIME_MACHINE
2005,범위확인필요,근로기준법,10.0,6.0,60.0,1990-2010,132_TX_132_2009_H1003_20260915164522.csv,TIME_MACHINE
2005,범위확인필요,기타,33.0,32.0,97.0,1990-2010,132_TX_132_2009_H1003_20260915164522.csv,TIME_MACHINE
2005,범위확인필요,기타통화에 관한 죄,25.0,7.0,28.0,1990-2010,132_TX_132_2009_H1003_20260915164522.csv,TIME_MACHINE
2005,범위확인필요,기타특별법,1875.0,1806.0,96.3,1990-2010,132_TX_132_2009_H1003_20260915164522.csv,TIME_MACHINE
2005,범위확인필요,기타형법범,10648.0,9871.0,92.7,1990-2010,132_TX_132_2009_H1003_20260915164522.csv,TIME_MACHINE
2005,범위확인필요,낙태의 죄,3.0,3.0,100.0,1990-2010,132_TX_132_2009_H1003_20260915164522.csv,TIME_MACHINE
2005,범위확인필요,노동조합 및 노동관계 조정법,5.0,5.0,100.0,1990-2010,132_TX_132_2009_H1003_20260915164522.csv,TIME_MACHINE
2005,범위확인필요,농산물품질관리법,16.0,21.0,131.3,1990-2010,132_TX_132_2009_H1003_20260915164522.csv,TIME_MACHINE
2005,범위확인필요,농지법,55.0,87.0,158.2,1990-2010,132_TX_132_2009_H1003_20260915164522.csv,TIME_MACHINE
2005,범위확인필요,뇌물공여·약속·의사표시,28.0,28.0,100.0,1990-2010,132_TX_132_2009_H1003_20260915164522.csv,TIME_MACHINE
2005,범위확인필요,뇌물수수·요구·약속,31.0,25.0,80.6,1990-2010,132_TX_132_2009_H1003_20260915164522.csv,TIME_MACHINE
2005,범위확인필요,담배사업법,132.0,130.0,98.5,1990-2010,132_TX_132_2009_H1003_20260915164522.csv,TIME_MACHINE
2005,범위확인필요,대기환경보전법,97.0,93.0,95.9,1990-2010,132_TX_132_2009_H1003_20260915164522.csv,TIME_MACHINE
2005,범위확인필요,대부업의 등록 및 금융이용자보호에 관한 법률,113.0,116.0,102.7,1990-2010,132_TX_132_2009_H1003_20260915164522.csv,TIME_MACHINE
2005,범위확인필요,도로교통법(교통사고),9448.0,8989.0,95.1,1990-2010,132_TX_132_2009_H1003_20260915164522.csv,TIME_MACHINE
2005,범위확인필요,도로교통법(무면허운전),12866.0,12920.0,100.4,1990-2010,132_TX_132_2009_H1003_20260915164522.csv,TIME_MACHINE
2005,범위확인필요,도로교통법(음주운전),47915.0,48229.0,100.7,1990-2010,132_TX_132_2009_H1003_20260915164522.csv,TIME_MACHINE
2005,범위확인필요,도로교통법(음주측정거부),480.0,478.0,99.6,1990-2010,132_TX_132_2009_H1003_20260915164522.csv,TIME_MACHINE
2005,범위확인필요,도로법,1103.0,1922.0,174.3,1990-2010,132_TX_132_2009_H1003_20260915164522.csv,TIME_MACHINE
2005,범위확인필요,도박,922.0,918.0,99.6,1990-2010,132_TX_132_2009_H1003_20260915164522.csv,TIME_MACHINE
2005,범위확인필요,도박개장,25.0,21.0,84.0,1990-2010,132_TX_132_2009_H1003_20260915164522.csv,TIME_MACHINE
2005,범위확인필요,도시가스사업법,26.0,25.0,96.2,1990-2010,132_TX_132_2009_H1003_20260915164522.csv,TIME_MACHINE
2005,범위확인필요,도시공원법,52.0,46.0,,1990-2010,132_TX_132_2009_H1003_20260915164522.csv,TIME_MACHINE
2005,범위확인필요,도주와 도주원조죄,1.0,,0.0,1990-2010,132_TX_132_2009_H1003_20260915164522.csv,TIME_MACHINE
2005,범위확인필요,독점규제 및 공정거래에 관한 법률,4.0,4.0,100.0,1990-2010,132_TX_132_2009_H1003_20260915164522.csv,TIME_MACHINE
2005,범위확인필요,독직폭행·가혹행위,14.0,14.0,100.0,1990-2010,132_TX_132_2009_H1003_20260915164522.csv,TIME_MACHINE
2005,범위확인필요,마약류 관리에 관한 법률(마약),32.0,50.0,156.3,1990-2010,132_TX_132_2009_H1003_20260915164522.csv,TIME_MACHINE
2005,범위확인필요,마약류관리에 관한법률(대마),115.0,141.0,122.6,1990-2010,132_TX_132_2009_H1003_20260915164522.csv,TIME_MACHINE
2005,범위확인필요,마약류관리에 관한법률(향정),379.0,452.0,119.3,1990-2010,132_TX_132_2009_H1003_20260915164522.csv,TIME_MACHINE
2005,범위확인필요,명예에 관한 죄,1814.0,1593.0,87.8,1990-2010,132_TX_132_2009_H1003_20260915164522.csv,TIME_MACHINE
2005,범위확인필요,무고의 죄,652.0,551.0,84.5,1990-2010,132_TX_132_2009_H1003_20260915164522.csv,TIME_MACHINE
2005,범위확인필요,문화재보호법,10.0,39.0,390.0,1990-2010,132_TX_132_2009_H1003_20260915164522.csv,TIME_MACHINE
2005,범위확인필요,미성년자등간음·추행(심신미약자),9.0,7.0,77.8,1990-2010,132_TX_132_2009_H1003_20260915164522.csv,TIME_MACHINE
2005,범위확인필요,미성년자약취유인,13.0,15.0,115.4,1990-2010,132_TX_132_2009_H1003_20260915164522.csv,TIME_MACHINE
2005,범위확인필요,미성년자의 제강간(강제추행강간살인),21.0,21.0,100.0,1990-2010,132_TX_132_2009_H1003_20260915164522.csv,TIME_MACHINE
2005,범위확인필요,민사소송법,7.0,8.0,114.3,1990-2010,132_TX_132_2009_H1003_20260915164522.csv,TIME_MACHINE
2005,범위확인필요,밀항단속법,8.0,1.0,12.5,1990-2010,132_TX_132_2009_H1003_20260915164522.csv,TIME_MACHINE
2005,범위확인필요,방문판매등에 관한 법률,130.0,99.0,76.2,1990-2010,132_TX_132_2009_H1003_20260915164522.csv,TIME_MACHINE
2005,범위확인필요,방화,368.0,340.0,92.4,1990-2010,132_TX_132_2009_H1003_20260915164522.csv,TIME_MACHINE
2005,범위확인필요,방화연소,76.0,48.0,63.2,1990-2010,132_TX_132_2009_H1003_20260915164522.csv,TIME_MACHINE
2005,범위확인필요,배임,661.0,545.0,82.5,1990-2010,132_TX_132_2009_H1003_20260915164522.csv,TIME_MACHINE
2005,범위확인필요,배임수재,39.0,37.0,94.9,1990-2010,132_TX_132_2009_H1003_20260915164522.csv,TIME_MACHINE
2005,범위확인필요,배임증재,13.0,9.0,69.2,1990-2010,132_TX_132_2009_H1003_20260915164522.csv,TIME_MACHINE
2005,범위확인필요,범인은닉·범인도피죄,14.0,16.0,114.3,1990-2010,132_TX_132_2009_H1003_20260915164522.csv,TIME_MACHINE
2005,범위확인필요,변호사법,181.0,131.0,72.4,1990-2010,132_TX_132_2009_H1003_20260915164522.csv,TIME_MACHINE
2005,범위확인필요,병역법,4826.0,4431.0,91.8,1990-2010,132_TX_132_2009_H1003_20260915164522.csv,TIME_MACHINE
2005,범위확인필요,보건범죄특조법(부정식품),1.0,2.0,200.0,1990-2010,132_TX_132_2009_H1003_20260915164522.csv,TIME_MACHINE
2005,범위확인필요,보건범죄특조법(부정의료업자),206.0,216.0,104.9,1990-2010,132_TX_132_2009_H1003_20260915164522.csv,TIME_MACHINE
2005,범위확인필요,보건범죄특조법(부정의약품),7.0,7.0,100.0,1990-2010,132_TX_132_2009_H1003_20260915164522.csv,TIME_MACHINE
2005,범위확인필요,보건범죄특조법(허위정보),1.0,1.0,100.0,1990-2010,132_TX_132_2009_H1003_20260915164522.csv,TIME_MACHINE
2005,범위확인필요,보안관찰법,1.0,1.0,100.0,1990-2010,132_TX_132_2009_H1003_20260915164522.csv,TIME_MACHINE
2005,범위확인필요,복표발매(중개·취득),1.0,1.0,100.0,1990-2010,132_TX_132_2009_H1003_20260915164522.csv,TIME_MACHINE
2005,범위확인필요,부녀매매,,2.0,200.0,1990-2010,132_TX_132_2009_H1003_20260915164522.csv,TIME_MACHINE
2005,범위확인필요,부녀매매(상습),,1.0,100.0,1990-2010,132_TX_132_2009_H1003_20260915164522.csv,TIME_MACHINE
2005,범위확인필요,부당이득,29.0,23.0,79.3,1990-2010,132_TX_132_2009_H1003_20260915164522.csv,TIME_MACHINE
2005,범위확인필요,부동산중개업법,188.0,192.0,102.1,1990-2010,132_TX_132_2009_H1003_20260915164522.csv,TIME_MACHINE
2005,범위확인필요,부정경쟁방지 및 영업비밀보호에 관한 법률,184.0,170.0,92.4,1990-2010,132_TX_132_2009_H1003_20260915164522.csv,TIME_MACHINE
2005,범위확인필요,부정수표단속법,6108.0,3787.0,62.0,1990-2010,132_TX_132_2009_H1003_20260915164522.csv,TIME_MACHINE
2005,범위확인필요,비밀침해죄,1.0,2.0,200.0,1990-2010,132_TX_132_2009_H1003_20260915164522.csv,TIME_MACHINE
2005,범위확인필요,사기,51288.0,37020.0,72.2,1990-2010,132_TX_132_2009_H1003_20260915164522.csv,TIME_MACHINE
2005,범위확인필요,사기(상습),147.0,139.0,94.6,1990-2010,132_TX_132_2009_H1003_20260915164522.csv,TIME_MACHINE
2005,범위확인필요,사문서위조·변조,2710.0,2106.0,77.7,1990-2010,132_TX_132_2009_H1003_20260915164522.csv,TIME_MACHINE
2005,범위확인필요,사인등위조·부정사용행사,31.0,23.0,74.2,1990-2010,132_TX_132_2009_H1003_20260915164522.csv,TIME_MACHINE
2005,범위확인필요,사전자기록등위작·변작,27.0,36.0,133.3,1990-2010,132_TX_132_2009_H1003_20260915164522.csv,TIME_MACHINE
2005,범위확인필요,사행행위등 규제 및 처벌특례법,85.0,85.0,100.0,1990-2010,132_TX_132_2009_H1003_20260915164522.csv,TIME_MACHINE
2005,범위확인필요,산림법,11.0,17.0,154.5,1990-2010,132_TX_132_2009_H1003_20260915164522.csv,TIME_MACHINE
2005,범위확인필요,산업안전보건법,6.0,4.0,66.7,1990-2010,132_TX_132_2009_H1003_20260915164522.csv,TIME_MACHINE
2005,범위확인필요,살인,218.0,214.0,98.2,1990-2010,132_TX_132_2009_H1003_20260915164522.csv,TIME_MACHINE
2005,범위확인필요,상법,46.0,2157.0,4689.1,1990-2010,132_TX_132_2009_H1003_20260915164522.csv,TIME_MACHINE
2005,범위확인필요,상습도박,50.0,71.0,142.0,1990-2010,132_TX_132_2009_H1003_20260915164522.csv,TIME_MACHINE
2005,범위확인필요,상습절도,135.0,137.0,101.5,1990-2010,132_TX_132_2009_H1003_20260915164522.csv,TIME_MACHINE
2005,범위확인필요,상습폭행,2.0,3.0,150.0,1990-2010,132_TX_132_2009_H1003_20260915164522.csv,TIME_MACHINE
2005,범위확인필요,상표법,646.0,648.0,100.3,1990-2010,132_TX_132_2009_H1003_20260915164522.csv,TIME_MACHINE
2005,범위확인필요,상해,6347.0,6222.0,98.0,1990-2010,132_TX_132_2009_H1003_20260915164522.csv,TIME_MACHINE
2005,범위확인필요,상해(중),13.0,13.0,100.0,1990-2010,132_TX_132_2009_H1003_20260915164522.csv,TIME_MACHINE
2005,범위확인필요,상해치사,21.0,19.0,90.5,1990-2010,132_TX_132_2009_H1003_20260915164522.csv,TIME_MACHINE
2005,범위확인필요,석유 및 석유대체연료사업법,565.0,736.0,130.3,1990-2010,132_TX_132_2009_H1003_20260915164522.csv,TIME_MACHINE
2005,범위확인필요,석유사업법,322.0,339.0,105.3,1990-2010,132_TX_132_2009_H1003_20260915164522.csv,TIME_MACHINE
2005,범위확인필요,성매매알선등 행위의 처벌에 관한 법률,1087.0,1015.0,93.4,1990-2010,132_TX_132_2009_H1003_20260915164522.csv,TIME_MACHINE
2005,범위확인필요,성폭력범죄의 처벌 및 피해자보호등에 관한 법률,1322.0,1279.0,96.7,1990-2010,132_TX_132_2009_H1003_20260915164522.csv,TIME_MACHINE
2005,범위확인필요,소방법,1.0,1.0,100.0,1990-2010,132_TX_132_2009_H1003_20260915164522.csv,TIME_MACHINE
2005,범위확인필요,소음·진동규제법,17.0,14.0,82.4,1990-2010,132_TX_132_2009_H1003_20260915164522.csv,TIME_MACHINE
2005,범위확인필요,손괴의죄,2087.0,1454.0,69.7,1990-2010,132_TX_132_2009_H1003_20260915164522.csv,TIME_MACHINE
2005,범위확인필요,수도법,4.0,8.0,200.0,1990-2010,132_TX_132_2009_H1003_20260915164522.csv,TIME_MACHINE
2005,범위확인필요,수산물품질관리법,23.0,24.0,104.3,1990-2010,132_TX_132_2009_H1003_20260915164522.csv,TIME_MACHINE
2005,범위확인필요,수산업법,1.0,,,1990-2010,132_TX_132_2009_H1003_20260915164522.csv,TIME_MACHINE
2005,범위확인필요,수산자원보호령,1.0,1.0,100.0,1990-2010,132_TX_132_2009_H1003_20260915164522.csv,TIME_MACHINE
2005,범위확인필요,수질환경보전법,40.0,48.0,120.0,1990-2010,132_TX_132_2009_H1003_20260915164522.csv,TIME_MACHINE
2005,범위확인필요,식품위생법,3086.0,3032.0,98.3,1990-2010,132_TX_132_2009_H1003_20260915164522.csv,TIME_MACHINE
2005,범위확인필요,신앙에 관한 죄,16.0,32.0,200.0,1990-2010,132_TX_132_2009_H1003_20260915164522.csv,TIME_MACHINE
2005,범위확인필요,신용·업무와 경매에 관한 죄,2020.0,1965.0,97.3,1990-2010,132_TX_132_2009_H1003_20260915164522.csv,TIME_MACHINE
2005,범위확인필요,신용정보의 이용 및 보호에 관한 법률,84.0,80.0,95.2,1990-2010,132_TX_132_2009_H1003_20260915164522.csv,TIME_MACHINE
2005,범위확인필요,실용신안법,89.0,80.0,89.9,1990-2010,132_TX_132_2009_H1003_20260915164522.csv,TIME_MACHINE
2005,범위확인필요,실화 및 업무상실화죄,356.0,212.0,59.6,1990-2010,132_TX_132_2009_H1003_20260915164522.csv,TIME_MACHINE
2005,범위확인필요,아동복지법,21.0,17.0,81.0,1990-2010,132_TX_132_2009_H1003_20260915164522.csv,TIME_MACHINE
2005,범위확인필요,액화석유가스의 안전 및 사업관리법,26.0,21.0,80.8,1990-2010,132_TX_132_2009_H1003_20260915164522.csv,TIME_MACHINE
2005,범위확인필요,야간주거침입절도,417.0,410.0,98.3,1990-2010,132_TX_132_2009_H1003_20260915164522.csv,TIME_MACHINE
2005,범위확인필요,야생동식물보호법,1.0,1.0,100.0,1990-2010,132_TX_132_2009_H1003_20260915164522.csv,TIME_MACHINE
2005,범위확인필요,약사법,713.0,802.0,112.5,1990-2010,132_TX_132_2009_H1003_20260915164522.csv,TIME_MACHINE
2005,범위확인필요,양곡관리법,1.0,1.0,100.0,1990-2010,132_TX_132_2009_H1003_20260915164522.csv,TIME_MACHINE
2005,범위확인필요,업무상배임,455.0,392.0,86.2,1990-2010,132_TX_132_2009_H1003_20260915164522.csv,TIME_MACHINE
2005,범위확인필요,업무상횡령,2208.0,1824.0,82.6,1990-2010,132_TX_132_2009_H1003_20260915164522.csv,TIME_MACHINE
2005,범위확인필요,여객자동차운수사업법,69.0,73.0,105.8,1990-2010,132_TX_132_2009_H1003_20260915164522.csv,TIME_MACHINE
2005,범위확인필요,여권법,41.0,29.0,70.7,1990-2010,132_TX_132_2009_H1003_20260915164522.csv,TIME_MACHINE
2005,범위확인필요,여신전문금융업법위반,698.0,545.0,78.1,1990-2010,132_TX_132_2009_H1003_20260915164522.csv,TIME_MACHINE
2005,범위확인필요,영아살해,1.0,1.0,100.0,1990-2010,132_TX_132_2009_H1003_20260915164522.csv,TIME_MACHINE
2005,범위확인필요,오수·분뇨 및 축산폐수의 처리에 관한 법률,3.0,5.0,166.7,1990-2010,132_TX_132_2009_H1003_20260915164522.csv,TIME_MACHINE
2005,범위확인필요,옥외광고물등관리법,197.0,158.0,80.2,1990-2010,132_TX_132_2009_H1003_20260915164522.csv,TIME_MACHINE
2005,범위확인필요,외국환거래법,336.0,58.0,17.3,1990-2010,132_TX_132_2009_H1003_20260915164522.csv,TIME_MACHINE
2005,범위확인필요,위증죄,600.0,490.0,81.7,1990-2010,132_TX_132_2009_H1003_20260915164522.csv,TIME_MACHINE
2005,범위확인필요,유가증권위(변)조,733.0,431.0,58.8,1990-2010,132_TX_132_2009_H1003_20260915164522.csv,TIME_MACHINE
2005,범위확인필요,유기의 죄,30.0,16.0,53.3,1990-2010,132_TX_132_2009_H1003_20260915164522.csv,TIME_MACHINE
2005,범위확인필요,유사수신행위의 규제에 관한 법률,152.0,101.0,66.4,1990-2010,132_TX_132_2009_H1003_20260915164522.csv,TIME_MACHINE
2005,범위확인필요,유선 및 도선사업법,1.0,1.0,100.0,1990-2010,132_TX_132_2009_H1003_20260915164522.csv,TIME_MACHINE
2005,범위확인필요,유실물 표류물 점유이탈물 매장물횡령,702.0,568.0,80.9,1990-2010,132_TX_132_2009_H1003_20260915164522.csv,TIME_MACHINE
2005,범위확인필요,유해화학물질관리법,55.0,57.0,103.6,1990-2010,132_TX_132_2009_H1003_20260915164522.csv,TIME_MACHINE
2005,범위확인필요,유해화학물질관리법(환각물질흡입등),154.0,155.0,100.6,1990-2010,132_TX_132_2009_H1003_20260915164522.csv,TIME_MACHINE
2005,범위확인필요,윤락행위등방지법,27.0,35.0,129.6,1990-2010,132_TX_132_2009_H1003_20260915164522.csv,TIME_MACHINE
2005,범위확인필요,음반·비디오물 및 게임물에 관한법률,3095.0,3050.0,98.5,1990-2010,132_TX_132_2009_H1003_20260915164522.csv,TIME_MACHINE
2005,범위확인필요,음용수에 관한 죄,1.0,,0.0,1990-2010,132_TX_132_2009_H1003_20260915164522.csv,TIME_MACHINE
2005,범위확인필요,음화등반포(판매·임대·전시·제조),7.0,6.0,85.7,1990-2010,132_TX_132_2009_H1003_20260915164522.csv,TIME_MACHINE
2005,범위확인필요,의료기기법,209.0,188.0,90.0,1990-2010,132_TX_132_2009_H1003_20260915164522.csv,TIME_MACHINE
2005,범위확인필요,의료법,549.0,542.0,98.7,1990-2010,132_TX_132_2009_H1003_20260915164522.csv,TIME_MACHINE
2005,범위확인필요,의장법,55.0,53.0,96.4,1990-2010,132_TX_132_2009_H1003_20260915164522.csv,TIME_MACHINE
2005,범위확인필요,인질강도,37.0,49.0,132.4,1990-2010,132_TX_132_2009_H1003_20260915164522.csv,TIME_MACHINE
2005,범위확인필요,일반(건조물등)방화,25.0,26.0,104.0,1990-2010,132_TX_132_2009_H1003_20260915164522.csv,TIME_MACHINE
2005,범위확인필요,자기소유(건조물등)방화,29.0,29.0,100.0,1990-2010,132_TX_132_2009_H1003_20260915164522.csv,TIME_MACHINE
2005,범위확인필요,자동차·선박등불법사용,36.0,36.0,100.0,1990-2010,132_TX_132_2009_H1003_20260915164522.csv,TIME_MACHINE
2005,범위확인필요,자동차관리법,2277.0,2065.0,90.7,1990-2010,132_TX_132_2009_H1003_20260915164522.csv,TIME_MACHINE
2005,범위확인필요,자동차손해배상보장법,27.0,37.0,137.0,1990-2010,132_TX_132_2009_H1003_20260915164522.csv,TIME_MACHINE
2005,범위확인필요,자살교사·방조,3.0,3.0,100.0,1990-2010,132_TX_132_2009_H1003_20260915164522.csv,TIME_MACHINE
2005,범위확인필요,자연공원법,8.0,10.0,125.0,1990-2010,132_TX_132_2009_H1003_20260915164522.csv,TIME_MACHINE
2005,범위확인필요,자연환경보전법,1.0,2.0,200.0,1990-2010,132_TX_132_2009_H1003_20260915164522.csv,TIME_MACHINE
2005,범위확인필요,장물에 관한죄,514.0,515.0,100.2,1990-2010,132_TX_132_2009_H1003_20260915164522.csv,TIME_MACHINE
2005,범위확인필요,장사등에 관한 법률,7.0,18.0,257.1,1990-2010,132_TX_132_2009_H1003_20260915164522.csv,TIME_MACHINE
2005,범위확인필요,저작권법,2630.0,1526.0,58.0,1990-2010,132_TX_132_2009_H1003_20260915164522.csv,TIME_MACHINE
2005,범위확인필요,전기통신기본법,6.0,7.0,116.7,1990-2010,132_TX_132_2009_H1003_20260915164522.csv,TIME_MACHINE
2005,범위확인필요,전기통신사업법,46.0,37.0,80.4,1990-2010,132_TX_132_2009_H1003_20260915164522.csv,TIME_MACHINE
2005,범위확인필요,전염병예방법,1.0,1.0,100.0,1990-2010,132_TX_132_2009_H1003_20260915164522.csv,TIME_MACHINE
2005,범위확인필요,전투경찰대설치법,29.0,14.0,48.3,1990-2010,132_TX_132_2009_H1003_20260915164522.csv,TIME_MACHINE
2005,범위확인필요,전파법,39.0,36.0,92.3,1990-2010,132_TX_132_2009_H1003_20260915164522.csv,TIME_MACHINE
2005,범위확인필요,절도,27360.0,14447.0,52.8,1990-2010,132_TX_132_2009_H1003_20260915164522.csv,TIME_MACHINE
2005,범위확인필요,절도범,33982.0,21548.0,63.4,1990-2010,132_TX_132_2009_H1003_20260915164522.csv,TIME_MACHINE
2005,범위확인필요,정보통신망 이용촉진 및 정보보호등에 관한 법률,1308.0,1378.0,105.4,1990-2010,132_TX_132_2009_H1003_20260915164522.csv,TIME_MACHINE
2005,범위확인필요,조세범처벌법,2097.0,1456.0,69.4,1990-2010,132_TX_132_2009_H1003_20260915164522.csv,TIME_MACHINE
2005,범위확인필요,조수보호 및 수렵에 관한 법률,,28.0,2800.0,1990-2010,132_TX_132_2009_H1003_20260915164522.csv,TIME_MACHINE
2005,범위확인필요,존속살해,10.0,9.0,90.0,1990-2010,132_TX_132_2009_H1003_20260915164522.csv,TIME_MACHINE
2005,범위확인필요,존속상해,114.0,117.0,102.6,1990-2010,132_TX_132_2009_H1003_20260915164522.csv,TIME_MACHINE
2005,범위확인필요,존속상해치사,3.0,3.0,100.0,1990-2010,132_TX_132_2009_H1003_20260915164522.csv,TIME_MACHINE
2005,범위확인필요,존속체포감금,,1.0,100.0,1990-2010,132_TX_132_2009_H1003_20260915164522.csv,TIME_MACHINE
2005,범위확인필요,존속폭행,124.0,123.0,99.2,1990-2010,132_TX_132_2009_H1003_20260915164522.csv,TIME_MACHINE
2005,범위확인필요,존속폭행치사,1.0,1.0,100.0,1990-2010,132_TX_132_2009_H1003_20260915164522.csv,TIME_MACHINE
2005,범위확인필요,존속협박,6.0,6.0,100.0,1990-2010,132_TX_132_2009_H1003_20260915164522.csv,TIME_MACHINE
2005,범위확인필요,주거침입의 죄,490.0,480.0,98.0,1990-2010,132_TX_132_2009_H1003_20260915164522.csv,TIME_MACHINE
2005,범위확인필요,주민등록법,81.0,82.0,101.2,1990-2010,132_TX_132_2009_H1003_20260915164522.csv,TIME_MACHINE
2005,범위확인필요,주차장법,517.0,484.0,93.6,1990-2010,132_TX_132_2009_H1003_20260915164522.csv,TIME_MACHINE
2005,범위확인필요,주택건설촉진법,1.0,2.0,200.0,1990-2010,132_TX_132_2009_H1003_20260915164522.csv,TIME_MACHINE
2005,범위확인필요,준강간,59.0,57.0,96.6,1990-2010,132_TX_132_2009_H1003_20260915164522.csv,TIME_MACHINE
2005,범위확인필요,준강도,78.0,77.0,98.7,1990-2010,132_TX_132_2009_H1003_20260915164522.csv,TIME_MACHINE
2005,범위확인필요,준사기,5.0,6.0,120.0,1990-2010,132_TX_132_2009_H1003_20260915164522.csv,TIME_MACHINE
2005,범위확인필요,증권거래법,24.0,18.0,75.0,1990-2010,132_TX_132_2009_H1003_20260915164522.csv,TIME_MACHINE
2005,범위확인필요,지능범,65607.0,47760.0,72.8,1990-2010,132_TX_132_2009_H1003_20260915164522.csv,TIME_MACHINE
2005,범위확인필요,지방세법,22.0,21.0,95.5,1990-2010,132_TX_132_2009_H1003_20260915164522.csv,TIME_MACHINE
2005,범위확인필요,지하수법,5.0,6.0,120.0,1990-2010,132_TX_132_2009_H1003_20260915164522.csv,TIME_MACHINE
2005,범위확인필요,직권남용(권리행사방해체포·감금),19.0,18.0,94.7,1990-2010,132_TX_132_2009_H1003_20260915164522.csv,TIME_MACHINE
2005,범위확인필요,직무유기·수행거부,36.0,28.0,77.8,1990-2010,132_TX_132_2009_H1003_20260915164522.csv,TIME_MACHINE
2005,범위확인필요,직업안정법,188.0,185.0,98.4,1990-2010,132_TX_132_2009_H1003_20260915164522.csv,TIME_MACHINE
2005,범위확인필요,집회 및 시위에 관한 법률,543.0,527.0,97.1,1990-2010,132_TX_132_2009_H1003_20260915164522.csv,TIME_MACHINE
2005,범위확인필요,철도법,383.0,380.0,99.2,1990-2010,132_TX_132_2009_H1003_20260915164522.csv,TIME_MACHINE
2005,범위확인필요,청소년보호법,1484.0,1405.0,94.7,1990-2010,132_TX_132_2009_H1003_20260915164522.csv,TIME_MACHINE
2005,범위확인필요,청소년성보호에 관한 법률,494.0,530.0,107.3,1990-2010,132_TX_132_2009_H1003_20260915164522.csv,TIME_MACHINE
2005,범위확인필요,체포·감금치사·상(중·특수·상습),5.0,6.0,120.0,1990-2010,132_TX_132_2009_H1003_20260915164522.csv,TIME_MACHINE
2005,범위확인필요,체포감금,49.0,50.0,102.0,1990-2010,132_TX_132_2009_H1003_20260915164522.csv,TIME_MACHINE
2005,범위확인필요,체포감금(중),2.0,2.0,100.0,1990-2010,132_TX_132_2009_H1003_20260915164522.csv,TIME_MACHINE
2005,범위확인필요,체포감금(특수),1.0,,0.0,1990-2010,132_TX_132_2009_H1003_20260915164522.csv,TIME_MACHINE
2005,범위확인필요,총범죄,350505.0,308483.0,88.0,1990-2010,132_TX_132_2009_H1003_20260915164522.csv,TIME_MACHINE
2005,범위확인필요,총포·도검·화약류단속법,48.0,45.0,93.8,1990-2010,132_TX_132_2009_H1003_20260915164522.csv,TIME_MACHINE
2005,범위확인필요,추행·간음·영리·약취유인,4.0,7.0,175.0,1990-2010,132_TX_132_2009_H1003_20260915164522.csv,TIME_MACHINE
2005,범위확인필요,축산물가공처리법,178.0,191.0,107.3,1990-2010,132_TX_132_2009_H1003_20260915164522.csv,TIME_MACHINE
2005,범위확인필요,출입국관리법,249.0,232.0,93.2,1990-2010,132_TX_132_2009_H1003_20260915164522.csv,TIME_MACHINE
2005,범위확인필요,컴퓨터등사용사기,102.0,67.0,65.7,1990-2010,132_TX_132_2009_H1003_20260915164522.csv,TIME_MACHINE
2005,범위확인필요,컴퓨터프로그램보호법,418.0,310.0,74.2,1990-2010,132_TX_132_2009_H1003_20260915164522.csv,TIME_MACHINE
2005,범위확인필요,토양환경보전법,2.0,2.0,100.0,1990-2010,132_TX_132_2009_H1003_20260915164522.csv,TIME_MACHINE
2005,범위확인필요,통신비밀보호법,35.0,37.0,105.7,1990-2010,132_TX_132_2009_H1003_20260915164522.csv,TIME_MACHINE
2005,범위확인필요,통화위(변)조,611.0,5.0,0.8,1990-2010,132_TX_132_2009_H1003_20260915164522.csv,TIME_MACHINE
2005,범위확인필요,특가법(강도),64.0,34.0,53.1,1990-2010,132_TX_132_2009_H1003_20260915164522.csv,TIME_MACHINE
2005,범위확인필요,특가법(강도상해재범),2.0,1.0,50.0,1990-2010,132_TX_132_2009_H1003_20260915164522.csv,TIME_MACHINE
2005,범위확인필요,특가법(관세),,1.0,100.0,1990-2010,132_TX_132_2009_H1003_20260915164522.csv,TIME_MACHINE
2005,범위확인필요,특가법(뇌물),23.0,21.0,91.3,1990-2010,132_TX_132_2009_H1003_20260915164522.csv,TIME_MACHINE
2005,범위확인필요,특가법(도주차량),1910.0,1341.0,70.2,1990-2010,132_TX_132_2009_H1003_20260915164522.csv,TIME_MACHINE
2005,범위확인필요,특가법(범죄단체조직),14.0,18.0,128.6,1990-2010,132_TX_132_2009_H1003_20260915164522.csv,TIME_MACHINE
2005,범위확인필요,특가법(보복범죄등),5.0,6.0,120.0,1990-2010,132_TX_132_2009_H1003_20260915164522.csv,TIME_MACHINE
2005,범위확인필요,특가법(알선수재),2.0,2.0,100.0,1990-2010,132_TX_132_2009_H1003_20260915164522.csv,TIME_MACHINE
2005,범위확인필요,특가법(영리약취·유인),5.0,6.0,120.0,1990-2010,132_TX_132_2009_H1003_20260915164522.csv,TIME_MACHINE
2005,범위확인필요,특가법(장물),206.0,203.0,98.5,1990-2010,132_TX_132_2009_H1003_20260915164522.csv,TIME_MACHINE
2005,범위확인필요,특가법(절도),2150.0,2304.0,107.2,1990-2010,132_TX_132_2009_H1003_20260915164522.csv,TIME_MACHINE
2005,범위확인필요,특가법(조세),5.0,4.0,80.0,1990-2010,132_TX_132_2009_H1003_20260915164522.csv,TIME_MACHINE
2005,범위확인필요,특가법(통화위조),18.0,3.0,16.7,1990-2010,132_TX_132_2009_H1003_20260915164522.csv,TIME_MACHINE
2005,범위확인필요,특경법(공갈),5.0,6.0,120.0,1990-2010,132_TX_132_2009_H1003_20260915164522.csv,TIME_MACHINE
2005,범위확인필요,특경법(배임),79.0,68.0,86.1,1990-2010,132_TX_132_2009_H1003_20260915164522.csv,TIME_MACHINE
2005,범위확인필요,특경법(사금융알선등),3.0,1.0,33.3,1990-2010,132_TX_132_2009_H1003_20260915164522.csv,TIME_MACHINE
2005,범위확인필요,특경법(사기),417.0,317.0,76.0,1990-2010,132_TX_132_2009_H1003_20260915164522.csv,TIME_MACHINE
2005,범위확인필요,특경법(수재등),5.0,4.0,80.0,1990-2010,132_TX_132_2009_H1003_20260915164522.csv,TIME_MACHINE
2005,범위확인필요,특경법(알선수재),12.0,8.0,66.7,1990-2010,132_TX_132_2009_H1003_20260915164522.csv,TIME_MACHINE
2005,범위확인필요,특경법(재산국외도피),1.0,,0.0,1990-2010,132_TX_132_2009_H1003_20260915164522.csv,TIME_MACHINE
2005,범위확인필요,특경법(횡령),112.0,95.0,84.8,1990-2010,132_TX_132_2009_H1003_20260915164522.csv,TIME_MACHINE
2005,범위확인필요,특별법범,159813.0,152804.0,95.6,1990-2010,132_TX_132_2009_H1003_20260915164522.csv,TIME_MACHINE
2005,범위확인필요,특수강도,379.0,361.0,95.3,1990-2010,132_TX_132_2009_H1003_20260915164522.csv,TIME_MACHINE
2005,범위확인필요,특수절도,3884.0,4214.0,108.5,1990-2010,132_TX_132_2009_H1003_20260915164522.csv,TIME_MACHINE
2005,범위확인필요,특수폭행,6.0,5.0,83.3,1990-2010,132_TX_132_2009_H1003_20260915164522.csv,TIME_MACHINE
2005,범위확인필요,특허법,86.0,75.0,87.2,1990-2010,132_TX_132_2009_H1003_20260915164522.csv,TIME_MACHINE
2005,범위확인필요,폐기물관리법,19.0,30.0,157.9,1990-2010,132_TX_132_2009_H1003_20260915164522.csv,TIME_MACHINE
2005,범위확인필요,폭력범,74816.0,71291.0,95.3,1990-2010,132_TX_132_2009_H1003_20260915164522.csv,TIME_MACHINE
2005,범위확인필요,폭력행위등처벌에 관한 법률 위반,58923.0,56435.0,95.8,1990-2010,132_TX_132_2009_H1003_20260915164522.csv,TIME_MACHINE
2005,범위확인필요,폭발물파열(과실),3.0,3.0,100.0,1990-2010,132_TX_132_2009_H1003_20260915164522.csv,TIME_MACHINE
2005,범위확인필요,폭행,6197.0,6004.0,96.9,1990-2010,132_TX_132_2009_H1003_20260915164522.csv,TIME_MACHINE
2005,범위확인필요,폭행치사,24.0,24.0,100.0,1990-2010,132_TX_132_2009_H1003_20260915164522.csv,TIME_MACHINE
2005,범위확인필요,폭행치상,86.0,86.0,100.0,1990-2010,132_TX_132_2009_H1003_20260915164522.csv,TIME_MACHINE
2005,범위확인필요,풍속범,1770.0,1702.0,96.2,1990-2010,132_TX_132_2009_H1003_20260915164522.csv,TIME_MACHINE
2005,범위확인필요,풍속영업의 규제에 관한 법률,18.0,16.0,88.9,1990-2010,132_TX_132_2009_H1003_20260915164522.csv,TIME_MACHINE
2005,범위확인필요,하천법,36.0,30.0,83.3,1990-2010,132_TX_132_2009_H1003_20260915164522.csv,TIME_MACHINE
2005,범위확인필요,학교보건법,425.0,413.0,97.2,1990-2010,132_TX_132_2009_H1003_20260915164522.csv,TIME_MACHINE
2005,범위확인필요,학원의설립·운영 및 과외교섭에 관한법률,125.0,112.0,89.6,1990-2010,132_TX_132_2009_H1003_20260915164522.csv,TIME_MACHINE
2005,범위확인필요,향토예비군설치법,5966.0,4700.0,78.8,1990-2010,132_TX_132_2009_H1003_20260915164522.csv,TIME_MACHINE
2005,범위확인필요,허위감정·증거인멸은닉·증인은닉죄,13.0,11.0,84.6,1990-2010,132_TX_132_2009_H1003_20260915164522.csv,TIME_MACHINE
2005,범위확인필요,현주(현존)자동차방화,8.0,8.0,100.0,1990-2010,132_TX_132_2009_H1003_20260915164522.csv,TIME_MACHINE
2005,범위확인필요,현주·현존(건조물등)방화,211.0,210.0,99.5,1990-2010,132_TX_132_2009_H1003_20260915164522.csv,TIME_MACHINE
2005,범위확인필요,현주·현존(건조물등)방화치사,2.0,2.0,100.0,1990-2010,132_TX_132_2009_H1003_20260915164522.csv,TIME_MACHINE
2005,범위확인필요,현주·현존(건조물등)방화치상,7.0,7.0,100.0,1990-2010,132_TX_132_2009_H1003_20260915164522.csv,TIME_MACHINE
2005,범위확인필요,협박,483.0,419.0,86.7,1990-2010,132_TX_132_2009_H1003_20260915164522.csv,TIME_MACHINE
2005,범위확인필요,협박(특수),32.0,33.0,103.1,1990-2010,132_TX_132_2009_H1003_20260915164522.csv,TIME_MACHINE
2005,범위확인필요,형법범,190692.0,155679.0,81.6,1990-2010,132_TX_132_2009_H1003_20260915164522.csv,TIME_MACHINE
2005,범위확인필요,형의실효등에 관한 법률,2.0,2.0,100.0,1990-2010,132_TX_132_2009_H1003_20260915164522.csv,TIME_MACHINE
2005,범위확인필요,혼인빙자간음,183.0,152.0,83.1,1990-2010,132_TX_132_2009_H1003_20260915164522.csv,TIME_MACHINE
2005,범위확인필요,화물자동차운수사업법,166.0,140.0,84.3,1990-2010,132_TX_132_2009_H1003_20260915164522.csv,TIME_MACHINE
2005,범위확인필요,화염병사용등의 처벌에 관한 법률,5.0,4.0,80.0,1990-2010,132_TX_132_2009_H1003_20260915164522.csv,TIME_MACHINE
2005,범위확인필요,횡령,3191.0,2456.0,77.0,1990-2010,132_TX_132_2009_H1003_20260915164522.csv,TIME_MACHINE
2006,범위확인필요,가스·전기·증기공급사용방해,1.0,1.0,100.0,1990-2010,132_TX_132_2009_H1003_20260915164522.csv,TIME_MACHINE
2006,범위확인필요,간통,558.0,515.0,92.3,1990-2010,132_TX_132_2009_H1003_20260915164522.csv,TIME_MACHINE
2006,범위확인필요,강간,2070.0,2007.0,97.0,1990-2010,132_TX_132_2009_H1003_20260915164522.csv,TIME_MACHINE
2006,범위확인필요,강간등상해,24.0,27.0,112.5,1990-2010,132_TX_132_2009_H1003_20260915164522.csv,TIME_MACHINE
2006,범위확인필요,강간치상(준),211.0,218.0,103.3,1990-2010,132_TX_132_2009_H1003_20260915164522.csv,TIME_MACHINE
2006,범위확인필요,강도,1201.0,1112.0,92.6,1990-2010,132_TX_132_2009_H1003_20260915164522.csv,TIME_MACHINE
2006,범위확인필요,강도강간,65.0,46.0,70.8,1990-2010,132_TX_132_2009_H1003_20260915164522.csv,TIME_MACHINE
2006,범위확인필요,강도살인·치사,26.0,32.0,123.1,1990-2010,132_TX_132_2009_H1003_20260915164522.csv,TIME_MACHINE
2006,범위확인필요,강도상해·치상,351.0,347.0,98.9,1990-2010,132_TX_132_2009_H1003_20260915164522.csv,TIME_MACHINE
2006,범위확인필요,강력범,3796.0,3606.0,95.0,1990-2010,132_TX_132_2009_H1003_20260915164522.csv,TIME_MACHINE
2006,범위확인필요,강제추행(준),1279.0,1232.0,96.3,1990-2010,132_TX_132_2009_H1003_20260915164522.csv,TIME_MACHINE
2006,범위확인필요,강제추행치상(준),47.0,45.0,95.7,1990-2010,132_TX_132_2009_H1003_20260915164522.csv,TIME_MACHINE
2006,범위확인필요,건설산업기본법,43.0,33.0,76.7,1990-2010,132_TX_132_2009_H1003_20260915164522.csv,TIME_MACHINE
2006,범위확인필요,건축법,658.0,750.0,114.0,1990-2010,132_TX_132_2009_H1003_20260915164522.csv,TIME_MACHINE
2006,범위확인필요,게임산업진흥에 관한 법률,214.0,214.0,100.0,1990-2010,132_TX_132_2009_H1003_20260915164522.csv,TIME_MACHINE
2006,범위확인필요,경범죄처벌법,46.0,27.0,58.7,1990-2010,132_TX_132_2009_H1003_20260915164522.csv,TIME_MACHINE
2006,범위확인필요,고압가스안전관리법,3.0,2.0,66.7,1990-2010,132_TX_132_2009_H1003_20260915164522.csv,TIME_MACHINE
2006,범위확인필요,골재채취법,3.0,4.0,133.3,1990-2010,132_TX_132_2009_H1003_20260915164522.csv,TIME_MACHINE
2006,범위확인필요,공갈,456.0,418.0,91.7,1990-2010,132_TX_132_2009_H1003_20260915164522.csv,TIME_MACHINE
2006,범위확인필요,공갈(상습),3.0,3.0,100.0,1990-2010,132_TX_132_2009_H1003_20260915164522.csv,TIME_MACHINE
2006,범위확인필요,공공기관의 개인정보보호에 관한 법률,10.0,15.0,150.0,1990-2010,132_TX_132_2009_H1003_20260915164522.csv,TIME_MACHINE
2006,범위확인필요,공무방해에 관한 죄,2638.0,2571.0,97.5,1990-2010,132_TX_132_2009_H1003_20260915164522.csv,TIME_MACHINE
2006,범위확인필요,공무상비밀누설,3.0,2.0,66.7,1990-2010,132_TX_132_2009_H1003_20260915164522.csv,TIME_MACHINE
2006,범위확인필요,공문서위조·변조,1625.0,1238.0,76.2,1990-2010,132_TX_132_2009_H1003_20260915164522.csv,TIME_MACHINE
2006,범위확인필요,공안을 해하는 죄,12.0,13.0,108.3,1990-2010,132_TX_132_2009_H1003_20260915164522.csv,TIME_MACHINE
2006,범위확인필요,공연음란,58.0,57.0,98.3,1990-2010,132_TX_132_2009_H1003_20260915164522.csv,TIME_MACHINE
2006,범위확인필요,공유수면관리법,1.0,2.0,200.0,1990-2010,132_TX_132_2009_H1003_20260915164522.csv,TIME_MACHINE
2006,범위확인필요,공인위조·부정사용행사,50.0,49.0,98.0,1990-2010,132_TX_132_2009_H1003_20260915164522.csv,TIME_MACHINE
2006,범위확인필요,공전자기록등위작·변작,2.0,2.0,100.0,1990-2010,132_TX_132_2009_H1003_20260915164522.csv,TIME_MACHINE
2006,범위확인필요,공중위생관리법,56.0,56.0,100.0,1990-2010,132_TX_132_2009_H1003_20260915164522.csv,TIME_MACHINE
2006,범위확인필요,공직선거 및 선거부정방지법,10.0,11.0,110.0,1990-2010,132_TX_132_2009_H1003_20260915164522.csv,TIME_MACHINE
2006,범위확인필요,공직선거법,295.0,291.0,98.6,1990-2010,132_TX_132_2009_H1003_20260915164522.csv,TIME_MACHINE
2006,범위확인필요,과실사상의 죄,672.0,687.0,102.2,1990-2010,132_TX_132_2009_H1003_20260915164522.csv,TIME_MACHINE
2006,범위확인필요,과실폭발물파열(방출·유출),1.0,1.0,100.0,1990-2010,132_TX_132_2009_H1003_20260915164522.csv,TIME_MACHINE
2006,범위확인필요,관세법,3.0,3.0,100.0,1990-2010,132_TX_132_2009_H1003_20260915164522.csv,TIME_MACHINE
2006,범위확인필요,교통 방해의 죄,93.0,95.0,102.2,1990-2010,132_TX_132_2009_H1003_20260915164522.csv,TIME_MACHINE
2006,범위확인필요,교통사고처리특례법,37100.0,36483.0,98.3,1990-2010,132_TX_132_2009_H1003_20260915164522.csv,TIME_MACHINE
2006,범위확인필요,국가보안법,14.0,8.0,57.1,1990-2010,132_TX_132_2009_H1003_20260915164522.csv,TIME_MACHINE
2006,범위확인필요,국민건강보험법,5.0,3.0,60.0,1990-2010,132_TX_132_2009_H1003_20260915164522.csv,TIME_MACHINE
2006,범위확인필요,국민연금법,5.0,6.0,120.0,1990-2010,132_TX_132_2009_H1003_20260915164522.csv,TIME_MACHINE
2006,범위확인필요,국토의계획 및 이용에 관한 법률,269.0,290.0,107.8,1990-2010,132_TX_132_2009_H1003_20260915164522.csv,TIME_MACHINE
2006,범위확인필요,권리행사를 방해하는 죄,923.0,756.0,81.9,1990-2010,132_TX_132_2009_H1003_20260915164522.csv,TIME_MACHINE
2006,범위확인필요,근로기준법,8.0,6.0,75.0,1990-2010,132_TX_132_2009_H1003_20260915164522.csv,TIME_MACHINE
2006,범위확인필요,기타,15.0,16.0,106.7,1990-2010,132_TX_132_2009_H1003_20260915164522.csv,TIME_MACHINE
2006,범위확인필요,기타통화에 관한 죄,139.0,2.0,1.4,1990-2010,132_TX_132_2009_H1003_20260915164522.csv,TIME_MACHINE
2006,범위확인필요,기타특별법,1857.0,1889.0,101.7,1990-2010,132_TX_132_2009_H1003_20260915164522.csv,TIME_MACHINE
2006,범위확인필요,기타형법범,11608.0,10825.0,93.3,1990-2010,132_TX_132_2009_H1003_20260915164522.csv,TIME_MACHINE
2006,범위확인필요,낙태의 죄,5.0,5.0,100.0,1990-2010,132_TX_132_2009_H1003_20260915164522.csv,TIME_MACHINE
2006,범위확인필요,농산물품질관리법,7.0,8.0,114.3,1990-2010,132_TX_132_2009_H1003_20260915164522.csv,TIME_MACHINE
2006,범위확인필요,농지법,46.0,65.0,141.3,1990-2010,132_TX_132_2009_H1003_20260915164522.csv,TIME_MACHINE
2006,범위확인필요,뇌물공여·약속·의사표시,13.0,13.0,100.0,1990-2010,132_TX_132_2009_H1003_20260915164522.csv,TIME_MACHINE
2006,범위확인필요,뇌물수수·요구·약속,34.0,28.0,82.4,1990-2010,132_TX_132_2009_H1003_20260915164522.csv,TIME_MACHINE
2006,범위확인필요,담배사업법,383.0,379.0,99.0,1990-2010,132_TX_132_2009_H1003_20260915164522.csv,TIME_MACHINE
2006,범위확인필요,대기환경보전법,78.0,77.0,98.7,1990-2010,132_TX_132_2009_H1003_20260915164522.csv,TIME_MACHINE
2006,범위확인필요,대부업의 등록 및 금융이용자보호에 관한 법률,127.0,129.0,101.6,1990-2010,132_TX_132_2009_H1003_20260915164522.csv,TIME_MACHINE
2006,범위확인필요,도로교통법(교통사고),6827.0,6419.0,94.0,1990-2010,132_TX_132_2009_H1003_20260915164522.csv,TIME_MACHINE
2006,범위확인필요,도로교통법(무면허운전),12037.0,12025.0,99.9,1990-2010,132_TX_132_2009_H1003_20260915164522.csv,TIME_MACHINE
2006,범위확인필요,도로교통법(음주운전),47494.0,47595.0,100.2,1990-2010,132_TX_132_2009_H1003_20260915164522.csv,TIME_MACHINE
2006,범위확인필요,도로교통법(음주측정거부),419.0,419.0,100.0,1990-2010,132_TX_132_2009_H1003_20260915164522.csv,TIME_MACHINE
2006,범위확인필요,도로법,1043.0,2072.0,198.7,1990-2010,132_TX_132_2009_H1003_20260915164522.csv,TIME_MACHINE
2006,범위확인필요,도박,1131.0,1130.0,99.9,1990-2010,132_TX_132_2009_H1003_20260915164522.csv,TIME_MACHINE
2006,범위확인필요,도박개장,2185.0,2104.0,96.3,1990-2010,132_TX_132_2009_H1003_20260915164522.csv,TIME_MACHINE
2006,범위확인필요,도시가스사업법,4.0,5.0,125.0,1990-2010,132_TX_132_2009_H1003_20260915164522.csv,TIME_MACHINE
2006,범위확인필요,도시공원법,6.0,5.0,83.3,1990-2010,132_TX_132_2009_H1003_20260915164522.csv,TIME_MACHINE
2006,범위확인필요,도주와 도주원조죄,1.0,,0.0,1990-2010,132_TX_132_2009_H1003_20260915164522.csv,TIME_MACHINE
2006,범위확인필요,독점규제 및 공정거래에 관한 법률,4.0,3.0,75.0,1990-2010,132_TX_132_2009_H1003_20260915164522.csv,TIME_MACHINE
2006,범위확인필요,독직폭행·가혹행위,8.0,10.0,125.0,1990-2010,132_TX_132_2009_H1003_20260915164522.csv,TIME_MACHINE
2006,범위확인필요,마약류 관리에 관한 법률(마약),33.0,40.0,121.2,1990-2010,132_TX_132_2009_H1003_20260915164522.csv,TIME_MACHINE
2006,범위확인필요,마약류관리에 관한법률(대마),99.0,112.0,113.1,1990-2010,132_TX_132_2009_H1003_20260915164522.csv,TIME_MACHINE
2006,범위확인필요,마약류관리에 관한법률(향정),563.0,659.0,117.1,1990-2010,132_TX_132_2009_H1003_20260915164522.csv,TIME_MACHINE
2006,범위확인필요,명예에 관한 죄,1785.0,1532.0,85.8,1990-2010,132_TX_132_2009_H1003_20260915164522.csv,TIME_MACHINE
2006,범위확인필요,무고의 죄,672.0,559.0,83.2,1990-2010,132_TX_132_2009_H1003_20260915164522.csv,TIME_MACHINE
2006,범위확인필요,문화재보호법,6.0,11.0,183.3,1990-2010,132_TX_132_2009_H1003_20260915164522.csv,TIME_MACHINE
2006,범위확인필요,미성년자등간음·추행(심신미약자),16.0,15.0,93.8,1990-2010,132_TX_132_2009_H1003_20260915164522.csv,TIME_MACHINE
2006,범위확인필요,미성년자약취유인,14.0,12.0,85.7,1990-2010,132_TX_132_2009_H1003_20260915164522.csv,TIME_MACHINE
2006,범위확인필요,미성년자의 제강간(강제추행강간살인),10.0,9.0,90.0,1990-2010,132_TX_132_2009_H1003_20260915164522.csv,TIME_MACHINE
2006,범위확인필요,민사소송법,3.0,2.0,66.7,1990-2010,132_TX_132_2009_H1003_20260915164522.csv,TIME_MACHINE
2006,범위확인필요,밀항단속법,15.0,6.0,40.0,1990-2010,132_TX_132_2009_H1003_20260915164522.csv,TIME_MACHINE
2006,범위확인필요,방문판매등에 관한 법률,106.0,102.0,96.2,1990-2010,132_TX_132_2009_H1003_20260915164522.csv,TIME_MACHINE
2006,범위확인필요,방화,326.0,290.0,89.0,1990-2010,132_TX_132_2009_H1003_20260915164522.csv,TIME_MACHINE
2006,범위확인필요,방화연소,40.0,17.0,42.5,1990-2010,132_TX_132_2009_H1003_20260915164522.csv,TIME_MACHINE
2006,범위확인필요,배임,607.0,521.0,85.8,1990-2010,132_TX_132_2009_H1003_20260915164522.csv,TIME_MACHINE
2006,범위확인필요,배임수재,42.0,33.0,78.6,1990-2010,132_TX_132_2009_H1003_20260915164522.csv,TIME_MACHINE
2006,범위확인필요,배임증재,10.0,10.0,100.0,1990-2010,132_TX_132_2009_H1003_20260915164522.csv,TIME_MACHINE
2006,범위확인필요,범인은닉·범인도피죄,25.0,16.0,64.0,1990-2010,132_TX_132_2009_H1003_20260915164522.csv,TIME_MACHINE
2006,범위확인필요,변호사법,157.0,112.0,71.3,1990-2010,132_TX_132_2009_H1003_20260915164522.csv,TIME_MACHINE
2006,범위확인필요,병역법,3467.0,3044.0,87.8,1990-2010,132_TX_132_2009_H1003_20260915164522.csv,TIME_MACHINE
2006,범위확인필요,보건범죄특조법(부정식품),1.0,1.0,100.0,1990-2010,132_TX_132_2009_H1003_20260915164522.csv,TIME_MACHINE
2006,범위확인필요,보건범죄특조법(부정의료업자),115.0,110.0,95.7,1990-2010,132_TX_132_2009_H1003_20260915164522.csv,TIME_MACHINE
2006,범위확인필요,보건범죄특조법(부정의약품),2.0,4.0,200.0,1990-2010,132_TX_132_2009_H1003_20260915164522.csv,TIME_MACHINE
2006,범위확인필요,부녀매매,1.0,,0.0,1990-2010,132_TX_132_2009_H1003_20260915164522.csv,TIME_MACHINE
2006,범위확인필요,부당이득,19.0,18.0,94.7,1990-2010,132_TX_132_2009_H1003_20260915164522.csv,TIME_MACHINE
2006,범위확인필요,부동산중개업법,183.0,169.0,92.3,1990-2010,132_TX_132_2009_H1003_20260915164522.csv,TIME_MACHINE
2006,범위확인필요,부정경쟁방지 및 영업비밀보호에 관한 법률,176.0,155.0,88.1,1990-2010,132_TX_132_2009_H1003_20260915164522.csv,TIME_MACHINE
2006,범위확인필요,부정수표단속법,5803.0,2883.0,49.7,1990-2010,132_TX_132_2009_H1003_20260915164522.csv,TIME_MACHINE
2006,범위확인필요,비밀침해죄,13.0,10.0,76.9,1990-2010,132_TX_132_2009_H1003_20260915164522.csv,TIME_MACHINE
2006,범위확인필요,사격 및 사격장단속법,1.0,2.0,200.0,1990-2010,132_TX_132_2009_H1003_20260915164522.csv,TIME_MACHINE
2006,범위확인필요,사기,51830.0,36517.0,70.5,1990-2010,132_TX_132_2009_H1003_20260915164522.csv,TIME_MACHINE
2006,범위확인필요,사기(상습),219.0,138.0,63.0,1990-2010,132_TX_132_2009_H1003_20260915164522.csv,TIME_MACHINE
2006,범위확인필요,사문서위조·변조,4835.0,4416.0,91.3,1990-2010,132_TX_132_2009_H1003_20260915164522.csv,TIME_MACHINE
2006,범위확인필요,사인등위조·부정사용행사,23.0,18.0,78.3,1990-2010,132_TX_132_2009_H1003_20260915164522.csv,TIME_MACHINE
2006,범위확인필요,사전자기록등위작·변작,13.0,7.0,53.8,1990-2010,132_TX_132_2009_H1003_20260915164522.csv,TIME_MACHINE
2006,범위확인필요,사행행위등 규제 및 처벌특례법,192.0,187.0,97.4,1990-2010,132_TX_132_2009_H1003_20260915164522.csv,TIME_MACHINE
2006,범위확인필요,산림법,9.0,13.0,144.4,1990-2010,132_TX_132_2009_H1003_20260915164522.csv,TIME_MACHINE
2006,범위확인필요,산업안전보건법,1.0,1.0,100.0,1990-2010,132_TX_132_2009_H1003_20260915164522.csv,TIME_MACHINE
2006,범위확인필요,살인,199.0,197.0,99.0,1990-2010,132_TX_132_2009_H1003_20260915164522.csv,TIME_MACHINE
2006,범위확인필요,상법,30.0,24.0,80.0,1990-2010,132_TX_132_2009_H1003_20260915164522.csv,TIME_MACHINE
2006,범위확인필요,상습도박,40.0,24.0,60.0,1990-2010,132_TX_132_2009_H1003_20260915164522.csv,TIME_MACHINE
2006,범위확인필요,상습절도,39.0,28.0,71.8,1990-2010,132_TX_132_2009_H1003_20260915164522.csv,TIME_MACHINE
2006,범위확인필요,상습폭행,3.0,4.0,133.3,1990-2010,132_TX_132_2009_H1003_20260915164522.csv,TIME_MACHINE
2006,범위확인필요,상표법,1215.0,973.0,80.1,1990-2010,132_TX_132_2009_H1003_20260915164522.csv,TIME_MACHINE
2006,범위확인필요,상해,17739.0,17218.0,97.1,1990-2010,132_TX_132_2009_H1003_20260915164522.csv,TIME_MACHINE
2006,범위확인필요,상해(상습),2.0,2.0,100.0,1990-2010,132_TX_132_2009_H1003_20260915164522.csv,TIME_MACHINE
2006,범위확인필요,상해(중),13.0,11.0,84.6,1990-2010,132_TX_132_2009_H1003_20260915164522.csv,TIME_MACHINE
2006,범위확인필요,상해치사,18.0,18.0,100.0,1990-2010,132_TX_132_2009_H1003_20260915164522.csv,TIME_MACHINE
2006,범위확인필요,새마을금고법,1.0,1.0,100.0,1990-2010,132_TX_132_2009_H1003_20260915164522.csv,TIME_MACHINE
2006,범위확인필요,석유 및 석유대체연료사업법,659.0,756.0,114.7,1990-2010,132_TX_132_2009_H1003_20260915164522.csv,TIME_MACHINE
2006,범위확인필요,석유사업법,22.0,27.0,122.7,1990-2010,132_TX_132_2009_H1003_20260915164522.csv,TIME_MACHINE
2006,범위확인필요,선거방해,1.0,1.0,100.0,1990-2010,132_TX_132_2009_H1003_20260915164522.csv,TIME_MACHINE
2006,범위확인필요,성매매알선등 행위의 처벌에 관한 법률,1390.0,1483.0,106.7,1990-2010,132_TX_132_2009_H1003_20260915164522.csv,TIME_MACHINE
2006,범위확인필요,성폭력범죄의 처벌 및 피해자보호등에 관한 법률,1569.0,1516.0,96.6,1990-2010,132_TX_132_2009_H1003_20260915164522.csv,TIME_MACHINE
2006,범위확인필요,소음·진동규제법,18.0,14.0,77.8,1990-2010,132_TX_132_2009_H1003_20260915164522.csv,TIME_MACHINE
2006,범위확인필요,손괴의죄,6050.0,5189.0,85.8,1990-2010,132_TX_132_2009_H1003_20260915164522.csv,TIME_MACHINE
2006,범위확인필요,수도법,5.0,10.0,200.0,1990-2010,132_TX_132_2009_H1003_20260915164522.csv,TIME_MACHINE
2006,범위확인필요,수산물품질관리법,3.0,5.0,166.7,1990-2010,132_TX_132_2009_H1003_20260915164522.csv,TIME_MACHINE
2006,범위확인필요,수산업법,1.0,1.0,100.0,1990-2010,132_TX_132_2009_H1003_20260915164522.csv,TIME_MACHINE
2006,범위확인필요,수산자원보호령,2.0,,0.0,1990-2010,132_TX_132_2009_H1003_20260915164522.csv,TIME_MACHINE
2006,범위확인필요,수질환경보전법,21.0,25.0,119.0,1990-2010,132_TX_132_2009_H1003_20260915164522.csv,TIME_MACHINE
2006,범위확인필요,식품위생법,2381.0,2305.0,96.8,1990-2010,132_TX_132_2009_H1003_20260915164522.csv,TIME_MACHINE
2006,범위확인필요,신앙에 관한 죄,8.0,25.0,312.5,1990-2010,132_TX_132_2009_H1003_20260915164522.csv,TIME_MACHINE
2006,범위확인필요,신용·업무와 경매에 관한 죄,2480.0,2404.0,96.9,1990-2010,132_TX_132_2009_H1003_20260915164522.csv,TIME_MACHINE
2006,범위확인필요,신용정보의 이용 및 보호에 관한 법률,50.0,36.0,72.0,1990-2010,132_TX_132_2009_H1003_20260915164522.csv,TIME_MACHINE
2006,범위확인필요,실용신안법,58.0,52.0,89.7,1990-2010,132_TX_132_2009_H1003_20260915164522.csv,TIME_MACHINE
2006,범위확인필요,실화 및 업무상실화죄,314.0,203.0,64.6,1990-2010,132_TX_132_2009_H1003_20260915164522.csv,TIME_MACHINE
2006,범위확인필요,아동복지법,31.0,31.0,100.0,1990-2010,132_TX_132_2009_H1003_20260915164522.csv,TIME_MACHINE
2006,범위확인필요,액화석유가스의 안전 및 사업관리법,13.0,10.0,76.9,1990-2010,132_TX_132_2009_H1003_20260915164522.csv,TIME_MACHINE
2006,범위확인필요,야간주거침입절도,481.0,467.0,97.1,1990-2010,132_TX_132_2009_H1003_20260915164522.csv,TIME_MACHINE
2006,범위확인필요,야생동식물보호법,3.0,45.0,1500.0,1990-2010,132_TX_132_2009_H1003_20260915164522.csv,TIME_MACHINE
2006,범위확인필요,약사법,278.0,264.0,95.0,1990-2010,132_TX_132_2009_H1003_20260915164522.csv,TIME_MACHINE
2006,범위확인필요,양곡관리법,2.0,2.0,100.0,1990-2010,132_TX_132_2009_H1003_20260915164522.csv,TIME_MACHINE
2006,범위확인필요,업무상배임,493.0,418.0,84.8,1990-2010,132_TX_132_2009_H1003_20260915164522.csv,TIME_MACHINE
2006,범위확인필요,업무상횡령,2052.0,1561.0,76.1,1990-2010,132_TX_132_2009_H1003_20260915164522.csv,TIME_MACHINE
2006,범위확인필요,여객자동차운수사업법,81.0,80.0,98.8,1990-2010,132_TX_132_2009_H1003_20260915164522.csv,TIME_MACHINE
2006,범위확인필요,여권법,29.0,18.0,62.1,1990-2010,132_TX_132_2009_H1003_20260915164522.csv,TIME_MACHINE
2006,범위확인필요,여신전문금융업법위반,852.0,506.0,59.4,1990-2010,132_TX_132_2009_H1003_20260915164522.csv,TIME_MACHINE
2006,범위확인필요,영아살해,2.0,2.0,100.0,1990-2010,132_TX_132_2009_H1003_20260915164522.csv,TIME_MACHINE
2006,범위확인필요,영화 및 비디오물의 진흥에 관한 법률,7.0,7.0,100.0,1990-2010,132_TX_132_2009_H1003_20260915164522.csv,TIME_MACHINE
2006,범위확인필요,오수·분뇨 및 축산폐수의 처리에 관한 법률,5.0,8.0,160.0,1990-2010,132_TX_132_2009_H1003_20260915164522.csv,TIME_MACHINE
2006,범위확인필요,옥외광고물등관리법,306.0,260.0,85.0,1990-2010,132_TX_132_2009_H1003_20260915164522.csv,TIME_MACHINE
2006,범위확인필요,외국환거래법,137.0,46.0,33.6,1990-2010,132_TX_132_2009_H1003_20260915164522.csv,TIME_MACHINE
2006,범위확인필요,우표(인지)등위(변)조,1.0,,0.0,1990-2010,132_TX_132_2009_H1003_20260915164522.csv,TIME_MACHINE
2006,범위확인필요,위증죄,557.0,465.0,83.5,1990-2010,132_TX_132_2009_H1003_20260915164522.csv,TIME_MACHINE
2006,범위확인필요,유가증권위(변)조,1055.0,482.0,45.7,1990-2010,132_TX_132_2009_H1003_20260915164522.csv,TIME_MACHINE
2006,범위확인필요,유기의 죄,33.0,20.0,60.6,1990-2010,132_TX_132_2009_H1003_20260915164522.csv,TIME_MACHINE
2006,범위확인필요,유사수신행위의 규제에 관한 법률,233.0,188.0,80.7,1990-2010,132_TX_132_2009_H1003_20260915164522.csv,TIME_MACHINE
2006,범위확인필요,유실물 표류물 점유이탈물 매장물횡령,607.0,509.0,83.9,1990-2010,132_TX_132_2009_H1003_20260915164522.csv,TIME_MACHINE
2006,범위확인필요,유해화학물질관리법,27.0,28.0,103.7,1990-2010,132_TX_132_2009_H1003_20260915164522.csv,TIME_MACHINE
2006,범위확인필요,유해화학물질관리법(환각물질흡입등),155.0,152.0,98.1,1990-2010,132_TX_132_2009_H1003_20260915164522.csv,TIME_MACHINE
2006,범위확인필요,윤락행위등방지법,5.0,6.0,120.0,1990-2010,132_TX_132_2009_H1003_20260915164522.csv,TIME_MACHINE
2006,범위확인필요,음반·비디오물 및 게임물에 관한법률,5199.0,5130.0,98.7,1990-2010,132_TX_132_2009_H1003_20260915164522.csv,TIME_MACHINE
2006,범위확인필요,음악산업진흥에 관한 법률,285.0,283.0,99.3,1990-2010,132_TX_132_2009_H1003_20260915164522.csv,TIME_MACHINE
2006,범위확인필요,음행매개,1.0,1.0,100.0,1990-2010,132_TX_132_2009_H1003_20260915164522.csv,TIME_MACHINE
2006,범위확인필요,음화등반포(판매·임대·전시·제조),9.0,9.0,100.0,1990-2010,132_TX_132_2009_H1003_20260915164522.csv,TIME_MACHINE
2006,범위확인필요,의료기기법,179.0,172.0,96.1,1990-2010,132_TX_132_2009_H1003_20260915164522.csv,TIME_MACHINE
2006,범위확인필요,의료법,499.0,477.0,95.6,1990-2010,132_TX_132_2009_H1003_20260915164522.csv,TIME_MACHINE
2006,범위확인필요,의장법,13.0,11.0,84.6,1990-2010,132_TX_132_2009_H1003_20260915164522.csv,TIME_MACHINE
2006,범위확인필요,인질강도,31.0,35.0,112.9,1990-2010,132_TX_132_2009_H1003_20260915164522.csv,TIME_MACHINE
2006,범위확인필요,일반(건조물등)방화,37.0,32.0,86.5,1990-2010,132_TX_132_2009_H1003_20260915164522.csv,TIME_MACHINE
2006,범위확인필요,일수와 수리에 관한 죄,1.0,1.0,100.0,1990-2010,132_TX_132_2009_H1003_20260915164522.csv,TIME_MACHINE
2006,범위확인필요,자기소유(건조물등)방화,31.0,31.0,100.0,1990-2010,132_TX_132_2009_H1003_20260915164522.csv,TIME_MACHINE
2006,범위확인필요,자동차·선박등불법사용,29.0,30.0,103.4,1990-2010,132_TX_132_2009_H1003_20260915164522.csv,TIME_MACHINE
2006,범위확인필요,자동차관리법,2303.0,2069.0,89.8,1990-2010,132_TX_132_2009_H1003_20260915164522.csv,TIME_MACHINE
2006,범위확인필요,자동차손해배상보장법,36.0,29.0,80.6,1990-2010,132_TX_132_2009_H1003_20260915164522.csv,TIME_MACHINE
2006,범위확인필요,자살교사·방조,3.0,3.0,100.0,1990-2010,132_TX_132_2009_H1003_20260915164522.csv,TIME_MACHINE
2006,범위확인필요,자연공원법,13.0,19.0,146.2,1990-2010,132_TX_132_2009_H1003_20260915164522.csv,TIME_MACHINE
2006,범위확인필요,장물에 관한죄,475.0,581.0,122.3,1990-2010,132_TX_132_2009_H1003_20260915164522.csv,TIME_MACHINE
2006,범위확인필요,장사등에 관한 법률,4.0,11.0,275.0,1990-2010,132_TX_132_2009_H1003_20260915164522.csv,TIME_MACHINE
2006,범위확인필요,저작권법,3500.0,1906.0,54.5,1990-2010,132_TX_132_2009_H1003_20260915164522.csv,TIME_MACHINE
2006,범위확인필요,전기통신기본법,1.0,1.0,100.0,1990-2010,132_TX_132_2009_H1003_20260915164522.csv,TIME_MACHINE
2006,범위확인필요,전기통신사업법,12.0,14.0,116.7,1990-2010,132_TX_132_2009_H1003_20260915164522.csv,TIME_MACHINE
2006,범위확인필요,전투경찰대설치법,26.0,19.0,73.1,1990-2010,132_TX_132_2009_H1003_20260915164522.csv,TIME_MACHINE
2006,범위확인필요,전파법,20.0,19.0,95.0,1990-2010,132_TX_132_2009_H1003_20260915164522.csv,TIME_MACHINE
2006,범위확인필요,절도,23393.0,12802.0,54.7,1990-2010,132_TX_132_2009_H1003_20260915164522.csv,TIME_MACHINE
2006,범위확인필요,절도범,29257.0,18608.0,63.6,1990-2010,132_TX_132_2009_H1003_20260915164522.csv,TIME_MACHINE
2006,범위확인필요,정보통신망 이용촉진 및 정보보호등에 관한 법률,1910.0,1649.0,86.3,1990-2010,132_TX_132_2009_H1003_20260915164522.csv,TIME_MACHINE
2006,범위확인필요,조세범처벌법,2634.0,1772.0,67.3,1990-2010,132_TX_132_2009_H1003_20260915164522.csv,TIME_MACHINE
2006,범위확인필요,조수보호 및 수렵에 관한 법률,,1.0,100.0,1990-2010,132_TX_132_2009_H1003_20260915164522.csv,TIME_MACHINE
2006,범위확인필요,존속살해,5.0,5.0,100.0,1990-2010,132_TX_132_2009_H1003_20260915164522.csv,TIME_MACHINE
2006,범위확인필요,존속상해,91.0,90.0,98.9,1990-2010,132_TX_132_2009_H1003_20260915164522.csv,TIME_MACHINE
2006,범위확인필요,존속상해(상습),1.0,1.0,100.0,1990-2010,132_TX_132_2009_H1003_20260915164522.csv,TIME_MACHINE
2006,범위확인필요,존속상해(중),2.0,2.0,100.0,1990-2010,132_TX_132_2009_H1003_20260915164522.csv,TIME_MACHINE
2006,범위확인필요,존속체포감금,2.0,1.0,50.0,1990-2010,132_TX_132_2009_H1003_20260915164522.csv,TIME_MACHINE
2006,범위확인필요,존속폭행,136.0,135.0,99.3,1990-2010,132_TX_132_2009_H1003_20260915164522.csv,TIME_MACHINE
2006,범위확인필요,존속폭행(상습),1.0,1.0,100.0,1990-2010,132_TX_132_2009_H1003_20260915164522.csv,TIME_MACHINE
2006,범위확인필요,존속폭행(특수),1.0,1.0,100.0,1990-2010,132_TX_132_2009_H1003_20260915164522.csv,TIME_MACHINE
2006,범위확인필요,존속폭행치상,3.0,3.0,100.0,1990-2010,132_TX_132_2009_H1003_20260915164522.csv,TIME_MACHINE
2006,범위확인필요,존속협박,7.0,7.0,100.0,1990-2010,132_TX_132_2009_H1003_20260915164522.csv,TIME_MACHINE
2006,범위확인필요,존속협박(특수),1.0,1.0,100.0,1990-2010,132_TX_132_2009_H1003_20260915164522.csv,TIME_MACHINE
2006,범위확인필요,주거침입의 죄,862.0,841.0,97.6,1990-2010,132_TX_132_2009_H1003_20260915164522.csv,TIME_MACHINE
2006,범위확인필요,주민등록법,132.0,131.0,99.2,1990-2010,132_TX_132_2009_H1003_20260915164522.csv,TIME_MACHINE
2006,범위확인필요,주차장법,469.0,446.0,95.1,1990-2010,132_TX_132_2009_H1003_20260915164522.csv,TIME_MACHINE
2006,범위확인필요,주택건설촉진법,4.0,3.0,75.0,1990-2010,132_TX_132_2009_H1003_20260915164522.csv,TIME_MACHINE
2006,범위확인필요,준강간,91.0,95.0,104.4,1990-2010,132_TX_132_2009_H1003_20260915164522.csv,TIME_MACHINE
2006,범위확인필요,준강도,67.0,63.0,94.0,1990-2010,132_TX_132_2009_H1003_20260915164522.csv,TIME_MACHINE
2006,범위확인필요,준사기,6.0,6.0,100.0,1990-2010,132_TX_132_2009_H1003_20260915164522.csv,TIME_MACHINE
2006,범위확인필요,준특수강도,1.0,1.0,100.0,1990-2010,132_TX_132_2009_H1003_20260915164522.csv,TIME_MACHINE
2006,범위확인필요,증권거래법,15.0,12.0,80.0,1990-2010,132_TX_132_2009_H1003_20260915164522.csv,TIME_MACHINE
2006,범위확인필요,지능범,68743.0,48937.0,71.2,1990-2010,132_TX_132_2009_H1003_20260915164522.csv,TIME_MACHINE
2006,범위확인필요,지방세법,16.0,12.0,75.0,1990-2010,132_TX_132_2009_H1003_20260915164522.csv,TIME_MACHINE
2006,범위확인필요,지하수법,3.0,3.0,100.0,1990-2010,132_TX_132_2009_H1003_20260915164522.csv,TIME_MACHINE
2006,범위확인필요,직권남용(권리행사방해체포·감금),24.0,20.0,83.3,1990-2010,132_TX_132_2009_H1003_20260915164522.csv,TIME_MACHINE
2006,범위확인필요,직무유기·수행거부,60.0,46.0,76.7,1990-2010,132_TX_132_2009_H1003_20260915164522.csv,TIME_MACHINE
2006,범위확인필요,직업안정법,187.0,197.0,105.3,1990-2010,132_TX_132_2009_H1003_20260915164522.csv,TIME_MACHINE
2006,범위확인필요,집회 및 시위에 관한 법률,421.0,391.0,92.9,1990-2010,132_TX_132_2009_H1003_20260915164522.csv,TIME_MACHINE
2006,범위확인필요,철도법,8.0,4.0,50.0,1990-2010,132_TX_132_2009_H1003_20260915164522.csv,TIME_MACHINE
2006,범위확인필요,청소년보호법,1345.0,1319.0,98.1,1990-2010,132_TX_132_2009_H1003_20260915164522.csv,TIME_MACHINE
2006,범위확인필요,청소년성보호에 관한 법률,354.0,405.0,114.4,1990-2010,132_TX_132_2009_H1003_20260915164522.csv,TIME_MACHINE
2006,범위확인필요,체포·감금치사·상(중·특수·상습),8.0,8.0,100.0,1990-2010,132_TX_132_2009_H1003_20260915164522.csv,TIME_MACHINE
2006,범위확인필요,체포감금,86.0,72.0,83.7,1990-2010,132_TX_132_2009_H1003_20260915164522.csv,TIME_MACHINE
2006,범위확인필요,체포감금(중),1.0,1.0,100.0,1990-2010,132_TX_132_2009_H1003_20260915164522.csv,TIME_MACHINE
2006,범위확인필요,총범죄,346733.0,303079.0,87.4,1990-2010,132_TX_132_2009_H1003_20260915164522.csv,TIME_MACHINE
2006,범위확인필요,총포·도검·화약류단속법,29.0,36.0,124.1,1990-2010,132_TX_132_2009_H1003_20260915164522.csv,TIME_MACHINE
2006,범위확인필요,추행·간음·영리·약취유인,7.0,5.0,71.4,1990-2010,132_TX_132_2009_H1003_20260915164522.csv,TIME_MACHINE
2006,범위확인필요,축산물가공처리법,86.0,96.0,111.6,1990-2010,132_TX_132_2009_H1003_20260915164522.csv,TIME_MACHINE
2006,범위확인필요,출입국관리법,472.0,409.0,86.7,1990-2010,132_TX_132_2009_H1003_20260915164522.csv,TIME_MACHINE
2006,범위확인필요,컴퓨터등사용사기,83.0,50.0,60.2,1990-2010,132_TX_132_2009_H1003_20260915164522.csv,TIME_MACHINE
2006,범위확인필요,컴퓨터프로그램보호법,443.0,301.0,67.9,1990-2010,132_TX_132_2009_H1003_20260915164522.csv,TIME_MACHINE
2006,범위확인필요,토양환경보전법,4.0,3.0,75.0,1990-2010,132_TX_132_2009_H1003_20260915164522.csv,TIME_MACHINE
2006,범위확인필요,통신비밀보호법,12.0,17.0,141.7,1990-2010,132_TX_132_2009_H1003_20260915164522.csv,TIME_MACHINE
2006,범위확인필요,통화위(변)조,1082.0,7.0,0.6,1990-2010,132_TX_132_2009_H1003_20260915164522.csv,TIME_MACHINE
2006,범위확인필요,특가법(강도),39.0,38.0,97.4,1990-2010,132_TX_132_2009_H1003_20260915164522.csv,TIME_MACHINE
2006,범위확인필요,특가법(강도상해재범),3.0,3.0,100.0,1990-2010,132_TX_132_2009_H1003_20260915164522.csv,TIME_MACHINE
2006,범위확인필요,특가법(뇌물),9.0,12.0,133.3,1990-2010,132_TX_132_2009_H1003_20260915164522.csv,TIME_MACHINE
2006,범위확인필요,특가법(도주차량),2070.0,1480.0,71.5,1990-2010,132_TX_132_2009_H1003_20260915164522.csv,TIME_MACHINE
2006,범위확인필요,특가법(독직가혹행위),,1.0,100.0,1990-2010,132_TX_132_2009_H1003_20260915164522.csv,TIME_MACHINE
2006,범위확인필요,특가법(범죄단체조직),4.0,6.0,150.0,1990-2010,132_TX_132_2009_H1003_20260915164522.csv,TIME_MACHINE
2006,범위확인필요,특가법(보복범죄등),8.0,8.0,100.0,1990-2010,132_TX_132_2009_H1003_20260915164522.csv,TIME_MACHINE
2006,범위확인필요,특가법(산림),33.0,33.0,100.0,1990-2010,132_TX_132_2009_H1003_20260915164522.csv,TIME_MACHINE
2006,범위확인필요,특가법(알선수재),1.0,1.0,100.0,1990-2010,132_TX_132_2009_H1003_20260915164522.csv,TIME_MACHINE
2006,범위확인필요,특가법(영리약취·유인),2.0,3.0,150.0,1990-2010,132_TX_132_2009_H1003_20260915164522.csv,TIME_MACHINE
2006,범위확인필요,특가법(장물),12.0,13.0,108.3,1990-2010,132_TX_132_2009_H1003_20260915164522.csv,TIME_MACHINE
2006,범위확인필요,특가법(절도),1924.0,1922.0,99.9,1990-2010,132_TX_132_2009_H1003_20260915164522.csv,TIME_MACHINE
2006,범위확인필요,특가법(조세),14.0,12.0,85.7,1990-2010,132_TX_132_2009_H1003_20260915164522.csv,TIME_MACHINE
2006,범위확인필요,특가법(통화위조),52.0,5.0,9.6,1990-2010,132_TX_132_2009_H1003_20260915164522.csv,TIME_MACHINE
2006,범위확인필요,특경법(공갈),3.0,1.0,33.3,1990-2010,132_TX_132_2009_H1003_20260915164522.csv,TIME_MACHINE
2006,범위확인필요,특경법(배임),59.0,50.0,84.7,1990-2010,132_TX_132_2009_H1003_20260915164522.csv,TIME_MACHINE
2006,범위확인필요,특경법(보고의무),1.0,1.0,100.0,1990-2010,132_TX_132_2009_H1003_20260915164522.csv,TIME_MACHINE
2006,범위확인필요,특경법(사금융알선등),1.0,1.0,100.0,1990-2010,132_TX_132_2009_H1003_20260915164522.csv,TIME_MACHINE
2006,범위확인필요,특경법(사기),453.0,293.0,64.7,1990-2010,132_TX_132_2009_H1003_20260915164522.csv,TIME_MACHINE
2006,범위확인필요,특경법(수재등),6.0,6.0,100.0,1990-2010,132_TX_132_2009_H1003_20260915164522.csv,TIME_MACHINE
2006,범위확인필요,특경법(알선수재),6.0,5.0,83.3,1990-2010,132_TX_132_2009_H1003_20260915164522.csv,TIME_MACHINE
2006,범위확인필요,특경법(재산국외도피),1.0,1.0,100.0,1990-2010,132_TX_132_2009_H1003_20260915164522.csv,TIME_MACHINE
2006,범위확인필요,특경법(증재등),1.0,1.0,100.0,1990-2010,132_TX_132_2009_H1003_20260915164522.csv,TIME_MACHINE
2006,범위확인필요,특경법(횡령),105.0,81.0,77.1,1990-2010,132_TX_132_2009_H1003_20260915164522.csv,TIME_MACHINE
2006,범위확인필요,특별법범,158409.0,149578.0,94.4,1990-2010,132_TX_132_2009_H1003_20260915164522.csv,TIME_MACHINE
2006,범위확인필요,특수강도,284.0,288.0,101.4,1990-2010,132_TX_132_2009_H1003_20260915164522.csv,TIME_MACHINE
2006,범위확인필요,특수절도,3382.0,3359.0,99.3,1990-2010,132_TX_132_2009_H1003_20260915164522.csv,TIME_MACHINE
2006,범위확인필요,특수절도(상습),9.0,,0.0,1990-2010,132_TX_132_2009_H1003_20260915164522.csv,TIME_MACHINE
2006,범위확인필요,특수폭행,14.0,14.0,100.0,1990-2010,132_TX_132_2009_H1003_20260915164522.csv,TIME_MACHINE
2006,범위확인필요,특허법,83.0,72.0,86.7,1990-2010,132_TX_132_2009_H1003_20260915164522.csv,TIME_MACHINE
2006,범위확인필요,편의시설부정이용,3.0,3.0,100.0,1990-2010,132_TX_132_2009_H1003_20260915164522.csv,TIME_MACHINE
2006,범위확인필요,폐기물관리법,18.0,28.0,155.6,1990-2010,132_TX_132_2009_H1003_20260915164522.csv,TIME_MACHINE
2006,범위확인필요,폭력범,70729.0,67522.0,95.5,1990-2010,132_TX_132_2009_H1003_20260915164522.csv,TIME_MACHINE
2006,범위확인필요,폭력행위등처벌에 관한 법률 위반,23686.0,22653.0,95.6,1990-2010,132_TX_132_2009_H1003_20260915164522.csv,TIME_MACHINE
2006,범위확인필요,폭발물파열(과실),2.0,2.0,100.0,1990-2010,132_TX_132_2009_H1003_20260915164522.csv,TIME_MACHINE
2006,범위확인필요,폭행,21703.0,21025.0,96.9,1990-2010,132_TX_132_2009_H1003_20260915164522.csv,TIME_MACHINE
2006,범위확인필요,폭행치사,13.0,13.0,100.0,1990-2010,132_TX_132_2009_H1003_20260915164522.csv,TIME_MACHINE
2006,범위확인필요,폭행치상,83.0,78.0,94.0,1990-2010,132_TX_132_2009_H1003_20260915164522.csv,TIME_MACHINE
2006,범위확인필요,풍속범,4191.0,4003.0,95.5,1990-2010,132_TX_132_2009_H1003_20260915164522.csv,TIME_MACHINE
2006,범위확인필요,풍속영업의 규제에 관한 법률,20.0,19.0,95.0,1990-2010,132_TX_132_2009_H1003_20260915164522.csv,TIME_MACHINE
2006,범위확인필요,피보호자(감호자)간음,1.0,1.0,100.0,1990-2010,132_TX_132_2009_H1003_20260915164522.csv,TIME_MACHINE
2006,범위확인필요,피의사실공표,1.0,,0.0,1990-2010,132_TX_132_2009_H1003_20260915164522.csv,TIME_MACHINE
2006,범위확인필요,하수도법,1.0,2.0,200.0,1990-2010,132_TX_132_2009_H1003_20260915164522.csv,TIME_MACHINE
2006,범위확인필요,하천법,5.0,3.0,60.0,1990-2010,132_TX_132_2009_H1003_20260915164522.csv,TIME_MACHINE
2006,범위확인필요,학교보건법,295.0,277.0,93.9,1990-2010,132_TX_132_2009_H1003_20260915164522.csv,TIME_MACHINE
2006,범위확인필요,학원의설립·운영 및 과외교섭에 관한법률,78.0,71.0,91.0,1990-2010,132_TX_132_2009_H1003_20260915164522.csv,TIME_MACHINE
2006,범위확인필요,향토예비군설치법,5361.0,4254.0,79.4,1990-2010,132_TX_132_2009_H1003_20260915164522.csv,TIME_MACHINE
2006,범위확인필요,허위감정·증거인멸은닉·증인은닉죄,12.0,12.0,100.0,1990-2010,132_TX_132_2009_H1003_20260915164522.csv,TIME_MACHINE
2006,범위확인필요,현주(현존)자동차방화,9.0,6.0,66.7,1990-2010,132_TX_132_2009_H1003_20260915164522.csv,TIME_MACHINE
2006,범위확인필요,현주·현존(건조물등)방화,196.0,191.0,97.4,1990-2010,132_TX_132_2009_H1003_20260915164522.csv,TIME_MACHINE
2006,범위확인필요,현주·현존(건조물등)방화치사,2.0,2.0,100.0,1990-2010,132_TX_132_2009_H1003_20260915164522.csv,TIME_MACHINE
2006,범위확인필요,현주·현존(건조물등)방화치상,7.0,7.0,100.0,1990-2010,132_TX_132_2009_H1003_20260915164522.csv,TIME_MACHINE
2006,범위확인필요,협박,540.0,492.0,91.1,1990-2010,132_TX_132_2009_H1003_20260915164522.csv,TIME_MACHINE
2006,범위확인필요,협박(상습),2.0,2.0,100.0,1990-2010,132_TX_132_2009_H1003_20260915164522.csv,TIME_MACHINE
2006,범위확인필요,협박(특수),37.0,38.0,102.7,1990-2010,132_TX_132_2009_H1003_20260915164522.csv,TIME_MACHINE
2006,범위확인필요,형법범,188324.0,153501.0,81.5,1990-2010,132_TX_132_2009_H1003_20260915164522.csv,TIME_MACHINE
2006,범위확인필요,혼인빙자간음,207.0,162.0,78.3,1990-2010,132_TX_132_2009_H1003_20260915164522.csv,TIME_MACHINE
2006,범위확인필요,혼인빙자간음(위계간음),2.0,1.0,50.0,1990-2010,132_TX_132_2009_H1003_20260915164522.csv,TIME_MACHINE
2006,범위확인필요,화물자동차운수사업법,178.0,150.0,84.3,1990-2010,132_TX_132_2009_H1003_20260915164522.csv,TIME_MACHINE
2006,범위확인필요,화염병사용등의 처벌에 관한 법률,5.0,5.0,100.0,1990-2010,132_TX_132_2009_H1003_20260915164522.csv,TIME_MACHINE
2006,범위확인필요,환경범죄의 단속에 관한 특별조치법,1.0,1.0,100.0,1990-2010,132_TX_132_2009_H1003_20260915164522.csv,TIME_MACHINE
2006,범위확인필요,횡령,3111.0,2357.0,75.8,1990-2010,132_TX_132_2009_H1003_20260915164522.csv,TIME_MACHINE
2006,범위확인필요,후천성면역결핍증예방법,2.0,1.0,50.0,1990-2010,132_TX_132_2009_H1003_20260915164522.csv,TIME_MACHINE
2007,범위확인필요,가스·전기·증기공급사용방해,5.0,5.0,100.0,1990-2010,132_TX_132_2009_H1003_20260915164522.csv,TIME_MACHINE
2007,범위확인필요,가스등방류(유출·살포),2.0,2.0,100.0,1990-2010,132_TX_132_2009_H1003_20260915164522.csv,TIME_MACHINE
2007,범위확인필요,간통,552.0,509.0,92.2,1990-2010,132_TX_132_2009_H1003_20260915164522.csv,TIME_MACHINE
2007,범위확인필요,강간,2086.0,2005.0,96.1,1990-2010,132_TX_132_2009_H1003_20260915164522.csv,TIME_MACHINE
2007,범위확인필요,강간등상해,18.0,21.0,116.7,1990-2010,132_TX_132_2009_H1003_20260915164522.csv,TIME_MACHINE
2007,범위확인필요,강간치상(준),186.0,190.0,102.2,1990-2010,132_TX_132_2009_H1003_20260915164522.csv,TIME_MACHINE
2007,범위확인필요,강도,1077.0,982.0,91.2,1990-2010,132_TX_132_2009_H1003_20260915164522.csv,TIME_MACHINE
2007,범위확인필요,강도강간,45.0,45.0,100.0,1990-2010,132_TX_132_2009_H1003_20260915164522.csv,TIME_MACHINE
2007,범위확인필요,강도살인·치사,15.0,14.0,93.3,1990-2010,132_TX_132_2009_H1003_20260915164522.csv,TIME_MACHINE
2007,범위확인필요,강도상해·치상,350.0,348.0,99.4,1990-2010,132_TX_132_2009_H1003_20260915164522.csv,TIME_MACHINE
2007,범위확인필요,강력범,3709.0,3512.0,94.7,1990-2010,132_TX_132_2009_H1003_20260915164522.csv,TIME_MACHINE
2007,범위확인필요,강제추행(준),1368.0,1313.0,96.0,1990-2010,132_TX_132_2009_H1003_20260915164522.csv,TIME_MACHINE
2007,범위확인필요,강제추행치상(준),32.0,33.0,103.1,1990-2010,132_TX_132_2009_H1003_20260915164522.csv,TIME_MACHINE
2007,범위확인필요,건설산업기본법,28.0,33.0,117.9,1990-2010,132_TX_132_2009_H1003_20260915164522.csv,TIME_MACHINE
2007,범위확인필요,건축법,457.0,514.0,112.5,1990-2010,132_TX_132_2009_H1003_20260915164522.csv,TIME_MACHINE
2007,범위확인필요,게임산업진흥에 관한 법률,4234.0,4163.0,98.3,1990-2010,132_TX_132_2009_H1003_20260915164522.csv,TIME_MACHINE
2007,범위확인필요,경범죄처벌법,28.0,16.0,57.1,1990-2010,132_TX_132_2009_H1003_20260915164522.csv,TIME_MACHINE
2007,범위확인필요,계량에 관한 법률,1.0,,0.0,1990-2010,132_TX_132_2009_H1003_20260915164522.csv,TIME_MACHINE
2007,범위확인필요,고압가스안전관리법,2.0,2.0,100.0,1990-2010,132_TX_132_2009_H1003_20260915164522.csv,TIME_MACHINE
2007,범위확인필요,골재채취법,4.0,6.0,150.0,1990-2010,132_TX_132_2009_H1003_20260915164522.csv,TIME_MACHINE
2007,범위확인필요,공갈,516.0,466.0,90.3,1990-2010,132_TX_132_2009_H1003_20260915164522.csv,TIME_MACHINE
2007,범위확인필요,공갈(상습),3.0,3.0,100.0,1990-2010,132_TX_132_2009_H1003_20260915164522.csv,TIME_MACHINE
2007,범위확인필요,공공기관의 개인정보보호에 관한 법률,21.0,20.0,95.2,1990-2010,132_TX_132_2009_H1003_20260915164522.csv,TIME_MACHINE
2007,범위확인필요,공무방해에 관한 죄,3708.0,3628.0,97.8,1990-2010,132_TX_132_2009_H1003_20260915164522.csv,TIME_MACHINE
2007,범위확인필요,공무상비밀누설,3.0,3.0,100.0,1990-2010,132_TX_132_2009_H1003_20260915164522.csv,TIME_MACHINE
2007,범위확인필요,공문서위조·변조,2061.0,1441.0,69.9,1990-2010,132_TX_132_2009_H1003_20260915164522.csv,TIME_MACHINE
2007,범위확인필요,공안을 해하는 죄,11.0,8.0,72.7,1990-2010,132_TX_132_2009_H1003_20260915164522.csv,TIME_MACHINE
2007,범위확인필요,공연음란,78.0,77.0,98.7,1990-2010,132_TX_132_2009_H1003_20260915164522.csv,TIME_MACHINE
2007,범위확인필요,공유수면관리법,,2.0,200.0,1990-2010,132_TX_132_2009_H1003_20260915164522.csv,TIME_MACHINE
2007,범위확인필요,공인위조·부정사용행사,53.0,55.0,103.8,1990-2010,132_TX_132_2009_H1003_20260915164522.csv,TIME_MACHINE
2007,범위확인필요,공전자기록등위작·변작,1.0,1.0,100.0,1990-2010,132_TX_132_2009_H1003_20260915164522.csv,TIME_MACHINE
2007,범위확인필요,공중위생관리법,69.0,70.0,101.4,1990-2010,132_TX_132_2009_H1003_20260915164522.csv,TIME_MACHINE
2007,범위확인필요,공직선거법,188.0,153.0,81.4,1990-2010,132_TX_132_2009_H1003_20260915164522.csv,TIME_MACHINE
2007,범위확인필요,과실사상의 죄,673.0,672.0,99.9,1990-2010,132_TX_132_2009_H1003_20260915164522.csv,TIME_MACHINE
2007,범위확인필요,관세법,4.0,5.0,125.0,1990-2010,132_TX_132_2009_H1003_20260915164522.csv,TIME_MACHINE
2007,범위확인필요,교통 방해의 죄,164.0,163.0,99.4,1990-2010,132_TX_132_2009_H1003_20260915164522.csv,TIME_MACHINE
2007,범위확인필요,교통사고처리특례법,37251.0,36522.0,98.0,1990-2010,132_TX_132_2009_H1003_20260915164522.csv,TIME_MACHINE
2007,범위확인필요,국가보안법,21.0,15.0,71.4,1990-2010,132_TX_132_2009_H1003_20260915164522.csv,TIME_MACHINE
2007,범위확인필요,국민건강보험법,9.0,9.0,100.0,1990-2010,132_TX_132_2009_H1003_20260915164522.csv,TIME_MACHINE
2007,범위확인필요,국민연금법,3.0,2.0,66.7,1990-2010,132_TX_132_2009_H1003_20260915164522.csv,TIME_MACHINE
2007,범위확인필요,국외이송약취유인,1.0,1.0,100.0,1990-2010,132_TX_132_2009_H1003_20260915164522.csv,TIME_MACHINE
2007,범위확인필요,국토의계획 및 이용에 관한 법률,129.0,142.0,110.1,1990-2010,132_TX_132_2009_H1003_20260915164522.csv,TIME_MACHINE
2007,범위확인필요,권리행사를 방해하는 죄,778.0,704.0,90.5,1990-2010,132_TX_132_2009_H1003_20260915164522.csv,TIME_MACHINE
2007,범위확인필요,근로기준법,7.0,8.0,114.3,1990-2010,132_TX_132_2009_H1003_20260915164522.csv,TIME_MACHINE
2007,범위확인필요,기타,15.0,19.0,126.7,1990-2010,132_TX_132_2009_H1003_20260915164522.csv,TIME_MACHINE
2007,범위확인필요,기타통화에 관한 죄,14.0,4.0,28.6,1990-2010,132_TX_132_2009_H1003_20260915164522.csv,TIME_MACHINE
2007,범위확인필요,기타특별법,2659.0,2217.0,83.4,1990-2010,132_TX_132_2009_H1003_20260915164522.csv,TIME_MACHINE
2007,범위확인필요,기타형법범,14470.0,13829.0,95.6,1990-2010,132_TX_132_2009_H1003_20260915164522.csv,TIME_MACHINE
2007,범위확인필요,낙태의 죄,2.0,2.0,100.0,1990-2010,132_TX_132_2009_H1003_20260915164522.csv,TIME_MACHINE
2007,범위확인필요,내수면어업법,,1.0,100.0,1990-2010,132_TX_132_2009_H1003_20260915164522.csv,TIME_MACHINE
2007,범위확인필요,농산물품질관리법,1.0,2.0,200.0,1990-2010,132_TX_132_2009_H1003_20260915164522.csv,TIME_MACHINE
2007,범위확인필요,농지법,32.0,39.0,121.9,1990-2010,132_TX_132_2009_H1003_20260915164522.csv,TIME_MACHINE
2007,범위확인필요,뇌물공여·약속·의사표시,11.0,6.0,54.5,1990-2010,132_TX_132_2009_H1003_20260915164522.csv,TIME_MACHINE
2007,범위확인필요,뇌물수수·요구·약속,32.0,23.0,71.9,1990-2010,132_TX_132_2009_H1003_20260915164522.csv,TIME_MACHINE
2007,범위확인필요,담배사업법,288.0,288.0,100.0,1990-2010,132_TX_132_2009_H1003_20260915164522.csv,TIME_MACHINE
2007,범위확인필요,대기환경보전법,37.0,35.0,94.6,1990-2010,132_TX_132_2009_H1003_20260915164522.csv,TIME_MACHINE
2007,범위확인필요,대부업의 등록 및 금융이용자보호에 관한 법률,556.0,488.0,87.8,1990-2010,132_TX_132_2009_H1003_20260915164522.csv,TIME_MACHINE
2007,범위확인필요,도로교통법(교통사고),7252.0,6904.0,95.2,1990-2010,132_TX_132_2009_H1003_20260915164522.csv,TIME_MACHINE
2007,범위확인필요,도로교통법(무면허운전),17697.0,17714.0,100.1,1990-2010,132_TX_132_2009_H1003_20260915164522.csv,TIME_MACHINE
2007,범위확인필요,도로교통법(음주운전),50337.0,50684.0,100.7,1990-2010,132_TX_132_2009_H1003_20260915164522.csv,TIME_MACHINE
2007,범위확인필요,도로교통법(음주측정거부),473.0,475.0,100.4,1990-2010,132_TX_132_2009_H1003_20260915164522.csv,TIME_MACHINE
2007,범위확인필요,도로법,1204.0,2319.0,192.6,1990-2010,132_TX_132_2009_H1003_20260915164522.csv,TIME_MACHINE
2007,범위확인필요,도박,1293.0,1272.0,98.4,1990-2010,132_TX_132_2009_H1003_20260915164522.csv,TIME_MACHINE
2007,범위확인필요,도박개장,408.0,328.0,80.4,1990-2010,132_TX_132_2009_H1003_20260915164522.csv,TIME_MACHINE
2007,범위확인필요,도시가스사업법,8.0,8.0,100.0,1990-2010,132_TX_132_2009_H1003_20260915164522.csv,TIME_MACHINE
2007,범위확인필요,도시공원및녹지등에관한법률,33.0,33.0,100.0,1990-2010,132_TX_132_2009_H1003_20260915164522.csv,TIME_MACHINE
2007,범위확인필요,도주와 도주원조죄,3.0,5.0,166.7,1990-2010,132_TX_132_2009_H1003_20260915164522.csv,TIME_MACHINE
2007,범위확인필요,독직폭행·가혹행위,15.0,15.0,100.0,1990-2010,132_TX_132_2009_H1003_20260915164522.csv,TIME_MACHINE
2007,범위확인필요,마약류 관리에 관한 법률(마약),37.0,40.0,108.1,1990-2010,132_TX_132_2009_H1003_20260915164522.csv,TIME_MACHINE
2007,범위확인필요,마약류관리에 관한법률(대마),115.0,152.0,132.2,1990-2010,132_TX_132_2009_H1003_20260915164522.csv,TIME_MACHINE
2007,범위확인필요,마약류관리에 관한법률(향정),803.0,966.0,120.3,1990-2010,132_TX_132_2009_H1003_20260915164522.csv,TIME_MACHINE
2007,범위확인필요,명예에 관한 죄,2110.0,1921.0,91.0,1990-2010,132_TX_132_2009_H1003_20260915164522.csv,TIME_MACHINE
2007,범위확인필요,무고의 죄,620.0,544.0,87.7,1990-2010,132_TX_132_2009_H1003_20260915164522.csv,TIME_MACHINE
2007,범위확인필요,문화재보호법,5.0,5.0,100.0,1990-2010,132_TX_132_2009_H1003_20260915164522.csv,TIME_MACHINE
2007,범위확인필요,미성년자등간음·추행(심신미약자),13.0,14.0,107.7,1990-2010,132_TX_132_2009_H1003_20260915164522.csv,TIME_MACHINE
2007,범위확인필요,미성년자약취유인,13.0,14.0,107.7,1990-2010,132_TX_132_2009_H1003_20260915164522.csv,TIME_MACHINE
2007,범위확인필요,미성년자의 제강간(강제추행강간살인),11.0,8.0,72.7,1990-2010,132_TX_132_2009_H1003_20260915164522.csv,TIME_MACHINE
2007,범위확인필요,민사소송법,3.0,4.0,133.3,1990-2010,132_TX_132_2009_H1003_20260915164522.csv,TIME_MACHINE
2007,범위확인필요,밀항단속법,17.0,14.0,82.4,1990-2010,132_TX_132_2009_H1003_20260915164522.csv,TIME_MACHINE
2007,범위확인필요,방문판매등에 관한 법률,100.0,97.0,97.0,1990-2010,132_TX_132_2009_H1003_20260915164522.csv,TIME_MACHINE
2007,범위확인필요,방화,327.0,310.0,94.8,1990-2010,132_TX_132_2009_H1003_20260915164522.csv,TIME_MACHINE
2007,범위확인필요,방화연소,38.0,20.0,52.6,1990-2010,132_TX_132_2009_H1003_20260915164522.csv,TIME_MACHINE
2007,범위확인필요,배임,600.0,544.0,90.7,1990-2010,132_TX_132_2009_H1003_20260915164522.csv,TIME_MACHINE
2007,범위확인필요,배임수재,22.0,17.0,77.3,1990-2010,132_TX_132_2009_H1003_20260915164522.csv,TIME_MACHINE
2007,범위확인필요,배임증재,9.0,5.0,55.6,1990-2010,132_TX_132_2009_H1003_20260915164522.csv,TIME_MACHINE
2007,범위확인필요,범인은닉·범인도피죄,24.0,25.0,104.2,1990-2010,132_TX_132_2009_H1003_20260915164522.csv,TIME_MACHINE
2007,범위확인필요,변호사법,125.0,105.0,84.0,1990-2010,132_TX_132_2009_H1003_20260915164522.csv,TIME_MACHINE
2007,범위확인필요,병역법,3638.0,3341.0,91.8,1990-2010,132_TX_132_2009_H1003_20260915164522.csv,TIME_MACHINE
2007,범위확인필요,보건범죄특조법(부정식품),3.0,1.0,33.3,1990-2010,132_TX_132_2009_H1003_20260915164522.csv,TIME_MACHINE
2007,범위확인필요,보건범죄특조법(부정의료업자),87.0,83.0,95.4,1990-2010,132_TX_132_2009_H1003_20260915164522.csv,TIME_MACHINE
2007,범위확인필요,보건범죄특조법(부정의약품),4.0,2.0,50.0,1990-2010,132_TX_132_2009_H1003_20260915164522.csv,TIME_MACHINE
2007,범위확인필요,부당이득,11.0,15.0,136.4,1990-2010,132_TX_132_2009_H1003_20260915164522.csv,TIME_MACHINE
2007,범위확인필요,부동산중개업법,165.0,158.0,95.8,1990-2010,132_TX_132_2009_H1003_20260915164522.csv,TIME_MACHINE
2007,범위확인필요,부정경쟁방지 및 영업비밀보호에 관한 법률,163.0,146.0,89.6,1990-2010,132_TX_132_2009_H1003_20260915164522.csv,TIME_MACHINE
2007,범위확인필요,부정수표단속법,3681.0,2055.0,55.8,1990-2010,132_TX_132_2009_H1003_20260915164522.csv,TIME_MACHINE
2007,범위확인필요,비밀침해죄,4.0,3.0,75.0,1990-2010,132_TX_132_2009_H1003_20260915164522.csv,TIME_MACHINE
2007,범위확인필요,사기,45109.0,33630.0,74.6,1990-2010,132_TX_132_2009_H1003_20260915164522.csv,TIME_MACHINE
2007,범위확인필요,사기(상습),179.0,110.0,61.5,1990-2010,132_TX_132_2009_H1003_20260915164522.csv,TIME_MACHINE
2007,범위확인필요,사문서위조·변조,2718.0,2183.0,80.3,1990-2010,132_TX_132_2009_H1003_20260915164522.csv,TIME_MACHINE
2007,범위확인필요,사인등위조·부정사용행사,45.0,42.0,93.3,1990-2010,132_TX_132_2009_H1003_20260915164522.csv,TIME_MACHINE
2007,범위확인필요,사전자기록등위작·변작,14.0,15.0,107.1,1990-2010,132_TX_132_2009_H1003_20260915164522.csv,TIME_MACHINE
2007,범위확인필요,사행행위등 규제 및 처벌특례법,245.0,236.0,96.3,1990-2010,132_TX_132_2009_H1003_20260915164522.csv,TIME_MACHINE
2007,범위확인필요,산림법,1.0,1.0,100.0,1990-2010,132_TX_132_2009_H1003_20260915164522.csv,TIME_MACHINE
2007,범위확인필요,산업안전보건법,2.0,2.0,100.0,1990-2010,132_TX_132_2009_H1003_20260915164522.csv,TIME_MACHINE
2007,범위확인필요,살인,219.0,215.0,98.2,1990-2010,132_TX_132_2009_H1003_20260915164522.csv,TIME_MACHINE
2007,범위확인필요,상법,24.0,20.0,83.3,1990-2010,132_TX_132_2009_H1003_20260915164522.csv,TIME_MACHINE
2007,범위확인필요,상습도박,43.0,16.0,37.2,1990-2010,132_TX_132_2009_H1003_20260915164522.csv,TIME_MACHINE
2007,범위확인필요,상습절도,85.0,87.0,102.4,1990-2010,132_TX_132_2009_H1003_20260915164522.csv,TIME_MACHINE
2007,범위확인필요,상습폭행,2.0,1.0,50.0,1990-2010,132_TX_132_2009_H1003_20260915164522.csv,TIME_MACHINE
2007,범위확인필요,상표법,714.0,661.0,92.6,1990-2010,132_TX_132_2009_H1003_20260915164522.csv,TIME_MACHINE
2007,범위확인필요,상해,18683.0,18172.0,97.3,1990-2010,132_TX_132_2009_H1003_20260915164522.csv,TIME_MACHINE
2007,범위확인필요,상해(중),9.0,9.0,100.0,1990-2010,132_TX_132_2009_H1003_20260915164522.csv,TIME_MACHINE
2007,범위확인필요,상해치사,16.0,13.0,81.3,1990-2010,132_TX_132_2009_H1003_20260915164522.csv,TIME_MACHINE
2007,범위확인필요,새마을금고법,3.0,3.0,100.0,1990-2010,132_TX_132_2009_H1003_20260915164522.csv,TIME_MACHINE
2007,범위확인필요,석유 및 석유대체연료사업법,494.0,632.0,127.9,1990-2010,132_TX_132_2009_H1003_20260915164522.csv,TIME_MACHINE
2007,범위확인필요,석유사업법,6.0,8.0,133.3,1990-2010,132_TX_132_2009_H1003_20260915164522.csv,TIME_MACHINE
2007,범위확인필요,선박직원법,2.0,,0.0,1990-2010,132_TX_132_2009_H1003_20260915164522.csv,TIME_MACHINE
2007,범위확인필요,성매매알선등 행위의 처벌에 관한 법률,1713.0,1839.0,107.4,1990-2010,132_TX_132_2009_H1003_20260915164522.csv,TIME_MACHINE
2007,범위확인필요,성폭력범죄의 처벌 및 피해자보호등에 관한 법률,1499.0,1473.0,98.3,1990-2010,132_TX_132_2009_H1003_20260915164522.csv,TIME_MACHINE
2007,범위확인필요,소음·진동규제법,16.0,16.0,100.0,1990-2010,132_TX_132_2009_H1003_20260915164522.csv,TIME_MACHINE
2007,범위확인필요,손괴의죄,7741.0,6626.0,85.6,1990-2010,132_TX_132_2009_H1003_20260915164522.csv,TIME_MACHINE
2007,범위확인필요,수도법,2.0,5.0,250.0,1990-2010,132_TX_132_2009_H1003_20260915164522.csv,TIME_MACHINE
2007,범위확인필요,수산물품질관리법,4.0,3.0,75.0,1990-2010,132_TX_132_2009_H1003_20260915164522.csv,TIME_MACHINE
2007,범위확인필요,수질환경보전법,5.0,9.0,180.0,1990-2010,132_TX_132_2009_H1003_20260915164522.csv,TIME_MACHINE
2007,범위확인필요,식품위생법,2738.0,2678.0,97.8,1990-2010,132_TX_132_2009_H1003_20260915164522.csv,TIME_MACHINE
2007,범위확인필요,신앙에 관한 죄,22.0,27.0,122.7,1990-2010,132_TX_132_2009_H1003_20260915164522.csv,TIME_MACHINE
2007,범위확인필요,신용·업무와 경매에 관한 죄,3637.0,3574.0,98.3,1990-2010,132_TX_132_2009_H1003_20260915164522.csv,TIME_MACHINE
2007,범위확인필요,신용정보의 이용 및 보호에 관한 법률,30.0,29.0,96.7,1990-2010,132_TX_132_2009_H1003_20260915164522.csv,TIME_MACHINE
2007,범위확인필요,실용신안법,47.0,42.0,89.4,1990-2010,132_TX_132_2009_H1003_20260915164522.csv,TIME_MACHINE
2007,범위확인필요,실화 및 업무상실화죄,268.0,184.0,68.7,1990-2010,132_TX_132_2009_H1003_20260915164522.csv,TIME_MACHINE
2007,범위확인필요,아동복지법,13.0,12.0,92.3,1990-2010,132_TX_132_2009_H1003_20260915164522.csv,TIME_MACHINE
2007,범위확인필요,액화석유가스의 안전 및 사업관리법,3.0,4.0,133.3,1990-2010,132_TX_132_2009_H1003_20260915164522.csv,TIME_MACHINE
2007,범위확인필요,야간주거침입절도,437.0,419.0,95.9,1990-2010,132_TX_132_2009_H1003_20260915164522.csv,TIME_MACHINE
2007,범위확인필요,야간주거침입절도(상습),1.0,1.0,100.0,1990-2010,132_TX_132_2009_H1003_20260915164522.csv,TIME_MACHINE
2007,범위확인필요,야생동식물보호법,7.0,94.0,1342.9,1990-2010,132_TX_132_2009_H1003_20260915164522.csv,TIME_MACHINE
2007,범위확인필요,약사법,344.0,349.0,101.5,1990-2010,132_TX_132_2009_H1003_20260915164522.csv,TIME_MACHINE
2007,범위확인필요,양곡관리법,3.0,3.0,100.0,1990-2010,132_TX_132_2009_H1003_20260915164522.csv,TIME_MACHINE
2007,범위확인필요,업무상배임,469.0,390.0,83.2,1990-2010,132_TX_132_2009_H1003_20260915164522.csv,TIME_MACHINE
2007,범위확인필요,업무상횡령,1817.0,1531.0,84.3,1990-2010,132_TX_132_2009_H1003_20260915164522.csv,TIME_MACHINE
2007,범위확인필요,여객자동차운수사업법,90.0,96.0,106.7,1990-2010,132_TX_132_2009_H1003_20260915164522.csv,TIME_MACHINE
2007,범위확인필요,여권법,25.0,16.0,64.0,1990-2010,132_TX_132_2009_H1003_20260915164522.csv,TIME_MACHINE
2007,범위확인필요,여신전문금융업법위반,743.0,595.0,80.1,1990-2010,132_TX_132_2009_H1003_20260915164522.csv,TIME_MACHINE
2007,범위확인필요,영아살해,3.0,1.0,33.3,1990-2010,132_TX_132_2009_H1003_20260915164522.csv,TIME_MACHINE
2007,범위확인필요,영화 및 비디오물의 진흥에 관한 법률,157.0,159.0,101.3,1990-2010,132_TX_132_2009_H1003_20260915164522.csv,TIME_MACHINE
2007,범위확인필요,오수·분뇨 및 축산폐수의 처리에 관한 법률,2.0,4.0,200.0,1990-2010,132_TX_132_2009_H1003_20260915164522.csv,TIME_MACHINE
2007,범위확인필요,옥외광고물등관리법,356.0,299.0,84.0,1990-2010,132_TX_132_2009_H1003_20260915164522.csv,TIME_MACHINE
2007,범위확인필요,외국환거래법,132.0,51.0,38.6,1990-2010,132_TX_132_2009_H1003_20260915164522.csv,TIME_MACHINE
2007,범위확인필요,위증죄,655.0,535.0,81.7,1990-2010,132_TX_132_2009_H1003_20260915164522.csv,TIME_MACHINE
2007,범위확인필요,유가증권위(변)조,640.0,338.0,52.8,1990-2010,132_TX_132_2009_H1003_20260915164522.csv,TIME_MACHINE
2007,범위확인필요,유기의 죄,25.0,20.0,80.0,1990-2010,132_TX_132_2009_H1003_20260915164522.csv,TIME_MACHINE
2007,범위확인필요,유사수신행위의 규제에 관한 법률,311.0,217.0,69.8,1990-2010,132_TX_132_2009_H1003_20260915164522.csv,TIME_MACHINE
2007,범위확인필요,유실물 표류물 점유이탈물 매장물횡령,590.0,531.0,90.0,1990-2010,132_TX_132_2009_H1003_20260915164522.csv,TIME_MACHINE
2007,범위확인필요,유해화학물질관리법,32.0,32.0,100.0,1990-2010,132_TX_132_2009_H1003_20260915164522.csv,TIME_MACHINE
2007,범위확인필요,유해화학물질관리법(환각물질흡입등),139.0,138.0,99.3,1990-2010,132_TX_132_2009_H1003_20260915164522.csv,TIME_MACHINE
2007,범위확인필요,윤락행위등방지법,3.0,3.0,100.0,1990-2010,132_TX_132_2009_H1003_20260915164522.csv,TIME_MACHINE
2007,범위확인필요,음반·비디오물 및 게임물에 관한법률,238.0,226.0,95.0,1990-2010,132_TX_132_2009_H1003_20260915164522.csv,TIME_MACHINE
2007,범위확인필요,음악산업진흥에 관한 법률,1287.0,1285.0,99.8,1990-2010,132_TX_132_2009_H1003_20260915164522.csv,TIME_MACHINE
2007,범위확인필요,음용수에 관한 죄,3.0,4.0,133.3,1990-2010,132_TX_132_2009_H1003_20260915164522.csv,TIME_MACHINE
2007,범위확인필요,음화등반포(판매·임대·전시·제조),8.0,8.0,100.0,1990-2010,132_TX_132_2009_H1003_20260915164522.csv,TIME_MACHINE
2007,범위확인필요,의료기기법,148.0,135.0,91.2,1990-2010,132_TX_132_2009_H1003_20260915164522.csv,TIME_MACHINE
2007,범위확인필요,의료법,422.0,413.0,97.9,1990-2010,132_TX_132_2009_H1003_20260915164522.csv,TIME_MACHINE
2007,범위확인필요,의장법,4.0,4.0,100.0,1990-2010,132_TX_132_2009_H1003_20260915164522.csv,TIME_MACHINE
2007,범위확인필요,인질강도,25.0,29.0,116.0,1990-2010,132_TX_132_2009_H1003_20260915164522.csv,TIME_MACHINE
2007,범위확인필요,인질상해(치상),1.0,1.0,100.0,1990-2010,132_TX_132_2009_H1003_20260915164522.csv,TIME_MACHINE
2007,범위확인필요,일반(건조물등)방화,31.0,34.0,109.7,1990-2010,132_TX_132_2009_H1003_20260915164522.csv,TIME_MACHINE
2007,범위확인필요,일수와 수리에 관한 죄,1.0,1.0,100.0,1990-2010,132_TX_132_2009_H1003_20260915164522.csv,TIME_MACHINE
2007,범위확인필요,자기소유(건조물등)방화,28.0,27.0,96.4,1990-2010,132_TX_132_2009_H1003_20260915164522.csv,TIME_MACHINE
2007,범위확인필요,자동차·선박등불법사용,43.0,42.0,97.7,1990-2010,132_TX_132_2009_H1003_20260915164522.csv,TIME_MACHINE
2007,범위확인필요,자동차관리법,3100.0,2763.0,89.1,1990-2010,132_TX_132_2009_H1003_20260915164522.csv,TIME_MACHINE
2007,범위확인필요,자동차손해배상보장법,27.0,26.0,96.3,1990-2010,132_TX_132_2009_H1003_20260915164522.csv,TIME_MACHINE
2007,범위확인필요,자살교사·방조,7.0,6.0,85.7,1990-2010,132_TX_132_2009_H1003_20260915164522.csv,TIME_MACHINE
2007,범위확인필요,자연공원법,33.0,40.0,121.2,1990-2010,132_TX_132_2009_H1003_20260915164522.csv,TIME_MACHINE
2007,범위확인필요,자연환경보전법,,1.0,100.0,1990-2010,132_TX_132_2009_H1003_20260915164522.csv,TIME_MACHINE
2007,범위확인필요,장물에 관한죄,563.0,626.0,111.2,1990-2010,132_TX_132_2009_H1003_20260915164522.csv,TIME_MACHINE
2007,범위확인필요,장사등에 관한 법률,4.0,14.0,350.0,1990-2010,132_TX_132_2009_H1003_20260915164522.csv,TIME_MACHINE
2007,범위확인필요,저작권법,6937.0,3386.0,48.8,1990-2010,132_TX_132_2009_H1003_20260915164522.csv,TIME_MACHINE
2007,범위확인필요,전기통신기본법,3.0,3.0,100.0,1990-2010,132_TX_132_2009_H1003_20260915164522.csv,TIME_MACHINE
2007,범위확인필요,전기통신사업법,122.0,120.0,98.4,1990-2010,132_TX_132_2009_H1003_20260915164522.csv,TIME_MACHINE
2007,범위확인필요,전염병예방법,1.0,1.0,100.0,1990-2010,132_TX_132_2009_H1003_20260915164522.csv,TIME_MACHINE
2007,범위확인필요,전투경찰대설치법,36.0,25.0,69.4,1990-2010,132_TX_132_2009_H1003_20260915164522.csv,TIME_MACHINE
2007,범위확인필요,전파법,5.0,8.0,160.0,1990-2010,132_TX_132_2009_H1003_20260915164522.csv,TIME_MACHINE
2007,범위확인필요,절도,23649.0,13950.0,59.0,1990-2010,132_TX_132_2009_H1003_20260915164522.csv,TIME_MACHINE
2007,범위확인필요,절도범,29969.0,20095.0,67.1,1990-2010,132_TX_132_2009_H1003_20260915164522.csv,TIME_MACHINE
2007,범위확인필요,정보통신망 이용촉진 및 정보보호등에 관한 법률,2772.0,2254.0,81.3,1990-2010,132_TX_132_2009_H1003_20260915164522.csv,TIME_MACHINE
2007,범위확인필요,조세범처벌법,1648.0,1330.0,80.7,1990-2010,132_TX_132_2009_H1003_20260915164522.csv,TIME_MACHINE
2007,범위확인필요,존속살해,8.0,7.0,87.5,1990-2010,132_TX_132_2009_H1003_20260915164522.csv,TIME_MACHINE
2007,범위확인필요,존속상해,103.0,103.0,100.0,1990-2010,132_TX_132_2009_H1003_20260915164522.csv,TIME_MACHINE
2007,범위확인필요,존속체포감금,3.0,4.0,133.3,1990-2010,132_TX_132_2009_H1003_20260915164522.csv,TIME_MACHINE
2007,범위확인필요,존속폭행,151.0,149.0,98.7,1990-2010,132_TX_132_2009_H1003_20260915164522.csv,TIME_MACHINE
2007,범위확인필요,존속폭행치상,1.0,1.0,100.0,1990-2010,132_TX_132_2009_H1003_20260915164522.csv,TIME_MACHINE
2007,범위확인필요,존속협박,14.0,13.0,92.9,1990-2010,132_TX_132_2009_H1003_20260915164522.csv,TIME_MACHINE
2007,범위확인필요,존속협박(상습),1.0,1.0,100.0,1990-2010,132_TX_132_2009_H1003_20260915164522.csv,TIME_MACHINE
2007,범위확인필요,주거침입의 죄,1154.0,1136.0,98.4,1990-2010,132_TX_132_2009_H1003_20260915164522.csv,TIME_MACHINE
2007,범위확인필요,주민등록법,252.0,199.0,79.0,1990-2010,132_TX_132_2009_H1003_20260915164522.csv,TIME_MACHINE
2007,범위확인필요,주차장법,230.0,219.0,95.2,1990-2010,132_TX_132_2009_H1003_20260915164522.csv,TIME_MACHINE
2007,범위확인필요,주택건설촉진법,1.0,1.0,100.0,1990-2010,132_TX_132_2009_H1003_20260915164522.csv,TIME_MACHINE
2007,범위확인필요,준강간,86.0,90.0,104.7,1990-2010,132_TX_132_2009_H1003_20260915164522.csv,TIME_MACHINE
2007,범위확인필요,준강도,66.0,64.0,97.0,1990-2010,132_TX_132_2009_H1003_20260915164522.csv,TIME_MACHINE
2007,범위확인필요,준사기,4.0,6.0,150.0,1990-2010,132_TX_132_2009_H1003_20260915164522.csv,TIME_MACHINE
2007,범위확인필요,증권거래법,13.0,9.0,69.2,1990-2010,132_TX_132_2009_H1003_20260915164522.csv,TIME_MACHINE
2007,범위확인필요,지능범,59621.0,43954.0,73.7,1990-2010,132_TX_132_2009_H1003_20260915164522.csv,TIME_MACHINE
2007,범위확인필요,지방세법,16.0,13.0,81.3,1990-2010,132_TX_132_2009_H1003_20260915164522.csv,TIME_MACHINE
2007,범위확인필요,직권남용(권리행사방해체포·감금),22.0,19.0,86.4,1990-2010,132_TX_132_2009_H1003_20260915164522.csv,TIME_MACHINE
2007,범위확인필요,직무유기·수행거부,46.0,40.0,87.0,1990-2010,132_TX_132_2009_H1003_20260915164522.csv,TIME_MACHINE
2007,범위확인필요,직업안정법,89.0,84.0,94.4,1990-2010,132_TX_132_2009_H1003_20260915164522.csv,TIME_MACHINE
2007,범위확인필요,집회 및 시위에 관한 법률,333.0,327.0,98.2,1990-2010,132_TX_132_2009_H1003_20260915164522.csv,TIME_MACHINE
2007,범위확인필요,철도법,1.0,,0.0,1990-2010,132_TX_132_2009_H1003_20260915164522.csv,TIME_MACHINE
2007,범위확인필요,청소년보호법,2908.0,2884.0,99.2,1990-2010,132_TX_132_2009_H1003_20260915164522.csv,TIME_MACHINE
2007,범위확인필요,청소년성보호에 관한 법률,358.0,401.0,112.0,1990-2010,132_TX_132_2009_H1003_20260915164522.csv,TIME_MACHINE
2007,범위확인필요,체포·감금치사·상(중·특수·상습),11.0,10.0,90.9,1990-2010,132_TX_132_2009_H1003_20260915164522.csv,TIME_MACHINE
2007,범위확인필요,체포감금,125.0,109.0,87.2,1990-2010,132_TX_132_2009_H1003_20260915164522.csv,TIME_MACHINE
2007,범위확인필요,체포감금(중),2.0,2.0,100.0,1990-2010,132_TX_132_2009_H1003_20260915164522.csv,TIME_MACHINE
2007,범위확인필요,체포감금(특수),1.0,1.0,100.0,1990-2010,132_TX_132_2009_H1003_20260915164522.csv,TIME_MACHINE
2007,범위확인필요,촉탁·승락살인,1.0,1.0,100.0,1990-2010,132_TX_132_2009_H1003_20260915164522.csv,TIME_MACHINE
2007,범위확인필요,총범죄,355754.0,317527.0,89.3,1990-2010,132_TX_132_2009_H1003_20260915164522.csv,TIME_MACHINE
2007,범위확인필요,총포·도검·화약류단속법,83.0,51.0,61.4,1990-2010,132_TX_132_2009_H1003_20260915164522.csv,TIME_MACHINE
2007,범위확인필요,추행·간음·영리·약취유인,4.0,4.0,100.0,1990-2010,132_TX_132_2009_H1003_20260915164522.csv,TIME_MACHINE
2007,범위확인필요,축산물가공처리법,76.0,78.0,102.6,1990-2010,132_TX_132_2009_H1003_20260915164522.csv,TIME_MACHINE
2007,범위확인필요,출입국관리법,388.0,381.0,98.2,1990-2010,132_TX_132_2009_H1003_20260915164522.csv,TIME_MACHINE
2007,범위확인필요,컴퓨터등사용사기,77.0,73.0,94.8,1990-2010,132_TX_132_2009_H1003_20260915164522.csv,TIME_MACHINE
2007,범위확인필요,컴퓨터프로그램보호법,574.0,353.0,61.5,1990-2010,132_TX_132_2009_H1003_20260915164522.csv,TIME_MACHINE
2007,범위확인필요,통신비밀보호법,11.0,9.0,81.8,1990-2010,132_TX_132_2009_H1003_20260915164522.csv,TIME_MACHINE
2007,범위확인필요,통화위(변)조,705.0,17.0,2.4,1990-2010,132_TX_132_2009_H1003_20260915164522.csv,TIME_MACHINE
2007,범위확인필요,특가법(감금),1.0,,0.0,1990-2010,132_TX_132_2009_H1003_20260915164522.csv,TIME_MACHINE
2007,범위확인필요,특가법(강도),31.0,22.0,71.0,1990-2010,132_TX_132_2009_H1003_20260915164522.csv,TIME_MACHINE
2007,범위확인필요,특가법(강도상해재범),3.0,2.0,66.7,1990-2010,132_TX_132_2009_H1003_20260915164522.csv,TIME_MACHINE
2007,범위확인필요,특가법(관세),,1.0,100.0,1990-2010,132_TX_132_2009_H1003_20260915164522.csv,TIME_MACHINE
2007,범위확인필요,특가법(뇌물),9.0,9.0,100.0,1990-2010,132_TX_132_2009_H1003_20260915164522.csv,TIME_MACHINE
2007,범위확인필요,특가법(도주차량),1842.0,1457.0,79.1,1990-2010,132_TX_132_2009_H1003_20260915164522.csv,TIME_MACHINE
2007,범위확인필요,특가법(독직가혹행위),1.0,1.0,100.0,1990-2010,132_TX_132_2009_H1003_20260915164522.csv,TIME_MACHINE
2007,범위확인필요,특가법(무고),2.0,2.0,100.0,1990-2010,132_TX_132_2009_H1003_20260915164522.csv,TIME_MACHINE
2007,범위확인필요,특가법(범죄단체조직),,3.0,300.0,1990-2010,132_TX_132_2009_H1003_20260915164522.csv,TIME_MACHINE
2007,범위확인필요,특가법(보복범죄등),14.0,13.0,92.9,1990-2010,132_TX_132_2009_H1003_20260915164522.csv,TIME_MACHINE
2007,범위확인필요,특가법(알선수재),5.0,2.0,40.0,1990-2010,132_TX_132_2009_H1003_20260915164522.csv,TIME_MACHINE
2007,범위확인필요,특가법(영리약취·유인),9.0,11.0,122.2,1990-2010,132_TX_132_2009_H1003_20260915164522.csv,TIME_MACHINE
2007,범위확인필요,특가법(운전자폭행등),1113.0,1108.0,99.6,1990-2010,132_TX_132_2009_H1003_20260915164522.csv,TIME_MACHINE
2007,범위확인필요,특가법(장물),10.0,12.0,120.0,1990-2010,132_TX_132_2009_H1003_20260915164522.csv,TIME_MACHINE
2007,범위확인필요,특가법(절도),2272.0,2114.0,93.0,1990-2010,132_TX_132_2009_H1003_20260915164522.csv,TIME_MACHINE
2007,범위확인필요,특가법(조세),12.0,14.0,116.7,1990-2010,132_TX_132_2009_H1003_20260915164522.csv,TIME_MACHINE
2007,범위확인필요,특가법(통화위조),628.0,1.0,0.2,1990-2010,132_TX_132_2009_H1003_20260915164522.csv,TIME_MACHINE
2007,범위확인필요,특경법(공갈),2.0,3.0,150.0,1990-2010,132_TX_132_2009_H1003_20260915164522.csv,TIME_MACHINE
2007,범위확인필요,특경법(배임),84.0,79.0,94.0,1990-2010,132_TX_132_2009_H1003_20260915164522.csv,TIME_MACHINE
2007,범위확인필요,특경법(사금융알선등),3.0,3.0,100.0,1990-2010,132_TX_132_2009_H1003_20260915164522.csv,TIME_MACHINE
2007,범위확인필요,특경법(사기),574.0,438.0,76.3,1990-2010,132_TX_132_2009_H1003_20260915164522.csv,TIME_MACHINE
2007,범위확인필요,특경법(수재등),3.0,,,1990-2010,132_TX_132_2009_H1003_20260915164522.csv,TIME_MACHINE
2007,범위확인필요,특경법(알선수재),6.0,5.0,83.3,1990-2010,132_TX_132_2009_H1003_20260915164522.csv,TIME_MACHINE
2007,범위확인필요,특경법(횡령),118.0,100.0,84.7,1990-2010,132_TX_132_2009_H1003_20260915164522.csv,TIME_MACHINE
2007,범위확인필요,특별법범,171445.0,162890.0,95.0,1990-2010,132_TX_132_2009_H1003_20260915164522.csv,TIME_MACHINE
2007,범위확인필요,특수강도,290.0,286.0,98.6,1990-2010,132_TX_132_2009_H1003_20260915164522.csv,TIME_MACHINE
2007,범위확인필요,특수절도,3482.0,3481.0,100.0,1990-2010,132_TX_132_2009_H1003_20260915164522.csv,TIME_MACHINE
2007,범위확인필요,특수절도(상습),,1.0,100.0,1990-2010,132_TX_132_2009_H1003_20260915164522.csv,TIME_MACHINE
2007,범위확인필요,특수폭행,26.0,26.0,100.0,1990-2010,132_TX_132_2009_H1003_20260915164522.csv,TIME_MACHINE
2007,범위확인필요,특허법,171.0,131.0,76.6,1990-2010,132_TX_132_2009_H1003_20260915164522.csv,TIME_MACHINE
2007,범위확인필요,폐기물관리법,12.0,17.0,141.7,1990-2010,132_TX_132_2009_H1003_20260915164522.csv,TIME_MACHINE
2007,범위확인필요,폭력범,74000.0,70913.0,95.8,1990-2010,132_TX_132_2009_H1003_20260915164522.csv,TIME_MACHINE
2007,범위확인필요,폭력행위등처벌에 관한 법률 위반,12589.0,12156.0,96.6,1990-2010,132_TX_132_2009_H1003_20260915164522.csv,TIME_MACHINE
2007,범위확인필요,폭발물파열(과실),4.0,3.0,75.0,1990-2010,132_TX_132_2009_H1003_20260915164522.csv,TIME_MACHINE
2007,범위확인필요,폭행,32037.0,31146.0,97.2,1990-2010,132_TX_132_2009_H1003_20260915164522.csv,TIME_MACHINE
2007,범위확인필요,폭행치사,17.0,16.0,94.1,1990-2010,132_TX_132_2009_H1003_20260915164522.csv,TIME_MACHINE
2007,범위확인필요,폭행치상,130.0,128.0,98.5,1990-2010,132_TX_132_2009_H1003_20260915164522.csv,TIME_MACHINE
2007,범위확인필요,폭행치상(특수),2.0,2.0,100.0,1990-2010,132_TX_132_2009_H1003_20260915164522.csv,TIME_MACHINE
2007,범위확인필요,풍속범,2540.0,2334.0,91.9,1990-2010,132_TX_132_2009_H1003_20260915164522.csv,TIME_MACHINE
2007,범위확인필요,풍속영업의 규제에 관한 법률,7.0,7.0,100.0,1990-2010,132_TX_132_2009_H1003_20260915164522.csv,TIME_MACHINE
2007,범위확인필요,피보호자(감호자)간음,1.0,2.0,200.0,1990-2010,132_TX_132_2009_H1003_20260915164522.csv,TIME_MACHINE
2007,범위확인필요,피의사실공표,1.0,1.0,100.0,1990-2010,132_TX_132_2009_H1003_20260915164522.csv,TIME_MACHINE
2007,범위확인필요,하수도법,2.0,2.0,100.0,1990-2010,132_TX_132_2009_H1003_20260915164522.csv,TIME_MACHINE
2007,범위확인필요,하천법,9.0,7.0,77.8,1990-2010,132_TX_132_2009_H1003_20260915164522.csv,TIME_MACHINE
2007,범위확인필요,학교보건법,188.0,181.0,96.3,1990-2010,132_TX_132_2009_H1003_20260915164522.csv,TIME_MACHINE
2007,범위확인필요,학원의설립·운영 및 과외교섭에 관한법률,81.0,78.0,96.3,1990-2010,132_TX_132_2009_H1003_20260915164522.csv,TIME_MACHINE
2007,범위확인필요,향토예비군설치법,4891.0,3960.0,81.0,1990-2010,132_TX_132_2009_H1003_20260915164522.csv,TIME_MACHINE
2007,범위확인필요,허위감정·증거인멸은닉·증인은닉죄,17.0,13.0,76.5,1990-2010,132_TX_132_2009_H1003_20260915164522.csv,TIME_MACHINE
2007,범위확인필요,현주(현존)자동차방화,6.0,10.0,166.7,1990-2010,132_TX_132_2009_H1003_20260915164522.csv,TIME_MACHINE
2007,범위확인필요,현주·현존(건조물등)방화,200.0,198.0,99.0,1990-2010,132_TX_132_2009_H1003_20260915164522.csv,TIME_MACHINE
2007,범위확인필요,현주·현존(건조물등)방화치사,4.0,3.0,75.0,1990-2010,132_TX_132_2009_H1003_20260915164522.csv,TIME_MACHINE
2007,범위확인필요,현주·현존(건조물등)방화치상,9.0,8.0,88.9,1990-2010,132_TX_132_2009_H1003_20260915164522.csv,TIME_MACHINE
2007,범위확인필요,협박,635.0,577.0,90.9,1990-2010,132_TX_132_2009_H1003_20260915164522.csv,TIME_MACHINE
2007,범위확인필요,협박(상습),1.0,1.0,100.0,1990-2010,132_TX_132_2009_H1003_20260915164522.csv,TIME_MACHINE
2007,범위확인필요,협박(특수),38.0,37.0,97.4,1990-2010,132_TX_132_2009_H1003_20260915164522.csv,TIME_MACHINE
2007,범위확인필요,형법범,184309.0,154637.0,83.9,1990-2010,132_TX_132_2009_H1003_20260915164522.csv,TIME_MACHINE
2007,범위확인필요,혼인빙자간음,158.0,124.0,78.5,1990-2010,132_TX_132_2009_H1003_20260915164522.csv,TIME_MACHINE
2007,범위확인필요,화물자동차운수사업법,209.0,186.0,89.0,1990-2010,132_TX_132_2009_H1003_20260915164522.csv,TIME_MACHINE
2007,범위확인필요,횡령,2925.0,2264.0,77.4,1990-2010,132_TX_132_2009_H1003_20260915164522.csv,TIME_MACHINE
2008,범위확인필요,가스·전기·증기공급사용방해,2.0,2.0,100.0,1990-2010,132_TX_132_2009_H1003_20260915164522.csv,TIME_MACHINE
2008,범위확인필요,가스등방류(유출·살포),2.0,2.0,100.0,1990-2010,132_TX_132_2009_H1003_20260915164522.csv,TIME_MACHINE
2008,범위확인필요,간통,409.0,375.0,91.7,1990-2010,132_TX_132_2009_H1003_20260915164522.csv,TIME_MACHINE
2008,범위확인필요,강간,2218.0,2080.0,93.8,1990-2010,132_TX_132_2009_H1003_20260915164522.csv,TIME_MACHINE
2008,범위확인필요,강간등상해,29.0,29.0,100.0,1990-2010,132_TX_132_2009_H1003_20260915164522.csv,TIME_MACHINE
2008,범위확인필요,강간치상(준),173.0,169.0,97.7,1990-2010,132_TX_132_2009_H1003_20260915164522.csv,TIME_MACHINE
2008,범위확인필요,강도,947.0,818.0,86.4,1990-2010,132_TX_132_2009_H1003_20260915164522.csv,TIME_MACHINE
2008,범위확인필요,강도강간,39.0,27.0,69.2,1990-2010,132_TX_132_2009_H1003_20260915164522.csv,TIME_MACHINE
2008,범위확인필요,강도살인·치사,8.0,8.0,100.0,1990-2010,132_TX_132_2009_H1003_20260915164522.csv,TIME_MACHINE
2008,범위확인필요,강도상해·치상,298.0,277.0,93.0,1990-2010,132_TX_132_2009_H1003_20260915164522.csv,TIME_MACHINE
2008,범위확인필요,강력범,3778.0,3482.0,92.2,1990-2010,132_TX_132_2009_H1003_20260915164522.csv,TIME_MACHINE
2008,범위확인필요,강제추행(준),1376.0,1272.0,92.4,1990-2010,132_TX_132_2009_H1003_20260915164522.csv,TIME_MACHINE
2008,범위확인필요,강제추행치상(준),34.0,31.0,91.2,1990-2010,132_TX_132_2009_H1003_20260915164522.csv,TIME_MACHINE
2008,범위확인필요,건설기계관리법,23.0,24.0,104.3,1990-2010,132_TX_132_2009_H1003_20260915164522.csv,TIME_MACHINE
2008,범위확인필요,건설산업기본법,46.0,49.0,106.5,1990-2010,132_TX_132_2009_H1003_20260915164522.csv,TIME_MACHINE
2008,범위확인필요,건축법,531.0,582.0,109.6,1990-2010,132_TX_132_2009_H1003_20260915164522.csv,TIME_MACHINE
2008,범위확인필요,게임산업진흥에 관한 법률,3471.0,3413.0,98.3,1990-2010,132_TX_132_2009_H1003_20260915164522.csv,TIME_MACHINE
2008,범위확인필요,경범죄처벌법,69.0,44.0,63.8,1990-2010,132_TX_132_2009_H1003_20260915164522.csv,TIME_MACHINE
2008,범위확인필요,고압가스안전관리법,8.0,8.0,100.0,1990-2010,132_TX_132_2009_H1003_20260915164522.csv,TIME_MACHINE
2008,범위확인필요,골재채취법,2.0,2.0,100.0,1990-2010,132_TX_132_2009_H1003_20260915164522.csv,TIME_MACHINE
2008,범위확인필요,공갈,502.0,454.0,90.4,1990-2010,132_TX_132_2009_H1003_20260915164522.csv,TIME_MACHINE
2008,범위확인필요,공갈(상습),113.0,9.0,8.0,1990-2010,132_TX_132_2009_H1003_20260915164522.csv,TIME_MACHINE
2008,범위확인필요,공공기관의 개인정보보호에 관한 법률,40.0,34.0,85.0,1990-2010,132_TX_132_2009_H1003_20260915164522.csv,TIME_MACHINE
2008,범위확인필요,공무방해에 관한 죄,3910.0,3851.0,98.5,1990-2010,132_TX_132_2009_H1003_20260915164522.csv,TIME_MACHINE
2008,범위확인필요,공무상비밀누설,1.0,1.0,100.0,1990-2010,132_TX_132_2009_H1003_20260915164522.csv,TIME_MACHINE
2008,범위확인필요,공문서위조·변조,1839.0,1379.0,75.0,1990-2010,132_TX_132_2009_H1003_20260915164522.csv,TIME_MACHINE
2008,범위확인필요,공안을 해하는 죄,13.0,12.0,92.3,1990-2010,132_TX_132_2009_H1003_20260915164522.csv,TIME_MACHINE
2008,범위확인필요,공연음란,98.0,98.0,100.0,1990-2010,132_TX_132_2009_H1003_20260915164522.csv,TIME_MACHINE
2008,범위확인필요,공인위조·부정사용행사,55.0,58.0,105.5,1990-2010,132_TX_132_2009_H1003_20260915164522.csv,TIME_MACHINE
2008,범위확인필요,공전자기록등위작·변작,5.0,3.0,60.0,1990-2010,132_TX_132_2009_H1003_20260915164522.csv,TIME_MACHINE
2008,범위확인필요,공중위생관리법,96.0,98.0,102.1,1990-2010,132_TX_132_2009_H1003_20260915164522.csv,TIME_MACHINE
2008,범위확인필요,공직선거 및 선거부정방지법,,1.0,100.0,1990-2010,132_TX_132_2009_H1003_20260915164522.csv,TIME_MACHINE
2008,범위확인필요,공직선거법,286.0,243.0,85.0,1990-2010,132_TX_132_2009_H1003_20260915164522.csv,TIME_MACHINE
2008,범위확인필요,과실사상의 죄,658.0,659.0,100.2,1990-2010,132_TX_132_2009_H1003_20260915164522.csv,TIME_MACHINE
2008,범위확인필요,과실폭발물파열(방출·유출),3.0,3.0,100.0,1990-2010,132_TX_132_2009_H1003_20260915164522.csv,TIME_MACHINE
2008,범위확인필요,관세법,3.0,1.0,33.3,1990-2010,132_TX_132_2009_H1003_20260915164522.csv,TIME_MACHINE
2008,범위확인필요,교통 방해의 죄,218.0,222.0,101.8,1990-2010,132_TX_132_2009_H1003_20260915164522.csv,TIME_MACHINE
2008,범위확인필요,교통사고처리특례법,36763.0,35786.0,97.3,1990-2010,132_TX_132_2009_H1003_20260915164522.csv,TIME_MACHINE
2008,범위확인필요,국가보안법,17.0,14.0,82.4,1990-2010,132_TX_132_2009_H1003_20260915164522.csv,TIME_MACHINE
2008,범위확인필요,국민건강보험법,8.0,5.0,62.5,1990-2010,132_TX_132_2009_H1003_20260915164522.csv,TIME_MACHINE
2008,범위확인필요,국민연금법,3.0,3.0,100.0,1990-2010,132_TX_132_2009_H1003_20260915164522.csv,TIME_MACHINE
2008,범위확인필요,국외이송약취유인,1.0,1.0,100.0,1990-2010,132_TX_132_2009_H1003_20260915164522.csv,TIME_MACHINE
2008,범위확인필요,국토의계획 및 이용에 관한 법률,234.0,250.0,106.8,1990-2010,132_TX_132_2009_H1003_20260915164522.csv,TIME_MACHINE
2008,범위확인필요,권리행사를 방해하는 죄,797.0,664.0,83.3,1990-2010,132_TX_132_2009_H1003_20260915164522.csv,TIME_MACHINE
2008,범위확인필요,근로기준법,2.0,1.0,50.0,1990-2010,132_TX_132_2009_H1003_20260915164522.csv,TIME_MACHINE
2008,범위확인필요,기타,9.0,13.0,144.4,1990-2010,132_TX_132_2009_H1003_20260915164522.csv,TIME_MACHINE
2008,범위확인필요,기타통화에 관한 죄,15.0,12.0,80.0,1990-2010,132_TX_132_2009_H1003_20260915164522.csv,TIME_MACHINE
2008,범위확인필요,기타특별법,4079.0,3252.0,79.7,1990-2010,132_TX_132_2009_H1003_20260915164522.csv,TIME_MACHINE
2008,범위확인필요,기타형법범,15434.0,14588.0,94.5,1990-2010,132_TX_132_2009_H1003_20260915164522.csv,TIME_MACHINE
2008,범위확인필요,낙태의 죄,4.0,3.0,75.0,1990-2010,132_TX_132_2009_H1003_20260915164522.csv,TIME_MACHINE
2008,범위확인필요,내수면어업법,,1.0,100.0,1990-2010,132_TX_132_2009_H1003_20260915164522.csv,TIME_MACHINE
2008,범위확인필요,농산물품질관리법,11.0,16.0,145.5,1990-2010,132_TX_132_2009_H1003_20260915164522.csv,TIME_MACHINE
2008,범위확인필요,농지법,44.0,62.0,140.9,1990-2010,132_TX_132_2009_H1003_20260915164522.csv,TIME_MACHINE
2008,범위확인필요,뇌물공여·약속·의사표시,7.0,10.0,142.9,1990-2010,132_TX_132_2009_H1003_20260915164522.csv,TIME_MACHINE
2008,범위확인필요,뇌물수수·요구·약속,32.0,29.0,90.6,1990-2010,132_TX_132_2009_H1003_20260915164522.csv,TIME_MACHINE
2008,범위확인필요,담배사업법,166.0,160.0,96.4,1990-2010,132_TX_132_2009_H1003_20260915164522.csv,TIME_MACHINE
2008,범위확인필요,대기환경보전법,40.0,32.0,80.0,1990-2010,132_TX_132_2009_H1003_20260915164522.csv,TIME_MACHINE
2008,범위확인필요,대부업의 등록 및 금융이용자보호에 관한 법률,976.0,808.0,82.8,1990-2010,132_TX_132_2009_H1003_20260915164522.csv,TIME_MACHINE
2008,범위확인필요,도로교통법(공동위험행위),39.0,39.0,100.0,1990-2010,132_TX_132_2009_H1003_20260915164522.csv,TIME_MACHINE
2008,범위확인필요,도로교통법(교통사고),6046.0,5703.0,94.3,1990-2010,132_TX_132_2009_H1003_20260915164522.csv,TIME_MACHINE
2008,범위확인필요,도로교통법(무면허운전),39131.0,39088.0,99.9,1990-2010,132_TX_132_2009_H1003_20260915164522.csv,TIME_MACHINE
2008,범위확인필요,도로교통법(사고후미조치),14.0,14.0,100.0,1990-2010,132_TX_132_2009_H1003_20260915164522.csv,TIME_MACHINE
2008,범위확인필요,도로교통법(음주운전),45441.0,46068.0,101.4,1990-2010,132_TX_132_2009_H1003_20260915164522.csv,TIME_MACHINE
2008,범위확인필요,도로교통법(음주측정거부),418.0,417.0,99.8,1990-2010,132_TX_132_2009_H1003_20260915164522.csv,TIME_MACHINE
2008,범위확인필요,도로법,1279.0,2244.0,175.4,1990-2010,132_TX_132_2009_H1003_20260915164522.csv,TIME_MACHINE
2008,범위확인필요,도박,1865.0,1748.0,93.7,1990-2010,132_TX_132_2009_H1003_20260915164522.csv,TIME_MACHINE
2008,범위확인필요,도박개장,161.0,152.0,94.4,1990-2010,132_TX_132_2009_H1003_20260915164522.csv,TIME_MACHINE
2008,범위확인필요,도시가스사업법,7.0,7.0,100.0,1990-2010,132_TX_132_2009_H1003_20260915164522.csv,TIME_MACHINE
2008,범위확인필요,도시공원및녹지등에관한법률,30.0,29.0,96.7,1990-2010,132_TX_132_2009_H1003_20260915164522.csv,TIME_MACHINE
2008,범위확인필요,도주와 도주원조죄,1.0,2.0,200.0,1990-2010,132_TX_132_2009_H1003_20260915164522.csv,TIME_MACHINE
2008,범위확인필요,독직폭행·가혹행위,18.0,17.0,94.4,1990-2010,132_TX_132_2009_H1003_20260915164522.csv,TIME_MACHINE
2008,범위확인필요,마약류 관리에 관한 법률(마약),68.0,70.0,102.9,1990-2010,132_TX_132_2009_H1003_20260915164522.csv,TIME_MACHINE
2008,범위확인필요,마약류관리에 관한법률(대마),71.0,95.0,133.8,1990-2010,132_TX_132_2009_H1003_20260915164522.csv,TIME_MACHINE
2008,범위확인필요,마약류관리에 관한법률(향정),582.0,595.0,102.2,1990-2010,132_TX_132_2009_H1003_20260915164522.csv,TIME_MACHINE
2008,범위확인필요,명예에 관한 죄,2732.0,2478.0,90.7,1990-2010,132_TX_132_2009_H1003_20260915164522.csv,TIME_MACHINE
2008,범위확인필요,무고의 죄,594.0,487.0,82.0,1990-2010,132_TX_132_2009_H1003_20260915164522.csv,TIME_MACHINE
2008,범위확인필요,문화재보호법,7.0,9.0,128.6,1990-2010,132_TX_132_2009_H1003_20260915164522.csv,TIME_MACHINE
2008,범위확인필요,미성년자등간음·추행(심신미약자),8.0,10.0,125.0,1990-2010,132_TX_132_2009_H1003_20260915164522.csv,TIME_MACHINE
2008,범위확인필요,미성년자약취유인,29.0,25.0,86.2,1990-2010,132_TX_132_2009_H1003_20260915164522.csv,TIME_MACHINE
2008,범위확인필요,미성년자의 제강간(강제추행강간살인),12.0,10.0,83.3,1990-2010,132_TX_132_2009_H1003_20260915164522.csv,TIME_MACHINE
2008,범위확인필요,민사소송법,3.0,4.0,133.3,1990-2010,132_TX_132_2009_H1003_20260915164522.csv,TIME_MACHINE
2008,범위확인필요,밀항단속법,11.0,6.0,54.5,1990-2010,132_TX_132_2009_H1003_20260915164522.csv,TIME_MACHINE
2008,범위확인필요,방문판매등에 관한 법률,56.0,50.0,89.3,1990-2010,132_TX_132_2009_H1003_20260915164522.csv,TIME_MACHINE
2008,범위확인필요,방화,393.0,363.0,92.4,1990-2010,132_TX_132_2009_H1003_20260915164522.csv,TIME_MACHINE
2008,범위확인필요,방화연소,33.0,17.0,51.5,1990-2010,132_TX_132_2009_H1003_20260915164522.csv,TIME_MACHINE
2008,범위확인필요,배임,520.0,421.0,81.0,1990-2010,132_TX_132_2009_H1003_20260915164522.csv,TIME_MACHINE
2008,범위확인필요,배임수재,26.0,14.0,53.8,1990-2010,132_TX_132_2009_H1003_20260915164522.csv,TIME_MACHINE
2008,범위확인필요,배임증재,9.0,4.0,44.4,1990-2010,132_TX_132_2009_H1003_20260915164522.csv,TIME_MACHINE
2008,범위확인필요,범인은닉·범인도피죄,35.0,33.0,94.3,1990-2010,132_TX_132_2009_H1003_20260915164522.csv,TIME_MACHINE
2008,범위확인필요,변호사법,162.0,105.0,64.8,1990-2010,132_TX_132_2009_H1003_20260915164522.csv,TIME_MACHINE
2008,범위확인필요,병역법,3211.0,2948.0,91.8,1990-2010,132_TX_132_2009_H1003_20260915164522.csv,TIME_MACHINE
2008,범위확인필요,보건범죄특조법(부정식품),1.0,1.0,100.0,1990-2010,132_TX_132_2009_H1003_20260915164522.csv,TIME_MACHINE
2008,범위확인필요,보건범죄특조법(부정의료업자),207.0,206.0,99.5,1990-2010,132_TX_132_2009_H1003_20260915164522.csv,TIME_MACHINE
2008,범위확인필요,보건범죄특조법(부정의약품),11.0,10.0,90.9,1990-2010,132_TX_132_2009_H1003_20260915164522.csv,TIME_MACHINE
2008,범위확인필요,부녀매매,1.0,1.0,100.0,1990-2010,132_TX_132_2009_H1003_20260915164522.csv,TIME_MACHINE
2008,범위확인필요,부당이득,12.0,11.0,91.7,1990-2010,132_TX_132_2009_H1003_20260915164522.csv,TIME_MACHINE
2008,범위확인필요,부동산중개업법,137.0,122.0,89.1,1990-2010,132_TX_132_2009_H1003_20260915164522.csv,TIME_MACHINE
2008,범위확인필요,부정경쟁방지 및 영업비밀보호에 관한 법률,168.0,129.0,76.8,1990-2010,132_TX_132_2009_H1003_20260915164522.csv,TIME_MACHINE
2008,범위확인필요,부정수표단속법,3550.0,2073.0,58.4,1990-2010,132_TX_132_2009_H1003_20260915164522.csv,TIME_MACHINE
2008,범위확인필요,비밀침해죄,5.0,5.0,100.0,1990-2010,132_TX_132_2009_H1003_20260915164522.csv,TIME_MACHINE
2008,범위확인필요,사기,47588.0,33997.0,71.4,1990-2010,132_TX_132_2009_H1003_20260915164522.csv,TIME_MACHINE
2008,범위확인필요,사기(상습),126.0,105.0,83.3,1990-2010,132_TX_132_2009_H1003_20260915164522.csv,TIME_MACHINE
2008,범위확인필요,사문서위조·변조,2946.0,2545.0,86.4,1990-2010,132_TX_132_2009_H1003_20260915164522.csv,TIME_MACHINE
2008,범위확인필요,사인등위조·부정사용행사,38.0,29.0,76.3,1990-2010,132_TX_132_2009_H1003_20260915164522.csv,TIME_MACHINE
2008,범위확인필요,사전자기록등위작·변작,11.0,8.0,72.7,1990-2010,132_TX_132_2009_H1003_20260915164522.csv,TIME_MACHINE
2008,범위확인필요,사행행위등 규제 및 처벌특례법,140.0,137.0,97.9,1990-2010,132_TX_132_2009_H1003_20260915164522.csv,TIME_MACHINE
2008,범위확인필요,산림법,1.0,,,1990-2010,132_TX_132_2009_H1003_20260915164522.csv,TIME_MACHINE
2008,범위확인필요,산업안전보건법,3.0,4.0,133.3,1990-2010,132_TX_132_2009_H1003_20260915164522.csv,TIME_MACHINE
2008,범위확인필요,살인,220.0,221.0,100.5,1990-2010,132_TX_132_2009_H1003_20260915164522.csv,TIME_MACHINE
2008,범위확인필요,상법,13.0,11.0,84.6,1990-2010,132_TX_132_2009_H1003_20260915164522.csv,TIME_MACHINE
2008,범위확인필요,상습도박,284.0,204.0,71.8,1990-2010,132_TX_132_2009_H1003_20260915164522.csv,TIME_MACHINE
2008,범위확인필요,상습절도,82.0,85.0,103.7,1990-2010,132_TX_132_2009_H1003_20260915164522.csv,TIME_MACHINE
2008,범위확인필요,상습폭행,2.0,1.0,50.0,1990-2010,132_TX_132_2009_H1003_20260915164522.csv,TIME_MACHINE
2008,범위확인필요,상표법,1497.0,1297.0,86.6,1990-2010,132_TX_132_2009_H1003_20260915164522.csv,TIME_MACHINE
2008,범위확인필요,상해,16799.0,16412.0,97.7,1990-2010,132_TX_132_2009_H1003_20260915164522.csv,TIME_MACHINE
2008,범위확인필요,상해(중),6.0,5.0,83.3,1990-2010,132_TX_132_2009_H1003_20260915164522.csv,TIME_MACHINE
2008,범위확인필요,상해치사,14.0,10.0,71.4,1990-2010,132_TX_132_2009_H1003_20260915164522.csv,TIME_MACHINE
2008,범위확인필요,새마을금고법,3.0,3.0,100.0,1990-2010,132_TX_132_2009_H1003_20260915164522.csv,TIME_MACHINE
2008,범위확인필요,석유 및 석유대체연료사업법,163.0,205.0,125.8,1990-2010,132_TX_132_2009_H1003_20260915164522.csv,TIME_MACHINE
2008,범위확인필요,석유사업법,1.0,2.0,200.0,1990-2010,132_TX_132_2009_H1003_20260915164522.csv,TIME_MACHINE
2008,범위확인필요,성매매알선등 행위의 처벌에 관한 법률,1788.0,1844.0,103.1,1990-2010,132_TX_132_2009_H1003_20260915164522.csv,TIME_MACHINE
2008,범위확인필요,성폭력범죄의 처벌 및 피해자보호등에 관한 법률,1381.0,1332.0,96.5,1990-2010,132_TX_132_2009_H1003_20260915164522.csv,TIME_MACHINE
2008,범위확인필요,소음·진동규제법,4.0,4.0,100.0,1990-2010,132_TX_132_2009_H1003_20260915164522.csv,TIME_MACHINE
2008,범위확인필요,손괴의죄,7819.0,6545.0,83.7,1990-2010,132_TX_132_2009_H1003_20260915164522.csv,TIME_MACHINE
2008,범위확인필요,수도법,3.0,7.0,233.3,1990-2010,132_TX_132_2009_H1003_20260915164522.csv,TIME_MACHINE
2008,범위확인필요,수산물품질관리법,5.0,5.0,100.0,1990-2010,132_TX_132_2009_H1003_20260915164522.csv,TIME_MACHINE
2008,범위확인필요,수산자원보호령,1.0,1.0,100.0,1990-2010,132_TX_132_2009_H1003_20260915164522.csv,TIME_MACHINE
2008,범위확인필요,수질환경보전법,2.0,2.0,100.0,1990-2010,132_TX_132_2009_H1003_20260915164522.csv,TIME_MACHINE
2008,범위확인필요,식품위생법,2129.0,2099.0,98.6,1990-2010,132_TX_132_2009_H1003_20260915164522.csv,TIME_MACHINE
2008,범위확인필요,신앙에 관한 죄,14.0,21.0,150.0,1990-2010,132_TX_132_2009_H1003_20260915164522.csv,TIME_MACHINE
2008,범위확인필요,신용·업무와 경매에 관한 죄,3995.0,3946.0,98.8,1990-2010,132_TX_132_2009_H1003_20260915164522.csv,TIME_MACHINE
2008,범위확인필요,신용정보의 이용 및 보호에 관한 법률,40.0,31.0,77.5,1990-2010,132_TX_132_2009_H1003_20260915164522.csv,TIME_MACHINE
2008,범위확인필요,실용신안법,53.0,42.0,79.2,1990-2010,132_TX_132_2009_H1003_20260915164522.csv,TIME_MACHINE
2008,범위확인필요,실화 및 업무상실화죄,286.0,210.0,73.4,1990-2010,132_TX_132_2009_H1003_20260915164522.csv,TIME_MACHINE
2008,범위확인필요,아동복지법,18.0,16.0,88.9,1990-2010,132_TX_132_2009_H1003_20260915164522.csv,TIME_MACHINE
2008,범위확인필요,액화석유가스의 안전 및 사업관리법,3.0,3.0,100.0,1990-2010,132_TX_132_2009_H1003_20260915164522.csv,TIME_MACHINE
2008,범위확인필요,야간주거침입절도,443.0,418.0,94.4,1990-2010,132_TX_132_2009_H1003_20260915164522.csv,TIME_MACHINE
2008,범위확인필요,야간주거침입절도(상습),2.0,3.0,150.0,1990-2010,132_TX_132_2009_H1003_20260915164522.csv,TIME_MACHINE
2008,범위확인필요,야생동식물보호법,1.0,36.0,3600.0,1990-2010,132_TX_132_2009_H1003_20260915164522.csv,TIME_MACHINE
2008,범위확인필요,약사법,454.0,408.0,89.9,1990-2010,132_TX_132_2009_H1003_20260915164522.csv,TIME_MACHINE
2008,범위확인필요,양곡관리법,2.0,2.0,100.0,1990-2010,132_TX_132_2009_H1003_20260915164522.csv,TIME_MACHINE
2008,범위확인필요,업무상과실폭발물파열(방출·유출),1.0,1.0,100.0,1990-2010,132_TX_132_2009_H1003_20260915164522.csv,TIME_MACHINE
2008,범위확인필요,업무상배임,457.0,399.0,87.3,1990-2010,132_TX_132_2009_H1003_20260915164522.csv,TIME_MACHINE
2008,범위확인필요,업무상횡령,1762.0,1401.0,79.5,1990-2010,132_TX_132_2009_H1003_20260915164522.csv,TIME_MACHINE
2008,범위확인필요,여객자동차운수사업법,87.0,83.0,95.4,1990-2010,132_TX_132_2009_H1003_20260915164522.csv,TIME_MACHINE
2008,범위확인필요,여권법,17.0,13.0,76.5,1990-2010,132_TX_132_2009_H1003_20260915164522.csv,TIME_MACHINE
2008,범위확인필요,여신전문금융업법위반,671.0,483.0,72.0,1990-2010,132_TX_132_2009_H1003_20260915164522.csv,TIME_MACHINE
2008,범위확인필요,영아살해,2.0,2.0,100.0,1990-2010,132_TX_132_2009_H1003_20260915164522.csv,TIME_MACHINE
2008,범위확인필요,영화 및 비디오물의 진흥에 관한 법률,85.0,83.0,97.6,1990-2010,132_TX_132_2009_H1003_20260915164522.csv,TIME_MACHINE
2008,범위확인필요,옥외광고물등관리법,440.0,369.0,83.9,1990-2010,132_TX_132_2009_H1003_20260915164522.csv,TIME_MACHINE
2008,범위확인필요,외국환거래법,592.0,455.0,76.9,1990-2010,132_TX_132_2009_H1003_20260915164522.csv,TIME_MACHINE
2008,범위확인필요,우표(인지)등위(변)조,1.0,,0.0,1990-2010,132_TX_132_2009_H1003_20260915164522.csv,TIME_MACHINE
2008,범위확인필요,위증죄,601.0,456.0,75.9,1990-2010,132_TX_132_2009_H1003_20260915164522.csv,TIME_MACHINE
2008,범위확인필요,유가증권위(변)조,530.0,301.0,56.8,1990-2010,132_TX_132_2009_H1003_20260915164522.csv,TIME_MACHINE
2008,범위확인필요,유기의 죄,27.0,18.0,66.7,1990-2010,132_TX_132_2009_H1003_20260915164522.csv,TIME_MACHINE
2008,범위확인필요,유사수신행위의 규제에 관한 법률,436.0,310.0,71.1,1990-2010,132_TX_132_2009_H1003_20260915164522.csv,TIME_MACHINE
2008,범위확인필요,유실물 표류물 점유이탈물 매장물횡령,517.0,460.0,89.0,1990-2010,132_TX_132_2009_H1003_20260915164522.csv,TIME_MACHINE
2008,범위확인필요,유해화학물질관리법,35.0,36.0,102.9,1990-2010,132_TX_132_2009_H1003_20260915164522.csv,TIME_MACHINE
2008,범위확인필요,유해화학물질관리법(환각물질흡입등),129.0,127.0,98.4,1990-2010,132_TX_132_2009_H1003_20260915164522.csv,TIME_MACHINE
2008,범위확인필요,음반·비디오물 및 게임물에 관한법률,17.0,19.0,111.8,1990-2010,132_TX_132_2009_H1003_20260915164522.csv,TIME_MACHINE
2008,범위확인필요,음악산업진흥에 관한 법률,1436.0,1421.0,99.0,1990-2010,132_TX_132_2009_H1003_20260915164522.csv,TIME_MACHINE
2008,범위확인필요,음용수에 관한 죄,2.0,2.0,100.0,1990-2010,132_TX_132_2009_H1003_20260915164522.csv,TIME_MACHINE
2008,범위확인필요,음화등반포(판매·임대·전시·제조),3.0,2.0,66.7,1990-2010,132_TX_132_2009_H1003_20260915164522.csv,TIME_MACHINE
2008,범위확인필요,의료기기법,202.0,202.0,100.0,1990-2010,132_TX_132_2009_H1003_20260915164522.csv,TIME_MACHINE
2008,범위확인필요,의료법,628.0,619.0,98.6,1990-2010,132_TX_132_2009_H1003_20260915164522.csv,TIME_MACHINE
2008,범위확인필요,의장법,1.0,1.0,100.0,1990-2010,132_TX_132_2009_H1003_20260915164522.csv,TIME_MACHINE
2008,범위확인필요,인질강도,22.0,24.0,109.1,1990-2010,132_TX_132_2009_H1003_20260915164522.csv,TIME_MACHINE
2008,범위확인필요,인질강요,2.0,2.0,100.0,1990-2010,132_TX_132_2009_H1003_20260915164522.csv,TIME_MACHINE
2008,범위확인필요,일반(건조물등)방화,17.0,13.0,76.5,1990-2010,132_TX_132_2009_H1003_20260915164522.csv,TIME_MACHINE
2008,범위확인필요,자기소유(건조물등)방화,38.0,34.0,89.5,1990-2010,132_TX_132_2009_H1003_20260915164522.csv,TIME_MACHINE
2008,범위확인필요,자동차·선박등불법사용,39.0,36.0,92.3,1990-2010,132_TX_132_2009_H1003_20260915164522.csv,TIME_MACHINE
2008,범위확인필요,자동차관리법,4052.0,3484.0,86.0,1990-2010,132_TX_132_2009_H1003_20260915164522.csv,TIME_MACHINE
2008,범위확인필요,자동차손해배상보장법,60.0,49.0,81.7,1990-2010,132_TX_132_2009_H1003_20260915164522.csv,TIME_MACHINE
2008,범위확인필요,자살교사·방조,1.0,,0.0,1990-2010,132_TX_132_2009_H1003_20260915164522.csv,TIME_MACHINE
2008,범위확인필요,자연공원법,8.0,8.0,100.0,1990-2010,132_TX_132_2009_H1003_20260915164522.csv,TIME_MACHINE
2008,범위확인필요,장물에 관한죄,294.0,306.0,104.1,1990-2010,132_TX_132_2009_H1003_20260915164522.csv,TIME_MACHINE
2008,범위확인필요,장사등에 관한 법률,5.0,7.0,140.0,1990-2010,132_TX_132_2009_H1003_20260915164522.csv,TIME_MACHINE
2008,범위확인필요,저작권법,22467.0,11045.0,49.2,1990-2010,132_TX_132_2009_H1003_20260915164522.csv,TIME_MACHINE
2008,범위확인필요,전기통신기본법,3.0,7.0,233.3,1990-2010,132_TX_132_2009_H1003_20260915164522.csv,TIME_MACHINE
2008,범위확인필요,전기통신사업법,12.0,11.0,91.7,1990-2010,132_TX_132_2009_H1003_20260915164522.csv,TIME_MACHINE
2008,범위확인필요,전투경찰대설치법,27.0,22.0,81.5,1990-2010,132_TX_132_2009_H1003_20260915164522.csv,TIME_MACHINE
2008,범위확인필요,전파법,3.0,2.0,66.7,1990-2010,132_TX_132_2009_H1003_20260915164522.csv,TIME_MACHINE
2008,범위확인필요,절도,23414.0,12392.0,52.9,1990-2010,132_TX_132_2009_H1003_20260915164522.csv,TIME_MACHINE
2008,범위확인필요,절도범,28898.0,17603.0,60.9,1990-2010,132_TX_132_2009_H1003_20260915164522.csv,TIME_MACHINE
2008,범위확인필요,정보통신망 이용촉진 및 정보보호등에 관한 법률,3397.0,2642.0,77.8,1990-2010,132_TX_132_2009_H1003_20260915164522.csv,TIME_MACHINE
2008,범위확인필요,조세범처벌법,1461.0,1142.0,78.2,1990-2010,132_TX_132_2009_H1003_20260915164522.csv,TIME_MACHINE
2008,범위확인필요,존속살해,9.0,9.0,100.0,1990-2010,132_TX_132_2009_H1003_20260915164522.csv,TIME_MACHINE
2008,범위확인필요,존속상해,75.0,77.0,102.7,1990-2010,132_TX_132_2009_H1003_20260915164522.csv,TIME_MACHINE
2008,범위확인필요,존속상해(상습),2.0,2.0,100.0,1990-2010,132_TX_132_2009_H1003_20260915164522.csv,TIME_MACHINE
2008,범위확인필요,존속상해치사,5.0,3.0,60.0,1990-2010,132_TX_132_2009_H1003_20260915164522.csv,TIME_MACHINE
2008,범위확인필요,존속체포감금,3.0,2.0,66.7,1990-2010,132_TX_132_2009_H1003_20260915164522.csv,TIME_MACHINE
2008,범위확인필요,존속폭행,146.0,145.0,99.3,1990-2010,132_TX_132_2009_H1003_20260915164522.csv,TIME_MACHINE
2008,범위확인필요,존속폭행(상습),1.0,1.0,100.0,1990-2010,132_TX_132_2009_H1003_20260915164522.csv,TIME_MACHINE
2008,범위확인필요,존속폭행치사,2.0,2.0,100.0,1990-2010,132_TX_132_2009_H1003_20260915164522.csv,TIME_MACHINE
2008,범위확인필요,존속협박,9.0,10.0,111.1,1990-2010,132_TX_132_2009_H1003_20260915164522.csv,TIME_MACHINE
2008,범위확인필요,주거침입의 죄,1222.0,1184.0,96.9,1990-2010,132_TX_132_2009_H1003_20260915164522.csv,TIME_MACHINE
2008,범위확인필요,주민등록법,347.0,269.0,77.5,1990-2010,132_TX_132_2009_H1003_20260915164522.csv,TIME_MACHINE
2008,범위확인필요,주차장법,201.0,195.0,97.0,1990-2010,132_TX_132_2009_H1003_20260915164522.csv,TIME_MACHINE
2008,범위확인필요,준강간,86.0,84.0,97.7,1990-2010,132_TX_132_2009_H1003_20260915164522.csv,TIME_MACHINE
2008,범위확인필요,준강도,64.0,62.0,96.9,1990-2010,132_TX_132_2009_H1003_20260915164522.csv,TIME_MACHINE
2008,범위확인필요,준사기,8.0,5.0,62.5,1990-2010,132_TX_132_2009_H1003_20260915164522.csv,TIME_MACHINE
2008,범위확인필요,증권거래법,30.0,29.0,96.7,1990-2010,132_TX_132_2009_H1003_20260915164522.csv,TIME_MACHINE
2008,범위확인필요,지능범,62143.0,44393.0,71.4,1990-2010,132_TX_132_2009_H1003_20260915164522.csv,TIME_MACHINE
2008,범위확인필요,지방세법,17.0,13.0,76.5,1990-2010,132_TX_132_2009_H1003_20260915164522.csv,TIME_MACHINE
2008,범위확인필요,직권남용(권리행사방해체포·감금),26.0,21.0,80.8,1990-2010,132_TX_132_2009_H1003_20260915164522.csv,TIME_MACHINE
2008,범위확인필요,직무유기·수행거부,73.0,58.0,79.5,1990-2010,132_TX_132_2009_H1003_20260915164522.csv,TIME_MACHINE
2008,범위확인필요,직업안정법,74.0,72.0,97.3,1990-2010,132_TX_132_2009_H1003_20260915164522.csv,TIME_MACHINE
2008,범위확인필요,집회 및 시위에 관한 법률,670.0,659.0,98.4,1990-2010,132_TX_132_2009_H1003_20260915164522.csv,TIME_MACHINE
2008,범위확인필요,철도법,5.0,4.0,80.0,1990-2010,132_TX_132_2009_H1003_20260915164522.csv,TIME_MACHINE
2008,범위확인필요,청소년보호법,1986.0,1969.0,99.1,1990-2010,132_TX_132_2009_H1003_20260915164522.csv,TIME_MACHINE
2008,범위확인필요,청소년성보호에 관한 법률,405.0,404.0,99.8,1990-2010,132_TX_132_2009_H1003_20260915164522.csv,TIME_MACHINE
2008,범위확인필요,체포·감금치사·상(중·특수·상습),16.0,15.0,93.8,1990-2010,132_TX_132_2009_H1003_20260915164522.csv,TIME_MACHINE
2008,범위확인필요,체포감금,124.0,108.0,87.1,1990-2010,132_TX_132_2009_H1003_20260915164522.csv,TIME_MACHINE
2008,범위확인필요,체포감금(중),4.0,3.0,75.0,1990-2010,132_TX_132_2009_H1003_20260915164522.csv,TIME_MACHINE
2008,범위확인필요,체포감금(특수),3.0,3.0,100.0,1990-2010,132_TX_132_2009_H1003_20260915164522.csv,TIME_MACHINE
2008,범위확인필요,총범죄,392590.0,340883.0,86.8,1990-2010,132_TX_132_2009_H1003_20260915164522.csv,TIME_MACHINE
2008,범위확인필요,총포·도검·화약류단속법,29.0,42.0,144.8,1990-2010,132_TX_132_2009_H1003_20260915164522.csv,TIME_MACHINE
2008,범위확인필요,추행·간음·영리·약취유인,7.0,7.0,100.0,1990-2010,132_TX_132_2009_H1003_20260915164522.csv,TIME_MACHINE
2008,범위확인필요,축산물가공처리법,59.0,56.0,94.9,1990-2010,132_TX_132_2009_H1003_20260915164522.csv,TIME_MACHINE
2008,범위확인필요,출입국관리법,710.0,708.0,99.7,1990-2010,132_TX_132_2009_H1003_20260915164522.csv,TIME_MACHINE
2008,범위확인필요,컴퓨터등사용사기,93.0,66.0,71.0,1990-2010,132_TX_132_2009_H1003_20260915164522.csv,TIME_MACHINE
2008,범위확인필요,컴퓨터프로그램보호법,569.0,337.0,59.2,1990-2010,132_TX_132_2009_H1003_20260915164522.csv,TIME_MACHINE
2008,범위확인필요,통신비밀보호법,13.0,10.0,76.9,1990-2010,132_TX_132_2009_H1003_20260915164522.csv,TIME_MACHINE
2008,범위확인필요,통화위(변)조,539.0,50.0,9.3,1990-2010,132_TX_132_2009_H1003_20260915164522.csv,TIME_MACHINE
2008,범위확인필요,특가법(강도),21.0,24.0,114.3,1990-2010,132_TX_132_2009_H1003_20260915164522.csv,TIME_MACHINE
2008,범위확인필요,특가법(강도상해재범),3.0,2.0,66.7,1990-2010,132_TX_132_2009_H1003_20260915164522.csv,TIME_MACHINE
2008,범위확인필요,특가법(관세),1.0,2.0,200.0,1990-2010,132_TX_132_2009_H1003_20260915164522.csv,TIME_MACHINE
2008,범위확인필요,특가법(뇌물),7.0,11.0,157.1,1990-2010,132_TX_132_2009_H1003_20260915164522.csv,TIME_MACHINE
2008,범위확인필요,특가법(도주차량),1647.0,1392.0,84.5,1990-2010,132_TX_132_2009_H1003_20260915164522.csv,TIME_MACHINE
2008,범위확인필요,특가법(독직폭행),1.0,1.0,100.0,1990-2010,132_TX_132_2009_H1003_20260915164522.csv,TIME_MACHINE
2008,범위확인필요,특가법(보복범죄등),14.0,13.0,92.9,1990-2010,132_TX_132_2009_H1003_20260915164522.csv,TIME_MACHINE
2008,범위확인필요,특가법(알선수재),6.0,5.0,83.3,1990-2010,132_TX_132_2009_H1003_20260915164522.csv,TIME_MACHINE
2008,범위확인필요,특가법(영리약취·유인),6.0,7.0,116.7,1990-2010,132_TX_132_2009_H1003_20260915164522.csv,TIME_MACHINE
2008,범위확인필요,특가법(운전자폭행등),1713.0,1709.0,99.8,1990-2010,132_TX_132_2009_H1003_20260915164522.csv,TIME_MACHINE
2008,범위확인필요,특가법(위험운전치사상),1729.0,1722.0,99.6,1990-2010,132_TX_132_2009_H1003_20260915164522.csv,TIME_MACHINE
2008,범위확인필요,특가법(장물),3.0,2.0,66.7,1990-2010,132_TX_132_2009_H1003_20260915164522.csv,TIME_MACHINE
2008,범위확인필요,특가법(절도),1742.0,1535.0,88.1,1990-2010,132_TX_132_2009_H1003_20260915164522.csv,TIME_MACHINE
2008,범위확인필요,특가법(조세),28.0,20.0,71.4,1990-2010,132_TX_132_2009_H1003_20260915164522.csv,TIME_MACHINE
2008,범위확인필요,특가법(통화위조),907.0,5.0,0.6,1990-2010,132_TX_132_2009_H1003_20260915164522.csv,TIME_MACHINE
2008,범위확인필요,특가법(향정),1.0,1.0,100.0,1990-2010,132_TX_132_2009_H1003_20260915164522.csv,TIME_MACHINE
2008,범위확인필요,특경법(공갈),6.0,7.0,116.7,1990-2010,132_TX_132_2009_H1003_20260915164522.csv,TIME_MACHINE
2008,범위확인필요,특경법(배임),87.0,66.0,75.9,1990-2010,132_TX_132_2009_H1003_20260915164522.csv,TIME_MACHINE
2008,범위확인필요,특경법(보고의무),1.0,1.0,100.0,1990-2010,132_TX_132_2009_H1003_20260915164522.csv,TIME_MACHINE
2008,범위확인필요,특경법(사금융알선등),3.0,2.0,66.7,1990-2010,132_TX_132_2009_H1003_20260915164522.csv,TIME_MACHINE
2008,범위확인필요,특경법(사기),619.0,485.0,78.4,1990-2010,132_TX_132_2009_H1003_20260915164522.csv,TIME_MACHINE
2008,범위확인필요,특경법(수재등),4.0,4.0,100.0,1990-2010,132_TX_132_2009_H1003_20260915164522.csv,TIME_MACHINE
2008,범위확인필요,특경법(알선수재),8.0,9.0,112.5,1990-2010,132_TX_132_2009_H1003_20260915164522.csv,TIME_MACHINE
2008,범위확인필요,특경법(재산국외도피),1.0,1.0,100.0,1990-2010,132_TX_132_2009_H1003_20260915164522.csv,TIME_MACHINE
2008,범위확인필요,특경법(증재등),1.0,1.0,100.0,1990-2010,132_TX_132_2009_H1003_20260915164522.csv,TIME_MACHINE
2008,범위확인필요,특경법(횡령),155.0,131.0,84.5,1990-2010,132_TX_132_2009_H1003_20260915164522.csv,TIME_MACHINE
2008,범위확인필요,특별법범,205067.0,187058.0,91.2,1990-2010,132_TX_132_2009_H1003_20260915164522.csv,TIME_MACHINE
2008,범위확인필요,특수강도,255.0,243.0,95.3,1990-2010,132_TX_132_2009_H1003_20260915164522.csv,TIME_MACHINE
2008,범위확인필요,특수절도,3176.0,3134.0,98.7,1990-2010,132_TX_132_2009_H1003_20260915164522.csv,TIME_MACHINE
2008,범위확인필요,특수폭행,19.0,18.0,94.7,1990-2010,132_TX_132_2009_H1003_20260915164522.csv,TIME_MACHINE
2008,범위확인필요,특허법,89.0,74.0,83.1,1990-2010,132_TX_132_2009_H1003_20260915164522.csv,TIME_MACHINE
2008,범위확인필요,편의시설부정이용,1.0,2.0,200.0,1990-2010,132_TX_132_2009_H1003_20260915164522.csv,TIME_MACHINE
2008,범위확인필요,폐기물관리법,6.0,11.0,183.3,1990-2010,132_TX_132_2009_H1003_20260915164522.csv,TIME_MACHINE
2008,범위확인필요,폭력범,74290.0,71075.0,95.7,1990-2010,132_TX_132_2009_H1003_20260915164522.csv,TIME_MACHINE
2008,범위확인필요,폭력행위등처벌에 관한 법률 위반,12344.0,11924.0,96.6,1990-2010,132_TX_132_2009_H1003_20260915164522.csv,TIME_MACHINE
2008,범위확인필요,폭발물에 관한 죄,1.0,,0.0,1990-2010,132_TX_132_2009_H1003_20260915164522.csv,TIME_MACHINE
2008,범위확인필요,폭발물파열(과실),2.0,2.0,100.0,1990-2010,132_TX_132_2009_H1003_20260915164522.csv,TIME_MACHINE
2008,범위확인필요,폭행,33618.0,32728.0,97.4,1990-2010,132_TX_132_2009_H1003_20260915164522.csv,TIME_MACHINE
2008,범위확인필요,폭행치사,17.0,17.0,100.0,1990-2010,132_TX_132_2009_H1003_20260915164522.csv,TIME_MACHINE
2008,범위확인필요,폭행치상,155.0,145.0,93.5,1990-2010,132_TX_132_2009_H1003_20260915164522.csv,TIME_MACHINE
2008,범위확인필요,폭행치상(특수),2.0,2.0,100.0,1990-2010,132_TX_132_2009_H1003_20260915164522.csv,TIME_MACHINE
2008,범위확인필요,풍속범,2980.0,2684.0,90.1,1990-2010,132_TX_132_2009_H1003_20260915164522.csv,TIME_MACHINE
2008,범위확인필요,풍속영업의 규제에 관한 법률,8.0,8.0,100.0,1990-2010,132_TX_132_2009_H1003_20260915164522.csv,TIME_MACHINE
2008,범위확인필요,피보호자(감호자)간음,1.0,1.0,100.0,1990-2010,132_TX_132_2009_H1003_20260915164522.csv,TIME_MACHINE
2008,범위확인필요,피약취자·피유인자·피매매자등,1.0,2.0,200.0,1990-2010,132_TX_132_2009_H1003_20260915164522.csv,TIME_MACHINE
2008,범위확인필요,하수도법,2.0,2.0,100.0,1990-2010,132_TX_132_2009_H1003_20260915164522.csv,TIME_MACHINE
2008,범위확인필요,하천법,2.0,4.0,200.0,1990-2010,132_TX_132_2009_H1003_20260915164522.csv,TIME_MACHINE
2008,범위확인필요,학교보건법,149.0,143.0,96.0,1990-2010,132_TX_132_2009_H1003_20260915164522.csv,TIME_MACHINE
2008,범위확인필요,학원의설립·운영 및 과외교섭에 관한법률,117.0,114.0,97.4,1990-2010,132_TX_132_2009_H1003_20260915164522.csv,TIME_MACHINE
2008,범위확인필요,향토예비군설치법,4229.0,3413.0,80.7,1990-2010,132_TX_132_2009_H1003_20260915164522.csv,TIME_MACHINE
2008,범위확인필요,허위감정·증거인멸은닉·증인은닉죄,11.0,12.0,109.1,1990-2010,132_TX_132_2009_H1003_20260915164522.csv,TIME_MACHINE
2008,범위확인필요,현주(현존)자동차방화,6.0,5.0,83.3,1990-2010,132_TX_132_2009_H1003_20260915164522.csv,TIME_MACHINE
2008,범위확인필요,현주·현존(건조물등)방화,278.0,273.0,98.2,1990-2010,132_TX_132_2009_H1003_20260915164522.csv,TIME_MACHINE
2008,범위확인필요,현주·현존(건조물등)방화치사,5.0,5.0,100.0,1990-2010,132_TX_132_2009_H1003_20260915164522.csv,TIME_MACHINE
2008,범위확인필요,현주·현존(건조물등)방화치상,6.0,6.0,100.0,1990-2010,132_TX_132_2009_H1003_20260915164522.csv,TIME_MACHINE
2008,범위확인필요,협박,683.0,632.0,92.5,1990-2010,132_TX_132_2009_H1003_20260915164522.csv,TIME_MACHINE
2008,범위확인필요,협박(상습),3.0,2.0,66.7,1990-2010,132_TX_132_2009_H1003_20260915164522.csv,TIME_MACHINE
2008,범위확인필요,협박(특수),40.0,41.0,102.5,1990-2010,132_TX_132_2009_H1003_20260915164522.csv,TIME_MACHINE
2008,범위확인필요,형법범,187523.0,153825.0,82.0,1990-2010,132_TX_132_2009_H1003_20260915164522.csv,TIME_MACHINE
2008,범위확인필요,혼인빙자간음,159.0,105.0,66.0,1990-2010,132_TX_132_2009_H1003_20260915164522.csv,TIME_MACHINE
2008,범위확인필요,혼인빙자간음(위계간음),1.0,,0.0,1990-2010,132_TX_132_2009_H1003_20260915164522.csv,TIME_MACHINE
2008,범위확인필요,화물자동차운수사업법,379.0,314.0,82.8,1990-2010,132_TX_132_2009_H1003_20260915164522.csv,TIME_MACHINE
2008,범위확인필요,화염병사용등의 처벌에 관한 법률,1.0,1.0,100.0,1990-2010,132_TX_132_2009_H1003_20260915164522.csv,TIME_MACHINE
2008,범위확인필요,환경범죄의 단속에 관한 특별조치법,1.0,1.0,100.0,1990-2010,132_TX_132_2009_H1003_20260915164522.csv,TIME_MACHINE
2008,범위확인필요,횡령,3093.0,2269.0,73.4,1990-2010,132_TX_132_2009_H1003_20260915164522.csv,TIME_MACHINE
2009,범위확인필요,가스·전기·증기공급사용방해,2.0,2.0,100.0,1990-2010,132_TX_132_2009_H1003_20260915164522.csv,TIME_MACHINE
2009,범위확인필요,가스등방류(유출·살포),3.0,3.0,100.0,1990-2010,132_TX_132_2009_H1003_20260915164522.csv,TIME_MACHINE
2009,범위확인필요,간통,406.0,384.0,94.6,1990-2010,132_TX_132_2009_H1003_20260915164522.csv,TIME_MACHINE
2009,범위확인필요,강간,2394.0,2325.0,97.1,1990-2010,132_TX_132_2009_H1003_20260915164522.csv,TIME_MACHINE
2009,범위확인필요,강간등살인,1.0,2.0,200.0,1990-2010,132_TX_132_2009_H1003_20260915164522.csv,TIME_MACHINE
2009,범위확인필요,강간등상해,26.0,29.0,111.5,1990-2010,132_TX_132_2009_H1003_20260915164522.csv,TIME_MACHINE
2009,범위확인필요,강간치상(준),146.0,140.0,95.9,1990-2010,132_TX_132_2009_H1003_20260915164522.csv,TIME_MACHINE
2009,범위확인필요,강도,1510.0,1432.0,94.8,1990-2010,132_TX_132_2009_H1003_20260915164522.csv,TIME_MACHINE
2009,범위확인필요,강도강간,69.0,65.0,94.2,1990-2010,132_TX_132_2009_H1003_20260915164522.csv,TIME_MACHINE
2009,범위확인필요,강도살인·치사,29.0,30.0,103.4,1990-2010,132_TX_132_2009_H1003_20260915164522.csv,TIME_MACHINE
2009,범위확인필요,강도상해·치상,384.0,390.0,101.6,1990-2010,132_TX_132_2009_H1003_20260915164522.csv,TIME_MACHINE
2009,범위확인필요,강력범,4494.0,4324.0,96.2,1990-2010,132_TX_132_2009_H1003_20260915164522.csv,TIME_MACHINE
2009,범위확인필요,강제추행(준),1500.0,1430.0,95.3,1990-2010,132_TX_132_2009_H1003_20260915164522.csv,TIME_MACHINE
2009,범위확인필요,강제추행치상(준),33.0,35.0,106.1,1990-2010,132_TX_132_2009_H1003_20260915164522.csv,TIME_MACHINE
2009,범위확인필요,건설기계관리법,17.0,17.0,100.0,1990-2010,132_TX_132_2009_H1003_20260915164522.csv,TIME_MACHINE
2009,범위확인필요,건설산업기본법,44.0,46.0,104.5,1990-2010,132_TX_132_2009_H1003_20260915164522.csv,TIME_MACHINE
2009,범위확인필요,건축법,480.0,516.0,107.5,1990-2010,132_TX_132_2009_H1003_20260915164522.csv,TIME_MACHINE
2009,범위확인필요,게임산업진흥에 관한 법률,3917.0,3779.0,96.5,1990-2010,132_TX_132_2009_H1003_20260915164522.csv,TIME_MACHINE
2009,범위확인필요,경범죄처벌법,86.0,73.0,84.9,1990-2010,132_TX_132_2009_H1003_20260915164522.csv,TIME_MACHINE
2009,범위확인필요,고압가스안전관리법,1.0,,0.0,1990-2010,132_TX_132_2009_H1003_20260915164522.csv,TIME_MACHINE
2009,범위확인필요,골재채취법,8.0,7.0,87.5,1990-2010,132_TX_132_2009_H1003_20260915164522.csv,TIME_MACHINE
2009,범위확인필요,공갈,705.0,618.0,87.7,1990-2010,132_TX_132_2009_H1003_20260915164522.csv,TIME_MACHINE
2009,범위확인필요,공갈(상습),5.0,4.0,80.0,1990-2010,132_TX_132_2009_H1003_20260915164522.csv,TIME_MACHINE
2009,범위확인필요,공공기관의 개인정보보호에 관한 법률,19.0,18.0,94.7,1990-2010,132_TX_132_2009_H1003_20260915164522.csv,TIME_MACHINE
2009,범위확인필요,공무방해에 관한 죄,3678.0,3646.0,99.1,1990-2010,132_TX_132_2009_H1003_20260915164522.csv,TIME_MACHINE
2009,범위확인필요,공무상비밀누설,2.0,1.0,50.0,1990-2010,132_TX_132_2009_H1003_20260915164522.csv,TIME_MACHINE
2009,범위확인필요,공문서위조·변조,1623.0,1125.0,69.3,1990-2010,132_TX_132_2009_H1003_20260915164522.csv,TIME_MACHINE
2009,범위확인필요,공안을 해하는 죄,9.0,9.0,100.0,1990-2010,132_TX_132_2009_H1003_20260915164522.csv,TIME_MACHINE
2009,범위확인필요,공연법,1.0,,,1990-2010,132_TX_132_2009_H1003_20260915164522.csv,TIME_MACHINE
2009,범위확인필요,공연음란,104.0,101.0,97.1,1990-2010,132_TX_132_2009_H1003_20260915164522.csv,TIME_MACHINE
2009,범위확인필요,공유수면관리법,1.0,1.0,100.0,1990-2010,132_TX_132_2009_H1003_20260915164522.csv,TIME_MACHINE
2009,범위확인필요,공인위조·부정사용행사,60.0,54.0,90.0,1990-2010,132_TX_132_2009_H1003_20260915164522.csv,TIME_MACHINE
2009,범위확인필요,공전자기록등위작·변작,3.0,1.0,33.3,1990-2010,132_TX_132_2009_H1003_20260915164522.csv,TIME_MACHINE
2009,범위확인필요,공중위생관리법,75.0,73.0,97.3,1990-2010,132_TX_132_2009_H1003_20260915164522.csv,TIME_MACHINE
2009,범위확인필요,공직선거법,10.0,9.0,90.0,1990-2010,132_TX_132_2009_H1003_20260915164522.csv,TIME_MACHINE
2009,범위확인필요,과실사상의 죄,749.0,747.0,99.7,1990-2010,132_TX_132_2009_H1003_20260915164522.csv,TIME_MACHINE
2009,범위확인필요,과실폭발물파열(방출·유출),1.0,1.0,100.0,1990-2010,132_TX_132_2009_H1003_20260915164522.csv,TIME_MACHINE
2009,범위확인필요,관세법,2.0,2.0,100.0,1990-2010,132_TX_132_2009_H1003_20260915164522.csv,TIME_MACHINE
2009,범위확인필요,교통 방해의 죄,235.0,233.0,99.1,1990-2010,132_TX_132_2009_H1003_20260915164522.csv,TIME_MACHINE
2009,범위확인필요,교통사고처리특례법,39107.0,38028.0,97.2,1990-2010,132_TX_132_2009_H1003_20260915164522.csv,TIME_MACHINE
2009,범위확인필요,국가보안법,10.0,11.0,110.0,1990-2010,132_TX_132_2009_H1003_20260915164522.csv,TIME_MACHINE
2009,범위확인필요,국민건강보험법,17.0,18.0,105.9,1990-2010,132_TX_132_2009_H1003_20260915164522.csv,TIME_MACHINE
2009,범위확인필요,국민연금법,4.0,2.0,50.0,1990-2010,132_TX_132_2009_H1003_20260915164522.csv,TIME_MACHINE
2009,범위확인필요,국외이송약취유인,1.0,,0.0,1990-2010,132_TX_132_2009_H1003_20260915164522.csv,TIME_MACHINE
2009,범위확인필요,국토의계획 및 이용에 관한 법률,36.0,49.0,136.1,1990-2010,132_TX_132_2009_H1003_20260915164522.csv,TIME_MACHINE
2009,범위확인필요,권리행사를 방해하는 죄,948.0,779.0,82.2,1990-2010,132_TX_132_2009_H1003_20260915164522.csv,TIME_MACHINE
2009,범위확인필요,근로기준법,8.0,2.0,25.0,1990-2010,132_TX_132_2009_H1003_20260915164522.csv,TIME_MACHINE
2009,범위확인필요,기타,2.0,2.0,100.0,1990-2010,132_TX_132_2009_H1003_20260915164522.csv,TIME_MACHINE
2009,범위확인필요,기타통화에 관한 죄,33.0,8.0,24.2,1990-2010,132_TX_132_2009_H1003_20260915164522.csv,TIME_MACHINE
2009,범위확인필요,기타특별법,5649.0,4375.0,77.4,1990-2010,132_TX_132_2009_H1003_20260915164522.csv,TIME_MACHINE
2009,범위확인필요,기타형법범,16863.0,15810.0,93.8,1990-2010,132_TX_132_2009_H1003_20260915164522.csv,TIME_MACHINE
2009,범위확인필요,낙태의 죄,3.0,4.0,133.3,1990-2010,132_TX_132_2009_H1003_20260915164522.csv,TIME_MACHINE
2009,범위확인필요,내수면어업법,1.0,1.0,100.0,1990-2010,132_TX_132_2009_H1003_20260915164522.csv,TIME_MACHINE
2009,범위확인필요,농산물품질관리법,48.0,50.0,104.2,1990-2010,132_TX_132_2009_H1003_20260915164522.csv,TIME_MACHINE
2009,범위확인필요,농지법,24.0,32.0,133.3,1990-2010,132_TX_132_2009_H1003_20260915164522.csv,TIME_MACHINE
2009,범위확인필요,뇌물공여·약속·의사표시,13.0,10.0,76.9,1990-2010,132_TX_132_2009_H1003_20260915164522.csv,TIME_MACHINE
2009,범위확인필요,뇌물수수·요구·약속,41.0,37.0,90.2,1990-2010,132_TX_132_2009_H1003_20260915164522.csv,TIME_MACHINE
2009,범위확인필요,담배사업법,139.0,130.0,93.5,1990-2010,132_TX_132_2009_H1003_20260915164522.csv,TIME_MACHINE
2009,범위확인필요,대기환경보전법,26.0,20.0,76.9,1990-2010,132_TX_132_2009_H1003_20260915164522.csv,TIME_MACHINE
2009,범위확인필요,대부업의 등록 및 금융이용자보호에 관한 법률,2163.0,1453.0,67.2,1990-2010,132_TX_132_2009_H1003_20260915164522.csv,TIME_MACHINE
2009,범위확인필요,도로교통법(공동위험행위),88.0,95.0,108.0,1990-2010,132_TX_132_2009_H1003_20260915164522.csv,TIME_MACHINE
2009,범위확인필요,도로교통법(교통사고),3177.0,2985.0,94.0,1990-2010,132_TX_132_2009_H1003_20260915164522.csv,TIME_MACHINE
2009,범위확인필요,도로교통법(무면허운전),23035.0,23077.0,100.2,1990-2010,132_TX_132_2009_H1003_20260915164522.csv,TIME_MACHINE
2009,범위확인필요,도로교통법(사고후미조치),975.0,751.0,77.0,1990-2010,132_TX_132_2009_H1003_20260915164522.csv,TIME_MACHINE
2009,범위확인필요,도로교통법(음주운전),46612.0,46978.0,100.8,1990-2010,132_TX_132_2009_H1003_20260915164522.csv,TIME_MACHINE
2009,범위확인필요,도로교통법(음주측정거부),389.0,385.0,99.0,1990-2010,132_TX_132_2009_H1003_20260915164522.csv,TIME_MACHINE
2009,범위확인필요,도로법,1192.0,2052.0,172.1,1990-2010,132_TX_132_2009_H1003_20260915164522.csv,TIME_MACHINE
2009,범위확인필요,도박,4275.0,3137.0,73.4,1990-2010,132_TX_132_2009_H1003_20260915164522.csv,TIME_MACHINE
2009,범위확인필요,도박개장,305.0,257.0,84.3,1990-2010,132_TX_132_2009_H1003_20260915164522.csv,TIME_MACHINE
2009,범위확인필요,도시가스사업법,2.0,2.0,100.0,1990-2010,132_TX_132_2009_H1003_20260915164522.csv,TIME_MACHINE
2009,범위확인필요,도시공원및녹지등에관한법률,38.0,38.0,100.0,1990-2010,132_TX_132_2009_H1003_20260915164522.csv,TIME_MACHINE
2009,범위확인필요,도주와 도주원조죄,3.0,3.0,100.0,1990-2010,132_TX_132_2009_H1003_20260915164522.csv,TIME_MACHINE
2009,범위확인필요,독직폭행·가혹행위,23.0,19.0,82.6,1990-2010,132_TX_132_2009_H1003_20260915164522.csv,TIME_MACHINE
2009,범위확인필요,마약류 관리에 관한 법률(마약),248.0,274.0,110.5,1990-2010,132_TX_132_2009_H1003_20260915164522.csv,TIME_MACHINE
2009,범위확인필요,마약류관리에 관한법률(대마),207.0,230.0,111.1,1990-2010,132_TX_132_2009_H1003_20260915164522.csv,TIME_MACHINE
2009,범위확인필요,마약류관리에 관한법률(향정),662.0,662.0,100.0,1990-2010,132_TX_132_2009_H1003_20260915164522.csv,TIME_MACHINE
2009,범위확인필요,명예에 관한 죄,3348.0,3072.0,91.8,1990-2010,132_TX_132_2009_H1003_20260915164522.csv,TIME_MACHINE
2009,범위확인필요,무고의 죄,749.0,613.0,81.8,1990-2010,132_TX_132_2009_H1003_20260915164522.csv,TIME_MACHINE
2009,범위확인필요,문화재보호법,7.0,13.0,185.7,1990-2010,132_TX_132_2009_H1003_20260915164522.csv,TIME_MACHINE
2009,범위확인필요,미성년자등간음·추행(심신미약자),20.0,19.0,95.0,1990-2010,132_TX_132_2009_H1003_20260915164522.csv,TIME_MACHINE
2009,범위확인필요,미성년자약취유인,34.0,32.0,94.1,1990-2010,132_TX_132_2009_H1003_20260915164522.csv,TIME_MACHINE
2009,범위확인필요,미성년자의 제강간(강제추행강간살인),14.0,15.0,107.1,1990-2010,132_TX_132_2009_H1003_20260915164522.csv,TIME_MACHINE
2009,범위확인필요,민사소송법,6.0,6.0,100.0,1990-2010,132_TX_132_2009_H1003_20260915164522.csv,TIME_MACHINE
2009,범위확인필요,밀항단속법,6.0,9.0,150.0,1990-2010,132_TX_132_2009_H1003_20260915164522.csv,TIME_MACHINE
2009,범위확인필요,방문판매등에 관한 법률,253.0,128.0,50.6,1990-2010,132_TX_132_2009_H1003_20260915164522.csv,TIME_MACHINE
2009,범위확인필요,방화,340.0,321.0,94.4,1990-2010,132_TX_132_2009_H1003_20260915164522.csv,TIME_MACHINE
2009,범위확인필요,방화연소,16.0,6.0,37.5,1990-2010,132_TX_132_2009_H1003_20260915164522.csv,TIME_MACHINE
2009,범위확인필요,배임,630.0,494.0,78.4,1990-2010,132_TX_132_2009_H1003_20260915164522.csv,TIME_MACHINE
2009,범위확인필요,배임수재,32.0,27.0,84.4,1990-2010,132_TX_132_2009_H1003_20260915164522.csv,TIME_MACHINE
2009,범위확인필요,배임증재,6.0,4.0,66.7,1990-2010,132_TX_132_2009_H1003_20260915164522.csv,TIME_MACHINE
2009,범위확인필요,범인은닉·범인도피죄,34.0,36.0,105.9,1990-2010,132_TX_132_2009_H1003_20260915164522.csv,TIME_MACHINE
2009,범위확인필요,변호사법,151.0,103.0,68.2,1990-2010,132_TX_132_2009_H1003_20260915164522.csv,TIME_MACHINE
2009,범위확인필요,병역법,2439.0,2195.0,90.0,1990-2010,132_TX_132_2009_H1003_20260915164522.csv,TIME_MACHINE
2009,범위확인필요,보건범죄특조법(부정식품),2.0,2.0,100.0,1990-2010,132_TX_132_2009_H1003_20260915164522.csv,TIME_MACHINE
2009,범위확인필요,보건범죄특조법(부정의료업자),109.0,106.0,97.2,1990-2010,132_TX_132_2009_H1003_20260915164522.csv,TIME_MACHINE
2009,범위확인필요,보건범죄특조법(부정의약품),6.0,1.0,16.7,1990-2010,132_TX_132_2009_H1003_20260915164522.csv,TIME_MACHINE
2009,범위확인필요,복표발매(중개·취득),88.0,88.0,100.0,1990-2010,132_TX_132_2009_H1003_20260915164522.csv,TIME_MACHINE
2009,범위확인필요,부당이득,10.0,9.0,90.0,1990-2010,132_TX_132_2009_H1003_20260915164522.csv,TIME_MACHINE
2009,범위확인필요,부동산중개업법,152.0,134.0,88.2,1990-2010,132_TX_132_2009_H1003_20260915164522.csv,TIME_MACHINE
2009,범위확인필요,부정경쟁방지 및 영업비밀보호에 관한 법률,174.0,146.0,83.9,1990-2010,132_TX_132_2009_H1003_20260915164522.csv,TIME_MACHINE
2009,범위확인필요,부정수표단속법,4290.0,2656.0,61.9,1990-2010,132_TX_132_2009_H1003_20260915164522.csv,TIME_MACHINE
2009,범위확인필요,비밀침해죄,5.0,6.0,120.0,1990-2010,132_TX_132_2009_H1003_20260915164522.csv,TIME_MACHINE
2009,범위확인필요,사기,55817.0,40552.0,72.7,1990-2010,132_TX_132_2009_H1003_20260915164522.csv,TIME_MACHINE
2009,범위확인필요,사기(상습),237.0,107.0,45.1,1990-2010,132_TX_132_2009_H1003_20260915164522.csv,TIME_MACHINE
2009,범위확인필요,사문서위조·변조,3032.0,2574.0,84.9,1990-2010,132_TX_132_2009_H1003_20260915164522.csv,TIME_MACHINE
2009,범위확인필요,사인등위조·부정사용행사,44.0,37.0,84.1,1990-2010,132_TX_132_2009_H1003_20260915164522.csv,TIME_MACHINE
2009,범위확인필요,사전자기록등위작·변작,17.0,12.0,70.6,1990-2010,132_TX_132_2009_H1003_20260915164522.csv,TIME_MACHINE
2009,범위확인필요,사행행위등 규제 및 처벌특례법,134.0,133.0,99.3,1990-2010,132_TX_132_2009_H1003_20260915164522.csv,TIME_MACHINE
2009,범위확인필요,산림법,,1.0,100.0,1990-2010,132_TX_132_2009_H1003_20260915164522.csv,TIME_MACHINE
2009,범위확인필요,산업안전보건법,4.0,6.0,150.0,1990-2010,132_TX_132_2009_H1003_20260915164522.csv,TIME_MACHINE
2009,범위확인필요,살인,250.0,246.0,98.4,1990-2010,132_TX_132_2009_H1003_20260915164522.csv,TIME_MACHINE
2009,범위확인필요,상법,23.0,15.0,65.2,1990-2010,132_TX_132_2009_H1003_20260915164522.csv,TIME_MACHINE
2009,범위확인필요,상습도박,885.0,419.0,47.3,1990-2010,132_TX_132_2009_H1003_20260915164522.csv,TIME_MACHINE
2009,범위확인필요,상습절도,98.0,56.0,57.1,1990-2010,132_TX_132_2009_H1003_20260915164522.csv,TIME_MACHINE
2009,범위확인필요,상습폭행,2.0,2.0,100.0,1990-2010,132_TX_132_2009_H1003_20260915164522.csv,TIME_MACHINE
2009,범위확인필요,상표법,1675.0,1298.0,77.5,1990-2010,132_TX_132_2009_H1003_20260915164522.csv,TIME_MACHINE
2009,범위확인필요,상해,14787.0,14489.0,98.0,1990-2010,132_TX_132_2009_H1003_20260915164522.csv,TIME_MACHINE
2009,범위확인필요,상해(상습),1.0,1.0,100.0,1990-2010,132_TX_132_2009_H1003_20260915164522.csv,TIME_MACHINE
2009,범위확인필요,상해(중),17.0,17.0,100.0,1990-2010,132_TX_132_2009_H1003_20260915164522.csv,TIME_MACHINE
2009,범위확인필요,상해치사,11.0,11.0,100.0,1990-2010,132_TX_132_2009_H1003_20260915164522.csv,TIME_MACHINE
2009,범위확인필요,새마을금고법,1.0,1.0,100.0,1990-2010,132_TX_132_2009_H1003_20260915164522.csv,TIME_MACHINE
2009,범위확인필요,석유 및 석유대체연료사업법,95.0,111.0,116.8,1990-2010,132_TX_132_2009_H1003_20260915164522.csv,TIME_MACHINE
2009,범위확인필요,석유사업법,,4.0,400.0,1990-2010,132_TX_132_2009_H1003_20260915164522.csv,TIME_MACHINE
2009,범위확인필요,성매매알선등 행위의 처벌에 관한 법률,4237.0,4364.0,103.0,1990-2010,132_TX_132_2009_H1003_20260915164522.csv,TIME_MACHINE
2009,범위확인필요,성폭력범죄의 처벌 및 피해자보호등에 관한 법률,1661.0,1643.0,98.9,1990-2010,132_TX_132_2009_H1003_20260915164522.csv,TIME_MACHINE
2009,범위확인필요,소음·진동규제법,2.0,2.0,100.0,1990-2010,132_TX_132_2009_H1003_20260915164522.csv,TIME_MACHINE
2009,범위확인필요,손괴의죄,7554.0,6211.0,82.2,1990-2010,132_TX_132_2009_H1003_20260915164522.csv,TIME_MACHINE
2009,범위확인필요,수도법,3.0,5.0,166.7,1990-2010,132_TX_132_2009_H1003_20260915164522.csv,TIME_MACHINE
2009,범위확인필요,수산물품질관리법,4.0,6.0,150.0,1990-2010,132_TX_132_2009_H1003_20260915164522.csv,TIME_MACHINE
2009,범위확인필요,수산자원보호령,1.0,1.0,100.0,1990-2010,132_TX_132_2009_H1003_20260915164522.csv,TIME_MACHINE
2009,범위확인필요,식품위생법,2644.0,2535.0,95.9,1990-2010,132_TX_132_2009_H1003_20260915164522.csv,TIME_MACHINE
2009,범위확인필요,신앙에 관한 죄,11.0,15.0,136.4,1990-2010,132_TX_132_2009_H1003_20260915164522.csv,TIME_MACHINE
2009,범위확인필요,신용·업무와 경매에 관한 죄,4399.0,4327.0,98.4,1990-2010,132_TX_132_2009_H1003_20260915164522.csv,TIME_MACHINE
2009,범위확인필요,신용정보의 이용 및 보호에 관한 법률,49.0,36.0,73.5,1990-2010,132_TX_132_2009_H1003_20260915164522.csv,TIME_MACHINE
2009,범위확인필요,실용신안법,27.0,23.0,85.2,1990-2010,132_TX_132_2009_H1003_20260915164522.csv,TIME_MACHINE
2009,범위확인필요,실화 및 업무상실화죄,259.0,205.0,79.2,1990-2010,132_TX_132_2009_H1003_20260915164522.csv,TIME_MACHINE
2009,범위확인필요,아동복지법,13.0,13.0,100.0,1990-2010,132_TX_132_2009_H1003_20260915164522.csv,TIME_MACHINE
2009,범위확인필요,액화석유가스의 안전 및 사업관리법,5.0,7.0,140.0,1990-2010,132_TX_132_2009_H1003_20260915164522.csv,TIME_MACHINE
2009,범위확인필요,야간주거침입절도,675.0,677.0,100.3,1990-2010,132_TX_132_2009_H1003_20260915164522.csv,TIME_MACHINE
2009,범위확인필요,야간주거침입절도(상습),5.0,4.0,80.0,1990-2010,132_TX_132_2009_H1003_20260915164522.csv,TIME_MACHINE
2009,범위확인필요,야생동식물보호법,2.0,2.0,100.0,1990-2010,132_TX_132_2009_H1003_20260915164522.csv,TIME_MACHINE
2009,범위확인필요,약사법,597.0,464.0,77.7,1990-2010,132_TX_132_2009_H1003_20260915164522.csv,TIME_MACHINE
2009,범위확인필요,업무상배임,523.0,471.0,90.1,1990-2010,132_TX_132_2009_H1003_20260915164522.csv,TIME_MACHINE
2009,범위확인필요,업무상횡령,1984.0,1657.0,83.5,1990-2010,132_TX_132_2009_H1003_20260915164522.csv,TIME_MACHINE
2009,범위확인필요,여객자동차운수사업법,105.0,120.0,114.3,1990-2010,132_TX_132_2009_H1003_20260915164522.csv,TIME_MACHINE
2009,범위확인필요,여권법,17.0,7.0,41.2,1990-2010,132_TX_132_2009_H1003_20260915164522.csv,TIME_MACHINE
2009,범위확인필요,여신전문금융업법위반,854.0,546.0,63.9,1990-2010,132_TX_132_2009_H1003_20260915164522.csv,TIME_MACHINE
2009,범위확인필요,영아살해,1.0,1.0,100.0,1990-2010,132_TX_132_2009_H1003_20260915164522.csv,TIME_MACHINE
2009,범위확인필요,영화 및 비디오물의 진흥에 관한 법률,113.0,110.0,97.3,1990-2010,132_TX_132_2009_H1003_20260915164522.csv,TIME_MACHINE
2009,범위확인필요,옥외광고물등관리법,386.0,325.0,84.2,1990-2010,132_TX_132_2009_H1003_20260915164522.csv,TIME_MACHINE
2009,범위확인필요,외국환거래법,1037.0,666.0,64.2,1990-2010,132_TX_132_2009_H1003_20260915164522.csv,TIME_MACHINE
2009,범위확인필요,위증죄,733.0,529.0,72.2,1990-2010,132_TX_132_2009_H1003_20260915164522.csv,TIME_MACHINE
2009,범위확인필요,유가증권위(변)조,451.0,294.0,65.2,1990-2010,132_TX_132_2009_H1003_20260915164522.csv,TIME_MACHINE
2009,범위확인필요,유기의 죄,21.0,18.0,85.7,1990-2010,132_TX_132_2009_H1003_20260915164522.csv,TIME_MACHINE
2009,범위확인필요,유사수신행위의 규제에 관한 법률,596.0,428.0,71.8,1990-2010,132_TX_132_2009_H1003_20260915164522.csv,TIME_MACHINE
2009,범위확인필요,유실물 표류물 점유이탈물 매장물횡령,662.0,560.0,84.6,1990-2010,132_TX_132_2009_H1003_20260915164522.csv,TIME_MACHINE
2009,범위확인필요,유해화학물질관리법,36.0,37.0,102.8,1990-2010,132_TX_132_2009_H1003_20260915164522.csv,TIME_MACHINE
2009,범위확인필요,유해화학물질관리법(환각물질흡입등),122.0,121.0,99.2,1990-2010,132_TX_132_2009_H1003_20260915164522.csv,TIME_MACHINE
2009,범위확인필요,윤락행위등방지법,2.0,1.0,50.0,1990-2010,132_TX_132_2009_H1003_20260915164522.csv,TIME_MACHINE
2009,범위확인필요,음반·비디오물 및 게임물에 관한법률,8.0,6.0,75.0,1990-2010,132_TX_132_2009_H1003_20260915164522.csv,TIME_MACHINE
2009,범위확인필요,음악산업진흥에 관한 법률,1855.0,1839.0,99.1,1990-2010,132_TX_132_2009_H1003_20260915164522.csv,TIME_MACHINE
2009,범위확인필요,음용수에 관한 죄,2.0,2.0,100.0,1990-2010,132_TX_132_2009_H1003_20260915164522.csv,TIME_MACHINE
2009,범위확인필요,음화등반포(판매·임대·전시·제조),3.0,3.0,100.0,1990-2010,132_TX_132_2009_H1003_20260915164522.csv,TIME_MACHINE
2009,범위확인필요,의료기기법,214.0,199.0,93.0,1990-2010,132_TX_132_2009_H1003_20260915164522.csv,TIME_MACHINE
2009,범위확인필요,의료법,1093.0,1088.0,99.5,1990-2010,132_TX_132_2009_H1003_20260915164522.csv,TIME_MACHINE
2009,범위확인필요,인질강도,38.0,38.0,100.0,1990-2010,132_TX_132_2009_H1003_20260915164522.csv,TIME_MACHINE
2009,범위확인필요,일반(건조물등)방화,20.0,20.0,100.0,1990-2010,132_TX_132_2009_H1003_20260915164522.csv,TIME_MACHINE
2009,범위확인필요,일수와 수리에 관한 죄,1.0,1.0,100.0,1990-2010,132_TX_132_2009_H1003_20260915164522.csv,TIME_MACHINE
2009,범위확인필요,자기소유(건조물등)방화,62.0,57.0,91.9,1990-2010,132_TX_132_2009_H1003_20260915164522.csv,TIME_MACHINE
2009,범위확인필요,자동차·선박등불법사용,41.0,43.0,104.9,1990-2010,132_TX_132_2009_H1003_20260915164522.csv,TIME_MACHINE
2009,범위확인필요,자동차관리법,6700.0,6281.0,93.7,1990-2010,132_TX_132_2009_H1003_20260915164522.csv,TIME_MACHINE
2009,범위확인필요,자동차손해배상보장법,93.0,70.0,75.3,1990-2010,132_TX_132_2009_H1003_20260915164522.csv,TIME_MACHINE
2009,범위확인필요,자살교사·방조,4.0,3.0,75.0,1990-2010,132_TX_132_2009_H1003_20260915164522.csv,TIME_MACHINE
2009,범위확인필요,자연공원법,11.0,13.0,118.2,1990-2010,132_TX_132_2009_H1003_20260915164522.csv,TIME_MACHINE
2009,범위확인필요,장물에 관한죄,479.0,403.0,84.1,1990-2010,132_TX_132_2009_H1003_20260915164522.csv,TIME_MACHINE
2009,범위확인필요,장사등에 관한 법률,7.0,7.0,100.0,1990-2010,132_TX_132_2009_H1003_20260915164522.csv,TIME_MACHINE
2009,범위확인필요,저작권법,15632.0,10276.0,65.7,1990-2010,132_TX_132_2009_H1003_20260915164522.csv,TIME_MACHINE
2009,범위확인필요,전기통신기본법,5.0,5.0,100.0,1990-2010,132_TX_132_2009_H1003_20260915164522.csv,TIME_MACHINE
2009,범위확인필요,전기통신사업법,16.0,16.0,100.0,1990-2010,132_TX_132_2009_H1003_20260915164522.csv,TIME_MACHINE
2009,범위확인필요,전염병예방법,3.0,3.0,100.0,1990-2010,132_TX_132_2009_H1003_20260915164522.csv,TIME_MACHINE
2009,범위확인필요,전투경찰대설치법,11.0,7.0,63.6,1990-2010,132_TX_132_2009_H1003_20260915164522.csv,TIME_MACHINE
2009,범위확인필요,전파법,5.0,6.0,120.0,1990-2010,132_TX_132_2009_H1003_20260915164522.csv,TIME_MACHINE
2009,범위확인필요,절도,28243.0,19131.0,67.7,1990-2010,132_TX_132_2009_H1003_20260915164522.csv,TIME_MACHINE
2009,범위확인필요,절도범,37172.0,26777.0,72.0,1990-2010,132_TX_132_2009_H1003_20260915164522.csv,TIME_MACHINE
2009,범위확인필요,정보통신망 이용촉진 및 정보보호등에 관한 법률,3645.0,2833.0,77.7,1990-2010,132_TX_132_2009_H1003_20260915164522.csv,TIME_MACHINE
2009,범위확인필요,조세범처벌법,1328.0,1102.0,83.0,1990-2010,132_TX_132_2009_H1003_20260915164522.csv,TIME_MACHINE
2009,범위확인필요,존속살해,9.0,9.0,100.0,1990-2010,132_TX_132_2009_H1003_20260915164522.csv,TIME_MACHINE
2009,범위확인필요,존속상해,90.0,92.0,102.2,1990-2010,132_TX_132_2009_H1003_20260915164522.csv,TIME_MACHINE
2009,범위확인필요,존속상해치사,1.0,,0.0,1990-2010,132_TX_132_2009_H1003_20260915164522.csv,TIME_MACHINE
2009,범위확인필요,존속체포감금,2.0,2.0,100.0,1990-2010,132_TX_132_2009_H1003_20260915164522.csv,TIME_MACHINE
2009,범위확인필요,존속폭행,153.0,149.0,97.4,1990-2010,132_TX_132_2009_H1003_20260915164522.csv,TIME_MACHINE
2009,범위확인필요,존속폭행치사,1.0,1.0,100.0,1990-2010,132_TX_132_2009_H1003_20260915164522.csv,TIME_MACHINE
2009,범위확인필요,존속협박,11.0,11.0,100.0,1990-2010,132_TX_132_2009_H1003_20260915164522.csv,TIME_MACHINE
2009,범위확인필요,주거침입의 죄,1170.0,1138.0,97.3,1990-2010,132_TX_132_2009_H1003_20260915164522.csv,TIME_MACHINE
2009,범위확인필요,주민등록법,425.0,330.0,77.6,1990-2010,132_TX_132_2009_H1003_20260915164522.csv,TIME_MACHINE
2009,범위확인필요,주차장법,126.0,122.0,96.8,1990-2010,132_TX_132_2009_H1003_20260915164522.csv,TIME_MACHINE
2009,범위확인필요,준강간,106.0,110.0,103.8,1990-2010,132_TX_132_2009_H1003_20260915164522.csv,TIME_MACHINE
2009,범위확인필요,준강도,91.0,88.0,96.7,1990-2010,132_TX_132_2009_H1003_20260915164522.csv,TIME_MACHINE
2009,범위확인필요,준사기,4.0,2.0,50.0,1990-2010,132_TX_132_2009_H1003_20260915164522.csv,TIME_MACHINE
2009,범위확인필요,준특수강도,1.0,1.0,100.0,1990-2010,132_TX_132_2009_H1003_20260915164522.csv,TIME_MACHINE
2009,범위확인필요,증권거래법,37.0,26.0,70.3,1990-2010,132_TX_132_2009_H1003_20260915164522.csv,TIME_MACHINE
2009,범위확인필요,지능범,72256.0,51890.0,71.8,1990-2010,132_TX_132_2009_H1003_20260915164522.csv,TIME_MACHINE
2009,범위확인필요,지방세법,2.0,2.0,100.0,1990-2010,132_TX_132_2009_H1003_20260915164522.csv,TIME_MACHINE
2009,범위확인필요,직권남용(권리행사방해체포·감금),18.0,13.0,72.2,1990-2010,132_TX_132_2009_H1003_20260915164522.csv,TIME_MACHINE
2009,범위확인필요,직무유기·수행거부,66.0,60.0,90.9,1990-2010,132_TX_132_2009_H1003_20260915164522.csv,TIME_MACHINE
2009,범위확인필요,직업안정법,203.0,184.0,90.6,1990-2010,132_TX_132_2009_H1003_20260915164522.csv,TIME_MACHINE
2009,범위확인필요,집회 및 시위에 관한 법률,494.0,469.0,94.9,1990-2010,132_TX_132_2009_H1003_20260915164522.csv,TIME_MACHINE
2009,범위확인필요,청소년보호법,1565.0,1551.0,99.1,1990-2010,132_TX_132_2009_H1003_20260915164522.csv,TIME_MACHINE
2009,범위확인필요,청소년성보호에 관한 법률,467.0,468.0,100.2,1990-2010,132_TX_132_2009_H1003_20260915164522.csv,TIME_MACHINE
2009,범위확인필요,체포·감금치사·상(중·특수·상습),7.0,8.0,114.3,1990-2010,132_TX_132_2009_H1003_20260915164522.csv,TIME_MACHINE
2009,범위확인필요,체포감금,125.0,116.0,92.8,1990-2010,132_TX_132_2009_H1003_20260915164522.csv,TIME_MACHINE
2009,범위확인필요,체포감금(중),3.0,3.0,100.0,1990-2010,132_TX_132_2009_H1003_20260915164522.csv,TIME_MACHINE
2009,범위확인필요,총범죄,405428.0,354536.0,87.4,1990-2010,132_TX_132_2009_H1003_20260915164522.csv,TIME_MACHINE
2009,범위확인필요,총포·도검·화약류단속법,340.0,384.0,112.9,1990-2010,132_TX_132_2009_H1003_20260915164522.csv,TIME_MACHINE
2009,범위확인필요,추행·간음·영리·약취유인,16.0,7.0,43.8,1990-2010,132_TX_132_2009_H1003_20260915164522.csv,TIME_MACHINE
2009,범위확인필요,축산물가공처리법,78.0,84.0,107.7,1990-2010,132_TX_132_2009_H1003_20260915164522.csv,TIME_MACHINE
2009,범위확인필요,출입국관리법,502.0,512.0,102.0,1990-2010,132_TX_132_2009_H1003_20260915164522.csv,TIME_MACHINE
2009,범위확인필요,컴퓨터등사용사기,160.0,98.0,61.3,1990-2010,132_TX_132_2009_H1003_20260915164522.csv,TIME_MACHINE
2009,범위확인필요,컴퓨터프로그램보호법,545.0,339.0,62.2,1990-2010,132_TX_132_2009_H1003_20260915164522.csv,TIME_MACHINE
2009,범위확인필요,통신비밀보호법,19.0,17.0,89.5,1990-2010,132_TX_132_2009_H1003_20260915164522.csv,TIME_MACHINE
2009,범위확인필요,통화위(변)조,797.0,14.0,1.8,1990-2010,132_TX_132_2009_H1003_20260915164522.csv,TIME_MACHINE
2009,범위확인필요,특가법(강도),56.0,48.0,85.7,1990-2010,132_TX_132_2009_H1003_20260915164522.csv,TIME_MACHINE
2009,범위확인필요,특가법(강도상해재범),1.0,2.0,200.0,1990-2010,132_TX_132_2009_H1003_20260915164522.csv,TIME_MACHINE
2009,범위확인필요,특가법(관세),,2.0,200.0,1990-2010,132_TX_132_2009_H1003_20260915164522.csv,TIME_MACHINE
2009,범위확인필요,특가법(뇌물),5.0,4.0,80.0,1990-2010,132_TX_132_2009_H1003_20260915164522.csv,TIME_MACHINE
2009,범위확인필요,특가법(도주차량),1633.0,1475.0,90.3,1990-2010,132_TX_132_2009_H1003_20260915164522.csv,TIME_MACHINE
2009,범위확인필요,특가법(독직가혹행위),1.0,1.0,100.0,1990-2010,132_TX_132_2009_H1003_20260915164522.csv,TIME_MACHINE
2009,범위확인필요,특가법(범죄단체조직),1.0,,0.0,1990-2010,132_TX_132_2009_H1003_20260915164522.csv,TIME_MACHINE
2009,범위확인필요,특가법(보복범죄등),14.0,14.0,100.0,1990-2010,132_TX_132_2009_H1003_20260915164522.csv,TIME_MACHINE
2009,범위확인필요,특가법(산림),,2.0,200.0,1990-2010,132_TX_132_2009_H1003_20260915164522.csv,TIME_MACHINE
2009,범위확인필요,특가법(알선수재),2.0,1.0,50.0,1990-2010,132_TX_132_2009_H1003_20260915164522.csv,TIME_MACHINE
2009,범위확인필요,특가법(영리약취·유인),14.0,10.0,71.4,1990-2010,132_TX_132_2009_H1003_20260915164522.csv,TIME_MACHINE
2009,범위확인필요,특가법(외국인을 위한 재산취득),1.0,1.0,100.0,1990-2010,132_TX_132_2009_H1003_20260915164522.csv,TIME_MACHINE
2009,범위확인필요,특가법(운전자폭행등),1815.0,1810.0,99.7,1990-2010,132_TX_132_2009_H1003_20260915164522.csv,TIME_MACHINE
2009,범위확인필요,특가법(위험운전치사상),1840.0,1834.0,99.7,1990-2010,132_TX_132_2009_H1003_20260915164522.csv,TIME_MACHINE
2009,범위확인필요,특가법(장물),6.0,6.0,100.0,1990-2010,132_TX_132_2009_H1003_20260915164522.csv,TIME_MACHINE
2009,범위확인필요,특가법(절도),4098.0,3061.0,74.7,1990-2010,132_TX_132_2009_H1003_20260915164522.csv,TIME_MACHINE
2009,범위확인필요,특가법(조세),43.0,39.0,90.7,1990-2010,132_TX_132_2009_H1003_20260915164522.csv,TIME_MACHINE
2009,범위확인필요,특가법(통화위조),1166.0,11.0,0.9,1990-2010,132_TX_132_2009_H1003_20260915164522.csv,TIME_MACHINE
2009,범위확인필요,특경법(공갈),8.0,7.0,87.5,1990-2010,132_TX_132_2009_H1003_20260915164522.csv,TIME_MACHINE
2009,범위확인필요,특경법(배임),121.0,115.0,95.0,1990-2010,132_TX_132_2009_H1003_20260915164522.csv,TIME_MACHINE
2009,범위확인필요,특경법(사금융알선등),4.0,3.0,75.0,1990-2010,132_TX_132_2009_H1003_20260915164522.csv,TIME_MACHINE
2009,범위확인필요,특경법(사기),824.0,600.0,72.8,1990-2010,132_TX_132_2009_H1003_20260915164522.csv,TIME_MACHINE
2009,범위확인필요,특경법(수재등),3.0,1.0,33.3,1990-2010,132_TX_132_2009_H1003_20260915164522.csv,TIME_MACHINE
2009,범위확인필요,특경법(알선수재),9.0,9.0,100.0,1990-2010,132_TX_132_2009_H1003_20260915164522.csv,TIME_MACHINE
2009,범위확인필요,특경법(재산국외도피),2.0,1.0,50.0,1990-2010,132_TX_132_2009_H1003_20260915164522.csv,TIME_MACHINE
2009,범위확인필요,특경법(횡령),219.0,185.0,84.5,1990-2010,132_TX_132_2009_H1003_20260915164522.csv,TIME_MACHINE
2009,범위확인필요,특별법범,195372.0,181445.0,92.9,1990-2010,132_TX_132_2009_H1003_20260915164522.csv,TIME_MACHINE
2009,범위확인필요,특수강도,456.0,441.0,96.7,1990-2010,132_TX_132_2009_H1003_20260915164522.csv,TIME_MACHINE
2009,범위확인필요,특수절도,4009.0,3803.0,94.9,1990-2010,132_TX_132_2009_H1003_20260915164522.csv,TIME_MACHINE
2009,범위확인필요,특수절도(상습),3.0,2.0,66.7,1990-2010,132_TX_132_2009_H1003_20260915164522.csv,TIME_MACHINE
2009,범위확인필요,특수폭행,5.0,5.0,100.0,1990-2010,132_TX_132_2009_H1003_20260915164522.csv,TIME_MACHINE
2009,범위확인필요,특허법,109.0,96.0,88.1,1990-2010,132_TX_132_2009_H1003_20260915164522.csv,TIME_MACHINE
2009,범위확인필요,폐기물관리법,10.0,12.0,120.0,1990-2010,132_TX_132_2009_H1003_20260915164522.csv,TIME_MACHINE
2009,범위확인필요,폭력범,73068.0,69800.0,95.5,1990-2010,132_TX_132_2009_H1003_20260915164522.csv,TIME_MACHINE
2009,범위확인필요,폭력행위등처벌에 관한 법률 위반,11573.0,10977.0,94.9,1990-2010,132_TX_132_2009_H1003_20260915164522.csv,TIME_MACHINE
2009,범위확인필요,폭발물파열(과실),1.0,1.0,100.0,1990-2010,132_TX_132_2009_H1003_20260915164522.csv,TIME_MACHINE
2009,범위확인필요,폭행,35175.0,34315.0,97.6,1990-2010,132_TX_132_2009_H1003_20260915164522.csv,TIME_MACHINE
2009,범위확인필요,폭행치사,13.0,13.0,100.0,1990-2010,132_TX_132_2009_H1003_20260915164522.csv,TIME_MACHINE
2009,범위확인필요,폭행치상,176.0,176.0,100.0,1990-2010,132_TX_132_2009_H1003_20260915164522.csv,TIME_MACHINE
2009,범위확인필요,폭행치상(특수),1.0,1.0,100.0,1990-2010,132_TX_132_2009_H1003_20260915164522.csv,TIME_MACHINE
2009,범위확인필요,풍속범,6203.0,4490.0,72.4,1990-2010,132_TX_132_2009_H1003_20260915164522.csv,TIME_MACHINE
2009,범위확인필요,풍속영업의 규제에 관한 법률,19.0,18.0,94.7,1990-2010,132_TX_132_2009_H1003_20260915164522.csv,TIME_MACHINE
2009,범위확인필요,피보호자(감호자)간음,3.0,3.0,100.0,1990-2010,132_TX_132_2009_H1003_20260915164522.csv,TIME_MACHINE
2009,범위확인필요,하수도법,4.0,4.0,100.0,1990-2010,132_TX_132_2009_H1003_20260915164522.csv,TIME_MACHINE
2009,범위확인필요,하천법,4.0,5.0,125.0,1990-2010,132_TX_132_2009_H1003_20260915164522.csv,TIME_MACHINE
2009,범위확인필요,학교보건법,126.0,120.0,95.2,1990-2010,132_TX_132_2009_H1003_20260915164522.csv,TIME_MACHINE
2009,범위확인필요,학원의설립·운영 및 과외교섭에 관한법률,857.0,854.0,99.6,1990-2010,132_TX_132_2009_H1003_20260915164522.csv,TIME_MACHINE
2009,범위확인필요,향토예비군설치법,4459.0,3739.0,83.9,1990-2010,132_TX_132_2009_H1003_20260915164522.csv,TIME_MACHINE
2009,범위확인필요,허위감정·증거인멸은닉·증인은닉죄,19.0,16.0,84.2,1990-2010,132_TX_132_2009_H1003_20260915164522.csv,TIME_MACHINE
2009,범위확인필요,현주(현존)자동차방화,12.0,11.0,91.7,1990-2010,132_TX_132_2009_H1003_20260915164522.csv,TIME_MACHINE
2009,범위확인필요,현주·현존(건조물등)방화,211.0,209.0,99.1,1990-2010,132_TX_132_2009_H1003_20260915164522.csv,TIME_MACHINE
2009,범위확인필요,현주·현존(건조물등)방화치사,3.0,3.0,100.0,1990-2010,132_TX_132_2009_H1003_20260915164522.csv,TIME_MACHINE
2009,범위확인필요,현주·현존(건조물등)방화치상,9.0,8.0,88.9,1990-2010,132_TX_132_2009_H1003_20260915164522.csv,TIME_MACHINE
2009,범위확인필요,협박,741.0,687.0,92.7,1990-2010,132_TX_132_2009_H1003_20260915164522.csv,TIME_MACHINE
2009,범위확인필요,협박(상습),1.0,2.0,200.0,1990-2010,132_TX_132_2009_H1003_20260915164522.csv,TIME_MACHINE
2009,범위확인필요,협박(특수),20.0,23.0,115.0,1990-2010,132_TX_132_2009_H1003_20260915164522.csv,TIME_MACHINE
2009,범위확인필요,형법범,210056.0,173091.0,82.4,1990-2010,132_TX_132_2009_H1003_20260915164522.csv,TIME_MACHINE
2009,범위확인필요,혼인빙자간음,136.0,100.0,73.5,1990-2010,132_TX_132_2009_H1003_20260915164522.csv,TIME_MACHINE
2009,범위확인필요,혼인빙자간음(위계간음),1.0,1.0,100.0,1990-2010,132_TX_132_2009_H1003_20260915164522.csv,TIME_MACHINE
2009,범위확인필요,화물자동차운수사업법,259.0,216.0,83.4,1990-2010,132_TX_132_2009_H1003_20260915164522.csv,TIME_MACHINE
2009,범위확인필요,횡령,3618.0,2723.0,75.3,1990-2010,132_TX_132_2009_H1003_20260915164522.csv,TIME_MACHINE
2010,범위확인필요,간통,297.0,250.0,84.2,1990-2010,132_TX_132_2009_H1003_20260915164522.csv,TIME_MACHINE
2010,범위확인필요,강간,4940.0,4568.0,92.5,1990-2010,132_TX_132_2009_H1003_20260915164522.csv,TIME_MACHINE
2010,범위확인필요,강간등살인,1.0,,0.0,1990-2010,132_TX_132_2009_H1003_20260915164522.csv,TIME_MACHINE
2010,범위확인필요,강간등상해,43.0,40.0,93.0,1990-2010,132_TX_132_2009_H1003_20260915164522.csv,TIME_MACHINE
2010,범위확인필요,강간치상(준),178.0,184.0,103.4,1990-2010,132_TX_132_2009_H1003_20260915164522.csv,TIME_MACHINE
2010,범위확인필요,강도,1030.0,920.0,89.3,1990-2010,132_TX_132_2009_H1003_20260915164522.csv,TIME_MACHINE
2010,범위확인필요,강도강간,40.0,37.0,92.5,1990-2010,132_TX_132_2009_H1003_20260915164522.csv,TIME_MACHINE
2010,범위확인필요,강도살인·치사,14.0,15.0,107.1,1990-2010,132_TX_132_2009_H1003_20260915164522.csv,TIME_MACHINE
2010,범위확인필요,강도상해·치상,296.0,283.0,95.6,1990-2010,132_TX_132_2009_H1003_20260915164522.csv,TIME_MACHINE
2010,범위확인필요,강력범,6629.0,6060.0,91.4,1990-2010,132_TX_132_2009_H1003_20260915164522.csv,TIME_MACHINE
2010,범위확인필요,강제추행(준),1808.0,1493.0,82.6,1990-2010,132_TX_132_2009_H1003_20260915164522.csv,TIME_MACHINE
2010,범위확인필요,강제추행치상(준),31.0,27.0,87.1,1990-2010,132_TX_132_2009_H1003_20260915164522.csv,TIME_MACHINE
2010,범위확인필요,건설기계관리법,7.0,12.0,171.4,1990-2010,132_TX_132_2009_H1003_20260915164522.csv,TIME_MACHINE
2010,범위확인필요,건설산업기본법,124.0,116.0,93.5,1990-2010,132_TX_132_2009_H1003_20260915164522.csv,TIME_MACHINE
2010,범위확인필요,건설폐기물의재활용촉진에관한법률,3.0,6.0,200.0,1990-2010,132_TX_132_2009_H1003_20260915164522.csv,TIME_MACHINE
2010,범위확인필요,건축법,363.0,441.0,121.5,1990-2010,132_TX_132_2009_H1003_20260915164522.csv,TIME_MACHINE
2010,범위확인필요,게임산업진흥에 관한 법률,2108.0,2061.0,97.8,1990-2010,132_TX_132_2009_H1003_20260915164522.csv,TIME_MACHINE
2010,범위확인필요,경범죄처벌법,57.0,44.0,77.2,1990-2010,132_TX_132_2009_H1003_20260915164522.csv,TIME_MACHINE
2010,범위확인필요,고압가스안전관리법,2.0,2.0,100.0,1990-2010,132_TX_132_2009_H1003_20260915164522.csv,TIME_MACHINE
2010,범위확인필요,골재채취법,4.0,4.0,100.0,1990-2010,132_TX_132_2009_H1003_20260915164522.csv,TIME_MACHINE
2010,범위확인필요,공갈,813.0,616.0,75.8,1990-2010,132_TX_132_2009_H1003_20260915164522.csv,TIME_MACHINE
2010,범위확인필요,공갈(상습),11.0,9.0,81.8,1990-2010,132_TX_132_2009_H1003_20260915164522.csv,TIME_MACHINE
2010,범위확인필요,공공기관의 개인정보보호에 관한 법률,25.0,18.0,72.0,1990-2010,132_TX_132_2009_H1003_20260915164522.csv,TIME_MACHINE
2010,범위확인필요,공무방해에 관한 죄,2943.0,2890.0,98.2,1990-2010,132_TX_132_2009_H1003_20260915164522.csv,TIME_MACHINE
2010,범위확인필요,공무상비밀누설,3.0,3.0,100.0,1990-2010,132_TX_132_2009_H1003_20260915164522.csv,TIME_MACHINE
2010,범위확인필요,공문서위조·변조,911.0,692.0,76.0,1990-2010,132_TX_132_2009_H1003_20260915164522.csv,TIME_MACHINE
2010,범위확인필요,공안을 해하는 죄,7.0,8.0,114.3,1990-2010,132_TX_132_2009_H1003_20260915164522.csv,TIME_MACHINE
2010,범위확인필요,공연음란,131.0,124.0,94.7,1990-2010,132_TX_132_2009_H1003_20260915164522.csv,TIME_MACHINE
2010,범위확인필요,공인위조·부정사용행사,32.0,25.0,78.1,1990-2010,132_TX_132_2009_H1003_20260915164522.csv,TIME_MACHINE
2010,범위확인필요,공전자기록등위작·변작,7.0,6.0,85.7,1990-2010,132_TX_132_2009_H1003_20260915164522.csv,TIME_MACHINE
2010,범위확인필요,공중위생관리법,89.0,90.0,101.1,1990-2010,132_TX_132_2009_H1003_20260915164522.csv,TIME_MACHINE
2010,범위확인필요,공직선거법,261.0,241.0,92.3,1990-2010,132_TX_132_2009_H1003_20260915164522.csv,TIME_MACHINE
2010,범위확인필요,과실사상의 죄,844.0,810.0,96.0,1990-2010,132_TX_132_2009_H1003_20260915164522.csv,TIME_MACHINE
2010,범위확인필요,관세법,2.0,1.0,50.0,1990-2010,132_TX_132_2009_H1003_20260915164522.csv,TIME_MACHINE
2010,범위확인필요,교통 방해의 죄,146.0,145.0,99.3,1990-2010,132_TX_132_2009_H1003_20260915164522.csv,TIME_MACHINE
2010,범위확인필요,교통사고처리특례법,36403.0,35440.0,97.4,1990-2010,132_TX_132_2009_H1003_20260915164522.csv,TIME_MACHINE
2010,범위확인필요,국가보안법,26.0,16.0,61.5,1990-2010,132_TX_132_2009_H1003_20260915164522.csv,TIME_MACHINE
2010,범위확인필요,국민건강보험법,13.0,13.0,100.0,1990-2010,132_TX_132_2009_H1003_20260915164522.csv,TIME_MACHINE
2010,범위확인필요,국민연금법,5.0,5.0,100.0,1990-2010,132_TX_132_2009_H1003_20260915164522.csv,TIME_MACHINE
2010,범위확인필요,국토의계획 및 이용에 관한 법률,25.0,35.0,140.0,1990-2010,132_TX_132_2009_H1003_20260915164522.csv,TIME_MACHINE
2010,범위확인필요,권리행사를 방해하는 죄,859.0,689.0,80.2,1990-2010,132_TX_132_2009_H1003_20260915164522.csv,TIME_MACHINE
2010,범위확인필요,근로기준법,9.0,4.0,44.4,1990-2010,132_TX_132_2009_H1003_20260915164522.csv,TIME_MACHINE
2010,범위확인필요,기타,4.0,1.0,25.0,1990-2010,132_TX_132_2009_H1003_20260915164522.csv,TIME_MACHINE
2010,범위확인필요,기타통화에 관한 죄,99.0,9.0,9.1,1990-2010,132_TX_132_2009_H1003_20260915164522.csv,TIME_MACHINE
2010,범위확인필요,기타특별법,4712.0,4163.0,88.3,1990-2010,132_TX_132_2009_H1003_20260915164522.csv,TIME_MACHINE
2010,범위확인필요,기타형법범,15060.0,13743.0,91.3,1990-2010,132_TX_132_2009_H1003_20260915164522.csv,TIME_MACHINE
2010,범위확인필요,낙태의 죄,9.0,10.0,111.1,1990-2010,132_TX_132_2009_H1003_20260915164522.csv,TIME_MACHINE
2010,범위확인필요,노동조합 및 노동관계 조정법,1.0,1.0,100.0,1990-2010,132_TX_132_2009_H1003_20260915164522.csv,TIME_MACHINE
2010,범위확인필요,농산물품질관리법,27.0,27.0,100.0,1990-2010,132_TX_132_2009_H1003_20260915164522.csv,TIME_MACHINE
2010,범위확인필요,농수산물 유통 및 가격안정에 관한 법률,8.0,7.0,87.5,1990-2010,132_TX_132_2009_H1003_20260915164522.csv,TIME_MACHINE
2010,범위확인필요,농지법,10.0,23.0,230.0,1990-2010,132_TX_132_2009_H1003_20260915164522.csv,TIME_MACHINE
2010,범위확인필요,뇌물공여·약속·의사표시,20.0,18.0,90.0,1990-2010,132_TX_132_2009_H1003_20260915164522.csv,TIME_MACHINE
2010,범위확인필요,뇌물수수·요구·약속,78.0,68.0,87.2,1990-2010,132_TX_132_2009_H1003_20260915164522.csv,TIME_MACHINE
2010,범위확인필요,담배사업법,30.0,30.0,100.0,1990-2010,132_TX_132_2009_H1003_20260915164522.csv,TIME_MACHINE
2010,범위확인필요,대기환경보전법,10.0,8.0,80.0,1990-2010,132_TX_132_2009_H1003_20260915164522.csv,TIME_MACHINE
2010,범위확인필요,대부업의 등록 및 금융이용자보호에 관한 법률,650.0,578.0,88.9,1990-2010,132_TX_132_2009_H1003_20260915164522.csv,TIME_MACHINE
2010,범위확인필요,도로교통법(공동위험행위),49.0,50.0,102.0,1990-2010,132_TX_132_2009_H1003_20260915164522.csv,TIME_MACHINE
2010,범위확인필요,도로교통법(교통사고),5436.0,5234.0,96.3,1990-2010,132_TX_132_2009_H1003_20260915164522.csv,TIME_MACHINE
2010,범위확인필요,도로교통법(무면허운전),10688.0,10863.0,101.6,1990-2010,132_TX_132_2009_H1003_20260915164522.csv,TIME_MACHINE
2010,범위확인필요,도로교통법(사고후미조치),1168.0,949.0,81.3,1990-2010,132_TX_132_2009_H1003_20260915164522.csv,TIME_MACHINE
2010,범위확인필요,도로교통법(음주운전),30067.0,30962.0,103.0,1990-2010,132_TX_132_2009_H1003_20260915164522.csv,TIME_MACHINE
2010,범위확인필요,도로교통법(음주측정거부),306.0,306.0,100.0,1990-2010,132_TX_132_2009_H1003_20260915164522.csv,TIME_MACHINE
2010,범위확인필요,도로법,793.0,1459.0,184.0,1990-2010,132_TX_132_2009_H1003_20260915164522.csv,TIME_MACHINE
2010,범위확인필요,도박,1741.0,1544.0,88.7,1990-2010,132_TX_132_2009_H1003_20260915164522.csv,TIME_MACHINE
2010,범위확인필요,도박개장,123.0,103.0,83.7,1990-2010,132_TX_132_2009_H1003_20260915164522.csv,TIME_MACHINE
2010,범위확인필요,도시가스사업법,7.0,6.0,85.7,1990-2010,132_TX_132_2009_H1003_20260915164522.csv,TIME_MACHINE
2010,범위확인필요,도시공원및녹지등에관한법률,25.0,24.0,96.0,1990-2010,132_TX_132_2009_H1003_20260915164522.csv,TIME_MACHINE
2010,범위확인필요,도주와 도주원조죄,1.0,,0.0,1990-2010,132_TX_132_2009_H1003_20260915164522.csv,TIME_MACHINE
2010,범위확인필요,독직폭행·가혹행위,17.0,14.0,82.4,1990-2010,132_TX_132_2009_H1003_20260915164522.csv,TIME_MACHINE
2010,범위확인필요,디자인보호법,60.0,55.0,91.7,1990-2010,132_TX_132_2009_H1003_20260915164522.csv,TIME_MACHINE
2010,범위확인필요,마약류 관리에 관한 법률(마약),30.0,40.0,133.3,1990-2010,132_TX_132_2009_H1003_20260915164522.csv,TIME_MACHINE
2010,범위확인필요,마약류관리에 관한법률(대마),210.0,255.0,121.4,1990-2010,132_TX_132_2009_H1003_20260915164522.csv,TIME_MACHINE
2010,범위확인필요,마약류관리에 관한법률(향정),635.0,649.0,102.2,1990-2010,132_TX_132_2009_H1003_20260915164522.csv,TIME_MACHINE
2010,범위확인필요,명예에 관한 죄,3121.0,2778.0,89.0,1990-2010,132_TX_132_2009_H1003_20260915164522.csv,TIME_MACHINE
2010,범위확인필요,무고의 죄,806.0,640.0,79.4,1990-2010,132_TX_132_2009_H1003_20260915164522.csv,TIME_MACHINE
2010,범위확인필요,문화재보호법,5.0,7.0,140.0,1990-2010,132_TX_132_2009_H1003_20260915164522.csv,TIME_MACHINE
2010,범위확인필요,미성년자등간음·추행(심신미약자),20.0,14.0,70.0,1990-2010,132_TX_132_2009_H1003_20260915164522.csv,TIME_MACHINE
2010,범위확인필요,미성년자약취유인,32.0,24.0,75.0,1990-2010,132_TX_132_2009_H1003_20260915164522.csv,TIME_MACHINE
2010,범위확인필요,미성년자의 제강간(강제추행강간살인),11.0,5.0,45.5,1990-2010,132_TX_132_2009_H1003_20260915164522.csv,TIME_MACHINE
2010,범위확인필요,민사소송법,1.0,,0.0,1990-2010,132_TX_132_2009_H1003_20260915164522.csv,TIME_MACHINE
2010,범위확인필요,밀항단속법,6.0,6.0,100.0,1990-2010,132_TX_132_2009_H1003_20260915164522.csv,TIME_MACHINE
2010,범위확인필요,방문판매등에 관한 법률,97.0,92.0,94.8,1990-2010,132_TX_132_2009_H1003_20260915164522.csv,TIME_MACHINE
2010,범위확인필요,방화,365.0,287.0,78.6,1990-2010,132_TX_132_2009_H1003_20260915164522.csv,TIME_MACHINE
2010,범위확인필요,방화연소,39.0,5.0,12.8,1990-2010,132_TX_132_2009_H1003_20260915164522.csv,TIME_MACHINE
2010,범위확인필요,배임,516.0,407.0,78.9,1990-2010,132_TX_132_2009_H1003_20260915164522.csv,TIME_MACHINE
2010,범위확인필요,배임수재,59.0,52.0,88.1,1990-2010,132_TX_132_2009_H1003_20260915164522.csv,TIME_MACHINE
2010,범위확인필요,배임증재,8.0,7.0,87.5,1990-2010,132_TX_132_2009_H1003_20260915164522.csv,TIME_MACHINE
2010,범위확인필요,범인은닉·범인도피죄,19.0,18.0,94.7,1990-2010,132_TX_132_2009_H1003_20260915164522.csv,TIME_MACHINE
2010,범위확인필요,변호사법,162.0,127.0,78.4,1990-2010,132_TX_132_2009_H1003_20260915164522.csv,TIME_MACHINE
2010,범위확인필요,병역법,2506.0,2154.0,86.0,1990-2010,132_TX_132_2009_H1003_20260915164522.csv,TIME_MACHINE
2010,범위확인필요,보건범죄특조법(부정식품),1.0,1.0,100.0,1990-2010,132_TX_132_2009_H1003_20260915164522.csv,TIME_MACHINE
2010,범위확인필요,보건범죄특조법(부정의료업자),98.0,91.0,92.9,1990-2010,132_TX_132_2009_H1003_20260915164522.csv,TIME_MACHINE
2010,범위확인필요,보건범죄특조법(부정의약품),1.0,1.0,100.0,1990-2010,132_TX_132_2009_H1003_20260915164522.csv,TIME_MACHINE
2010,범위확인필요,복표발매(중개·취득),6.0,6.0,100.0,1990-2010,132_TX_132_2009_H1003_20260915164522.csv,TIME_MACHINE
2010,범위확인필요,부녀매매,2.0,,0.0,1990-2010,132_TX_132_2009_H1003_20260915164522.csv,TIME_MACHINE
2010,범위확인필요,부당이득,14.0,9.0,64.3,1990-2010,132_TX_132_2009_H1003_20260915164522.csv,TIME_MACHINE
2010,범위확인필요,부동산중개업법,119.0,112.0,94.1,1990-2010,132_TX_132_2009_H1003_20260915164522.csv,TIME_MACHINE
2010,범위확인필요,부정경쟁방지 및 영업비밀보호에 관한 법률,148.0,123.0,83.1,1990-2010,132_TX_132_2009_H1003_20260915164522.csv,TIME_MACHINE
2010,범위확인필요,부정수표단속법,2511.0,1370.0,54.6,1990-2010,132_TX_132_2009_H1003_20260915164522.csv,TIME_MACHINE
2010,범위확인필요,비밀침해죄,9.0,6.0,66.7,1990-2010,132_TX_132_2009_H1003_20260915164522.csv,TIME_MACHINE
2010,범위확인필요,사기,50895.0,34921.0,68.6,1990-2010,132_TX_132_2009_H1003_20260915164522.csv,TIME_MACHINE
2010,범위확인필요,사기(상습),152.0,122.0,80.3,1990-2010,132_TX_132_2009_H1003_20260915164522.csv,TIME_MACHINE
2010,범위확인필요,사문서위조·변조,2566.0,2106.0,82.1,1990-2010,132_TX_132_2009_H1003_20260915164522.csv,TIME_MACHINE
2010,범위확인필요,사인등위조·부정사용행사,21.0,21.0,100.0,1990-2010,132_TX_132_2009_H1003_20260915164522.csv,TIME_MACHINE
2010,범위확인필요,사전자기록등위작·변작,18.0,10.0,55.6,1990-2010,132_TX_132_2009_H1003_20260915164522.csv,TIME_MACHINE
2010,범위확인필요,사행행위등 규제 및 처벌특례법,177.0,178.0,100.6,1990-2010,132_TX_132_2009_H1003_20260915164522.csv,TIME_MACHINE
2010,범위확인필요,산림법,1.0,1.0,100.0,1990-2010,132_TX_132_2009_H1003_20260915164522.csv,TIME_MACHINE
2010,범위확인필요,산업안전보건법,1.0,1.0,100.0,1990-2010,132_TX_132_2009_H1003_20260915164522.csv,TIME_MACHINE
2010,범위확인필요,살인,294.0,285.0,96.9,1990-2010,132_TX_132_2009_H1003_20260915164522.csv,TIME_MACHINE
2010,범위확인필요,상법,103.0,104.0,101.0,1990-2010,132_TX_132_2009_H1003_20260915164522.csv,TIME_MACHINE
2010,범위확인필요,상습도박,145.0,110.0,75.9,1990-2010,132_TX_132_2009_H1003_20260915164522.csv,TIME_MACHINE
2010,범위확인필요,상습절도,127.0,102.0,80.3,1990-2010,132_TX_132_2009_H1003_20260915164522.csv,TIME_MACHINE
2010,범위확인필요,상습폭행,2.0,2.0,100.0,1990-2010,132_TX_132_2009_H1003_20260915164522.csv,TIME_MACHINE
2010,범위확인필요,상표법,1420.0,1161.0,81.8,1990-2010,132_TX_132_2009_H1003_20260915164522.csv,TIME_MACHINE
2010,범위확인필요,상해,13025.0,12187.0,93.6,1990-2010,132_TX_132_2009_H1003_20260915164522.csv,TIME_MACHINE
2010,범위확인필요,상해(중),26.0,23.0,88.5,1990-2010,132_TX_132_2009_H1003_20260915164522.csv,TIME_MACHINE
2010,범위확인필요,상해치사,14.0,13.0,92.9,1990-2010,132_TX_132_2009_H1003_20260915164522.csv,TIME_MACHINE
2010,범위확인필요,새마을금고법,1.0,1.0,100.0,1990-2010,132_TX_132_2009_H1003_20260915164522.csv,TIME_MACHINE
2010,범위확인필요,석유 및 석유대체연료사업법,58.0,68.0,117.2,1990-2010,132_TX_132_2009_H1003_20260915164522.csv,TIME_MACHINE
2010,범위확인필요,석유사업법,2.0,2.0,100.0,1990-2010,132_TX_132_2009_H1003_20260915164522.csv,TIME_MACHINE
2010,범위확인필요,성매매알선등 행위의 처벌에 관한 법률,4090.0,4094.0,100.1,1990-2010,132_TX_132_2009_H1003_20260915164522.csv,TIME_MACHINE
2010,범위확인필요,성폭력범죄의 처벌등에관한특례법 (카메라등이용촬영),598.0,572.0,95.7,1990-2010,132_TX_132_2009_H1003_20260915164522.csv,TIME_MACHINE
2010,범위확인필요,성폭력범죄의처벌등에관한특례법,1716.0,1712.0,99.8,1990-2010,132_TX_132_2009_H1003_20260915164522.csv,TIME_MACHINE
2010,범위확인필요,성폭력법죄의처벌등에관한특례법(통신매체이용음란),208.0,201.0,96.6,1990-2010,132_TX_132_2009_H1003_20260915164522.csv,TIME_MACHINE
2010,범위확인필요,소음·진동규제법,2.0,1.0,50.0,1990-2010,132_TX_132_2009_H1003_20260915164522.csv,TIME_MACHINE
2010,범위확인필요,손괴의죄,9699.0,5518.0,56.9,1990-2010,132_TX_132_2009_H1003_20260915164522.csv,TIME_MACHINE
2010,범위확인필요,식품위생법,1908.0,1882.0,98.6,1990-2010,132_TX_132_2009_H1003_20260915164522.csv,TIME_MACHINE
2010,범위확인필요,신앙에 관한 죄,13.0,19.0,146.2,1990-2010,132_TX_132_2009_H1003_20260915164522.csv,TIME_MACHINE
2010,범위확인필요,신용·업무와 경매에 관한 죄,3601.0,3522.0,97.8,1990-2010,132_TX_132_2009_H1003_20260915164522.csv,TIME_MACHINE
2010,범위확인필요,신용정보의 이용 및 보호에 관한 법률,17.0,13.0,76.5,1990-2010,132_TX_132_2009_H1003_20260915164522.csv,TIME_MACHINE
2010,범위확인필요,실용신안법,32.0,30.0,93.8,1990-2010,132_TX_132_2009_H1003_20260915164522.csv,TIME_MACHINE
2010,범위확인필요,실화 및 업무상실화죄,317.0,200.0,63.1,1990-2010,132_TX_132_2009_H1003_20260915164522.csv,TIME_MACHINE
2010,범위확인필요,아동복지법,16.0,14.0,87.5,1990-2010,132_TX_132_2009_H1003_20260915164522.csv,TIME_MACHINE
2010,범위확인필요,아동청소년의 성보호에관한법률(강간등),302.0,322.0,106.6,1990-2010,132_TX_132_2009_H1003_20260915164522.csv,TIME_MACHINE
2010,범위확인필요,액화석유가스의 안전 및 사업관리법,7.0,7.0,100.0,1990-2010,132_TX_132_2009_H1003_20260915164522.csv,TIME_MACHINE
2010,범위확인필요,야간주거침입절도,1209.0,837.0,69.2,1990-2010,132_TX_132_2009_H1003_20260915164522.csv,TIME_MACHINE
2010,범위확인필요,야간주거침입절도(상습),5.0,5.0,100.0,1990-2010,132_TX_132_2009_H1003_20260915164522.csv,TIME_MACHINE
2010,범위확인필요,야생동식물보호법,7.0,8.0,114.3,1990-2010,132_TX_132_2009_H1003_20260915164522.csv,TIME_MACHINE
2010,범위확인필요,약사법,248.0,242.0,97.6,1990-2010,132_TX_132_2009_H1003_20260915164522.csv,TIME_MACHINE
2010,범위확인필요,업무상과실폭발물파열(방출·유출),1.0,1.0,100.0,1990-2010,132_TX_132_2009_H1003_20260915164522.csv,TIME_MACHINE
2010,범위확인필요,업무상배임,544.0,453.0,83.3,1990-2010,132_TX_132_2009_H1003_20260915164522.csv,TIME_MACHINE
2010,범위확인필요,업무상횡령,1821.0,1496.0,82.2,1990-2010,132_TX_132_2009_H1003_20260915164522.csv,TIME_MACHINE
2010,범위확인필요,여객자동차운수사업법,68.0,81.0,119.1,1990-2010,132_TX_132_2009_H1003_20260915164522.csv,TIME_MACHINE
2010,범위확인필요,여권법,12.0,6.0,50.0,1990-2010,132_TX_132_2009_H1003_20260915164522.csv,TIME_MACHINE
2010,범위확인필요,여신전문금융업법위반,812.0,512.0,63.1,1990-2010,132_TX_132_2009_H1003_20260915164522.csv,TIME_MACHINE
2010,범위확인필요,영아살해,5.0,4.0,80.0,1990-2010,132_TX_132_2009_H1003_20260915164522.csv,TIME_MACHINE
2010,범위확인필요,영화 및 비디오물의 진흥에 관한 법률,69.0,65.0,94.2,1990-2010,132_TX_132_2009_H1003_20260915164522.csv,TIME_MACHINE
2010,범위확인필요,오수·분뇨 및 축산폐수의 처리에 관한 법률,189.0,189.0,100.0,1990-2010,132_TX_132_2009_H1003_20260915164522.csv,TIME_MACHINE
2010,범위확인필요,옥외광고물등관리법,317.0,212.0,66.9,1990-2010,132_TX_132_2009_H1003_20260915164522.csv,TIME_MACHINE
2010,범위확인필요,외국환거래법,136.0,117.0,86.0,1990-2010,132_TX_132_2009_H1003_20260915164522.csv,TIME_MACHINE
2010,범위확인필요,우표(인지)등위(변)조,1.0,1.0,100.0,1990-2010,132_TX_132_2009_H1003_20260915164522.csv,TIME_MACHINE
2010,범위확인필요,위증죄,693.0,518.0,74.7,1990-2010,132_TX_132_2009_H1003_20260915164522.csv,TIME_MACHINE
2010,범위확인필요,유가증권위(변)조,357.0,227.0,63.6,1990-2010,132_TX_132_2009_H1003_20260915164522.csv,TIME_MACHINE
2010,범위확인필요,유기의 죄,26.0,18.0,69.2,1990-2010,132_TX_132_2009_H1003_20260915164522.csv,TIME_MACHINE
2010,범위확인필요,유사수신행위의 규제에 관한 법률,231.0,172.0,74.5,1990-2010,132_TX_132_2009_H1003_20260915164522.csv,TIME_MACHINE
2010,범위확인필요,유실물 표류물 점유이탈물 매장물횡령,975.0,730.0,74.9,1990-2010,132_TX_132_2009_H1003_20260915164522.csv,TIME_MACHINE
2010,범위확인필요,유해화학물질관리법,34.0,33.0,97.1,1990-2010,132_TX_132_2009_H1003_20260915164522.csv,TIME_MACHINE
2010,범위확인필요,음반·비디오물 및 게임물에 관한법률,9.0,8.0,88.9,1990-2010,132_TX_132_2009_H1003_20260915164522.csv,TIME_MACHINE
2010,범위확인필요,음악산업진흥에 관한 법률,1624.0,1613.0,99.3,1990-2010,132_TX_132_2009_H1003_20260915164522.csv,TIME_MACHINE
2010,범위확인필요,음용수에 관한 죄,4.0,3.0,75.0,1990-2010,132_TX_132_2009_H1003_20260915164522.csv,TIME_MACHINE
2010,범위확인필요,음화등반포(판매·임대·전시·제조),5.0,5.0,100.0,1990-2010,132_TX_132_2009_H1003_20260915164522.csv,TIME_MACHINE
2010,범위확인필요,의료기기법,239.0,236.0,98.7,1990-2010,132_TX_132_2009_H1003_20260915164522.csv,TIME_MACHINE
2010,범위확인필요,의료법,498.0,493.0,99.0,1990-2010,132_TX_132_2009_H1003_20260915164522.csv,TIME_MACHINE
2010,범위확인필요,인질강도,20.0,22.0,110.0,1990-2010,132_TX_132_2009_H1003_20260915164522.csv,TIME_MACHINE
2010,범위확인필요,인질살해(치사),1.0,1.0,100.0,1990-2010,132_TX_132_2009_H1003_20260915164522.csv,TIME_MACHINE
2010,범위확인필요,일반(건조물등)방화,36.0,26.0,72.2,1990-2010,132_TX_132_2009_H1003_20260915164522.csv,TIME_MACHINE
2010,범위확인필요,일수와 수리에 관한 죄,1.0,1.0,100.0,1990-2010,132_TX_132_2009_H1003_20260915164522.csv,TIME_MACHINE
2010,범위확인필요,자기소유(건조물등)방화,47.0,37.0,78.7,1990-2010,132_TX_132_2009_H1003_20260915164522.csv,TIME_MACHINE
2010,범위확인필요,자동차·선박등불법사용,26.0,27.0,103.8,1990-2010,132_TX_132_2009_H1003_20260915164522.csv,TIME_MACHINE
2010,범위확인필요,자동차관리법,2762.0,2622.0,94.9,1990-2010,132_TX_132_2009_H1003_20260915164522.csv,TIME_MACHINE
2010,범위확인필요,자동차손해배상보장법,275.0,267.0,97.1,1990-2010,132_TX_132_2009_H1003_20260915164522.csv,TIME_MACHINE
2010,범위확인필요,자살교사·방조,2.0,2.0,100.0,1990-2010,132_TX_132_2009_H1003_20260915164522.csv,TIME_MACHINE
2010,범위확인필요,자연공원법,3.0,6.0,200.0,1990-2010,132_TX_132_2009_H1003_20260915164522.csv,TIME_MACHINE
2010,범위확인필요,장물에 관한죄,442.0,365.0,82.6,1990-2010,132_TX_132_2009_H1003_20260915164522.csv,TIME_MACHINE
2010,범위확인필요,장사등에 관한 법률,1.0,3.0,300.0,1990-2010,132_TX_132_2009_H1003_20260915164522.csv,TIME_MACHINE
2010,범위확인필요,저작권법,5339.0,3153.0,59.1,1990-2010,132_TX_132_2009_H1003_20260915164522.csv,TIME_MACHINE
2010,범위확인필요,전기통신기본법,26.0,15.0,57.7,1990-2010,132_TX_132_2009_H1003_20260915164522.csv,TIME_MACHINE
2010,범위확인필요,전기통신사업법,6.0,6.0,100.0,1990-2010,132_TX_132_2009_H1003_20260915164522.csv,TIME_MACHINE
2010,범위확인필요,전염병예방법,4.0,4.0,100.0,1990-2010,132_TX_132_2009_H1003_20260915164522.csv,TIME_MACHINE
2010,범위확인필요,전투경찰대설치법,10.0,6.0,60.0,1990-2010,132_TX_132_2009_H1003_20260915164522.csv,TIME_MACHINE
2010,범위확인필요,전파법,2.0,2.0,100.0,1990-2010,132_TX_132_2009_H1003_20260915164522.csv,TIME_MACHINE
2010,범위확인필요,절도,41009.0,18440.0,45.0,1990-2010,132_TX_132_2009_H1003_20260915164522.csv,TIME_MACHINE
2010,범위확인필요,절도범,49373.0,26371.0,53.4,1990-2010,132_TX_132_2009_H1003_20260915164522.csv,TIME_MACHINE
2010,범위확인필요,정보통신망 이용촉진 및 정보보호등에 관한 법률,4982.0,4245.0,85.2,1990-2010,132_TX_132_2009_H1003_20260915164522.csv,TIME_MACHINE
2010,범위확인필요,조세범처벌법,1317.0,1066.0,80.9,1990-2010,132_TX_132_2009_H1003_20260915164522.csv,TIME_MACHINE
2010,범위확인필요,존속살해,23.0,22.0,95.7,1990-2010,132_TX_132_2009_H1003_20260915164522.csv,TIME_MACHINE
2010,범위확인필요,존속상해,82.0,82.0,100.0,1990-2010,132_TX_132_2009_H1003_20260915164522.csv,TIME_MACHINE
2010,범위확인필요,존속상해치사,1.0,1.0,100.0,1990-2010,132_TX_132_2009_H1003_20260915164522.csv,TIME_MACHINE
2010,범위확인필요,존속체포감금,3.0,3.0,100.0,1990-2010,132_TX_132_2009_H1003_20260915164522.csv,TIME_MACHINE
2010,범위확인필요,존속폭행,124.0,124.0,100.0,1990-2010,132_TX_132_2009_H1003_20260915164522.csv,TIME_MACHINE
2010,범위확인필요,존속폭행(상습),,1.0,100.0,1990-2010,132_TX_132_2009_H1003_20260915164522.csv,TIME_MACHINE
2010,범위확인필요,존속폭행치사,1.0,1.0,100.0,1990-2010,132_TX_132_2009_H1003_20260915164522.csv,TIME_MACHINE
2010,범위확인필요,존속폭행치상,4.0,4.0,100.0,1990-2010,132_TX_132_2009_H1003_20260915164522.csv,TIME_MACHINE
2010,범위확인필요,존속협박,4.0,4.0,100.0,1990-2010,132_TX_132_2009_H1003_20260915164522.csv,TIME_MACHINE
2010,범위확인필요,주거침입의 죄,1162.0,1076.0,92.6,1990-2010,132_TX_132_2009_H1003_20260915164522.csv,TIME_MACHINE
2010,범위확인필요,주민등록법,414.0,312.0,75.4,1990-2010,132_TX_132_2009_H1003_20260915164522.csv,TIME_MACHINE
2010,범위확인필요,주차장법,134.0,120.0,89.6,1990-2010,132_TX_132_2009_H1003_20260915164522.csv,TIME_MACHINE
2010,범위확인필요,준강간,176.0,176.0,100.0,1990-2010,132_TX_132_2009_H1003_20260915164522.csv,TIME_MACHINE
2010,범위확인필요,준강도,79.0,79.0,100.0,1990-2010,132_TX_132_2009_H1003_20260915164522.csv,TIME_MACHINE
2010,범위확인필요,준사기,6.0,2.0,33.3,1990-2010,132_TX_132_2009_H1003_20260915164522.csv,TIME_MACHINE
2010,범위확인필요,증권거래법,10.0,11.0,110.0,1990-2010,132_TX_132_2009_H1003_20260915164522.csv,TIME_MACHINE
2010,범위확인필요,지능범,66367.0,45086.0,67.9,1990-2010,132_TX_132_2009_H1003_20260915164522.csv,TIME_MACHINE
2010,범위확인필요,지방세법,1.0,,0.0,1990-2010,132_TX_132_2009_H1003_20260915164522.csv,TIME_MACHINE
2010,범위확인필요,직권남용(권리행사방해체포·감금),31.0,22.0,71.0,1990-2010,132_TX_132_2009_H1003_20260915164522.csv,TIME_MACHINE
2010,범위확인필요,직무유기·수행거부,77.0,58.0,75.3,1990-2010,132_TX_132_2009_H1003_20260915164522.csv,TIME_MACHINE
2010,범위확인필요,직업안정법,170.0,166.0,97.6,1990-2010,132_TX_132_2009_H1003_20260915164522.csv,TIME_MACHINE
2010,범위확인필요,집회 및 시위에 관한 법률,260.0,245.0,94.2,1990-2010,132_TX_132_2009_H1003_20260915164522.csv,TIME_MACHINE
2010,범위확인필요,철도안전법,5.0,3.0,60.0,1990-2010,132_TX_132_2009_H1003_20260915164522.csv,TIME_MACHINE
2010,범위확인필요,청소년보호법,1552.0,1530.0,98.6,1990-2010,132_TX_132_2009_H1003_20260915164522.csv,TIME_MACHINE
2010,범위확인필요,청소년성보호에 관한 법률,362.0,405.0,111.9,1990-2010,132_TX_132_2009_H1003_20260915164522.csv,TIME_MACHINE
2010,범위확인필요,체포·감금치사·상(중·특수·상습),6.0,7.0,116.7,1990-2010,132_TX_132_2009_H1003_20260915164522.csv,TIME_MACHINE
2010,범위확인필요,체포감금,119.0,111.0,93.3,1990-2010,132_TX_132_2009_H1003_20260915164522.csv,TIME_MACHINE
2010,범위확인필요,체포감금(특수),1.0,2.0,200.0,1990-2010,132_TX_132_2009_H1003_20260915164522.csv,TIME_MACHINE
2010,범위확인필요,촉탁·승락살인,1.0,1.0,100.0,1990-2010,132_TX_132_2009_H1003_20260915164522.csv,TIME_MACHINE
2010,범위확인필요,총범죄,348180.0,286624.0,82.3,1990-2010,132_TX_132_2009_H1003_20260915164522.csv,TIME_MACHINE
2010,범위확인필요,총포·도검·화약류단속법,81.0,133.0,164.2,1990-2010,132_TX_132_2009_H1003_20260915164522.csv,TIME_MACHINE
2010,범위확인필요,추행·간음·영리·약취유인,10.0,9.0,90.0,1990-2010,132_TX_132_2009_H1003_20260915164522.csv,TIME_MACHINE
2010,범위확인필요,추행·간음·영리·약취유인(상습),1.0,1.0,100.0,1990-2010,132_TX_132_2009_H1003_20260915164522.csv,TIME_MACHINE
2010,범위확인필요,축산물가공처리법,87.0,88.0,101.1,1990-2010,132_TX_132_2009_H1003_20260915164522.csv,TIME_MACHINE
2010,범위확인필요,출입국관리법,456.0,471.0,103.3,1990-2010,132_TX_132_2009_H1003_20260915164522.csv,TIME_MACHINE
2010,범위확인필요,컴퓨터등사용사기,135.0,91.0,67.4,1990-2010,132_TX_132_2009_H1003_20260915164522.csv,TIME_MACHINE
2010,범위확인필요,컴퓨터프로그램보호법,12.0,11.0,91.7,1990-2010,132_TX_132_2009_H1003_20260915164522.csv,TIME_MACHINE
2010,범위확인필요,토양환경보전법,1.0,1.0,100.0,1990-2010,132_TX_132_2009_H1003_20260915164522.csv,TIME_MACHINE
2010,범위확인필요,통신비밀보호법,9.0,10.0,111.1,1990-2010,132_TX_132_2009_H1003_20260915164522.csv,TIME_MACHINE
2010,범위확인필요,통화위(변)조,1320.0,17.0,1.3,1990-2010,132_TX_132_2009_H1003_20260915164522.csv,TIME_MACHINE
2010,범위확인필요,특가법(강도),7.0,4.0,57.1,1990-2010,132_TX_132_2009_H1003_20260915164522.csv,TIME_MACHINE
2010,범위확인필요,특가법(강도상해재범),4.0,3.0,75.0,1990-2010,132_TX_132_2009_H1003_20260915164522.csv,TIME_MACHINE
2010,범위확인필요,특가법(뇌물),14.0,10.0,71.4,1990-2010,132_TX_132_2009_H1003_20260915164522.csv,TIME_MACHINE
2010,범위확인필요,특가법(도주차량),1544.0,1428.0,92.5,1990-2010,132_TX_132_2009_H1003_20260915164522.csv,TIME_MACHINE
2010,범위확인필요,특가법(독직폭행),1.0,,0.0,1990-2010,132_TX_132_2009_H1003_20260915164522.csv,TIME_MACHINE
2010,범위확인필요,특가법(보복범죄등),27.0,26.0,96.3,1990-2010,132_TX_132_2009_H1003_20260915164522.csv,TIME_MACHINE
2010,범위확인필요,특가법(알선수재),4.0,3.0,75.0,1990-2010,132_TX_132_2009_H1003_20260915164522.csv,TIME_MACHINE
2010,범위확인필요,특가법(영리약취·유인),6.0,7.0,116.7,1990-2010,132_TX_132_2009_H1003_20260915164522.csv,TIME_MACHINE
2010,범위확인필요,특가법(운전자폭행등),1460.0,1451.0,99.4,1990-2010,132_TX_132_2009_H1003_20260915164522.csv,TIME_MACHINE
2010,범위확인필요,특가법(위험운전치사상),2008.0,2003.0,99.8,1990-2010,132_TX_132_2009_H1003_20260915164522.csv,TIME_MACHINE
2010,범위확인필요,특가법(장물),10.0,3.0,30.0,1990-2010,132_TX_132_2009_H1003_20260915164522.csv,TIME_MACHINE
2010,범위확인필요,특가법(절도),3208.0,3424.0,106.7,1990-2010,132_TX_132_2009_H1003_20260915164522.csv,TIME_MACHINE
2010,범위확인필요,특가법(조세),80.0,50.0,62.5,1990-2010,132_TX_132_2009_H1003_20260915164522.csv,TIME_MACHINE
2010,범위확인필요,특가법(체포),1.0,1.0,100.0,1990-2010,132_TX_132_2009_H1003_20260915164522.csv,TIME_MACHINE
2010,범위확인필요,특가법(통화위조),1003.0,15.0,1.5,1990-2010,132_TX_132_2009_H1003_20260915164522.csv,TIME_MACHINE
2010,범위확인필요,특가법(향정),1.0,1.0,100.0,1990-2010,132_TX_132_2009_H1003_20260915164522.csv,TIME_MACHINE
2010,범위확인필요,특경법(공갈),7.0,7.0,100.0,1990-2010,132_TX_132_2009_H1003_20260915164522.csv,TIME_MACHINE
2010,범위확인필요,특경법(배임),162.0,131.0,80.9,1990-2010,132_TX_132_2009_H1003_20260915164522.csv,TIME_MACHINE
2010,범위확인필요,특경법(사금융알선등),2.0,2.0,100.0,1990-2010,132_TX_132_2009_H1003_20260915164522.csv,TIME_MACHINE
2010,범위확인필요,특경법(사기),892.0,673.0,75.4,1990-2010,132_TX_132_2009_H1003_20260915164522.csv,TIME_MACHINE
2010,범위확인필요,특경법(수재등),9.0,6.0,66.7,1990-2010,132_TX_132_2009_H1003_20260915164522.csv,TIME_MACHINE
2010,범위확인필요,특경법(알선수재),13.0,12.0,92.3,1990-2010,132_TX_132_2009_H1003_20260915164522.csv,TIME_MACHINE
2010,범위확인필요,특경법(재산국외도피),3.0,1.0,33.3,1990-2010,132_TX_132_2009_H1003_20260915164522.csv,TIME_MACHINE
2010,범위확인필요,특경법(증재등),3.0,1.0,33.3,1990-2010,132_TX_132_2009_H1003_20260915164522.csv,TIME_MACHINE
2010,범위확인필요,특경법(횡령),270.0,237.0,87.8,1990-2010,132_TX_132_2009_H1003_20260915164522.csv,TIME_MACHINE
2010,범위확인필요,특별법범,139496.0,132657.0,95.1,1990-2010,132_TX_132_2009_H1003_20260915164522.csv,TIME_MACHINE
2010,범위확인필요,특수강도,256.0,257.0,100.4,1990-2010,132_TX_132_2009_H1003_20260915164522.csv,TIME_MACHINE
2010,범위확인필요,특수절도,3785.0,3532.0,93.3,1990-2010,132_TX_132_2009_H1003_20260915164522.csv,TIME_MACHINE
2010,범위확인필요,특수절도(상습),4.0,4.0,100.0,1990-2010,132_TX_132_2009_H1003_20260915164522.csv,TIME_MACHINE
2010,범위확인필요,특수폭행,9.0,10.0,111.1,1990-2010,132_TX_132_2009_H1003_20260915164522.csv,TIME_MACHINE
2010,범위확인필요,특허법,101.0,78.0,77.2,1990-2010,132_TX_132_2009_H1003_20260915164522.csv,TIME_MACHINE
2010,범위확인필요,폐기물관리법,16.0,24.0,150.0,1990-2010,132_TX_132_2009_H1003_20260915164522.csv,TIME_MACHINE
2010,범위확인필요,폭력범,68798.0,60561.0,88.0,1990-2010,132_TX_132_2009_H1003_20260915164522.csv,TIME_MACHINE
2010,범위확인필요,폭력행위등처벌에 관한 법률 위반,9836.0,8956.0,91.1,1990-2010,132_TX_132_2009_H1003_20260915164522.csv,TIME_MACHINE
2010,범위확인필요,폭발물에 관한 죄,2.0,1.0,50.0,1990-2010,132_TX_132_2009_H1003_20260915164522.csv,TIME_MACHINE
2010,범위확인필요,폭발물파열(과실),5.0,5.0,100.0,1990-2010,132_TX_132_2009_H1003_20260915164522.csv,TIME_MACHINE
2010,범위확인필요,폭행,32576.0,30534.0,93.7,1990-2010,132_TX_132_2009_H1003_20260915164522.csv,TIME_MACHINE
2010,범위확인필요,폭행치사,26.0,25.0,96.2,1990-2010,132_TX_132_2009_H1003_20260915164522.csv,TIME_MACHINE
2010,범위확인필요,폭행치상,181.0,171.0,94.5,1990-2010,132_TX_132_2009_H1003_20260915164522.csv,TIME_MACHINE
2010,범위확인필요,풍속범,2457.0,2146.0,87.3,1990-2010,132_TX_132_2009_H1003_20260915164522.csv,TIME_MACHINE
2010,범위확인필요,풍속영업의 규제에 관한 법률,22.0,20.0,90.9,1990-2010,132_TX_132_2009_H1003_20260915164522.csv,TIME_MACHINE
2010,범위확인필요,피보호자(감호자)간음,3.0,1.0,33.3,1990-2010,132_TX_132_2009_H1003_20260915164522.csv,TIME_MACHINE
2010,범위확인필요,하수도법,3.0,3.0,100.0,1990-2010,132_TX_132_2009_H1003_20260915164522.csv,TIME_MACHINE
2010,범위확인필요,하천법,2.0,3.0,150.0,1990-2010,132_TX_132_2009_H1003_20260915164522.csv,TIME_MACHINE
2010,범위확인필요,학교보건법,104.0,95.0,91.3,1990-2010,132_TX_132_2009_H1003_20260915164522.csv,TIME_MACHINE
2010,범위확인필요,학원의설립·운영 및 과외교섭에 관한법률,629.0,626.0,99.5,1990-2010,132_TX_132_2009_H1003_20260915164522.csv,TIME_MACHINE
2010,범위확인필요,향토예비군설치법,3074.0,2443.0,79.5,1990-2010,132_TX_132_2009_H1003_20260915164522.csv,TIME_MACHINE
2010,범위확인필요,허위감정·증거인멸은닉·증인은닉죄,20.0,21.0,105.0,1990-2010,132_TX_132_2009_H1003_20260915164522.csv,TIME_MACHINE
2010,범위확인필요,현주(현존)자동차방화,17.0,10.0,58.8,1990-2010,132_TX_132_2009_H1003_20260915164522.csv,TIME_MACHINE
2010,범위확인필요,현주·현존(건조물등)방화,207.0,190.0,91.8,1990-2010,132_TX_132_2009_H1003_20260915164522.csv,TIME_MACHINE
2010,범위확인필요,현주·현존(건조물등)방화치사,5.0,5.0,100.0,1990-2010,132_TX_132_2009_H1003_20260915164522.csv,TIME_MACHINE
2010,범위확인필요,현주·현존(건조물등)방화치상,8.0,8.0,100.0,1990-2010,132_TX_132_2009_H1003_20260915164522.csv,TIME_MACHINE
2010,범위확인필요,협박,702.0,644.0,91.7,1990-2010,132_TX_132_2009_H1003_20260915164522.csv,TIME_MACHINE
2010,범위확인필요,협박(상습),1.0,1.0,100.0,1990-2010,132_TX_132_2009_H1003_20260915164522.csv,TIME_MACHINE
2010,범위확인필요,협박(특수),13.0,12.0,92.3,1990-2010,132_TX_132_2009_H1003_20260915164522.csv,TIME_MACHINE
2010,범위확인필요,형법범,208684.0,153967.0,73.8,1990-2010,132_TX_132_2009_H1003_20260915164522.csv,TIME_MACHINE
2010,범위확인필요,혼인빙자간음,8.0,3.0,37.5,1990-2010,132_TX_132_2009_H1003_20260915164522.csv,TIME_MACHINE
2010,범위확인필요,혼인빙자간음(위계간음),1.0,1.0,100.0,1990-2010,132_TX_132_2009_H1003_20260915164522.csv,TIME_MACHINE
2010,범위확인필요,화물자동차운수사업법,360.0,312.0,86.7,1990-2010,132_TX_132_2009_H1003_20260915164522.csv,TIME_MACHINE
2010,범위확인필요,화염병사용등의 처벌에 관한 법률,2.0,2.0,100.0,1990-2010,132_TX_132_2009_H1003_20260915164522.csv,TIME_MACHINE
2010,범위확인필요,횡령,3313.0,2411.0,72.8,1990-2010,132_TX_132_2009_H1003_20260915164522.csv,TIME_MACHINE
2011,범위확인필요,(추행·간음·영리)약취·유인,23.0,21.0,,2011-2022,132_DT_13204_2011_N213_20260915163035.csv,TIME_MACHINE
2011,범위확인필요,13세미만미성년자강간등,136.0,137.0,,2011-2022,132_DT_13204_2011_N213_20260915163035.csv,TIME_MACHINE
2011,범위확인필요,가스·전기·증기공급사용방해,2.0,1.0,,2011-2022,132_DT_13204_2011_N213_20260915163035.csv,TIME_MACHINE
2011,범위확인필요,간통,306.0,274.0,,2011-2022,132_DT_13204_2011_N213_20260915163035.csv,TIME_MACHINE
2011,범위확인필요,강간,603.0,561.0,,2011-2022,132_DT_13204_2011_N213_20260915163035.csv,TIME_MACHINE
2011,범위확인필요,강간·강제추행,5268.0,4697.0,,2011-2022,132_DT_13204_2011_N213_20260915163035.csv,TIME_MACHINE
2011,범위확인필요,강간등살인,1.0,,,2011-2022,132_DT_13204_2011_N213_20260915163035.csv,TIME_MACHINE
2011,범위확인필요,강간등상해,69.0,69.0,,2011-2022,132_DT_13204_2011_N213_20260915163035.csv,TIME_MACHINE
2011,범위확인필요,강간치상(준),175.0,174.0,,2011-2022,132_DT_13204_2011_N213_20260915163035.csv,TIME_MACHINE
2011,범위확인필요,강도,957.0,788.0,,2011-2022,132_DT_13204_2011_N213_20260915163035.csv,TIME_MACHINE
2011,범위확인필요,강도강간,28.0,24.0,,2011-2022,132_DT_13204_2011_N213_20260915163035.csv,TIME_MACHINE
2011,범위확인필요,강도살인·치사,23.0,23.0,,2011-2022,132_DT_13204_2011_N213_20260915163035.csv,TIME_MACHINE
2011,범위확인필요,강도상해·치상,254.0,213.0,,2011-2022,132_DT_13204_2011_N213_20260915163035.csv,TIME_MACHINE
2011,범위확인필요,강력범죄,6910.0,6025.0,,2011-2022,132_DT_13204_2011_N213_20260915163035.csv,TIME_MACHINE
2011,범위확인필요,강제추행(준),2158.0,1656.0,,2011-2022,132_DT_13204_2011_N213_20260915163035.csv,TIME_MACHINE
2011,범위확인필요,강제추행치상(준),41.0,35.0,,2011-2022,132_DT_13204_2011_N213_20260915163035.csv,TIME_MACHINE
2011,범위확인필요,개인정보보호법,23.0,20.0,,2011-2022,132_DT_13204_2011_N213_20260915163035.csv,TIME_MACHINE
2011,범위확인필요,건설산업기본법,80.0,71.0,,2011-2022,132_DT_13204_2011_N213_20260915163035.csv,TIME_MACHINE
2011,범위확인필요,건설폐기물의재활용촉진에관한법률,1.0,2.0,,2011-2022,132_DT_13204_2011_N213_20260915163035.csv,TIME_MACHINE
2011,범위확인필요,건축법,358.0,424.0,,2011-2022,132_DT_13204_2011_N213_20260915163035.csv,TIME_MACHINE
2011,범위확인필요,게임산업진흥에관한법률,1951.0,1897.0,,2011-2022,132_DT_13204_2011_N213_20260915163035.csv,TIME_MACHINE
2011,범위확인필요,경범죄처벌법,97.0,67.0,,2011-2022,132_DT_13204_2011_N213_20260915163035.csv,TIME_MACHINE
2011,범위확인필요,고압가스안전관리법,3.0,2.0,,2011-2022,132_DT_13204_2011_N213_20260915163035.csv,TIME_MACHINE
2011,범위확인필요,골재채취법,4.0,5.0,,2011-2022,132_DT_13204_2011_N213_20260915163035.csv,TIME_MACHINE
2011,범위확인필요,공갈,900.0,612.0,,2011-2022,132_DT_13204_2011_N213_20260915163035.csv,TIME_MACHINE
2011,범위확인필요,공갈(상습),4.0,3.0,,2011-2022,132_DT_13204_2011_N213_20260915163035.csv,TIME_MACHINE
2011,범위확인필요,공무방해에관한죄,3112.0,2903.0,,2011-2022,132_DT_13204_2011_N213_20260915163035.csv,TIME_MACHINE
2011,범위확인필요,공무상비밀누설,1.0,1.0,,2011-2022,132_DT_13204_2011_N213_20260915163035.csv,TIME_MACHINE
2011,범위확인필요,공문서위조·변조,779.0,510.0,,2011-2022,132_DT_13204_2011_N213_20260915163035.csv,TIME_MACHINE
2011,범위확인필요,공안을해하는죄,12.0,10.0,,2011-2022,132_DT_13204_2011_N213_20260915163035.csv,TIME_MACHINE
2011,범위확인필요,공연음란,175.0,162.0,,2011-2022,132_DT_13204_2011_N213_20260915163035.csv,TIME_MACHINE
2011,범위확인필요,공인등의위조·부정사용및행사,15.0,10.0,,2011-2022,132_DT_13204_2011_N213_20260915163035.csv,TIME_MACHINE
2011,범위확인필요,공인중개사법,136.0,128.0,,2011-2022,132_DT_13204_2011_N213_20260915163035.csv,TIME_MACHINE
2011,범위확인필요,공전자기록등위작·변작,2.0,1.0,,2011-2022,132_DT_13204_2011_N213_20260915163035.csv,TIME_MACHINE
2011,범위확인필요,공중밀집장소에서의추행,1081.0,1118.0,,2011-2022,132_DT_13204_2011_N213_20260915163035.csv,TIME_MACHINE
2011,범위확인필요,공중위생관리법,130.0,132.0,,2011-2022,132_DT_13204_2011_N213_20260915163035.csv,TIME_MACHINE
2011,범위확인필요,공직선거법,34.0,27.0,,2011-2022,132_DT_13204_2011_N213_20260915163035.csv,TIME_MACHINE
2011,범위확인필요,과실치사상의죄,808.0,770.0,,2011-2022,132_DT_13204_2011_N213_20260915163035.csv,TIME_MACHINE
2011,범위확인필요,과실폭발물파열(방출·유출),1.0,1.0,,2011-2022,132_DT_13204_2011_N213_20260915163035.csv,TIME_MACHINE
2011,범위확인필요,관세법,2.0,2.0,,2011-2022,132_DT_13204_2011_N213_20260915163035.csv,TIME_MACHINE
2011,범위확인필요,교통방해의죄,230.0,208.0,,2011-2022,132_DT_13204_2011_N213_20260915163035.csv,TIME_MACHINE
2011,범위확인필요,교통범죄,87503.0,86706.0,,2011-2022,132_DT_13204_2011_N213_20260915163035.csv,TIME_MACHINE
2011,범위확인필요,교통사고처리특례법,34860.0,33815.0,,2011-2022,132_DT_13204_2011_N213_20260915163035.csv,TIME_MACHINE
2011,범위확인필요,국가보안법,32.0,30.0,,2011-2022,132_DT_13204_2011_N213_20260915163035.csv,TIME_MACHINE
2011,범위확인필요,국민건강보험법,15.0,12.0,,2011-2022,132_DT_13204_2011_N213_20260915163035.csv,TIME_MACHINE
2011,범위확인필요,국민연금법,18.0,14.0,,2011-2022,132_DT_13204_2011_N213_20260915163035.csv,TIME_MACHINE
2011,범위확인필요,국토의계획및이용에관한법률,40.0,56.0,,2011-2022,132_DT_13204_2011_N213_20260915163035.csv,TIME_MACHINE
2011,범위확인필요,권리행사를방해하는죄,785.0,618.0,,2011-2022,132_DT_13204_2011_N213_20260915163035.csv,TIME_MACHINE
2011,범위확인필요,근로기준법,5.0,3.0,,2011-2022,132_DT_13204_2011_N213_20260915163035.csv,TIME_MACHINE
2011,범위확인필요,기타,2096.0,1814.0,,2011-2022,132_DT_13204_2011_N213_20260915163035.csv,TIME_MACHINE
2011,범위확인필요,기타경제범죄,161.0,134.0,,2011-2022,132_DT_13204_2011_N213_20260915163035.csv,TIME_MACHINE
2011,범위확인필요,기타교통범죄,1.0,1.0,,2011-2022,132_DT_13204_2011_N213_20260915163035.csv,TIME_MACHINE
2011,범위확인필요,기타노동범죄,94.0,76.0,,2011-2022,132_DT_13204_2011_N213_20260915163035.csv,TIME_MACHINE
2011,범위확인필요,기타도박범죄,197.0,195.0,,2011-2022,132_DT_13204_2011_N213_20260915163035.csv,TIME_MACHINE
2011,범위확인필요,기타범죄,31936.0,28785.0,,2011-2022,132_DT_13204_2011_N213_20260915163035.csv,TIME_MACHINE
2011,범위확인필요,기타병역범죄,11.0,10.0,,2011-2022,132_DT_13204_2011_N213_20260915163035.csv,TIME_MACHINE
2011,범위확인필요,기타보건범죄,420.0,417.0,,2011-2022,132_DT_13204_2011_N213_20260915163035.csv,TIME_MACHINE
2011,범위확인필요,기타선거범죄,9.0,8.0,,2011-2022,132_DT_13204_2011_N213_20260915163035.csv,TIME_MACHINE
2011,범위확인필요,기타안보범죄,6.0,3.0,,2011-2022,132_DT_13204_2011_N213_20260915163035.csv,TIME_MACHINE
2011,범위확인필요,기타통화에관한죄,106.0,8.0,,2011-2022,132_DT_13204_2011_N213_20260915163035.csv,TIME_MACHINE
2011,범위확인필요,기타환경범죄,11.0,12.0,,2011-2022,132_DT_13204_2011_N213_20260915163035.csv,TIME_MACHINE
2011,범위확인필요,낙태의죄,13.0,11.0,,2011-2022,132_DT_13204_2011_N213_20260915163035.csv,TIME_MACHINE
2011,범위확인필요,내수면어업법,1.0,2.0,,2011-2022,132_DT_13204_2011_N213_20260915163035.csv,TIME_MACHINE
2011,범위확인필요,노동범죄,262.0,240.0,,2011-2022,132_DT_13204_2011_N213_20260915163035.csv,TIME_MACHINE
2011,범위확인필요,농수산물유통및가격안정에관한법률,3.0,3.0,,2011-2022,132_DT_13204_2011_N213_20260915163035.csv,TIME_MACHINE
2011,범위확인필요,농수산물품질관리법,5.0,5.0,,2011-2022,132_DT_13204_2011_N213_20260915163035.csv,TIME_MACHINE
2011,범위확인필요,농지법,9.0,26.0,,2011-2022,132_DT_13204_2011_N213_20260915163035.csv,TIME_MACHINE
2011,범위확인필요,뇌물공여등,25.0,18.0,,2011-2022,132_DT_13204_2011_N213_20260915163035.csv,TIME_MACHINE
2011,범위확인필요,뇌물수수등,57.0,49.0,,2011-2022,132_DT_13204_2011_N213_20260915163035.csv,TIME_MACHINE
2011,범위확인필요,담배사업법,35.0,35.0,,2011-2022,132_DT_13204_2011_N213_20260915163035.csv,TIME_MACHINE
2011,범위확인필요,대기환경보전법,9.0,10.0,,2011-2022,132_DT_13204_2011_N213_20260915163035.csv,TIME_MACHINE
2011,범위확인필요,대부업의등록및금융이용자보호에관한법률,1253.0,981.0,,2011-2022,132_DT_13204_2011_N213_20260915163035.csv,TIME_MACHINE
2011,범위확인필요,도로교통법,2355.0,2139.0,,2011-2022,132_DT_13204_2011_N213_20260915163035.csv,TIME_MACHINE
2011,범위확인필요,도로교통법(공동위험행위),48.0,50.0,,2011-2022,132_DT_13204_2011_N213_20260915163035.csv,TIME_MACHINE
2011,범위확인필요,도로교통법(무면허운전),7857.0,8086.0,,2011-2022,132_DT_13204_2011_N213_20260915163035.csv,TIME_MACHINE
2011,범위확인필요,도로교통법(사고후미조치),1551.0,1252.0,,2011-2022,132_DT_13204_2011_N213_20260915163035.csv,TIME_MACHINE
2011,범위확인필요,도로교통법(음주운전),36364.0,37076.0,,2011-2022,132_DT_13204_2011_N213_20260915163035.csv,TIME_MACHINE
2011,범위확인필요,도로교통법(음주측정거부),327.0,328.0,,2011-2022,132_DT_13204_2011_N213_20260915163035.csv,TIME_MACHINE
2011,범위확인필요,도로법,179.0,186.0,,2011-2022,132_DT_13204_2011_N213_20260915163035.csv,TIME_MACHINE
2011,범위확인필요,도박,1359.0,1268.0,,2011-2022,132_DT_13204_2011_N213_20260915163035.csv,TIME_MACHINE
2011,범위확인필요,도박(상습),187.0,71.0,,2011-2022,132_DT_13204_2011_N213_20260915163035.csv,TIME_MACHINE
2011,범위확인필요,도박개장,348.0,354.0,,2011-2022,132_DT_13204_2011_N213_20260915163035.csv,TIME_MACHINE
2011,범위확인필요,도박범죄,2092.0,1890.0,,2011-2022,132_DT_13204_2011_N213_20260915163035.csv,TIME_MACHINE
2011,범위확인필요,도시가스사업법,4.0,4.0,,2011-2022,132_DT_13204_2011_N213_20260915163035.csv,TIME_MACHINE
2011,범위확인필요,도시공원및녹지등에관한법률,15.0,16.0,,2011-2022,132_DT_13204_2011_N213_20260915163035.csv,TIME_MACHINE
2011,범위확인필요,도주와도주원조죄,4.0,4.0,,2011-2022,132_DT_13204_2011_N213_20260915163035.csv,TIME_MACHINE
2011,범위확인필요,독점규제및공정거래에관한법률,1.0,1.0,,2011-2022,132_DT_13204_2011_N213_20260915163035.csv,TIME_MACHINE
2011,범위확인필요,독직폭행·가혹행위,20.0,18.0,,2011-2022,132_DT_13204_2011_N213_20260915163035.csv,TIME_MACHINE
2011,범위확인필요,디자인보호법,101.0,84.0,,2011-2022,132_DT_13204_2011_N213_20260915163035.csv,TIME_MACHINE
2011,범위확인필요,마약류관리에관한법률(대마),90.0,110.0,,2011-2022,132_DT_13204_2011_N213_20260915163035.csv,TIME_MACHINE
2011,범위확인필요,마약류관리에관한법률(마약),46.0,52.0,,2011-2022,132_DT_13204_2011_N213_20260915163035.csv,TIME_MACHINE
2011,범위확인필요,마약류관리에관한법률(향정),586.0,699.0,,2011-2022,132_DT_13204_2011_N213_20260915163035.csv,TIME_MACHINE
2011,범위확인필요,마약범죄,723.0,862.0,,2011-2022,132_DT_13204_2011_N213_20260915163035.csv,TIME_MACHINE
2011,범위확인필요,명예에관한죄,3764.0,3339.0,,2011-2022,132_DT_13204_2011_N213_20260915163035.csv,TIME_MACHINE
2011,범위확인필요,무고의죄,776.0,611.0,,2011-2022,132_DT_13204_2011_N213_20260915163035.csv,TIME_MACHINE
2011,범위확인필요,문서·인장,3645.0,2634.0,,2011-2022,132_DT_13204_2011_N213_20260915163035.csv,TIME_MACHINE
2011,범위확인필요,문화재보호법,4.0,9.0,,2011-2022,132_DT_13204_2011_N213_20260915163035.csv,TIME_MACHINE
2011,범위확인필요,미성년자등간음·추행(심신미약자),16.0,13.0,,2011-2022,132_DT_13204_2011_N213_20260915163035.csv,TIME_MACHINE
2011,범위확인필요,미성년자의제강간등,10.0,6.0,,2011-2022,132_DT_13204_2011_N213_20260915163035.csv,TIME_MACHINE
2011,범위확인필요,밀항단속법,8.0,29.0,,2011-2022,132_DT_13204_2011_N213_20260915163035.csv,TIME_MACHINE
2011,범위확인필요,방문판매등에관한법률,100.0,83.0,,2011-2022,132_DT_13204_2011_N213_20260915163035.csv,TIME_MACHINE
2011,범위확인필요,방화,428.0,298.0,,2011-2022,132_DT_13204_2011_N213_20260915163035.csv,TIME_MACHINE
2011,범위확인필요,방화연소,71.0,8.0,,2011-2022,132_DT_13204_2011_N213_20260915163035.csv,TIME_MACHINE
2011,범위확인필요,배임,1251.0,1007.0,,2011-2022,132_DT_13204_2011_N213_20260915163035.csv,TIME_MACHINE
2011,범위확인필요,배임수재,60.0,51.0,,2011-2022,132_DT_13204_2011_N213_20260915163035.csv,TIME_MACHINE
2011,범위확인필요,배임증재,23.0,24.0,,2011-2022,132_DT_13204_2011_N213_20260915163035.csv,TIME_MACHINE
2011,범위확인필요,범인은닉·범인도피죄,24.0,24.0,,2011-2022,132_DT_13204_2011_N213_20260915163035.csv,TIME_MACHINE
2011,범위확인필요,변호사법,138.0,103.0,,2011-2022,132_DT_13204_2011_N213_20260915163035.csv,TIME_MACHINE
2011,범위확인필요,병역범죄,5406.0,4179.0,,2011-2022,132_DT_13204_2011_N213_20260915163035.csv,TIME_MACHINE
2011,범위확인필요,병역법,2094.0,1692.0,,2011-2022,132_DT_13204_2011_N213_20260915163035.csv,TIME_MACHINE
2011,범위확인필요,보건범죄,3794.0,3719.0,,2011-2022,132_DT_13204_2011_N213_20260915163035.csv,TIME_MACHINE
2011,범위확인필요,보건범죄특조법(부정식품),1.0,1.0,,2011-2022,132_DT_13204_2011_N213_20260915163035.csv,TIME_MACHINE
2011,범위확인필요,보건범죄특조법(부정의료업자),79.0,76.0,,2011-2022,132_DT_13204_2011_N213_20260915163035.csv,TIME_MACHINE
2011,범위확인필요,보건범죄특조법(부정의약품),2.0,3.0,,2011-2022,132_DT_13204_2011_N213_20260915163035.csv,TIME_MACHINE
2011,범위확인필요,보안관찰법,1.0,1.0,,2011-2022,132_DT_13204_2011_N213_20260915163035.csv,TIME_MACHINE
2011,범위확인필요,복표발매(중개·취득),1.0,2.0,,2011-2022,132_DT_13204_2011_N213_20260915163035.csv,TIME_MACHINE
2011,범위확인필요,부당이득,19.0,19.0,,2011-2022,132_DT_13204_2011_N213_20260915163035.csv,TIME_MACHINE
2011,범위확인필요,부정경쟁방지및영업비밀보호에관한법률,166.0,145.0,,2011-2022,132_DT_13204_2011_N213_20260915163035.csv,TIME_MACHINE
2011,범위확인필요,부정수표단속법,2204.0,1202.0,,2011-2022,132_DT_13204_2011_N213_20260915163035.csv,TIME_MACHINE
2011,범위확인필요,불법사용,33.0,33.0,,2011-2022,132_DT_13204_2011_N213_20260915163035.csv,TIME_MACHINE
2011,범위확인필요,비밀침해죄,19.0,14.0,,2011-2022,132_DT_13204_2011_N213_20260915163035.csv,TIME_MACHINE
2011,범위확인필요,사기,55121.0,35856.0,,2011-2022,132_DT_13204_2011_N213_20260915163035.csv,TIME_MACHINE
2011,범위확인필요,사기(상습),222.0,143.0,,2011-2022,132_DT_13204_2011_N213_20260915163035.csv,TIME_MACHINE
2011,범위확인필요,사문서위조·변조,2789.0,2072.0,,2011-2022,132_DT_13204_2011_N213_20260915163035.csv,TIME_MACHINE
2011,범위확인필요,사인등의위조·부정사용및행사,40.0,27.0,,2011-2022,132_DT_13204_2011_N213_20260915163035.csv,TIME_MACHINE
2011,범위확인필요,사전자기록등위작·변작,20.0,14.0,,2011-2022,132_DT_13204_2011_N213_20260915163035.csv,TIME_MACHINE
2011,범위확인필요,산업안전보건법,1.0,1.0,,2011-2022,132_DT_13204_2011_N213_20260915163035.csv,TIME_MACHINE
2011,범위확인필요,살인,65.0,54.0,,2011-2022,132_DT_13204_2011_N213_20260915163035.csv,TIME_MACHINE
2011,범위확인필요,살인기수,83.0,72.0,,2011-2022,132_DT_13204_2011_N213_20260915163035.csv,TIME_MACHINE
2011,범위확인필요,살인미수등,174.0,170.0,,2011-2022,132_DT_13204_2011_N213_20260915163035.csv,TIME_MACHINE
2011,범위확인필요,상표법,755.0,607.0,,2011-2022,132_DT_13204_2011_N213_20260915163035.csv,TIME_MACHINE
2011,범위확인필요,상해,11914.0,10799.0,,2011-2022,132_DT_13204_2011_N213_20260915163035.csv,TIME_MACHINE
2011,범위확인필요,상해(상습),2.0,1.0,,2011-2022,132_DT_13204_2011_N213_20260915163035.csv,TIME_MACHINE
2011,범위확인필요,상해(중),14.0,15.0,,2011-2022,132_DT_13204_2011_N213_20260915163035.csv,TIME_MACHINE
2011,범위확인필요,상해치사,12.0,12.0,,2011-2022,132_DT_13204_2011_N213_20260915163035.csv,TIME_MACHINE
2011,범위확인필요,생명윤리및안전에관한법률,400.0,4.0,,2011-2022,132_DT_13204_2011_N213_20260915163035.csv,TIME_MACHINE
2011,범위확인필요,석유및석유대체연료사업법,120.0,182.0,,2011-2022,132_DT_13204_2011_N213_20260915163035.csv,TIME_MACHINE
2011,범위확인필요,석유사업법,1.0,1.0,,2011-2022,132_DT_13204_2011_N213_20260915163035.csv,TIME_MACHINE
2011,범위확인필요,선거범죄,57.0,49.0,,2011-2022,132_DT_13204_2011_N213_20260915163035.csv,TIME_MACHINE
2011,범위확인필요,성매매알선등행위의처벌에관한법률위반(기타),403.0,397.0,,2011-2022,132_DT_13204_2011_N213_20260915163035.csv,TIME_MACHINE
2011,범위확인필요,성매매알선등행위의처벌에관한법률위반(성매매),987.0,971.0,,2011-2022,132_DT_13204_2011_N213_20260915163035.csv,TIME_MACHINE
2011,범위확인필요,성매매알선등행위의처벌에관한법률위반(성매매강요등),3.0,2.0,,2011-2022,132_DT_13204_2011_N213_20260915163035.csv,TIME_MACHINE
2011,범위확인필요,성매매알선등행위의처벌에관한법률위반(성매매광고),6.0,6.0,,2011-2022,132_DT_13204_2011_N213_20260915163035.csv,TIME_MACHINE
2011,범위확인필요,성매매알선등행위의처벌에관한법률위반(성매매알선등),496.0,489.0,,2011-2022,132_DT_13204_2011_N213_20260915163035.csv,TIME_MACHINE
2011,범위확인필요,성매매알선등행위의처벌에관한법률위반(아동·청소년),4.0,3.0,,2011-2022,132_DT_13204_2011_N213_20260915163035.csv,TIME_MACHINE
2011,범위확인필요,"성폭력범죄의처벌등에관한특례법(카메라등이용촬영,반포등)",813.0,760.0,,2011-2022,132_DT_13204_2011_N213_20260915163035.csv,TIME_MACHINE
2011,범위확인필요,성폭력범죄의처벌등에관한특례법(통신매체이용음란),201.0,171.0,,2011-2022,132_DT_13204_2011_N213_20260915163035.csv,TIME_MACHINE
2011,범위확인필요,성폭력범죄의처벌및피해자보호등에관한법률위반,1.0,1.0,,2011-2022,132_DT_13204_2011_N213_20260915163035.csv,TIME_MACHINE
2011,범위확인필요,성풍속범죄,3124.0,2589.0,,2011-2022,132_DT_13204_2011_N213_20260915163035.csv,TIME_MACHINE
2011,범위확인필요,손괴,11983.0,5549.0,,2011-2022,132_DT_13204_2011_N213_20260915163035.csv,TIME_MACHINE
2011,범위확인필요,식품위생법,2107.0,2069.0,,2011-2022,132_DT_13204_2011_N213_20260915163035.csv,TIME_MACHINE
2011,범위확인필요,신앙에관한죄,15.0,18.0,,2011-2022,132_DT_13204_2011_N213_20260915163035.csv,TIME_MACHINE
2011,범위확인필요,"신용,업무와경매에관한죄",4023.0,3889.0,,2011-2022,132_DT_13204_2011_N213_20260915163035.csv,TIME_MACHINE
2011,범위확인필요,신용정보의이용및보호에관한법률,21.0,15.0,,2011-2022,132_DT_13204_2011_N213_20260915163035.csv,TIME_MACHINE
2011,범위확인필요,실용신안법,28.0,23.0,,2011-2022,132_DT_13204_2011_N213_20260915163035.csv,TIME_MACHINE
2011,범위확인필요,실화및업무상실화죄,375.0,208.0,,2011-2022,132_DT_13204_2011_N213_20260915163035.csv,TIME_MACHINE
2011,범위확인필요,아동·청소년의성보호에관한법률위반(강요행위등),4.0,2.0,,2011-2022,132_DT_13204_2011_N213_20260915163035.csv,TIME_MACHINE
2011,범위확인필요,아동·청소년의성보호에관한법률위반(기타),190.0,186.0,,2011-2022,132_DT_13204_2011_N213_20260915163035.csv,TIME_MACHINE
2011,범위확인필요,아동·청소년의성보호에관한법률위반(매매),3.0,4.0,,2011-2022,132_DT_13204_2011_N213_20260915163035.csv,TIME_MACHINE
2011,범위확인필요,아동·청소년의성보호에관한법률위반(성매수등),84.0,101.0,,2011-2022,132_DT_13204_2011_N213_20260915163035.csv,TIME_MACHINE
2011,범위확인필요,아동·청소년의성보호에관한법률위반(아동·청소년성착취물소지·제작·배포등),39.0,48.0,,2011-2022,132_DT_13204_2011_N213_20260915163035.csv,TIME_MACHINE
2011,범위확인필요,아동·청소년의성보호에관한법률위반(알선영업행위등),15.0,15.0,,2011-2022,132_DT_13204_2011_N213_20260915163035.csv,TIME_MACHINE
2011,범위확인필요,아동복지법,26.0,25.0,,2011-2022,132_DT_13204_2011_N213_20260915163035.csv,TIME_MACHINE
2011,범위확인필요,안보범죄,50.0,43.0,,2011-2022,132_DT_13204_2011_N213_20260915163035.csv,TIME_MACHINE
2011,범위확인필요,액화석유가스의안전및사업관리법,5.0,5.0,,2011-2022,132_DT_13204_2011_N213_20260915163035.csv,TIME_MACHINE
2011,범위확인필요,야간주거침입절도,749.0,588.0,,2011-2022,132_DT_13204_2011_N213_20260915163035.csv,TIME_MACHINE
2011,범위확인필요,야간주거침입절도(상습),2.0,2.0,,2011-2022,132_DT_13204_2011_N213_20260915163035.csv,TIME_MACHINE
2011,범위확인필요,야생동·식물보호법,3.0,4.0,,2011-2022,132_DT_13204_2011_N213_20260915163035.csv,TIME_MACHINE
2011,범위확인필요,약사법,336.0,320.0,,2011-2022,132_DT_13204_2011_N213_20260915163035.csv,TIME_MACHINE
2011,범위확인필요,약취·유인,65.0,57.0,,2011-2022,132_DT_13204_2011_N213_20260915163035.csv,TIME_MACHINE
2011,범위확인필요,약취·유인(미성년자),33.0,26.0,,2011-2022,132_DT_13204_2011_N213_20260915163035.csv,TIME_MACHINE
2011,범위확인필요,양곡관리법,1.0,1.0,,2011-2022,132_DT_13204_2011_N213_20260915163035.csv,TIME_MACHINE
2011,범위확인필요,업무상배임,549.0,448.0,,2011-2022,132_DT_13204_2011_N213_20260915163035.csv,TIME_MACHINE
2011,범위확인필요,업무상위력간음,1.0,,,2011-2022,132_DT_13204_2011_N213_20260915163035.csv,TIME_MACHINE
2011,범위확인필요,업무상위력등에의한추행,37.0,37.0,,2011-2022,132_DT_13204_2011_N213_20260915163035.csv,TIME_MACHINE
2011,범위확인필요,업무상횡령,1777.0,1407.0,,2011-2022,132_DT_13204_2011_N213_20260915163035.csv,TIME_MACHINE
2011,범위확인필요,여객자동차운수사업법,62.0,63.0,,2011-2022,132_DT_13204_2011_N213_20260915163035.csv,TIME_MACHINE
2011,범위확인필요,여권법,13.0,13.0,,2011-2022,132_DT_13204_2011_N213_20260915163035.csv,TIME_MACHINE
2011,범위확인필요,여신전문금융업법위반,757.0,427.0,,2011-2022,132_DT_13204_2011_N213_20260915163035.csv,TIME_MACHINE
2011,범위확인필요,영화및비디오물의진흥에관한법률,50.0,47.0,,2011-2022,132_DT_13204_2011_N213_20260915163035.csv,TIME_MACHINE
2011,범위확인필요,예비군법위반,3301.0,2477.0,,2011-2022,132_DT_13204_2011_N213_20260915163035.csv,TIME_MACHINE
2011,범위확인필요,옥외광고물법위반,348.0,283.0,,2011-2022,132_DT_13204_2011_N213_20260915163035.csv,TIME_MACHINE
2011,범위확인필요,외국환거래법,71.0,59.0,,2011-2022,132_DT_13204_2011_N213_20260915163035.csv,TIME_MACHINE
2011,범위확인필요,위계·위력·촉탁·승낙살인,1.0,1.0,,2011-2022,132_DT_13204_2011_N213_20260915163035.csv,TIME_MACHINE
2011,범위확인필요,위증죄,711.0,519.0,,2011-2022,132_DT_13204_2011_N213_20260915163035.csv,TIME_MACHINE
2011,범위확인필요,위치정보의보호및이용등에관한법률,16.0,16.0,,2011-2022,132_DT_13204_2011_N213_20260915163035.csv,TIME_MACHINE
2011,범위확인필요,유가증권위조·변조,316.0,177.0,,2011-2022,132_DT_13204_2011_N213_20260915163035.csv,TIME_MACHINE
2011,범위확인필요,유가증권인지,316.0,177.0,,2011-2022,132_DT_13204_2011_N213_20260915163035.csv,TIME_MACHINE
2011,범위확인필요,유기와학대의죄,42.0,15.0,,2011-2022,132_DT_13204_2011_N213_20260915163035.csv,TIME_MACHINE
2011,범위확인필요,유사수신행위의규제에관한법률,160.0,109.0,,2011-2022,132_DT_13204_2011_N213_20260915163035.csv,TIME_MACHINE
2011,범위확인필요,음반·비디오물및게임물에관한법률,4.0,3.0,,2011-2022,132_DT_13204_2011_N213_20260915163035.csv,TIME_MACHINE
2011,범위확인필요,음악산업진흥에관한법률,1826.0,1815.0,,2011-2022,132_DT_13204_2011_N213_20260915163035.csv,TIME_MACHINE
2011,범위확인필요,음용수에관한죄,1.0,,,2011-2022,132_DT_13204_2011_N213_20260915163035.csv,TIME_MACHINE
2011,범위확인필요,"음화등반포(판매,임대,전시,제조)",3.0,3.0,,2011-2022,132_DT_13204_2011_N213_20260915163035.csv,TIME_MACHINE
2011,범위확인필요,의료법,718.0,701.0,,2011-2022,132_DT_13204_2011_N213_20260915163035.csv,TIME_MACHINE
2011,범위확인필요,인질강도,12.0,10.0,,2011-2022,132_DT_13204_2011_N213_20260915163035.csv,TIME_MACHINE
2011,범위확인필요,일반건조물등방화,41.0,24.0,,2011-2022,132_DT_13204_2011_N213_20260915163035.csv,TIME_MACHINE
2011,범위확인필요,자기소유건조물등방화,56.0,43.0,,2011-2022,132_DT_13204_2011_N213_20260915163035.csv,TIME_MACHINE
2011,범위확인필요,자동차관리법,2367.0,2043.0,,2011-2022,132_DT_13204_2011_N213_20260915163035.csv,TIME_MACHINE
2011,범위확인필요,자동차방화,7.0,7.0,,2011-2022,132_DT_13204_2011_N213_20260915163035.csv,TIME_MACHINE
2011,범위확인필요,자동차손해배상보장법,664.0,616.0,,2011-2022,132_DT_13204_2011_N213_20260915163035.csv,TIME_MACHINE
2011,범위확인필요,자살교사·방조,1.0,1.0,,2011-2022,132_DT_13204_2011_N213_20260915163035.csv,TIME_MACHINE
2011,범위확인필요,자연공원법,2.0,1.0,,2011-2022,132_DT_13204_2011_N213_20260915163035.csv,TIME_MACHINE
2011,범위확인필요,장물에관한죄,339.0,318.0,,2011-2022,132_DT_13204_2011_N213_20260915163035.csv,TIME_MACHINE
2011,범위확인필요,장사등에관한법률,300.0,3.0,,2011-2022,132_DT_13204_2011_N213_20260915163035.csv,TIME_MACHINE
2011,범위확인필요,장애인에대한강간등,82.0,63.0,,2011-2022,132_DT_13204_2011_N213_20260915163035.csv,TIME_MACHINE
2011,범위확인필요,재난및안전관리기본법,1.0,3.0,,2011-2022,132_DT_13204_2011_N213_20260915163035.csv,TIME_MACHINE
2011,범위확인필요,저작권법,6519.0,3375.0,,2011-2022,132_DT_13204_2011_N213_20260915163035.csv,TIME_MACHINE
2011,범위확인필요,전기통신기본법,14.0,11.0,,2011-2022,132_DT_13204_2011_N213_20260915163035.csv,TIME_MACHINE
2011,범위확인필요,전자금융거래법위반,1774.0,1586.0,,2011-2022,132_DT_13204_2011_N213_20260915163035.csv,TIME_MACHINE
2011,범위확인필요,전파법,100.0,1.0,,2011-2022,132_DT_13204_2011_N213_20260915163035.csv,TIME_MACHINE
2011,범위확인필요,절도,48811.0,15307.0,,2011-2022,132_DT_13204_2011_N213_20260915163035.csv,TIME_MACHINE
2011,범위확인필요,절도·불법사용(상습),55.0,44.0,,2011-2022,132_DT_13204_2011_N213_20260915163035.csv,TIME_MACHINE
2011,범위확인필요,절도범죄,54303.0,20087.0,,2011-2022,132_DT_13204_2011_N213_20260915163035.csv,TIME_MACHINE
2011,범위확인필요,점유이탈물등횡령,1485.0,938.0,,2011-2022,132_DT_13204_2011_N213_20260915163035.csv,TIME_MACHINE
2011,범위확인필요,정당법,7.0,6.0,,2011-2022,132_DT_13204_2011_N213_20260915163035.csv,TIME_MACHINE
2011,범위확인필요,정보통신망이용촉진및정보보호등에관한법률,2322.0,1790.0,,2011-2022,132_DT_13204_2011_N213_20260915163035.csv,TIME_MACHINE
2011,범위확인필요,정보통신망이용촉진및정보보호등에관한법률(음란물유포),1571.0,1156.0,,2011-2022,132_DT_13204_2011_N213_20260915163035.csv,TIME_MACHINE
2011,범위확인필요,정치자금법,7.0,8.0,,2011-2022,132_DT_13204_2011_N213_20260915163035.csv,TIME_MACHINE
2011,범위확인필요,조세범처벌법,1152.0,903.0,,2011-2022,132_DT_13204_2011_N213_20260915163035.csv,TIME_MACHINE
2011,범위확인필요,존속살해,15.0,15.0,,2011-2022,132_DT_13204_2011_N213_20260915163035.csv,TIME_MACHINE
2011,범위확인필요,존속상해,56.0,53.0,,2011-2022,132_DT_13204_2011_N213_20260915163035.csv,TIME_MACHINE
2011,범위확인필요,존속상해치사,1.0,1.0,,2011-2022,132_DT_13204_2011_N213_20260915163035.csv,TIME_MACHINE
2011,범위확인필요,존속체포·감금,2.0,2.0,,2011-2022,132_DT_13204_2011_N213_20260915163035.csv,TIME_MACHINE
2011,범위확인필요,존속폭행,104.0,104.0,,2011-2022,132_DT_13204_2011_N213_20260915163035.csv,TIME_MACHINE
2011,범위확인필요,존속폭행(특수),1.0,1.0,,2011-2022,132_DT_13204_2011_N213_20260915163035.csv,TIME_MACHINE
2011,범위확인필요,존속폭행치상,3.0,3.0,,2011-2022,132_DT_13204_2011_N213_20260915163035.csv,TIME_MACHINE
2011,범위확인필요,존속협박,9.0,9.0,,2011-2022,132_DT_13204_2011_N213_20260915163035.csv,TIME_MACHINE
2011,범위확인필요,주거침입강간등,67.0,59.0,,2011-2022,132_DT_13204_2011_N213_20260915163035.csv,TIME_MACHINE
2011,범위확인필요,주거침입의죄,1396.0,1248.0,,2011-2022,132_DT_13204_2011_N213_20260915163035.csv,TIME_MACHINE
2011,범위확인필요,주민등록법,530.0,339.0,,2011-2022,132_DT_13204_2011_N213_20260915163035.csv,TIME_MACHINE
2011,범위확인필요,주차장법,90.0,86.0,,2011-2022,132_DT_13204_2011_N213_20260915163035.csv,TIME_MACHINE
2011,범위확인필요,주택건설촉진법,1.0,1.0,,2011-2022,132_DT_13204_2011_N213_20260915163035.csv,TIME_MACHINE
2011,범위확인필요,준강간,210.0,190.0,,2011-2022,132_DT_13204_2011_N213_20260915163035.csv,TIME_MACHINE
2011,범위확인필요,준강도,95.0,91.0,,2011-2022,132_DT_13204_2011_N213_20260915163035.csv,TIME_MACHINE
2011,범위확인필요,준사기,10.0,5.0,,2011-2022,132_DT_13204_2011_N213_20260915163035.csv,TIME_MACHINE
2011,범위확인필요,증수뢰,105.0,86.0,,2011-2022,132_DT_13204_2011_N213_20260915163035.csv,TIME_MACHINE
2011,범위확인필요,지능범죄,71286.0,44683.0,,2011-2022,132_DT_13204_2011_N213_20260915163035.csv,TIME_MACHINE
2011,범위확인필요,지방세법,3.0,1.0,,2011-2022,132_DT_13204_2011_N213_20260915163035.csv,TIME_MACHINE
2011,범위확인필요,직권남용,73.0,49.0,,2011-2022,132_DT_13204_2011_N213_20260915163035.csv,TIME_MACHINE
2011,범위확인필요,직권남용(권리행사방해·체포·감금),49.0,30.0,,2011-2022,132_DT_13204_2011_N213_20260915163035.csv,TIME_MACHINE
2011,범위확인필요,직무유기,94.0,64.0,,2011-2022,132_DT_13204_2011_N213_20260915163035.csv,TIME_MACHINE
2011,범위확인필요,직무유기·수행거부,94.0,64.0,,2011-2022,132_DT_13204_2011_N213_20260915163035.csv,TIME_MACHINE
2011,범위확인필요,직업안정법,162.0,160.0,,2011-2022,132_DT_13204_2011_N213_20260915163035.csv,TIME_MACHINE
2011,범위확인필요,집회및시위에관한법률,431.0,400.0,,2011-2022,132_DT_13204_2011_N213_20260915163035.csv,TIME_MACHINE
2011,범위확인필요,채무자회생및파산에관한법률위반,17.0,11.0,,2011-2022,132_DT_13204_2011_N213_20260915163035.csv,TIME_MACHINE
2011,범위확인필요,철도안전법,3.0,3.0,,2011-2022,132_DT_13204_2011_N213_20260915163035.csv,TIME_MACHINE
2011,범위확인필요,청소년보호법,2085.0,2030.0,,2011-2022,132_DT_13204_2011_N213_20260915163035.csv,TIME_MACHINE
2011,범위확인필요,청소년에대한강간등,329.0,333.0,,2011-2022,132_DT_13204_2011_N213_20260915163035.csv,TIME_MACHINE
2011,범위확인필요,체포·감금,157.0,138.0,,2011-2022,132_DT_13204_2011_N213_20260915163035.csv,TIME_MACHINE
2011,범위확인필요,체포·감금(중),3.0,3.0,,2011-2022,132_DT_13204_2011_N213_20260915163035.csv,TIME_MACHINE
2011,범위확인필요,체포·감금치사상(중·특수·상습),6.0,6.0,,2011-2022,132_DT_13204_2011_N213_20260915163035.csv,TIME_MACHINE
2011,범위확인필요,촉탁·승낙살인,1.0,1.0,,2011-2022,132_DT_13204_2011_N213_20260915163035.csv,TIME_MACHINE
2011,범위확인필요,총계,358620.0,273089.0,,2011-2022,132_DT_13204_2011_N213_20260915163035.csv,TIME_MACHINE
2011,범위확인필요,총포·도검·화약류등의안전관리에관한법률,68.0,68.0,,2011-2022,132_DT_13204_2011_N213_20260915163035.csv,TIME_MACHINE
2011,범위확인필요,축산물위생관리법,38.0,38.0,,2011-2022,132_DT_13204_2011_N213_20260915163035.csv,TIME_MACHINE
2011,범위확인필요,출입국관리법,224.0,238.0,,2011-2022,132_DT_13204_2011_N213_20260915163035.csv,TIME_MACHINE
2011,범위확인필요,친족관계에의한강간,28.0,29.0,,2011-2022,132_DT_13204_2011_N213_20260915163035.csv,TIME_MACHINE
2011,범위확인필요,친족관계에의한강제추행,15.0,20.0,,2011-2022,132_DT_13204_2011_N213_20260915163035.csv,TIME_MACHINE
2011,범위확인필요,친족관계에의한준강간등,3.0,4.0,,2011-2022,132_DT_13204_2011_N213_20260915163035.csv,TIME_MACHINE
2011,범위확인필요,컴퓨터등사용사기,198.0,143.0,,2011-2022,132_DT_13204_2011_N213_20260915163035.csv,TIME_MACHINE
2011,범위확인필요,컴퓨터프로그램보호법,1.0,,,2011-2022,132_DT_13204_2011_N213_20260915163035.csv,TIME_MACHINE
2011,범위확인필요,토양환경보전법,1.0,1.0,,2011-2022,132_DT_13204_2011_N213_20260915163035.csv,TIME_MACHINE
2011,범위확인필요,통신비밀보호법,16.0,13.0,,2011-2022,132_DT_13204_2011_N213_20260915163035.csv,TIME_MACHINE
2011,범위확인필요,통화,3914.0,39.0,,2011-2022,132_DT_13204_2011_N213_20260915163035.csv,TIME_MACHINE
2011,범위확인필요,통화위조·변조,2360.0,9.0,,2011-2022,132_DT_13204_2011_N213_20260915163035.csv,TIME_MACHINE
2011,범위확인필요,특가법(강도),12.0,16.0,,2011-2022,132_DT_13204_2011_N213_20260915163035.csv,TIME_MACHINE
2011,범위확인필요,특가법(관세),1.0,1.0,,2011-2022,132_DT_13204_2011_N213_20260915163035.csv,TIME_MACHINE
2011,범위확인필요,특가법(뇌물),9.0,8.0,,2011-2022,132_DT_13204_2011_N213_20260915163035.csv,TIME_MACHINE
2011,범위확인필요,특가법(도주차량),1813.0,1649.0,,2011-2022,132_DT_13204_2011_N213_20260915163035.csv,TIME_MACHINE
2011,범위확인필요,특가법(보복범죄등),22.0,24.0,,2011-2022,132_DT_13204_2011_N213_20260915163035.csv,TIME_MACHINE
2011,범위확인필요,특가법(알선수재),2.0,,,2011-2022,132_DT_13204_2011_N213_20260915163035.csv,TIME_MACHINE
2011,범위확인필요,특가법(영리약취·유인·매매),9.0,10.0,,2011-2022,132_DT_13204_2011_N213_20260915163035.csv,TIME_MACHINE
2011,범위확인필요,특가법(운전자폭행등),1362.0,1346.0,,2011-2022,132_DT_13204_2011_N213_20260915163035.csv,TIME_MACHINE
2011,범위확인필요,특가법(운전자협박),1.0,1.0,,2011-2022,132_DT_13204_2011_N213_20260915163035.csv,TIME_MACHINE
2011,범위확인필요,특가법(위험운전치사상),1918.0,1916.0,,2011-2022,132_DT_13204_2011_N213_20260915163035.csv,TIME_MACHINE
2011,범위확인필요,특가법(장물),10.0,11.0,,2011-2022,132_DT_13204_2011_N213_20260915163035.csv,TIME_MACHINE
2011,범위확인필요,특가법(절도),1447.0,1261.0,,2011-2022,132_DT_13204_2011_N213_20260915163035.csv,TIME_MACHINE
2011,범위확인필요,특가법(조세),60.0,48.0,,2011-2022,132_DT_13204_2011_N213_20260915163035.csv,TIME_MACHINE
2011,범위확인필요,특가법(통화위조),1448.0,22.0,,2011-2022,132_DT_13204_2011_N213_20260915163035.csv,TIME_MACHINE
2011,범위확인필요,특경법(공갈),4.0,3.0,,2011-2022,132_DT_13204_2011_N213_20260915163035.csv,TIME_MACHINE
2011,범위확인필요,특경법(배임),195.0,161.0,,2011-2022,132_DT_13204_2011_N213_20260915163035.csv,TIME_MACHINE
2011,범위확인필요,특경법(사금융알선등),4.0,3.0,,2011-2022,132_DT_13204_2011_N213_20260915163035.csv,TIME_MACHINE
2011,범위확인필요,특경법(사기),904.0,619.0,,2011-2022,132_DT_13204_2011_N213_20260915163035.csv,TIME_MACHINE
2011,범위확인필요,특경법(수재등),4.0,4.0,,2011-2022,132_DT_13204_2011_N213_20260915163035.csv,TIME_MACHINE
2011,범위확인필요,특경법(알선수재),7.0,7.0,,2011-2022,132_DT_13204_2011_N213_20260915163035.csv,TIME_MACHINE
2011,범위확인필요,특경법(재산국외도피),1.0,1.0,,2011-2022,132_DT_13204_2011_N213_20260915163035.csv,TIME_MACHINE
2011,범위확인필요,특경법(증재등),1.0,,,2011-2022,132_DT_13204_2011_N213_20260915163035.csv,TIME_MACHINE
2011,범위확인필요,특경법(횡령),277.0,218.0,,2011-2022,132_DT_13204_2011_N213_20260915163035.csv,TIME_MACHINE
2011,범위확인필요,특별경제범죄,19090.0,13485.0,,2011-2022,132_DT_13204_2011_N213_20260915163035.csv,TIME_MACHINE
2011,범위확인필요,특수강간,86.0,95.0,,2011-2022,132_DT_13204_2011_N213_20260915163035.csv,TIME_MACHINE
2011,범위확인필요,특수강도,274.0,272.0,,2011-2022,132_DT_13204_2011_N213_20260915163035.csv,TIME_MACHINE
2011,범위확인필요,특수강도강간등,70.0,60.0,,2011-2022,132_DT_13204_2011_N213_20260915163035.csv,TIME_MACHINE
2011,범위확인필요,특수강제추행,14.0,10.0,,2011-2022,132_DT_13204_2011_N213_20260915163035.csv,TIME_MACHINE
2011,범위확인필요,특수절도,3190.0,2840.0,,2011-2022,132_DT_13204_2011_N213_20260915163035.csv,TIME_MACHINE
2011,범위확인필요,특수절도(상습),16.0,12.0,,2011-2022,132_DT_13204_2011_N213_20260915163035.csv,TIME_MACHINE
2011,범위확인필요,특수절도강간등,4.0,3.0,,2011-2022,132_DT_13204_2011_N213_20260915163035.csv,TIME_MACHINE
2011,범위확인필요,특수준강제추행,28.0,22.0,,2011-2022,132_DT_13204_2011_N213_20260915163035.csv,TIME_MACHINE
2011,범위확인필요,특수폭행,22.0,17.0,,2011-2022,132_DT_13204_2011_N213_20260915163035.csv,TIME_MACHINE
2011,범위확인필요,특허법,60.0,50.0,,2011-2022,132_DT_13204_2011_N213_20260915163035.csv,TIME_MACHINE
2011,범위확인필요,폐기물관리법,9.0,10.0,,2011-2022,132_DT_13204_2011_N213_20260915163035.csv,TIME_MACHINE
2011,범위확인필요,폭력범죄,72051.0,59710.0,,2011-2022,132_DT_13204_2011_N213_20260915163035.csv,TIME_MACHINE
2011,범위확인필요,폭력행위등,9464.0,8233.0,,2011-2022,132_DT_13204_2011_N213_20260915163035.csv,TIME_MACHINE
2011,범위확인필요,폭력행위등처벌에관한법률위반(공동),5424.0,4708.0,,2011-2022,132_DT_13204_2011_N213_20260915163035.csv,TIME_MACHINE
2011,범위확인필요,폭력행위등처벌에관한법률위반(기타),15.0,12.0,,2011-2022,132_DT_13204_2011_N213_20260915163035.csv,TIME_MACHINE
2011,범위확인필요,폭력행위등처벌에관한법률위반(단체등의[상습·공동·집단흉기등·상습집단흉기등]),683.0,525.0,,2011-2022,132_DT_13204_2011_N213_20260915163035.csv,TIME_MACHINE
2011,범위확인필요,폭력행위등처벌에관한법률위반(단체등의구성·활동),2.0,3.0,,2011-2022,132_DT_13204_2011_N213_20260915163035.csv,TIME_MACHINE
2011,범위확인필요,폭력행위등처벌에관한법률위반(단체등의이용·지원),1.0,,,2011-2022,132_DT_13204_2011_N213_20260915163035.csv,TIME_MACHINE
2011,범위확인필요,폭력행위등처벌에관한법률위반(상습),119.0,100.0,,2011-2022,132_DT_13204_2011_N213_20260915163035.csv,TIME_MACHINE
2011,범위확인필요,"폭력행위등처벌에관한법률위반(상습집단,흉기등)",918.0,703.0,,2011-2022,132_DT_13204_2011_N213_20260915163035.csv,TIME_MACHINE
2011,범위확인필요,폭력행위등처벌에관한법률위반(야간·공동),100.0,1.0,,2011-2022,132_DT_13204_2011_N213_20260915163035.csv,TIME_MACHINE
2011,범위확인필요,폭력행위등처벌에관한법률위반(야간집단흉기등),2.0,,,2011-2022,132_DT_13204_2011_N213_20260915163035.csv,TIME_MACHINE
2011,범위확인필요,폭력행위등처벌에관한법률위반(우범자),39.0,37.0,,2011-2022,132_DT_13204_2011_N213_20260915163035.csv,TIME_MACHINE
2011,범위확인필요,"폭력행위등처벌에관한법률위반(집단,흉기등)",2276.0,2156.0,,2011-2022,132_DT_13204_2011_N213_20260915163035.csv,TIME_MACHINE
2011,범위확인필요,폭발물파열(과실),2.0,2.0,,2011-2022,132_DT_13204_2011_N213_20260915163035.csv,TIME_MACHINE
2011,범위확인필요,폭행,36789.0,33642.0,,2011-2022,132_DT_13204_2011_N213_20260915163035.csv,TIME_MACHINE
2011,범위확인필요,폭행(상습),1.0,1.0,,2011-2022,132_DT_13204_2011_N213_20260915163035.csv,TIME_MACHINE
2011,범위확인필요,폭행치사,13.0,13.0,,2011-2022,132_DT_13204_2011_N213_20260915163035.csv,TIME_MACHINE
2011,범위확인필요,폭행치상,226.0,199.0,,2011-2022,132_DT_13204_2011_N213_20260915163035.csv,TIME_MACHINE
2011,범위확인필요,풍속범죄,5216.0,4479.0,,2011-2022,132_DT_13204_2011_N213_20260915163035.csv,TIME_MACHINE
2011,범위확인필요,풍속영업의규제에관한법률,14.0,14.0,,2011-2022,132_DT_13204_2011_N213_20260915163035.csv,TIME_MACHINE
2011,범위확인필요,피보호자(피감호자)간음,3.0,2.0,,2011-2022,132_DT_13204_2011_N213_20260915163035.csv,TIME_MACHINE
2011,범위확인필요,피의사실공표,3.0,,,2011-2022,132_DT_13204_2011_N213_20260915163035.csv,TIME_MACHINE
2011,범위확인필요,하수도법,1.0,1.0,,2011-2022,132_DT_13204_2011_N213_20260915163035.csv,TIME_MACHINE
2011,범위확인필요,하천법,100.0,1.0,,2011-2022,132_DT_13204_2011_N213_20260915163035.csv,TIME_MACHINE
2011,범위확인필요,학원의설립·운영및과외교섭에관한법률,291.0,298.0,,2011-2022,132_DT_13204_2011_N213_20260915163035.csv,TIME_MACHINE
2011,범위확인필요,향정신성의약품관리법,1.0,1.0,,2011-2022,132_DT_13204_2011_N213_20260915163035.csv,TIME_MACHINE
2011,범위확인필요,"허위감정,증거인멸·은닉,증인은닉죄",18.0,11.0,,2011-2022,132_DT_13204_2011_N213_20260915163035.csv,TIME_MACHINE
2011,범위확인필요,현주·공용건조물등방화,231.0,199.0,,2011-2022,132_DT_13204_2011_N213_20260915163035.csv,TIME_MACHINE
2011,범위확인필요,현주건조물등방화치사,4.0,4.0,,2011-2022,132_DT_13204_2011_N213_20260915163035.csv,TIME_MACHINE
2011,범위확인필요,현주건조물등방화치상,7.0,7.0,,2011-2022,132_DT_13204_2011_N213_20260915163035.csv,TIME_MACHINE
2011,범위확인필요,협박,779.0,680.0,,2011-2022,132_DT_13204_2011_N213_20260915163035.csv,TIME_MACHINE
2011,범위확인필요,협박(상습),6.0,3.0,,2011-2022,132_DT_13204_2011_N213_20260915163035.csv,TIME_MACHINE
2011,범위확인필요,협박(특수),13.0,12.0,,2011-2022,132_DT_13204_2011_N213_20260915163035.csv,TIME_MACHINE
2011,범위확인필요,형의실효등에관한법률,1.0,1.0,,2011-2022,132_DT_13204_2011_N213_20260915163035.csv,TIME_MACHINE
2011,범위확인필요,혼인빙자간음,2.0,1.0,,2011-2022,132_DT_13204_2011_N213_20260915163035.csv,TIME_MACHINE
2011,범위확인필요,화물자동차운수사업법,544.0,512.0,,2011-2022,132_DT_13204_2011_N213_20260915163035.csv,TIME_MACHINE
2011,범위확인필요,환경범죄,33.0,37.0,,2011-2022,132_DT_13204_2011_N213_20260915163035.csv,TIME_MACHINE
2011,범위확인필요,횡령,6767.0,4771.0,,2011-2022,132_DT_13204_2011_N213_20260915163035.csv,TIME_MACHINE
2012,범위확인필요,(추행·간음·영리)약취·유인,9.0,10.0,,2011-2022,132_DT_13204_2011_N213_20260915163035.csv,TIME_MACHINE
2012,범위확인필요,13세미만미성년자강간등,104.0,88.0,,2011-2022,132_DT_13204_2011_N213_20260915163035.csv,TIME_MACHINE
2012,범위확인필요,가스등공급사용방해(치사·상),1.0,1.0,,2011-2022,132_DT_13204_2011_N213_20260915163035.csv,TIME_MACHINE
2012,범위확인필요,가스등방출(과실),1.0,1.0,,2011-2022,132_DT_13204_2011_N213_20260915163035.csv,TIME_MACHINE
2012,범위확인필요,가스등방출(치사·상),4.0,4.0,,2011-2022,132_DT_13204_2011_N213_20260915163035.csv,TIME_MACHINE
2012,범위확인필요,간통,307.0,261.0,,2011-2022,132_DT_13204_2011_N213_20260915163035.csv,TIME_MACHINE
2012,범위확인필요,강간,552.0,520.0,,2011-2022,132_DT_13204_2011_N213_20260915163035.csv,TIME_MACHINE
2012,범위확인필요,강간·강제추행,4913.0,4133.0,,2011-2022,132_DT_13204_2011_N213_20260915163035.csv,TIME_MACHINE
2012,범위확인필요,강간등살인·치사,2.0,3.0,,2011-2022,132_DT_13204_2011_N213_20260915163035.csv,TIME_MACHINE
2012,범위확인필요,강간등상해·치상,232.0,212.0,,2011-2022,132_DT_13204_2011_N213_20260915163035.csv,TIME_MACHINE
2012,범위확인필요,강도,573.0,458.0,,2011-2022,132_DT_13204_2011_N213_20260915163035.csv,TIME_MACHINE
2012,범위확인필요,강도강간,16.0,17.0,,2011-2022,132_DT_13204_2011_N213_20260915163035.csv,TIME_MACHINE
2012,범위확인필요,강도살인·치사,6.0,6.0,,2011-2022,132_DT_13204_2011_N213_20260915163035.csv,TIME_MACHINE
2012,범위확인필요,강도상해·치상,152.0,137.0,,2011-2022,132_DT_13204_2011_N213_20260915163035.csv,TIME_MACHINE
2012,범위확인필요,강력범죄,6034.0,5024.0,,2011-2022,132_DT_13204_2011_N213_20260915163035.csv,TIME_MACHINE
2012,범위확인필요,강제추행(준),2326.0,1713.0,,2011-2022,132_DT_13204_2011_N213_20260915163035.csv,TIME_MACHINE
2012,범위확인필요,개인정보보호법,12.0,10.0,,2011-2022,132_DT_13204_2011_N213_20260915163035.csv,TIME_MACHINE
2012,범위확인필요,건설산업기본법,129.0,98.0,,2011-2022,132_DT_13204_2011_N213_20260915163035.csv,TIME_MACHINE
2012,범위확인필요,건설폐기물의재활용촉진에관한법률,3.0,4.0,,2011-2022,132_DT_13204_2011_N213_20260915163035.csv,TIME_MACHINE
2012,범위확인필요,건축법,348.0,449.0,,2011-2022,132_DT_13204_2011_N213_20260915163035.csv,TIME_MACHINE
2012,범위확인필요,게임산업진흥에관한법률,1061.0,1032.0,,2011-2022,132_DT_13204_2011_N213_20260915163035.csv,TIME_MACHINE
2012,범위확인필요,결혼약취·유인,1.0,,,2011-2022,132_DT_13204_2011_N213_20260915163035.csv,TIME_MACHINE
2012,범위확인필요,경범죄처벌법,103.0,62.0,,2011-2022,132_DT_13204_2011_N213_20260915163035.csv,TIME_MACHINE
2012,범위확인필요,고압가스안전관리법,10.0,9.0,,2011-2022,132_DT_13204_2011_N213_20260915163035.csv,TIME_MACHINE
2012,범위확인필요,골재채취법,5.0,6.0,,2011-2022,132_DT_13204_2011_N213_20260915163035.csv,TIME_MACHINE
2012,범위확인필요,공갈,1070.0,671.0,,2011-2022,132_DT_13204_2011_N213_20260915163035.csv,TIME_MACHINE
2012,범위확인필요,공갈(상습),43.0,3.0,,2011-2022,132_DT_13204_2011_N213_20260915163035.csv,TIME_MACHINE
2012,범위확인필요,공무방해에관한죄,3437.0,3241.0,,2011-2022,132_DT_13204_2011_N213_20260915163035.csv,TIME_MACHINE
2012,범위확인필요,공무상비밀누설,7.0,4.0,,2011-2022,132_DT_13204_2011_N213_20260915163035.csv,TIME_MACHINE
2012,범위확인필요,공문서위조·변조,775.0,524.0,,2011-2022,132_DT_13204_2011_N213_20260915163035.csv,TIME_MACHINE
2012,범위확인필요,공안을해하는죄,8.0,8.0,,2011-2022,132_DT_13204_2011_N213_20260915163035.csv,TIME_MACHINE
2012,범위확인필요,공연음란,279.0,239.0,,2011-2022,132_DT_13204_2011_N213_20260915163035.csv,TIME_MACHINE
2012,범위확인필요,공유수면관리및매립에관한법률위반,1.0,2.0,,2011-2022,132_DT_13204_2011_N213_20260915163035.csv,TIME_MACHINE
2012,범위확인필요,공인등의위조·부정사용및행사,23.0,19.0,,2011-2022,132_DT_13204_2011_N213_20260915163035.csv,TIME_MACHINE
2012,범위확인필요,공인중개사법,171.0,155.0,,2011-2022,132_DT_13204_2011_N213_20260915163035.csv,TIME_MACHINE
2012,범위확인필요,공전자기록등위작·변작,3.0,1.0,,2011-2022,132_DT_13204_2011_N213_20260915163035.csv,TIME_MACHINE
2012,범위확인필요,공중밀집장소에서의추행,693.0,667.0,,2011-2022,132_DT_13204_2011_N213_20260915163035.csv,TIME_MACHINE
2012,범위확인필요,공중위생관리법,158.0,160.0,,2011-2022,132_DT_13204_2011_N213_20260915163035.csv,TIME_MACHINE
2012,범위확인필요,공직선거법,180.0,156.0,,2011-2022,132_DT_13204_2011_N213_20260915163035.csv,TIME_MACHINE
2012,범위확인필요,과실치사상의죄,871.0,822.0,,2011-2022,132_DT_13204_2011_N213_20260915163035.csv,TIME_MACHINE
2012,범위확인필요,관세법,1.0,1.0,,2011-2022,132_DT_13204_2011_N213_20260915163035.csv,TIME_MACHINE
2012,범위확인필요,교통방해의죄,400.0,341.0,,2011-2022,132_DT_13204_2011_N213_20260915163035.csv,TIME_MACHINE
2012,범위확인필요,교통범죄,79659.0,78176.0,,2011-2022,132_DT_13204_2011_N213_20260915163035.csv,TIME_MACHINE
2012,범위확인필요,교통사고,44222.0,41548.0,,2011-2022,132_DT_13204_2011_N213_20260915163035.csv,TIME_MACHINE
2012,범위확인필요,교통사고외,35437.0,36628.0,,2011-2022,132_DT_13204_2011_N213_20260915163035.csv,TIME_MACHINE
2012,범위확인필요,교통사고처리특례법,35101.0,33904.0,,2011-2022,132_DT_13204_2011_N213_20260915163035.csv,TIME_MACHINE
2012,범위확인필요,국가보안법,28.0,30.0,,2011-2022,132_DT_13204_2011_N213_20260915163035.csv,TIME_MACHINE
2012,범위확인필요,국민건강보험법,6.0,3.0,,2011-2022,132_DT_13204_2011_N213_20260915163035.csv,TIME_MACHINE
2012,범위확인필요,국민연금법,10.0,11.0,,2011-2022,132_DT_13204_2011_N213_20260915163035.csv,TIME_MACHINE
2012,범위확인필요,국토의계획및이용에관한법률,52.0,68.0,,2011-2022,132_DT_13204_2011_N213_20260915163035.csv,TIME_MACHINE
2012,범위확인필요,권리행사를방해하는죄,745.0,591.0,,2011-2022,132_DT_13204_2011_N213_20260915163035.csv,TIME_MACHINE
2012,범위확인필요,근로기준법,6.0,3.0,,2011-2022,132_DT_13204_2011_N213_20260915163035.csv,TIME_MACHINE
2012,범위확인필요,기타,2148.0,1962.0,,2011-2022,132_DT_13204_2011_N213_20260915163035.csv,TIME_MACHINE
2012,범위확인필요,기타경제범죄,128.0,102.0,,2011-2022,132_DT_13204_2011_N213_20260915163035.csv,TIME_MACHINE
2012,범위확인필요,기타노동범죄,83.0,72.0,,2011-2022,132_DT_13204_2011_N213_20260915163035.csv,TIME_MACHINE
2012,범위확인필요,기타도박범죄,97.0,98.0,,2011-2022,132_DT_13204_2011_N213_20260915163035.csv,TIME_MACHINE
2012,범위확인필요,기타범죄,31907.0,28046.0,,2011-2022,132_DT_13204_2011_N213_20260915163035.csv,TIME_MACHINE
2012,범위확인필요,기타병역범죄,6.0,5.0,,2011-2022,132_DT_13204_2011_N213_20260915163035.csv,TIME_MACHINE
2012,범위확인필요,기타보건범죄,472.0,444.0,,2011-2022,132_DT_13204_2011_N213_20260915163035.csv,TIME_MACHINE
2012,범위확인필요,기타선거범죄,1.0,,,2011-2022,132_DT_13204_2011_N213_20260915163035.csv,TIME_MACHINE
2012,범위확인필요,기타안보범죄,4.0,2.0,,2011-2022,132_DT_13204_2011_N213_20260915163035.csv,TIME_MACHINE
2012,범위확인필요,기타통화에관한죄,118.0,20.0,,2011-2022,132_DT_13204_2011_N213_20260915163035.csv,TIME_MACHINE
2012,범위확인필요,기타환경범죄,15.0,14.0,,2011-2022,132_DT_13204_2011_N213_20260915163035.csv,TIME_MACHINE
2012,범위확인필요,낙태의죄,5.0,6.0,,2011-2022,132_DT_13204_2011_N213_20260915163035.csv,TIME_MACHINE
2012,범위확인필요,노동범죄,234.0,217.0,,2011-2022,132_DT_13204_2011_N213_20260915163035.csv,TIME_MACHINE
2012,범위확인필요,노동조합및노동관계조정법,4.0,2.0,,2011-2022,132_DT_13204_2011_N213_20260915163035.csv,TIME_MACHINE
2012,범위확인필요,농수산물유통및가격안정에관한법률,2.0,2.0,,2011-2022,132_DT_13204_2011_N213_20260915163035.csv,TIME_MACHINE
2012,범위확인필요,농지법,54.0,58.0,,2011-2022,132_DT_13204_2011_N213_20260915163035.csv,TIME_MACHINE
2012,범위확인필요,뇌물공여등,11.0,11.0,,2011-2022,132_DT_13204_2011_N213_20260915163035.csv,TIME_MACHINE
2012,범위확인필요,뇌물수수등,29.0,26.0,,2011-2022,132_DT_13204_2011_N213_20260915163035.csv,TIME_MACHINE
2012,범위확인필요,담배사업법,38.0,34.0,,2011-2022,132_DT_13204_2011_N213_20260915163035.csv,TIME_MACHINE
2012,범위확인필요,대기환경보전법,4.0,5.0,,2011-2022,132_DT_13204_2011_N213_20260915163035.csv,TIME_MACHINE
2012,범위확인필요,대부업의등록및금융이용자보호에관한법률,1280.0,1006.0,,2011-2022,132_DT_13204_2011_N213_20260915163035.csv,TIME_MACHINE
2012,범위확인필요,도로교통법,2212.0,1923.0,,2011-2022,132_DT_13204_2011_N213_20260915163035.csv,TIME_MACHINE
2012,범위확인필요,도로교통법(공동위험행위),123.0,126.0,,2011-2022,132_DT_13204_2011_N213_20260915163035.csv,TIME_MACHINE
2012,범위확인필요,도로교통법(무면허운전),3941.0,4222.0,,2011-2022,132_DT_13204_2011_N213_20260915163035.csv,TIME_MACHINE
2012,범위확인필요,도로교통법(사고후미조치),3080.0,2161.0,,2011-2022,132_DT_13204_2011_N213_20260915163035.csv,TIME_MACHINE
2012,범위확인필요,도로교통법(음주운전),30568.0,31538.0,,2011-2022,132_DT_13204_2011_N213_20260915163035.csv,TIME_MACHINE
2012,범위확인필요,도로교통법(음주측정거부),270.0,267.0,,2011-2022,132_DT_13204_2011_N213_20260915163035.csv,TIME_MACHINE
2012,범위확인필요,도로법,135.0,134.0,,2011-2022,132_DT_13204_2011_N213_20260915163035.csv,TIME_MACHINE
2012,범위확인필요,도박,1111.0,1115.0,,2011-2022,132_DT_13204_2011_N213_20260915163035.csv,TIME_MACHINE
2012,범위확인필요,도박(상습),59.0,53.0,,2011-2022,132_DT_13204_2011_N213_20260915163035.csv,TIME_MACHINE
2012,범위확인필요,도박개장,163.0,135.0,,2011-2022,132_DT_13204_2011_N213_20260915163035.csv,TIME_MACHINE
2012,범위확인필요,도박범죄,1430.0,1401.0,,2011-2022,132_DT_13204_2011_N213_20260915163035.csv,TIME_MACHINE
2012,범위확인필요,도시가스사업법,4.0,4.0,,2011-2022,132_DT_13204_2011_N213_20260915163035.csv,TIME_MACHINE
2012,범위확인필요,도시공원및녹지등에관한법률,18.0,17.0,,2011-2022,132_DT_13204_2011_N213_20260915163035.csv,TIME_MACHINE
2012,범위확인필요,도주와도주원조죄,5.0,5.0,,2011-2022,132_DT_13204_2011_N213_20260915163035.csv,TIME_MACHINE
2012,범위확인필요,독점규제및공정거래에관한법률,2.0,2.0,,2011-2022,132_DT_13204_2011_N213_20260915163035.csv,TIME_MACHINE
2012,범위확인필요,독직폭행·가혹행위,16.0,10.0,,2011-2022,132_DT_13204_2011_N213_20260915163035.csv,TIME_MACHINE
2012,범위확인필요,디자인보호법,125.0,98.0,,2011-2022,132_DT_13204_2011_N213_20260915163035.csv,TIME_MACHINE
2012,범위확인필요,마약류관리에관한법률(대마),75.0,106.0,,2011-2022,132_DT_13204_2011_N213_20260915163035.csv,TIME_MACHINE
2012,범위확인필요,마약류관리에관한법률(마약),29.0,29.0,,2011-2022,132_DT_13204_2011_N213_20260915163035.csv,TIME_MACHINE
2012,범위확인필요,마약류관리에관한법률(향정),544.0,568.0,,2011-2022,132_DT_13204_2011_N213_20260915163035.csv,TIME_MACHINE
2012,범위확인필요,마약범죄,648.0,703.0,,2011-2022,132_DT_13204_2011_N213_20260915163035.csv,TIME_MACHINE
2012,범위확인필요,명예에관한죄,4770.0,4201.0,,2011-2022,132_DT_13204_2011_N213_20260915163035.csv,TIME_MACHINE
2012,범위확인필요,무고의죄,822.0,601.0,,2011-2022,132_DT_13204_2011_N213_20260915163035.csv,TIME_MACHINE
2012,범위확인필요,문서·인장,3428.0,2423.0,,2011-2022,132_DT_13204_2011_N213_20260915163035.csv,TIME_MACHINE
2012,범위확인필요,문화재보호법,24.0,24.0,,2011-2022,132_DT_13204_2011_N213_20260915163035.csv,TIME_MACHINE
2012,범위확인필요,미성년자등간음·추행(심신미약자),9.0,5.0,,2011-2022,132_DT_13204_2011_N213_20260915163035.csv,TIME_MACHINE
2012,범위확인필요,미성년자의제강간등,14.0,10.0,,2011-2022,132_DT_13204_2011_N213_20260915163035.csv,TIME_MACHINE
2012,범위확인필요,밀항단속법,2.0,15.0,,2011-2022,132_DT_13204_2011_N213_20260915163035.csv,TIME_MACHINE
2012,범위확인필요,방문판매등에관한법률,69.0,53.0,,2011-2022,132_DT_13204_2011_N213_20260915163035.csv,TIME_MACHINE
2012,범위확인필요,방화,369.0,254.0,,2011-2022,132_DT_13204_2011_N213_20260915163035.csv,TIME_MACHINE
2012,범위확인필요,방화연소,38.0,6.0,,2011-2022,132_DT_13204_2011_N213_20260915163035.csv,TIME_MACHINE
2012,범위확인필요,배임,1198.0,931.0,,2011-2022,132_DT_13204_2011_N213_20260915163035.csv,TIME_MACHINE
2012,범위확인필요,배임수재,36.0,26.0,,2011-2022,132_DT_13204_2011_N213_20260915163035.csv,TIME_MACHINE
2012,범위확인필요,배임증재,5.0,4.0,,2011-2022,132_DT_13204_2011_N213_20260915163035.csv,TIME_MACHINE
2012,범위확인필요,범인은닉·범인도피죄,17.0,16.0,,2011-2022,132_DT_13204_2011_N213_20260915163035.csv,TIME_MACHINE
2012,범위확인필요,변호사법,160.0,117.0,,2011-2022,132_DT_13204_2011_N213_20260915163035.csv,TIME_MACHINE
2012,범위확인필요,병역범죄,5973.0,5006.0,,2011-2022,132_DT_13204_2011_N213_20260915163035.csv,TIME_MACHINE
2012,범위확인필요,병역법,2335.0,2074.0,,2011-2022,132_DT_13204_2011_N213_20260915163035.csv,TIME_MACHINE
2012,범위확인필요,보건범죄,3554.0,3470.0,,2011-2022,132_DT_13204_2011_N213_20260915163035.csv,TIME_MACHINE
2012,범위확인필요,보건범죄특조법(부정식품),2.0,1.0,,2011-2022,132_DT_13204_2011_N213_20260915163035.csv,TIME_MACHINE
2012,범위확인필요,보건범죄특조법(부정의료업자),67.0,67.0,,2011-2022,132_DT_13204_2011_N213_20260915163035.csv,TIME_MACHINE
2012,범위확인필요,보건범죄특조법(부정의약품),1.0,1.0,,2011-2022,132_DT_13204_2011_N213_20260915163035.csv,TIME_MACHINE
2012,범위확인필요,보안관찰법,2.0,2.0,,2011-2022,132_DT_13204_2011_N213_20260915163035.csv,TIME_MACHINE
2012,범위확인필요,부당이득,10.0,8.0,,2011-2022,132_DT_13204_2011_N213_20260915163035.csv,TIME_MACHINE
2012,범위확인필요,부정경쟁방지및영업비밀보호에관한법률,165.0,143.0,,2011-2022,132_DT_13204_2011_N213_20260915163035.csv,TIME_MACHINE
2012,범위확인필요,부정수표단속법,2035.0,1236.0,,2011-2022,132_DT_13204_2011_N213_20260915163035.csv,TIME_MACHINE
2012,범위확인필요,불법사용,20.0,18.0,,2011-2022,132_DT_13204_2011_N213_20260915163035.csv,TIME_MACHINE
2012,범위확인필요,비밀침해죄,9.0,5.0,,2011-2022,132_DT_13204_2011_N213_20260915163035.csv,TIME_MACHINE
2012,범위확인필요,사기,55482.0,34474.0,,2011-2022,132_DT_13204_2011_N213_20260915163035.csv,TIME_MACHINE
2012,범위확인필요,사기(상습),191.0,160.0,,2011-2022,132_DT_13204_2011_N213_20260915163035.csv,TIME_MACHINE
2012,범위확인필요,사문서위조·변조,2566.0,1838.0,,2011-2022,132_DT_13204_2011_N213_20260915163035.csv,TIME_MACHINE
2012,범위확인필요,사인등의위조·부정사용및행사,33.0,26.0,,2011-2022,132_DT_13204_2011_N213_20260915163035.csv,TIME_MACHINE
2012,범위확인필요,사전자기록등위작·변작,28.0,15.0,,2011-2022,132_DT_13204_2011_N213_20260915163035.csv,TIME_MACHINE
2012,범위확인필요,산림법,2.0,,,2011-2022,132_DT_13204_2011_N213_20260915163035.csv,TIME_MACHINE
2012,범위확인필요,산업안전보건법,4.0,5.0,,2011-2022,132_DT_13204_2011_N213_20260915163035.csv,TIME_MACHINE
2012,범위확인필요,살인,55.0,52.0,,2011-2022,132_DT_13204_2011_N213_20260915163035.csv,TIME_MACHINE
2012,범위확인필요,살인기수,67.0,65.0,,2011-2022,132_DT_13204_2011_N213_20260915163035.csv,TIME_MACHINE
2012,범위확인필요,살인미수등,112.0,114.0,,2011-2022,132_DT_13204_2011_N213_20260915163035.csv,TIME_MACHINE
2012,범위확인필요,상표법,589.0,567.0,,2011-2022,132_DT_13204_2011_N213_20260915163035.csv,TIME_MACHINE
2012,범위확인필요,상해,10744.0,9934.0,,2011-2022,132_DT_13204_2011_N213_20260915163035.csv,TIME_MACHINE
2012,범위확인필요,상해(중),13.0,13.0,,2011-2022,132_DT_13204_2011_N213_20260915163035.csv,TIME_MACHINE
2012,범위확인필요,상해치사,16.0,15.0,,2011-2022,132_DT_13204_2011_N213_20260915163035.csv,TIME_MACHINE
2012,범위확인필요,석유및석유대체연료사업법,54.0,68.0,,2011-2022,132_DT_13204_2011_N213_20260915163035.csv,TIME_MACHINE
2012,범위확인필요,석유사업법,1.0,1.0,,2011-2022,132_DT_13204_2011_N213_20260915163035.csv,TIME_MACHINE
2012,범위확인필요,선거범죄,188.0,161.0,,2011-2022,132_DT_13204_2011_N213_20260915163035.csv,TIME_MACHINE
2012,범위확인필요,성매매방지및피해자보호등에관한법률위반,1.0,1.0,,2011-2022,132_DT_13204_2011_N213_20260915163035.csv,TIME_MACHINE
2012,범위확인필요,성매매알선등행위의처벌에관한법률위반(기타),579.0,582.0,,2011-2022,132_DT_13204_2011_N213_20260915163035.csv,TIME_MACHINE
2012,범위확인필요,성매매알선등행위의처벌에관한법률위반(성매매),349.0,339.0,,2011-2022,132_DT_13204_2011_N213_20260915163035.csv,TIME_MACHINE
2012,범위확인필요,성매매알선등행위의처벌에관한법률위반(성매매광고),31.0,31.0,,2011-2022,132_DT_13204_2011_N213_20260915163035.csv,TIME_MACHINE
2012,범위확인필요,성매매알선등행위의처벌에관한법률위반(성매매알선등),461.0,458.0,,2011-2022,132_DT_13204_2011_N213_20260915163035.csv,TIME_MACHINE
2012,범위확인필요,성매매알선등행위의처벌에관한법률위반(아동·청소년),6.0,7.0,,2011-2022,132_DT_13204_2011_N213_20260915163035.csv,TIME_MACHINE
2012,범위확인필요,"성폭력범죄의처벌등에관한특례법(카메라등이용촬영,반포등)",990.0,871.0,,2011-2022,132_DT_13204_2011_N213_20260915163035.csv,TIME_MACHINE
2012,범위확인필요,성폭력범죄의처벌등에관한특례법(통신매체이용음란),166.0,133.0,,2011-2022,132_DT_13204_2011_N213_20260915163035.csv,TIME_MACHINE
2012,범위확인필요,성폭력범죄의처벌및피해자보호등에관한법률위반,1.0,,,2011-2022,132_DT_13204_2011_N213_20260915163035.csv,TIME_MACHINE
2012,범위확인필요,성풍속범죄,3218.0,2622.0,,2011-2022,132_DT_13204_2011_N213_20260915163035.csv,TIME_MACHINE
2012,범위확인필요,소방기본법,1.0,1.0,,2011-2022,132_DT_13204_2011_N213_20260915163035.csv,TIME_MACHINE
2012,범위확인필요,손괴,12104.0,5687.0,,2011-2022,132_DT_13204_2011_N213_20260915163035.csv,TIME_MACHINE
2012,범위확인필요,수도법,5.0,6.0,,2011-2022,132_DT_13204_2011_N213_20260915163035.csv,TIME_MACHINE
2012,범위확인필요,식품위생법,1601.0,1585.0,,2011-2022,132_DT_13204_2011_N213_20260915163035.csv,TIME_MACHINE
2012,범위확인필요,신앙에관한죄,20.0,22.0,,2011-2022,132_DT_13204_2011_N213_20260915163035.csv,TIME_MACHINE
2012,범위확인필요,"신용,업무와경매에관한죄",5063.0,4914.0,,2011-2022,132_DT_13204_2011_N213_20260915163035.csv,TIME_MACHINE
2012,범위확인필요,신용정보의이용및보호에관한법률,27.0,18.0,,2011-2022,132_DT_13204_2011_N213_20260915163035.csv,TIME_MACHINE
2012,범위확인필요,실용신안법,31.0,25.0,,2011-2022,132_DT_13204_2011_N213_20260915163035.csv,TIME_MACHINE
2012,범위확인필요,실화및업무상실화죄,354.0,230.0,,2011-2022,132_DT_13204_2011_N213_20260915163035.csv,TIME_MACHINE
2012,범위확인필요,아동·청소년의성보호에관한법률위반(강요행위등),10.0,12.0,,2011-2022,132_DT_13204_2011_N213_20260915163035.csv,TIME_MACHINE
2012,범위확인필요,아동·청소년의성보호에관한법률위반(기타),261.0,231.0,,2011-2022,132_DT_13204_2011_N213_20260915163035.csv,TIME_MACHINE
2012,범위확인필요,아동·청소년의성보호에관한법률위반(매매),4.0,3.0,,2011-2022,132_DT_13204_2011_N213_20260915163035.csv,TIME_MACHINE
2012,범위확인필요,아동·청소년의성보호에관한법률위반(성매수등),66.0,65.0,,2011-2022,132_DT_13204_2011_N213_20260915163035.csv,TIME_MACHINE
2012,범위확인필요,아동·청소년의성보호에관한법률위반(아동·청소년성착취물소지·제작·배포등),385.0,339.0,,2011-2022,132_DT_13204_2011_N213_20260915163035.csv,TIME_MACHINE
2012,범위확인필요,아동·청소년의성보호에관한법률위반(알선영업행위등),3.0,4.0,,2011-2022,132_DT_13204_2011_N213_20260915163035.csv,TIME_MACHINE
2012,범위확인필요,아동복지법,43.0,39.0,,2011-2022,132_DT_13204_2011_N213_20260915163035.csv,TIME_MACHINE
2012,범위확인필요,안보범죄,40.0,40.0,,2011-2022,132_DT_13204_2011_N213_20260915163035.csv,TIME_MACHINE
2012,범위확인필요,액화석유가스의안전및사업관리법,10.0,11.0,,2011-2022,132_DT_13204_2011_N213_20260915163035.csv,TIME_MACHINE
2012,범위확인필요,야간주거침입절도,690.0,422.0,,2011-2022,132_DT_13204_2011_N213_20260915163035.csv,TIME_MACHINE
2012,범위확인필요,야생동·식물보호법,6.0,4.0,,2011-2022,132_DT_13204_2011_N213_20260915163035.csv,TIME_MACHINE
2012,범위확인필요,약사법,460.0,443.0,,2011-2022,132_DT_13204_2011_N213_20260915163035.csv,TIME_MACHINE
2012,범위확인필요,약취·유인,48.0,43.0,,2011-2022,132_DT_13204_2011_N213_20260915163035.csv,TIME_MACHINE
2012,범위확인필요,약취·유인(미성년자),29.0,23.0,,2011-2022,132_DT_13204_2011_N213_20260915163035.csv,TIME_MACHINE
2012,범위확인필요,업무상배임,554.0,432.0,,2011-2022,132_DT_13204_2011_N213_20260915163035.csv,TIME_MACHINE
2012,범위확인필요,업무상위력간음,2.0,1.0,,2011-2022,132_DT_13204_2011_N213_20260915163035.csv,TIME_MACHINE
2012,범위확인필요,업무상위력등에의한추행,39.0,38.0,,2011-2022,132_DT_13204_2011_N213_20260915163035.csv,TIME_MACHINE
2012,범위확인필요,업무상횡령,1810.0,1368.0,,2011-2022,132_DT_13204_2011_N213_20260915163035.csv,TIME_MACHINE
2012,범위확인필요,여객자동차운수사업법,96.0,114.0,,2011-2022,132_DT_13204_2011_N213_20260915163035.csv,TIME_MACHINE
2012,범위확인필요,여권법,21.0,18.0,,2011-2022,132_DT_13204_2011_N213_20260915163035.csv,TIME_MACHINE
2012,범위확인필요,여신전문금융업법위반,1249.0,496.0,,2011-2022,132_DT_13204_2011_N213_20260915163035.csv,TIME_MACHINE
2012,범위확인필요,영아살해,4.0,4.0,,2011-2022,132_DT_13204_2011_N213_20260915163035.csv,TIME_MACHINE
2012,범위확인필요,영화및비디오물의진흥에관한법률,63.0,62.0,,2011-2022,132_DT_13204_2011_N213_20260915163035.csv,TIME_MACHINE
2012,범위확인필요,예비군법위반,3632.0,2927.0,,2011-2022,132_DT_13204_2011_N213_20260915163035.csv,TIME_MACHINE
2012,범위확인필요,옥외광고물법위반,154.0,107.0,,2011-2022,132_DT_13204_2011_N213_20260915163035.csv,TIME_MACHINE
2012,범위확인필요,외국환거래법,85.0,90.0,,2011-2022,132_DT_13204_2011_N213_20260915163035.csv,TIME_MACHINE
2012,범위확인필요,위계·위력·촉탁·승낙살인,1.0,1.0,,2011-2022,132_DT_13204_2011_N213_20260915163035.csv,TIME_MACHINE
2012,범위확인필요,위증죄,668.0,492.0,,2011-2022,132_DT_13204_2011_N213_20260915163035.csv,TIME_MACHINE
2012,범위확인필요,위치정보의보호및이용등에관한법률,7.0,9.0,,2011-2022,132_DT_13204_2011_N213_20260915163035.csv,TIME_MACHINE
2012,범위확인필요,유가증권위조·변조,198.0,127.0,,2011-2022,132_DT_13204_2011_N213_20260915163035.csv,TIME_MACHINE
2012,범위확인필요,유가증권인지,198.0,127.0,,2011-2022,132_DT_13204_2011_N213_20260915163035.csv,TIME_MACHINE
2012,범위확인필요,유기와학대의죄,83.0,25.0,,2011-2022,132_DT_13204_2011_N213_20260915163035.csv,TIME_MACHINE
2012,범위확인필요,유사수신행위의규제에관한법률,142.0,99.0,,2011-2022,132_DT_13204_2011_N213_20260915163035.csv,TIME_MACHINE
2012,범위확인필요,음반·비디오물및게임물에관한법률,6.0,5.0,,2011-2022,132_DT_13204_2011_N213_20260915163035.csv,TIME_MACHINE
2012,범위확인필요,음악산업진흥에관한법률,1547.0,1540.0,,2011-2022,132_DT_13204_2011_N213_20260915163035.csv,TIME_MACHINE
2012,범위확인필요,"음화등반포(판매,임대,전시,제조)",22.0,23.0,,2011-2022,132_DT_13204_2011_N213_20260915163035.csv,TIME_MACHINE
2012,범위확인필요,의료법,793.0,769.0,,2011-2022,132_DT_13204_2011_N213_20260915163035.csv,TIME_MACHINE
2012,범위확인필요,인질강도,5.0,5.0,,2011-2022,132_DT_13204_2011_N213_20260915163035.csv,TIME_MACHINE
2012,범위확인필요,일반건조물등방화,106.0,58.0,,2011-2022,132_DT_13204_2011_N213_20260915163035.csv,TIME_MACHINE
2012,범위확인필요,일수와수리에관한죄,1.0,1.0,,2011-2022,132_DT_13204_2011_N213_20260915163035.csv,TIME_MACHINE
2012,범위확인필요,자기소유건조물등방화,3.0,3.0,,2011-2022,132_DT_13204_2011_N213_20260915163035.csv,TIME_MACHINE
2012,범위확인필요,자동차관리법,2277.0,2119.0,,2011-2022,132_DT_13204_2011_N213_20260915163035.csv,TIME_MACHINE
2012,범위확인필요,자동차방화,11.0,7.0,,2011-2022,132_DT_13204_2011_N213_20260915163035.csv,TIME_MACHINE
2012,범위확인필요,자동차손해배상보장법,420.0,409.0,,2011-2022,132_DT_13204_2011_N213_20260915163035.csv,TIME_MACHINE
2012,범위확인필요,자살교사·방조,4.0,4.0,,2011-2022,132_DT_13204_2011_N213_20260915163035.csv,TIME_MACHINE
2012,범위확인필요,자연공원법,2.0,2.0,,2011-2022,132_DT_13204_2011_N213_20260915163035.csv,TIME_MACHINE
2012,범위확인필요,장물에관한죄,375.0,296.0,,2011-2022,132_DT_13204_2011_N213_20260915163035.csv,TIME_MACHINE
2012,범위확인필요,장사등에관한법률,2.0,8.0,,2011-2022,132_DT_13204_2011_N213_20260915163035.csv,TIME_MACHINE
2012,범위확인필요,장애인에대한강간등,69.0,68.0,,2011-2022,132_DT_13204_2011_N213_20260915163035.csv,TIME_MACHINE
2012,범위확인필요,저작권법,8080.0,3561.0,,2011-2022,132_DT_13204_2011_N213_20260915163035.csv,TIME_MACHINE
2012,범위확인필요,전기통신기본법,27.0,16.0,,2011-2022,132_DT_13204_2011_N213_20260915163035.csv,TIME_MACHINE
2012,범위확인필요,전자금융거래법위반,1315.0,1152.0,,2011-2022,132_DT_13204_2011_N213_20260915163035.csv,TIME_MACHINE
2012,범위확인필요,전파법,1.0,1.0,,2011-2022,132_DT_13204_2011_N213_20260915163035.csv,TIME_MACHINE
2012,범위확인필요,절도,55387.0,14400.0,,2011-2022,132_DT_13204_2011_N213_20260915163035.csv,TIME_MACHINE
2012,범위확인필요,절도·불법사용(상습),48.0,34.0,,2011-2022,132_DT_13204_2011_N213_20260915163035.csv,TIME_MACHINE
2012,범위확인필요,절도범죄,61329.0,19198.0,,2011-2022,132_DT_13204_2011_N213_20260915163035.csv,TIME_MACHINE
2012,범위확인필요,점유이탈물등횡령,2296.0,1001.0,,2011-2022,132_DT_13204_2011_N213_20260915163035.csv,TIME_MACHINE
2012,범위확인필요,정당법,1.0,,,2011-2022,132_DT_13204_2011_N213_20260915163035.csv,TIME_MACHINE
2012,범위확인필요,정보통신망이용촉진및정보보호등에관한법률,2824.0,1790.0,,2011-2022,132_DT_13204_2011_N213_20260915163035.csv,TIME_MACHINE
2012,범위확인필요,정보통신망이용촉진및정보보호등에관한법률(음란물유포),790.0,478.0,,2011-2022,132_DT_13204_2011_N213_20260915163035.csv,TIME_MACHINE
2012,범위확인필요,정치자금법,6.0,5.0,,2011-2022,132_DT_13204_2011_N213_20260915163035.csv,TIME_MACHINE
2012,범위확인필요,조세범처벌법,1105.0,825.0,,2011-2022,132_DT_13204_2011_N213_20260915163035.csv,TIME_MACHINE
2012,범위확인필요,존속살해,4.0,5.0,,2011-2022,132_DT_13204_2011_N213_20260915163035.csv,TIME_MACHINE
2012,범위확인필요,존속상해,58.0,55.0,,2011-2022,132_DT_13204_2011_N213_20260915163035.csv,TIME_MACHINE
2012,범위확인필요,존속상해치사,1.0,1.0,,2011-2022,132_DT_13204_2011_N213_20260915163035.csv,TIME_MACHINE
2012,범위확인필요,존속체포·감금,1.0,1.0,,2011-2022,132_DT_13204_2011_N213_20260915163035.csv,TIME_MACHINE
2012,범위확인필요,존속폭행,152.0,147.0,,2011-2022,132_DT_13204_2011_N213_20260915163035.csv,TIME_MACHINE
2012,범위확인필요,존속협박,12.0,11.0,,2011-2022,132_DT_13204_2011_N213_20260915163035.csv,TIME_MACHINE
2012,범위확인필요,주거침입강간등,54.0,50.0,,2011-2022,132_DT_13204_2011_N213_20260915163035.csv,TIME_MACHINE
2012,범위확인필요,주거침입의죄,1650.0,1405.0,,2011-2022,132_DT_13204_2011_N213_20260915163035.csv,TIME_MACHINE
2012,범위확인필요,주민등록법,699.0,406.0,,2011-2022,132_DT_13204_2011_N213_20260915163035.csv,TIME_MACHINE
2012,범위확인필요,주차장법,112.0,96.0,,2011-2022,132_DT_13204_2011_N213_20260915163035.csv,TIME_MACHINE
2012,범위확인필요,준강간,178.0,174.0,,2011-2022,132_DT_13204_2011_N213_20260915163035.csv,TIME_MACHINE
2012,범위확인필요,준강도,57.0,54.0,,2011-2022,132_DT_13204_2011_N213_20260915163035.csv,TIME_MACHINE
2012,범위확인필요,준사기,8.0,4.0,,2011-2022,132_DT_13204_2011_N213_20260915163035.csv,TIME_MACHINE
2012,범위확인필요,준특수강도,2.0,2.0,,2011-2022,132_DT_13204_2011_N213_20260915163035.csv,TIME_MACHINE
2012,범위확인필요,증수뢰,70.0,58.0,,2011-2022,132_DT_13204_2011_N213_20260915163035.csv,TIME_MACHINE
2012,범위확인필요,지능범죄,72244.0,43152.0,,2011-2022,132_DT_13204_2011_N213_20260915163035.csv,TIME_MACHINE
2012,범위확인필요,지방세법,1.0,,,2011-2022,132_DT_13204_2011_N213_20260915163035.csv,TIME_MACHINE
2012,범위확인필요,직권남용,77.0,47.0,,2011-2022,132_DT_13204_2011_N213_20260915163035.csv,TIME_MACHINE
2012,범위확인필요,직권남용(권리행사방해·체포·감금),53.0,32.0,,2011-2022,132_DT_13204_2011_N213_20260915163035.csv,TIME_MACHINE
2012,범위확인필요,직무유기,118.0,81.0,,2011-2022,132_DT_13204_2011_N213_20260915163035.csv,TIME_MACHINE
2012,범위확인필요,직무유기·수행거부,118.0,81.0,,2011-2022,132_DT_13204_2011_N213_20260915163035.csv,TIME_MACHINE
2012,범위확인필요,직업안정법,137.0,135.0,,2011-2022,132_DT_13204_2011_N213_20260915163035.csv,TIME_MACHINE
2012,범위확인필요,집회및시위에관한법률,300.0,277.0,,2011-2022,132_DT_13204_2011_N213_20260915163035.csv,TIME_MACHINE
2012,범위확인필요,채무자회생및파산에관한법률위반,23.0,15.0,,2011-2022,132_DT_13204_2011_N213_20260915163035.csv,TIME_MACHINE
2012,범위확인필요,철도안전법,13.0,13.0,,2011-2022,132_DT_13204_2011_N213_20260915163035.csv,TIME_MACHINE
2012,범위확인필요,청소년보호법,1860.0,1827.0,,2011-2022,132_DT_13204_2011_N213_20260915163035.csv,TIME_MACHINE
2012,범위확인필요,청소년에대한강간등,444.0,388.0,,2011-2022,132_DT_13204_2011_N213_20260915163035.csv,TIME_MACHINE
2012,범위확인필요,체포·감금,155.0,142.0,,2011-2022,132_DT_13204_2011_N213_20260915163035.csv,TIME_MACHINE
2012,범위확인필요,체포·감금(중),2.0,2.0,,2011-2022,132_DT_13204_2011_N213_20260915163035.csv,TIME_MACHINE
2012,범위확인필요,체포·감금치사상(중·특수·상습),9.0,9.0,,2011-2022,132_DT_13204_2011_N213_20260915163035.csv,TIME_MACHINE
2012,범위확인필요,촉탁·승낙살인,1.0,1.0,,2011-2022,132_DT_13204_2011_N213_20260915163035.csv,TIME_MACHINE
2012,범위확인필요,총계,358534.0,260199.0,,2011-2022,132_DT_13204_2011_N213_20260915163035.csv,TIME_MACHINE
2012,범위확인필요,총포·도검·화약류등의안전관리에관한법률,42.0,38.0,,2011-2022,132_DT_13204_2011_N213_20260915163035.csv,TIME_MACHINE
2012,범위확인필요,축산물위생관리법,18.0,18.0,,2011-2022,132_DT_13204_2011_N213_20260915163035.csv,TIME_MACHINE
2012,범위확인필요,출입국관리법,136.0,147.0,,2011-2022,132_DT_13204_2011_N213_20260915163035.csv,TIME_MACHINE
2012,범위확인필요,친족관계에의한강간,26.0,25.0,,2011-2022,132_DT_13204_2011_N213_20260915163035.csv,TIME_MACHINE
2012,범위확인필요,친족관계에의한강제추행,28.0,29.0,,2011-2022,132_DT_13204_2011_N213_20260915163035.csv,TIME_MACHINE
2012,범위확인필요,친족관계에의한준강간등,5.0,8.0,,2011-2022,132_DT_13204_2011_N213_20260915163035.csv,TIME_MACHINE
2012,범위확인필요,컴퓨터등사용사기,408.0,209.0,,2011-2022,132_DT_13204_2011_N213_20260915163035.csv,TIME_MACHINE
2012,범위확인필요,컴퓨터프로그램보호법,1.0,,,2011-2022,132_DT_13204_2011_N213_20260915163035.csv,TIME_MACHINE
2012,범위확인필요,통신비밀보호법,27.0,27.0,,2011-2022,132_DT_13204_2011_N213_20260915163035.csv,TIME_MACHINE
2012,범위확인필요,통화,3967.0,65.0,,2011-2022,132_DT_13204_2011_N213_20260915163035.csv,TIME_MACHINE
2012,범위확인필요,통화위조·변조,2188.0,27.0,,2011-2022,132_DT_13204_2011_N213_20260915163035.csv,TIME_MACHINE
2012,범위확인필요,특가법(강도),9.0,9.0,,2011-2022,132_DT_13204_2011_N213_20260915163035.csv,TIME_MACHINE
2012,범위확인필요,특가법(강도상해재범),4.0,3.0,,2011-2022,132_DT_13204_2011_N213_20260915163035.csv,TIME_MACHINE
2012,범위확인필요,특가법(뇌물),10.0,7.0,,2011-2022,132_DT_13204_2011_N213_20260915163035.csv,TIME_MACHINE
2012,범위확인필요,특가법(도주차량),1914.0,1651.0,,2011-2022,132_DT_13204_2011_N213_20260915163035.csv,TIME_MACHINE
2012,범위확인필요,특가법(보복범죄등),66.0,67.0,,2011-2022,132_DT_13204_2011_N213_20260915163035.csv,TIME_MACHINE
2012,범위확인필요,특가법(알선수재),6.0,2.0,,2011-2022,132_DT_13204_2011_N213_20260915163035.csv,TIME_MACHINE
2012,범위확인필요,특가법(영리약취·유인·매매),9.0,10.0,,2011-2022,132_DT_13204_2011_N213_20260915163035.csv,TIME_MACHINE
2012,범위확인필요,특가법(운전자폭행등),1280.0,1266.0,,2011-2022,132_DT_13204_2011_N213_20260915163035.csv,TIME_MACHINE
2012,범위확인필요,특가법(위험운전치사상),1915.0,1909.0,,2011-2022,132_DT_13204_2011_N213_20260915163035.csv,TIME_MACHINE
2012,범위확인필요,특가법(장물),20.0,18.0,,2011-2022,132_DT_13204_2011_N213_20260915163035.csv,TIME_MACHINE
2012,범위확인필요,특가법(절도),1410.0,1326.0,,2011-2022,132_DT_13204_2011_N213_20260915163035.csv,TIME_MACHINE
2012,범위확인필요,특가법(조세),57.0,39.0,,2011-2022,132_DT_13204_2011_N213_20260915163035.csv,TIME_MACHINE
2012,범위확인필요,특가법(통화위조),1661.0,18.0,,2011-2022,132_DT_13204_2011_N213_20260915163035.csv,TIME_MACHINE
2012,범위확인필요,특경법(배임),183.0,148.0,,2011-2022,132_DT_13204_2011_N213_20260915163035.csv,TIME_MACHINE
2012,범위확인필요,특경법(사금융알선등),4.0,4.0,,2011-2022,132_DT_13204_2011_N213_20260915163035.csv,TIME_MACHINE
2012,범위확인필요,특경법(사기),928.0,636.0,,2011-2022,132_DT_13204_2011_N213_20260915163035.csv,TIME_MACHINE
2012,범위확인필요,특경법(수재등),4.0,2.0,,2011-2022,132_DT_13204_2011_N213_20260915163035.csv,TIME_MACHINE
2012,범위확인필요,특경법(알선수재),10.0,9.0,,2011-2022,132_DT_13204_2011_N213_20260915163035.csv,TIME_MACHINE
2012,범위확인필요,특경법(재산국외도피),2.0,1.0,,2011-2022,132_DT_13204_2011_N213_20260915163035.csv,TIME_MACHINE
2012,범위확인필요,특경법(증재등),100.0,1.0,,2011-2022,132_DT_13204_2011_N213_20260915163035.csv,TIME_MACHINE
2012,범위확인필요,특경법(횡령),232.0,193.0,,2011-2022,132_DT_13204_2011_N213_20260915163035.csv,TIME_MACHINE
2012,범위확인필요,특별경제범죄,21367.0,14280.0,,2011-2022,132_DT_13204_2011_N213_20260915163035.csv,TIME_MACHINE
2012,범위확인필요,특수강간,69.0,64.0,,2011-2022,132_DT_13204_2011_N213_20260915163035.csv,TIME_MACHINE
2012,범위확인필요,특수강도,169.0,133.0,,2011-2022,132_DT_13204_2011_N213_20260915163035.csv,TIME_MACHINE
2012,범위확인필요,특수강도강간등,42.0,47.0,,2011-2022,132_DT_13204_2011_N213_20260915163035.csv,TIME_MACHINE
2012,범위확인필요,특수강제추행,8.0,7.0,,2011-2022,132_DT_13204_2011_N213_20260915163035.csv,TIME_MACHINE
2012,범위확인필요,특수절도,3762.0,2984.0,,2011-2022,132_DT_13204_2011_N213_20260915163035.csv,TIME_MACHINE
2012,범위확인필요,특수절도(상습),12.0,14.0,,2011-2022,132_DT_13204_2011_N213_20260915163035.csv,TIME_MACHINE
2012,범위확인필요,특수절도강간등,2.0,1.0,,2011-2022,132_DT_13204_2011_N213_20260915163035.csv,TIME_MACHINE
2012,범위확인필요,특수준강제추행,11.0,12.0,,2011-2022,132_DT_13204_2011_N213_20260915163035.csv,TIME_MACHINE
2012,범위확인필요,특수폭행,15.0,12.0,,2011-2022,132_DT_13204_2011_N213_20260915163035.csv,TIME_MACHINE
2012,범위확인필요,특허법,74.0,64.0,,2011-2022,132_DT_13204_2011_N213_20260915163035.csv,TIME_MACHINE
2012,범위확인필요,편의시설부정이용,2.0,2.0,,2011-2022,132_DT_13204_2011_N213_20260915163035.csv,TIME_MACHINE
2012,범위확인필요,폐기물관리법,7.0,11.0,,2011-2022,132_DT_13204_2011_N213_20260915163035.csv,TIME_MACHINE
2012,범위확인필요,폭력범죄,70676.0,58668.0,,2011-2022,132_DT_13204_2011_N213_20260915163035.csv,TIME_MACHINE
2012,범위확인필요,폭력행위등,9333.0,8145.0,,2011-2022,132_DT_13204_2011_N213_20260915163035.csv,TIME_MACHINE
2012,범위확인필요,폭력행위등처벌에관한법률위반(공동),5803.0,4873.0,,2011-2022,132_DT_13204_2011_N213_20260915163035.csv,TIME_MACHINE
2012,범위확인필요,폭력행위등처벌에관한법률위반(기타),13.0,9.0,,2011-2022,132_DT_13204_2011_N213_20260915163035.csv,TIME_MACHINE
2012,범위확인필요,폭력행위등처벌에관한법률위반(단체등의[상습·공동·집단흉기등·상습집단흉기등]),543.0,450.0,,2011-2022,132_DT_13204_2011_N213_20260915163035.csv,TIME_MACHINE
2012,범위확인필요,폭력행위등처벌에관한법률위반(단체등의구성·활동),3.0,2.0,,2011-2022,132_DT_13204_2011_N213_20260915163035.csv,TIME_MACHINE
2012,범위확인필요,폭력행위등처벌에관한법률위반(상습),251.0,239.0,,2011-2022,132_DT_13204_2011_N213_20260915163035.csv,TIME_MACHINE
2012,범위확인필요,"폭력행위등처벌에관한법률위반(상습집단,흉기등)",78.0,70.0,,2011-2022,132_DT_13204_2011_N213_20260915163035.csv,TIME_MACHINE
2012,범위확인필요,폭력행위등처벌에관한법률위반(야간·공동),3.0,3.0,,2011-2022,132_DT_13204_2011_N213_20260915163035.csv,TIME_MACHINE
2012,범위확인필요,폭력행위등처벌에관한법률위반(야간집단흉기등),1.0,,,2011-2022,132_DT_13204_2011_N213_20260915163035.csv,TIME_MACHINE
2012,범위확인필요,폭력행위등처벌에관한법률위반(우범자),45.0,41.0,,2011-2022,132_DT_13204_2011_N213_20260915163035.csv,TIME_MACHINE
2012,범위확인필요,"폭력행위등처벌에관한법률위반(집단,흉기등)",2606.0,2467.0,,2011-2022,132_DT_13204_2011_N213_20260915163035.csv,TIME_MACHINE
2012,범위확인필요,폭발성물건파열(과실),1.0,1.0,,2011-2022,132_DT_13204_2011_N213_20260915163035.csv,TIME_MACHINE
2012,범위확인필요,폭발성물건파열(치사·상),1.0,1.0,,2011-2022,132_DT_13204_2011_N213_20260915163035.csv,TIME_MACHINE
2012,범위확인필요,폭행,36194.0,33153.0,,2011-2022,132_DT_13204_2011_N213_20260915163035.csv,TIME_MACHINE
2012,범위확인필요,폭행(상습),5.0,4.0,,2011-2022,132_DT_13204_2011_N213_20260915163035.csv,TIME_MACHINE
2012,범위확인필요,폭행치사,12.0,13.0,,2011-2022,132_DT_13204_2011_N213_20260915163035.csv,TIME_MACHINE
2012,범위확인필요,폭행치상,214.0,202.0,,2011-2022,132_DT_13204_2011_N213_20260915163035.csv,TIME_MACHINE
2012,범위확인필요,풍속범죄,4648.0,4023.0,,2011-2022,132_DT_13204_2011_N213_20260915163035.csv,TIME_MACHINE
2012,범위확인필요,풍속영업의규제에관한법률,278.0,276.0,,2011-2022,132_DT_13204_2011_N213_20260915163035.csv,TIME_MACHINE
2012,범위확인필요,피보호자(피감호자)간음,3.0,3.0,,2011-2022,132_DT_13204_2011_N213_20260915163035.csv,TIME_MACHINE
2012,범위확인필요,피의사실공표,1.0,1.0,,2011-2022,132_DT_13204_2011_N213_20260915163035.csv,TIME_MACHINE
2012,범위확인필요,하수도법,5.0,7.0,,2011-2022,132_DT_13204_2011_N213_20260915163035.csv,TIME_MACHINE
2012,범위확인필요,학원의설립·운영및과외교섭에관한법률,236.0,233.0,,2011-2022,132_DT_13204_2011_N213_20260915163035.csv,TIME_MACHINE
2012,범위확인필요,"허위감정,증거인멸·은닉,증인은닉죄",16.0,9.0,,2011-2022,132_DT_13204_2011_N213_20260915163035.csv,TIME_MACHINE
2012,범위확인필요,현주·공용건조물등방화,194.0,166.0,,2011-2022,132_DT_13204_2011_N213_20260915163035.csv,TIME_MACHINE
2012,범위확인필요,현주건조물등방화치사,1.0,,,2011-2022,132_DT_13204_2011_N213_20260915163035.csv,TIME_MACHINE
2012,범위확인필요,현주건조물등방화치상,4.0,3.0,,2011-2022,132_DT_13204_2011_N213_20260915163035.csv,TIME_MACHINE
2012,범위확인필요,협박,1028.0,893.0,,2011-2022,132_DT_13204_2011_N213_20260915163035.csv,TIME_MACHINE
2012,범위확인필요,협박(상습),4.0,4.0,,2011-2022,132_DT_13204_2011_N213_20260915163035.csv,TIME_MACHINE
2012,범위확인필요,협박(특수),15.0,15.0,,2011-2022,132_DT_13204_2011_N213_20260915163035.csv,TIME_MACHINE
2012,범위확인필요,형의실효등에관한법률,5.0,4.0,,2011-2022,132_DT_13204_2011_N213_20260915163035.csv,TIME_MACHINE
2012,범위확인필요,혼인빙자간음,1.0,2.0,,2011-2022,132_DT_13204_2011_N213_20260915163035.csv,TIME_MACHINE
2012,범위확인필요,화물자동차운수사업법,590.0,524.0,,2011-2022,132_DT_13204_2011_N213_20260915163035.csv,TIME_MACHINE
2012,범위확인필요,환경범죄,33.0,35.0,,2011-2022,132_DT_13204_2011_N213_20260915163035.csv,TIME_MACHINE
2012,범위확인필요,환경범죄의단속에관한특별조치법,1.0,1.0,,2011-2022,132_DT_13204_2011_N213_20260915163035.csv,TIME_MACHINE
2012,범위확인필요,횡령,7706.0,4946.0,,2011-2022,132_DT_13204_2011_N213_20260915163035.csv,TIME_MACHINE
2013,범위확인필요,13세미만미성년자강간·간음,13.0,12.0,,2011-2022,132_DT_13204_2011_N213_20260915163035.csv,TIME_MACHINE
2013,범위확인필요,13세미만미성년자강간등,12.0,12.0,,2011-2022,132_DT_13204_2011_N213_20260915163035.csv,TIME_MACHINE
2013,범위확인필요,13세미만미성년자강제추행·추행,80.0,75.0,,2011-2022,132_DT_13204_2011_N213_20260915163035.csv,TIME_MACHINE
2013,범위확인필요,가스등공급사용방해(치사·상),2.0,2.0,,2011-2022,132_DT_13204_2011_N213_20260915163035.csv,TIME_MACHINE
2013,범위확인필요,가스등방출(치사·상),1.0,1.0,,2011-2022,132_DT_13204_2011_N213_20260915163035.csv,TIME_MACHINE
2013,범위확인필요,간통,269.0,242.0,,2011-2022,132_DT_13204_2011_N213_20260915163035.csv,TIME_MACHINE
2013,범위확인필요,강간,1199.0,1097.0,,2011-2022,132_DT_13204_2011_N213_20260915163035.csv,TIME_MACHINE
2013,범위확인필요,강간(상습),1.0,1.0,,2011-2022,132_DT_13204_2011_N213_20260915163035.csv,TIME_MACHINE
2013,범위확인필요,강간등상해·치상,41.0,47.0,,2011-2022,132_DT_13204_2011_N213_20260915163035.csv,TIME_MACHINE
2013,범위확인필요,강간상해·치상,110.0,103.0,,2011-2022,132_DT_13204_2011_N213_20260915163035.csv,TIME_MACHINE
2013,범위확인필요,강도,421.0,334.0,,2011-2022,132_DT_13204_2011_N213_20260915163035.csv,TIME_MACHINE
2013,범위확인필요,강도강간,15.0,8.0,,2011-2022,132_DT_13204_2011_N213_20260915163035.csv,TIME_MACHINE
2013,범위확인필요,강도살인·치사,7.0,8.0,,2011-2022,132_DT_13204_2011_N213_20260915163035.csv,TIME_MACHINE
2013,범위확인필요,강도상해·치상,129.0,114.0,,2011-2022,132_DT_13204_2011_N213_20260915163035.csv,TIME_MACHINE
2013,범위확인필요,강력범죄,6279.0,5292.0,,2011-2022,132_DT_13204_2011_N213_20260915163035.csv,TIME_MACHINE
2013,범위확인필요,강제추행,3910.0,3208.0,,2011-2022,132_DT_13204_2011_N213_20260915163035.csv,TIME_MACHINE
2013,범위확인필요,강제추행(상습),1.0,1.0,,2011-2022,132_DT_13204_2011_N213_20260915163035.csv,TIME_MACHINE
2013,범위확인필요,강제추행상해·치상,45.0,35.0,,2011-2022,132_DT_13204_2011_N213_20260915163035.csv,TIME_MACHINE
2013,범위확인필요,개인정보보호법,4.0,3.0,,2011-2022,132_DT_13204_2011_N213_20260915163035.csv,TIME_MACHINE
2013,범위확인필요,건설산업기본법,137.0,111.0,,2011-2022,132_DT_13204_2011_N213_20260915163035.csv,TIME_MACHINE
2013,범위확인필요,건설폐기물의재활용촉진에관한법률,2.0,3.0,,2011-2022,132_DT_13204_2011_N213_20260915163035.csv,TIME_MACHINE
2013,범위확인필요,건축법,322.0,397.0,,2011-2022,132_DT_13204_2011_N213_20260915163035.csv,TIME_MACHINE
2013,범위확인필요,게임산업진흥에관한법률,1176.0,1145.0,,2011-2022,132_DT_13204_2011_N213_20260915163035.csv,TIME_MACHINE
2013,범위확인필요,경범죄처벌법,409.0,366.0,,2011-2022,132_DT_13204_2011_N213_20260915163035.csv,TIME_MACHINE
2013,범위확인필요,고압가스안전관리법,15.0,15.0,,2011-2022,132_DT_13204_2011_N213_20260915163035.csv,TIME_MACHINE
2013,범위확인필요,골재채취법,5.0,5.0,,2011-2022,132_DT_13204_2011_N213_20260915163035.csv,TIME_MACHINE
2013,범위확인필요,공갈,816.0,472.0,,2011-2022,132_DT_13204_2011_N213_20260915163035.csv,TIME_MACHINE
2013,범위확인필요,공갈(상습),5.0,5.0,,2011-2022,132_DT_13204_2011_N213_20260915163035.csv,TIME_MACHINE
2013,범위확인필요,공무방해에관한죄,3250.0,3145.0,,2011-2022,132_DT_13204_2011_N213_20260915163035.csv,TIME_MACHINE
2013,범위확인필요,공무상비밀누설,5.0,6.0,,2011-2022,132_DT_13204_2011_N213_20260915163035.csv,TIME_MACHINE
2013,범위확인필요,공문서위조·변조,737.0,481.0,,2011-2022,132_DT_13204_2011_N213_20260915163035.csv,TIME_MACHINE
2013,범위확인필요,공안을해하는죄,7.0,6.0,,2011-2022,132_DT_13204_2011_N213_20260915163035.csv,TIME_MACHINE
2013,범위확인필요,공연음란,274.0,232.0,,2011-2022,132_DT_13204_2011_N213_20260915163035.csv,TIME_MACHINE
2013,범위확인필요,공유수면관리및매립에관한법률위반,100.0,1.0,,2011-2022,132_DT_13204_2011_N213_20260915163035.csv,TIME_MACHINE
2013,범위확인필요,공인등의위조·부정사용및행사,24.0,22.0,,2011-2022,132_DT_13204_2011_N213_20260915163035.csv,TIME_MACHINE
2013,범위확인필요,공인중개사법,130.0,118.0,,2011-2022,132_DT_13204_2011_N213_20260915163035.csv,TIME_MACHINE
2013,범위확인필요,공전자기록등위작·변작,4.0,,,2011-2022,132_DT_13204_2011_N213_20260915163035.csv,TIME_MACHINE
2013,범위확인필요,공중밀집장소에서의추행,828.0,755.0,,2011-2022,132_DT_13204_2011_N213_20260915163035.csv,TIME_MACHINE
2013,범위확인필요,공중위생관리법,171.0,169.0,,2011-2022,132_DT_13204_2011_N213_20260915163035.csv,TIME_MACHINE
2013,범위확인필요,공직선거법,76.0,43.0,,2011-2022,132_DT_13204_2011_N213_20260915163035.csv,TIME_MACHINE
2013,범위확인필요,과실치사상의죄,858.0,790.0,,2011-2022,132_DT_13204_2011_N213_20260915163035.csv,TIME_MACHINE
2013,범위확인필요,교통방해의죄,484.0,483.0,,2011-2022,132_DT_13204_2011_N213_20260915163035.csv,TIME_MACHINE
2013,범위확인필요,교통범죄,86558.0,84053.0,,2011-2022,132_DT_13204_2011_N213_20260915163035.csv,TIME_MACHINE
2013,범위확인필요,교통사고,44556.0,41187.0,,2011-2022,132_DT_13204_2011_N213_20260915163035.csv,TIME_MACHINE
2013,범위확인필요,교통사고외,42002.0,42866.0,,2011-2022,132_DT_13204_2011_N213_20260915163035.csv,TIME_MACHINE
2013,범위확인필요,교통사고처리특례법,34248.0,33135.0,,2011-2022,132_DT_13204_2011_N213_20260915163035.csv,TIME_MACHINE
2013,범위확인필요,국가보안법,45.0,30.0,,2011-2022,132_DT_13204_2011_N213_20260915163035.csv,TIME_MACHINE
2013,범위확인필요,국민건강보험법,15.0,10.0,,2011-2022,132_DT_13204_2011_N213_20260915163035.csv,TIME_MACHINE
2013,범위확인필요,국민연금법,6.0,8.0,,2011-2022,132_DT_13204_2011_N213_20260915163035.csv,TIME_MACHINE
2013,범위확인필요,국외이송약취·유인·인신매매,1.0,1.0,,2011-2022,132_DT_13204_2011_N213_20260915163035.csv,TIME_MACHINE
2013,범위확인필요,국토의계획및이용에관한법률,37.0,53.0,,2011-2022,132_DT_13204_2011_N213_20260915163035.csv,TIME_MACHINE
2013,범위확인필요,권리행사를방해하는죄,1041.0,740.0,,2011-2022,132_DT_13204_2011_N213_20260915163035.csv,TIME_MACHINE
2013,범위확인필요,근로기준법,6.0,3.0,,2011-2022,132_DT_13204_2011_N213_20260915163035.csv,TIME_MACHINE
2013,범위확인필요,기타,2035.0,1790.0,,2011-2022,132_DT_13204_2011_N213_20260915163035.csv,TIME_MACHINE
2013,범위확인필요,기타 강간·강제추행 등,255.0,242.0,,2011-2022,132_DT_13204_2011_N213_20260915163035.csv,TIME_MACHINE
2013,범위확인필요,기타경제범죄,213.0,172.0,,2011-2022,132_DT_13204_2011_N213_20260915163035.csv,TIME_MACHINE
2013,범위확인필요,기타노동범죄,75.0,67.0,,2011-2022,132_DT_13204_2011_N213_20260915163035.csv,TIME_MACHINE
2013,범위확인필요,기타도박범죄,71.0,70.0,,2011-2022,132_DT_13204_2011_N213_20260915163035.csv,TIME_MACHINE
2013,범위확인필요,기타범죄,34689.0,30310.0,,2011-2022,132_DT_13204_2011_N213_20260915163035.csv,TIME_MACHINE
2013,범위확인필요,기타병역범죄,2.0,,,2011-2022,132_DT_13204_2011_N213_20260915163035.csv,TIME_MACHINE
2013,범위확인필요,기타보건범죄,607.0,611.0,,2011-2022,132_DT_13204_2011_N213_20260915163035.csv,TIME_MACHINE
2013,범위확인필요,기타안보범죄,4.0,2.0,,2011-2022,132_DT_13204_2011_N213_20260915163035.csv,TIME_MACHINE
2013,범위확인필요,기타통화에관한죄,84.0,6.0,,2011-2022,132_DT_13204_2011_N213_20260915163035.csv,TIME_MACHINE
2013,범위확인필요,기타환경범죄,22.0,15.0,,2011-2022,132_DT_13204_2011_N213_20260915163035.csv,TIME_MACHINE
2013,범위확인필요,낙태의죄,10.0,8.0,,2011-2022,132_DT_13204_2011_N213_20260915163035.csv,TIME_MACHINE
2013,범위확인필요,내수면어업법,1.0,1.0,,2011-2022,132_DT_13204_2011_N213_20260915163035.csv,TIME_MACHINE
2013,범위확인필요,노동범죄,243.0,222.0,,2011-2022,132_DT_13204_2011_N213_20260915163035.csv,TIME_MACHINE
2013,범위확인필요,노동조합및노동관계조정법,1.0,,,2011-2022,132_DT_13204_2011_N213_20260915163035.csv,TIME_MACHINE
2013,범위확인필요,농수산물유통및가격안정에관한법률,1.0,,,2011-2022,132_DT_13204_2011_N213_20260915163035.csv,TIME_MACHINE
2013,범위확인필요,농수산물품질관리법,100.0,1.0,,2011-2022,132_DT_13204_2011_N213_20260915163035.csv,TIME_MACHINE
2013,범위확인필요,농지법,5.0,17.0,,2011-2022,132_DT_13204_2011_N213_20260915163035.csv,TIME_MACHINE
2013,범위확인필요,뇌물공여등,7.0,4.0,,2011-2022,132_DT_13204_2011_N213_20260915163035.csv,TIME_MACHINE
2013,범위확인필요,뇌물수수등,35.0,27.0,,2011-2022,132_DT_13204_2011_N213_20260915163035.csv,TIME_MACHINE
2013,범위확인필요,담배사업법,35.0,37.0,,2011-2022,132_DT_13204_2011_N213_20260915163035.csv,TIME_MACHINE
2013,범위확인필요,대기환경보전법,6.0,9.0,,2011-2022,132_DT_13204_2011_N213_20260915163035.csv,TIME_MACHINE
2013,범위확인필요,대부업의등록및금융이용자보호에관한법률,555.0,464.0,,2011-2022,132_DT_13204_2011_N213_20260915163035.csv,TIME_MACHINE
2013,범위확인필요,도로교통법,3145.0,2613.0,,2011-2022,132_DT_13204_2011_N213_20260915163035.csv,TIME_MACHINE
2013,범위확인필요,도로교통법(공동위험행위),32.0,35.0,,2011-2022,132_DT_13204_2011_N213_20260915163035.csv,TIME_MACHINE
2013,범위확인필요,도로교통법(무면허운전),6633.0,6686.0,,2011-2022,132_DT_13204_2011_N213_20260915163035.csv,TIME_MACHINE
2013,범위확인필요,도로교통법(사고후미조치),3930.0,2419.0,,2011-2022,132_DT_13204_2011_N213_20260915163035.csv,TIME_MACHINE
2013,범위확인필요,도로교통법(음주운전),34442.0,35250.0,,2011-2022,132_DT_13204_2011_N213_20260915163035.csv,TIME_MACHINE
2013,범위확인필요,도로교통법(음주측정거부),321.0,324.0,,2011-2022,132_DT_13204_2011_N213_20260915163035.csv,TIME_MACHINE
2013,범위확인필요,도로법,90.0,88.0,,2011-2022,132_DT_13204_2011_N213_20260915163035.csv,TIME_MACHINE
2013,범위확인필요,도박,784.0,765.0,,2011-2022,132_DT_13204_2011_N213_20260915163035.csv,TIME_MACHINE
2013,범위확인필요,도박(상습),115.0,34.0,,2011-2022,132_DT_13204_2011_N213_20260915163035.csv,TIME_MACHINE
2013,범위확인필요,도박개장,117.0,107.0,,2011-2022,132_DT_13204_2011_N213_20260915163035.csv,TIME_MACHINE
2013,범위확인필요,도박범죄,1087.0,976.0,,2011-2022,132_DT_13204_2011_N213_20260915163035.csv,TIME_MACHINE
2013,범위확인필요,도시가스사업법,13.0,12.0,,2011-2022,132_DT_13204_2011_N213_20260915163035.csv,TIME_MACHINE
2013,범위확인필요,도시공원및녹지등에관한법률,10.0,9.0,,2011-2022,132_DT_13204_2011_N213_20260915163035.csv,TIME_MACHINE
2013,범위확인필요,독점규제및공정거래에관한법률,3.0,1.0,,2011-2022,132_DT_13204_2011_N213_20260915163035.csv,TIME_MACHINE
2013,범위확인필요,독직폭행·가혹행위,24.0,17.0,,2011-2022,132_DT_13204_2011_N213_20260915163035.csv,TIME_MACHINE
2013,범위확인필요,디자인보호법,97.0,51.0,,2011-2022,132_DT_13204_2011_N213_20260915163035.csv,TIME_MACHINE
2013,범위확인필요,마약류관리에관한법률(대마),123.0,130.0,,2011-2022,132_DT_13204_2011_N213_20260915163035.csv,TIME_MACHINE
2013,범위확인필요,마약류관리에관한법률(마약),28.0,27.0,,2011-2022,132_DT_13204_2011_N213_20260915163035.csv,TIME_MACHINE
2013,범위확인필요,마약류관리에관한법률(향정),731.0,632.0,,2011-2022,132_DT_13204_2011_N213_20260915163035.csv,TIME_MACHINE
2013,범위확인필요,마약류불법거래방지에관한특례법,3.0,1.0,,2011-2022,132_DT_13204_2011_N213_20260915163035.csv,TIME_MACHINE
2013,범위확인필요,마약범죄,885.0,790.0,,2011-2022,132_DT_13204_2011_N213_20260915163035.csv,TIME_MACHINE
2013,범위확인필요,명예에관한죄,5438.0,4565.0,,2011-2022,132_DT_13204_2011_N213_20260915163035.csv,TIME_MACHINE
2013,범위확인필요,무고의죄,913.0,675.0,,2011-2022,132_DT_13204_2011_N213_20260915163035.csv,TIME_MACHINE
2013,범위확인필요,문서·인장,3459.0,2400.0,,2011-2022,132_DT_13204_2011_N213_20260915163035.csv,TIME_MACHINE
2013,범위확인필요,문화재보호법,8.0,11.0,,2011-2022,132_DT_13204_2011_N213_20260915163035.csv,TIME_MACHINE
2013,범위확인필요,미성년자간음(심신미약자),3.0,4.0,,2011-2022,132_DT_13204_2011_N213_20260915163035.csv,TIME_MACHINE
2013,범위확인필요,미성년자의제강간,1.0,2.0,,2011-2022,132_DT_13204_2011_N213_20260915163035.csv,TIME_MACHINE
2013,범위확인필요,미성년자추행(심신미약자),1.0,,,2011-2022,132_DT_13204_2011_N213_20260915163035.csv,TIME_MACHINE
2013,범위확인필요,밀항단속법,2.0,21.0,,2011-2022,132_DT_13204_2011_N213_20260915163035.csv,TIME_MACHINE
2013,범위확인필요,방문판매등에관한법률,54.0,41.0,,2011-2022,132_DT_13204_2011_N213_20260915163035.csv,TIME_MACHINE
2013,범위확인필요,방화,317.0,243.0,,2011-2022,132_DT_13204_2011_N213_20260915163035.csv,TIME_MACHINE
2013,범위확인필요,방화연소,18.0,3.0,,2011-2022,132_DT_13204_2011_N213_20260915163035.csv,TIME_MACHINE
2013,범위확인필요,배임,1208.0,950.0,,2011-2022,132_DT_13204_2011_N213_20260915163035.csv,TIME_MACHINE
2013,범위확인필요,배임수재,41.0,34.0,,2011-2022,132_DT_13204_2011_N213_20260915163035.csv,TIME_MACHINE
2013,범위확인필요,배임증재,12.0,6.0,,2011-2022,132_DT_13204_2011_N213_20260915163035.csv,TIME_MACHINE
2013,범위확인필요,범인은닉·범인도피죄,25.0,21.0,,2011-2022,132_DT_13204_2011_N213_20260915163035.csv,TIME_MACHINE
2013,범위확인필요,변호사법,136.0,99.0,,2011-2022,132_DT_13204_2011_N213_20260915163035.csv,TIME_MACHINE
2013,범위확인필요,병역범죄,7364.0,6356.0,,2011-2022,132_DT_13204_2011_N213_20260915163035.csv,TIME_MACHINE
2013,범위확인필요,병역법,3207.0,2899.0,,2011-2022,132_DT_13204_2011_N213_20260915163035.csv,TIME_MACHINE
2013,범위확인필요,보건범죄,3896.0,3975.0,,2011-2022,132_DT_13204_2011_N213_20260915163035.csv,TIME_MACHINE
2013,범위확인필요,보건범죄특조법(부정식품),1.0,1.0,,2011-2022,132_DT_13204_2011_N213_20260915163035.csv,TIME_MACHINE
2013,범위확인필요,보건범죄특조법(부정의료업자),53.0,57.0,,2011-2022,132_DT_13204_2011_N213_20260915163035.csv,TIME_MACHINE
2013,범위확인필요,보건범죄특조법(부정의약품),6.0,6.0,,2011-2022,132_DT_13204_2011_N213_20260915163035.csv,TIME_MACHINE
2013,범위확인필요,보안관찰법,1.0,1.0,,2011-2022,132_DT_13204_2011_N213_20260915163035.csv,TIME_MACHINE
2013,범위확인필요,부당이득,9.0,7.0,,2011-2022,132_DT_13204_2011_N213_20260915163035.csv,TIME_MACHINE
2013,범위확인필요,부정경쟁방지및영업비밀보호에관한법률,190.0,157.0,,2011-2022,132_DT_13204_2011_N213_20260915163035.csv,TIME_MACHINE
2013,범위확인필요,부정수표단속법,1747.0,1010.0,,2011-2022,132_DT_13204_2011_N213_20260915163035.csv,TIME_MACHINE
2013,범위확인필요,불법사용,23.0,17.0,,2011-2022,132_DT_13204_2011_N213_20260915163035.csv,TIME_MACHINE
2013,범위확인필요,비밀침해죄,9.0,7.0,,2011-2022,132_DT_13204_2011_N213_20260915163035.csv,TIME_MACHINE
2013,범위확인필요,사격장안전법,1.0,1.0,,2011-2022,132_DT_13204_2011_N213_20260915163035.csv,TIME_MACHINE
2013,범위확인필요,사기,61120.0,34072.0,,2011-2022,132_DT_13204_2011_N213_20260915163035.csv,TIME_MACHINE
2013,범위확인필요,사기(상습),177.0,144.0,,2011-2022,132_DT_13204_2011_N213_20260915163035.csv,TIME_MACHINE
2013,범위확인필요,사문서위조·변조,2641.0,1859.0,,2011-2022,132_DT_13204_2011_N213_20260915163035.csv,TIME_MACHINE
2013,범위확인필요,사인등의위조·부정사용및행사,30.0,29.0,,2011-2022,132_DT_13204_2011_N213_20260915163035.csv,TIME_MACHINE
2013,범위확인필요,사전자기록등위작·변작,23.0,9.0,,2011-2022,132_DT_13204_2011_N213_20260915163035.csv,TIME_MACHINE
2013,범위확인필요,산업안전보건법,3.0,2.0,,2011-2022,132_DT_13204_2011_N213_20260915163035.csv,TIME_MACHINE
2013,범위확인필요,살인,43.0,42.0,,2011-2022,132_DT_13204_2011_N213_20260915163035.csv,TIME_MACHINE
2013,범위확인필요,살인기수,49.0,49.0,,2011-2022,132_DT_13204_2011_N213_20260915163035.csv,TIME_MACHINE
2013,범위확인필요,살인미수등,103.0,97.0,,2011-2022,132_DT_13204_2011_N213_20260915163035.csv,TIME_MACHINE
2013,범위확인필요,상표법,653.0,579.0,,2011-2022,132_DT_13204_2011_N213_20260915163035.csv,TIME_MACHINE
2013,범위확인필요,상해,9035.0,8349.0,,2011-2022,132_DT_13204_2011_N213_20260915163035.csv,TIME_MACHINE
2013,범위확인필요,상해(중),15.0,11.0,,2011-2022,132_DT_13204_2011_N213_20260915163035.csv,TIME_MACHINE
2013,범위확인필요,상해치사,12.0,12.0,,2011-2022,132_DT_13204_2011_N213_20260915163035.csv,TIME_MACHINE
2013,범위확인필요,생명윤리및안전에관한법률,200.0,2.0,,2011-2022,132_DT_13204_2011_N213_20260915163035.csv,TIME_MACHINE
2013,범위확인필요,석유및석유대체연료사업법,22.0,33.0,,2011-2022,132_DT_13204_2011_N213_20260915163035.csv,TIME_MACHINE
2013,범위확인필요,선거범죄,76.0,43.0,,2011-2022,132_DT_13204_2011_N213_20260915163035.csv,TIME_MACHINE
2013,범위확인필요,성매매방지및피해자보호등에관한법률위반,1.0,1.0,,2011-2022,132_DT_13204_2011_N213_20260915163035.csv,TIME_MACHINE
2013,범위확인필요,성매매알선등행위의처벌에관한법률위반(기타),592.0,585.0,,2011-2022,132_DT_13204_2011_N213_20260915163035.csv,TIME_MACHINE
2013,범위확인필요,성매매알선등행위의처벌에관한법률위반(성매매),230.0,230.0,,2011-2022,132_DT_13204_2011_N213_20260915163035.csv,TIME_MACHINE
2013,범위확인필요,성매매알선등행위의처벌에관한법률위반(성매매강요등),2.0,3.0,,2011-2022,132_DT_13204_2011_N213_20260915163035.csv,TIME_MACHINE
2013,범위확인필요,성매매알선등행위의처벌에관한법률위반(성매매광고),18.0,16.0,,2011-2022,132_DT_13204_2011_N213_20260915163035.csv,TIME_MACHINE
2013,범위확인필요,성매매알선등행위의처벌에관한법률위반(성매매알선등),595.0,596.0,,2011-2022,132_DT_13204_2011_N213_20260915163035.csv,TIME_MACHINE
2013,범위확인필요,성매매알선등행위의처벌에관한법률위반(아동·청소년),2.0,2.0,,2011-2022,132_DT_13204_2011_N213_20260915163035.csv,TIME_MACHINE
2013,범위확인필요,성폭력범죄의처벌등에관한특례법(성적목적다중이용장소침입),63.0,53.0,,2011-2022,132_DT_13204_2011_N213_20260915163035.csv,TIME_MACHINE
2013,범위확인필요,"성폭력범죄의처벌등에관한특례법(카메라등이용촬영,반포등)",1729.0,1431.0,,2011-2022,132_DT_13204_2011_N213_20260915163035.csv,TIME_MACHINE
2013,범위확인필요,성폭력범죄의처벌등에관한특례법(통신매체이용음란),216.0,137.0,,2011-2022,132_DT_13204_2011_N213_20260915163035.csv,TIME_MACHINE
2013,범위확인필요,성폭력범죄의처벌등에관한특례법위반(기타),245.0,211.0,,2011-2022,132_DT_13204_2011_N213_20260915163035.csv,TIME_MACHINE
2013,범위확인필요,성폭력범죄의처벌및피해자보호등에관한법률위반,2.0,1.0,,2011-2022,132_DT_13204_2011_N213_20260915163035.csv,TIME_MACHINE
2013,범위확인필요,성풍속범죄,4124.0,3212.0,,2011-2022,132_DT_13204_2011_N213_20260915163035.csv,TIME_MACHINE
2013,범위확인필요,소방기본법,2.0,2.0,,2011-2022,132_DT_13204_2011_N213_20260915163035.csv,TIME_MACHINE
2013,범위확인필요,손괴,11477.0,5347.0,,2011-2022,132_DT_13204_2011_N213_20260915163035.csv,TIME_MACHINE
2013,범위확인필요,수도법,3.0,10.0,,2011-2022,132_DT_13204_2011_N213_20260915163035.csv,TIME_MACHINE
2013,범위확인필요,식품위생법,1903.0,2003.0,,2011-2022,132_DT_13204_2011_N213_20260915163035.csv,TIME_MACHINE
2013,범위확인필요,신앙에관한죄,30.0,38.0,,2011-2022,132_DT_13204_2011_N213_20260915163035.csv,TIME_MACHINE
2013,범위확인필요,"신용,업무와경매에관한죄",4776.0,4596.0,,2011-2022,132_DT_13204_2011_N213_20260915163035.csv,TIME_MACHINE
2013,범위확인필요,신용정보의이용및보호에관한법률,27.0,23.0,,2011-2022,132_DT_13204_2011_N213_20260915163035.csv,TIME_MACHINE
2013,범위확인필요,실용신안법,20.0,15.0,,2011-2022,132_DT_13204_2011_N213_20260915163035.csv,TIME_MACHINE
2013,범위확인필요,실화및업무상실화죄,275.0,187.0,,2011-2022,132_DT_13204_2011_N213_20260915163035.csv,TIME_MACHINE
2013,범위확인필요,아동·청소년의성보호에관한법률위반(강요행위등),10.0,8.0,,2011-2022,132_DT_13204_2011_N213_20260915163035.csv,TIME_MACHINE
2013,범위확인필요,아동·청소년의성보호에관한법률위반(기타),203.0,190.0,,2011-2022,132_DT_13204_2011_N213_20260915163035.csv,TIME_MACHINE
2013,범위확인필요,아동·청소년의성보호에관한법률위반(매매),1.0,1.0,,2011-2022,132_DT_13204_2011_N213_20260915163035.csv,TIME_MACHINE
2013,범위확인필요,아동·청소년의성보호에관한법률위반(성매수등),43.0,31.0,,2011-2022,132_DT_13204_2011_N213_20260915163035.csv,TIME_MACHINE
2013,범위확인필요,아동·청소년의성보호에관한법률위반(아동·청소년성착취물소지·제작·배포등),325.0,143.0,,2011-2022,132_DT_13204_2011_N213_20260915163035.csv,TIME_MACHINE
2013,범위확인필요,아동·청소년의성보호에관한법률위반(알선영업행위등),7.0,7.0,,2011-2022,132_DT_13204_2011_N213_20260915163035.csv,TIME_MACHINE
2013,범위확인필요,아동복지법,62.0,56.0,,2011-2022,132_DT_13204_2011_N213_20260915163035.csv,TIME_MACHINE
2013,범위확인필요,안보범죄,56.0,38.0,,2011-2022,132_DT_13204_2011_N213_20260915163035.csv,TIME_MACHINE
2013,범위확인필요,액화석유가스의안전및사업관리법,8.0,8.0,,2011-2022,132_DT_13204_2011_N213_20260915163035.csv,TIME_MACHINE
2013,범위확인필요,야간주거침입절도,857.0,469.0,,2011-2022,132_DT_13204_2011_N213_20260915163035.csv,TIME_MACHINE
2013,범위확인필요,야생동·식물보호법,100.0,1.0,,2011-2022,132_DT_13204_2011_N213_20260915163035.csv,TIME_MACHINE
2013,범위확인필요,약사법,489.0,482.0,,2011-2022,132_DT_13204_2011_N213_20260915163035.csv,TIME_MACHINE
2013,범위확인필요,약취·유인,40.0,34.0,,2011-2022,132_DT_13204_2011_N213_20260915163035.csv,TIME_MACHINE
2013,범위확인필요,약취·유인(미성년자),23.0,21.0,,2011-2022,132_DT_13204_2011_N213_20260915163035.csv,TIME_MACHINE
2013,범위확인필요,약취·유인(추행·간음·결혼·영리),9.0,6.0,,2011-2022,132_DT_13204_2011_N213_20260915163035.csv,TIME_MACHINE
2013,범위확인필요,양곡관리법,3.0,5.0,,2011-2022,132_DT_13204_2011_N213_20260915163035.csv,TIME_MACHINE
2013,범위확인필요,업무상배임,588.0,482.0,,2011-2022,132_DT_13204_2011_N213_20260915163035.csv,TIME_MACHINE
2013,범위확인필요,업무상위력등에의한추행,57.0,53.0,,2011-2022,132_DT_13204_2011_N213_20260915163035.csv,TIME_MACHINE
2013,범위확인필요,업무상위력에의한간음,5.0,5.0,,2011-2022,132_DT_13204_2011_N213_20260915163035.csv,TIME_MACHINE
2013,범위확인필요,업무상횡령,1772.0,1385.0,,2011-2022,132_DT_13204_2011_N213_20260915163035.csv,TIME_MACHINE
2013,범위확인필요,여객자동차운수사업법,361.0,329.0,,2011-2022,132_DT_13204_2011_N213_20260915163035.csv,TIME_MACHINE
2013,범위확인필요,여권법,12.0,12.0,,2011-2022,132_DT_13204_2011_N213_20260915163035.csv,TIME_MACHINE
2013,범위확인필요,여신전문금융업법위반,1313.0,504.0,,2011-2022,132_DT_13204_2011_N213_20260915163035.csv,TIME_MACHINE
2013,범위확인필요,영아살해,1.0,1.0,,2011-2022,132_DT_13204_2011_N213_20260915163035.csv,TIME_MACHINE
2013,범위확인필요,영화및비디오물의진흥에관한법률,12.0,12.0,,2011-2022,132_DT_13204_2011_N213_20260915163035.csv,TIME_MACHINE
2013,범위확인필요,예비군법위반,4155.0,3457.0,,2011-2022,132_DT_13204_2011_N213_20260915163035.csv,TIME_MACHINE
2013,범위확인필요,옥외광고물법위반,312.0,192.0,,2011-2022,132_DT_13204_2011_N213_20260915163035.csv,TIME_MACHINE
2013,범위확인필요,외국환거래법,52.0,58.0,,2011-2022,132_DT_13204_2011_N213_20260915163035.csv,TIME_MACHINE
2013,범위확인필요,위계·위력·촉탁·승낙살인,100.0,1.0,,2011-2022,132_DT_13204_2011_N213_20260915163035.csv,TIME_MACHINE
2013,범위확인필요,위증죄,647.0,461.0,,2011-2022,132_DT_13204_2011_N213_20260915163035.csv,TIME_MACHINE
2013,범위확인필요,위치정보의보호및이용등에관한법률,11.0,10.0,,2011-2022,132_DT_13204_2011_N213_20260915163035.csv,TIME_MACHINE
2013,범위확인필요,유가증권위조·변조,175.0,112.0,,2011-2022,132_DT_13204_2011_N213_20260915163035.csv,TIME_MACHINE
2013,범위확인필요,유가증권인지,175.0,112.0,,2011-2022,132_DT_13204_2011_N213_20260915163035.csv,TIME_MACHINE
2013,범위확인필요,유기와학대의죄,180.0,41.0,,2011-2022,132_DT_13204_2011_N213_20260915163035.csv,TIME_MACHINE
2013,범위확인필요,유사강간,25.0,22.0,,2011-2022,132_DT_13204_2011_N213_20260915163035.csv,TIME_MACHINE
2013,범위확인필요,유사성행위,7.0,8.0,,2011-2022,132_DT_13204_2011_N213_20260915163035.csv,TIME_MACHINE
2013,범위확인필요,유사수신행위의규제에관한법률,146.0,94.0,,2011-2022,132_DT_13204_2011_N213_20260915163035.csv,TIME_MACHINE
2013,범위확인필요,유선및도선사업법,2.0,2.0,,2011-2022,132_DT_13204_2011_N213_20260915163035.csv,TIME_MACHINE
2013,범위확인필요,음반·비디오물및게임물에관한법률,1.0,1.0,,2011-2022,132_DT_13204_2011_N213_20260915163035.csv,TIME_MACHINE
2013,범위확인필요,음악산업진흥에관한법률,1418.0,1410.0,,2011-2022,132_DT_13204_2011_N213_20260915163035.csv,TIME_MACHINE
2013,범위확인필요,음용수에관한죄,2.0,2.0,,2011-2022,132_DT_13204_2011_N213_20260915163035.csv,TIME_MACHINE
2013,범위확인필요,"음화등반포(판매,임대,전시,제조)",2.0,2.0,,2011-2022,132_DT_13204_2011_N213_20260915163035.csv,TIME_MACHINE
2013,범위확인필요,의료법,664.0,644.0,,2011-2022,132_DT_13204_2011_N213_20260915163035.csv,TIME_MACHINE
2013,범위확인필요,인질강도,11.0,10.0,,2011-2022,132_DT_13204_2011_N213_20260915163035.csv,TIME_MACHINE
2013,범위확인필요,일반건조물등방화,98.0,60.0,,2011-2022,132_DT_13204_2011_N213_20260915163035.csv,TIME_MACHINE
2013,범위확인필요,일수와수리에관한죄,1.0,,,2011-2022,132_DT_13204_2011_N213_20260915163035.csv,TIME_MACHINE
2013,범위확인필요,자기소유건조물등방화,2.0,2.0,,2011-2022,132_DT_13204_2011_N213_20260915163035.csv,TIME_MACHINE
2013,범위확인필요,자동차관리법,2916.0,2751.0,,2011-2022,132_DT_13204_2011_N213_20260915163035.csv,TIME_MACHINE
2013,범위확인필요,자동차방화,14.0,10.0,,2011-2022,132_DT_13204_2011_N213_20260915163035.csv,TIME_MACHINE
2013,범위확인필요,자동차손해배상보장법,755.0,732.0,,2011-2022,132_DT_13204_2011_N213_20260915163035.csv,TIME_MACHINE
2013,범위확인필요,자살교사·방조,1.0,1.0,,2011-2022,132_DT_13204_2011_N213_20260915163035.csv,TIME_MACHINE
2013,범위확인필요,자연공원법,3.0,4.0,,2011-2022,132_DT_13204_2011_N213_20260915163035.csv,TIME_MACHINE
2013,범위확인필요,장물에관한죄,763.0,623.0,,2011-2022,132_DT_13204_2011_N213_20260915163035.csv,TIME_MACHINE
2013,범위확인필요,장사등에관한법률,3.0,9.0,,2011-2022,132_DT_13204_2011_N213_20260915163035.csv,TIME_MACHINE
2013,범위확인필요,장애인에대한강간·간음,48.0,47.0,,2011-2022,132_DT_13204_2011_N213_20260915163035.csv,TIME_MACHINE
2013,범위확인필요,장애인에대한강제추행·추행,36.0,30.0,,2011-2022,132_DT_13204_2011_N213_20260915163035.csv,TIME_MACHINE
2013,범위확인필요,장애인에대한준강간등,9.0,9.0,,2011-2022,132_DT_13204_2011_N213_20260915163035.csv,TIME_MACHINE
2013,범위확인필요,재난및안전관리기본법,1.0,1.0,,2011-2022,132_DT_13204_2011_N213_20260915163035.csv,TIME_MACHINE
2013,범위확인필요,저작권법,7943.0,3048.0,,2011-2022,132_DT_13204_2011_N213_20260915163035.csv,TIME_MACHINE
2013,범위확인필요,전기통신기본법,16.0,13.0,,2011-2022,132_DT_13204_2011_N213_20260915163035.csv,TIME_MACHINE
2013,범위확인필요,전자금융거래법위반,1041.0,849.0,,2011-2022,132_DT_13204_2011_N213_20260915163035.csv,TIME_MACHINE
2013,범위확인필요,전파법,4.0,3.0,,2011-2022,132_DT_13204_2011_N213_20260915163035.csv,TIME_MACHINE
2013,범위확인필요,절도,55613.0,15093.0,,2011-2022,132_DT_13204_2011_N213_20260915163035.csv,TIME_MACHINE
2013,범위확인필요,절도(상습),52.0,53.0,,2011-2022,132_DT_13204_2011_N213_20260915163035.csv,TIME_MACHINE
2013,범위확인필요,절도강간등,3.0,6.0,,2011-2022,132_DT_13204_2011_N213_20260915163035.csv,TIME_MACHINE
2013,범위확인필요,절도범죄,61585.0,20022.0,,2011-2022,132_DT_13204_2011_N213_20260915163035.csv,TIME_MACHINE
2013,범위확인필요,점유이탈물등횡령,3172.0,1360.0,,2011-2022,132_DT_13204_2011_N213_20260915163035.csv,TIME_MACHINE
2013,범위확인필요,정보통신망이용촉진및정보보호등에관한법률,2285.0,1499.0,,2011-2022,132_DT_13204_2011_N213_20260915163035.csv,TIME_MACHINE
2013,범위확인필요,정보통신망이용촉진및정보보호등에관한법률(음란물유포),1087.0,813.0,,2011-2022,132_DT_13204_2011_N213_20260915163035.csv,TIME_MACHINE
2013,범위확인필요,조세범처벌법,957.0,791.0,,2011-2022,132_DT_13204_2011_N213_20260915163035.csv,TIME_MACHINE
2013,범위확인필요,존속살해,4.0,4.0,,2011-2022,132_DT_13204_2011_N213_20260915163035.csv,TIME_MACHINE
2013,범위확인필요,존속상해,54.0,52.0,,2011-2022,132_DT_13204_2011_N213_20260915163035.csv,TIME_MACHINE
2013,범위확인필요,존속체포·감금,2.0,2.0,,2011-2022,132_DT_13204_2011_N213_20260915163035.csv,TIME_MACHINE
2013,범위확인필요,존속폭행,158.0,155.0,,2011-2022,132_DT_13204_2011_N213_20260915163035.csv,TIME_MACHINE
2013,범위확인필요,존속폭행치사,2.0,2.0,,2011-2022,132_DT_13204_2011_N213_20260915163035.csv,TIME_MACHINE
2013,범위확인필요,존속폭행치상,1.0,1.0,,2011-2022,132_DT_13204_2011_N213_20260915163035.csv,TIME_MACHINE
2013,범위확인필요,존속협박,10.0,10.0,,2011-2022,132_DT_13204_2011_N213_20260915163035.csv,TIME_MACHINE
2013,범위확인필요,주거침입강간등,60.0,50.0,,2011-2022,132_DT_13204_2011_N213_20260915163035.csv,TIME_MACHINE
2013,범위확인필요,주거침입의죄,1804.0,1528.0,,2011-2022,132_DT_13204_2011_N213_20260915163035.csv,TIME_MACHINE
2013,범위확인필요,주민등록법,784.0,366.0,,2011-2022,132_DT_13204_2011_N213_20260915163035.csv,TIME_MACHINE
2013,범위확인필요,주차장법,125.0,115.0,,2011-2022,132_DT_13204_2011_N213_20260915163035.csv,TIME_MACHINE
2013,범위확인필요,주택건설촉진법,1.0,1.0,,2011-2022,132_DT_13204_2011_N213_20260915163035.csv,TIME_MACHINE
2013,범위확인필요,준강간,279.0,254.0,,2011-2022,132_DT_13204_2011_N213_20260915163035.csv,TIME_MACHINE
2013,범위확인필요,준강간(상습),1.0,1.0,,2011-2022,132_DT_13204_2011_N213_20260915163035.csv,TIME_MACHINE
2013,범위확인필요,준강도,31.0,28.0,,2011-2022,132_DT_13204_2011_N213_20260915163035.csv,TIME_MACHINE
2013,범위확인필요,준강제추행,112.0,99.0,,2011-2022,132_DT_13204_2011_N213_20260915163035.csv,TIME_MACHINE
2013,범위확인필요,준사기,6.0,6.0,,2011-2022,132_DT_13204_2011_N213_20260915163035.csv,TIME_MACHINE
2013,범위확인필요,준유사강간,2.0,1.0,,2011-2022,132_DT_13204_2011_N213_20260915163035.csv,TIME_MACHINE
2013,범위확인필요,준특수강도,1.0,1.0,,2011-2022,132_DT_13204_2011_N213_20260915163035.csv,TIME_MACHINE
2013,범위확인필요,증수뢰,51.0,38.0,,2011-2022,132_DT_13204_2011_N213_20260915163035.csv,TIME_MACHINE
2013,범위확인필요,지능범죄,76543.0,43018.0,,2011-2022,132_DT_13204_2011_N213_20260915163035.csv,TIME_MACHINE
2013,범위확인필요,지방세법,32.0,15.0,,2011-2022,132_DT_13204_2011_N213_20260915163035.csv,TIME_MACHINE
2013,범위확인필요,직권남용,93.0,69.0,,2011-2022,132_DT_13204_2011_N213_20260915163035.csv,TIME_MACHINE
2013,범위확인필요,직권남용(권리행사방해·체포·감금),60.0,43.0,,2011-2022,132_DT_13204_2011_N213_20260915163035.csv,TIME_MACHINE
2013,범위확인필요,직무유기,127.0,72.0,,2011-2022,132_DT_13204_2011_N213_20260915163035.csv,TIME_MACHINE
2013,범위확인필요,직무유기·수행거부,127.0,72.0,,2011-2022,132_DT_13204_2011_N213_20260915163035.csv,TIME_MACHINE
2013,범위확인필요,직업안정법,158.0,150.0,,2011-2022,132_DT_13204_2011_N213_20260915163035.csv,TIME_MACHINE
2013,범위확인필요,집회및시위에관한법률,240.0,238.0,,2011-2022,132_DT_13204_2011_N213_20260915163035.csv,TIME_MACHINE
2013,범위확인필요,채무자회생및파산에관한법률위반,34.0,27.0,,2011-2022,132_DT_13204_2011_N213_20260915163035.csv,TIME_MACHINE
2013,범위확인필요,철도안전법,24.0,22.0,,2011-2022,132_DT_13204_2011_N213_20260915163035.csv,TIME_MACHINE
2013,범위확인필요,청소년보호법,2165.0,2127.0,,2011-2022,132_DT_13204_2011_N213_20260915163035.csv,TIME_MACHINE
2013,범위확인필요,청소년에대한강간·간음,97.0,95.0,,2011-2022,132_DT_13204_2011_N213_20260915163035.csv,TIME_MACHINE
2013,범위확인필요,청소년에대한강간등,95.0,86.0,,2011-2022,132_DT_13204_2011_N213_20260915163035.csv,TIME_MACHINE
2013,범위확인필요,청소년에대한강제추행·추행,296.0,249.0,,2011-2022,132_DT_13204_2011_N213_20260915163035.csv,TIME_MACHINE
2013,범위확인필요,체포·감금,140.0,120.0,,2011-2022,132_DT_13204_2011_N213_20260915163035.csv,TIME_MACHINE
2013,범위확인필요,체포·감금(중),3.0,3.0,,2011-2022,132_DT_13204_2011_N213_20260915163035.csv,TIME_MACHINE
2013,범위확인필요,체포·감금(특수),4.0,2.0,,2011-2022,132_DT_13204_2011_N213_20260915163035.csv,TIME_MACHINE
2013,범위확인필요,체포·감금치사상(중·특수·상습),5.0,5.0,,2011-2022,132_DT_13204_2011_N213_20260915163035.csv,TIME_MACHINE
2013,범위확인필요,총계,368583.0,265023.0,,2011-2022,132_DT_13204_2011_N213_20260915163035.csv,TIME_MACHINE
2013,범위확인필요,총포·도검·화약류등의안전관리에관한법률,32.0,38.0,,2011-2022,132_DT_13204_2011_N213_20260915163035.csv,TIME_MACHINE
2013,범위확인필요,축산물위생관리법,146.0,197.0,,2011-2022,132_DT_13204_2011_N213_20260915163035.csv,TIME_MACHINE
2013,범위확인필요,출입국관리법,141.0,139.0,,2011-2022,132_DT_13204_2011_N213_20260915163035.csv,TIME_MACHINE
2013,범위확인필요,친족관계에의한강간,26.0,27.0,,2011-2022,132_DT_13204_2011_N213_20260915163035.csv,TIME_MACHINE
2013,범위확인필요,친족관계에의한강제추행,39.0,39.0,,2011-2022,132_DT_13204_2011_N213_20260915163035.csv,TIME_MACHINE
2013,범위확인필요,컴퓨터등사용사기,4865.0,698.0,,2011-2022,132_DT_13204_2011_N213_20260915163035.csv,TIME_MACHINE
2013,범위확인필요,컴퓨터프로그램보호법,1.0,,,2011-2022,132_DT_13204_2011_N213_20260915163035.csv,TIME_MACHINE
2013,범위확인필요,토양환경보전법,1.0,1.0,,2011-2022,132_DT_13204_2011_N213_20260915163035.csv,TIME_MACHINE
2013,범위확인필요,통신비밀보호법,28.0,27.0,,2011-2022,132_DT_13204_2011_N213_20260915163035.csv,TIME_MACHINE
2013,범위확인필요,통화,1786.0,27.0,,2011-2022,132_DT_13204_2011_N213_20260915163035.csv,TIME_MACHINE
2013,범위확인필요,통화위조·변조,922.0,12.0,,2011-2022,132_DT_13204_2011_N213_20260915163035.csv,TIME_MACHINE
2013,범위확인필요,특가법(강도),1.0,2.0,,2011-2022,132_DT_13204_2011_N213_20260915163035.csv,TIME_MACHINE
2013,범위확인필요,특가법(국고손실),1.0,1.0,,2011-2022,132_DT_13204_2011_N213_20260915163035.csv,TIME_MACHINE
2013,범위확인필요,특가법(뇌물),8.0,6.0,,2011-2022,132_DT_13204_2011_N213_20260915163035.csv,TIME_MACHINE
2013,범위확인필요,특가법(도주차량),1513.0,1307.0,,2011-2022,132_DT_13204_2011_N213_20260915163035.csv,TIME_MACHINE
2013,범위확인필요,특가법(보복범죄등),45.0,44.0,,2011-2022,132_DT_13204_2011_N213_20260915163035.csv,TIME_MACHINE
2013,범위확인필요,특가법(알선수재),1.0,1.0,,2011-2022,132_DT_13204_2011_N213_20260915163035.csv,TIME_MACHINE
2013,범위확인필요,특가법(영리약취·유인·매매),7.0,6.0,,2011-2022,132_DT_13204_2011_N213_20260915163035.csv,TIME_MACHINE
2013,범위확인필요,특가법(운전자폭행등),1168.0,1161.0,,2011-2022,132_DT_13204_2011_N213_20260915163035.csv,TIME_MACHINE
2013,범위확인필요,특가법(위험운전치사상),1720.0,1713.0,,2011-2022,132_DT_13204_2011_N213_20260915163035.csv,TIME_MACHINE
2013,범위확인필요,특가법(장물),26.0,22.0,,2011-2022,132_DT_13204_2011_N213_20260915163035.csv,TIME_MACHINE
2013,범위확인필요,특가법(절도),1622.0,1632.0,,2011-2022,132_DT_13204_2011_N213_20260915163035.csv,TIME_MACHINE
2013,범위확인필요,특가법(조세),72.0,57.0,,2011-2022,132_DT_13204_2011_N213_20260915163035.csv,TIME_MACHINE
2013,범위확인필요,"특가법(체포·감금,독직폭행·가혹행위)",3.0,3.0,,2011-2022,132_DT_13204_2011_N213_20260915163035.csv,TIME_MACHINE
2013,범위확인필요,특가법(통화위조),780.0,9.0,,2011-2022,132_DT_13204_2011_N213_20260915163035.csv,TIME_MACHINE
2013,범위확인필요,특경법(공갈),9.0,6.0,,2011-2022,132_DT_13204_2011_N213_20260915163035.csv,TIME_MACHINE
2013,범위확인필요,특경법(배임),151.0,123.0,,2011-2022,132_DT_13204_2011_N213_20260915163035.csv,TIME_MACHINE
2013,범위확인필요,특경법(사금융알선등),9.0,7.0,,2011-2022,132_DT_13204_2011_N213_20260915163035.csv,TIME_MACHINE
2013,범위확인필요,특경법(사기),879.0,630.0,,2011-2022,132_DT_13204_2011_N213_20260915163035.csv,TIME_MACHINE
2013,범위확인필요,특경법(수재등),8.0,4.0,,2011-2022,132_DT_13204_2011_N213_20260915163035.csv,TIME_MACHINE
2013,범위확인필요,특경법(알선수재),9.0,6.0,,2011-2022,132_DT_13204_2011_N213_20260915163035.csv,TIME_MACHINE
2013,범위확인필요,특경법(재산국외도피),3.0,1.0,,2011-2022,132_DT_13204_2011_N213_20260915163035.csv,TIME_MACHINE
2013,범위확인필요,특경법(증재등),1.0,1.0,,2011-2022,132_DT_13204_2011_N213_20260915163035.csv,TIME_MACHINE
2013,범위확인필요,특경법(횡령),261.0,199.0,,2011-2022,132_DT_13204_2011_N213_20260915163035.csv,TIME_MACHINE
2013,범위확인필요,특별경제범죄,19696.0,12358.0,,2011-2022,132_DT_13204_2011_N213_20260915163035.csv,TIME_MACHINE
2013,범위확인필요,특수강간(준),81.0,81.0,,2011-2022,132_DT_13204_2011_N213_20260915163035.csv,TIME_MACHINE
2013,범위확인필요,특수강도,142.0,119.0,,2011-2022,132_DT_13204_2011_N213_20260915163035.csv,TIME_MACHINE
2013,범위확인필요,특수강도강간등,33.0,31.0,,2011-2022,132_DT_13204_2011_N213_20260915163035.csv,TIME_MACHINE
2013,범위확인필요,특수강제추행(준),15.0,8.0,,2011-2022,132_DT_13204_2011_N213_20260915163035.csv,TIME_MACHINE
2013,범위확인필요,특수절도,3418.0,2757.0,,2011-2022,132_DT_13204_2011_N213_20260915163035.csv,TIME_MACHINE
2013,범위확인필요,특수절도(상습),100.0,1.0,,2011-2022,132_DT_13204_2011_N213_20260915163035.csv,TIME_MACHINE
2013,범위확인필요,특수폭행,23.0,17.0,,2011-2022,132_DT_13204_2011_N213_20260915163035.csv,TIME_MACHINE
2013,범위확인필요,특수폭행치사,1.0,1.0,,2011-2022,132_DT_13204_2011_N213_20260915163035.csv,TIME_MACHINE
2013,범위확인필요,특수폭행치상,2.0,2.0,,2011-2022,132_DT_13204_2011_N213_20260915163035.csv,TIME_MACHINE
2013,범위확인필요,특허법,65.0,46.0,,2011-2022,132_DT_13204_2011_N213_20260915163035.csv,TIME_MACHINE
2013,범위확인필요,편의시설부정이용,5.0,5.0,,2011-2022,132_DT_13204_2011_N213_20260915163035.csv,TIME_MACHINE
2013,범위확인필요,폐기물관리법,16.0,22.0,,2011-2022,132_DT_13204_2011_N213_20260915163035.csv,TIME_MACHINE
2013,범위확인필요,폭력범죄,65457.0,54310.0,,2011-2022,132_DT_13204_2011_N213_20260915163035.csv,TIME_MACHINE
2013,범위확인필요,폭력행위등,7909.0,6923.0,,2011-2022,132_DT_13204_2011_N213_20260915163035.csv,TIME_MACHINE
2013,범위확인필요,폭력행위등처벌에관한법률위반(공동),4804.0,3954.0,,2011-2022,132_DT_13204_2011_N213_20260915163035.csv,TIME_MACHINE
2013,범위확인필요,폭력행위등처벌에관한법률위반(기타),9.0,8.0,,2011-2022,132_DT_13204_2011_N213_20260915163035.csv,TIME_MACHINE
2013,범위확인필요,폭력행위등처벌에관한법률위반(단체등의[상습·공동·집단흉기등·상습집단흉기등]),262.0,241.0,,2011-2022,132_DT_13204_2011_N213_20260915163035.csv,TIME_MACHINE
2013,범위확인필요,폭력행위등처벌에관한법률위반(단체등의구성·활동),2.0,3.0,,2011-2022,132_DT_13204_2011_N213_20260915163035.csv,TIME_MACHINE
2013,범위확인필요,폭력행위등처벌에관한법률위반(상습),103.0,104.0,,2011-2022,132_DT_13204_2011_N213_20260915163035.csv,TIME_MACHINE
2013,범위확인필요,"폭력행위등처벌에관한법률위반(상습집단,흉기등)",86.0,79.0,,2011-2022,132_DT_13204_2011_N213_20260915163035.csv,TIME_MACHINE
2013,범위확인필요,폭력행위등처벌에관한법률위반(야간·공동),2.0,2.0,,2011-2022,132_DT_13204_2011_N213_20260915163035.csv,TIME_MACHINE
2013,범위확인필요,폭력행위등처벌에관한법률위반(야간집단흉기등),100.0,1.0,,2011-2022,132_DT_13204_2011_N213_20260915163035.csv,TIME_MACHINE
2013,범위확인필요,폭력행위등처벌에관한법률위반(우범자),41.0,41.0,,2011-2022,132_DT_13204_2011_N213_20260915163035.csv,TIME_MACHINE
2013,범위확인필요,"폭력행위등처벌에관한법률위반(집단,흉기등)",2609.0,2498.0,,2011-2022,132_DT_13204_2011_N213_20260915163035.csv,TIME_MACHINE
2013,범위확인필요,폭발성물건파열(치사·상),3.0,3.0,,2011-2022,132_DT_13204_2011_N213_20260915163035.csv,TIME_MACHINE
2013,범위확인필요,폭행,35003.0,32201.0,,2011-2022,132_DT_13204_2011_N213_20260915163035.csv,TIME_MACHINE
2013,범위확인필요,폭행(상습),2.0,2.0,,2011-2022,132_DT_13204_2011_N213_20260915163035.csv,TIME_MACHINE
2013,범위확인필요,폭행치사,24.0,24.0,,2011-2022,132_DT_13204_2011_N213_20260915163035.csv,TIME_MACHINE
2013,범위확인필요,폭행치상,253.0,239.0,,2011-2022,132_DT_13204_2011_N213_20260915163035.csv,TIME_MACHINE
2013,범위확인필요,풍속범죄,5211.0,4188.0,,2011-2022,132_DT_13204_2011_N213_20260915163035.csv,TIME_MACHINE
2013,범위확인필요,풍속영업의규제에관한법률,158.0,157.0,,2011-2022,132_DT_13204_2011_N213_20260915163035.csv,TIME_MACHINE
2013,범위확인필요,피의사실공표,1.0,,,2011-2022,132_DT_13204_2011_N213_20260915163035.csv,TIME_MACHINE
2013,범위확인필요,하수도법,3.0,3.0,,2011-2022,132_DT_13204_2011_N213_20260915163035.csv,TIME_MACHINE
2013,범위확인필요,하천법,1.0,3.0,,2011-2022,132_DT_13204_2011_N213_20260915163035.csv,TIME_MACHINE
2013,범위확인필요,학원의설립·운영및과외교섭에관한법률,105.0,107.0,,2011-2022,132_DT_13204_2011_N213_20260915163035.csv,TIME_MACHINE
2013,범위확인필요,"허위감정,증거인멸·은닉,증인은닉죄",21.0,16.0,,2011-2022,132_DT_13204_2011_N213_20260915163035.csv,TIME_MACHINE
2013,범위확인필요,현주·공용건조물등방화,174.0,157.0,,2011-2022,132_DT_13204_2011_N213_20260915163035.csv,TIME_MACHINE
2013,범위확인필요,현주건조물등방화치사,1.0,3.0,,2011-2022,132_DT_13204_2011_N213_20260915163035.csv,TIME_MACHINE
2013,범위확인필요,현주건조물등방화치상,4.0,2.0,,2011-2022,132_DT_13204_2011_N213_20260915163035.csv,TIME_MACHINE
2013,범위확인필요,협박,1037.0,864.0,,2011-2022,132_DT_13204_2011_N213_20260915163035.csv,TIME_MACHINE
2013,범위확인필요,협박(상습),2.0,2.0,,2011-2022,132_DT_13204_2011_N213_20260915163035.csv,TIME_MACHINE
2013,범위확인필요,협박(특수),9.0,9.0,,2011-2022,132_DT_13204_2011_N213_20260915163035.csv,TIME_MACHINE
2013,범위확인필요,형의실효등에관한법률,1.0,1.0,,2011-2022,132_DT_13204_2011_N213_20260915163035.csv,TIME_MACHINE
2013,범위확인필요,혼인빙자간음,100.0,1.0,,2011-2022,132_DT_13204_2011_N213_20260915163035.csv,TIME_MACHINE
2013,범위확인필요,혼인빙자간음(위계간음),1.0,1.0,,2011-2022,132_DT_13204_2011_N213_20260915163035.csv,TIME_MACHINE
2013,범위확인필요,화물자동차운수사업법,618.0,590.0,,2011-2022,132_DT_13204_2011_N213_20260915163035.csv,TIME_MACHINE
2013,범위확인필요,환경범죄,45.0,48.0,,2011-2022,132_DT_13204_2011_N213_20260915163035.csv,TIME_MACHINE
2013,범위확인필요,횡령,8524.0,5278.0,,2011-2022,132_DT_13204_2011_N213_20260915163035.csv,TIME_MACHINE
2014,범위확인필요,13세미만미성년자강간·간음,10.0,10.0,,2011-2022,132_DT_13204_2011_N213_20260915163035.csv,TIME_MACHINE
2014,범위확인필요,13세미만미성년자강간등,15.0,14.0,,2011-2022,132_DT_13204_2011_N213_20260915163035.csv,TIME_MACHINE
2014,범위확인필요,13세미만미성년자강제추행·추행,129.0,109.0,,2011-2022,132_DT_13204_2011_N213_20260915163035.csv,TIME_MACHINE
2014,범위확인필요,가스등공급사용방해(과실),1.0,1.0,,2011-2022,132_DT_13204_2011_N213_20260915163035.csv,TIME_MACHINE
2014,범위확인필요,가스등방출(과실),3.0,3.0,,2011-2022,132_DT_13204_2011_N213_20260915163035.csv,TIME_MACHINE
2014,범위확인필요,가스등방출(치사·상),1.0,1.0,,2011-2022,132_DT_13204_2011_N213_20260915163035.csv,TIME_MACHINE
2014,범위확인필요,가정폭력범죄의처벌등에관한특례법위반,26.0,25.0,,2011-2022,132_DT_13204_2011_N213_20260915163035.csv,TIME_MACHINE
2014,범위확인필요,간통,333.0,277.0,,2011-2022,132_DT_13204_2011_N213_20260915163035.csv,TIME_MACHINE
2014,범위확인필요,강간,1051.0,986.0,,2011-2022,132_DT_13204_2011_N213_20260915163035.csv,TIME_MACHINE
2014,범위확인필요,강간등살인·치사,1.0,1.0,,2011-2022,132_DT_13204_2011_N213_20260915163035.csv,TIME_MACHINE
2014,범위확인필요,강간등상해·치상,36.0,32.0,,2011-2022,132_DT_13204_2011_N213_20260915163035.csv,TIME_MACHINE
2014,범위확인필요,강간상해·치상,80.0,74.0,,2011-2022,132_DT_13204_2011_N213_20260915163035.csv,TIME_MACHINE
2014,범위확인필요,강도,343.0,299.0,,2011-2022,132_DT_13204_2011_N213_20260915163035.csv,TIME_MACHINE
2014,범위확인필요,강도강간,9.0,11.0,,2011-2022,132_DT_13204_2011_N213_20260915163035.csv,TIME_MACHINE
2014,범위확인필요,강도살인·치사,4.0,3.0,,2011-2022,132_DT_13204_2011_N213_20260915163035.csv,TIME_MACHINE
2014,범위확인필요,강도상해·치상,84.0,83.0,,2011-2022,132_DT_13204_2011_N213_20260915163035.csv,TIME_MACHINE
2014,범위확인필요,강력범죄,6276.0,5644.0,,2011-2022,132_DT_13204_2011_N213_20260915163035.csv,TIME_MACHINE
2014,범위확인필요,강제추행,4130.0,3690.0,,2011-2022,132_DT_13204_2011_N213_20260915163035.csv,TIME_MACHINE
2014,범위확인필요,강제추행(상습),2.0,2.0,,2011-2022,132_DT_13204_2011_N213_20260915163035.csv,TIME_MACHINE
2014,범위확인필요,강제추행상해·치상,50.0,49.0,,2011-2022,132_DT_13204_2011_N213_20260915163035.csv,TIME_MACHINE
2014,범위확인필요,개인정보보호법,290.0,235.0,,2011-2022,132_DT_13204_2011_N213_20260915163035.csv,TIME_MACHINE
2014,범위확인필요,건설산업기본법,80.0,72.0,,2011-2022,132_DT_13204_2011_N213_20260915163035.csv,TIME_MACHINE
2014,범위확인필요,건설폐기물의재활용촉진에관한법률,2.0,2.0,,2011-2022,132_DT_13204_2011_N213_20260915163035.csv,TIME_MACHINE
2014,범위확인필요,건축법,267.0,281.0,,2011-2022,132_DT_13204_2011_N213_20260915163035.csv,TIME_MACHINE
2014,범위확인필요,게임산업진흥에관한법률,1247.0,1213.0,,2011-2022,132_DT_13204_2011_N213_20260915163035.csv,TIME_MACHINE
2014,범위확인필요,경범죄처벌법,898.0,855.0,,2011-2022,132_DT_13204_2011_N213_20260915163035.csv,TIME_MACHINE
2014,범위확인필요,고압가스안전관리법,10.0,6.0,,2011-2022,132_DT_13204_2011_N213_20260915163035.csv,TIME_MACHINE
2014,범위확인필요,골재채취법,3.0,3.0,,2011-2022,132_DT_13204_2011_N213_20260915163035.csv,TIME_MACHINE
2014,범위확인필요,공갈,960.0,590.0,,2011-2022,132_DT_13204_2011_N213_20260915163035.csv,TIME_MACHINE
2014,범위확인필요,공갈(상습),6.0,6.0,,2011-2022,132_DT_13204_2011_N213_20260915163035.csv,TIME_MACHINE
2014,범위확인필요,공무방해에관한죄,3549.0,3519.0,,2011-2022,132_DT_13204_2011_N213_20260915163035.csv,TIME_MACHINE
2014,범위확인필요,공무상비밀누설,4.0,3.0,,2011-2022,132_DT_13204_2011_N213_20260915163035.csv,TIME_MACHINE
2014,범위확인필요,공문서위조·변조,613.0,454.0,,2011-2022,132_DT_13204_2011_N213_20260915163035.csv,TIME_MACHINE
2014,범위확인필요,공안을해하는죄,7.0,7.0,,2011-2022,132_DT_13204_2011_N213_20260915163035.csv,TIME_MACHINE
2014,범위확인필요,공연음란,390.0,311.0,,2011-2022,132_DT_13204_2011_N213_20260915163035.csv,TIME_MACHINE
2014,범위확인필요,공인등의위조·부정사용및행사,43.0,39.0,,2011-2022,132_DT_13204_2011_N213_20260915163035.csv,TIME_MACHINE
2014,범위확인필요,공인중개사법,273.0,261.0,,2011-2022,132_DT_13204_2011_N213_20260915163035.csv,TIME_MACHINE
2014,범위확인필요,공전자기록등위작·변작,4.0,1.0,,2011-2022,132_DT_13204_2011_N213_20260915163035.csv,TIME_MACHINE
2014,범위확인필요,공중밀집장소에서의추행,1046.0,965.0,,2011-2022,132_DT_13204_2011_N213_20260915163035.csv,TIME_MACHINE
2014,범위확인필요,공중위생관리법,315.0,302.0,,2011-2022,132_DT_13204_2011_N213_20260915163035.csv,TIME_MACHINE
2014,범위확인필요,공직선거법,237.0,190.0,,2011-2022,132_DT_13204_2011_N213_20260915163035.csv,TIME_MACHINE
2014,범위확인필요,과실치사상의죄,902.0,842.0,,2011-2022,132_DT_13204_2011_N213_20260915163035.csv,TIME_MACHINE
2014,범위확인필요,교통방해의죄,617.0,601.0,,2011-2022,132_DT_13204_2011_N213_20260915163035.csv,TIME_MACHINE
2014,범위확인필요,교통범죄,76492.0,74056.0,,2011-2022,132_DT_13204_2011_N213_20260915163035.csv,TIME_MACHINE
2014,범위확인필요,교통사고,45759.0,42494.0,,2011-2022,132_DT_13204_2011_N213_20260915163035.csv,TIME_MACHINE
2014,범위확인필요,교통사고외,30733.0,31562.0,,2011-2022,132_DT_13204_2011_N213_20260915163035.csv,TIME_MACHINE
2014,범위확인필요,교통사고처리특례법,35837.0,34586.0,,2011-2022,132_DT_13204_2011_N213_20260915163035.csv,TIME_MACHINE
2014,범위확인필요,국가보안법,14.0,16.0,,2011-2022,132_DT_13204_2011_N213_20260915163035.csv,TIME_MACHINE
2014,범위확인필요,국민건강보험법,46.0,21.0,,2011-2022,132_DT_13204_2011_N213_20260915163035.csv,TIME_MACHINE
2014,범위확인필요,국민연금법,3.0,4.0,,2011-2022,132_DT_13204_2011_N213_20260915163035.csv,TIME_MACHINE
2014,범위확인필요,국외이송약취·유인·인신매매,1.0,1.0,,2011-2022,132_DT_13204_2011_N213_20260915163035.csv,TIME_MACHINE
2014,범위확인필요,국토의계획및이용에관한법률,33.0,50.0,,2011-2022,132_DT_13204_2011_N213_20260915163035.csv,TIME_MACHINE
2014,범위확인필요,권리행사를방해하는죄,1151.0,747.0,,2011-2022,132_DT_13204_2011_N213_20260915163035.csv,TIME_MACHINE
2014,범위확인필요,기타,2176.0,1918.0,,2011-2022,132_DT_13204_2011_N213_20260915163035.csv,TIME_MACHINE
2014,범위확인필요,기타 강간·강제추행 등,181.0,186.0,,2011-2022,132_DT_13204_2011_N213_20260915163035.csv,TIME_MACHINE
2014,범위확인필요,기타경제범죄,144.0,126.0,,2011-2022,132_DT_13204_2011_N213_20260915163035.csv,TIME_MACHINE
2014,범위확인필요,기타노동범죄,40.0,34.0,,2011-2022,132_DT_13204_2011_N213_20260915163035.csv,TIME_MACHINE
2014,범위확인필요,기타도박범죄,134.0,123.0,,2011-2022,132_DT_13204_2011_N213_20260915163035.csv,TIME_MACHINE
2014,범위확인필요,기타범죄,38030.0,32654.0,,2011-2022,132_DT_13204_2011_N213_20260915163035.csv,TIME_MACHINE
2014,범위확인필요,기타병역범죄,4.0,,,2011-2022,132_DT_13204_2011_N213_20260915163035.csv,TIME_MACHINE
2014,범위확인필요,기타보건범죄,720.0,704.0,,2011-2022,132_DT_13204_2011_N213_20260915163035.csv,TIME_MACHINE
2014,범위확인필요,기타통화에관한죄,131.0,4.0,,2011-2022,132_DT_13204_2011_N213_20260915163035.csv,TIME_MACHINE
2014,범위확인필요,기타환경범죄,20.0,19.0,,2011-2022,132_DT_13204_2011_N213_20260915163035.csv,TIME_MACHINE
2014,범위확인필요,낙태의죄,4.0,6.0,,2011-2022,132_DT_13204_2011_N213_20260915163035.csv,TIME_MACHINE
2014,범위확인필요,내수면어업법,1.0,,,2011-2022,132_DT_13204_2011_N213_20260915163035.csv,TIME_MACHINE
2014,범위확인필요,노동범죄,147.0,137.0,,2011-2022,132_DT_13204_2011_N213_20260915163035.csv,TIME_MACHINE
2014,범위확인필요,노동조합및노동관계조정법,2.0,2.0,,2011-2022,132_DT_13204_2011_N213_20260915163035.csv,TIME_MACHINE
2014,범위확인필요,농수산물품질관리법,1.0,1.0,,2011-2022,132_DT_13204_2011_N213_20260915163035.csv,TIME_MACHINE
2014,범위확인필요,농지법,6.0,10.0,,2011-2022,132_DT_13204_2011_N213_20260915163035.csv,TIME_MACHINE
2014,범위확인필요,뇌물공여등,10.0,8.0,,2011-2022,132_DT_13204_2011_N213_20260915163035.csv,TIME_MACHINE
2014,범위확인필요,뇌물수수등,37.0,30.0,,2011-2022,132_DT_13204_2011_N213_20260915163035.csv,TIME_MACHINE
2014,범위확인필요,담배사업법,26.0,22.0,,2011-2022,132_DT_13204_2011_N213_20260915163035.csv,TIME_MACHINE
2014,범위확인필요,대기환경보전법,11.0,11.0,,2011-2022,132_DT_13204_2011_N213_20260915163035.csv,TIME_MACHINE
2014,범위확인필요,대부업의등록및금융이용자보호에관한법률,385.0,309.0,,2011-2022,132_DT_13204_2011_N213_20260915163035.csv,TIME_MACHINE
2014,범위확인필요,도로교통법,2753.0,2383.0,,2011-2022,132_DT_13204_2011_N213_20260915163035.csv,TIME_MACHINE
2014,범위확인필요,도로교통법(공동위험행위),15.0,18.0,,2011-2022,132_DT_13204_2011_N213_20260915163035.csv,TIME_MACHINE
2014,범위확인필요,도로교통법(무면허운전),6607.0,6448.0,,2011-2022,132_DT_13204_2011_N213_20260915163035.csv,TIME_MACHINE
2014,범위확인필요,도로교통법(사고후미조치),4066.0,2599.0,,2011-2022,132_DT_13204_2011_N213_20260915163035.csv,TIME_MACHINE
2014,범위확인필요,도로교통법(음주운전),23100.0,24097.0,,2011-2022,132_DT_13204_2011_N213_20260915163035.csv,TIME_MACHINE
2014,범위확인필요,도로교통법(음주측정거부),246.0,245.0,,2011-2022,132_DT_13204_2011_N213_20260915163035.csv,TIME_MACHINE
2014,범위확인필요,도로법,148.0,153.0,,2011-2022,132_DT_13204_2011_N213_20260915163035.csv,TIME_MACHINE
2014,범위확인필요,도박,969.0,798.0,,2011-2022,132_DT_13204_2011_N213_20260915163035.csv,TIME_MACHINE
2014,범위확인필요,도박(상습),57.0,13.0,,2011-2022,132_DT_13204_2011_N213_20260915163035.csv,TIME_MACHINE
2014,범위확인필요,도박개장,122.0,104.0,,2011-2022,132_DT_13204_2011_N213_20260915163035.csv,TIME_MACHINE
2014,범위확인필요,도박범죄,1283.0,1039.0,,2011-2022,132_DT_13204_2011_N213_20260915163035.csv,TIME_MACHINE
2014,범위확인필요,도시가스사업법,6.0,6.0,,2011-2022,132_DT_13204_2011_N213_20260915163035.csv,TIME_MACHINE
2014,범위확인필요,도시공원및녹지등에관한법률,14.0,15.0,,2011-2022,132_DT_13204_2011_N213_20260915163035.csv,TIME_MACHINE
2014,범위확인필요,독점규제및공정거래에관한법률,3.0,2.0,,2011-2022,132_DT_13204_2011_N213_20260915163035.csv,TIME_MACHINE
2014,범위확인필요,독직폭행·가혹행위,22.0,20.0,,2011-2022,132_DT_13204_2011_N213_20260915163035.csv,TIME_MACHINE
2014,범위확인필요,디자인보호법,137.0,93.0,,2011-2022,132_DT_13204_2011_N213_20260915163035.csv,TIME_MACHINE
2014,범위확인필요,마약류관리에관한법률(대마),162.0,151.0,,2011-2022,132_DT_13204_2011_N213_20260915163035.csv,TIME_MACHINE
2014,범위확인필요,마약류관리에관한법률(마약),54.0,46.0,,2011-2022,132_DT_13204_2011_N213_20260915163035.csv,TIME_MACHINE
2014,범위확인필요,마약류관리에관한법률(향정),868.0,637.0,,2011-2022,132_DT_13204_2011_N213_20260915163035.csv,TIME_MACHINE
2014,범위확인필요,마약류불법거래방지에관한특례법,9.0,1.0,,2011-2022,132_DT_13204_2011_N213_20260915163035.csv,TIME_MACHINE
2014,범위확인필요,마약범죄,1093.0,835.0,,2011-2022,132_DT_13204_2011_N213_20260915163035.csv,TIME_MACHINE
2014,범위확인필요,명예에관한죄,7277.0,5719.0,,2011-2022,132_DT_13204_2011_N213_20260915163035.csv,TIME_MACHINE
2014,범위확인필요,무고의죄,973.0,729.0,,2011-2022,132_DT_13204_2011_N213_20260915163035.csv,TIME_MACHINE
2014,범위확인필요,문서·인장,3338.0,2390.0,,2011-2022,132_DT_13204_2011_N213_20260915163035.csv,TIME_MACHINE
2014,범위확인필요,문화재보호법,31.0,34.0,,2011-2022,132_DT_13204_2011_N213_20260915163035.csv,TIME_MACHINE
2014,범위확인필요,미성년자간음(심신미약자),2.0,2.0,,2011-2022,132_DT_13204_2011_N213_20260915163035.csv,TIME_MACHINE
2014,범위확인필요,미성년자의제강간,4.0,2.0,,2011-2022,132_DT_13204_2011_N213_20260915163035.csv,TIME_MACHINE
2014,범위확인필요,미성년자의제유사강간,1.0,1.0,,2011-2022,132_DT_13204_2011_N213_20260915163035.csv,TIME_MACHINE
2014,범위확인필요,미성년자추행(심신미약자),1.0,1.0,,2011-2022,132_DT_13204_2011_N213_20260915163035.csv,TIME_MACHINE
2014,범위확인필요,밀항단속법,1.0,15.0,,2011-2022,132_DT_13204_2011_N213_20260915163035.csv,TIME_MACHINE
2014,범위확인필요,방문판매등에관한법률,48.0,45.0,,2011-2022,132_DT_13204_2011_N213_20260915163035.csv,TIME_MACHINE
2014,범위확인필요,방화,314.0,236.0,,2011-2022,132_DT_13204_2011_N213_20260915163035.csv,TIME_MACHINE
2014,범위확인필요,방화연소,9.0,2.0,,2011-2022,132_DT_13204_2011_N213_20260915163035.csv,TIME_MACHINE
2014,범위확인필요,배임,1201.0,1003.0,,2011-2022,132_DT_13204_2011_N213_20260915163035.csv,TIME_MACHINE
2014,범위확인필요,배임수재,36.0,34.0,,2011-2022,132_DT_13204_2011_N213_20260915163035.csv,TIME_MACHINE
2014,범위확인필요,배임증재,9.0,7.0,,2011-2022,132_DT_13204_2011_N213_20260915163035.csv,TIME_MACHINE
2014,범위확인필요,범인은닉·범인도피죄,19.0,14.0,,2011-2022,132_DT_13204_2011_N213_20260915163035.csv,TIME_MACHINE
2014,범위확인필요,변호사법,156.0,118.0,,2011-2022,132_DT_13204_2011_N213_20260915163035.csv,TIME_MACHINE
2014,범위확인필요,병역범죄,5556.0,4973.0,,2011-2022,132_DT_13204_2011_N213_20260915163035.csv,TIME_MACHINE
2014,범위확인필요,병역법,1837.0,1590.0,,2011-2022,132_DT_13204_2011_N213_20260915163035.csv,TIME_MACHINE
2014,범위확인필요,보건범죄,4093.0,4089.0,,2011-2022,132_DT_13204_2011_N213_20260915163035.csv,TIME_MACHINE
2014,범위확인필요,보건범죄특조법(부정식품),2.0,,,2011-2022,132_DT_13204_2011_N213_20260915163035.csv,TIME_MACHINE
2014,범위확인필요,보건범죄특조법(부정의료업자),45.0,41.0,,2011-2022,132_DT_13204_2011_N213_20260915163035.csv,TIME_MACHINE
2014,범위확인필요,보안관찰법,1.0,1.0,,2011-2022,132_DT_13204_2011_N213_20260915163035.csv,TIME_MACHINE
2014,범위확인필요,복표발매(중개·취득),1.0,1.0,,2011-2022,132_DT_13204_2011_N213_20260915163035.csv,TIME_MACHINE
2014,범위확인필요,부당이득,14.0,11.0,,2011-2022,132_DT_13204_2011_N213_20260915163035.csv,TIME_MACHINE
2014,범위확인필요,부정경쟁방지및영업비밀보호에관한법률,171.0,153.0,,2011-2022,132_DT_13204_2011_N213_20260915163035.csv,TIME_MACHINE
2014,범위확인필요,부정수표단속법,1330.0,808.0,,2011-2022,132_DT_13204_2011_N213_20260915163035.csv,TIME_MACHINE
2014,범위확인필요,불법사용,30.0,27.0,,2011-2022,132_DT_13204_2011_N213_20260915163035.csv,TIME_MACHINE
2014,범위확인필요,비밀침해죄,18.0,14.0,,2011-2022,132_DT_13204_2011_N213_20260915163035.csv,TIME_MACHINE
2014,범위확인필요,사기,56294.0,35366.0,,2011-2022,132_DT_13204_2011_N213_20260915163035.csv,TIME_MACHINE
2014,범위확인필요,사기(상습),129.0,131.0,,2011-2022,132_DT_13204_2011_N213_20260915163035.csv,TIME_MACHINE
2014,범위확인필요,사문서위조·변조,2619.0,1853.0,,2011-2022,132_DT_13204_2011_N213_20260915163035.csv,TIME_MACHINE
2014,범위확인필요,사인등의위조·부정사용및행사,33.0,30.0,,2011-2022,132_DT_13204_2011_N213_20260915163035.csv,TIME_MACHINE
2014,범위확인필요,사전자기록등위작·변작,26.0,13.0,,2011-2022,132_DT_13204_2011_N213_20260915163035.csv,TIME_MACHINE
2014,범위확인필요,산림법,1.0,1.0,,2011-2022,132_DT_13204_2011_N213_20260915163035.csv,TIME_MACHINE
2014,범위확인필요,산업안전보건법,4.0,4.0,,2011-2022,132_DT_13204_2011_N213_20260915163035.csv,TIME_MACHINE
2014,범위확인필요,살인,47.0,44.0,,2011-2022,132_DT_13204_2011_N213_20260915163035.csv,TIME_MACHINE
2014,범위확인필요,살인기수,57.0,54.0,,2011-2022,132_DT_13204_2011_N213_20260915163035.csv,TIME_MACHINE
2014,범위확인필요,살인미수등,101.0,98.0,,2011-2022,132_DT_13204_2011_N213_20260915163035.csv,TIME_MACHINE
2014,범위확인필요,상표법,956.0,828.0,,2011-2022,132_DT_13204_2011_N213_20260915163035.csv,TIME_MACHINE
2014,범위확인필요,상해,7990.0,7423.0,,2011-2022,132_DT_13204_2011_N213_20260915163035.csv,TIME_MACHINE
2014,범위확인필요,상해(상습),1.0,1.0,,2011-2022,132_DT_13204_2011_N213_20260915163035.csv,TIME_MACHINE
2014,범위확인필요,상해(중),12.0,9.0,,2011-2022,132_DT_13204_2011_N213_20260915163035.csv,TIME_MACHINE
2014,범위확인필요,상해치사,6.0,5.0,,2011-2022,132_DT_13204_2011_N213_20260915163035.csv,TIME_MACHINE
2014,범위확인필요,생명윤리및안전에관한법률,3.0,2.0,,2011-2022,132_DT_13204_2011_N213_20260915163035.csv,TIME_MACHINE
2014,범위확인필요,석유및석유대체연료사업법,31.0,34.0,,2011-2022,132_DT_13204_2011_N213_20260915163035.csv,TIME_MACHINE
2014,범위확인필요,석유사업법,1.0,1.0,,2011-2022,132_DT_13204_2011_N213_20260915163035.csv,TIME_MACHINE
2014,범위확인필요,선거범죄,239.0,192.0,,2011-2022,132_DT_13204_2011_N213_20260915163035.csv,TIME_MACHINE
2014,범위확인필요,선박직원법,1.0,1.0,,2011-2022,132_DT_13204_2011_N213_20260915163035.csv,TIME_MACHINE
2014,범위확인필요,성매매방지및피해자보호등에관한법률위반,6.0,6.0,,2011-2022,132_DT_13204_2011_N213_20260915163035.csv,TIME_MACHINE
2014,범위확인필요,성매매알선등행위의처벌에관한법률위반(기타),562.0,550.0,,2011-2022,132_DT_13204_2011_N213_20260915163035.csv,TIME_MACHINE
2014,범위확인필요,성매매알선등행위의처벌에관한법률위반(성매매),236.0,231.0,,2011-2022,132_DT_13204_2011_N213_20260915163035.csv,TIME_MACHINE
2014,범위확인필요,성매매알선등행위의처벌에관한법률위반(성매매강요등),2.0,7.0,,2011-2022,132_DT_13204_2011_N213_20260915163035.csv,TIME_MACHINE
2014,범위확인필요,성매매알선등행위의처벌에관한법률위반(성매매광고),12.0,8.0,,2011-2022,132_DT_13204_2011_N213_20260915163035.csv,TIME_MACHINE
2014,범위확인필요,성매매알선등행위의처벌에관한법률위반(성매매알선등),814.0,790.0,,2011-2022,132_DT_13204_2011_N213_20260915163035.csv,TIME_MACHINE
2014,범위확인필요,성매매알선등행위의처벌에관한법률위반(아동·청소년),100.0,1.0,,2011-2022,132_DT_13204_2011_N213_20260915163035.csv,TIME_MACHINE
2014,범위확인필요,성폭력범죄의처벌등에관한특례법(성적목적다중이용장소침입),122.0,110.0,,2011-2022,132_DT_13204_2011_N213_20260915163035.csv,TIME_MACHINE
2014,범위확인필요,"성폭력범죄의처벌등에관한특례법(카메라등이용촬영,반포등)",2628.0,2485.0,,2011-2022,132_DT_13204_2011_N213_20260915163035.csv,TIME_MACHINE
2014,범위확인필요,성폭력범죄의처벌등에관한특례법(통신매체이용음란),298.0,278.0,,2011-2022,132_DT_13204_2011_N213_20260915163035.csv,TIME_MACHINE
2014,범위확인필요,성폭력범죄의처벌등에관한특례법위반(기타),486.0,442.0,,2011-2022,132_DT_13204_2011_N213_20260915163035.csv,TIME_MACHINE
2014,범위확인필요,성풍속범죄,4545.0,4083.0,,2011-2022,132_DT_13204_2011_N213_20260915163035.csv,TIME_MACHINE
2014,범위확인필요,소방기본법,4.0,4.0,,2011-2022,132_DT_13204_2011_N213_20260915163035.csv,TIME_MACHINE
2014,범위확인필요,손괴,11725.0,5543.0,,2011-2022,132_DT_13204_2011_N213_20260915163035.csv,TIME_MACHINE
2014,범위확인필요,손괴의죄,11725.0,5543.0,,2011-2022,132_DT_13204_2011_N213_20260915163035.csv,TIME_MACHINE
2014,범위확인필요,수도법,3.0,7.0,,2011-2022,132_DT_13204_2011_N213_20260915163035.csv,TIME_MACHINE
2014,범위확인필요,식품위생법,1830.0,1894.0,,2011-2022,132_DT_13204_2011_N213_20260915163035.csv,TIME_MACHINE
2014,범위확인필요,신앙에관한죄,43.0,38.0,,2011-2022,132_DT_13204_2011_N213_20260915163035.csv,TIME_MACHINE
2014,범위확인필요,"신용,업무와경매에관한죄",5262.0,5005.0,,2011-2022,132_DT_13204_2011_N213_20260915163035.csv,TIME_MACHINE
2014,범위확인필요,신용정보의이용및보호에관한법률,7.0,11.0,,2011-2022,132_DT_13204_2011_N213_20260915163035.csv,TIME_MACHINE
2014,범위확인필요,실용신안법,7.0,4.0,,2011-2022,132_DT_13204_2011_N213_20260915163035.csv,TIME_MACHINE
2014,범위확인필요,실화및업무상실화죄,274.0,219.0,,2011-2022,132_DT_13204_2011_N213_20260915163035.csv,TIME_MACHINE
2014,범위확인필요,아동·청소년의성보호에관한법률위반(강요행위등),3.0,4.0,,2011-2022,132_DT_13204_2011_N213_20260915163035.csv,TIME_MACHINE
2014,범위확인필요,아동·청소년의성보호에관한법률위반(기타),65.0,68.0,,2011-2022,132_DT_13204_2011_N213_20260915163035.csv,TIME_MACHINE
2014,범위확인필요,아동·청소년의성보호에관한법률위반(매매),2.0,1.0,,2011-2022,132_DT_13204_2011_N213_20260915163035.csv,TIME_MACHINE
2014,범위확인필요,아동·청소년의성보호에관한법률위반(성매수등),39.0,38.0,,2011-2022,132_DT_13204_2011_N213_20260915163035.csv,TIME_MACHINE
2014,범위확인필요,아동·청소년의성보호에관한법률위반(아동·청소년성착취물소지·제작·배포등),144.0,153.0,,2011-2022,132_DT_13204_2011_N213_20260915163035.csv,TIME_MACHINE
2014,범위확인필요,아동·청소년의성보호에관한법률위반(알선영업행위등),14.0,13.0,,2011-2022,132_DT_13204_2011_N213_20260915163035.csv,TIME_MACHINE
2014,범위확인필요,아동복지법위반(기타),120.0,111.0,,2011-2022,132_DT_13204_2011_N213_20260915163035.csv,TIME_MACHINE
2014,범위확인필요,아동복지법위반(유기·학대 등),7.0,6.0,,2011-2022,132_DT_13204_2011_N213_20260915163035.csv,TIME_MACHINE
2014,범위확인필요,아동학대처벌법위반(기타),8.0,8.0,,2011-2022,132_DT_13204_2011_N213_20260915163035.csv,TIME_MACHINE
2014,범위확인필요,아동학대처벌법위반(상습폭행),6.0,6.0,,2011-2022,132_DT_13204_2011_N213_20260915163035.csv,TIME_MACHINE
2014,범위확인필요,안보범죄,21.0,23.0,,2011-2022,132_DT_13204_2011_N213_20260915163035.csv,TIME_MACHINE
2014,범위확인필요,액화석유가스의안전및사업관리법,15.0,15.0,,2011-2022,132_DT_13204_2011_N213_20260915163035.csv,TIME_MACHINE
2014,범위확인필요,야간주거침입절도,837.0,438.0,,2011-2022,132_DT_13204_2011_N213_20260915163035.csv,TIME_MACHINE
2014,범위확인필요,야생생물보호및관리에관한법률위반,5.0,2.0,,2011-2022,132_DT_13204_2011_N213_20260915163035.csv,TIME_MACHINE
2014,범위확인필요,약사법,571.0,562.0,,2011-2022,132_DT_13204_2011_N213_20260915163035.csv,TIME_MACHINE
2014,범위확인필요,약취·유인,39.0,35.0,,2011-2022,132_DT_13204_2011_N213_20260915163035.csv,TIME_MACHINE
2014,범위확인필요,약취·유인(노동력착취·성매매·성적착취·장기적출),2.0,2.0,,2011-2022,132_DT_13204_2011_N213_20260915163035.csv,TIME_MACHINE
2014,범위확인필요,약취·유인(미성년자),21.0,20.0,,2011-2022,132_DT_13204_2011_N213_20260915163035.csv,TIME_MACHINE
2014,범위확인필요,약취·유인(추행·간음·결혼·영리),13.0,11.0,,2011-2022,132_DT_13204_2011_N213_20260915163035.csv,TIME_MACHINE
2014,범위확인필요,업무상배임,577.0,484.0,,2011-2022,132_DT_13204_2011_N213_20260915163035.csv,TIME_MACHINE
2014,범위확인필요,업무상위력등에의한추행,49.0,49.0,,2011-2022,132_DT_13204_2011_N213_20260915163035.csv,TIME_MACHINE
2014,범위확인필요,업무상위력에의한간음,1.0,2.0,,2011-2022,132_DT_13204_2011_N213_20260915163035.csv,TIME_MACHINE
2014,범위확인필요,업무상횡령,1633.0,1320.0,,2011-2022,132_DT_13204_2011_N213_20260915163035.csv,TIME_MACHINE
2014,범위확인필요,여객자동차운수사업법,336.0,338.0,,2011-2022,132_DT_13204_2011_N213_20260915163035.csv,TIME_MACHINE
2014,범위확인필요,여권법,15.0,9.0,,2011-2022,132_DT_13204_2011_N213_20260915163035.csv,TIME_MACHINE
2014,범위확인필요,여신전문금융업법위반,1466.0,614.0,,2011-2022,132_DT_13204_2011_N213_20260915163035.csv,TIME_MACHINE
2014,범위확인필요,영아살해,2.0,2.0,,2011-2022,132_DT_13204_2011_N213_20260915163035.csv,TIME_MACHINE
2014,범위확인필요,영화및비디오물의진흥에관한법률,17.0,17.0,,2011-2022,132_DT_13204_2011_N213_20260915163035.csv,TIME_MACHINE
2014,범위확인필요,예비군법위반,3715.0,3383.0,,2011-2022,132_DT_13204_2011_N213_20260915163035.csv,TIME_MACHINE
2014,범위확인필요,옥외광고물법위반,228.0,206.0,,2011-2022,132_DT_13204_2011_N213_20260915163035.csv,TIME_MACHINE
2014,범위확인필요,외국환거래법,55.0,55.0,,2011-2022,132_DT_13204_2011_N213_20260915163035.csv,TIME_MACHINE
2014,범위확인필요,우표(인지)등위조·변조,1.0,1.0,,2011-2022,132_DT_13204_2011_N213_20260915163035.csv,TIME_MACHINE
2014,범위확인필요,위증죄,684.0,481.0,,2011-2022,132_DT_13204_2011_N213_20260915163035.csv,TIME_MACHINE
2014,범위확인필요,위치정보의보호및이용등에관한법률,12.0,10.0,,2011-2022,132_DT_13204_2011_N213_20260915163035.csv,TIME_MACHINE
2014,범위확인필요,유가증권위조·변조,159.0,108.0,,2011-2022,132_DT_13204_2011_N213_20260915163035.csv,TIME_MACHINE
2014,범위확인필요,유가증권인지,160.0,109.0,,2011-2022,132_DT_13204_2011_N213_20260915163035.csv,TIME_MACHINE
2014,범위확인필요,유기와학대의죄,59.0,25.0,,2011-2022,132_DT_13204_2011_N213_20260915163035.csv,TIME_MACHINE
2014,범위확인필요,유사강간,99.0,95.0,,2011-2022,132_DT_13204_2011_N213_20260915163035.csv,TIME_MACHINE
2014,범위확인필요,유사강간상해·치상,3.0,4.0,,2011-2022,132_DT_13204_2011_N213_20260915163035.csv,TIME_MACHINE
2014,범위확인필요,유사성행위,26.0,24.0,,2011-2022,132_DT_13204_2011_N213_20260915163035.csv,TIME_MACHINE
2014,범위확인필요,유사수신행위의규제에관한법률,155.0,128.0,,2011-2022,132_DT_13204_2011_N213_20260915163035.csv,TIME_MACHINE
2014,범위확인필요,음반·비디오물및게임물에관한법률,2.0,3.0,,2011-2022,132_DT_13204_2011_N213_20260915163035.csv,TIME_MACHINE
2014,범위확인필요,음악산업진흥에관한법률,1373.0,1367.0,,2011-2022,132_DT_13204_2011_N213_20260915163035.csv,TIME_MACHINE
2014,범위확인필요,의료법,610.0,586.0,,2011-2022,132_DT_13204_2011_N213_20260915163035.csv,TIME_MACHINE
2014,범위확인필요,인신매매,100.0,1.0,,2011-2022,132_DT_13204_2011_N213_20260915163035.csv,TIME_MACHINE
2014,범위확인필요,인질강도,3.0,2.0,,2011-2022,132_DT_13204_2011_N213_20260915163035.csv,TIME_MACHINE
2014,범위확인필요,일반건조물등방화,87.0,42.0,,2011-2022,132_DT_13204_2011_N213_20260915163035.csv,TIME_MACHINE
2014,범위확인필요,자기소유건조물등방화,4.0,4.0,,2011-2022,132_DT_13204_2011_N213_20260915163035.csv,TIME_MACHINE
2014,범위확인필요,자동차관리법,2990.0,2724.0,,2011-2022,132_DT_13204_2011_N213_20260915163035.csv,TIME_MACHINE
2014,범위확인필요,자동차방화,10.0,9.0,,2011-2022,132_DT_13204_2011_N213_20260915163035.csv,TIME_MACHINE
2014,범위확인필요,자동차손해배상보장법,718.0,680.0,,2011-2022,132_DT_13204_2011_N213_20260915163035.csv,TIME_MACHINE
2014,범위확인필요,자연공원법,4.0,4.0,,2011-2022,132_DT_13204_2011_N213_20260915163035.csv,TIME_MACHINE
2014,범위확인필요,장물에관한죄,570.0,405.0,,2011-2022,132_DT_13204_2011_N213_20260915163035.csv,TIME_MACHINE
2014,범위확인필요,장사등에관한법률,1.0,2.0,,2011-2022,132_DT_13204_2011_N213_20260915163035.csv,TIME_MACHINE
2014,범위확인필요,장애인에대한강간·간음,74.0,61.0,,2011-2022,132_DT_13204_2011_N213_20260915163035.csv,TIME_MACHINE
2014,범위확인필요,장애인에대한강제추행·추행,55.0,51.0,,2011-2022,132_DT_13204_2011_N213_20260915163035.csv,TIME_MACHINE
2014,범위확인필요,장애인에대한준강간등,11.0,12.0,,2011-2022,132_DT_13204_2011_N213_20260915163035.csv,TIME_MACHINE
2014,범위확인필요,저작권법,8555.0,3063.0,,2011-2022,132_DT_13204_2011_N213_20260915163035.csv,TIME_MACHINE
2014,범위확인필요,전기통신기본법,18.0,16.0,,2011-2022,132_DT_13204_2011_N213_20260915163035.csv,TIME_MACHINE
2014,범위확인필요,전자금융거래법위반,1640.0,1456.0,,2011-2022,132_DT_13204_2011_N213_20260915163035.csv,TIME_MACHINE
2014,범위확인필요,전파법,1.0,1.0,,2011-2022,132_DT_13204_2011_N213_20260915163035.csv,TIME_MACHINE
2014,범위확인필요,절도,54271.0,15137.0,,2011-2022,132_DT_13204_2011_N213_20260915163035.csv,TIME_MACHINE
2014,범위확인필요,절도(상습),86.0,58.0,,2011-2022,132_DT_13204_2011_N213_20260915163035.csv,TIME_MACHINE
2014,범위확인필요,절도강간등,3.0,4.0,,2011-2022,132_DT_13204_2011_N213_20260915163035.csv,TIME_MACHINE
2014,범위확인필요,절도범죄,59391.0,19120.0,,2011-2022,132_DT_13204_2011_N213_20260915163035.csv,TIME_MACHINE
2014,범위확인필요,점유이탈물등횡령,4323.0,1250.0,,2011-2022,132_DT_13204_2011_N213_20260915163035.csv,TIME_MACHINE
2014,범위확인필요,정보통신망이용촉진및정보보호등에관한법률(음란물유포),545.0,385.0,,2011-2022,132_DT_13204_2011_N213_20260915163035.csv,TIME_MACHINE
2014,범위확인필요,정보통신망이용촉진및정보보호등에관한법률위반(개인정보누설등),50.0,41.0,,2011-2022,132_DT_13204_2011_N213_20260915163035.csv,TIME_MACHINE
2014,범위확인필요,정보통신망이용촉진및정보보호등에관한법률위반(기타),841.0,546.0,,2011-2022,132_DT_13204_2011_N213_20260915163035.csv,TIME_MACHINE
2014,범위확인필요,정보통신망이용촉진및정보보호등에관한법률위반(명예훼손),1251.0,854.0,,2011-2022,132_DT_13204_2011_N213_20260915163035.csv,TIME_MACHINE
2014,범위확인필요,정보통신망이용촉진및정보보호등에관한법률위반(정보통신망침해등),371.0,101.0,,2011-2022,132_DT_13204_2011_N213_20260915163035.csv,TIME_MACHINE
2014,범위확인필요,정치자금법,2.0,2.0,,2011-2022,132_DT_13204_2011_N213_20260915163035.csv,TIME_MACHINE
2014,범위확인필요,조세범처벌법,884.0,737.0,,2011-2022,132_DT_13204_2011_N213_20260915163035.csv,TIME_MACHINE
2014,범위확인필요,존속살해,6.0,6.0,,2011-2022,132_DT_13204_2011_N213_20260915163035.csv,TIME_MACHINE
2014,범위확인필요,존속상해,51.0,53.0,,2011-2022,132_DT_13204_2011_N213_20260915163035.csv,TIME_MACHINE
2014,범위확인필요,존속체포·감금,2.0,1.0,,2011-2022,132_DT_13204_2011_N213_20260915163035.csv,TIME_MACHINE
2014,범위확인필요,존속폭행,205.0,200.0,,2011-2022,132_DT_13204_2011_N213_20260915163035.csv,TIME_MACHINE
2014,범위확인필요,존속폭행(상습),1.0,1.0,,2011-2022,132_DT_13204_2011_N213_20260915163035.csv,TIME_MACHINE
2014,범위확인필요,존속폭행치상,2.0,2.0,,2011-2022,132_DT_13204_2011_N213_20260915163035.csv,TIME_MACHINE
2014,범위확인필요,존속협박,18.0,18.0,,2011-2022,132_DT_13204_2011_N213_20260915163035.csv,TIME_MACHINE
2014,범위확인필요,주거침입강간,6.0,5.0,,2011-2022,132_DT_13204_2011_N213_20260915163035.csv,TIME_MACHINE
2014,범위확인필요,주거침입강간등,50.0,47.0,,2011-2022,132_DT_13204_2011_N213_20260915163035.csv,TIME_MACHINE
2014,범위확인필요,주거침입강제추행,14.0,10.0,,2011-2022,132_DT_13204_2011_N213_20260915163035.csv,TIME_MACHINE
2014,범위확인필요,주거침입유사강간,1.0,1.0,,2011-2022,132_DT_13204_2011_N213_20260915163035.csv,TIME_MACHINE
2014,범위확인필요,주거침입의죄,1912.0,1503.0,,2011-2022,132_DT_13204_2011_N213_20260915163035.csv,TIME_MACHINE
2014,범위확인필요,주민등록법,646.0,347.0,,2011-2022,132_DT_13204_2011_N213_20260915163035.csv,TIME_MACHINE
2014,범위확인필요,주차장법,102.0,98.0,,2011-2022,132_DT_13204_2011_N213_20260915163035.csv,TIME_MACHINE
2014,범위확인필요,준강간,248.0,224.0,,2011-2022,132_DT_13204_2011_N213_20260915163035.csv,TIME_MACHINE
2014,범위확인필요,준강도,40.0,36.0,,2011-2022,132_DT_13204_2011_N213_20260915163035.csv,TIME_MACHINE
2014,범위확인필요,준강제추행,126.0,125.0,,2011-2022,132_DT_13204_2011_N213_20260915163035.csv,TIME_MACHINE
2014,범위확인필요,준강제추행(상습),1.0,1.0,,2011-2022,132_DT_13204_2011_N213_20260915163035.csv,TIME_MACHINE
2014,범위확인필요,준사기,7.0,5.0,,2011-2022,132_DT_13204_2011_N213_20260915163035.csv,TIME_MACHINE
2014,범위확인필요,준유사강간,11.0,9.0,,2011-2022,132_DT_13204_2011_N213_20260915163035.csv,TIME_MACHINE
2014,범위확인필요,증수뢰,64.0,44.0,,2011-2022,132_DT_13204_2011_N213_20260915163035.csv,TIME_MACHINE
2014,범위확인필요,지능범죄,72308.0,44059.0,,2011-2022,132_DT_13204_2011_N213_20260915163035.csv,TIME_MACHINE
2014,범위확인필요,지방세법,15.0,13.0,,2011-2022,132_DT_13204_2011_N213_20260915163035.csv,TIME_MACHINE
2014,범위확인필요,직권남용,82.0,57.0,,2011-2022,132_DT_13204_2011_N213_20260915163035.csv,TIME_MACHINE
2014,범위확인필요,직권남용(권리행사방해·체포·감금),52.0,30.0,,2011-2022,132_DT_13204_2011_N213_20260915163035.csv,TIME_MACHINE
2014,범위확인필요,직무유기,119.0,54.0,,2011-2022,132_DT_13204_2011_N213_20260915163035.csv,TIME_MACHINE
2014,범위확인필요,직무유기·수행거부,118.0,54.0,,2011-2022,132_DT_13204_2011_N213_20260915163035.csv,TIME_MACHINE
2014,범위확인필요,직업안정법,101.0,97.0,,2011-2022,132_DT_13204_2011_N213_20260915163035.csv,TIME_MACHINE
2014,범위확인필요,집회및시위에관한법률,232.0,223.0,,2011-2022,132_DT_13204_2011_N213_20260915163035.csv,TIME_MACHINE
2014,범위확인필요,채무자회생및파산에관한법률위반,33.0,27.0,,2011-2022,132_DT_13204_2011_N213_20260915163035.csv,TIME_MACHINE
2014,범위확인필요,철도안전법,37.0,36.0,,2011-2022,132_DT_13204_2011_N213_20260915163035.csv,TIME_MACHINE
2014,범위확인필요,청소년보호법,1633.0,1607.0,,2011-2022,132_DT_13204_2011_N213_20260915163035.csv,TIME_MACHINE
2014,범위확인필요,청소년에대한강간·간음,120.0,111.0,,2011-2022,132_DT_13204_2011_N213_20260915163035.csv,TIME_MACHINE
2014,범위확인필요,청소년에대한강간등,44.0,52.0,,2011-2022,132_DT_13204_2011_N213_20260915163035.csv,TIME_MACHINE
2014,범위확인필요,청소년에대한강제추행·추행,278.0,248.0,,2011-2022,132_DT_13204_2011_N213_20260915163035.csv,TIME_MACHINE
2014,범위확인필요,체포·감금,178.0,166.0,,2011-2022,132_DT_13204_2011_N213_20260915163035.csv,TIME_MACHINE
2014,범위확인필요,체포·감금치사상(중·특수·상습),9.0,8.0,,2011-2022,132_DT_13204_2011_N213_20260915163035.csv,TIME_MACHINE
2014,범위확인필요,촉탁·승낙살인,2.0,2.0,,2011-2022,132_DT_13204_2011_N213_20260915163035.csv,TIME_MACHINE
2014,범위확인필요,총계,355991.0,258863.0,,2011-2022,132_DT_13204_2011_N213_20260915163035.csv,TIME_MACHINE
2014,범위확인필요,총포·도검·화약류등의안전관리에관한법률,67.0,112.0,,2011-2022,132_DT_13204_2011_N213_20260915163035.csv,TIME_MACHINE
2014,범위확인필요,축산물위생관리법,141.0,164.0,,2011-2022,132_DT_13204_2011_N213_20260915163035.csv,TIME_MACHINE
2014,범위확인필요,출입국관리법,186.0,182.0,,2011-2022,132_DT_13204_2011_N213_20260915163035.csv,TIME_MACHINE
2014,범위확인필요,친족관계에의한강간,19.0,16.0,,2011-2022,132_DT_13204_2011_N213_20260915163035.csv,TIME_MACHINE
2014,범위확인필요,친족관계에의한강제추행,39.0,39.0,,2011-2022,132_DT_13204_2011_N213_20260915163035.csv,TIME_MACHINE
2014,범위확인필요,컴퓨터등사용사기,3643.0,1469.0,,2011-2022,132_DT_13204_2011_N213_20260915163035.csv,TIME_MACHINE
2014,범위확인필요,토양환경보전법,2.0,1.0,,2011-2022,132_DT_13204_2011_N213_20260915163035.csv,TIME_MACHINE
2014,범위확인필요,통신비밀보호법,28.0,22.0,,2011-2022,132_DT_13204_2011_N213_20260915163035.csv,TIME_MACHINE
2014,범위확인필요,통화,1433.0,39.0,,2011-2022,132_DT_13204_2011_N213_20260915163035.csv,TIME_MACHINE
2014,범위확인필요,통화위조·변조,620.0,12.0,,2011-2022,132_DT_13204_2011_N213_20260915163035.csv,TIME_MACHINE
2014,범위확인필요,특가법(강도),19.0,5.0,,2011-2022,132_DT_13204_2011_N213_20260915163035.csv,TIME_MACHINE
2014,범위확인필요,특가법(국고손실),100.0,1.0,,2011-2022,132_DT_13204_2011_N213_20260915163035.csv,TIME_MACHINE
2014,범위확인필요,특가법(뇌물),10.0,5.0,,2011-2022,132_DT_13204_2011_N213_20260915163035.csv,TIME_MACHINE
2014,범위확인필요,특가법(도주차량),1423.0,1245.0,,2011-2022,132_DT_13204_2011_N213_20260915163035.csv,TIME_MACHINE
2014,범위확인필요,특가법(보복범죄등),47.0,49.0,,2011-2022,132_DT_13204_2011_N213_20260915163035.csv,TIME_MACHINE
2014,범위확인필요,특가법(알선수재),7.0,1.0,,2011-2022,132_DT_13204_2011_N213_20260915163035.csv,TIME_MACHINE
2014,범위확인필요,특가법(영리약취·유인·매매),2.0,,,2011-2022,132_DT_13204_2011_N213_20260915163035.csv,TIME_MACHINE
2014,범위확인필요,특가법(운전자폭행등),1094.0,1087.0,,2011-2022,132_DT_13204_2011_N213_20260915163035.csv,TIME_MACHINE
2014,범위확인필요,특가법(위험운전치사상),1680.0,1681.0,,2011-2022,132_DT_13204_2011_N213_20260915163035.csv,TIME_MACHINE
2014,범위확인필요,특가법(장물),26.0,9.0,,2011-2022,132_DT_13204_2011_N213_20260915163035.csv,TIME_MACHINE
2014,범위확인필요,특가법(절도),1675.0,1447.0,,2011-2022,132_DT_13204_2011_N213_20260915163035.csv,TIME_MACHINE
2014,범위확인필요,특가법(조세),55.0,45.0,,2011-2022,132_DT_13204_2011_N213_20260915163035.csv,TIME_MACHINE
2014,범위확인필요,"특가법(체포·감금,독직폭행·가혹행위)",2.0,2.0,,2011-2022,132_DT_13204_2011_N213_20260915163035.csv,TIME_MACHINE
2014,범위확인필요,특가법(통화위조),682.0,23.0,,2011-2022,132_DT_13204_2011_N213_20260915163035.csv,TIME_MACHINE
2014,범위확인필요,특경법(공갈),6.0,4.0,,2011-2022,132_DT_13204_2011_N213_20260915163035.csv,TIME_MACHINE
2014,범위확인필요,특경법(배임),175.0,152.0,,2011-2022,132_DT_13204_2011_N213_20260915163035.csv,TIME_MACHINE
2014,범위확인필요,특경법(사금융알선등),3.0,2.0,,2011-2022,132_DT_13204_2011_N213_20260915163035.csv,TIME_MACHINE
2014,범위확인필요,특경법(사기),885.0,644.0,,2011-2022,132_DT_13204_2011_N213_20260915163035.csv,TIME_MACHINE
2014,범위확인필요,특경법(수재등),4.0,3.0,,2011-2022,132_DT_13204_2011_N213_20260915163035.csv,TIME_MACHINE
2014,범위확인필요,특경법(알선수재),9.0,7.0,,2011-2022,132_DT_13204_2011_N213_20260915163035.csv,TIME_MACHINE
2014,범위확인필요,특경법(재산국외도피),2.0,1.0,,2011-2022,132_DT_13204_2011_N213_20260915163035.csv,TIME_MACHINE
2014,범위확인필요,특경법(증재등),2.0,2.0,,2011-2022,132_DT_13204_2011_N213_20260915163035.csv,TIME_MACHINE
2014,범위확인필요,특경법(횡령),260.0,187.0,,2011-2022,132_DT_13204_2011_N213_20260915163035.csv,TIME_MACHINE
2014,범위확인필요,특별경제범죄,21099.0,13324.0,,2011-2022,132_DT_13204_2011_N213_20260915163035.csv,TIME_MACHINE
2014,범위확인필요,특수강간(준),62.0,65.0,,2011-2022,132_DT_13204_2011_N213_20260915163035.csv,TIME_MACHINE
2014,범위확인필요,특수강도,115.0,106.0,,2011-2022,132_DT_13204_2011_N213_20260915163035.csv,TIME_MACHINE
2014,범위확인필요,특수강도강간,1.0,1.0,,2011-2022,132_DT_13204_2011_N213_20260915163035.csv,TIME_MACHINE
2014,범위확인필요,특수강도강간등,21.0,24.0,,2011-2022,132_DT_13204_2011_N213_20260915163035.csv,TIME_MACHINE
2014,범위확인필요,특수강제추행(준),9.0,8.0,,2011-2022,132_DT_13204_2011_N213_20260915163035.csv,TIME_MACHINE
2014,범위확인필요,특수절도,2491.0,2012.0,,2011-2022,132_DT_13204_2011_N213_20260915163035.csv,TIME_MACHINE
2014,범위확인필요,특수절도(상습),1.0,1.0,,2011-2022,132_DT_13204_2011_N213_20260915163035.csv,TIME_MACHINE
2014,범위확인필요,특수폭행,17.0,16.0,,2011-2022,132_DT_13204_2011_N213_20260915163035.csv,TIME_MACHINE
2014,범위확인필요,특수폭행치상,2.0,,,2011-2022,132_DT_13204_2011_N213_20260915163035.csv,TIME_MACHINE
2014,범위확인필요,특허법,48.0,36.0,,2011-2022,132_DT_13204_2011_N213_20260915163035.csv,TIME_MACHINE
2014,범위확인필요,편의시설부정이용,4.0,4.0,,2011-2022,132_DT_13204_2011_N213_20260915163035.csv,TIME_MACHINE
2014,범위확인필요,폐기물관리법,26.0,25.0,,2011-2022,132_DT_13204_2011_N213_20260915163035.csv,TIME_MACHINE
2014,범위확인필요,폭력범죄,65354.0,54577.0,,2011-2022,132_DT_13204_2011_N213_20260915163035.csv,TIME_MACHINE
2014,범위확인필요,폭력행위등,7330.0,6601.0,,2011-2022,132_DT_13204_2011_N213_20260915163035.csv,TIME_MACHINE
2014,범위확인필요,폭력행위등처벌에관한법률위반(공동),3915.0,3374.0,,2011-2022,132_DT_13204_2011_N213_20260915163035.csv,TIME_MACHINE
2014,범위확인필요,폭력행위등처벌에관한법률위반(기타),7.0,3.0,,2011-2022,132_DT_13204_2011_N213_20260915163035.csv,TIME_MACHINE
2014,범위확인필요,폭력행위등처벌에관한법률위반(단체등의[상습·공동·집단흉기등·상습집단흉기등]),263.0,239.0,,2011-2022,132_DT_13204_2011_N213_20260915163035.csv,TIME_MACHINE
2014,범위확인필요,폭력행위등처벌에관한법률위반(단체등의구성·활동),2.0,3.0,,2011-2022,132_DT_13204_2011_N213_20260915163035.csv,TIME_MACHINE
2014,범위확인필요,폭력행위등처벌에관한법률위반(상습),298.0,258.0,,2011-2022,132_DT_13204_2011_N213_20260915163035.csv,TIME_MACHINE
2014,범위확인필요,"폭력행위등처벌에관한법률위반(상습집단,흉기등)",70.0,70.0,,2011-2022,132_DT_13204_2011_N213_20260915163035.csv,TIME_MACHINE
2014,범위확인필요,폭력행위등처벌에관한법률위반(야간·공동),1.0,1.0,,2011-2022,132_DT_13204_2011_N213_20260915163035.csv,TIME_MACHINE
2014,범위확인필요,폭력행위등처벌에관한법률위반(야간집단흉기등),4.0,2.0,,2011-2022,132_DT_13204_2011_N213_20260915163035.csv,TIME_MACHINE
2014,범위확인필요,폭력행위등처벌에관한법률위반(우범자),73.0,72.0,,2011-2022,132_DT_13204_2011_N213_20260915163035.csv,TIME_MACHINE
2014,범위확인필요,폭력행위등처벌에관한법률위반(직무유기),1.0,,,2011-2022,132_DT_13204_2011_N213_20260915163035.csv,TIME_MACHINE
2014,범위확인필요,"폭력행위등처벌에관한법률위반(집단,흉기등)",2704.0,2582.0,,2011-2022,132_DT_13204_2011_N213_20260915163035.csv,TIME_MACHINE
2014,범위확인필요,폭발성물건파열(과실),3.0,3.0,,2011-2022,132_DT_13204_2011_N213_20260915163035.csv,TIME_MACHINE
2014,범위확인필요,폭발성물건파열(치사·상),1.0,1.0,,2011-2022,132_DT_13204_2011_N213_20260915163035.csv,TIME_MACHINE
2014,범위확인필요,폭행,35970.0,33243.0,,2011-2022,132_DT_13204_2011_N213_20260915163035.csv,TIME_MACHINE
2014,범위확인필요,폭행(상습),3.0,4.0,,2011-2022,132_DT_13204_2011_N213_20260915163035.csv,TIME_MACHINE
2014,범위확인필요,폭행치사,10.0,10.0,,2011-2022,132_DT_13204_2011_N213_20260915163035.csv,TIME_MACHINE
2014,범위확인필요,폭행치상,230.0,214.0,,2011-2022,132_DT_13204_2011_N213_20260915163035.csv,TIME_MACHINE
2014,범위확인필요,풍속범죄,5828.0,5122.0,,2011-2022,132_DT_13204_2011_N213_20260915163035.csv,TIME_MACHINE
2014,범위확인필요,풍속영업의규제에관한법률,85.0,84.0,,2011-2022,132_DT_13204_2011_N213_20260915163035.csv,TIME_MACHINE
2014,범위확인필요,피의사실공표,2.0,2.0,,2011-2022,132_DT_13204_2011_N213_20260915163035.csv,TIME_MACHINE
2014,범위확인필요,하수도법,4.0,6.0,,2011-2022,132_DT_13204_2011_N213_20260915163035.csv,TIME_MACHINE
2014,범위확인필요,하천법,1.0,3.0,,2011-2022,132_DT_13204_2011_N213_20260915163035.csv,TIME_MACHINE
2014,범위확인필요,학원의설립·운영및과외교섭에관한법률,101.0,107.0,,2011-2022,132_DT_13204_2011_N213_20260915163035.csv,TIME_MACHINE
2014,범위확인필요,"허위감정,증거인멸·은닉,증인은닉죄",25.0,24.0,,2011-2022,132_DT_13204_2011_N213_20260915163035.csv,TIME_MACHINE
2014,범위확인필요,현주·공용건조물등방화,186.0,161.0,,2011-2022,132_DT_13204_2011_N213_20260915163035.csv,TIME_MACHINE
2014,범위확인필요,현주건조물등방화치사,3.0,3.0,,2011-2022,132_DT_13204_2011_N213_20260915163035.csv,TIME_MACHINE
2014,범위확인필요,현주건조물등방화치상,6.0,6.0,,2011-2022,132_DT_13204_2011_N213_20260915163035.csv,TIME_MACHINE
2014,범위확인필요,협박,1162.0,976.0,,2011-2022,132_DT_13204_2011_N213_20260915163035.csv,TIME_MACHINE
2014,범위확인필요,협박(상습),1.0,1.0,,2011-2022,132_DT_13204_2011_N213_20260915163035.csv,TIME_MACHINE
2014,범위확인필요,협박(특수),21.0,20.0,,2011-2022,132_DT_13204_2011_N213_20260915163035.csv,TIME_MACHINE
2014,범위확인필요,형의실효등에관한법률,5.0,4.0,,2011-2022,132_DT_13204_2011_N213_20260915163035.csv,TIME_MACHINE
2014,범위확인필요,화물자동차운수사업법,832.0,772.0,,2011-2022,132_DT_13204_2011_N213_20260915163035.csv,TIME_MACHINE
2014,범위확인필요,환경범죄,64.0,58.0,,2011-2022,132_DT_13204_2011_N213_20260915163035.csv,TIME_MACHINE
2014,범위확인필요,횡령,9617.0,4997.0,,2011-2022,132_DT_13204_2011_N213_20260915163035.csv,TIME_MACHINE
2015,범위확인필요,13세미만미성년자강간·간음,12.0,13.0,,2011-2022,132_DT_13204_2011_N213_20260915163035.csv,TIME_MACHINE
2015,범위확인필요,13세미만미성년자강간등,10.0,10.0,,2011-2022,132_DT_13204_2011_N213_20260915163035.csv,TIME_MACHINE
2015,범위확인필요,13세미만미성년자강제추행·추행,144.0,125.0,,2011-2022,132_DT_13204_2011_N213_20260915163035.csv,TIME_MACHINE
2015,범위확인필요,가스등공급사용방해(치사·상),2.0,2.0,,2011-2022,132_DT_13204_2011_N213_20260915163035.csv,TIME_MACHINE
2015,범위확인필요,가정폭력범죄의처벌등에관한특례법위반,32.0,32.0,,2011-2022,132_DT_13204_2011_N213_20260915163035.csv,TIME_MACHINE
2015,범위확인필요,간통,109.0,79.0,,2011-2022,132_DT_13204_2011_N213_20260915163035.csv,TIME_MACHINE
2015,범위확인필요,강간,970.0,954.0,,2011-2022,132_DT_13204_2011_N213_20260915163035.csv,TIME_MACHINE
2015,범위확인필요,강간등상해·치상,27.0,27.0,,2011-2022,132_DT_13204_2011_N213_20260915163035.csv,TIME_MACHINE
2015,범위확인필요,강간상해·치상,91.0,91.0,,2011-2022,132_DT_13204_2011_N213_20260915163035.csv,TIME_MACHINE
2015,범위확인필요,강도,276.0,257.0,,2011-2022,132_DT_13204_2011_N213_20260915163035.csv,TIME_MACHINE
2015,범위확인필요,강도강간,4.0,4.0,,2011-2022,132_DT_13204_2011_N213_20260915163035.csv,TIME_MACHINE
2015,범위확인필요,강도살인·치사,9.0,6.0,,2011-2022,132_DT_13204_2011_N213_20260915163035.csv,TIME_MACHINE
2015,범위확인필요,강도상해·치상,81.0,80.0,,2011-2022,132_DT_13204_2011_N213_20260915163035.csv,TIME_MACHINE
2015,범위확인필요,강력범죄,6204.0,5749.0,,2011-2022,132_DT_13204_2011_N213_20260915163035.csv,TIME_MACHINE
2015,범위확인필요,강제추행,4268.0,3914.0,,2011-2022,132_DT_13204_2011_N213_20260915163035.csv,TIME_MACHINE
2015,범위확인필요,강제추행(상습),4.0,4.0,,2011-2022,132_DT_13204_2011_N213_20260915163035.csv,TIME_MACHINE
2015,범위확인필요,강제추행상해·치상,33.0,32.0,,2011-2022,132_DT_13204_2011_N213_20260915163035.csv,TIME_MACHINE
2015,범위확인필요,개인정보보호법,272.0,216.0,,2011-2022,132_DT_13204_2011_N213_20260915163035.csv,TIME_MACHINE
2015,범위확인필요,건설산업기본법,259.0,120.0,,2011-2022,132_DT_13204_2011_N213_20260915163035.csv,TIME_MACHINE
2015,범위확인필요,건설폐기물의재활용촉진에관한법률,1.0,,,2011-2022,132_DT_13204_2011_N213_20260915163035.csv,TIME_MACHINE
2015,범위확인필요,건축법,319.0,305.0,,2011-2022,132_DT_13204_2011_N213_20260915163035.csv,TIME_MACHINE
2015,범위확인필요,게임산업진흥에관한법률,1195.0,1139.0,,2011-2022,132_DT_13204_2011_N213_20260915163035.csv,TIME_MACHINE
2015,범위확인필요,경범죄처벌법,1197.0,1126.0,,2011-2022,132_DT_13204_2011_N213_20260915163035.csv,TIME_MACHINE
2015,범위확인필요,고압가스안전관리법,4.0,4.0,,2011-2022,132_DT_13204_2011_N213_20260915163035.csv,TIME_MACHINE
2015,범위확인필요,골재채취법,4.0,4.0,,2011-2022,132_DT_13204_2011_N213_20260915163035.csv,TIME_MACHINE
2015,범위확인필요,공갈,643.0,489.0,,2011-2022,132_DT_13204_2011_N213_20260915163035.csv,TIME_MACHINE
2015,범위확인필요,공갈(상습),9.0,8.0,,2011-2022,132_DT_13204_2011_N213_20260915163035.csv,TIME_MACHINE
2015,범위확인필요,공무방해에관한죄,3313.0,3214.0,,2011-2022,132_DT_13204_2011_N213_20260915163035.csv,TIME_MACHINE
2015,범위확인필요,공무상비밀누설,3.0,3.0,,2011-2022,132_DT_13204_2011_N213_20260915163035.csv,TIME_MACHINE
2015,범위확인필요,공문서위조·변조,644.0,511.0,,2011-2022,132_DT_13204_2011_N213_20260915163035.csv,TIME_MACHINE
2015,범위확인필요,공안을해하는죄,7.0,5.0,,2011-2022,132_DT_13204_2011_N213_20260915163035.csv,TIME_MACHINE
2015,범위확인필요,공연음란,508.0,384.0,,2011-2022,132_DT_13204_2011_N213_20260915163035.csv,TIME_MACHINE
2015,범위확인필요,공유수면관리및매립에관한법률위반,100.0,1.0,,2011-2022,132_DT_13204_2011_N213_20260915163035.csv,TIME_MACHINE
2015,범위확인필요,공인등의위조·부정사용및행사,69.0,50.0,,2011-2022,132_DT_13204_2011_N213_20260915163035.csv,TIME_MACHINE
2015,범위확인필요,공인중개사법,220.0,200.0,,2011-2022,132_DT_13204_2011_N213_20260915163035.csv,TIME_MACHINE
2015,범위확인필요,공전자기록등위작·변작,9.0,4.0,,2011-2022,132_DT_13204_2011_N213_20260915163035.csv,TIME_MACHINE
2015,범위확인필요,공중밀집장소에서의추행,1154.0,1055.0,,2011-2022,132_DT_13204_2011_N213_20260915163035.csv,TIME_MACHINE
2015,범위확인필요,공중위생관리법,493.0,431.0,,2011-2022,132_DT_13204_2011_N213_20260915163035.csv,TIME_MACHINE
2015,범위확인필요,공직선거법,17.0,10.0,,2011-2022,132_DT_13204_2011_N213_20260915163035.csv,TIME_MACHINE
2015,범위확인필요,과실치사상의죄,1018.0,925.0,,2011-2022,132_DT_13204_2011_N213_20260915163035.csv,TIME_MACHINE
2015,범위확인필요,관세법,1.0,,,2011-2022,132_DT_13204_2011_N213_20260915163035.csv,TIME_MACHINE
2015,범위확인필요,교통방해의죄,497.0,454.0,,2011-2022,132_DT_13204_2011_N213_20260915163035.csv,TIME_MACHINE
2015,범위확인필요,교통범죄,74957.0,73208.0,,2011-2022,132_DT_13204_2011_N213_20260915163035.csv,TIME_MACHINE
2015,범위확인필요,교통사고,46666.0,43653.0,,2011-2022,132_DT_13204_2011_N213_20260915163035.csv,TIME_MACHINE
2015,범위확인필요,교통사고외,28291.0,29555.0,,2011-2022,132_DT_13204_2011_N213_20260915163035.csv,TIME_MACHINE
2015,범위확인필요,교통사고처리특례법,36583.0,35286.0,,2011-2022,132_DT_13204_2011_N213_20260915163035.csv,TIME_MACHINE
2015,범위확인필요,국가보안법,24.0,25.0,,2011-2022,132_DT_13204_2011_N213_20260915163035.csv,TIME_MACHINE
2015,범위확인필요,국민건강보험법,92.0,54.0,,2011-2022,132_DT_13204_2011_N213_20260915163035.csv,TIME_MACHINE
2015,범위확인필요,국민연금법,15.0,18.0,,2011-2022,132_DT_13204_2011_N213_20260915163035.csv,TIME_MACHINE
2015,범위확인필요,국토의계획및이용에관한법률,108.0,109.0,,2011-2022,132_DT_13204_2011_N213_20260915163035.csv,TIME_MACHINE
2015,범위확인필요,권리행사를방해하는죄,1438.0,940.0,,2011-2022,132_DT_13204_2011_N213_20260915163035.csv,TIME_MACHINE
2015,범위확인필요,근로기준법,2.0,1.0,,2011-2022,132_DT_13204_2011_N213_20260915163035.csv,TIME_MACHINE
2015,범위확인필요,기타,2995.0,2362.0,,2011-2022,132_DT_13204_2011_N213_20260915163035.csv,TIME_MACHINE
2015,범위확인필요,기타 강간·강제추행 등,94.0,88.0,,2011-2022,132_DT_13204_2011_N213_20260915163035.csv,TIME_MACHINE
2015,범위확인필요,기타경제범죄,167.0,152.0,,2011-2022,132_DT_13204_2011_N213_20260915163035.csv,TIME_MACHINE
2015,범위확인필요,기타노동범죄,79.0,70.0,,2011-2022,132_DT_13204_2011_N213_20260915163035.csv,TIME_MACHINE
2015,범위확인필요,기타도박범죄,272.0,261.0,,2011-2022,132_DT_13204_2011_N213_20260915163035.csv,TIME_MACHINE
2015,범위확인필요,기타범죄,42063.0,34052.0,,2011-2022,132_DT_13204_2011_N213_20260915163035.csv,TIME_MACHINE
2015,범위확인필요,기타병역범죄,2.0,4.0,,2011-2022,132_DT_13204_2011_N213_20260915163035.csv,TIME_MACHINE
2015,범위확인필요,기타보건범죄,627.0,598.0,,2011-2022,132_DT_13204_2011_N213_20260915163035.csv,TIME_MACHINE
2015,범위확인필요,기타선거범죄,5.0,5.0,,2011-2022,132_DT_13204_2011_N213_20260915163035.csv,TIME_MACHINE
2015,범위확인필요,기타안보범죄,7.0,3.0,,2011-2022,132_DT_13204_2011_N213_20260915163035.csv,TIME_MACHINE
2015,범위확인필요,기타통화에관한죄,128.0,8.0,,2011-2022,132_DT_13204_2011_N213_20260915163035.csv,TIME_MACHINE
2015,범위확인필요,기타환경범죄,32.0,29.0,,2011-2022,132_DT_13204_2011_N213_20260915163035.csv,TIME_MACHINE
2015,범위확인필요,낙태의죄,6.0,4.0,,2011-2022,132_DT_13204_2011_N213_20260915163035.csv,TIME_MACHINE
2015,범위확인필요,내수면어업법,4.0,4.0,,2011-2022,132_DT_13204_2011_N213_20260915163035.csv,TIME_MACHINE
2015,범위확인필요,노동범죄,214.0,194.0,,2011-2022,132_DT_13204_2011_N213_20260915163035.csv,TIME_MACHINE
2015,범위확인필요,노동조합및노동관계조정법,1.0,,,2011-2022,132_DT_13204_2011_N213_20260915163035.csv,TIME_MACHINE
2015,범위확인필요,농수산물유통및가격안정에관한법률,2.0,3.0,,2011-2022,132_DT_13204_2011_N213_20260915163035.csv,TIME_MACHINE
2015,범위확인필요,농지법,5.0,5.0,,2011-2022,132_DT_13204_2011_N213_20260915163035.csv,TIME_MACHINE
2015,범위확인필요,뇌물공여등,13.0,10.0,,2011-2022,132_DT_13204_2011_N213_20260915163035.csv,TIME_MACHINE
2015,범위확인필요,뇌물수수등,36.0,30.0,,2011-2022,132_DT_13204_2011_N213_20260915163035.csv,TIME_MACHINE
2015,범위확인필요,담배사업법,41.0,43.0,,2011-2022,132_DT_13204_2011_N213_20260915163035.csv,TIME_MACHINE
2015,범위확인필요,대기환경보전법,9.0,9.0,,2011-2022,132_DT_13204_2011_N213_20260915163035.csv,TIME_MACHINE
2015,범위확인필요,대부업의등록및금융이용자보호에관한법률,238.0,179.0,,2011-2022,132_DT_13204_2011_N213_20260915163035.csv,TIME_MACHINE
2015,범위확인필요,도로교통법,3429.0,3017.0,,2011-2022,132_DT_13204_2011_N213_20260915163035.csv,TIME_MACHINE
2015,범위확인필요,도로교통법(공동위험행위),10.0,10.0,,2011-2022,132_DT_13204_2011_N213_20260915163035.csv,TIME_MACHINE
2015,범위확인필요,도로교통법(무면허운전),6885.0,6999.0,,2011-2022,132_DT_13204_2011_N213_20260915163035.csv,TIME_MACHINE
2015,범위확인필요,도로교통법(사고후미조치),3537.0,2337.0,,2011-2022,132_DT_13204_2011_N213_20260915163035.csv,TIME_MACHINE
2015,범위확인필요,도로교통법(음주운전),20337.0,21532.0,,2011-2022,132_DT_13204_2011_N213_20260915163035.csv,TIME_MACHINE
2015,범위확인필요,도로교통법(음주측정거부),256.0,259.0,,2011-2022,132_DT_13204_2011_N213_20260915163035.csv,TIME_MACHINE
2015,범위확인필요,도로법,306.0,301.0,,2011-2022,132_DT_13204_2011_N213_20260915163035.csv,TIME_MACHINE
2015,범위확인필요,도박,870.0,870.0,,2011-2022,132_DT_13204_2011_N213_20260915163035.csv,TIME_MACHINE
2015,범위확인필요,도박(상습),25.0,14.0,,2011-2022,132_DT_13204_2011_N213_20260915163035.csv,TIME_MACHINE
2015,범위확인필요,도박개장,155.0,135.0,,2011-2022,132_DT_13204_2011_N213_20260915163035.csv,TIME_MACHINE
2015,범위확인필요,도박범죄,1322.0,1280.0,,2011-2022,132_DT_13204_2011_N213_20260915163035.csv,TIME_MACHINE
2015,범위확인필요,도시가스사업법,4.0,4.0,,2011-2022,132_DT_13204_2011_N213_20260915163035.csv,TIME_MACHINE
2015,범위확인필요,도시공원및녹지등에관한법률,23.0,19.0,,2011-2022,132_DT_13204_2011_N213_20260915163035.csv,TIME_MACHINE
2015,범위확인필요,도주와도주원조죄,1.0,1.0,,2011-2022,132_DT_13204_2011_N213_20260915163035.csv,TIME_MACHINE
2015,범위확인필요,독직폭행·가혹행위,24.0,16.0,,2011-2022,132_DT_13204_2011_N213_20260915163035.csv,TIME_MACHINE
2015,범위확인필요,디자인보호법,77.0,65.0,,2011-2022,132_DT_13204_2011_N213_20260915163035.csv,TIME_MACHINE
2015,범위확인필요,마약류관리에관한법률(대마),262.0,218.0,,2011-2022,132_DT_13204_2011_N213_20260915163035.csv,TIME_MACHINE
2015,범위확인필요,마약류관리에관한법률(마약),22.0,20.0,,2011-2022,132_DT_13204_2011_N213_20260915163035.csv,TIME_MACHINE
2015,범위확인필요,마약류관리에관한법률(향정),1071.0,898.0,,2011-2022,132_DT_13204_2011_N213_20260915163035.csv,TIME_MACHINE
2015,범위확인필요,마약류불법거래방지에관한특례법,6.0,5.0,,2011-2022,132_DT_13204_2011_N213_20260915163035.csv,TIME_MACHINE
2015,범위확인필요,마약범죄,1361.0,1141.0,,2011-2022,132_DT_13204_2011_N213_20260915163035.csv,TIME_MACHINE
2015,범위확인필요,명예에관한죄,7803.0,5513.0,,2011-2022,132_DT_13204_2011_N213_20260915163035.csv,TIME_MACHINE
2015,범위확인필요,무고의죄,919.0,714.0,,2011-2022,132_DT_13204_2011_N213_20260915163035.csv,TIME_MACHINE
2015,범위확인필요,문서·인장,3368.0,2472.0,,2011-2022,132_DT_13204_2011_N213_20260915163035.csv,TIME_MACHINE
2015,범위확인필요,문화재보호법,8.0,7.0,,2011-2022,132_DT_13204_2011_N213_20260915163035.csv,TIME_MACHINE
2015,범위확인필요,미성년자간음(심신미약자),1.0,1.0,,2011-2022,132_DT_13204_2011_N213_20260915163035.csv,TIME_MACHINE
2015,범위확인필요,미성년자의제강간,5.0,6.0,,2011-2022,132_DT_13204_2011_N213_20260915163035.csv,TIME_MACHINE
2015,범위확인필요,미성년자의제강제추행,1.0,1.0,,2011-2022,132_DT_13204_2011_N213_20260915163035.csv,TIME_MACHINE
2015,범위확인필요,미성년자의제유사강간,2.0,2.0,,2011-2022,132_DT_13204_2011_N213_20260915163035.csv,TIME_MACHINE
2015,범위확인필요,밀항단속법,2.0,6.0,,2011-2022,132_DT_13204_2011_N213_20260915163035.csv,TIME_MACHINE
2015,범위확인필요,방문판매등에관한법률,54.0,34.0,,2011-2022,132_DT_13204_2011_N213_20260915163035.csv,TIME_MACHINE
2015,범위확인필요,방화,315.0,266.0,,2011-2022,132_DT_13204_2011_N213_20260915163035.csv,TIME_MACHINE
2015,범위확인필요,방화연소,8.0,,,2011-2022,132_DT_13204_2011_N213_20260915163035.csv,TIME_MACHINE
2015,범위확인필요,배임,1147.0,926.0,,2011-2022,132_DT_13204_2011_N213_20260915163035.csv,TIME_MACHINE
2015,범위확인필요,배임수재,44.0,35.0,,2011-2022,132_DT_13204_2011_N213_20260915163035.csv,TIME_MACHINE
2015,범위확인필요,배임증재,11.0,10.0,,2011-2022,132_DT_13204_2011_N213_20260915163035.csv,TIME_MACHINE
2015,범위확인필요,범인은닉·범인도피죄,33.0,23.0,,2011-2022,132_DT_13204_2011_N213_20260915163035.csv,TIME_MACHINE
2015,범위확인필요,변호사법,160.0,113.0,,2011-2022,132_DT_13204_2011_N213_20260915163035.csv,TIME_MACHINE
2015,범위확인필요,병역범죄,4664.0,4456.0,,2011-2022,132_DT_13204_2011_N213_20260915163035.csv,TIME_MACHINE
2015,범위확인필요,병역법,1604.0,1478.0,,2011-2022,132_DT_13204_2011_N213_20260915163035.csv,TIME_MACHINE
2015,범위확인필요,보건범죄,3945.0,3761.0,,2011-2022,132_DT_13204_2011_N213_20260915163035.csv,TIME_MACHINE
2015,범위확인필요,보건범죄특조법(부정식품),1.0,,,2011-2022,132_DT_13204_2011_N213_20260915163035.csv,TIME_MACHINE
2015,범위확인필요,보건범죄특조법(부정의료업자),41.0,40.0,,2011-2022,132_DT_13204_2011_N213_20260915163035.csv,TIME_MACHINE
2015,범위확인필요,보건범죄특조법(부정의약품),7.0,3.0,,2011-2022,132_DT_13204_2011_N213_20260915163035.csv,TIME_MACHINE
2015,범위확인필요,부당이득,18.0,15.0,,2011-2022,132_DT_13204_2011_N213_20260915163035.csv,TIME_MACHINE
2015,범위확인필요,부정경쟁방지및영업비밀보호에관한법률,149.0,133.0,,2011-2022,132_DT_13204_2011_N213_20260915163035.csv,TIME_MACHINE
2015,범위확인필요,부정수표단속법,900.0,531.0,,2011-2022,132_DT_13204_2011_N213_20260915163035.csv,TIME_MACHINE
2015,범위확인필요,불법사용,39.0,26.0,,2011-2022,132_DT_13204_2011_N213_20260915163035.csv,TIME_MACHINE
2015,범위확인필요,비밀침해죄,16.0,13.0,,2011-2022,132_DT_13204_2011_N213_20260915163035.csv,TIME_MACHINE
2015,범위확인필요,사기,54304.0,36354.0,,2011-2022,132_DT_13204_2011_N213_20260915163035.csv,TIME_MACHINE
2015,범위확인필요,사기(상습),185.0,158.0,,2011-2022,132_DT_13204_2011_N213_20260915163035.csv,TIME_MACHINE
2015,범위확인필요,사문서위조·변조,2551.0,1854.0,,2011-2022,132_DT_13204_2011_N213_20260915163035.csv,TIME_MACHINE
2015,범위확인필요,사인등의위조·부정사용및행사,39.0,31.0,,2011-2022,132_DT_13204_2011_N213_20260915163035.csv,TIME_MACHINE
2015,범위확인필요,사전자기록등위작·변작,56.0,22.0,,2011-2022,132_DT_13204_2011_N213_20260915163035.csv,TIME_MACHINE
2015,범위확인필요,산림법,2.0,1.0,,2011-2022,132_DT_13204_2011_N213_20260915163035.csv,TIME_MACHINE
2015,범위확인필요,산업안전보건법,2.0,2.0,,2011-2022,132_DT_13204_2011_N213_20260915163035.csv,TIME_MACHINE
2015,범위확인필요,살인,59.0,58.0,,2011-2022,132_DT_13204_2011_N213_20260915163035.csv,TIME_MACHINE
2015,범위확인필요,살인기수,67.0,65.0,,2011-2022,132_DT_13204_2011_N213_20260915163035.csv,TIME_MACHINE
2015,범위확인필요,살인미수등,96.0,91.0,,2011-2022,132_DT_13204_2011_N213_20260915163035.csv,TIME_MACHINE
2015,범위확인필요,상표법,819.0,722.0,,2011-2022,132_DT_13204_2011_N213_20260915163035.csv,TIME_MACHINE
2015,범위확인필요,상해,7178.0,6742.0,,2011-2022,132_DT_13204_2011_N213_20260915163035.csv,TIME_MACHINE
2015,범위확인필요,상해(중),14.0,14.0,,2011-2022,132_DT_13204_2011_N213_20260915163035.csv,TIME_MACHINE
2015,범위확인필요,상해치사,6.0,6.0,,2011-2022,132_DT_13204_2011_N213_20260915163035.csv,TIME_MACHINE
2015,범위확인필요,생명윤리및안전에관한법률,1.0,1.0,,2011-2022,132_DT_13204_2011_N213_20260915163035.csv,TIME_MACHINE
2015,범위확인필요,석유및석유대체연료사업법,32.0,38.0,,2011-2022,132_DT_13204_2011_N213_20260915163035.csv,TIME_MACHINE
2015,범위확인필요,선거범죄,26.0,17.0,,2011-2022,132_DT_13204_2011_N213_20260915163035.csv,TIME_MACHINE
2015,범위확인필요,선박직원법,1.0,,,2011-2022,132_DT_13204_2011_N213_20260915163035.csv,TIME_MACHINE
2015,범위확인필요,성매매방지및피해자보호등에관한법률위반,1.0,,,2011-2022,132_DT_13204_2011_N213_20260915163035.csv,TIME_MACHINE
2015,범위확인필요,성매매알선등행위의처벌에관한법률위반(기타),636.0,626.0,,2011-2022,132_DT_13204_2011_N213_20260915163035.csv,TIME_MACHINE
2015,범위확인필요,성매매알선등행위의처벌에관한법률위반(성매매),257.0,244.0,,2011-2022,132_DT_13204_2011_N213_20260915163035.csv,TIME_MACHINE
2015,범위확인필요,성매매알선등행위의처벌에관한법률위반(성매매강요등),3.0,2.0,,2011-2022,132_DT_13204_2011_N213_20260915163035.csv,TIME_MACHINE
2015,범위확인필요,성매매알선등행위의처벌에관한법률위반(성매매광고),8.0,4.0,,2011-2022,132_DT_13204_2011_N213_20260915163035.csv,TIME_MACHINE
2015,범위확인필요,성매매알선등행위의처벌에관한법률위반(성매매알선등),658.0,661.0,,2011-2022,132_DT_13204_2011_N213_20260915163035.csv,TIME_MACHINE
2015,범위확인필요,성매매알선등행위의처벌에관한법률위반(아동·청소년),1.0,1.0,,2011-2022,132_DT_13204_2011_N213_20260915163035.csv,TIME_MACHINE
2015,범위확인필요,성폭력범죄의처벌등에관한특례법(성적목적다중이용장소침입),137.0,120.0,,2011-2022,132_DT_13204_2011_N213_20260915163035.csv,TIME_MACHINE
2015,범위확인필요,"성폭력범죄의처벌등에관한특례법(카메라등이용촬영,반포등)",3638.0,3544.0,,2011-2022,132_DT_13204_2011_N213_20260915163035.csv,TIME_MACHINE
2015,범위확인필요,성폭력범죄의처벌등에관한특례법(통신매체이용음란),243.0,225.0,,2011-2022,132_DT_13204_2011_N213_20260915163035.csv,TIME_MACHINE
2015,범위확인필요,성폭력범죄의처벌등에관한특례법위반(기타),604.0,572.0,,2011-2022,132_DT_13204_2011_N213_20260915163035.csv,TIME_MACHINE
2015,범위확인필요,성풍속범죄,5439.0,4867.0,,2011-2022,132_DT_13204_2011_N213_20260915163035.csv,TIME_MACHINE
2015,범위확인필요,소방기본법,3.0,2.0,,2011-2022,132_DT_13204_2011_N213_20260915163035.csv,TIME_MACHINE
2015,범위확인필요,손괴,11739.0,5599.0,,2011-2022,132_DT_13204_2011_N213_20260915163035.csv,TIME_MACHINE
2015,범위확인필요,손괴의죄,11739.0,5599.0,,2011-2022,132_DT_13204_2011_N213_20260915163035.csv,TIME_MACHINE
2015,범위확인필요,수도법,2.0,3.0,,2011-2022,132_DT_13204_2011_N213_20260915163035.csv,TIME_MACHINE
2015,범위확인필요,식품위생법,1591.0,1552.0,,2011-2022,132_DT_13204_2011_N213_20260915163035.csv,TIME_MACHINE
2015,범위확인필요,신앙에관한죄,18.0,20.0,,2011-2022,132_DT_13204_2011_N213_20260915163035.csv,TIME_MACHINE
2015,범위확인필요,"신용,업무와경매에관한죄",5812.0,5598.0,,2011-2022,132_DT_13204_2011_N213_20260915163035.csv,TIME_MACHINE
2015,범위확인필요,신용정보의이용및보호에관한법률,7.0,6.0,,2011-2022,132_DT_13204_2011_N213_20260915163035.csv,TIME_MACHINE
2015,범위확인필요,실용신안법,15.0,12.0,,2011-2022,132_DT_13204_2011_N213_20260915163035.csv,TIME_MACHINE
2015,범위확인필요,실화및업무상실화죄,289.0,230.0,,2011-2022,132_DT_13204_2011_N213_20260915163035.csv,TIME_MACHINE
2015,범위확인필요,아동·청소년의성보호에관한법률위반(강요행위등),5.0,5.0,,2011-2022,132_DT_13204_2011_N213_20260915163035.csv,TIME_MACHINE
2015,범위확인필요,아동·청소년의성보호에관한법률위반(기타),50.0,50.0,,2011-2022,132_DT_13204_2011_N213_20260915163035.csv,TIME_MACHINE
2015,범위확인필요,아동·청소년의성보호에관한법률위반(성매수등),34.0,26.0,,2011-2022,132_DT_13204_2011_N213_20260915163035.csv,TIME_MACHINE
2015,범위확인필요,아동·청소년의성보호에관한법률위반(아동·청소년성착취물소지·제작·배포등),67.0,96.0,,2011-2022,132_DT_13204_2011_N213_20260915163035.csv,TIME_MACHINE
2015,범위확인필요,아동·청소년의성보호에관한법률위반(알선영업행위등),14.0,15.0,,2011-2022,132_DT_13204_2011_N213_20260915163035.csv,TIME_MACHINE
2015,범위확인필요,아동복지법위반(기타),165.0,165.0,,2011-2022,132_DT_13204_2011_N213_20260915163035.csv,TIME_MACHINE
2015,범위확인필요,아동복지법위반(유기·학대 등),120.0,118.0,,2011-2022,132_DT_13204_2011_N213_20260915163035.csv,TIME_MACHINE
2015,범위확인필요,아동학대처벌법위반(기타),17.0,16.0,,2011-2022,132_DT_13204_2011_N213_20260915163035.csv,TIME_MACHINE
2015,범위확인필요,아동학대처벌법위반(상습상해),2.0,2.0,,2011-2022,132_DT_13204_2011_N213_20260915163035.csv,TIME_MACHINE
2015,범위확인필요,아동학대처벌법위반(상습폭행),9.0,9.0,,2011-2022,132_DT_13204_2011_N213_20260915163035.csv,TIME_MACHINE
2015,범위확인필요,아동학대처벌법위반(아동복지시설 종사자 등의 아동학대 가중처벌),2.0,2.0,,2011-2022,132_DT_13204_2011_N213_20260915163035.csv,TIME_MACHINE
2015,범위확인필요,아동학대처벌법위반(유기·학대 등),2.0,2.0,,2011-2022,132_DT_13204_2011_N213_20260915163035.csv,TIME_MACHINE
2015,범위확인필요,아동학대처벌법위반(처분 불이행 등),1.0,1.0,,2011-2022,132_DT_13204_2011_N213_20260915163035.csv,TIME_MACHINE
2015,범위확인필요,안보범죄,38.0,33.0,,2011-2022,132_DT_13204_2011_N213_20260915163035.csv,TIME_MACHINE
2015,범위확인필요,액화석유가스의안전및사업관리법,8.0,9.0,,2011-2022,132_DT_13204_2011_N213_20260915163035.csv,TIME_MACHINE
2015,범위확인필요,야간주거침입절도,1091.0,715.0,,2011-2022,132_DT_13204_2011_N213_20260915163035.csv,TIME_MACHINE
2015,범위확인필요,야간주거침입절도(상습),29.0,19.0,,2011-2022,132_DT_13204_2011_N213_20260915163035.csv,TIME_MACHINE
2015,범위확인필요,야생생물보호및관리에관한법률위반,4.0,3.0,,2011-2022,132_DT_13204_2011_N213_20260915163035.csv,TIME_MACHINE
2015,범위확인필요,약사법,444.0,431.0,,2011-2022,132_DT_13204_2011_N213_20260915163035.csv,TIME_MACHINE
2015,범위확인필요,약취·유인,44.0,37.0,,2011-2022,132_DT_13204_2011_N213_20260915163035.csv,TIME_MACHINE
2015,범위확인필요,약취·유인(미성년자),25.0,20.0,,2011-2022,132_DT_13204_2011_N213_20260915163035.csv,TIME_MACHINE
2015,범위확인필요,약취·유인(추행·간음·결혼·영리),17.0,15.0,,2011-2022,132_DT_13204_2011_N213_20260915163035.csv,TIME_MACHINE
2015,범위확인필요,업무상배임,598.0,495.0,,2011-2022,132_DT_13204_2011_N213_20260915163035.csv,TIME_MACHINE
2015,범위확인필요,업무상위력등에의한추행,68.0,63.0,,2011-2022,132_DT_13204_2011_N213_20260915163035.csv,TIME_MACHINE
2015,범위확인필요,업무상위력에의한간음,2.0,2.0,,2011-2022,132_DT_13204_2011_N213_20260915163035.csv,TIME_MACHINE
2015,범위확인필요,업무상횡령,1747.0,1462.0,,2011-2022,132_DT_13204_2011_N213_20260915163035.csv,TIME_MACHINE
2015,범위확인필요,여객자동차운수사업법,829.0,702.0,,2011-2022,132_DT_13204_2011_N213_20260915163035.csv,TIME_MACHINE
2015,범위확인필요,여권법,12.0,14.0,,2011-2022,132_DT_13204_2011_N213_20260915163035.csv,TIME_MACHINE
2015,범위확인필요,여신전문금융업법위반,1143.0,532.0,,2011-2022,132_DT_13204_2011_N213_20260915163035.csv,TIME_MACHINE
2015,범위확인필요,영아살해,2.0,1.0,,2011-2022,132_DT_13204_2011_N213_20260915163035.csv,TIME_MACHINE
2015,범위확인필요,영화및비디오물의진흥에관한법률,7.0,7.0,,2011-2022,132_DT_13204_2011_N213_20260915163035.csv,TIME_MACHINE
2015,범위확인필요,예비군법위반,3058.0,2974.0,,2011-2022,132_DT_13204_2011_N213_20260915163035.csv,TIME_MACHINE
2015,범위확인필요,옥외광고물법위반,243.0,191.0,,2011-2022,132_DT_13204_2011_N213_20260915163035.csv,TIME_MACHINE
2015,범위확인필요,외국환거래법,54.0,45.0,,2011-2022,132_DT_13204_2011_N213_20260915163035.csv,TIME_MACHINE
2015,범위확인필요,위증죄,670.0,541.0,,2011-2022,132_DT_13204_2011_N213_20260915163035.csv,TIME_MACHINE
2015,범위확인필요,위치정보의보호및이용등에관한법률,11.0,8.0,,2011-2022,132_DT_13204_2011_N213_20260915163035.csv,TIME_MACHINE
2015,범위확인필요,유가증권위조·변조,127.0,85.0,,2011-2022,132_DT_13204_2011_N213_20260915163035.csv,TIME_MACHINE
2015,범위확인필요,유가증권인지,127.0,85.0,,2011-2022,132_DT_13204_2011_N213_20260915163035.csv,TIME_MACHINE
2015,범위확인필요,유기와학대의죄,19.0,15.0,,2011-2022,132_DT_13204_2011_N213_20260915163035.csv,TIME_MACHINE
2015,범위확인필요,유사강간,118.0,114.0,,2011-2022,132_DT_13204_2011_N213_20260915163035.csv,TIME_MACHINE
2015,범위확인필요,유사강간(상습),1.0,1.0,,2011-2022,132_DT_13204_2011_N213_20260915163035.csv,TIME_MACHINE
2015,범위확인필요,유사강간상해·치상,4.0,3.0,,2011-2022,132_DT_13204_2011_N213_20260915163035.csv,TIME_MACHINE
2015,범위확인필요,유사성행위,32.0,30.0,,2011-2022,132_DT_13204_2011_N213_20260915163035.csv,TIME_MACHINE
2015,범위확인필요,유사수신행위의규제에관한법률,150.0,112.0,,2011-2022,132_DT_13204_2011_N213_20260915163035.csv,TIME_MACHINE
2015,범위확인필요,음악산업진흥에관한법률,1249.0,1237.0,,2011-2022,132_DT_13204_2011_N213_20260915163035.csv,TIME_MACHINE
2015,범위확인필요,음용수에관한죄,1.0,,,2011-2022,132_DT_13204_2011_N213_20260915163035.csv,TIME_MACHINE
2015,범위확인필요,"음화등반포(판매,임대,전시,제조)",2.0,2.0,,2011-2022,132_DT_13204_2011_N213_20260915163035.csv,TIME_MACHINE
2015,범위확인필요,의료법,740.0,706.0,,2011-2022,132_DT_13204_2011_N213_20260915163035.csv,TIME_MACHINE
2015,범위확인필요,인질강도,3.0,,,2011-2022,132_DT_13204_2011_N213_20260915163035.csv,TIME_MACHINE
2015,범위확인필요,일반건조물등방화,83.0,65.0,,2011-2022,132_DT_13204_2011_N213_20260915163035.csv,TIME_MACHINE
2015,범위확인필요,자기소유건조물등방화,7.0,7.0,,2011-2022,132_DT_13204_2011_N213_20260915163035.csv,TIME_MACHINE
2015,범위확인필요,자동차관리법,3193.0,2920.0,,2011-2022,132_DT_13204_2011_N213_20260915163035.csv,TIME_MACHINE
2015,범위확인필요,자동차방화,4.0,4.0,,2011-2022,132_DT_13204_2011_N213_20260915163035.csv,TIME_MACHINE
2015,범위확인필요,자동차손해배상보장법,1630.0,1013.0,,2011-2022,132_DT_13204_2011_N213_20260915163035.csv,TIME_MACHINE
2015,범위확인필요,자살교사·방조,1.0,1.0,,2011-2022,132_DT_13204_2011_N213_20260915163035.csv,TIME_MACHINE
2015,범위확인필요,자연공원법,12.0,12.0,,2011-2022,132_DT_13204_2011_N213_20260915163035.csv,TIME_MACHINE
2015,범위확인필요,장물에관한죄,519.0,330.0,,2011-2022,132_DT_13204_2011_N213_20260915163035.csv,TIME_MACHINE
2015,범위확인필요,장사등에관한법률,2.0,2.0,,2011-2022,132_DT_13204_2011_N213_20260915163035.csv,TIME_MACHINE
2015,범위확인필요,장애인에대한강간·간음,38.0,38.0,,2011-2022,132_DT_13204_2011_N213_20260915163035.csv,TIME_MACHINE
2015,범위확인필요,장애인에대한강제추행·추행,46.0,42.0,,2011-2022,132_DT_13204_2011_N213_20260915163035.csv,TIME_MACHINE
2015,범위확인필요,장애인에대한준강간등,8.0,7.0,,2011-2022,132_DT_13204_2011_N213_20260915163035.csv,TIME_MACHINE
2015,범위확인필요,재난및안전관리기본법,1.0,1.0,,2011-2022,132_DT_13204_2011_N213_20260915163035.csv,TIME_MACHINE
2015,범위확인필요,저작권법,10000.0,3042.0,,2011-2022,132_DT_13204_2011_N213_20260915163035.csv,TIME_MACHINE
2015,범위확인필요,전기통신기본법,49.0,41.0,,2011-2022,132_DT_13204_2011_N213_20260915163035.csv,TIME_MACHINE
2015,범위확인필요,전자금융거래법위반,2185.0,1882.0,,2011-2022,132_DT_13204_2011_N213_20260915163035.csv,TIME_MACHINE
2015,범위확인필요,전파법,10.0,8.0,,2011-2022,132_DT_13204_2011_N213_20260915163035.csv,TIME_MACHINE
2015,범위확인필요,절도,50308.0,17793.0,,2011-2022,132_DT_13204_2011_N213_20260915163035.csv,TIME_MACHINE
2015,범위확인필요,절도(상습),772.0,710.0,,2011-2022,132_DT_13204_2011_N213_20260915163035.csv,TIME_MACHINE
2015,범위확인필요,절도강간등,2.0,2.0,,2011-2022,132_DT_13204_2011_N213_20260915163035.csv,TIME_MACHINE
2015,범위확인필요,절도강제추행,2.0,1.0,,2011-2022,132_DT_13204_2011_N213_20260915163035.csv,TIME_MACHINE
2015,범위확인필요,절도범죄,55307.0,21842.0,,2011-2022,132_DT_13204_2011_N213_20260915163035.csv,TIME_MACHINE
2015,범위확인필요,점유이탈물등횡령,7927.0,2021.0,,2011-2022,132_DT_13204_2011_N213_20260915163035.csv,TIME_MACHINE
2015,범위확인필요,정보통신망이용촉진및정보보호등에관한법률(음란물유포),692.0,373.0,,2011-2022,132_DT_13204_2011_N213_20260915163035.csv,TIME_MACHINE
2015,범위확인필요,정보통신망이용촉진및정보보호등에관한법률위반(개인정보누설등),31.0,24.0,,2011-2022,132_DT_13204_2011_N213_20260915163035.csv,TIME_MACHINE
2015,범위확인필요,정보통신망이용촉진및정보보호등에관한법률위반(기타),745.0,471.0,,2011-2022,132_DT_13204_2011_N213_20260915163035.csv,TIME_MACHINE
2015,범위확인필요,정보통신망이용촉진및정보보호등에관한법률위반(명예훼손),1542.0,955.0,,2011-2022,132_DT_13204_2011_N213_20260915163035.csv,TIME_MACHINE
2015,범위확인필요,정보통신망이용촉진및정보보호등에관한법률위반(정보통신망침해등),407.0,98.0,,2011-2022,132_DT_13204_2011_N213_20260915163035.csv,TIME_MACHINE
2015,범위확인필요,정치자금법,4.0,2.0,,2011-2022,132_DT_13204_2011_N213_20260915163035.csv,TIME_MACHINE
2015,범위확인필요,조세범처벌법,674.0,596.0,,2011-2022,132_DT_13204_2011_N213_20260915163035.csv,TIME_MACHINE
2015,범위확인필요,존속살해,5.0,5.0,,2011-2022,132_DT_13204_2011_N213_20260915163035.csv,TIME_MACHINE
2015,범위확인필요,존속상해,73.0,71.0,,2011-2022,132_DT_13204_2011_N213_20260915163035.csv,TIME_MACHINE
2015,범위확인필요,존속상해치사,2.0,2.0,,2011-2022,132_DT_13204_2011_N213_20260915163035.csv,TIME_MACHINE
2015,범위확인필요,존속체포·감금,3.0,2.0,,2011-2022,132_DT_13204_2011_N213_20260915163035.csv,TIME_MACHINE
2015,범위확인필요,존속체포·감금치사상(중·특수·상습),1.0,1.0,,2011-2022,132_DT_13204_2011_N213_20260915163035.csv,TIME_MACHINE
2015,범위확인필요,존속폭행,279.0,274.0,,2011-2022,132_DT_13204_2011_N213_20260915163035.csv,TIME_MACHINE
2015,범위확인필요,존속폭행(상습),3.0,3.0,,2011-2022,132_DT_13204_2011_N213_20260915163035.csv,TIME_MACHINE
2015,범위확인필요,존속폭행(특수),1.0,1.0,,2011-2022,132_DT_13204_2011_N213_20260915163035.csv,TIME_MACHINE
2015,범위확인필요,존속폭행치사,1.0,1.0,,2011-2022,132_DT_13204_2011_N213_20260915163035.csv,TIME_MACHINE
2015,범위확인필요,존속폭행치상,3.0,3.0,,2011-2022,132_DT_13204_2011_N213_20260915163035.csv,TIME_MACHINE
2015,범위확인필요,존속협박,38.0,38.0,,2011-2022,132_DT_13204_2011_N213_20260915163035.csv,TIME_MACHINE
2015,범위확인필요,존속협박(상습),1.0,1.0,,2011-2022,132_DT_13204_2011_N213_20260915163035.csv,TIME_MACHINE
2015,범위확인필요,주거침입강간,20.0,19.0,,2011-2022,132_DT_13204_2011_N213_20260915163035.csv,TIME_MACHINE
2015,범위확인필요,주거침입강간등,13.0,13.0,,2011-2022,132_DT_13204_2011_N213_20260915163035.csv,TIME_MACHINE
2015,범위확인필요,주거침입강제추행,34.0,29.0,,2011-2022,132_DT_13204_2011_N213_20260915163035.csv,TIME_MACHINE
2015,범위확인필요,주거침입유사강간,3.0,3.0,,2011-2022,132_DT_13204_2011_N213_20260915163035.csv,TIME_MACHINE
2015,범위확인필요,주거침입의죄,2326.0,1772.0,,2011-2022,132_DT_13204_2011_N213_20260915163035.csv,TIME_MACHINE
2015,범위확인필요,주민등록법,723.0,412.0,,2011-2022,132_DT_13204_2011_N213_20260915163035.csv,TIME_MACHINE
2015,범위확인필요,주차장법,165.0,145.0,,2011-2022,132_DT_13204_2011_N213_20260915163035.csv,TIME_MACHINE
2015,범위확인필요,준강간,245.0,243.0,,2011-2022,132_DT_13204_2011_N213_20260915163035.csv,TIME_MACHINE
2015,범위확인필요,준강도,35.0,33.0,,2011-2022,132_DT_13204_2011_N213_20260915163035.csv,TIME_MACHINE
2015,범위확인필요,준강제추행,166.0,162.0,,2011-2022,132_DT_13204_2011_N213_20260915163035.csv,TIME_MACHINE
2015,범위확인필요,준사기,19.0,14.0,,2011-2022,132_DT_13204_2011_N213_20260915163035.csv,TIME_MACHINE
2015,범위확인필요,준유사강간,19.0,18.0,,2011-2022,132_DT_13204_2011_N213_20260915163035.csv,TIME_MACHINE
2015,범위확인필요,증수뢰,57.0,43.0,,2011-2022,132_DT_13204_2011_N213_20260915163035.csv,TIME_MACHINE
2015,범위확인필요,지능범죄,73308.0,46119.0,,2011-2022,132_DT_13204_2011_N213_20260915163035.csv,TIME_MACHINE
2015,범위확인필요,지방세법,66.0,42.0,,2011-2022,132_DT_13204_2011_N213_20260915163035.csv,TIME_MACHINE
2015,범위확인필요,직권남용,99.0,57.0,,2011-2022,132_DT_13204_2011_N213_20260915163035.csv,TIME_MACHINE
2015,범위확인필요,직권남용(권리행사방해·체포·감금),70.0,36.0,,2011-2022,132_DT_13204_2011_N213_20260915163035.csv,TIME_MACHINE
2015,범위확인필요,직무유기,106.0,50.0,,2011-2022,132_DT_13204_2011_N213_20260915163035.csv,TIME_MACHINE
2015,범위확인필요,직무유기·수행거부,105.0,50.0,,2011-2022,132_DT_13204_2011_N213_20260915163035.csv,TIME_MACHINE
2015,범위확인필요,직업안정법,130.0,121.0,,2011-2022,132_DT_13204_2011_N213_20260915163035.csv,TIME_MACHINE
2015,범위확인필요,집회및시위에관한법률,296.0,274.0,,2011-2022,132_DT_13204_2011_N213_20260915163035.csv,TIME_MACHINE
2015,범위확인필요,채무자회생및파산에관한법률위반,29.0,22.0,,2011-2022,132_DT_13204_2011_N213_20260915163035.csv,TIME_MACHINE
2015,범위확인필요,철도안전법,38.0,40.0,,2011-2022,132_DT_13204_2011_N213_20260915163035.csv,TIME_MACHINE
2015,범위확인필요,청소년보호법,1592.0,1560.0,,2011-2022,132_DT_13204_2011_N213_20260915163035.csv,TIME_MACHINE
2015,범위확인필요,청소년에대한강간·간음,79.0,78.0,,2011-2022,132_DT_13204_2011_N213_20260915163035.csv,TIME_MACHINE
2015,범위확인필요,청소년에대한강간등,24.0,21.0,,2011-2022,132_DT_13204_2011_N213_20260915163035.csv,TIME_MACHINE
2015,범위확인필요,청소년에대한강제추행·추행,228.0,211.0,,2011-2022,132_DT_13204_2011_N213_20260915163035.csv,TIME_MACHINE
2015,범위확인필요,체포·감금,181.0,163.0,,2011-2022,132_DT_13204_2011_N213_20260915163035.csv,TIME_MACHINE
2015,범위확인필요,체포·감금(중),6.0,6.0,,2011-2022,132_DT_13204_2011_N213_20260915163035.csv,TIME_MACHINE
2015,범위확인필요,체포·감금치사상(중·특수·상습),7.0,8.0,,2011-2022,132_DT_13204_2011_N213_20260915163035.csv,TIME_MACHINE
2015,범위확인필요,총계,356575.0,265788.0,,2011-2022,132_DT_13204_2011_N213_20260915163035.csv,TIME_MACHINE
2015,범위확인필요,총포·도검·화약류등의안전관리에관한법률,36.0,49.0,,2011-2022,132_DT_13204_2011_N213_20260915163035.csv,TIME_MACHINE
2015,범위확인필요,축산물위생관리법,61.0,64.0,,2011-2022,132_DT_13204_2011_N213_20260915163035.csv,TIME_MACHINE
2015,범위확인필요,출입국관리법,203.0,187.0,,2011-2022,132_DT_13204_2011_N213_20260915163035.csv,TIME_MACHINE
2015,범위확인필요,친족관계에의한강간,18.0,17.0,,2011-2022,132_DT_13204_2011_N213_20260915163035.csv,TIME_MACHINE
2015,범위확인필요,친족관계에의한강제추행,31.0,29.0,,2011-2022,132_DT_13204_2011_N213_20260915163035.csv,TIME_MACHINE
2015,범위확인필요,컴퓨터등사용사기,2889.0,1439.0,,2011-2022,132_DT_13204_2011_N213_20260915163035.csv,TIME_MACHINE
2015,범위확인필요,컴퓨터프로그램보호법,3.0,1.0,,2011-2022,132_DT_13204_2011_N213_20260915163035.csv,TIME_MACHINE
2015,범위확인필요,토양환경보전법,1.0,1.0,,2011-2022,132_DT_13204_2011_N213_20260915163035.csv,TIME_MACHINE
2015,범위확인필요,통신비밀보호법,28.0,24.0,,2011-2022,132_DT_13204_2011_N213_20260915163035.csv,TIME_MACHINE
2015,범위확인필요,통화,800.0,27.0,,2011-2022,132_DT_13204_2011_N213_20260915163035.csv,TIME_MACHINE
2015,범위확인필요,통화위조·변조,521.0,10.0,,2011-2022,132_DT_13204_2011_N213_20260915163035.csv,TIME_MACHINE
2015,범위확인필요,특가법(관세),1.0,,,2011-2022,132_DT_13204_2011_N213_20260915163035.csv,TIME_MACHINE
2015,범위확인필요,특가법(국고손실),1.0,1.0,,2011-2022,132_DT_13204_2011_N213_20260915163035.csv,TIME_MACHINE
2015,범위확인필요,특가법(뇌물),5.0,3.0,,2011-2022,132_DT_13204_2011_N213_20260915163035.csv,TIME_MACHINE
2015,범위확인필요,특가법(도주차량),1402.0,1301.0,,2011-2022,132_DT_13204_2011_N213_20260915163035.csv,TIME_MACHINE
2015,범위확인필요,특가법(무고),1.0,1.0,,2011-2022,132_DT_13204_2011_N213_20260915163035.csv,TIME_MACHINE
2015,범위확인필요,특가법(보복범죄등),14.0,15.0,,2011-2022,132_DT_13204_2011_N213_20260915163035.csv,TIME_MACHINE
2015,범위확인필요,특가법(보복상해등),11.0,10.0,,2011-2022,132_DT_13204_2011_N213_20260915163035.csv,TIME_MACHINE
2015,범위확인필요,특가법(보복폭행등),10.0,10.0,,2011-2022,132_DT_13204_2011_N213_20260915163035.csv,TIME_MACHINE
2015,범위확인필요,특가법(보복협박등),37.0,38.0,,2011-2022,132_DT_13204_2011_N213_20260915163035.csv,TIME_MACHINE
2015,범위확인필요,특가법(알선수재),3.0,,,2011-2022,132_DT_13204_2011_N213_20260915163035.csv,TIME_MACHINE
2015,범위확인필요,특가법(영리약취·유인·매매),1.0,1.0,,2011-2022,132_DT_13204_2011_N213_20260915163035.csv,TIME_MACHINE
2015,범위확인필요,특가법(운전자폭행등),966.0,959.0,,2011-2022,132_DT_13204_2011_N213_20260915163035.csv,TIME_MACHINE
2015,범위확인필요,특가법(운전자협박),1.0,1.0,,2011-2022,132_DT_13204_2011_N213_20260915163035.csv,TIME_MACHINE
2015,범위확인필요,특가법(위험운전치사상),1715.0,1712.0,,2011-2022,132_DT_13204_2011_N213_20260915163035.csv,TIME_MACHINE
2015,범위확인필요,특가법(장물),7.0,,,2011-2022,132_DT_13204_2011_N213_20260915163035.csv,TIME_MACHINE
2015,범위확인필요,특가법(절도),212.0,192.0,,2011-2022,132_DT_13204_2011_N213_20260915163035.csv,TIME_MACHINE
2015,범위확인필요,특가법(조세),51.0,50.0,,2011-2022,132_DT_13204_2011_N213_20260915163035.csv,TIME_MACHINE
2015,범위확인필요,"특가법(체포·감금,독직폭행·가혹행위)",2.0,2.0,,2011-2022,132_DT_13204_2011_N213_20260915163035.csv,TIME_MACHINE
2015,범위확인필요,특가법(통화위조),151.0,9.0,,2011-2022,132_DT_13204_2011_N213_20260915163035.csv,TIME_MACHINE
2015,범위확인필요,특경법(공갈),7.0,6.0,,2011-2022,132_DT_13204_2011_N213_20260915163035.csv,TIME_MACHINE
2015,범위확인필요,특경법(배임),158.0,136.0,,2011-2022,132_DT_13204_2011_N213_20260915163035.csv,TIME_MACHINE
2015,범위확인필요,특경법(사금융알선등),3.0,1.0,,2011-2022,132_DT_13204_2011_N213_20260915163035.csv,TIME_MACHINE
2015,범위확인필요,특경법(사기),849.0,659.0,,2011-2022,132_DT_13204_2011_N213_20260915163035.csv,TIME_MACHINE
2015,범위확인필요,특경법(수재등),4.0,3.0,,2011-2022,132_DT_13204_2011_N213_20260915163035.csv,TIME_MACHINE
2015,범위확인필요,특경법(알선수재),15.0,9.0,,2011-2022,132_DT_13204_2011_N213_20260915163035.csv,TIME_MACHINE
2015,범위확인필요,특경법(재산국외도피),3.0,2.0,,2011-2022,132_DT_13204_2011_N213_20260915163035.csv,TIME_MACHINE
2015,범위확인필요,특경법(횡령),237.0,182.0,,2011-2022,132_DT_13204_2011_N213_20260915163035.csv,TIME_MACHINE
2015,범위확인필요,특별경제범죄,22404.0,13597.0,,2011-2022,132_DT_13204_2011_N213_20260915163035.csv,TIME_MACHINE
2015,범위확인필요,특수강간(준),54.0,53.0,,2011-2022,132_DT_13204_2011_N213_20260915163035.csv,TIME_MACHINE
2015,범위확인필요,특수강도,95.0,92.0,,2011-2022,132_DT_13204_2011_N213_20260915163035.csv,TIME_MACHINE
2015,범위확인필요,특수강도강간,8.0,8.0,,2011-2022,132_DT_13204_2011_N213_20260915163035.csv,TIME_MACHINE
2015,범위확인필요,특수강도강간등,10.0,8.0,,2011-2022,132_DT_13204_2011_N213_20260915163035.csv,TIME_MACHINE
2015,범위확인필요,특수강도강제추행,1.0,1.0,,2011-2022,132_DT_13204_2011_N213_20260915163035.csv,TIME_MACHINE
2015,범위확인필요,특수강제추행(준),7.0,5.0,,2011-2022,132_DT_13204_2011_N213_20260915163035.csv,TIME_MACHINE
2015,범위확인필요,특수절도,2806.0,2345.0,,2011-2022,132_DT_13204_2011_N213_20260915163035.csv,TIME_MACHINE
2015,범위확인필요,특수절도(상습),50.0,42.0,,2011-2022,132_DT_13204_2011_N213_20260915163035.csv,TIME_MACHINE
2015,범위확인필요,특수폭행,274.0,255.0,,2011-2022,132_DT_13204_2011_N213_20260915163035.csv,TIME_MACHINE
2015,범위확인필요,특수폭행치상,5.0,4.0,,2011-2022,132_DT_13204_2011_N213_20260915163035.csv,TIME_MACHINE
2015,범위확인필요,특허법,41.0,32.0,,2011-2022,132_DT_13204_2011_N213_20260915163035.csv,TIME_MACHINE
2015,범위확인필요,편의시설부정이용,5.0,4.0,,2011-2022,132_DT_13204_2011_N213_20260915163035.csv,TIME_MACHINE
2015,범위확인필요,폐기물관리법,8.0,8.0,,2011-2022,132_DT_13204_2011_N213_20260915163035.csv,TIME_MACHINE
2015,범위확인필요,폭력범죄,65269.0,55422.0,,2011-2022,132_DT_13204_2011_N213_20260915163035.csv,TIME_MACHINE
2015,범위확인필요,폭력행위등,6726.0,6187.0,,2011-2022,132_DT_13204_2011_N213_20260915163035.csv,TIME_MACHINE
2015,범위확인필요,폭력행위등처벌에관한법률위반(공동),3308.0,2901.0,,2011-2022,132_DT_13204_2011_N213_20260915163035.csv,TIME_MACHINE
2015,범위확인필요,폭력행위등처벌에관한법률위반(기타),7.0,6.0,,2011-2022,132_DT_13204_2011_N213_20260915163035.csv,TIME_MACHINE
2015,범위확인필요,폭력행위등처벌에관한법률위반(단체등의[상습·공동·집단흉기등·상습집단흉기등]),219.0,199.0,,2011-2022,132_DT_13204_2011_N213_20260915163035.csv,TIME_MACHINE
2015,범위확인필요,폭력행위등처벌에관한법률위반(상습),154.0,110.0,,2011-2022,132_DT_13204_2011_N213_20260915163035.csv,TIME_MACHINE
2015,범위확인필요,"폭력행위등처벌에관한법률위반(상습집단,흉기등)",54.0,52.0,,2011-2022,132_DT_13204_2011_N213_20260915163035.csv,TIME_MACHINE
2015,범위확인필요,폭력행위등처벌에관한법률위반(야간집단흉기등),100.0,1.0,,2011-2022,132_DT_13204_2011_N213_20260915163035.csv,TIME_MACHINE
2015,범위확인필요,폭력행위등처벌에관한법률위반(우범자),91.0,91.0,,2011-2022,132_DT_13204_2011_N213_20260915163035.csv,TIME_MACHINE
2015,범위확인필요,폭력행위등처벌에관한법률위반(직무유기),1.0,,,2011-2022,132_DT_13204_2011_N213_20260915163035.csv,TIME_MACHINE
2015,범위확인필요,"폭력행위등처벌에관한법률위반(집단,흉기등)",2900.0,2833.0,,2011-2022,132_DT_13204_2011_N213_20260915163035.csv,TIME_MACHINE
2015,범위확인필요,폭발성물건파열(과실),5.0,5.0,,2011-2022,132_DT_13204_2011_N213_20260915163035.csv,TIME_MACHINE
2015,범위확인필요,폭행,36909.0,34572.0,,2011-2022,132_DT_13204_2011_N213_20260915163035.csv,TIME_MACHINE
2015,범위확인필요,폭행(상습),1.0,1.0,,2011-2022,132_DT_13204_2011_N213_20260915163035.csv,TIME_MACHINE
2015,범위확인필요,폭행치사,10.0,10.0,,2011-2022,132_DT_13204_2011_N213_20260915163035.csv,TIME_MACHINE
2015,범위확인필요,폭행치상,323.0,313.0,,2011-2022,132_DT_13204_2011_N213_20260915163035.csv,TIME_MACHINE
2015,범위확인필요,풍속범죄,6761.0,6147.0,,2011-2022,132_DT_13204_2011_N213_20260915163035.csv,TIME_MACHINE
2015,범위확인필요,풍속영업의규제에관한법률,43.0,44.0,,2011-2022,132_DT_13204_2011_N213_20260915163035.csv,TIME_MACHINE
2015,범위확인필요,피약취자·피유인자·피매매자(상해·치상),1.0,1.0,,2011-2022,132_DT_13204_2011_N213_20260915163035.csv,TIME_MACHINE
2015,범위확인필요,하수도법,6.0,6.0,,2011-2022,132_DT_13204_2011_N213_20260915163035.csv,TIME_MACHINE
2015,범위확인필요,하천법,7.0,7.0,,2011-2022,132_DT_13204_2011_N213_20260915163035.csv,TIME_MACHINE
2015,범위확인필요,학원의설립·운영및과외교섭에관한법률,97.0,99.0,,2011-2022,132_DT_13204_2011_N213_20260915163035.csv,TIME_MACHINE
2015,범위확인필요,"허위감정,증거인멸·은닉,증인은닉죄",49.0,35.0,,2011-2022,132_DT_13204_2011_N213_20260915163035.csv,TIME_MACHINE
2015,범위확인필요,현주·공용건조물등방화,192.0,170.0,,2011-2022,132_DT_13204_2011_N213_20260915163035.csv,TIME_MACHINE
2015,범위확인필요,현주건조물등방화치사,4.0,3.0,,2011-2022,132_DT_13204_2011_N213_20260915163035.csv,TIME_MACHINE
2015,범위확인필요,현주건조물등방화치상,10.0,10.0,,2011-2022,132_DT_13204_2011_N213_20260915163035.csv,TIME_MACHINE
2015,범위확인필요,협박,1849.0,1633.0,,2011-2022,132_DT_13204_2011_N213_20260915163035.csv,TIME_MACHINE
2015,범위확인필요,협박(상습),1.0,1.0,,2011-2022,132_DT_13204_2011_N213_20260915163035.csv,TIME_MACHINE
2015,범위확인필요,협박(특수),342.0,338.0,,2011-2022,132_DT_13204_2011_N213_20260915163035.csv,TIME_MACHINE
2015,범위확인필요,형사소송법,1.0,1.0,,2011-2022,132_DT_13204_2011_N213_20260915163035.csv,TIME_MACHINE
2015,범위확인필요,화물자동차운수사업법,557.0,530.0,,2011-2022,132_DT_13204_2011_N213_20260915163035.csv,TIME_MACHINE
2015,범위확인필요,환경범죄,54.0,50.0,,2011-2022,132_DT_13204_2011_N213_20260915163035.csv,TIME_MACHINE
2015,범위확인필요,횡령,13300.0,6105.0,,2011-2022,132_DT_13204_2011_N213_20260915163035.csv,TIME_MACHINE
2016,범위확인필요,(특수·인질·해상)강도(상습),1.0,1.0,,2011-2022,132_DT_13204_2011_N213_20260915163035.csv,TIME_MACHINE
2016,범위확인필요,13세미만미성년자강간·간음,7.0,6.0,,2011-2022,132_DT_13204_2011_N213_20260915163035.csv,TIME_MACHINE
2016,범위확인필요,13세미만미성년자강간등,3.0,3.0,,2011-2022,132_DT_13204_2011_N213_20260915163035.csv,TIME_MACHINE
2016,범위확인필요,13세미만미성년자강제추행·추행,139.0,126.0,,2011-2022,132_DT_13204_2011_N213_20260915163035.csv,TIME_MACHINE
2016,범위확인필요,가스등공급사용방해(과실),1.0,1.0,,2011-2022,132_DT_13204_2011_N213_20260915163035.csv,TIME_MACHINE
2016,범위확인필요,가스등공급사용방해(치사·상),1.0,,,2011-2022,132_DT_13204_2011_N213_20260915163035.csv,TIME_MACHINE
2016,범위확인필요,가스등방출(치사·상),3.0,3.0,,2011-2022,132_DT_13204_2011_N213_20260915163035.csv,TIME_MACHINE
2016,범위확인필요,가정폭력범죄의처벌등에관한특례법위반,23.0,22.0,,2011-2022,132_DT_13204_2011_N213_20260915163035.csv,TIME_MACHINE
2016,범위확인필요,강간,1131.0,1072.0,,2011-2022,132_DT_13204_2011_N213_20260915163035.csv,TIME_MACHINE
2016,범위확인필요,강간등살인·치사,1.0,1.0,,2011-2022,132_DT_13204_2011_N213_20260915163035.csv,TIME_MACHINE
2016,범위확인필요,강간등상해·치상,17.0,16.0,,2011-2022,132_DT_13204_2011_N213_20260915163035.csv,TIME_MACHINE
2016,범위확인필요,강간살인·치사,2.0,2.0,,2011-2022,132_DT_13204_2011_N213_20260915163035.csv,TIME_MACHINE
2016,범위확인필요,강간상해·치상,70.0,71.0,,2011-2022,132_DT_13204_2011_N213_20260915163035.csv,TIME_MACHINE
2016,범위확인필요,강도,262.0,257.0,,2011-2022,132_DT_13204_2011_N213_20260915163035.csv,TIME_MACHINE
2016,범위확인필요,강도강간,4.0,7.0,,2011-2022,132_DT_13204_2011_N213_20260915163035.csv,TIME_MACHINE
2016,범위확인필요,강도살인·치사,5.0,5.0,,2011-2022,132_DT_13204_2011_N213_20260915163035.csv,TIME_MACHINE
2016,범위확인필요,강도상해·치상,85.0,83.0,,2011-2022,132_DT_13204_2011_N213_20260915163035.csv,TIME_MACHINE
2016,범위확인필요,강력범죄,6698.0,6216.0,,2011-2022,132_DT_13204_2011_N213_20260915163035.csv,TIME_MACHINE
2016,범위확인필요,강제추행,4676.0,4315.0,,2011-2022,132_DT_13204_2011_N213_20260915163035.csv,TIME_MACHINE
2016,범위확인필요,강제추행(상습),1.0,,,2011-2022,132_DT_13204_2011_N213_20260915163035.csv,TIME_MACHINE
2016,범위확인필요,강제추행상해·치상,25.0,24.0,,2011-2022,132_DT_13204_2011_N213_20260915163035.csv,TIME_MACHINE
2016,범위확인필요,개인정보보호법,280.0,219.0,,2011-2022,132_DT_13204_2011_N213_20260915163035.csv,TIME_MACHINE
2016,범위확인필요,건설산업기본법,538.0,172.0,,2011-2022,132_DT_13204_2011_N213_20260915163035.csv,TIME_MACHINE
2016,범위확인필요,건축법,389.0,373.0,,2011-2022,132_DT_13204_2011_N213_20260915163035.csv,TIME_MACHINE
2016,범위확인필요,게임산업진흥에관한법률,1248.0,1211.0,,2011-2022,132_DT_13204_2011_N213_20260915163035.csv,TIME_MACHINE
2016,범위확인필요,경범죄처벌법,1588.0,1524.0,,2011-2022,132_DT_13204_2011_N213_20260915163035.csv,TIME_MACHINE
2016,범위확인필요,고압가스안전관리법,46.0,33.0,,2011-2022,132_DT_13204_2011_N213_20260915163035.csv,TIME_MACHINE
2016,범위확인필요,골재채취법,2.0,2.0,,2011-2022,132_DT_13204_2011_N213_20260915163035.csv,TIME_MACHINE
2016,범위확인필요,공갈,705.0,529.0,,2011-2022,132_DT_13204_2011_N213_20260915163035.csv,TIME_MACHINE
2016,범위확인필요,공갈(상습),29.0,29.0,,2011-2022,132_DT_13204_2011_N213_20260915163035.csv,TIME_MACHINE
2016,범위확인필요,공무방해에관한죄,3016.0,2960.0,,2011-2022,132_DT_13204_2011_N213_20260915163035.csv,TIME_MACHINE
2016,범위확인필요,공무상비밀누설,6.0,5.0,,2011-2022,132_DT_13204_2011_N213_20260915163035.csv,TIME_MACHINE
2016,범위확인필요,공문서위조·변조,581.0,457.0,,2011-2022,132_DT_13204_2011_N213_20260915163035.csv,TIME_MACHINE
2016,범위확인필요,공안을해하는죄,8.0,7.0,,2011-2022,132_DT_13204_2011_N213_20260915163035.csv,TIME_MACHINE
2016,범위확인필요,공연음란,579.0,478.0,,2011-2022,132_DT_13204_2011_N213_20260915163035.csv,TIME_MACHINE
2016,범위확인필요,공인등의위조·부정사용및행사,94.0,84.0,,2011-2022,132_DT_13204_2011_N213_20260915163035.csv,TIME_MACHINE
2016,범위확인필요,공인중개사법,141.0,126.0,,2011-2022,132_DT_13204_2011_N213_20260915163035.csv,TIME_MACHINE
2016,범위확인필요,공전자기록등위작·변작,3.0,2.0,,2011-2022,132_DT_13204_2011_N213_20260915163035.csv,TIME_MACHINE
2016,범위확인필요,공중밀집장소에서의추행,1151.0,1015.0,,2011-2022,132_DT_13204_2011_N213_20260915163035.csv,TIME_MACHINE
2016,범위확인필요,공중위생관리법,755.0,754.0,,2011-2022,132_DT_13204_2011_N213_20260915163035.csv,TIME_MACHINE
2016,범위확인필요,공직선거법,173.0,145.0,,2011-2022,132_DT_13204_2011_N213_20260915163035.csv,TIME_MACHINE
2016,범위확인필요,과실치사상의죄,1000.0,912.0,,2011-2022,132_DT_13204_2011_N213_20260915163035.csv,TIME_MACHINE
2016,범위확인필요,관세법,4.0,2.0,,2011-2022,132_DT_13204_2011_N213_20260915163035.csv,TIME_MACHINE
2016,범위확인필요,교통방해의죄,768.0,464.0,,2011-2022,132_DT_13204_2011_N213_20260915163035.csv,TIME_MACHINE
2016,범위확인필요,교통범죄,74251.0,72615.0,,2011-2022,132_DT_13204_2011_N213_20260915163035.csv,TIME_MACHINE
2016,범위확인필요,교통사고,43463.0,41032.0,,2011-2022,132_DT_13204_2011_N213_20260915163035.csv,TIME_MACHINE
2016,범위확인필요,교통사고외,30788.0,31583.0,,2011-2022,132_DT_13204_2011_N213_20260915163035.csv,TIME_MACHINE
2016,범위확인필요,교통사고처리특례법,35318.0,34092.0,,2011-2022,132_DT_13204_2011_N213_20260915163035.csv,TIME_MACHINE
2016,범위확인필요,국가보안법,9.0,7.0,,2011-2022,132_DT_13204_2011_N213_20260915163035.csv,TIME_MACHINE
2016,범위확인필요,국민건강보험법,126.0,62.0,,2011-2022,132_DT_13204_2011_N213_20260915163035.csv,TIME_MACHINE
2016,범위확인필요,국민연금법,5.0,6.0,,2011-2022,132_DT_13204_2011_N213_20260915163035.csv,TIME_MACHINE
2016,범위확인필요,국토의계획및이용에관한법률,82.0,79.0,,2011-2022,132_DT_13204_2011_N213_20260915163035.csv,TIME_MACHINE
2016,범위확인필요,권리행사를방해하는죄,1639.0,1186.0,,2011-2022,132_DT_13204_2011_N213_20260915163035.csv,TIME_MACHINE
2016,범위확인필요,근로기준법,2.0,2.0,,2011-2022,132_DT_13204_2011_N213_20260915163035.csv,TIME_MACHINE
2016,범위확인필요,기타,2278.0,1921.0,,2011-2022,132_DT_13204_2011_N213_20260915163035.csv,TIME_MACHINE
2016,범위확인필요,기타 강간·강제추행 등,72.0,66.0,,2011-2022,132_DT_13204_2011_N213_20260915163035.csv,TIME_MACHINE
2016,범위확인필요,기타경제범죄,218.0,261.0,,2011-2022,132_DT_13204_2011_N213_20260915163035.csv,TIME_MACHINE
2016,범위확인필요,기타노동범죄,385.0,371.0,,2011-2022,132_DT_13204_2011_N213_20260915163035.csv,TIME_MACHINE
2016,범위확인필요,기타도박범죄,915.0,926.0,,2011-2022,132_DT_13204_2011_N213_20260915163035.csv,TIME_MACHINE
2016,범위확인필요,기타범죄,44859.0,37234.0,,2011-2022,132_DT_13204_2011_N213_20260915163035.csv,TIME_MACHINE
2016,범위확인필요,기타병역범죄,2.0,1.0,,2011-2022,132_DT_13204_2011_N213_20260915163035.csv,TIME_MACHINE
2016,범위확인필요,기타보건범죄,627.0,606.0,,2011-2022,132_DT_13204_2011_N213_20260915163035.csv,TIME_MACHINE
2016,범위확인필요,기타선거범죄,2.0,1.0,,2011-2022,132_DT_13204_2011_N213_20260915163035.csv,TIME_MACHINE
2016,범위확인필요,기타안보범죄,2.0,1.0,,2011-2022,132_DT_13204_2011_N213_20260915163035.csv,TIME_MACHINE
2016,범위확인필요,기타통화에관한죄,219.0,9.0,,2011-2022,132_DT_13204_2011_N213_20260915163035.csv,TIME_MACHINE
2016,범위확인필요,기타환경범죄,17.0,17.0,,2011-2022,132_DT_13204_2011_N213_20260915163035.csv,TIME_MACHINE
2016,범위확인필요,낙태의죄,9.0,3.0,,2011-2022,132_DT_13204_2011_N213_20260915163035.csv,TIME_MACHINE
2016,범위확인필요,내수면어업법,2.0,2.0,,2011-2022,132_DT_13204_2011_N213_20260915163035.csv,TIME_MACHINE
2016,범위확인필요,노동범죄,510.0,492.0,,2011-2022,132_DT_13204_2011_N213_20260915163035.csv,TIME_MACHINE
2016,범위확인필요,노동조합및노동관계조정법,4.0,5.0,,2011-2022,132_DT_13204_2011_N213_20260915163035.csv,TIME_MACHINE
2016,범위확인필요,농수산물유통및가격안정에관한법률,5.0,5.0,,2011-2022,132_DT_13204_2011_N213_20260915163035.csv,TIME_MACHINE
2016,범위확인필요,농지법,4.0,7.0,,2011-2022,132_DT_13204_2011_N213_20260915163035.csv,TIME_MACHINE
2016,범위확인필요,뇌물공여등,9.0,6.0,,2011-2022,132_DT_13204_2011_N213_20260915163035.csv,TIME_MACHINE
2016,범위확인필요,뇌물수수등,29.0,19.0,,2011-2022,132_DT_13204_2011_N213_20260915163035.csv,TIME_MACHINE
2016,범위확인필요,담배사업법,45.0,44.0,,2011-2022,132_DT_13204_2011_N213_20260915163035.csv,TIME_MACHINE
2016,범위확인필요,대기환경보전법,15.0,15.0,,2011-2022,132_DT_13204_2011_N213_20260915163035.csv,TIME_MACHINE
2016,범위확인필요,대부업의등록및금융이용자보호에관한법률,199.0,151.0,,2011-2022,132_DT_13204_2011_N213_20260915163035.csv,TIME_MACHINE
2016,범위확인필요,도로교통법,2957.0,2657.0,,2011-2022,132_DT_13204_2011_N213_20260915163035.csv,TIME_MACHINE
2016,범위확인필요,도로교통법(공동위험행위),10.0,14.0,,2011-2022,132_DT_13204_2011_N213_20260915163035.csv,TIME_MACHINE
2016,범위확인필요,도로교통법(무면허운전),7795.0,8122.0,,2011-2022,132_DT_13204_2011_N213_20260915163035.csv,TIME_MACHINE
2016,범위확인필요,도로교통법(사고후미조치),2507.0,1657.0,,2011-2022,132_DT_13204_2011_N213_20260915163035.csv,TIME_MACHINE
2016,범위확인필요,도로교통법(음주운전),21748.0,22470.0,,2011-2022,132_DT_13204_2011_N213_20260915163035.csv,TIME_MACHINE
2016,범위확인필요,도로교통법(음주측정거부),272.0,270.0,,2011-2022,132_DT_13204_2011_N213_20260915163035.csv,TIME_MACHINE
2016,범위확인필요,도로법,195.0,243.0,,2011-2022,132_DT_13204_2011_N213_20260915163035.csv,TIME_MACHINE
2016,범위확인필요,도박,1036.0,995.0,,2011-2022,132_DT_13204_2011_N213_20260915163035.csv,TIME_MACHINE
2016,범위확인필요,도박(상습),68.0,104.0,,2011-2022,132_DT_13204_2011_N213_20260915163035.csv,TIME_MACHINE
2016,범위확인필요,도박개장,132.0,123.0,,2011-2022,132_DT_13204_2011_N213_20260915163035.csv,TIME_MACHINE
2016,범위확인필요,도박범죄,2151.0,2148.0,,2011-2022,132_DT_13204_2011_N213_20260915163035.csv,TIME_MACHINE
2016,범위확인필요,도시가스사업법,5.0,5.0,,2011-2022,132_DT_13204_2011_N213_20260915163035.csv,TIME_MACHINE
2016,범위확인필요,도시공원및녹지등에관한법률,34.0,32.0,,2011-2022,132_DT_13204_2011_N213_20260915163035.csv,TIME_MACHINE
2016,범위확인필요,도주와도주원조죄,1.0,1.0,,2011-2022,132_DT_13204_2011_N213_20260915163035.csv,TIME_MACHINE
2016,범위확인필요,독점규제및공정거래에관한법률,2.0,2.0,,2011-2022,132_DT_13204_2011_N213_20260915163035.csv,TIME_MACHINE
2016,범위확인필요,독직폭행·가혹행위,39.0,27.0,,2011-2022,132_DT_13204_2011_N213_20260915163035.csv,TIME_MACHINE
2016,범위확인필요,디자인보호법,59.0,44.0,,2011-2022,132_DT_13204_2011_N213_20260915163035.csv,TIME_MACHINE
2016,범위확인필요,마약류관리에관한법률(대마),218.0,196.0,,2011-2022,132_DT_13204_2011_N213_20260915163035.csv,TIME_MACHINE
2016,범위확인필요,마약류관리에관한법률(마약),25.0,20.0,,2011-2022,132_DT_13204_2011_N213_20260915163035.csv,TIME_MACHINE
2016,범위확인필요,마약류관리에관한법률(향정),1202.0,1089.0,,2011-2022,132_DT_13204_2011_N213_20260915163035.csv,TIME_MACHINE
2016,범위확인필요,마약류불법거래방지에관한특례법,20.0,1.0,,2011-2022,132_DT_13204_2011_N213_20260915163035.csv,TIME_MACHINE
2016,범위확인필요,마약범죄,1465.0,1306.0,,2011-2022,132_DT_13204_2011_N213_20260915163035.csv,TIME_MACHINE
2016,범위확인필요,명예에관한죄,7639.0,5284.0,,2011-2022,132_DT_13204_2011_N213_20260915163035.csv,TIME_MACHINE
2016,범위확인필요,무고의죄,1023.0,793.0,,2011-2022,132_DT_13204_2011_N213_20260915163035.csv,TIME_MACHINE
2016,범위확인필요,문서·인장,2952.0,2250.0,,2011-2022,132_DT_13204_2011_N213_20260915163035.csv,TIME_MACHINE
2016,범위확인필요,문화재보호법,12.0,12.0,,2011-2022,132_DT_13204_2011_N213_20260915163035.csv,TIME_MACHINE
2016,범위확인필요,미성년자간음(심신미약자),1.0,1.0,,2011-2022,132_DT_13204_2011_N213_20260915163035.csv,TIME_MACHINE
2016,범위확인필요,미성년자의제강간,4.0,4.0,,2011-2022,132_DT_13204_2011_N213_20260915163035.csv,TIME_MACHINE
2016,범위확인필요,미성년자추행(심신미약자),1.0,1.0,,2011-2022,132_DT_13204_2011_N213_20260915163035.csv,TIME_MACHINE
2016,범위확인필요,밀항단속법,3.0,4.0,,2011-2022,132_DT_13204_2011_N213_20260915163035.csv,TIME_MACHINE
2016,범위확인필요,방문판매등에관한법률,77.0,44.0,,2011-2022,132_DT_13204_2011_N213_20260915163035.csv,TIME_MACHINE
2016,범위확인필요,방화,286.0,247.0,,2011-2022,132_DT_13204_2011_N213_20260915163035.csv,TIME_MACHINE
2016,범위확인필요,방화연소,7.0,4.0,,2011-2022,132_DT_13204_2011_N213_20260915163035.csv,TIME_MACHINE
2016,범위확인필요,배임,1029.0,878.0,,2011-2022,132_DT_13204_2011_N213_20260915163035.csv,TIME_MACHINE
2016,범위확인필요,배임수재,52.0,47.0,,2011-2022,132_DT_13204_2011_N213_20260915163035.csv,TIME_MACHINE
2016,범위확인필요,배임증재,9.0,7.0,,2011-2022,132_DT_13204_2011_N213_20260915163035.csv,TIME_MACHINE
2016,범위확인필요,범인은닉·범인도피죄,22.0,19.0,,2011-2022,132_DT_13204_2011_N213_20260915163035.csv,TIME_MACHINE
2016,범위확인필요,변호사법,144.0,125.0,,2011-2022,132_DT_13204_2011_N213_20260915163035.csv,TIME_MACHINE
2016,범위확인필요,병역범죄,4163.0,3905.0,,2011-2022,132_DT_13204_2011_N213_20260915163035.csv,TIME_MACHINE
2016,범위확인필요,병역법,1670.0,1518.0,,2011-2022,132_DT_13204_2011_N213_20260915163035.csv,TIME_MACHINE
2016,범위확인필요,보건범죄,3878.0,3760.0,,2011-2022,132_DT_13204_2011_N213_20260915163035.csv,TIME_MACHINE
2016,범위확인필요,보건범죄특조법(부정의료업자),39.0,34.0,,2011-2022,132_DT_13204_2011_N213_20260915163035.csv,TIME_MACHINE
2016,범위확인필요,보건범죄특조법(부정의약품),3.0,2.0,,2011-2022,132_DT_13204_2011_N213_20260915163035.csv,TIME_MACHINE
2016,범위확인필요,보안관찰법,3.0,3.0,,2011-2022,132_DT_13204_2011_N213_20260915163035.csv,TIME_MACHINE
2016,범위확인필요,보험사기방지특별법위반,6.0,7.0,,2011-2022,132_DT_13204_2011_N213_20260915163035.csv,TIME_MACHINE
2016,범위확인필요,부당이득,12.0,8.0,,2011-2022,132_DT_13204_2011_N213_20260915163035.csv,TIME_MACHINE
2016,범위확인필요,부정경쟁방지및영업비밀보호에관한법률,204.0,184.0,,2011-2022,132_DT_13204_2011_N213_20260915163035.csv,TIME_MACHINE
2016,범위확인필요,부정수표단속법,614.0,361.0,,2011-2022,132_DT_13204_2011_N213_20260915163035.csv,TIME_MACHINE
2016,범위확인필요,불법사용,62.0,52.0,,2011-2022,132_DT_13204_2011_N213_20260915163035.csv,TIME_MACHINE
2016,범위확인필요,비밀침해죄,23.0,14.0,,2011-2022,132_DT_13204_2011_N213_20260915163035.csv,TIME_MACHINE
2016,범위확인필요,사기,51830.0,35676.0,,2011-2022,132_DT_13204_2011_N213_20260915163035.csv,TIME_MACHINE
2016,범위확인필요,사기(상습),504.0,290.0,,2011-2022,132_DT_13204_2011_N213_20260915163035.csv,TIME_MACHINE
2016,범위확인필요,사문서위조·변조,2137.0,1638.0,,2011-2022,132_DT_13204_2011_N213_20260915163035.csv,TIME_MACHINE
2016,범위확인필요,사인등의위조·부정사용및행사,57.0,45.0,,2011-2022,132_DT_13204_2011_N213_20260915163035.csv,TIME_MACHINE
2016,범위확인필요,사전자기록등위작·변작,80.0,24.0,,2011-2022,132_DT_13204_2011_N213_20260915163035.csv,TIME_MACHINE
2016,범위확인필요,산림법,1.0,,,2011-2022,132_DT_13204_2011_N213_20260915163035.csv,TIME_MACHINE
2016,범위확인필요,산업안전보건법,4.0,4.0,,2011-2022,132_DT_13204_2011_N213_20260915163035.csv,TIME_MACHINE
2016,범위확인필요,살인,38.0,38.0,,2011-2022,132_DT_13204_2011_N213_20260915163035.csv,TIME_MACHINE
2016,범위확인필요,살인기수,47.0,47.0,,2011-2022,132_DT_13204_2011_N213_20260915163035.csv,TIME_MACHINE
2016,범위확인필요,살인미수등,101.0,100.0,,2011-2022,132_DT_13204_2011_N213_20260915163035.csv,TIME_MACHINE
2016,범위확인필요,상표법,884.0,821.0,,2011-2022,132_DT_13204_2011_N213_20260915163035.csv,TIME_MACHINE
2016,범위확인필요,상해,6957.0,6653.0,,2011-2022,132_DT_13204_2011_N213_20260915163035.csv,TIME_MACHINE
2016,범위확인필요,상해(상습),1.0,1.0,,2011-2022,132_DT_13204_2011_N213_20260915163035.csv,TIME_MACHINE
2016,범위확인필요,상해(중),10.0,10.0,,2011-2022,132_DT_13204_2011_N213_20260915163035.csv,TIME_MACHINE
2016,범위확인필요,상해치사,5.0,5.0,,2011-2022,132_DT_13204_2011_N213_20260915163035.csv,TIME_MACHINE
2016,범위확인필요,석유및석유대체연료사업법,28.0,34.0,,2011-2022,132_DT_13204_2011_N213_20260915163035.csv,TIME_MACHINE
2016,범위확인필요,선거방해,1.0,1.0,,2011-2022,132_DT_13204_2011_N213_20260915163035.csv,TIME_MACHINE
2016,범위확인필요,선거범죄,179.0,148.0,,2011-2022,132_DT_13204_2011_N213_20260915163035.csv,TIME_MACHINE
2016,범위확인필요,성매매방지및피해자보호등에관한법률위반,2.0,1.0,,2011-2022,132_DT_13204_2011_N213_20260915163035.csv,TIME_MACHINE
2016,범위확인필요,성매매알선등행위의처벌에관한법률위반(기타),776.0,757.0,,2011-2022,132_DT_13204_2011_N213_20260915163035.csv,TIME_MACHINE
2016,범위확인필요,성매매알선등행위의처벌에관한법률위반(성매매),512.0,496.0,,2011-2022,132_DT_13204_2011_N213_20260915163035.csv,TIME_MACHINE
2016,범위확인필요,성매매알선등행위의처벌에관한법률위반(성매매강요등),4.0,4.0,,2011-2022,132_DT_13204_2011_N213_20260915163035.csv,TIME_MACHINE
2016,범위확인필요,성매매알선등행위의처벌에관한법률위반(성매매광고),84.0,54.0,,2011-2022,132_DT_13204_2011_N213_20260915163035.csv,TIME_MACHINE
2016,범위확인필요,성매매알선등행위의처벌에관한법률위반(성매매알선등),1084.0,1067.0,,2011-2022,132_DT_13204_2011_N213_20260915163035.csv,TIME_MACHINE
2016,범위확인필요,성매매알선등행위의처벌에관한법률위반(아동·청소년),1.0,1.0,,2011-2022,132_DT_13204_2011_N213_20260915163035.csv,TIME_MACHINE
2016,범위확인필요,성폭력범죄의처벌등에관한특례법(성적목적다중이용장소침입),105.0,84.0,,2011-2022,132_DT_13204_2011_N213_20260915163035.csv,TIME_MACHINE
2016,범위확인필요,"성폭력범죄의처벌등에관한특례법(카메라등이용촬영,반포등)",1974.0,1809.0,,2011-2022,132_DT_13204_2011_N213_20260915163035.csv,TIME_MACHINE
2016,범위확인필요,성폭력범죄의처벌등에관한특례법(통신매체이용음란),241.0,221.0,,2011-2022,132_DT_13204_2011_N213_20260915163035.csv,TIME_MACHINE
2016,범위확인필요,성폭력범죄의처벌등에관한특례법위반(기타),500.0,472.0,,2011-2022,132_DT_13204_2011_N213_20260915163035.csv,TIME_MACHINE
2016,범위확인필요,성풍속범죄,3493.0,3023.0,,2011-2022,132_DT_13204_2011_N213_20260915163035.csv,TIME_MACHINE
2016,범위확인필요,소방기본법,21.0,21.0,,2011-2022,132_DT_13204_2011_N213_20260915163035.csv,TIME_MACHINE
2016,범위확인필요,손괴,11672.0,6017.0,,2011-2022,132_DT_13204_2011_N213_20260915163035.csv,TIME_MACHINE
2016,범위확인필요,손괴의죄,11672.0,6017.0,,2011-2022,132_DT_13204_2011_N213_20260915163035.csv,TIME_MACHINE
2016,범위확인필요,수도법,1.0,3.0,,2011-2022,132_DT_13204_2011_N213_20260915163035.csv,TIME_MACHINE
2016,범위확인필요,식품위생법,1504.0,1461.0,,2011-2022,132_DT_13204_2011_N213_20260915163035.csv,TIME_MACHINE
2016,범위확인필요,신앙에관한죄,23.0,29.0,,2011-2022,132_DT_13204_2011_N213_20260915163035.csv,TIME_MACHINE
2016,범위확인필요,"신용,업무와경매에관한죄",5900.0,5738.0,,2011-2022,132_DT_13204_2011_N213_20260915163035.csv,TIME_MACHINE
2016,범위확인필요,신용정보의이용및보호에관한법률,12.0,10.0,,2011-2022,132_DT_13204_2011_N213_20260915163035.csv,TIME_MACHINE
2016,범위확인필요,실용신안법,10.0,8.0,,2011-2022,132_DT_13204_2011_N213_20260915163035.csv,TIME_MACHINE
2016,범위확인필요,실화및업무상실화죄,282.0,235.0,,2011-2022,132_DT_13204_2011_N213_20260915163035.csv,TIME_MACHINE
2016,범위확인필요,아동·청소년의성보호에관한법률위반(강요행위등),6.0,5.0,,2011-2022,132_DT_13204_2011_N213_20260915163035.csv,TIME_MACHINE
2016,범위확인필요,아동·청소년의성보호에관한법률위반(기타),71.0,62.0,,2011-2022,132_DT_13204_2011_N213_20260915163035.csv,TIME_MACHINE
2016,범위확인필요,아동·청소년의성보호에관한법률위반(매매),2.0,1.0,,2011-2022,132_DT_13204_2011_N213_20260915163035.csv,TIME_MACHINE
2016,범위확인필요,아동·청소년의성보호에관한법률위반(성매수등),29.0,33.0,,2011-2022,132_DT_13204_2011_N213_20260915163035.csv,TIME_MACHINE
2016,범위확인필요,아동·청소년의성보호에관한법률위반(아동·청소년성착취물소지·제작·배포등),112.0,102.0,,2011-2022,132_DT_13204_2011_N213_20260915163035.csv,TIME_MACHINE
2016,범위확인필요,아동·청소년의성보호에관한법률위반(알선영업행위등),29.0,31.0,,2011-2022,132_DT_13204_2011_N213_20260915163035.csv,TIME_MACHINE
2016,범위확인필요,아동복지법위반(기타),231.0,226.0,,2011-2022,132_DT_13204_2011_N213_20260915163035.csv,TIME_MACHINE
2016,범위확인필요,아동복지법위반(유기·학대 등),214.0,218.0,,2011-2022,132_DT_13204_2011_N213_20260915163035.csv,TIME_MACHINE
2016,범위확인필요,아동학대처벌법위반(기타),9.0,8.0,,2011-2022,132_DT_13204_2011_N213_20260915163035.csv,TIME_MACHINE
2016,범위확인필요,아동학대처벌법위반(상습체포·감금),1.0,1.0,,2011-2022,132_DT_13204_2011_N213_20260915163035.csv,TIME_MACHINE
2016,범위확인필요,아동학대처벌법위반(상습폭행),7.0,8.0,,2011-2022,132_DT_13204_2011_N213_20260915163035.csv,TIME_MACHINE
2016,범위확인필요,아동학대처벌법위반(아동복지시설 종사자 등의 아동학대 가중처벌),4.0,4.0,,2011-2022,132_DT_13204_2011_N213_20260915163035.csv,TIME_MACHINE
2016,범위확인필요,아동학대처벌법위반(유기·학대 등),2.0,2.0,,2011-2022,132_DT_13204_2011_N213_20260915163035.csv,TIME_MACHINE
2016,범위확인필요,아동학대처벌법위반(처분 불이행 등),8.0,8.0,,2011-2022,132_DT_13204_2011_N213_20260915163035.csv,TIME_MACHINE
2016,범위확인필요,안보범죄,19.0,15.0,,2011-2022,132_DT_13204_2011_N213_20260915163035.csv,TIME_MACHINE
2016,범위확인필요,액화석유가스의안전및사업관리법,7.0,7.0,,2011-2022,132_DT_13204_2011_N213_20260915163035.csv,TIME_MACHINE
2016,범위확인필요,야간주거침입절도,1020.0,794.0,,2011-2022,132_DT_13204_2011_N213_20260915163035.csv,TIME_MACHINE
2016,범위확인필요,야간주거침입절도(상습),20.0,8.0,,2011-2022,132_DT_13204_2011_N213_20260915163035.csv,TIME_MACHINE
2016,범위확인필요,야생생물보호및관리에관한법률위반,8.0,7.0,,2011-2022,132_DT_13204_2011_N213_20260915163035.csv,TIME_MACHINE
2016,범위확인필요,약사법,273.0,265.0,,2011-2022,132_DT_13204_2011_N213_20260915163035.csv,TIME_MACHINE
2016,범위확인필요,약취·유인,36.0,29.0,,2011-2022,132_DT_13204_2011_N213_20260915163035.csv,TIME_MACHINE
2016,범위확인필요,약취·유인(노동력착취·성매매·성적착취·장기적출),1.0,1.0,,2011-2022,132_DT_13204_2011_N213_20260915163035.csv,TIME_MACHINE
2016,범위확인필요,약취·유인(미성년자),17.0,16.0,,2011-2022,132_DT_13204_2011_N213_20260915163035.csv,TIME_MACHINE
2016,범위확인필요,약취·유인(추행·간음·결혼·영리),18.0,12.0,,2011-2022,132_DT_13204_2011_N213_20260915163035.csv,TIME_MACHINE
2016,범위확인필요,양곡관리법,1.0,1.0,,2011-2022,132_DT_13204_2011_N213_20260915163035.csv,TIME_MACHINE
2016,범위확인필요,업무상배임,531.0,458.0,,2011-2022,132_DT_13204_2011_N213_20260915163035.csv,TIME_MACHINE
2016,범위확인필요,업무상위력등에의한추행,60.0,58.0,,2011-2022,132_DT_13204_2011_N213_20260915163035.csv,TIME_MACHINE
2016,범위확인필요,업무상위력에의한간음,4.0,3.0,,2011-2022,132_DT_13204_2011_N213_20260915163035.csv,TIME_MACHINE
2016,범위확인필요,업무상횡령,1591.0,1373.0,,2011-2022,132_DT_13204_2011_N213_20260915163035.csv,TIME_MACHINE
2016,범위확인필요,여객자동차운수사업법,396.0,352.0,,2011-2022,132_DT_13204_2011_N213_20260915163035.csv,TIME_MACHINE
2016,범위확인필요,여권법,13.0,11.0,,2011-2022,132_DT_13204_2011_N213_20260915163035.csv,TIME_MACHINE
2016,범위확인필요,여신전문금융업법위반,786.0,435.0,,2011-2022,132_DT_13204_2011_N213_20260915163035.csv,TIME_MACHINE
2016,범위확인필요,영아살해,2.0,3.0,,2011-2022,132_DT_13204_2011_N213_20260915163035.csv,TIME_MACHINE
2016,범위확인필요,영화및비디오물의진흥에관한법률,11.0,13.0,,2011-2022,132_DT_13204_2011_N213_20260915163035.csv,TIME_MACHINE
2016,범위확인필요,예비군법위반,2491.0,2386.0,,2011-2022,132_DT_13204_2011_N213_20260915163035.csv,TIME_MACHINE
2016,범위확인필요,옥외광고물법위반,162.0,114.0,,2011-2022,132_DT_13204_2011_N213_20260915163035.csv,TIME_MACHINE
2016,범위확인필요,외국환거래법,33.0,32.0,,2011-2022,132_DT_13204_2011_N213_20260915163035.csv,TIME_MACHINE
2016,범위확인필요,위증죄,595.0,403.0,,2011-2022,132_DT_13204_2011_N213_20260915163035.csv,TIME_MACHINE
2016,범위확인필요,위치정보의보호및이용등에관한법률,9.0,9.0,,2011-2022,132_DT_13204_2011_N213_20260915163035.csv,TIME_MACHINE
2016,범위확인필요,유가증권위조·변조,101.0,73.0,,2011-2022,132_DT_13204_2011_N213_20260915163035.csv,TIME_MACHINE
2016,범위확인필요,유가증권인지,101.0,73.0,,2011-2022,132_DT_13204_2011_N213_20260915163035.csv,TIME_MACHINE
2016,범위확인필요,유기와학대의죄,100.0,17.0,,2011-2022,132_DT_13204_2011_N213_20260915163035.csv,TIME_MACHINE
2016,범위확인필요,유사강간,123.0,112.0,,2011-2022,132_DT_13204_2011_N213_20260915163035.csv,TIME_MACHINE
2016,범위확인필요,유사강간상해·치상,2.0,2.0,,2011-2022,132_DT_13204_2011_N213_20260915163035.csv,TIME_MACHINE
2016,범위확인필요,유사성행위,24.0,24.0,,2011-2022,132_DT_13204_2011_N213_20260915163035.csv,TIME_MACHINE
2016,범위확인필요,유사수신행위의규제에관한법률,335.0,220.0,,2011-2022,132_DT_13204_2011_N213_20260915163035.csv,TIME_MACHINE
2016,범위확인필요,음악산업진흥에관한법률,1364.0,1358.0,,2011-2022,132_DT_13204_2011_N213_20260915163035.csv,TIME_MACHINE
2016,범위확인필요,음용수에관한죄,7.0,5.0,,2011-2022,132_DT_13204_2011_N213_20260915163035.csv,TIME_MACHINE
2016,범위확인필요,"음화등반포(판매,임대,전시,제조)",14.0,13.0,,2011-2022,132_DT_13204_2011_N213_20260915163035.csv,TIME_MACHINE
2016,범위확인필요,의료법,670.0,633.0,,2011-2022,132_DT_13204_2011_N213_20260915163035.csv,TIME_MACHINE
2016,범위확인필요,인질강도,1.0,3.0,,2011-2022,132_DT_13204_2011_N213_20260915163035.csv,TIME_MACHINE
2016,범위확인필요,인질강요·살해·상해,1.0,1.0,,2011-2022,132_DT_13204_2011_N213_20260915163035.csv,TIME_MACHINE
2016,범위확인필요,일반건조물등방화,86.0,67.0,,2011-2022,132_DT_13204_2011_N213_20260915163035.csv,TIME_MACHINE
2016,범위확인필요,자기소유건조물등방화,10.0,10.0,,2011-2022,132_DT_13204_2011_N213_20260915163035.csv,TIME_MACHINE
2016,범위확인필요,자동차관리법,4471.0,4301.0,,2011-2022,132_DT_13204_2011_N213_20260915163035.csv,TIME_MACHINE
2016,범위확인필요,자동차방화,9.0,8.0,,2011-2022,132_DT_13204_2011_N213_20260915163035.csv,TIME_MACHINE
2016,범위확인필요,자동차손해배상보장법,1623.0,1589.0,,2011-2022,132_DT_13204_2011_N213_20260915163035.csv,TIME_MACHINE
2016,범위확인필요,자살교사·방조,4.0,4.0,,2011-2022,132_DT_13204_2011_N213_20260915163035.csv,TIME_MACHINE
2016,범위확인필요,자연공원법,9.0,7.0,,2011-2022,132_DT_13204_2011_N213_20260915163035.csv,TIME_MACHINE
2016,범위확인필요,장물에관한죄,471.0,380.0,,2011-2022,132_DT_13204_2011_N213_20260915163035.csv,TIME_MACHINE
2016,범위확인필요,장애인에대한강간·간음,35.0,28.0,,2011-2022,132_DT_13204_2011_N213_20260915163035.csv,TIME_MACHINE
2016,범위확인필요,장애인에대한강제추행·추행,56.0,54.0,,2011-2022,132_DT_13204_2011_N213_20260915163035.csv,TIME_MACHINE
2016,범위확인필요,장애인에대한준강간등,4.0,3.0,,2011-2022,132_DT_13204_2011_N213_20260915163035.csv,TIME_MACHINE
2016,범위확인필요,재난및안전관리기본법,2.0,2.0,,2011-2022,132_DT_13204_2011_N213_20260915163035.csv,TIME_MACHINE
2016,범위확인필요,저작권법,6305.0,2163.0,,2011-2022,132_DT_13204_2011_N213_20260915163035.csv,TIME_MACHINE
2016,범위확인필요,전기통신기본법,48.0,50.0,,2011-2022,132_DT_13204_2011_N213_20260915163035.csv,TIME_MACHINE
2016,범위확인필요,전자금융거래법위반,1272.0,1049.0,,2011-2022,132_DT_13204_2011_N213_20260915163035.csv,TIME_MACHINE
2016,범위확인필요,전파법,7.0,7.0,,2011-2022,132_DT_13204_2011_N213_20260915163035.csv,TIME_MACHINE
2016,범위확인필요,절도,42618.0,18883.0,,2011-2022,132_DT_13204_2011_N213_20260915163035.csv,TIME_MACHINE
2016,범위확인필요,절도(상습),642.0,583.0,,2011-2022,132_DT_13204_2011_N213_20260915163035.csv,TIME_MACHINE
2016,범위확인필요,절도강제추행,3.0,3.0,,2011-2022,132_DT_13204_2011_N213_20260915163035.csv,TIME_MACHINE
2016,범위확인필요,절도범죄,46857.0,22566.0,,2011-2022,132_DT_13204_2011_N213_20260915163035.csv,TIME_MACHINE
2016,범위확인필요,점유이탈물등횡령,10603.0,2936.0,,2011-2022,132_DT_13204_2011_N213_20260915163035.csv,TIME_MACHINE
2016,범위확인필요,정당법,1.0,,,2011-2022,132_DT_13204_2011_N213_20260915163035.csv,TIME_MACHINE
2016,범위확인필요,정보통신망이용촉진및정보보호등에관한법률(음란물유포),423.0,270.0,,2011-2022,132_DT_13204_2011_N213_20260915163035.csv,TIME_MACHINE
2016,범위확인필요,정보통신망이용촉진및정보보호등에관한법률위반(개인정보누설등),15.0,10.0,,2011-2022,132_DT_13204_2011_N213_20260915163035.csv,TIME_MACHINE
2016,범위확인필요,정보통신망이용촉진및정보보호등에관한법률위반(기타),1092.0,450.0,,2011-2022,132_DT_13204_2011_N213_20260915163035.csv,TIME_MACHINE
2016,범위확인필요,정보통신망이용촉진및정보보호등에관한법률위반(명예훼손),1830.0,1111.0,,2011-2022,132_DT_13204_2011_N213_20260915163035.csv,TIME_MACHINE
2016,범위확인필요,정보통신망이용촉진및정보보호등에관한법률위반(정보통신망침해등),469.0,132.0,,2011-2022,132_DT_13204_2011_N213_20260915163035.csv,TIME_MACHINE
2016,범위확인필요,정치자금법,3.0,2.0,,2011-2022,132_DT_13204_2011_N213_20260915163035.csv,TIME_MACHINE
2016,범위확인필요,조세범처벌법,627.0,548.0,,2011-2022,132_DT_13204_2011_N213_20260915163035.csv,TIME_MACHINE
2016,범위확인필요,존속살해,3.0,2.0,,2011-2022,132_DT_13204_2011_N213_20260915163035.csv,TIME_MACHINE
2016,범위확인필요,존속상해,53.0,51.0,,2011-2022,132_DT_13204_2011_N213_20260915163035.csv,TIME_MACHINE
2016,범위확인필요,존속상해(특수·특수중),3.0,3.0,,2011-2022,132_DT_13204_2011_N213_20260915163035.csv,TIME_MACHINE
2016,범위확인필요,존속상해치사,3.0,3.0,,2011-2022,132_DT_13204_2011_N213_20260915163035.csv,TIME_MACHINE
2016,범위확인필요,존속체포·감금,8.0,7.0,,2011-2022,132_DT_13204_2011_N213_20260915163035.csv,TIME_MACHINE
2016,범위확인필요,존속폭행,371.0,359.0,,2011-2022,132_DT_13204_2011_N213_20260915163035.csv,TIME_MACHINE
2016,범위확인필요,존속폭행(상습),1.0,1.0,,2011-2022,132_DT_13204_2011_N213_20260915163035.csv,TIME_MACHINE
2016,범위확인필요,존속폭행(특수),5.0,5.0,,2011-2022,132_DT_13204_2011_N213_20260915163035.csv,TIME_MACHINE
2016,범위확인필요,존속폭행치상,4.0,4.0,,2011-2022,132_DT_13204_2011_N213_20260915163035.csv,TIME_MACHINE
2016,범위확인필요,존속협박,34.0,35.0,,2011-2022,132_DT_13204_2011_N213_20260915163035.csv,TIME_MACHINE
2016,범위확인필요,존속협박(특수),8.0,8.0,,2011-2022,132_DT_13204_2011_N213_20260915163035.csv,TIME_MACHINE
2016,범위확인필요,주거침입강간,30.0,27.0,,2011-2022,132_DT_13204_2011_N213_20260915163035.csv,TIME_MACHINE
2016,범위확인필요,주거침입강간등,10.0,9.0,,2011-2022,132_DT_13204_2011_N213_20260915163035.csv,TIME_MACHINE
2016,범위확인필요,주거침입강제추행,24.0,23.0,,2011-2022,132_DT_13204_2011_N213_20260915163035.csv,TIME_MACHINE
2016,범위확인필요,주거침입유사강간,3.0,3.0,,2011-2022,132_DT_13204_2011_N213_20260915163035.csv,TIME_MACHINE
2016,범위확인필요,주거침입의죄,2564.0,2018.0,,2011-2022,132_DT_13204_2011_N213_20260915163035.csv,TIME_MACHINE
2016,범위확인필요,주민등록법,559.0,362.0,,2011-2022,132_DT_13204_2011_N213_20260915163035.csv,TIME_MACHINE
2016,범위확인필요,주차장법,185.0,170.0,,2011-2022,132_DT_13204_2011_N213_20260915163035.csv,TIME_MACHINE
2016,범위확인필요,준강간,317.0,299.0,,2011-2022,132_DT_13204_2011_N213_20260915163035.csv,TIME_MACHINE
2016,범위확인필요,준강도,41.0,37.0,,2011-2022,132_DT_13204_2011_N213_20260915163035.csv,TIME_MACHINE
2016,범위확인필요,준강제추행,200.0,192.0,,2011-2022,132_DT_13204_2011_N213_20260915163035.csv,TIME_MACHINE
2016,범위확인필요,준사기,18.0,14.0,,2011-2022,132_DT_13204_2011_N213_20260915163035.csv,TIME_MACHINE
2016,범위확인필요,준유사강간,17.0,14.0,,2011-2022,132_DT_13204_2011_N213_20260915163035.csv,TIME_MACHINE
2016,범위확인필요,증수뢰,44.0,29.0,,2011-2022,132_DT_13204_2011_N213_20260915163035.csv,TIME_MACHINE
2016,범위확인필요,지능범죄,72454.0,45859.0,,2011-2022,132_DT_13204_2011_N213_20260915163035.csv,TIME_MACHINE
2016,범위확인필요,지방세법,39.0,30.0,,2011-2022,132_DT_13204_2011_N213_20260915163035.csv,TIME_MACHINE
2016,범위확인필요,직권남용,130.0,80.0,,2011-2022,132_DT_13204_2011_N213_20260915163035.csv,TIME_MACHINE
2016,범위확인필요,직권남용(권리행사방해·체포·감금),81.0,44.0,,2011-2022,132_DT_13204_2011_N213_20260915163035.csv,TIME_MACHINE
2016,범위확인필요,직무유기,112.0,53.0,,2011-2022,132_DT_13204_2011_N213_20260915163035.csv,TIME_MACHINE
2016,범위확인필요,직무유기·수행거부,112.0,53.0,,2011-2022,132_DT_13204_2011_N213_20260915163035.csv,TIME_MACHINE
2016,범위확인필요,직업안정법,115.0,110.0,,2011-2022,132_DT_13204_2011_N213_20260915163035.csv,TIME_MACHINE
2016,범위확인필요,집회및시위에관한법률,382.0,312.0,,2011-2022,132_DT_13204_2011_N213_20260915163035.csv,TIME_MACHINE
2016,범위확인필요,채무자회생및파산에관한법률위반,34.0,27.0,,2011-2022,132_DT_13204_2011_N213_20260915163035.csv,TIME_MACHINE
2016,범위확인필요,철도안전법,38.0,38.0,,2011-2022,132_DT_13204_2011_N213_20260915163035.csv,TIME_MACHINE
2016,범위확인필요,청소년보호법,1438.0,1418.0,,2011-2022,132_DT_13204_2011_N213_20260915163035.csv,TIME_MACHINE
2016,범위확인필요,청소년에대한강간·간음,101.0,93.0,,2011-2022,132_DT_13204_2011_N213_20260915163035.csv,TIME_MACHINE
2016,범위확인필요,청소년에대한강간등,27.0,24.0,,2011-2022,132_DT_13204_2011_N213_20260915163035.csv,TIME_MACHINE
2016,범위확인필요,청소년에대한강제추행·추행,217.0,202.0,,2011-2022,132_DT_13204_2011_N213_20260915163035.csv,TIME_MACHINE
2016,범위확인필요,체포·감금,273.0,248.0,,2011-2022,132_DT_13204_2011_N213_20260915163035.csv,TIME_MACHINE
2016,범위확인필요,체포·감금(중),8.0,8.0,,2011-2022,132_DT_13204_2011_N213_20260915163035.csv,TIME_MACHINE
2016,범위확인필요,체포·감금(특수·특수중),19.0,19.0,,2011-2022,132_DT_13204_2011_N213_20260915163035.csv,TIME_MACHINE
2016,범위확인필요,체포·감금치사상(중·특수·상습),14.0,13.0,,2011-2022,132_DT_13204_2011_N213_20260915163035.csv,TIME_MACHINE
2016,범위확인필요,총계,343104.0,267282.0,,2011-2022,132_DT_13204_2011_N213_20260915163035.csv,TIME_MACHINE
2016,범위확인필요,총포·도검·화약류등의안전관리에관한법률,394.0,453.0,,2011-2022,132_DT_13204_2011_N213_20260915163035.csv,TIME_MACHINE
2016,범위확인필요,축산물위생관리법,49.0,56.0,,2011-2022,132_DT_13204_2011_N213_20260915163035.csv,TIME_MACHINE
2016,범위확인필요,출입국관리법,225.0,217.0,,2011-2022,132_DT_13204_2011_N213_20260915163035.csv,TIME_MACHINE
2016,범위확인필요,친족관계에의한강간,16.0,14.0,,2011-2022,132_DT_13204_2011_N213_20260915163035.csv,TIME_MACHINE
2016,범위확인필요,친족관계에의한강제추행,30.0,30.0,,2011-2022,132_DT_13204_2011_N213_20260915163035.csv,TIME_MACHINE
2016,범위확인필요,컴퓨터등사용사기,1207.0,542.0,,2011-2022,132_DT_13204_2011_N213_20260915163035.csv,TIME_MACHINE
2016,범위확인필요,토양환경보전법,2.0,3.0,,2011-2022,132_DT_13204_2011_N213_20260915163035.csv,TIME_MACHINE
2016,범위확인필요,통신비밀보호법,32.0,28.0,,2011-2022,132_DT_13204_2011_N213_20260915163035.csv,TIME_MACHINE
2016,범위확인필요,통화,867.0,22.0,,2011-2022,132_DT_13204_2011_N213_20260915163035.csv,TIME_MACHINE
2016,범위확인필요,통화위조·변조,628.0,13.0,,2011-2022,132_DT_13204_2011_N213_20260915163035.csv,TIME_MACHINE
2016,범위확인필요,특가법(강도),1.0,1.0,,2011-2022,132_DT_13204_2011_N213_20260915163035.csv,TIME_MACHINE
2016,범위확인필요,특가법(국고손실),1.0,1.0,,2011-2022,132_DT_13204_2011_N213_20260915163035.csv,TIME_MACHINE
2016,범위확인필요,특가법(뇌물),6.0,4.0,,2011-2022,132_DT_13204_2011_N213_20260915163035.csv,TIME_MACHINE
2016,범위확인필요,특가법(도주차량),1073.0,1025.0,,2011-2022,132_DT_13204_2011_N213_20260915163035.csv,TIME_MACHINE
2016,범위확인필요,특가법(보복범죄등),15.0,15.0,,2011-2022,132_DT_13204_2011_N213_20260915163035.csv,TIME_MACHINE
2016,범위확인필요,특가법(보복상해등),8.0,8.0,,2011-2022,132_DT_13204_2011_N213_20260915163035.csv,TIME_MACHINE
2016,범위확인필요,특가법(보복체포·감금등),1.0,1.0,,2011-2022,132_DT_13204_2011_N213_20260915163035.csv,TIME_MACHINE
2016,범위확인필요,특가법(보복폭행등),18.0,17.0,,2011-2022,132_DT_13204_2011_N213_20260915163035.csv,TIME_MACHINE
2016,범위확인필요,특가법(보복협박등),34.0,34.0,,2011-2022,132_DT_13204_2011_N213_20260915163035.csv,TIME_MACHINE
2016,범위확인필요,특가법(운전자폭행등),1005.0,998.0,,2011-2022,132_DT_13204_2011_N213_20260915163035.csv,TIME_MACHINE
2016,범위확인필요,특가법(위험운전치사상),1608.0,1601.0,,2011-2022,132_DT_13204_2011_N213_20260915163035.csv,TIME_MACHINE
2016,범위확인필요,특가법(절도),47.0,49.0,,2011-2022,132_DT_13204_2011_N213_20260915163035.csv,TIME_MACHINE
2016,범위확인필요,특가법(조세),79.0,68.0,,2011-2022,132_DT_13204_2011_N213_20260915163035.csv,TIME_MACHINE
2016,범위확인필요,"특가법(체포·감금,독직폭행·가혹행위)",3.0,3.0,,2011-2022,132_DT_13204_2011_N213_20260915163035.csv,TIME_MACHINE
2016,범위확인필요,특가법(통화위조),20.0,,,2011-2022,132_DT_13204_2011_N213_20260915163035.csv,TIME_MACHINE
2016,범위확인필요,특경법(공갈),5.0,4.0,,2011-2022,132_DT_13204_2011_N213_20260915163035.csv,TIME_MACHINE
2016,범위확인필요,특경법(배임),167.0,138.0,,2011-2022,132_DT_13204_2011_N213_20260915163035.csv,TIME_MACHINE
2016,범위확인필요,특경법(사금융알선등),2.0,2.0,,2011-2022,132_DT_13204_2011_N213_20260915163035.csv,TIME_MACHINE
2016,범위확인필요,특경법(사기),866.0,681.0,,2011-2022,132_DT_13204_2011_N213_20260915163035.csv,TIME_MACHINE
2016,범위확인필요,특경법(수재등),4.0,4.0,,2011-2022,132_DT_13204_2011_N213_20260915163035.csv,TIME_MACHINE
2016,범위확인필요,특경법(알선수재),6.0,7.0,,2011-2022,132_DT_13204_2011_N213_20260915163035.csv,TIME_MACHINE
2016,범위확인필요,특경법(재산국외도피),1.0,,,2011-2022,132_DT_13204_2011_N213_20260915163035.csv,TIME_MACHINE
2016,범위확인필요,특경법(증재등),1.0,1.0,,2011-2022,132_DT_13204_2011_N213_20260915163035.csv,TIME_MACHINE
2016,범위확인필요,특경법(횡령),216.0,173.0,,2011-2022,132_DT_13204_2011_N213_20260915163035.csv,TIME_MACHINE
2016,범위확인필요,특별경제범죄,17424.0,11976.0,,2011-2022,132_DT_13204_2011_N213_20260915163035.csv,TIME_MACHINE
2016,범위확인필요,특수강간(준),43.0,40.0,,2011-2022,132_DT_13204_2011_N213_20260915163035.csv,TIME_MACHINE
2016,범위확인필요,특수강도,83.0,81.0,,2011-2022,132_DT_13204_2011_N213_20260915163035.csv,TIME_MACHINE
2016,범위확인필요,특수강도강간,7.0,7.0,,2011-2022,132_DT_13204_2011_N213_20260915163035.csv,TIME_MACHINE
2016,범위확인필요,특수강도강간등,10.0,10.0,,2011-2022,132_DT_13204_2011_N213_20260915163035.csv,TIME_MACHINE
2016,범위확인필요,특수강도유사강간,2.0,2.0,,2011-2022,132_DT_13204_2011_N213_20260915163035.csv,TIME_MACHINE
2016,범위확인필요,특수강제추행(준),10.0,8.0,,2011-2022,132_DT_13204_2011_N213_20260915163035.csv,TIME_MACHINE
2016,범위확인필요,특수공갈,4.0,4.0,,2011-2022,132_DT_13204_2011_N213_20260915163035.csv,TIME_MACHINE
2016,범위확인필요,특수상해,1.0,1.0,,2011-2022,132_DT_13204_2011_N213_20260915163035.csv,TIME_MACHINE
2016,범위확인필요,특수상해(상습),1.0,1.0,,2011-2022,132_DT_13204_2011_N213_20260915163035.csv,TIME_MACHINE
2016,범위확인필요,특수절도,2352.0,2035.0,,2011-2022,132_DT_13204_2011_N213_20260915163035.csv,TIME_MACHINE
2016,범위확인필요,특수절도(상습),96.0,162.0,,2011-2022,132_DT_13204_2011_N213_20260915163035.csv,TIME_MACHINE
2016,범위확인필요,특수폭행,1367.0,1319.0,,2011-2022,132_DT_13204_2011_N213_20260915163035.csv,TIME_MACHINE
2016,범위확인필요,특수폭행치상,32.0,34.0,,2011-2022,132_DT_13204_2011_N213_20260915163035.csv,TIME_MACHINE
2016,범위확인필요,특허법,56.0,42.0,,2011-2022,132_DT_13204_2011_N213_20260915163035.csv,TIME_MACHINE
2016,범위확인필요,편의시설부정이용,11.0,18.0,,2011-2022,132_DT_13204_2011_N213_20260915163035.csv,TIME_MACHINE
2016,범위확인필요,폐기물관리법,16.0,17.0,,2011-2022,132_DT_13204_2011_N213_20260915163035.csv,TIME_MACHINE
2016,범위확인필요,폭력범죄,64645.0,55960.0,,2011-2022,132_DT_13204_2011_N213_20260915163035.csv,TIME_MACHINE
2016,범위확인필요,폭력행위등,2621.0,2401.0,,2011-2022,132_DT_13204_2011_N213_20260915163035.csv,TIME_MACHINE
2016,범위확인필요,폭력행위등처벌에관한법률위반(공동),2344.0,2128.0,,2011-2022,132_DT_13204_2011_N213_20260915163035.csv,TIME_MACHINE
2016,범위확인필요,폭력행위등처벌에관한법률위반(단체등의[상습·공동·집단흉기등·상습집단흉기등]),20.0,19.0,,2011-2022,132_DT_13204_2011_N213_20260915163035.csv,TIME_MACHINE
2016,범위확인필요,폭력행위등처벌에관한법률위반(단체등의구성·활동),2.0,4.0,,2011-2022,132_DT_13204_2011_N213_20260915163035.csv,TIME_MACHINE
2016,범위확인필요,폭력행위등처벌에관한법률위반(상습),25.0,24.0,,2011-2022,132_DT_13204_2011_N213_20260915163035.csv,TIME_MACHINE
2016,범위확인필요,"폭력행위등처벌에관한법률위반(상습집단,흉기등)",6.0,5.0,,2011-2022,132_DT_13204_2011_N213_20260915163035.csv,TIME_MACHINE
2016,범위확인필요,폭력행위등처벌에관한법률위반(우범자),104.0,104.0,,2011-2022,132_DT_13204_2011_N213_20260915163035.csv,TIME_MACHINE
2016,범위확인필요,"폭력행위등처벌에관한법률위반(집단,흉기등)",120.0,117.0,,2011-2022,132_DT_13204_2011_N213_20260915163035.csv,TIME_MACHINE
2016,범위확인필요,폭발성물건파열(과실),1.0,1.0,,2011-2022,132_DT_13204_2011_N213_20260915163035.csv,TIME_MACHINE
2016,범위확인필요,폭발성물건파열(치사·상),1.0,,,2011-2022,132_DT_13204_2011_N213_20260915163035.csv,TIME_MACHINE
2016,범위확인필요,폭행,39350.0,37232.0,,2011-2022,132_DT_13204_2011_N213_20260915163035.csv,TIME_MACHINE
2016,범위확인필요,폭행(상습),16.0,17.0,,2011-2022,132_DT_13204_2011_N213_20260915163035.csv,TIME_MACHINE
2016,범위확인필요,폭행치사,8.0,8.0,,2011-2022,132_DT_13204_2011_N213_20260915163035.csv,TIME_MACHINE
2016,범위확인필요,폭행치상,418.0,408.0,,2011-2022,132_DT_13204_2011_N213_20260915163035.csv,TIME_MACHINE
2016,범위확인필요,풍속범죄,5644.0,5171.0,,2011-2022,132_DT_13204_2011_N213_20260915163035.csv,TIME_MACHINE
2016,범위확인필요,풍속영업의규제에관한법률,45.0,45.0,,2011-2022,132_DT_13204_2011_N213_20260915163035.csv,TIME_MACHINE
2016,범위확인필요,하수도법,6.0,5.0,,2011-2022,132_DT_13204_2011_N213_20260915163035.csv,TIME_MACHINE
2016,범위확인필요,하천법,3.0,3.0,,2011-2022,132_DT_13204_2011_N213_20260915163035.csv,TIME_MACHINE
2016,범위확인필요,학원의설립·운영및과외교섭에관한법률,88.0,88.0,,2011-2022,132_DT_13204_2011_N213_20260915163035.csv,TIME_MACHINE
2016,범위확인필요,"허위감정,증거인멸·은닉,증인은닉죄",25.0,19.0,,2011-2022,132_DT_13204_2011_N213_20260915163035.csv,TIME_MACHINE
2016,범위확인필요,현주·공용건조물등방화,160.0,148.0,,2011-2022,132_DT_13204_2011_N213_20260915163035.csv,TIME_MACHINE
2016,범위확인필요,현주건조물등방화치사,3.0,2.0,,2011-2022,132_DT_13204_2011_N213_20260915163035.csv,TIME_MACHINE
2016,범위확인필요,현주건조물등방화치상,4.0,3.0,,2011-2022,132_DT_13204_2011_N213_20260915163035.csv,TIME_MACHINE
2016,범위확인필요,협박,3031.0,2851.0,,2011-2022,132_DT_13204_2011_N213_20260915163035.csv,TIME_MACHINE
2016,범위확인필요,협박(상습),5.0,3.0,,2011-2022,132_DT_13204_2011_N213_20260915163035.csv,TIME_MACHINE
2016,범위확인필요,협박(특수),1444.0,1461.0,,2011-2022,132_DT_13204_2011_N213_20260915163035.csv,TIME_MACHINE
2016,범위확인필요,혼인빙자간음,,1.0,,2011-2022,132_DT_13204_2011_N213_20260915163035.csv,TIME_MACHINE
2016,범위확인필요,화물자동차운수사업법,547.0,522.0,,2011-2022,132_DT_13204_2011_N213_20260915163035.csv,TIME_MACHINE
2016,범위확인필요,환경범죄,58.0,59.0,,2011-2022,132_DT_13204_2011_N213_20260915163035.csv,TIME_MACHINE
2016,범위확인필요,횡령,15389.0,6798.0,,2011-2022,132_DT_13204_2011_N213_20260915163035.csv,TIME_MACHINE
2017,범위확인필요,13세미만미성년자강간·간음,14.0,13.0,,2011-2022,132_DT_13204_2011_N213_20260915163035.csv,TIME_MACHINE
2017,범위확인필요,13세미만미성년자강간등,8.0,7.0,,2011-2022,132_DT_13204_2011_N213_20260915163035.csv,TIME_MACHINE
2017,범위확인필요,13세미만미성년자강제추행·추행,139.0,116.0,,2011-2022,132_DT_13204_2011_N213_20260915163035.csv,TIME_MACHINE
2017,범위확인필요,가스등공급사용방해(치사·상),2.0,2.0,,2011-2022,132_DT_13204_2011_N213_20260915163035.csv,TIME_MACHINE
2017,범위확인필요,가정폭력범죄의처벌등에관한특례법위반,25.0,24.0,,2011-2022,132_DT_13204_2011_N213_20260915163035.csv,TIME_MACHINE
2017,범위확인필요,강간,1167.0,1123.0,,2011-2022,132_DT_13204_2011_N213_20260915163035.csv,TIME_MACHINE
2017,범위확인필요,강간등상해·치상,21.0,21.0,,2011-2022,132_DT_13204_2011_N213_20260915163035.csv,TIME_MACHINE
2017,범위확인필요,강간살인·치사,1.0,1.0,,2011-2022,132_DT_13204_2011_N213_20260915163035.csv,TIME_MACHINE
2017,범위확인필요,강간상해·치상,72.0,72.0,,2011-2022,132_DT_13204_2011_N213_20260915163035.csv,TIME_MACHINE
2017,범위확인필요,강도,169.0,170.0,,2011-2022,132_DT_13204_2011_N213_20260915163035.csv,TIME_MACHINE
2017,범위확인필요,강도강간,3.0,3.0,,2011-2022,132_DT_13204_2011_N213_20260915163035.csv,TIME_MACHINE
2017,범위확인필요,강도살인·치사,6.0,6.0,,2011-2022,132_DT_13204_2011_N213_20260915163035.csv,TIME_MACHINE
2017,범위확인필요,강도상해·치상,46.0,46.0,,2011-2022,132_DT_13204_2011_N213_20260915163035.csv,TIME_MACHINE
2017,범위확인필요,강력범죄,7499.0,7063.0,,2011-2022,132_DT_13204_2011_N213_20260915163035.csv,TIME_MACHINE
2017,범위확인필요,강제추행,5592.0,5236.0,,2011-2022,132_DT_13204_2011_N213_20260915163035.csv,TIME_MACHINE
2017,범위확인필요,강제추행(상습),7.0,6.0,,2011-2022,132_DT_13204_2011_N213_20260915163035.csv,TIME_MACHINE
2017,범위확인필요,강제추행상해·치상,37.0,33.0,,2011-2022,132_DT_13204_2011_N213_20260915163035.csv,TIME_MACHINE
2017,범위확인필요,개인정보보호법,315.0,237.0,,2011-2022,132_DT_13204_2011_N213_20260915163035.csv,TIME_MACHINE
2017,범위확인필요,건설산업기본법,818.0,400.0,,2011-2022,132_DT_13204_2011_N213_20260915163035.csv,TIME_MACHINE
2017,범위확인필요,건설폐기물의재활용촉진에관한법률,1.0,1.0,,2011-2022,132_DT_13204_2011_N213_20260915163035.csv,TIME_MACHINE
2017,범위확인필요,건축법,297.0,306.0,,2011-2022,132_DT_13204_2011_N213_20260915163035.csv,TIME_MACHINE
2017,범위확인필요,게임산업진흥에관한법률,1346.0,1308.0,,2011-2022,132_DT_13204_2011_N213_20260915163035.csv,TIME_MACHINE
2017,범위확인필요,경범죄처벌법,1623.0,1507.0,,2011-2022,132_DT_13204_2011_N213_20260915163035.csv,TIME_MACHINE
2017,범위확인필요,고압가스안전관리법,28.0,26.0,,2011-2022,132_DT_13204_2011_N213_20260915163035.csv,TIME_MACHINE
2017,범위확인필요,골재채취법,6.0,6.0,,2011-2022,132_DT_13204_2011_N213_20260915163035.csv,TIME_MACHINE
2017,범위확인필요,공갈,756.0,523.0,,2011-2022,132_DT_13204_2011_N213_20260915163035.csv,TIME_MACHINE
2017,범위확인필요,공갈(상습),14.0,13.0,,2011-2022,132_DT_13204_2011_N213_20260915163035.csv,TIME_MACHINE
2017,범위확인필요,공무방해에관한죄,2717.0,2674.0,,2011-2022,132_DT_13204_2011_N213_20260915163035.csv,TIME_MACHINE
2017,범위확인필요,공무상비밀누설,6.0,2.0,,2011-2022,132_DT_13204_2011_N213_20260915163035.csv,TIME_MACHINE
2017,범위확인필요,공문서위조·변조,535.0,406.0,,2011-2022,132_DT_13204_2011_N213_20260915163035.csv,TIME_MACHINE
2017,범위확인필요,공안을해하는죄,5.0,5.0,,2011-2022,132_DT_13204_2011_N213_20260915163035.csv,TIME_MACHINE
2017,범위확인필요,공연음란,725.0,627.0,,2011-2022,132_DT_13204_2011_N213_20260915163035.csv,TIME_MACHINE
2017,범위확인필요,공인등의위조·부정사용및행사,82.0,72.0,,2011-2022,132_DT_13204_2011_N213_20260915163035.csv,TIME_MACHINE
2017,범위확인필요,공인중개사법,145.0,133.0,,2011-2022,132_DT_13204_2011_N213_20260915163035.csv,TIME_MACHINE
2017,범위확인필요,공전자기록등위작·변작,3.0,4.0,,2011-2022,132_DT_13204_2011_N213_20260915163035.csv,TIME_MACHINE
2017,범위확인필요,공중밀집장소에서의추행,1410.0,1262.0,,2011-2022,132_DT_13204_2011_N213_20260915163035.csv,TIME_MACHINE
2017,범위확인필요,공중위생관리법,626.0,570.0,,2011-2022,132_DT_13204_2011_N213_20260915163035.csv,TIME_MACHINE
2017,범위확인필요,공직선거법,135.0,122.0,,2011-2022,132_DT_13204_2011_N213_20260915163035.csv,TIME_MACHINE
2017,범위확인필요,과실치사상의죄,1050.0,957.0,,2011-2022,132_DT_13204_2011_N213_20260915163035.csv,TIME_MACHINE
2017,범위확인필요,교육환경법,548.0,535.0,,2011-2022,132_DT_13204_2011_N213_20260915163035.csv,TIME_MACHINE
2017,범위확인필요,교통방해의죄,146.0,141.0,,2011-2022,132_DT_13204_2011_N213_20260915163035.csv,TIME_MACHINE
2017,범위확인필요,교통범죄,67379.0,66636.0,,2011-2022,132_DT_13204_2011_N213_20260915163035.csv,TIME_MACHINE
2017,범위확인필요,교통사고,40620.0,39055.0,,2011-2022,132_DT_13204_2011_N213_20260915163035.csv,TIME_MACHINE
2017,범위확인필요,교통사고외,26759.0,27581.0,,2011-2022,132_DT_13204_2011_N213_20260915163035.csv,TIME_MACHINE
2017,범위확인필요,교통사고처리특례법,33521.0,32507.0,,2011-2022,132_DT_13204_2011_N213_20260915163035.csv,TIME_MACHINE
2017,범위확인필요,국가보안법,11.0,6.0,,2011-2022,132_DT_13204_2011_N213_20260915163035.csv,TIME_MACHINE
2017,범위확인필요,국민건강보험법,133.0,79.0,,2011-2022,132_DT_13204_2011_N213_20260915163035.csv,TIME_MACHINE
2017,범위확인필요,국민연금법,18.0,16.0,,2011-2022,132_DT_13204_2011_N213_20260915163035.csv,TIME_MACHINE
2017,범위확인필요,국토의계획및이용에관한법률,21.0,22.0,,2011-2022,132_DT_13204_2011_N213_20260915163035.csv,TIME_MACHINE
2017,범위확인필요,권리행사를방해하는죄,2117.0,1503.0,,2011-2022,132_DT_13204_2011_N213_20260915163035.csv,TIME_MACHINE
2017,범위확인필요,근로기준법,3.0,2.0,,2011-2022,132_DT_13204_2011_N213_20260915163035.csv,TIME_MACHINE
2017,범위확인필요,기타,2467.0,2122.0,,2011-2022,132_DT_13204_2011_N213_20260915163035.csv,TIME_MACHINE
2017,범위확인필요,기타 강간·강제추행 등,60.0,60.0,,2011-2022,132_DT_13204_2011_N213_20260915163035.csv,TIME_MACHINE
2017,범위확인필요,기타경제범죄,161.0,132.0,,2011-2022,132_DT_13204_2011_N213_20260915163035.csv,TIME_MACHINE
2017,범위확인필요,기타노동범죄,483.0,509.0,,2011-2022,132_DT_13204_2011_N213_20260915163035.csv,TIME_MACHINE
2017,범위확인필요,기타도박범죄,475.0,390.0,,2011-2022,132_DT_13204_2011_N213_20260915163035.csv,TIME_MACHINE
2017,범위확인필요,기타범죄,43277.0,36441.0,,2011-2022,132_DT_13204_2011_N213_20260915163035.csv,TIME_MACHINE
2017,범위확인필요,기타병역범죄,1.0,1.0,,2011-2022,132_DT_13204_2011_N213_20260915163035.csv,TIME_MACHINE
2017,범위확인필요,기타보건범죄,441.0,424.0,,2011-2022,132_DT_13204_2011_N213_20260915163035.csv,TIME_MACHINE
2017,범위확인필요,기타안보범죄,8.0,4.0,,2011-2022,132_DT_13204_2011_N213_20260915163035.csv,TIME_MACHINE
2017,범위확인필요,기타통화에관한죄,253.0,16.0,,2011-2022,132_DT_13204_2011_N213_20260915163035.csv,TIME_MACHINE
2017,범위확인필요,기타환경범죄,24.0,24.0,,2011-2022,132_DT_13204_2011_N213_20260915163035.csv,TIME_MACHINE
2017,범위확인필요,낙태의죄,8.0,6.0,,2011-2022,132_DT_13204_2011_N213_20260915163035.csv,TIME_MACHINE
2017,범위확인필요,노동범죄,586.0,608.0,,2011-2022,132_DT_13204_2011_N213_20260915163035.csv,TIME_MACHINE
2017,범위확인필요,노동조합및노동관계조정법,1.0,,,2011-2022,132_DT_13204_2011_N213_20260915163035.csv,TIME_MACHINE
2017,범위확인필요,농수산물유통및가격안정에관한법률,6.0,6.0,,2011-2022,132_DT_13204_2011_N213_20260915163035.csv,TIME_MACHINE
2017,범위확인필요,농지법,6.0,5.0,,2011-2022,132_DT_13204_2011_N213_20260915163035.csv,TIME_MACHINE
2017,범위확인필요,뇌물공여등,12.0,9.0,,2011-2022,132_DT_13204_2011_N213_20260915163035.csv,TIME_MACHINE
2017,범위확인필요,뇌물수수등,27.0,26.0,,2011-2022,132_DT_13204_2011_N213_20260915163035.csv,TIME_MACHINE
2017,범위확인필요,담배사업법,54.0,51.0,,2011-2022,132_DT_13204_2011_N213_20260915163035.csv,TIME_MACHINE
2017,범위확인필요,대기환경보전법,11.0,12.0,,2011-2022,132_DT_13204_2011_N213_20260915163035.csv,TIME_MACHINE
2017,범위확인필요,대부업의등록및금융이용자보호에관한법률,253.0,205.0,,2011-2022,132_DT_13204_2011_N213_20260915163035.csv,TIME_MACHINE
2017,범위확인필요,도로교통법,2724.0,2740.0,,2011-2022,132_DT_13204_2011_N213_20260915163035.csv,TIME_MACHINE
2017,범위확인필요,도로교통법(공동위험행위),7.0,18.0,,2011-2022,132_DT_13204_2011_N213_20260915163035.csv,TIME_MACHINE
2017,범위확인필요,도로교통법(무면허운전),6819.0,6911.0,,2011-2022,132_DT_13204_2011_N213_20260915163035.csv,TIME_MACHINE
2017,범위확인필요,도로교통법(사고후미조치),1746.0,1239.0,,2011-2022,132_DT_13204_2011_N213_20260915163035.csv,TIME_MACHINE
2017,범위확인필요,도로교통법(음주운전),19333.0,20002.0,,2011-2022,132_DT_13204_2011_N213_20260915163035.csv,TIME_MACHINE
2017,범위확인필요,도로교통법(음주측정거부),300.0,300.0,,2011-2022,132_DT_13204_2011_N213_20260915163035.csv,TIME_MACHINE
2017,범위확인필요,도로법,154.0,209.0,,2011-2022,132_DT_13204_2011_N213_20260915163035.csv,TIME_MACHINE
2017,범위확인필요,도박,609.0,590.0,,2011-2022,132_DT_13204_2011_N213_20260915163035.csv,TIME_MACHINE
2017,범위확인필요,도박(상습),45.0,24.0,,2011-2022,132_DT_13204_2011_N213_20260915163035.csv,TIME_MACHINE
2017,범위확인필요,도박개장,94.0,84.0,,2011-2022,132_DT_13204_2011_N213_20260915163035.csv,TIME_MACHINE
2017,범위확인필요,도박범죄,1224.0,1089.0,,2011-2022,132_DT_13204_2011_N213_20260915163035.csv,TIME_MACHINE
2017,범위확인필요,도시가스사업법,8.0,6.0,,2011-2022,132_DT_13204_2011_N213_20260915163035.csv,TIME_MACHINE
2017,범위확인필요,도시공원및녹지등에관한법률,27.0,24.0,,2011-2022,132_DT_13204_2011_N213_20260915163035.csv,TIME_MACHINE
2017,범위확인필요,도주와도주원조죄,1.0,1.0,,2011-2022,132_DT_13204_2011_N213_20260915163035.csv,TIME_MACHINE
2017,범위확인필요,독직폭행·가혹행위,30.0,16.0,,2011-2022,132_DT_13204_2011_N213_20260915163035.csv,TIME_MACHINE
2017,범위확인필요,디자인보호법,72.0,59.0,,2011-2022,132_DT_13204_2011_N213_20260915163035.csv,TIME_MACHINE
2017,범위확인필요,마약류관리에관한법률(대마),272.0,196.0,,2011-2022,132_DT_13204_2011_N213_20260915163035.csv,TIME_MACHINE
2017,범위확인필요,마약류관리에관한법률(마약),32.0,30.0,,2011-2022,132_DT_13204_2011_N213_20260915163035.csv,TIME_MACHINE
2017,범위확인필요,마약류관리에관한법률(향정),1428.0,1175.0,,2011-2022,132_DT_13204_2011_N213_20260915163035.csv,TIME_MACHINE
2017,범위확인필요,마약류불법거래방지에관한특례법,3.0,3.0,,2011-2022,132_DT_13204_2011_N213_20260915163035.csv,TIME_MACHINE
2017,범위확인필요,마약범죄,1736.0,1404.0,,2011-2022,132_DT_13204_2011_N213_20260915163035.csv,TIME_MACHINE
2017,범위확인필요,명예에관한죄,6290.0,4662.0,,2011-2022,132_DT_13204_2011_N213_20260915163035.csv,TIME_MACHINE
2017,범위확인필요,무고의죄,1046.0,808.0,,2011-2022,132_DT_13204_2011_N213_20260915163035.csv,TIME_MACHINE
2017,범위확인필요,문서·인장,2622.0,2024.0,,2011-2022,132_DT_13204_2011_N213_20260915163035.csv,TIME_MACHINE
2017,범위확인필요,문화재보호법,13.0,12.0,,2011-2022,132_DT_13204_2011_N213_20260915163035.csv,TIME_MACHINE
2017,범위확인필요,미성년자간음(심신미약자),2.0,2.0,,2011-2022,132_DT_13204_2011_N213_20260915163035.csv,TIME_MACHINE
2017,범위확인필요,미성년자의제강간,4.0,3.0,,2011-2022,132_DT_13204_2011_N213_20260915163035.csv,TIME_MACHINE
2017,범위확인필요,미성년자의제강제추행,2.0,2.0,,2011-2022,132_DT_13204_2011_N213_20260915163035.csv,TIME_MACHINE
2017,범위확인필요,미성년자추행(심신미약자),1.0,1.0,,2011-2022,132_DT_13204_2011_N213_20260915163035.csv,TIME_MACHINE
2017,범위확인필요,방문판매등에관한법률,81.0,54.0,,2011-2022,132_DT_13204_2011_N213_20260915163035.csv,TIME_MACHINE
2017,범위확인필요,방화,225.0,195.0,,2011-2022,132_DT_13204_2011_N213_20260915163035.csv,TIME_MACHINE
2017,범위확인필요,방화연소,1.0,,,2011-2022,132_DT_13204_2011_N213_20260915163035.csv,TIME_MACHINE
2017,범위확인필요,배임,937.0,795.0,,2011-2022,132_DT_13204_2011_N213_20260915163035.csv,TIME_MACHINE
2017,범위확인필요,배임수재,33.0,21.0,,2011-2022,132_DT_13204_2011_N213_20260915163035.csv,TIME_MACHINE
2017,범위확인필요,배임증재,6.0,4.0,,2011-2022,132_DT_13204_2011_N213_20260915163035.csv,TIME_MACHINE
2017,범위확인필요,범인은닉·범인도피죄,13.0,13.0,,2011-2022,132_DT_13204_2011_N213_20260915163035.csv,TIME_MACHINE
2017,범위확인필요,변호사법,111.0,90.0,,2011-2022,132_DT_13204_2011_N213_20260915163035.csv,TIME_MACHINE
2017,범위확인필요,병역범죄,3784.0,3678.0,,2011-2022,132_DT_13204_2011_N213_20260915163035.csv,TIME_MACHINE
2017,범위확인필요,병역법,1866.0,1809.0,,2011-2022,132_DT_13204_2011_N213_20260915163035.csv,TIME_MACHINE
2017,범위확인필요,보건범죄,3612.0,3437.0,,2011-2022,132_DT_13204_2011_N213_20260915163035.csv,TIME_MACHINE
2017,범위확인필요,보건범죄특조법(부정의료업자),52.0,45.0,,2011-2022,132_DT_13204_2011_N213_20260915163035.csv,TIME_MACHINE
2017,범위확인필요,보건범죄특조법(부정의약품),5.0,4.0,,2011-2022,132_DT_13204_2011_N213_20260915163035.csv,TIME_MACHINE
2017,범위확인필요,보안관찰법,1.0,1.0,,2011-2022,132_DT_13204_2011_N213_20260915163035.csv,TIME_MACHINE
2017,범위확인필요,보험사기방지특별법위반,234.0,296.0,,2011-2022,132_DT_13204_2011_N213_20260915163035.csv,TIME_MACHINE
2017,범위확인필요,복표발매(중개·취득),1.0,1.0,,2011-2022,132_DT_13204_2011_N213_20260915163035.csv,TIME_MACHINE
2017,범위확인필요,부당이득,13.0,8.0,,2011-2022,132_DT_13204_2011_N213_20260915163035.csv,TIME_MACHINE
2017,범위확인필요,부정경쟁방지및영업비밀보호에관한법률,139.0,112.0,,2011-2022,132_DT_13204_2011_N213_20260915163035.csv,TIME_MACHINE
2017,범위확인필요,부정수표단속법,578.0,325.0,,2011-2022,132_DT_13204_2011_N213_20260915163035.csv,TIME_MACHINE
2017,범위확인필요,부정청탁금지법,3.0,2.0,,2011-2022,132_DT_13204_2011_N213_20260915163035.csv,TIME_MACHINE
2017,범위확인필요,불법사용,56.0,40.0,,2011-2022,132_DT_13204_2011_N213_20260915163035.csv,TIME_MACHINE
2017,범위확인필요,비밀침해죄,32.0,18.0,,2011-2022,132_DT_13204_2011_N213_20260915163035.csv,TIME_MACHINE
2017,범위확인필요,사기,50352.0,35166.0,,2011-2022,132_DT_13204_2011_N213_20260915163035.csv,TIME_MACHINE
2017,범위확인필요,사기(상습),165.0,160.0,,2011-2022,132_DT_13204_2011_N213_20260915163035.csv,TIME_MACHINE
2017,범위확인필요,사문서위조·변조,1891.0,1468.0,,2011-2022,132_DT_13204_2011_N213_20260915163035.csv,TIME_MACHINE
2017,범위확인필요,사인등의위조·부정사용및행사,44.0,39.0,,2011-2022,132_DT_13204_2011_N213_20260915163035.csv,TIME_MACHINE
2017,범위확인필요,사전자기록등위작·변작,67.0,35.0,,2011-2022,132_DT_13204_2011_N213_20260915163035.csv,TIME_MACHINE
2017,범위확인필요,산업안전보건법,7.0,8.0,,2011-2022,132_DT_13204_2011_N213_20260915163035.csv,TIME_MACHINE
2017,범위확인필요,살인,40.0,38.0,,2011-2022,132_DT_13204_2011_N213_20260915163035.csv,TIME_MACHINE
2017,범위확인필요,살인기수,50.0,47.0,,2011-2022,132_DT_13204_2011_N213_20260915163035.csv,TIME_MACHINE
2017,범위확인필요,살인미수등,92.0,93.0,,2011-2022,132_DT_13204_2011_N213_20260915163035.csv,TIME_MACHINE
2017,범위확인필요,상표법,718.0,685.0,,2011-2022,132_DT_13204_2011_N213_20260915163035.csv,TIME_MACHINE
2017,범위확인필요,상해,6028.0,5755.0,,2011-2022,132_DT_13204_2011_N213_20260915163035.csv,TIME_MACHINE
2017,범위확인필요,상해(상습),8.0,8.0,,2011-2022,132_DT_13204_2011_N213_20260915163035.csv,TIME_MACHINE
2017,범위확인필요,상해(중),16.0,13.0,,2011-2022,132_DT_13204_2011_N213_20260915163035.csv,TIME_MACHINE
2017,범위확인필요,상해치사,11.0,10.0,,2011-2022,132_DT_13204_2011_N213_20260915163035.csv,TIME_MACHINE
2017,범위확인필요,석유및석유대체연료사업법,26.0,48.0,,2011-2022,132_DT_13204_2011_N213_20260915163035.csv,TIME_MACHINE
2017,범위확인필요,선거범죄,142.0,128.0,,2011-2022,132_DT_13204_2011_N213_20260915163035.csv,TIME_MACHINE
2017,범위확인필요,선박안전법,,1.0,,2011-2022,132_DT_13204_2011_N213_20260915163035.csv,TIME_MACHINE
2017,범위확인필요,성매매방지및피해자보호등에관한법률위반,1.0,1.0,,2011-2022,132_DT_13204_2011_N213_20260915163035.csv,TIME_MACHINE
2017,범위확인필요,성매매알선등행위의처벌에관한법률위반(기타),533.0,517.0,,2011-2022,132_DT_13204_2011_N213_20260915163035.csv,TIME_MACHINE
2017,범위확인필요,성매매알선등행위의처벌에관한법률위반(성매매),491.0,476.0,,2011-2022,132_DT_13204_2011_N213_20260915163035.csv,TIME_MACHINE
2017,범위확인필요,성매매알선등행위의처벌에관한법률위반(성매매강요등),3.0,5.0,,2011-2022,132_DT_13204_2011_N213_20260915163035.csv,TIME_MACHINE
2017,범위확인필요,성매매알선등행위의처벌에관한법률위반(성매매광고),37.0,30.0,,2011-2022,132_DT_13204_2011_N213_20260915163035.csv,TIME_MACHINE
2017,범위확인필요,성매매알선등행위의처벌에관한법률위반(성매매알선등),693.0,690.0,,2011-2022,132_DT_13204_2011_N213_20260915163035.csv,TIME_MACHINE
2017,범위확인필요,성폭력범죄의처벌등에관한특례법(성적목적다중이용장소침입),86.0,64.0,,2011-2022,132_DT_13204_2011_N213_20260915163035.csv,TIME_MACHINE
2017,범위확인필요,"성폭력범죄의처벌등에관한특례법(카메라등이용촬영,반포등)",2619.0,2485.0,,2011-2022,132_DT_13204_2011_N213_20260915163035.csv,TIME_MACHINE
2017,범위확인필요,성폭력범죄의처벌등에관한특례법(통신매체이용음란),293.0,259.0,,2011-2022,132_DT_13204_2011_N213_20260915163035.csv,TIME_MACHINE
2017,범위확인필요,성폭력범죄의처벌등에관한특례법위반(기타),412.0,371.0,,2011-2022,132_DT_13204_2011_N213_20260915163035.csv,TIME_MACHINE
2017,범위확인필요,성풍속범죄,4157.0,3746.0,,2011-2022,132_DT_13204_2011_N213_20260915163035.csv,TIME_MACHINE
2017,범위확인필요,소방기본법,11.0,10.0,,2011-2022,132_DT_13204_2011_N213_20260915163035.csv,TIME_MACHINE
2017,범위확인필요,손괴,10986.0,5994.0,,2011-2022,132_DT_13204_2011_N213_20260915163035.csv,TIME_MACHINE
2017,범위확인필요,손괴의죄,10986.0,5994.0,,2011-2022,132_DT_13204_2011_N213_20260915163035.csv,TIME_MACHINE
2017,범위확인필요,수도법,6.0,13.0,,2011-2022,132_DT_13204_2011_N213_20260915163035.csv,TIME_MACHINE
2017,범위확인필요,식품위생법,1443.0,1423.0,,2011-2022,132_DT_13204_2011_N213_20260915163035.csv,TIME_MACHINE
2017,범위확인필요,신앙에관한죄,44.0,39.0,,2011-2022,132_DT_13204_2011_N213_20260915163035.csv,TIME_MACHINE
2017,범위확인필요,"신용,업무와경매에관한죄",5457.0,5291.0,,2011-2022,132_DT_13204_2011_N213_20260915163035.csv,TIME_MACHINE
2017,범위확인필요,신용정보의이용및보호에관한법률,48.0,46.0,,2011-2022,132_DT_13204_2011_N213_20260915163035.csv,TIME_MACHINE
2017,범위확인필요,실용신안법,4.0,4.0,,2011-2022,132_DT_13204_2011_N213_20260915163035.csv,TIME_MACHINE
2017,범위확인필요,실화및업무상실화죄,289.0,239.0,,2011-2022,132_DT_13204_2011_N213_20260915163035.csv,TIME_MACHINE
2017,범위확인필요,아동·청소년의성보호에관한법률위반(강요행위등),7.0,8.0,,2011-2022,132_DT_13204_2011_N213_20260915163035.csv,TIME_MACHINE
2017,범위확인필요,아동·청소년의성보호에관한법률위반(기타),70.0,73.0,,2011-2022,132_DT_13204_2011_N213_20260915163035.csv,TIME_MACHINE
2017,범위확인필요,아동·청소년의성보호에관한법률위반(매매),5.0,6.0,,2011-2022,132_DT_13204_2011_N213_20260915163035.csv,TIME_MACHINE
2017,범위확인필요,아동·청소년의성보호에관한법률위반(성매수등),56.0,44.0,,2011-2022,132_DT_13204_2011_N213_20260915163035.csv,TIME_MACHINE
2017,범위확인필요,아동·청소년의성보호에관한법률위반(아동·청소년성착취물소지·제작·배포등),59.0,73.0,,2011-2022,132_DT_13204_2011_N213_20260915163035.csv,TIME_MACHINE
2017,범위확인필요,아동·청소년의성보호에관한법률위반(알선영업행위등),9.0,7.0,,2011-2022,132_DT_13204_2011_N213_20260915163035.csv,TIME_MACHINE
2017,범위확인필요,아동복지법위반(기타),248.0,243.0,,2011-2022,132_DT_13204_2011_N213_20260915163035.csv,TIME_MACHINE
2017,범위확인필요,아동복지법위반(유기·학대 등),256.0,253.0,,2011-2022,132_DT_13204_2011_N213_20260915163035.csv,TIME_MACHINE
2017,범위확인필요,아동학대처벌법위반(기타),12.0,12.0,,2011-2022,132_DT_13204_2011_N213_20260915163035.csv,TIME_MACHINE
2017,범위확인필요,아동학대처벌법위반(상습폭행),4.0,5.0,,2011-2022,132_DT_13204_2011_N213_20260915163035.csv,TIME_MACHINE
2017,범위확인필요,아동학대처벌법위반(아동복지시설 종사자 등의 아동학대 가중처벌),7.0,7.0,,2011-2022,132_DT_13204_2011_N213_20260915163035.csv,TIME_MACHINE
2017,범위확인필요,아동학대처벌법위반(유기·학대 등),4.0,4.0,,2011-2022,132_DT_13204_2011_N213_20260915163035.csv,TIME_MACHINE
2017,범위확인필요,아동학대처벌법위반(처분 불이행 등),2.0,2.0,,2011-2022,132_DT_13204_2011_N213_20260915163035.csv,TIME_MACHINE
2017,범위확인필요,안보범죄,24.0,15.0,,2011-2022,132_DT_13204_2011_N213_20260915163035.csv,TIME_MACHINE
2017,범위확인필요,액화석유가스의안전및사업관리법,4.0,3.0,,2011-2022,132_DT_13204_2011_N213_20260915163035.csv,TIME_MACHINE
2017,범위확인필요,야간주거침입절도,991.0,822.0,,2011-2022,132_DT_13204_2011_N213_20260915163035.csv,TIME_MACHINE
2017,범위확인필요,야간주거침입절도(상습),16.0,19.0,,2011-2022,132_DT_13204_2011_N213_20260915163035.csv,TIME_MACHINE
2017,범위확인필요,야생생물보호및관리에관한법률위반,4.0,3.0,,2011-2022,132_DT_13204_2011_N213_20260915163035.csv,TIME_MACHINE
2017,범위확인필요,약사법,252.0,236.0,,2011-2022,132_DT_13204_2011_N213_20260915163035.csv,TIME_MACHINE
2017,범위확인필요,약취·유인,50.0,47.0,,2011-2022,132_DT_13204_2011_N213_20260915163035.csv,TIME_MACHINE
2017,범위확인필요,약취·유인(노동력착취·성매매·성적착취·장기적출),1.0,2.0,,2011-2022,132_DT_13204_2011_N213_20260915163035.csv,TIME_MACHINE
2017,범위확인필요,약취·유인(미성년자),29.0,27.0,,2011-2022,132_DT_13204_2011_N213_20260915163035.csv,TIME_MACHINE
2017,범위확인필요,약취·유인(추행·간음·결혼·영리),18.0,16.0,,2011-2022,132_DT_13204_2011_N213_20260915163035.csv,TIME_MACHINE
2017,범위확인필요,업무상배임,513.0,438.0,,2011-2022,132_DT_13204_2011_N213_20260915163035.csv,TIME_MACHINE
2017,범위확인필요,업무상위력등에의한추행,85.0,83.0,,2011-2022,132_DT_13204_2011_N213_20260915163035.csv,TIME_MACHINE
2017,범위확인필요,업무상위력에의한간음,8.0,9.0,,2011-2022,132_DT_13204_2011_N213_20260915163035.csv,TIME_MACHINE
2017,범위확인필요,업무상횡령,1432.0,1216.0,,2011-2022,132_DT_13204_2011_N213_20260915163035.csv,TIME_MACHINE
2017,범위확인필요,여객자동차운수사업법,439.0,363.0,,2011-2022,132_DT_13204_2011_N213_20260915163035.csv,TIME_MACHINE
2017,범위확인필요,여권법,7.0,4.0,,2011-2022,132_DT_13204_2011_N213_20260915163035.csv,TIME_MACHINE
2017,범위확인필요,여신전문금융업법위반,619.0,387.0,,2011-2022,132_DT_13204_2011_N213_20260915163035.csv,TIME_MACHINE
2017,범위확인필요,영아살해,2.0,1.0,,2011-2022,132_DT_13204_2011_N213_20260915163035.csv,TIME_MACHINE
2017,범위확인필요,영화및비디오물의진흥에관한법률,8.0,7.0,,2011-2022,132_DT_13204_2011_N213_20260915163035.csv,TIME_MACHINE
2017,범위확인필요,예비군법위반,1917.0,1868.0,,2011-2022,132_DT_13204_2011_N213_20260915163035.csv,TIME_MACHINE
2017,범위확인필요,옥외광고물법위반,101.0,67.0,,2011-2022,132_DT_13204_2011_N213_20260915163035.csv,TIME_MACHINE
2017,범위확인필요,외국환거래법,40.0,34.0,,2011-2022,132_DT_13204_2011_N213_20260915163035.csv,TIME_MACHINE
2017,범위확인필요,위증죄,594.0,436.0,,2011-2022,132_DT_13204_2011_N213_20260915163035.csv,TIME_MACHINE
2017,범위확인필요,위치정보의보호및이용등에관한법률,24.0,19.0,,2011-2022,132_DT_13204_2011_N213_20260915163035.csv,TIME_MACHINE
2017,범위확인필요,유가증권위조·변조,97.0,74.0,,2011-2022,132_DT_13204_2011_N213_20260915163035.csv,TIME_MACHINE
2017,범위확인필요,유가증권인지,97.0,74.0,,2011-2022,132_DT_13204_2011_N213_20260915163035.csv,TIME_MACHINE
2017,범위확인필요,유기와학대의죄,164.0,25.0,,2011-2022,132_DT_13204_2011_N213_20260915163035.csv,TIME_MACHINE
2017,범위확인필요,유사강간,144.0,139.0,,2011-2022,132_DT_13204_2011_N213_20260915163035.csv,TIME_MACHINE
2017,범위확인필요,유사강간상해·치상,8.0,7.0,,2011-2022,132_DT_13204_2011_N213_20260915163035.csv,TIME_MACHINE
2017,범위확인필요,유사성행위,27.0,27.0,,2011-2022,132_DT_13204_2011_N213_20260915163035.csv,TIME_MACHINE
2017,범위확인필요,유사수신행위의규제에관한법률,369.0,253.0,,2011-2022,132_DT_13204_2011_N213_20260915163035.csv,TIME_MACHINE
2017,범위확인필요,유선및도선사업법,1.0,1.0,,2011-2022,132_DT_13204_2011_N213_20260915163035.csv,TIME_MACHINE
2017,범위확인필요,음악산업진흥에관한법률,1929.0,1925.0,,2011-2022,132_DT_13204_2011_N213_20260915163035.csv,TIME_MACHINE
2017,범위확인필요,음용수에관한죄,3.0,3.0,,2011-2022,132_DT_13204_2011_N213_20260915163035.csv,TIME_MACHINE
2017,범위확인필요,"음화등반포(판매,임대,전시,제조)",15.0,6.0,,2011-2022,132_DT_13204_2011_N213_20260915163035.csv,TIME_MACHINE
2017,범위확인필요,의료법,790.0,732.0,,2011-2022,132_DT_13204_2011_N213_20260915163035.csv,TIME_MACHINE
2017,범위확인필요,일반건조물등방화,90.0,69.0,,2011-2022,132_DT_13204_2011_N213_20260915163035.csv,TIME_MACHINE
2017,범위확인필요,자기소유건조물등방화,9.0,9.0,,2011-2022,132_DT_13204_2011_N213_20260915163035.csv,TIME_MACHINE
2017,범위확인필요,자동차관리법,4024.0,3969.0,,2011-2022,132_DT_13204_2011_N213_20260915163035.csv,TIME_MACHINE
2017,범위확인필요,자동차방화,4.0,3.0,,2011-2022,132_DT_13204_2011_N213_20260915163035.csv,TIME_MACHINE
2017,범위확인필요,자동차손해배상보장법,1458.0,1379.0,,2011-2022,132_DT_13204_2011_N213_20260915163035.csv,TIME_MACHINE
2017,범위확인필요,자살교사·방조,2.0,1.0,,2011-2022,132_DT_13204_2011_N213_20260915163035.csv,TIME_MACHINE
2017,범위확인필요,자연공원법,9.0,10.0,,2011-2022,132_DT_13204_2011_N213_20260915163035.csv,TIME_MACHINE
2017,범위확인필요,장물에관한죄,405.0,262.0,,2011-2022,132_DT_13204_2011_N213_20260915163035.csv,TIME_MACHINE
2017,범위확인필요,장사등에관한법률,1.0,,,2011-2022,132_DT_13204_2011_N213_20260915163035.csv,TIME_MACHINE
2017,범위확인필요,장애인에대한강간·간음,42.0,36.0,,2011-2022,132_DT_13204_2011_N213_20260915163035.csv,TIME_MACHINE
2017,범위확인필요,장애인에대한강제추행·추행,61.0,57.0,,2011-2022,132_DT_13204_2011_N213_20260915163035.csv,TIME_MACHINE
2017,범위확인필요,장애인에대한준강간등,2.0,2.0,,2011-2022,132_DT_13204_2011_N213_20260915163035.csv,TIME_MACHINE
2017,범위확인필요,재난및안전관리기본법,4.0,4.0,,2011-2022,132_DT_13204_2011_N213_20260915163035.csv,TIME_MACHINE
2017,범위확인필요,저작권법,4916.0,1541.0,,2011-2022,132_DT_13204_2011_N213_20260915163035.csv,TIME_MACHINE
2017,범위확인필요,전기통신기본법,72.0,66.0,,2011-2022,132_DT_13204_2011_N213_20260915163035.csv,TIME_MACHINE
2017,범위확인필요,전자금융거래법위반,1362.0,1166.0,,2011-2022,132_DT_13204_2011_N213_20260915163035.csv,TIME_MACHINE
2017,범위확인필요,전파법,22.0,21.0,,2011-2022,132_DT_13204_2011_N213_20260915163035.csv,TIME_MACHINE
2017,범위확인필요,절도,37417.0,18219.0,,2011-2022,132_DT_13204_2011_N213_20260915163035.csv,TIME_MACHINE
2017,범위확인필요,절도(상습),495.0,372.0,,2011-2022,132_DT_13204_2011_N213_20260915163035.csv,TIME_MACHINE
2017,범위확인필요,절도강간,1.0,1.0,,2011-2022,132_DT_13204_2011_N213_20260915163035.csv,TIME_MACHINE
2017,범위확인필요,절도강제추행,1.0,1.0,,2011-2022,132_DT_13204_2011_N213_20260915163035.csv,TIME_MACHINE
2017,범위확인필요,절도범죄,41162.0,21421.0,,2011-2022,132_DT_13204_2011_N213_20260915163035.csv,TIME_MACHINE
2017,범위확인필요,점유이탈물등횡령,11310.0,3513.0,,2011-2022,132_DT_13204_2011_N213_20260915163035.csv,TIME_MACHINE
2017,범위확인필요,정당법,3.0,3.0,,2011-2022,132_DT_13204_2011_N213_20260915163035.csv,TIME_MACHINE
2017,범위확인필요,정보통신망이용촉진및정보보호등에관한법률(음란물유포),302.0,175.0,,2011-2022,132_DT_13204_2011_N213_20260915163035.csv,TIME_MACHINE
2017,범위확인필요,정보통신망이용촉진및정보보호등에관한법률위반(개인정보누설등),16.0,12.0,,2011-2022,132_DT_13204_2011_N213_20260915163035.csv,TIME_MACHINE
2017,범위확인필요,정보통신망이용촉진및정보보호등에관한법률위반(기타),854.0,454.0,,2011-2022,132_DT_13204_2011_N213_20260915163035.csv,TIME_MACHINE
2017,범위확인필요,정보통신망이용촉진및정보보호등에관한법률위반(명예훼손),1938.0,1239.0,,2011-2022,132_DT_13204_2011_N213_20260915163035.csv,TIME_MACHINE
2017,범위확인필요,정보통신망이용촉진및정보보호등에관한법률위반(정보통신망침해등),544.0,132.0,,2011-2022,132_DT_13204_2011_N213_20260915163035.csv,TIME_MACHINE
2017,범위확인필요,정치자금법,4.0,3.0,,2011-2022,132_DT_13204_2011_N213_20260915163035.csv,TIME_MACHINE
2017,범위확인필요,조세범처벌법,583.0,507.0,,2011-2022,132_DT_13204_2011_N213_20260915163035.csv,TIME_MACHINE
2017,범위확인필요,존속살해,6.0,7.0,,2011-2022,132_DT_13204_2011_N213_20260915163035.csv,TIME_MACHINE
2017,범위확인필요,존속상해,60.0,59.0,,2011-2022,132_DT_13204_2011_N213_20260915163035.csv,TIME_MACHINE
2017,범위확인필요,존속상해(상습),1.0,1.0,,2011-2022,132_DT_13204_2011_N213_20260915163035.csv,TIME_MACHINE
2017,범위확인필요,존속상해(특수·특수중),8.0,8.0,,2011-2022,132_DT_13204_2011_N213_20260915163035.csv,TIME_MACHINE
2017,범위확인필요,존속상해치사,4.0,4.0,,2011-2022,132_DT_13204_2011_N213_20260915163035.csv,TIME_MACHINE
2017,범위확인필요,존속체포·감금,3.0,3.0,,2011-2022,132_DT_13204_2011_N213_20260915163035.csv,TIME_MACHINE
2017,범위확인필요,존속폭행,281.0,278.0,,2011-2022,132_DT_13204_2011_N213_20260915163035.csv,TIME_MACHINE
2017,범위확인필요,존속폭행(상습),2.0,2.0,,2011-2022,132_DT_13204_2011_N213_20260915163035.csv,TIME_MACHINE
2017,범위확인필요,존속폭행(특수),4.0,4.0,,2011-2022,132_DT_13204_2011_N213_20260915163035.csv,TIME_MACHINE
2017,범위확인필요,존속폭행치사,1.0,1.0,,2011-2022,132_DT_13204_2011_N213_20260915163035.csv,TIME_MACHINE
2017,범위확인필요,존속폭행치상,9.0,9.0,,2011-2022,132_DT_13204_2011_N213_20260915163035.csv,TIME_MACHINE
2017,범위확인필요,존속협박,41.0,41.0,,2011-2022,132_DT_13204_2011_N213_20260915163035.csv,TIME_MACHINE
2017,범위확인필요,존속협박(특수),8.0,8.0,,2011-2022,132_DT_13204_2011_N213_20260915163035.csv,TIME_MACHINE
2017,범위확인필요,주거침입강간,16.0,12.0,,2011-2022,132_DT_13204_2011_N213_20260915163035.csv,TIME_MACHINE
2017,범위확인필요,주거침입강간등,4.0,4.0,,2011-2022,132_DT_13204_2011_N213_20260915163035.csv,TIME_MACHINE
2017,범위확인필요,주거침입강제추행,21.0,19.0,,2011-2022,132_DT_13204_2011_N213_20260915163035.csv,TIME_MACHINE
2017,범위확인필요,주거침입의죄,2553.0,2027.0,,2011-2022,132_DT_13204_2011_N213_20260915163035.csv,TIME_MACHINE
2017,범위확인필요,주민등록법,379.0,264.0,,2011-2022,132_DT_13204_2011_N213_20260915163035.csv,TIME_MACHINE
2017,범위확인필요,주차장법,123.0,116.0,,2011-2022,132_DT_13204_2011_N213_20260915163035.csv,TIME_MACHINE
2017,범위확인필요,준강간,350.0,331.0,,2011-2022,132_DT_13204_2011_N213_20260915163035.csv,TIME_MACHINE
2017,범위확인필요,준강도,32.0,33.0,,2011-2022,132_DT_13204_2011_N213_20260915163035.csv,TIME_MACHINE
2017,범위확인필요,준강제추행,245.0,251.0,,2011-2022,132_DT_13204_2011_N213_20260915163035.csv,TIME_MACHINE
2017,범위확인필요,준강제추행(상습),1.0,1.0,,2011-2022,132_DT_13204_2011_N213_20260915163035.csv,TIME_MACHINE
2017,범위확인필요,준사기,18.0,18.0,,2011-2022,132_DT_13204_2011_N213_20260915163035.csv,TIME_MACHINE
2017,범위확인필요,준유사강간,24.0,20.0,,2011-2022,132_DT_13204_2011_N213_20260915163035.csv,TIME_MACHINE
2017,범위확인필요,증수뢰,54.0,45.0,,2011-2022,132_DT_13204_2011_N213_20260915163035.csv,TIME_MACHINE
2017,범위확인필요,지능범죄,70782.0,44988.0,,2011-2022,132_DT_13204_2011_N213_20260915163035.csv,TIME_MACHINE
2017,범위확인필요,지방세법,27.0,20.0,,2011-2022,132_DT_13204_2011_N213_20260915163035.csv,TIME_MACHINE
2017,범위확인필요,직권남용,137.0,60.0,,2011-2022,132_DT_13204_2011_N213_20260915163035.csv,TIME_MACHINE
2017,범위확인필요,직권남용(권리행사방해·체포·감금),94.0,36.0,,2011-2022,132_DT_13204_2011_N213_20260915163035.csv,TIME_MACHINE
2017,범위확인필요,직무유기,118.0,49.0,,2011-2022,132_DT_13204_2011_N213_20260915163035.csv,TIME_MACHINE
2017,범위확인필요,직무유기·수행거부,118.0,49.0,,2011-2022,132_DT_13204_2011_N213_20260915163035.csv,TIME_MACHINE
2017,범위확인필요,직업안정법,92.0,89.0,,2011-2022,132_DT_13204_2011_N213_20260915163035.csv,TIME_MACHINE
2017,범위확인필요,집회및시위에관한법률,111.0,110.0,,2011-2022,132_DT_13204_2011_N213_20260915163035.csv,TIME_MACHINE
2017,범위확인필요,채무자회생및파산에관한법률위반,21.0,13.0,,2011-2022,132_DT_13204_2011_N213_20260915163035.csv,TIME_MACHINE
2017,범위확인필요,철도안전법,43.0,43.0,,2011-2022,132_DT_13204_2011_N213_20260915163035.csv,TIME_MACHINE
2017,범위확인필요,청소년보호법,1437.0,1405.0,,2011-2022,132_DT_13204_2011_N213_20260915163035.csv,TIME_MACHINE
2017,범위확인필요,청소년에대한강간·간음,109.0,108.0,,2011-2022,132_DT_13204_2011_N213_20260915163035.csv,TIME_MACHINE
2017,범위확인필요,청소년에대한강간등,23.0,21.0,,2011-2022,132_DT_13204_2011_N213_20260915163035.csv,TIME_MACHINE
2017,범위확인필요,청소년에대한강제추행·추행,266.0,252.0,,2011-2022,132_DT_13204_2011_N213_20260915163035.csv,TIME_MACHINE
2017,범위확인필요,체포·감금,258.0,244.0,,2011-2022,132_DT_13204_2011_N213_20260915163035.csv,TIME_MACHINE
2017,범위확인필요,체포·감금(중),4.0,4.0,,2011-2022,132_DT_13204_2011_N213_20260915163035.csv,TIME_MACHINE
2017,범위확인필요,체포·감금(특수·특수중),17.0,16.0,,2011-2022,132_DT_13204_2011_N213_20260915163035.csv,TIME_MACHINE
2017,범위확인필요,체포·감금치사상(중·특수·상습),12.0,12.0,,2011-2022,132_DT_13204_2011_N213_20260915163035.csv,TIME_MACHINE
2017,범위확인필요,총계,320193.0,253081.0,,2011-2022,132_DT_13204_2011_N213_20260915163035.csv,TIME_MACHINE
2017,범위확인필요,총포·도검·화약류등의안전관리에관한법률,97.0,95.0,,2011-2022,132_DT_13204_2011_N213_20260915163035.csv,TIME_MACHINE
2017,범위확인필요,축산물위생관리법,107.0,106.0,,2011-2022,132_DT_13204_2011_N213_20260915163035.csv,TIME_MACHINE
2017,범위확인필요,출입국관리법,227.0,245.0,,2011-2022,132_DT_13204_2011_N213_20260915163035.csv,TIME_MACHINE
2017,범위확인필요,친족관계에의한강간,12.0,11.0,,2011-2022,132_DT_13204_2011_N213_20260915163035.csv,TIME_MACHINE
2017,범위확인필요,친족관계에의한강제추행,38.0,38.0,,2011-2022,132_DT_13204_2011_N213_20260915163035.csv,TIME_MACHINE
2017,범위확인필요,컴퓨터등사용사기,925.0,396.0,,2011-2022,132_DT_13204_2011_N213_20260915163035.csv,TIME_MACHINE
2017,범위확인필요,통신비밀보호법,24.0,18.0,,2011-2022,132_DT_13204_2011_N213_20260915163035.csv,TIME_MACHINE
2017,범위확인필요,통화,1149.0,69.0,,2011-2022,132_DT_13204_2011_N213_20260915163035.csv,TIME_MACHINE
2017,범위확인필요,통화위조·변조,891.0,52.0,,2011-2022,132_DT_13204_2011_N213_20260915163035.csv,TIME_MACHINE
2017,범위확인필요,특가법(13세미만약취·유인등),2.0,2.0,,2011-2022,132_DT_13204_2011_N213_20260915163035.csv,TIME_MACHINE
2017,범위확인필요,특가법(강도),1.0,1.0,,2011-2022,132_DT_13204_2011_N213_20260915163035.csv,TIME_MACHINE
2017,범위확인필요,특가법(관세),2.0,,,2011-2022,132_DT_13204_2011_N213_20260915163035.csv,TIME_MACHINE
2017,범위확인필요,특가법(뇌물),12.0,8.0,,2011-2022,132_DT_13204_2011_N213_20260915163035.csv,TIME_MACHINE
2017,범위확인필요,특가법(도주차량),979.0,918.0,,2011-2022,132_DT_13204_2011_N213_20260915163035.csv,TIME_MACHINE
2017,범위확인필요,특가법(보복범죄등),5.0,6.0,,2011-2022,132_DT_13204_2011_N213_20260915163035.csv,TIME_MACHINE
2017,범위확인필요,특가법(보복상해등),6.0,5.0,,2011-2022,132_DT_13204_2011_N213_20260915163035.csv,TIME_MACHINE
2017,범위확인필요,특가법(보복폭행등),15.0,15.0,,2011-2022,132_DT_13204_2011_N213_20260915163035.csv,TIME_MACHINE
2017,범위확인필요,특가법(보복협박등),28.0,26.0,,2011-2022,132_DT_13204_2011_N213_20260915163035.csv,TIME_MACHINE
2017,범위확인필요,특가법(운전자폭행등),887.0,881.0,,2011-2022,132_DT_13204_2011_N213_20260915163035.csv,TIME_MACHINE
2017,범위확인필요,특가법(위험운전치사상),1650.0,1651.0,,2011-2022,132_DT_13204_2011_N213_20260915163035.csv,TIME_MACHINE
2017,범위확인필요,특가법(절도),193.0,186.0,,2011-2022,132_DT_13204_2011_N213_20260915163035.csv,TIME_MACHINE
2017,범위확인필요,특가법(조세),97.0,76.0,,2011-2022,132_DT_13204_2011_N213_20260915163035.csv,TIME_MACHINE
2017,범위확인필요,"특가법(체포·감금,독직폭행·가혹행위)",4.0,4.0,,2011-2022,132_DT_13204_2011_N213_20260915163035.csv,TIME_MACHINE
2017,범위확인필요,특가법(통화위조),5.0,1.0,,2011-2022,132_DT_13204_2011_N213_20260915163035.csv,TIME_MACHINE
2017,범위확인필요,특가법(향정),1.0,,,2011-2022,132_DT_13204_2011_N213_20260915163035.csv,TIME_MACHINE
2017,범위확인필요,특경법(공갈),4.0,1.0,,2011-2022,132_DT_13204_2011_N213_20260915163035.csv,TIME_MACHINE
2017,범위확인필요,특경법(배임),137.0,123.0,,2011-2022,132_DT_13204_2011_N213_20260915163035.csv,TIME_MACHINE
2017,범위확인필요,특경법(사금융알선등),2.0,1.0,,2011-2022,132_DT_13204_2011_N213_20260915163035.csv,TIME_MACHINE
2017,범위확인필요,특경법(사기),857.0,626.0,,2011-2022,132_DT_13204_2011_N213_20260915163035.csv,TIME_MACHINE
2017,범위확인필요,특경법(수재등),9.0,8.0,,2011-2022,132_DT_13204_2011_N213_20260915163035.csv,TIME_MACHINE
2017,범위확인필요,특경법(알선수재),6.0,4.0,,2011-2022,132_DT_13204_2011_N213_20260915163035.csv,TIME_MACHINE
2017,범위확인필요,특경법(횡령),235.0,201.0,,2011-2022,132_DT_13204_2011_N213_20260915163035.csv,TIME_MACHINE
2017,범위확인필요,특별경제범죄,15328.0,10750.0,,2011-2022,132_DT_13204_2011_N213_20260915163035.csv,TIME_MACHINE
2017,범위확인필요,특수강간(준),48.0,48.0,,2011-2022,132_DT_13204_2011_N213_20260915163035.csv,TIME_MACHINE
2017,범위확인필요,특수강도,54.0,54.0,,2011-2022,132_DT_13204_2011_N213_20260915163035.csv,TIME_MACHINE
2017,범위확인필요,특수강도강간,2.0,2.0,,2011-2022,132_DT_13204_2011_N213_20260915163035.csv,TIME_MACHINE
2017,범위확인필요,특수강도강간등,2.0,5.0,,2011-2022,132_DT_13204_2011_N213_20260915163035.csv,TIME_MACHINE
2017,범위확인필요,특수강도유사강간,1.0,1.0,,2011-2022,132_DT_13204_2011_N213_20260915163035.csv,TIME_MACHINE
2017,범위확인필요,특수강제추행(준),6.0,6.0,,2011-2022,132_DT_13204_2011_N213_20260915163035.csv,TIME_MACHINE
2017,범위확인필요,특수공갈,20.0,19.0,,2011-2022,132_DT_13204_2011_N213_20260915163035.csv,TIME_MACHINE
2017,범위확인필요,특수상해,1.0,1.0,,2011-2022,132_DT_13204_2011_N213_20260915163035.csv,TIME_MACHINE
2017,범위확인필요,특수절도,1977.0,1751.0,,2011-2022,132_DT_13204_2011_N213_20260915163035.csv,TIME_MACHINE
2017,범위확인필요,특수절도(상습),17.0,12.0,,2011-2022,132_DT_13204_2011_N213_20260915163035.csv,TIME_MACHINE
2017,범위확인필요,특수폭행,1306.0,1248.0,,2011-2022,132_DT_13204_2011_N213_20260915163035.csv,TIME_MACHINE
2017,범위확인필요,특수폭행(상습),3.0,3.0,,2011-2022,132_DT_13204_2011_N213_20260915163035.csv,TIME_MACHINE
2017,범위확인필요,특수폭행치사,1.0,1.0,,2011-2022,132_DT_13204_2011_N213_20260915163035.csv,TIME_MACHINE
2017,범위확인필요,특수폭행치상,13.0,12.0,,2011-2022,132_DT_13204_2011_N213_20260915163035.csv,TIME_MACHINE
2017,범위확인필요,특허법,68.0,64.0,,2011-2022,132_DT_13204_2011_N213_20260915163035.csv,TIME_MACHINE
2017,범위확인필요,편의시설부정이용,77.0,89.0,,2011-2022,132_DT_13204_2011_N213_20260915163035.csv,TIME_MACHINE
2017,범위확인필요,폐기물관리법,13.0,12.0,,2011-2022,132_DT_13204_2011_N213_20260915163035.csv,TIME_MACHINE
2017,범위확인필요,폭력범죄,59449.0,51626.0,,2011-2022,132_DT_13204_2011_N213_20260915163035.csv,TIME_MACHINE
2017,범위확인필요,폭력행위등,2125.0,1958.0,,2011-2022,132_DT_13204_2011_N213_20260915163035.csv,TIME_MACHINE
2017,범위확인필요,폭력행위등처벌에관한법률위반(공동),2007.0,1844.0,,2011-2022,132_DT_13204_2011_N213_20260915163035.csv,TIME_MACHINE
2017,범위확인필요,폭력행위등처벌에관한법률위반(기타),1.0,,,2011-2022,132_DT_13204_2011_N213_20260915163035.csv,TIME_MACHINE
2017,범위확인필요,폭력행위등처벌에관한법률위반(단체등의[상습·공동·집단흉기등·상습집단흉기등]),5.0,5.0,,2011-2022,132_DT_13204_2011_N213_20260915163035.csv,TIME_MACHINE
2017,범위확인필요,폭력행위등처벌에관한법률위반(상습),17.0,16.0,,2011-2022,132_DT_13204_2011_N213_20260915163035.csv,TIME_MACHINE
2017,범위확인필요,"폭력행위등처벌에관한법률위반(상습집단,흉기등)",1.0,1.0,,2011-2022,132_DT_13204_2011_N213_20260915163035.csv,TIME_MACHINE
2017,범위확인필요,폭력행위등처벌에관한법률위반(우범자),79.0,79.0,,2011-2022,132_DT_13204_2011_N213_20260915163035.csv,TIME_MACHINE
2017,범위확인필요,"폭력행위등처벌에관한법률위반(집단,흉기등)",16.0,13.0,,2011-2022,132_DT_13204_2011_N213_20260915163035.csv,TIME_MACHINE
2017,범위확인필요,폭발성물건파열(과실),4.0,4.0,,2011-2022,132_DT_13204_2011_N213_20260915163035.csv,TIME_MACHINE
2017,범위확인필요,폭발성물건파열(치사·상),1.0,1.0,,2011-2022,132_DT_13204_2011_N213_20260915163035.csv,TIME_MACHINE
2017,범위확인필요,폭행,36317.0,34381.0,,2011-2022,132_DT_13204_2011_N213_20260915163035.csv,TIME_MACHINE
2017,범위확인필요,폭행(상습),21.0,20.0,,2011-2022,132_DT_13204_2011_N213_20260915163035.csv,TIME_MACHINE
2017,범위확인필요,폭행치사,8.0,8.0,,2011-2022,132_DT_13204_2011_N213_20260915163035.csv,TIME_MACHINE
2017,범위확인필요,폭행치상,358.0,346.0,,2011-2022,132_DT_13204_2011_N213_20260915163035.csv,TIME_MACHINE
2017,범위확인필요,풍속범죄,5381.0,4835.0,,2011-2022,132_DT_13204_2011_N213_20260915163035.csv,TIME_MACHINE
2017,범위확인필요,풍속영업의규제에관한법률,58.0,57.0,,2011-2022,132_DT_13204_2011_N213_20260915163035.csv,TIME_MACHINE
2017,범위확인필요,피의사실공표,3.0,2.0,,2011-2022,132_DT_13204_2011_N213_20260915163035.csv,TIME_MACHINE
2017,범위확인필요,하수도법,1.0,1.0,,2011-2022,132_DT_13204_2011_N213_20260915163035.csv,TIME_MACHINE
2017,범위확인필요,하천법,5.0,5.0,,2011-2022,132_DT_13204_2011_N213_20260915163035.csv,TIME_MACHINE
2017,범위확인필요,학원의설립·운영및과외교섭에관한법률,129.0,129.0,,2011-2022,132_DT_13204_2011_N213_20260915163035.csv,TIME_MACHINE
2017,범위확인필요,"허위감정,증거인멸·은닉,증인은닉죄",26.0,14.0,,2011-2022,132_DT_13204_2011_N213_20260915163035.csv,TIME_MACHINE
2017,범위확인필요,현주·공용건조물등방화,105.0,99.0,,2011-2022,132_DT_13204_2011_N213_20260915163035.csv,TIME_MACHINE
2017,범위확인필요,현주건조물등방화치사,5.0,4.0,,2011-2022,132_DT_13204_2011_N213_20260915163035.csv,TIME_MACHINE
2017,범위확인필요,현주건조물등방화치상,4.0,4.0,,2011-2022,132_DT_13204_2011_N213_20260915163035.csv,TIME_MACHINE
2017,범위확인필요,협박,2929.0,2724.0,,2011-2022,132_DT_13204_2011_N213_20260915163035.csv,TIME_MACHINE
2017,범위확인필요,협박(상습),3.0,3.0,,2011-2022,132_DT_13204_2011_N213_20260915163035.csv,TIME_MACHINE
2017,범위확인필요,협박(특수),1424.0,1393.0,,2011-2022,132_DT_13204_2011_N213_20260915163035.csv,TIME_MACHINE
2017,범위확인필요,형의실효등에관한법률,3.0,3.0,,2011-2022,132_DT_13204_2011_N213_20260915163035.csv,TIME_MACHINE
2017,범위확인필요,화물자동차운수사업법,591.0,579.0,,2011-2022,132_DT_13204_2011_N213_20260915163035.csv,TIME_MACHINE
2017,범위확인필요,환경범죄,52.0,51.0,,2011-2022,132_DT_13204_2011_N213_20260915163035.csv,TIME_MACHINE
2017,범위확인필요,횡령,15316.0,6706.0,,2011-2022,132_DT_13204_2011_N213_20260915163035.csv,TIME_MACHINE
2018,범위확인필요,13세미만미성년자강간·간음,10.0,10.0,,2011-2022,132_DT_13204_2011_N213_20260915163035.csv,TIME_MACHINE
2018,범위확인필요,13세미만미성년자강간등,4.0,3.0,,2011-2022,132_DT_13204_2011_N213_20260915163035.csv,TIME_MACHINE
2018,범위확인필요,13세미만미성년자강제추행·추행,140.0,116.0,,2011-2022,132_DT_13204_2011_N213_20260915163035.csv,TIME_MACHINE
2018,범위확인필요,가스등공급사용방해(치사·상),6.0,4.0,,2011-2022,132_DT_13204_2011_N213_20260915163035.csv,TIME_MACHINE
2018,범위확인필요,가스등방출(치사·상),2.0,2.0,,2011-2022,132_DT_13204_2011_N213_20260915163035.csv,TIME_MACHINE
2018,범위확인필요,가정폭력범죄의처벌등에관한특례법위반,75.0,73.0,,2011-2022,132_DT_13204_2011_N213_20260915163035.csv,TIME_MACHINE
2018,범위확인필요,강간,1171.0,1148.0,,2011-2022,132_DT_13204_2011_N213_20260915163035.csv,TIME_MACHINE
2018,범위확인필요,강간등살인·치사,1.0,1.0,,2011-2022,132_DT_13204_2011_N213_20260915163035.csv,TIME_MACHINE
2018,범위확인필요,강간등상해·치상,21.0,19.0,,2011-2022,132_DT_13204_2011_N213_20260915163035.csv,TIME_MACHINE
2018,범위확인필요,강간살인·치사,1.0,1.0,,2011-2022,132_DT_13204_2011_N213_20260915163035.csv,TIME_MACHINE
2018,범위확인필요,강간상해·치상,62.0,65.0,,2011-2022,132_DT_13204_2011_N213_20260915163035.csv,TIME_MACHINE
2018,범위확인필요,강도,143.0,151.0,,2011-2022,132_DT_13204_2011_N213_20260915163035.csv,TIME_MACHINE
2018,범위확인필요,강도강간,7.0,11.0,,2011-2022,132_DT_13204_2011_N213_20260915163035.csv,TIME_MACHINE
2018,범위확인필요,강도살인·치사,3.0,3.0,,2011-2022,132_DT_13204_2011_N213_20260915163035.csv,TIME_MACHINE
2018,범위확인필요,강도상해·치상,30.0,32.0,,2011-2022,132_DT_13204_2011_N213_20260915163035.csv,TIME_MACHINE
2018,범위확인필요,강력범죄,6991.0,6598.0,,2011-2022,132_DT_13204_2011_N213_20260915163035.csv,TIME_MACHINE
2018,범위확인필요,강제추행,5001.0,4671.0,,2011-2022,132_DT_13204_2011_N213_20260915163035.csv,TIME_MACHINE
2018,범위확인필요,강제추행(상습),5.0,8.0,,2011-2022,132_DT_13204_2011_N213_20260915163035.csv,TIME_MACHINE
2018,범위확인필요,강제추행상해·치상,31.0,30.0,,2011-2022,132_DT_13204_2011_N213_20260915163035.csv,TIME_MACHINE
2018,범위확인필요,개인정보보호법,365.0,276.0,,2011-2022,132_DT_13204_2011_N213_20260915163035.csv,TIME_MACHINE
2018,범위확인필요,건설산업기본법,517.0,315.0,,2011-2022,132_DT_13204_2011_N213_20260915163035.csv,TIME_MACHINE
2018,범위확인필요,건설폐기물의재활용촉진에관한법률,1.0,1.0,,2011-2022,132_DT_13204_2011_N213_20260915163035.csv,TIME_MACHINE
2018,범위확인필요,건축법,260.0,247.0,,2011-2022,132_DT_13204_2011_N213_20260915163035.csv,TIME_MACHINE
2018,범위확인필요,게임산업진흥에관한법률,801.0,771.0,,2011-2022,132_DT_13204_2011_N213_20260915163035.csv,TIME_MACHINE
2018,범위확인필요,경범죄처벌법,1780.0,1652.0,,2011-2022,132_DT_13204_2011_N213_20260915163035.csv,TIME_MACHINE
2018,범위확인필요,고압가스안전관리법,8.0,7.0,,2011-2022,132_DT_13204_2011_N213_20260915163035.csv,TIME_MACHINE
2018,범위확인필요,공갈,788.0,497.0,,2011-2022,132_DT_13204_2011_N213_20260915163035.csv,TIME_MACHINE
2018,범위확인필요,공갈(상습),12.0,13.0,,2011-2022,132_DT_13204_2011_N213_20260915163035.csv,TIME_MACHINE
2018,범위확인필요,공무방해에관한죄,2442.0,2380.0,,2011-2022,132_DT_13204_2011_N213_20260915163035.csv,TIME_MACHINE
2018,범위확인필요,공무상비밀누설,4.0,3.0,,2011-2022,132_DT_13204_2011_N213_20260915163035.csv,TIME_MACHINE
2018,범위확인필요,공문서위조·변조,523.0,421.0,,2011-2022,132_DT_13204_2011_N213_20260915163035.csv,TIME_MACHINE
2018,범위확인필요,공안을해하는죄,13.0,11.0,,2011-2022,132_DT_13204_2011_N213_20260915163035.csv,TIME_MACHINE
2018,범위확인필요,공연음란,588.0,480.0,,2011-2022,132_DT_13204_2011_N213_20260915163035.csv,TIME_MACHINE
2018,범위확인필요,공유수면관리및매립에관한법률위반,1.0,,,2011-2022,132_DT_13204_2011_N213_20260915163035.csv,TIME_MACHINE
2018,범위확인필요,공인등의위조·부정사용및행사,70.0,65.0,,2011-2022,132_DT_13204_2011_N213_20260915163035.csv,TIME_MACHINE
2018,범위확인필요,공인중개사법,140.0,131.0,,2011-2022,132_DT_13204_2011_N213_20260915163035.csv,TIME_MACHINE
2018,범위확인필요,공전자기록등위작·변작,10.0,9.0,,2011-2022,132_DT_13204_2011_N213_20260915163035.csv,TIME_MACHINE
2018,범위확인필요,공중밀집장소에서의추행,995.0,887.0,,2011-2022,132_DT_13204_2011_N213_20260915163035.csv,TIME_MACHINE
2018,범위확인필요,공중위생관리법,405.0,422.0,,2011-2022,132_DT_13204_2011_N213_20260915163035.csv,TIME_MACHINE
2018,범위확인필요,공직선거법,195.0,169.0,,2011-2022,132_DT_13204_2011_N213_20260915163035.csv,TIME_MACHINE
2018,범위확인필요,과실치사상의죄,1122.0,994.0,,2011-2022,132_DT_13204_2011_N213_20260915163035.csv,TIME_MACHINE
2018,범위확인필요,관세법,2.0,1.0,,2011-2022,132_DT_13204_2011_N213_20260915163035.csv,TIME_MACHINE
2018,범위확인필요,교육환경법,325.0,324.0,,2011-2022,132_DT_13204_2011_N213_20260915163035.csv,TIME_MACHINE
2018,범위확인필요,교통방해의죄,88.0,91.0,,2011-2022,132_DT_13204_2011_N213_20260915163035.csv,TIME_MACHINE
2018,범위확인필요,교통범죄,61139.0,60267.0,,2011-2022,132_DT_13204_2011_N213_20260915163035.csv,TIME_MACHINE
2018,범위확인필요,교통사고,40844.0,39392.0,,2011-2022,132_DT_13204_2011_N213_20260915163035.csv,TIME_MACHINE
2018,범위확인필요,교통사고외,20295.0,20875.0,,2011-2022,132_DT_13204_2011_N213_20260915163035.csv,TIME_MACHINE
2018,범위확인필요,교통사고처리특례법,34786.0,33745.0,,2011-2022,132_DT_13204_2011_N213_20260915163035.csv,TIME_MACHINE
2018,범위확인필요,국가보안법,13.0,9.0,,2011-2022,132_DT_13204_2011_N213_20260915163035.csv,TIME_MACHINE
2018,범위확인필요,국민건강보험법,112.0,71.0,,2011-2022,132_DT_13204_2011_N213_20260915163035.csv,TIME_MACHINE
2018,범위확인필요,국민연금법,24.0,20.0,,2011-2022,132_DT_13204_2011_N213_20260915163035.csv,TIME_MACHINE
2018,범위확인필요,국외이송약취·유인·인신매매,1.0,1.0,,2011-2022,132_DT_13204_2011_N213_20260915163035.csv,TIME_MACHINE
2018,범위확인필요,국토의계획및이용에관한법률,45.0,42.0,,2011-2022,132_DT_13204_2011_N213_20260915163035.csv,TIME_MACHINE
2018,범위확인필요,권리행사를방해하는죄,2030.0,1472.0,,2011-2022,132_DT_13204_2011_N213_20260915163035.csv,TIME_MACHINE
2018,범위확인필요,근로기준법,7.0,4.0,,2011-2022,132_DT_13204_2011_N213_20260915163035.csv,TIME_MACHINE
2018,범위확인필요,기타,2036.0,1868.0,,2011-2022,132_DT_13204_2011_N213_20260915163035.csv,TIME_MACHINE
2018,범위확인필요,기타 강간·강제추행 등,59.0,57.0,,2011-2022,132_DT_13204_2011_N213_20260915163035.csv,TIME_MACHINE
2018,범위확인필요,기타경제범죄,163.0,137.0,,2011-2022,132_DT_13204_2011_N213_20260915163035.csv,TIME_MACHINE
2018,범위확인필요,기타노동범죄,107.0,98.0,,2011-2022,132_DT_13204_2011_N213_20260915163035.csv,TIME_MACHINE
2018,범위확인필요,기타도박범죄,286.0,242.0,,2011-2022,132_DT_13204_2011_N213_20260915163035.csv,TIME_MACHINE
2018,범위확인필요,기타범죄,42522.0,34988.0,,2011-2022,132_DT_13204_2011_N213_20260915163035.csv,TIME_MACHINE
2018,범위확인필요,기타병역범죄,2.0,1.0,,2011-2022,132_DT_13204_2011_N213_20260915163035.csv,TIME_MACHINE
2018,범위확인필요,기타보건범죄,339.0,324.0,,2011-2022,132_DT_13204_2011_N213_20260915163035.csv,TIME_MACHINE
2018,범위확인필요,기타선거범죄,1.0,1.0,,2011-2022,132_DT_13204_2011_N213_20260915163035.csv,TIME_MACHINE
2018,범위확인필요,기타안보범죄,4.0,1.0,,2011-2022,132_DT_13204_2011_N213_20260915163035.csv,TIME_MACHINE
2018,범위확인필요,기타통화에관한죄,142.0,5.0,,2011-2022,132_DT_13204_2011_N213_20260915163035.csv,TIME_MACHINE
2018,범위확인필요,기타환경범죄,31.0,33.0,,2011-2022,132_DT_13204_2011_N213_20260915163035.csv,TIME_MACHINE
2018,범위확인필요,낙태의죄,9.0,5.0,,2011-2022,132_DT_13204_2011_N213_20260915163035.csv,TIME_MACHINE
2018,범위확인필요,내수면어업법,1.0,1.0,,2011-2022,132_DT_13204_2011_N213_20260915163035.csv,TIME_MACHINE
2018,범위확인필요,노동범죄,184.0,167.0,,2011-2022,132_DT_13204_2011_N213_20260915163035.csv,TIME_MACHINE
2018,범위확인필요,노동조합및노동관계조정법,2.0,2.0,,2011-2022,132_DT_13204_2011_N213_20260915163035.csv,TIME_MACHINE
2018,범위확인필요,농수산물유통및가격안정에관한법률,5.0,3.0,,2011-2022,132_DT_13204_2011_N213_20260915163035.csv,TIME_MACHINE
2018,범위확인필요,농지법,1.0,3.0,,2011-2022,132_DT_13204_2011_N213_20260915163035.csv,TIME_MACHINE
2018,범위확인필요,뇌물공여등,8.0,6.0,,2011-2022,132_DT_13204_2011_N213_20260915163035.csv,TIME_MACHINE
2018,범위확인필요,뇌물수수등,29.0,25.0,,2011-2022,132_DT_13204_2011_N213_20260915163035.csv,TIME_MACHINE
2018,범위확인필요,담배사업법,37.0,38.0,,2011-2022,132_DT_13204_2011_N213_20260915163035.csv,TIME_MACHINE
2018,범위확인필요,대기환경보전법,13.0,15.0,,2011-2022,132_DT_13204_2011_N213_20260915163035.csv,TIME_MACHINE
2018,범위확인필요,대부업의등록및금융이용자보호에관한법률,295.0,228.0,,2011-2022,132_DT_13204_2011_N213_20260915163035.csv,TIME_MACHINE
2018,범위확인필요,도로교통법,2292.0,2173.0,,2011-2022,132_DT_13204_2011_N213_20260915163035.csv,TIME_MACHINE
2018,범위확인필요,도로교통법(공동위험행위),6.0,8.0,,2011-2022,132_DT_13204_2011_N213_20260915163035.csv,TIME_MACHINE
2018,범위확인필요,도로교통법(무면허운전),4377.0,4333.0,,2011-2022,132_DT_13204_2011_N213_20260915163035.csv,TIME_MACHINE
2018,범위확인필요,도로교통법(사고후미조치),1166.0,923.0,,2011-2022,132_DT_13204_2011_N213_20260915163035.csv,TIME_MACHINE
2018,범위확인필요,도로교통법(음주운전),15355.0,15921.0,,2011-2022,132_DT_13204_2011_N213_20260915163035.csv,TIME_MACHINE
2018,범위확인필요,도로교통법(음주측정거부),328.0,333.0,,2011-2022,132_DT_13204_2011_N213_20260915163035.csv,TIME_MACHINE
2018,범위확인필요,도로법,141.0,189.0,,2011-2022,132_DT_13204_2011_N213_20260915163035.csv,TIME_MACHINE
2018,범위확인필요,도박,437.0,404.0,,2011-2022,132_DT_13204_2011_N213_20260915163035.csv,TIME_MACHINE
2018,범위확인필요,도박(상습),13.0,5.0,,2011-2022,132_DT_13204_2011_N213_20260915163035.csv,TIME_MACHINE
2018,범위확인필요,도박개장,77.0,70.0,,2011-2022,132_DT_13204_2011_N213_20260915163035.csv,TIME_MACHINE
2018,범위확인필요,도박범죄,813.0,721.0,,2011-2022,132_DT_13204_2011_N213_20260915163035.csv,TIME_MACHINE
2018,범위확인필요,도시가스사업법,8.0,5.0,,2011-2022,132_DT_13204_2011_N213_20260915163035.csv,TIME_MACHINE
2018,범위확인필요,도시공원및녹지등에관한법률,15.0,14.0,,2011-2022,132_DT_13204_2011_N213_20260915163035.csv,TIME_MACHINE
2018,범위확인필요,독점규제및공정거래에관한법률,2.0,2.0,,2011-2022,132_DT_13204_2011_N213_20260915163035.csv,TIME_MACHINE
2018,범위확인필요,독직폭행·가혹행위,39.0,18.0,,2011-2022,132_DT_13204_2011_N213_20260915163035.csv,TIME_MACHINE
2018,범위확인필요,디자인보호법,63.0,49.0,,2011-2022,132_DT_13204_2011_N213_20260915163035.csv,TIME_MACHINE
2018,범위확인필요,마약류관리에관한법률(대마),205.0,193.0,,2011-2022,132_DT_13204_2011_N213_20260915163035.csv,TIME_MACHINE
2018,범위확인필요,마약류관리에관한법률(마약),48.0,45.0,,2011-2022,132_DT_13204_2011_N213_20260915163035.csv,TIME_MACHINE
2018,범위확인필요,마약류관리에관한법률(향정),1289.0,948.0,,2011-2022,132_DT_13204_2011_N213_20260915163035.csv,TIME_MACHINE
2018,범위확인필요,마약류불법거래방지에관한특례법,11.0,,,2011-2022,132_DT_13204_2011_N213_20260915163035.csv,TIME_MACHINE
2018,범위확인필요,마약범죄,1553.0,1186.0,,2011-2022,132_DT_13204_2011_N213_20260915163035.csv,TIME_MACHINE
2018,범위확인필요,명예에관한죄,7237.0,5035.0,,2011-2022,132_DT_13204_2011_N213_20260915163035.csv,TIME_MACHINE
2018,범위확인필요,무고의죄,1188.0,873.0,,2011-2022,132_DT_13204_2011_N213_20260915163035.csv,TIME_MACHINE
2018,범위확인필요,문서·인장,2555.0,2014.0,,2011-2022,132_DT_13204_2011_N213_20260915163035.csv,TIME_MACHINE
2018,범위확인필요,문화재보호법,8.0,8.0,,2011-2022,132_DT_13204_2011_N213_20260915163035.csv,TIME_MACHINE
2018,범위확인필요,미성년자간음(심신미약자),2.0,2.0,,2011-2022,132_DT_13204_2011_N213_20260915163035.csv,TIME_MACHINE
2018,범위확인필요,미성년자의제강간,10.0,8.0,,2011-2022,132_DT_13204_2011_N213_20260915163035.csv,TIME_MACHINE
2018,범위확인필요,미성년자의제강제추행,2.0,2.0,,2011-2022,132_DT_13204_2011_N213_20260915163035.csv,TIME_MACHINE
2018,범위확인필요,미성년자추행(심신미약자),1.0,1.0,,2011-2022,132_DT_13204_2011_N213_20260915163035.csv,TIME_MACHINE
2018,범위확인필요,방문판매등에관한법률,49.0,43.0,,2011-2022,132_DT_13204_2011_N213_20260915163035.csv,TIME_MACHINE
2018,범위확인필요,방화,293.0,262.0,,2011-2022,132_DT_13204_2011_N213_20260915163035.csv,TIME_MACHINE
2018,범위확인필요,방화연소,5.0,3.0,,2011-2022,132_DT_13204_2011_N213_20260915163035.csv,TIME_MACHINE
2018,범위확인필요,배임,1024.0,828.0,,2011-2022,132_DT_13204_2011_N213_20260915163035.csv,TIME_MACHINE
2018,범위확인필요,배임수재,43.0,29.0,,2011-2022,132_DT_13204_2011_N213_20260915163035.csv,TIME_MACHINE
2018,범위확인필요,배임증재,5.0,4.0,,2011-2022,132_DT_13204_2011_N213_20260915163035.csv,TIME_MACHINE
2018,범위확인필요,범인은닉·범인도피죄,14.0,11.0,,2011-2022,132_DT_13204_2011_N213_20260915163035.csv,TIME_MACHINE
2018,범위확인필요,변호사법,141.0,87.0,,2011-2022,132_DT_13204_2011_N213_20260915163035.csv,TIME_MACHINE
2018,범위확인필요,병역범죄,3456.0,3443.0,,2011-2022,132_DT_13204_2011_N213_20260915163035.csv,TIME_MACHINE
2018,범위확인필요,병역법,2052.0,2036.0,,2011-2022,132_DT_13204_2011_N213_20260915163035.csv,TIME_MACHINE
2018,범위확인필요,보건범죄,2899.0,2834.0,,2011-2022,132_DT_13204_2011_N213_20260915163035.csv,TIME_MACHINE
2018,범위확인필요,보건범죄특조법(부정의료업자),40.0,36.0,,2011-2022,132_DT_13204_2011_N213_20260915163035.csv,TIME_MACHINE
2018,범위확인필요,보건범죄특조법(부정의약품),2.0,2.0,,2011-2022,132_DT_13204_2011_N213_20260915163035.csv,TIME_MACHINE
2018,범위확인필요,보험사기방지특별법위반,480.0,547.0,,2011-2022,132_DT_13204_2011_N213_20260915163035.csv,TIME_MACHINE
2018,범위확인필요,부당이득,17.0,15.0,,2011-2022,132_DT_13204_2011_N213_20260915163035.csv,TIME_MACHINE
2018,범위확인필요,부정경쟁방지및영업비밀보호에관한법률,177.0,140.0,,2011-2022,132_DT_13204_2011_N213_20260915163035.csv,TIME_MACHINE
2018,범위확인필요,부정수표단속법,422.0,279.0,,2011-2022,132_DT_13204_2011_N213_20260915163035.csv,TIME_MACHINE
2018,범위확인필요,부정청탁금지법,12.0,10.0,,2011-2022,132_DT_13204_2011_N213_20260915163035.csv,TIME_MACHINE
2018,범위확인필요,불법사용,56.0,49.0,,2011-2022,132_DT_13204_2011_N213_20260915163035.csv,TIME_MACHINE
2018,범위확인필요,비밀침해죄,22.0,12.0,,2011-2022,132_DT_13204_2011_N213_20260915163035.csv,TIME_MACHINE
2018,범위확인필요,사격장안전법,2.0,2.0,,2011-2022,132_DT_13204_2011_N213_20260915163035.csv,TIME_MACHINE
2018,범위확인필요,사기,55371.0,36569.0,,2011-2022,132_DT_13204_2011_N213_20260915163035.csv,TIME_MACHINE
2018,범위확인필요,사기(상습),158.0,142.0,,2011-2022,132_DT_13204_2011_N213_20260915163035.csv,TIME_MACHINE
2018,범위확인필요,사문서위조·변조,1825.0,1428.0,,2011-2022,132_DT_13204_2011_N213_20260915163035.csv,TIME_MACHINE
2018,범위확인필요,사인등의위조·부정사용및행사,40.0,34.0,,2011-2022,132_DT_13204_2011_N213_20260915163035.csv,TIME_MACHINE
2018,범위확인필요,사전자기록등위작·변작,87.0,57.0,,2011-2022,132_DT_13204_2011_N213_20260915163035.csv,TIME_MACHINE
2018,범위확인필요,산업안전보건법,4.0,4.0,,2011-2022,132_DT_13204_2011_N213_20260915163035.csv,TIME_MACHINE
2018,범위확인필요,살인,33.0,32.0,,2011-2022,132_DT_13204_2011_N213_20260915163035.csv,TIME_MACHINE
2018,범위확인필요,살인기수,45.0,44.0,,2011-2022,132_DT_13204_2011_N213_20260915163035.csv,TIME_MACHINE
2018,범위확인필요,살인미수등,98.0,95.0,,2011-2022,132_DT_13204_2011_N213_20260915163035.csv,TIME_MACHINE
2018,범위확인필요,상표법,691.0,636.0,,2011-2022,132_DT_13204_2011_N213_20260915163035.csv,TIME_MACHINE
2018,범위확인필요,상해,5126.0,4894.0,,2011-2022,132_DT_13204_2011_N213_20260915163035.csv,TIME_MACHINE
2018,범위확인필요,상해(상습),9.0,9.0,,2011-2022,132_DT_13204_2011_N213_20260915163035.csv,TIME_MACHINE
2018,범위확인필요,상해(중),9.0,9.0,,2011-2022,132_DT_13204_2011_N213_20260915163035.csv,TIME_MACHINE
2018,범위확인필요,상해치사,7.0,7.0,,2011-2022,132_DT_13204_2011_N213_20260915163035.csv,TIME_MACHINE
2018,범위확인필요,생명윤리및안전에관한법률,3.0,2.0,,2011-2022,132_DT_13204_2011_N213_20260915163035.csv,TIME_MACHINE
2018,범위확인필요,석유및석유대체연료사업법,17.0,32.0,,2011-2022,132_DT_13204_2011_N213_20260915163035.csv,TIME_MACHINE
2018,범위확인필요,선거범죄,214.0,182.0,,2011-2022,132_DT_13204_2011_N213_20260915163035.csv,TIME_MACHINE
2018,범위확인필요,선박안전법,,1.0,,2011-2022,132_DT_13204_2011_N213_20260915163035.csv,TIME_MACHINE
2018,범위확인필요,성매매방지및피해자보호등에관한법률위반,5.0,5.0,,2011-2022,132_DT_13204_2011_N213_20260915163035.csv,TIME_MACHINE
2018,범위확인필요,성매매알선등행위의처벌에관한법률위반(기타),406.0,397.0,,2011-2022,132_DT_13204_2011_N213_20260915163035.csv,TIME_MACHINE
2018,범위확인필요,성매매알선등행위의처벌에관한법률위반(성매매),434.0,375.0,,2011-2022,132_DT_13204_2011_N213_20260915163035.csv,TIME_MACHINE
2018,범위확인필요,성매매알선등행위의처벌에관한법률위반(성매매강요등),2.0,1.0,,2011-2022,132_DT_13204_2011_N213_20260915163035.csv,TIME_MACHINE
2018,범위확인필요,성매매알선등행위의처벌에관한법률위반(성매매광고),30.0,17.0,,2011-2022,132_DT_13204_2011_N213_20260915163035.csv,TIME_MACHINE
2018,범위확인필요,성매매알선등행위의처벌에관한법률위반(성매매알선등),542.0,527.0,,2011-2022,132_DT_13204_2011_N213_20260915163035.csv,TIME_MACHINE
2018,범위확인필요,성폭력범죄의처벌등에관한특례법(성적목적다중이용장소침입),193.0,160.0,,2011-2022,132_DT_13204_2011_N213_20260915163035.csv,TIME_MACHINE
2018,범위확인필요,"성폭력범죄의처벌등에관한특례법(카메라등이용촬영,반포등)",2135.0,1961.0,,2011-2022,132_DT_13204_2011_N213_20260915163035.csv,TIME_MACHINE
2018,범위확인필요,성폭력범죄의처벌등에관한특례법(통신매체이용음란),357.0,284.0,,2011-2022,132_DT_13204_2011_N213_20260915163035.csv,TIME_MACHINE
2018,범위확인필요,성폭력범죄의처벌등에관한특례법위반(기타),984.0,911.0,,2011-2022,132_DT_13204_2011_N213_20260915163035.csv,TIME_MACHINE
2018,범위확인필요,성풍속범죄,3924.0,3308.0,,2011-2022,132_DT_13204_2011_N213_20260915163035.csv,TIME_MACHINE
2018,범위확인필요,소방기본법,7.0,6.0,,2011-2022,132_DT_13204_2011_N213_20260915163035.csv,TIME_MACHINE
2018,범위확인필요,손괴,10842.0,6020.0,,2011-2022,132_DT_13204_2011_N213_20260915163035.csv,TIME_MACHINE
2018,범위확인필요,손괴의죄,10842.0,6020.0,,2011-2022,132_DT_13204_2011_N213_20260915163035.csv,TIME_MACHINE
2018,범위확인필요,수도법,7.0,9.0,,2011-2022,132_DT_13204_2011_N213_20260915163035.csv,TIME_MACHINE
2018,범위확인필요,식품위생법,1057.0,1034.0,,2011-2022,132_DT_13204_2011_N213_20260915163035.csv,TIME_MACHINE
2018,범위확인필요,신앙에관한죄,43.0,42.0,,2011-2022,132_DT_13204_2011_N213_20260915163035.csv,TIME_MACHINE
2018,범위확인필요,"신용,업무와경매에관한죄",5508.0,5257.0,,2011-2022,132_DT_13204_2011_N213_20260915163035.csv,TIME_MACHINE
2018,범위확인필요,신용정보의이용및보호에관한법률,6.0,7.0,,2011-2022,132_DT_13204_2011_N213_20260915163035.csv,TIME_MACHINE
2018,범위확인필요,실용신안법,4.0,3.0,,2011-2022,132_DT_13204_2011_N213_20260915163035.csv,TIME_MACHINE
2018,범위확인필요,실화및업무상실화죄,321.0,250.0,,2011-2022,132_DT_13204_2011_N213_20260915163035.csv,TIME_MACHINE
2018,범위확인필요,아동·청소년의성보호에관한법률위반(강요행위등),9.0,10.0,,2011-2022,132_DT_13204_2011_N213_20260915163035.csv,TIME_MACHINE
2018,범위확인필요,아동·청소년의성보호에관한법률위반(기타),70.0,62.0,,2011-2022,132_DT_13204_2011_N213_20260915163035.csv,TIME_MACHINE
2018,범위확인필요,아동·청소년의성보호에관한법률위반(매매),2.0,1.0,,2011-2022,132_DT_13204_2011_N213_20260915163035.csv,TIME_MACHINE
2018,범위확인필요,아동·청소년의성보호에관한법률위반(성매수등),16.0,15.0,,2011-2022,132_DT_13204_2011_N213_20260915163035.csv,TIME_MACHINE
2018,범위확인필요,아동·청소년의성보호에관한법률위반(아동·청소년성착취물소지·제작·배포등),164.0,119.0,,2011-2022,132_DT_13204_2011_N213_20260915163035.csv,TIME_MACHINE
2018,범위확인필요,아동·청소년의성보호에관한법률위반(알선영업행위등),4.0,5.0,,2011-2022,132_DT_13204_2011_N213_20260915163035.csv,TIME_MACHINE
2018,범위확인필요,아동복지법위반(기타),334.0,323.0,,2011-2022,132_DT_13204_2011_N213_20260915163035.csv,TIME_MACHINE
2018,범위확인필요,아동복지법위반(유기·학대 등),243.0,239.0,,2011-2022,132_DT_13204_2011_N213_20260915163035.csv,TIME_MACHINE
2018,범위확인필요,아동학대처벌법위반(기타),12.0,12.0,,2011-2022,132_DT_13204_2011_N213_20260915163035.csv,TIME_MACHINE
2018,범위확인필요,아동학대처벌법위반(상습폭행),4.0,4.0,,2011-2022,132_DT_13204_2011_N213_20260915163035.csv,TIME_MACHINE
2018,범위확인필요,아동학대처벌법위반(아동복지시설 종사자 등의 아동학대 가중처벌),24.0,23.0,,2011-2022,132_DT_13204_2011_N213_20260915163035.csv,TIME_MACHINE
2018,범위확인필요,아동학대처벌법위반(유기·학대 등),3.0,3.0,,2011-2022,132_DT_13204_2011_N213_20260915163035.csv,TIME_MACHINE
2018,범위확인필요,아동학대처벌법위반(처분 불이행 등),2.0,2.0,,2011-2022,132_DT_13204_2011_N213_20260915163035.csv,TIME_MACHINE
2018,범위확인필요,안보범죄,30.0,21.0,,2011-2022,132_DT_13204_2011_N213_20260915163035.csv,TIME_MACHINE
2018,범위확인필요,액화석유가스의안전및사업관리법,3.0,3.0,,2011-2022,132_DT_13204_2011_N213_20260915163035.csv,TIME_MACHINE
2018,범위확인필요,야간주거침입절도,841.0,663.0,,2011-2022,132_DT_13204_2011_N213_20260915163035.csv,TIME_MACHINE
2018,범위확인필요,야간주거침입절도(상습),3.0,2.0,,2011-2022,132_DT_13204_2011_N213_20260915163035.csv,TIME_MACHINE
2018,범위확인필요,야생생물보호및관리에관한법률위반,3.0,3.0,,2011-2022,132_DT_13204_2011_N213_20260915163035.csv,TIME_MACHINE
2018,범위확인필요,약사법,183.0,173.0,,2011-2022,132_DT_13204_2011_N213_20260915163035.csv,TIME_MACHINE
2018,범위확인필요,약취·유인,47.0,43.0,,2011-2022,132_DT_13204_2011_N213_20260915163035.csv,TIME_MACHINE
2018,범위확인필요,약취·유인(노동력착취·성매매·성적착취·장기적출),1.0,,,2011-2022,132_DT_13204_2011_N213_20260915163035.csv,TIME_MACHINE
2018,범위확인필요,약취·유인(미성년자),32.0,31.0,,2011-2022,132_DT_13204_2011_N213_20260915163035.csv,TIME_MACHINE
2018,범위확인필요,약취·유인(추행·간음·결혼·영리),12.0,11.0,,2011-2022,132_DT_13204_2011_N213_20260915163035.csv,TIME_MACHINE
2018,범위확인필요,업무상배임,580.0,477.0,,2011-2022,132_DT_13204_2011_N213_20260915163035.csv,TIME_MACHINE
2018,범위확인필요,업무상위력등에의한추행,74.0,74.0,,2011-2022,132_DT_13204_2011_N213_20260915163035.csv,TIME_MACHINE
2018,범위확인필요,업무상위력에의한간음,9.0,9.0,,2011-2022,132_DT_13204_2011_N213_20260915163035.csv,TIME_MACHINE
2018,범위확인필요,업무상횡령,1449.0,1223.0,,2011-2022,132_DT_13204_2011_N213_20260915163035.csv,TIME_MACHINE
2018,범위확인필요,여객자동차운수사업법,105.0,100.0,,2011-2022,132_DT_13204_2011_N213_20260915163035.csv,TIME_MACHINE
2018,범위확인필요,여권법,1.0,1.0,,2011-2022,132_DT_13204_2011_N213_20260915163035.csv,TIME_MACHINE
2018,범위확인필요,여신전문금융업법위반,619.0,396.0,,2011-2022,132_DT_13204_2011_N213_20260915163035.csv,TIME_MACHINE
2018,범위확인필요,영아살해,1.0,,,2011-2022,132_DT_13204_2011_N213_20260915163035.csv,TIME_MACHINE
2018,범위확인필요,영화및비디오물의진흥에관한법률,7.0,7.0,,2011-2022,132_DT_13204_2011_N213_20260915163035.csv,TIME_MACHINE
2018,범위확인필요,예비군법위반,1402.0,1406.0,,2011-2022,132_DT_13204_2011_N213_20260915163035.csv,TIME_MACHINE
2018,범위확인필요,옥외광고물법위반,73.0,60.0,,2011-2022,132_DT_13204_2011_N213_20260915163035.csv,TIME_MACHINE
2018,범위확인필요,외국환거래법,38.0,20.0,,2011-2022,132_DT_13204_2011_N213_20260915163035.csv,TIME_MACHINE
2018,범위확인필요,위증죄,578.0,428.0,,2011-2022,132_DT_13204_2011_N213_20260915163035.csv,TIME_MACHINE
2018,범위확인필요,위치정보의보호및이용등에관한법률,18.0,18.0,,2011-2022,132_DT_13204_2011_N213_20260915163035.csv,TIME_MACHINE
2018,범위확인필요,유가증권위조·변조,62.0,39.0,,2011-2022,132_DT_13204_2011_N213_20260915163035.csv,TIME_MACHINE
2018,범위확인필요,유가증권인지,62.0,39.0,,2011-2022,132_DT_13204_2011_N213_20260915163035.csv,TIME_MACHINE
2018,범위확인필요,유기와학대의죄,192.0,41.0,,2011-2022,132_DT_13204_2011_N213_20260915163035.csv,TIME_MACHINE
2018,범위확인필요,유사강간,181.0,170.0,,2011-2022,132_DT_13204_2011_N213_20260915163035.csv,TIME_MACHINE
2018,범위확인필요,유사강간상해·치상,14.0,13.0,,2011-2022,132_DT_13204_2011_N213_20260915163035.csv,TIME_MACHINE
2018,범위확인필요,유사성행위,17.0,15.0,,2011-2022,132_DT_13204_2011_N213_20260915163035.csv,TIME_MACHINE
2018,범위확인필요,유사수신행위의규제에관한법률,383.0,186.0,,2011-2022,132_DT_13204_2011_N213_20260915163035.csv,TIME_MACHINE
2018,범위확인필요,음악산업진흥에관한법률,1336.0,1331.0,,2011-2022,132_DT_13204_2011_N213_20260915163035.csv,TIME_MACHINE
2018,범위확인필요,음용수에관한죄,1.0,1.0,,2011-2022,132_DT_13204_2011_N213_20260915163035.csv,TIME_MACHINE
2018,범위확인필요,"음화등반포(판매,임대,전시,제조)",6.0,5.0,,2011-2022,132_DT_13204_2011_N213_20260915163035.csv,TIME_MACHINE
2018,범위확인필요,의료법,872.0,842.0,,2011-2022,132_DT_13204_2011_N213_20260915163035.csv,TIME_MACHINE
2018,범위확인필요,인질강도,1.0,1.0,,2011-2022,132_DT_13204_2011_N213_20260915163035.csv,TIME_MACHINE
2018,범위확인필요,인질강요·살해·상해,2.0,2.0,,2011-2022,132_DT_13204_2011_N213_20260915163035.csv,TIME_MACHINE
2018,범위확인필요,일반건조물등방화,77.0,64.0,,2011-2022,132_DT_13204_2011_N213_20260915163035.csv,TIME_MACHINE
2018,범위확인필요,자기소유건조물등방화,8.0,8.0,,2011-2022,132_DT_13204_2011_N213_20260915163035.csv,TIME_MACHINE
2018,범위확인필요,자동차관리법,4165.0,4085.0,,2011-2022,132_DT_13204_2011_N213_20260915163035.csv,TIME_MACHINE
2018,범위확인필요,자동차방화,20.0,19.0,,2011-2022,132_DT_13204_2011_N213_20260915163035.csv,TIME_MACHINE
2018,범위확인필요,자동차손해배상보장법,1076.0,998.0,,2011-2022,132_DT_13204_2011_N213_20260915163035.csv,TIME_MACHINE
2018,범위확인필요,자살교사·방조,3.0,3.0,,2011-2022,132_DT_13204_2011_N213_20260915163035.csv,TIME_MACHINE
2018,범위확인필요,자연공원법,7.0,6.0,,2011-2022,132_DT_13204_2011_N213_20260915163035.csv,TIME_MACHINE
2018,범위확인필요,장물에관한죄,185.0,87.0,,2011-2022,132_DT_13204_2011_N213_20260915163035.csv,TIME_MACHINE
2018,범위확인필요,장사등에관한법률,1.0,2.0,,2011-2022,132_DT_13204_2011_N213_20260915163035.csv,TIME_MACHINE
2018,범위확인필요,장애인에대한강간·간음,44.0,42.0,,2011-2022,132_DT_13204_2011_N213_20260915163035.csv,TIME_MACHINE
2018,범위확인필요,장애인에대한강제추행·추행,58.0,54.0,,2011-2022,132_DT_13204_2011_N213_20260915163035.csv,TIME_MACHINE
2018,범위확인필요,장애인에대한준강간등,1.0,1.0,,2011-2022,132_DT_13204_2011_N213_20260915163035.csv,TIME_MACHINE
2018,범위확인필요,재난및안전관리기본법,1.0,1.0,,2011-2022,132_DT_13204_2011_N213_20260915163035.csv,TIME_MACHINE
2018,범위확인필요,저작권법,3266.0,1165.0,,2011-2022,132_DT_13204_2011_N213_20260915163035.csv,TIME_MACHINE
2018,범위확인필요,전기통신기본법,203.0,147.0,,2011-2022,132_DT_13204_2011_N213_20260915163035.csv,TIME_MACHINE
2018,범위확인필요,전자금융거래법위반,1807.0,1692.0,,2011-2022,132_DT_13204_2011_N213_20260915163035.csv,TIME_MACHINE
2018,범위확인필요,전파법,14.0,7.0,,2011-2022,132_DT_13204_2011_N213_20260915163035.csv,TIME_MACHINE
2018,범위확인필요,절도,35843.0,16907.0,,2011-2022,132_DT_13204_2011_N213_20260915163035.csv,TIME_MACHINE
2018,범위확인필요,절도(상습),285.0,265.0,,2011-2022,132_DT_13204_2011_N213_20260915163035.csv,TIME_MACHINE
2018,범위확인필요,절도강제추행,1.0,,,2011-2022,132_DT_13204_2011_N213_20260915163035.csv,TIME_MACHINE
2018,범위확인필요,절도범죄,39175.0,19762.0,,2011-2022,132_DT_13204_2011_N213_20260915163035.csv,TIME_MACHINE
2018,범위확인필요,점유이탈물등횡령,11938.0,3712.0,,2011-2022,132_DT_13204_2011_N213_20260915163035.csv,TIME_MACHINE
2018,범위확인필요,정당법,7.0,5.0,,2011-2022,132_DT_13204_2011_N213_20260915163035.csv,TIME_MACHINE
2018,범위확인필요,정보통신망이용촉진및정보보호등에관한법률(음란물유포),429.0,247.0,,2011-2022,132_DT_13204_2011_N213_20260915163035.csv,TIME_MACHINE
2018,범위확인필요,정보통신망이용촉진및정보보호등에관한법률위반(개인정보누설등),12.0,7.0,,2011-2022,132_DT_13204_2011_N213_20260915163035.csv,TIME_MACHINE
2018,범위확인필요,정보통신망이용촉진및정보보호등에관한법률위반(기타),891.0,479.0,,2011-2022,132_DT_13204_2011_N213_20260915163035.csv,TIME_MACHINE
2018,범위확인필요,정보통신망이용촉진및정보보호등에관한법률위반(명예훼손),2371.0,1503.0,,2011-2022,132_DT_13204_2011_N213_20260915163035.csv,TIME_MACHINE
2018,범위확인필요,정보통신망이용촉진및정보보호등에관한법률위반(정보통신망침해등),619.0,141.0,,2011-2022,132_DT_13204_2011_N213_20260915163035.csv,TIME_MACHINE
2018,범위확인필요,정신건강복지법,2.0,2.0,,2011-2022,132_DT_13204_2011_N213_20260915163035.csv,TIME_MACHINE
2018,범위확인필요,정치자금법,11.0,7.0,,2011-2022,132_DT_13204_2011_N213_20260915163035.csv,TIME_MACHINE
2018,범위확인필요,조세범처벌법,578.0,506.0,,2011-2022,132_DT_13204_2011_N213_20260915163035.csv,TIME_MACHINE
2018,범위확인필요,존속살해,8.0,9.0,,2011-2022,132_DT_13204_2011_N213_20260915163035.csv,TIME_MACHINE
2018,범위확인필요,존속상해,61.0,60.0,,2011-2022,132_DT_13204_2011_N213_20260915163035.csv,TIME_MACHINE
2018,범위확인필요,존속상해(상습),1.0,1.0,,2011-2022,132_DT_13204_2011_N213_20260915163035.csv,TIME_MACHINE
2018,범위확인필요,존속상해(특수·특수중),7.0,7.0,,2011-2022,132_DT_13204_2011_N213_20260915163035.csv,TIME_MACHINE
2018,범위확인필요,존속상해치사,1.0,1.0,,2011-2022,132_DT_13204_2011_N213_20260915163035.csv,TIME_MACHINE
2018,범위확인필요,존속체포·감금,2.0,3.0,,2011-2022,132_DT_13204_2011_N213_20260915163035.csv,TIME_MACHINE
2018,범위확인필요,존속폭행,354.0,349.0,,2011-2022,132_DT_13204_2011_N213_20260915163035.csv,TIME_MACHINE
2018,범위확인필요,존속폭행(특수),6.0,6.0,,2011-2022,132_DT_13204_2011_N213_20260915163035.csv,TIME_MACHINE
2018,범위확인필요,존속폭행치상,4.0,4.0,,2011-2022,132_DT_13204_2011_N213_20260915163035.csv,TIME_MACHINE
2018,범위확인필요,존속협박,25.0,23.0,,2011-2022,132_DT_13204_2011_N213_20260915163035.csv,TIME_MACHINE
2018,범위확인필요,존속협박(상습특수),1.0,1.0,,2011-2022,132_DT_13204_2011_N213_20260915163035.csv,TIME_MACHINE
2018,범위확인필요,존속협박(특수),6.0,6.0,,2011-2022,132_DT_13204_2011_N213_20260915163035.csv,TIME_MACHINE
2018,범위확인필요,주거침입강간,11.0,11.0,,2011-2022,132_DT_13204_2011_N213_20260915163035.csv,TIME_MACHINE
2018,범위확인필요,주거침입강간등,11.0,11.0,,2011-2022,132_DT_13204_2011_N213_20260915163035.csv,TIME_MACHINE
2018,범위확인필요,주거침입강제추행,36.0,33.0,,2011-2022,132_DT_13204_2011_N213_20260915163035.csv,TIME_MACHINE
2018,범위확인필요,주거침입유사강간,3.0,3.0,,2011-2022,132_DT_13204_2011_N213_20260915163035.csv,TIME_MACHINE
2018,범위확인필요,주거침입의죄,2876.0,2233.0,,2011-2022,132_DT_13204_2011_N213_20260915163035.csv,TIME_MACHINE
2018,범위확인필요,주민등록법,405.0,325.0,,2011-2022,132_DT_13204_2011_N213_20260915163035.csv,TIME_MACHINE
2018,범위확인필요,주차장법,131.0,127.0,,2011-2022,132_DT_13204_2011_N213_20260915163035.csv,TIME_MACHINE
2018,범위확인필요,준강간,354.0,347.0,,2011-2022,132_DT_13204_2011_N213_20260915163035.csv,TIME_MACHINE
2018,범위확인필요,준강간(상습),3.0,3.0,,2011-2022,132_DT_13204_2011_N213_20260915163035.csv,TIME_MACHINE
2018,범위확인필요,준강도,23.0,21.0,,2011-2022,132_DT_13204_2011_N213_20260915163035.csv,TIME_MACHINE
2018,범위확인필요,준강제추행,244.0,239.0,,2011-2022,132_DT_13204_2011_N213_20260915163035.csv,TIME_MACHINE
2018,범위확인필요,준강제추행(상습),1.0,1.0,,2011-2022,132_DT_13204_2011_N213_20260915163035.csv,TIME_MACHINE
2018,범위확인필요,준사기,20.0,12.0,,2011-2022,132_DT_13204_2011_N213_20260915163035.csv,TIME_MACHINE
2018,범위확인필요,준유사강간,30.0,30.0,,2011-2022,132_DT_13204_2011_N213_20260915163035.csv,TIME_MACHINE
2018,범위확인필요,증수뢰,62.0,51.0,,2011-2022,132_DT_13204_2011_N213_20260915163035.csv,TIME_MACHINE
2018,범위확인필요,지능범죄,75843.0,46577.0,,2011-2022,132_DT_13204_2011_N213_20260915163035.csv,TIME_MACHINE
2018,범위확인필요,지방세법,52.0,41.0,,2011-2022,132_DT_13204_2011_N213_20260915163035.csv,TIME_MACHINE
2018,범위확인필요,직권남용,192.0,83.0,,2011-2022,132_DT_13204_2011_N213_20260915163035.csv,TIME_MACHINE
2018,범위확인필요,직권남용(권리행사방해·체포·감금),144.0,58.0,,2011-2022,132_DT_13204_2011_N213_20260915163035.csv,TIME_MACHINE
2018,범위확인필요,직무유기,149.0,53.0,,2011-2022,132_DT_13204_2011_N213_20260915163035.csv,TIME_MACHINE
2018,범위확인필요,직무유기·수행거부,149.0,53.0,,2011-2022,132_DT_13204_2011_N213_20260915163035.csv,TIME_MACHINE
2018,범위확인필요,직업안정법,64.0,59.0,,2011-2022,132_DT_13204_2011_N213_20260915163035.csv,TIME_MACHINE
2018,범위확인필요,집회및시위에관한법률,103.0,94.0,,2011-2022,132_DT_13204_2011_N213_20260915163035.csv,TIME_MACHINE
2018,범위확인필요,채무자회생및파산에관한법률위반,34.0,20.0,,2011-2022,132_DT_13204_2011_N213_20260915163035.csv,TIME_MACHINE
2018,범위확인필요,철도안전법,54.0,53.0,,2011-2022,132_DT_13204_2011_N213_20260915163035.csv,TIME_MACHINE
2018,범위확인필요,청소년보호법,1350.0,1315.0,,2011-2022,132_DT_13204_2011_N213_20260915163035.csv,TIME_MACHINE
2018,범위확인필요,청소년에대한강간·간음,95.0,95.0,,2011-2022,132_DT_13204_2011_N213_20260915163035.csv,TIME_MACHINE
2018,범위확인필요,청소년에대한강간등,17.0,17.0,,2011-2022,132_DT_13204_2011_N213_20260915163035.csv,TIME_MACHINE
2018,범위확인필요,청소년에대한강제추행·추행,206.0,200.0,,2011-2022,132_DT_13204_2011_N213_20260915163035.csv,TIME_MACHINE
2018,범위확인필요,체포·감금,201.0,195.0,,2011-2022,132_DT_13204_2011_N213_20260915163035.csv,TIME_MACHINE
2018,범위확인필요,체포·감금(중),6.0,7.0,,2011-2022,132_DT_13204_2011_N213_20260915163035.csv,TIME_MACHINE
2018,범위확인필요,체포·감금(특수·특수중),12.0,13.0,,2011-2022,132_DT_13204_2011_N213_20260915163035.csv,TIME_MACHINE
2018,범위확인필요,체포·감금치사상(중·특수·상습),12.0,10.0,,2011-2022,132_DT_13204_2011_N213_20260915163035.csv,TIME_MACHINE
2018,범위확인필요,총계,308997.0,239291.0,,2011-2022,132_DT_13204_2011_N213_20260915163035.csv,TIME_MACHINE
2018,범위확인필요,총포·도검·화약류등의안전관리에관한법률,95.0,108.0,,2011-2022,132_DT_13204_2011_N213_20260915163035.csv,TIME_MACHINE
2018,범위확인필요,축산물위생관리법,13.0,13.0,,2011-2022,132_DT_13204_2011_N213_20260915163035.csv,TIME_MACHINE
2018,범위확인필요,출입국관리법,275.0,270.0,,2011-2022,132_DT_13204_2011_N213_20260915163035.csv,TIME_MACHINE
2018,범위확인필요,친족관계에의한강간,16.0,17.0,,2011-2022,132_DT_13204_2011_N213_20260915163035.csv,TIME_MACHINE
2018,범위확인필요,친족관계에의한강제추행,29.0,29.0,,2011-2022,132_DT_13204_2011_N213_20260915163035.csv,TIME_MACHINE
2018,범위확인필요,컴퓨터등사용사기,521.0,403.0,,2011-2022,132_DT_13204_2011_N213_20260915163035.csv,TIME_MACHINE
2018,범위확인필요,통신비밀보호법,46.0,32.0,,2011-2022,132_DT_13204_2011_N213_20260915163035.csv,TIME_MACHINE
2018,범위확인필요,통화,452.0,23.0,,2011-2022,132_DT_13204_2011_N213_20260915163035.csv,TIME_MACHINE
2018,범위확인필요,통화위조·변조,306.0,15.0,,2011-2022,132_DT_13204_2011_N213_20260915163035.csv,TIME_MACHINE
2018,범위확인필요,특가법(13세미만약취·유인등),1.0,,,2011-2022,132_DT_13204_2011_N213_20260915163035.csv,TIME_MACHINE
2018,범위확인필요,특가법(관세),2.0,4.0,,2011-2022,132_DT_13204_2011_N213_20260915163035.csv,TIME_MACHINE
2018,범위확인필요,특가법(뇌물),11.0,8.0,,2011-2022,132_DT_13204_2011_N213_20260915163035.csv,TIME_MACHINE
2018,범위확인필요,특가법(도주차량),1032.0,985.0,,2011-2022,132_DT_13204_2011_N213_20260915163035.csv,TIME_MACHINE
2018,범위확인필요,특가법(보복범죄등),8.0,8.0,,2011-2022,132_DT_13204_2011_N213_20260915163035.csv,TIME_MACHINE
2018,범위확인필요,특가법(보복상해등),8.0,8.0,,2011-2022,132_DT_13204_2011_N213_20260915163035.csv,TIME_MACHINE
2018,범위확인필요,특가법(보복폭행등),11.0,11.0,,2011-2022,132_DT_13204_2011_N213_20260915163035.csv,TIME_MACHINE
2018,범위확인필요,특가법(보복협박등),28.0,27.0,,2011-2022,132_DT_13204_2011_N213_20260915163035.csv,TIME_MACHINE
2018,범위확인필요,특가법(알선수재),2.0,2.0,,2011-2022,132_DT_13204_2011_N213_20260915163035.csv,TIME_MACHINE
2018,범위확인필요,특가법(운전자폭행등),699.0,692.0,,2011-2022,132_DT_13204_2011_N213_20260915163035.csv,TIME_MACHINE
2018,범위확인필요,특가법(위험운전치사상),1568.0,1566.0,,2011-2022,132_DT_13204_2011_N213_20260915163035.csv,TIME_MACHINE
2018,범위확인필요,특가법(절도),313.0,298.0,,2011-2022,132_DT_13204_2011_N213_20260915163035.csv,TIME_MACHINE
2018,범위확인필요,특가법(조세),117.0,85.0,,2011-2022,132_DT_13204_2011_N213_20260915163035.csv,TIME_MACHINE
2018,범위확인필요,"특가법(체포·감금,독직폭행·가혹행위)",3.0,3.0,,2011-2022,132_DT_13204_2011_N213_20260915163035.csv,TIME_MACHINE
2018,범위확인필요,특가법(통화위조),4.0,3.0,,2011-2022,132_DT_13204_2011_N213_20260915163035.csv,TIME_MACHINE
2018,범위확인필요,특경법(공갈),10.0,6.0,,2011-2022,132_DT_13204_2011_N213_20260915163035.csv,TIME_MACHINE
2018,범위확인필요,특경법(배임),168.0,136.0,,2011-2022,132_DT_13204_2011_N213_20260915163035.csv,TIME_MACHINE
2018,범위확인필요,특경법(사금융알선등),2.0,2.0,,2011-2022,132_DT_13204_2011_N213_20260915163035.csv,TIME_MACHINE
2018,범위확인필요,특경법(사기),1187.0,838.0,,2011-2022,132_DT_13204_2011_N213_20260915163035.csv,TIME_MACHINE
2018,범위확인필요,특경법(수재등),7.0,5.0,,2011-2022,132_DT_13204_2011_N213_20260915163035.csv,TIME_MACHINE
2018,범위확인필요,특경법(알선수재),11.0,5.0,,2011-2022,132_DT_13204_2011_N213_20260915163035.csv,TIME_MACHINE
2018,범위확인필요,특경법(증재등),1.0,1.0,,2011-2022,132_DT_13204_2011_N213_20260915163035.csv,TIME_MACHINE
2018,범위확인필요,특경법(횡령),330.0,253.0,,2011-2022,132_DT_13204_2011_N213_20260915163035.csv,TIME_MACHINE
2018,범위확인필요,특별경제범죄,14066.0,10727.0,,2011-2022,132_DT_13204_2011_N213_20260915163035.csv,TIME_MACHINE
2018,범위확인필요,특수강간(준),41.0,42.0,,2011-2022,132_DT_13204_2011_N213_20260915163035.csv,TIME_MACHINE
2018,범위확인필요,특수강도,47.0,54.0,,2011-2022,132_DT_13204_2011_N213_20260915163035.csv,TIME_MACHINE
2018,범위확인필요,특수강도강간,6.0,6.0,,2011-2022,132_DT_13204_2011_N213_20260915163035.csv,TIME_MACHINE
2018,범위확인필요,특수강도강간등,4.0,5.0,,2011-2022,132_DT_13204_2011_N213_20260915163035.csv,TIME_MACHINE
2018,범위확인필요,특수강제추행(준),3.0,4.0,,2011-2022,132_DT_13204_2011_N213_20260915163035.csv,TIME_MACHINE
2018,범위확인필요,특수공갈,23.0,22.0,,2011-2022,132_DT_13204_2011_N213_20260915163035.csv,TIME_MACHINE
2018,범위확인필요,특수상해,7.0,7.0,,2011-2022,132_DT_13204_2011_N213_20260915163035.csv,TIME_MACHINE
2018,범위확인필요,특수상해(상습),3.0,3.0,,2011-2022,132_DT_13204_2011_N213_20260915163035.csv,TIME_MACHINE
2018,범위확인필요,특수절도,1823.0,1571.0,,2011-2022,132_DT_13204_2011_N213_20260915163035.csv,TIME_MACHINE
2018,범위확인필요,특수절도(상습),11.0,7.0,,2011-2022,132_DT_13204_2011_N213_20260915163035.csv,TIME_MACHINE
2018,범위확인필요,특수폭행,1439.0,1379.0,,2011-2022,132_DT_13204_2011_N213_20260915163035.csv,TIME_MACHINE
2018,범위확인필요,특수폭행(상습),,1.0,,2011-2022,132_DT_13204_2011_N213_20260915163035.csv,TIME_MACHINE
2018,범위확인필요,특수폭행치사,2.0,1.0,,2011-2022,132_DT_13204_2011_N213_20260915163035.csv,TIME_MACHINE
2018,범위확인필요,특수폭행치상,27.0,25.0,,2011-2022,132_DT_13204_2011_N213_20260915163035.csv,TIME_MACHINE
2018,범위확인필요,특허법,54.0,40.0,,2011-2022,132_DT_13204_2011_N213_20260915163035.csv,TIME_MACHINE
2018,범위확인필요,편의시설부정이용,98.0,111.0,,2011-2022,132_DT_13204_2011_N213_20260915163035.csv,TIME_MACHINE
2018,범위확인필요,폐기물관리법,19.0,22.0,,2011-2022,132_DT_13204_2011_N213_20260915163035.csv,TIME_MACHINE
2018,범위확인필요,폭력범죄,56122.0,48437.0,,2011-2022,132_DT_13204_2011_N213_20260915163035.csv,TIME_MACHINE
2018,범위확인필요,폭력행위등,1697.0,1550.0,,2011-2022,132_DT_13204_2011_N213_20260915163035.csv,TIME_MACHINE
2018,범위확인필요,폭력행위등처벌에관한법률위반(공동),1606.0,1466.0,,2011-2022,132_DT_13204_2011_N213_20260915163035.csv,TIME_MACHINE
2018,범위확인필요,폭력행위등처벌에관한법률위반(기타),3.0,3.0,,2011-2022,132_DT_13204_2011_N213_20260915163035.csv,TIME_MACHINE
2018,범위확인필요,폭력행위등처벌에관한법률위반(단체등의[상습·공동·집단흉기등·상습집단흉기등]),15.0,14.0,,2011-2022,132_DT_13204_2011_N213_20260915163035.csv,TIME_MACHINE
2018,범위확인필요,폭력행위등처벌에관한법률위반(단체등의구성·활동),2.0,,,2011-2022,132_DT_13204_2011_N213_20260915163035.csv,TIME_MACHINE
2018,범위확인필요,폭력행위등처벌에관한법률위반(상습),9.0,8.0,,2011-2022,132_DT_13204_2011_N213_20260915163035.csv,TIME_MACHINE
2018,범위확인필요,"폭력행위등처벌에관한법률위반(상습집단,흉기등)",2.0,2.0,,2011-2022,132_DT_13204_2011_N213_20260915163035.csv,TIME_MACHINE
2018,범위확인필요,폭력행위등처벌에관한법률위반(우범자),41.0,40.0,,2011-2022,132_DT_13204_2011_N213_20260915163035.csv,TIME_MACHINE
2018,범위확인필요,"폭력행위등처벌에관한법률위반(집단,흉기등)",22.0,20.0,,2011-2022,132_DT_13204_2011_N213_20260915163035.csv,TIME_MACHINE
2018,범위확인필요,폭발성물건파열(과실),1.0,1.0,,2011-2022,132_DT_13204_2011_N213_20260915163035.csv,TIME_MACHINE
2018,범위확인필요,폭행,34316.0,32425.0,,2011-2022,132_DT_13204_2011_N213_20260915163035.csv,TIME_MACHINE
2018,범위확인필요,폭행(상습),17.0,16.0,,2011-2022,132_DT_13204_2011_N213_20260915163035.csv,TIME_MACHINE
2018,범위확인필요,폭행치사,8.0,8.0,,2011-2022,132_DT_13204_2011_N213_20260915163035.csv,TIME_MACHINE
2018,범위확인필요,폭행치상,408.0,393.0,,2011-2022,132_DT_13204_2011_N213_20260915163035.csv,TIME_MACHINE
2018,범위확인필요,풍속범죄,4737.0,4029.0,,2011-2022,132_DT_13204_2011_N213_20260915163035.csv,TIME_MACHINE
2018,범위확인필요,풍속영업의규제에관한법률,52.0,52.0,,2011-2022,132_DT_13204_2011_N213_20260915163035.csv,TIME_MACHINE
2018,범위확인필요,피의사실공표,2.0,1.0,,2011-2022,132_DT_13204_2011_N213_20260915163035.csv,TIME_MACHINE
2018,범위확인필요,하수도법,2.0,2.0,,2011-2022,132_DT_13204_2011_N213_20260915163035.csv,TIME_MACHINE
2018,범위확인필요,하천법,7.0,7.0,,2011-2022,132_DT_13204_2011_N213_20260915163035.csv,TIME_MACHINE
2018,범위확인필요,학원의설립·운영및과외교섭에관한법률,118.0,119.0,,2011-2022,132_DT_13204_2011_N213_20260915163035.csv,TIME_MACHINE
2018,범위확인필요,"허위감정,증거인멸·은닉,증인은닉죄",36.0,29.0,,2011-2022,132_DT_13204_2011_N213_20260915163035.csv,TIME_MACHINE
2018,범위확인필요,현주·공용건조물등방화,166.0,156.0,,2011-2022,132_DT_13204_2011_N213_20260915163035.csv,TIME_MACHINE
2018,범위확인필요,현주건조물등방화치사,4.0,3.0,,2011-2022,132_DT_13204_2011_N213_20260915163035.csv,TIME_MACHINE
2018,범위확인필요,현주건조물등방화치상,4.0,2.0,,2011-2022,132_DT_13204_2011_N213_20260915163035.csv,TIME_MACHINE
2018,범위확인필요,협박,3105.0,2813.0,,2011-2022,132_DT_13204_2011_N213_20260915163035.csv,TIME_MACHINE
2018,범위확인필요,협박(상습),5.0,5.0,,2011-2022,132_DT_13204_2011_N213_20260915163035.csv,TIME_MACHINE
2018,범위확인필요,협박(특수),1419.0,1366.0,,2011-2022,132_DT_13204_2011_N213_20260915163035.csv,TIME_MACHINE
2018,범위확인필요,형사소송법,1.0,1.0,,2011-2022,132_DT_13204_2011_N213_20260915163035.csv,TIME_MACHINE
2018,범위확인필요,형의실효등에관한법률,3.0,3.0,,2011-2022,132_DT_13204_2011_N213_20260915163035.csv,TIME_MACHINE
2018,범위확인필요,화물자동차운수사업법,582.0,575.0,,2011-2022,132_DT_13204_2011_N213_20260915163035.csv,TIME_MACHINE
2018,범위확인필요,환경범죄,66.0,73.0,,2011-2022,132_DT_13204_2011_N213_20260915163035.csv,TIME_MACHINE
2018,범위확인필요,횡령,15976.0,6917.0,,2011-2022,132_DT_13204_2011_N213_20260915163035.csv,TIME_MACHINE
2019,범위확인필요,13세미만미성년자강간·간음,12.0,11.0,,2011-2022,132_DT_13204_2011_N213_20260915163035.csv,TIME_MACHINE
2019,범위확인필요,13세미만미성년자강간등,3.0,3.0,,2011-2022,132_DT_13204_2011_N213_20260915163035.csv,TIME_MACHINE
2019,범위확인필요,13세미만미성년자강제추행·추행,126.0,120.0,,2011-2022,132_DT_13204_2011_N213_20260915163035.csv,TIME_MACHINE
2019,범위확인필요,가스등공급사용방해(치사·상),5.0,4.0,,2011-2022,132_DT_13204_2011_N213_20260915163035.csv,TIME_MACHINE
2019,범위확인필요,가스등방출(과실),1.0,1.0,,2011-2022,132_DT_13204_2011_N213_20260915163035.csv,TIME_MACHINE
2019,범위확인필요,가스등방출(치사·상),1.0,1.0,,2011-2022,132_DT_13204_2011_N213_20260915163035.csv,TIME_MACHINE
2019,범위확인필요,가정폭력범죄의처벌등에관한특례법위반,76.0,75.0,,2011-2022,132_DT_13204_2011_N213_20260915163035.csv,TIME_MACHINE
2019,범위확인필요,강간,1258.0,1194.0,,2011-2022,132_DT_13204_2011_N213_20260915163035.csv,TIME_MACHINE
2019,범위확인필요,강간등상해·치상,24.0,24.0,,2011-2022,132_DT_13204_2011_N213_20260915163035.csv,TIME_MACHINE
2019,범위확인필요,강간상해·치상,56.0,57.0,,2011-2022,132_DT_13204_2011_N213_20260915163035.csv,TIME_MACHINE
2019,범위확인필요,강도,136.0,133.0,,2011-2022,132_DT_13204_2011_N213_20260915163035.csv,TIME_MACHINE
2019,범위확인필요,강도강간,,1.0,,2011-2022,132_DT_13204_2011_N213_20260915163035.csv,TIME_MACHINE
2019,범위확인필요,강도상해·치상,44.0,41.0,,2011-2022,132_DT_13204_2011_N213_20260915163035.csv,TIME_MACHINE
2019,범위확인필요,강력범죄,6993.0,6491.0,,2011-2022,132_DT_13204_2011_N213_20260915163035.csv,TIME_MACHINE
2019,범위확인필요,강제추행,4987.0,4596.0,,2011-2022,132_DT_13204_2011_N213_20260915163035.csv,TIME_MACHINE
2019,범위확인필요,강제추행(상습),2.0,2.0,,2011-2022,132_DT_13204_2011_N213_20260915163035.csv,TIME_MACHINE
2019,범위확인필요,강제추행상해·치상,38.0,35.0,,2011-2022,132_DT_13204_2011_N213_20260915163035.csv,TIME_MACHINE
2019,범위확인필요,개인정보보호법,382.0,304.0,,2011-2022,132_DT_13204_2011_N213_20260915163035.csv,TIME_MACHINE
2019,범위확인필요,건설산업기본법,173.0,132.0,,2011-2022,132_DT_13204_2011_N213_20260915163035.csv,TIME_MACHINE
2019,범위확인필요,건축법,251.0,256.0,,2011-2022,132_DT_13204_2011_N213_20260915163035.csv,TIME_MACHINE
2019,범위확인필요,게임산업진흥에관한법률,784.0,751.0,,2011-2022,132_DT_13204_2011_N213_20260915163035.csv,TIME_MACHINE
2019,범위확인필요,경범죄처벌법,2077.0,1886.0,,2011-2022,132_DT_13204_2011_N213_20260915163035.csv,TIME_MACHINE
2019,범위확인필요,고압가스안전관리법,15.0,14.0,,2011-2022,132_DT_13204_2011_N213_20260915163035.csv,TIME_MACHINE
2019,범위확인필요,공갈,983.0,613.0,,2011-2022,132_DT_13204_2011_N213_20260915163035.csv,TIME_MACHINE
2019,범위확인필요,공갈(상습),18.0,11.0,,2011-2022,132_DT_13204_2011_N213_20260915163035.csv,TIME_MACHINE
2019,범위확인필요,공무방해에관한죄,2444.0,2399.0,,2011-2022,132_DT_13204_2011_N213_20260915163035.csv,TIME_MACHINE
2019,범위확인필요,공무상비밀누설,10.0,6.0,,2011-2022,132_DT_13204_2011_N213_20260915163035.csv,TIME_MACHINE
2019,범위확인필요,공문서위조·변조,569.0,454.0,,2011-2022,132_DT_13204_2011_N213_20260915163035.csv,TIME_MACHINE
2019,범위확인필요,공안을해하는죄,93.0,86.0,,2011-2022,132_DT_13204_2011_N213_20260915163035.csv,TIME_MACHINE
2019,범위확인필요,공연음란,723.0,583.0,,2011-2022,132_DT_13204_2011_N213_20260915163035.csv,TIME_MACHINE
2019,범위확인필요,공인등의위조·부정사용및행사,78.0,66.0,,2011-2022,132_DT_13204_2011_N213_20260915163035.csv,TIME_MACHINE
2019,범위확인필요,공인중개사법,146.0,128.0,,2011-2022,132_DT_13204_2011_N213_20260915163035.csv,TIME_MACHINE
2019,범위확인필요,공전자기록등위작·변작,9.0,4.0,,2011-2022,132_DT_13204_2011_N213_20260915163035.csv,TIME_MACHINE
2019,범위확인필요,공중밀집장소에서의추행,951.0,801.0,,2011-2022,132_DT_13204_2011_N213_20260915163035.csv,TIME_MACHINE
2019,범위확인필요,공중위생관리법,660.0,652.0,,2011-2022,132_DT_13204_2011_N213_20260915163035.csv,TIME_MACHINE
2019,범위확인필요,공직선거법,6.0,3.0,,2011-2022,132_DT_13204_2011_N213_20260915163035.csv,TIME_MACHINE
2019,범위확인필요,과실치사상의죄,1146.0,1020.0,,2011-2022,132_DT_13204_2011_N213_20260915163035.csv,TIME_MACHINE
2019,범위확인필요,교육환경법,220.0,216.0,,2011-2022,132_DT_13204_2011_N213_20260915163035.csv,TIME_MACHINE
2019,범위확인필요,교통방해의죄,76.0,73.0,,2011-2022,132_DT_13204_2011_N213_20260915163035.csv,TIME_MACHINE
2019,범위확인필요,교통범죄,55278.0,54592.0,,2011-2022,132_DT_13204_2011_N213_20260915163035.csv,TIME_MACHINE
2019,범위확인필요,교통사고,39841.0,38815.0,,2011-2022,132_DT_13204_2011_N213_20260915163035.csv,TIME_MACHINE
2019,범위확인필요,교통사고외,15437.0,15777.0,,2011-2022,132_DT_13204_2011_N213_20260915163035.csv,TIME_MACHINE
2019,범위확인필요,교통사고처리특례법,34482.0,33573.0,,2011-2022,132_DT_13204_2011_N213_20260915163035.csv,TIME_MACHINE
2019,범위확인필요,국가보안법,9.0,8.0,,2011-2022,132_DT_13204_2011_N213_20260915163035.csv,TIME_MACHINE
2019,범위확인필요,국민건강보험법,96.0,63.0,,2011-2022,132_DT_13204_2011_N213_20260915163035.csv,TIME_MACHINE
2019,범위확인필요,국민연금법,49.0,45.0,,2011-2022,132_DT_13204_2011_N213_20260915163035.csv,TIME_MACHINE
2019,범위확인필요,국토의계획및이용에관한법률,36.0,35.0,,2011-2022,132_DT_13204_2011_N213_20260915163035.csv,TIME_MACHINE
2019,범위확인필요,권리행사를방해하는죄,1569.0,1184.0,,2011-2022,132_DT_13204_2011_N213_20260915163035.csv,TIME_MACHINE
2019,범위확인필요,근로기준법,4.0,2.0,,2011-2022,132_DT_13204_2011_N213_20260915163035.csv,TIME_MACHINE
2019,범위확인필요,기타,2228.0,1936.0,,2011-2022,132_DT_13204_2011_N213_20260915163035.csv,TIME_MACHINE
2019,범위확인필요,기타 강간·강제추행 등,52.0,53.0,,2011-2022,132_DT_13204_2011_N213_20260915163035.csv,TIME_MACHINE
2019,범위확인필요,기타경제범죄,276.0,229.0,,2011-2022,132_DT_13204_2011_N213_20260915163035.csv,TIME_MACHINE
2019,범위확인필요,기타노동범죄,13.0,4.0,,2011-2022,132_DT_13204_2011_N213_20260915163035.csv,TIME_MACHINE
2019,범위확인필요,기타도박범죄,454.0,352.0,,2011-2022,132_DT_13204_2011_N213_20260915163035.csv,TIME_MACHINE
2019,범위확인필요,기타범죄,42491.0,35173.0,,2011-2022,132_DT_13204_2011_N213_20260915163035.csv,TIME_MACHINE
2019,범위확인필요,기타보건범죄,357.0,350.0,,2011-2022,132_DT_13204_2011_N213_20260915163035.csv,TIME_MACHINE
2019,범위확인필요,기타선거범죄,15.0,12.0,,2011-2022,132_DT_13204_2011_N213_20260915163035.csv,TIME_MACHINE
2019,범위확인필요,기타안보범죄,7.0,3.0,,2011-2022,132_DT_13204_2011_N213_20260915163035.csv,TIME_MACHINE
2019,범위확인필요,기타통화에관한죄,189.0,18.0,,2011-2022,132_DT_13204_2011_N213_20260915163035.csv,TIME_MACHINE
2019,범위확인필요,기타환경범죄,60.0,58.0,,2011-2022,132_DT_13204_2011_N213_20260915163035.csv,TIME_MACHINE
2019,범위확인필요,낙태의죄,5.0,4.0,,2011-2022,132_DT_13204_2011_N213_20260915163035.csv,TIME_MACHINE
2019,범위확인필요,내수면어업법,1.0,1.0,,2011-2022,132_DT_13204_2011_N213_20260915163035.csv,TIME_MACHINE
2019,범위확인필요,노동범죄,98.0,86.0,,2011-2022,132_DT_13204_2011_N213_20260915163035.csv,TIME_MACHINE
2019,범위확인필요,노동조합및노동관계조정법,3.0,3.0,,2011-2022,132_DT_13204_2011_N213_20260915163035.csv,TIME_MACHINE
2019,범위확인필요,농수산물유통및가격안정에관한법률,2.0,2.0,,2011-2022,132_DT_13204_2011_N213_20260915163035.csv,TIME_MACHINE
2019,범위확인필요,농지법,2.0,3.0,,2011-2022,132_DT_13204_2011_N213_20260915163035.csv,TIME_MACHINE
2019,범위확인필요,뇌물공여등,13.0,9.0,,2011-2022,132_DT_13204_2011_N213_20260915163035.csv,TIME_MACHINE
2019,범위확인필요,뇌물수수등,23.0,21.0,,2011-2022,132_DT_13204_2011_N213_20260915163035.csv,TIME_MACHINE
2019,범위확인필요,담배사업법,42.0,45.0,,2011-2022,132_DT_13204_2011_N213_20260915163035.csv,TIME_MACHINE
2019,범위확인필요,대기환경보전법,6.0,6.0,,2011-2022,132_DT_13204_2011_N213_20260915163035.csv,TIME_MACHINE
2019,범위확인필요,대부업의등록및금융이용자보호에관한법률,245.0,173.0,,2011-2022,132_DT_13204_2011_N213_20260915163035.csv,TIME_MACHINE
2019,범위확인필요,도로교통법,2277.0,2389.0,,2011-2022,132_DT_13204_2011_N213_20260915163035.csv,TIME_MACHINE
2019,범위확인필요,도로교통법(공동위험행위),3.0,6.0,,2011-2022,132_DT_13204_2011_N213_20260915163035.csv,TIME_MACHINE
2019,범위확인필요,도로교통법(무면허운전),3791.0,3746.0,,2011-2022,132_DT_13204_2011_N213_20260915163035.csv,TIME_MACHINE
2019,범위확인필요,도로교통법(사고후미조치),916.0,729.0,,2011-2022,132_DT_13204_2011_N213_20260915163035.csv,TIME_MACHINE
2019,범위확인필요,도로교통법(음주운전),11167.0,11516.0,,2011-2022,132_DT_13204_2011_N213_20260915163035.csv,TIME_MACHINE
2019,범위확인필요,도로교통법(음주측정거부),306.0,305.0,,2011-2022,132_DT_13204_2011_N213_20260915163035.csv,TIME_MACHINE
2019,범위확인필요,도로법,94.0,131.0,,2011-2022,132_DT_13204_2011_N213_20260915163035.csv,TIME_MACHINE
2019,범위확인필요,도박,483.0,434.0,,2011-2022,132_DT_13204_2011_N213_20260915163035.csv,TIME_MACHINE
2019,범위확인필요,도박(상습),18.0,14.0,,2011-2022,132_DT_13204_2011_N213_20260915163035.csv,TIME_MACHINE
2019,범위확인필요,도박개장,121.0,119.0,,2011-2022,132_DT_13204_2011_N213_20260915163035.csv,TIME_MACHINE
2019,범위확인필요,도박범죄,1076.0,919.0,,2011-2022,132_DT_13204_2011_N213_20260915163035.csv,TIME_MACHINE
2019,범위확인필요,도시가스사업법,5.0,3.0,,2011-2022,132_DT_13204_2011_N213_20260915163035.csv,TIME_MACHINE
2019,범위확인필요,도시공원및녹지등에관한법률,10.0,9.0,,2011-2022,132_DT_13204_2011_N213_20260915163035.csv,TIME_MACHINE
2019,범위확인필요,독점규제및공정거래에관한법률,3.0,1.0,,2011-2022,132_DT_13204_2011_N213_20260915163035.csv,TIME_MACHINE
2019,범위확인필요,독직폭행·가혹행위,41.0,21.0,,2011-2022,132_DT_13204_2011_N213_20260915163035.csv,TIME_MACHINE
2019,범위확인필요,디자인보호법,64.0,49.0,,2011-2022,132_DT_13204_2011_N213_20260915163035.csv,TIME_MACHINE
2019,범위확인필요,마약류관리에관한법률(대마),423.0,287.0,,2011-2022,132_DT_13204_2011_N213_20260915163035.csv,TIME_MACHINE
2019,범위확인필요,마약류관리에관한법률(마약),69.0,61.0,,2011-2022,132_DT_13204_2011_N213_20260915163035.csv,TIME_MACHINE
2019,범위확인필요,마약류관리에관한법률(향정),1356.0,1040.0,,2011-2022,132_DT_13204_2011_N213_20260915163035.csv,TIME_MACHINE
2019,범위확인필요,마약류불법거래방지에관한특례법,34.0,22.0,,2011-2022,132_DT_13204_2011_N213_20260915163035.csv,TIME_MACHINE
2019,범위확인필요,마약범죄,1882.0,1410.0,,2011-2022,132_DT_13204_2011_N213_20260915163035.csv,TIME_MACHINE
2019,범위확인필요,명예에관한죄,6860.0,5007.0,,2011-2022,132_DT_13204_2011_N213_20260915163035.csv,TIME_MACHINE
2019,범위확인필요,무고의죄,1137.0,903.0,,2011-2022,132_DT_13204_2011_N213_20260915163035.csv,TIME_MACHINE
2019,범위확인필요,문서·인장,2450.0,1921.0,,2011-2022,132_DT_13204_2011_N213_20260915163035.csv,TIME_MACHINE
2019,범위확인필요,문화재보호법,17.0,19.0,,2011-2022,132_DT_13204_2011_N213_20260915163035.csv,TIME_MACHINE
2019,범위확인필요,미성년자간음(심신미약자),1.0,,,2011-2022,132_DT_13204_2011_N213_20260915163035.csv,TIME_MACHINE
2019,범위확인필요,미성년자의제강간,10.0,5.0,,2011-2022,132_DT_13204_2011_N213_20260915163035.csv,TIME_MACHINE
2019,범위확인필요,미성년자의제강제추행,2.0,1.0,,2011-2022,132_DT_13204_2011_N213_20260915163035.csv,TIME_MACHINE
2019,범위확인필요,미성년자의제유사강간,1.0,1.0,,2011-2022,132_DT_13204_2011_N213_20260915163035.csv,TIME_MACHINE
2019,범위확인필요,밀항단속법,1.0,,,2011-2022,132_DT_13204_2011_N213_20260915163035.csv,TIME_MACHINE
2019,범위확인필요,방문판매등에관한법률,67.0,62.0,,2011-2022,132_DT_13204_2011_N213_20260915163035.csv,TIME_MACHINE
2019,범위확인필요,방화,252.0,223.0,,2011-2022,132_DT_13204_2011_N213_20260915163035.csv,TIME_MACHINE
2019,범위확인필요,방화연소,4.0,2.0,,2011-2022,132_DT_13204_2011_N213_20260915163035.csv,TIME_MACHINE
2019,범위확인필요,배임,1061.0,886.0,,2011-2022,132_DT_13204_2011_N213_20260915163035.csv,TIME_MACHINE
2019,범위확인필요,배임수재,28.0,22.0,,2011-2022,132_DT_13204_2011_N213_20260915163035.csv,TIME_MACHINE
2019,범위확인필요,배임증재,5.0,2.0,,2011-2022,132_DT_13204_2011_N213_20260915163035.csv,TIME_MACHINE
2019,범위확인필요,범인은닉·범인도피죄,18.0,20.0,,2011-2022,132_DT_13204_2011_N213_20260915163035.csv,TIME_MACHINE
2019,범위확인필요,변호사법,104.0,78.0,,2011-2022,132_DT_13204_2011_N213_20260915163035.csv,TIME_MACHINE
2019,범위확인필요,병역범죄,3068.0,3090.0,,2011-2022,132_DT_13204_2011_N213_20260915163035.csv,TIME_MACHINE
2019,범위확인필요,병역법,1820.0,1821.0,,2011-2022,132_DT_13204_2011_N213_20260915163035.csv,TIME_MACHINE
2019,범위확인필요,보건범죄,3432.0,3349.0,,2011-2022,132_DT_13204_2011_N213_20260915163035.csv,TIME_MACHINE
2019,범위확인필요,보건범죄특조법(부정식품),1.0,,,2011-2022,132_DT_13204_2011_N213_20260915163035.csv,TIME_MACHINE
2019,범위확인필요,보건범죄특조법(부정의료업자),53.0,52.0,,2011-2022,132_DT_13204_2011_N213_20260915163035.csv,TIME_MACHINE
2019,범위확인필요,보건범죄특조법(부정의약품),1.0,1.0,,2011-2022,132_DT_13204_2011_N213_20260915163035.csv,TIME_MACHINE
2019,범위확인필요,보험사기방지특별법위반,645.0,678.0,,2011-2022,132_DT_13204_2011_N213_20260915163035.csv,TIME_MACHINE
2019,범위확인필요,부당이득,4.0,4.0,,2011-2022,132_DT_13204_2011_N213_20260915163035.csv,TIME_MACHINE
2019,범위확인필요,부정경쟁방지및영업비밀보호에관한법률,192.0,154.0,,2011-2022,132_DT_13204_2011_N213_20260915163035.csv,TIME_MACHINE
2019,범위확인필요,부정수표단속법,502.0,239.0,,2011-2022,132_DT_13204_2011_N213_20260915163035.csv,TIME_MACHINE
2019,범위확인필요,부정청탁금지법,15.0,10.0,,2011-2022,132_DT_13204_2011_N213_20260915163035.csv,TIME_MACHINE
2019,범위확인필요,불법사용,82.0,54.0,,2011-2022,132_DT_13204_2011_N213_20260915163035.csv,TIME_MACHINE
2019,범위확인필요,불법사용(상습),1.0,1.0,,2011-2022,132_DT_13204_2011_N213_20260915163035.csv,TIME_MACHINE
2019,범위확인필요,비밀침해죄,33.0,25.0,,2011-2022,132_DT_13204_2011_N213_20260915163035.csv,TIME_MACHINE
2019,범위확인필요,사기,59355.0,37792.0,,2011-2022,132_DT_13204_2011_N213_20260915163035.csv,TIME_MACHINE
2019,범위확인필요,사기(상습),150.0,155.0,,2011-2022,132_DT_13204_2011_N213_20260915163035.csv,TIME_MACHINE
2019,범위확인필요,사문서위조·변조,1671.0,1324.0,,2011-2022,132_DT_13204_2011_N213_20260915163035.csv,TIME_MACHINE
2019,범위확인필요,사인등의위조·부정사용및행사,26.0,21.0,,2011-2022,132_DT_13204_2011_N213_20260915163035.csv,TIME_MACHINE
2019,범위확인필요,사전자기록등위작·변작,97.0,52.0,,2011-2022,132_DT_13204_2011_N213_20260915163035.csv,TIME_MACHINE
2019,범위확인필요,산업안전보건법,6.0,7.0,,2011-2022,132_DT_13204_2011_N213_20260915163035.csv,TIME_MACHINE
2019,범위확인필요,살인,34.0,32.0,,2011-2022,132_DT_13204_2011_N213_20260915163035.csv,TIME_MACHINE
2019,범위확인필요,살인기수,47.0,46.0,,2011-2022,132_DT_13204_2011_N213_20260915163035.csv,TIME_MACHINE
2019,범위확인필요,살인미수등,89.0,82.0,,2011-2022,132_DT_13204_2011_N213_20260915163035.csv,TIME_MACHINE
2019,범위확인필요,상표법,869.0,729.0,,2011-2022,132_DT_13204_2011_N213_20260915163035.csv,TIME_MACHINE
2019,범위확인필요,상해,4603.0,4408.0,,2011-2022,132_DT_13204_2011_N213_20260915163035.csv,TIME_MACHINE
2019,범위확인필요,상해(상습),2.0,1.0,,2011-2022,132_DT_13204_2011_N213_20260915163035.csv,TIME_MACHINE
2019,범위확인필요,상해(중),9.0,10.0,,2011-2022,132_DT_13204_2011_N213_20260915163035.csv,TIME_MACHINE
2019,범위확인필요,상해치사,5.0,5.0,,2011-2022,132_DT_13204_2011_N213_20260915163035.csv,TIME_MACHINE
2019,범위확인필요,생명윤리및안전에관한법률,5.0,4.0,,2011-2022,132_DT_13204_2011_N213_20260915163035.csv,TIME_MACHINE
2019,범위확인필요,석유및석유대체연료사업법,12.0,19.0,,2011-2022,132_DT_13204_2011_N213_20260915163035.csv,TIME_MACHINE
2019,범위확인필요,선거범죄,27.0,20.0,,2011-2022,132_DT_13204_2011_N213_20260915163035.csv,TIME_MACHINE
2019,범위확인필요,성매매방지및피해자보호등에관한법률위반,3.0,1.0,,2011-2022,132_DT_13204_2011_N213_20260915163035.csv,TIME_MACHINE
2019,범위확인필요,성매매알선등행위의처벌에관한법률위반(기타),295.0,279.0,,2011-2022,132_DT_13204_2011_N213_20260915163035.csv,TIME_MACHINE
2019,범위확인필요,성매매알선등행위의처벌에관한법률위반(성매매),343.0,311.0,,2011-2022,132_DT_13204_2011_N213_20260915163035.csv,TIME_MACHINE
2019,범위확인필요,성매매알선등행위의처벌에관한법률위반(성매매강요등),3.0,3.0,,2011-2022,132_DT_13204_2011_N213_20260915163035.csv,TIME_MACHINE
2019,범위확인필요,성매매알선등행위의처벌에관한법률위반(성매매광고),24.0,17.0,,2011-2022,132_DT_13204_2011_N213_20260915163035.csv,TIME_MACHINE
2019,범위확인필요,성매매알선등행위의처벌에관한법률위반(성매매알선등),377.0,373.0,,2011-2022,132_DT_13204_2011_N213_20260915163035.csv,TIME_MACHINE
2019,범위확인필요,성매매알선등행위의처벌에관한법률위반(아동·청소년),1.0,1.0,,2011-2022,132_DT_13204_2011_N213_20260915163035.csv,TIME_MACHINE
2019,범위확인필요,성폭력범죄의처벌등에관한특례법(성적목적다중이용장소침입),208.0,189.0,,2011-2022,132_DT_13204_2011_N213_20260915163035.csv,TIME_MACHINE
2019,범위확인필요,"성폭력범죄의처벌등에관한특례법(카메라등이용촬영,반포등)",2033.0,1834.0,,2011-2022,132_DT_13204_2011_N213_20260915163035.csv,TIME_MACHINE
2019,범위확인필요,성폭력범죄의처벌등에관한특례법(통신매체이용음란),420.0,329.0,,2011-2022,132_DT_13204_2011_N213_20260915163035.csv,TIME_MACHINE
2019,범위확인필요,성폭력범죄의처벌등에관한특례법위반(기타),1028.0,953.0,,2011-2022,132_DT_13204_2011_N213_20260915163035.csv,TIME_MACHINE
2019,범위확인필요,성풍속범죄,3942.0,3333.0,,2011-2022,132_DT_13204_2011_N213_20260915163035.csv,TIME_MACHINE
2019,범위확인필요,소방기본법,3.0,2.0,,2011-2022,132_DT_13204_2011_N213_20260915163035.csv,TIME_MACHINE
2019,범위확인필요,손괴,10640.0,6113.0,,2011-2022,132_DT_13204_2011_N213_20260915163035.csv,TIME_MACHINE
2019,범위확인필요,손괴의죄,10640.0,6113.0,,2011-2022,132_DT_13204_2011_N213_20260915163035.csv,TIME_MACHINE
2019,범위확인필요,수도법,12.0,14.0,,2011-2022,132_DT_13204_2011_N213_20260915163035.csv,TIME_MACHINE
2019,범위확인필요,식품위생법,1233.0,1208.0,,2011-2022,132_DT_13204_2011_N213_20260915163035.csv,TIME_MACHINE
2019,범위확인필요,신앙에관한죄,118.0,116.0,,2011-2022,132_DT_13204_2011_N213_20260915163035.csv,TIME_MACHINE
2019,범위확인필요,"신용,업무와경매에관한죄",5172.0,4940.0,,2011-2022,132_DT_13204_2011_N213_20260915163035.csv,TIME_MACHINE
2019,범위확인필요,신용정보의이용및보호에관한법률,8.0,5.0,,2011-2022,132_DT_13204_2011_N213_20260915163035.csv,TIME_MACHINE
2019,범위확인필요,실용신안법,1.0,,,2011-2022,132_DT_13204_2011_N213_20260915163035.csv,TIME_MACHINE
2019,범위확인필요,실화및업무상실화죄,323.0,253.0,,2011-2022,132_DT_13204_2011_N213_20260915163035.csv,TIME_MACHINE
2019,범위확인필요,아동·청소년의성보호에관한법률위반(강요행위등),8.0,7.0,,2011-2022,132_DT_13204_2011_N213_20260915163035.csv,TIME_MACHINE
2019,범위확인필요,아동·청소년의성보호에관한법률위반(기타),74.0,62.0,,2011-2022,132_DT_13204_2011_N213_20260915163035.csv,TIME_MACHINE
2019,범위확인필요,아동·청소년의성보호에관한법률위반(매매),1.0,1.0,,2011-2022,132_DT_13204_2011_N213_20260915163035.csv,TIME_MACHINE
2019,범위확인필요,아동·청소년의성보호에관한법률위반(성매수등),36.0,22.0,,2011-2022,132_DT_13204_2011_N213_20260915163035.csv,TIME_MACHINE
2019,범위확인필요,아동·청소년의성보호에관한법률위반(아동·청소년성착취물소지·제작·배포등),226.0,176.0,,2011-2022,132_DT_13204_2011_N213_20260915163035.csv,TIME_MACHINE
2019,범위확인필요,아동·청소년의성보호에관한법률위반(알선영업행위등),2.0,2.0,,2011-2022,132_DT_13204_2011_N213_20260915163035.csv,TIME_MACHINE
2019,범위확인필요,아동복지법위반(기타),424.0,405.0,,2011-2022,132_DT_13204_2011_N213_20260915163035.csv,TIME_MACHINE
2019,범위확인필요,아동복지법위반(유기·학대 등),330.0,319.0,,2011-2022,132_DT_13204_2011_N213_20260915163035.csv,TIME_MACHINE
2019,범위확인필요,아동학대처벌법위반(기타),3.0,3.0,,2011-2022,132_DT_13204_2011_N213_20260915163035.csv,TIME_MACHINE
2019,범위확인필요,아동학대처벌법위반(비밀유지의무위반 등),2.0,2.0,,2011-2022,132_DT_13204_2011_N213_20260915163035.csv,TIME_MACHINE
2019,범위확인필요,아동학대처벌법위반(상습폭행),2.0,2.0,,2011-2022,132_DT_13204_2011_N213_20260915163035.csv,TIME_MACHINE
2019,범위확인필요,아동학대처벌법위반(아동복지시설 종사자 등의 아동학대 가중처벌),17.0,15.0,,2011-2022,132_DT_13204_2011_N213_20260915163035.csv,TIME_MACHINE
2019,범위확인필요,아동학대처벌법위반(유기·학대 등),7.0,6.0,,2011-2022,132_DT_13204_2011_N213_20260915163035.csv,TIME_MACHINE
2019,범위확인필요,아동학대처벌법위반(처분 불이행 등),7.0,7.0,,2011-2022,132_DT_13204_2011_N213_20260915163035.csv,TIME_MACHINE
2019,범위확인필요,안보범죄,109.0,97.0,,2011-2022,132_DT_13204_2011_N213_20260915163035.csv,TIME_MACHINE
2019,범위확인필요,액화석유가스의안전및사업관리법,15.0,14.0,,2011-2022,132_DT_13204_2011_N213_20260915163035.csv,TIME_MACHINE
2019,범위확인필요,야간주거침입절도,910.0,735.0,,2011-2022,132_DT_13204_2011_N213_20260915163035.csv,TIME_MACHINE
2019,범위확인필요,야간주거침입절도(상습),6.0,7.0,,2011-2022,132_DT_13204_2011_N213_20260915163035.csv,TIME_MACHINE
2019,범위확인필요,야생생물보호및관리에관한법률위반,2.0,2.0,,2011-2022,132_DT_13204_2011_N213_20260915163035.csv,TIME_MACHINE
2019,범위확인필요,약사법,218.0,203.0,,2011-2022,132_DT_13204_2011_N213_20260915163035.csv,TIME_MACHINE
2019,범위확인필요,약취·유인,62.0,52.0,,2011-2022,132_DT_13204_2011_N213_20260915163035.csv,TIME_MACHINE
2019,범위확인필요,약취·유인(노동력착취·성매매·성적착취·장기적출),1.0,,,2011-2022,132_DT_13204_2011_N213_20260915163035.csv,TIME_MACHINE
2019,범위확인필요,약취·유인(미성년자),39.0,31.0,,2011-2022,132_DT_13204_2011_N213_20260915163035.csv,TIME_MACHINE
2019,범위확인필요,약취·유인(추행·간음·결혼·영리),21.0,20.0,,2011-2022,132_DT_13204_2011_N213_20260915163035.csv,TIME_MACHINE
2019,범위확인필요,업무상배임,618.0,513.0,,2011-2022,132_DT_13204_2011_N213_20260915163035.csv,TIME_MACHINE
2019,범위확인필요,업무상위력등에의한추행,56.0,51.0,,2011-2022,132_DT_13204_2011_N213_20260915163035.csv,TIME_MACHINE
2019,범위확인필요,업무상위력에의한간음,8.0,8.0,,2011-2022,132_DT_13204_2011_N213_20260915163035.csv,TIME_MACHINE
2019,범위확인필요,업무상횡령,1404.0,1172.0,,2011-2022,132_DT_13204_2011_N213_20260915163035.csv,TIME_MACHINE
2019,범위확인필요,여객자동차운수사업법,76.0,69.0,,2011-2022,132_DT_13204_2011_N213_20260915163035.csv,TIME_MACHINE
2019,범위확인필요,여권법,8.0,10.0,,2011-2022,132_DT_13204_2011_N213_20260915163035.csv,TIME_MACHINE
2019,범위확인필요,여신전문금융업법위반,470.0,302.0,,2011-2022,132_DT_13204_2011_N213_20260915163035.csv,TIME_MACHINE
2019,범위확인필요,영아살해,2.0,2.0,,2011-2022,132_DT_13204_2011_N213_20260915163035.csv,TIME_MACHINE
2019,범위확인필요,영화및비디오물의진흥에관한법률,11.0,10.0,,2011-2022,132_DT_13204_2011_N213_20260915163035.csv,TIME_MACHINE
2019,범위확인필요,예비군법위반,1248.0,1269.0,,2011-2022,132_DT_13204_2011_N213_20260915163035.csv,TIME_MACHINE
2019,범위확인필요,옥외광고물법위반,54.0,36.0,,2011-2022,132_DT_13204_2011_N213_20260915163035.csv,TIME_MACHINE
2019,범위확인필요,외국환거래법,37.0,21.0,,2011-2022,132_DT_13204_2011_N213_20260915163035.csv,TIME_MACHINE
2019,범위확인필요,위증죄,462.0,340.0,,2011-2022,132_DT_13204_2011_N213_20260915163035.csv,TIME_MACHINE
2019,범위확인필요,위치정보의보호및이용등에관한법률,19.0,19.0,,2011-2022,132_DT_13204_2011_N213_20260915163035.csv,TIME_MACHINE
2019,범위확인필요,유가증권위조·변조,56.0,36.0,,2011-2022,132_DT_13204_2011_N213_20260915163035.csv,TIME_MACHINE
2019,범위확인필요,유가증권인지,56.0,36.0,,2011-2022,132_DT_13204_2011_N213_20260915163035.csv,TIME_MACHINE
2019,범위확인필요,유기와학대의죄,139.0,25.0,,2011-2022,132_DT_13204_2011_N213_20260915163035.csv,TIME_MACHINE
2019,범위확인필요,유사강간,172.0,164.0,,2011-2022,132_DT_13204_2011_N213_20260915163035.csv,TIME_MACHINE
2019,범위확인필요,유사강간상해·치상,3.0,4.0,,2011-2022,132_DT_13204_2011_N213_20260915163035.csv,TIME_MACHINE
2019,범위확인필요,유사성행위,27.0,25.0,,2011-2022,132_DT_13204_2011_N213_20260915163035.csv,TIME_MACHINE
2019,범위확인필요,유사수신행위의규제에관한법률,498.0,281.0,,2011-2022,132_DT_13204_2011_N213_20260915163035.csv,TIME_MACHINE
2019,범위확인필요,음반·비디오물및게임물에관한법률,1.0,1.0,,2011-2022,132_DT_13204_2011_N213_20260915163035.csv,TIME_MACHINE
2019,범위확인필요,음악산업진흥에관한법률,1211.0,1202.0,,2011-2022,132_DT_13204_2011_N213_20260915163035.csv,TIME_MACHINE
2019,범위확인필요,음용수에관한죄,2.0,2.0,,2011-2022,132_DT_13204_2011_N213_20260915163035.csv,TIME_MACHINE
2019,범위확인필요,"음화등반포(판매,임대,전시,제조)",4.0,3.0,,2011-2022,132_DT_13204_2011_N213_20260915163035.csv,TIME_MACHINE
2019,범위확인필요,의료법,907.0,881.0,,2011-2022,132_DT_13204_2011_N213_20260915163035.csv,TIME_MACHINE
2019,범위확인필요,인질강도,1.0,1.0,,2011-2022,132_DT_13204_2011_N213_20260915163035.csv,TIME_MACHINE
2019,범위확인필요,일반건조물등방화,92.0,78.0,,2011-2022,132_DT_13204_2011_N213_20260915163035.csv,TIME_MACHINE
2019,범위확인필요,자기소유건조물등방화,8.0,6.0,,2011-2022,132_DT_13204_2011_N213_20260915163035.csv,TIME_MACHINE
2019,범위확인필요,자동차관리법,4483.0,4304.0,,2011-2022,132_DT_13204_2011_N213_20260915163035.csv,TIME_MACHINE
2019,범위확인필요,자동차방화,10.0,10.0,,2011-2022,132_DT_13204_2011_N213_20260915163035.csv,TIME_MACHINE
2019,범위확인필요,자동차손해배상보장법,755.0,696.0,,2011-2022,132_DT_13204_2011_N213_20260915163035.csv,TIME_MACHINE
2019,범위확인필요,자살교사·방조,4.0,4.0,,2011-2022,132_DT_13204_2011_N213_20260915163035.csv,TIME_MACHINE
2019,범위확인필요,자연공원법,2.0,,,2011-2022,132_DT_13204_2011_N213_20260915163035.csv,TIME_MACHINE
2019,범위확인필요,장물에관한죄,158.0,96.0,,2011-2022,132_DT_13204_2011_N213_20260915163035.csv,TIME_MACHINE
2019,범위확인필요,장애인에대한강간·간음,32.0,28.0,,2011-2022,132_DT_13204_2011_N213_20260915163035.csv,TIME_MACHINE
2019,범위확인필요,장애인에대한강제추행·추행,57.0,52.0,,2011-2022,132_DT_13204_2011_N213_20260915163035.csv,TIME_MACHINE
2019,범위확인필요,장애인에대한준강간등,2.0,2.0,,2011-2022,132_DT_13204_2011_N213_20260915163035.csv,TIME_MACHINE
2019,범위확인필요,저작권법,2186.0,1067.0,,2011-2022,132_DT_13204_2011_N213_20260915163035.csv,TIME_MACHINE
2019,범위확인필요,전기통신기본법,240.0,223.0,,2011-2022,132_DT_13204_2011_N213_20260915163035.csv,TIME_MACHINE
2019,범위확인필요,전자금융거래법위반,2070.0,1960.0,,2011-2022,132_DT_13204_2011_N213_20260915163035.csv,TIME_MACHINE
2019,범위확인필요,전파법,2.0,2.0,,2011-2022,132_DT_13204_2011_N213_20260915163035.csv,TIME_MACHINE
2019,범위확인필요,절도,38724.0,18373.0,,2011-2022,132_DT_13204_2011_N213_20260915163035.csv,TIME_MACHINE
2019,범위확인필요,절도(상습),200.0,159.0,,2011-2022,132_DT_13204_2011_N213_20260915163035.csv,TIME_MACHINE
2019,범위확인필요,절도범죄,42204.0,21284.0,,2011-2022,132_DT_13204_2011_N213_20260915163035.csv,TIME_MACHINE
2019,범위확인필요,점유이탈물등횡령,13261.0,3766.0,,2011-2022,132_DT_13204_2011_N213_20260915163035.csv,TIME_MACHINE
2019,범위확인필요,정당법,1.0,1.0,,2011-2022,132_DT_13204_2011_N213_20260915163035.csv,TIME_MACHINE
2019,범위확인필요,정보통신망이용촉진및정보보호등에관한법률(음란물유포),299.0,189.0,,2011-2022,132_DT_13204_2011_N213_20260915163035.csv,TIME_MACHINE
2019,범위확인필요,정보통신망이용촉진및정보보호등에관한법률위반(개인정보누설등),9.0,5.0,,2011-2022,132_DT_13204_2011_N213_20260915163035.csv,TIME_MACHINE
2019,범위확인필요,정보통신망이용촉진및정보보호등에관한법률위반(기타),840.0,440.0,,2011-2022,132_DT_13204_2011_N213_20260915163035.csv,TIME_MACHINE
2019,범위확인필요,정보통신망이용촉진및정보보호등에관한법률위반(명예훼손),2539.0,1603.0,,2011-2022,132_DT_13204_2011_N213_20260915163035.csv,TIME_MACHINE
2019,범위확인필요,정보통신망이용촉진및정보보호등에관한법률위반(정보통신망침해등),782.0,154.0,,2011-2022,132_DT_13204_2011_N213_20260915163035.csv,TIME_MACHINE
2019,범위확인필요,정신건강복지법,3.0,3.0,,2011-2022,132_DT_13204_2011_N213_20260915163035.csv,TIME_MACHINE
2019,범위확인필요,정치자금법,5.0,4.0,,2011-2022,132_DT_13204_2011_N213_20260915163035.csv,TIME_MACHINE
2019,범위확인필요,조세범처벌법,515.0,453.0,,2011-2022,132_DT_13204_2011_N213_20260915163035.csv,TIME_MACHINE
2019,범위확인필요,존속살해,7.0,8.0,,2011-2022,132_DT_13204_2011_N213_20260915163035.csv,TIME_MACHINE
2019,범위확인필요,존속상해,61.0,59.0,,2011-2022,132_DT_13204_2011_N213_20260915163035.csv,TIME_MACHINE
2019,범위확인필요,존속상해(특수·특수중),8.0,8.0,,2011-2022,132_DT_13204_2011_N213_20260915163035.csv,TIME_MACHINE
2019,범위확인필요,존속상해치사,2.0,2.0,,2011-2022,132_DT_13204_2011_N213_20260915163035.csv,TIME_MACHINE
2019,범위확인필요,존속체포·감금,4.0,4.0,,2011-2022,132_DT_13204_2011_N213_20260915163035.csv,TIME_MACHINE
2019,범위확인필요,존속폭행,368.0,358.0,,2011-2022,132_DT_13204_2011_N213_20260915163035.csv,TIME_MACHINE
2019,범위확인필요,존속폭행(상습),4.0,4.0,,2011-2022,132_DT_13204_2011_N213_20260915163035.csv,TIME_MACHINE
2019,범위확인필요,존속폭행(특수),4.0,4.0,,2011-2022,132_DT_13204_2011_N213_20260915163035.csv,TIME_MACHINE
2019,범위확인필요,존속폭행치상,5.0,5.0,,2011-2022,132_DT_13204_2011_N213_20260915163035.csv,TIME_MACHINE
2019,범위확인필요,존속협박,43.0,40.0,,2011-2022,132_DT_13204_2011_N213_20260915163035.csv,TIME_MACHINE
2019,범위확인필요,존속협박(특수),13.0,13.0,,2011-2022,132_DT_13204_2011_N213_20260915163035.csv,TIME_MACHINE
2019,범위확인필요,주거침입강간,26.0,27.0,,2011-2022,132_DT_13204_2011_N213_20260915163035.csv,TIME_MACHINE
2019,범위확인필요,주거침입강간등,9.0,10.0,,2011-2022,132_DT_13204_2011_N213_20260915163035.csv,TIME_MACHINE
2019,범위확인필요,주거침입강제추행,34.0,36.0,,2011-2022,132_DT_13204_2011_N213_20260915163035.csv,TIME_MACHINE
2019,범위확인필요,주거침입유사강간,4.0,4.0,,2011-2022,132_DT_13204_2011_N213_20260915163035.csv,TIME_MACHINE
2019,범위확인필요,주거침입의죄,3796.0,2862.0,,2011-2022,132_DT_13204_2011_N213_20260915163035.csv,TIME_MACHINE
2019,범위확인필요,주민등록법,379.0,297.0,,2011-2022,132_DT_13204_2011_N213_20260915163035.csv,TIME_MACHINE
2019,범위확인필요,주차장법,58.0,57.0,,2011-2022,132_DT_13204_2011_N213_20260915163035.csv,TIME_MACHINE
2019,범위확인필요,준강간,413.0,393.0,,2011-2022,132_DT_13204_2011_N213_20260915163035.csv,TIME_MACHINE
2019,범위확인필요,준강간(상습),2.0,2.0,,2011-2022,132_DT_13204_2011_N213_20260915163035.csv,TIME_MACHINE
2019,범위확인필요,준강도,17.0,18.0,,2011-2022,132_DT_13204_2011_N213_20260915163035.csv,TIME_MACHINE
2019,범위확인필요,준강제추행,224.0,221.0,,2011-2022,132_DT_13204_2011_N213_20260915163035.csv,TIME_MACHINE
2019,범위확인필요,준사기,26.0,19.0,,2011-2022,132_DT_13204_2011_N213_20260915163035.csv,TIME_MACHINE
2019,범위확인필요,준사기(상습),1.0,1.0,,2011-2022,132_DT_13204_2011_N213_20260915163035.csv,TIME_MACHINE
2019,범위확인필요,준유사강간,40.0,40.0,,2011-2022,132_DT_13204_2011_N213_20260915163035.csv,TIME_MACHINE
2019,범위확인필요,증수뢰,60.0,47.0,,2011-2022,132_DT_13204_2011_N213_20260915163035.csv,TIME_MACHINE
2019,범위확인필요,지능범죄,80728.0,47550.0,,2011-2022,132_DT_13204_2011_N213_20260915163035.csv,TIME_MACHINE
2019,범위확인필요,지방세법,53.0,36.0,,2011-2022,132_DT_13204_2011_N213_20260915163035.csv,TIME_MACHINE
2019,범위확인필요,직권남용,203.0,95.0,,2011-2022,132_DT_13204_2011_N213_20260915163035.csv,TIME_MACHINE
2019,범위확인필요,직권남용(권리행사방해·체포·감금),147.0,64.0,,2011-2022,132_DT_13204_2011_N213_20260915163035.csv,TIME_MACHINE
2019,범위확인필요,직무유기,145.0,52.0,,2011-2022,132_DT_13204_2011_N213_20260915163035.csv,TIME_MACHINE
2019,범위확인필요,직무유기·수행거부,145.0,52.0,,2011-2022,132_DT_13204_2011_N213_20260915163035.csv,TIME_MACHINE
2019,범위확인필요,직업안정법,72.0,70.0,,2011-2022,132_DT_13204_2011_N213_20260915163035.csv,TIME_MACHINE
2019,범위확인필요,집회및시위에관한법률,115.0,105.0,,2011-2022,132_DT_13204_2011_N213_20260915163035.csv,TIME_MACHINE
2019,범위확인필요,채무자회생및파산에관한법률위반,25.0,22.0,,2011-2022,132_DT_13204_2011_N213_20260915163035.csv,TIME_MACHINE
2019,범위확인필요,철도안전법,45.0,44.0,,2011-2022,132_DT_13204_2011_N213_20260915163035.csv,TIME_MACHINE
2019,범위확인필요,청소년보호법,1316.0,1302.0,,2011-2022,132_DT_13204_2011_N213_20260915163035.csv,TIME_MACHINE
2019,범위확인필요,청소년에대한강간·간음,92.0,88.0,,2011-2022,132_DT_13204_2011_N213_20260915163035.csv,TIME_MACHINE
2019,범위확인필요,청소년에대한강간등,12.0,11.0,,2011-2022,132_DT_13204_2011_N213_20260915163035.csv,TIME_MACHINE
2019,범위확인필요,청소년에대한강제추행·추행,180.0,176.0,,2011-2022,132_DT_13204_2011_N213_20260915163035.csv,TIME_MACHINE
2019,범위확인필요,체포·감금,193.0,180.0,,2011-2022,132_DT_13204_2011_N213_20260915163035.csv,TIME_MACHINE
2019,범위확인필요,체포·감금(중),4.0,4.0,,2011-2022,132_DT_13204_2011_N213_20260915163035.csv,TIME_MACHINE
2019,범위확인필요,체포·감금(특수·특수중),13.0,12.0,,2011-2022,132_DT_13204_2011_N213_20260915163035.csv,TIME_MACHINE
2019,범위확인필요,체포·감금치사상(중·특수·상습),13.0,14.0,,2011-2022,132_DT_13204_2011_N213_20260915163035.csv,TIME_MACHINE
2019,범위확인필요,총계,309269.0,235360.0,,2011-2022,132_DT_13204_2011_N213_20260915163035.csv,TIME_MACHINE
2019,범위확인필요,총포·도검·화약류등의안전관리에관한법률,94.0,113.0,,2011-2022,132_DT_13204_2011_N213_20260915163035.csv,TIME_MACHINE
2019,범위확인필요,축산물위생관리법,13.0,13.0,,2011-2022,132_DT_13204_2011_N213_20260915163035.csv,TIME_MACHINE
2019,범위확인필요,출입국관리법,369.0,353.0,,2011-2022,132_DT_13204_2011_N213_20260915163035.csv,TIME_MACHINE
2019,범위확인필요,친족관계에의한강간,16.0,13.0,,2011-2022,132_DT_13204_2011_N213_20260915163035.csv,TIME_MACHINE
2019,범위확인필요,친족관계에의한강제추행,23.0,22.0,,2011-2022,132_DT_13204_2011_N213_20260915163035.csv,TIME_MACHINE
2019,범위확인필요,컴퓨터등사용사기,650.0,301.0,,2011-2022,132_DT_13204_2011_N213_20260915163035.csv,TIME_MACHINE
2019,범위확인필요,토양환경보전법,2.0,2.0,,2011-2022,132_DT_13204_2011_N213_20260915163035.csv,TIME_MACHINE
2019,범위확인필요,통신비밀보호법,54.0,50.0,,2011-2022,132_DT_13204_2011_N213_20260915163035.csv,TIME_MACHINE
2019,범위확인필요,통화,423.0,25.0,,2011-2022,132_DT_13204_2011_N213_20260915163035.csv,TIME_MACHINE
2019,범위확인필요,통화위조·변조,234.0,7.0,,2011-2022,132_DT_13204_2011_N213_20260915163035.csv,TIME_MACHINE
2019,범위확인필요,특가법(관세),1.0,3.0,,2011-2022,132_DT_13204_2011_N213_20260915163035.csv,TIME_MACHINE
2019,범위확인필요,특가법(뇌물),7.0,5.0,,2011-2022,132_DT_13204_2011_N213_20260915163035.csv,TIME_MACHINE
2019,범위확인필요,특가법(도주차량),963.0,920.0,,2011-2022,132_DT_13204_2011_N213_20260915163035.csv,TIME_MACHINE
2019,범위확인필요,특가법(보복범죄등),5.0,5.0,,2011-2022,132_DT_13204_2011_N213_20260915163035.csv,TIME_MACHINE
2019,범위확인필요,특가법(보복상해등),5.0,4.0,,2011-2022,132_DT_13204_2011_N213_20260915163035.csv,TIME_MACHINE
2019,범위확인필요,특가법(보복폭행등),9.0,8.0,,2011-2022,132_DT_13204_2011_N213_20260915163035.csv,TIME_MACHINE
2019,범위확인필요,특가법(보복협박등),21.0,22.0,,2011-2022,132_DT_13204_2011_N213_20260915163035.csv,TIME_MACHINE
2019,범위확인필요,특가법(알선수재),2.0,2.0,,2011-2022,132_DT_13204_2011_N213_20260915163035.csv,TIME_MACHINE
2019,범위확인필요,특가법(운전자폭행등),729.0,722.0,,2011-2022,132_DT_13204_2011_N213_20260915163035.csv,TIME_MACHINE
2019,범위확인필요,특가법(위험운전치사상),1203.0,1204.0,,2011-2022,132_DT_13204_2011_N213_20260915163035.csv,TIME_MACHINE
2019,범위확인필요,특가법(절도),364.0,347.0,,2011-2022,132_DT_13204_2011_N213_20260915163035.csv,TIME_MACHINE
2019,범위확인필요,특가법(조세),81.0,64.0,,2011-2022,132_DT_13204_2011_N213_20260915163035.csv,TIME_MACHINE
2019,범위확인필요,"특가법(체포·감금,독직폭행·가혹행위)",3.0,3.0,,2011-2022,132_DT_13204_2011_N213_20260915163035.csv,TIME_MACHINE
2019,범위확인필요,특경법(공갈),6.0,8.0,,2011-2022,132_DT_13204_2011_N213_20260915163035.csv,TIME_MACHINE
2019,범위확인필요,특경법(배임),194.0,145.0,,2011-2022,132_DT_13204_2011_N213_20260915163035.csv,TIME_MACHINE
2019,범위확인필요,특경법(사금융알선등),3.0,3.0,,2011-2022,132_DT_13204_2011_N213_20260915163035.csv,TIME_MACHINE
2019,범위확인필요,특경법(사기),1009.0,731.0,,2011-2022,132_DT_13204_2011_N213_20260915163035.csv,TIME_MACHINE
2019,범위확인필요,특경법(수재등),4.0,2.0,,2011-2022,132_DT_13204_2011_N213_20260915163035.csv,TIME_MACHINE
2019,범위확인필요,특경법(알선수재),7.0,7.0,,2011-2022,132_DT_13204_2011_N213_20260915163035.csv,TIME_MACHINE
2019,범위확인필요,특경법(재산국외도피),3.0,1.0,,2011-2022,132_DT_13204_2011_N213_20260915163035.csv,TIME_MACHINE
2019,범위확인필요,특경법(증재등),1.0,,,2011-2022,132_DT_13204_2011_N213_20260915163035.csv,TIME_MACHINE
2019,범위확인필요,특경법(횡령),234.0,183.0,,2011-2022,132_DT_13204_2011_N213_20260915163035.csv,TIME_MACHINE
2019,범위확인필요,특별경제범죄,13089.0,10589.0,,2011-2022,132_DT_13204_2011_N213_20260915163035.csv,TIME_MACHINE
2019,범위확인필요,특수강간(준),43.0,45.0,,2011-2022,132_DT_13204_2011_N213_20260915163035.csv,TIME_MACHINE
2019,범위확인필요,특수강도,49.0,47.0,,2011-2022,132_DT_13204_2011_N213_20260915163035.csv,TIME_MACHINE
2019,범위확인필요,특수강도강간,5.0,4.0,,2011-2022,132_DT_13204_2011_N213_20260915163035.csv,TIME_MACHINE
2019,범위확인필요,특수강도강간등,2.0,3.0,,2011-2022,132_DT_13204_2011_N213_20260915163035.csv,TIME_MACHINE
2019,범위확인필요,특수강제추행(준),9.0,9.0,,2011-2022,132_DT_13204_2011_N213_20260915163035.csv,TIME_MACHINE
2019,범위확인필요,특수공갈,15.0,13.0,,2011-2022,132_DT_13204_2011_N213_20260915163035.csv,TIME_MACHINE
2019,범위확인필요,특수상해,9.0,8.0,,2011-2022,132_DT_13204_2011_N213_20260915163035.csv,TIME_MACHINE
2019,범위확인필요,특수절도,1894.0,1590.0,,2011-2022,132_DT_13204_2011_N213_20260915163035.csv,TIME_MACHINE
2019,범위확인필요,특수절도(상습),23.0,18.0,,2011-2022,132_DT_13204_2011_N213_20260915163035.csv,TIME_MACHINE
2019,범위확인필요,특수폭행,1548.0,1492.0,,2011-2022,132_DT_13204_2011_N213_20260915163035.csv,TIME_MACHINE
2019,범위확인필요,특수폭행(상습),2.0,2.0,,2011-2022,132_DT_13204_2011_N213_20260915163035.csv,TIME_MACHINE
2019,범위확인필요,특수폭행치사,,1.0,,2011-2022,132_DT_13204_2011_N213_20260915163035.csv,TIME_MACHINE
2019,범위확인필요,특수폭행치상,24.0,21.0,,2011-2022,132_DT_13204_2011_N213_20260915163035.csv,TIME_MACHINE
2019,범위확인필요,특허법,43.0,39.0,,2011-2022,132_DT_13204_2011_N213_20260915163035.csv,TIME_MACHINE
2019,범위확인필요,편의시설부정이용,171.0,151.0,,2011-2022,132_DT_13204_2011_N213_20260915163035.csv,TIME_MACHINE
2019,범위확인필요,폐기물관리법,20.0,18.0,,2011-2022,132_DT_13204_2011_N213_20260915163035.csv,TIME_MACHINE
2019,범위확인필요,폭력범죄,54762.0,47291.0,,2011-2022,132_DT_13204_2011_N213_20260915163035.csv,TIME_MACHINE
2019,범위확인필요,폭력행위등,1548.0,1428.0,,2011-2022,132_DT_13204_2011_N213_20260915163035.csv,TIME_MACHINE
2019,범위확인필요,폭력행위등처벌에관한법률위반(공동),1465.0,1353.0,,2011-2022,132_DT_13204_2011_N213_20260915163035.csv,TIME_MACHINE
2019,범위확인필요,폭력행위등처벌에관한법률위반(기타),1.0,1.0,,2011-2022,132_DT_13204_2011_N213_20260915163035.csv,TIME_MACHINE
2019,범위확인필요,폭력행위등처벌에관한법률위반(단체등의[상습·공동·집단흉기등·상습집단흉기등]),18.0,14.0,,2011-2022,132_DT_13204_2011_N213_20260915163035.csv,TIME_MACHINE
2019,범위확인필요,폭력행위등처벌에관한법률위반(단체등의구성·활동),8.0,7.0,,2011-2022,132_DT_13204_2011_N213_20260915163035.csv,TIME_MACHINE
2019,범위확인필요,폭력행위등처벌에관한법률위반(상습),16.0,16.0,,2011-2022,132_DT_13204_2011_N213_20260915163035.csv,TIME_MACHINE
2019,범위확인필요,폭력행위등처벌에관한법률위반(우범자),30.0,29.0,,2011-2022,132_DT_13204_2011_N213_20260915163035.csv,TIME_MACHINE
2019,범위확인필요,"폭력행위등처벌에관한법률위반(집단,흉기등)",11.0,9.0,,2011-2022,132_DT_13204_2011_N213_20260915163035.csv,TIME_MACHINE
2019,범위확인필요,폭발성물건파열(과실),1.0,1.0,,2011-2022,132_DT_13204_2011_N213_20260915163035.csv,TIME_MACHINE
2019,범위확인필요,폭행,32905.0,31031.0,,2011-2022,132_DT_13204_2011_N213_20260915163035.csv,TIME_MACHINE
2019,범위확인필요,폭행(상습),20.0,17.0,,2011-2022,132_DT_13204_2011_N213_20260915163035.csv,TIME_MACHINE
2019,범위확인필요,폭행치사,4.0,4.0,,2011-2022,132_DT_13204_2011_N213_20260915163035.csv,TIME_MACHINE
2019,범위확인필요,폭행치상,396.0,382.0,,2011-2022,132_DT_13204_2011_N213_20260915163035.csv,TIME_MACHINE
2019,범위확인필요,풍속범죄,5018.0,4252.0,,2011-2022,132_DT_13204_2011_N213_20260915163035.csv,TIME_MACHINE
2019,범위확인필요,풍속영업의규제에관한법률,29.0,29.0,,2011-2022,132_DT_13204_2011_N213_20260915163035.csv,TIME_MACHINE
2019,범위확인필요,피약취자·피유인자·피매매자(상해·치상),1.0,1.0,,2011-2022,132_DT_13204_2011_N213_20260915163035.csv,TIME_MACHINE
2019,범위확인필요,피의사실공표,2.0,1.0,,2011-2022,132_DT_13204_2011_N213_20260915163035.csv,TIME_MACHINE
2019,범위확인필요,하수도법,2.0,2.0,,2011-2022,132_DT_13204_2011_N213_20260915163035.csv,TIME_MACHINE
2019,범위확인필요,하천법,3.0,3.0,,2011-2022,132_DT_13204_2011_N213_20260915163035.csv,TIME_MACHINE
2019,범위확인필요,학원의설립·운영및과외교섭에관한법률,119.0,117.0,,2011-2022,132_DT_13204_2011_N213_20260915163035.csv,TIME_MACHINE
2019,범위확인필요,"허위감정,증거인멸·은닉,증인은닉죄",38.0,28.0,,2011-2022,132_DT_13204_2011_N213_20260915163035.csv,TIME_MACHINE
2019,범위확인필요,현주·공용건조물등방화,126.0,116.0,,2011-2022,132_DT_13204_2011_N213_20260915163035.csv,TIME_MACHINE
2019,범위확인필요,현주건조물등방화치사,2.0,2.0,,2011-2022,132_DT_13204_2011_N213_20260915163035.csv,TIME_MACHINE
2019,범위확인필요,현주건조물등방화치상,2.0,2.0,,2011-2022,132_DT_13204_2011_N213_20260915163035.csv,TIME_MACHINE
2019,범위확인필요,협박,3828.0,3466.0,,2011-2022,132_DT_13204_2011_N213_20260915163035.csv,TIME_MACHINE
2019,범위확인필요,협박(상습),5.0,6.0,,2011-2022,132_DT_13204_2011_N213_20260915163035.csv,TIME_MACHINE
2019,범위확인필요,협박(특수),1769.0,1711.0,,2011-2022,132_DT_13204_2011_N213_20260915163035.csv,TIME_MACHINE
2019,범위확인필요,형사소송법,1.0,,,2011-2022,132_DT_13204_2011_N213_20260915163035.csv,TIME_MACHINE
2019,범위확인필요,형의실효등에관한법률,7.0,4.0,,2011-2022,132_DT_13204_2011_N213_20260915163035.csv,TIME_MACHINE
2019,범위확인필요,혼인빙자간음,,1.0,,2011-2022,132_DT_13204_2011_N213_20260915163035.csv,TIME_MACHINE
2019,범위확인필요,화물자동차운수사업법,590.0,566.0,,2011-2022,132_DT_13204_2011_N213_20260915163035.csv,TIME_MACHINE
2019,범위확인필요,환경범죄,90.0,86.0,,2011-2022,132_DT_13204_2011_N213_20260915163035.csv,TIME_MACHINE
2019,범위확인필요,횡령,16975.0,6696.0,,2011-2022,132_DT_13204_2011_N213_20260915163035.csv,TIME_MACHINE
2020,범위확인필요,13세미만미성년자강간·간음,7.0,8.0,,2011-2022,132_DT_13204_2011_N213_20260915163035.csv,TIME_MACHINE
2020,범위확인필요,13세미만미성년자강간등,7.0,7.0,,2011-2022,132_DT_13204_2011_N213_20260915163035.csv,TIME_MACHINE
2020,범위확인필요,13세미만미성년자강제추행·추행,88.0,77.0,,2011-2022,132_DT_13204_2011_N213_20260915163035.csv,TIME_MACHINE
2020,범위확인필요,가스등공급사용방해(과실),3.0,3.0,,2011-2022,132_DT_13204_2011_N213_20260915163035.csv,TIME_MACHINE
2020,범위확인필요,가스등공급사용방해(치사·상),2.0,2.0,,2011-2022,132_DT_13204_2011_N213_20260915163035.csv,TIME_MACHINE
2020,범위확인필요,가스등방출(치사·상),2.0,1.0,,2011-2022,132_DT_13204_2011_N213_20260915163035.csv,TIME_MACHINE
2020,범위확인필요,가정폭력범죄의처벌등에관한특례법위반,95.0,92.0,,2011-2022,132_DT_13204_2011_N213_20260915163035.csv,TIME_MACHINE
2020,범위확인필요,감염병예방법,740.0,699.0,,2011-2022,132_DT_13204_2011_N213_20260915163035.csv,TIME_MACHINE
2020,범위확인필요,강간,1294.0,1234.0,,2011-2022,132_DT_13204_2011_N213_20260915163035.csv,TIME_MACHINE
2020,범위확인필요,강간(상습),1.0,1.0,,2011-2022,132_DT_13204_2011_N213_20260915163035.csv,TIME_MACHINE
2020,범위확인필요,강간등살인·치사,1.0,,,2011-2022,132_DT_13204_2011_N213_20260915163035.csv,TIME_MACHINE
2020,범위확인필요,강간등상해·치상,14.0,15.0,,2011-2022,132_DT_13204_2011_N213_20260915163035.csv,TIME_MACHINE
2020,범위확인필요,강간상해·치상,58.0,49.0,,2011-2022,132_DT_13204_2011_N213_20260915163035.csv,TIME_MACHINE
2020,범위확인필요,강도,139.0,134.0,,2011-2022,132_DT_13204_2011_N213_20260915163035.csv,TIME_MACHINE
2020,범위확인필요,강도강간,2.0,2.0,,2011-2022,132_DT_13204_2011_N213_20260915163035.csv,TIME_MACHINE
2020,범위확인필요,강도살인·치사,4.0,3.0,,2011-2022,132_DT_13204_2011_N213_20260915163035.csv,TIME_MACHINE
2020,범위확인필요,강도상해·치상,31.0,33.0,,2011-2022,132_DT_13204_2011_N213_20260915163035.csv,TIME_MACHINE
2020,범위확인필요,강력범죄,6265.0,5909.0,,2011-2022,132_DT_13204_2011_N213_20260915163035.csv,TIME_MACHINE
2020,범위확인필요,강제추행,4212.0,3980.0,,2011-2022,132_DT_13204_2011_N213_20260915163035.csv,TIME_MACHINE
2020,범위확인필요,강제추행(상습),11.0,11.0,,2011-2022,132_DT_13204_2011_N213_20260915163035.csv,TIME_MACHINE
2020,범위확인필요,강제추행상해·치상,31.0,33.0,,2011-2022,132_DT_13204_2011_N213_20260915163035.csv,TIME_MACHINE
2020,범위확인필요,개인정보보호법,517.0,370.0,,2011-2022,132_DT_13204_2011_N213_20260915163035.csv,TIME_MACHINE
2020,범위확인필요,건설산업기본법,144.0,130.0,,2011-2022,132_DT_13204_2011_N213_20260915163035.csv,TIME_MACHINE
2020,범위확인필요,건설폐기물의재활용촉진에관한법률,1.0,1.0,,2011-2022,132_DT_13204_2011_N213_20260915163035.csv,TIME_MACHINE
2020,범위확인필요,건축법,317.0,303.0,,2011-2022,132_DT_13204_2011_N213_20260915163035.csv,TIME_MACHINE
2020,범위확인필요,게임산업진흥에관한법률,527.0,499.0,,2011-2022,132_DT_13204_2011_N213_20260915163035.csv,TIME_MACHINE
2020,범위확인필요,경범죄처벌법,2105.0,1760.0,,2011-2022,132_DT_13204_2011_N213_20260915163035.csv,TIME_MACHINE
2020,범위확인필요,고압가스안전관리법,8.0,8.0,,2011-2022,132_DT_13204_2011_N213_20260915163035.csv,TIME_MACHINE
2020,범위확인필요,골재채취법,1.0,1.0,,2011-2022,132_DT_13204_2011_N213_20260915163035.csv,TIME_MACHINE
2020,범위확인필요,공갈,940.0,463.0,,2011-2022,132_DT_13204_2011_N213_20260915163035.csv,TIME_MACHINE
2020,범위확인필요,공갈(상습),5.0,5.0,,2011-2022,132_DT_13204_2011_N213_20260915163035.csv,TIME_MACHINE
2020,범위확인필요,공무방해에관한죄,2239.0,2189.0,,2011-2022,132_DT_13204_2011_N213_20260915163035.csv,TIME_MACHINE
2020,범위확인필요,공무상비밀누설,8.0,6.0,,2011-2022,132_DT_13204_2011_N213_20260915163035.csv,TIME_MACHINE
2020,범위확인필요,공문서위조·변조,474.0,359.0,,2011-2022,132_DT_13204_2011_N213_20260915163035.csv,TIME_MACHINE
2020,범위확인필요,공안을해하는죄,105.0,93.0,,2011-2022,132_DT_13204_2011_N213_20260915163035.csv,TIME_MACHINE
2020,범위확인필요,공연음란,680.0,525.0,,2011-2022,132_DT_13204_2011_N213_20260915163035.csv,TIME_MACHINE
2020,범위확인필요,공인등의위조·부정사용및행사,49.0,35.0,,2011-2022,132_DT_13204_2011_N213_20260915163035.csv,TIME_MACHINE
2020,범위확인필요,공인중개사법,142.0,132.0,,2011-2022,132_DT_13204_2011_N213_20260915163035.csv,TIME_MACHINE
2020,범위확인필요,공전자기록등위작·변작,11.0,10.0,,2011-2022,132_DT_13204_2011_N213_20260915163035.csv,TIME_MACHINE
2020,범위확인필요,공중밀집장소에서의추행,500.0,433.0,,2011-2022,132_DT_13204_2011_N213_20260915163035.csv,TIME_MACHINE
2020,범위확인필요,공중위생관리법,357.0,347.0,,2011-2022,132_DT_13204_2011_N213_20260915163035.csv,TIME_MACHINE
2020,범위확인필요,공직선거법,196.0,160.0,,2011-2022,132_DT_13204_2011_N213_20260915163035.csv,TIME_MACHINE
2020,범위확인필요,과실치사상의죄,1060.0,923.0,,2011-2022,132_DT_13204_2011_N213_20260915163035.csv,TIME_MACHINE
2020,범위확인필요,교육환경법,140.0,134.0,,2011-2022,132_DT_13204_2011_N213_20260915163035.csv,TIME_MACHINE
2020,범위확인필요,교통방해의죄,70.0,75.0,,2011-2022,132_DT_13204_2011_N213_20260915163035.csv,TIME_MACHINE
2020,범위확인필요,교통범죄,50899.0,50018.0,,2011-2022,132_DT_13204_2011_N213_20260915163035.csv,TIME_MACHINE
2020,범위확인필요,교통사고,36998.0,35850.0,,2011-2022,132_DT_13204_2011_N213_20260915163035.csv,TIME_MACHINE
2020,범위확인필요,교통사고외,13901.0,14168.0,,2011-2022,132_DT_13204_2011_N213_20260915163035.csv,TIME_MACHINE
2020,범위확인필요,교통사고처리특례법,31188.0,30375.0,,2011-2022,132_DT_13204_2011_N213_20260915163035.csv,TIME_MACHINE
2020,범위확인필요,국가보안법,16.0,9.0,,2011-2022,132_DT_13204_2011_N213_20260915163035.csv,TIME_MACHINE
2020,범위확인필요,국민건강보험법,73.0,48.0,,2011-2022,132_DT_13204_2011_N213_20260915163035.csv,TIME_MACHINE
2020,범위확인필요,국민연금법,24.0,24.0,,2011-2022,132_DT_13204_2011_N213_20260915163035.csv,TIME_MACHINE
2020,범위확인필요,국토의계획및이용에관한법률,13.0,12.0,,2011-2022,132_DT_13204_2011_N213_20260915163035.csv,TIME_MACHINE
2020,범위확인필요,권리행사를방해하는죄,1231.0,923.0,,2011-2022,132_DT_13204_2011_N213_20260915163035.csv,TIME_MACHINE
2020,범위확인필요,근로기준법,2.0,,,2011-2022,132_DT_13204_2011_N213_20260915163035.csv,TIME_MACHINE
2020,범위확인필요,기타,2234.0,1852.0,,2011-2022,132_DT_13204_2011_N213_20260915163035.csv,TIME_MACHINE
2020,범위확인필요,기타 강간·강제추행 등,58.0,58.0,,2011-2022,132_DT_13204_2011_N213_20260915163035.csv,TIME_MACHINE
2020,범위확인필요,기타경제범죄,476.0,408.0,,2011-2022,132_DT_13204_2011_N213_20260915163035.csv,TIME_MACHINE
2020,범위확인필요,기타노동범죄,15.0,7.0,,2011-2022,132_DT_13204_2011_N213_20260915163035.csv,TIME_MACHINE
2020,범위확인필요,기타도박범죄,523.0,579.0,,2011-2022,132_DT_13204_2011_N213_20260915163035.csv,TIME_MACHINE
2020,범위확인필요,기타범죄,42163.0,33677.0,,2011-2022,132_DT_13204_2011_N213_20260915163035.csv,TIME_MACHINE
2020,범위확인필요,기타보건범죄,380.0,368.0,,2011-2022,132_DT_13204_2011_N213_20260915163035.csv,TIME_MACHINE
2020,범위확인필요,기타선거범죄,1.0,,,2011-2022,132_DT_13204_2011_N213_20260915163035.csv,TIME_MACHINE
2020,범위확인필요,기타안보범죄,15.0,16.0,,2011-2022,132_DT_13204_2011_N213_20260915163035.csv,TIME_MACHINE
2020,범위확인필요,기타통화에관한죄,84.0,6.0,,2011-2022,132_DT_13204_2011_N213_20260915163035.csv,TIME_MACHINE
2020,범위확인필요,기타환경범죄,5.0,4.0,,2011-2022,132_DT_13204_2011_N213_20260915163035.csv,TIME_MACHINE
2020,범위확인필요,낙태의죄,3.0,3.0,,2011-2022,132_DT_13204_2011_N213_20260915163035.csv,TIME_MACHINE
2020,범위확인필요,노동범죄,57.0,43.0,,2011-2022,132_DT_13204_2011_N213_20260915163035.csv,TIME_MACHINE
2020,범위확인필요,노동조합및노동관계조정법,2.0,3.0,,2011-2022,132_DT_13204_2011_N213_20260915163035.csv,TIME_MACHINE
2020,범위확인필요,농수산물유통및가격안정에관한법률,1.0,1.0,,2011-2022,132_DT_13204_2011_N213_20260915163035.csv,TIME_MACHINE
2020,범위확인필요,농수산물품질관리법,2.0,2.0,,2011-2022,132_DT_13204_2011_N213_20260915163035.csv,TIME_MACHINE
2020,범위확인필요,농지법,6.0,3.0,,2011-2022,132_DT_13204_2011_N213_20260915163035.csv,TIME_MACHINE
2020,범위확인필요,뇌물공여등,7.0,7.0,,2011-2022,132_DT_13204_2011_N213_20260915163035.csv,TIME_MACHINE
2020,범위확인필요,뇌물수수등,16.0,11.0,,2011-2022,132_DT_13204_2011_N213_20260915163035.csv,TIME_MACHINE
2020,범위확인필요,담배사업법,25.0,23.0,,2011-2022,132_DT_13204_2011_N213_20260915163035.csv,TIME_MACHINE
2020,범위확인필요,대기환경보전법,12.0,14.0,,2011-2022,132_DT_13204_2011_N213_20260915163035.csv,TIME_MACHINE
2020,범위확인필요,대부업의등록및금융이용자보호에관한법률,268.0,203.0,,2011-2022,132_DT_13204_2011_N213_20260915163035.csv,TIME_MACHINE
2020,범위확인필요,도로교통법,2454.0,2386.0,,2011-2022,132_DT_13204_2011_N213_20260915163035.csv,TIME_MACHINE
2020,범위확인필요,도로교통법(공동위험행위),6.0,6.0,,2011-2022,132_DT_13204_2011_N213_20260915163035.csv,TIME_MACHINE
2020,범위확인필요,도로교통법(무면허운전),2894.0,2896.0,,2011-2022,132_DT_13204_2011_N213_20260915163035.csv,TIME_MACHINE
2020,범위확인필요,도로교통법(사고후미조치),931.0,724.0,,2011-2022,132_DT_13204_2011_N213_20260915163035.csv,TIME_MACHINE
2020,범위확인필요,도로교통법(음주운전),10518.0,10748.0,,2011-2022,132_DT_13204_2011_N213_20260915163035.csv,TIME_MACHINE
2020,범위확인필요,도로교통법(음주측정거부),313.0,311.0,,2011-2022,132_DT_13204_2011_N213_20260915163035.csv,TIME_MACHINE
2020,범위확인필요,도로법,100.0,132.0,,2011-2022,132_DT_13204_2011_N213_20260915163035.csv,TIME_MACHINE
2020,범위확인필요,도박,614.0,614.0,,2011-2022,132_DT_13204_2011_N213_20260915163035.csv,TIME_MACHINE
2020,범위확인필요,도박(상습),6.0,7.0,,2011-2022,132_DT_13204_2011_N213_20260915163035.csv,TIME_MACHINE
2020,범위확인필요,도박개장,220.0,176.0,,2011-2022,132_DT_13204_2011_N213_20260915163035.csv,TIME_MACHINE
2020,범위확인필요,도박범죄,1363.0,1376.0,,2011-2022,132_DT_13204_2011_N213_20260915163035.csv,TIME_MACHINE
2020,범위확인필요,도시가스사업법,6.0,6.0,,2011-2022,132_DT_13204_2011_N213_20260915163035.csv,TIME_MACHINE
2020,범위확인필요,도시공원및녹지등에관한법률,15.0,15.0,,2011-2022,132_DT_13204_2011_N213_20260915163035.csv,TIME_MACHINE
2020,범위확인필요,도주와도주원조죄,2.0,2.0,,2011-2022,132_DT_13204_2011_N213_20260915163035.csv,TIME_MACHINE
2020,범위확인필요,독점규제및공정거래에관한법률,2.0,2.0,,2011-2022,132_DT_13204_2011_N213_20260915163035.csv,TIME_MACHINE
2020,범위확인필요,독직폭행·가혹행위,44.0,14.0,,2011-2022,132_DT_13204_2011_N213_20260915163035.csv,TIME_MACHINE
2020,범위확인필요,디자인보호법,94.0,84.0,,2011-2022,132_DT_13204_2011_N213_20260915163035.csv,TIME_MACHINE
2020,범위확인필요,마약류관리에관한법률(대마),640.0,382.0,,2011-2022,132_DT_13204_2011_N213_20260915163035.csv,TIME_MACHINE
2020,범위확인필요,마약류관리에관한법률(마약),54.0,48.0,,2011-2022,132_DT_13204_2011_N213_20260915163035.csv,TIME_MACHINE
2020,범위확인필요,마약류관리에관한법률(향정),1441.0,1179.0,,2011-2022,132_DT_13204_2011_N213_20260915163035.csv,TIME_MACHINE
2020,범위확인필요,마약류불법거래방지에관한특례법,7.0,,,2011-2022,132_DT_13204_2011_N213_20260915163035.csv,TIME_MACHINE
2020,범위확인필요,마약범죄,2142.0,1609.0,,2011-2022,132_DT_13204_2011_N213_20260915163035.csv,TIME_MACHINE
2020,범위확인필요,명예에관한죄,6884.0,4673.0,,2011-2022,132_DT_13204_2011_N213_20260915163035.csv,TIME_MACHINE
2020,범위확인필요,무고의죄,1200.0,962.0,,2011-2022,132_DT_13204_2011_N213_20260915163035.csv,TIME_MACHINE
2020,범위확인필요,문서·인장,2424.0,1780.0,,2011-2022,132_DT_13204_2011_N213_20260915163035.csv,TIME_MACHINE
2020,범위확인필요,문화재보호법,16.0,17.0,,2011-2022,132_DT_13204_2011_N213_20260915163035.csv,TIME_MACHINE
2020,범위확인필요,미성년자간음(심신미약자),4.0,3.0,,2011-2022,132_DT_13204_2011_N213_20260915163035.csv,TIME_MACHINE
2020,범위확인필요,미성년자의제강간,31.0,30.0,,2011-2022,132_DT_13204_2011_N213_20260915163035.csv,TIME_MACHINE
2020,범위확인필요,미성년자의제강제추행,1.0,1.0,,2011-2022,132_DT_13204_2011_N213_20260915163035.csv,TIME_MACHINE
2020,범위확인필요,미성년자의제유사강간,1.0,,,2011-2022,132_DT_13204_2011_N213_20260915163035.csv,TIME_MACHINE
2020,범위확인필요,미성년자추행(심신미약자),1.0,,,2011-2022,132_DT_13204_2011_N213_20260915163035.csv,TIME_MACHINE
2020,범위확인필요,방문판매등에관한법률,63.0,57.0,,2011-2022,132_DT_13204_2011_N213_20260915163035.csv,TIME_MACHINE
2020,범위확인필요,방화,222.0,191.0,,2011-2022,132_DT_13204_2011_N213_20260915163035.csv,TIME_MACHINE
2020,범위확인필요,방화연소,1.0,1.0,,2011-2022,132_DT_13204_2011_N213_20260915163035.csv,TIME_MACHINE
2020,범위확인필요,배임,959.0,808.0,,2011-2022,132_DT_13204_2011_N213_20260915163035.csv,TIME_MACHINE
2020,범위확인필요,배임수재,27.0,22.0,,2011-2022,132_DT_13204_2011_N213_20260915163035.csv,TIME_MACHINE
2020,범위확인필요,배임증재,6.0,3.0,,2011-2022,132_DT_13204_2011_N213_20260915163035.csv,TIME_MACHINE
2020,범위확인필요,범인은닉·범인도피죄,22.0,15.0,,2011-2022,132_DT_13204_2011_N213_20260915163035.csv,TIME_MACHINE
2020,범위확인필요,변호사법,106.0,88.0,,2011-2022,132_DT_13204_2011_N213_20260915163035.csv,TIME_MACHINE
2020,범위확인필요,병역범죄,765.0,639.0,,2011-2022,132_DT_13204_2011_N213_20260915163035.csv,TIME_MACHINE
2020,범위확인필요,병역법,431.0,328.0,,2011-2022,132_DT_13204_2011_N213_20260915163035.csv,TIME_MACHINE
2020,범위확인필요,보건범죄,3946.0,3760.0,,2011-2022,132_DT_13204_2011_N213_20260915163035.csv,TIME_MACHINE
2020,범위확인필요,보건범죄특조법(부정의료업자),26.0,25.0,,2011-2022,132_DT_13204_2011_N213_20260915163035.csv,TIME_MACHINE
2020,범위확인필요,보건범죄특조법(부정의약품),1.0,,,2011-2022,132_DT_13204_2011_N213_20260915163035.csv,TIME_MACHINE
2020,범위확인필요,보험사기방지특별법위반,628.0,636.0,,2011-2022,132_DT_13204_2011_N213_20260915163035.csv,TIME_MACHINE
2020,범위확인필요,부당이득,10.0,11.0,,2011-2022,132_DT_13204_2011_N213_20260915163035.csv,TIME_MACHINE
2020,범위확인필요,부당이득(상습),1.0,,,2011-2022,132_DT_13204_2011_N213_20260915163035.csv,TIME_MACHINE
2020,범위확인필요,부정경쟁방지및영업비밀보호에관한법률,216.0,168.0,,2011-2022,132_DT_13204_2011_N213_20260915163035.csv,TIME_MACHINE
2020,범위확인필요,부정수표단속법,205.0,104.0,,2011-2022,132_DT_13204_2011_N213_20260915163035.csv,TIME_MACHINE
2020,범위확인필요,부정청탁금지법,22.0,16.0,,2011-2022,132_DT_13204_2011_N213_20260915163035.csv,TIME_MACHINE
2020,범위확인필요,불법사용,99.0,79.0,,2011-2022,132_DT_13204_2011_N213_20260915163035.csv,TIME_MACHINE
2020,범위확인필요,비밀침해죄,30.0,21.0,,2011-2022,132_DT_13204_2011_N213_20260915163035.csv,TIME_MACHINE
2020,범위확인필요,사기,65739.0,39361.0,,2011-2022,132_DT_13204_2011_N213_20260915163035.csv,TIME_MACHINE
2020,범위확인필요,사기(상습),107.0,79.0,,2011-2022,132_DT_13204_2011_N213_20260915163035.csv,TIME_MACHINE
2020,범위확인필요,사문서위조·변조,1659.0,1283.0,,2011-2022,132_DT_13204_2011_N213_20260915163035.csv,TIME_MACHINE
2020,범위확인필요,사인등의위조·부정사용및행사,32.0,24.0,,2011-2022,132_DT_13204_2011_N213_20260915163035.csv,TIME_MACHINE
2020,범위확인필요,사전자기록등위작·변작,199.0,69.0,,2011-2022,132_DT_13204_2011_N213_20260915163035.csv,TIME_MACHINE
2020,범위확인필요,산림법,12.0,9.0,,2011-2022,132_DT_13204_2011_N213_20260915163035.csv,TIME_MACHINE
2020,범위확인필요,산업안전보건법,1.0,1.0,,2011-2022,132_DT_13204_2011_N213_20260915163035.csv,TIME_MACHINE
2020,범위확인필요,살인,38.0,31.0,,2011-2022,132_DT_13204_2011_N213_20260915163035.csv,TIME_MACHINE
2020,범위확인필요,살인기수,52.0,42.0,,2011-2022,132_DT_13204_2011_N213_20260915163035.csv,TIME_MACHINE
2020,범위확인필요,살인미수등,89.0,84.0,,2011-2022,132_DT_13204_2011_N213_20260915163035.csv,TIME_MACHINE
2020,범위확인필요,상표법,747.0,676.0,,2011-2022,132_DT_13204_2011_N213_20260915163035.csv,TIME_MACHINE
2020,범위확인필요,상해,3861.0,3692.0,,2011-2022,132_DT_13204_2011_N213_20260915163035.csv,TIME_MACHINE
2020,범위확인필요,상해(상습),1.0,1.0,,2011-2022,132_DT_13204_2011_N213_20260915163035.csv,TIME_MACHINE
2020,범위확인필요,상해(중),15.0,15.0,,2011-2022,132_DT_13204_2011_N213_20260915163035.csv,TIME_MACHINE
2020,범위확인필요,상해치사,4.0,4.0,,2011-2022,132_DT_13204_2011_N213_20260915163035.csv,TIME_MACHINE
2020,범위확인필요,생명윤리및안전에관한법률,4.0,3.0,,2011-2022,132_DT_13204_2011_N213_20260915163035.csv,TIME_MACHINE
2020,범위확인필요,석유및석유대체연료사업법,10.0,14.0,,2011-2022,132_DT_13204_2011_N213_20260915163035.csv,TIME_MACHINE
2020,범위확인필요,선거범죄,205.0,167.0,,2011-2022,132_DT_13204_2011_N213_20260915163035.csv,TIME_MACHINE
2020,범위확인필요,성매매방지및피해자보호등에관한법률위반,2.0,2.0,,2011-2022,132_DT_13204_2011_N213_20260915163035.csv,TIME_MACHINE
2020,범위확인필요,성매매알선등행위의처벌에관한법률위반(기타),193.0,184.0,,2011-2022,132_DT_13204_2011_N213_20260915163035.csv,TIME_MACHINE
2020,범위확인필요,성매매알선등행위의처벌에관한법률위반(성매매),191.0,183.0,,2011-2022,132_DT_13204_2011_N213_20260915163035.csv,TIME_MACHINE
2020,범위확인필요,성매매알선등행위의처벌에관한법률위반(성매매강요등),6.0,3.0,,2011-2022,132_DT_13204_2011_N213_20260915163035.csv,TIME_MACHINE
2020,범위확인필요,성매매알선등행위의처벌에관한법률위반(성매매광고),28.0,9.0,,2011-2022,132_DT_13204_2011_N213_20260915163035.csv,TIME_MACHINE
2020,범위확인필요,성매매알선등행위의처벌에관한법률위반(성매매알선등),251.0,238.0,,2011-2022,132_DT_13204_2011_N213_20260915163035.csv,TIME_MACHINE
2020,범위확인필요,성폭력범죄의처벌등에관한특례법(성적목적다중이용장소침입),191.0,155.0,,2011-2022,132_DT_13204_2011_N213_20260915163035.csv,TIME_MACHINE
2020,범위확인필요,"성폭력범죄의처벌등에관한특례법(촬영물등이용협박,강요등)",15.0,7.0,,2011-2022,132_DT_13204_2011_N213_20260915163035.csv,TIME_MACHINE
2020,범위확인필요,"성폭력범죄의처벌등에관한특례법(카메라등이용촬영,반포등)",1462.0,1272.0,,2011-2022,132_DT_13204_2011_N213_20260915163035.csv,TIME_MACHINE
2020,범위확인필요,성폭력범죄의처벌등에관한특례법(통신매체이용음란),598.0,475.0,,2011-2022,132_DT_13204_2011_N213_20260915163035.csv,TIME_MACHINE
2020,범위확인필요,"성폭력범죄의처벌등에관한특례법(허위영상물편집,반포등)",13.0,9.0,,2011-2022,132_DT_13204_2011_N213_20260915163035.csv,TIME_MACHINE
2020,범위확인필요,성폭력범죄의처벌등에관한특례법위반(기타),1142.0,1068.0,,2011-2022,132_DT_13204_2011_N213_20260915163035.csv,TIME_MACHINE
2020,범위확인필요,성풍속범죄,3659.0,2899.0,,2011-2022,132_DT_13204_2011_N213_20260915163035.csv,TIME_MACHINE
2020,범위확인필요,손괴,10435.0,6001.0,,2011-2022,132_DT_13204_2011_N213_20260915163035.csv,TIME_MACHINE
2020,범위확인필요,손괴의죄,10435.0,6001.0,,2011-2022,132_DT_13204_2011_N213_20260915163035.csv,TIME_MACHINE
2020,범위확인필요,수도법,17.0,16.0,,2011-2022,132_DT_13204_2011_N213_20260915163035.csv,TIME_MACHINE
2020,범위확인필요,식품위생법,1401.0,1355.0,,2011-2022,132_DT_13204_2011_N213_20260915163035.csv,TIME_MACHINE
2020,범위확인필요,신앙에관한죄,17.0,19.0,,2011-2022,132_DT_13204_2011_N213_20260915163035.csv,TIME_MACHINE
2020,범위확인필요,"신용,업무와경매에관한죄",5128.0,4833.0,,2011-2022,132_DT_13204_2011_N213_20260915163035.csv,TIME_MACHINE
2020,범위확인필요,신용정보의이용및보호에관한법률,9.0,10.0,,2011-2022,132_DT_13204_2011_N213_20260915163035.csv,TIME_MACHINE
2020,범위확인필요,실용신안법,5.0,5.0,,2011-2022,132_DT_13204_2011_N213_20260915163035.csv,TIME_MACHINE
2020,범위확인필요,실화및업무상실화죄,367.0,251.0,,2011-2022,132_DT_13204_2011_N213_20260915163035.csv,TIME_MACHINE
2020,범위확인필요,아동·청소년의성보호에관한법률위반(강요행위등),3.0,3.0,,2011-2022,132_DT_13204_2011_N213_20260915163035.csv,TIME_MACHINE
2020,범위확인필요,아동·청소년의성보호에관한법률위반(기타),86.0,70.0,,2011-2022,132_DT_13204_2011_N213_20260915163035.csv,TIME_MACHINE
2020,범위확인필요,아동·청소년의성보호에관한법률위반(매매),1.0,1.0,,2011-2022,132_DT_13204_2011_N213_20260915163035.csv,TIME_MACHINE
2020,범위확인필요,아동·청소년의성보호에관한법률위반(성매수등),25.0,21.0,,2011-2022,132_DT_13204_2011_N213_20260915163035.csv,TIME_MACHINE
2020,범위확인필요,아동·청소년의성보호에관한법률위반(아동·청소년성착취물소지·제작·배포등),444.0,324.0,,2011-2022,132_DT_13204_2011_N213_20260915163035.csv,TIME_MACHINE
2020,범위확인필요,아동·청소년의성보호에관한법률위반(알선영업행위등),9.0,8.0,,2011-2022,132_DT_13204_2011_N213_20260915163035.csv,TIME_MACHINE
2020,범위확인필요,아동복지법위반(기타),537.0,525.0,,2011-2022,132_DT_13204_2011_N213_20260915163035.csv,TIME_MACHINE
2020,범위확인필요,아동복지법위반(유기·학대 등),426.0,415.0,,2011-2022,132_DT_13204_2011_N213_20260915163035.csv,TIME_MACHINE
2020,범위확인필요,아동학대처벌법위반(기타),7.0,7.0,,2011-2022,132_DT_13204_2011_N213_20260915163035.csv,TIME_MACHINE
2020,범위확인필요,아동학대처벌법위반(상습폭행),4.0,4.0,,2011-2022,132_DT_13204_2011_N213_20260915163035.csv,TIME_MACHINE
2020,범위확인필요,아동학대처벌법위반(아동복지시설 종사자 등의 아동학대 가중처벌),16.0,16.0,,2011-2022,132_DT_13204_2011_N213_20260915163035.csv,TIME_MACHINE
2020,범위확인필요,아동학대처벌법위반(유기·학대 등),4.0,4.0,,2011-2022,132_DT_13204_2011_N213_20260915163035.csv,TIME_MACHINE
2020,범위확인필요,아동학대처벌법위반(처분 불이행 등),4.0,4.0,,2011-2022,132_DT_13204_2011_N213_20260915163035.csv,TIME_MACHINE
2020,범위확인필요,안보범죄,136.0,118.0,,2011-2022,132_DT_13204_2011_N213_20260915163035.csv,TIME_MACHINE
2020,범위확인필요,액화석유가스의안전및사업관리법,3.0,3.0,,2011-2022,132_DT_13204_2011_N213_20260915163035.csv,TIME_MACHINE
2020,범위확인필요,야간주거침입절도,816.0,674.0,,2011-2022,132_DT_13204_2011_N213_20260915163035.csv,TIME_MACHINE
2020,범위확인필요,야간주거침입절도(상습),10.0,10.0,,2011-2022,132_DT_13204_2011_N213_20260915163035.csv,TIME_MACHINE
2020,범위확인필요,야생생물보호및관리에관한법률위반,2.0,1.0,,2011-2022,132_DT_13204_2011_N213_20260915163035.csv,TIME_MACHINE
2020,범위확인필요,약사법,239.0,203.0,,2011-2022,132_DT_13204_2011_N213_20260915163035.csv,TIME_MACHINE
2020,범위확인필요,약취·유인,53.0,45.0,,2011-2022,132_DT_13204_2011_N213_20260915163035.csv,TIME_MACHINE
2020,범위확인필요,약취·유인(미성년자),39.0,32.0,,2011-2022,132_DT_13204_2011_N213_20260915163035.csv,TIME_MACHINE
2020,범위확인필요,약취·유인(추행·간음·결혼·영리),14.0,13.0,,2011-2022,132_DT_13204_2011_N213_20260915163035.csv,TIME_MACHINE
2020,범위확인필요,양곡관리법,1.0,1.0,,2011-2022,132_DT_13204_2011_N213_20260915163035.csv,TIME_MACHINE
2020,범위확인필요,업무상배임,562.0,478.0,,2011-2022,132_DT_13204_2011_N213_20260915163035.csv,TIME_MACHINE
2020,범위확인필요,업무상위력등에의한추행,69.0,64.0,,2011-2022,132_DT_13204_2011_N213_20260915163035.csv,TIME_MACHINE
2020,범위확인필요,업무상위력에의한간음,11.0,10.0,,2011-2022,132_DT_13204_2011_N213_20260915163035.csv,TIME_MACHINE
2020,범위확인필요,업무상횡령,1394.0,1151.0,,2011-2022,132_DT_13204_2011_N213_20260915163035.csv,TIME_MACHINE
2020,범위확인필요,여객자동차운수사업법,33.0,27.0,,2011-2022,132_DT_13204_2011_N213_20260915163035.csv,TIME_MACHINE
2020,범위확인필요,여권법,6.0,5.0,,2011-2022,132_DT_13204_2011_N213_20260915163035.csv,TIME_MACHINE
2020,범위확인필요,여신전문금융업법위반,463.0,249.0,,2011-2022,132_DT_13204_2011_N213_20260915163035.csv,TIME_MACHINE
2020,범위확인필요,영아살해,2.0,1.0,,2011-2022,132_DT_13204_2011_N213_20260915163035.csv,TIME_MACHINE
2020,범위확인필요,영화및비디오물의진흥에관한법률,5.0,5.0,,2011-2022,132_DT_13204_2011_N213_20260915163035.csv,TIME_MACHINE
2020,범위확인필요,예비군법위반,334.0,311.0,,2011-2022,132_DT_13204_2011_N213_20260915163035.csv,TIME_MACHINE
2020,범위확인필요,옥외광고물법위반,32.0,25.0,,2011-2022,132_DT_13204_2011_N213_20260915163035.csv,TIME_MACHINE
2020,범위확인필요,외국환거래법,30.0,17.0,,2011-2022,132_DT_13204_2011_N213_20260915163035.csv,TIME_MACHINE
2020,범위확인필요,위증죄,425.0,304.0,,2011-2022,132_DT_13204_2011_N213_20260915163035.csv,TIME_MACHINE
2020,범위확인필요,위치정보의보호및이용등에관한법률,14.0,10.0,,2011-2022,132_DT_13204_2011_N213_20260915163035.csv,TIME_MACHINE
2020,범위확인필요,유가증권위조·변조,34.0,25.0,,2011-2022,132_DT_13204_2011_N213_20260915163035.csv,TIME_MACHINE
2020,범위확인필요,유가증권인지,34.0,25.0,,2011-2022,132_DT_13204_2011_N213_20260915163035.csv,TIME_MACHINE
2020,범위확인필요,유기와학대의죄,110.0,31.0,,2011-2022,132_DT_13204_2011_N213_20260915163035.csv,TIME_MACHINE
2020,범위확인필요,유사강간,199.0,186.0,,2011-2022,132_DT_13204_2011_N213_20260915163035.csv,TIME_MACHINE
2020,범위확인필요,유사강간상해·치상,9.0,10.0,,2011-2022,132_DT_13204_2011_N213_20260915163035.csv,TIME_MACHINE
2020,범위확인필요,유사성행위,27.0,25.0,,2011-2022,132_DT_13204_2011_N213_20260915163035.csv,TIME_MACHINE
2020,범위확인필요,유사수신행위의규제에관한법률,613.0,516.0,,2011-2022,132_DT_13204_2011_N213_20260915163035.csv,TIME_MACHINE
2020,범위확인필요,음악산업진흥에관한법률,880.0,872.0,,2011-2022,132_DT_13204_2011_N213_20260915163035.csv,TIME_MACHINE
2020,범위확인필요,음용수에관한죄,3.0,3.0,,2011-2022,132_DT_13204_2011_N213_20260915163035.csv,TIME_MACHINE
2020,범위확인필요,"음화등반포(판매,임대,전시,제조)",3.0,3.0,,2011-2022,132_DT_13204_2011_N213_20260915163035.csv,TIME_MACHINE
2020,범위확인필요,의료법,799.0,760.0,,2011-2022,132_DT_13204_2011_N213_20260915163035.csv,TIME_MACHINE
2020,범위확인필요,인질강도,2.0,1.0,,2011-2022,132_DT_13204_2011_N213_20260915163035.csv,TIME_MACHINE
2020,범위확인필요,일반건조물등방화,75.0,52.0,,2011-2022,132_DT_13204_2011_N213_20260915163035.csv,TIME_MACHINE
2020,범위확인필요,자기소유건조물등방화,4.0,2.0,,2011-2022,132_DT_13204_2011_N213_20260915163035.csv,TIME_MACHINE
2020,범위확인필요,자동차관리법,5040.0,4763.0,,2011-2022,132_DT_13204_2011_N213_20260915163035.csv,TIME_MACHINE
2020,범위확인필요,자동차방화,4.0,4.0,,2011-2022,132_DT_13204_2011_N213_20260915163035.csv,TIME_MACHINE
2020,범위확인필요,자동차손해배상보장법,539.0,507.0,,2011-2022,132_DT_13204_2011_N213_20260915163035.csv,TIME_MACHINE
2020,범위확인필요,자살교사·방조,5.0,4.0,,2011-2022,132_DT_13204_2011_N213_20260915163035.csv,TIME_MACHINE
2020,범위확인필요,자연공원법,2.0,2.0,,2011-2022,132_DT_13204_2011_N213_20260915163035.csv,TIME_MACHINE
2020,범위확인필요,장물에관한죄,64.0,44.0,,2011-2022,132_DT_13204_2011_N213_20260915163035.csv,TIME_MACHINE
2020,범위확인필요,장사등에관한법률,2.0,2.0,,2011-2022,132_DT_13204_2011_N213_20260915163035.csv,TIME_MACHINE
2020,범위확인필요,장애인에대한강간·간음,66.0,64.0,,2011-2022,132_DT_13204_2011_N213_20260915163035.csv,TIME_MACHINE
2020,범위확인필요,장애인에대한강제추행·추행,42.0,44.0,,2011-2022,132_DT_13204_2011_N213_20260915163035.csv,TIME_MACHINE
2020,범위확인필요,재난및안전관리기본법,,1.0,,2011-2022,132_DT_13204_2011_N213_20260915163035.csv,TIME_MACHINE
2020,범위확인필요,저작권법,1738.0,899.0,,2011-2022,132_DT_13204_2011_N213_20260915163035.csv,TIME_MACHINE
2020,범위확인필요,전기통신기본법,386.0,392.0,,2011-2022,132_DT_13204_2011_N213_20260915163035.csv,TIME_MACHINE
2020,범위확인필요,전자금융거래법위반,1304.0,1122.0,,2011-2022,132_DT_13204_2011_N213_20260915163035.csv,TIME_MACHINE
2020,범위확인필요,전파법,1.0,2.0,,2011-2022,132_DT_13204_2011_N213_20260915163035.csv,TIME_MACHINE
2020,범위확인필요,절도,35248.0,17128.0,,2011-2022,132_DT_13204_2011_N213_20260915163035.csv,TIME_MACHINE
2020,범위확인필요,절도(상습),196.0,180.0,,2011-2022,132_DT_13204_2011_N213_20260915163035.csv,TIME_MACHINE
2020,범위확인필요,절도범죄,38293.0,19705.0,,2011-2022,132_DT_13204_2011_N213_20260915163035.csv,TIME_MACHINE
2020,범위확인필요,점유이탈물등횡령,12520.0,3799.0,,2011-2022,132_DT_13204_2011_N213_20260915163035.csv,TIME_MACHINE
2020,범위확인필요,정당법,2.0,2.0,,2011-2022,132_DT_13204_2011_N213_20260915163035.csv,TIME_MACHINE
2020,범위확인필요,정보통신망이용촉진및정보보호등에관한법률(음란물유포),233.0,109.0,,2011-2022,132_DT_13204_2011_N213_20260915163035.csv,TIME_MACHINE
2020,범위확인필요,정보통신망이용촉진및정보보호등에관한법률위반(개인정보누설등),3.0,1.0,,2011-2022,132_DT_13204_2011_N213_20260915163035.csv,TIME_MACHINE
2020,범위확인필요,정보통신망이용촉진및정보보호등에관한법률위반(기타),951.0,471.0,,2011-2022,132_DT_13204_2011_N213_20260915163035.csv,TIME_MACHINE
2020,범위확인필요,정보통신망이용촉진및정보보호등에관한법률위반(명예훼손),2894.0,1721.0,,2011-2022,132_DT_13204_2011_N213_20260915163035.csv,TIME_MACHINE
2020,범위확인필요,정보통신망이용촉진및정보보호등에관한법률위반(정보통신망침해등),848.0,128.0,,2011-2022,132_DT_13204_2011_N213_20260915163035.csv,TIME_MACHINE
2020,범위확인필요,정신건강복지법,1.0,,,2011-2022,132_DT_13204_2011_N213_20260915163035.csv,TIME_MACHINE
2020,범위확인필요,정치자금법,6.0,5.0,,2011-2022,132_DT_13204_2011_N213_20260915163035.csv,TIME_MACHINE
2020,범위확인필요,조세범처벌법,598.0,495.0,,2011-2022,132_DT_13204_2011_N213_20260915163035.csv,TIME_MACHINE
2020,범위확인필요,존속살해,7.0,6.0,,2011-2022,132_DT_13204_2011_N213_20260915163035.csv,TIME_MACHINE
2020,범위확인필요,존속상해,52.0,51.0,,2011-2022,132_DT_13204_2011_N213_20260915163035.csv,TIME_MACHINE
2020,범위확인필요,존속상해(상습),2.0,2.0,,2011-2022,132_DT_13204_2011_N213_20260915163035.csv,TIME_MACHINE
2020,범위확인필요,존속상해(중),1.0,1.0,,2011-2022,132_DT_13204_2011_N213_20260915163035.csv,TIME_MACHINE
2020,범위확인필요,존속상해(특수·특수중),10.0,9.0,,2011-2022,132_DT_13204_2011_N213_20260915163035.csv,TIME_MACHINE
2020,범위확인필요,존속상해치사,2.0,2.0,,2011-2022,132_DT_13204_2011_N213_20260915163035.csv,TIME_MACHINE
2020,범위확인필요,존속체포·감금,6.0,7.0,,2011-2022,132_DT_13204_2011_N213_20260915163035.csv,TIME_MACHINE
2020,범위확인필요,존속체포·감금치사상(중·특수·상습),1.0,1.0,,2011-2022,132_DT_13204_2011_N213_20260915163035.csv,TIME_MACHINE
2020,범위확인필요,존속폭행,401.0,386.0,,2011-2022,132_DT_13204_2011_N213_20260915163035.csv,TIME_MACHINE
2020,범위확인필요,존속폭행(상습),3.0,3.0,,2011-2022,132_DT_13204_2011_N213_20260915163035.csv,TIME_MACHINE
2020,범위확인필요,존속폭행(특수),9.0,7.0,,2011-2022,132_DT_13204_2011_N213_20260915163035.csv,TIME_MACHINE
2020,범위확인필요,존속폭행치사,1.0,1.0,,2011-2022,132_DT_13204_2011_N213_20260915163035.csv,TIME_MACHINE
2020,범위확인필요,존속폭행치상,6.0,6.0,,2011-2022,132_DT_13204_2011_N213_20260915163035.csv,TIME_MACHINE
2020,범위확인필요,존속협박,47.0,47.0,,2011-2022,132_DT_13204_2011_N213_20260915163035.csv,TIME_MACHINE
2020,범위확인필요,존속협박(특수),17.0,17.0,,2011-2022,132_DT_13204_2011_N213_20260915163035.csv,TIME_MACHINE
2020,범위확인필요,주거침입강간,25.0,22.0,,2011-2022,132_DT_13204_2011_N213_20260915163035.csv,TIME_MACHINE
2020,범위확인필요,주거침입강간등,8.0,7.0,,2011-2022,132_DT_13204_2011_N213_20260915163035.csv,TIME_MACHINE
2020,범위확인필요,주거침입강제추행,31.0,30.0,,2011-2022,132_DT_13204_2011_N213_20260915163035.csv,TIME_MACHINE
2020,범위확인필요,주거침입유사강간,2.0,2.0,,2011-2022,132_DT_13204_2011_N213_20260915163035.csv,TIME_MACHINE
2020,범위확인필요,주거침입의죄,4175.0,3206.0,,2011-2022,132_DT_13204_2011_N213_20260915163035.csv,TIME_MACHINE
2020,범위확인필요,주민등록법,393.0,272.0,,2011-2022,132_DT_13204_2011_N213_20260915163035.csv,TIME_MACHINE
2020,범위확인필요,주차장법,63.0,60.0,,2011-2022,132_DT_13204_2011_N213_20260915163035.csv,TIME_MACHINE
2020,범위확인필요,준강간,406.0,394.0,,2011-2022,132_DT_13204_2011_N213_20260915163035.csv,TIME_MACHINE
2020,범위확인필요,준강도,17.0,16.0,,2011-2022,132_DT_13204_2011_N213_20260915163035.csv,TIME_MACHINE
2020,범위확인필요,준강제추행,238.0,234.0,,2011-2022,132_DT_13204_2011_N213_20260915163035.csv,TIME_MACHINE
2020,범위확인필요,준사기,29.0,26.0,,2011-2022,132_DT_13204_2011_N213_20260915163035.csv,TIME_MACHINE
2020,범위확인필요,준유사강간,43.0,44.0,,2011-2022,132_DT_13204_2011_N213_20260915163035.csv,TIME_MACHINE
2020,범위확인필요,증수뢰,62.0,45.0,,2011-2022,132_DT_13204_2011_N213_20260915163035.csv,TIME_MACHINE
2020,범위확인필요,지능범죄,85991.0,48797.0,,2011-2022,132_DT_13204_2011_N213_20260915163035.csv,TIME_MACHINE
2020,범위확인필요,지방세법,16.0,12.0,,2011-2022,132_DT_13204_2011_N213_20260915163035.csv,TIME_MACHINE
2020,범위확인필요,직권남용,185.0,67.0,,2011-2022,132_DT_13204_2011_N213_20260915163035.csv,TIME_MACHINE
2020,범위확인필요,직권남용(권리행사방해·체포·감금),128.0,44.0,,2011-2022,132_DT_13204_2011_N213_20260915163035.csv,TIME_MACHINE
2020,범위확인필요,직무유기,174.0,48.0,,2011-2022,132_DT_13204_2011_N213_20260915163035.csv,TIME_MACHINE
2020,범위확인필요,직무유기·수행거부,172.0,48.0,,2011-2022,132_DT_13204_2011_N213_20260915163035.csv,TIME_MACHINE
2020,범위확인필요,직업안정법,37.0,32.0,,2011-2022,132_DT_13204_2011_N213_20260915163035.csv,TIME_MACHINE
2020,범위확인필요,집회및시위에관한법률,159.0,129.0,,2011-2022,132_DT_13204_2011_N213_20260915163035.csv,TIME_MACHINE
2020,범위확인필요,채무자회생및파산에관한법률위반,53.0,45.0,,2011-2022,132_DT_13204_2011_N213_20260915163035.csv,TIME_MACHINE
2020,범위확인필요,철도안전법,86.0,80.0,,2011-2022,132_DT_13204_2011_N213_20260915163035.csv,TIME_MACHINE
2020,범위확인필요,청소년보호법,1108.0,1089.0,,2011-2022,132_DT_13204_2011_N213_20260915163035.csv,TIME_MACHINE
2020,범위확인필요,청소년에대한강간·간음,89.0,86.0,,2011-2022,132_DT_13204_2011_N213_20260915163035.csv,TIME_MACHINE
2020,범위확인필요,청소년에대한강간등,26.0,28.0,,2011-2022,132_DT_13204_2011_N213_20260915163035.csv,TIME_MACHINE
2020,범위확인필요,청소년에대한강제추행·추행,129.0,120.0,,2011-2022,132_DT_13204_2011_N213_20260915163035.csv,TIME_MACHINE
2020,범위확인필요,체포·감금,217.0,195.0,,2011-2022,132_DT_13204_2011_N213_20260915163035.csv,TIME_MACHINE
2020,범위확인필요,체포·감금(중),6.0,6.0,,2011-2022,132_DT_13204_2011_N213_20260915163035.csv,TIME_MACHINE
2020,범위확인필요,체포·감금(특수·특수중),15.0,14.0,,2011-2022,132_DT_13204_2011_N213_20260915163035.csv,TIME_MACHINE
2020,범위확인필요,체포·감금치사상(중·특수·상습),9.0,7.0,,2011-2022,132_DT_13204_2011_N213_20260915163035.csv,TIME_MACHINE
2020,범위확인필요,총계,296178.0,219684.0,,2011-2022,132_DT_13204_2011_N213_20260915163035.csv,TIME_MACHINE
2020,범위확인필요,총포·도검·화약류등의안전관리에관한법률,128.0,146.0,,2011-2022,132_DT_13204_2011_N213_20260915163035.csv,TIME_MACHINE
2020,범위확인필요,축산물위생관리법,7.0,7.0,,2011-2022,132_DT_13204_2011_N213_20260915163035.csv,TIME_MACHINE
2020,범위확인필요,출입국관리법,300.0,208.0,,2011-2022,132_DT_13204_2011_N213_20260915163035.csv,TIME_MACHINE
2020,범위확인필요,친족관계에의한강간,13.0,11.0,,2011-2022,132_DT_13204_2011_N213_20260915163035.csv,TIME_MACHINE
2020,범위확인필요,친족관계에의한강제추행,32.0,31.0,,2011-2022,132_DT_13204_2011_N213_20260915163035.csv,TIME_MACHINE
2020,범위확인필요,컴퓨터등사용사기,1746.0,423.0,,2011-2022,132_DT_13204_2011_N213_20260915163035.csv,TIME_MACHINE
2020,범위확인필요,통신비밀보호법,62.0,51.0,,2011-2022,132_DT_13204_2011_N213_20260915163035.csv,TIME_MACHINE
2020,범위확인필요,통화,207.0,10.0,,2011-2022,132_DT_13204_2011_N213_20260915163035.csv,TIME_MACHINE
2020,범위확인필요,통화위조·변조,119.0,4.0,,2011-2022,132_DT_13204_2011_N213_20260915163035.csv,TIME_MACHINE
2020,범위확인필요,특가법(뇌물),11.0,5.0,,2011-2022,132_DT_13204_2011_N213_20260915163035.csv,TIME_MACHINE
2020,범위확인필요,특가법(도주차량),1043.0,988.0,,2011-2022,132_DT_13204_2011_N213_20260915163035.csv,TIME_MACHINE
2020,범위확인필요,특가법(무고),1.0,1.0,,2011-2022,132_DT_13204_2011_N213_20260915163035.csv,TIME_MACHINE
2020,범위확인필요,특가법(보복범죄등),17.0,15.0,,2011-2022,132_DT_13204_2011_N213_20260915163035.csv,TIME_MACHINE
2020,범위확인필요,특가법(보복상해등),6.0,5.0,,2011-2022,132_DT_13204_2011_N213_20260915163035.csv,TIME_MACHINE
2020,범위확인필요,특가법(보복폭행등),11.0,12.0,,2011-2022,132_DT_13204_2011_N213_20260915163035.csv,TIME_MACHINE
2020,범위확인필요,특가법(보복협박등),45.0,41.0,,2011-2022,132_DT_13204_2011_N213_20260915163035.csv,TIME_MACHINE
2020,범위확인필요,특가법(알선수재),6.0,6.0,,2011-2022,132_DT_13204_2011_N213_20260915163035.csv,TIME_MACHINE
2020,범위확인필요,특가법(어린이보호구역치사상),50.0,50.0,,2011-2022,132_DT_13204_2011_N213_20260915163035.csv,TIME_MACHINE
2020,범위확인필요,특가법(운전자폭행등),770.0,758.0,,2011-2022,132_DT_13204_2011_N213_20260915163035.csv,TIME_MACHINE
2020,범위확인필요,특가법(위험운전치사상),1332.0,1327.0,,2011-2022,132_DT_13204_2011_N213_20260915163035.csv,TIME_MACHINE
2020,범위확인필요,특가법(장물),1.0,1.0,,2011-2022,132_DT_13204_2011_N213_20260915163035.csv,TIME_MACHINE
2020,범위확인필요,특가법(절도),370.0,356.0,,2011-2022,132_DT_13204_2011_N213_20260915163035.csv,TIME_MACHINE
2020,범위확인필요,특가법(조세),90.0,68.0,,2011-2022,132_DT_13204_2011_N213_20260915163035.csv,TIME_MACHINE
2020,범위확인필요,특가법(직무유기),2.0,,,2011-2022,132_DT_13204_2011_N213_20260915163035.csv,TIME_MACHINE
2020,범위확인필요,"특가법(체포·감금,독직폭행·가혹행위)",3.0,2.0,,2011-2022,132_DT_13204_2011_N213_20260915163035.csv,TIME_MACHINE
2020,범위확인필요,특가법(통화위조),4.0,,,2011-2022,132_DT_13204_2011_N213_20260915163035.csv,TIME_MACHINE
2020,범위확인필요,특경법(공갈),7.0,4.0,,2011-2022,132_DT_13204_2011_N213_20260915163035.csv,TIME_MACHINE
2020,범위확인필요,특경법(배임),172.0,149.0,,2011-2022,132_DT_13204_2011_N213_20260915163035.csv,TIME_MACHINE
2020,범위확인필요,특경법(사금융알선등),3.0,3.0,,2011-2022,132_DT_13204_2011_N213_20260915163035.csv,TIME_MACHINE
2020,범위확인필요,특경법(사기),1083.0,762.0,,2011-2022,132_DT_13204_2011_N213_20260915163035.csv,TIME_MACHINE
2020,범위확인필요,특경법(수재등),6.0,6.0,,2011-2022,132_DT_13204_2011_N213_20260915163035.csv,TIME_MACHINE
2020,범위확인필요,특경법(알선수재),11.0,5.0,,2011-2022,132_DT_13204_2011_N213_20260915163035.csv,TIME_MACHINE
2020,범위확인필요,특경법(재산국외도피),1.0,1.0,,2011-2022,132_DT_13204_2011_N213_20260915163035.csv,TIME_MACHINE
2020,범위확인필요,특경법(증재등),1.0,1.0,,2011-2022,132_DT_13204_2011_N213_20260915163035.csv,TIME_MACHINE
2020,범위확인필요,특경법(횡령),263.0,216.0,,2011-2022,132_DT_13204_2011_N213_20260915163035.csv,TIME_MACHINE
2020,범위확인필요,특별경제범죄,11833.0,9738.0,,2011-2022,132_DT_13204_2011_N213_20260915163035.csv,TIME_MACHINE
2020,범위확인필요,특수강간(준),43.0,46.0,,2011-2022,132_DT_13204_2011_N213_20260915163035.csv,TIME_MACHINE
2020,범위확인필요,특수강도,68.0,64.0,,2011-2022,132_DT_13204_2011_N213_20260915163035.csv,TIME_MACHINE
2020,범위확인필요,특수강도강간,1.0,1.0,,2011-2022,132_DT_13204_2011_N213_20260915163035.csv,TIME_MACHINE
2020,범위확인필요,특수강도강간등,2.0,1.0,,2011-2022,132_DT_13204_2011_N213_20260915163035.csv,TIME_MACHINE
2020,범위확인필요,특수강도강제추행,2.0,2.0,,2011-2022,132_DT_13204_2011_N213_20260915163035.csv,TIME_MACHINE
2020,범위확인필요,특수강제추행(준),5.0,8.0,,2011-2022,132_DT_13204_2011_N213_20260915163035.csv,TIME_MACHINE
2020,범위확인필요,특수공갈,21.0,16.0,,2011-2022,132_DT_13204_2011_N213_20260915163035.csv,TIME_MACHINE
2020,범위확인필요,특수상해,10.0,9.0,,2011-2022,132_DT_13204_2011_N213_20260915163035.csv,TIME_MACHINE
2020,범위확인필요,특수상해(상습),1.0,1.0,,2011-2022,132_DT_13204_2011_N213_20260915163035.csv,TIME_MACHINE
2020,범위확인필요,특수절도,1541.0,1261.0,,2011-2022,132_DT_13204_2011_N213_20260915163035.csv,TIME_MACHINE
2020,범위확인필요,특수절도(상습),13.0,17.0,,2011-2022,132_DT_13204_2011_N213_20260915163035.csv,TIME_MACHINE
2020,범위확인필요,특수폭행,1447.0,1362.0,,2011-2022,132_DT_13204_2011_N213_20260915163035.csv,TIME_MACHINE
2020,범위확인필요,특수폭행(상습),1.0,1.0,,2011-2022,132_DT_13204_2011_N213_20260915163035.csv,TIME_MACHINE
2020,범위확인필요,특수폭행치상,31.0,28.0,,2011-2022,132_DT_13204_2011_N213_20260915163035.csv,TIME_MACHINE
2020,범위확인필요,특허법,54.0,43.0,,2011-2022,132_DT_13204_2011_N213_20260915163035.csv,TIME_MACHINE
2020,범위확인필요,편의시설부정이용,174.0,143.0,,2011-2022,132_DT_13204_2011_N213_20260915163035.csv,TIME_MACHINE
2020,범위확인필요,폐기물관리법,20.0,11.0,,2011-2022,132_DT_13204_2011_N213_20260915163035.csv,TIME_MACHINE
2020,범위확인필요,폭력범죄,48422.0,41199.0,,2011-2022,132_DT_13204_2011_N213_20260915163035.csv,TIME_MACHINE
2020,범위확인필요,폭력행위등,1187.0,1104.0,,2011-2022,132_DT_13204_2011_N213_20260915163035.csv,TIME_MACHINE
2020,범위확인필요,폭력행위등처벌에관한법률위반(공동),1119.0,1043.0,,2011-2022,132_DT_13204_2011_N213_20260915163035.csv,TIME_MACHINE
2020,범위확인필요,폭력행위등처벌에관한법률위반(기타),1.0,1.0,,2011-2022,132_DT_13204_2011_N213_20260915163035.csv,TIME_MACHINE
2020,범위확인필요,폭력행위등처벌에관한법률위반(단체등의[상습·공동·집단흉기등·상습집단흉기등]),16.0,12.0,,2011-2022,132_DT_13204_2011_N213_20260915163035.csv,TIME_MACHINE
2020,범위확인필요,폭력행위등처벌에관한법률위반(단체등의구성·활동),1.0,1.0,,2011-2022,132_DT_13204_2011_N213_20260915163035.csv,TIME_MACHINE
2020,범위확인필요,폭력행위등처벌에관한법률위반(상습),13.0,13.0,,2011-2022,132_DT_13204_2011_N213_20260915163035.csv,TIME_MACHINE
2020,범위확인필요,"폭력행위등처벌에관한법률위반(상습집단,흉기등)",1.0,1.0,,2011-2022,132_DT_13204_2011_N213_20260915163035.csv,TIME_MACHINE
2020,범위확인필요,폭력행위등처벌에관한법률위반(야간·공동),1.0,1.0,,2011-2022,132_DT_13204_2011_N213_20260915163035.csv,TIME_MACHINE
2020,범위확인필요,폭력행위등처벌에관한법률위반(야간집단흉기등),1.0,1.0,,2011-2022,132_DT_13204_2011_N213_20260915163035.csv,TIME_MACHINE
2020,범위확인필요,폭력행위등처벌에관한법률위반(우범자),20.0,18.0,,2011-2022,132_DT_13204_2011_N213_20260915163035.csv,TIME_MACHINE
2020,범위확인필요,"폭력행위등처벌에관한법률위반(집단,흉기등)",15.0,14.0,,2011-2022,132_DT_13204_2011_N213_20260915163035.csv,TIME_MACHINE
2020,범위확인필요,폭발성물건파열(과실),2.0,2.0,,2011-2022,132_DT_13204_2011_N213_20260915163035.csv,TIME_MACHINE
2020,범위확인필요,폭행,27806.0,26109.0,,2011-2022,132_DT_13204_2011_N213_20260915163035.csv,TIME_MACHINE
2020,범위확인필요,폭행(상습),24.0,24.0,,2011-2022,132_DT_13204_2011_N213_20260915163035.csv,TIME_MACHINE
2020,범위확인필요,폭행치사,9.0,8.0,,2011-2022,132_DT_13204_2011_N213_20260915163035.csv,TIME_MACHINE
2020,범위확인필요,폭행치상,342.0,338.0,,2011-2022,132_DT_13204_2011_N213_20260915163035.csv,TIME_MACHINE
2020,범위확인필요,풍속범죄,5022.0,4275.0,,2011-2022,132_DT_13204_2011_N213_20260915163035.csv,TIME_MACHINE
2020,범위확인필요,풍속영업의규제에관한법률,19.0,19.0,,2011-2022,132_DT_13204_2011_N213_20260915163035.csv,TIME_MACHINE
2020,범위확인필요,피의사실공표,2.0,1.0,,2011-2022,132_DT_13204_2011_N213_20260915163035.csv,TIME_MACHINE
2020,범위확인필요,하수도법,2.0,5.0,,2011-2022,132_DT_13204_2011_N213_20260915163035.csv,TIME_MACHINE
2020,범위확인필요,하천법,5.0,5.0,,2011-2022,132_DT_13204_2011_N213_20260915163035.csv,TIME_MACHINE
2020,범위확인필요,학원의설립·운영및과외교섭에관한법률,111.0,111.0,,2011-2022,132_DT_13204_2011_N213_20260915163035.csv,TIME_MACHINE
2020,범위확인필요,"허위감정,증거인멸·은닉,증인은닉죄",28.0,16.0,,2011-2022,132_DT_13204_2011_N213_20260915163035.csv,TIME_MACHINE
2020,범위확인필요,현주·공용건조물등방화,122.0,118.0,,2011-2022,132_DT_13204_2011_N213_20260915163035.csv,TIME_MACHINE
2020,범위확인필요,현주건조물등방화치사,1.0,1.0,,2011-2022,132_DT_13204_2011_N213_20260915163035.csv,TIME_MACHINE
2020,범위확인필요,현주건조물등방화치상,6.0,5.0,,2011-2022,132_DT_13204_2011_N213_20260915163035.csv,TIME_MACHINE
2020,범위확인필요,협박,3923.0,3590.0,,2011-2022,132_DT_13204_2011_N213_20260915163035.csv,TIME_MACHINE
2020,범위확인필요,협박(상습),3.0,3.0,,2011-2022,132_DT_13204_2011_N213_20260915163035.csv,TIME_MACHINE
2020,범위확인필요,협박(상습특수),1.0,1.0,,2011-2022,132_DT_13204_2011_N213_20260915163035.csv,TIME_MACHINE
2020,범위확인필요,협박(특수),1829.0,1798.0,,2011-2022,132_DT_13204_2011_N213_20260915163035.csv,TIME_MACHINE
2020,범위확인필요,형사소송법,5.0,4.0,,2011-2022,132_DT_13204_2011_N213_20260915163035.csv,TIME_MACHINE
2020,범위확인필요,혼인빙자간음(위계간음),1.0,1.0,,2011-2022,132_DT_13204_2011_N213_20260915163035.csv,TIME_MACHINE
2020,범위확인필요,화물자동차운수사업법,398.0,381.0,,2011-2022,132_DT_13204_2011_N213_20260915163035.csv,TIME_MACHINE
2020,범위확인필요,환경범죄,39.0,30.0,,2011-2022,132_DT_13204_2011_N213_20260915163035.csv,TIME_MACHINE
2020,범위확인필요,횡령,16207.0,6653.0,,2011-2022,132_DT_13204_2011_N213_20260915163035.csv,TIME_MACHINE
2021,범위확인필요,13세미만미성년자강간·간음,6.0,5.0,,2011-2022,132_DT_13204_2011_N213_20260915163035.csv,TIME_MACHINE
2021,범위확인필요,13세미만미성년자강제추행·추행,62.0,55.0,,2011-2022,132_DT_13204_2011_N213_20260915163035.csv,TIME_MACHINE
2021,범위확인필요,16세미만아동·청소년간음,6.0,4.0,,2011-2022,132_DT_13204_2011_N213_20260915163035.csv,TIME_MACHINE
2021,범위확인필요,16세미만아동·청소년추행,1.0,1.0,,2011-2022,132_DT_13204_2011_N213_20260915163035.csv,TIME_MACHINE
2021,범위확인필요,가스등공급사용방해(치사·상),1.0,,,2011-2022,132_DT_13204_2011_N213_20260915163035.csv,TIME_MACHINE
2021,범위확인필요,가스등방출(치사·상),2.0,2.0,,2011-2022,132_DT_13204_2011_N213_20260915163035.csv,TIME_MACHINE
2021,범위확인필요,가정폭력범죄의처벌등에관한특례법위반,224.0,221.0,,2011-2022,132_DT_13204_2011_N213_20260915163035.csv,TIME_MACHINE
2021,범위확인필요,감염병예방법,1831.0,1706.0,,2011-2022,132_DT_13204_2011_N213_20260915163035.csv,TIME_MACHINE
2021,범위확인필요,강간,1138.0,1044.0,,2011-2022,132_DT_13204_2011_N213_20260915163035.csv,TIME_MACHINE
2021,범위확인필요,강간등상해·치상,21.0,21.0,,2011-2022,132_DT_13204_2011_N213_20260915163035.csv,TIME_MACHINE
2021,범위확인필요,강간살인·치사,1.0,1.0,,2011-2022,132_DT_13204_2011_N213_20260915163035.csv,TIME_MACHINE
2021,범위확인필요,강간상해·치상,65.0,59.0,,2011-2022,132_DT_13204_2011_N213_20260915163035.csv,TIME_MACHINE
2021,범위확인필요,강도,122.0,116.0,,2011-2022,132_DT_13204_2011_N213_20260915163035.csv,TIME_MACHINE
2021,범위확인필요,강도강간,2.0,2.0,,2011-2022,132_DT_13204_2011_N213_20260915163035.csv,TIME_MACHINE
2021,범위확인필요,강도살인·치사,4.0,4.0,,2011-2022,132_DT_13204_2011_N213_20260915163035.csv,TIME_MACHINE
2021,범위확인필요,강도상해·치상,27.0,25.0,,2011-2022,132_DT_13204_2011_N213_20260915163035.csv,TIME_MACHINE
2021,범위확인필요,강력범죄,5344.0,4839.0,,2011-2022,132_DT_13204_2011_N213_20260915163035.csv,TIME_MACHINE
2021,범위확인필요,강제추행,3554.0,3188.0,,2011-2022,132_DT_13204_2011_N213_20260915163035.csv,TIME_MACHINE
2021,범위확인필요,강제추행(상습),8.0,8.0,,2011-2022,132_DT_13204_2011_N213_20260915163035.csv,TIME_MACHINE
2021,범위확인필요,강제추행상해·치상,25.0,26.0,,2011-2022,132_DT_13204_2011_N213_20260915163035.csv,TIME_MACHINE
2021,범위확인필요,개인정보보호법,521.0,402.0,,2011-2022,132_DT_13204_2011_N213_20260915163035.csv,TIME_MACHINE
2021,범위확인필요,건설산업기본법,114.0,101.0,,2011-2022,132_DT_13204_2011_N213_20260915163035.csv,TIME_MACHINE
2021,범위확인필요,건설폐기물의재활용촉진에관한법률,2.0,2.0,,2011-2022,132_DT_13204_2011_N213_20260915163035.csv,TIME_MACHINE
2021,범위확인필요,건축법,240.0,228.0,,2011-2022,132_DT_13204_2011_N213_20260915163035.csv,TIME_MACHINE
2021,범위확인필요,게임산업진흥에관한법률,248.0,235.0,,2011-2022,132_DT_13204_2011_N213_20260915163035.csv,TIME_MACHINE
2021,범위확인필요,경범죄처벌법,1888.0,1587.0,,2011-2022,132_DT_13204_2011_N213_20260915163035.csv,TIME_MACHINE
2021,범위확인필요,고압가스안전관리법,10.0,10.0,,2011-2022,132_DT_13204_2011_N213_20260915163035.csv,TIME_MACHINE
2021,범위확인필요,공갈,928.0,416.0,,2011-2022,132_DT_13204_2011_N213_20260915163035.csv,TIME_MACHINE
2021,범위확인필요,공갈(상습),4.0,3.0,,2011-2022,132_DT_13204_2011_N213_20260915163035.csv,TIME_MACHINE
2021,범위확인필요,공무방해에관한죄,1952.0,1916.0,,2011-2022,132_DT_13204_2011_N213_20260915163035.csv,TIME_MACHINE
2021,범위확인필요,공무상비밀누설,10.0,5.0,,2011-2022,132_DT_13204_2011_N213_20260915163035.csv,TIME_MACHINE
2021,범위확인필요,공문서위조·변조,301.0,206.0,,2011-2022,132_DT_13204_2011_N213_20260915163035.csv,TIME_MACHINE
2021,범위확인필요,공안을해하는죄,61.0,50.0,,2011-2022,132_DT_13204_2011_N213_20260915163035.csv,TIME_MACHINE
2021,범위확인필요,공연음란,566.0,436.0,,2011-2022,132_DT_13204_2011_N213_20260915163035.csv,TIME_MACHINE
2021,범위확인필요,공인등의위조·부정사용및행사,41.0,30.0,,2011-2022,132_DT_13204_2011_N213_20260915163035.csv,TIME_MACHINE
2021,범위확인필요,공인중개사법,127.0,113.0,,2011-2022,132_DT_13204_2011_N213_20260915163035.csv,TIME_MACHINE
2021,범위확인필요,공전자기록등위작·변작,9.0,3.0,,2011-2022,132_DT_13204_2011_N213_20260915163035.csv,TIME_MACHINE
2021,범위확인필요,공중밀집장소에서의추행,555.0,398.0,,2011-2022,132_DT_13204_2011_N213_20260915163035.csv,TIME_MACHINE
2021,범위확인필요,공중위생관리법,385.0,376.0,,2011-2022,132_DT_13204_2011_N213_20260915163035.csv,TIME_MACHINE
2021,범위확인필요,공직선거법,126.0,88.0,,2011-2022,132_DT_13204_2011_N213_20260915163035.csv,TIME_MACHINE
2021,범위확인필요,과실치사상의죄,963.0,837.0,,2011-2022,132_DT_13204_2011_N213_20260915163035.csv,TIME_MACHINE
2021,범위확인필요,관세법,1.0,,,2011-2022,132_DT_13204_2011_N213_20260915163035.csv,TIME_MACHINE
2021,범위확인필요,교육환경법,121.0,115.0,,2011-2022,132_DT_13204_2011_N213_20260915163035.csv,TIME_MACHINE
2021,범위확인필요,교통방해의죄,63.0,60.0,,2011-2022,132_DT_13204_2011_N213_20260915163035.csv,TIME_MACHINE
2021,범위확인필요,교통범죄,43243.0,42801.0,,2011-2022,132_DT_13204_2011_N213_20260915163035.csv,TIME_MACHINE
2021,범위확인필요,교통사고,31073.0,30212.0,,2011-2022,132_DT_13204_2011_N213_20260915163035.csv,TIME_MACHINE
2021,범위확인필요,교통사고외,12170.0,12589.0,,2011-2022,132_DT_13204_2011_N213_20260915163035.csv,TIME_MACHINE
2021,범위확인필요,교통사고처리특례법,25578.0,24954.0,,2011-2022,132_DT_13204_2011_N213_20260915163035.csv,TIME_MACHINE
2021,범위확인필요,국가보안법,33.0,12.0,,2011-2022,132_DT_13204_2011_N213_20260915163035.csv,TIME_MACHINE
2021,범위확인필요,국민건강보험법,60.0,41.0,,2011-2022,132_DT_13204_2011_N213_20260915163035.csv,TIME_MACHINE
2021,범위확인필요,국민연금법,18.0,14.0,,2011-2022,132_DT_13204_2011_N213_20260915163035.csv,TIME_MACHINE
2021,범위확인필요,국토의계획및이용에관한법률,12.0,11.0,,2011-2022,132_DT_13204_2011_N213_20260915163035.csv,TIME_MACHINE
2021,범위확인필요,권리행사를방해하는죄,804.0,575.0,,2011-2022,132_DT_13204_2011_N213_20260915163035.csv,TIME_MACHINE
2021,범위확인필요,근로기준법,6.0,3.0,,2011-2022,132_DT_13204_2011_N213_20260915163035.csv,TIME_MACHINE
2021,범위확인필요,기타,1756.0,1549.0,,2011-2022,132_DT_13204_2011_N213_20260915163035.csv,TIME_MACHINE
2021,범위확인필요,기타 강간·강제추행 등,40.0,41.0,,2011-2022,132_DT_13204_2011_N213_20260915163035.csv,TIME_MACHINE
2021,범위확인필요,기타경제범죄,288.0,255.0,,2011-2022,132_DT_13204_2011_N213_20260915163035.csv,TIME_MACHINE
2021,범위확인필요,기타노동범죄,41.0,42.0,,2011-2022,132_DT_13204_2011_N213_20260915163035.csv,TIME_MACHINE
2021,범위확인필요,기타도박범죄,235.0,262.0,,2011-2022,132_DT_13204_2011_N213_20260915163035.csv,TIME_MACHINE
2021,범위확인필요,기타범죄,43935.0,34336.0,,2011-2022,132_DT_13204_2011_N213_20260915163035.csv,TIME_MACHINE
2021,범위확인필요,기타병역범죄,1.0,1.0,,2011-2022,132_DT_13204_2011_N213_20260915163035.csv,TIME_MACHINE
2021,범위확인필요,기타보건범죄,252.0,248.0,,2011-2022,132_DT_13204_2011_N213_20260915163035.csv,TIME_MACHINE
2021,범위확인필요,기타선거범죄,3.0,,,2011-2022,132_DT_13204_2011_N213_20260915163035.csv,TIME_MACHINE
2021,범위확인필요,기타안보범죄,9.0,8.0,,2011-2022,132_DT_13204_2011_N213_20260915163035.csv,TIME_MACHINE
2021,범위확인필요,기타통화에관한죄,39.0,7.0,,2011-2022,132_DT_13204_2011_N213_20260915163035.csv,TIME_MACHINE
2021,범위확인필요,기타환경범죄,8.0,6.0,,2011-2022,132_DT_13204_2011_N213_20260915163035.csv,TIME_MACHINE
2021,범위확인필요,노동범죄,79.0,74.0,,2011-2022,132_DT_13204_2011_N213_20260915163035.csv,TIME_MACHINE
2021,범위확인필요,농수산물유통및가격안정에관한법률,2.0,2.0,,2011-2022,132_DT_13204_2011_N213_20260915163035.csv,TIME_MACHINE
2021,범위확인필요,농지법,2.0,15.0,,2011-2022,132_DT_13204_2011_N213_20260915163035.csv,TIME_MACHINE
2021,범위확인필요,뇌물공여등,7.0,5.0,,2011-2022,132_DT_13204_2011_N213_20260915163035.csv,TIME_MACHINE
2021,범위확인필요,뇌물수수등,13.0,14.0,,2011-2022,132_DT_13204_2011_N213_20260915163035.csv,TIME_MACHINE
2021,범위확인필요,담배사업법,22.0,20.0,,2011-2022,132_DT_13204_2011_N213_20260915163035.csv,TIME_MACHINE
2021,범위확인필요,대기환경보전법,8.0,7.0,,2011-2022,132_DT_13204_2011_N213_20260915163035.csv,TIME_MACHINE
2021,범위확인필요,대부업의등록및금융이용자보호에관한법률,161.0,116.0,,2011-2022,132_DT_13204_2011_N213_20260915163035.csv,TIME_MACHINE
2021,범위확인필요,도로교통법,2597.0,2573.0,,2011-2022,132_DT_13204_2011_N213_20260915163035.csv,TIME_MACHINE
2021,범위확인필요,도로교통법(공동위험행위),4.0,3.0,,2011-2022,132_DT_13204_2011_N213_20260915163035.csv,TIME_MACHINE
2021,범위확인필요,도로교통법(무면허운전),2598.0,2598.0,,2011-2022,132_DT_13204_2011_N213_20260915163035.csv,TIME_MACHINE
2021,범위확인필요,도로교통법(사고후미조치),839.0,672.0,,2011-2022,132_DT_13204_2011_N213_20260915163035.csv,TIME_MACHINE
2021,범위확인필요,도로교통법(음주운전),9067.0,9373.0,,2011-2022,132_DT_13204_2011_N213_20260915163035.csv,TIME_MACHINE
2021,범위확인필요,도로교통법(음주측정거부),295.0,297.0,,2011-2022,132_DT_13204_2011_N213_20260915163035.csv,TIME_MACHINE
2021,범위확인필요,도로법,143.0,258.0,,2011-2022,132_DT_13204_2011_N213_20260915163035.csv,TIME_MACHINE
2021,범위확인필요,도박,568.0,576.0,,2011-2022,132_DT_13204_2011_N213_20260915163035.csv,TIME_MACHINE
2021,범위확인필요,도박(상습),5.0,4.0,,2011-2022,132_DT_13204_2011_N213_20260915163035.csv,TIME_MACHINE
2021,범위확인필요,도박개장,188.0,101.0,,2011-2022,132_DT_13204_2011_N213_20260915163035.csv,TIME_MACHINE
2021,범위확인필요,도박범죄,998.0,946.0,,2011-2022,132_DT_13204_2011_N213_20260915163035.csv,TIME_MACHINE
2021,범위확인필요,도시가스사업법,11.0,8.0,,2011-2022,132_DT_13204_2011_N213_20260915163035.csv,TIME_MACHINE
2021,범위확인필요,도시공원및녹지등에관한법률,16.0,14.0,,2011-2022,132_DT_13204_2011_N213_20260915163035.csv,TIME_MACHINE
2021,범위확인필요,도주와도주원조죄,4.0,4.0,,2011-2022,132_DT_13204_2011_N213_20260915163035.csv,TIME_MACHINE
2021,범위확인필요,독직폭행·가혹행위,49.0,17.0,,2011-2022,132_DT_13204_2011_N213_20260915163035.csv,TIME_MACHINE
2021,범위확인필요,동물보호법,148.0,94.0,,2011-2022,132_DT_13204_2011_N213_20260915163035.csv,TIME_MACHINE
2021,범위확인필요,디자인보호법,37.0,26.0,,2011-2022,132_DT_13204_2011_N213_20260915163035.csv,TIME_MACHINE
2021,범위확인필요,마약류관리에관한법률(대마),564.0,314.0,,2011-2022,132_DT_13204_2011_N213_20260915163035.csv,TIME_MACHINE
2021,범위확인필요,마약류관리에관한법률(마약),93.0,80.0,,2011-2022,132_DT_13204_2011_N213_20260915163035.csv,TIME_MACHINE
2021,범위확인필요,마약류관리에관한법률(향정),1523.0,1137.0,,2011-2022,132_DT_13204_2011_N213_20260915163035.csv,TIME_MACHINE
2021,범위확인필요,마약류불법거래방지에관한특례법,2.0,,,2011-2022,132_DT_13204_2011_N213_20260915163035.csv,TIME_MACHINE
2021,범위확인필요,마약범죄,2183.0,1532.0,,2011-2022,132_DT_13204_2011_N213_20260915163035.csv,TIME_MACHINE
2021,범위확인필요,명예에관한죄,7711.0,4739.0,,2011-2022,132_DT_13204_2011_N213_20260915163035.csv,TIME_MACHINE
2021,범위확인필요,무고의죄,1057.0,817.0,,2011-2022,132_DT_13204_2011_N213_20260915163035.csv,TIME_MACHINE
2021,범위확인필요,문서·인장,1997.0,1333.0,,2011-2022,132_DT_13204_2011_N213_20260915163035.csv,TIME_MACHINE
2021,범위확인필요,문화재보호법,21.0,20.0,,2011-2022,132_DT_13204_2011_N213_20260915163035.csv,TIME_MACHINE
2021,범위확인필요,미성년자간음(심신미약자),6.0,4.0,,2011-2022,132_DT_13204_2011_N213_20260915163035.csv,TIME_MACHINE
2021,범위확인필요,미성년자의제강간,47.0,44.0,,2011-2022,132_DT_13204_2011_N213_20260915163035.csv,TIME_MACHINE
2021,범위확인필요,미성년자의제강제추행,5.0,4.0,,2011-2022,132_DT_13204_2011_N213_20260915163035.csv,TIME_MACHINE
2021,범위확인필요,미성년자의제유사강간,3.0,3.0,,2011-2022,132_DT_13204_2011_N213_20260915163035.csv,TIME_MACHINE
2021,범위확인필요,방문판매등에관한법률,20.0,21.0,,2011-2022,132_DT_13204_2011_N213_20260915163035.csv,TIME_MACHINE
2021,범위확인필요,방화,186.0,164.0,,2011-2022,132_DT_13204_2011_N213_20260915163035.csv,TIME_MACHINE
2021,범위확인필요,방화연소,4.0,3.0,,2011-2022,132_DT_13204_2011_N213_20260915163035.csv,TIME_MACHINE
2021,범위확인필요,배임,751.0,624.0,,2011-2022,132_DT_13204_2011_N213_20260915163035.csv,TIME_MACHINE
2021,범위확인필요,배임수재,10.0,7.0,,2011-2022,132_DT_13204_2011_N213_20260915163035.csv,TIME_MACHINE
2021,범위확인필요,배임증재,2.0,2.0,,2011-2022,132_DT_13204_2011_N213_20260915163035.csv,TIME_MACHINE
2021,범위확인필요,범인은닉·범인도피죄,18.0,15.0,,2011-2022,132_DT_13204_2011_N213_20260915163035.csv,TIME_MACHINE
2021,범위확인필요,변호사법,76.0,59.0,,2011-2022,132_DT_13204_2011_N213_20260915163035.csv,TIME_MACHINE
2021,범위확인필요,병역범죄,318.0,229.0,,2011-2022,132_DT_13204_2011_N213_20260915163035.csv,TIME_MACHINE
2021,범위확인필요,병역법,289.0,192.0,,2011-2022,132_DT_13204_2011_N213_20260915163035.csv,TIME_MACHINE
2021,범위확인필요,보건범죄,4275.0,4043.0,,2011-2022,132_DT_13204_2011_N213_20260915163035.csv,TIME_MACHINE
2021,범위확인필요,보건범죄특조법(부정식품),1.0,1.0,,2011-2022,132_DT_13204_2011_N213_20260915163035.csv,TIME_MACHINE
2021,범위확인필요,보건범죄특조법(부정의료업자),21.0,15.0,,2011-2022,132_DT_13204_2011_N213_20260915163035.csv,TIME_MACHINE
2021,범위확인필요,보건범죄특조법(부정의약품),1.0,1.0,,2011-2022,132_DT_13204_2011_N213_20260915163035.csv,TIME_MACHINE
2021,범위확인필요,보험사기방지특별법위반,491.0,399.0,,2011-2022,132_DT_13204_2011_N213_20260915163035.csv,TIME_MACHINE
2021,범위확인필요,복표발매(중개·취득),2.0,3.0,,2011-2022,132_DT_13204_2011_N213_20260915163035.csv,TIME_MACHINE
2021,범위확인필요,부당이득,5.0,3.0,,2011-2022,132_DT_13204_2011_N213_20260915163035.csv,TIME_MACHINE
2021,범위확인필요,부정경쟁방지및영업비밀보호에관한법률,149.0,116.0,,2011-2022,132_DT_13204_2011_N213_20260915163035.csv,TIME_MACHINE
2021,범위확인필요,부정수표단속법,218.0,89.0,,2011-2022,132_DT_13204_2011_N213_20260915163035.csv,TIME_MACHINE
2021,범위확인필요,부정청탁금지법,23.0,21.0,,2011-2022,132_DT_13204_2011_N213_20260915163035.csv,TIME_MACHINE
2021,범위확인필요,부패방지법,1.0,,,2011-2022,132_DT_13204_2011_N213_20260915163035.csv,TIME_MACHINE
2021,범위확인필요,불법사용,62.0,48.0,,2011-2022,132_DT_13204_2011_N213_20260915163035.csv,TIME_MACHINE
2021,범위확인필요,불법사용(상습),1.0,1.0,,2011-2022,132_DT_13204_2011_N213_20260915163035.csv,TIME_MACHINE
2021,범위확인필요,비밀침해죄,29.0,19.0,,2011-2022,132_DT_13204_2011_N213_20260915163035.csv,TIME_MACHINE
2021,범위확인필요,사격장안전법,1.0,1.0,,2011-2022,132_DT_13204_2011_N213_20260915163035.csv,TIME_MACHINE
2021,범위확인필요,사기,51661.0,28534.0,,2011-2022,132_DT_13204_2011_N213_20260915163035.csv,TIME_MACHINE
2021,범위확인필요,사기(상습),72.0,103.0,,2011-2022,132_DT_13204_2011_N213_20260915163035.csv,TIME_MACHINE
2021,범위확인필요,사문서위조·변조,1401.0,1006.0,,2011-2022,132_DT_13204_2011_N213_20260915163035.csv,TIME_MACHINE
2021,범위확인필요,사인등의위조·부정사용및행사,31.0,26.0,,2011-2022,132_DT_13204_2011_N213_20260915163035.csv,TIME_MACHINE
2021,범위확인필요,사전자기록등위작·변작,214.0,62.0,,2011-2022,132_DT_13204_2011_N213_20260915163035.csv,TIME_MACHINE
2021,범위확인필요,산림법,8.0,5.0,,2011-2022,132_DT_13204_2011_N213_20260915163035.csv,TIME_MACHINE
2021,범위확인필요,산업안전보건법,6.0,6.0,,2011-2022,132_DT_13204_2011_N213_20260915163035.csv,TIME_MACHINE
2021,범위확인필요,살인,35.0,29.0,,2011-2022,132_DT_13204_2011_N213_20260915163035.csv,TIME_MACHINE
2021,범위확인필요,살인기수,48.0,41.0,,2011-2022,132_DT_13204_2011_N213_20260915163035.csv,TIME_MACHINE
2021,범위확인필요,살인미수등,77.0,72.0,,2011-2022,132_DT_13204_2011_N213_20260915163035.csv,TIME_MACHINE
2021,범위확인필요,상표법,708.0,634.0,,2011-2022,132_DT_13204_2011_N213_20260915163035.csv,TIME_MACHINE
2021,범위확인필요,상해,3155.0,3012.0,,2011-2022,132_DT_13204_2011_N213_20260915163035.csv,TIME_MACHINE
2021,범위확인필요,상해(상습),6.0,6.0,,2011-2022,132_DT_13204_2011_N213_20260915163035.csv,TIME_MACHINE
2021,범위확인필요,상해(중),12.0,10.0,,2011-2022,132_DT_13204_2011_N213_20260915163035.csv,TIME_MACHINE
2021,범위확인필요,상해치사,8.0,7.0,,2011-2022,132_DT_13204_2011_N213_20260915163035.csv,TIME_MACHINE
2021,범위확인필요,생명윤리및안전에관한법률,1.0,,,2011-2022,132_DT_13204_2011_N213_20260915163035.csv,TIME_MACHINE
2021,범위확인필요,석유및석유대체연료사업법,6.0,7.0,,2011-2022,132_DT_13204_2011_N213_20260915163035.csv,TIME_MACHINE
2021,범위확인필요,선거방해,1.0,1.0,,2011-2022,132_DT_13204_2011_N213_20260915163035.csv,TIME_MACHINE
2021,범위확인필요,선거범죄,134.0,91.0,,2011-2022,132_DT_13204_2011_N213_20260915163035.csv,TIME_MACHINE
2021,범위확인필요,성매매방지및피해자보호등에관한법률위반,1.0,1.0,,2011-2022,132_DT_13204_2011_N213_20260915163035.csv,TIME_MACHINE
2021,범위확인필요,성매매알선등행위의처벌에관한법률위반(기타),148.0,146.0,,2011-2022,132_DT_13204_2011_N213_20260915163035.csv,TIME_MACHINE
2021,범위확인필요,성매매알선등행위의처벌에관한법률위반(성매매),275.0,135.0,,2011-2022,132_DT_13204_2011_N213_20260915163035.csv,TIME_MACHINE
2021,범위확인필요,성매매알선등행위의처벌에관한법률위반(성매매강요등),2.0,2.0,,2011-2022,132_DT_13204_2011_N213_20260915163035.csv,TIME_MACHINE
2021,범위확인필요,성매매알선등행위의처벌에관한법률위반(성매매광고),15.0,9.0,,2011-2022,132_DT_13204_2011_N213_20260915163035.csv,TIME_MACHINE
2021,범위확인필요,성매매알선등행위의처벌에관한법률위반(성매매알선등),133.0,121.0,,2011-2022,132_DT_13204_2011_N213_20260915163035.csv,TIME_MACHINE
2021,범위확인필요,성폭력범죄의처벌등에관한특례법(성적목적다중이용장소침입),152.0,138.0,,2011-2022,132_DT_13204_2011_N213_20260915163035.csv,TIME_MACHINE
2021,범위확인필요,"성폭력범죄의처벌등에관한특례법(촬영물등이용협박,강요등)",105.0,64.0,,2011-2022,132_DT_13204_2011_N213_20260915163035.csv,TIME_MACHINE
2021,범위확인필요,"성폭력범죄의처벌등에관한특례법(카메라등이용촬영,반포등)",1632.0,1340.0,,2011-2022,132_DT_13204_2011_N213_20260915163035.csv,TIME_MACHINE
2021,범위확인필요,성폭력범죄의처벌등에관한특례법(통신매체이용음란),1323.0,908.0,,2011-2022,132_DT_13204_2011_N213_20260915163035.csv,TIME_MACHINE
2021,범위확인필요,"성폭력범죄의처벌등에관한특례법(허위영상물편집,반포등)",55.0,23.0,,2011-2022,132_DT_13204_2011_N213_20260915163035.csv,TIME_MACHINE
2021,범위확인필요,성폭력범죄의처벌등에관한특례법위반(기타),1150.0,1065.0,,2011-2022,132_DT_13204_2011_N213_20260915163035.csv,TIME_MACHINE
2021,범위확인필요,성풍속범죄,4387.0,3279.0,,2011-2022,132_DT_13204_2011_N213_20260915163035.csv,TIME_MACHINE
2021,범위확인필요,소방기본법,1.0,1.0,,2011-2022,132_DT_13204_2011_N213_20260915163035.csv,TIME_MACHINE
2021,범위확인필요,손괴,9367.0,5579.0,,2011-2022,132_DT_13204_2011_N213_20260915163035.csv,TIME_MACHINE
2021,범위확인필요,손괴의죄,9367.0,5579.0,,2011-2022,132_DT_13204_2011_N213_20260915163035.csv,TIME_MACHINE
2021,범위확인필요,수도법,18.0,18.0,,2011-2022,132_DT_13204_2011_N213_20260915163035.csv,TIME_MACHINE
2021,범위확인필요,스토킹처벌법,247.0,203.0,,2011-2022,132_DT_13204_2011_N213_20260915163035.csv,TIME_MACHINE
2021,범위확인필요,식품위생법,903.0,892.0,,2011-2022,132_DT_13204_2011_N213_20260915163035.csv,TIME_MACHINE
2021,범위확인필요,신앙에관한죄,16.0,14.0,,2011-2022,132_DT_13204_2011_N213_20260915163035.csv,TIME_MACHINE
2021,범위확인필요,"신용,업무와경매에관한죄",3766.0,3458.0,,2011-2022,132_DT_13204_2011_N213_20260915163035.csv,TIME_MACHINE
2021,범위확인필요,신용정보의이용및보호에관한법률,8.0,8.0,,2011-2022,132_DT_13204_2011_N213_20260915163035.csv,TIME_MACHINE
2021,범위확인필요,실용신안법,5.0,3.0,,2011-2022,132_DT_13204_2011_N213_20260915163035.csv,TIME_MACHINE
2021,범위확인필요,실화및업무상실화죄,388.0,252.0,,2011-2022,132_DT_13204_2011_N213_20260915163035.csv,TIME_MACHINE
2021,범위확인필요,아동·청소년의성보호에관한법률위반(강요행위등),4.0,2.0,,2011-2022,132_DT_13204_2011_N213_20260915163035.csv,TIME_MACHINE
2021,범위확인필요,아동·청소년의성보호에관한법률위반(기타),86.0,65.0,,2011-2022,132_DT_13204_2011_N213_20260915163035.csv,TIME_MACHINE
2021,범위확인필요,아동·청소년의성보호에관한법률위반(매매),2.0,2.0,,2011-2022,132_DT_13204_2011_N213_20260915163035.csv,TIME_MACHINE
2021,범위확인필요,아동·청소년의성보호에관한법률위반(성매수등),25.0,23.0,,2011-2022,132_DT_13204_2011_N213_20260915163035.csv,TIME_MACHINE
2021,범위확인필요,아동·청소년의성보호에관한법률위반(아동·청소년성착취물소지·제작·배포등),344.0,280.0,,2011-2022,132_DT_13204_2011_N213_20260915163035.csv,TIME_MACHINE
2021,범위확인필요,아동·청소년의성보호에관한법률위반(알선영업행위등),7.0,7.0,,2011-2022,132_DT_13204_2011_N213_20260915163035.csv,TIME_MACHINE
2021,범위확인필요,아동복지법위반(기타),1161.0,1123.0,,2011-2022,132_DT_13204_2011_N213_20260915163035.csv,TIME_MACHINE
2021,범위확인필요,아동복지법위반(유기·학대 등),986.0,954.0,,2011-2022,132_DT_13204_2011_N213_20260915163035.csv,TIME_MACHINE
2021,범위확인필요,아동학대처벌법(아동학대살해),1.0,1.0,,2011-2022,132_DT_13204_2011_N213_20260915163035.csv,TIME_MACHINE
2021,범위확인필요,아동학대처벌법위반(기타),22.0,19.0,,2011-2022,132_DT_13204_2011_N213_20260915163035.csv,TIME_MACHINE
2021,범위확인필요,아동학대처벌법위반(상습폭행),2.0,2.0,,2011-2022,132_DT_13204_2011_N213_20260915163035.csv,TIME_MACHINE
2021,범위확인필요,아동학대처벌법위반(아동복지시설 종사자 등의 아동학대 가중처벌),88.0,79.0,,2011-2022,132_DT_13204_2011_N213_20260915163035.csv,TIME_MACHINE
2021,범위확인필요,아동학대처벌법위반(업무수행 방해 등),1.0,1.0,,2011-2022,132_DT_13204_2011_N213_20260915163035.csv,TIME_MACHINE
2021,범위확인필요,아동학대처벌법위반(유기·학대 등),2.0,2.0,,2011-2022,132_DT_13204_2011_N213_20260915163035.csv,TIME_MACHINE
2021,범위확인필요,아동학대처벌법위반(처분 불이행 등),21.0,20.0,,2011-2022,132_DT_13204_2011_N213_20260915163035.csv,TIME_MACHINE
2021,범위확인필요,안보범죄,103.0,70.0,,2011-2022,132_DT_13204_2011_N213_20260915163035.csv,TIME_MACHINE
2021,범위확인필요,액화석유가스의안전및사업관리법,6.0,6.0,,2011-2022,132_DT_13204_2011_N213_20260915163035.csv,TIME_MACHINE
2021,범위확인필요,야간주거침입절도,753.0,559.0,,2011-2022,132_DT_13204_2011_N213_20260915163035.csv,TIME_MACHINE
2021,범위확인필요,야간주거침입절도(상습),3.0,2.0,,2011-2022,132_DT_13204_2011_N213_20260915163035.csv,TIME_MACHINE
2021,범위확인필요,야생생물보호및관리에관한법률위반,5.0,2.0,,2011-2022,132_DT_13204_2011_N213_20260915163035.csv,TIME_MACHINE
2021,범위확인필요,약사법,200.0,181.0,,2011-2022,132_DT_13204_2011_N213_20260915163035.csv,TIME_MACHINE
2021,범위확인필요,약취·유인,55.0,42.0,,2011-2022,132_DT_13204_2011_N213_20260915163035.csv,TIME_MACHINE
2021,범위확인필요,약취·유인(미성년자),45.0,33.0,,2011-2022,132_DT_13204_2011_N213_20260915163035.csv,TIME_MACHINE
2021,범위확인필요,약취·유인(추행·간음·결혼·영리),10.0,9.0,,2011-2022,132_DT_13204_2011_N213_20260915163035.csv,TIME_MACHINE
2021,범위확인필요,업무상배임,442.0,371.0,,2011-2022,132_DT_13204_2011_N213_20260915163035.csv,TIME_MACHINE
2021,범위확인필요,업무상위력등에의한추행,101.0,95.0,,2011-2022,132_DT_13204_2011_N213_20260915163035.csv,TIME_MACHINE
2021,범위확인필요,업무상위력에의한간음,8.0,8.0,,2011-2022,132_DT_13204_2011_N213_20260915163035.csv,TIME_MACHINE
2021,범위확인필요,업무상횡령,1014.0,854.0,,2011-2022,132_DT_13204_2011_N213_20260915163035.csv,TIME_MACHINE
2021,범위확인필요,여객자동차운수사업법,42.0,27.0,,2011-2022,132_DT_13204_2011_N213_20260915163035.csv,TIME_MACHINE
2021,범위확인필요,여권법,3.0,1.0,,2011-2022,132_DT_13204_2011_N213_20260915163035.csv,TIME_MACHINE
2021,범위확인필요,여신전문금융업법위반,311.0,163.0,,2011-2022,132_DT_13204_2011_N213_20260915163035.csv,TIME_MACHINE
2021,범위확인필요,영화및비디오물의진흥에관한법률,14.0,14.0,,2011-2022,132_DT_13204_2011_N213_20260915163035.csv,TIME_MACHINE
2021,범위확인필요,예비군법위반,28.0,36.0,,2011-2022,132_DT_13204_2011_N213_20260915163035.csv,TIME_MACHINE
2021,범위확인필요,옥외광고물법위반,24.0,19.0,,2011-2022,132_DT_13204_2011_N213_20260915163035.csv,TIME_MACHINE
2021,범위확인필요,외국환거래법,45.0,31.0,,2011-2022,132_DT_13204_2011_N213_20260915163035.csv,TIME_MACHINE
2021,범위확인필요,위증죄,365.0,272.0,,2011-2022,132_DT_13204_2011_N213_20260915163035.csv,TIME_MACHINE
2021,범위확인필요,위치정보의보호및이용등에관한법률,29.0,27.0,,2011-2022,132_DT_13204_2011_N213_20260915163035.csv,TIME_MACHINE
2021,범위확인필요,유가증권위조·변조,27.0,13.0,,2011-2022,132_DT_13204_2011_N213_20260915163035.csv,TIME_MACHINE
2021,범위확인필요,유가증권인지,27.0,13.0,,2011-2022,132_DT_13204_2011_N213_20260915163035.csv,TIME_MACHINE
2021,범위확인필요,유기와학대의죄,94.0,24.0,,2011-2022,132_DT_13204_2011_N213_20260915163035.csv,TIME_MACHINE
2021,범위확인필요,유사강간,179.0,173.0,,2011-2022,132_DT_13204_2011_N213_20260915163035.csv,TIME_MACHINE
2021,범위확인필요,유사강간상해·치상,4.0,4.0,,2011-2022,132_DT_13204_2011_N213_20260915163035.csv,TIME_MACHINE
2021,범위확인필요,유사성행위,13.0,14.0,,2011-2022,132_DT_13204_2011_N213_20260915163035.csv,TIME_MACHINE
2021,범위확인필요,유사수신행위의규제에관한법률,226.0,171.0,,2011-2022,132_DT_13204_2011_N213_20260915163035.csv,TIME_MACHINE
2021,범위확인필요,음악산업진흥에관한법률,1071.0,1055.0,,2011-2022,132_DT_13204_2011_N213_20260915163035.csv,TIME_MACHINE
2021,범위확인필요,음용수에관한죄,3.0,2.0,,2011-2022,132_DT_13204_2011_N213_20260915163035.csv,TIME_MACHINE
2021,범위확인필요,음행매개,4.0,3.0,,2011-2022,132_DT_13204_2011_N213_20260915163035.csv,TIME_MACHINE
2021,범위확인필요,"음화등반포(판매,임대,전시,제조)",1.0,1.0,,2011-2022,132_DT_13204_2011_N213_20260915163035.csv,TIME_MACHINE
2021,범위확인필요,의료법,678.0,621.0,,2011-2022,132_DT_13204_2011_N213_20260915163035.csv,TIME_MACHINE
2021,범위확인필요,인질강요·살해·상해,2.0,,,2011-2022,132_DT_13204_2011_N213_20260915163035.csv,TIME_MACHINE
2021,범위확인필요,일반건조물등방화,57.0,47.0,,2011-2022,132_DT_13204_2011_N213_20260915163035.csv,TIME_MACHINE
2021,범위확인필요,자기소유건조물등방화,7.0,6.0,,2011-2022,132_DT_13204_2011_N213_20260915163035.csv,TIME_MACHINE
2021,범위확인필요,자동차관리법,6290.0,5935.0,,2011-2022,132_DT_13204_2011_N213_20260915163035.csv,TIME_MACHINE
2021,범위확인필요,자동차방화,2.0,2.0,,2011-2022,132_DT_13204_2011_N213_20260915163035.csv,TIME_MACHINE
2021,범위확인필요,자동차손해배상보장법,437.0,411.0,,2011-2022,132_DT_13204_2011_N213_20260915163035.csv,TIME_MACHINE
2021,범위확인필요,자살교사·방조,4.0,3.0,,2011-2022,132_DT_13204_2011_N213_20260915163035.csv,TIME_MACHINE
2021,범위확인필요,자연공원법,3.0,3.0,,2011-2022,132_DT_13204_2011_N213_20260915163035.csv,TIME_MACHINE
2021,범위확인필요,장물에관한죄,37.0,25.0,,2011-2022,132_DT_13204_2011_N213_20260915163035.csv,TIME_MACHINE
2021,범위확인필요,장사등에관한법률,,1.0,,2011-2022,132_DT_13204_2011_N213_20260915163035.csv,TIME_MACHINE
2021,범위확인필요,장애인에대한강간·간음,37.0,31.0,,2011-2022,132_DT_13204_2011_N213_20260915163035.csv,TIME_MACHINE
2021,범위확인필요,장애인에대한강제추행·추행,50.0,45.0,,2011-2022,132_DT_13204_2011_N213_20260915163035.csv,TIME_MACHINE
2021,범위확인필요,재난및안전관리기본법,1.0,,,2011-2022,132_DT_13204_2011_N213_20260915163035.csv,TIME_MACHINE
2021,범위확인필요,저작권법,1688.0,761.0,,2011-2022,132_DT_13204_2011_N213_20260915163035.csv,TIME_MACHINE
2021,범위확인필요,전기통신기본법,930.0,679.0,,2011-2022,132_DT_13204_2011_N213_20260915163035.csv,TIME_MACHINE
2021,범위확인필요,전자금융거래법위반,1234.0,1073.0,,2011-2022,132_DT_13204_2011_N213_20260915163035.csv,TIME_MACHINE
2021,범위확인필요,전파법,3.0,2.0,,2011-2022,132_DT_13204_2011_N213_20260915163035.csv,TIME_MACHINE
2021,범위확인필요,절도,31080.0,15977.0,,2011-2022,132_DT_13204_2011_N213_20260915163035.csv,TIME_MACHINE
2021,범위확인필요,절도(상습),97.0,86.0,,2011-2022,132_DT_13204_2011_N213_20260915163035.csv,TIME_MACHINE
2021,범위확인필요,절도범죄,33531.0,17950.0,,2011-2022,132_DT_13204_2011_N213_20260915163035.csv,TIME_MACHINE
2021,범위확인필요,점유이탈물등횡령,10335.0,3408.0,,2011-2022,132_DT_13204_2011_N213_20260915163035.csv,TIME_MACHINE
2021,범위확인필요,정당법,4.0,3.0,,2011-2022,132_DT_13204_2011_N213_20260915163035.csv,TIME_MACHINE
2021,범위확인필요,정보통신망이용촉진및정보보호등에관한법률(음란물유포),186.0,67.0,,2011-2022,132_DT_13204_2011_N213_20260915163035.csv,TIME_MACHINE
2021,범위확인필요,정보통신망이용촉진및정보보호등에관한법률위반(개인정보누설등),8.0,3.0,,2011-2022,132_DT_13204_2011_N213_20260915163035.csv,TIME_MACHINE
2021,범위확인필요,정보통신망이용촉진및정보보호등에관한법률위반(기타),824.0,467.0,,2011-2022,132_DT_13204_2011_N213_20260915163035.csv,TIME_MACHINE
2021,범위확인필요,정보통신망이용촉진및정보보호등에관한법률위반(명예훼손),3819.0,2215.0,,2011-2022,132_DT_13204_2011_N213_20260915163035.csv,TIME_MACHINE
2021,범위확인필요,정보통신망이용촉진및정보보호등에관한법률위반(정보통신망침해등),761.0,122.0,,2011-2022,132_DT_13204_2011_N213_20260915163035.csv,TIME_MACHINE
2021,범위확인필요,정신건강복지법,1.0,1.0,,2011-2022,132_DT_13204_2011_N213_20260915163035.csv,TIME_MACHINE
2021,범위확인필요,정치자금법,1.0,,,2011-2022,132_DT_13204_2011_N213_20260915163035.csv,TIME_MACHINE
2021,범위확인필요,조세범처벌법,465.0,379.0,,2011-2022,132_DT_13204_2011_N213_20260915163035.csv,TIME_MACHINE
2021,범위확인필요,존속살해,4.0,5.0,,2011-2022,132_DT_13204_2011_N213_20260915163035.csv,TIME_MACHINE
2021,범위확인필요,존속상해,39.0,40.0,,2011-2022,132_DT_13204_2011_N213_20260915163035.csv,TIME_MACHINE
2021,범위확인필요,존속상해(특수·특수중),19.0,18.0,,2011-2022,132_DT_13204_2011_N213_20260915163035.csv,TIME_MACHINE
2021,범위확인필요,존속체포·감금,9.0,9.0,,2011-2022,132_DT_13204_2011_N213_20260915163035.csv,TIME_MACHINE
2021,범위확인필요,존속폭행,475.0,465.0,,2011-2022,132_DT_13204_2011_N213_20260915163035.csv,TIME_MACHINE
2021,범위확인필요,존속폭행(상습),2.0,2.0,,2011-2022,132_DT_13204_2011_N213_20260915163035.csv,TIME_MACHINE
2021,범위확인필요,존속폭행(특수),21.0,22.0,,2011-2022,132_DT_13204_2011_N213_20260915163035.csv,TIME_MACHINE
2021,범위확인필요,존속폭행치상,5.0,5.0,,2011-2022,132_DT_13204_2011_N213_20260915163035.csv,TIME_MACHINE
2021,범위확인필요,존속협박,61.0,61.0,,2011-2022,132_DT_13204_2011_N213_20260915163035.csv,TIME_MACHINE
2021,범위확인필요,존속협박(상습),1.0,1.0,,2011-2022,132_DT_13204_2011_N213_20260915163035.csv,TIME_MACHINE
2021,범위확인필요,존속협박(특수),32.0,32.0,,2011-2022,132_DT_13204_2011_N213_20260915163035.csv,TIME_MACHINE
2021,범위확인필요,주거침입강간,18.0,17.0,,2011-2022,132_DT_13204_2011_N213_20260915163035.csv,TIME_MACHINE
2021,범위확인필요,주거침입강간등,3.0,4.0,,2011-2022,132_DT_13204_2011_N213_20260915163035.csv,TIME_MACHINE
2021,범위확인필요,주거침입강제추행,30.0,30.0,,2011-2022,132_DT_13204_2011_N213_20260915163035.csv,TIME_MACHINE
2021,범위확인필요,주거침입유사강간,2.0,2.0,,2011-2022,132_DT_13204_2011_N213_20260915163035.csv,TIME_MACHINE
2021,범위확인필요,주거침입의죄,4018.0,3028.0,,2011-2022,132_DT_13204_2011_N213_20260915163035.csv,TIME_MACHINE
2021,범위확인필요,주민등록법,282.0,187.0,,2011-2022,132_DT_13204_2011_N213_20260915163035.csv,TIME_MACHINE
2021,범위확인필요,주차장법,33.0,32.0,,2011-2022,132_DT_13204_2011_N213_20260915163035.csv,TIME_MACHINE
2021,범위확인필요,준강간,321.0,299.0,,2011-2022,132_DT_13204_2011_N213_20260915163035.csv,TIME_MACHINE
2021,범위확인필요,준강도,20.0,20.0,,2011-2022,132_DT_13204_2011_N213_20260915163035.csv,TIME_MACHINE
2021,범위확인필요,준강제추행,202.0,195.0,,2011-2022,132_DT_13204_2011_N213_20260915163035.csv,TIME_MACHINE
2021,범위확인필요,준사기,26.0,18.0,,2011-2022,132_DT_13204_2011_N213_20260915163035.csv,TIME_MACHINE
2021,범위확인필요,준유사강간,51.0,50.0,,2011-2022,132_DT_13204_2011_N213_20260915163035.csv,TIME_MACHINE
2021,범위확인필요,준유사강간(상습),1.0,1.0,,2011-2022,132_DT_13204_2011_N213_20260915163035.csv,TIME_MACHINE
2021,범위확인필요,증수뢰,49.0,44.0,,2011-2022,132_DT_13204_2011_N213_20260915163035.csv,TIME_MACHINE
2021,범위확인필요,지능범죄,68342.0,36248.0,,2011-2022,132_DT_13204_2011_N213_20260915163035.csv,TIME_MACHINE
2021,범위확인필요,지방세법,7.0,5.0,,2011-2022,132_DT_13204_2011_N213_20260915163035.csv,TIME_MACHINE
2021,범위확인필요,직권남용,241.0,63.0,,2011-2022,132_DT_13204_2011_N213_20260915163035.csv,TIME_MACHINE
2021,범위확인필요,직권남용(권리행사방해·체포·감금),173.0,36.0,,2011-2022,132_DT_13204_2011_N213_20260915163035.csv,TIME_MACHINE
2021,범위확인필요,직무유기,229.0,47.0,,2011-2022,132_DT_13204_2011_N213_20260915163035.csv,TIME_MACHINE
2021,범위확인필요,직무유기·수행거부,229.0,47.0,,2011-2022,132_DT_13204_2011_N213_20260915163035.csv,TIME_MACHINE
2021,범위확인필요,직업안정법,26.0,23.0,,2011-2022,132_DT_13204_2011_N213_20260915163035.csv,TIME_MACHINE
2021,범위확인필요,집회및시위에관한법률,170.0,136.0,,2011-2022,132_DT_13204_2011_N213_20260915163035.csv,TIME_MACHINE
2021,범위확인필요,채무자회생및파산에관한법률위반,14.0,10.0,,2011-2022,132_DT_13204_2011_N213_20260915163035.csv,TIME_MACHINE
2021,범위확인필요,철도안전법,96.0,89.0,,2011-2022,132_DT_13204_2011_N213_20260915163035.csv,TIME_MACHINE
2021,범위확인필요,청소년보호법,701.0,684.0,,2011-2022,132_DT_13204_2011_N213_20260915163035.csv,TIME_MACHINE
2021,범위확인필요,청소년에대한강간·간음,74.0,68.0,,2011-2022,132_DT_13204_2011_N213_20260915163035.csv,TIME_MACHINE
2021,범위확인필요,청소년에대한강간등,12.0,12.0,,2011-2022,132_DT_13204_2011_N213_20260915163035.csv,TIME_MACHINE
2021,범위확인필요,청소년에대한강제추행·추행,127.0,121.0,,2011-2022,132_DT_13204_2011_N213_20260915163035.csv,TIME_MACHINE
2021,범위확인필요,체포·감금,233.0,211.0,,2011-2022,132_DT_13204_2011_N213_20260915163035.csv,TIME_MACHINE
2021,범위확인필요,체포·감금(중),3.0,3.0,,2011-2022,132_DT_13204_2011_N213_20260915163035.csv,TIME_MACHINE
2021,범위확인필요,체포·감금(특수·특수중),19.0,18.0,,2011-2022,132_DT_13204_2011_N213_20260915163035.csv,TIME_MACHINE
2021,범위확인필요,체포·감금치사상(중·특수·상습),21.0,21.0,,2011-2022,132_DT_13204_2011_N213_20260915163035.csv,TIME_MACHINE
2021,범위확인필요,촉탁·승낙살인,1.0,,,2011-2022,132_DT_13204_2011_N213_20260915163035.csv,TIME_MACHINE
2021,범위확인필요,총계,257969.0,189140.0,,2011-2022,132_DT_13204_2011_N213_20260915163035.csv,TIME_MACHINE
2021,범위확인필요,총포·도검·화약류등의안전관리에관한법률,86.0,106.0,,2011-2022,132_DT_13204_2011_N213_20260915163035.csv,TIME_MACHINE
2021,범위확인필요,축산물위생관리법,4.0,5.0,,2011-2022,132_DT_13204_2011_N213_20260915163035.csv,TIME_MACHINE
2021,범위확인필요,출입국관리법,128.0,116.0,,2011-2022,132_DT_13204_2011_N213_20260915163035.csv,TIME_MACHINE
2021,범위확인필요,친족관계에의한강간,16.0,14.0,,2011-2022,132_DT_13204_2011_N213_20260915163035.csv,TIME_MACHINE
2021,범위확인필요,친족관계에의한강제추행,31.0,28.0,,2011-2022,132_DT_13204_2011_N213_20260915163035.csv,TIME_MACHINE
2021,범위확인필요,컴퓨터등사용사기,3750.0,551.0,,2011-2022,132_DT_13204_2011_N213_20260915163035.csv,TIME_MACHINE
2021,범위확인필요,통신비밀보호법,69.0,55.0,,2011-2022,132_DT_13204_2011_N213_20260915163035.csv,TIME_MACHINE
2021,범위확인필요,통화,127.0,10.0,,2011-2022,132_DT_13204_2011_N213_20260915163035.csv,TIME_MACHINE
2021,범위확인필요,통화위조·변조,88.0,3.0,,2011-2022,132_DT_13204_2011_N213_20260915163035.csv,TIME_MACHINE
2021,범위확인필요,특가법(강도상해재범),2.0,2.0,,2011-2022,132_DT_13204_2011_N213_20260915163035.csv,TIME_MACHINE
2021,범위확인필요,특가법(국고손실),1.0,1.0,,2011-2022,132_DT_13204_2011_N213_20260915163035.csv,TIME_MACHINE
2021,범위확인필요,특가법(뇌물),2.0,1.0,,2011-2022,132_DT_13204_2011_N213_20260915163035.csv,TIME_MACHINE
2021,범위확인필요,특가법(도주차량),975.0,928.0,,2011-2022,132_DT_13204_2011_N213_20260915163035.csv,TIME_MACHINE
2021,범위확인필요,특가법(보복범죄등),14.0,12.0,,2011-2022,132_DT_13204_2011_N213_20260915163035.csv,TIME_MACHINE
2021,범위확인필요,특가법(보복살인등),3.0,3.0,,2011-2022,132_DT_13204_2011_N213_20260915163035.csv,TIME_MACHINE
2021,범위확인필요,특가법(보복상해등),5.0,5.0,,2011-2022,132_DT_13204_2011_N213_20260915163035.csv,TIME_MACHINE
2021,범위확인필요,특가법(보복폭행등),24.0,24.0,,2011-2022,132_DT_13204_2011_N213_20260915163035.csv,TIME_MACHINE
2021,범위확인필요,특가법(보복협박등),39.0,38.0,,2011-2022,132_DT_13204_2011_N213_20260915163035.csv,TIME_MACHINE
2021,범위확인필요,특가법(알선수재),3.0,3.0,,2011-2022,132_DT_13204_2011_N213_20260915163035.csv,TIME_MACHINE
2021,범위확인필요,특가법(어린이보호구역치사상),86.0,85.0,,2011-2022,132_DT_13204_2011_N213_20260915163035.csv,TIME_MACHINE
2021,범위확인필요,특가법(운전자폭행등),1115.0,1095.0,,2011-2022,132_DT_13204_2011_N213_20260915163035.csv,TIME_MACHINE
2021,범위확인필요,특가법(위험운전치사상),998.0,1000.0,,2011-2022,132_DT_13204_2011_N213_20260915163035.csv,TIME_MACHINE
2021,범위확인필요,특가법(절도),367.0,356.0,,2011-2022,132_DT_13204_2011_N213_20260915163035.csv,TIME_MACHINE
2021,범위확인필요,특가법(조세),51.0,38.0,,2011-2022,132_DT_13204_2011_N213_20260915163035.csv,TIME_MACHINE
2021,범위확인필요,"특가법(체포·감금,독직폭행·가혹행위)",4.0,4.0,,2011-2022,132_DT_13204_2011_N213_20260915163035.csv,TIME_MACHINE
2021,범위확인필요,특가법(향정),1.0,1.0,,2011-2022,132_DT_13204_2011_N213_20260915163035.csv,TIME_MACHINE
2021,범위확인필요,특경법(공갈),5.0,6.0,,2011-2022,132_DT_13204_2011_N213_20260915163035.csv,TIME_MACHINE
2021,범위확인필요,특경법(배임),171.0,145.0,,2011-2022,132_DT_13204_2011_N213_20260915163035.csv,TIME_MACHINE
2021,범위확인필요,특경법(사금융알선등),3.0,3.0,,2011-2022,132_DT_13204_2011_N213_20260915163035.csv,TIME_MACHINE
2021,범위확인필요,특경법(사기),802.0,613.0,,2011-2022,132_DT_13204_2011_N213_20260915163035.csv,TIME_MACHINE
2021,범위확인필요,특경법(수재등),2.0,3.0,,2011-2022,132_DT_13204_2011_N213_20260915163035.csv,TIME_MACHINE
2021,범위확인필요,특경법(알선수재),8.0,6.0,,2011-2022,132_DT_13204_2011_N213_20260915163035.csv,TIME_MACHINE
2021,범위확인필요,특경법(횡령),211.0,185.0,,2011-2022,132_DT_13204_2011_N213_20260915163035.csv,TIME_MACHINE
2021,범위확인필요,특별경제범죄,9233.0,7219.0,,2011-2022,132_DT_13204_2011_N213_20260915163035.csv,TIME_MACHINE
2021,범위확인필요,특수강간(준),45.0,42.0,,2011-2022,132_DT_13204_2011_N213_20260915163035.csv,TIME_MACHINE
2021,범위확인필요,특수강도,47.0,43.0,,2011-2022,132_DT_13204_2011_N213_20260915163035.csv,TIME_MACHINE
2021,범위확인필요,특수강도강간,4.0,4.0,,2011-2022,132_DT_13204_2011_N213_20260915163035.csv,TIME_MACHINE
2021,범위확인필요,특수강도강간등,4.0,4.0,,2011-2022,132_DT_13204_2011_N213_20260915163035.csv,TIME_MACHINE
2021,범위확인필요,특수강도강제추행,1.0,1.0,,2011-2022,132_DT_13204_2011_N213_20260915163035.csv,TIME_MACHINE
2021,범위확인필요,특수강제추행(준),7.0,8.0,,2011-2022,132_DT_13204_2011_N213_20260915163035.csv,TIME_MACHINE
2021,범위확인필요,특수공갈,8.0,9.0,,2011-2022,132_DT_13204_2011_N213_20260915163035.csv,TIME_MACHINE
2021,범위확인필요,특수상해,16.0,10.0,,2011-2022,132_DT_13204_2011_N213_20260915163035.csv,TIME_MACHINE
2021,범위확인필요,특수상해(상습),1.0,1.0,,2011-2022,132_DT_13204_2011_N213_20260915163035.csv,TIME_MACHINE
2021,범위확인필요,특수상해(중),1.0,1.0,,2011-2022,132_DT_13204_2011_N213_20260915163035.csv,TIME_MACHINE
2021,범위확인필요,특수절도,1164.0,920.0,,2011-2022,132_DT_13204_2011_N213_20260915163035.csv,TIME_MACHINE
2021,범위확인필요,특수절도(상습),4.0,1.0,,2011-2022,132_DT_13204_2011_N213_20260915163035.csv,TIME_MACHINE
2021,범위확인필요,특수폭행,1428.0,1358.0,,2011-2022,132_DT_13204_2011_N213_20260915163035.csv,TIME_MACHINE
2021,범위확인필요,특수폭행치상,26.0,25.0,,2011-2022,132_DT_13204_2011_N213_20260915163035.csv,TIME_MACHINE
2021,범위확인필요,특허법,18.0,13.0,,2011-2022,132_DT_13204_2011_N213_20260915163035.csv,TIME_MACHINE
2021,범위확인필요,편의시설부정이용,183.0,125.0,,2011-2022,132_DT_13204_2011_N213_20260915163035.csv,TIME_MACHINE
2021,범위확인필요,폐기물관리법,9.0,6.0,,2011-2022,132_DT_13204_2011_N213_20260915163035.csv,TIME_MACHINE
2021,범위확인필요,폭력범죄,41834.0,35462.0,,2011-2022,132_DT_13204_2011_N213_20260915163035.csv,TIME_MACHINE
2021,범위확인필요,폭력행위등,933.0,860.0,,2011-2022,132_DT_13204_2011_N213_20260915163035.csv,TIME_MACHINE
2021,범위확인필요,폭력행위등처벌에관한법률위반(공동),889.0,816.0,,2011-2022,132_DT_13204_2011_N213_20260915163035.csv,TIME_MACHINE
2021,범위확인필요,폭력행위등처벌에관한법률위반(기타),5.0,5.0,,2011-2022,132_DT_13204_2011_N213_20260915163035.csv,TIME_MACHINE
2021,범위확인필요,폭력행위등처벌에관한법률위반(단체등의[상습·공동·상습특수]),10.0,9.0,,2011-2022,132_DT_13204_2011_N213_20260915163035.csv,TIME_MACHINE
2021,범위확인필요,폭력행위등처벌에관한법률위반(단체등의구성·활동),1.0,1.0,,2011-2022,132_DT_13204_2011_N213_20260915163035.csv,TIME_MACHINE
2021,범위확인필요,폭력행위등처벌에관한법률위반(상습),12.0,12.0,,2011-2022,132_DT_13204_2011_N213_20260915163035.csv,TIME_MACHINE
2021,범위확인필요,"폭력행위등처벌에관한법률위반(상습집단,흉기등)",1.0,1.0,,2011-2022,132_DT_13204_2011_N213_20260915163035.csv,TIME_MACHINE
2021,범위확인필요,폭력행위등처벌에관한법률위반(우범자),14.0,14.0,,2011-2022,132_DT_13204_2011_N213_20260915163035.csv,TIME_MACHINE
2021,범위확인필요,"폭력행위등처벌에관한법률위반(집단,흉기등)",6.0,7.0,,2011-2022,132_DT_13204_2011_N213_20260915163035.csv,TIME_MACHINE
2021,범위확인필요,폭발성물건파열(과실),5.0,5.0,,2011-2022,132_DT_13204_2011_N213_20260915163035.csv,TIME_MACHINE
2021,범위확인필요,폭발성물건파열(치사·상),2.0,1.0,,2011-2022,132_DT_13204_2011_N213_20260915163035.csv,TIME_MACHINE
2021,범위확인필요,폭행,23329.0,21831.0,,2011-2022,132_DT_13204_2011_N213_20260915163035.csv,TIME_MACHINE
2021,범위확인필요,폭행(상습),14.0,12.0,,2011-2022,132_DT_13204_2011_N213_20260915163035.csv,TIME_MACHINE
2021,범위확인필요,폭행치사,3.0,2.0,,2011-2022,132_DT_13204_2011_N213_20260915163035.csv,TIME_MACHINE
2021,범위확인필요,폭행치상,300.0,287.0,,2011-2022,132_DT_13204_2011_N213_20260915163035.csv,TIME_MACHINE
2021,범위확인필요,풍속범죄,5385.0,4225.0,,2011-2022,132_DT_13204_2011_N213_20260915163035.csv,TIME_MACHINE
2021,범위확인필요,풍속영업의규제에관한법률,19.0,19.0,,2011-2022,132_DT_13204_2011_N213_20260915163035.csv,TIME_MACHINE
2021,범위확인필요,피의사실공표,4.0,,,2011-2022,132_DT_13204_2011_N213_20260915163035.csv,TIME_MACHINE
2021,범위확인필요,하수도법,3.0,2.0,,2011-2022,132_DT_13204_2011_N213_20260915163035.csv,TIME_MACHINE
2021,범위확인필요,하천법,3.0,3.0,,2011-2022,132_DT_13204_2011_N213_20260915163035.csv,TIME_MACHINE
2021,범위확인필요,학원의설립·운영및과외교섭에관한법률,68.0,68.0,,2011-2022,132_DT_13204_2011_N213_20260915163035.csv,TIME_MACHINE
2021,범위확인필요,"허위감정,증거인멸·은닉,증인은닉죄",25.0,16.0,,2011-2022,132_DT_13204_2011_N213_20260915163035.csv,TIME_MACHINE
2021,범위확인필요,현주·공용건조물등방화,104.0,96.0,,2011-2022,132_DT_13204_2011_N213_20260915163035.csv,TIME_MACHINE
2021,범위확인필요,현주건조물등방화치상,2.0,2.0,,2011-2022,132_DT_13204_2011_N213_20260915163035.csv,TIME_MACHINE
2021,범위확인필요,협박,3834.0,3511.0,,2011-2022,132_DT_13204_2011_N213_20260915163035.csv,TIME_MACHINE
2021,범위확인필요,협박(상습),3.0,1.0,,2011-2022,132_DT_13204_2011_N213_20260915163035.csv,TIME_MACHINE
2021,범위확인필요,협박(특수),1822.0,1764.0,,2011-2022,132_DT_13204_2011_N213_20260915163035.csv,TIME_MACHINE
2021,범위확인필요,형사소송법,1.0,1.0,,2011-2022,132_DT_13204_2011_N213_20260915163035.csv,TIME_MACHINE
2021,범위확인필요,형의실효등에관한법률,3.0,2.0,,2011-2022,132_DT_13204_2011_N213_20260915163035.csv,TIME_MACHINE
2021,범위확인필요,화물자동차운수사업법,293.0,277.0,,2011-2022,132_DT_13204_2011_N213_20260915163035.csv,TIME_MACHINE
2021,범위확인필요,환경범죄,30.0,21.0,,2011-2022,132_DT_13204_2011_N213_20260915163035.csv,TIME_MACHINE
2021,범위확인필요,횡령,13260.0,5580.0,,2011-2022,132_DT_13204_2011_N213_20260915163035.csv,TIME_MACHINE
2022,범위확인필요,13세미만미성년자강간·간음,4.0,3.0,,2011-2022,132_DT_13204_2011_N213_20260915163035.csv,TIME_MACHINE
2022,범위확인필요,13세미만미성년자강간등,,1.0,,2011-2022,132_DT_13204_2011_N213_20260915163035.csv,TIME_MACHINE
2022,범위확인필요,13세미만미성년자강제추행·추행,87.0,78.0,,2011-2022,132_DT_13204_2011_N213_20260915163035.csv,TIME_MACHINE
2022,범위확인필요,16세미만아동·청소년간음,3.0,1.0,,2011-2022,132_DT_13204_2011_N213_20260915163035.csv,TIME_MACHINE
2022,범위확인필요,16세미만아동·청소년추행,8.0,8.0,,2011-2022,132_DT_13204_2011_N213_20260915163035.csv,TIME_MACHINE
2022,범위확인필요,가스등공급사용방해(과실),3.0,3.0,,2011-2022,132_DT_13204_2011_N213_20260915163035.csv,TIME_MACHINE
2022,범위확인필요,가스등공급사용방해(치사·상),5.0,1.0,,2011-2022,132_DT_13204_2011_N213_20260915163035.csv,TIME_MACHINE
2022,범위확인필요,가스등방출(치사·상),2.0,2.0,,2011-2022,132_DT_13204_2011_N213_20260915163035.csv,TIME_MACHINE
2022,범위확인필요,가정폭력범죄의처벌등에관한특례법위반,266.0,258.0,,2011-2022,132_DT_13204_2011_N213_20260915163035.csv,TIME_MACHINE
2022,범위확인필요,감염병예방법,2117.0,2000.0,,2011-2022,132_DT_13204_2011_N213_20260915163035.csv,TIME_MACHINE
2022,범위확인필요,강간,1203.0,1120.0,,2011-2022,132_DT_13204_2011_N213_20260915163035.csv,TIME_MACHINE
2022,범위확인필요,강간(상습),1.0,1.0,,2011-2022,132_DT_13204_2011_N213_20260915163035.csv,TIME_MACHINE
2022,범위확인필요,강간등살인·치사,,1.0,,2011-2022,132_DT_13204_2011_N213_20260915163035.csv,TIME_MACHINE
2022,범위확인필요,강간등상해·치상,13.0,13.0,,2011-2022,132_DT_13204_2011_N213_20260915163035.csv,TIME_MACHINE
2022,범위확인필요,강간상해·치상,62.0,59.0,,2011-2022,132_DT_13204_2011_N213_20260915163035.csv,TIME_MACHINE
2022,범위확인필요,강도,118.0,113.0,,2011-2022,132_DT_13204_2011_N213_20260915163035.csv,TIME_MACHINE
2022,범위확인필요,강도강간,1.0,1.0,,2011-2022,132_DT_13204_2011_N213_20260915163035.csv,TIME_MACHINE
2022,범위확인필요,강도살인·치사,4.0,5.0,,2011-2022,132_DT_13204_2011_N213_20260915163035.csv,TIME_MACHINE
2022,범위확인필요,강도상해·치상,22.0,22.0,,2011-2022,132_DT_13204_2011_N213_20260915163035.csv,TIME_MACHINE
2022,범위확인필요,강력범죄,6257.0,5748.0,,2011-2022,132_DT_13204_2011_N213_20260915163035.csv,TIME_MACHINE
2022,범위확인필요,강제추행,4356.0,3973.0,,2011-2022,132_DT_13204_2011_N213_20260915163035.csv,TIME_MACHINE
2022,범위확인필요,강제추행(상습),4.0,5.0,,2011-2022,132_DT_13204_2011_N213_20260915163035.csv,TIME_MACHINE
2022,범위확인필요,강제추행상해·치상,31.0,31.0,,2011-2022,132_DT_13204_2011_N213_20260915163035.csv,TIME_MACHINE
2022,범위확인필요,개인정보보호법,564.0,361.0,,2011-2022,132_DT_13204_2011_N213_20260915163035.csv,TIME_MACHINE
2022,범위확인필요,건설산업기본법,124.0,89.0,,2011-2022,132_DT_13204_2011_N213_20260915163035.csv,TIME_MACHINE
2022,범위확인필요,건설폐기물의재활용촉진에관한법률,1.0,1.0,,2011-2022,132_DT_13204_2011_N213_20260915163035.csv,TIME_MACHINE
2022,범위확인필요,건축법,168.0,152.0,,2011-2022,132_DT_13204_2011_N213_20260915163035.csv,TIME_MACHINE
2022,범위확인필요,게임산업진흥에관한법률,236.0,209.0,,2011-2022,132_DT_13204_2011_N213_20260915163035.csv,TIME_MACHINE
2022,범위확인필요,경범죄처벌법,2378.0,1879.0,,2011-2022,132_DT_13204_2011_N213_20260915163035.csv,TIME_MACHINE
2022,범위확인필요,고압가스안전관리법,15.0,11.0,,2011-2022,132_DT_13204_2011_N213_20260915163035.csv,TIME_MACHINE
2022,범위확인필요,공갈,1160.0,408.0,,2011-2022,132_DT_13204_2011_N213_20260915163035.csv,TIME_MACHINE
2022,범위확인필요,공갈(상습),1.0,1.0,,2011-2022,132_DT_13204_2011_N213_20260915163035.csv,TIME_MACHINE
2022,범위확인필요,공무방해에관한죄,2353.0,2283.0,,2011-2022,132_DT_13204_2011_N213_20260915163035.csv,TIME_MACHINE
2022,범위확인필요,공무상비밀누설,13.0,5.0,,2011-2022,132_DT_13204_2011_N213_20260915163035.csv,TIME_MACHINE
2022,범위확인필요,공문서위조·변조,422.0,251.0,,2011-2022,132_DT_13204_2011_N213_20260915163035.csv,TIME_MACHINE
2022,범위확인필요,공안을해하는죄,46.0,37.0,,2011-2022,132_DT_13204_2011_N213_20260915163035.csv,TIME_MACHINE
2022,범위확인필요,공연음란,501.0,409.0,,2011-2022,132_DT_13204_2011_N213_20260915163035.csv,TIME_MACHINE
2022,범위확인필요,공유수면관리및매립에관한법률위반,,1.0,,2011-2022,132_DT_13204_2011_N213_20260915163035.csv,TIME_MACHINE
2022,범위확인필요,공인등의위조·부정사용및행사,52.0,40.0,,2011-2022,132_DT_13204_2011_N213_20260915163035.csv,TIME_MACHINE
2022,범위확인필요,공인중개사법,148.0,127.0,,2011-2022,132_DT_13204_2011_N213_20260915163035.csv,TIME_MACHINE
2022,범위확인필요,공전자기록등위작·변작,15.0,4.0,,2011-2022,132_DT_13204_2011_N213_20260915163035.csv,TIME_MACHINE
2022,범위확인필요,공중밀집장소에서의추행,697.0,517.0,,2011-2022,132_DT_13204_2011_N213_20260915163035.csv,TIME_MACHINE
2022,범위확인필요,공중위생관리법,296.0,288.0,,2011-2022,132_DT_13204_2011_N213_20260915163035.csv,TIME_MACHINE
2022,범위확인필요,공직선거법,568.0,366.0,,2011-2022,132_DT_13204_2011_N213_20260915163035.csv,TIME_MACHINE
2022,범위확인필요,과실치사상의죄,1046.0,891.0,,2011-2022,132_DT_13204_2011_N213_20260915163035.csv,TIME_MACHINE
2022,범위확인필요,관세법,,1.0,,2011-2022,132_DT_13204_2011_N213_20260915163035.csv,TIME_MACHINE
2022,범위확인필요,교육환경법,159.0,152.0,,2011-2022,132_DT_13204_2011_N213_20260915163035.csv,TIME_MACHINE
2022,범위확인필요,교통방해의죄,83.0,71.0,,2011-2022,132_DT_13204_2011_N213_20260915163035.csv,TIME_MACHINE
2022,범위확인필요,교통범죄,32106.0,31621.0,,2011-2022,132_DT_13204_2011_N213_20260915163035.csv,TIME_MACHINE
2022,범위확인필요,교통사고,18109.0,17256.0,,2011-2022,132_DT_13204_2011_N213_20260915163035.csv,TIME_MACHINE
2022,범위확인필요,교통사고외,13997.0,14365.0,,2011-2022,132_DT_13204_2011_N213_20260915163035.csv,TIME_MACHINE
2022,범위확인필요,교통사고처리특례법,12722.0,12232.0,,2011-2022,132_DT_13204_2011_N213_20260915163035.csv,TIME_MACHINE
2022,범위확인필요,국가보안법,7.0,6.0,,2011-2022,132_DT_13204_2011_N213_20260915163035.csv,TIME_MACHINE
2022,범위확인필요,국민건강보험법,75.0,50.0,,2011-2022,132_DT_13204_2011_N213_20260915163035.csv,TIME_MACHINE
2022,범위확인필요,국민연금법,30.0,23.0,,2011-2022,132_DT_13204_2011_N213_20260915163035.csv,TIME_MACHINE
2022,범위확인필요,국토의계획및이용에관한법률,18.0,15.0,,2011-2022,132_DT_13204_2011_N213_20260915163035.csv,TIME_MACHINE
2022,범위확인필요,권리행사를방해하는죄,799.0,535.0,,2011-2022,132_DT_13204_2011_N213_20260915163035.csv,TIME_MACHINE
2022,범위확인필요,근로기준법,5.0,1.0,,2011-2022,132_DT_13204_2011_N213_20260915163035.csv,TIME_MACHINE
2022,범위확인필요,기타,1940.0,1652.0,,2011-2022,132_DT_13204_2011_N213_20260915163035.csv,TIME_MACHINE
2022,범위확인필요,기타 강간·강제추행 등,36.0,34.0,,2011-2022,132_DT_13204_2011_N213_20260915163035.csv,TIME_MACHINE
2022,범위확인필요,기타경제범죄,348.0,289.0,,2011-2022,132_DT_13204_2011_N213_20260915163035.csv,TIME_MACHINE
2022,범위확인필요,기타노동범죄,59.0,57.0,,2011-2022,132_DT_13204_2011_N213_20260915163035.csv,TIME_MACHINE
2022,범위확인필요,기타도박범죄,160.0,136.0,,2011-2022,132_DT_13204_2011_N213_20260915163035.csv,TIME_MACHINE
2022,범위확인필요,기타범죄,51879.0,37123.0,,2011-2022,132_DT_13204_2011_N213_20260915163035.csv,TIME_MACHINE
2022,범위확인필요,기타보건범죄,215.0,198.0,,2011-2022,132_DT_13204_2011_N213_20260915163035.csv,TIME_MACHINE
2022,범위확인필요,기타선거범죄,1.0,,,2011-2022,132_DT_13204_2011_N213_20260915163035.csv,TIME_MACHINE
2022,범위확인필요,기타안보범죄,9.0,8.0,,2011-2022,132_DT_13204_2011_N213_20260915163035.csv,TIME_MACHINE
2022,범위확인필요,기타통화에관한죄,74.0,4.0,,2011-2022,132_DT_13204_2011_N213_20260915163035.csv,TIME_MACHINE
2022,범위확인필요,기타환경범죄,17.0,10.0,,2011-2022,132_DT_13204_2011_N213_20260915163035.csv,TIME_MACHINE
2022,범위확인필요,낙태의죄,1.0,,,2011-2022,132_DT_13204_2011_N213_20260915163035.csv,TIME_MACHINE
2022,범위확인필요,낚시관리및육성법위반,1.0,1.0,,2011-2022,132_DT_13204_2011_N213_20260915163035.csv,TIME_MACHINE
2022,범위확인필요,노동범죄,90.0,76.0,,2011-2022,132_DT_13204_2011_N213_20260915163035.csv,TIME_MACHINE
2022,범위확인필요,노동조합및노동관계조정법,2.0,1.0,,2011-2022,132_DT_13204_2011_N213_20260915163035.csv,TIME_MACHINE
2022,범위확인필요,농수산물유통및가격안정에관한법률,1.0,2.0,,2011-2022,132_DT_13204_2011_N213_20260915163035.csv,TIME_MACHINE
2022,범위확인필요,농지법,10.0,19.0,,2011-2022,132_DT_13204_2011_N213_20260915163035.csv,TIME_MACHINE
2022,범위확인필요,뇌물공여등,12.0,9.0,,2011-2022,132_DT_13204_2011_N213_20260915163035.csv,TIME_MACHINE
2022,범위확인필요,뇌물수수등,12.0,7.0,,2011-2022,132_DT_13204_2011_N213_20260915163035.csv,TIME_MACHINE
2022,범위확인필요,담배사업법,17.0,16.0,,2011-2022,132_DT_13204_2011_N213_20260915163035.csv,TIME_MACHINE
2022,범위확인필요,대기환경보전법,12.0,11.0,,2011-2022,132_DT_13204_2011_N213_20260915163035.csv,TIME_MACHINE
2022,범위확인필요,대부업의등록및금융이용자보호에관한법률,168.0,103.0,,2011-2022,132_DT_13204_2011_N213_20260915163035.csv,TIME_MACHINE
2022,범위확인필요,도로교통법,2334.0,2210.0,,2011-2022,132_DT_13204_2011_N213_20260915163035.csv,TIME_MACHINE
2022,범위확인필요,도로교통법(공동위험행위),4.0,3.0,,2011-2022,132_DT_13204_2011_N213_20260915163035.csv,TIME_MACHINE
2022,범위확인필요,도로교통법(무면허운전),2173.0,2167.0,,2011-2022,132_DT_13204_2011_N213_20260915163035.csv,TIME_MACHINE
2022,범위확인필요,도로교통법(사고후미조치),818.0,651.0,,2011-2022,132_DT_13204_2011_N213_20260915163035.csv,TIME_MACHINE
2022,범위확인필요,도로교통법(음주운전),10990.0,11178.0,,2011-2022,132_DT_13204_2011_N213_20260915163035.csv,TIME_MACHINE
2022,범위확인필요,도로교통법(음주측정거부),504.0,498.0,,2011-2022,132_DT_13204_2011_N213_20260915163035.csv,TIME_MACHINE
2022,범위확인필요,도로법,243.0,448.0,,2011-2022,132_DT_13204_2011_N213_20260915163035.csv,TIME_MACHINE
2022,범위확인필요,도박,290.0,255.0,,2011-2022,132_DT_13204_2011_N213_20260915163035.csv,TIME_MACHINE
2022,범위확인필요,도박(상습),9.0,2.0,,2011-2022,132_DT_13204_2011_N213_20260915163035.csv,TIME_MACHINE
2022,범위확인필요,도박개장,130.0,87.0,,2011-2022,132_DT_13204_2011_N213_20260915163035.csv,TIME_MACHINE
2022,범위확인필요,도박범죄,593.0,484.0,,2011-2022,132_DT_13204_2011_N213_20260915163035.csv,TIME_MACHINE
2022,범위확인필요,도시가스사업법,5.0,4.0,,2011-2022,132_DT_13204_2011_N213_20260915163035.csv,TIME_MACHINE
2022,범위확인필요,도시공원및녹지등에관한법률,10.0,8.0,,2011-2022,132_DT_13204_2011_N213_20260915163035.csv,TIME_MACHINE
2022,범위확인필요,도주와도주원조죄,1.0,1.0,,2011-2022,132_DT_13204_2011_N213_20260915163035.csv,TIME_MACHINE
2022,범위확인필요,독점규제및공정거래에관한법률,4.0,1.0,,2011-2022,132_DT_13204_2011_N213_20260915163035.csv,TIME_MACHINE
2022,범위확인필요,독직폭행·가혹행위,87.0,13.0,,2011-2022,132_DT_13204_2011_N213_20260915163035.csv,TIME_MACHINE
2022,범위확인필요,동물보호법,148.0,101.0,,2011-2022,132_DT_13204_2011_N213_20260915163035.csv,TIME_MACHINE
2022,범위확인필요,디자인보호법,30.0,24.0,,2011-2022,132_DT_13204_2011_N213_20260915163035.csv,TIME_MACHINE
2022,범위확인필요,마약류관리에관한법률(대마),792.0,620.0,,2011-2022,132_DT_13204_2011_N213_20260915163035.csv,TIME_MACHINE
2022,범위확인필요,마약류관리에관한법률(마약),144.0,81.0,,2011-2022,132_DT_13204_2011_N213_20260915163035.csv,TIME_MACHINE
2022,범위확인필요,마약류관리에관한법률(향정),1839.0,1267.0,,2011-2022,132_DT_13204_2011_N213_20260915163035.csv,TIME_MACHINE
2022,범위확인필요,마약류불법거래방지에관한특례법,14.0,,,2011-2022,132_DT_13204_2011_N213_20260915163035.csv,TIME_MACHINE
2022,범위확인필요,마약범죄,2797.0,1971.0,,2011-2022,132_DT_13204_2011_N213_20260915163035.csv,TIME_MACHINE
2022,범위확인필요,명예에관한죄,11495.0,4694.0,,2011-2022,132_DT_13204_2011_N213_20260915163035.csv,TIME_MACHINE
2022,범위확인필요,무고의죄,1242.0,852.0,,2011-2022,132_DT_13204_2011_N213_20260915163035.csv,TIME_MACHINE
2022,범위확인필요,문서·인장,2178.0,1341.0,,2011-2022,132_DT_13204_2011_N213_20260915163035.csv,TIME_MACHINE
2022,범위확인필요,문화재보호법,12.0,12.0,,2011-2022,132_DT_13204_2011_N213_20260915163035.csv,TIME_MACHINE
2022,범위확인필요,미성년자간음(심신미약자),4.0,3.0,,2011-2022,132_DT_13204_2011_N213_20260915163035.csv,TIME_MACHINE
2022,범위확인필요,미성년자의제강간,60.0,57.0,,2011-2022,132_DT_13204_2011_N213_20260915163035.csv,TIME_MACHINE
2022,범위확인필요,미성년자의제강제추행,5.0,6.0,,2011-2022,132_DT_13204_2011_N213_20260915163035.csv,TIME_MACHINE
2022,범위확인필요,미성년자의제유사강간,4.0,3.0,,2011-2022,132_DT_13204_2011_N213_20260915163035.csv,TIME_MACHINE
2022,범위확인필요,미성년자추행(심신미약자),2.0,1.0,,2011-2022,132_DT_13204_2011_N213_20260915163035.csv,TIME_MACHINE
2022,범위확인필요,방문판매등에관한법률,13.0,10.0,,2011-2022,132_DT_13204_2011_N213_20260915163035.csv,TIME_MACHINE
2022,범위확인필요,방화,217.0,191.0,,2011-2022,132_DT_13204_2011_N213_20260915163035.csv,TIME_MACHINE
2022,범위확인필요,방화연소,4.0,3.0,,2011-2022,132_DT_13204_2011_N213_20260915163035.csv,TIME_MACHINE
2022,범위확인필요,배임,855.0,638.0,,2011-2022,132_DT_13204_2011_N213_20260915163035.csv,TIME_MACHINE
2022,범위확인필요,배임수재,24.0,16.0,,2011-2022,132_DT_13204_2011_N213_20260915163035.csv,TIME_MACHINE
2022,범위확인필요,배임증재,1.0,1.0,,2011-2022,132_DT_13204_2011_N213_20260915163035.csv,TIME_MACHINE
2022,범위확인필요,범인은닉·범인도피죄,21.0,22.0,,2011-2022,132_DT_13204_2011_N213_20260915163035.csv,TIME_MACHINE
2022,범위확인필요,변호사법,92.0,61.0,,2011-2022,132_DT_13204_2011_N213_20260915163035.csv,TIME_MACHINE
2022,범위확인필요,병역범죄,1055.0,918.0,,2011-2022,132_DT_13204_2011_N213_20260915163035.csv,TIME_MACHINE
2022,범위확인필요,병역법,848.0,740.0,,2011-2022,132_DT_13204_2011_N213_20260915163035.csv,TIME_MACHINE
2022,범위확인필요,보건범죄,4290.0,3995.0,,2011-2022,132_DT_13204_2011_N213_20260915163035.csv,TIME_MACHINE
2022,범위확인필요,보건범죄특조법(부정의료업자),19.0,15.0,,2011-2022,132_DT_13204_2011_N213_20260915163035.csv,TIME_MACHINE
2022,범위확인필요,보건범죄특조법(부정의약품),3.0,1.0,,2011-2022,132_DT_13204_2011_N213_20260915163035.csv,TIME_MACHINE
2022,범위확인필요,보험사기방지특별법위반,516.0,455.0,,2011-2022,132_DT_13204_2011_N213_20260915163035.csv,TIME_MACHINE
2022,범위확인필요,복표발매(중개·취득),4.0,4.0,,2011-2022,132_DT_13204_2011_N213_20260915163035.csv,TIME_MACHINE
2022,범위확인필요,부당이득,9.0,8.0,,2011-2022,132_DT_13204_2011_N213_20260915163035.csv,TIME_MACHINE
2022,범위확인필요,부정경쟁방지및영업비밀보호에관한법률,216.0,133.0,,2011-2022,132_DT_13204_2011_N213_20260915163035.csv,TIME_MACHINE
2022,범위확인필요,부정수표단속법,119.0,60.0,,2011-2022,132_DT_13204_2011_N213_20260915163035.csv,TIME_MACHINE
2022,범위확인필요,부정청탁금지법,31.0,16.0,,2011-2022,132_DT_13204_2011_N213_20260915163035.csv,TIME_MACHINE
2022,범위확인필요,부패방지법,1.0,1.0,,2011-2022,132_DT_13204_2011_N213_20260915163035.csv,TIME_MACHINE
2022,범위확인필요,불법사용,77.0,69.0,,2011-2022,132_DT_13204_2011_N213_20260915163035.csv,TIME_MACHINE
2022,범위확인필요,비밀침해죄,30.0,20.0,,2011-2022,132_DT_13204_2011_N213_20260915163035.csv,TIME_MACHINE
2022,범위확인필요,사기,57910.0,30104.0,,2011-2022,132_DT_13204_2011_N213_20260915163035.csv,TIME_MACHINE
2022,범위확인필요,사기(상습),109.0,74.0,,2011-2022,132_DT_13204_2011_N213_20260915163035.csv,TIME_MACHINE
2022,범위확인필요,사문서위조·변조,1425.0,959.0,,2011-2022,132_DT_13204_2011_N213_20260915163035.csv,TIME_MACHINE
2022,범위확인필요,사인등의위조·부정사용및행사,23.0,20.0,,2011-2022,132_DT_13204_2011_N213_20260915163035.csv,TIME_MACHINE
2022,범위확인필요,사전자기록등위작·변작,241.0,67.0,,2011-2022,132_DT_13204_2011_N213_20260915163035.csv,TIME_MACHINE
2022,범위확인필요,산림법,2.0,2.0,,2011-2022,132_DT_13204_2011_N213_20260915163035.csv,TIME_MACHINE
2022,범위확인필요,산업안전보건법,1.0,1.0,,2011-2022,132_DT_13204_2011_N213_20260915163035.csv,TIME_MACHINE
2022,범위확인필요,살인,25.0,21.0,,2011-2022,132_DT_13204_2011_N213_20260915163035.csv,TIME_MACHINE
2022,범위확인필요,살인기수,37.0,34.0,,2011-2022,132_DT_13204_2011_N213_20260915163035.csv,TIME_MACHINE
2022,범위확인필요,살인미수등,68.0,65.0,,2011-2022,132_DT_13204_2011_N213_20260915163035.csv,TIME_MACHINE
2022,범위확인필요,상표법,755.0,632.0,,2011-2022,132_DT_13204_2011_N213_20260915163035.csv,TIME_MACHINE
2022,범위확인필요,상해,3358.0,3206.0,,2011-2022,132_DT_13204_2011_N213_20260915163035.csv,TIME_MACHINE
2022,범위확인필요,상해(상습),3.0,3.0,,2011-2022,132_DT_13204_2011_N213_20260915163035.csv,TIME_MACHINE
2022,범위확인필요,상해(중),11.0,9.0,,2011-2022,132_DT_13204_2011_N213_20260915163035.csv,TIME_MACHINE
2022,범위확인필요,상해치사,5.0,5.0,,2011-2022,132_DT_13204_2011_N213_20260915163035.csv,TIME_MACHINE
2022,범위확인필요,생명윤리및안전에관한법률,2.0,2.0,,2011-2022,132_DT_13204_2011_N213_20260915163035.csv,TIME_MACHINE
2022,범위확인필요,석유및석유대체연료사업법,3.0,3.0,,2011-2022,132_DT_13204_2011_N213_20260915163035.csv,TIME_MACHINE
2022,범위확인필요,선거방해,1.0,,,2011-2022,132_DT_13204_2011_N213_20260915163035.csv,TIME_MACHINE
2022,범위확인필요,선거범죄,580.0,375.0,,2011-2022,132_DT_13204_2011_N213_20260915163035.csv,TIME_MACHINE
2022,범위확인필요,성매매방지및피해자보호등에관한법률위반,1.0,,,2011-2022,132_DT_13204_2011_N213_20260915163035.csv,TIME_MACHINE
2022,범위확인필요,성매매알선등행위의처벌에관한법률위반(기타),154.0,142.0,,2011-2022,132_DT_13204_2011_N213_20260915163035.csv,TIME_MACHINE
2022,범위확인필요,성매매알선등행위의처벌에관한법률위반(성매매),151.0,126.0,,2011-2022,132_DT_13204_2011_N213_20260915163035.csv,TIME_MACHINE
2022,범위확인필요,성매매알선등행위의처벌에관한법률위반(성매매강요등),2.0,1.0,,2011-2022,132_DT_13204_2011_N213_20260915163035.csv,TIME_MACHINE
2022,범위확인필요,성매매알선등행위의처벌에관한법률위반(성매매광고),37.0,29.0,,2011-2022,132_DT_13204_2011_N213_20260915163035.csv,TIME_MACHINE
2022,범위확인필요,성매매알선등행위의처벌에관한법률위반(성매매알선등),111.0,85.0,,2011-2022,132_DT_13204_2011_N213_20260915163035.csv,TIME_MACHINE
2022,범위확인필요,성폭력범죄의처벌등에관한특례법(성적목적다중이용장소침입),157.0,135.0,,2011-2022,132_DT_13204_2011_N213_20260915163035.csv,TIME_MACHINE
2022,범위확인필요,"성폭력범죄의처벌등에관한특례법(촬영물등이용협박,강요등)",122.0,79.0,,2011-2022,132_DT_13204_2011_N213_20260915163035.csv,TIME_MACHINE
2022,범위확인필요,"성폭력범죄의처벌등에관한특례법(카메라등이용촬영,반포등)",1766.0,1463.0,,2011-2022,132_DT_13204_2011_N213_20260915163035.csv,TIME_MACHINE
2022,범위확인필요,성폭력범죄의처벌등에관한특례법(통신매체이용음란),2297.0,1627.0,,2011-2022,132_DT_13204_2011_N213_20260915163035.csv,TIME_MACHINE
2022,범위확인필요,"성폭력범죄의처벌등에관한특례법(허위영상물편집,반포등)",48.0,13.0,,2011-2022,132_DT_13204_2011_N213_20260915163035.csv,TIME_MACHINE
2022,범위확인필요,성폭력범죄의처벌등에관한특례법위반(기타),1181.0,1075.0,,2011-2022,132_DT_13204_2011_N213_20260915163035.csv,TIME_MACHINE
2022,범위확인필요,성풍속범죄,5256.0,3954.0,,2011-2022,132_DT_13204_2011_N213_20260915163035.csv,TIME_MACHINE
2022,범위확인필요,소방기본법,7.0,7.0,,2011-2022,132_DT_13204_2011_N213_20260915163035.csv,TIME_MACHINE
2022,범위확인필요,손괴,10250.0,5987.0,,2011-2022,132_DT_13204_2011_N213_20260915163035.csv,TIME_MACHINE
2022,범위확인필요,손괴의죄,10250.0,5987.0,,2011-2022,132_DT_13204_2011_N213_20260915163035.csv,TIME_MACHINE
2022,범위확인필요,수도법,7.0,7.0,,2011-2022,132_DT_13204_2011_N213_20260915163035.csv,TIME_MACHINE
2022,범위확인필요,스토킹처벌법,2460.0,2286.0,,2011-2022,132_DT_13204_2011_N213_20260915163035.csv,TIME_MACHINE
2022,범위확인필요,식품위생법,840.0,816.0,,2011-2022,132_DT_13204_2011_N213_20260915163035.csv,TIME_MACHINE
2022,범위확인필요,신앙에관한죄,14.0,9.0,,2011-2022,132_DT_13204_2011_N213_20260915163035.csv,TIME_MACHINE
2022,범위확인필요,"신용,업무와경매에관한죄",4155.0,3793.0,,2011-2022,132_DT_13204_2011_N213_20260915163035.csv,TIME_MACHINE
2022,범위확인필요,신용정보의이용및보호에관한법률,11.0,8.0,,2011-2022,132_DT_13204_2011_N213_20260915163035.csv,TIME_MACHINE
2022,범위확인필요,실용신안법,3.0,1.0,,2011-2022,132_DT_13204_2011_N213_20260915163035.csv,TIME_MACHINE
2022,범위확인필요,실화및업무상실화죄,437.0,283.0,,2011-2022,132_DT_13204_2011_N213_20260915163035.csv,TIME_MACHINE
2022,범위확인필요,아동·청소년의성보호에관한법률위반(강요행위등),2.0,2.0,,2011-2022,132_DT_13204_2011_N213_20260915163035.csv,TIME_MACHINE
2022,범위확인필요,아동·청소년의성보호에관한법률위반(기타),72.0,51.0,,2011-2022,132_DT_13204_2011_N213_20260915163035.csv,TIME_MACHINE
2022,범위확인필요,아동·청소년의성보호에관한법률위반(성매수등),37.0,30.0,,2011-2022,132_DT_13204_2011_N213_20260915163035.csv,TIME_MACHINE
2022,범위확인필요,아동·청소년의성보호에관한법률위반(아동·청소년성착취물소지·제작·배포등),219.0,154.0,,2011-2022,132_DT_13204_2011_N213_20260915163035.csv,TIME_MACHINE
2022,범위확인필요,아동·청소년의성보호에관한법률위반(알선영업행위등),4.0,3.0,,2011-2022,132_DT_13204_2011_N213_20260915163035.csv,TIME_MACHINE
2022,범위확인필요,아동복지법위반(기타),1018.0,1012.0,,2011-2022,132_DT_13204_2011_N213_20260915163035.csv,TIME_MACHINE
2022,범위확인필요,아동복지법위반(아동매매),1.0,1.0,,2011-2022,132_DT_13204_2011_N213_20260915163035.csv,TIME_MACHINE
2022,범위확인필요,아동복지법위반(유기·학대 등),1053.0,1028.0,,2011-2022,132_DT_13204_2011_N213_20260915163035.csv,TIME_MACHINE
2022,범위확인필요,아동학대처벌법(아동학대살해),1.0,1.0,,2011-2022,132_DT_13204_2011_N213_20260915163035.csv,TIME_MACHINE
2022,범위확인필요,아동학대처벌법위반(기타),18.0,20.0,,2011-2022,132_DT_13204_2011_N213_20260915163035.csv,TIME_MACHINE
2022,범위확인필요,아동학대처벌법위반(비밀유지의무위반 등),1.0,1.0,,2011-2022,132_DT_13204_2011_N213_20260915163035.csv,TIME_MACHINE
2022,범위확인필요,아동학대처벌법위반(상습상해),2.0,1.0,,2011-2022,132_DT_13204_2011_N213_20260915163035.csv,TIME_MACHINE
2022,범위확인필요,아동학대처벌법위반(상습폭행),1.0,1.0,,2011-2022,132_DT_13204_2011_N213_20260915163035.csv,TIME_MACHINE
2022,범위확인필요,아동학대처벌법위반(아동복지시설 종사자 등의 아동학대 가중처벌),109.0,105.0,,2011-2022,132_DT_13204_2011_N213_20260915163035.csv,TIME_MACHINE
2022,범위확인필요,아동학대처벌법위반(유기·학대 등),4.0,4.0,,2011-2022,132_DT_13204_2011_N213_20260915163035.csv,TIME_MACHINE
2022,범위확인필요,아동학대처벌법위반(처분 불이행 등),17.0,18.0,,2011-2022,132_DT_13204_2011_N213_20260915163035.csv,TIME_MACHINE
2022,범위확인필요,안보범죄,62.0,51.0,,2011-2022,132_DT_13204_2011_N213_20260915163035.csv,TIME_MACHINE
2022,범위확인필요,액화석유가스의안전및사업관리법,2.0,2.0,,2011-2022,132_DT_13204_2011_N213_20260915163035.csv,TIME_MACHINE
2022,범위확인필요,야간주거침입절도,597.0,504.0,,2011-2022,132_DT_13204_2011_N213_20260915163035.csv,TIME_MACHINE
2022,범위확인필요,야간주거침입절도(상습),5.0,2.0,,2011-2022,132_DT_13204_2011_N213_20260915163035.csv,TIME_MACHINE
2022,범위확인필요,야생생물보호및관리에관한법률위반,5.0,8.0,,2011-2022,132_DT_13204_2011_N213_20260915163035.csv,TIME_MACHINE
2022,범위확인필요,약사법,251.0,230.0,,2011-2022,132_DT_13204_2011_N213_20260915163035.csv,TIME_MACHINE
2022,범위확인필요,약취·유인,74.0,65.0,,2011-2022,132_DT_13204_2011_N213_20260915163035.csv,TIME_MACHINE
2022,범위확인필요,약취·유인(미성년자),60.0,51.0,,2011-2022,132_DT_13204_2011_N213_20260915163035.csv,TIME_MACHINE
2022,범위확인필요,약취·유인(추행·간음·결혼·영리),11.0,12.0,,2011-2022,132_DT_13204_2011_N213_20260915163035.csv,TIME_MACHINE
2022,범위확인필요,업무상배임,509.0,374.0,,2011-2022,132_DT_13204_2011_N213_20260915163035.csv,TIME_MACHINE
2022,범위확인필요,업무상위력등에의한추행,63.0,55.0,,2011-2022,132_DT_13204_2011_N213_20260915163035.csv,TIME_MACHINE
2022,범위확인필요,업무상위력에의한간음,4.0,4.0,,2011-2022,132_DT_13204_2011_N213_20260915163035.csv,TIME_MACHINE
2022,범위확인필요,업무상횡령,981.0,765.0,,2011-2022,132_DT_13204_2011_N213_20260915163035.csv,TIME_MACHINE
2022,범위확인필요,여객자동차운수사업법,39.0,34.0,,2011-2022,132_DT_13204_2011_N213_20260915163035.csv,TIME_MACHINE
2022,범위확인필요,여권법,5.0,7.0,,2011-2022,132_DT_13204_2011_N213_20260915163035.csv,TIME_MACHINE
2022,범위확인필요,여신전문금융업법위반,362.0,176.0,,2011-2022,132_DT_13204_2011_N213_20260915163035.csv,TIME_MACHINE
2022,범위확인필요,영아살해,2.0,2.0,,2011-2022,132_DT_13204_2011_N213_20260915163035.csv,TIME_MACHINE
2022,범위확인필요,영화및비디오물의진흥에관한법률,3.0,3.0,,2011-2022,132_DT_13204_2011_N213_20260915163035.csv,TIME_MACHINE
2022,범위확인필요,예비군법위반,207.0,178.0,,2011-2022,132_DT_13204_2011_N213_20260915163035.csv,TIME_MACHINE
2022,범위확인필요,옥외광고물법위반,17.0,12.0,,2011-2022,132_DT_13204_2011_N213_20260915163035.csv,TIME_MACHINE
2022,범위확인필요,외국환거래법,50.0,35.0,,2011-2022,132_DT_13204_2011_N213_20260915163035.csv,TIME_MACHINE
2022,범위확인필요,위증죄,353.0,218.0,,2011-2022,132_DT_13204_2011_N213_20260915163035.csv,TIME_MACHINE
2022,범위확인필요,위치정보의보호및이용등에관한법률,17.0,16.0,,2011-2022,132_DT_13204_2011_N213_20260915163035.csv,TIME_MACHINE
2022,범위확인필요,유가증권위조·변조,25.0,17.0,,2011-2022,132_DT_13204_2011_N213_20260915163035.csv,TIME_MACHINE
2022,범위확인필요,유가증권인지,25.0,17.0,,2011-2022,132_DT_13204_2011_N213_20260915163035.csv,TIME_MACHINE
2022,범위확인필요,유기와학대의죄,75.0,17.0,,2011-2022,132_DT_13204_2011_N213_20260915163035.csv,TIME_MACHINE
2022,범위확인필요,유사강간,222.0,218.0,,2011-2022,132_DT_13204_2011_N213_20260915163035.csv,TIME_MACHINE
2022,범위확인필요,유사강간상해·치상,10.0,9.0,,2011-2022,132_DT_13204_2011_N213_20260915163035.csv,TIME_MACHINE
2022,범위확인필요,유사성행위,24.0,25.0,,2011-2022,132_DT_13204_2011_N213_20260915163035.csv,TIME_MACHINE
2022,범위확인필요,유사수신행위의규제에관한법률,377.0,260.0,,2011-2022,132_DT_13204_2011_N213_20260915163035.csv,TIME_MACHINE
2022,범위확인필요,유선및도선사업법,1.0,1.0,,2011-2022,132_DT_13204_2011_N213_20260915163035.csv,TIME_MACHINE
2022,범위확인필요,음악산업진흥에관한법률,1026.0,1004.0,,2011-2022,132_DT_13204_2011_N213_20260915163035.csv,TIME_MACHINE
2022,범위확인필요,음용수에관한죄,1.0,1.0,,2011-2022,132_DT_13204_2011_N213_20260915163035.csv,TIME_MACHINE
2022,범위확인필요,"음화등반포(판매,임대,전시,제조)",4.0,2.0,,2011-2022,132_DT_13204_2011_N213_20260915163035.csv,TIME_MACHINE
2022,범위확인필요,의료법,548.0,446.0,,2011-2022,132_DT_13204_2011_N213_20260915163035.csv,TIME_MACHINE
2022,범위확인필요,인신매매,1.0,,,2011-2022,132_DT_13204_2011_N213_20260915163035.csv,TIME_MACHINE
2022,범위확인필요,인질강도,1.0,1.0,,2011-2022,132_DT_13204_2011_N213_20260915163035.csv,TIME_MACHINE
2022,범위확인필요,일반건조물등방화,58.0,44.0,,2011-2022,132_DT_13204_2011_N213_20260915163035.csv,TIME_MACHINE
2022,범위확인필요,일수와수리에관한죄,1.0,1.0,,2011-2022,132_DT_13204_2011_N213_20260915163035.csv,TIME_MACHINE
2022,범위확인필요,자기소유건조물등방화,2.0,1.0,,2011-2022,132_DT_13204_2011_N213_20260915163035.csv,TIME_MACHINE
2022,범위확인필요,자동차관리법,6483.0,6033.0,,2011-2022,132_DT_13204_2011_N213_20260915163035.csv,TIME_MACHINE
2022,범위확인필요,자동차방화,1.0,1.0,,2011-2022,132_DT_13204_2011_N213_20260915163035.csv,TIME_MACHINE
2022,범위확인필요,자동차손해배상보장법,372.0,348.0,,2011-2022,132_DT_13204_2011_N213_20260915163035.csv,TIME_MACHINE
2022,범위확인필요,자살교사·방조,3.0,5.0,,2011-2022,132_DT_13204_2011_N213_20260915163035.csv,TIME_MACHINE
2022,범위확인필요,자연공원법,3.0,2.0,,2011-2022,132_DT_13204_2011_N213_20260915163035.csv,TIME_MACHINE
2022,범위확인필요,장물에관한죄,48.0,34.0,,2011-2022,132_DT_13204_2011_N213_20260915163035.csv,TIME_MACHINE
2022,범위확인필요,장사등에관한법률,2.0,1.0,,2011-2022,132_DT_13204_2011_N213_20260915163035.csv,TIME_MACHINE
2022,범위확인필요,장애인에대한강간·간음,50.0,41.0,,2011-2022,132_DT_13204_2011_N213_20260915163035.csv,TIME_MACHINE
2022,범위확인필요,장애인에대한강제추행·추행,58.0,46.0,,2011-2022,132_DT_13204_2011_N213_20260915163035.csv,TIME_MACHINE
2022,범위확인필요,저작권법,3124.0,1018.0,,2011-2022,132_DT_13204_2011_N213_20260915163035.csv,TIME_MACHINE
2022,범위확인필요,전기통신기본법,1008.0,859.0,,2011-2022,132_DT_13204_2011_N213_20260915163035.csv,TIME_MACHINE
2022,범위확인필요,전자금융거래법위반,1412.0,1126.0,,2011-2022,132_DT_13204_2011_N213_20260915163035.csv,TIME_MACHINE
2022,범위확인필요,전파법,3.0,2.0,,2011-2022,132_DT_13204_2011_N213_20260915163035.csv,TIME_MACHINE
2022,범위확인필요,절도,35256.0,18188.0,,2011-2022,132_DT_13204_2011_N213_20260915163035.csv,TIME_MACHINE
2022,범위확인필요,절도(상습),143.0,131.0,,2011-2022,132_DT_13204_2011_N213_20260915163035.csv,TIME_MACHINE
2022,범위확인필요,절도범죄,37579.0,20205.0,,2011-2022,132_DT_13204_2011_N213_20260915163035.csv,TIME_MACHINE
2022,범위확인필요,점유이탈물등횡령,13602.0,4345.0,,2011-2022,132_DT_13204_2011_N213_20260915163035.csv,TIME_MACHINE
2022,범위확인필요,정당법,2.0,1.0,,2011-2022,132_DT_13204_2011_N213_20260915163035.csv,TIME_MACHINE
2022,범위확인필요,정보통신망이용촉진및정보보호등에관한법률(음란물유포),122.0,52.0,,2011-2022,132_DT_13204_2011_N213_20260915163035.csv,TIME_MACHINE
2022,범위확인필요,정보통신망이용촉진및정보보호등에관한법률위반(개인정보누설등),4.0,3.0,,2011-2022,132_DT_13204_2011_N213_20260915163035.csv,TIME_MACHINE
2022,범위확인필요,정보통신망이용촉진및정보보호등에관한법률위반(기타),697.0,356.0,,2011-2022,132_DT_13204_2011_N213_20260915163035.csv,TIME_MACHINE
2022,범위확인필요,정보통신망이용촉진및정보보호등에관한법률위반(명예훼손),3900.0,2079.0,,2011-2022,132_DT_13204_2011_N213_20260915163035.csv,TIME_MACHINE
2022,범위확인필요,정보통신망이용촉진및정보보호등에관한법률위반(정보통신망침해등),907.0,121.0,,2011-2022,132_DT_13204_2011_N213_20260915163035.csv,TIME_MACHINE
2022,범위확인필요,정신건강복지법,3.0,1.0,,2011-2022,132_DT_13204_2011_N213_20260915163035.csv,TIME_MACHINE
2022,범위확인필요,정치자금법,9.0,8.0,,2011-2022,132_DT_13204_2011_N213_20260915163035.csv,TIME_MACHINE
2022,범위확인필요,조세범처벌법,460.0,376.0,,2011-2022,132_DT_13204_2011_N213_20260915163035.csv,TIME_MACHINE
2022,범위확인필요,존속살해,5.0,4.0,,2011-2022,132_DT_13204_2011_N213_20260915163035.csv,TIME_MACHINE
2022,범위확인필요,존속상해,47.0,47.0,,2011-2022,132_DT_13204_2011_N213_20260915163035.csv,TIME_MACHINE
2022,범위확인필요,존속상해(상습),2.0,2.0,,2011-2022,132_DT_13204_2011_N213_20260915163035.csv,TIME_MACHINE
2022,범위확인필요,존속상해(특수·특수중),12.0,12.0,,2011-2022,132_DT_13204_2011_N213_20260915163035.csv,TIME_MACHINE
2022,범위확인필요,존속상해치사,1.0,1.0,,2011-2022,132_DT_13204_2011_N213_20260915163035.csv,TIME_MACHINE
2022,범위확인필요,존속체포·감금,7.0,5.0,,2011-2022,132_DT_13204_2011_N213_20260915163035.csv,TIME_MACHINE
2022,범위확인필요,존속체포·감금(중),1.0,,,2011-2022,132_DT_13204_2011_N213_20260915163035.csv,TIME_MACHINE
2022,범위확인필요,존속체포·감금(특수·특수중),1.0,1.0,,2011-2022,132_DT_13204_2011_N213_20260915163035.csv,TIME_MACHINE
2022,범위확인필요,존속체포·감금치사상(중·특수·상습),1.0,1.0,,2011-2022,132_DT_13204_2011_N213_20260915163035.csv,TIME_MACHINE
2022,범위확인필요,존속폭행,449.0,440.0,,2011-2022,132_DT_13204_2011_N213_20260915163035.csv,TIME_MACHINE
2022,범위확인필요,존속폭행(상습),1.0,1.0,,2011-2022,132_DT_13204_2011_N213_20260915163035.csv,TIME_MACHINE
2022,범위확인필요,존속폭행(특수),18.0,18.0,,2011-2022,132_DT_13204_2011_N213_20260915163035.csv,TIME_MACHINE
2022,범위확인필요,존속폭행치상,3.0,3.0,,2011-2022,132_DT_13204_2011_N213_20260915163035.csv,TIME_MACHINE
2022,범위확인필요,존속협박,52.0,54.0,,2011-2022,132_DT_13204_2011_N213_20260915163035.csv,TIME_MACHINE
2022,범위확인필요,존속협박(상습),1.0,1.0,,2011-2022,132_DT_13204_2011_N213_20260915163035.csv,TIME_MACHINE
2022,범위확인필요,존속협박(특수),41.0,41.0,,2011-2022,132_DT_13204_2011_N213_20260915163035.csv,TIME_MACHINE
2022,범위확인필요,주거침입강간,14.0,14.0,,2011-2022,132_DT_13204_2011_N213_20260915163035.csv,TIME_MACHINE
2022,범위확인필요,주거침입강간등,2.0,2.0,,2011-2022,132_DT_13204_2011_N213_20260915163035.csv,TIME_MACHINE
2022,범위확인필요,주거침입강제추행,25.0,25.0,,2011-2022,132_DT_13204_2011_N213_20260915163035.csv,TIME_MACHINE
2022,범위확인필요,주거침입유사강간,2.0,1.0,,2011-2022,132_DT_13204_2011_N213_20260915163035.csv,TIME_MACHINE
2022,범위확인필요,주거침입의죄,3921.0,2838.0,,2011-2022,132_DT_13204_2011_N213_20260915163035.csv,TIME_MACHINE
2022,범위확인필요,주민등록법,358.0,280.0,,2011-2022,132_DT_13204_2011_N213_20260915163035.csv,TIME_MACHINE
2022,범위확인필요,주차장법,34.0,32.0,,2011-2022,132_DT_13204_2011_N213_20260915163035.csv,TIME_MACHINE
2022,범위확인필요,준강간,356.0,336.0,,2011-2022,132_DT_13204_2011_N213_20260915163035.csv,TIME_MACHINE
2022,범위확인필요,준강간(상습),1.0,1.0,,2011-2022,132_DT_13204_2011_N213_20260915163035.csv,TIME_MACHINE
2022,범위확인필요,준강도,20.0,19.0,,2011-2022,132_DT_13204_2011_N213_20260915163035.csv,TIME_MACHINE
2022,범위확인필요,준강제추행,204.0,202.0,,2011-2022,132_DT_13204_2011_N213_20260915163035.csv,TIME_MACHINE
2022,범위확인필요,준사기,30.0,24.0,,2011-2022,132_DT_13204_2011_N213_20260915163035.csv,TIME_MACHINE
2022,범위확인필요,준사기(상습),1.0,1.0,,2011-2022,132_DT_13204_2011_N213_20260915163035.csv,TIME_MACHINE
2022,범위확인필요,준유사강간,60.0,62.0,,2011-2022,132_DT_13204_2011_N213_20260915163035.csv,TIME_MACHINE
2022,범위확인필요,준특수강도,2.0,2.0,,2011-2022,132_DT_13204_2011_N213_20260915163035.csv,TIME_MACHINE
2022,범위확인필요,증수뢰,73.0,48.0,,2011-2022,132_DT_13204_2011_N213_20260915163035.csv,TIME_MACHINE
2022,범위확인필요,지능범죄,78604.0,38606.0,,2011-2022,132_DT_13204_2011_N213_20260915163035.csv,TIME_MACHINE
2022,범위확인필요,지방세법,4.0,3.0,,2011-2022,132_DT_13204_2011_N213_20260915163035.csv,TIME_MACHINE
2022,범위확인필요,직권남용,403.0,64.0,,2011-2022,132_DT_13204_2011_N213_20260915163035.csv,TIME_MACHINE
2022,범위확인필요,직권남용(권리행사방해·체포·감금),290.0,40.0,,2011-2022,132_DT_13204_2011_N213_20260915163035.csv,TIME_MACHINE
2022,범위확인필요,직무유기,373.0,36.0,,2011-2022,132_DT_13204_2011_N213_20260915163035.csv,TIME_MACHINE
2022,범위확인필요,직무유기·수행거부,373.0,36.0,,2011-2022,132_DT_13204_2011_N213_20260915163035.csv,TIME_MACHINE
2022,범위확인필요,직업안정법,23.0,16.0,,2011-2022,132_DT_13204_2011_N213_20260915163035.csv,TIME_MACHINE
2022,범위확인필요,집회및시위에관한법률,222.0,176.0,,2011-2022,132_DT_13204_2011_N213_20260915163035.csv,TIME_MACHINE
2022,범위확인필요,채무자회생및파산에관한법률위반,25.0,11.0,,2011-2022,132_DT_13204_2011_N213_20260915163035.csv,TIME_MACHINE
2022,범위확인필요,철도안전법,123.0,109.0,,2011-2022,132_DT_13204_2011_N213_20260915163035.csv,TIME_MACHINE
2022,범위확인필요,청소년보호법,880.0,858.0,,2011-2022,132_DT_13204_2011_N213_20260915163035.csv,TIME_MACHINE
2022,범위확인필요,청소년에대한강간·간음,70.0,67.0,,2011-2022,132_DT_13204_2011_N213_20260915163035.csv,TIME_MACHINE
2022,범위확인필요,청소년에대한강간등,21.0,17.0,,2011-2022,132_DT_13204_2011_N213_20260915163035.csv,TIME_MACHINE
2022,범위확인필요,청소년에대한강제추행·추행,135.0,128.0,,2011-2022,132_DT_13204_2011_N213_20260915163035.csv,TIME_MACHINE
2022,범위확인필요,체포·감금,241.0,211.0,,2011-2022,132_DT_13204_2011_N213_20260915163035.csv,TIME_MACHINE
2022,범위확인필요,체포·감금(중),1.0,1.0,,2011-2022,132_DT_13204_2011_N213_20260915163035.csv,TIME_MACHINE
2022,범위확인필요,체포·감금(특수·특수중),20.0,17.0,,2011-2022,132_DT_13204_2011_N213_20260915163035.csv,TIME_MACHINE
2022,범위확인필요,체포·감금치사상(중·특수·상습),11.0,9.0,,2011-2022,132_DT_13204_2011_N213_20260915163035.csv,TIME_MACHINE
2022,범위확인필요,총계,279507.0,192540.0,,2011-2022,132_DT_13204_2011_N213_20260915163035.csv,TIME_MACHINE
2022,범위확인필요,총포·도검·화약류등의안전관리에관한법률,110.0,105.0,,2011-2022,132_DT_13204_2011_N213_20260915163035.csv,TIME_MACHINE
2022,범위확인필요,축산물위생관리법,28.0,16.0,,2011-2022,132_DT_13204_2011_N213_20260915163035.csv,TIME_MACHINE
2022,범위확인필요,출입국관리법,137.0,111.0,,2011-2022,132_DT_13204_2011_N213_20260915163035.csv,TIME_MACHINE
2022,범위확인필요,친족관계에의한강간,11.0,9.0,,2011-2022,132_DT_13204_2011_N213_20260915163035.csv,TIME_MACHINE
2022,범위확인필요,친족관계에의한강제추행,34.0,35.0,,2011-2022,132_DT_13204_2011_N213_20260915163035.csv,TIME_MACHINE
2022,범위확인필요,컴퓨터등사용사기,4560.0,819.0,,2011-2022,132_DT_13204_2011_N213_20260915163035.csv,TIME_MACHINE
2022,범위확인필요,토양환경보전법,2.0,2.0,,2011-2022,132_DT_13204_2011_N213_20260915163035.csv,TIME_MACHINE
2022,범위확인필요,통신비밀보호법,56.0,38.0,,2011-2022,132_DT_13204_2011_N213_20260915163035.csv,TIME_MACHINE
2022,범위확인필요,통화,181.0,7.0,,2011-2022,132_DT_13204_2011_N213_20260915163035.csv,TIME_MACHINE
2022,범위확인필요,통화위조·변조,107.0,3.0,,2011-2022,132_DT_13204_2011_N213_20260915163035.csv,TIME_MACHINE
2022,범위확인필요,특가법(국고손실),1.0,1.0,,2011-2022,132_DT_13204_2011_N213_20260915163035.csv,TIME_MACHINE
2022,범위확인필요,특가법(뇌물),14.0,12.0,,2011-2022,132_DT_13204_2011_N213_20260915163035.csv,TIME_MACHINE
2022,범위확인필요,특가법(도주차량),1105.0,1037.0,,2011-2022,132_DT_13204_2011_N213_20260915163035.csv,TIME_MACHINE
2022,범위확인필요,특가법(마약),1.0,2.0,,2011-2022,132_DT_13204_2011_N213_20260915163035.csv,TIME_MACHINE
2022,범위확인필요,특가법(무고),1.0,,,2011-2022,132_DT_13204_2011_N213_20260915163035.csv,TIME_MACHINE
2022,범위확인필요,특가법(보복범죄등),14.0,14.0,,2011-2022,132_DT_13204_2011_N213_20260915163035.csv,TIME_MACHINE
2022,범위확인필요,특가법(보복살인등),1.0,1.0,,2011-2022,132_DT_13204_2011_N213_20260915163035.csv,TIME_MACHINE
2022,범위확인필요,특가법(보복상해등),5.0,5.0,,2011-2022,132_DT_13204_2011_N213_20260915163035.csv,TIME_MACHINE
2022,범위확인필요,특가법(보복체포·감금등),2.0,2.0,,2011-2022,132_DT_13204_2011_N213_20260915163035.csv,TIME_MACHINE
2022,범위확인필요,특가법(보복폭행등),19.0,19.0,,2011-2022,132_DT_13204_2011_N213_20260915163035.csv,TIME_MACHINE
2022,범위확인필요,특가법(보복협박등),54.0,48.0,,2011-2022,132_DT_13204_2011_N213_20260915163035.csv,TIME_MACHINE
2022,범위확인필요,특가법(알선수재),3.0,3.0,,2011-2022,132_DT_13204_2011_N213_20260915163035.csv,TIME_MACHINE
2022,범위확인필요,특가법(어린이보호구역치사상),94.0,94.0,,2011-2022,132_DT_13204_2011_N213_20260915163035.csv,TIME_MACHINE
2022,범위확인필요,특가법(운전자폭행등),1115.0,1097.0,,2011-2022,132_DT_13204_2011_N213_20260915163035.csv,TIME_MACHINE
2022,범위확인필요,특가법(위험운전치사상),1036.0,1032.0,,2011-2022,132_DT_13204_2011_N213_20260915163035.csv,TIME_MACHINE
2022,범위확인필요,특가법(절도),366.0,352.0,,2011-2022,132_DT_13204_2011_N213_20260915163035.csv,TIME_MACHINE
2022,범위확인필요,특가법(조세),55.0,35.0,,2011-2022,132_DT_13204_2011_N213_20260915163035.csv,TIME_MACHINE
2022,범위확인필요,"특가법(체포·감금,독직폭행·가혹행위)",7.0,4.0,,2011-2022,132_DT_13204_2011_N213_20260915163035.csv,TIME_MACHINE
2022,범위확인필요,특가법(향정),7.0,1.0,,2011-2022,132_DT_13204_2011_N213_20260915163035.csv,TIME_MACHINE
2022,범위확인필요,특경법(공갈),9.0,6.0,,2011-2022,132_DT_13204_2011_N213_20260915163035.csv,TIME_MACHINE
2022,범위확인필요,특경법(배임),188.0,138.0,,2011-2022,132_DT_13204_2011_N213_20260915163035.csv,TIME_MACHINE
2022,범위확인필요,특경법(사금융알선등),4.0,4.0,,2011-2022,132_DT_13204_2011_N213_20260915163035.csv,TIME_MACHINE
2022,범위확인필요,특경법(사기),1072.0,713.0,,2011-2022,132_DT_13204_2011_N213_20260915163035.csv,TIME_MACHINE
2022,범위확인필요,특경법(수재등),6.0,7.0,,2011-2022,132_DT_13204_2011_N213_20260915163035.csv,TIME_MACHINE
2022,범위확인필요,특경법(알선수재),8.0,5.0,,2011-2022,132_DT_13204_2011_N213_20260915163035.csv,TIME_MACHINE
2022,범위확인필요,특경법(횡령),260.0,176.0,,2011-2022,132_DT_13204_2011_N213_20260915163035.csv,TIME_MACHINE
2022,범위확인필요,특별경제범죄,11436.0,7944.0,,2011-2022,132_DT_13204_2011_N213_20260915163035.csv,TIME_MACHINE
2022,범위확인필요,특수강간(준),28.0,24.0,,2011-2022,132_DT_13204_2011_N213_20260915163035.csv,TIME_MACHINE
2022,범위확인필요,특수강도,46.0,43.0,,2011-2022,132_DT_13204_2011_N213_20260915163035.csv,TIME_MACHINE
2022,범위확인필요,특수강도강제추행,1.0,1.0,,2011-2022,132_DT_13204_2011_N213_20260915163035.csv,TIME_MACHINE
2022,범위확인필요,특수강도유사강간,1.0,1.0,,2011-2022,132_DT_13204_2011_N213_20260915163035.csv,TIME_MACHINE
2022,범위확인필요,특수강제추행(준),4.0,5.0,,2011-2022,132_DT_13204_2011_N213_20260915163035.csv,TIME_MACHINE
2022,범위확인필요,특수공갈,18.0,19.0,,2011-2022,132_DT_13204_2011_N213_20260915163035.csv,TIME_MACHINE
2022,범위확인필요,특수공갈(상습),1.0,1.0,,2011-2022,132_DT_13204_2011_N213_20260915163035.csv,TIME_MACHINE
2022,범위확인필요,특수상해,15.0,9.0,,2011-2022,132_DT_13204_2011_N213_20260915163035.csv,TIME_MACHINE
2022,범위확인필요,특수상해(중),1.0,1.0,,2011-2022,132_DT_13204_2011_N213_20260915163035.csv,TIME_MACHINE
2022,범위확인필요,특수절도,1134.0,958.0,,2011-2022,132_DT_13204_2011_N213_20260915163035.csv,TIME_MACHINE
2022,범위확인필요,특수절도(상습),1.0,1.0,,2011-2022,132_DT_13204_2011_N213_20260915163035.csv,TIME_MACHINE
2022,범위확인필요,특수폭행,1640.0,1549.0,,2011-2022,132_DT_13204_2011_N213_20260915163035.csv,TIME_MACHINE
2022,범위확인필요,특수폭행(상습),3.0,2.0,,2011-2022,132_DT_13204_2011_N213_20260915163035.csv,TIME_MACHINE
2022,범위확인필요,특수폭행치상,25.0,21.0,,2011-2022,132_DT_13204_2011_N213_20260915163035.csv,TIME_MACHINE
2022,범위확인필요,특허법,9.0,7.0,,2011-2022,132_DT_13204_2011_N213_20260915163035.csv,TIME_MACHINE
2022,범위확인필요,편의시설부정이용,271.0,171.0,,2011-2022,132_DT_13204_2011_N213_20260915163035.csv,TIME_MACHINE
2022,범위확인필요,폐기물관리법,13.0,14.0,,2011-2022,132_DT_13204_2011_N213_20260915163035.csv,TIME_MACHINE
2022,범위확인필요,폭력범죄,46874.0,39424.0,,2011-2022,132_DT_13204_2011_N213_20260915163035.csv,TIME_MACHINE
2022,범위확인필요,폭력행위등,1077.0,975.0,,2011-2022,132_DT_13204_2011_N213_20260915163035.csv,TIME_MACHINE
2022,범위확인필요,폭력행위등처벌에관한법률위반(공동),1027.0,932.0,,2011-2022,132_DT_13204_2011_N213_20260915163035.csv,TIME_MACHINE
2022,범위확인필요,폭력행위등처벌에관한법률위반(단체등의[상습·공동·상습특수]),17.0,14.0,,2011-2022,132_DT_13204_2011_N213_20260915163035.csv,TIME_MACHINE
2022,범위확인필요,폭력행위등처벌에관한법률위반(상습),12.0,12.0,,2011-2022,132_DT_13204_2011_N213_20260915163035.csv,TIME_MACHINE
2022,범위확인필요,폭력행위등처벌에관한법률위반(우범자),14.0,13.0,,2011-2022,132_DT_13204_2011_N213_20260915163035.csv,TIME_MACHINE
2022,범위확인필요,"폭력행위등처벌에관한법률위반(집단,흉기등)",7.0,4.0,,2011-2022,132_DT_13204_2011_N213_20260915163035.csv,TIME_MACHINE
2022,범위확인필요,폭발성물건파열(과실),8.0,8.0,,2011-2022,132_DT_13204_2011_N213_20260915163035.csv,TIME_MACHINE
2022,범위확인필요,폭행,26521.0,24705.0,,2011-2022,132_DT_13204_2011_N213_20260915163035.csv,TIME_MACHINE
2022,범위확인필요,폭행(상습),22.0,21.0,,2011-2022,132_DT_13204_2011_N213_20260915163035.csv,TIME_MACHINE
2022,범위확인필요,폭행치사,7.0,7.0,,2011-2022,132_DT_13204_2011_N213_20260915163035.csv,TIME_MACHINE
2022,범위확인필요,폭행치상,338.0,327.0,,2011-2022,132_DT_13204_2011_N213_20260915163035.csv,TIME_MACHINE
2022,범위확인필요,풍속범죄,5849.0,4438.0,,2011-2022,132_DT_13204_2011_N213_20260915163035.csv,TIME_MACHINE
2022,범위확인필요,풍속영업의규제에관한법률,19.0,19.0,,2011-2022,132_DT_13204_2011_N213_20260915163035.csv,TIME_MACHINE
2022,범위확인필요,피약취자·피유인자·피매매자(상해·치상),1.0,1.0,,2011-2022,132_DT_13204_2011_N213_20260915163035.csv,TIME_MACHINE
2022,범위확인필요,피의사실공표,5.0,2.0,,2011-2022,132_DT_13204_2011_N213_20260915163035.csv,TIME_MACHINE
2022,범위확인필요,하수도법,8.0,5.0,,2011-2022,132_DT_13204_2011_N213_20260915163035.csv,TIME_MACHINE
2022,범위확인필요,하천법,1.0,2.0,,2011-2022,132_DT_13204_2011_N213_20260915163035.csv,TIME_MACHINE
2022,범위확인필요,학원의설립·운영및과외교섭에관한법률,61.0,60.0,,2011-2022,132_DT_13204_2011_N213_20260915163035.csv,TIME_MACHINE
2022,범위확인필요,"허위감정,증거인멸·은닉,증인은닉죄",33.0,19.0,,2011-2022,132_DT_13204_2011_N213_20260915163035.csv,TIME_MACHINE
2022,범위확인필요,현주·공용건조물등방화,128.0,122.0,,2011-2022,132_DT_13204_2011_N213_20260915163035.csv,TIME_MACHINE
2022,범위확인필요,현주건조물등방화치사,1.0,1.0,,2011-2022,132_DT_13204_2011_N213_20260915163035.csv,TIME_MACHINE
2022,범위확인필요,현주건조물등방화치상,5.0,5.0,,2011-2022,132_DT_13204_2011_N213_20260915163035.csv,TIME_MACHINE
2022,범위확인필요,협박,4193.0,3867.0,,2011-2022,132_DT_13204_2011_N213_20260915163035.csv,TIME_MACHINE
2022,범위확인필요,협박(상습),6.0,6.0,,2011-2022,132_DT_13204_2011_N213_20260915163035.csv,TIME_MACHINE
2022,범위확인필요,협박(특수),2116.0,2059.0,,2011-2022,132_DT_13204_2011_N213_20260915163035.csv,TIME_MACHINE
2022,범위확인필요,형의실효등에관한법률,1.0,1.0,,2011-2022,132_DT_13204_2011_N213_20260915163035.csv,TIME_MACHINE
2022,범위확인필요,혼인빙자간음(위계간음),1.0,1.0,,2011-2022,132_DT_13204_2011_N213_20260915163035.csv,TIME_MACHINE
2022,범위확인필요,화물자동차운수사업법,357.0,323.0,,2011-2022,132_DT_13204_2011_N213_20260915163035.csv,TIME_MACHINE
2022,범위확인필요,환경범죄,49.0,45.0,,2011-2022,132_DT_13204_2011_N213_20260915163035.csv,TIME_MACHINE
2022,범위확인필요,횡령,16606.0,6351.0,,2011-2022,132_DT_13204_2011_N213_20260915163035.csv,TIME_MACHINE
