"죄종별","항목","단위","2011 년","2012 년","2013 년","2014 년","2015 년","2016 년","2017 년","2018 년","2019 년","2020 년","2021 년","2022 년",
"총계","발생건수[건]","건","3","-","3","-","-","-","-","-","-","-","-","-",
"총계","검거건수[건]","건","151","97","112","91","76","88","64","91","42","69","68","44",
"총계","발생건수 대비 검거건수[%]","%","5033.3","9700","3733.3","9100","7600","-","-","-","-","-","-","-",
"총계","검거인원[명]","명","478","338","413","482","366","406","268","437","238","198","183","145",
"총계","남자검거인원[명]","명","416","263","378","398","315","361","237","401","124","167","151","123",
"총계","여자검거인원[명]","명","49","66","24","77","44","33","10","22","24","29","24","13",
"총계","불상검거인원[명]","명","13","9","11","7","7","12","21","14","90","2","8","9",
"총계","법인체[개]","개","","15","24","18","6","15","3","10","-","23","18","21",
"강력범죄","발생건수[건]","건","-","-","","","","-","-","-","-","-","-","-",
"강력범죄","검거건수[건]","건","-","-","2","","1","-","-","-","-","2","-","-",
"강력범죄","발생건수 대비 검거건수[%]","%","-","","200","","100","-","-","-","-","-","-","-",
"강력범죄","검거인원[명]","명","-","-","3","1","1","-","-","1","-","1","1","-",
"강력범죄","남자검거인원[명]","명","-","-","3","1","1","-","-","1","-","1","1","-",
"강력범죄","여자검거인원[명]","명","-","-","","","","-","-","-","-","-","-","-",
"강력범죄","불상검거인원[명]","명","-","-","","","","-","-","-","-","-","-","-",
"강력범죄","법인체[개]","개","","","","","","-","-","-","-","-","-","-",
"살인기수","발생건수[건]","건","-","-","","","","-","-","-","-","-","-","-",
"살인기수","검거건수[건]","건","-","-","","","","-","-","-","-","-","-","-",
"살인기수","발생건수 대비 검거건수[%]","%","-","","","","","-","-","-","-","-","-","-",
"살인기수","검거인원[명]","명","-","-","","","","-","-","-","-","-","-","-",
"살인기수","남자검거인원[명]","명","-","-","","","","-","-","-","-","-","-","-",
"살인기수","여자검거인원[명]","명","-","-","","","","-","-","-","-","-","-","-",
"살인기수","불상검거인원[명]","명","-","-","","","","-","-","-","-","-","-","-",
"살인기수","법인체[개]","개","","","","","","-","-","-","-","-","-","-",
"살인","발생건수[건]","건","-","-","","","","-","-","-","-","-","-","-",
"살인","검거건수[건]","건","-","-","","","","-","-","-","-","-","-","-",
"살인","발생건수 대비 검거건수[%]","%","-","","","","","-","-","-","-","-","-","-",
"살인","검거인원[명]","명","-","-","","","","-","-","-","-","-","-","-",
"살인","남자검거인원[명]","명","-","-","","","","-","-","-","-","-","-","-",
"살인","여자검거인원[명]","명","-","-","","","","-","-","-","-","-","-","-",
"살인","불상검거인원[명]","명","-","-","","","","-","-","-","-","-","-","-",
"살인","법인체[개]","개","","","","","","-","-","-","-","-","-","-",
"영아살해","발생건수[건]","건","-","-","","","","-","-","-","-","-","-","-",
"영아살해","검거건수[건]","건","-","-","","","","-","-","-","-","-","-","-",
"영아살해","발생건수 대비 검거건수[%]","%","-","","","","","-","-","-","-","-","-","-",
"영아살해","검거인원[명]","명","-","-","","","","-","-","-","-","-","-","-",
"영아살해","남자검거인원[명]","명","-","-","","","","-","-","-","-","-","-","-",
"영아살해","여자검거인원[명]","명","-","-","","","","-","-","-","-","-","-","-",
"영아살해","불상검거인원[명]","명","-","-","","","","-","-","-","-","-","-","-",
"영아살해","법인체[개]","개","","","","","","-","-","-","-","-","-","-",
"존속살해","발생건수[건]","건","-","-","","","","-","-","-","-","-","-","-",
"존속살해","검거건수[건]","건","-","-","","","","-","-","-","-","-","-","-",
"존속살해","발생건수 대비 검거건수[%]","%","-","","","","","-","-","-","-","-","-","-",
"존속살해","검거인원[명]","명","-","-","","","","-","-","-","-","-","-","-",
"존속살해","남자검거인원[명]","명","-","-","","","","-","-","-","-","-","-","-",
"존속살해","여자검거인원[명]","명","-","-","","","","-","-","-","-","-","-","-",
"존속살해","불상검거인원[명]","명","-","-","","","","-","-","-","-","-","-","-",
"존속살해","법인체[개]","개","","","","","","-","-","-","-","-","-","-",
"촉탁·승낙살인","발생건수[건]","건","-","-","","","","-","-","-","-","-","-","-",
"촉탁·승낙살인","검거건수[건]","건","-","-","","","","-","-","-","-","-","-","-",
"촉탁·승낙살인","발생건수 대비 검거건수[%]","%","-","","","","","-","-","-","-","-","-","-",
"촉탁·승낙살인","검거인원[명]","명","-","-","","","","-","-","-","-","-","-","-",
"촉탁·승낙살인","남자검거인원[명]","명","-","-","","","","-","-","-","-","-","-","-",
"촉탁·승낙살인","여자검거인원[명]","명","-","-","","","","-","-","-","-","-","-","-",
"촉탁·승낙살인","불상검거인원[명]","명","-","-","","","","-","-","-","-","-","-","-",
"촉탁·승낙살인","법인체[개]","개","","","","","","-","-","-","-","-","-","-",
"자살교사·방조","발생건수[건]","건","-","-","","","","-","-","-","-","-","-","-",
"자살교사·방조","검거건수[건]","건","-","-","","","","-","-","-","-","-","-","-",
"자살교사·방조","발생건수 대비 검거건수[%]","%","-","","","","","-","-","-","-","-","-","-",
"자살교사·방조","검거인원[명]","명","-","-","","","","-","-","-","-","-","-","-",
"자살교사·방조","남자검거인원[명]","명","-","-","","","","-","-","-","-","-","-","-",
"자살교사·방조","여자검거인원[명]","명","-","-","","","","-","-","-","-","-","-","-",
"자살교사·방조","불상검거인원[명]","명","-","-","","","","-","-","-","-","-","-","-",
"자살교사·방조","법인체[개]","개","","","","","","-","-","-","-","-","-","-",
"위계·위력·촉탁·승낙살인","발생건수[건]","건","-","-","","","","-","-","-","-","-","-","-",
"위계·위력·촉탁·승낙살인","검거건수[건]","건","-","-","","","","-","-","-","-","-","-","-",
"위계·위력·촉탁·승낙살인","발생건수 대비 검거건수[%]","%","-","","","","","-","-","-","-","-","-","-",
"위계·위력·촉탁·승낙살인","검거인원[명]","명","-","-","","","","-","-","-","-","-","-","-",
"위계·위력·촉탁·승낙살인","남자검거인원[명]","명","-","-","","","","-","-","-","-","-","-","-",
"위계·위력·촉탁·승낙살인","여자검거인원[명]","명","-","-","","","","-","-","-","-","-","-","-",
"위계·위력·촉탁·승낙살인","불상검거인원[명]","명","-","-","","","","-","-","-","-","-","-","-",
"위계·위력·촉탁·승낙살인","법인체[개]","개","","","","","","-","-","-","-","-","-","-",
"특가법(보복살인등)","발생건수[건]","건","","","","","","-","-","-","-","-","-","-",
"특가법(보복살인등)","검거건수[건]","건","","","","","","-","-","-","-","-","-","-",
"특가법(보복살인등)","발생건수 대비 검거건수[%]","%","","","","","","-","-","-","-","-","-","-",
"특가법(보복살인등)","검거인원[명]","명","","","","","","-","-","-","-","-","-","-",
"특가법(보복살인등)","남자검거인원[명]","명","","","","","","-","-","-","-","-","-","-",
"특가법(보복살인등)","여자검거인원[명]","명","","","","","","-","-","-","-","-","-","-",
"특가법(보복살인등)","불상검거인원[명]","명","","","","","","-","-","-","-","-","-","-",
"특가법(보복살인등)","법인체[개]","개","","","","","","-","-","-","-","-","-","-",
"아동학대처벌법(아동학대살해)","발생건수[건]","건","","","","","","","","","","","-","-",
"아동학대처벌법(아동학대살해)","검거건수[건]","건","","","","","","","","","","","-","-",
"아동학대처벌법(아동학대살해)","발생건수 대비 검거건수[%]","%","","","","","","","","","","","-","-",
"아동학대처벌법(아동학대살해)","검거인원[명]","명","","","","","","","","","","","-","-",
"아동학대처벌법(아동학대살해)","남자검거인원[명]","명","","","","","","","","","","","-","-",
"아동학대처벌법(아동학대살해)","여자검거인원[명]","명","","","","","","","","","","","-","-",
"아동학대처벌법(아동학대살해)","불상검거인원[명]","명","","","","","","","","","","","-","-",
"아동학대처벌법(아동학대살해)","법인체[개]","개","","","","","","","","","","","-","-",
"살인미수등","발생건수[건]","건","-","-","","","","-","-","-","-","-","-","-",
"살인미수등","검거건수[건]","건","-","-","","","1","-","-","-","-","-","-","-",
"살인미수등","발생건수 대비 검거건수[%]","%","-","","","","100","-","-","-","-","-","-","-",
"살인미수등","검거인원[명]","명","-","-","","","1","-","-","-","-","-","-","-",
"살인미수등","남자검거인원[명]","명","-","-","","","1","-","-","-","-","-","-","-",
"살인미수등","여자검거인원[명]","명","-","-","","","","-","-","-","-","-","-","-",
"살인미수등","불상검거인원[명]","명","-","-","","","","-","-","-","-","-","-","-",
"살인미수등","법인체[개]","개","","","","","","-","-","-","-","-","-","-",
"살인","발생건수[건]","건","-","-","","","","-","-","-","-","-","-","-",
"살인","검거건수[건]","건","-","-","","","1","-","-","-","-","-","-","-",
"살인","발생건수 대비 검거건수[%]","%","-","","","","100","-","-","-","-","-","-","-",
"살인","검거인원[명]","명","-","-","","","1","-","-","-","-","-","-","-",
"살인","남자검거인원[명]","명","-","-","","","1","-","-","-","-","-","-","-",
"살인","여자검거인원[명]","명","-","-","","","","-","-","-","-","-","-","-",
"살인","불상검거인원[명]","명","-","-","","","","-","-","-","-","-","-","-",
"살인","법인체[개]","개","","","","","","-","-","-","-","-","-","-",
"영아살해","발생건수[건]","건","-","-","","","","-","-","-","-","-","-","-",
"영아살해","검거건수[건]","건","-","-","","","","-","-","-","-","-","-","-",
"영아살해","발생건수 대비 검거건수[%]","%","-","","","","","-","-","-","-","-","-","-",
"영아살해","검거인원[명]","명","-","-","","","","-","-","-","-","-","-","-",
"영아살해","남자검거인원[명]","명","-","-","","","","-","-","-","-","-","-","-",
"영아살해","여자검거인원[명]","명","-","-","","","","-","-","-","-","-","-","-",
"영아살해","불상검거인원[명]","명","-","-","","","","-","-","-","-","-","-","-",
"영아살해","법인체[개]","개","","","","","","-","-","-","-","-","-","-",
"존속살해","발생건수[건]","건","-","-","","","","-","-","-","-","-","-","-",
"존속살해","검거건수[건]","건","-","-","","","","-","-","-","-","-","-","-",
"존속살해","발생건수 대비 검거건수[%]","%","-","","","","","-","-","-","-","-","-","-",
"존속살해","검거인원[명]","명","-","-","","","","-","-","-","-","-","-","-",
"존속살해","남자검거인원[명]","명","-","-","","","","-","-","-","-","-","-","-",
"존속살해","여자검거인원[명]","명","-","-","","","","-","-","-","-","-","-","-",
"존속살해","불상검거인원[명]","명","-","-","","","","-","-","-","-","-","-","-",
"존속살해","법인체[개]","개","","","","","","-","-","-","-","-","-","-",
"촉탁·승낙살인","발생건수[건]","건","-","-","","","","-","-","-","-","-","-","-",
"촉탁·승낙살인","검거건수[건]","건","-","-","","","","-","-","-","-","-","-","-",
"촉탁·승낙살인","발생건수 대비 검거건수[%]","%","-","","","","","-","-","-","-","-","-","-",
"촉탁·승낙살인","검거인원[명]","명","-","-","","","","-","-","-","-","-","-","-",
"촉탁·승낙살인","남자검거인원[명]","명","-","-","","","","-","-","-","-","-","-","-",
"촉탁·승낙살인","여자검거인원[명]","명","-","-","","","","-","-","-","-","-","-","-",
"촉탁·승낙살인","불상검거인원[명]","명","-","-","","","","-","-","-","-","-","-","-",
"촉탁·승낙살인","법인체[개]","개","","","","","","-","-","-","-","-","-","-",
"자살교사·방조","발생건수[건]","건","-","-","","","","-","-","-","-","-","-","-",
"자살교사·방조","검거건수[건]","건","-","-","","","","-","-","-","-","-","-","-",
"자살교사·방조","발생건수 대비 검거건수[%]","%","-","","","","","-","-","-","-","-","-","-",
"자살교사·방조","검거인원[명]","명","-","-","","","","-","-","-","-","-","-","-",
"자살교사·방조","남자검거인원[명]","명","-","-","","","","-","-","-","-","-","-","-",
"자살교사·방조","여자검거인원[명]","명","-","-","","","","-","-","-","-","-","-","-",
"자살교사·방조","불상검거인원[명]","명","-","-","","","","-","-","-","-","-","-","-",
"자살교사·방조","법인체[개]","개","","","","","","-","-","-","-","-","-","-",
"위계·위력·촉탁·승낙살인","발생건수[건]","건","-","-","","","","-","-","-","-","-","-","-",
"위계·위력·촉탁·승낙살인","검거건수[건]","건","-","-","","","","-","-","-","-","-","-","-",
"위계·위력·촉탁·승낙살인","발생건수 대비 검거건수[%]","%","-","","","","","-","-","-","-","-","-","-",
"위계·위력·촉탁·승낙살인","검거인원[명]","명","-","-","","","","-","-","-","-","-","-","-",
"위계·위력·촉탁·승낙살인","남자검거인원[명]","명","-","-","","","","-","-","-","-","-","-","-",
"위계·위력·촉탁·승낙살인","여자검거인원[명]","명","-","-","","","","-","-","-","-","-","-","-",
"위계·위력·촉탁·승낙살인","불상검거인원[명]","명","-","-","","","","-","-","-","-","-","-","-",
"위계·위력·촉탁·승낙살인","법인체[개]","개","","","","","","-","-","-","-","-","-","-",
"강도","발생건수[건]","건","-","-","","","","-","-","-","-","-","-","-",
"강도","검거건수[건]","건","-","-","","","","-","-","-","-","-","-","-",
"강도","발생건수 대비 검거건수[%]","%","-","","","","","-","-","-","-","-","-","-",
"강도","검거인원[명]","명","-","-","","","","-","-","-","-","-","-","-",
"강도","남자검거인원[명]","명","-","-","","","","-","-","-","-","-","-","-",
"강도","여자검거인원[명]","명","-","-","","","","-","-","-","-","-","-","-",
"강도","불상검거인원[명]","명","-","-","","","","-","-","-","-","-","-","-",
"강도","법인체[개]","개","","","","","","-","-","-","-","-","-","-",
"강도","발생건수[건]","건","-","-","","","","-","-","-","-","-","-","-",
"강도","검거건수[건]","건","-","-","","","","-","-","-","-","-","-","-",
"강도","발생건수 대비 검거건수[%]","%","-","","","","","-","-","-","-","-","-","-",
"강도","검거인원[명]","명","-","-","","","","-","-","-","-","-","-","-",
"강도","남자검거인원[명]","명","-","-","","","","-","-","-","-","-","-","-",
"강도","여자검거인원[명]","명","-","-","","","","-","-","-","-","-","-","-",
"강도","불상검거인원[명]","명","-","-","","","","-","-","-","-","-","-","-",
"강도","법인체[개]","개","","","","","","-","-","-","-","-","-","-",
"준강도","발생건수[건]","건","-","-","","","","-","-","-","-","-","-","-",
"준강도","검거건수[건]","건","-","-","","","","-","-","-","-","-","-","-",
"준강도","발생건수 대비 검거건수[%]","%","-","","","","","-","-","-","-","-","-","-",
"준강도","검거인원[명]","명","-","-","","","","-","-","-","-","-","-","-",
"준강도","남자검거인원[명]","명","-","-","","","","-","-","-","-","-","-","-",
"준강도","여자검거인원[명]","명","-","-","","","","-","-","-","-","-","-","-",
"준강도","불상검거인원[명]","명","-","-","","","","-","-","-","-","-","-","-",
"준강도","법인체[개]","개","","","","","","-","-","-","-","-","-","-",
"특수강도","발생건수[건]","건","-","-","","","","-","-","-","-","-","-","-",
"특수강도","검거건수[건]","건","-","-","","","","-","-","-","-","-","-","-",
"특수강도","발생건수 대비 검거건수[%]","%","-","","","","","-","-","-","-","-","-","-",
"특수강도","검거인원[명]","명","-","-","","","","-","-","-","-","-","-","-",
"특수강도","남자검거인원[명]","명","-","-","","","","-","-","-","-","-","-","-",
"특수강도","여자검거인원[명]","명","-","-","","","","-","-","-","-","-","-","-",
"특수강도","불상검거인원[명]","명","-","-","","","","-","-","-","-","-","-","-",
"특수강도","법인체[개]","개","","","","","","-","-","-","-","-","-","-",
"준특수강도","발생건수[건]","건","-","-","","","","-","-","-","-","-","-","-",
"준특수강도","검거건수[건]","건","-","-","","","","-","-","-","-","-","-","-",
"준특수강도","발생건수 대비 검거건수[%]","%","-","","","","","-","-","-","-","-","-","-",
"준특수강도","검거인원[명]","명","-","-","","","","-","-","-","-","-","-","-",
"준특수강도","남자검거인원[명]","명","-","-","","","","-","-","-","-","-","-","-",
"준특수강도","여자검거인원[명]","명","-","-","","","","-","-","-","-","-","-","-",
"준특수강도","불상검거인원[명]","명","-","-","","","","-","-","-","-","-","-","-",
"준특수강도","법인체[개]","개","","","","","","-","-","-","-","-","-","-",
"강도상해·치상","발생건수[건]","건","-","-","","","","-","-","-","-","-","-","-",
"강도상해·치상","검거건수[건]","건","-","-","","","","-","-","-","-","-","-","-",
"강도상해·치상","발생건수 대비 검거건수[%]","%","-","","","","","-","-","-","-","-","-","-",
"강도상해·치상","검거인원[명]","명","-","-","","","","-","-","-","-","-","-","-",
"강도상해·치상","남자검거인원[명]","명","-","-","","","","-","-","-","-","-","-","-",
"강도상해·치상","여자검거인원[명]","명","-","-","","","","-","-","-","-","-","-","-",
"강도상해·치상","불상검거인원[명]","명","-","-","","","","-","-","-","-","-","-","-",
"강도상해·치상","법인체[개]","개","","","","","","-","-","-","-","-","-","-",
"강도살인·치사","발생건수[건]","건","-","-","","","","-","-","-","-","-","-","-",
"강도살인·치사","검거건수[건]","건","-","-","","","","-","-","-","-","-","-","-",
"강도살인·치사","발생건수 대비 검거건수[%]","%","-","","","","","-","-","-","-","-","-","-",
"강도살인·치사","검거인원[명]","명","-","-","","","","-","-","-","-","-","-","-",
"강도살인·치사","남자검거인원[명]","명","-","-","","","","-","-","-","-","-","-","-",
"강도살인·치사","여자검거인원[명]","명","-","-","","","","-","-","-","-","-","-","-",
"강도살인·치사","불상검거인원[명]","명","-","-","","","","-","-","-","-","-","-","-",
"강도살인·치사","법인체[개]","개","","","","","","-","-","-","-","-","-","-",
"해상강도(살인·치사·상해·치상)","발생건수[건]","건","-","-","","","","-","-","-","-","-","-","-",
"해상강도(살인·치사·상해·치상)","검거건수[건]","건","-","-","","","","-","-","-","-","-","-","-",
"해상강도(살인·치사·상해·치상)","발생건수 대비 검거건수[%]","%","-","","","","","-","-","-","-","-","-","-",
"해상강도(살인·치사·상해·치상)","검거인원[명]","명","-","-","","","","-","-","-","-","-","-","-",
"해상강도(살인·치사·상해·치상)","남자검거인원[명]","명","-","-","","","","-","-","-","-","-","-","-",
"해상강도(살인·치사·상해·치상)","여자검거인원[명]","명","-","-","","","","-","-","-","-","-","-","-",
"해상강도(살인·치사·상해·치상)","불상검거인원[명]","명","-","-","","","","-","-","-","-","-","-","-",
"해상강도(살인·치사·상해·치상)","법인체[개]","개","","","","","","-","-","-","-","-","-","-",
"인질강도","발생건수[건]","건","-","-","","","","-","-","-","-","-","-","-",
"인질강도","검거건수[건]","건","-","-","","","","-","-","-","-","-","-","-",
"인질강도","발생건수 대비 검거건수[%]","%","-","","","","","-","-","-","-","-","-","-",
"인질강도","검거인원[명]","명","-","-","","","","-","-","-","-","-","-","-",
"인질강도","남자검거인원[명]","명","-","-","","","","-","-","-","-","-","-","-",
"인질강도","여자검거인원[명]","명","-","-","","","","-","-","-","-","-","-","-",
"인질강도","불상검거인원[명]","명","-","-","","","","-","-","-","-","-","-","-",
"인질강도","법인체[개]","개","","","","","","-","-","-","-","-","-","-",
"강도강간","발생건수[건]","건","-","-","","","","-","-","-","-","-","-","-",
"강도강간","검거건수[건]","건","-","-","","","","-","-","-","-","-","-","-",
"강도강간","발생건수 대비 검거건수[%]","%","-","","","","","-","-","-","-","-","-","-",
"강도강간","검거인원[명]","명","-","-","","","","-","-","-","-","-","-","-",
"강도강간","남자검거인원[명]","명","-","-","","","","-","-","-","-","-","-","-",
"강도강간","여자검거인원[명]","명","-","-","","","","-","-","-","-","-","-","-",
"강도강간","불상검거인원[명]","명","-","-","","","","-","-","-","-","-","-","-",
"강도강간","법인체[개]","개","","","","","","-","-","-","-","-","-","-",
"(특수·인질·해상)강도(상습)","발생건수[건]","건","-","-","","","","-","-","-","-","-","-","-",
"(특수·인질·해상)강도(상습)","검거건수[건]","건","-","-","","","","-","-","-","-","-","-","-",
"(특수·인질·해상)강도(상습)","발생건수 대비 검거건수[%]","%","-","","","","","-","-","-","-","-","-","-",
"(특수·인질·해상)강도(상습)","검거인원[명]","명","-","-","","","","-","-","-","-","-","-","-",
"(특수·인질·해상)강도(상습)","남자검거인원[명]","명","-","-","","","","-","-","-","-","-","-","-",
"(특수·인질·해상)강도(상습)","여자검거인원[명]","명","-","-","","","","-","-","-","-","-","-","-",
"(특수·인질·해상)강도(상습)","불상검거인원[명]","명","-","-","","","","-","-","-","-","-","-","-",
"(특수·인질·해상)강도(상습)","법인체[개]","개","","","","","","-","-","-","-","-","-","-",
"특가법(강도)","발생건수[건]","건","-","-","","","","-","-","-","-","-","-","-",
"특가법(강도)","검거건수[건]","건","-","-","","","","-","-","-","-","-","-","-",
"특가법(강도)","발생건수 대비 검거건수[%]","%","-","","","","","-","-","-","-","-","-","-",
"특가법(강도)","검거인원[명]","명","-","-","","","","-","-","-","-","-","-","-",
"특가법(강도)","남자검거인원[명]","명","-","-","","","","-","-","-","-","-","-","-",
"특가법(강도)","여자검거인원[명]","명","-","-","","","","-","-","-","-","-","-","-",
"특가법(강도)","불상검거인원[명]","명","-","-","","","","-","-","-","-","-","-","-",
"특가법(강도)","법인체[개]","개","","","","","","-","-","-","-","-","-","-",
"특가법(강도상해재범)","발생건수[건]","건","-","-","","","","-","-","-","-","-","-","-",
"특가법(강도상해재범)","검거건수[건]","건","-","-","","","","-","-","-","-","-","-","-",
"특가법(강도상해재범)","발생건수 대비 검거건수[%]","%","-","","","","","-","-","-","-","-","-","-",
"특가법(강도상해재범)","검거인원[명]","명","-","-","","","","-","-","-","-","-","-","-",
"특가법(강도상해재범)","남자검거인원[명]","명","-","-","","","","-","-","-","-","-","-","-",
"특가법(강도상해재범)","여자검거인원[명]","명","-","-","","","","-","-","-","-","-","-","-",
"특가법(강도상해재범)","불상검거인원[명]","명","-","-","","","","-","-","-","-","-","-","-",
"특가법(강도상해재범)","법인체[개]","개","","","","","","-","-","-","-","-","-","-",
"강간·강제추행","발생건수[건]","건","-","-","","","","","","","","","","",
"강간·강제추행","검거건수[건]","건","-","-","","","","","","","","","","",
"강간·강제추행","발생건수 대비 검거건수[%]","%","-","","","","","","","","","","","",
"강간·강제추행","검거인원[명]","명","-","-","","","","","","","","","","",
"강간·강제추행","남자검거인원[명]","명","-","-","","","","","","","","","","",
"강간·강제추행","여자검거인원[명]","명","-","-","","","","","","","","","","",
"강간·강제추행","불상검거인원[명]","명","-","-","","","","","","","","","","",
"강간","발생건수[건]","건","-","-","","","","","","","","","","",
"강간","검거건수[건]","건","-","-","","","","","","","","","","",
"강간","발생건수 대비 검거건수[%]","%","-","","","","","","","","","","","",
"강간","검거인원[명]","명","-","-","","","","","","","","","","",
"강간","남자검거인원[명]","명","-","-","","","","","","","","","","",
"강간","여자검거인원[명]","명","-","-","","","","","","","","","","",
"강간","불상검거인원[명]","명","-","-","","","","","","","","","","",
"강제추행(준)","발생건수[건]","건","-","-","","","","","","","","","","",
"강제추행(준)","검거건수[건]","건","-","-","","","","","","","","","","",
"강제추행(준)","발생건수 대비 검거건수[%]","%","-","","","","","","","","","","","",
"강제추행(준)","검거인원[명]","명","-","-","","","","","","","","","","",
"강제추행(준)","남자검거인원[명]","명","-","-","","","","","","","","","","",
"강제추행(준)","여자검거인원[명]","명","-","-","","","","","","","","","","",
"강제추행(준)","불상검거인원[명]","명","-","-","","","","","","","","","","",
"준강간","발생건수[건]","건","-","-","","","","","","","","","","",
"준강간","검거건수[건]","건","-","-","","","","","","","","","","",
"준강간","발생건수 대비 검거건수[%]","%","-","","","","","","","","","","","",
"준강간","검거인원[명]","명","-","-","","","","","","","","","","",
"준강간","남자검거인원[명]","명","-","-","","","","","","","","","","",
"준강간","여자검거인원[명]","명","-","-","","","","","","","","","","",
"준강간","불상검거인원[명]","명","-","-","","","","","","","","","","",
"강간등상해·치상","발생건수[건]","건","","-","","","","","","","","","","",
"강간등상해·치상","검거건수[건]","건","","-","","","","","","","","","","",
"강간등상해·치상","검거인원[명]","명","","-","","","","","","","","","","",
"강간등상해·치상","남자검거인원[명]","명","","-","","","","","","","","","","",
"강간등상해·치상","여자검거인원[명]","명","","-","","","","","","","","","","",
"강간등상해·치상","불상검거인원[명]","명","","-","","","","","","","","","","",
"강간등살인·치사","발생건수[건]","건","","-","","","","","","","","","","",
"강간등살인·치사","검거건수[건]","건","","-","","","","","","","","","","",
"강간등살인·치사","검거인원[명]","명","","-","","","","","","","","","","",
"강간등살인·치사","남자검거인원[명]","명","","-","","","","","","","","","","",
"강간등살인·치사","여자검거인원[명]","명","","-","","","","","","","","","","",
"강간등살인·치사","불상검거인원[명]","명","","-","","","","","","","","","","",
"강간등상해","발생건수[건]","건","-","","","","","","","","","","","",
"강간등상해","검거건수[건]","건","-","","","","","","","","","","","",
"강간등상해","발생건수 대비 검거건수[%]","%","-","","","","","","","","","","","",
"강간등상해","검거인원[명]","명","-","","","","","","","","","","","",
"강간등상해","남자검거인원[명]","명","-","","","","","","","","","","","",
"강간등상해","여자검거인원[명]","명","-","","","","","","","","","","","",
"강간등상해","불상검거인원[명]","명","-","","","","","","","","","","","",
"강간치상(준)","발생건수[건]","건","-","","","","","","","","","","","",
"강간치상(준)","검거건수[건]","건","-","","","","","","","","","","","",
"강간치상(준)","발생건수 대비 검거건수[%]","%","-","","","","","","","","","","","",
"강간치상(준)","검거인원[명]","명","-","","","","","","","","","","","",
"강간치상(준)","남자검거인원[명]","명","-","","","","","","","","","","","",
"강간치상(준)","여자검거인원[명]","명","-","","","","","","","","","","","",
"강간치상(준)","불상검거인원[명]","명","-","","","","","","","","","","","",
"강간치사(준)","발생건수[건]","건","-","","","","","","","","","","","",
"강간치사(준)","검거건수[건]","건","-","","","","","","","","","","","",
"강간치사(준)","발생건수 대비 검거건수[%]","%","-","","","","","","","","","","","",
"강간치사(준)","검거인원[명]","명","-","","","","","","","","","","","",
"강간치사(준)","남자검거인원[명]","명","-","","","","","","","","","","","",
"강간치사(준)","여자검거인원[명]","명","-","","","","","","","","","","","",
"강간치사(준)","불상검거인원[명]","명","-","","","","","","","","","","","",
"강제추행치상(준)","발생건수[건]","건","-","","","","","","","","","","","",
"강제추행치상(준)","검거건수[건]","건","-","","","","","","","","","","","",
"강제추행치상(준)","발생건수 대비 검거건수[%]","%","-","","","","","","","","","","","",
"강제추행치상(준)","검거인원[명]","명","-","","","","","","","","","","","",
"강제추행치상(준)","남자검거인원[명]","명","-","","","","","","","","","","","",
"강제추행치상(준)","여자검거인원[명]","명","-","","","","","","","","","","","",
"강제추행치상(준)","불상검거인원[명]","명","-","","","","","","","","","","","",
"강간등살인","발생건수[건]","건","-","","","","","","","","","","","",
"강간등살인","검거건수[건]","건","-","","","","","","","","","","","",
"강간등살인","발생건수 대비 검거건수[%]","%","-","","","","","","","","","","","",
"강간등살인","검거인원[명]","명","-","","","","","","","","","","","",
"강간등살인","남자검거인원[명]","명","-","","","","","","","","","","","",
"강간등살인","여자검거인원[명]","명","-","","","","","","","","","","","",
"강간등살인","불상검거인원[명]","명","-","","","","","","","","","","","",
"강제추행치사(준)","발생건수[건]","건","-","","","","","","","","","","","",
"강제추행치사(준)","검거건수[건]","건","-","","","","","","","","","","","",
"강제추행치사(준)","발생건수 대비 검거건수[%]","%","-","","","","","","","","","","","",
"강제추행치사(준)","검거인원[명]","명","-","","","","","","","","","","","",
"강제추행치사(준)","남자검거인원[명]","명","-","","","","","","","","","","","",
"강제추행치사(준)","여자검거인원[명]","명","-","","","","","","","","","","","",
"강제추행치사(준)","불상검거인원[명]","명","-","","","","","","","","","","","",
"미성년자등간음·추행(심신미약자)","발생건수[건]","건","-","-","","","","","","","","","","",
"미성년자등간음·추행(심신미약자)","검거건수[건]","건","-","-","","","","","","","","","","",
"미성년자등간음·추행(심신미약자)","발생건수 대비 검거건수[%]","%","-","","","","","","","","","","","",
"미성년자등간음·추행(심신미약자)","검거인원[명]","명","-","-","","","","","","","","","","",
"미성년자등간음·추행(심신미약자)","남자검거인원[명]","명","-","-","","","","","","","","","","",
"미성년자등간음·추행(심신미약자)","여자검거인원[명]","명","-","-","","","","","","","","","","",
"미성년자등간음·추행(심신미약자)","불상검거인원[명]","명","-","-","","","","","","","","","","",
"피보호자(피감호자)간음","발생건수[건]","건","-","-","","","","","","","","","","",
"피보호자(피감호자)간음","검거건수[건]","건","-","-","","","","","","","","","","",
"피보호자(피감호자)간음","발생건수 대비 검거건수[%]","%","-","","","","","","","","","","","",
"피보호자(피감호자)간음","검거인원[명]","명","-","-","","","","","","","","","","",
"피보호자(피감호자)간음","남자검거인원[명]","명","-","-","","","","","","","","","","",
"피보호자(피감호자)간음","여자검거인원[명]","명","-","-","","","","","","","","","","",
"피보호자(피감호자)간음","불상검거인원[명]","명","-","-","","","","","","","","","","",
"미성년자의제강간등","발생건수[건]","건","-","-","","","","","","","","","","",
"미성년자의제강간등","검거건수[건]","건","-","-","","","","","","","","","","",
"미성년자의제강간등","발생건수 대비 검거건수[%]","%","-","","","","","","","","","","","",
"미성년자의제강간등","검거인원[명]","명","-","-","","","","","","","","","","",
"미성년자의제강간등","남자검거인원[명]","명","-","-","","","","","","","","","","",
"미성년자의제강간등","여자검거인원[명]","명","-","-","","","","","","","","","","",
"미성년자의제강간등","불상검거인원[명]","명","-","-","","","","","","","","","","",
"청소년에대한강간등","발생건수[건]","건","-","-","","","","","","","","","","",
"청소년에대한강간등","검거건수[건]","건","-","-","","","","","","","","","","",
"청소년에대한강간등","발생건수 대비 검거건수[%]","%","-","","","","","","","","","","","",
"청소년에대한강간등","검거인원[명]","명","-","-","","","","","","","","","","",
"청소년에대한강간등","남자검거인원[명]","명","-","-","","","","","","","","","","",
"청소년에대한강간등","여자검거인원[명]","명","-","-","","","","","","","","","","",
"청소년에대한강간등","불상검거인원[명]","명","-","-","","","","","","","","","","",
"친족관계에의한강간","발생건수[건]","건","-","-","","","","","","","","","","",
"친족관계에의한강간","검거건수[건]","건","-","-","","","","","","","","","","",
"친족관계에의한강간","발생건수 대비 검거건수[%]","%","-","","","","","","","","","","","",
"친족관계에의한강간","검거인원[명]","명","-","-","","","","","","","","","","",
"친족관계에의한강간","남자검거인원[명]","명","-","-","","","","","","","","","","",
"친족관계에의한강간","여자검거인원[명]","명","-","-","","","","","","","","","","",
"친족관계에의한강간","불상검거인원[명]","명","-","-","","","","","","","","","","",
"친족관계에의한강제추행","발생건수[건]","건","-","-","","","","","","","","","","",
"친족관계에의한강제추행","검거건수[건]","건","-","-","","","","","","","","","","",
"친족관계에의한강제추행","발생건수 대비 검거건수[%]","%","-","","","","","","","","","","","",
"친족관계에의한강제추행","검거인원[명]","명","-","-","","","","","","","","","","",
"친족관계에의한강제추행","남자검거인원[명]","명","-","-","","","","","","","","","","",
"친족관계에의한강제추행","여자검거인원[명]","명","-","-","","","","","","","","","","",
"친족관계에의한강제추행","불상검거인원[명]","명","-","-","","","","","","","","","","",
"친족관계에의한준강간등","발생건수[건]","건","-","-","","","","","","","","","","",
"친족관계에의한준강간등","검거건수[건]","건","-","-","","","","","","","","","","",
"친족관계에의한준강간등","발생건수 대비 검거건수[%]","%","-","","","","","","","","","","","",
"친족관계에의한준강간등","검거인원[명]","명","-","-","","","","","","","","","","",
"친족관계에의한준강간등","남자검거인원[명]","명","-","-","","","","","","","","","","",
"친족관계에의한준강간등","여자검거인원[명]","명","-","-","","","","","","","","","","",
"친족관계에의한준강간등","불상검거인원[명]","명","-","-","","","","","","","","","","",
"장애인에대한강간등","발생건수[건]","건","-","-","","","","","","","","","","",
"장애인에대한강간등","검거건수[건]","건","-","-","","","","","","","","","","",
"장애인에대한강간등","발생건수 대비 검거건수[%]","%","-","","","","","","","","","","","",
"장애인에대한강간등","검거인원[명]","명","-","-","","","","","","","","","","",
"장애인에대한강간등","남자검거인원[명]","명","-","-","","","","","","","","","","",
"장애인에대한강간등","여자검거인원[명]","명","-","-","","","","","","","","","","",
"장애인에대한강간등","불상검거인원[명]","명","-","-","","","","","","","","","","",
"13세미만미성년자강간등","발생건수[건]","건","-","-","","","","","","","","","","",
"13세미만미성년자강간등","검거건수[건]","건","-","-","","","","","","","","","","",
"13세미만미성년자강간등","발생건수 대비 검거건수[%]","%","-","","","","","","","","","","","",
"13세미만미성년자강간등","검거인원[명]","명","-","-","","","","","","","","","","",
"13세미만미성년자강간등","남자검거인원[명]","명","-","-","","","","","","","","","","",
"13세미만미성년자강간등","여자검거인원[명]","명","-","-","","","","","","","","","","",
"13세미만미성년자강간등","불상검거인원[명]","명","-","-","","","","","","","","","","",
"업무상위력등에의한추행","발생건수[건]","건","-","-","","","","","","","","","","",
"업무상위력등에의한추행","검거건수[건]","건","-","-","","","","","","","","","","",
"업무상위력등에의한추행","발생건수 대비 검거건수[%]","%","-","","","","","","","","","","","",
"업무상위력등에의한추행","검거인원[명]","명","-","-","","","","","","","","","","",
"업무상위력등에의한추행","남자검거인원[명]","명","-","-","","","","","","","","","","",
"업무상위력등에의한추행","여자검거인원[명]","명","-","-","","","","","","","","","","",
"업무상위력등에의한추행","불상검거인원[명]","명","-","-","","","","","","","","","","",
"공중밀집장소에서의추행","발생건수[건]","건","-","-","","","","","","","","","","",
"공중밀집장소에서의추행","검거건수[건]","건","-","-","","","","","","","","","","",
"공중밀집장소에서의추행","발생건수 대비 검거건수[%]","%","-","","","","","","","","","","","",
"공중밀집장소에서의추행","검거인원[명]","명","-","-","","","","","","","","","","",
"공중밀집장소에서의추행","남자검거인원[명]","명","-","-","","","","","","","","","","",
"공중밀집장소에서의추행","여자검거인원[명]","명","-","-","","","","","","","","","","",
"공중밀집장소에서의추행","불상검거인원[명]","명","-","-","","","","","","","","","","",
"주거침입강간등","발생건수[건]","건","-","-","","","","","","","","","","",
"주거침입강간등","검거건수[건]","건","-","-","","","","","","","","","","",
"주거침입강간등","발생건수 대비 검거건수[%]","%","-","","","","","","","","","","","",
"주거침입강간등","검거인원[명]","명","-","-","","","","","","","","","","",
"주거침입강간등","남자검거인원[명]","명","-","-","","","","","","","","","","",
"주거침입강간등","여자검거인원[명]","명","-","-","","","","","","","","","","",
"주거침입강간등","불상검거인원[명]","명","-","-","","","","","","","","","","",
"특수절도강간등","발생건수[건]","건","-","-","","","","","","","","","","",
"특수절도강간등","검거건수[건]","건","-","-","","","","","","","","","","",
"특수절도강간등","발생건수 대비 검거건수[%]","%","-","","","","","","","","","","","",
"특수절도강간등","검거인원[명]","명","-","-","","","","","","","","","","",
"특수절도강간등","남자검거인원[명]","명","-","-","","","","","","","","","","",
"특수절도강간등","여자검거인원[명]","명","-","-","","","","","","","","","","",
"특수절도강간등","불상검거인원[명]","명","-","-","","","","","","","","","","",
"특수강도강간등","발생건수[건]","건","-","-","","","","","","","","","","",
"특수강도강간등","검거건수[건]","건","-","-","","","","","","","","","","",
"특수강도강간등","발생건수 대비 검거건수[%]","%","-","","","","","","","","","","","",
"특수강도강간등","검거인원[명]","명","-","-","","","","","","","","","","",
"특수강도강간등","남자검거인원[명]","명","-","-","","","","","","","","","","",
"특수강도강간등","여자검거인원[명]","명","-","-","","","","","","","","","","",
"특수강도강간등","불상검거인원[명]","명","-","-","","","","","","","","","","",
"특수강간","발생건수[건]","건","-","-","","","","","","","","","","",
"특수강간","검거건수[건]","건","-","-","","","","","","","","","","",
"특수강간","발생건수 대비 검거건수[%]","%","-","","","","","","","","","","","",
"특수강간","검거인원[명]","명","-","-","","","","","","","","","","",
"특수강간","남자검거인원[명]","명","-","-","","","","","","","","","","",
"특수강간","여자검거인원[명]","명","-","-","","","","","","","","","","",
"특수강간","불상검거인원[명]","명","-","-","","","","","","","","","","",
"특수강제추행","발생건수[건]","건","-","-","","","","","","","","","","",
"특수강제추행","검거건수[건]","건","-","-","","","","","","","","","","",
"특수강제추행","발생건수 대비 검거건수[%]","%","-","","","","","","","","","","","",
"특수강제추행","검거인원[명]","명","-","-","","","","","","","","","","",
"특수강제추행","남자검거인원[명]","명","-","-","","","","","","","","","","",
"특수강제추행","여자검거인원[명]","명","-","-","","","","","","","","","","",
"특수강제추행","불상검거인원[명]","명","-","-","","","","","","","","","","",
"특수준강제추행","발생건수[건]","건","-","-","","","","","","","","","","",
"특수준강제추행","검거건수[건]","건","-","-","","","","","","","","","","",
"특수준강제추행","발생건수 대비 검거건수[%]","%","-","","","","","","","","","","","",
"특수준강제추행","검거인원[명]","명","-","-","","","","","","","","","","",
"특수준강제추행","남자검거인원[명]","명","-","-","","","","","","","","","","",
"특수준강제추행","여자검거인원[명]","명","-","-","","","","","","","","","","",
"특수준강제추행","불상검거인원[명]","명","-","-","","","","","","","","","","",
"성폭력범죄의처벌및피해자보호등에관한법률위반","발생건수[건]","건","-","-","","","","","","","","","","",
"성폭력범죄의처벌및피해자보호등에관한법률위반","검거건수[건]","건","-","-","","","","","","","","","","",
"성폭력범죄의처벌및피해자보호등에관한법률위반","발생건수 대비 검거건수[%]","%","-","","","","","","","","","","","",
"성폭력범죄의처벌및피해자보호등에관한법률위반","검거인원[명]","명","-","-","","","","","","","","","","",
"성폭력범죄의처벌및피해자보호등에관한법률위반","남자검거인원[명]","명","-","-","","","","","","","","","","",
"성폭력범죄의처벌및피해자보호등에관한법률위반","여자검거인원[명]","명","-","-","","","","","","","","","","",
"성폭력범죄의처벌및피해자보호등에관한법률위반","불상검거인원[명]","명","-","-","","","","","","","","","","",
"업무상위력간음","발생건수[건]","건","-","-","","","","","","","","","","",
"업무상위력간음","검거건수[건]","건","-","-","","","","","","","","","","",
"업무상위력간음","발생건수 대비 검거건수[%]","%","-","","","","","","","","","","","",
"업무상위력간음","검거인원[명]","명","-","-","","","","","","","","","","",
"업무상위력간음","남자검거인원[명]","명","-","-","","","","","","","","","","",
"업무상위력간음","여자검거인원[명]","명","-","-","","","","","","","","","","",
"업무상위력간음","불상검거인원[명]","명","-","-","","","","","","","","","","",
"강간","발생건수[건]","건","","","","","","-","-","-","-","-","-","-",
"강간","검거건수[건]","건","","","1","","","-","-","-","-","1","-","-",
"강간","발생건수 대비 검거건수[%]","%","","","100","","","-","-","-","-","-","-","-",
"강간","검거인원[명]","명","","","2","1","","-","-","-","-","-","1","-",
"강간","남자검거인원[명]","명","","","2","1","","-","-","-","-","-","1","-",
"강간","여자검거인원[명]","명","","","","","","-","-","-","-","-","-","-",
"강간","불상검거인원[명]","명","","","","","","-","-","-","-","-","-","-",
"강간","법인체[개]","개","","","","","","-","-","-","-","-","-","-",
"강간","발생건수[건]","건","","","","","","-","-","-","-","-","-","-",
"강간","검거건수[건]","건","","","1","","","-","-","-","-","-","-","-",
"강간","발생건수 대비 검거건수[%]","%","","","100","","","-","-","-","-","-","-","-",
"강간","검거인원[명]","명","","","1","1","","-","-","-","-","-","1","-",
"강간","남자검거인원[명]","명","","","1","1","","-","-","-","-","-","1","-",
"강간","여자검거인원[명]","명","","","","","","-","-","-","-","-","-","-",
"강간","불상검거인원[명]","명","","","","","","-","-","-","-","-","-","-",
"강간","법인체[개]","개","","","","","","-","-","-","-","-","-","-",
"강간(상습)","발생건수[건]","건","","","","","","-","-","-","-","-","-","-",
"강간(상습)","검거건수[건]","건","","","","","","-","-","-","-","-","-","-",
"강간(상습)","발생건수 대비 검거건수[%]","%","","","","","","-","-","-","-","-","-","-",
"강간(상습)","검거인원[명]","명","","","","","","-","-","-","-","-","-","-",
"강간(상습)","남자검거인원[명]","명","","","","","","-","-","-","-","-","-","-",
"강간(상습)","여자검거인원[명]","명","","","","","","-","-","-","-","-","-","-",
"강간(상습)","불상검거인원[명]","명","","","","","","-","-","-","-","-","-","-",
"강간(상습)","법인체[개]","개","","","","","","-","-","-","-","-","-","-",
"준강간","발생건수[건]","건","","","","","","-","-","-","-","-","-","-",
"준강간","검거건수[건]","건","","","","","","-","-","-","-","-","-","-",
"준강간","발생건수 대비 검거건수[%]","%","","","","","","-","-","-","-","-","-","-",
"준강간","검거인원[명]","명","","","","","","-","-","-","-","-","-","-",
"준강간","남자검거인원[명]","명","","","","","","-","-","-","-","-","-","-",
"준강간","여자검거인원[명]","명","","","","","","-","-","-","-","-","-","-",
"준강간","불상검거인원[명]","명","","","","","","-","-","-","-","-","-","-",
"준강간","법인체[개]","개","","","","","","-","-","-","-","-","-","-",
"준강간(상습)","발생건수[건]","건","","","","","","-","-","-","-","-","-","-",
"준강간(상습)","검거건수[건]","건","","","","","","-","-","-","-","-","-","-",
"준강간(상습)","발생건수 대비 검거건수[%]","%","","","","","","-","-","-","-","-","-","-",
"준강간(상습)","검거인원[명]","명","","","","","","-","-","-","-","-","-","-",
"준강간(상습)","남자검거인원[명]","명","","","","","","-","-","-","-","-","-","-",
"준강간(상습)","여자검거인원[명]","명","","","","","","-","-","-","-","-","-","-",
"준강간(상습)","불상검거인원[명]","명","","","","","","-","-","-","-","-","-","-",
"준강간(상습)","법인체[개]","개","","","","","","-","-","-","-","-","-","-",
"강간상해·치상","발생건수[건]","건","","","","","","-","-","-","-","-","-","-",
"강간상해·치상","검거건수[건]","건","","","","","","-","-","-","-","-","-","-",
"강간상해·치상","발생건수 대비 검거건수[%]","%","","","","","","-","-","-","-","-","-","-",
"강간상해·치상","검거인원[명]","명","","","","","","-","-","-","-","-","-","-",
"강간상해·치상","남자검거인원[명]","명","","","","","","-","-","-","-","-","-","-",
"강간상해·치상","여자검거인원[명]","명","","","","","","-","-","-","-","-","-","-",
"강간상해·치상","불상검거인원[명]","명","","","","","","-","-","-","-","-","-","-",
"강간상해·치상","법인체[개]","개","","","","","","-","-","-","-","-","-","-",
"강간살인·치사","발생건수[건]","건","","","","","","-","-","-","-","-","-","-",
"강간살인·치사","검거건수[건]","건","","","","","","-","-","-","-","-","-","-",
"강간살인·치사","발생건수 대비 검거건수[%]","%","","","","","","-","-","-","-","-","-","-",
"강간살인·치사","검거인원[명]","명","","","","","","-","-","-","-","-","-","-",
"강간살인·치사","남자검거인원[명]","명","","","","","","-","-","-","-","-","-","-",
"강간살인·치사","여자검거인원[명]","명","","","","","","-","-","-","-","-","-","-",
"강간살인·치사","불상검거인원[명]","명","","","","","","-","-","-","-","-","-","-",
"강간살인·치사","법인체[개]","개","","","","","","-","-","-","-","-","-","-",
"미성년자간음(심신미약자)","발생건수[건]","건","","","","","","-","-","-","-","-","-","-",
"미성년자간음(심신미약자)","검거건수[건]","건","","","","","","-","-","-","-","-","-","-",
"미성년자간음(심신미약자)","발생건수 대비 검거건수[%]","%","","","","","","-","-","-","-","-","-","-",
"미성년자간음(심신미약자)","검거인원[명]","명","","","","","","-","-","-","-","-","-","-",
"미성년자간음(심신미약자)","남자검거인원[명]","명","","","","","","-","-","-","-","-","-","-",
"미성년자간음(심신미약자)","여자검거인원[명]","명","","","","","","-","-","-","-","-","-","-",
"미성년자간음(심신미약자)","불상검거인원[명]","명","","","","","","-","-","-","-","-","-","-",
"미성년자간음(심신미약자)","법인체[개]","개","","","","","","-","-","-","-","-","-","-",
"업무상위력에의한간음","발생건수[건]","건","","","","","","-","-","-","-","-","-","-",
"업무상위력에의한간음","검거건수[건]","건","","","","","","-","-","-","-","1","-","-",
"업무상위력에의한간음","발생건수 대비 검거건수[%]","%","","","","","","-","-","-","-","-","-","-",
"업무상위력에의한간음","검거인원[명]","명","","","","","","-","-","-","-","-","-","-",
"업무상위력에의한간음","남자검거인원[명]","명","","","","","","-","-","-","-","-","-","-",
"업무상위력에의한간음","여자검거인원[명]","명","","","","","","-","-","-","-","-","-","-",
"업무상위력에의한간음","불상검거인원[명]","명","","","","","","-","-","-","-","-","-","-",
"업무상위력에의한간음","법인체[개]","개","","","","","","-","-","-","-","-","-","-",
"친족관계에의한강간","발생건수[건]","건","","","","","","-","-","-","-","-","-","-",
"친족관계에의한강간","검거건수[건]","건","","","","","","-","-","-","-","-","-","-",
"친족관계에의한강간","발생건수 대비 검거건수[%]","%","","","","","","-","-","-","-","-","-","-",
"친족관계에의한강간","검거인원[명]","명","","","","","","-","-","-","-","-","-","-",
"친족관계에의한강간","남자검거인원[명]","명","","","","","","-","-","-","-","-","-","-",
"친족관계에의한강간","여자검거인원[명]","명","","","","","","-","-","-","-","-","-","-",
"친족관계에의한강간","불상검거인원[명]","명","","","","","","-","-","-","-","-","-","-",
"친족관계에의한강간","법인체[개]","개","","","","","","-","-","-","-","-","-","-",
"장애인에대한강간·간음","발생건수[건]","건","","","","","","-","-","-","-","-","-","-",
"장애인에대한강간·간음","검거건수[건]","건","","","","","","-","-","-","-","-","-","-",
"장애인에대한강간·간음","발생건수 대비 검거건수[%]","%","","","","","","-","-","-","-","-","-","-",
"장애인에대한강간·간음","검거인원[명]","명","","","","","","-","-","-","-","-","-","-",
"장애인에대한강간·간음","남자검거인원[명]","명","","","","","","-","-","-","-","-","-","-",
"장애인에대한강간·간음","여자검거인원[명]","명","","","","","","-","-","-","-","-","-","-",
"장애인에대한강간·간음","불상검거인원[명]","명","","","","","","-","-","-","-","-","-","-",
"장애인에대한강간·간음","법인체[개]","개","","","","","","-","-","-","-","-","-","-",
"청소년에대한강간·간음","발생건수[건]","건","","","","","","-","-","-","-","-","-","-",
"청소년에대한강간·간음","검거건수[건]","건","","","","","","-","-","-","-","-","-","-",
"청소년에대한강간·간음","발생건수 대비 검거건수[%]","%","","","","","","-","-","-","-","-","-","-",
"청소년에대한강간·간음","검거인원[명]","명","","","","","","-","-","-","-","-","-","-",
"청소년에대한강간·간음","남자검거인원[명]","명","","","","","","-","-","-","-","-","-","-",
"청소년에대한강간·간음","여자검거인원[명]","명","","","","","","-","-","-","-","-","-","-",
"청소년에대한강간·간음","불상검거인원[명]","명","","","","","","-","-","-","-","-","-","-",
"청소년에대한강간·간음","법인체[개]","개","","","","","","-","-","-","-","-","-","-",
"미성년자의제강간","발생건수[건]","건","","","","","","-","-","-","-","-","-","-",
"미성년자의제강간","검거건수[건]","건","","","","","","-","-","-","-","-","-","-",
"미성년자의제강간","발생건수 대비 검거건수[%]","%","","","","","","-","-","-","-","-","-","-",
"미성년자의제강간","검거인원[명]","명","","","","","","-","-","-","-","-","-","-",
"미성년자의제강간","남자검거인원[명]","명","","","","","","-","-","-","-","-","-","-",
"미성년자의제강간","여자검거인원[명]","명","","","","","","-","-","-","-","-","-","-",
"미성년자의제강간","불상검거인원[명]","명","","","","","","-","-","-","-","-","-","-",
"미성년자의제강간","법인체[개]","개","","","","","","-","-","-","-","-","-","-",
"13세미만미성년자강간·간음","발생건수[건]","건","","","","","","-","-","-","-","-","-","-",
"13세미만미성년자강간·간음","검거건수[건]","건","","","","","","-","-","-","-","-","-","-",
"13세미만미성년자강간·간음","발생건수 대비 검거건수[%]","%","","","","","","-","-","-","-","-","-","-",
"13세미만미성년자강간·간음","검거인원[명]","명","","","","","","-","-","-","-","-","-","-",
"13세미만미성년자강간·간음","남자검거인원[명]","명","","","","","","-","-","-","-","-","-","-",
"13세미만미성년자강간·간음","여자검거인원[명]","명","","","","","","-","-","-","-","-","-","-",
"13세미만미성년자강간·간음","불상검거인원[명]","명","","","","","","-","-","-","-","-","-","-",
"13세미만미성년자강간·간음","법인체[개]","개","","","","","","-","-","-","-","-","-","-",
"특수강간(준)","발생건수[건]","건","","","","","","-","-","-","-","-","-","-",
"특수강간(준)","검거건수[건]","건","","","","","","-","-","-","-","-","-","-",
"특수강간(준)","발생건수 대비 검거건수[%]","%","","","","","","-","-","-","-","-","-","-",
"특수강간(준)","검거인원[명]","명","","","1","","","-","-","-","-","-","-","-",
"특수강간(준)","남자검거인원[명]","명","","","1","","","-","-","-","-","-","-","-",
"특수강간(준)","여자검거인원[명]","명","","","","","","-","-","-","-","-","-","-",
"특수강간(준)","불상검거인원[명]","명","","","","","","-","-","-","-","-","-","-",
"특수강간(준)","법인체[개]","개","","","","","","-","-","-","-","-","-","-",
"주거침입강간","발생건수[건]","건","","","","","","-","-","-","-","-","-","-",
"주거침입강간","검거건수[건]","건","","","","","","-","-","-","-","-","-","-",
"주거침입강간","발생건수 대비 검거건수[%]","%","","","","","","-","-","-","-","-","-","-",
"주거침입강간","검거인원[명]","명","","","","","","-","-","-","-","-","-","-",
"주거침입강간","남자검거인원[명]","명","","","","","","-","-","-","-","-","-","-",
"주거침입강간","여자검거인원[명]","명","","","","","","-","-","-","-","-","-","-",
"주거침입강간","불상검거인원[명]","명","","","","","","-","-","-","-","-","-","-",
"주거침입강간","법인체[개]","개","","","","","","-","-","-","-","-","-","-",
"절도강간","발생건수[건]","건","","","","","","-","-","-","-","-","-","-",
"절도강간","검거건수[건]","건","","","","","","-","-","-","-","-","-","-",
"절도강간","발생건수 대비 검거건수[%]","%","","","","","","-","-","-","-","-","-","-",
"절도강간","검거인원[명]","명","","","","","","-","-","-","-","-","-","-",
"절도강간","남자검거인원[명]","명","","","","","","-","-","-","-","-","-","-",
"절도강간","여자검거인원[명]","명","","","","","","-","-","-","-","-","-","-",
"절도강간","불상검거인원[명]","명","","","","","","-","-","-","-","-","-","-",
"절도강간","법인체[개]","개","","","","","","-","-","-","-","-","-","-",
"특수강도강간","발생건수[건]","건","","","","","","-","-","-","-","-","-","-",
"특수강도강간","검거건수[건]","건","","","","","","-","-","-","-","-","-","-",
"특수강도강간","발생건수 대비 검거건수[%]","%","","","","","","-","-","-","-","-","-","-",
"특수강도강간","검거인원[명]","명","","","","","","-","-","-","-","-","-","-",
"특수강도강간","남자검거인원[명]","명","","","","","","-","-","-","-","-","-","-",
"특수강도강간","여자검거인원[명]","명","","","","","","-","-","-","-","-","-","-",
"특수강도강간","불상검거인원[명]","명","","","","","","-","-","-","-","-","-","-",
"특수강도강간","법인체[개]","개","","","","","","-","-","-","-","-","-","-",
"아동학대처벌법위반(상습강간·간음)","발생건수[건]","건","","","","","","-","-","-","-","-","-","-",
"아동학대처벌법위반(상습강간·간음)","검거건수[건]","건","","","","","","-","-","-","-","-","-","-",
"아동학대처벌법위반(상습강간·간음)","발생건수 대비 검거건수[%]","%","","","","","","-","-","-","-","-","-","-",
"아동학대처벌법위반(상습강간·간음)","검거인원[명]","명","","","","","","-","-","-","-","-","-","-",
"아동학대처벌법위반(상습강간·간음)","남자검거인원[명]","명","","","","","","-","-","-","-","-","-","-",
"아동학대처벌법위반(상습강간·간음)","여자검거인원[명]","명","","","","","","-","-","-","-","-","-","-",
"아동학대처벌법위반(상습강간·간음)","불상검거인원[명]","명","","","","","","-","-","-","-","-","-","-",
"아동학대처벌법위반(상습강간·간음)","법인체[개]","개","","","","","","-","-","-","-","-","-","-",
"16세미만아동·청소년간음","발생건수[건]","건","","","","","","","","","","","-","-",
"16세미만아동·청소년간음","검거건수[건]","건","","","","","","","","","","","-","-",
"16세미만아동·청소년간음","발생건수 대비 검거건수[%]","%","","","","","","","","","","","-","-",
"16세미만아동·청소년간음","검거인원[명]","명","","","","","","","","","","","-","-",
"16세미만아동·청소년간음","남자검거인원[명]","명","","","","","","","","","","","-","-",
"16세미만아동·청소년간음","여자검거인원[명]","명","","","","","","","","","","","-","-",
"16세미만아동·청소년간음","불상검거인원[명]","명","","","","","","","","","","","-","-",
"16세미만아동·청소년간음","법인체[개]","개","","","","","","","","","","","-","-",
"유사강간","발생건수[건]","건","","","","","","-","-","-","-","-","-","-",
"유사강간","검거건수[건]","건","","","","","","-","-","-","-","-","-","-",
"유사강간","발생건수 대비 검거건수[%]","%","","","","","","-","-","-","-","-","-","-",
"유사강간","검거인원[명]","명","","","","","","-","-","-","-","-","-","-",
"유사강간","남자검거인원[명]","명","","","","","","-","-","-","-","-","-","-",
"유사강간","여자검거인원[명]","명","","","","","","-","-","-","-","-","-","-",
"유사강간","불상검거인원[명]","명","","","","","","-","-","-","-","-","-","-",
"유사강간","법인체[개]","개","","","","","","-","-","-","-","-","-","-",
"유사강간","발생건수[건]","건","","","","","","-","-","-","-","-","-","-",
"유사강간","검거건수[건]","건","","","","","","-","-","-","-","-","-","-",
"유사강간","발생건수 대비 검거건수[%]","%","","","","","","-","-","-","-","-","-","-",
"유사강간","검거인원[명]","명","","","","","","-","-","-","-","-","-","-",
"유사강간","남자검거인원[명]","명","","","","","","-","-","-","-","-","-","-",
"유사강간","여자검거인원[명]","명","","","","","","-","-","-","-","-","-","-",
"유사강간","불상검거인원[명]","명","","","","","","-","-","-","-","-","-","-",
"유사강간","법인체[개]","개","","","","","","-","-","-","-","-","-","-",
"유사강간(상습)","발생건수[건]","건","","","","","","-","-","-","-","-","-","-",
"유사강간(상습)","검거건수[건]","건","","","","","","-","-","-","-","-","-","-",
"유사강간(상습)","발생건수 대비 검거건수[%]","%","","","","","","-","-","-","-","-","-","-",
"유사강간(상습)","검거인원[명]","명","","","","","","-","-","-","-","-","-","-",
"유사강간(상습)","남자검거인원[명]","명","","","","","","-","-","-","-","-","-","-",
"유사강간(상습)","여자검거인원[명]","명","","","","","","-","-","-","-","-","-","-",
"유사강간(상습)","불상검거인원[명]","명","","","","","","-","-","-","-","-","-","-",
"유사강간(상습)","법인체[개]","개","","","","","","-","-","-","-","-","-","-",
"준유사강간","발생건수[건]","건","","","","","","-","-","-","-","-","-","-",
"준유사강간","검거건수[건]","건","","","","","","-","-","-","-","-","-","-",
"준유사강간","발생건수 대비 검거건수[%]","%","","","","","","-","-","-","-","-","-","-",
"준유사강간","검거인원[명]","명","","","","","","-","-","-","-","-","-","-",
"준유사강간","남자검거인원[명]","명","","","","","","-","-","-","-","-","-","-",
"준유사강간","여자검거인원[명]","명","","","","","","-","-","-","-","-","-","-",
"준유사강간","불상검거인원[명]","명","","","","","","-","-","-","-","-","-","-",
"준유사강간","법인체[개]","개","","","","","","-","-","-","-","-","-","-",
"준유사강간(상습)","발생건수[건]","건","","","","","","-","-","-","-","-","-","-",
"준유사강간(상습)","검거건수[건]","건","","","","","","-","-","-","-","-","-","-",
"준유사강간(상습)","발생건수 대비 검거건수[%]","%","","","","","","-","-","-","-","-","-","-",
"준유사강간(상습)","검거인원[명]","명","","","","","","-","-","-","-","-","-","-",
"준유사강간(상습)","남자검거인원[명]","명","","","","","","-","-","-","-","-","-","-",
"준유사강간(상습)","여자검거인원[명]","명","","","","","","-","-","-","-","-","-","-",
"준유사강간(상습)","불상검거인원[명]","명","","","","","","-","-","-","-","-","-","-",
"준유사강간(상습)","법인체[개]","개","","","","","","-","-","-","-","-","-","-",
"유사강간상해·치상","발생건수[건]","건","","","","","","-","-","-","-","-","-","-",
"유사강간상해·치상","검거건수[건]","건","","","","","","-","-","-","-","-","-","-",
"유사강간상해·치상","발생건수 대비 검거건수[%]","%","","","","","","-","-","-","-","-","-","-",
"유사강간상해·치상","검거인원[명]","명","","","","","","-","-","-","-","-","-","-",
"유사강간상해·치상","남자검거인원[명]","명","","","","","","-","-","-","-","-","-","-",
"유사강간상해·치상","여자검거인원[명]","명","","","","","","-","-","-","-","-","-","-",
"유사강간상해·치상","불상검거인원[명]","명","","","","","","-","-","-","-","-","-","-",
"유사강간상해·치상","법인체[개]","개","","","","","","-","-","-","-","-","-","-",
"유사강간살인·치사","발생건수[건]","건","","","","","","-","-","-","-","-","-","-",
"유사강간살인·치사","검거건수[건]","건","","","","","","-","-","-","-","-","-","-",
"유사강간살인·치사","발생건수 대비 검거건수[%]","%","","","","","","-","-","-","-","-","-","-",
"유사강간살인·치사","검거인원[명]","명","","","","","","-","-","-","-","-","-","-",
"유사강간살인·치사","남자검거인원[명]","명","","","","","","-","-","-","-","-","-","-",
"유사강간살인·치사","여자검거인원[명]","명","","","","","","-","-","-","-","-","-","-",
"유사강간살인·치사","불상검거인원[명]","명","","","","","","-","-","-","-","-","-","-",
"유사강간살인·치사","법인체[개]","개","","","","","","-","-","-","-","-","-","-",
"미성년자의제유사강간","발생건수[건]","건","","","","","","-","-","-","-","-","-","-",
"미성년자의제유사강간","검거건수[건]","건","","","","","","-","-","-","-","-","-","-",
"미성년자의제유사강간","발생건수 대비 검거건수[%]","%","","","","","","-","-","-","-","-","-","-",
"미성년자의제유사강간","검거인원[명]","명","","","","","","-","-","-","-","-","-","-",
"미성년자의제유사강간","남자검거인원[명]","명","","","","","","-","-","-","-","-","-","-",
"미성년자의제유사강간","여자검거인원[명]","명","","","","","","-","-","-","-","-","-","-",
"미성년자의제유사강간","불상검거인원[명]","명","","","","","","-","-","-","-","-","-","-",
"미성년자의제유사강간","법인체[개]","개","","","","","","-","-","-","-","-","-","-",
"유사성행위","발생건수[건]","건","","","","","","-","-","-","-","-","-","-",
"유사성행위","검거건수[건]","건","","","","","","-","-","-","-","-","-","-",
"유사성행위","발생건수 대비 검거건수[%]","%","","","","","","-","-","-","-","-","-","-",
"유사성행위","검거인원[명]","명","","","","","","-","-","-","-","-","-","-",
"유사성행위","남자검거인원[명]","명","","","","","","-","-","-","-","-","-","-",
"유사성행위","여자검거인원[명]","명","","","","","","-","-","-","-","-","-","-",
"유사성행위","불상검거인원[명]","명","","","","","","-","-","-","-","-","-","-",
"유사성행위","법인체[개]","개","","","","","","-","-","-","-","-","-","-",
"주거침입유사강간","발생건수[건]","건","","","","","","-","-","-","-","-","-","-",
"주거침입유사강간","검거건수[건]","건","","","","","","-","-","-","-","-","-","-",
"주거침입유사강간","발생건수 대비 검거건수[%]","%","","","","","","-","-","-","-","-","-","-",
"주거침입유사강간","검거인원[명]","명","","","","","","-","-","-","-","-","-","-",
"주거침입유사강간","남자검거인원[명]","명","","","","","","-","-","-","-","-","-","-",
"주거침입유사강간","여자검거인원[명]","명","","","","","","-","-","-","-","-","-","-",
"주거침입유사강간","불상검거인원[명]","명","","","","","","-","-","-","-","-","-","-",
"주거침입유사강간","법인체[개]","개","","","","","","-","-","-","-","-","-","-",
"절도유사강간","발생건수[건]","건","","","","","","-","-","-","-","-","-","-",
"절도유사강간","검거건수[건]","건","","","","","","-","-","-","-","-","-","-",
"절도유사강간","발생건수 대비 검거건수[%]","%","","","","","","-","-","-","-","-","-","-",
"절도유사강간","검거인원[명]","명","","","","","","-","-","-","-","-","-","-",
"절도유사강간","남자검거인원[명]","명","","","","","","-","-","-","-","-","-","-",
"절도유사강간","여자검거인원[명]","명","","","","","","-","-","-","-","-","-","-",
"절도유사강간","불상검거인원[명]","명","","","","","","-","-","-","-","-","-","-",
"절도유사강간","법인체[개]","개","","","","","","-","-","-","-","-","-","-",
"특수강도유사강간","발생건수[건]","건","","","","","","-","-","-","-","-","-","-",
"특수강도유사강간","검거건수[건]","건","","","","","","-","-","-","-","-","-","-",
"특수강도유사강간","발생건수 대비 검거건수[%]","%","","","","","","-","-","-","-","-","-","-",
"특수강도유사강간","검거인원[명]","명","","","","","","-","-","-","-","-","-","-",
"특수강도유사강간","남자검거인원[명]","명","","","","","","-","-","-","-","-","-","-",
"특수강도유사강간","여자검거인원[명]","명","","","","","","-","-","-","-","-","-","-",
"특수강도유사강간","불상검거인원[명]","명","","","","","","-","-","-","-","-","-","-",
"특수강도유사강간","법인체[개]","개","","","","","","-","-","-","-","-","-","-",
"아동학대처벌법위반(상습유사강간)","발생건수[건]","건","","","","","","-","-","-","-","-","-","-",
"아동학대처벌법위반(상습유사강간)","검거건수[건]","건","","","","","","-","-","-","-","-","-","-",
"아동학대처벌법위반(상습유사강간)","발생건수 대비 검거건수[%]","%","","","","","","-","-","-","-","-","-","-",
"아동학대처벌법위반(상습유사강간)","검거인원[명]","명","","","","","","-","-","-","-","-","-","-",
"아동학대처벌법위반(상습유사강간)","남자검거인원[명]","명","","","","","","-","-","-","-","-","-","-",
"아동학대처벌법위반(상습유사강간)","여자검거인원[명]","명","","","","","","-","-","-","-","-","-","-",
"아동학대처벌법위반(상습유사강간)","불상검거인원[명]","명","","","","","","-","-","-","-","-","-","-",
"아동학대처벌법위반(상습유사강간)","법인체[개]","개","","","","","","-","-","-","-","-","-","-",
"강제추행","발생건수[건]","건","","","","","","-","-","-","-","-","-","-",
"강제추행","검거건수[건]","건","","","1","","","-","-","-","-","1","-","-",
"강제추행","발생건수 대비 검거건수[%]","%","","","100","","","-","-","-","-","-","-","-",
"강제추행","검거인원[명]","명","","","1","","","-","-","1","-","1","-","-",
"강제추행","남자검거인원[명]","명","","","1","","","-","-","1","-","1","-","-",
"강제추행","여자검거인원[명]","명","","","","","","-","-","-","-","-","-","-",
"강제추행","불상검거인원[명]","명","","","","","","-","-","-","-","-","-","-",
"강제추행","법인체[개]","개","","","","","","-","-","-","-","-","-","-",
"강제추행","발생건수[건]","건","","","","","","-","-","-","-","-","-","-",
"강제추행","검거건수[건]","건","","","","","","-","-","-","-","1","-","-",
"강제추행","발생건수 대비 검거건수[%]","%","","","","","","-","-","-","-","-","-","-",
"강제추행","검거인원[명]","명","","","","","","-","-","1","-","1","-","-",
"강제추행","남자검거인원[명]","명","","","","","","-","-","1","-","1","-","-",
"강제추행","여자검거인원[명]","명","","","","","","-","-","-","-","-","-","-",
"강제추행","불상검거인원[명]","명","","","","","","-","-","-","-","-","-","-",
"강제추행","법인체[개]","개","","","","","","-","-","-","-","-","-","-",
"강제추행(상습)","발생건수[건]","건","","","","","","-","-","-","-","-","-","-",
"강제추행(상습)","검거건수[건]","건","","","","","","-","-","-","-","-","-","-",
"강제추행(상습)","발생건수 대비 검거건수[%]","%","","","","","","-","-","-","-","-","-","-",
"강제추행(상습)","검거인원[명]","명","","","","","","-","-","-","-","-","-","-",
"강제추행(상습)","남자검거인원[명]","명","","","","","","-","-","-","-","-","-","-",
"강제추행(상습)","여자검거인원[명]","명","","","","","","-","-","-","-","-","-","-",
"강제추행(상습)","불상검거인원[명]","명","","","","","","-","-","-","-","-","-","-",
"강제추행(상습)","법인체[개]","개","","","","","","-","-","-","-","-","-","-",
"준강제추행","발생건수[건]","건","","","","","","-","-","-","-","-","-","-",
"준강제추행","검거건수[건]","건","","","1","","","-","-","-","-","-","-","-",
"준강제추행","발생건수 대비 검거건수[%]","%","","","100","","","-","-","-","-","-","-","-",
"준강제추행","검거인원[명]","명","","","1","","","-","-","-","-","-","-","-",
"준강제추행","남자검거인원[명]","명","","","1","","","-","-","-","-","-","-","-",
"준강제추행","여자검거인원[명]","명","","","","","","-","-","-","-","-","-","-",
"준강제추행","불상검거인원[명]","명","","","","","","-","-","-","-","-","-","-",
"준강제추행","법인체[개]","개","","","","","","-","-","-","-","-","-","-",
"준강제추행(상습)","발생건수[건]","건","","","","","","-","-","-","-","-","-","-",
"준강제추행(상습)","검거건수[건]","건","","","","","","-","-","-","-","-","-","-",
"준강제추행(상습)","발생건수 대비 검거건수[%]","%","","","","","","-","-","-","-","-","-","-",
"준강제추행(상습)","검거인원[명]","명","","","","","","-","-","-","-","-","-","-",
"준강제추행(상습)","남자검거인원[명]","명","","","","","","-","-","-","-","-","-","-",
"준강제추행(상습)","여자검거인원[명]","명","","","","","","-","-","-","-","-","-","-",
"준강제추행(상습)","불상검거인원[명]","명","","","","","","-","-","-","-","-","-","-",
"준강제추행(상습)","법인체[개]","개","","","","","","-","-","-","-","-","-","-",
"강제추행상해·치상","발생건수[건]","건","","","","","","-","-","-","-","-","-","-",
"강제추행상해·치상","검거건수[건]","건","","","","","","-","-","-","-","-","-","-",
"강제추행상해·치상","발생건수 대비 검거건수[%]","%","","","","","","-","-","-","-","-","-","-",
"강제추행상해·치상","검거인원[명]","명","","","","","","-","-","-","-","-","-","-",
"강제추행상해·치상","남자검거인원[명]","명","","","","","","-","-","-","-","-","-","-",
"강제추행상해·치상","여자검거인원[명]","명","","","","","","-","-","-","-","-","-","-",
"강제추행상해·치상","불상검거인원[명]","명","","","","","","-","-","-","-","-","-","-",
"강제추행상해·치상","법인체[개]","개","","","","","","-","-","-","-","-","-","-",
"강제추행살인·치사","발생건수[건]","건","","","","","","-","-","-","-","-","-","-",
"강제추행살인·치사","검거건수[건]","건","","","","","","-","-","-","-","-","-","-",
"강제추행살인·치사","발생건수 대비 검거건수[%]","%","","","","","","-","-","-","-","-","-","-",
"강제추행살인·치사","검거인원[명]","명","","","","","","-","-","-","-","-","-","-",
"강제추행살인·치사","남자검거인원[명]","명","","","","","","-","-","-","-","-","-","-",
"강제추행살인·치사","여자검거인원[명]","명","","","","","","-","-","-","-","-","-","-",
"강제추행살인·치사","불상검거인원[명]","명","","","","","","-","-","-","-","-","-","-",
"강제추행살인·치사","법인체[개]","개","","","","","","-","-","-","-","-","-","-",
"업무상위력등에의한추행","발생건수[건]","건","","","","","","-","-","-","-","-","-","-",
"업무상위력등에의한추행","검거건수[건]","건","","","","","","-","-","-","-","-","-","-",
"업무상위력등에의한추행","발생건수 대비 검거건수[%]","%","","","","","","-","-","-","-","-","-","-",
"업무상위력등에의한추행","검거인원[명]","명","","","","","","-","-","-","-","-","-","-",
"업무상위력등에의한추행","남자검거인원[명]","명","","","","","","-","-","-","-","-","-","-",
"업무상위력등에의한추행","여자검거인원[명]","명","","","","","","-","-","-","-","-","-","-",
"업무상위력등에의한추행","불상검거인원[명]","명","","","","","","-","-","-","-","-","-","-",
"업무상위력등에의한추행","법인체[개]","개","","","","","","-","-","-","-","-","-","-",
"친족관계에의한강제추행","발생건수[건]","건","","","","","","-","-","-","-","-","-","-",
"친족관계에의한강제추행","검거건수[건]","건","","","","","","-","-","-","-","-","-","-",
"친족관계에의한강제추행","발생건수 대비 검거건수[%]","%","","","","","","-","-","-","-","-","-","-",
"친족관계에의한강제추행","검거인원[명]","명","","","","","","-","-","-","-","-","-","-",
"친족관계에의한강제추행","남자검거인원[명]","명","","","","","","-","-","-","-","-","-","-",
"친족관계에의한강제추행","여자검거인원[명]","명","","","","","","-","-","-","-","-","-","-",
"친족관계에의한강제추행","불상검거인원[명]","명","","","","","","-","-","-","-","-","-","-",
"친족관계에의한강제추행","법인체[개]","개","","","","","","-","-","-","-","-","-","-",
"장애인에대한강제추행·추행","발생건수[건]","건","","","","","","-","-","-","-","-","-","-",
"장애인에대한강제추행·추행","검거건수[건]","건","","","","","","-","-","-","-","-","-","-",
"장애인에대한강제추행·추행","발생건수 대비 검거건수[%]","%","","","","","","-","-","-","-","-","-","-",
"장애인에대한강제추행·추행","검거인원[명]","명","","","","","","-","-","-","-","-","-","-",
"장애인에대한강제추행·추행","남자검거인원[명]","명","","","","","","-","-","-","-","-","-","-",
"장애인에대한강제추행·추행","여자검거인원[명]","명","","","","","","-","-","-","-","-","-","-",
"장애인에대한강제추행·추행","불상검거인원[명]","명","","","","","","-","-","-","-","-","-","-",
"장애인에대한강제추행·추행","법인체[개]","개","","","","","","-","-","-","-","-","-","-",
"청소년에대한강제추행·추행","발생건수[건]","건","","","","","","-","-","-","-","-","-","-",
"청소년에대한강제추행·추행","검거건수[건]","건","","","","","","-","-","-","-","-","-","-",
"청소년에대한강제추행·추행","발생건수 대비 검거건수[%]","%","","","","","","-","-","-","-","-","-","-",
"청소년에대한강제추행·추행","검거인원[명]","명","","","","","","-","-","-","-","-","-","-",
"청소년에대한강제추행·추행","남자검거인원[명]","명","","","","","","-","-","-","-","-","-","-",
"청소년에대한강제추행·추행","여자검거인원[명]","명","","","","","","-","-","-","-","-","-","-",
"청소년에대한강제추행·추행","불상검거인원[명]","명","","","","","","-","-","-","-","-","-","-",
"청소년에대한강제추행·추행","법인체[개]","개","","","","","","-","-","-","-","-","-","-",
"미성년자추행(심신미약자)","발생건수[건]","건","","","","","","-","-","-","-","-","-","-",
"미성년자추행(심신미약자)","검거건수[건]","건","","","","","","-","-","-","-","-","-","-",
"미성년자추행(심신미약자)","발생건수 대비 검거건수[%]","%","","","","","","-","-","-","-","-","-","-",
"미성년자추행(심신미약자)","검거인원[명]","명","","","","","","-","-","-","-","-","-","-",
"미성년자추행(심신미약자)","남자검거인원[명]","명","","","","","","-","-","-","-","-","-","-",
"미성년자추행(심신미약자)","여자검거인원[명]","명","","","","","","-","-","-","-","-","-","-",
"미성년자추행(심신미약자)","불상검거인원[명]","명","","","","","","-","-","-","-","-","-","-",
"미성년자추행(심신미약자)","법인체[개]","개","","","","","","-","-","-","-","-","-","-",
"미성년자의제강제추행","발생건수[건]","건","","","","","","-","-","-","-","-","-","-",
"미성년자의제강제추행","검거건수[건]","건","","","","","","-","-","-","-","-","-","-",
"미성년자의제강제추행","발생건수 대비 검거건수[%]","%","","","","","","-","-","-","-","-","-","-",
"미성년자의제강제추행","검거인원[명]","명","","","","","","-","-","-","-","-","-","-",
"미성년자의제강제추행","남자검거인원[명]","명","","","","","","-","-","-","-","-","-","-",
"미성년자의제강제추행","여자검거인원[명]","명","","","","","","-","-","-","-","-","-","-",
"미성년자의제강제추행","불상검거인원[명]","명","","","","","","-","-","-","-","-","-","-",
"미성년자의제강제추행","법인체[개]","개","","","","","","-","-","-","-","-","-","-",
"13세미만미성년자강제추행·추행","발생건수[건]","건","","","","","","-","-","-","-","-","-","-",
"13세미만미성년자강제추행·추행","검거건수[건]","건","","","","","","-","-","-","-","-","-","-",
"13세미만미성년자강제추행·추행","발생건수 대비 검거건수[%]","%","","","","","","-","-","-","-","-","-","-",
"13세미만미성년자강제추행·추행","검거인원[명]","명","","","","","","-","-","-","-","-","-","-",
"13세미만미성년자강제추행·추행","남자검거인원[명]","명","","","","","","-","-","-","-","-","-","-",
"13세미만미성년자강제추행·추행","여자검거인원[명]","명","","","","","","-","-","-","-","-","-","-",
"13세미만미성년자강제추행·추행","불상검거인원[명]","명","","","","","","-","-","-","-","-","-","-",
"13세미만미성년자강제추행·추행","법인체[개]","개","","","","","","-","-","-","-","-","-","-",
"공중밀집장소에서의추행","발생건수[건]","건","","","","","","-","-","-","-","-","-","-",
"공중밀집장소에서의추행","검거건수[건]","건","","","","","","-","-","-","-","-","-","-",
"공중밀집장소에서의추행","발생건수 대비 검거건수[%]","%","","","","","","-","-","-","-","-","-","-",
"공중밀집장소에서의추행","검거인원[명]","명","","","","","","-","-","-","-","-","-","-",
"공중밀집장소에서의추행","남자검거인원[명]","명","","","","","","-","-","-","-","-","-","-",
"공중밀집장소에서의추행","여자검거인원[명]","명","","","","","","-","-","-","-","-","-","-",
"공중밀집장소에서의추행","불상검거인원[명]","명","","","","","","-","-","-","-","-","-","-",
"공중밀집장소에서의추행","법인체[개]","개","","","","","","-","-","-","-","-","-","-",
"특수강제추행(준)","발생건수[건]","건","","","","","","-","-","-","-","-","-","-",
"특수강제추행(준)","검거건수[건]","건","","","","","","-","-","-","-","-","-","-",
"특수강제추행(준)","발생건수 대비 검거건수[%]","%","","","","","","-","-","-","-","-","-","-",
"특수강제추행(준)","검거인원[명]","명","","","","","","-","-","-","-","-","-","-",
"특수강제추행(준)","남자검거인원[명]","명","","","","","","-","-","-","-","-","-","-",
"특수강제추행(준)","여자검거인원[명]","명","","","","","","-","-","-","-","-","-","-",
"특수강제추행(준)","불상검거인원[명]","명","","","","","","-","-","-","-","-","-","-",
"특수강제추행(준)","법인체[개]","개","","","","","","-","-","-","-","-","-","-",
"주거침입강제추행","발생건수[건]","건","","","","","","-","-","-","-","-","-","-",
"주거침입강제추행","검거건수[건]","건","","","","","","-","-","-","-","-","-","-",
"주거침입강제추행","발생건수 대비 검거건수[%]","%","","","","","","-","-","-","-","-","-","-",
"주거침입강제추행","검거인원[명]","명","","","","","","-","-","-","-","-","-","-",
"주거침입강제추행","남자검거인원[명]","명","","","","","","-","-","-","-","-","-","-",
"주거침입강제추행","여자검거인원[명]","명","","","","","","-","-","-","-","-","-","-",
"주거침입강제추행","불상검거인원[명]","명","","","","","","-","-","-","-","-","-","-",
"주거침입강제추행","법인체[개]","개","","","","","","-","-","-","-","-","-","-",
"절도강제추행","발생건수[건]","건","","","","","","-","-","-","-","-","-","-",
"절도강제추행","검거건수[건]","건","","","","","","-","-","-","-","-","-","-",
"절도강제추행","발생건수 대비 검거건수[%]","%","","","","","","-","-","-","-","-","-","-",
"절도강제추행","검거인원[명]","명","","","","","","-","-","-","-","-","-","-",
"절도강제추행","남자검거인원[명]","명","","","","","","-","-","-","-","-","-","-",
"절도강제추행","여자검거인원[명]","명","","","","","","-","-","-","-","-","-","-",
"절도강제추행","불상검거인원[명]","명","","","","","","-","-","-","-","-","-","-",
"절도강제추행","법인체[개]","개","","","","","","-","-","-","-","-","-","-",
"특수강도강제추행","발생건수[건]","건","","","","","","-","-","-","-","-","-","-",
"특수강도강제추행","검거건수[건]","건","","","","","","-","-","-","-","-","-","-",
"특수강도강제추행","발생건수 대비 검거건수[%]","%","","","","","","-","-","-","-","-","-","-",
"특수강도강제추행","검거인원[명]","명","","","","","","-","-","-","-","-","-","-",
"특수강도강제추행","남자검거인원[명]","명","","","","","","-","-","-","-","-","-","-",
"특수강도강제추행","여자검거인원[명]","명","","","","","","-","-","-","-","-","-","-",
"특수강도강제추행","불상검거인원[명]","명","","","","","","-","-","-","-","-","-","-",
"특수강도강제추행","법인체[개]","개","","","","","","-","-","-","-","-","-","-",
"아동학대처벌법위반(상습강제추행·추행)","발생건수[건]","건","","","","","","-","-","-","-","-","-","-",
"아동학대처벌법위반(상습강제추행·추행)","검거건수[건]","건","","","","","","-","-","-","-","-","-","-",
"아동학대처벌법위반(상습강제추행·추행)","발생건수 대비 검거건수[%]","%","","","","","","-","-","-","-","-","-","-",
"아동학대처벌법위반(상습강제추행·추행)","검거인원[명]","명","","","","","","-","-","-","-","-","-","-",
"아동학대처벌법위반(상습강제추행·추행)","남자검거인원[명]","명","","","","","","-","-","-","-","-","-","-",
"아동학대처벌법위반(상습강제추행·추행)","여자검거인원[명]","명","","","","","","-","-","-","-","-","-","-",
"아동학대처벌법위반(상습강제추행·추행)","불상검거인원[명]","명","","","","","","-","-","-","-","-","-","-",
"아동학대처벌법위반(상습강제추행·추행)","법인체[개]","개","","","","","","-","-","-","-","-","-","-",
"16세미만아동·청소년추행","발생건수[건]","건","","","","","","","","","","","-","-",
"16세미만아동·청소년추행","검거건수[건]","건","","","","","","","","","","","-","-",
"16세미만아동·청소년추행","발생건수 대비 검거건수[%]","%","","","","","","","","","","","-","-",
"16세미만아동·청소년추행","검거인원[명]","명","","","","","","","","","","","-","-",
"16세미만아동·청소년추행","남자검거인원[명]","명","","","","","","","","","","","-","-",
"16세미만아동·청소년추행","여자검거인원[명]","명","","","","","","","","","","","-","-",
"16세미만아동·청소년추행","불상검거인원[명]","명","","","","","","","","","","","-","-",
"16세미만아동·청소년추행","법인체[개]","개","","","","","","","","","","","-","-",
"기타 강간·강제추행 등","발생건수[건]","건","","","","","","-","-","-","-","-","-","-",
"기타 강간·강제추행 등","검거건수[건]","건","","","","","","-","-","-","-","-","-","-",
"기타 강간·강제추행 등","발생건수 대비 검거건수[%]","%","","","","","","-","-","-","-","-","-","-",
"기타 강간·강제추행 등","검거인원[명]","명","","","","","","-","-","-","-","-","-","-",
"기타 강간·강제추행 등","남자검거인원[명]","명","","","","","","-","-","-","-","-","-","-",
"기타 강간·강제추행 등","여자검거인원[명]","명","","","","","","-","-","-","-","-","-","-",
"기타 강간·강제추행 등","불상검거인원[명]","명","","","","","","-","-","-","-","-","-","-",
"기타 강간·강제추행 등","법인체[개]","개","","","","","","-","-","-","-","-","-","-",
"강간등상해·치상","발생건수[건]","건","","","","","","-","-","-","-","-","-","-",
"강간등상해·치상","검거건수[건]","건","","","","","","-","-","-","-","-","-","-",
"강간등상해·치상","발생건수 대비 검거건수[%]","%","","","","","","-","-","-","-","-","-","-",
"강간등상해·치상","검거인원[명]","명","","","","","","-","-","-","-","-","-","-",
"강간등상해·치상","남자검거인원[명]","명","","","","","","-","-","-","-","-","-","-",
"강간등상해·치상","여자검거인원[명]","명","","","","","","-","-","-","-","-","-","-",
"강간등상해·치상","불상검거인원[명]","명","","","","","","-","-","-","-","-","-","-",
"강간등상해·치상","법인체[개]","개","","","","","","-","-","-","-","-","-","-",
"강간등살인·치사","발생건수[건]","건","","","","","","-","-","-","-","-","-","-",
"강간등살인·치사","검거건수[건]","건","","","","","","-","-","-","-","-","-","-",
"강간등살인·치사","발생건수 대비 검거건수[%]","%","","","","","","-","-","-","-","-","-","-",
"강간등살인·치사","검거인원[명]","명","","","","","","-","-","-","-","-","-","-",
"강간등살인·치사","남자검거인원[명]","명","","","","","","-","-","-","-","-","-","-",
"강간등살인·치사","여자검거인원[명]","명","","","","","","-","-","-","-","-","-","-",
"강간등살인·치사","불상검거인원[명]","명","","","","","","-","-","-","-","-","-","-",
"강간등살인·치사","법인체[개]","개","","","","","","-","-","-","-","-","-","-",
"친족관계에의한강간등","발생건수[건]","건","","","","","","-","-","-","-","-","-","-",
"친족관계에의한강간등","검거건수[건]","건","","","","","","-","-","-","-","-","-","-",
"친족관계에의한강간등","발생건수 대비 검거건수[%]","%","","","","","","-","-","-","-","-","-","-",
"친족관계에의한강간등","검거인원[명]","명","","","","","","-","-","-","-","-","-","-",
"친족관계에의한강간등","남자검거인원[명]","명","","","","","","-","-","-","-","-","-","-",
"친족관계에의한강간등","여자검거인원[명]","명","","","","","","-","-","-","-","-","-","-",
"친족관계에의한강간등","불상검거인원[명]","명","","","","","","-","-","-","-","-","-","-",
"친족관계에의한강간등","법인체[개]","개","","","","","","-","-","-","-","-","-","-",
"장애인에대한준강간등","발생건수[건]","건","","","","","","-","-","-","-","-","-","-",
"장애인에대한준강간등","검거건수[건]","건","","","","","","-","-","-","-","-","-","-",
"장애인에대한준강간등","발생건수 대비 검거건수[%]","%","","","","","","-","-","-","-","-","-","-",
"장애인에대한준강간등","검거인원[명]","명","","","","","","-","-","-","-","-","-","-",
"장애인에대한준강간등","남자검거인원[명]","명","","","","","","-","-","-","-","-","-","-",
"장애인에대한준강간등","여자검거인원[명]","명","","","","","","-","-","-","-","-","-","-",
"장애인에대한준강간등","불상검거인원[명]","명","","","","","","-","-","-","-","-","-","-",
"장애인에대한준강간등","법인체[개]","개","","","","","","-","-","-","-","-","-","-",
"청소년에대한강간등","발생건수[건]","건","","","","","","-","-","-","-","-","-","-",
"청소년에대한강간등","검거건수[건]","건","","","","","","-","-","-","-","-","-","-",
"청소년에대한강간등","발생건수 대비 검거건수[%]","%","","","","","","-","-","-","-","-","-","-",
"청소년에대한강간등","검거인원[명]","명","","","","","","-","-","-","-","-","-","-",
"청소년에대한강간등","남자검거인원[명]","명","","","","","","-","-","-","-","-","-","-",
"청소년에대한강간등","여자검거인원[명]","명","","","","","","-","-","-","-","-","-","-",
"청소년에대한강간등","불상검거인원[명]","명","","","","","","-","-","-","-","-","-","-",
"청소년에대한강간등","법인체[개]","개","","","","","","-","-","-","-","-","-","-",
"미성년자의제강간등","발생건수[건]","건","","","","","","-","-","-","-","-","","",
"미성년자의제강간등","검거건수[건]","건","","","","","","-","-","-","-","-","","",
"미성년자의제강간등","발생건수 대비 검거건수[%]","%","","","","","","-","-","-","-","-","","",
"미성년자의제강간등","검거인원[명]","명","","","","","","-","-","-","-","-","","",
"미성년자의제강간등","남자검거인원[명]","명","","","","","","-","-","-","-","-","","",
"미성년자의제강간등","여자검거인원[명]","명","","","","","","-","-","-","-","-","","",
"미성년자의제강간등","불상검거인원[명]","명","","","","","","-","-","-","-","-","","",
"미성년자의제강간등","법인체[개]","개","","","","","","-","-","-","-","-","","",
"13세미만미성년자강간등","발생건수[건]","건","","","","","","-","-","-","-","-","-","-",
"13세미만미성년자강간등","검거건수[건]","건","","","","","","-","-","-","-","-","-","-",
"13세미만미성년자강간등","발생건수 대비 검거건수[%]","%","","","","","","-","-","-","-","-","-","-",
"13세미만미성년자강간등","검거인원[명]","명","","","","","","-","-","-","-","-","-","-",
"13세미만미성년자강간등","남자검거인원[명]","명","","","","","","-","-","-","-","-","-","-",
"13세미만미성년자강간등","여자검거인원[명]","명","","","","","","-","-","-","-","-","-","-",
"13세미만미성년자강간등","불상검거인원[명]","명","","","","","","-","-","-","-","-","-","-",
"13세미만미성년자강간등","법인체[개]","개","","","","","","-","-","-","-","-","-","-",
"주거침입강간등","발생건수[건]","건","","","","","","-","-","-","-","-","-","-",
"주거침입강간등","검거건수[건]","건","","","","","","-","-","-","-","-","-","-",
"주거침입강간등","발생건수 대비 검거건수[%]","%","","","","","","-","-","-","-","-","-","-",
"주거침입강간등","검거인원[명]","명","","","","","","-","-","-","-","-","-","-",
"주거침입강간등","남자검거인원[명]","명","","","","","","-","-","-","-","-","-","-",
"주거침입강간등","여자검거인원[명]","명","","","","","","-","-","-","-","-","-","-",
"주거침입강간등","불상검거인원[명]","명","","","","","","-","-","-","-","-","-","-",
"주거침입강간등","법인체[개]","개","","","","","","-","-","-","-","-","-","-",
"절도강간등","발생건수[건]","건","","","","","","-","-","-","-","-","-","-",
"절도강간등","검거건수[건]","건","","","","","","-","-","-","-","-","-","-",
"절도강간등","발생건수 대비 검거건수[%]","%","","","","","","-","-","-","-","-","-","-",
"절도강간등","검거인원[명]","명","","","","","","-","-","-","-","-","-","-",
"절도강간등","남자검거인원[명]","명","","","","","","-","-","-","-","-","-","-",
"절도강간등","여자검거인원[명]","명","","","","","","-","-","-","-","-","-","-",
"절도강간등","불상검거인원[명]","명","","","","","","-","-","-","-","-","-","-",
"절도강간등","법인체[개]","개","","","","","","-","-","-","-","-","-","-",
"특수강도강간등","발생건수[건]","건","","","","","","-","-","-","-","-","-","-",
"특수강도강간등","검거건수[건]","건","","","","","","-","-","-","-","-","-","-",
"특수강도강간등","발생건수 대비 검거건수[%]","%","","","","","","-","-","-","-","-","-","-",
"특수강도강간등","검거인원[명]","명","","","","","","-","-","-","-","-","-","-",
"특수강도강간등","남자검거인원[명]","명","","","","","","-","-","-","-","-","-","-",
"특수강도강간등","여자검거인원[명]","명","","","","","","-","-","-","-","-","-","-",
"특수강도강간등","불상검거인원[명]","명","","","","","","-","-","-","-","-","-","-",
"특수강도강간등","법인체[개]","개","","","","","","-","-","-","-","-","-","-",
"성폭력범죄의처벌및피해자보호등에관한법률위반","발생건수[건]","건","","","","","","-","-","-","-","-","-","-",
"성폭력범죄의처벌및피해자보호등에관한법률위반","검거건수[건]","건","","","","","","-","-","-","-","-","-","-",
"성폭력범죄의처벌및피해자보호등에관한법률위반","발생건수 대비 검거건수[%]","%","","","","","","-","-","-","-","-","-","-",
"성폭력범죄의처벌및피해자보호등에관한법률위반","검거인원[명]","명","","","","","","-","-","-","-","-","-","-",
"성폭력범죄의처벌및피해자보호등에관한법률위반","남자검거인원[명]","명","","","","","","-","-","-","-","-","-","-",
"성폭력범죄의처벌및피해자보호등에관한법률위반","여자검거인원[명]","명","","","","","","-","-","-","-","-","-","-",
"성폭력범죄의처벌및피해자보호등에관한법률위반","불상검거인원[명]","명","","","","","","-","-","-","-","-","-","-",
"성폭력범죄의처벌및피해자보호등에관한법률위반","법인체[개]","개","","","","","","-","-","-","-","-","-","-",
"방화","발생건수[건]","건","-","-","","","","-","-","-","-","-","-","-",
"방화","검거건수[건]","건","-","-","","","","-","-","-","-","-","-","-",
"방화","발생건수 대비 검거건수[%]","%","-","","","","","-","-","-","-","-","-","-",
"방화","검거인원[명]","명","-","-","","","","-","-","-","-","-","-","-",
"방화","남자검거인원[명]","명","-","-","","","","-","-","-","-","-","-","-",
"방화","여자검거인원[명]","명","-","-","","","","-","-","-","-","-","-","-",
"방화","불상검거인원[명]","명","-","-","","","","-","-","-","-","-","-","-",
"방화","법인체[개]","개","","","","","","-","-","-","-","-","-","-",
"방화","발생건수[건]","건","-","-","","","","-","-","-","-","-","-","-",
"방화","검거건수[건]","건","-","-","","","","-","-","-","-","-","-","-",
"방화","발생건수 대비 검거건수[%]","%","-","","","","","-","-","-","-","-","-","-",
"방화","검거인원[명]","명","-","-","","","","-","-","-","-","-","-","-",
"방화","남자검거인원[명]","명","-","-","","","","-","-","-","-","-","-","-",
"방화","여자검거인원[명]","명","-","-","","","","-","-","-","-","-","-","-",
"방화","불상검거인원[명]","명","-","-","","","","-","-","-","-","-","-","-",
"방화","법인체[개]","개","","","","","","-","-","-","-","-","-","-",
"현주·공용건조물등방화","발생건수[건]","건","-","-","","","","-","-","-","-","-","-","-",
"현주·공용건조물등방화","검거건수[건]","건","-","-","","","","-","-","-","-","-","-","-",
"현주·공용건조물등방화","발생건수 대비 검거건수[%]","%","-","","","","","-","-","-","-","-","-","-",
"현주·공용건조물등방화","검거인원[명]","명","-","-","","","","-","-","-","-","-","-","-",
"현주·공용건조물등방화","남자검거인원[명]","명","-","-","","","","-","-","-","-","-","-","-",
"현주·공용건조물등방화","여자검거인원[명]","명","-","-","","","","-","-","-","-","-","-","-",
"현주·공용건조물등방화","불상검거인원[명]","명","-","-","","","","-","-","-","-","-","-","-",
"현주·공용건조물등방화","법인체[개]","개","","","","","","-","-","-","-","-","-","-",
"현주건조물등방화치상","발생건수[건]","건","-","-","","","","-","-","-","-","-","-","-",
"현주건조물등방화치상","검거건수[건]","건","-","-","","","","-","-","-","-","-","-","-",
"현주건조물등방화치상","발생건수 대비 검거건수[%]","%","-","","","","","-","-","-","-","-","-","-",
"현주건조물등방화치상","검거인원[명]","명","-","-","","","","-","-","-","-","-","-","-",
"현주건조물등방화치상","남자검거인원[명]","명","-","-","","","","-","-","-","-","-","-","-",
"현주건조물등방화치상","여자검거인원[명]","명","-","-","","","","-","-","-","-","-","-","-",
"현주건조물등방화치상","불상검거인원[명]","명","-","-","","","","-","-","-","-","-","-","-",
"현주건조물등방화치상","법인체[개]","개","","","","","","-","-","-","-","-","-","-",
"현주건조물등방화치사","발생건수[건]","건","-","-","","","","-","-","-","-","-","-","-",
"현주건조물등방화치사","검거건수[건]","건","-","-","","","","-","-","-","-","-","-","-",
"현주건조물등방화치사","발생건수 대비 검거건수[%]","%","-","","","","","-","-","-","-","-","-","-",
"현주건조물등방화치사","검거인원[명]","명","-","-","","","","-","-","-","-","-","-","-",
"현주건조물등방화치사","남자검거인원[명]","명","-","-","","","","-","-","-","-","-","-","-",
"현주건조물등방화치사","여자검거인원[명]","명","-","-","","","","-","-","-","-","-","-","-",
"현주건조물등방화치사","불상검거인원[명]","명","-","-","","","","-","-","-","-","-","-","-",
"현주건조물등방화치사","법인체[개]","개","","","","","","-","-","-","-","-","-","-",
"일반건조물등방화","발생건수[건]","건","-","-","","","","-","-","-","-","-","-","-",
"일반건조물등방화","검거건수[건]","건","-","-","","","","-","-","-","-","-","-","-",
"일반건조물등방화","발생건수 대비 검거건수[%]","%","-","","","","","-","-","-","-","-","-","-",
"일반건조물등방화","검거인원[명]","명","-","-","","","","-","-","-","-","-","-","-",
"일반건조물등방화","남자검거인원[명]","명","-","-","","","","-","-","-","-","-","-","-",
"일반건조물등방화","여자검거인원[명]","명","-","-","","","","-","-","-","-","-","-","-",
"일반건조물등방화","불상검거인원[명]","명","-","-","","","","-","-","-","-","-","-","-",
"일반건조물등방화","법인체[개]","개","","","","","","-","-","-","-","-","-","-",
"자기소유건조물등방화","발생건수[건]","건","-","-","","","","-","-","-","-","-","-","-",
"자기소유건조물등방화","검거건수[건]","건","-","-","","","","-","-","-","-","-","-","-",
"자기소유건조물등방화","발생건수 대비 검거건수[%]","%","-","","","","","-","-","-","-","-","-","-",
"자기소유건조물등방화","검거인원[명]","명","-","-","","","","-","-","-","-","-","-","-",
"자기소유건조물등방화","남자검거인원[명]","명","-","-","","","","-","-","-","-","-","-","-",
"자기소유건조물등방화","여자검거인원[명]","명","-","-","","","","-","-","-","-","-","-","-",
"자기소유건조물등방화","불상검거인원[명]","명","-","-","","","","-","-","-","-","-","-","-",
"자기소유건조물등방화","법인체[개]","개","","","","","","-","-","-","-","-","-","-",
"방화연소","발생건수[건]","건","-","-","","","","-","-","-","-","-","-","-",
"방화연소","검거건수[건]","건","-","-","","","","-","-","-","-","-","-","-",
"방화연소","발생건수 대비 검거건수[%]","%","-","","","","","-","-","-","-","-","-","-",
"방화연소","검거인원[명]","명","-","-","","","","-","-","-","-","-","-","-",
"방화연소","남자검거인원[명]","명","-","-","","","","-","-","-","-","-","-","-",
"방화연소","여자검거인원[명]","명","-","-","","","","-","-","-","-","-","-","-",
"방화연소","불상검거인원[명]","명","-","-","","","","-","-","-","-","-","-","-",
"방화연소","법인체[개]","개","","","","","","-","-","-","-","-","-","-",
"진화방해","발생건수[건]","건","","","","","","-","-","-","-","-","-","-",
"진화방해","검거건수[건]","건","","","","","","-","-","-","-","-","-","-",
"진화방해","발생건수 대비 검거건수[%]","%","","","","","","-","-","-","-","-","-","-",
"진화방해","검거인원[명]","명","","","","","","-","-","-","-","-","-","-",
"진화방해","남자검거인원[명]","명","","","","","","-","-","-","-","-","-","-",
"진화방해","여자검거인원[명]","명","","","","","","-","-","-","-","-","-","-",
"진화방해","불상검거인원[명]","명","","","","","","-","-","-","-","-","-","-",
"진화방해","법인체[개]","개","","","","","","-","-","-","-","-","-","-",
"폭발성물건파열(치사·상)","발생건수[건]","건","","","","","","-","-","-","-","-","-","-",
"폭발성물건파열(치사·상)","검거건수[건]","건","","","","","","-","-","-","-","-","-","-",
"폭발성물건파열(치사·상)","발생건수 대비 검거건수[%]","%","","","","","","-","-","-","-","-","-","-",
"폭발성물건파열(치사·상)","검거인원[명]","명","","","","","","-","-","-","-","-","-","-",
"폭발성물건파열(치사·상)","남자검거인원[명]","명","","","","","","-","-","-","-","-","-","-",
"폭발성물건파열(치사·상)","여자검거인원[명]","명","","","","","","-","-","-","-","-","-","-",
"폭발성물건파열(치사·상)","불상검거인원[명]","명","","","","","","-","-","-","-","-","-","-",
"폭발성물건파열(치사·상)","법인체[개]","개","","","","","","-","-","-","-","-","-","-",
"폭발성물건파열(과실)","발생건수[건]","건","","","","","","-","-","-","-","-","-","-",
"폭발성물건파열(과실)","검거건수[건]","건","","","","","","-","-","-","-","-","-","-",
"폭발성물건파열(과실)","발생건수 대비 검거건수[%]","%","","","","","","-","-","-","-","-","-","-",
"폭발성물건파열(과실)","검거인원[명]","명","","","","","","-","-","-","-","-","-","-",
"폭발성물건파열(과실)","남자검거인원[명]","명","","","","","","-","-","-","-","-","-","-",
"폭발성물건파열(과실)","여자검거인원[명]","명","","","","","","-","-","-","-","-","-","-",
"폭발성물건파열(과실)","불상검거인원[명]","명","","","","","","-","-","-","-","-","-","-",
"폭발성물건파열(과실)","법인체[개]","개","","","","","","-","-","-","-","-","-","-",
"가스등방출(치사·상)","발생건수[건]","건","","-","","","","-","-","-","-","-","-","-",
"가스등방출(치사·상)","검거건수[건]","건","","-","","","","-","-","-","-","-","-","-",
"가스등방출(치사·상)","발생건수 대비 검거건수[%]","%","","","","","","-","-","-","-","-","-","-",
"가스등방출(치사·상)","검거인원[명]","명","","-","","","","-","-","-","-","-","-","-",
"가스등방출(치사·상)","남자검거인원[명]","명","","-","","","","-","-","-","-","-","-","-",
"가스등방출(치사·상)","여자검거인원[명]","명","","-","","","","-","-","-","-","-","-","-",
"가스등방출(치사·상)","불상검거인원[명]","명","","-","","","","-","-","-","-","-","-","-",
"가스등방출(치사·상)","법인체[개]","개","","","","","","-","-","-","-","-","-","-",
"가스등방출(과실)","발생건수[건]","건","","-","","","","-","-","-","-","-","-","-",
"가스등방출(과실)","검거건수[건]","건","","-","","","","-","-","-","-","-","-","-",
"가스등방출(과실)","발생건수 대비 검거건수[%]","%","","","","","","-","-","-","-","-","-","-",
"가스등방출(과실)","검거인원[명]","명","","-","","","","-","-","-","-","-","-","-",
"가스등방출(과실)","남자검거인원[명]","명","","-","","","","-","-","-","-","-","-","-",
"가스등방출(과실)","여자검거인원[명]","명","","-","","","","-","-","-","-","-","-","-",
"가스등방출(과실)","불상검거인원[명]","명","","-","","","","-","-","-","-","-","-","-",
"가스등방출(과실)","법인체[개]","개","","","","","","-","-","-","-","-","-","-",
"가스등공급사용방해(치사·상)","발생건수[건]","건","","-","","","","-","-","-","-","-","-","-",
"가스등공급사용방해(치사·상)","검거건수[건]","건","","-","","","","-","-","-","-","-","-","-",
"가스등공급사용방해(치사·상)","발생건수 대비 검거건수[%]","%","","","","","","-","-","-","-","-","-","-",
"가스등공급사용방해(치사·상)","검거인원[명]","명","","-","","","","-","-","-","-","-","-","-",
"가스등공급사용방해(치사·상)","남자검거인원[명]","명","","-","","","","-","-","-","-","-","-","-",
"가스등공급사용방해(치사·상)","여자검거인원[명]","명","","-","","","","-","-","-","-","-","-","-",
"가스등공급사용방해(치사·상)","불상검거인원[명]","명","","-","","","","-","-","-","-","-","-","-",
"가스등공급사용방해(치사·상)","법인체[개]","개","","","","","","-","-","-","-","-","-","-",
"가스등공급사용방해(과실)","발생건수[건]","건","","","","","","-","-","-","-","-","-","-",
"가스등공급사용방해(과실)","검거건수[건]","건","","","","","","-","-","-","-","-","-","-",
"가스등공급사용방해(과실)","발생건수 대비 검거건수[%]","%","","","","","","-","-","-","-","-","-","-",
"가스등공급사용방해(과실)","검거인원[명]","명","","","","","","-","-","-","-","-","-","-",
"가스등공급사용방해(과실)","남자검거인원[명]","명","","","","","","-","-","-","-","-","-","-",
"가스등공급사용방해(과실)","여자검거인원[명]","명","","","","","","-","-","-","-","-","-","-",
"가스등공급사용방해(과실)","불상검거인원[명]","명","","","","","","-","-","-","-","-","-","-",
"가스등공급사용방해(과실)","법인체[개]","개","","","","","","-","-","-","-","-","-","-",
"자동차방화","발생건수[건]","건","-","-","","","","-","-","-","-","-","-","-",
"자동차방화","검거건수[건]","건","-","-","","","","-","-","-","-","-","-","-",
"자동차방화","발생건수 대비 검거건수[%]","%","-","","","","","-","-","-","-","-","-","-",
"자동차방화","검거인원[명]","명","-","-","","","","-","-","-","-","-","-","-",
"자동차방화","남자검거인원[명]","명","-","-","","","","-","-","-","-","-","-","-",
"자동차방화","여자검거인원[명]","명","-","-","","","","-","-","-","-","-","-","-",
"자동차방화","불상검거인원[명]","명","-","-","","","","-","-","-","-","-","-","-",
"자동차방화","법인체[개]","개","","","","","","-","-","-","-","-","-","-",
"폭발물파열(과실)","발생건수[건]","건","-","","","","","","","","","","","",
"폭발물파열(과실)","검거건수[건]","건","-","","","","","","","","","","","",
"폭발물파열(과실)","발생건수 대비 검거건수[%]","%","-","","","","","","","","","","","",
"폭발물파열(과실)","검거인원[명]","명","-","","","","","","","","","","","",
"폭발물파열(과실)","남자검거인원[명]","명","-","","","","","","","","","","","",
"폭발물파열(과실)","여자검거인원[명]","명","-","","","","","","","","","","","",
"폭발물파열(과실)","불상검거인원[명]","명","-","","","","","","","","","","","",
"가스등방류(유출·살포)","발생건수[건]","건","-","","","","","","","","","","","",
"가스등방류(유출·살포)","검거건수[건]","건","-","","","","","","","","","","","",
"가스등방류(유출·살포)","발생건수 대비 검거건수[%]","%","-","","","","","","","","","","","",
"가스등방류(유출·살포)","검거인원[명]","명","-","","","","","","","","","","","",
"가스등방류(유출·살포)","남자검거인원[명]","명","-","","","","","","","","","","","",
"가스등방류(유출·살포)","여자검거인원[명]","명","-","","","","","","","","","","","",
"가스등방류(유출·살포)","불상검거인원[명]","명","-","","","","","","","","","","","",
"가스등방류(유출·살포)치사상","발생건수[건]","건","-","","","","","","","","","","","",
"가스등방류(유출·살포)치사상","검거건수[건]","건","-","","","","","","","","","","","",
"가스등방류(유출·살포)치사상","발생건수 대비 검거건수[%]","%","-","","","","","","","","","","","",
"가스등방류(유출·살포)치사상","검거인원[명]","명","-","","","","","","","","","","","",
"가스등방류(유출·살포)치사상","남자검거인원[명]","명","-","","","","","","","","","","","",
"가스등방류(유출·살포)치사상","여자검거인원[명]","명","-","","","","","","","","","","","",
"가스등방류(유출·살포)치사상","불상검거인원[명]","명","-","","","","","","","","","","","",
"가스·전기·증기공급사용방해","발생건수[건]","건","-","","","","","","","","","","","",
"가스·전기·증기공급사용방해","검거건수[건]","건","-","","","","","","","","","","","",
"가스·전기·증기공급사용방해","발생건수 대비 검거건수[%]","%","-","","","","","","","","","","","",
"가스·전기·증기공급사용방해","검거인원[명]","명","-","","","","","","","","","","","",
"가스·전기·증기공급사용방해","남자검거인원[명]","명","-","","","","","","","","","","","",
"가스·전기·증기공급사용방해","여자검거인원[명]","명","-","","","","","","","","","","","",
"가스·전기·증기공급사용방해","불상검거인원[명]","명","-","","","","","","","","","","","",
"과실폭발물파열(방출·유출)","발생건수[건]","건","-","","","","","","","","","","","",
"과실폭발물파열(방출·유출)","검거건수[건]","건","-","","","","","","","","","","","",
"과실폭발물파열(방출·유출)","발생건수 대비 검거건수[%]","%","-","","","","","","","","","","","",
"과실폭발물파열(방출·유출)","검거인원[명]","명","-","","","","","","","","","","","",
"과실폭발물파열(방출·유출)","남자검거인원[명]","명","-","","","","","","","","","","","",
"과실폭발물파열(방출·유출)","여자검거인원[명]","명","-","","","","","","","","","","","",
"과실폭발물파열(방출·유출)","불상검거인원[명]","명","-","","","","","","","","","","","",
"업무상과실폭발물파열(방출·유출)","발생건수[건]","건","-","","","","","","","","","","","",
"업무상과실폭발물파열(방출·유출)","검거건수[건]","건","-","","","","","","","","","","","",
"업무상과실폭발물파열(방출·유출)","발생건수 대비 검거건수[%]","%","-","","","","","","","","","","","",
"업무상과실폭발물파열(방출·유출)","검거인원[명]","명","-","","","","","","","","","","","",
"업무상과실폭발물파열(방출·유출)","남자검거인원[명]","명","-","","","","","","","","","","","",
"업무상과실폭발물파열(방출·유출)","여자검거인원[명]","명","-","","","","","","","","","","","",
"업무상과실폭발물파열(방출·유출)","불상검거인원[명]","명","-","","","","","","","","","","","",
"절도범죄","발생건수[건]","건","-","-","","","","-","-","-","-","-","-","-",
"절도범죄","검거건수[건]","건","-","-","","","","-","-","1","-","-","-","-",
"절도범죄","발생건수 대비 검거건수[%]","%","-","","","","","-","-","-","-","-","-","-",
"절도범죄","검거인원[명]","명","-","-","","","","-","-","-","-","-","-","-",
"절도범죄","남자검거인원[명]","명","-","-","","","","-","-","-","-","-","-","-",
"절도범죄","여자검거인원[명]","명","-","-","","","","-","-","-","-","-","-","-",
"절도범죄","불상검거인원[명]","명","-","-","","","","-","-","-","-","-","-","-",
"절도범죄","법인체[개]","개","","","","","","-","-","-","-","-","-","-",
"절도","발생건수[건]","건","-","-","","","","-","-","-","-","-","-","-",
"절도","검거건수[건]","건","-","-","","","","-","-","1","-","-","-","-",
"절도","발생건수 대비 검거건수[%]","%","-","","","","","-","-","-","-","-","-","-",
"절도","검거인원[명]","명","-","-","","","","-","-","-","-","-","-","-",
"절도","남자검거인원[명]","명","-","-","","","","-","-","-","-","-","-","-",
"절도","여자검거인원[명]","명","-","-","","","","-","-","-","-","-","-","-",
"절도","불상검거인원[명]","명","-","-","","","","-","-","-","-","-","-","-",
"절도","법인체[개]","개","","","","","","-","-","-","-","-","-","-",
"절도(상습)","발생건수[건]","건","","","","","","-","-","-","-","-","-","-",
"절도(상습)","검거건수[건]","건","","","","","","-","-","-","-","-","-","-",
"절도(상습)","발생건수 대비 검거건수[%]","%","","","","","","-","-","-","-","-","-","-",
"절도(상습)","검거인원[명]","명","","","","","","-","-","-","-","-","-","-",
"절도(상습)","남자검거인원[명]","명","","","","","","-","-","-","-","-","-","-",
"절도(상습)","여자검거인원[명]","명","","","","","","-","-","-","-","-","-","-",
"절도(상습)","불상검거인원[명]","명","","","","","","-","-","-","-","-","-","-",
"절도(상습)","법인체[개]","개","","","","","","-","-","-","-","-","-","-",
"특수절도","발생건수[건]","건","-","-","","","","-","-","-","-","-","-","-",
"특수절도","검거건수[건]","건","-","-","","","","-","-","-","-","-","-","-",
"특수절도","발생건수 대비 검거건수[%]","%","-","","","","","-","-","-","-","-","-","-",
"특수절도","검거인원[명]","명","-","-","","","","-","-","-","-","-","-","-",
"특수절도","남자검거인원[명]","명","-","-","","","","-","-","-","-","-","-","-",
"특수절도","여자검거인원[명]","명","-","-","","","","-","-","-","-","-","-","-",
"특수절도","불상검거인원[명]","명","-","-","","","","-","-","-","-","-","-","-",
"특수절도","법인체[개]","개","","","","","","-","-","-","-","-","-","-",
"특수절도(상습)","발생건수[건]","건","-","-","","","","-","-","-","-","-","-","-",
"특수절도(상습)","검거건수[건]","건","-","-","","","","-","-","-","-","-","-","-",
"특수절도(상습)","발생건수 대비 검거건수[%]","%","-","","","","","-","-","-","-","-","-","-",
"특수절도(상습)","검거인원[명]","명","-","-","","","","-","-","-","-","-","-","-",
"특수절도(상습)","남자검거인원[명]","명","-","-","","","","-","-","-","-","-","-","-",
"특수절도(상습)","여자검거인원[명]","명","-","-","","","","-","-","-","-","-","-","-",
"특수절도(상습)","불상검거인원[명]","명","-","-","","","","-","-","-","-","-","-","-",
"특수절도(상습)","법인체[개]","개","","","","","","-","-","-","-","-","-","-",
"야간주거침입절도","발생건수[건]","건","-","-","","","","-","-","-","-","-","-","-",
"야간주거침입절도","검거건수[건]","건","-","-","","","","-","-","-","-","-","-","-",
"야간주거침입절도","발생건수 대비 검거건수[%]","%","-","","","","","-","-","-","-","-","-","-",
"야간주거침입절도","검거인원[명]","명","-","-","","","","-","-","-","-","-","-","-",
"야간주거침입절도","남자검거인원[명]","명","-","-","","","","-","-","-","-","-","-","-",
"야간주거침입절도","여자검거인원[명]","명","-","-","","","","-","-","-","-","-","-","-",
"야간주거침입절도","불상검거인원[명]","명","-","-","","","","-","-","-","-","-","-","-",
"야간주거침입절도","법인체[개]","개","","","","","","-","-","-","-","-","-","-",
"야간주거침입절도(상습)","발생건수[건]","건","-","-","","","","-","-","-","-","-","-","-",
"야간주거침입절도(상습)","검거건수[건]","건","-","-","","","","-","-","-","-","-","-","-",
"야간주거침입절도(상습)","발생건수 대비 검거건수[%]","%","-","","","","","-","-","-","-","-","-","-",
"야간주거침입절도(상습)","검거인원[명]","명","-","-","","","","-","-","-","-","-","-","-",
"야간주거침입절도(상습)","남자검거인원[명]","명","-","-","","","","-","-","-","-","-","-","-",
"야간주거침입절도(상습)","여자검거인원[명]","명","-","-","","","","-","-","-","-","-","-","-",
"야간주거침입절도(상습)","불상검거인원[명]","명","-","-","","","","-","-","-","-","-","-","-",
"야간주거침입절도(상습)","법인체[개]","개","","","","","","-","-","-","-","-","-","-",
"불법사용","발생건수[건]","건","-","-","","","","-","-","-","-","-","-","-",
"불법사용","검거건수[건]","건","-","-","","","","-","-","-","-","-","-","-",
"불법사용","발생건수 대비 검거건수[%]","%","-","","","","","-","-","-","-","-","-","-",
"불법사용","검거인원[명]","명","-","-","","","","-","-","-","-","-","-","-",
"불법사용","남자검거인원[명]","명","-","-","","","","-","-","-","-","-","-","-",
"불법사용","여자검거인원[명]","명","-","-","","","","-","-","-","-","-","-","-",
"불법사용","불상검거인원[명]","명","-","-","","","","-","-","-","-","-","-","-",
"불법사용","법인체[개]","개","","","","","","-","-","-","-","-","-","-",
"불법사용(상습)","발생건수[건]","건","","","","","","-","-","-","-","-","-","-",
"불법사용(상습)","검거건수[건]","건","","","","","","-","-","-","-","-","-","-",
"불법사용(상습)","발생건수 대비 검거건수[%]","%","","","","","","-","-","-","-","-","-","-",
"불법사용(상습)","검거인원[명]","명","","","","","","-","-","-","-","-","-","-",
"불법사용(상습)","남자검거인원[명]","명","","","","","","-","-","-","-","-","-","-",
"불법사용(상습)","여자검거인원[명]","명","","","","","","-","-","-","-","-","-","-",
"불법사용(상습)","불상검거인원[명]","명","","","","","","-","-","-","-","-","-","-",
"불법사용(상습)","법인체[개]","개","","","","","","-","-","-","-","-","-","-",
"절도·불법사용(상습)","발생건수[건]","건","-","-","","","","","","","","","","",
"절도·불법사용(상습)","검거건수[건]","건","-","-","","","","","","","","","","",
"절도·불법사용(상습)","발생건수 대비 검거건수[%]","%","-","","","","","","","","","","","",
"절도·불법사용(상습)","검거인원[명]","명","-","-","","","","","","","","","","",
"절도·불법사용(상습)","남자검거인원[명]","명","-","-","","","","","","","","","","",
"절도·불법사용(상습)","여자검거인원[명]","명","-","-","","","","","","","","","","",
"절도·불법사용(상습)","불상검거인원[명]","명","-","-","","","","","","","","","","",
"특가법(절도)","발생건수[건]","건","-","-","","","","-","-","-","-","-","-","-",
"특가법(절도)","검거건수[건]","건","-","-","","","","-","-","-","-","-","-","-",
"특가법(절도)","발생건수 대비 검거건수[%]","%","-","","","","","-","-","-","-","-","-","-",
"특가법(절도)","검거인원[명]","명","-","-","","","","-","-","-","-","-","-","-",
"특가법(절도)","남자검거인원[명]","명","-","-","","","","-","-","-","-","-","-","-",
"특가법(절도)","여자검거인원[명]","명","-","-","","","","-","-","-","-","-","-","-",
"특가법(절도)","불상검거인원[명]","명","-","-","","","","-","-","-","-","-","-","-",
"특가법(절도)","법인체[개]","개","","","","","","-","-","-","-","-","-","-",
"특가법(단체등의조직)","발생건수[건]","건","-","-","","","","-","-","-","-","-","-","-",
"특가법(단체등의조직)","검거건수[건]","건","-","-","","","","-","-","-","-","-","-","-",
"특가법(단체등의조직)","발생건수 대비 검거건수[%]","%","-","","","","","-","-","-","-","-","-","-",
"특가법(단체등의조직)","검거인원[명]","명","-","-","","","","-","-","-","-","-","-","-",
"특가법(단체등의조직)","남자검거인원[명]","명","-","-","","","","-","-","-","-","-","-","-",
"특가법(단체등의조직)","여자검거인원[명]","명","-","-","","","","-","-","-","-","-","-","-",
"특가법(단체등의조직)","불상검거인원[명]","명","-","-","","","","-","-","-","-","-","-","-",
"특가법(단체등의조직)","법인체[개]","개","","","","","","-","-","-","-","-","-","-",
"폭력범죄","발생건수[건]","건","-","-","","","","-","-","-","-","-","-","-",
"폭력범죄","검거건수[건]","건","-","-","1","","","1","1","-","-","1","-","-",
"폭력범죄","발생건수 대비 검거건수[%]","%","-","","100","","","-","-","-","-","-","-","-",
"폭력범죄","검거인원[명]","명","-","2","3","","","1","2","2","-","10","1","1",
"폭력범죄","남자검거인원[명]","명","-","2","2","","","1","1","1","-","10","1","1",
"폭력범죄","여자검거인원[명]","명","-","-","1","","","-","1","-","-","-","-","-",
"폭력범죄","불상검거인원[명]","명","-","-","","","","-","-","1","-","-","-","-",
"폭력범죄","법인체[개]","개","","","","","","-","-","-","-","-","-","-",
"상해","발생건수[건]","건","-","-","","","","-","-","-","-","-","-","-",
"상해","검거건수[건]","건","-","-","","","","-","-","-","-","-","-","-",
"상해","발생건수 대비 검거건수[%]","%","-","","","","","-","-","-","-","-","-","-",
"상해","검거인원[명]","명","-","-","","","","-","-","-","-","-","-","-",
"상해","남자검거인원[명]","명","-","-","","","","-","-","-","-","-","-","-",
"상해","여자검거인원[명]","명","-","-","","","","-","-","-","-","-","-","-",
"상해","불상검거인원[명]","명","-","-","","","","-","-","-","-","-","-","-",
"상해","법인체[개]","개","","","","","","-","-","-","-","-","-","-",
"상해","발생건수[건]","건","-","-","","","","-","-","-","-","-","-","-",
"상해","검거건수[건]","건","-","-","","","","-","-","-","-","-","-","-",
"상해","발생건수 대비 검거건수[%]","%","-","","","","","-","-","-","-","-","-","-",
"상해","검거인원[명]","명","-","-","","","","-","-","-","-","-","-","-",
"상해","남자검거인원[명]","명","-","-","","","","-","-","-","-","-","-","-",
"상해","여자검거인원[명]","명","-","-","","","","-","-","-","-","-","-","-",
"상해","불상검거인원[명]","명","-","-","","","","-","-","-","-","-","-","-",
"상해","법인체[개]","개","","","","","","-","-","-","-","-","-","-",
"상해(중)","발생건수[건]","건","-","-","","","","-","-","-","-","-","-","-",
"상해(중)","검거건수[건]","건","-","-","","","","-","-","-","-","-","-","-",
"상해(중)","발생건수 대비 검거건수[%]","%","-","","","","","-","-","-","-","-","-","-",
"상해(중)","검거인원[명]","명","-","-","","","","-","-","-","-","-","-","-",
"상해(중)","남자검거인원[명]","명","-","-","","","","-","-","-","-","-","-","-",
"상해(중)","여자검거인원[명]","명","-","-","","","","-","-","-","-","-","-","-",
"상해(중)","불상검거인원[명]","명","-","-","","","","-","-","-","-","-","-","-",
"상해(중)","법인체[개]","개","","","","","","-","-","-","-","-","-","-",
"상해(상습)","발생건수[건]","건","-","-","","","","-","-","-","-","-","-","-",
"상해(상습)","검거건수[건]","건","-","-","","","","-","-","-","-","-","-","-",
"상해(상습)","발생건수 대비 검거건수[%]","%","-","","","","","-","-","-","-","-","-","-",
"상해(상습)","검거인원[명]","명","-","-","","","","-","-","-","-","-","-","-",
"상해(상습)","남자검거인원[명]","명","-","-","","","","-","-","-","-","-","-","-",
"상해(상습)","여자검거인원[명]","명","-","-","","","","-","-","-","-","-","-","-",
"상해(상습)","불상검거인원[명]","명","-","-","","","","-","-","-","-","-","-","-",
"상해(상습)","법인체[개]","개","","","","","","-","-","-","-","-","-","-",
"상해(상습중)","발생건수[건]","건","-","-","","","","-","-","-","-","-","-","-",
"상해(상습중)","검거건수[건]","건","-","-","","","","-","-","-","-","-","-","-",
"상해(상습중)","발생건수 대비 검거건수[%]","%","-","","","","","-","-","-","-","-","-","-",
"상해(상습중)","검거인원[명]","명","-","-","","","","-","-","-","-","-","-","-",
"상해(상습중)","남자검거인원[명]","명","-","-","","","","-","-","-","-","-","-","-",
"상해(상습중)","여자검거인원[명]","명","-","-","","","","-","-","-","-","-","-","-",
"상해(상습중)","불상검거인원[명]","명","-","-","","","","-","-","-","-","-","-","-",
"상해(상습중)","법인체[개]","개","","","","","","-","-","-","-","-","-","-",
"상해치사","발생건수[건]","건","-","-","","","","-","-","-","-","-","-","-",
"상해치사","검거건수[건]","건","-","-","","","","-","-","-","-","-","-","-",
"상해치사","발생건수 대비 검거건수[%]","%","-","","","","","-","-","-","-","-","-","-",
"상해치사","검거인원[명]","명","-","-","","","","-","-","-","-","-","-","-",
"상해치사","남자검거인원[명]","명","-","-","","","","-","-","-","-","-","-","-",
"상해치사","여자검거인원[명]","명","-","-","","","","-","-","-","-","-","-","-",
"상해치사","불상검거인원[명]","명","-","-","","","","-","-","-","-","-","-","-",
"상해치사","법인체[개]","개","","","","","","-","-","-","-","-","-","-",
"존속상해","발생건수[건]","건","-","-","","","","-","-","-","-","-","-","-",
"존속상해","검거건수[건]","건","-","-","","","","-","-","-","-","-","-","-",
"존속상해","발생건수 대비 검거건수[%]","%","-","","","","","-","-","-","-","-","-","-",
"존속상해","검거인원[명]","명","-","-","","","","-","-","-","-","-","-","-",
"존속상해","남자검거인원[명]","명","-","-","","","","-","-","-","-","-","-","-",
"존속상해","여자검거인원[명]","명","-","-","","","","-","-","-","-","-","-","-",
"존속상해","불상검거인원[명]","명","-","-","","","","-","-","-","-","-","-","-",
"존속상해","법인체[개]","개","","","","","","-","-","-","-","-","-","-",
"존속상해(중)","발생건수[건]","건","-","-","","","","-","-","-","-","-","-","-",
"존속상해(중)","검거건수[건]","건","-","-","","","","-","-","-","-","-","-","-",
"존속상해(중)","발생건수 대비 검거건수[%]","%","-","","","","","-","-","-","-","-","-","-",
"존속상해(중)","검거인원[명]","명","-","-","","","","-","-","-","-","-","-","-",
"존속상해(중)","남자검거인원[명]","명","-","-","","","","-","-","-","-","-","-","-",
"존속상해(중)","여자검거인원[명]","명","-","-","","","","-","-","-","-","-","-","-",
"존속상해(중)","불상검거인원[명]","명","-","-","","","","-","-","-","-","-","-","-",
"존속상해(중)","법인체[개]","개","","","","","","-","-","-","-","-","-","-",
"존속상해(상습)","발생건수[건]","건","-","-","","","","-","-","-","-","-","-","-",
"존속상해(상습)","검거건수[건]","건","-","-","","","","-","-","-","-","-","-","-",
"존속상해(상습)","발생건수 대비 검거건수[%]","%","-","","","","","-","-","-","-","-","-","-",
"존속상해(상습)","검거인원[명]","명","-","-","","","","-","-","-","-","-","-","-",
"존속상해(상습)","남자검거인원[명]","명","-","-","","","","-","-","-","-","-","-","-",
"존속상해(상습)","여자검거인원[명]","명","-","-","","","","-","-","-","-","-","-","-",
"존속상해(상습)","불상검거인원[명]","명","-","-","","","","-","-","-","-","-","-","-",
"존속상해(상습)","법인체[개]","개","","","","","","-","-","-","-","-","-","-",
"존속상해(상습중)","발생건수[건]","건","-","-","","","","-","-","-","-","-","-","-",
"존속상해(상습중)","검거건수[건]","건","-","-","","","","-","-","-","-","-","-","-",
"존속상해(상습중)","발생건수 대비 검거건수[%]","%","-","","","","","-","-","-","-","-","-","-",
"존속상해(상습중)","검거인원[명]","명","-","-","","","","-","-","-","-","-","-","-",
"존속상해(상습중)","남자검거인원[명]","명","-","-","","","","-","-","-","-","-","-","-",
"존속상해(상습중)","여자검거인원[명]","명","-","-","","","","-","-","-","-","-","-","-",
"존속상해(상습중)","불상검거인원[명]","명","-","-","","","","-","-","-","-","-","-","-",
"존속상해(상습중)","법인체[개]","개","","","","","","-","-","-","-","-","-","-",
"존속상해치사","발생건수[건]","건","-","-","","","","-","-","-","-","-","-","-",
"존속상해치사","검거건수[건]","건","-","-","","","","-","-","-","-","-","-","-",
"존속상해치사","발생건수 대비 검거건수[%]","%","-","","","","","-","-","-","-","-","-","-",
"존속상해치사","검거인원[명]","명","-","-","","","","-","-","-","-","-","-","-",
"존속상해치사","남자검거인원[명]","명","-","-","","","","-","-","-","-","-","-","-",
"존속상해치사","여자검거인원[명]","명","-","-","","","","-","-","-","-","-","-","-",
"존속상해치사","불상검거인원[명]","명","-","-","","","","-","-","-","-","-","-","-",
"존속상해치사","법인체[개]","개","","","","","","-","-","-","-","-","-","-",
"특가법(보복상해등)","발생건수[건]","건","","","","","","-","-","-","-","-","-","-",
"특가법(보복상해등)","검거건수[건]","건","","","","","","-","-","-","-","-","-","-",
"특가법(보복상해등)","발생건수 대비 검거건수[%]","%","","","","","","-","-","-","-","-","-","-",
"특가법(보복상해등)","검거인원[명]","명","","","","","","-","-","-","-","-","-","-",
"특가법(보복상해등)","남자검거인원[명]","명","","","","","","-","-","-","-","-","-","-",
"특가법(보복상해등)","여자검거인원[명]","명","","","","","","-","-","-","-","-","-","-",
"특가법(보복상해등)","불상검거인원[명]","명","","","","","","-","-","-","-","-","-","-",
"특가법(보복상해등)","법인체[개]","개","","","","","","-","-","-","-","-","-","-",
"아동학대처벌법위반(상습상해)","발생건수[건]","건","","","","","","-","-","-","-","-","-","-",
"아동학대처벌법위반(상습상해)","검거건수[건]","건","","","","","","-","-","-","-","-","-","-",
"아동학대처벌법위반(상습상해)","발생건수 대비 검거건수[%]","%","","","","","","-","-","-","-","-","-","-",
"아동학대처벌법위반(상습상해)","검거인원[명]","명","","","","","","-","-","-","-","-","-","-",
"아동학대처벌법위반(상습상해)","남자검거인원[명]","명","","","","","","-","-","-","-","-","-","-",
"아동학대처벌법위반(상습상해)","여자검거인원[명]","명","","","","","","-","-","-","-","-","-","-",
"아동학대처벌법위반(상습상해)","불상검거인원[명]","명","","","","","","-","-","-","-","-","-","-",
"아동학대처벌법위반(상습상해)","법인체[개]","개","","","","","","-","-","-","-","-","-","-",
"특수상해","발생건수[건]","건","","","","","","-","-","-","-","-","-","-",
"특수상해","검거건수[건]","건","","","","","","-","-","-","-","-","-","-",
"특수상해","발생건수 대비 검거건수[%]","%","","","","","","-","-","-","-","-","-","-",
"특수상해","검거인원[명]","명","","","","","","-","-","-","-","-","-","-",
"특수상해","남자검거인원[명]","명","","","","","","-","-","-","-","-","-","-",
"특수상해","여자검거인원[명]","명","","","","","","-","-","-","-","-","-","-",
"특수상해","불상검거인원[명]","명","","","","","","-","-","-","-","-","-","-",
"특수상해","법인체[개]","개","","","","","","-","-","-","-","-","-","-",
"특수상해(중)","발생건수[건]","건","","","","","","-","-","-","-","-","-","-",
"특수상해(중)","검거건수[건]","건","","","","","","-","-","-","-","-","-","-",
"특수상해(중)","발생건수 대비 검거건수[%]","%","","","","","","-","-","-","-","-","-","-",
"특수상해(중)","검거인원[명]","명","","","","","","-","-","-","-","-","-","-",
"특수상해(중)","남자검거인원[명]","명","","","","","","-","-","-","-","-","-","-",
"특수상해(중)","여자검거인원[명]","명","","","","","","-","-","-","-","-","-","-",
"특수상해(중)","불상검거인원[명]","명","","","","","","-","-","-","-","-","-","-",
"특수상해(중)","법인체[개]","개","","","","","","-","-","-","-","-","-","-",
"특수상해(상습)","발생건수[건]","건","","","","","","-","-","-","-","-","-","-",
"특수상해(상습)","검거건수[건]","건","","","","","","-","-","-","-","-","-","-",
"특수상해(상습)","발생건수 대비 검거건수[%]","%","","","","","","-","-","-","-","-","-","-",
"특수상해(상습)","검거인원[명]","명","","","","","","-","-","-","-","-","-","-",
"특수상해(상습)","남자검거인원[명]","명","","","","","","-","-","-","-","-","-","-",
"특수상해(상습)","여자검거인원[명]","명","","","","","","-","-","-","-","-","-","-",
"특수상해(상습)","불상검거인원[명]","명","","","","","","-","-","-","-","-","-","-",
"특수상해(상습)","법인체[개]","개","","","","","","-","-","-","-","-","-","-",
"존속상해(특수·특수중)","발생건수[건]","건","","","","","","-","-","-","-","-","-","-",
"존속상해(특수·특수중)","검거건수[건]","건","","","","","","-","-","-","-","-","-","-",
"존속상해(특수·특수중)","발생건수 대비 검거건수[%]","%","","","","","","-","-","-","-","-","-","-",
"존속상해(특수·특수중)","검거인원[명]","명","","","","","","-","-","-","-","-","-","-",
"존속상해(특수·특수중)","남자검거인원[명]","명","","","","","","-","-","-","-","-","-","-",
"존속상해(특수·특수중)","여자검거인원[명]","명","","","","","","-","-","-","-","-","-","-",
"존속상해(특수·특수중)","불상검거인원[명]","명","","","","","","-","-","-","-","-","-","-",
"존속상해(특수·특수중)","법인체[개]","개","","","","","","-","-","-","-","-","-","-",
"폭행","발생건수[건]","건","-","-","","","","-","-","-","-","-","-","-",
"폭행","검거건수[건]","건","-","-","","","","-","-","-","-","-","-","-",
"폭행","발생건수 대비 검거건수[%]","%","-","","","","","-","-","-","-","-","-","-",
"폭행","검거인원[명]","명","-","-","1","","","-","-","-","-","-","-","-",
"폭행","남자검거인원[명]","명","-","-","","","","-","-","-","-","-","-","-",
"폭행","여자검거인원[명]","명","-","-","1","","","-","-","-","-","-","-","-",
"폭행","불상검거인원[명]","명","-","-","","","","-","-","-","-","-","-","-",
"폭행","법인체[개]","개","","","","","","-","-","-","-","-","-","-",
"폭행","발생건수[건]","건","-","-","","","","-","-","-","-","-","-","-",
"폭행","검거건수[건]","건","-","-","","","","-","-","-","-","-","-","-",
"폭행","발생건수 대비 검거건수[%]","%","-","","","","","-","-","-","-","-","-","-",
"폭행","검거인원[명]","명","-","-","1","","","-","-","-","-","-","-","-",
"폭행","남자검거인원[명]","명","-","-","","","","-","-","-","-","-","-","-",
"폭행","여자검거인원[명]","명","-","-","1","","","-","-","-","-","-","-","-",
"폭행","불상검거인원[명]","명","-","-","","","","-","-","-","-","-","-","-",
"폭행","법인체[개]","개","","","","","","-","-","-","-","-","-","-",
"폭행(상습)","발생건수[건]","건","-","-","","","","-","-","-","-","-","-","-",
"폭행(상습)","검거건수[건]","건","-","-","","","","-","-","-","-","-","-","-",
"폭행(상습)","발생건수 대비 검거건수[%]","%","-","","","","","-","-","-","-","-","-","-",
"폭행(상습)","검거인원[명]","명","-","-","","","","-","-","-","-","-","-","-",
"폭행(상습)","남자검거인원[명]","명","-","-","","","","-","-","-","-","-","-","-",
"폭행(상습)","여자검거인원[명]","명","-","-","","","","-","-","-","-","-","-","-",
"폭행(상습)","불상검거인원[명]","명","-","-","","","","-","-","-","-","-","-","-",
"폭행(상습)","법인체[개]","개","","","","","","-","-","-","-","-","-","-",
"폭행치상","발생건수[건]","건","-","-","","","","-","-","-","-","-","-","-",
"폭행치상","검거건수[건]","건","-","-","","","","-","-","-","-","-","-","-",
"폭행치상","발생건수 대비 검거건수[%]","%","-","","","","","-","-","-","-","-","-","-",
"폭행치상","검거인원[명]","명","-","-","","","","-","-","-","-","-","-","-",
"폭행치상","남자검거인원[명]","명","-","-","","","","-","-","-","-","-","-","-",
"폭행치상","여자검거인원[명]","명","-","-","","","","-","-","-","-","-","-","-",
"폭행치상","불상검거인원[명]","명","-","-","","","","-","-","-","-","-","-","-",
"폭행치상","법인체[개]","개","","","","","","-","-","-","-","-","-","-",
"폭행치사","발생건수[건]","건","-","-","","","","-","-","-","-","-","-","-",
"폭행치사","검거건수[건]","건","-","-","","","","-","-","-","-","-","-","-",
"폭행치사","발생건수 대비 검거건수[%]","%","-","","","","","-","-","-","-","-","-","-",
"폭행치사","검거인원[명]","명","-","-","","","","-","-","-","-","-","-","-",
"폭행치사","남자검거인원[명]","명","-","-","","","","-","-","-","-","-","-","-",
"폭행치사","여자검거인원[명]","명","-","-","","","","-","-","-","-","-","-","-",
"폭행치사","불상검거인원[명]","명","-","-","","","","-","-","-","-","-","-","-",
"폭행치사","법인체[개]","개","","","","","","-","-","-","-","-","-","-",
"특수폭행","발생건수[건]","건","-","-","","","","-","-","-","-","-","-","-",
"특수폭행","검거건수[건]","건","-","-","","","","-","-","-","-","-","-","-",
"특수폭행","발생건수 대비 검거건수[%]","%","-","","","","","-","-","-","-","-","-","-",
"특수폭행","검거인원[명]","명","-","-","","","","-","-","-","-","-","-","-",
"특수폭행","남자검거인원[명]","명","-","-","","","","-","-","-","-","-","-","-",
"특수폭행","여자검거인원[명]","명","-","-","","","","-","-","-","-","-","-","-",
"특수폭행","불상검거인원[명]","명","-","-","","","","-","-","-","-","-","-","-",
"특수폭행","법인체[개]","개","","","","","","-","-","-","-","-","-","-",
"특수폭행(상습)","발생건수[건]","건","-","-","","","","-","-","-","-","-","-","-",
"특수폭행(상습)","검거건수[건]","건","-","-","","","","-","-","-","-","-","-","-",
"특수폭행(상습)","발생건수 대비 검거건수[%]","%","-","","","","","-","-","-","-","-","-","-",
"특수폭행(상습)","검거인원[명]","명","-","-","","","","-","-","-","-","-","-","-",
"특수폭행(상습)","남자검거인원[명]","명","-","-","","","","-","-","-","-","-","-","-",
"특수폭행(상습)","여자검거인원[명]","명","-","-","","","","-","-","-","-","-","-","-",
"특수폭행(상습)","불상검거인원[명]","명","-","-","","","","-","-","-","-","-","-","-",
"특수폭행(상습)","법인체[개]","개","","","","","","-","-","-","-","-","-","-",
"특수폭행치상","발생건수[건]","건","-","-","","","","-","-","-","-","-","-","-",
"특수폭행치상","검거건수[건]","건","-","-","","","","-","-","-","-","-","-","-",
"특수폭행치상","발생건수 대비 검거건수[%]","%","-","","","","","-","-","-","-","-","-","-",
"특수폭행치상","검거인원[명]","명","-","-","","","","-","-","-","-","-","-","-",
"특수폭행치상","남자검거인원[명]","명","-","-","","","","-","-","-","-","-","-","-",
"특수폭행치상","여자검거인원[명]","명","-","-","","","","-","-","-","-","-","-","-",
"특수폭행치상","불상검거인원[명]","명","-","-","","","","-","-","-","-","-","-","-",
"특수폭행치상","법인체[개]","개","","","","","","-","-","-","-","-","-","-",
"특수폭행치사","발생건수[건]","건","-","-","","","","-","-","-","-","-","-","-",
"특수폭행치사","검거건수[건]","건","-","-","","","","-","-","-","-","-","-","-",
"특수폭행치사","발생건수 대비 검거건수[%]","%","-","","","","","-","-","-","-","-","-","-",
"특수폭행치사","검거인원[명]","명","-","-","","","","-","-","-","-","-","-","-",
"특수폭행치사","남자검거인원[명]","명","-","-","","","","-","-","-","-","-","-","-",
"특수폭행치사","여자검거인원[명]","명","-","-","","","","-","-","-","-","-","-","-",
"특수폭행치사","불상검거인원[명]","명","-","-","","","","-","-","-","-","-","-","-",
"특수폭행치사","법인체[개]","개","","","","","","-","-","-","-","-","-","-",
"존속폭행","발생건수[건]","건","-","-","","","","-","-","-","-","-","-","-",
"존속폭행","검거건수[건]","건","-","-","","","","-","-","-","-","-","-","-",
"존속폭행","발생건수 대비 검거건수[%]","%","-","","","","","-","-","-","-","-","-","-",
"존속폭행","검거인원[명]","명","-","-","","","","-","-","-","-","-","-","-",
"존속폭행","남자검거인원[명]","명","-","-","","","","-","-","-","-","-","-","-",
"존속폭행","여자검거인원[명]","명","-","-","","","","-","-","-","-","-","-","-",
"존속폭행","불상검거인원[명]","명","-","-","","","","-","-","-","-","-","-","-",
"존속폭행","법인체[개]","개","","","","","","-","-","-","-","-","-","-",
"존속폭행(특수)","발생건수[건]","건","-","-","","","","-","-","-","-","-","-","-",
"존속폭행(특수)","검거건수[건]","건","-","-","","","","-","-","-","-","-","-","-",
"존속폭행(특수)","발생건수 대비 검거건수[%]","%","-","","","","","-","-","-","-","-","-","-",
"존속폭행(특수)","검거인원[명]","명","-","-","","","","-","-","-","-","-","-","-",
"존속폭행(특수)","남자검거인원[명]","명","-","-","","","","-","-","-","-","-","-","-",
"존속폭행(특수)","여자검거인원[명]","명","-","-","","","","-","-","-","-","-","-","-",
"존속폭행(특수)","불상검거인원[명]","명","-","-","","","","-","-","-","-","-","-","-",
"존속폭행(특수)","법인체[개]","개","","","","","","-","-","-","-","-","-","-",
"존속폭행(상습)","발생건수[건]","건","-","-","","","","-","-","-","-","-","-","-",
"존속폭행(상습)","검거건수[건]","건","-","-","","","","-","-","-","-","-","-","-",
"존속폭행(상습)","발생건수 대비 검거건수[%]","%","-","","","","","-","-","-","-","-","-","-",
"존속폭행(상습)","검거인원[명]","명","-","-","","","","-","-","-","-","-","-","-",
"존속폭행(상습)","남자검거인원[명]","명","-","-","","","","-","-","-","-","-","-","-",
"존속폭행(상습)","여자검거인원[명]","명","-","-","","","","-","-","-","-","-","-","-",
"존속폭행(상습)","불상검거인원[명]","명","-","-","","","","-","-","-","-","-","-","-",
"존속폭행(상습)","법인체[개]","개","","","","","","-","-","-","-","-","-","-",
"존속폭행치상","발생건수[건]","건","-","-","","","","-","-","-","-","-","-","-",
"존속폭행치상","검거건수[건]","건","-","-","","","","-","-","-","-","-","-","-",
"존속폭행치상","발생건수 대비 검거건수[%]","%","-","","","","","-","-","-","-","-","-","-",
"존속폭행치상","검거인원[명]","명","-","-","","","","-","-","-","-","-","-","-",
"존속폭행치상","남자검거인원[명]","명","-","-","","","","-","-","-","-","-","-","-",
"존속폭행치상","여자검거인원[명]","명","-","-","","","","-","-","-","-","-","-","-",
"존속폭행치상","불상검거인원[명]","명","-","-","","","","-","-","-","-","-","-","-",
"존속폭행치상","법인체[개]","개","","","","","","-","-","-","-","-","-","-",
"존속폭행치사","발생건수[건]","건","-","-","","","","-","-","-","-","-","-","-",
"존속폭행치사","검거건수[건]","건","-","-","","","","-","-","-","-","-","-","-",
"존속폭행치사","발생건수 대비 검거건수[%]","%","-","","","","","-","-","-","-","-","-","-",
"존속폭행치사","검거인원[명]","명","-","-","","","","-","-","-","-","-","-","-",
"존속폭행치사","남자검거인원[명]","명","-","-","","","","-","-","-","-","-","-","-",
"존속폭행치사","여자검거인원[명]","명","-","-","","","","-","-","-","-","-","-","-",
"존속폭행치사","불상검거인원[명]","명","-","-","","","","-","-","-","-","-","-","-",
"존속폭행치사","법인체[개]","개","","","","","","-","-","-","-","-","-","-",
"특가법(운전자폭행등)","발생건수[건]","건","-","-","","","","-","-","-","-","-","-","-",
"특가법(운전자폭행등)","검거건수[건]","건","-","-","","","","-","-","-","-","-","-","-",
"특가법(운전자폭행등)","발생건수 대비 검거건수[%]","%","-","","","","","-","-","-","-","-","-","-",
"특가법(운전자폭행등)","검거인원[명]","명","-","-","","","","-","-","-","-","-","-","-",
"특가법(운전자폭행등)","남자검거인원[명]","명","-","-","","","","-","-","-","-","-","-","-",
"특가법(운전자폭행등)","여자검거인원[명]","명","-","-","","","","-","-","-","-","-","-","-",
"특가법(운전자폭행등)","불상검거인원[명]","명","-","-","","","","-","-","-","-","-","-","-",
"특가법(운전자폭행등)","법인체[개]","개","","","","","","-","-","-","-","-","-","-",
"특가법(보복폭행등)","발생건수[건]","건","","","","","","-","-","-","-","-","-","-",
"특가법(보복폭행등)","검거건수[건]","건","","","","","","-","-","-","-","-","-","-",
"특가법(보복폭행등)","발생건수 대비 검거건수[%]","%","","","","","","-","-","-","-","-","-","-",
"특가법(보복폭행등)","검거인원[명]","명","","","","","","-","-","-","-","-","-","-",
"특가법(보복폭행등)","남자검거인원[명]","명","","","","","","-","-","-","-","-","-","-",
"특가법(보복폭행등)","여자검거인원[명]","명","","","","","","-","-","-","-","-","-","-",
"특가법(보복폭행등)","불상검거인원[명]","명","","","","","","-","-","-","-","-","-","-",
"특가법(보복폭행등)","법인체[개]","개","","","","","","-","-","-","-","-","-","-",
"특가법(보복범죄등)","발생건수[건]","건","-","-","-","-","","-","-","-","-","-","-","-",
"특가법(보복범죄등)","검거건수[건]","건","-","-","-","-","","-","-","-","-","-","-","-",
"특가법(보복범죄등)","발생건수 대비 검거건수[%]","%","-","","-","-","","-","-","-","-","-","-","-",
"특가법(보복범죄등)","검거인원[명]","명","-","-","-","-","","-","-","-","-","-","-","-",
"특가법(보복범죄등)","남자검거인원[명]","명","-","-","-","-","","-","-","-","-","-","-","-",
"특가법(보복범죄등)","여자검거인원[명]","명","-","-","-","-","","-","-","-","-","-","-","-",
"특가법(보복범죄등)","불상검거인원[명]","명","-","-","-","-","","-","-","-","-","-","-","-",
"특가법(보복범죄등)","법인체[개]","개","","","-","-","","-","-","-","-","-","-","-",
"아동학대처벌법위반(상습폭행)","발생건수[건]","건","","","","","","-","-","-","-","-","-","-",
"아동학대처벌법위반(상습폭행)","검거건수[건]","건","","","","","","-","-","-","-","-","-","-",
"아동학대처벌법위반(상습폭행)","발생건수 대비 검거건수[%]","%","","","","","","-","-","-","-","-","-","-",
"아동학대처벌법위반(상습폭행)","검거인원[명]","명","","","","","","-","-","-","-","-","-","-",
"아동학대처벌법위반(상습폭행)","남자검거인원[명]","명","","","","","","-","-","-","-","-","-","-",
"아동학대처벌법위반(상습폭행)","여자검거인원[명]","명","","","","","","-","-","-","-","-","-","-",
"아동학대처벌법위반(상습폭행)","불상검거인원[명]","명","","","","","","-","-","-","-","-","-","-",
"아동학대처벌법위반(상습폭행)","법인체[개]","개","","","","","","-","-","-","-","-","-","-",
"체포·감금","발생건수[건]","건","-","-","","","","-","-","-","-","-","-","-",
"체포·감금","검거건수[건]","건","-","-","","","","-","-","-","-","-","-","-",
"체포·감금","발생건수 대비 검거건수[%]","%","-","","","","","-","-","-","-","-","-","-",
"체포·감금","검거인원[명]","명","-","-","","","","-","-","-","-","-","-","-",
"체포·감금","남자검거인원[명]","명","-","-","","","","-","-","-","-","-","-","-",
"체포·감금","여자검거인원[명]","명","-","-","","","","-","-","-","-","-","-","-",
"체포·감금","불상검거인원[명]","명","-","-","","","","-","-","-","-","-","-","-",
"체포·감금","법인체[개]","개","","","","","","-","-","-","-","-","-","-",
"체포·감금","발생건수[건]","건","-","-","","","","-","-","-","-","-","-","-",
"체포·감금","검거건수[건]","건","-","-","","","","-","-","-","-","-","-","-",
"체포·감금","발생건수 대비 검거건수[%]","%","-","","","","","-","-","-","-","-","-","-",
"체포·감금","검거인원[명]","명","-","-","","","","-","-","-","-","-","-","-",
"체포·감금","남자검거인원[명]","명","-","-","","","","-","-","-","-","-","-","-",
"체포·감금","여자검거인원[명]","명","-","-","","","","-","-","-","-","-","-","-",
"체포·감금","불상검거인원[명]","명","-","-","","","","-","-","-","-","-","-","-",
"체포·감금","법인체[개]","개","","","","","","-","-","-","-","-","-","-",
"체포·감금(중)","발생건수[건]","건","-","-","","","","-","-","-","-","-","-","-",
"체포·감금(중)","검거건수[건]","건","-","-","","","","-","-","-","-","-","-","-",
"체포·감금(중)","발생건수 대비 검거건수[%]","%","-","","","","","-","-","-","-","-","-","-",
"체포·감금(중)","검거인원[명]","명","-","-","","","","-","-","-","-","-","-","-",
"체포·감금(중)","남자검거인원[명]","명","-","-","","","","-","-","-","-","-","-","-",
"체포·감금(중)","여자검거인원[명]","명","-","-","","","","-","-","-","-","-","-","-",
"체포·감금(중)","불상검거인원[명]","명","-","-","","","","-","-","-","-","-","-","-",
"체포·감금(중)","법인체[개]","개","","","","","","-","-","-","-","-","-","-",
"체포·감금(특수)","발생건수[건]","건","-","-","","","","","","","","","","",
"체포·감금(특수)","검거건수[건]","건","-","-","","","","","","","","","","",
"체포·감금(특수)","발생건수 대비 검거건수[%]","%","-","","","","","","","","","","","",
"체포·감금(특수)","검거인원[명]","명","-","-","","","","","","","","","","",
"체포·감금(특수)","남자검거인원[명]","명","-","-","","","","","","","","","","",
"체포·감금(특수)","여자검거인원[명]","명","-","-","","","","","","","","","","",
"체포·감금(특수)","불상검거인원[명]","명","-","-","","","","","","","","","","",
"체포·감금(특수중)","발생건수[건]","건","-","-","","","","","","","","","","",
"체포·감금(특수중)","검거건수[건]","건","-","-","","","","","","","","","","",
"체포·감금(특수중)","발생건수 대비 검거건수[%]","%","-","","","","","","","","","","","",
"체포·감금(특수중)","검거인원[명]","명","-","-","","","","","","","","","","",
"체포·감금(특수중)","남자검거인원[명]","명","-","-","","","","","","","","","","",
"체포·감금(특수중)","여자검거인원[명]","명","-","-","","","","","","","","","","",
"체포·감금(특수중)","불상검거인원[명]","명","-","-","","","","","","","","","","",
"체포·감금(특수·특수중)","발생건수[건]","건","","","","","","-","-","-","-","-","-","-",
"체포·감금(특수·특수중)","검거건수[건]","건","","","","","","-","-","-","-","-","-","-",
"체포·감금(특수·특수중)","발생건수 대비 검거건수[%]","%","","","","","","-","-","-","-","-","-","-",
"체포·감금(특수·특수중)","검거인원[명]","명","","","","","","-","-","-","-","-","-","-",
"체포·감금(특수·특수중)","남자검거인원[명]","명","","","","","","-","-","-","-","-","-","-",
"체포·감금(특수·특수중)","여자검거인원[명]","명","","","","","","-","-","-","-","-","-","-",
"체포·감금(특수·특수중)","불상검거인원[명]","명","","","","","","-","-","-","-","-","-","-",
"체포·감금(특수·특수중)","법인체[개]","개","","","","","","-","-","-","-","-","-","-",
"체포·감금(상습)","발생건수[건]","건","-","-","","","","","","","","","","",
"체포·감금(상습)","검거건수[건]","건","-","-","","","","","","","","","","",
"체포·감금(상습)","발생건수 대비 검거건수[%]","%","-","","","","","","","","","","","",
"체포·감금(상습)","검거인원[명]","명","-","-","","","","","","","","","","",
"체포·감금(상습)","남자검거인원[명]","명","-","-","","","","","","","","","","",
"체포·감금(상습)","여자검거인원[명]","명","-","-","","","","","","","","","","",
"체포·감금(상습)","불상검거인원[명]","명","-","-","","","","","","","","","","",
"체포·감금(상습중)","발생건수[건]","건","-","-","","","","","","","","","","",
"체포·감금(상습중)","검거건수[건]","건","-","-","","","","","","","","","","",
"체포·감금(상습중)","발생건수 대비 검거건수[%]","%","-","","","","","","","","","","","",
"체포·감금(상습중)","검거인원[명]","명","-","-","","","","","","","","","","",
"체포·감금(상습중)","남자검거인원[명]","명","-","-","","","","","","","","","","",
"체포·감금(상습중)","여자검거인원[명]","명","-","-","","","","","","","","","","",
"체포·감금(상습중)","불상검거인원[명]","명","-","-","","","","","","","","","","",
"체포·감금(상습·상습중)","발생건수[건]","건","","","","","","-","-","-","-","-","-","-",
"체포·감금(상습·상습중)","검거건수[건]","건","","","","","","-","-","-","-","-","-","-",
"체포·감금(상습·상습중)","발생건수 대비 검거건수[%]","%","","","","","","-","-","-","-","-","-","-",
"체포·감금(상습·상습중)","검거인원[명]","명","","","","","","-","-","-","-","-","-","-",
"체포·감금(상습·상습중)","남자검거인원[명]","명","","","","","","-","-","-","-","-","-","-",
"체포·감금(상습·상습중)","여자검거인원[명]","명","","","","","","-","-","-","-","-","-","-",
"체포·감금(상습·상습중)","불상검거인원[명]","명","","","","","","-","-","-","-","-","-","-",
"체포·감금(상습·상습중)","법인체[개]","개","","","","","","-","-","-","-","-","-","-",
"체포·감금치사상(중·특수·상습)","발생건수[건]","건","-","-","","","","-","-","-","-","-","-","-",
"체포·감금치사상(중·특수·상습)","검거건수[건]","건","-","-","","","","-","-","-","-","-","-","-",
"체포·감금치사상(중·특수·상습)","발생건수 대비 검거건수[%]","%","-","","","","","-","-","-","-","-","-","-",
"체포·감금치사상(중·특수·상습)","검거인원[명]","명","-","-","","","","-","-","-","-","-","-","-",
"체포·감금치사상(중·특수·상습)","남자검거인원[명]","명","-","-","","","","-","-","-","-","-","-","-",
"체포·감금치사상(중·특수·상습)","여자검거인원[명]","명","-","-","","","","-","-","-","-","-","-","-",
"체포·감금치사상(중·특수·상습)","불상검거인원[명]","명","-","-","","","","-","-","-","-","-","-","-",
"체포·감금치사상(중·특수·상습)","법인체[개]","개","","","","","","-","-","-","-","-","-","-",
"존속체포·감금","발생건수[건]","건","-","-","","","","-","-","-","-","-","-","-",
"존속체포·감금","검거건수[건]","건","-","-","","","","-","-","-","-","-","-","-",
"존속체포·감금","발생건수 대비 검거건수[%]","%","-","","","","","-","-","-","-","-","-","-",
"존속체포·감금","검거인원[명]","명","-","-","","","","-","-","-","-","-","-","-",
"존속체포·감금","남자검거인원[명]","명","-","-","","","","-","-","-","-","-","-","-",
"존속체포·감금","여자검거인원[명]","명","-","-","","","","-","-","-","-","-","-","-",
"존속체포·감금","불상검거인원[명]","명","-","-","","","","-","-","-","-","-","-","-",
"존속체포·감금","법인체[개]","개","","","","","","-","-","-","-","-","-","-",
"존속체포·감금(중)","발생건수[건]","건","-","-","","","","-","-","-","-","-","-","-",
"존속체포·감금(중)","검거건수[건]","건","-","-","","","","-","-","-","-","-","-","-",
"존속체포·감금(중)","발생건수 대비 검거건수[%]","%","-","","","","","-","-","-","-","-","-","-",
"존속체포·감금(중)","검거인원[명]","명","-","-","","","","-","-","-","-","-","-","-",
"존속체포·감금(중)","남자검거인원[명]","명","-","-","","","","-","-","-","-","-","-","-",
"존속체포·감금(중)","여자검거인원[명]","명","-","-","","","","-","-","-","-","-","-","-",
"존속체포·감금(중)","불상검거인원[명]","명","-","-","","","","-","-","-","-","-","-","-",
"존속체포·감금(중)","법인체[개]","개","","","","","","-","-","-","-","-","-","-",
"존속체포·감금(특수)","발생건수[건]","건","-","-","","","","","","","","","","",
"존속체포·감금(특수)","검거건수[건]","건","-","-","","","","","","","","","","",
"존속체포·감금(특수)","발생건수 대비 검거건수[%]","%","-","","","","","","","","","","","",
"존속체포·감금(특수)","검거인원[명]","명","-","-","","","","","","","","","","",
"존속체포·감금(특수)","남자검거인원[명]","명","-","-","","","","","","","","","","",
"존속체포·감금(특수)","여자검거인원[명]","명","-","-","","","","","","","","","","",
"존속체포·감금(특수)","불상검거인원[명]","명","-","-","","","","","","","","","","",
"존속체포·감금(특수중)","발생건수[건]","건","-","-","","","","","","","","","","",
"존속체포·감금(특수중)","검거건수[건]","건","-","-","","","","","","","","","","",
"존속체포·감금(특수중)","발생건수 대비 검거건수[%]","%","-","","","","","","","","","","","",
"존속체포·감금(특수중)","검거인원[명]","명","-","-","","","","","","","","","","",
"존속체포·감금(특수중)","남자검거인원[명]","명","-","-","","","","","","","","","","",
"존속체포·감금(특수중)","여자검거인원[명]","명","-","-","","","","","","","","","","",
"존속체포·감금(특수중)","불상검거인원[명]","명","-","-","","","","","","","","","","",
"존속체포·감금(특수·특수중)","발생건수[건]","건","","","","","","-","-","-","-","-","-","-",
"존속체포·감금(특수·특수중)","검거건수[건]","건","","","","","","-","-","-","-","-","-","-",
"존속체포·감금(특수·특수중)","발생건수 대비 검거건수[%]","%","","","","","","-","-","-","-","-","-","-",
"존속체포·감금(특수·특수중)","검거인원[명]","명","","","","","","-","-","-","-","-","-","-",
"존속체포·감금(특수·특수중)","남자검거인원[명]","명","","","","","","-","-","-","-","-","-","-",
"존속체포·감금(특수·특수중)","여자검거인원[명]","명","","","","","","-","-","-","-","-","-","-",
"존속체포·감금(특수·특수중)","불상검거인원[명]","명","","","","","","-","-","-","-","-","-","-",
"존속체포·감금(특수·특수중)","법인체[개]","개","","","","","","-","-","-","-","-","-","-",
"존속체포·감금(상습)","발생건수[건]","건","-","-","","","","","","","","","","",
"존속체포·감금(상습)","검거건수[건]","건","-","-","","","","","","","","","","",
"존속체포·감금(상습)","발생건수 대비 검거건수[%]","%","-","","","","","","","","","","","",
"존속체포·감금(상습)","검거인원[명]","명","-","-","","","","","","","","","","",
"존속체포·감금(상습)","남자검거인원[명]","명","-","-","","","","","","","","","","",
"존속체포·감금(상습)","여자검거인원[명]","명","-","-","","","","","","","","","","",
"존속체포·감금(상습)","불상검거인원[명]","명","-","-","","","","","","","","","","",
"존속체포·감금(상습중)","발생건수[건]","건","-","-","","","","","","","","","","",
"존속체포·감금(상습중)","검거건수[건]","건","-","-","","","","","","","","","","",
"존속체포·감금(상습중)","발생건수 대비 검거건수[%]","%","-","","","","","","","","","","","",
"존속체포·감금(상습중)","검거인원[명]","명","-","-","","","","","","","","","","",
"존속체포·감금(상습중)","남자검거인원[명]","명","-","-","","","","","","","","","","",
"존속체포·감금(상습중)","여자검거인원[명]","명","-","-","","","","","","","","","","",
"존속체포·감금(상습중)","불상검거인원[명]","명","-","-","","","","","","","","","","",
"존속체포·감금(상습·상습중)","발생건수[건]","건","","","","","","-","-","-","-","-","-","-",
"존속체포·감금(상습·상습중)","검거건수[건]","건","","","","","","-","-","-","-","-","-","-",
"존속체포·감금(상습·상습중)","발생건수 대비 검거건수[%]","%","","","","","","-","-","-","-","-","-","-",
"존속체포·감금(상습·상습중)","검거인원[명]","명","","","","","","-","-","-","-","-","-","-",
"존속체포·감금(상습·상습중)","남자검거인원[명]","명","","","","","","-","-","-","-","-","-","-",
"존속체포·감금(상습·상습중)","여자검거인원[명]","명","","","","","","-","-","-","-","-","-","-",
"존속체포·감금(상습·상습중)","불상검거인원[명]","명","","","","","","-","-","-","-","-","-","-",
"존속체포·감금(상습·상습중)","법인체[개]","개","","","","","","-","-","-","-","-","-","-",
"존속체포·감금치사상(중·특수·상습)","발생건수[건]","건","-","-","","","","-","-","-","-","-","-","-",
"존속체포·감금치사상(중·특수·상습)","검거건수[건]","건","-","-","","","","-","-","-","-","-","-","-",
"존속체포·감금치사상(중·특수·상습)","발생건수 대비 검거건수[%]","%","-","","","","","-","-","-","-","-","-","-",
"존속체포·감금치사상(중·특수·상습)","검거인원[명]","명","-","-","","","","-","-","-","-","-","-","-",
"존속체포·감금치사상(중·특수·상습)","남자검거인원[명]","명","-","-","","","","-","-","-","-","-","-","-",
"존속체포·감금치사상(중·특수·상습)","여자검거인원[명]","명","-","-","","","","-","-","-","-","-","-","-",
"존속체포·감금치사상(중·특수·상습)","불상검거인원[명]","명","-","-","","","","-","-","-","-","-","-","-",
"존속체포·감금치사상(중·특수·상습)","법인체[개]","개","","","","","","-","-","-","-","-","-","-",
"특가법(보복체포·감금등)","발생건수[건]","건","","","","","","-","-","-","-","-","-","-",
"특가법(보복체포·감금등)","검거건수[건]","건","","","","","","-","-","-","-","-","-","-",
"특가법(보복체포·감금등)","발생건수 대비 검거건수[%]","%","","","","","","-","-","-","-","-","-","-",
"특가법(보복체포·감금등)","검거인원[명]","명","","","","","","-","-","-","-","-","-","-",
"특가법(보복체포·감금등)","남자검거인원[명]","명","","","","","","-","-","-","-","-","-","-",
"특가법(보복체포·감금등)","여자검거인원[명]","명","","","","","","-","-","-","-","-","-","-",
"특가법(보복체포·감금등)","불상검거인원[명]","명","","","","","","-","-","-","-","-","-","-",
"특가법(보복체포·감금등)","법인체[개]","개","","","","","","-","-","-","-","-","-","-",
"아동학대처벌법위반(상습체포·감금)","발생건수[건]","건","","","","","","-","-","-","-","-","-","-",
"아동학대처벌법위반(상습체포·감금)","검거건수[건]","건","","","","","","-","-","-","-","-","-","-",
"아동학대처벌법위반(상습체포·감금)","발생건수 대비 검거건수[%]","%","","","","","","-","-","-","-","-","-","-",
"아동학대처벌법위반(상습체포·감금)","검거인원[명]","명","","","","","","-","-","-","-","-","-","-",
"아동학대처벌법위반(상습체포·감금)","남자검거인원[명]","명","","","","","","-","-","-","-","-","-","-",
"아동학대처벌법위반(상습체포·감금)","여자검거인원[명]","명","","","","","","-","-","-","-","-","-","-",
"아동학대처벌법위반(상습체포·감금)","불상검거인원[명]","명","","","","","","-","-","-","-","-","-","-",
"아동학대처벌법위반(상습체포·감금)","법인체[개]","개","","","","","","-","-","-","-","-","-","-",
"협박","발생건수[건]","건","-","-","","","","-","-","-","-","-","-","-",
"협박","검거건수[건]","건","-","-","","","","-","-","-","-","-","-","-",
"협박","발생건수 대비 검거건수[%]","%","-","","","","","-","-","-","-","-","-","-",
"협박","검거인원[명]","명","-","-","","","","-","-","-","-","-","-","-",
"협박","남자검거인원[명]","명","-","-","","","","-","-","-","-","-","-","-",
"협박","여자검거인원[명]","명","-","-","","","","-","-","-","-","-","-","-",
"협박","불상검거인원[명]","명","-","-","","","","-","-","-","-","-","-","-",
"협박","법인체[개]","개","","","","","","-","-","-","-","-","-","-",
"협박","발생건수[건]","건","-","-","","","","-","-","-","-","-","-","-",
"협박","검거건수[건]","건","-","-","","","","-","-","-","-","-","-","-",
"협박","발생건수 대비 검거건수[%]","%","-","","","","","-","-","-","-","-","-","-",
"협박","검거인원[명]","명","-","-","","","","-","-","-","-","-","-","-",
"협박","남자검거인원[명]","명","-","-","","","","-","-","-","-","-","-","-",
"협박","여자검거인원[명]","명","-","-","","","","-","-","-","-","-","-","-",
"협박","불상검거인원[명]","명","-","-","","","","-","-","-","-","-","-","-",
"협박","법인체[개]","개","","","","","","-","-","-","-","-","-","-",
"협박(특수)","발생건수[건]","건","-","-","","","","-","-","-","-","-","-","-",
"협박(특수)","검거건수[건]","건","-","-","","","","-","-","-","-","-","-","-",
"협박(특수)","발생건수 대비 검거건수[%]","%","-","","","","","-","-","-","-","-","-","-",
"협박(특수)","검거인원[명]","명","-","-","","","","-","-","-","-","-","-","-",
"협박(특수)","남자검거인원[명]","명","-","-","","","","-","-","-","-","-","-","-",
"협박(특수)","여자검거인원[명]","명","-","-","","","","-","-","-","-","-","-","-",
"협박(특수)","불상검거인원[명]","명","-","-","","","","-","-","-","-","-","-","-",
"협박(특수)","법인체[개]","개","","","","","","-","-","-","-","-","-","-",
"협박(상습)","발생건수[건]","건","-","-","","","","-","-","-","-","-","-","-",
"협박(상습)","검거건수[건]","건","-","-","","","","-","-","-","-","-","-","-",
"협박(상습)","발생건수 대비 검거건수[%]","%","-","","","","","-","-","-","-","-","-","-",
"협박(상습)","검거인원[명]","명","-","-","","","","-","-","-","-","-","-","-",
"협박(상습)","남자검거인원[명]","명","-","-","","","","-","-","-","-","-","-","-",
"협박(상습)","여자검거인원[명]","명","-","-","","","","-","-","-","-","-","-","-",
"협박(상습)","불상검거인원[명]","명","-","-","","","","-","-","-","-","-","-","-",
"협박(상습)","법인체[개]","개","","","","","","-","-","-","-","-","-","-",
"협박(상습특수)","발생건수[건]","건","-","-","","","","-","-","-","-","-","-","-",
"협박(상습특수)","검거건수[건]","건","-","-","","","","-","-","-","-","-","-","-",
"협박(상습특수)","발생건수 대비 검거건수[%]","%","-","","","","","-","-","-","-","-","-","-",
"협박(상습특수)","검거인원[명]","명","-","-","","","","-","-","-","-","-","-","-",
"협박(상습특수)","남자검거인원[명]","명","-","-","","","","-","-","-","-","-","-","-",
"협박(상습특수)","여자검거인원[명]","명","-","-","","","","-","-","-","-","-","-","-",
"협박(상습특수)","불상검거인원[명]","명","-","-","","","","-","-","-","-","-","-","-",
"협박(상습특수)","법인체[개]","개","","","","","","-","-","-","-","-","-","-",
"존속협박","발생건수[건]","건","-","-","","","","-","-","-","-","-","-","-",
"존속협박","검거건수[건]","건","-","-","","","","-","-","-","-","-","-","-",
"존속협박","발생건수 대비 검거건수[%]","%","-","","","","","-","-","-","-","-","-","-",
"존속협박","검거인원[명]","명","-","-","","","","-","-","-","-","-","-","-",
"존속협박","남자검거인원[명]","명","-","-","","","","-","-","-","-","-","-","-",
"존속협박","여자검거인원[명]","명","-","-","","","","-","-","-","-","-","-","-",
"존속협박","불상검거인원[명]","명","-","-","","","","-","-","-","-","-","-","-",
"존속협박","법인체[개]","개","","","","","","-","-","-","-","-","-","-",
"존속협박(특수)","발생건수[건]","건","-","-","","","","-","-","-","-","-","-","-",
"존속협박(특수)","검거건수[건]","건","-","-","","","","-","-","-","-","-","-","-",
"존속협박(특수)","발생건수 대비 검거건수[%]","%","-","","","","","-","-","-","-","-","-","-",
"존속협박(특수)","검거인원[명]","명","-","-","","","","-","-","-","-","-","-","-",
"존속협박(특수)","남자검거인원[명]","명","-","-","","","","-","-","-","-","-","-","-",
"존속협박(특수)","여자검거인원[명]","명","-","-","","","","-","-","-","-","-","-","-",
"존속협박(특수)","불상검거인원[명]","명","-","-","","","","-","-","-","-","-","-","-",
"존속협박(특수)","법인체[개]","개","","","","","","-","-","-","-","-","-","-",
"존속협박(상습)","발생건수[건]","건","-","-","","","","-","-","-","-","-","-","-",
"존속협박(상습)","검거건수[건]","건","-","-","","","","-","-","-","-","-","-","-",
"존속협박(상습)","발생건수 대비 검거건수[%]","%","-","","","","","-","-","-","-","-","-","-",
"존속협박(상습)","검거인원[명]","명","-","-","","","","-","-","-","-","-","-","-",
"존속협박(상습)","남자검거인원[명]","명","-","-","","","","-","-","-","-","-","-","-",
"존속협박(상습)","여자검거인원[명]","명","-","-","","","","-","-","-","-","-","-","-",
"존속협박(상습)","불상검거인원[명]","명","-","-","","","","-","-","-","-","-","-","-",
"존속협박(상습)","법인체[개]","개","","","","","","-","-","-","-","-","-","-",
"존속협박(상습특수)","발생건수[건]","건","-","-","","","","-","-","-","-","-","-","-",
"존속협박(상습특수)","검거건수[건]","건","-","-","","","","-","-","-","-","-","-","-",
"존속협박(상습특수)","발생건수 대비 검거건수[%]","%","-","","","","","-","-","-","-","-","-","-",
"존속협박(상습특수)","검거인원[명]","명","-","-","","","","-","-","-","-","-","-","-",
"존속협박(상습특수)","남자검거인원[명]","명","-","-","","","","-","-","-","-","-","-","-",
"존속협박(상습특수)","여자검거인원[명]","명","-","-","","","","-","-","-","-","-","-","-",
"존속협박(상습특수)","불상검거인원[명]","명","-","-","","","","-","-","-","-","-","-","-",
"존속협박(상습특수)","법인체[개]","개","","","","","","-","-","-","-","-","-","-",
"특가법(운전자협박)","발생건수[건]","건","-","-","","","","-","-","-","-","-","-","-",
"특가법(운전자협박)","검거건수[건]","건","-","-","","","","-","-","-","-","-","-","-",
"특가법(운전자협박)","발생건수 대비 검거건수[%]","%","-","","","","","-","-","-","-","-","-","-",
"특가법(운전자협박)","검거인원[명]","명","-","-","","","","-","-","-","-","-","-","-",
"특가법(운전자협박)","남자검거인원[명]","명","-","-","","","","-","-","-","-","-","-","-",
"특가법(운전자협박)","여자검거인원[명]","명","-","-","","","","-","-","-","-","-","-","-",
"특가법(운전자협박)","불상검거인원[명]","명","-","-","","","","-","-","-","-","-","-","-",
"특가법(운전자협박)","법인체[개]","개","","","","","","-","-","-","-","-","-","-",
"특가법(보복협박등)","발생건수[건]","건","","","","","","-","-","-","-","-","-","-",
"특가법(보복협박등)","검거건수[건]","건","","","","","","-","-","-","-","-","-","-",
"특가법(보복협박등)","발생건수 대비 검거건수[%]","%","","","","","","-","-","-","-","-","-","-",
"특가법(보복협박등)","검거인원[명]","명","","","","","","-","-","-","-","-","-","-",
"특가법(보복협박등)","남자검거인원[명]","명","","","","","","-","-","-","-","-","-","-",
"특가법(보복협박등)","여자검거인원[명]","명","","","","","","-","-","-","-","-","-","-",
"특가법(보복협박등)","불상검거인원[명]","명","","","","","","-","-","-","-","-","-","-",
"특가법(보복협박등)","법인체[개]","개","","","","","","-","-","-","-","-","-","-",
"아동학대처벌법위반(상습협박)","발생건수[건]","건","","","","","","-","-","-","-","-","-","-",
"아동학대처벌법위반(상습협박)","검거건수[건]","건","","","","","","-","-","-","-","-","-","-",
"아동학대처벌법위반(상습협박)","발생건수 대비 검거건수[%]","%","","","","","","-","-","-","-","-","-","-",
"아동학대처벌법위반(상습협박)","검거인원[명]","명","","","","","","-","-","-","-","-","-","-",
"아동학대처벌법위반(상습협박)","남자검거인원[명]","명","","","","","","-","-","-","-","-","-","-",
"아동학대처벌법위반(상습협박)","여자검거인원[명]","명","","","","","","-","-","-","-","-","-","-",
"아동학대처벌법위반(상습협박)","불상검거인원[명]","명","","","","","","-","-","-","-","-","-","-",
"아동학대처벌법위반(상습협박)","법인체[개]","개","","","","","","-","-","-","-","-","-","-",
"약취·유인","발생건수[건]","건","-","-","","","","-","-","-","-","-","-","-",
"약취·유인","검거건수[건]","건","-","-","","","","-","-","-","-","-","-","-",
"약취·유인","발생건수 대비 검거건수[%]","%","-","","","","","-","-","-","-","-","-","-",
"약취·유인","검거인원[명]","명","-","-","","","","-","-","-","-","-","-","-",
"약취·유인","남자검거인원[명]","명","-","-","","","","-","-","-","-","-","-","-",
"약취·유인","여자검거인원[명]","명","-","-","","","","-","-","-","-","-","-","-",
"약취·유인","불상검거인원[명]","명","-","-","","","","-","-","-","-","-","-","-",
"약취·유인","법인체[개]","개","","","","","","-","-","-","-","-","-","-",
"약취·유인(미성년자)","발생건수[건]","건","-","-","","","","-","-","-","-","-","-","-",
"약취·유인(미성년자)","검거건수[건]","건","-","-","","","","-","-","-","-","-","-","-",
"약취·유인(미성년자)","발생건수 대비 검거건수[%]","%","-","","","","","-","-","-","-","-","-","-",
"약취·유인(미성년자)","검거인원[명]","명","-","-","","","","-","-","-","-","-","-","-",
"약취·유인(미성년자)","남자검거인원[명]","명","-","-","","","","-","-","-","-","-","-","-",
"약취·유인(미성년자)","여자검거인원[명]","명","-","-","","","","-","-","-","-","-","-","-",
"약취·유인(미성년자)","불상검거인원[명]","명","-","-","","","","-","-","-","-","-","-","-",
"약취·유인(미성년자)","법인체[개]","개","","","","","","-","-","-","-","-","-","-",
"약취·유인(추행·간음·결혼·영리)","발생건수[건]","건","","","","","","-","-","-","-","-","-","-",
"약취·유인(추행·간음·결혼·영리)","검거건수[건]","건","","","","","","-","-","-","-","-","-","-",
"약취·유인(추행·간음·결혼·영리)","발생건수 대비 검거건수[%]","%","","","","","","-","-","-","-","-","-","-",
"약취·유인(추행·간음·결혼·영리)","검거인원[명]","명","","","","","","-","-","-","-","-","-","-",
"약취·유인(추행·간음·결혼·영리)","남자검거인원[명]","명","","","","","","-","-","-","-","-","-","-",
"약취·유인(추행·간음·결혼·영리)","여자검거인원[명]","명","","","","","","-","-","-","-","-","-","-",
"약취·유인(추행·간음·결혼·영리)","불상검거인원[명]","명","","","","","","-","-","-","-","-","-","-",
"약취·유인(추행·간음·결혼·영리)","법인체[개]","개","","","","","","-","-","-","-","-","-","-",
"약취·유인(노동력착취·성매매·성적착취·장기적출)","발생건수[건]","건","","","","","","-","-","-","-","-","-","-",
"약취·유인(노동력착취·성매매·성적착취·장기적출)","검거건수[건]","건","","","","","","-","-","-","-","-","-","-",
"약취·유인(노동력착취·성매매·성적착취·장기적출)","발생건수 대비 검거건수[%]","%","","","","","","-","-","-","-","-","-","-",
"약취·유인(노동력착취·성매매·성적착취·장기적출)","검거인원[명]","명","","","","","","-","-","-","-","-","-","-",
"약취·유인(노동력착취·성매매·성적착취·장기적출)","남자검거인원[명]","명","","","","","","-","-","-","-","-","-","-",
"약취·유인(노동력착취·성매매·성적착취·장기적출)","여자검거인원[명]","명","","","","","","-","-","-","-","-","-","-",
"약취·유인(노동력착취·성매매·성적착취·장기적출)","불상검거인원[명]","명","","","","","","-","-","-","-","-","-","-",
"약취·유인(노동력착취·성매매·성적착취·장기적출)","법인체[개]","개","","","","","","-","-","-","-","-","-","-",
"(추행·간음·영리)약취·유인","발생건수[건]","건","-","-","","","","","","","","","","",
"(추행·간음·영리)약취·유인","검거건수[건]","건","-","-","","","","","","","","","","",
"(추행·간음·영리)약취·유인","발생건수 대비 검거건수[%]","%","-","","","","","","","","","","","",
"(추행·간음·영리)약취·유인","검거인원[명]","명","-","-","","","","","","","","","","",
"(추행·간음·영리)약취·유인","남자검거인원[명]","명","-","-","","","","","","","","","","",
"(추행·간음·영리)약취·유인","여자검거인원[명]","명","-","-","","","","","","","","","","",
"(추행·간음·영리)약취·유인","불상검거인원[명]","명","-","-","","","","","","","","","","",
"(추행·간음·영리)약취·유인(상습)","발생건수[건]","건","-","-","","","","","","","","","","",
"(추행·간음·영리)약취·유인(상습)","검거건수[건]","건","-","-","","","","","","","","","","",
"(추행·간음·영리)약취·유인(상습)","발생건수 대비 검거건수[%]","%","-","","","","","","","","","","","",
"(추행·간음·영리)약취·유인(상습)","검거인원[명]","명","-","-","","","","","","","","","","",
"(추행·간음·영리)약취·유인(상습)","남자검거인원[명]","명","-","-","","","","","","","","","","",
"(추행·간음·영리)약취·유인(상습)","여자검거인원[명]","명","-","-","","","","","","","","","","",
"(추행·간음·영리)약취·유인(상습)","불상검거인원[명]","명","-","-","","","","","","","","","","",
"인신매매","발생건수[건]","건","","","","","","-","-","-","-","-","-","-",
"인신매매","검거건수[건]","건","","","","","","-","-","-","-","-","-","-",
"인신매매","발생건수 대비 검거건수[%]","%","","","","","","-","-","-","-","-","-","-",
"인신매매","검거인원[명]","명","","","","","","-","-","-","-","-","-","-",
"인신매매","남자검거인원[명]","명","","","","","","-","-","-","-","-","-","-",
"인신매매","여자검거인원[명]","명","","","","","","-","-","-","-","-","-","-",
"인신매매","불상검거인원[명]","명","","","","","","-","-","-","-","-","-","-",
"인신매매","법인체[개]","개","","","","","","-","-","-","-","-","-","-",
"인신매매(추행·간음·결혼·영리)","발생건수[건]","건","","","","","","-","-","-","-","-","-","-",
"인신매매(추행·간음·결혼·영리)","검거건수[건]","건","","","","","","-","-","-","-","-","-","-",
"인신매매(추행·간음·결혼·영리)","발생건수 대비 검거건수[%]","%","","","","","","-","-","-","-","-","-","-",
"인신매매(추행·간음·결혼·영리)","검거인원[명]","명","","","","","","-","-","-","-","-","-","-",
"인신매매(추행·간음·결혼·영리)","남자검거인원[명]","명","","","","","","-","-","-","-","-","-","-",
"인신매매(추행·간음·결혼·영리)","여자검거인원[명]","명","","","","","","-","-","-","-","-","-","-",
"인신매매(추행·간음·결혼·영리)","불상검거인원[명]","명","","","","","","-","-","-","-","-","-","-",
"인신매매(추행·간음·결혼·영리)","법인체[개]","개","","","","","","-","-","-","-","-","-","-",
"인신매매등(노동력착취·성매매·성적착취·장기적출)","발생건수[건]","건","","","","","","-","-","-","-","-","-","-",
"인신매매등(노동력착취·성매매·성적착취·장기적출)","검거건수[건]","건","","","","","","-","-","-","-","-","-","-",
"인신매매등(노동력착취·성매매·성적착취·장기적출)","발생건수 대비 검거건수[%]","%","","","","","","-","-","-","-","-","-","-",
"인신매매등(노동력착취·성매매·성적착취·장기적출)","검거인원[명]","명","","","","","","-","-","-","-","-","-","-",
"인신매매등(노동력착취·성매매·성적착취·장기적출)","남자검거인원[명]","명","","","","","","-","-","-","-","-","-","-",
"인신매매등(노동력착취·성매매·성적착취·장기적출)","여자검거인원[명]","명","","","","","","-","-","-","-","-","-","-",
"인신매매등(노동력착취·성매매·성적착취·장기적출)","불상검거인원[명]","명","","","","","","-","-","-","-","-","-","-",
"인신매매등(노동력착취·성매매·성적착취·장기적출)","법인체[개]","개","","","","","","-","-","-","-","-","-","-",
"국외이송약취·유인·인신매매","발생건수[건]","건","-","-","","","","-","-","-","-","-","-","-",
"국외이송약취·유인·인신매매","검거건수[건]","건","-","-","","","","-","-","-","-","-","-","-",
"국외이송약취·유인·인신매매","발생건수 대비 검거건수[%]","%","-","","","","","-","-","-","-","-","-","-",
"국외이송약취·유인·인신매매","검거인원[명]","명","-","-","","","","-","-","-","-","-","-","-",
"국외이송약취·유인·인신매매","남자검거인원[명]","명","-","-","","","","-","-","-","-","-","-","-",
"국외이송약취·유인·인신매매","여자검거인원[명]","명","-","-","","","","-","-","-","-","-","-","-",
"국외이송약취·유인·인신매매","불상검거인원[명]","명","-","-","","","","-","-","-","-","-","-","-",
"국외이송약취·유인·인신매매","법인체[개]","개","","","","","","-","-","-","-","-","-","-",
"피약취자·피유인자·피매매자(상해·치상)","발생건수[건]","건","","","","","","-","-","-","-","-","-","-",
"피약취자·피유인자·피매매자(상해·치상)","검거건수[건]","건","","","","","","-","-","-","-","-","-","-",
"피약취자·피유인자·피매매자(상해·치상)","발생건수 대비 검거건수[%]","%","","","","","","-","-","-","-","-","-","-",
"피약취자·피유인자·피매매자(상해·치상)","검거인원[명]","명","","","","","","-","-","-","-","-","-","-",
"피약취자·피유인자·피매매자(상해·치상)","남자검거인원[명]","명","","","","","","-","-","-","-","-","-","-",
"피약취자·피유인자·피매매자(상해·치상)","여자검거인원[명]","명","","","","","","-","-","-","-","-","-","-",
"피약취자·피유인자·피매매자(상해·치상)","불상검거인원[명]","명","","","","","","-","-","-","-","-","-","-",
"피약취자·피유인자·피매매자(상해·치상)","법인체[개]","개","","","","","","-","-","-","-","-","-","-",
"피약취자·피유인자·피매매자(살해·치사)","발생건수[건]","건","","","","","","-","-","-","-","-","-","-",
"피약취자·피유인자·피매매자(살해·치사)","검거건수[건]","건","","","","","","-","-","-","-","-","-","-",
"피약취자·피유인자·피매매자(살해·치사)","발생건수 대비 검거건수[%]","%","","","","","","-","-","-","-","-","-","-",
"피약취자·피유인자·피매매자(살해·치사)","검거인원[명]","명","","","","","","-","-","-","-","-","-","-",
"피약취자·피유인자·피매매자(살해·치사)","남자검거인원[명]","명","","","","","","-","-","-","-","-","-","-",
"피약취자·피유인자·피매매자(살해·치사)","여자검거인원[명]","명","","","","","","-","-","-","-","-","-","-",
"피약취자·피유인자·피매매자(살해·치사)","불상검거인원[명]","명","","","","","","-","-","-","-","-","-","-",
"피약취자·피유인자·피매매자(살해·치사)","법인체[개]","개","","","","","","-","-","-","-","-","-","-",
"피약취자·피유인자·피매매자(수수·은닉)","발생건수[건]","건","","","","","","-","-","-","-","-","-","-",
"피약취자·피유인자·피매매자(수수·은닉)","검거건수[건]","건","","","","","","-","-","-","-","-","-","-",
"피약취자·피유인자·피매매자(수수·은닉)","발생건수 대비 검거건수[%]","%","","","","","","-","-","-","-","-","-","-",
"피약취자·피유인자·피매매자(수수·은닉)","검거인원[명]","명","","","","","","-","-","-","-","-","-","-",
"피약취자·피유인자·피매매자(수수·은닉)","남자검거인원[명]","명","","","","","","-","-","-","-","-","-","-",
"피약취자·피유인자·피매매자(수수·은닉)","여자검거인원[명]","명","","","","","","-","-","-","-","-","-","-",
"피약취자·피유인자·피매매자(수수·은닉)","불상검거인원[명]","명","","","","","","-","-","-","-","-","-","-",
"피약취자·피유인자·피매매자(수수·은닉)","법인체[개]","개","","","","","","-","-","-","-","-","-","-",
"특가법(미성년자약취·유인)","발생건수[건]","건","-","-","","","","","","","","","","",
"특가법(미성년자약취·유인)","검거건수[건]","건","-","-","","","","","","","","","","",
"특가법(미성년자약취·유인)","발생건수 대비 검거건수[%]","%","-","","","","","","","","","","","",
"특가법(미성년자약취·유인)","검거인원[명]","명","-","-","","","","","","","","","","",
"특가법(미성년자약취·유인)","남자검거인원[명]","명","-","-","","","","","","","","","","",
"특가법(미성년자약취·유인)","여자검거인원[명]","명","-","-","","","","","","","","","","",
"특가법(미성년자약취·유인)","불상검거인원[명]","명","-","-","","","","","","","","","","",
"특가법(영리약취·유인·매매)","발생건수[건]","건","-","-","","","","","","","","","","",
"특가법(영리약취·유인·매매)","검거건수[건]","건","-","-","","","","","","","","","","",
"특가법(영리약취·유인·매매)","발생건수 대비 검거건수[%]","%","-","","","","","","","","","","","",
"특가법(영리약취·유인·매매)","검거인원[명]","명","-","-","","","","","","","","","","",
"특가법(영리약취·유인·매매)","남자검거인원[명]","명","-","-","","","","","","","","","","",
"특가법(영리약취·유인·매매)","여자검거인원[명]","명","-","-","","","","","","","","","","",
"특가법(영리약취·유인·매매)","불상검거인원[명]","명","-","-","","","","","","","","","","",
"특가법(국외이송약취·유인·매매)","발생건수[건]","건","-","-","","","","","","","","","","",
"특가법(국외이송약취·유인·매매)","검거건수[건]","건","-","-","","","","","","","","","","",
"특가법(국외이송약취·유인·매매)","발생건수 대비 검거건수[%]","%","-","","","","","","","","","","","",
"특가법(국외이송약취·유인·매매)","검거인원[명]","명","-","-","","","","","","","","","","",
"특가법(국외이송약취·유인·매매)","남자검거인원[명]","명","-","-","","","","","","","","","","",
"특가법(국외이송약취·유인·매매)","여자검거인원[명]","명","-","-","","","","","","","","","","",
"특가법(국외이송약취·유인·매매)","불상검거인원[명]","명","-","-","","","","","","","","","","",
"특가법(약취·유인등)","발생건수[건]","건","","","","","","-","-","-","-","-","-","-",
"특가법(약취·유인등)","검거건수[건]","건","","","","","","-","-","-","-","-","-","-",
"특가법(약취·유인등)","발생건수 대비 검거건수[%]","%","","","","","","-","-","-","-","-","-","-",
"특가법(약취·유인등)","검거인원[명]","명","","","","","","-","-","-","-","-","-","-",
"특가법(약취·유인등)","남자검거인원[명]","명","","","","","","-","-","-","-","-","-","-",
"특가법(약취·유인등)","여자검거인원[명]","명","","","","","","-","-","-","-","-","-","-",
"특가법(약취·유인등)","불상검거인원[명]","명","","","","","","-","-","-","-","-","-","-",
"특가법(약취·유인등)","법인체[개]","개","","","","","","-","-","-","-","-","-","-",
"특가법(13세미만약취·유인등)","발생건수[건]","건","","","","","","-","-","-","-","-","-","-",
"특가법(13세미만약취·유인등)","검거건수[건]","건","","","","","","-","-","-","-","-","-","-",
"특가법(13세미만약취·유인등)","발생건수 대비 검거건수[%]","%","","","","","","-","-","-","-","-","-","-",
"특가법(13세미만약취·유인등)","검거인원[명]","명","","","","","","-","-","-","-","-","-","-",
"특가법(13세미만약취·유인등)","남자검거인원[명]","명","","","","","","-","-","-","-","-","-","-",
"특가법(13세미만약취·유인등)","여자검거인원[명]","명","","","","","","-","-","-","-","-","-","-",
"특가법(13세미만약취·유인등)","불상검거인원[명]","명","","","","","","-","-","-","-","-","-","-",
"특가법(13세미만약취·유인등)","법인체[개]","개","","","","","","-","-","-","-","-","-","-",
"부녀매매","발생건수[건]","건","-","-","","","","","","","","","","",
"부녀매매","검거건수[건]","건","-","-","","","","","","","","","","",
"부녀매매","발생건수 대비 검거건수[%]","%","-","","","","","","","","","","","",
"부녀매매","검거인원[명]","명","-","-","","","","","","","","","","",
"부녀매매","남자검거인원[명]","명","-","-","","","","","","","","","","",
"부녀매매","여자검거인원[명]","명","-","-","","","","","","","","","","",
"부녀매매","불상검거인원[명]","명","-","-","","","","","","","","","","",
"부녀매매(상습)","발생건수[건]","건","-","-","","","","","","","","","","",
"부녀매매(상습)","검거건수[건]","건","-","-","","","","","","","","","","",
"부녀매매(상습)","발생건수 대비 검거건수[%]","%","-","","","","","","","","","","","",
"부녀매매(상습)","검거인원[명]","명","-","-","","","","","","","","","","",
"부녀매매(상습)","남자검거인원[명]","명","-","-","","","","","","","","","","",
"부녀매매(상습)","여자검거인원[명]","명","-","-","","","","","","","","","","",
"부녀매매(상습)","불상검거인원[명]","명","-","-","","","","","","","","","","",
"결혼약취·유인","발생건수[건]","건","-","-","","","","","","","","","","",
"결혼약취·유인","검거건수[건]","건","-","-","","","","","","","","","","",
"결혼약취·유인","발생건수 대비 검거건수[%]","%","-","","","","","","","","","","","",
"결혼약취·유인","검거인원[명]","명","-","-","","","","","","","","","","",
"결혼약취·유인","남자검거인원[명]","명","-","-","","","","","","","","","","",
"결혼약취·유인","여자검거인원[명]","명","-","-","","","","","","","","","","",
"결혼약취·유인","불상검거인원[명]","명","-","-","","","","","","","","","","",
"피약취자·피유인자·피매매자등","발생건수[건]","건","-","-","","","","","","","","","","",
"피약취자·피유인자·피매매자등","검거건수[건]","건","-","-","","","","","","","","","","",
"피약취자·피유인자·피매매자등","발생건수 대비 검거건수[%]","%","-","","","","","","","","","","","",
"피약취자·피유인자·피매매자등","검거인원[명]","명","-","-","","","","","","","","","","",
"피약취자·피유인자·피매매자등","남자검거인원[명]","명","-","-","","","","","","","","","","",
"피약취자·피유인자·피매매자등","여자검거인원[명]","명","-","-","","","","","","","","","","",
"피약취자·피유인자·피매매자등","불상검거인원[명]","명","-","-","","","","","","","","","","",
"아동복지법위반(아동매매)","발생건수[건]","건","","","","","","-","-","-","-","-","-","-",
"아동복지법위반(아동매매)","검거건수[건]","건","","","","","","-","-","-","-","-","-","-",
"아동복지법위반(아동매매)","발생건수 대비 검거건수[%]","%","","","","","","-","-","-","-","-","-","-",
"아동복지법위반(아동매매)","검거인원[명]","명","","","","","","-","-","-","-","-","-","-",
"아동복지법위반(아동매매)","남자검거인원[명]","명","","","","","","-","-","-","-","-","-","-",
"아동복지법위반(아동매매)","여자검거인원[명]","명","","","","","","-","-","-","-","-","-","-",
"아동복지법위반(아동매매)","불상검거인원[명]","명","","","","","","-","-","-","-","-","-","-",
"아동복지법위반(아동매매)","법인체[개]","개","","","","","","-","-","-","-","-","-","-",
"아동학대처벌법위반(상습국외이송)","발생건수[건]","건","","","","","","-","-","-","-","-","-","-",
"아동학대처벌법위반(상습국외이송)","검거건수[건]","건","","","","","","-","-","-","-","-","-","-",
"아동학대처벌법위반(상습국외이송)","발생건수 대비 검거건수[%]","%","","","","","","-","-","-","-","-","-","-",
"아동학대처벌법위반(상습국외이송)","검거인원[명]","명","","","","","","-","-","-","-","-","-","-",
"아동학대처벌법위반(상습국외이송)","남자검거인원[명]","명","","","","","","-","-","-","-","-","-","-",
"아동학대처벌법위반(상습국외이송)","여자검거인원[명]","명","","","","","","-","-","-","-","-","-","-",
"아동학대처벌법위반(상습국외이송)","불상검거인원[명]","명","","","","","","-","-","-","-","-","-","-",
"아동학대처벌법위반(상습국외이송)","법인체[개]","개","","","","","","-","-","-","-","-","-","-",
"아동학대처벌법위반(상습약취·유인·인신매매)","발생건수[건]","건","","","","","","-","-","-","-","-","-","-",
"아동학대처벌법위반(상습약취·유인·인신매매)","검거건수[건]","건","","","","","","-","-","-","-","-","-","-",
"아동학대처벌법위반(상습약취·유인·인신매매)","발생건수 대비 검거건수[%]","%","","","","","","-","-","-","-","-","-","-",
"아동학대처벌법위반(상습약취·유인·인신매매)","검거인원[명]","명","","","","","","-","-","-","-","-","-","-",
"아동학대처벌법위반(상습약취·유인·인신매매)","남자검거인원[명]","명","","","","","","-","-","-","-","-","-","-",
"아동학대처벌법위반(상습약취·유인·인신매매)","여자검거인원[명]","명","","","","","","-","-","-","-","-","-","-",
"아동학대처벌법위반(상습약취·유인·인신매매)","불상검거인원[명]","명","","","","","","-","-","-","-","-","-","-",
"아동학대처벌법위반(상습약취·유인·인신매매)","법인체[개]","개","","","","","","-","-","-","-","-","-","-",
"아동학대처벌법위반(상습피약취자·피매매자·피유인자)","발생건수[건]","건","","","","","","-","-","-","-","-","-","-",
"아동학대처벌법위반(상습피약취자·피매매자·피유인자)","검거건수[건]","건","","","","","","-","-","-","-","-","-","-",
"아동학대처벌법위반(상습피약취자·피매매자·피유인자)","발생건수 대비 검거건수[%]","%","","","","","","-","-","-","-","-","-","-",
"아동학대처벌법위반(상습피약취자·피매매자·피유인자)","검거인원[명]","명","","","","","","-","-","-","-","-","-","-",
"아동학대처벌법위반(상습피약취자·피매매자·피유인자)","남자검거인원[명]","명","","","","","","-","-","-","-","-","-","-",
"아동학대처벌법위반(상습피약취자·피매매자·피유인자)","여자검거인원[명]","명","","","","","","-","-","-","-","-","-","-",
"아동학대처벌법위반(상습피약취자·피매매자·피유인자)","불상검거인원[명]","명","","","","","","-","-","-","-","-","-","-",
"아동학대처벌법위반(상습피약취자·피매매자·피유인자)","법인체[개]","개","","","","","","-","-","-","-","-","-","-",
"폭력행위등","발생건수[건]","건","-","-","","","","-","-","-","-","-","-","-",
"폭력행위등","검거건수[건]","건","-","-","","","","-","-","-","-","1","-","-",
"폭력행위등","발생건수 대비 검거건수[%]","%","-","","","","","-","-","-","-","-","-","-",
"폭력행위등","검거인원[명]","명","-","2","","","","-","-","-","-","10","-","-",
"폭력행위등","남자검거인원[명]","명","-","2","","","","-","-","-","-","10","-","-",
"폭력행위등","여자검거인원[명]","명","-","-","","","","-","-","-","-","-","-","-",
"폭력행위등","불상검거인원[명]","명","-","-","","","","-","-","-","-","-","-","-",
"폭력행위등","법인체[개]","개","","","","","","-","-","-","-","-","-","-",
"폭력행위등처벌에관한법률위반(상습)","발생건수[건]","건","-","-","","","","-","-","-","-","-","-","-",
"폭력행위등처벌에관한법률위반(상습)","검거건수[건]","건","-","-","","","","-","-","-","-","-","-","-",
"폭력행위등처벌에관한법률위반(상습)","발생건수 대비 검거건수[%]","%","-","","","","","-","-","-","-","-","-","-",
"폭력행위등처벌에관한법률위반(상습)","검거인원[명]","명","-","-","","","","-","-","-","-","-","-","-",
"폭력행위등처벌에관한법률위반(상습)","남자검거인원[명]","명","-","-","","","","-","-","-","-","-","-","-",
"폭력행위등처벌에관한법률위반(상습)","여자검거인원[명]","명","-","-","","","","-","-","-","-","-","-","-",
"폭력행위등처벌에관한법률위반(상습)","불상검거인원[명]","명","-","-","","","","-","-","-","-","-","-","-",
"폭력행위등처벌에관한법률위반(상습)","법인체[개]","개","","","","","","-","-","-","-","-","-","-",
"폭력행위등처벌에관한법률위반(공동)","발생건수[건]","건","-","-","","","","-","-","-","-","-","-","-",
"폭력행위등처벌에관한법률위반(공동)","검거건수[건]","건","-","-","","","","-","-","-","-","1","-","-",
"폭력행위등처벌에관한법률위반(공동)","발생건수 대비 검거건수[%]","%","-","","","","","-","-","-","-","-","-","-",
"폭력행위등처벌에관한법률위반(공동)","검거인원[명]","명","-","2","","","","-","-","-","-","10","-","-",
"폭력행위등처벌에관한법률위반(공동)","남자검거인원[명]","명","-","2","","","","-","-","-","-","10","-","-",
"폭력행위등처벌에관한법률위반(공동)","여자검거인원[명]","명","-","-","","","","-","-","-","-","-","-","-",
"폭력행위등처벌에관한법률위반(공동)","불상검거인원[명]","명","-","-","","","","-","-","-","-","-","-","-",
"폭력행위등처벌에관한법률위반(공동)","법인체[개]","개","","","","","","-","-","-","-","-","-","-",
"폭력행위등처벌에관한법률위반(집단,흉기등)","발생건수[건]","건","-","-","","","","-","-","-","-","-","-","-",
"폭력행위등처벌에관한법률위반(집단,흉기등)","검거건수[건]","건","-","-","","","","-","-","-","-","-","-","-",
"폭력행위등처벌에관한법률위반(집단,흉기등)","발생건수 대비 검거건수[%]","%","-","","","","","-","-","-","-","-","-","-",
"폭력행위등처벌에관한법률위반(집단,흉기등)","검거인원[명]","명","-","-","","","","-","-","-","-","-","-","-",
"폭력행위등처벌에관한법률위반(집단,흉기등)","남자검거인원[명]","명","-","-","","","","-","-","-","-","-","-","-",
"폭력행위등처벌에관한법률위반(집단,흉기등)","여자검거인원[명]","명","-","-","","","","-","-","-","-","-","-","-",
"폭력행위등처벌에관한법률위반(집단,흉기등)","불상검거인원[명]","명","-","-","","","","-","-","-","-","-","-","-",
"폭력행위등처벌에관한법률위반(집단,흉기등)","법인체[개]","개","","","","","","-","-","-","-","-","-","-",
"폭력행위등처벌에관한법률위반(상습집단,흉기등)","발생건수[건]","건","-","-","","","","-","-","-","-","-","-","-",
"폭력행위등처벌에관한법률위반(상습집단,흉기등)","검거건수[건]","건","-","-","","","","-","-","-","-","-","-","-",
"폭력행위등처벌에관한법률위반(상습집단,흉기등)","발생건수 대비 검거건수[%]","%","-","","","","","-","-","-","-","-","-","-",
"폭력행위등처벌에관한법률위반(상습집단,흉기등)","검거인원[명]","명","-","-","","","","-","-","-","-","-","-","-",
"폭력행위등처벌에관한법률위반(상습집단,흉기등)","남자검거인원[명]","명","-","-","","","","-","-","-","-","-","-","-",
"폭력행위등처벌에관한법률위반(상습집단,흉기등)","여자검거인원[명]","명","-","-","","","","-","-","-","-","-","-","-",
"폭력행위등처벌에관한법률위반(상습집단,흉기등)","불상검거인원[명]","명","-","-","","","","-","-","-","-","-","-","-",
"폭력행위등처벌에관한법률위반(상습집단,흉기등)","법인체[개]","개","","","","","","-","-","-","-","-","-","-",
"폭력행위등처벌에관한법률위반(야간·공동)","발생건수[건]","건","-","-","","","","-","-","-","-","-","-","-",
"폭력행위등처벌에관한법률위반(야간·공동)","검거건수[건]","건","-","-","","","","-","-","-","-","-","-","-",
"폭력행위등처벌에관한법률위반(야간·공동)","발생건수 대비 검거건수[%]","%","-","","","","","-","-","-","-","-","-","-",
"폭력행위등처벌에관한법률위반(야간·공동)","검거인원[명]","명","-","-","","","","-","-","-","-","-","-","-",
"폭력행위등처벌에관한법률위반(야간·공동)","남자검거인원[명]","명","-","-","","","","-","-","-","-","-","-","-",
"폭력행위등처벌에관한법률위반(야간·공동)","여자검거인원[명]","명","-","-","","","","-","-","-","-","-","-","-",
"폭력행위등처벌에관한법률위반(야간·공동)","불상검거인원[명]","명","-","-","","","","-","-","-","-","-","-","-",
"폭력행위등처벌에관한법률위반(야간·공동)","법인체[개]","개","","","","","","-","-","-","-","-","-","-",
"폭력행위등처벌에관한법률위반(야간집단흉기등)","발생건수[건]","건","-","-","","","","-","-","-","-","-","-","-",
"폭력행위등처벌에관한법률위반(야간집단흉기등)","검거건수[건]","건","-","-","","","","-","-","-","-","-","-","-",
"폭력행위등처벌에관한법률위반(야간집단흉기등)","발생건수 대비 검거건수[%]","%","-","","","","","-","-","-","-","-","-","-",
"폭력행위등처벌에관한법률위반(야간집단흉기등)","검거인원[명]","명","-","-","","","","-","-","-","-","-","-","-",
"폭력행위등처벌에관한법률위반(야간집단흉기등)","남자검거인원[명]","명","-","-","","","","-","-","-","-","-","-","-",
"폭력행위등처벌에관한법률위반(야간집단흉기등)","여자검거인원[명]","명","-","-","","","","-","-","-","-","-","-","-",
"폭력행위등처벌에관한법률위반(야간집단흉기등)","불상검거인원[명]","명","-","-","","","","-","-","-","-","-","-","-",
"폭력행위등처벌에관한법률위반(야간집단흉기등)","법인체[개]","개","","","","","","-","-","-","-","-","-","-",
"폭력행위등처벌에관한법률위반(단체등의구성·활동)","발생건수[건]","건","-","-","","","","-","-","-","-","-","-","-",
"폭력행위등처벌에관한법률위반(단체등의구성·활동)","검거건수[건]","건","-","-","","","","-","-","-","-","-","-","-",
"폭력행위등처벌에관한법률위반(단체등의구성·활동)","발생건수 대비 검거건수[%]","%","-","","","","","-","-","-","-","-","-","-",
"폭력행위등처벌에관한법률위반(단체등의구성·활동)","검거인원[명]","명","-","-","","","","-","-","-","-","-","-","-",
"폭력행위등처벌에관한법률위반(단체등의구성·활동)","남자검거인원[명]","명","-","-","","","","-","-","-","-","-","-","-",
"폭력행위등처벌에관한법률위반(단체등의구성·활동)","여자검거인원[명]","명","-","-","","","","-","-","-","-","-","-","-",
"폭력행위등처벌에관한법률위반(단체등의구성·활동)","불상검거인원[명]","명","-","-","","","","-","-","-","-","-","-","-",
"폭력행위등처벌에관한법률위반(단체등의구성·활동)","법인체[개]","개","","","","","","-","-","-","-","-","-","-",
"폭력행위등처벌에관한법률위반(단체등의[상습·공동·집단흉기등·상습집단흉기등])","발생건수[건]","건","-","-","","","","-","-","-","-","-","","",
"폭력행위등처벌에관한법률위반(단체등의[상습·공동·집단흉기등·상습집단흉기등])","검거건수[건]","건","-","-","","","","-","-","-","-","-","","",
"폭력행위등처벌에관한법률위반(단체등의[상습·공동·집단흉기등·상습집단흉기등])","발생건수 대비 검거건수[%]","%","-","","","","","-","-","-","-","-","","",
"폭력행위등처벌에관한법률위반(단체등의[상습·공동·집단흉기등·상습집단흉기등])","검거인원[명]","명","-","-","","","","-","-","-","-","-","","",
"폭력행위등처벌에관한법률위반(단체등의[상습·공동·집단흉기등·상습집단흉기등])","남자검거인원[명]","명","-","-","","","","-","-","-","-","-","","",
"폭력행위등처벌에관한법률위반(단체등의[상습·공동·집단흉기등·상습집단흉기등])","여자검거인원[명]","명","-","-","","","","-","-","-","-","-","","",
"폭력행위등처벌에관한법률위반(단체등의[상습·공동·집단흉기등·상습집단흉기등])","불상검거인원[명]","명","-","-","","","","-","-","-","-","-","","",
"폭력행위등처벌에관한법률위반(단체등의[상습·공동·집단흉기등·상습집단흉기등])","법인체[개]","개","","","","","","-","-","-","-","-","","",
"폭력행위등처벌에관한법률위반(단체등의[상습·공동·상습특수])","발생건수[건]","건","","","","","","","","","","","-","-",
"폭력행위등처벌에관한법률위반(단체등의[상습·공동·상습특수])","검거건수[건]","건","","","","","","","","","","","-","-",
"폭력행위등처벌에관한법률위반(단체등의[상습·공동·상습특수])","발생건수 대비 검거건수[%]","%","","","","","","","","","","","-","-",
"폭력행위등처벌에관한법률위반(단체등의[상습·공동·상습특수])","검거인원[명]","명","","","","","","","","","","","-","-",
"폭력행위등처벌에관한법률위반(단체등의[상습·공동·상습특수])","남자검거인원[명]","명","","","","","","","","","","","-","-",
"폭력행위등처벌에관한법률위반(단체등의[상습·공동·상습특수])","여자검거인원[명]","명","","","","","","","","","","","-","-",
"폭력행위등처벌에관한법률위반(단체등의[상습·공동·상습특수])","불상검거인원[명]","명","","","","","","","","","","","-","-",
"폭력행위등처벌에관한법률위반(단체등의[상습·공동·상습특수])","법인체[개]","개","","","","","","","","","","","-","-",
"폭력행위등처벌에관한법률위반(단체등의이용·지원)","발생건수[건]","건","-","-","","","","-","-","-","-","-","-","-",
"폭력행위등처벌에관한법률위반(단체등의이용·지원)","검거건수[건]","건","-","-","","","","-","-","-","-","-","-","-",
"폭력행위등처벌에관한법률위반(단체등의이용·지원)","발생건수 대비 검거건수[%]","%","-","","","","","-","-","-","-","-","-","-",
"폭력행위등처벌에관한법률위반(단체등의이용·지원)","검거인원[명]","명","-","-","","","","-","-","-","-","-","-","-",
"폭력행위등처벌에관한법률위반(단체등의이용·지원)","남자검거인원[명]","명","-","-","","","","-","-","-","-","-","-","-",
"폭력행위등처벌에관한법률위반(단체등의이용·지원)","여자검거인원[명]","명","-","-","","","","-","-","-","-","-","-","-",
"폭력행위등처벌에관한법률위반(단체등의이용·지원)","불상검거인원[명]","명","-","-","","","","-","-","-","-","-","-","-",
"폭력행위등처벌에관한법률위반(단체등의이용·지원)","법인체[개]","개","","","","","","-","-","-","-","-","-","-",
"폭력행위등처벌에관한법률위반(우범자)","발생건수[건]","건","-","-","","","","-","-","-","-","-","-","-",
"폭력행위등처벌에관한법률위반(우범자)","검거건수[건]","건","-","-","","","","-","-","-","-","-","-","-",
"폭력행위등처벌에관한법률위반(우범자)","발생건수 대비 검거건수[%]","%","-","","","","","-","-","-","-","-","-","-",
"폭력행위등처벌에관한법률위반(우범자)","검거인원[명]","명","-","-","","","","-","-","-","-","-","-","-",
"폭력행위등처벌에관한법률위반(우범자)","남자검거인원[명]","명","-","-","","","","-","-","-","-","-","-","-",
"폭력행위등처벌에관한법률위반(우범자)","여자검거인원[명]","명","-","-","","","","-","-","-","-","-","-","-",
"폭력행위등처벌에관한법률위반(우범자)","불상검거인원[명]","명","-","-","","","","-","-","-","-","-","-","-",
"폭력행위등처벌에관한법률위반(우범자)","법인체[개]","개","","","","","","-","-","-","-","-","-","-",
"공갈","발생건수[건]","건","-","-","","","","-","-","-","-","-","-","-",
"공갈","검거건수[건]","건","-","-","1","","","1","1","-","-","-","-","-",
"공갈","발생건수 대비 검거건수[%]","%","-","","100","","","-","-","-","-","-","-","-",
"공갈","검거인원[명]","명","-","-","2","","","1","2","2","-","-","1","1",
"공갈","남자검거인원[명]","명","-","-","2","","","1","1","1","-","-","1","1",
"공갈","여자검거인원[명]","명","-","-","","","","-","1","-","-","-","-","-",
"공갈","불상검거인원[명]","명","-","-","","","","-","-","1","-","-","-","-",
"공갈","법인체[개]","개","","","","","","-","-","-","-","-","-","-",
"공갈","발생건수[건]","건","-","-","","","","-","-","-","-","-","-","-",
"공갈","검거건수[건]","건","-","-","1","","","1","1","-","-","-","-","-",
"공갈","발생건수 대비 검거건수[%]","%","-","","100","","","-","-","-","-","-","-","-",
"공갈","검거인원[명]","명","-","-","2","","","1","2","2","-","-","1","1",
"공갈","남자검거인원[명]","명","-","-","2","","","1","1","1","-","-","1","1",
"공갈","여자검거인원[명]","명","-","-","","","","-","1","-","-","-","-","-",
"공갈","불상검거인원[명]","명","-","-","","","","-","-","1","-","-","-","-",
"공갈","법인체[개]","개","","","","","","-","-","-","-","-","-","-",
"공갈(상습)","발생건수[건]","건","-","-","","","","-","-","-","-","-","-","-",
"공갈(상습)","검거건수[건]","건","-","-","","","","-","-","-","-","-","-","-",
"공갈(상습)","발생건수 대비 검거건수[%]","%","-","","","","","-","-","-","-","-","-","-",
"공갈(상습)","검거인원[명]","명","-","-","","","","-","-","-","-","-","-","-",
"공갈(상습)","남자검거인원[명]","명","-","-","","","","-","-","-","-","-","-","-",
"공갈(상습)","여자검거인원[명]","명","-","-","","","","-","-","-","-","-","-","-",
"공갈(상습)","불상검거인원[명]","명","-","-","","","","-","-","-","-","-","-","-",
"공갈(상습)","법인체[개]","개","","","","","","-","-","-","-","-","-","-",
"특경법(공갈)","발생건수[건]","건","-","-","","","","-","-","-","-","-","-","-",
"특경법(공갈)","검거건수[건]","건","-","-","","","","-","-","-","-","-","-","-",
"특경법(공갈)","발생건수 대비 검거건수[%]","%","-","","","","","-","-","-","-","-","-","-",
"특경법(공갈)","검거인원[명]","명","-","-","","","","-","-","-","-","-","-","-",
"특경법(공갈)","남자검거인원[명]","명","-","-","","","","-","-","-","-","-","-","-",
"특경법(공갈)","여자검거인원[명]","명","-","-","","","","-","-","-","-","-","-","-",
"특경법(공갈)","불상검거인원[명]","명","-","-","","","","-","-","-","-","-","-","-",
"특경법(공갈)","법인체[개]","개","","","","","","-","-","-","-","-","-","-",
"아동학대처벌법위반(상습공갈)","발생건수[건]","건","","","","","","-","-","-","-","-","-","-",
"아동학대처벌법위반(상습공갈)","검거건수[건]","건","","","","","","-","-","-","-","-","-","-",
"아동학대처벌법위반(상습공갈)","발생건수 대비 검거건수[%]","%","","","","","","-","-","-","-","-","-","-",
"아동학대처벌법위반(상습공갈)","검거인원[명]","명","","","","","","-","-","-","-","-","-","-",
"아동학대처벌법위반(상습공갈)","남자검거인원[명]","명","","","","","","-","-","-","-","-","-","-",
"아동학대처벌법위반(상습공갈)","여자검거인원[명]","명","","","","","","-","-","-","-","-","-","-",
"아동학대처벌법위반(상습공갈)","불상검거인원[명]","명","","","","","","-","-","-","-","-","-","-",
"아동학대처벌법위반(상습공갈)","법인체[개]","개","","","","","","-","-","-","-","-","-","-",
"특수공갈","발생건수[건]","건","","","","","","-","-","-","-","-","-","-",
"특수공갈","검거건수[건]","건","","","","","","-","-","-","-","-","-","-",
"특수공갈","발생건수 대비 검거건수[%]","%","","","","","","-","-","-","-","-","-","-",
"특수공갈","검거인원[명]","명","","","","","","-","-","-","-","-","-","-",
"특수공갈","남자검거인원[명]","명","","","","","","-","-","-","-","-","-","-",
"특수공갈","여자검거인원[명]","명","","","","","","-","-","-","-","-","-","-",
"특수공갈","불상검거인원[명]","명","","","","","","-","-","-","-","-","-","-",
"특수공갈","법인체[개]","개","","","","","","-","-","-","-","-","-","-",
"특수공갈(상습)","발생건수[건]","건","","","","","","","","","","","","-",
"특수공갈(상습)","검거건수[건]","건","","","","","","","","","","","","-",
"특수공갈(상습)","발생건수 대비 검거건수[%]","%","","","","","","","","","","","","-",
"특수공갈(상습)","검거인원[명]","명","","","","","","","","","","","","-",
"특수공갈(상습)","남자검거인원[명]","명","","","","","","","","","","","","-",
"특수공갈(상습)","여자검거인원[명]","명","","","","","","","","","","","","-",
"특수공갈(상습)","불상검거인원[명]","명","","","","","","","","","","","","-",
"특수공갈(상습)","법인체[개]","개","","","","","","","","","","","","-",
"손괴","발생건수[건]","건","-","-","","","","-","-","-","-","-","-","-",
"손괴","검거건수[건]","건","-","-","","","","-","-","-","-","-","-","-",
"손괴","발생건수 대비 검거건수[%]","%","-","","","","","-","-","-","-","-","-","-",
"손괴","검거인원[명]","명","-","-","","","","-","-","-","-","-","-","-",
"손괴","남자검거인원[명]","명","-","-","","","","-","-","-","-","-","-","-",
"손괴","여자검거인원[명]","명","-","-","","","","-","-","-","-","-","-","-",
"손괴","불상검거인원[명]","명","-","-","","","","-","-","-","-","-","-","-",
"손괴","법인체[개]","개","","","","","","-","-","-","-","-","-","-",
"손괴의죄","발생건수[건]","건","","","","","","-","-","-","-","-","-","-",
"손괴의죄","검거건수[건]","건","","","","","","-","-","-","-","-","-","-",
"손괴의죄","발생건수 대비 검거건수[%]","%","","","","","","-","-","-","-","-","-","-",
"손괴의죄","검거인원[명]","명","","","","","","-","-","-","-","-","-","-",
"손괴의죄","남자검거인원[명]","명","","","","","","-","-","-","-","-","-","-",
"손괴의죄","여자검거인원[명]","명","","","","","","-","-","-","-","-","-","-",
"손괴의죄","불상검거인원[명]","명","","","","","","-","-","-","-","-","-","-",
"손괴의죄","법인체[개]","개","","","","","","-","-","-","-","-","-","-",
"아동학대처벌법위반(상습손괴)","발생건수[건]","건","","","","","","-","-","-","-","-","-","-",
"아동학대처벌법위반(상습손괴)","검거건수[건]","건","","","","","","-","-","-","-","-","-","-",
"아동학대처벌법위반(상습손괴)","발생건수 대비 검거건수[%]","%","","","","","","-","-","-","-","-","-","-",
"아동학대처벌법위반(상습손괴)","검거인원[명]","명","","","","","","-","-","-","-","-","-","-",
"아동학대처벌법위반(상습손괴)","남자검거인원[명]","명","","","","","","-","-","-","-","-","-","-",
"아동학대처벌법위반(상습손괴)","여자검거인원[명]","명","","","","","","-","-","-","-","-","-","-",
"아동학대처벌법위반(상습손괴)","불상검거인원[명]","명","","","","","","-","-","-","-","-","-","-",
"아동학대처벌법위반(상습손괴)","법인체[개]","개","","","","","","-","-","-","-","-","-","-",
"지능범죄","발생건수[건]","건","2","-","","","","-","-","-","-","-","-","-",
"지능범죄","검거건수[건]","건","58","28","56","42","37","51","30","43","26","11","13","19",
"지능범죄","발생건수 대비 검거건수[%]","%","2900","2800","5600","4200","3700","-","-","-","-","-","-","-",
"지능범죄","검거인원[명]","명","280","92","191","234","155","248","187","276","180","39","39","60",
"지능범죄","남자검거인원[명]","명","257","85","183","212","143","229","183","262","80","34","32","50",
"지능범죄","여자검거인원[명]","명","19","5","7","21","11","18","3","12","13","5","5","6",
"지능범죄","불상검거인원[명]","명","4","2","1","1","1","1","1","2","87","-","2","4",
"지능범죄","법인체[개]","개","","3","","2","","10","2","3","-","-","-","13",
"직무유기","발생건수[건]","건","-","-","","","","-","-","-","-","-","-","-",
"직무유기","검거건수[건]","건","-","-","1","","","-","-","-","-","-","1","-",
"직무유기","발생건수 대비 검거건수[%]","%","-","","100","","","-","-","-","-","-","-","-",
"직무유기","검거인원[명]","명","-","-","1","1","","1","-","-","-","-","3","-",
"직무유기","남자검거인원[명]","명","-","-","1","1","","1","-","-","-","-","3","-",
"직무유기","여자검거인원[명]","명","-","-","","","","-","-","-","-","-","-","-",
"직무유기","불상검거인원[명]","명","-","-","","","","-","-","-","-","-","-","-",
"직무유기","법인체[개]","개","","","","","","-","-","-","-","-","-","-",
"직무유기·수행거부","발생건수[건]","건","-","-","","","","-","-","-","-","-","-","-",
"직무유기·수행거부","검거건수[건]","건","-","-","1","","","-","-","-","-","-","1","-",
"직무유기·수행거부","발생건수 대비 검거건수[%]","%","-","","100","","","-","-","-","-","-","-","-",
"직무유기·수행거부","검거인원[명]","명","-","-","1","1","","1","-","-","-","-","3","-",
"직무유기·수행거부","남자검거인원[명]","명","-","-","1","1","","1","-","-","-","-","3","-",
"직무유기·수행거부","여자검거인원[명]","명","-","-","","","","-","-","-","-","-","-","-",
"직무유기·수행거부","불상검거인원[명]","명","-","-","","","","-","-","-","-","-","-","-",
"직무유기·수행거부","법인체[개]","개","","","","","","-","-","-","-","-","-","-",
"특가법(직무유기)","발생건수[건]","건","-","-","","","","-","-","-","-","-","-","-",
"특가법(직무유기)","검거건수[건]","건","-","-","","","","-","-","-","-","-","-","-",
"특가법(직무유기)","발생건수 대비 검거건수[%]","%","-","","","","","-","-","-","-","-","-","-",
"특가법(직무유기)","검거인원[명]","명","-","-","","","","-","-","-","-","-","-","-",
"특가법(직무유기)","남자검거인원[명]","명","-","-","","","","-","-","-","-","-","-","-",
"특가법(직무유기)","여자검거인원[명]","명","-","-","","","","-","-","-","-","-","-","-",
"특가법(직무유기)","불상검거인원[명]","명","-","-","","","","-","-","-","-","-","-","-",
"특가법(직무유기)","법인체[개]","개","","","","","","-","-","-","-","-","-","-",
"폭력행위등처벌에관한법률위반(직무유기)","발생건수[건]","건","-","-","","","","-","-","-","-","-","-","-",
"폭력행위등처벌에관한법률위반(직무유기)","검거건수[건]","건","-","-","","","","-","-","-","-","-","-","-",
"폭력행위등처벌에관한법률위반(직무유기)","발생건수 대비 검거건수[%]","%","-","","","","","-","-","-","-","-","-","-",
"폭력행위등처벌에관한법률위반(직무유기)","검거인원[명]","명","-","-","","","","-","-","-","-","-","-","-",
"폭력행위등처벌에관한법률위반(직무유기)","남자검거인원[명]","명","-","-","","","","-","-","-","-","-","-","-",
"폭력행위등처벌에관한법률위반(직무유기)","여자검거인원[명]","명","-","-","","","","-","-","-","-","-","-","-",
"폭력행위등처벌에관한법률위반(직무유기)","불상검거인원[명]","명","-","-","","","","-","-","-","-","-","-","-",
"폭력행위등처벌에관한법률위반(직무유기)","법인체[개]","개","","","","","","-","-","-","-","-","-","-",
"직권남용","발생건수[건]","건","-","-","","","","-","-","-","-","-","-","-",
"직권남용","검거건수[건]","건","-","-","1","","","-","1","5","4","2","2","-",
"직권남용","발생건수 대비 검거건수[%]","%","-","","100","","","-","-","-","-","-","-","-",
"직권남용","검거인원[명]","명","1","1","1","","","-","5","22","24","6","3","2",
"직권남용","남자검거인원[명]","명","1","1","1","","","-","5","22","21","6","2","1",
"직권남용","여자검거인원[명]","명","-","-","","","","-","-","-","2","-","-","-",
"직권남용","불상검거인원[명]","명","-","-","","","","-","-","-","1","-","1","1",
"직권남용","법인체[개]","개","","","","","","-","-","-","-","-","-","-",
"직권남용(권리행사방해·체포·감금)","발생건수[건]","건","-","-","","","","-","-","-","-","-","-","-",
"직권남용(권리행사방해·체포·감금)","검거건수[건]","건","-","-","1","","","-","-","5","3","1","-","-",
"직권남용(권리행사방해·체포·감금)","발생건수 대비 검거건수[%]","%","-","","100","","","-","-","-","-","-","-","-",
"직권남용(권리행사방해·체포·감금)","검거인원[명]","명","-","-","1","","","-","2","22","15","1","-","1",
"직권남용(권리행사방해·체포·감금)","남자검거인원[명]","명","-","-","1","","","-","2","22","13","1","-","1",
"직권남용(권리행사방해·체포·감금)","여자검거인원[명]","명","-","-","","","","-","-","-","2","-","-","-",
"직권남용(권리행사방해·체포·감금)","불상검거인원[명]","명","-","-","","","","-","-","-","-","-","-","-",
"직권남용(권리행사방해·체포·감금)","법인체[개]","개","","","","","","-","-","-","-","-","-","-",
"독직폭행·가혹행위","발생건수[건]","건","-","-","","","","-","-","-","-","-","-","-",
"독직폭행·가혹행위","검거건수[건]","건","-","-","","","","-","-","-","-","-","-","-",
"독직폭행·가혹행위","발생건수 대비 검거건수[%]","%","-","","","","","-","-","-","-","-","-","-",
"독직폭행·가혹행위","검거인원[명]","명","-","-","","","","-","-","-","-","-","-","-",
"독직폭행·가혹행위","남자검거인원[명]","명","-","-","","","","-","-","-","-","-","-","-",
"독직폭행·가혹행위","여자검거인원[명]","명","-","-","","","","-","-","-","-","-","-","-",
"독직폭행·가혹행위","불상검거인원[명]","명","-","-","","","","-","-","-","-","-","-","-",
"독직폭행·가혹행위","법인체[개]","개","","","","","","-","-","-","-","-","-","-",
"피의사실공표","발생건수[건]","건","-","-","","","","-","-","-","-","-","-","-",
"피의사실공표","검거건수[건]","건","-","-","","","","-","-","-","-","-","-","-",
"피의사실공표","발생건수 대비 검거건수[%]","%","-","","","","","-","-","-","-","-","-","-",
"피의사실공표","검거인원[명]","명","-","-","","","","-","-","-","-","-","-","-",
"피의사실공표","남자검거인원[명]","명","-","-","","","","-","-","-","-","-","-","-",
"피의사실공표","여자검거인원[명]","명","-","-","","","","-","-","-","-","-","-","-",
"피의사실공표","불상검거인원[명]","명","-","-","","","","-","-","-","-","-","-","-",
"피의사실공표","법인체[개]","개","","","","","","-","-","-","-","-","-","-",
"공무상비밀누설","발생건수[건]","건","-","-","","","","-","-","-","-","-","-","-",
"공무상비밀누설","검거건수[건]","건","-","-","","","","-","1","-","1","1","2","-",
"공무상비밀누설","발생건수 대비 검거건수[%]","%","-","","","","","-","-","-","-","-","-","-",
"공무상비밀누설","검거인원[명]","명","1","1","","","","-","3","-","9","5","3","1",
"공무상비밀누설","남자검거인원[명]","명","1","1","","","","-","3","-","8","5","2","-",
"공무상비밀누설","여자검거인원[명]","명","-","-","","","","-","-","-","-","-","-","-",
"공무상비밀누설","불상검거인원[명]","명","-","-","","","","-","-","-","1","-","1","1",
"공무상비밀누설","법인체[개]","개","","","","","","-","-","-","-","-","-","-",
"선거방해","발생건수[건]","건","-","-","","","","-","-","-","-","-","-","-",
"선거방해","검거건수[건]","건","-","-","","","","-","-","-","-","-","-","-",
"선거방해","발생건수 대비 검거건수[%]","%","-","","","","","-","-","-","-","-","-","-",
"선거방해","검거인원[명]","명","-","-","","","","-","-","-","-","-","-","-",
"선거방해","남자검거인원[명]","명","-","-","","","","-","-","-","-","-","-","-",
"선거방해","여자검거인원[명]","명","-","-","","","","-","-","-","-","-","-","-",
"선거방해","불상검거인원[명]","명","-","-","","","","-","-","-","-","-","-","-",
"선거방해","법인체[개]","개","","","","","","-","-","-","-","-","-","-",
"특가법(체포·감금,독직폭행·가혹행위)","발생건수[건]","건","-","-","","","","-","-","-","-","-","-","-",
"특가법(체포·감금,독직폭행·가혹행위)","검거건수[건]","건","-","-","","","","-","-","-","-","-","-","-",
"특가법(체포·감금,독직폭행·가혹행위)","발생건수 대비 검거건수[%]","%","-","","","","","-","-","-","-","-","-","-",
"특가법(체포·감금,독직폭행·가혹행위)","검거인원[명]","명","-","-","","","","-","-","-","-","-","-","-",
"특가법(체포·감금,독직폭행·가혹행위)","남자검거인원[명]","명","-","-","","","","-","-","-","-","-","-","-",
"특가법(체포·감금,독직폭행·가혹행위)","여자검거인원[명]","명","-","-","","","","-","-","-","-","-","-","-",
"특가법(체포·감금,독직폭행·가혹행위)","불상검거인원[명]","명","-","-","","","","-","-","-","-","-","-","-",
"특가법(체포·감금,독직폭행·가혹행위)","법인체[개]","개","","","","","","-","-","-","-","-","-","-",
"증수뢰","발생건수[건]","건","-","-","","","","-","-","-","-","-","-","-",
"증수뢰","검거건수[건]","건","22","9","15","15","11","8","12","10","5","7","3","1",
"증수뢰","발생건수 대비 검거건수[%]","%","2200","900","1500","1500","1100","-","-","-","-","-","-","-",
"증수뢰","검거인원[명]","명","124","26","75","48","50","38","40","28","99","27","9","20",
"증수뢰","남자검거인원[명]","명","118","24","72","46","46","35","38","26","13","26","6","17",
"증수뢰","여자검거인원[명]","명","6","2","3","2","4","3","1","2","1","1","2","3",
"증수뢰","불상검거인원[명]","명","-","-","","","","-","1","-","85","-","1","-",
"증수뢰","법인체[개]","개","","","","1","","-","-","-","-","-","-","13",
"뇌물수수등","발생건수[건]","건","-","-","","","","-","-","-","-","-","-","-",
"뇌물수수등","검거건수[건]","건","11","1","10","9","6","5","8","5","1","3","-","-",
"뇌물수수등","발생건수 대비 검거건수[%]","%","1100","100","1000","900","600","-","-","-","-","-","-","-",
"뇌물수수등","검거인원[명]","명","89","4","55","19","28","19","28","6","86","10","-","1",
"뇌물수수등","남자검거인원[명]","명","84","4","53","18","28","17","26","6","1","10","-","1",
"뇌물수수등","여자검거인원[명]","명","5","-","2","1","","2","1","-","-","-","-","-",
"뇌물수수등","불상검거인원[명]","명","-","-","","","","-","1","-","85","-","-","-",
"뇌물수수등","법인체[개]","개","","","","","","-","-","-","-","-","-","-",
"뇌물공여등","발생건수[건]","건","-","-","","","","-","-","-","-","-","-","-",
"뇌물공여등","검거건수[건]","건","5","1","2","2","1","3","-","1","2","1","-","-",
"뇌물공여등","발생건수 대비 검거건수[%]","%","500","100","200","200","100","-","-","-","-","-","-","-",
"뇌물공여등","검거인원[명]","명","26","9","11","20","11","18","2","4","7","6","-","-",
"뇌물공여등","남자검거인원[명]","명","25","8","10","19","11","17","2","2","6","6","-","-",
"뇌물공여등","여자검거인원[명]","명","1","1","1","1","","1","-","2","1","-","-","-",
"뇌물공여등","불상검거인원[명]","명","-","-","","","","-","-","-","-","-","-","-",
"뇌물공여등","법인체[개]","개","","","","","","-","-","-","-","-","-","-",
"특가법(뇌물)","발생건수[건]","건","-","-","","","","-","-","-","-","-","-","-",
"특가법(뇌물)","검거건수[건]","건","2","4","3","2","3","-","4","2","1","3","1","-",
"특가법(뇌물)","발생건수 대비 검거건수[%]","%","200","400","300","200","300","-","-","-","-","-","-","-",
"특가법(뇌물)","검거인원[명]","명","3","8","9","5","9","1","10","15","2","11","3","-",
"특가법(뇌물)","남자검거인원[명]","명","3","7","9","5","6","1","10","15","2","10","2","-",
"특가법(뇌물)","여자검거인원[명]","명","-","1","","","3","-","-","-","-","1","1","-",
"특가법(뇌물)","불상검거인원[명]","명","-","-","","","","-","-","-","-","-","-","-",
"특가법(뇌물)","법인체[개]","개","","","","1","","-","-","-","-","-","-","-",
"특가법(알선수재)","발생건수[건]","건","-","-","","","","-","-","-","-","-","-","-",
"특가법(알선수재)","검거건수[건]","건","3","3","","2","1","-","-","2","-","-","1","-",
"특가법(알선수재)","발생건수 대비 검거건수[%]","%","300","300","","200","100","-","-","-","-","-","-","-",
"특가법(알선수재)","검거인원[명]","명","5","5","","4","2","-","-","3","-","-","1","1",
"특가법(알선수재)","남자검거인원[명]","명","5","5","","4","1","-","-","3","-","-","1","1",
"특가법(알선수재)","여자검거인원[명]","명","-","-","","","1","-","-","-","-","-","-","-",
"특가법(알선수재)","불상검거인원[명]","명","-","-","","","","-","-","-","-","-","-","-",
"특가법(알선수재)","법인체[개]","개","","","","","","-","-","-","-","-","-","-",
"부패방지법","발생건수[건]","건","-","-","","","","-","-","-","-","-","-","-",
"부패방지법","검거건수[건]","건","-","-","","","","-","-","-","-","-","-","-",
"부패방지법","발생건수 대비 검거건수[%]","%","-","","","","","-","-","-","-","-","-","-",
"부패방지법","검거인원[명]","명","-","-","","","","-","-","-","-","-","-","-",
"부패방지법","남자검거인원[명]","명","-","-","","","","-","-","-","","-","-","-",
"부패방지법","여자검거인원[명]","명","-","-","","","","-","-","-","-","-","-","-",
"부패방지법","불상검거인원[명]","명","-","-","","","","-","-","-","-","-","-","-",
"부패방지법","법인체[개]","개","","","","","","-","-","-","-","-","-","-",
"부정청탁금지법","발생건수[건]","건","","","","","","-","-","-","-","-","-","-",
"부정청탁금지법","검거건수[건]","건","","","","","","-","-","-","1","-","1","1",
"부정청탁금지법","발생건수 대비 검거건수[%]","%","","","","","","-","-","-","-","-","-","-",
"부정청탁금지법","검거인원[명]","명","","","","","","-","-","-","4","-","5","18",
"부정청탁금지법","남자검거인원[명]","명","","","","","","-","-","-","4","-","3","15",
"부정청탁금지법","여자검거인원[명]","명","","","","","","-","-","-","-","-","1","3",
"부정청탁금지법","불상검거인원[명]","명","","","","","","-","-","-","-","-","1","-",
"부정청탁금지법","법인체[개]","개","","","","","","-","-","-","-","-","-","13",
"특경법(증재등)","발생건수[건]","건","-","","","","","","","","","","","",
"특경법(증재등)","검거건수[건]","건","1","","","","","","","","","","","",
"특경법(증재등)","발생건수 대비 검거건수[%]","%","100","","","","","","","","","","","",
"특경법(증재등)","검거인원[명]","명","1","","","","","","","","","","","",
"특경법(증재등)","남자검거인원[명]","명","1","","","","","","","","","","","",
"특경법(증재등)","여자검거인원[명]","명","-","","","","","","","","","","","",
"특경법(증재등)","불상검거인원[명]","명","-","","","","","","","","","","","",
"통화","발생건수[건]","건","-","-","","","","-","-","-","-","-","-","-",
"통화","검거건수[건]","건","-","-","","","","-","-","-","-","-","-","-",
"통화","발생건수 대비 검거건수[%]","%","-","","","","","-","-","-","-","-","-","-",
"통화","검거인원[명]","명","-","-","","","","-","-","-","-","-","-","-",
"통화","남자검거인원[명]","명","-","-","","","","-","-","-","-","-","-","-",
"통화","여자검거인원[명]","명","-","-","","","","-","-","-","-","-","-","-",
"통화","불상검거인원[명]","명","-","-","","","","-","-","-","-","-","-","-",
"통화","법인체[개]","개","","","","","","-","-","-","-","-","-","-",
"통화위조·변조","발생건수[건]","건","-","-","","","","-","-","-","-","-","-","-",
"통화위조·변조","검거건수[건]","건","-","-","","","","-","-","-","-","-","-","-",
"통화위조·변조","발생건수 대비 검거건수[%]","%","-","","","","","-","-","-","-","-","-","-",
"통화위조·변조","검거인원[명]","명","-","-","","","","-","-","-","-","-","-","-",
"통화위조·변조","남자검거인원[명]","명","-","-","","","","-","-","-","-","-","-","-",
"통화위조·변조","여자검거인원[명]","명","-","-","","","","-","-","-","-","-","-","-",
"통화위조·변조","불상검거인원[명]","명","-","-","","","","-","-","-","-","-","-","-",
"통화위조·변조","법인체[개]","개","","","","","","-","-","-","-","-","-","-",
"특가법(통화위조)","발생건수[건]","건","-","-","","","","-","-","-","-","-","-","-",
"특가법(통화위조)","검거건수[건]","건","-","-","","","","-","-","-","-","-","-","-",
"특가법(통화위조)","발생건수 대비 검거건수[%]","%","-","","","","","-","-","-","-","-","-","-",
"특가법(통화위조)","검거인원[명]","명","-","-","","","","-","-","-","-","-","-","-",
"특가법(통화위조)","남자검거인원[명]","명","-","-","","","","-","-","-","-","-","-","-",
"특가법(통화위조)","여자검거인원[명]","명","-","-","","","","-","-","-","-","-","-","-",
"특가법(통화위조)","불상검거인원[명]","명","-","-","","","","-","-","-","-","-","-","-",
"특가법(통화위조)","법인체[개]","개","","","","","","-","-","-","-","-","-","-",
"기타통화에관한죄","발생건수[건]","건","-","-","","","","-","-","-","-","-","-","-",
"기타통화에관한죄","검거건수[건]","건","-","-","","","","-","-","-","-","-","-","-",
"기타통화에관한죄","발생건수 대비 검거건수[%]","%","-","","","","","-","-","-","-","-","-","-",
"기타통화에관한죄","검거인원[명]","명","-","-","","","","-","-","-","-","-","-","-",
"기타통화에관한죄","남자검거인원[명]","명","-","-","","","","-","-","-","-","-","-","-",
"기타통화에관한죄","여자검거인원[명]","명","-","-","","","","-","-","-","-","-","-","-",
"기타통화에관한죄","불상검거인원[명]","명","-","-","","","","-","-","-","-","-","-","-",
"기타통화에관한죄","법인체[개]","개","","","","","","-","-","-","-","-","-","-",
"문서·인장","발생건수[건]","건","-","-","","","","-","-","-","-","-","-","-",
"문서·인장","검거건수[건]","건","4","1","1","1","1","7","1","2","3","-","-","1",
"문서·인장","발생건수 대비 검거건수[%]","%","400","100","100","100","100","-","-","-","-","-","-","-",
"문서·인장","검거인원[명]","명","39","1","6","4","5","22","2","12","9","-","-","8",
"문서·인장","남자검거인원[명]","명","34","1","6","2","5","22","2","8","4","-","-","7",
"문서·인장","여자검거인원[명]","명","5","-","","2","","-","-","4","5","-","-","1",
"문서·인장","불상검거인원[명]","명","-","-","","","","-","-","-","-","-","-","-",
"문서·인장","법인체[개]","개","","2","","","","-","-","-","-","-","-","-",
"공문서위조·변조","발생건수[건]","건","-","-","","","","-","-","-","-","-","-","-",
"공문서위조·변조","검거건수[건]","건","1","-","","","","3","-","2","-","-","-","-",
"공문서위조·변조","발생건수 대비 검거건수[%]","%","100","","","","","-","-","-","-","-","-","-",
"공문서위조·변조","검거인원[명]","명","-","-","","1","1","15","-","11","-","-","-","1",
"공문서위조·변조","남자검거인원[명]","명","-","-","","1","1","15","-","7","-","-","-","1",
"공문서위조·변조","여자검거인원[명]","명","-","-","","","","-","-","4","-","-","-","-",
"공문서위조·변조","불상검거인원[명]","명","-","-","","","","-","-","-","-","-","-","-",
"공문서위조·변조","법인체[개]","개","","","","","","-","-","-","-","-","-","-",
"공전자기록등위작·변작","발생건수[건]","건","-","-","","","","-","-","-","-","-","-","-",
"공전자기록등위작·변작","검거건수[건]","건","-","-","","","","1","-","-","-","-","-","1",
"공전자기록등위작·변작","발생건수 대비 검거건수[%]","%","-","","","","","-","-","-","-","-","-","-",
"공전자기록등위작·변작","검거인원[명]","명","-","-","","","","1","-","-","-","-","-","7",
"공전자기록등위작·변작","남자검거인원[명]","명","-","-","","","","1","-","-","-","-","-","6",
"공전자기록등위작·변작","여자검거인원[명]","명","-","-","","","","-","-","-","-","-","-","1",
"공전자기록등위작·변작","불상검거인원[명]","명","-","-","","","","-","-","-","-","-","-","-",
"공전자기록등위작·변작","법인체[개]","개","","","","","","-","-","-","-","-","-","-",
"사문서위조·변조","발생건수[건]","건","-","-","","","","-","-","-","-","-","-","-",
"사문서위조·변조","검거건수[건]","건","3","1","","","1","3","1","-","3","-","-","-",
"사문서위조·변조","발생건수 대비 검거건수[%]","%","300","100","","","100","-","-","-","-","-","-","-",
"사문서위조·변조","검거인원[명]","명","39","1","","","4","6","2","1","9","-","-","-",
"사문서위조·변조","남자검거인원[명]","명","34","1","","","4","6","2","1","4","-","-","-",
"사문서위조·변조","여자검거인원[명]","명","5","-","","","","-","-","-","5","-","-","-",
"사문서위조·변조","불상검거인원[명]","명","-","-","","","","-","-","-","-","-","-","-",
"사문서위조·변조","법인체[개]","개","","2","","","","-","-","-","-","-","-","-",
"사전자기록등위작·변작","발생건수[건]","건","-","-","","","","-","-","-","-","-","-","-",
"사전자기록등위작·변작","검거건수[건]","건","-","-","","","","-","-","-","-","-","-","-",
"사전자기록등위작·변작","발생건수 대비 검거건수[%]","%","-","","","","","-","-","-","-","-","-","-",
"사전자기록등위작·변작","검거인원[명]","명","-","-","","","","-","-","-","-","-","-","-",
"사전자기록등위작·변작","남자검거인원[명]","명","-","-","","","","-","-","-","-","-","-","-",
"사전자기록등위작·변작","여자검거인원[명]","명","-","-","","","","-","-","-","-","-","-","-",
"사전자기록등위작·변작","불상검거인원[명]","명","-","-","","","","-","-","-","-","-","-","-",
"사전자기록등위작·변작","법인체[개]","개","","","","","","-","-","-","-","-","-","-",
"공인등의위조·부정사용및행사","발생건수[건]","건","-","-","","","","-","-","-","-","-","-","-",
"공인등의위조·부정사용및행사","검거건수[건]","건","-","-","1","1","","-","-","-","-","-","-","-",
"공인등의위조·부정사용및행사","발생건수 대비 검거건수[%]","%","-","","100","100","","-","-","-","-","-","-","-",
"공인등의위조·부정사용및행사","검거인원[명]","명","-","-","4","3","","-","-","-","-","-","-","-",
"공인등의위조·부정사용및행사","남자검거인원[명]","명","-","-","4","1","","-","-","-","-","-","-","-",
"공인등의위조·부정사용및행사","여자검거인원[명]","명","-","-","","2","","-","-","-","-","-","-","-",
"공인등의위조·부정사용및행사","불상검거인원[명]","명","-","-","","","","-","-","-","-","-","-","-",
"공인등의위조·부정사용및행사","법인체[개]","개","","","","","","-","-","-","-","-","-","-",
"사인등의위조·부정사용및행사","발생건수[건]","건","-","-","","","","-","-","-","-","-","-","-",
"사인등의위조·부정사용및행사","검거건수[건]","건","-","-","","","","-","-","-","-","-","-","-",
"사인등의위조·부정사용및행사","발생건수 대비 검거건수[%]","%","-","","","","","-","-","-","-","-","-","-",
"사인등의위조·부정사용및행사","검거인원[명]","명","-","-","2","","","-","-","-","-","-","-","-",
"사인등의위조·부정사용및행사","남자검거인원[명]","명","-","-","2","","","-","-","-","-","-","-","-",
"사인등의위조·부정사용및행사","여자검거인원[명]","명","-","-","","","","-","-","-","-","-","-","-",
"사인등의위조·부정사용및행사","불상검거인원[명]","명","-","-","","","","-","-","-","-","-","-","-",
"사인등의위조·부정사용및행사","법인체[개]","개","","","","","","-","-","-","-","-","-","-",
"유가증권인지","발생건수[건]","건","-","-","","","","-","-","-","-","-","-","-",
"유가증권인지","검거건수[건]","건","-","-","","","","-","-","-","-","-","-","-",
"유가증권인지","발생건수 대비 검거건수[%]","%","-","","","","","-","-","-","-","-","-","-",
"유가증권인지","검거인원[명]","명","-","-","1","","","-","-","-","-","-","-","-",
"유가증권인지","남자검거인원[명]","명","-","-","1","","","-","-","-","-","-","-","-",
"유가증권인지","여자검거인원[명]","명","-","-","","","","-","-","-","-","-","-","-",
"유가증권인지","불상검거인원[명]","명","-","-","","","","-","-","-","-","-","-","-",
"유가증권인지","법인체[개]","개","","","","","","-","-","-","-","-","-","-",
"유가증권위조·변조","발생건수[건]","건","-","-","","","","-","-","-","-","-","-","-",
"유가증권위조·변조","검거건수[건]","건","-","-","","","","-","-","-","-","-","-","-",
"유가증권위조·변조","발생건수 대비 검거건수[%]","%","-","","","","","-","-","-","-","-","-","-",
"유가증권위조·변조","검거인원[명]","명","-","-","1","","","-","-","-","-","-","-","-",
"유가증권위조·변조","남자검거인원[명]","명","-","-","1","","","-","-","-","-","-","-","-",
"유가증권위조·변조","여자검거인원[명]","명","-","-","","","","-","-","-","-","-","-","-",
"유가증권위조·변조","불상검거인원[명]","명","-","-","","","","-","-","-","-","-","-","-",
"유가증권위조·변조","법인체[개]","개","","","","","","-","-","-","-","-","-","-",
"우표(인지)등위조·변조","발생건수[건]","건","-","-","","","","-","-","-","-","-","-","-",
"우표(인지)등위조·변조","검거건수[건]","건","-","-","","","","-","-","-","-","-","-","-",
"우표(인지)등위조·변조","발생건수 대비 검거건수[%]","%","-","","","","","-","-","-","-","-","-","-",
"우표(인지)등위조·변조","검거인원[명]","명","-","-","","","","-","-","-","-","-","-","-",
"우표(인지)등위조·변조","남자검거인원[명]","명","-","-","","","","-","-","-","-","-","-","-",
"우표(인지)등위조·변조","여자검거인원[명]","명","-","-","","","","-","-","-","-","-","-","-",
"우표(인지)등위조·변조","불상검거인원[명]","명","-","-","","","","-","-","-","-","-","-","-",
"우표(인지)등위조·변조","법인체[개]","개","","","","","","-","-","-","-","-","-","-",
"사기","발생건수[건]","건","1","-","","","","-","-","-","-","-","-","-",
"사기","검거건수[건]","건","22","11","24","13","15","34","9","13","8","2","3","10",
"사기","발생건수 대비 검거건수[%]","%","2200","1100","2400","1300","1500","-","-","-","-","-","-","-",
"사기","검거인원[명]","명","90","26","67","106","77","179","120","158","13","4","17","22",
"사기","남자검거인원[명]","명","79","23","64","98","70","164","119","155","9","1","14","17",
"사기","여자검거인원[명]","명","7","1","2","7","6","15","1","3","3","3","3","2",
"사기","불상검거인원[명]","명","4","2","1","1","1","-","-","-","1","-","-","3",
"사기","법인체[개]","개","","1","","1","","10","2","-","-","-","-","-",
"사기","발생건수[건]","건","-","-","","","","-","-","-","-","-","-","-",
"사기","검거건수[건]","건","14","7","19","7","10","26","7","9","6","1","1","7",
"사기","발생건수 대비 검거건수[%]","%","1400","700","1900","700","1000","-","-","-","-","-","-","-",
"사기","검거인원[명]","명","49","15","43","72","33","122","110","151","8","4","3","10",
"사기","남자검거인원[명]","명","46","14","41","66","29","111","109","149","6","1","2","9",
"사기","여자검거인원[명]","명","3","-","1","6","4","11","1","2","2","3","1","1",
"사기","불상검거인원[명]","명","-","1","1","","","-","-","-","-","-","-","-",
"사기","법인체[개]","개","","","","","","-","-","-","-","-","-","-",
"사기(상습)","발생건수[건]","건","-","-","","","","-","-","-","-","-","-","-",
"사기(상습)","검거건수[건]","건","-","-","","","","4","-","-","-","-","-","-",
"사기(상습)","발생건수 대비 검거건수[%]","%","-","","","","","-","-","-","-","-","-","-",
"사기(상습)","검거인원[명]","명","-","-","1","","","24","1","-","-","-","-","-",
"사기(상습)","남자검거인원[명]","명","-","-","1","","","23","1","-","-","-","-","-",
"사기(상습)","여자검거인원[명]","명","-","-","","","","1","-","-","-","-","-","-",
"사기(상습)","불상검거인원[명]","명","-","-","","","","-","-","-","-","-","-","-",
"사기(상습)","법인체[개]","개","","","","","","-","-","-","-","-","-","-",
"준사기","발생건수[건]","건","-","-","","","","-","-","-","-","-","-","-",
"준사기","검거건수[건]","건","-","-","","","","-","-","-","-","-","-","-",
"준사기","발생건수 대비 검거건수[%]","%","-","","","","","-","-","-","-","-","-","-",
"준사기","검거인원[명]","명","-","-","","","","-","-","-","-","-","-","-",
"준사기","남자검거인원[명]","명","-","-","","","","-","-","-","-","-","-","-",
"준사기","여자검거인원[명]","명","-","-","","","","-","-","-","-","-","-","-",
"준사기","불상검거인원[명]","명","-","-","","","","-","-","-","-","-","-","-",
"준사기","법인체[개]","개","","","","","","-","-","-","-","-","-","-",
"준사기(상습)","발생건수[건]","건","-","-","","","","-","-","-","-","-","-","-",
"준사기(상습)","검거건수[건]","건","-","-","","","","-","-","-","-","-","-","-",
"준사기(상습)","발생건수 대비 검거건수[%]","%","-","","","","","-","-","-","-","-","-","-",
"준사기(상습)","검거인원[명]","명","-","-","","","","-","-","-","-","-","-","-",
"준사기(상습)","남자검거인원[명]","명","-","-","","","","-","-","-","-","-","-","-",
"준사기(상습)","여자검거인원[명]","명","-","-","","","","-","-","-","-","-","-","-",
"준사기(상습)","불상검거인원[명]","명","-","-","","","","-","-","-","-","-","-","-",
"준사기(상습)","법인체[개]","개","","","","","","-","-","-","-","-","-","-",
"컴퓨터등사용사기","발생건수[건]","건","1","-","","","","-","-","-","-","-","-","-",
"컴퓨터등사용사기","검거건수[건]","건","4","-","1","2","1","-","-","2","2","1","-","1",
"컴퓨터등사용사기","발생건수 대비 검거건수[%]","%","400","","100","200","100","-","-","-","-","-","-","-",
"컴퓨터등사용사기","검거인원[명]","명","11","-","9","18","33","-","-","2","5","-","-","6",
"컴퓨터등사용사기","남자검거인원[명]","명","8","-","9","17","30","-","-","1","3","-","-","3",
"컴퓨터등사용사기","여자검거인원[명]","명","1","-","","","2","-","-","1","1","-","-","1",
"컴퓨터등사용사기","불상검거인원[명]","명","2","-","","1","1","-","-","-","1","-","-","2",
"컴퓨터등사용사기","법인체[개]","개","","","","","","-","-","-","-","-","-","-",
"편의시설부정이용","발생건수[건]","건","-","-","","","","-","-","-","-","-","-","-",
"편의시설부정이용","검거건수[건]","건","-","-","","","","-","-","-","-","-","-","-",
"편의시설부정이용","발생건수 대비 검거건수[%]","%","-","","","","","-","-","-","-","-","-","-",
"편의시설부정이용","검거인원[명]","명","-","-","","","","-","-","-","-","-","-","-",
"편의시설부정이용","남자검거인원[명]","명","-","-","","","","-","-","-","-","-","-","-",
"편의시설부정이용","여자검거인원[명]","명","-","-","","","","-","-","-","-","-","-","-",
"편의시설부정이용","불상검거인원[명]","명","-","-","","","","-","-","-","-","-","-","-",
"편의시설부정이용","법인체[개]","개","","","","","","-","-","-","-","-","-","-",
"부당이득","발생건수[건]","건","-","-","","","","-","-","-","-","-","-","-",
"부당이득","검거건수[건]","건","-","-","","","","-","-","-","-","-","-","-",
"부당이득","발생건수 대비 검거건수[%]","%","-","","","","","-","-","-","-","-","-","-",
"부당이득","검거인원[명]","명","-","-","","","","-","-","-","-","-","-","-",
"부당이득","남자검거인원[명]","명","-","-","","","","-","-","-","-","-","-","-",
"부당이득","여자검거인원[명]","명","-","-","","","","-","-","-","-","-","-","-",
"부당이득","불상검거인원[명]","명","-","-","","","","-","-","-","-","-","-","-",
"부당이득","법인체[개]","개","","","","","","-","-","-","-","-","-","-",
"부당이득(상습)","발생건수[건]","건","-","-","","","","-","-","-","-","-","-","-",
"부당이득(상습)","검거건수[건]","건","-","-","","","","-","-","-","-","-","-","-",
"부당이득(상습)","발생건수 대비 검거건수[%]","%","-","","","","","-","-","-","-","-","-","-",
"부당이득(상습)","검거인원[명]","명","-","-","","","","-","-","-","-","-","-","-",
"부당이득(상습)","남자검거인원[명]","명","-","-","","","","-","-","-","-","-","-","-",
"부당이득(상습)","여자검거인원[명]","명","-","-","","","","-","-","-","-","-","-","-",
"부당이득(상습)","불상검거인원[명]","명","-","-","","","","-","-","-","-","-","-","-",
"부당이득(상습)","법인체[개]","개","","","","","","-","-","-","-","-","-","-",
"특경법(사기)","발생건수[건]","건","-","-","","","","-","-","-","-","-","-","-",
"특경법(사기)","검거건수[건]","건","4","4","4","4","4","4","2","2","-","-","2","2",
"특경법(사기)","발생건수 대비 검거건수[%]","%","400","400","400","400","400","-","-","-","-","-","-","-",
"특경법(사기)","검거인원[명]","명","30","11","14","16","11","33","9","5","-","-","14","6",
"특경법(사기)","남자검거인원[명]","명","25","9","13","15","11","30","9","5","-","-","12","5",
"특경법(사기)","여자검거인원[명]","명","3","1","1","1","","3","-","-","-","-","2","-",
"특경법(사기)","불상검거인원[명]","명","2","1","","","","-","-","-","-","-","-","1",
"특경법(사기)","법인체[개]","개","","1","","1","","10","2","-","-","-","-","-",
"보험사기방지특별법위반","발생건수[건]","건","","","","","","-","-","-","-","-","-","-",
"보험사기방지특별법위반","검거건수[건]","건","","","","","","-","-","-","-","-","-","-",
"보험사기방지특별법위반","발생건수 대비 검거건수[%]","%","","","","","","-","-","-","-","-","-","-",
"보험사기방지특별법위반","검거인원[명]","명","","","","","","-","-","-","-","-","-","-",
"보험사기방지특별법위반","남자검거인원[명]","명","","","","","","-","-","-","-","-","-","-",
"보험사기방지특별법위반","여자검거인원[명]","명","","","","","","-","-","-","-","-","-","-",
"보험사기방지특별법위반","불상검거인원[명]","명","","","","","","-","-","-","-","-","-","-",
"보험사기방지특별법위반","법인체[개]","개","","","","","","-","-","-","-","-","-","-",
"횡령","발생건수[건]","건","1","-","","","","-","-","-","-","-","-","-",
"횡령","검거건수[건]","건","7","3","10","6","9","1","4","5","1","-","-","-",
"횡령","발생건수 대비 검거건수[%]","%","700","300","1000","600","900","-","-","-","-","-","-","-",
"횡령","검거인원[명]","명","22","12","26","35","17","1","13","16","11","2","2","1",
"횡령","남자검거인원[명]","명","21","12","24","27","17","-","13","12","11","1","2","1",
"횡령","여자검거인원[명]","명","1","-","2","8","","-","-","3","-","1","-","-",
"횡령","불상검거인원[명]","명","-","-","","","","1","-","1","-","-","-","-",
"횡령","법인체[개]","개","","","","","","-","-","-","-","-","-","-",
"횡령","발생건수[건]","건","-","-","","","","-","-","-","-","-","-","-",
"횡령","검거건수[건]","건","-","-","","1","1","1","-","-","-","-","-","-",
"횡령","발생건수 대비 검거건수[%]","%","-","","","100","100","-","-","-","-","-","-","-",
"횡령","검거인원[명]","명","-","-","2","8","1","1","-","-","-","-","2","-",
"횡령","남자검거인원[명]","명","-","-","2","8","1","-","-","-","-","-","2","-",
"횡령","여자검거인원[명]","명","-","-","","","","-","-","-","-","-","-","-",
"횡령","불상검거인원[명]","명","-","-","","","","1","-","-","-","-","-","-",
"횡령","법인체[개]","개","","","","","","-","-","-","-","-","-","-",
"업무상횡령","발생건수[건]","건","1","-","","","","-","-","-","-","-","-","-",
"업무상횡령","검거건수[건]","건","5","-","8","","6","-","4","4","1","-","-","-",
"업무상횡령","발생건수 대비 검거건수[%]","%","500","","800","","600","-","-","-","-","-","-","-",
"업무상횡령","검거인원[명]","명","20","3","12","2","12","-","11","14","11","2","-","1",
"업무상횡령","남자검거인원[명]","명","19","3","12","2","12","-","11","11","11","1","-","1",
"업무상횡령","여자검거인원[명]","명","1","-","","","","-","-","2","-","1","-","-",
"업무상횡령","불상검거인원[명]","명","-","-","","","","-","-","1","-","-","-","-",
"업무상횡령","법인체[개]","개","","","","","","-","-","-","-","-","-","-",
"점유이탈물등횡령","발생건수[건]","건","-","-","","","","-","-","-","-","-","-","-",
"점유이탈물등횡령","검거건수[건]","건","-","-","","","","-","-","-","-","-","-","-",
"점유이탈물등횡령","발생건수 대비 검거건수[%]","%","-","","","","","-","-","-","-","-","-","-",
"점유이탈물등횡령","검거인원[명]","명","-","-","","","","-","-","-","-","-","-","-",
"점유이탈물등횡령","남자검거인원[명]","명","-","-","","","","-","-","-","-","-","-","-",
"점유이탈물등횡령","여자검거인원[명]","명","-","-","","","","-","-","-","-","-","-","-",
"점유이탈물등횡령","불상검거인원[명]","명","-","-","","","","-","-","-","-","-","-","-",
"점유이탈물등횡령","법인체[개]","개","","","","","","-","-","-","-","-","-","-",
"특경법(횡령)","발생건수[건]","건","-","-","","","","-","-","-","-","-","-","-",
"특경법(횡령)","검거건수[건]","건","2","3","2","5","2","-","-","1","-","-","-","-",
"특경법(횡령)","발생건수 대비 검거건수[%]","%","200","300","200","500","200","-","-","-","-","-","-","-",
"특경법(횡령)","검거인원[명]","명","2","9","12","25","4","-","2","2","-","-","-","-",
"특경법(횡령)","남자검거인원[명]","명","2","9","10","17","4","-","2","1","-","-","-","-",
"특경법(횡령)","여자검거인원[명]","명","-","-","2","8","","-","-","1","-","-","-","-",
"특경법(횡령)","불상검거인원[명]","명","-","-","","","","-","-","-","-","-","-","-",
"특경법(횡령)","법인체[개]","개","","","","","","-","-","-","-","-","-","-",
"배임","발생건수[건]","건","-","-","","","","-","-","-","-","-","-","-",
"배임","검거건수[건]","건","3","4","4","7","1","1","3","8","5","-","4","7",
"배임","발생건수 대비 검거건수[%]","%","300","400","400","700","100","-","-","-","-","-","-","-",
"배임","검거인원[명]","명","4","26","14","40","6","7","7","40","24","-","5","7",
"배임","남자검거인원[명]","명","4","24","14","38","5","7","6","39","22","-","5","7",
"배임","여자검거인원[명]","명","-","2","","2","1","-","1","-","2","-","-","-",
"배임","불상검거인원[명]","명","-","-","","","","-","-","1","-","-","-","-",
"배임","법인체[개]","개","","","","","","-","-","3","-","-","-","-",
"배임","발생건수[건]","건","-","-","","","","-","-","-","-","-","-","-",
"배임","검거건수[건]","건","-","-","","","","-","-","-","-","-","-","-",
"배임","발생건수 대비 검거건수[%]","%","-","","","","","-","-","-","-","-","-","-",
"배임","검거인원[명]","명","-","-","","","","-","-","-","-","-","-","-",
"배임","남자검거인원[명]","명","-","-","","","","-","-","-","-","-","-","-",
"배임","여자검거인원[명]","명","-","-","","","","-","-","-","-","-","-","-",
"배임","불상검거인원[명]","명","-","-","","","","-","-","-","-","-","-","-",
"배임","법인체[개]","개","","","","","","-","-","-","-","-","-","-",
"업무상배임","발생건수[건]","건","-","-","","","","-","-","-","-","-","-","-",
"업무상배임","검거건수[건]","건","1","-","","1","","-","-","1","3","-","4","7",
"업무상배임","발생건수 대비 검거건수[%]","%","100","","","100","","-","-","-","-","-","-","-",
"업무상배임","검거인원[명]","명","1","-","","3","","-","-","2","12","-","5","7",
"업무상배임","남자검거인원[명]","명","1","-","","2","","-","-","2","11","-","5","7",
"업무상배임","여자검거인원[명]","명","-","-","","1","","-","-","-","1","-","-","-",
"업무상배임","불상검거인원[명]","명","-","-","","","","-","-","-","-","-","-","-",
"업무상배임","법인체[개]","개","","","","","","-","-","-","-","-","-","-",
"배임수재","발생건수[건]","건","-","-","","","","-","-","-","-","-","-","-",
"배임수재","검거건수[건]","건","-","4","","3","1","-","1","3","-","-","-","-",
"배임수재","발생건수 대비 검거건수[%]","%","-","400","","300","100","-","-","-","-","-","-","-",
"배임수재","검거인원[명]","명","1","22","3","23","6","2","1","29","1","-","-","-",
"배임수재","남자검거인원[명]","명","1","20","3","22","5","2","1","29","1","-","-","-",
"배임수재","여자검거인원[명]","명","-","2","","1","1","-","-","-","-","-","-","-",
"배임수재","불상검거인원[명]","명","-","-","","","","-","-","-","-","-","-","-",
"배임수재","법인체[개]","개","","","","","","-","-","2","-","-","-","-",
"배임증재","발생건수[건]","건","-","-","","","","-","-","-","-","-","-","-",
"배임증재","검거건수[건]","건","-","-","","1","","-","-","-","-","-","-","-",
"배임증재","발생건수 대비 검거건수[%]","%","-","","","100","","-","-","-","-","-","-","-",
"배임증재","검거인원[명]","명","-","2","","8","","1","1","-","-","-","-","-",
"배임증재","남자검거인원[명]","명","-","2","","8","","1","1","-","-","-","-","-",
"배임증재","여자검거인원[명]","명","-","-","","","","-","-","-","-","-","-","-",
"배임증재","불상검거인원[명]","명","-","-","","","","-","-","-","-","-","-","-",
"배임증재","법인체[개]","개","","","","","","-","-","-","-","-","-","-",
"특경법(배임)","발생건수[건]","건","-","-","","","","-","-","-","-","-","-","-",
"특경법(배임)","검거건수[건]","건","2","-","3","2","","-","2","4","2","-","-","-",
"특경법(배임)","발생건수 대비 검거건수[%]","%","200","","300","200","","-","-","-","-","-","-","-",
"특경법(배임)","검거인원[명]","명","2","2","10","6","","-","5","9","11","-","-","-",
"특경법(배임)","남자검거인원[명]","명","2","2","10","6","","-","4","8","10","-","-","-",
"특경법(배임)","여자검거인원[명]","명","-","-","","","","-","1","-","1","-","-","-",
"특경법(배임)","불상검거인원[명]","명","-","-","","","","-","-","1","-","-","-","-",
"특경법(배임)","법인체[개]","개","","","","","","-","-","1","-","-","-","-",
"특경법(수재등)","발생건수[건]","건","-","-","","","","-","-","-","-","-","-","-",
"특경법(수재등)","검거건수[건]","건","-","-","","","","-","-","-","-","-","-","-",
"특경법(수재등)","발생건수 대비 검거건수[%]","%","-","","","","","-","-","-","-","-","-","-",
"특경법(수재등)","검거인원[명]","명","-","-","","","","-","-","-","-","-","-","-",
"특경법(수재등)","남자검거인원[명]","명","-","-","","","","-","-","-","-","-","-","-",
"특경법(수재등)","여자검거인원[명]","명","-","-","","","","-","-","-","-","-","-","-",
"특경법(수재등)","불상검거인원[명]","명","-","-","","","","-","-","-","-","-","-","-",
"특경법(수재등)","법인체[개]","개","","","","","","-","-","-","-","-","-","-",
"특경법(증재등)","발생건수[건]","건","","-","","","","-","-","-","-","-","-","-",
"특경법(증재등)","검거건수[건]","건","","-","","","","1","-","-","-","-","-","-",
"특경법(증재등)","발생건수 대비 검거건수[%]","%","","","","","","-","-","-","-","-","-","-",
"특경법(증재등)","검거인원[명]","명","","-","","","","4","-","-","-","-","-","-",
"특경법(증재등)","남자검거인원[명]","명","","-","","","","4","-","-","-","-","-","-",
"특경법(증재등)","여자검거인원[명]","명","","-","","","","-","-","-","-","-","-","-",
"특경법(증재등)","불상검거인원[명]","명","","-","","","","-","-","-","-","-","-","-",
"특경법(증재등)","법인체[개]","개","","","","","","-","-","-","-","-","-","-",
"특경법(알선수재)","발생건수[건]","건","-","-","","","","-","-","-","-","-","-","-",
"특경법(알선수재)","검거건수[건]","건","-","-","1","","","-","-","-","-","-","-","-",
"특경법(알선수재)","발생건수 대비 검거건수[%]","%","-","","100","","","-","-","-","-","-","-","-",
"특경법(알선수재)","검거인원[명]","명","-","-","1","","","-","-","-","-","-","-","-",
"특경법(알선수재)","남자검거인원[명]","명","-","-","1","","","-","-","-","-","-","-","-",
"특경법(알선수재)","여자검거인원[명]","명","-","-","","","","-","-","-","-","-","-","-",
"특경법(알선수재)","불상검거인원[명]","명","-","-","","","","-","-","-","-","-","-","-",
"특경법(알선수재)","법인체[개]","개","","","","","","-","-","-","-","-","-","-",
"풍속범죄","발생건수[건]","건","-","-","","","","-","-","-","-","-","-","-",
"풍속범죄","검거건수[건]","건","44","24","4","5","5","7","1","5","2","2","3","-",
"풍속범죄","발생건수 대비 검거건수[%]","%","4400","2400","400","500","500","-","-","-","-","-","-","-",
"풍속범죄","검거인원[명]","명","97","70","14","9","24","32","1","11","4","5","3","-",
"풍속범죄","남자검거인원[명]","명","72","66","13","9","23","21","1","11","4","5","3","-",
"풍속범죄","여자검거인원[명]","명","25","2","1","","1","11","-","-","-","-","-","-",
"풍속범죄","불상검거인원[명]","명","-","2","","","","-","-","-","-","-","-","-",
"풍속범죄","법인체[개]","개","","","","","","-","-","-","-","-","-","-",
"성풍속범죄","발생건수[건]","건","-","-","","","","-","-","-","-","-","-","-",
"성풍속범죄","검거건수[건]","건","-","1","","","","-","-","4","2","2","3","-",
"성풍속범죄","발생건수 대비 검거건수[%]","%","-","100","","","","-","-","-","-","-","-","-",
"성풍속범죄","검거인원[명]","명","-","7","","","","-","-","10","4","5","3","-",
"성풍속범죄","남자검거인원[명]","명","-","7","","","","-","-","10","4","5","3","-",
"성풍속범죄","여자검거인원[명]","명","-","-","","","","-","-","-","-","-","-","-",
"성풍속범죄","불상검거인원[명]","명","-","-","","","","-","-","-","-","-","-","-",
"성풍속범죄","법인체[개]","개","","","","","","-","-","-","-","-","-","-",
"간통","발생건수[건]","건","-","-","","","","-","-","-","-","-","-","-",
"간통","검거건수[건]","건","-","-","","","","-","-","-","-","-","-","-",
"간통","발생건수 대비 검거건수[%]","%","-","","","","","-","-","-","-","-","-","-",
"간통","검거인원[명]","명","-","-","","","","-","-","-","-","-","-","-",
"간통","남자검거인원[명]","명","-","-","","","","-","-","-","-","-","-","-",
"간통","여자검거인원[명]","명","-","-","","","","-","-","-","-","-","-","-",
"간통","불상검거인원[명]","명","-","-","","","","-","-","-","-","-","-","-",
"간통","법인체[개]","개","","","","","","-","-","-","-","-","-","-",
"혼인빙자간음","발생건수[건]","건","-","-","","","","-","-","-","-","-","-","-",
"혼인빙자간음","검거건수[건]","건","-","-","","","","-","-","-","-","-","-","-",
"혼인빙자간음","발생건수 대비 검거건수[%]","%","-","","","","","-","-","-","-","-","-","-",
"혼인빙자간음","검거인원[명]","명","-","-","","","","-","-","-","-","-","-","-",
"혼인빙자간음","남자검거인원[명]","명","-","-","","","","-","-","-","-","-","-","-",
"혼인빙자간음","여자검거인원[명]","명","-","-","","","","-","-","-","-","-","-","-",
"혼인빙자간음","불상검거인원[명]","명","-","-","","","","-","-","-","-","-","-","-",
"혼인빙자간음","법인체[개]","개","","","","","","-","-","-","-","-","-","-",
"혼인빙자간음(위계간음)","발생건수[건]","건","-","-","","","","-","-","-","-","-","-","-",
"혼인빙자간음(위계간음)","검거건수[건]","건","-","-","","","","-","-","-","-","-","-","-",
"혼인빙자간음(위계간음)","발생건수 대비 검거건수[%]","%","-","","","","","-","-","-","-","-","-","-",
"혼인빙자간음(위계간음)","검거인원[명]","명","-","-","","","","-","-","-","-","-","-","-",
"혼인빙자간음(위계간음)","남자검거인원[명]","명","-","-","","","","-","-","-","-","-","-","-",
"혼인빙자간음(위계간음)","여자검거인원[명]","명","-","-","","","","-","-","-","-","-","-","-",
"혼인빙자간음(위계간음)","불상검거인원[명]","명","-","-","","","","-","-","-","-","-","-","-",
"혼인빙자간음(위계간음)","법인체[개]","개","","","","","","-","-","-","-","-","-","-",
"공연음란","발생건수[건]","건","-","-","","","","-","-","-","-","-","-","-",
"공연음란","검거건수[건]","건","-","-","","","","-","-","-","-","-","-","-",
"공연음란","발생건수 대비 검거건수[%]","%","-","","","","","-","-","-","-","-","-","-",
"공연음란","검거인원[명]","명","-","-","","","","-","-","-","-","-","-","-",
"공연음란","남자검거인원[명]","명","-","-","","","","-","-","-","-","-","-","-",
"공연음란","여자검거인원[명]","명","-","-","","","","-","-","-","-","-","-","-",
"공연음란","불상검거인원[명]","명","-","-","","","","-","-","-","-","-","-","-",
"공연음란","법인체[개]","개","","","","","","-","-","-","-","-","-","-",
"음행매개","발생건수[건]","건","-","-","","","","-","-","-","-","-","-","-",
"음행매개","검거건수[건]","건","-","-","","","","-","-","-","-","-","-","-",
"음행매개","발생건수 대비 검거건수[%]","%","-","","","","","-","-","-","-","-","-","-",
"음행매개","검거인원[명]","명","-","-","","","","-","-","-","-","-","-","-",
"음행매개","남자검거인원[명]","명","-","-","","","","-","-","-","-","-","-","-",
"음행매개","여자검거인원[명]","명","-","-","","","","-","-","-","-","-","-","-",
"음행매개","불상검거인원[명]","명","-","-","","","","-","-","-","-","-","-","-",
"음행매개","법인체[개]","개","","","","","","-","-","-","-","-","-","-",
"음화등반포(판매,임대,전시,제조)","발생건수[건]","건","-","-","","","","-","-","-","-","-","-","-",
"음화등반포(판매,임대,전시,제조)","검거건수[건]","건","-","-","","","","-","-","-","-","-","-","-",
"음화등반포(판매,임대,전시,제조)","발생건수 대비 검거건수[%]","%","-","","","","","-","-","-","-","-","-","-",
"음화등반포(판매,임대,전시,제조)","검거인원[명]","명","-","-","","","","-","-","-","-","-","-","-",
"음화등반포(판매,임대,전시,제조)","남자검거인원[명]","명","-","-","","","","-","-","-","-","-","-","-",
"음화등반포(판매,임대,전시,제조)","여자검거인원[명]","명","-","-","","","","-","-","-","-","-","-","-",
"음화등반포(판매,임대,전시,제조)","불상검거인원[명]","명","-","-","","","","-","-","-","-","-","-","-",
"음화등반포(판매,임대,전시,제조)","법인체[개]","개","","","","","","-","-","-","-","-","-","-",
"정보통신망이용촉진및정보보호등에관한법률(음란물유포)","발생건수[건]","건","-","-","","","","-","-","-","-","-","-","-",
"정보통신망이용촉진및정보보호등에관한법률(음란물유포)","검거건수[건]","건","-","-","","","","-","-","2","-","-","-","-",
"정보통신망이용촉진및정보보호등에관한법률(음란물유포)","발생건수 대비 검거건수[%]","%","-","","","","","-","-","-","-","-","-","-",
"정보통신망이용촉진및정보보호등에관한법률(음란물유포)","검거인원[명]","명","-","-","","","","-","-","8","-","-","-","-",
"정보통신망이용촉진및정보보호등에관한법률(음란물유포)","남자검거인원[명]","명","-","-","","","","-","-","8","-","-","-","-",
"정보통신망이용촉진및정보보호등에관한법률(음란물유포)","여자검거인원[명]","명","-","-","","","","-","-","-","-","-","-","-",
"정보통신망이용촉진및정보보호등에관한법률(음란물유포)","불상검거인원[명]","명","-","-","","","","-","-","-","-","-","-","-",
"정보통신망이용촉진및정보보호등에관한법률(음란물유포)","법인체[개]","개","","","","","","-","-","-","-","-","-","-",
"성폭력범죄의처벌등에관한특례법(카메라등이용촬영,반포등)","발생건수[건]","건","-","-","","","","-","-","-","-","-","-","-",
"성폭력범죄의처벌등에관한특례법(카메라등이용촬영,반포등)","검거건수[건]","건","-","-","","","","-","-","-","2","-","2","-",
"성폭력범죄의처벌등에관한특례법(카메라등이용촬영,반포등)","발생건수 대비 검거건수[%]","%","-","","","","","-","-","-","-","-","-","-",
"성폭력범죄의처벌등에관한특례법(카메라등이용촬영,반포등)","검거인원[명]","명","-","-","","","","-","-","-","4","-","2","-",
"성폭력범죄의처벌등에관한특례법(카메라등이용촬영,반포등)","남자검거인원[명]","명","-","-","","","","-","-","-","4","-","2","-",
"성폭력범죄의처벌등에관한특례법(카메라등이용촬영,반포등)","여자검거인원[명]","명","-","-","","","","-","-","-","-","-","-","-",
"성폭력범죄의처벌등에관한특례법(카메라등이용촬영,반포등)","불상검거인원[명]","명","-","-","","","","-","-","-","-","-","-","-",
"성폭력범죄의처벌등에관한특례법(카메라등이용촬영,반포등)","법인체[개]","개","","","","","","-","-","-","-","-","-","-",
"성폭력범죄의처벌등에관한특례법(통신매체이용음란)","발생건수[건]","건","-","-","","","","-","-","-","-","-","-","-",
"성폭력범죄의처벌등에관한특례법(통신매체이용음란)","검거건수[건]","건","-","-","","","","-","-","-","-","-","-","-",
"성폭력범죄의처벌등에관한특례법(통신매체이용음란)","발생건수 대비 검거건수[%]","%","-","","","","","-","-","-","-","-","-","-",
"성폭력범죄의처벌등에관한특례법(통신매체이용음란)","검거인원[명]","명","-","-","","","","-","-","-","-","-","-","-",
"성폭력범죄의처벌등에관한특례법(통신매체이용음란)","남자검거인원[명]","명","-","-","","","","-","-","-","-","-","-","-",
"성폭력범죄의처벌등에관한특례법(통신매체이용음란)","여자검거인원[명]","명","-","-","","","","-","-","-","-","-","-","-",
"성폭력범죄의처벌등에관한특례법(통신매체이용음란)","불상검거인원[명]","명","-","-","","","","-","-","-","-","-","-","-",
"성폭력범죄의처벌등에관한특례법(통신매체이용음란)","법인체[개]","개","","","","","","-","-","-","-","-","-","-",
"성폭력범죄의처벌등에관한특례법(성적목적다중이용장소침입)","발생건수[건]","건","","","","","","-","-","-","-","-","-","-",
"성폭력범죄의처벌등에관한특례법(성적목적다중이용장소침입)","검거건수[건]","건","","","","","","-","-","-","-","-","-","-",
"성폭력범죄의처벌등에관한특례법(성적목적다중이용장소침입)","발생건수 대비 검거건수[%]","%","","","","","","-","-","-","-","-","-","-",
"성폭력범죄의처벌등에관한특례법(성적목적다중이용장소침입)","검거인원[명]","명","","","","","","-","-","-","-","-","-","-",
"성폭력범죄의처벌등에관한특례법(성적목적다중이용장소침입)","남자검거인원[명]","명","","","","","","-","-","-","-","-","-","-",
"성폭력범죄의처벌등에관한특례법(성적목적다중이용장소침입)","여자검거인원[명]","명","","","","","","-","-","-","-","-","-","-",
"성폭력범죄의처벌등에관한특례법(성적목적다중이용장소침입)","불상검거인원[명]","명","","","","","","-","-","-","-","-","-","-",
"성폭력범죄의처벌등에관한특례법(성적목적다중이용장소침입)","법인체[개]","개","","","","","","-","-","-","-","-","-","-",
"아동·청소년의성보호에관한법률(아동·청소년성착취물소지·제작·배포등)","발생건수[건]","건","-","-","","","","-","-","-","-","-","-","-",
"아동·청소년의성보호에관한법률(아동·청소년성착취물소지·제작·배포등)","검거건수[건]","건","-","1","","","","-","-","2","-","2","1","-",
"아동·청소년의성보호에관한법률(아동·청소년성착취물소지·제작·배포등)","발생건수 대비 검거건수[%]","%","-","100","","","","-","-","-","-","-","-","-",
"아동·청소년의성보호에관한법률(아동·청소년성착취물소지·제작·배포등)","검거인원[명]","명","-","7","","","","-","-","2","-","5","1","-",
"아동·청소년의성보호에관한법률(아동·청소년성착취물소지·제작·배포등)","남자검거인원[명]","명","-","7","","","","-","-","2","-","5","1","-",
"아동·청소년의성보호에관한법률(아동·청소년성착취물소지·제작·배포등)","여자검거인원[명]","명","-","-","","","","-","-","-","-","-","-","-",
"아동·청소년의성보호에관한법률(아동·청소년성착취물소지·제작·배포등)","불상검거인원[명]","명","-","-","","","","-","-","-","-","-","-","-",
"아동·청소년의성보호에관한법률(아동·청소년성착취물소지·제작·배포등)","법인체[개]","개","","","","","","-","-","-","-","-","-","-",
"풍속영업의규제에관한법률","발생건수[건]","건","-","-","","","","-","-","-","-","-","-","-",
"풍속영업의규제에관한법률","검거건수[건]","건","-","-","","","","-","-","-","-","-","-","-",
"풍속영업의규제에관한법률","발생건수 대비 검거건수[%]","%","-","","","","","-","-","-","-","-","-","-",
"풍속영업의규제에관한법률","검거인원[명]","명","-","-","","","","-","-","-","-","-","-","-",
"풍속영업의규제에관한법률","남자검거인원[명]","명","-","-","","","","-","-","-","-","-","-","-",
"풍속영업의규제에관한법률","여자검거인원[명]","명","-","-","","","","-","-","-","-","-","-","-",
"풍속영업의규제에관한법률","불상검거인원[명]","명","-","-","","","","-","-","-","-","-","-","-",
"풍속영업의규제에관한법률","법인체[개]","개","","","","","","-","-","-","-","-","-","-",
"성폭력범죄의처벌등에관한특례법(허위영상물편집,반포등)","발생건수[건]","건","","","","","","","","","","-","-","-",
"성폭력범죄의처벌등에관한특례법(허위영상물편집,반포등)","검거건수[건]","건","","","","","","","","","","-","-","-",
"성폭력범죄의처벌등에관한특례법(허위영상물편집,반포등)","발생건수 대비 검거건수[%]","%","","","","","","","","","","-","-","-",
"성폭력범죄의처벌등에관한특례법(허위영상물편집,반포등)","검거인원[명]","명","","","","","","","","","","-","-","-",
"성폭력범죄의처벌등에관한특례법(허위영상물편집,반포등)","남자검거인원[명]","명","","","","","","","","","","-","-","-",
"성폭력범죄의처벌등에관한특례법(허위영상물편집,반포등)","여자검거인원[명]","명","","","","","","","","","","-","-","-",
"성폭력범죄의처벌등에관한특례법(허위영상물편집,반포등)","불상검거인원[명]","명","","","","","","","","","","-","-","-",
"성폭력범죄의처벌등에관한특례법(허위영상물편집,반포등)","법인체[개]","개","","","","","","","","","","-","-","-",
"성폭력범죄의처벌등에관한특례법(촬영물등이용협박,강요등)","발생건수[건]","건","","","","","","","","","","-","-","-",
"성폭력범죄의처벌등에관한특례법(촬영물등이용협박,강요등)","검거건수[건]","건","","","","","","","","","","-","-","-",
"성폭력범죄의처벌등에관한특례법(촬영물등이용협박,강요등)","발생건수 대비 검거건수[%]","%","","","","","","","","","","-","-","-",
"성폭력범죄의처벌등에관한특례법(촬영물등이용협박,강요등)","검거인원[명]","명","","","","","","","","","","-","-","-",
"성폭력범죄의처벌등에관한특례법(촬영물등이용협박,강요등)","남자검거인원[명]","명","","","","","","","","","","-","-","-",
"성폭력범죄의처벌등에관한특례법(촬영물등이용협박,강요등)","여자검거인원[명]","명","","","","","","","","","","-","-","-",
"성폭력범죄의처벌등에관한특례법(촬영물등이용협박,강요등)","불상검거인원[명]","명","","","","","","","","","","-","-","-",
"성폭력범죄의처벌등에관한특례법(촬영물등이용협박,강요등)","법인체[개]","개","","","","","","","","","","-","-","-",
"도박범죄","발생건수[건]","건","-","-","","","","-","-","-","-","-","-","-",
"도박범죄","검거건수[건]","건","44","23","4","5","5","7","1","1","-","-","-","-",
"도박범죄","발생건수 대비 검거건수[%]","%","4400","2300","400","500","500","-","-","-","-","-","-","-",
"도박범죄","검거인원[명]","명","97","63","14","9","24","32","1","1","-","-","-","-",
"도박범죄","남자검거인원[명]","명","72","59","13","9","23","21","1","1","-","-","-","-",
"도박범죄","여자검거인원[명]","명","25","2","1","","1","11","-","-","-","-","-","-",
"도박범죄","불상검거인원[명]","명","-","2","","","","-","-","-","-","-","-","-",
"도박범죄","법인체[개]","개","","","","","","-","-","-","-","-","-","-",
"도박","발생건수[건]","건","-","-","","","","-","-","-","-","-","-","-",
"도박","검거건수[건]","건","-","-","","","","1","-","-","-","-","-","-",
"도박","발생건수 대비 검거건수[%]","%","-","","","","","-","-","-","-","-","-","-",
"도박","검거인원[명]","명","20","-","","","","1","-","-","-","-","-","-",
"도박","남자검거인원[명]","명","3","-","","","","1","-","-","-","-","-","-",
"도박","여자검거인원[명]","명","17","-","","","","-","-","-","-","-","-","-",
"도박","불상검거인원[명]","명","-","-","","","","-","-","-","-","-","-","-",
"도박","법인체[개]","개","","","","","","-","-","-","-","-","-","-",
"도박(상습)","발생건수[건]","건","-","-","","","","-","-","-","-","-","-","-",
"도박(상습)","검거건수[건]","건","43","20","2","3","","-","-","1","-","-","-","-",
"도박(상습)","발생건수 대비 검거건수[%]","%","4300","2000","200","300","","-","-","-","-","-","-","-",
"도박(상습)","검거인원[명]","명","62","30","4","3","","1","-","1","-","-","-","-",
"도박(상습)","남자검거인원[명]","명","60","26","4","3","","-","-","1","-","-","-","-",
"도박(상습)","여자검거인원[명]","명","2","2","","","","1","-","-","-","-","-","-",
"도박(상습)","불상검거인원[명]","명","-","2","","","","-","-","-","-","-","-","-",
"도박(상습)","법인체[개]","개","","","","","","-","-","-","-","-","-","-",
"도박개장","발생건수[건]","건","-","-","","","","-","-","-","-","-","-","-",
"도박개장","검거건수[건]","건","1","3","2","2","5","6","1","-","-","-","-","-",
"도박개장","발생건수 대비 검거건수[%]","%","100","300","200","200","500","-","-","-","-","-","-","-",
"도박개장","검거인원[명]","명","15","33","10","6","24","30","1","-","-","-","-","-",
"도박개장","남자검거인원[명]","명","9","33","9","6","23","20","1","-","-","-","-","-",
"도박개장","여자검거인원[명]","명","6","-","1","","1","10","-","-","-","-","-","-",
"도박개장","불상검거인원[명]","명","-","-","","","","-","-","-","-","-","-","-",
"도박개장","법인체[개]","개","","","","","","-","-","-","-","-","-","-",
"복표발매(중개·취득)","발생건수[건]","건","-","-","","","","-","-","-","-","-","-","-",
"복표발매(중개·취득)","검거건수[건]","건","-","-","","","","-","-","-","-","-","-","-",
"복표발매(중개·취득)","발생건수 대비 검거건수[%]","%","-","","","","","-","-","-","-","-","-","-",
"복표발매(중개·취득)","검거인원[명]","명","-","-","","","","-","-","-","-","-","-","-",
"복표발매(중개·취득)","남자검거인원[명]","명","-","-","","","","-","-","-","-","-","-","-",
"복표발매(중개·취득)","여자검거인원[명]","명","-","-","","","","-","-","-","-","-","-","-",
"복표발매(중개·취득)","불상검거인원[명]","명","-","-","","","","-","-","-","-","-","-","-",
"복표발매(중개·취득)","법인체[개]","개","","","","","","-","-","-","-","-","-","-",
"기타도박범죄","발생건수[건]","건","-","-","","","","-","-","-","-","-","-","-",
"기타도박범죄","검거건수[건]","건","-","-","","","","-","-","-","-","-","-","-",
"기타도박범죄","발생건수 대비 검거건수[%]","%","-","","","","","-","-","-","-","-","-","-",
"기타도박범죄","검거인원[명]","명","-","-","","","","-","-","-","-","-","-","-",
"기타도박범죄","남자검거인원[명]","명","-","-","","","","-","-","-","-","-","-","-",
"기타도박범죄","여자검거인원[명]","명","-","-","","","","-","-","-","-","-","-","-",
"기타도박범죄","불상검거인원[명]","명","-","-","","","","-","-","-","-","-","-","-",
"기타도박범죄","법인체[개]","개","","","","","","-","-","-","-","-","-","-",
"특별경제범죄","발생건수[건]","건","-","-","1","","","-","-","-","-","-","-","-",
"특별경제범죄","검거건수[건]","건","7","5","16","7","7","2","7","9","3","5","2","5",
"특별경제범죄","발생건수 대비 검거건수[%]","%","700","500","1600","700","700","-","-","-","-","-","-","-",
"특별경제범죄","검거인원[명]","명","25","41","52","47","74","11","14","47","9","48","4","11",
"특별경제범죄","남자검거인원[명]","명","22","31","45","40","72","10","12","42","8","28","4","11",
"특별경제범죄","여자검거인원[명]","명","-","9","4","7","2","1","2","3","1","20","-","-",
"특별경제범죄","불상검거인원[명]","명","3","1","3","","","-","-","2","-","-","-","-",
"특별경제범죄","법인체[개]","개","","1","10","","5","1","-","1","-","-","-","2",
"신용,업무와경매에관한죄","발생건수[건]","건","-","-","","","","-","-","-","-","-","-","-",
"신용,업무와경매에관한죄","검거건수[건]","건","3","2","","4","3","-","2","6","2","2","1","1",
"신용,업무와경매에관한죄","발생건수 대비 검거건수[%]","%","300","200","","400","300","-","-","-","-","-","-","-",
"신용,업무와경매에관한죄","검거인원[명]","명","16","12","5","22","45","3","5","38","6","17","3","2",
"신용,업무와경매에관한죄","남자검거인원[명]","명","16","10","5","19","43","3","3","34","6","16","3","2",
"신용,업무와경매에관한죄","여자검거인원[명]","명","-","1","","3","2","-","2","3","-","1","-","-",
"신용,업무와경매에관한죄","불상검거인원[명]","명","-","1","","","","-","-","1","-","-","-","-",
"신용,업무와경매에관한죄","법인체[개]","개","","","","","","-","-","-","-","-","-","-",
"여신전문금융업법위반","발생건수[건]","건","-","-","","","","-","-","-","-","-","-","-",
"여신전문금융업법위반","검거건수[건]","건","1","-","","","","-","2","-","-","-","-","-",
"여신전문금융업법위반","발생건수 대비 검거건수[%]","%","100","","","","","-","-","-","-","-","-","-",
"여신전문금융업법위반","검거인원[명]","명","3","-","5","1","","-","4","2","-","-","-","-",
"여신전문금융업법위반","남자검거인원[명]","명","2","-","3","1","","-","4","1","-","-","-","-",
"여신전문금융업법위반","여자검거인원[명]","명","-","-","","","","-","-","-","-","-","-","-",
"여신전문금융업법위반","불상검거인원[명]","명","1","-","2","","","-","-","1","-","-","-","-",
"여신전문금융업법위반","법인체[개]","개","","","","","","-","-","-","-","-","-","-",
"대부업의등록및금융이용자보호에관한법률","발생건수[건]","건","-","-","","","","-","-","-","-","-","-","-",
"대부업의등록및금융이용자보호에관한법률","검거건수[건]","건","-","-","","","","-","-","-","-","-","-","-",
"대부업의등록및금융이용자보호에관한법률","발생건수 대비 검거건수[%]","%","-","","","","","-","-","-","-","-","-","-",
"대부업의등록및금융이용자보호에관한법률","검거인원[명]","명","-","-","","","","-","-","-","-","-","-","-",
"대부업의등록및금융이용자보호에관한법률","남자검거인원[명]","명","-","-","","","","-","-","-","-","-","-","-",
"대부업의등록및금융이용자보호에관한법률","여자검거인원[명]","명","-","-","","","","-","-","-","-","-","-","-",
"대부업의등록및금융이용자보호에관한법률","불상검거인원[명]","명","-","-","","","","-","-","-","-","-","-","-",
"대부업의등록및금융이용자보호에관한법률","법인체[개]","개","","","","","","-","-","-","-","-","-","-",
"유사수신행위의규제에관한법률","발생건수[건]","건","-","-","","","","-","-","-","-","-","-","-",
"유사수신행위의규제에관한법률","검거건수[건]","건","-","-","","","","-","-","-","-","-","-","-",
"유사수신행위의규제에관한법률","발생건수 대비 검거건수[%]","%","-","","","","","-","-","-","-","-","-","-",
"유사수신행위의규제에관한법률","검거인원[명]","명","-","-","","","","-","-","-","-","-","-","-",
"유사수신행위의규제에관한법률","남자검거인원[명]","명","-","-","","","","-","-","-","-","-","-","-",
"유사수신행위의규제에관한법률","여자검거인원[명]","명","-","-","","","","-","-","-","-","-","-","-",
"유사수신행위의규제에관한법률","불상검거인원[명]","명","-","-","","","","-","-","-","-","-","-","-",
"유사수신행위의규제에관한법률","법인체[개]","개","","","","","","-","-","-","-","-","-","-",
"전자금융거래법위반","발생건수[건]","건","-","-","","","","-","-","-","-","-","-","-",
"전자금융거래법위반","검거건수[건]","건","2","1","3","","1","-","-","-","-","-","-","-",
"전자금융거래법위반","발생건수 대비 검거건수[%]","%","200","100","300","","100","-","-","-","-","-","-","-",
"전자금융거래법위반","검거인원[명]","명","5","10","7","14","5","-","-","-","2","-","-","2",
"전자금융거래법위반","남자검거인원[명]","명","3","9","6","10","5","-","-","-","2","-","-","2",
"전자금융거래법위반","여자검거인원[명]","명","-","1","","4","","-","-","-","-","-","-","-",
"전자금융거래법위반","불상검거인원[명]","명","2","-","1","","","-","-","-","-","-","-","-",
"전자금융거래법위반","법인체[개]","개","","","","","4","-","-","-","-","-","-","-",
"부정수표단속법","발생건수[건]","건","-","-","","","","-","-","-","-","-","-","-",
"부정수표단속법","검거건수[건]","건","-","-","","","","-","-","-","-","-","-","-",
"부정수표단속법","발생건수 대비 검거건수[%]","%","-","","","","","-","-","-","-","-","-","-",
"부정수표단속법","검거인원[명]","명","-","-","","","","-","-","-","-","-","-","-",
"부정수표단속법","남자검거인원[명]","명","-","-","","","","-","-","-","-","-","-","-",
"부정수표단속법","여자검거인원[명]","명","-","-","","","","-","-","-","-","-","-","-",
"부정수표단속법","불상검거인원[명]","명","-","-","","","","-","-","-","-","-","-","-",
"부정수표단속법","법인체[개]","개","","","","","","-","-","-","-","-","-","-",
"조세범처벌법","발생건수[건]","건","-","-","","","","-","-","-","-","-","-","-",
"조세범처벌법","검거건수[건]","건","-","-","","","","-","-","-","-","-","-","-",
"조세범처벌법","발생건수 대비 검거건수[%]","%","-","","","","","-","-","-","-","-","-","-",
"조세범처벌법","검거인원[명]","명","-","-","3","","","-","-","-","-","-","-","-",
"조세범처벌법","남자검거인원[명]","명","-","-","3","","","-","-","-","-","-","-","-",
"조세범처벌법","여자검거인원[명]","명","-","-","","","","-","-","-","-","-","-","-",
"조세범처벌법","불상검거인원[명]","명","-","-","","","","-","-","-","-","-","-","-",
"조세범처벌법","법인체[개]","개","","","1","","","-","-","-","-","-","-","-",
"관세법","발생건수[건]","건","-","-","","","","-","-","-","-","-","-","-",
"관세법","검거건수[건]","건","-","-","","","","-","-","-","-","-","-","-",
"관세법","발생건수 대비 검거건수[%]","%","-","","","","","-","-","-","-","-","-","-",
"관세법","검거인원[명]","명","-","-","","","17","-","-","-","-","-","-","-",
"관세법","남자검거인원[명]","명","-","-","","","17","-","-","-","-","-","-","-",
"관세법","여자검거인원[명]","명","-","-","","","","-","-","-","-","-","-","-",
"관세법","불상검거인원[명]","명","-","-","","","","-","-","-","-","-","-","-",
"관세법","법인체[개]","개","","","","","1","-","-","-","-","-","-","-",
"외국환거래법","발생건수[건]","건","-","-","","","","-","-","-","-","-","-","-",
"외국환거래법","검거건수[건]","건","-","-","2","","","-","-","-","1","-","-","-",
"외국환거래법","발생건수 대비 검거건수[%]","%","-","","200","","","-","-","-","-","-","-","-",
"외국환거래법","검거인원[명]","명","-","1","3","","","-","-","-","1","-","-","-",
"외국환거래법","남자검거인원[명]","명","-","1","3","","","-","-","-","-","-","-","-",
"외국환거래법","여자검거인원[명]","명","-","-","","","","-","-","-","1","-","-","-",
"외국환거래법","불상검거인원[명]","명","-","-","","","","-","-","-","-","-","-","-",
"외국환거래법","법인체[개]","개","","","","","","-","-","-","-","-","-","-",
"지방세법","발생건수[건]","건","-","-","","","","-","-","-","-","-","-","-",
"지방세법","검거건수[건]","건","-","-","","","","-","-","-","-","-","-","-",
"지방세법","발생건수 대비 검거건수[%]","%","-","","","","","-","-","-","-","-","-","-",
"지방세법","검거인원[명]","명","-","-","","","","-","-","-","-","-","-","-",
"지방세법","남자검거인원[명]","명","-","-","","","","-","-","-","-","-","-","-",
"지방세법","여자검거인원[명]","명","-","-","","","","-","-","-","-","-","-","-",
"지방세법","불상검거인원[명]","명","-","-","","","","-","-","-","-","-","-","-",
"지방세법","법인체[개]","개","","","","","","-","-","-","-","-","-","-",
"저작권법","발생건수[건]","건","-","-","","","","-","-","-","-","-","-","-",
"저작권법","검거건수[건]","건","-","1","","1","","-","1","2","-","-","-","-",
"저작권법","발생건수 대비 검거건수[%]","%","-","100","","100","","-","-","-","-","-","-","-",
"저작권법","검거인원[명]","명","-","12","","7","","-","1","2","-","-","-","-",
"저작권법","남자검거인원[명]","명","-","5","","7","","-","1","2","-","-","-","-",
"저작권법","여자검거인원[명]","명","-","7","","","","-","-","-","-","-","-","-",
"저작권법","불상검거인원[명]","명","-","-","","","","-","-","-","-","-","-","-",
"저작권법","법인체[개]","개","","1","","","","-","-","-","-","-","-","-",
"특허법","발생건수[건]","건","-","-","","","","-","-","-","-","-","-","-",
"특허법","검거건수[건]","건","-","-","","","","-","-","-","-","-","-","-",
"특허법","발생건수 대비 검거건수[%]","%","-","","","","","-","-","-","-","-","-","-",
"특허법","검거인원[명]","명","-","-","","","","-","-","-","-","-","-","-",
"특허법","남자검거인원[명]","명","-","-","","","","-","-","-","-","-","-","-",
"특허법","여자검거인원[명]","명","-","-","","","","-","-","-","-","-","-","-",
"특허법","불상검거인원[명]","명","-","-","","","","-","-","-","-","-","-","-",
"특허법","법인체[개]","개","","","","","","-","-","-","-","-","-","-",
"상표법","발생건수[건]","건","-","-","","","","-","-","-","-","-","-","-",
"상표법","검거건수[건]","건","-","-","","1","3","1","2","-","-","-","-","-",
"상표법","발생건수 대비 검거건수[%]","%","-","","","100","300","-","-","-","-","-","-","-",
"상표법","검거인원[명]","명","-","-","","1","7","1","3","-","-","-","-","-",
"상표법","남자검거인원[명]","명","-","-","","1","7","1","3","-","-","-","-","-",
"상표법","여자검거인원[명]","명","-","-","","","","-","-","-","-","-","-","-",
"상표법","불상검거인원[명]","명","-","-","","","","-","-","-","-","-","-","-",
"상표법","법인체[개]","개","","","","","","-","-","-","-","-","-","-",
"실용신안법","발생건수[건]","건","-","-","","","","-","-","-","-","-","-","-",
"실용신안법","검거건수[건]","건","-","-","","","","-","-","-","-","-","-","-",
"실용신안법","발생건수 대비 검거건수[%]","%","-","","","","","-","-","-","-","-","-","-",
"실용신안법","검거인원[명]","명","-","-","","","","-","-","-","-","-","-","-",
"실용신안법","남자검거인원[명]","명","-","-","","","","-","-","-","-","-","-","-",
"실용신안법","여자검거인원[명]","명","-","-","","","","-","-","-","-","-","-","-",
"실용신안법","불상검거인원[명]","명","-","-","","","","-","-","-","-","-","-","-",
"실용신안법","법인체[개]","개","","","","","","-","-","-","-","-","-","-",
"디자인보호법","발생건수[건]","건","-","-","","","","-","-","-","-","-","-","-",
"디자인보호법","검거건수[건]","건","-","-","","","","-","-","-","-","-","-","-",
"디자인보호법","발생건수 대비 검거건수[%]","%","-","","","","","-","-","-","-","-","-","-",
"디자인보호법","검거인원[명]","명","-","-","","","","-","-","-","-","-","-","-",
"디자인보호법","남자검거인원[명]","명","-","-","","","","-","-","-","-","-","-","-",
"디자인보호법","여자검거인원[명]","명","-","-","","","","-","-","-","-","-","-","-",
"디자인보호법","불상검거인원[명]","명","-","-","","","","-","-","-","-","-","-","-",
"디자인보호법","법인체[개]","개","","","","","","-","-","-","-","-","-","-",
"컴퓨터프로그램보호법","발생건수[건]","건","-","-","","","","-","-","-","-","-","-","-",
"컴퓨터프로그램보호법","검거건수[건]","건","-","-","","","","-","-","-","-","-","-","-",
"컴퓨터프로그램보호법","발생건수 대비 검거건수[%]","%","-","","","","","-","-","-","-","-","-","-",
"컴퓨터프로그램보호법","검거인원[명]","명","-","-","","","","-","-","-","-","-","-","-",
"컴퓨터프로그램보호법","남자검거인원[명]","명","-","-","","","","-","-","-","-","-","-","-",
"컴퓨터프로그램보호법","여자검거인원[명]","명","-","-","","","","-","-","-","-","-","-","-",
"컴퓨터프로그램보호법","불상검거인원[명]","명","-","-","","","","-","-","-","-","-","-","-",
"컴퓨터프로그램보호법","법인체[개]","개","","","","","","-","-","-","-","-","-","-",
"특가법(관세)","발생건수[건]","건","-","-","","","","-","-","-","-","-","-","-",
"특가법(관세)","검거건수[건]","건","-","-","","","","-","-","-","-","-","-","-",
"특가법(관세)","발생건수 대비 검거건수[%]","%","-","","","","","-","-","-","-","-","-","-",
"특가법(관세)","검거인원[명]","명","-","-","","","","-","-","-","-","-","-","-",
"특가법(관세)","남자검거인원[명]","명","-","-","","","","-","-","-","-","-","-","-",
"특가법(관세)","여자검거인원[명]","명","-","-","","","","-","-","-","-","-","-","-",
"특가법(관세)","불상검거인원[명]","명","-","-","","","","-","-","-","-","-","-","-",
"특가법(관세)","법인체[개]","개","","","","","","-","-","-","-","-","-","-",
"특가법(국고손실)","발생건수[건]","건","-","-","","","","-","-","-","-","-","-","-",
"특가법(국고손실)","검거건수[건]","건","-","-","1","","","-","-","-","-","-","-","1",
"특가법(국고손실)","발생건수 대비 검거건수[%]","%","-","","100","","","-","-","-","-","-","-","-",
"특가법(국고손실)","검거인원[명]","명","-","-","1","","","-","-","-","-","-","-","1",
"특가법(국고손실)","남자검거인원[명]","명","-","-","1","","","-","-","-","-","-","-","1",
"특가법(국고손실)","여자검거인원[명]","명","-","-","","","","-","-","-","-","-","-","-",
"특가법(국고손실)","불상검거인원[명]","명","-","-","","","","-","-","-","-","-","-","-",
"특가법(국고손실)","법인체[개]","개","","","","","","-","-","-","-","-","-","-",
"특가법(조세)","발생건수[건]","건","-","-","","","","-","-","-","-","-","-","-",
"특가법(조세)","검거건수[건]","건","-","-","8","","","1","-","1","-","-","-","-",
"특가법(조세)","발생건수 대비 검거건수[%]","%","-","","800","","","-","-","-","-","-","-","-",
"특가법(조세)","검거인원[명]","명","-","-","21","","","7","-","5","-","-","-","-",
"특가법(조세)","남자검거인원[명]","명","-","-","20","","","6","-","5","-","-","-","-",
"특가법(조세)","여자검거인원[명]","명","-","-","1","","","1","-","-","-","-","-","-",
"특가법(조세)","불상검거인원[명]","명","-","-","","","","-","-","-","-","-","-","-",
"특가법(조세)","법인체[개]","개","","","9","","","1","-","1","-","-","-","-",
"특경법(무인가단기금융업)","발생건수[건]","건","-","-","","","","-","-","-","-","-","-","-",
"특경법(무인가단기금융업)","검거건수[건]","건","-","-","","","","-","-","-","-","-","-","-",
"특경법(무인가단기금융업)","발생건수 대비 검거건수[%]","%","-","","","","","-","-","-","-","-","-","-",
"특경법(무인가단기금융업)","검거인원[명]","명","-","-","","","","-","-","-","-","-","-","-",
"특경법(무인가단기금융업)","남자검거인원[명]","명","-","-","","","","-","-","-","-","-","-","-",
"특경법(무인가단기금융업)","여자검거인원[명]","명","-","-","","","","-","-","-","-","-","-","-",
"특경법(무인가단기금융업)","불상검거인원[명]","명","-","-","","","","-","-","-","-","-","-","-",
"특경법(무인가단기금융업)","법인체[개]","개","","","","","","-","-","-","-","-","-","-",
"특경법(사금융알선등)","발생건수[건]","건","-","-","","","","-","-","-","-","-","-","-",
"특경법(사금융알선등)","검거건수[건]","건","-","-","","","","-","-","-","-","-","-","-",
"특경법(사금융알선등)","발생건수 대비 검거건수[%]","%","-","","","","","-","-","-","-","-","-","-",
"특경법(사금융알선등)","검거인원[명]","명","-","-","","","","-","-","-","-","-","-","-",
"특경법(사금융알선등)","남자검거인원[명]","명","-","-","","","","-","-","-","-","-","-","-",
"특경법(사금융알선등)","여자검거인원[명]","명","-","-","","","","-","-","-","-","-","-","-",
"특경법(사금융알선등)","불상검거인원[명]","명","-","-","","","","-","-","-","-","-","-","-",
"특경법(사금융알선등)","법인체[개]","개","","","","","","-","-","-","-","-","-","-",
"특경법(재산국외도피)","발생건수[건]","건","-","-","","","","-","-","-","-","-","-","-",
"특경법(재산국외도피)","검거건수[건]","건","-","-","","","","-","-","-","-","-","-","-",
"특경법(재산국외도피)","발생건수 대비 검거건수[%]","%","-","","","","","-","-","-","-","-","-","-",
"특경법(재산국외도피)","검거인원[명]","명","-","-","","","","-","-","-","-","-","-","-",
"특경법(재산국외도피)","남자검거인원[명]","명","-","-","","","","-","-","-","-","-","-","-",
"특경법(재산국외도피)","여자검거인원[명]","명","-","-","","","","-","-","-","-","-","-","-",
"특경법(재산국외도피)","불상검거인원[명]","명","-","-","","","","-","-","-","-","-","-","-",
"특경법(재산국외도피)","법인체[개]","개","","","","","","-","-","-","-","-","-","-",
"기타경제범죄","발생건수[건]","건","-","-","1","","","-","-","-","-","-","-","-",
"기타경제범죄","검거건수[건]","건","1","1","2","1","","-","-","-","-","3","1","3",
"기타경제범죄","발생건수 대비 검거건수[%]","%","100","100","200","100","","-","-","-","-","-","-","-",
"기타경제범죄","검거인원[명]","명","1","6","7","2","","-","1","-","-","31","1","6",
"기타경제범죄","남자검거인원[명]","명","1","6","4","2","","-","1","-","-","12","1","6",
"기타경제범죄","여자검거인원[명]","명","-","-","3","","","-","-","-","-","19","-","-",
"기타경제범죄","불상검거인원[명]","명","-","-","","","","-","-","-","-","-","-","-",
"기타경제범죄","법인체[개]","개","","","","","","-","-","-","-","-","-","2",
"마약범죄","발생건수[건]","건","-","-","","","","-","-","-","-","-","-","-",
"마약범죄","검거건수[건]","건","-","-","","","","-","-","-","-","-","-","1",
"마약범죄","발생건수 대비 검거건수[%]","%","-","","","","","-","-","-","-","-","-","-",
"마약범죄","검거인원[명]","명","-","-","4","","","-","-","-","-","-","2","3",
"마약범죄","남자검거인원[명]","명","-","-","4","","","-","-","-","-","-","1","1",
"마약범죄","여자검거인원[명]","명","-","-","","","","-","-","-","-","-","-","2",
"마약범죄","불상검거인원[명]","명","-","-","","","","-","-","-","-","-","1","-",
"마약범죄","법인체[개]","개","","","","","","-","-","-","-","-","-","-",
"아편·몰핀에관한죄","발생건수[건]","건","-","-","","","","-","-","-","-","-","-","-",
"아편·몰핀에관한죄","검거건수[건]","건","-","-","","","","-","-","-","-","-","-","-",
"아편·몰핀에관한죄","발생건수 대비 검거건수[%]","%","-","","","","","-","-","-","-","-","-","-",
"아편·몰핀에관한죄","검거인원[명]","명","-","-","","","","-","-","-","-","-","-","-",
"아편·몰핀에관한죄","남자검거인원[명]","명","-","-","","","","-","-","-","-","-","-","-",
"아편·몰핀에관한죄","여자검거인원[명]","명","-","-","","","","-","-","-","-","-","-","-",
"아편·몰핀에관한죄","불상검거인원[명]","명","-","-","","","","-","-","-","-","-","-","-",
"아편·몰핀에관한죄","법인체[개]","개","","","","","","-","-","-","-","-","-","-",
"마약류관리에관한법률(대마)","발생건수[건]","건","-","-","","","","-","-","-","-","-","-","-",
"마약류관리에관한법률(대마)","검거건수[건]","건","-","-","","","","-","-","-","-","-","-","-",
"마약류관리에관한법률(대마)","발생건수 대비 검거건수[%]","%","-","","","","","-","-","-","-","-","-","-",
"마약류관리에관한법률(대마)","검거인원[명]","명","-","-","","","","-","-","-","-","-","2","-",
"마약류관리에관한법률(대마)","남자검거인원[명]","명","-","-","","","","-","-","-","-","-","1","-",
"마약류관리에관한법률(대마)","여자검거인원[명]","명","-","-","","","","-","-","-","-","-","-","-",
"마약류관리에관한법률(대마)","불상검거인원[명]","명","-","-","","","","-","-","-","-","-","1","-",
"마약류관리에관한법률(대마)","법인체[개]","개","","","","","","-","-","-","-","-","-","-",
"마약류관리에관한법률(마약)","발생건수[건]","건","-","-","","","","-","-","-","-","-","-","-",
"마약류관리에관한법률(마약)","검거건수[건]","건","-","-","","","","-","-","-","-","-","-","-",
"마약류관리에관한법률(마약)","발생건수 대비 검거건수[%]","%","-","","","","","-","-","-","-","-","-","-",
"마약류관리에관한법률(마약)","검거인원[명]","명","-","-","","","","-","-","-","-","-","-","-",
"마약류관리에관한법률(마약)","남자검거인원[명]","명","-","-","","","","-","-","-","-","-","-","-",
"마약류관리에관한법률(마약)","여자검거인원[명]","명","-","-","","","","-","-","-","-","-","-","-",
"마약류관리에관한법률(마약)","불상검거인원[명]","명","-","-","","","","-","-","-","-","-","-","-",
"마약류관리에관한법률(마약)","법인체[개]","개","","","","","","-","-","-","-","-","-","-",
"마약류관리에관한법률(향정)","발생건수[건]","건","-","-","","","","-","-","-","-","-","-","-",
"마약류관리에관한법률(향정)","검거건수[건]","건","-","-","","","","-","-","-","-","-","-","1",
"마약류관리에관한법률(향정)","발생건수 대비 검거건수[%]","%","-","","","","","-","-","-","-","-","-","-",
"마약류관리에관한법률(향정)","검거인원[명]","명","-","-","4","","","-","-","-","-","-","-","3",
"마약류관리에관한법률(향정)","남자검거인원[명]","명","-","-","4","","","-","-","-","-","-","-","1",
"마약류관리에관한법률(향정)","여자검거인원[명]","명","-","-","","","","-","-","-","-","-","-","2",
"마약류관리에관한법률(향정)","불상검거인원[명]","명","-","-","","","","-","-","-","-","-","-","-",
"마약류관리에관한법률(향정)","법인체[개]","개","","","","","","-","-","-","-","-","-","-",
"마약류불법거래방지에관한특례법","발생건수[건]","건","","","","","","-","-","-","-","-","-","-",
"마약류불법거래방지에관한특례법","검거건수[건]","건","","","","","","-","-","-","-","-","-","-",
"마약류불법거래방지에관한특례법","발생건수 대비 검거건수[%]","%","","","","","","-","-","-","-","-","-","-",
"마약류불법거래방지에관한특례법","검거인원[명]","명","","","","","","-","-","-","-","-","-","-",
"마약류불법거래방지에관한특례법","남자검거인원[명]","명","","","","","","-","-","-","-","-","-","-",
"마약류불법거래방지에관한특례법","여자검거인원[명]","명","","","","","","-","-","-","-","-","-","-",
"마약류불법거래방지에관한특례법","불상검거인원[명]","명","","","","","","-","-","-","-","-","-","-",
"마약류불법거래방지에관한특례법","법인체[개]","개","","","","","","-","-","-","-","-","-","-",
"특가법(마약)","발생건수[건]","건","-","-","","","","-","-","-","-","-","-","-",
"특가법(마약)","검거건수[건]","건","-","-","","","","-","-","-","-","-","-","-",
"특가법(마약)","발생건수 대비 검거건수[%]","%","-","","","","","-","-","-","-","-","-","-",
"특가법(마약)","검거인원[명]","명","-","-","","","","-","-","-","-","-","-","-",
"특가법(마약)","남자검거인원[명]","명","-","-","","","","-","-","-","-","-","-","-",
"특가법(마약)","여자검거인원[명]","명","-","-","","","","-","-","-","-","-","-","-",
"특가법(마약)","불상검거인원[명]","명","-","-","","","","-","-","-","-","-","-","-",
"특가법(마약)","법인체[개]","개","","","","","","-","-","-","-","-","-","-",
"특가법(향정)","발생건수[건]","건","-","-","","","","-","-","-","-","-","-","-",
"특가법(향정)","검거건수[건]","건","-","-","","","","-","-","-","-","-","-","-",
"특가법(향정)","발생건수 대비 검거건수[%]","%","-","","","","","-","-","-","-","-","-","-",
"특가법(향정)","검거인원[명]","명","-","-","","","","-","-","-","-","-","-","-",
"특가법(향정)","남자검거인원[명]","명","-","-","","","","-","-","-","-","-","-","-",
"특가법(향정)","여자검거인원[명]","명","-","-","","","","-","-","-","-","-","-","-",
"특가법(향정)","불상검거인원[명]","명","-","-","","","","-","-","-","-","-","-","-",
"특가법(향정)","법인체[개]","개","","","","","","-","-","-","-","-","-","-",
"향정신성의약품관리법","발생건수[건]","건","-","-","","","","","","","","","","",
"향정신성의약품관리법","검거건수[건]","건","-","-","","","","","","","","","","",
"향정신성의약품관리법","발생건수 대비 검거건수[%]","%","-","","","","","","","","","","","",
"향정신성의약품관리법","검거인원[명]","명","-","-","","","","","","","","","","",
"향정신성의약품관리법","남자검거인원[명]","명","-","-","","","","","","","","","","",
"향정신성의약품관리법","여자검거인원[명]","명","-","-","","","","","","","","","","",
"향정신성의약품관리법","불상검거인원[명]","명","-","-","","","","","","","","","","",
"보건범죄","발생건수[건]","건","-","-","","","","-","-","-","-","-","-","-",
"보건범죄","검거건수[건]","건","-","7","2","","2","1","-","-","-","1","-","-",
"보건범죄","발생건수 대비 검거건수[%]","%","-","700","200","","200","-","-","-","-","-","-","-",
"보건범죄","검거인원[명]","명","-","54","33","","38","33","-","-","-","11","-","-",
"보건범죄","남자검거인원[명]","명","-","21","26","","20","33","-","-","-","9","-","-",
"보건범죄","여자검거인원[명]","명","-","33","7","","18","-","-","-","-","2","-","-",
"보건범죄","불상검거인원[명]","명","-","-","","","","-","-","-","-","-","-","-",
"보건범죄","법인체[개]","개","","4","2","","","1","-","-","-","1","-","-",
"음용수에관한죄","발생건수[건]","건","-","-","","","","-","-","-","-","-","-","-",
"음용수에관한죄","검거건수[건]","건","-","-","","","","-","-","-","-","-","-","-",
"음용수에관한죄","발생건수 대비 검거건수[%]","%","-","","","","","-","-","-","-","-","-","-",
"음용수에관한죄","검거인원[명]","명","-","-","","","","-","-","-","-","-","-","-",
"음용수에관한죄","남자검거인원[명]","명","-","-","","","","-","-","-","-","-","-","-",
"음용수에관한죄","여자검거인원[명]","명","-","-","","","","-","-","-","-","-","-","-",
"음용수에관한죄","불상검거인원[명]","명","-","-","","","","-","-","-","-","-","-","-",
"음용수에관한죄","법인체[개]","개","","","","","","-","-","-","-","-","-","-",
"공중위생관리법","발생건수[건]","건","-","-","","","","-","-","-","-","-","-","-",
"공중위생관리법","검거건수[건]","건","-","-","","","","-","-","-","-","-","-","-",
"공중위생관리법","발생건수 대비 검거건수[%]","%","-","","","","","-","-","-","-","-","-","-",
"공중위생관리법","검거인원[명]","명","-","-","","","","-","-","-","-","-","-","-",
"공중위생관리법","남자검거인원[명]","명","-","-","","","","-","-","-","-","-","-","-",
"공중위생관리법","여자검거인원[명]","명","-","-","","","","-","-","-","-","-","-","-",
"공중위생관리법","불상검거인원[명]","명","-","-","","","","-","-","-","-","-","-","-",
"공중위생관리법","법인체[개]","개","","","","","","-","-","-","-","-","-","-",
"식품위생법","발생건수[건]","건","-","-","","","","-","-","-","-","-","-","-",
"식품위생법","검거건수[건]","건","-","-","","","","-","-","-","-","-","-","-",
"식품위생법","발생건수 대비 검거건수[%]","%","-","","","","","-","-","-","-","-","-","-",
"식품위생법","검거인원[명]","명","-","-","","","","-","-","-","-","-","-","-",
"식품위생법","남자검거인원[명]","명","-","-","","","","-","-","-","-","-","-","-",
"식품위생법","여자검거인원[명]","명","-","-","","","","-","-","-","-","-","-","-",
"식품위생법","불상검거인원[명]","명","-","-","","","","-","-","-","-","-","-","-",
"식품위생법","법인체[개]","개","","","","","","-","-","-","-","-","-","-",
"의료법","발생건수[건]","건","-","-","","","","-","-","-","-","-","-","-",
"의료법","검거건수[건]","건","-","4","","","","1","-","-","-","1","-","-",
"의료법","발생건수 대비 검거건수[%]","%","-","400","","","","-","-","-","-","-","-","-",
"의료법","검거인원[명]","명","-","3","","","6","33","-","-","-","9","-","-",
"의료법","남자검거인원[명]","명","-","2","","","1","33","-","-","-","9","-","-",
"의료법","여자검거인원[명]","명","-","1","","","5","-","-","-","-","-","-","-",
"의료법","불상검거인원[명]","명","-","-","","","","-","-","-","-","-","-","-",
"의료법","법인체[개]","개","","","","","","-","-","-","-","1","-","-",
"약사법","발생건수[건]","건","-","-","","","","-","-","-","-","-","-","-",
"약사법","검거건수[건]","건","-","2","2","","","-","-","-","-","-","-","-",
"약사법","발생건수 대비 검거건수[%]","%","-","200","200","","","-","-","-","-","-","-","-",
"약사법","검거인원[명]","명","-","51","33","","2","-","-","-","-","2","-","-",
"약사법","남자검거인원[명]","명","-","19","26","","2","-","-","-","-","-","-","-",
"약사법","여자검거인원[명]","명","-","32","7","","","-","-","-","-","2","-","-",
"약사법","불상검거인원[명]","명","-","-","","","","-","-","-","-","-","-","-",
"약사법","법인체[개]","개","","3","2","","","1","-","-","-","-","-","-",
"감염병예방법","발생건수[건]","건","-","-","","","","-","-","-","-","-","-","-",
"감염병예방법","검거건수[건]","건","-","-","","","","-","-","-","-","-","-","-",
"감염병예방법","발생건수 대비 검거건수[%]","%","-","","","","","-","-","-","-","-","-","-",
"감염병예방법","검거인원[명]","명","-","-","","","","-","-","-","-","-","-","-",
"감염병예방법","남자검거인원[명]","명","-","-","","","","-","-","-","-","-","-","-",
"감염병예방법","여자검거인원[명]","명","-","-","","","","-","-","-","-","-","-","-",
"감염병예방법","불상검거인원[명]","명","-","-","","","","-","-","-","-","-","-","-",
"감염병예방법","법인체[개]","개","","","","","","-","-","-","-","-","-","-",
"보건범죄특조법(부정식품)","발생건수[건]","건","-","-","","","","-","-","-","-","-","-","-",
"보건범죄특조법(부정식품)","검거건수[건]","건","-","-","","","","-","-","-","-","-","-","-",
"보건범죄특조법(부정식품)","발생건수 대비 검거건수[%]","%","-","","","","","-","-","-","-","-","-","-",
"보건범죄특조법(부정식품)","검거인원[명]","명","-","-","","","","-","-","-","-","-","-","-",
"보건범죄특조법(부정식품)","남자검거인원[명]","명","-","-","","","","-","-","-","-","-","-","-",
"보건범죄특조법(부정식품)","여자검거인원[명]","명","-","-","","","","-","-","-","-","-","-","-",
"보건범죄특조법(부정식품)","불상검거인원[명]","명","-","-","","","","-","-","-","-","-","-","-",
"보건범죄특조법(부정식품)","법인체[개]","개","","","","","","-","-","-","-","-","-","-",
"보건범죄특조법(부정의료업자)","발생건수[건]","건","-","-","","","","-","-","-","-","-","-","-",
"보건범죄특조법(부정의료업자)","검거건수[건]","건","-","-","","","2","-","-","-","-","-","-","-",
"보건범죄특조법(부정의료업자)","발생건수 대비 검거건수[%]","%","-","","","","200","-","-","-","-","-","-","-",
"보건범죄특조법(부정의료업자)","검거인원[명]","명","-","-","","","30","-","-","-","-","-","-","-",
"보건범죄특조법(부정의료업자)","남자검거인원[명]","명","-","-","","","17","-","-","-","-","-","-","-",
"보건범죄특조법(부정의료업자)","여자검거인원[명]","명","-","-","","","13","-","-","-","-","-","-","-",
"보건범죄특조법(부정의료업자)","불상검거인원[명]","명","-","-","","","","-","-","-","-","-","-","-",
"보건범죄특조법(부정의료업자)","법인체[개]","개","","1","","","","-","-","-","-","-","-","-",
"보건범죄특조법(부정의약품)","발생건수[건]","건","-","-","","","","-","-","-","-","-","-","-",
"보건범죄특조법(부정의약품)","검거건수[건]","건","-","1","","","","-","-","-","-","-","-","-",
"보건범죄특조법(부정의약품)","발생건수 대비 검거건수[%]","%","-","100","","","","-","-","-","-","-","-","-",
"보건범죄특조법(부정의약품)","검거인원[명]","명","-","-","","","","-","-","-","-","-","-","-",
"보건범죄특조법(부정의약품)","남자검거인원[명]","명","-","-","","","","-","-","-","-","-","-","-",
"보건범죄특조법(부정의약품)","여자검거인원[명]","명","-","-","","","","-","-","-","-","-","-","-",
"보건범죄특조법(부정의약품)","불상검거인원[명]","명","-","-","","","","-","-","-","-","-","-","-",
"보건범죄특조법(부정의약품)","법인체[개]","개","","","","","","-","-","-","-","-","-","-",
"기타보건범죄","발생건수[건]","건","-","-","","","","-","-","-","-","-","-","-",
"기타보건범죄","검거건수[건]","건","-","-","","","","-","-","-","-","-","-","-",
"기타보건범죄","발생건수 대비 검거건수[%]","%","-","","","","","-","-","-","-","-","-","-",
"기타보건범죄","검거인원[명]","명","-","-","","","","-","-","-","-","-","-","-",
"기타보건범죄","남자검거인원[명]","명","-","-","","","","-","-","-","-","-","-","-",
"기타보건범죄","여자검거인원[명]","명","-","-","","","","-","-","-","-","-","-","-",
"기타보건범죄","불상검거인원[명]","명","-","-","","","","-","-","-","-","-","-","-",
"기타보건범죄","법인체[개]","개","","","","","","-","-","-","-","-","-","-",
"환경범죄","발생건수[건]","건","-","-","","","","-","-","-","-","-","-","-",
"환경범죄","검거건수[건]","건","-","-","","","","-","-","-","-","-","-","-",
"환경범죄","발생건수 대비 검거건수[%]","%","-","","","","","-","-","-","-","-","-","-",
"환경범죄","검거인원[명]","명","-","-","","","","-","-","-","-","-","-","-",
"환경범죄","남자검거인원[명]","명","-","-","","","","-","-","-","-","-","-","-",
"환경범죄","여자검거인원[명]","명","-","-","","","","-","-","-","-","-","-","-",
"환경범죄","불상검거인원[명]","명","-","-","","","","-","-","-","-","-","-","-",
"환경범죄","법인체[개]","개","","","","","","-","-","-","-","-","-","-",
"대기환경보전법","발생건수[건]","건","-","-","","","","-","-","-","-","-","-","-",
"대기환경보전법","검거건수[건]","건","-","-","","","","-","-","-","-","-","-","-",
"대기환경보전법","발생건수 대비 검거건수[%]","%","-","","","","","-","-","-","-","-","-","-",
"대기환경보전법","검거인원[명]","명","-","-","","","","-","-","-","-","-","-","-",
"대기환경보전법","남자검거인원[명]","명","-","-","","","","-","-","-","-","-","-","-",
"대기환경보전법","여자검거인원[명]","명","-","-","","","","-","-","-","-","-","-","-",
"대기환경보전법","불상검거인원[명]","명","-","-","","","","-","-","-","-","-","-","-",
"대기환경보전법","법인체[개]","개","","","","","","-","-","-","-","-","-","-",
"토양환경보전법","발생건수[건]","건","-","-","","","","-","-","-","-","-","-","-",
"토양환경보전법","검거건수[건]","건","-","-","","","","-","-","-","-","-","-","-",
"토양환경보전법","발생건수 대비 검거건수[%]","%","-","","","","","-","-","-","-","-","-","-",
"토양환경보전법","검거인원[명]","명","-","-","","","","-","-","-","-","-","-","-",
"토양환경보전법","남자검거인원[명]","명","-","-","","","","-","-","-","-","-","-","-",
"토양환경보전법","여자검거인원[명]","명","-","-","","","","-","-","-","-","-","-","-",
"토양환경보전법","불상검거인원[명]","명","-","-","","","","-","-","-","-","-","-","-",
"토양환경보전법","법인체[개]","개","","","","","","-","-","-","-","-","-","-",
"수질환경보전법","발생건수[건]","건","-","-","","","","-","-","-","-","-","-","-",
"수질환경보전법","검거건수[건]","건","-","-","","","","-","-","-","-","-","-","-",
"수질환경보전법","발생건수 대비 검거건수[%]","%","-","","","","","-","-","-","-","-","-","-",
"수질환경보전법","검거인원[명]","명","-","-","","","","-","-","-","-","-","-","-",
"수질환경보전법","남자검거인원[명]","명","-","-","","","","-","-","-","-","-","-","-",
"수질환경보전법","여자검거인원[명]","명","-","-","","","","-","-","-","-","-","-","-",
"수질환경보전법","불상검거인원[명]","명","-","-","","","","-","-","-","-","-","-","-",
"수질환경보전법","법인체[개]","개","","","","","","-","-","-","-","-","-","-",
"야생동·식물보호법","발생건수[건]","건","-","-","","","","","","","","","","",
"야생동·식물보호법","검거건수[건]","건","-","-","","","","","","","","","","",
"야생동·식물보호법","발생건수 대비 검거건수[%]","%","-","","","","","","","","","","","",
"야생동·식물보호법","검거인원[명]","명","-","-","","","","","","","","","","",
"야생동·식물보호법","남자검거인원[명]","명","-","-","","","","","","","","","","",
"야생동·식물보호법","여자검거인원[명]","명","-","-","","","","","","","","","","",
"야생동·식물보호법","불상검거인원[명]","명","-","-","","","","","","","","","","",
"야생생물보호및관리에관한법률위반","발생건수[건]","건","","","","","","-","-","-","-","-","-","-",
"야생생물보호및관리에관한법률위반","검거건수[건]","건","","","","","","-","-","-","-","-","-","-",
"야생생물보호및관리에관한법률위반","발생건수 대비 검거건수[%]","%","","","","","","-","-","-","-","-","-","-",
"야생생물보호및관리에관한법률위반","검거인원[명]","명","","","","","","-","-","-","-","-","-","-",
"야생생물보호및관리에관한법률위반","남자검거인원[명]","명","","","","","","-","-","-","-","-","-","-",
"야생생물보호및관리에관한법률위반","여자검거인원[명]","명","","","","","","-","-","-","-","-","-","-",
"야생생물보호및관리에관한법률위반","불상검거인원[명]","명","","","","","","-","-","-","-","-","-","-",
"야생생물보호및관리에관한법률위반","법인체[개]","개","","","","","","-","-","-","-","-","-","-",
"특가법(산림)","발생건수[건]","건","-","-","","","","-","-","-","-","","","",
"특가법(산림)","검거건수[건]","건","-","-","","","","-","-","-","-","","","",
"특가법(산림)","발생건수 대비 검거건수[%]","%","-","","","","","-","-","-","-","","","",
"특가법(산림)","검거인원[명]","명","-","-","","","","-","-","-","-","","","",
"특가법(산림)","남자검거인원[명]","명","-","-","","","","-","-","-","-","","","",
"특가법(산림)","여자검거인원[명]","명","-","-","","","","-","-","-","-","","","",
"특가법(산림)","불상검거인원[명]","명","-","-","","","","-","-","-","-","","","",
"특가법(산림)","법인체[개]","개","","","","","","-","-","-","-","","","",
"폐기물관리법","발생건수[건]","건","-","-","","","","-","-","-","-","-","-","-",
"폐기물관리법","검거건수[건]","건","-","-","","","","-","-","-","-","-","-","-",
"폐기물관리법","발생건수 대비 검거건수[%]","%","-","","","","","-","-","-","-","-","-","-",
"폐기물관리법","검거인원[명]","명","-","-","","","","-","-","-","-","-","-","-",
"폐기물관리법","남자검거인원[명]","명","-","-","","","","-","-","-","-","-","-","-",
"폐기물관리법","여자검거인원[명]","명","-","-","","","","-","-","-","-","-","-","-",
"폐기물관리법","불상검거인원[명]","명","-","-","","","","-","-","-","-","-","-","-",
"폐기물관리법","법인체[개]","개","","","","","","-","-","-","-","-","-","-",
"해양환경관리법","발생건수[건]","건","-","-","","","","-","-","-","-","-","-","-",
"해양환경관리법","검거건수[건]","건","-","-","","","","-","-","-","-","-","-","-",
"해양환경관리법","발생건수 대비 검거건수[%]","%","-","","","","","-","-","-","-","-","-","-",
"해양환경관리법","검거인원[명]","명","-","-","","","","-","-","-","-","-","-","-",
"해양환경관리법","남자검거인원[명]","명","-","-","","","","-","-","-","-","-","-","-",
"해양환경관리법","여자검거인원[명]","명","-","-","","","","-","-","-","-","-","-","-",
"해양환경관리법","불상검거인원[명]","명","-","-","","","","-","-","-","-","-","-","-",
"해양환경관리법","법인체[개]","개","","","","","","-","-","-","-","-","-","-",
"환경범죄의단속에관한특별조치법","발생건수[건]","건","-","-","","","","-","-","-","-","-","-","-",
"환경범죄의단속에관한특별조치법","검거건수[건]","건","-","-","","","","-","-","-","-","-","-","-",
"환경범죄의단속에관한특별조치법","발생건수 대비 검거건수[%]","%","-","","","","","-","-","-","-","-","-","-",
"환경범죄의단속에관한특별조치법","검거인원[명]","명","-","-","","","","-","-","-","-","-","-","-",
"환경범죄의단속에관한특별조치법","남자검거인원[명]","명","-","-","","","","-","-","-","-","-","-","-",
"환경범죄의단속에관한특별조치법","여자검거인원[명]","명","-","-","","","","-","-","-","-","-","-","-",
"환경범죄의단속에관한특별조치법","불상검거인원[명]","명","-","-","","","","-","-","-","-","-","-","-",
"환경범죄의단속에관한특별조치법","법인체[개]","개","","","","","","-","-","-","-","-","-","-",
"기타환경범죄","발생건수[건]","건","-","-","","","","-","-","-","-","-","-","-",
"기타환경범죄","검거건수[건]","건","-","-","","","","-","-","-","-","-","-","-",
"기타환경범죄","발생건수 대비 검거건수[%]","%","-","","","","","-","-","-","-","-","-","-",
"기타환경범죄","검거인원[명]","명","-","-","","","","-","-","-","-","-","-","-",
"기타환경범죄","남자검거인원[명]","명","-","-","","","","-","-","-","-","-","-","-",
"기타환경범죄","여자검거인원[명]","명","-","-","","","","-","-","-","-","-","-","-",
"기타환경범죄","불상검거인원[명]","명","-","-","","","","-","-","-","-","-","-","-",
"기타환경범죄","법인체[개]","개","","","","","","-","-","-","-","-","-","-",
"교통범죄","발생건수[건]","건","-","-","","","","-","-","-","-","-","-","-",
"교통범죄","검거건수[건]","건","3","-","","","","-","-","-","-","-","-","-",
"교통범죄","발생건수 대비 검거건수[%]","%","300","","","","","-","-","-","-","-","-","-",
"교통범죄","검거인원[명]","명","-","3","","","","-","-","-","-","-","-","-",
"교통범죄","남자검거인원[명]","명","-","3","","","","-","-","-","-","-","-","-",
"교통범죄","여자검거인원[명]","명","-","-","","","","-","-","-","-","-","-","-",
"교통범죄","불상검거인원[명]","명","-","-","","","","-","-","-","-","-","-","-",
"교통범죄","법인체[개]","개","","","","","","-","-","-","-","-","-","-",
"교통사고","발생건수[건]","건","","-","","","","-","-","-","-","-","-","-",
"교통사고","검거건수[건]","건","","-","","","","-","-","-","-","-","-","-",
"교통사고","발생건수 대비 검거건수[%]","%","","","","","","-","-","-","-","-","-","-",
"교통사고","검거인원[명]","명","","-","","","","-","-","-","-","-","-","-",
"교통사고","남자검거인원[명]","명","","-","","","","-","-","-","-","-","-","-",
"교통사고","여자검거인원[명]","명","","-","","","","-","-","-","-","-","-","-",
"교통사고","불상검거인원[명]","명","","-","","","","-","-","-","-","-","-","-",
"교통사고","법인체[개]","개","","","","","","-","-","-","-","-","-","-",
"교통사고처리특례법","발생건수[건]","건","-","-","","","","-","-","-","-","-","-","-",
"교통사고처리특례법","검거건수[건]","건","-","-","","","","-","-","-","-","-","-","-",
"교통사고처리특례법","발생건수 대비 검거건수[%]","%","-","","","","","-","-","-","-","-","-","-",
"교통사고처리특례법","검거인원[명]","명","-","-","","","","-","-","-","-","-","-","-",
"교통사고처리특례법","남자검거인원[명]","명","-","-","","","","-","-","-","-","-","-","-",
"교통사고처리특례법","여자검거인원[명]","명","-","-","","","","-","-","-","-","-","-","-",
"교통사고처리특례법","불상검거인원[명]","명","-","-","","","","-","-","-","-","-","-","-",
"교통사고처리특례법","법인체[개]","개","","","","","","-","-","-","-","-","-","-",
"도로교통법","발생건수[건]","건","-","-","","","","-","-","-","-","-","-","-",
"도로교통법","검거건수[건]","건","-","-","","","","-","-","-","-","-","-","-",
"도로교통법","발생건수 대비 검거건수[%]","%","-","","","","","-","-","-","-","-","-","-",
"도로교통법","검거인원[명]","명","-","-","","","","-","-","-","-","-","-","-",
"도로교통법","남자검거인원[명]","명","-","-","","","","-","-","-","-","-","-","-",
"도로교통법","여자검거인원[명]","명","-","-","","","","-","-","-","-","-","-","-",
"도로교통법","불상검거인원[명]","명","-","-","","","","-","-","-","-","-","-","-",
"도로교통법","법인체[개]","개","","","","","","-","-","-","-","-","-","-",
"도로교통법(사고후미조치)","발생건수[건]","건","-","-","","","","-","-","-","-","-","-","-",
"도로교통법(사고후미조치)","검거건수[건]","건","-","-","","","","-","-","-","-","-","-","-",
"도로교통법(사고후미조치)","발생건수 대비 검거건수[%]","%","-","","","","","-","-","-","-","-","-","-",
"도로교통법(사고후미조치)","검거인원[명]","명","-","-","","","","-","-","-","-","-","-","-",
"도로교통법(사고후미조치)","남자검거인원[명]","명","-","-","","","","-","-","-","-","-","-","-",
"도로교통법(사고후미조치)","여자검거인원[명]","명","-","-","","","","-","-","-","-","-","-","-",
"도로교통법(사고후미조치)","불상검거인원[명]","명","-","-","","","","-","-","-","-","-","-","-",
"도로교통법(사고후미조치)","법인체[개]","개","","","","","","-","-","-","-","-","-","-",
"특가법(도주차량)","발생건수[건]","건","-","-","","","","-","-","-","-","-","-","-",
"특가법(도주차량)","검거건수[건]","건","-","-","","","","-","-","-","-","-","-","-",
"특가법(도주차량)","발생건수 대비 검거건수[%]","%","-","","","","","-","-","-","-","-","-","-",
"특가법(도주차량)","검거인원[명]","명","-","-","","","","-","-","-","-","-","-","-",
"특가법(도주차량)","남자검거인원[명]","명","-","-","","","","-","-","-","-","-","-","-",
"특가법(도주차량)","여자검거인원[명]","명","-","-","","","","-","-","-","-","-","-","-",
"특가법(도주차량)","불상검거인원[명]","명","-","-","","","","-","-","-","-","-","-","-",
"특가법(도주차량)","법인체[개]","개","","","","","","-","-","-","-","-","-","-",
"특가법(위험운전치사상)","발생건수[건]","건","-","-","","","","-","-","-","-","-","-","-",
"특가법(위험운전치사상)","검거건수[건]","건","-","-","","","","-","-","-","-","-","-","-",
"특가법(위험운전치사상)","발생건수 대비 검거건수[%]","%","-","","","","","-","-","-","-","-","-","-",
"특가법(위험운전치사상)","검거인원[명]","명","-","-","","","","-","-","-","-","-","-","-",
"특가법(위험운전치사상)","남자검거인원[명]","명","-","-","","","","-","-","-","-","-","-","-",
"특가법(위험운전치사상)","여자검거인원[명]","명","-","-","","","","-","-","-","-","-","-","-",
"특가법(위험운전치사상)","불상검거인원[명]","명","-","-","","","","-","-","-","-","-","-","-",
"특가법(위험운전치사상)","법인체[개]","개","","","","","","-","-","-","-","-","-","-",
"특가법(어린이보호구역치사상)","발생건수[건]","건","","","","","","","","","","-","-","-",
"특가법(어린이보호구역치사상)","검거건수[건]","건","","","","","","","","","","-","-","-",
"특가법(어린이보호구역치사상)","발생건수 대비 검거건수[%]","%","","","","","","","","","","-","-","-",
"특가법(어린이보호구역치사상)","검거인원[명]","명","","","","","","","","","","-","-","-",
"특가법(어린이보호구역치사상)","남자검거인원[명]","명","","","","","","","","","","-","-","-",
"특가법(어린이보호구역치사상)","여자검거인원[명]","명","","","","","","","","","","-","-","-",
"특가법(어린이보호구역치사상)","불상검거인원[명]","명","","","","","","","","","","-","-","-",
"특가법(어린이보호구역치사상)","법인체[개]","개","","","","","","","","","","-","-","-",
"교통사고외","발생건수[건]","건","","-","","","","-","-","-","-","-","-","-",
"교통사고외","검거건수[건]","건","","-","","","","-","-","-","-","-","-","-",
"교통사고외","발생건수 대비 검거건수[%]","%","","","","","","-","-","-","-","-","-","-",
"교통사고외","검거인원[명]","명","","3","","","","-","-","-","-","-","-","-",
"교통사고외","남자검거인원[명]","명","","3","","","","-","-","-","-","-","-","-",
"교통사고외","여자검거인원[명]","명","","-","","","","-","-","-","-","-","-","-",
"교통사고외","불상검거인원[명]","명","","-","","","","-","-","-","-","-","-","-",
"교통사고외","법인체[개]","개","","","","","","-","-","-","-","-","-","-",
"교통방해의죄","발생건수[건]","건","-","-","","","","-","-","-","-","-","-","-",
"교통방해의죄","검거건수[건]","건","2","-","","","","-","-","-","-","-","-","-",
"교통방해의죄","발생건수 대비 검거건수[%]","%","200","","","","","-","-","-","-","-","-","-",
"교통방해의죄","검거인원[명]","명","-","3","","","","-","-","-","-","-","-","-",
"교통방해의죄","남자검거인원[명]","명","-","3","","","","-","-","-","-","-","-","-",
"교통방해의죄","여자검거인원[명]","명","-","-","","","","-","-","-","-","-","-","-",
"교통방해의죄","불상검거인원[명]","명","-","-","","","","-","-","-","-","-","-","-",
"교통방해의죄","법인체[개]","개","","","","","","-","-","-","-","-","-","-",
"도로교통법(공동위험행위)","발생건수[건]","건","-","-","","","","-","-","-","-","-","-","-",
"도로교통법(공동위험행위)","검거건수[건]","건","-","-","","","","-","-","-","-","-","-","-",
"도로교통법(공동위험행위)","발생건수 대비 검거건수[%]","%","-","","","","","-","-","-","-","-","-","-",
"도로교통법(공동위험행위)","검거인원[명]","명","-","-","","","","-","-","-","-","-","-","-",
"도로교통법(공동위험행위)","남자검거인원[명]","명","-","-","","","","-","-","-","-","-","-","-",
"도로교통법(공동위험행위)","여자검거인원[명]","명","-","-","","","","-","-","-","-","-","-","-",
"도로교통법(공동위험행위)","불상검거인원[명]","명","-","-","","","","-","-","-","-","-","-","-",
"도로교통법(공동위험행위)","법인체[개]","개","","","","","","-","-","-","-","-","-","-",
"도로교통법(무면허운전)","발생건수[건]","건","-","-","","","","-","-","-","-","-","-","-",
"도로교통법(무면허운전)","검거건수[건]","건","1","-","","","","-","-","-","-","-","-","-",
"도로교통법(무면허운전)","발생건수 대비 검거건수[%]","%","100","","","","","-","-","-","-","-","-","-",
"도로교통법(무면허운전)","검거인원[명]","명","-","-","","","","-","-","-","-","-","-","-",
"도로교통법(무면허운전)","남자검거인원[명]","명","-","-","","","","-","-","-","-","-","-","-",
"도로교통법(무면허운전)","여자검거인원[명]","명","-","-","","","","-","-","-","-","-","-","-",
"도로교통법(무면허운전)","불상검거인원[명]","명","-","-","","","","-","-","-","-","-","-","-",
"도로교통법(무면허운전)","법인체[개]","개","","","","","","-","-","-","-","-","-","-",
"도로교통법(음주운전)","발생건수[건]","건","-","-","","","","-","-","-","-","-","-","-",
"도로교통법(음주운전)","검거건수[건]","건","-","-","","","","-","-","-","-","-","-","-",
"도로교통법(음주운전)","발생건수 대비 검거건수[%]","%","-","","","","","-","-","-","-","-","-","-",
"도로교통법(음주운전)","검거인원[명]","명","-","-","","","","-","-","-","-","-","-","-",
"도로교통법(음주운전)","남자검거인원[명]","명","-","-","","","","-","-","-","-","-","-","-",
"도로교통법(음주운전)","여자검거인원[명]","명","-","-","","","","-","-","-","-","-","-","-",
"도로교통법(음주운전)","불상검거인원[명]","명","-","-","","","","-","-","-","-","-","-","-",
"도로교통법(음주운전)","법인체[개]","개","","","","","","-","-","-","-","-","-","-",
"도로교통법(음주측정거부)","발생건수[건]","건","-","-","","","","-","-","-","-","-","-","-",
"도로교통법(음주측정거부)","검거건수[건]","건","-","-","","","","-","-","-","-","-","-","-",
"도로교통법(음주측정거부)","발생건수 대비 검거건수[%]","%","-","","","","","-","-","-","-","-","-","-",
"도로교통법(음주측정거부)","검거인원[명]","명","-","-","","","","-","-","-","-","-","-","-",
"도로교통법(음주측정거부)","남자검거인원[명]","명","-","-","","","","-","-","-","-","-","-","-",
"도로교통법(음주측정거부)","여자검거인원[명]","명","-","-","","","","-","-","-","-","-","-","-",
"도로교통법(음주측정거부)","불상검거인원[명]","명","-","-","","","","-","-","-","-","-","-","-",
"도로교통법(음주측정거부)","법인체[개]","개","","","","","","-","-","-","-","-","-","-",
"도로법","발생건수[건]","건","-","-","","","","-","-","-","-","-","-","-",
"도로법","검거건수[건]","건","-","-","","","","-","-","-","-","-","-","-",
"도로법","발생건수 대비 검거건수[%]","%","-","","","","","-","-","-","-","-","-","-",
"도로법","검거인원[명]","명","-","-","","","","-","-","-","-","-","-","-",
"도로법","남자검거인원[명]","명","-","-","","","","-","-","-","-","-","-","-",
"도로법","여자검거인원[명]","명","-","-","","","","-","-","-","-","-","-","-",
"도로법","불상검거인원[명]","명","-","-","","","","-","-","-","-","-","-","-",
"도로법","법인체[개]","개","","","","","","-","-","-","-","-","-","-",
"기타교통범죄","발생건수[건]","건","-","-","","","","-","-","-","-","-","-","-",
"기타교통범죄","검거건수[건]","건","-","-","","","","-","-","-","-","-","-","-",
"기타교통범죄","발생건수 대비 검거건수[%]","%","-","","","","","-","-","-","-","-","-","-",
"기타교통범죄","검거인원[명]","명","-","-","","","","-","-","-","-","-","-","-",
"기타교통범죄","남자검거인원[명]","명","-","-","","","","-","-","-","-","-","-","-",
"기타교통범죄","여자검거인원[명]","명","-","-","","","","-","-","-","-","-","-","-",
"기타교통범죄","불상검거인원[명]","명","-","-","","","","-","-","-","-","-","-","-",
"기타교통범죄","법인체[개]","개","","","","","","-","-","-","-","-","-","-",
"노동범죄","발생건수[건]","건","-","-","","","","-","-","-","-","-","-","-",
"노동범죄","검거건수[건]","건","-","-","","","","-","-","-","-","-","-","-",
"노동범죄","발생건수 대비 검거건수[%]","%","-","","","","","-","-","-","-","-","-","-",
"노동범죄","검거인원[명]","명","-","-","","","","-","-","-","-","-","-","-",
"노동범죄","남자검거인원[명]","명","-","-","","","","-","-","-","-","-","-","-",
"노동범죄","여자검거인원[명]","명","-","-","","","","-","-","-","-","-","-","-",
"노동범죄","불상검거인원[명]","명","-","-","","","","-","-","-","-","-","-","-",
"노동범죄","법인체[개]","개","","","","","","-","-","-","-","-","-","-",
"근로기준법","발생건수[건]","건","-","-","","","","-","-","-","-","-","-","-",
"근로기준법","검거건수[건]","건","-","-","","","","-","-","-","-","-","-","-",
"근로기준법","발생건수 대비 검거건수[%]","%","-","","","","","-","-","-","-","-","-","-",
"근로기준법","검거인원[명]","명","-","-","","","","-","-","-","-","-","-","-",
"근로기준법","남자검거인원[명]","명","-","-","","","","-","-","-","-","-","-","-",
"근로기준법","여자검거인원[명]","명","-","-","","","","-","-","-","-","-","-","-",
"근로기준법","불상검거인원[명]","명","-","-","","","","-","-","-","-","-","-","-",
"근로기준법","법인체[개]","개","","","","","","-","-","-","-","-","-","-",
"노동조합및노동관계조정법","발생건수[건]","건","-","-","","","","-","-","-","-","-","-","-",
"노동조합및노동관계조정법","검거건수[건]","건","-","-","","","","-","-","-","-","-","-","-",
"노동조합및노동관계조정법","발생건수 대비 검거건수[%]","%","-","","","","","-","-","-","-","-","-","-",
"노동조합및노동관계조정법","검거인원[명]","명","-","-","","","","-","-","-","-","-","-","-",
"노동조합및노동관계조정법","남자검거인원[명]","명","-","-","","","","-","-","-","-","-","-","-",
"노동조합및노동관계조정법","여자검거인원[명]","명","-","-","","","","-","-","-","-","-","-","-",
"노동조합및노동관계조정법","불상검거인원[명]","명","-","-","","","","-","-","-","-","-","-","-",
"노동조합및노동관계조정법","법인체[개]","개","","","","","","-","-","-","-","-","-","-",
"산업안전보건법","발생건수[건]","건","-","-","","","","-","-","-","-","-","-","-",
"산업안전보건법","검거건수[건]","건","-","-","","","","-","-","-","-","-","-","-",
"산업안전보건법","발생건수 대비 검거건수[%]","%","-","","","","","-","-","-","-","-","-","-",
"산업안전보건법","검거인원[명]","명","-","-","","","","-","-","-","-","-","-","-",
"산업안전보건법","남자검거인원[명]","명","-","-","","","","-","-","-","-","-","-","-",
"산업안전보건법","여자검거인원[명]","명","-","-","","","","-","-","-","-","-","-","-",
"산업안전보건법","불상검거인원[명]","명","-","-","","","","-","-","-","-","-","-","-",
"산업안전보건법","법인체[개]","개","","","","","","-","-","-","-","-","-","-",
"직업안정법","발생건수[건]","건","-","-","","","","-","-","-","-","-","-","-",
"직업안정법","검거건수[건]","건","-","-","","","","-","-","-","-","-","-","-",
"직업안정법","발생건수 대비 검거건수[%]","%","-","","","","","-","-","-","-","-","-","-",
"직업안정법","검거인원[명]","명","-","-","","","","-","-","-","-","-","-","-",
"직업안정법","남자검거인원[명]","명","-","-","","","","-","-","-","-","-","-","-",
"직업안정법","여자검거인원[명]","명","-","-","","","","-","-","-","-","-","-","-",
"직업안정법","불상검거인원[명]","명","-","-","","","","-","-","-","-","-","-","-",
"직업안정법","법인체[개]","개","","","","","","-","-","-","-","-","-","-",
"기타노동범죄","발생건수[건]","건","-","-","","","","-","-","-","-","-","-","-",
"기타노동범죄","검거건수[건]","건","-","-","","","","-","-","-","-","-","-","-",
"기타노동범죄","발생건수 대비 검거건수[%]","%","-","","","","","-","-","-","-","-","-","-",
"기타노동범죄","검거인원[명]","명","-","-","","","","-","-","-","-","-","-","-",
"기타노동범죄","남자검거인원[명]","명","-","-","","","","-","-","-","-","-","-","-",
"기타노동범죄","여자검거인원[명]","명","-","-","","","","-","-","-","-","-","-","-",
"기타노동범죄","불상검거인원[명]","명","-","-","","","","-","-","-","-","-","-","-",
"기타노동범죄","법인체[개]","개","","","","","","-","-","-","-","-","-","-",
"안보범죄","발생건수[건]","건","1","-","","","","-","-","-","-","-","-","-",
"안보범죄","검거건수[건]","건","20","13","16","3","7","2","4","3","4","1","6","6",
"안보범죄","발생건수 대비 검거건수[%]","%","2000","1300","1600","300","700","-","-","-","-","-","-","-",
"안보범죄","검거인원[명]","명","20","14","20","3","9","2","4","6","17","1","8","7",
"안보범죄","남자검거인원[명]","명","15","12","18","3","9","2","3","6","11","1","8","7",
"안보범죄","여자검거인원[명]","명","3","2","2","","","-","1","-","5","-","-","-",
"안보범죄","불상검거인원[명]","명","2","-","","","","-","-","-","1","-","-","-",
"안보범죄","법인체[개]","개","","","","","","-","-","-","-","-","-","-",
"공안을해하는죄","발생건수[건]","건","-","-","","","","-","-","-","-","-","-","-",
"공안을해하는죄","검거건수[건]","건","-","-","","","","-","-","-","-","-","-","1",
"공안을해하는죄","발생건수 대비 검거건수[%]","%","-","","","","","-","-","-","-","-","-","-",
"공안을해하는죄","검거인원[명]","명","-","-","","","","-","-","-","-","-","-","1",
"공안을해하는죄","남자검거인원[명]","명","-","-","","","","-","-","-","-","-","-","1",
"공안을해하는죄","여자검거인원[명]","명","-","-","","","","-","-","-","-","-","-","-",
"공안을해하는죄","불상검거인원[명]","명","-","-","","","","-","-","-","-","-","-","-",
"공안을해하는죄","법인체[개]","개","","","","","","-","-","-","-","-","-","-",
"국가보안법","발생건수[건]","건","1","-","","","","-","-","-","-","-","-","-",
"국가보안법","검거건수[건]","건","20","13","16","3","7","1","4","2","4","1","6","3",
"국가보안법","발생건수 대비 검거건수[%]","%","2000","1300","1600","300","700","-","-","-","-","-","-","-",
"국가보안법","검거인원[명]","명","20","14","20","3","9","1","4","4","17","1","8","4",
"국가보안법","남자검거인원[명]","명","15","12","18","3","9","1","3","4","11","1","8","4",
"국가보안법","여자검거인원[명]","명","3","2","2","","","-","1","-","5","-","-","-",
"국가보안법","불상검거인원[명]","명","2","-","","","","-","-","-","1","-","-","-",
"국가보안법","법인체[개]","개","","","","","","-","-","-","-","-","-","-",
"기타안보범죄","발생건수[건]","건","-","-","","","","-","-","-","-","-","-","-",
"기타안보범죄","검거건수[건]","건","-","-","","","","1","-","1","-","-","-","2",
"기타안보범죄","발생건수 대비 검거건수[%]","%","-","","","","","-","-","-","-","-","-","-",
"기타안보범죄","검거인원[명]","명","-","-","","","","1","-","2","-","-","-","2",
"기타안보범죄","남자검거인원[명]","명","-","-","","","","1","-","2","-","-","-","2",
"기타안보범죄","여자검거인원[명]","명","-","-","","","","-","-","-","-","-","-","-",
"기타안보범죄","불상검거인원[명]","명","-","-","","","","-","-","-","-","-","-","-",
"기타안보범죄","법인체[개]","개","","","","","","-","-","-","-","-","-","-",
"선거범죄","발생건수[건]","건","-","-","","","","-","-","-","-","-","-","-",
"선거범죄","검거건수[건]","건","2","-","1","","1","1","1","1","-","-","1","1",
"선거범죄","발생건수 대비 검거건수[%]","%","200","","100","","100","-","-","-","-","-","-","-",
"선거범죄","검거인원[명]","명","9","-","6","","6","6","2","7","-","-","2","2",
"선거범죄","남자검거인원[명]","명","9","-","6","","3","5","1","7","-","-","2","1",
"선거범죄","여자검거인원[명]","명","-","-","","","3","1","1","-","-","-","-","-",
"선거범죄","불상검거인원[명]","명","-","-","","","","-","-","-","-","-","-","1",
"선거범죄","법인체[개]","개","","","","","","-","-","2","-","-","-","-",
"공직선거법","발생건수[건]","건","-","-","","","","-","-","-","-","-","-","-",
"공직선거법","검거건수[건]","건","-","-","","","","-","-","-","-","-","-","-",
"공직선거법","발생건수 대비 검거건수[%]","%","-","","","","","-","-","-","-","-","-","-",
"공직선거법","검거인원[명]","명","-","-","","","","-","-","-","-","-","-","-",
"공직선거법","남자검거인원[명]","명","-","-","","","","-","-","-","-","-","-","-",
"공직선거법","여자검거인원[명]","명","-","-","","","","-","-","-","-","-","-","-",
"공직선거법","불상검거인원[명]","명","-","-","","","","-","-","-","-","-","-","-",
"공직선거법","법인체[개]","개","","","","","","-","-","-","-","-","-","-",
"정당법","발생건수[건]","건","-","-","","","","-","-","-","-","-","-","-",
"정당법","검거건수[건]","건","-","-","","","","-","-","-","-","-","-","-",
"정당법","발생건수 대비 검거건수[%]","%","-","","","","","-","-","-","-","-","-","-",
"정당법","검거인원[명]","명","-","-","","","","-","-","-","-","-","-","-",
"정당법","남자검거인원[명]","명","-","-","","","","-","-","-","-","-","-","-",
"정당법","여자검거인원[명]","명","-","-","","","","-","-","-","-","-","-","-",
"정당법","불상검거인원[명]","명","-","-","","","","-","-","-","-","-","-","-",
"정당법","법인체[개]","개","","","","","","-","-","-","-","-","-","-",
"정치자금법","발생건수[건]","건","-","-","","","","-","-","-","-","-","-","-",
"정치자금법","검거건수[건]","건","2","-","1","","1","1","1","1","-","-","1","1",
"정치자금법","발생건수 대비 검거건수[%]","%","200","","100","","100","-","-","-","-","-","-","-",
"정치자금법","검거인원[명]","명","9","-","6","","6","6","2","7","-","-","2","2",
"정치자금법","남자검거인원[명]","명","9","-","6","","3","5","1","7","-","-","2","1",
"정치자금법","여자검거인원[명]","명","-","-","","","3","1","1","-","-","-","-","-",
"정치자금법","불상검거인원[명]","명","-","-","","","","-","-","-","-","-","-","1",
"정치자금법","법인체[개]","개","","","","","","-","-","2","-","-","-","-",
"기타선거범죄","발생건수[건]","건","-","-","","","","-","-","-","-","-","-","-",
"기타선거범죄","검거건수[건]","건","-","-","","","","-","-","-","-","-","-","-",
"기타선거범죄","발생건수 대비 검거건수[%]","%","-","","","","","-","-","-","-","-","-","-",
"기타선거범죄","검거인원[명]","명","-","-","","","","-","-","-","-","-","-","-",
"기타선거범죄","남자검거인원[명]","명","-","-","","","","-","-","-","-","-","-","-",
"기타선거범죄","여자검거인원[명]","명","-","-","","","","-","-","-","-","-","-","-",
"기타선거범죄","불상검거인원[명]","명","-","-","","","","-","-","-","-","-","-","-",
"기타선거범죄","법인체[개]","개","","","","","","-","-","-","-","-","-","-",
"병역범죄","발생건수[건]","건","-","-","","","","-","-","-","-","-","-","-",
"병역범죄","검거건수[건]","건","-","-","","","","-","-","-","-","-","-","-",
"병역범죄","발생건수 대비 검거건수[%]","%","-","","","","","-","-","-","-","-","-","-",
"병역범죄","검거인원[명]","명","-","-","","","","-","-","-","-","-","-","-",
"병역범죄","남자검거인원[명]","명","-","-","","","","-","-","-","-","-","-","-",
"병역범죄","여자검거인원[명]","명","-","-","","","","-","-","-","-","-","-","-",
"병역범죄","불상검거인원[명]","명","-","-","","","","-","-","-","-","-","-","-",
"병역범죄","법인체[개]","개","","","","","","-","-","-","-","-","-","-",
"병역법","발생건수[건]","건","-","-","","","","-","-","-","-","-","-","-",
"병역법","검거건수[건]","건","-","-","","","","-","-","-","-","-","-","-",
"병역법","발생건수 대비 검거건수[%]","%","-","","","","","-","-","-","-","-","-","-",
"병역법","검거인원[명]","명","-","-","","","","-","-","-","-","-","-","-",
"병역법","남자검거인원[명]","명","-","-","","","","-","-","-","-","-","-","-",
"병역법","여자검거인원[명]","명","-","-","","","","-","-","-","-","-","-","-",
"병역법","불상검거인원[명]","명","-","-","","","","-","-","-","-","-","-","-",
"병역법","법인체[개]","개","","","","","","-","-","-","-","-","-","-",
"예비군법위반","발생건수[건]","건","-","-","","","","-","-","-","-","-","-","-",
"예비군법위반","검거건수[건]","건","-","-","","","","-","-","-","-","-","-","-",
"예비군법위반","발생건수 대비 검거건수[%]","%","-","","","","","-","-","-","-","-","-","-",
"예비군법위반","검거인원[명]","명","-","-","","","","-","-","-","-","-","-","-",
"예비군법위반","남자검거인원[명]","명","-","-","","","","-","-","-","-","-","-","-",
"예비군법위반","여자검거인원[명]","명","-","-","","","","-","-","-","-","-","-","-",
"예비군법위반","불상검거인원[명]","명","-","-","","","","-","-","-","-","-","-","-",
"예비군법위반","법인체[개]","개","","","","","","-","-","-","-","-","-","-",
"기타병역범죄","발생건수[건]","건","-","-","","","","-","-","-","-","-","-","-",
"기타병역범죄","검거건수[건]","건","-","-","","","","-","-","-","-","-","-","-",
"기타병역범죄","발생건수 대비 검거건수[%]","%","-","","","","","-","-","-","-","-","-","-",
"기타병역범죄","검거인원[명]","명","-","-","","","","-","-","-","-","-","-","-",
"기타병역범죄","남자검거인원[명]","명","-","-","","","","-","-","-","-","-","-","-",
"기타병역범죄","여자검거인원[명]","명","-","-","","","","-","-","-","-","-","-","-",
"기타병역범죄","불상검거인원[명]","명","-","-","","","","-","-","-","-","-","-","-",
"기타병역범죄","법인체[개]","개","","","","","","-","-","-","-","-","-","-",
"기타범죄","발생건수[건]","건","-","-","2","","","-","-","-","-","-","-","-",
"기타범죄","검거건수[건]","건","17","20","14","34","16","23","20","29","7","46","43","12",
"기타범죄","발생건수 대비 검거건수[%]","%","1700","2000","700","3400","1600","-","-","-","-","-","-","-",
"기타범죄","검거인원[명]","명","47","62","87","188","59","73","58","87","28","83","123","61",
"기타범죄","남자검거인원[명]","명","41","43","78","133","44","60","36","71","21","79","99","52",
"기타범죄","여자검거인원[명]","명","2","15","2","49","9","2","2","7","5","2","19","5",
"기타범죄","불상검거인원[명]","명","4","4","7","6","6","11","20","9","2","2","5","4",
"기타범죄","법인체[개]","개","","7","12","16","1","3","1","4","-","22","18","6",
"가정폭력범죄의처벌등에관한특례법위반","발생건수[건]","건","","","","","","-","-","-","-","-","-","-",
"가정폭력범죄의처벌등에관한특례법위반","검거건수[건]","건","","","","","","-","-","-","-","-","-","-",
"가정폭력범죄의처벌등에관한특례법위반","발생건수 대비 검거건수[%]","%","","","","","","-","-","-","-","-","-","-",
"가정폭력범죄의처벌등에관한특례법위반","검거인원[명]","명","","","","","","-","-","-","-","-","-","-",
"가정폭력범죄의처벌등에관한특례법위반","남자검거인원[명]","명","","","","","","-","-","-","-","-","-","-",
"가정폭력범죄의처벌등에관한특례법위반","여자검거인원[명]","명","","","","","","-","-","-","-","-","-","-",
"가정폭력범죄의처벌등에관한특례법위반","불상검거인원[명]","명","","","","","","-","-","-","-","-","-","-",
"가정폭력범죄의처벌등에관한특례법위반","법인체[개]","개","","","","","","-","-","-","-","-","-","-",
"개인정보보호법","발생건수[건]","건","-","-","","","","-","-","-","-","-","-","-",
"개인정보보호법","검거건수[건]","건","-","1","","1","","-","-","-","-","2","1","-",
"개인정보보호법","발생건수 대비 검거건수[%]","%","-","100","","100","","-","-","-","-","-","-","-",
"개인정보보호법","검거인원[명]","명","-","1","","2","","-","-","-","-","5","44","29",
"개인정보보호법","남자검거인원[명]","명","-","-","","2","","-","-","-","-","5","35","24",
"개인정보보호법","여자검거인원[명]","명","-","1","","","","-","-","-","-","-","9","5",
"개인정보보호법","불상검거인원[명]","명","-","-","","","","-","-","-","-","-","-","-",
"개인정보보호법","법인체[개]","개","","","","","","-","-","-","-","-","18","5",
"건설산업기본법","발생건수[건]","건","-","-","","","","-","-","-","-","-","-","-",
"건설산업기본법","검거건수[건]","건","-","-","1","","","-","-","-","-","-","-","-",
"건설산업기본법","발생건수 대비 검거건수[%]","%","-","","100","","","-","-","-","-","-","-","-",
"건설산업기본법","검거인원[명]","명","-","1","16","7","","-","-","-","-","-","-","-",
"건설산업기본법","남자검거인원[명]","명","-","1","16","6","","-","-","-","-","-","-","-",
"건설산업기본법","여자검거인원[명]","명","-","-","","1","","-","-","-","-","-","-","-",
"건설산업기본법","불상검거인원[명]","명","-","-","","","","-","-","-","-","-","-","-",
"건설산업기본법","법인체[개]","개","","1","9","3","","-","-","-","-","-","-","-",
"건설폐기물의재활용촉진에관한법률","발생건수[건]","건","-","-","","","","-","-","-","-","-","-","-",
"건설폐기물의재활용촉진에관한법률","검거건수[건]","건","-","-","","","","-","-","-","-","-","-","-",
"건설폐기물의재활용촉진에관한법률","발생건수 대비 검거건수[%]","%","-","","","","","-","-","-","-","-","-","-",
"건설폐기물의재활용촉진에관한법률","검거인원[명]","명","-","-","","","","-","-","-","-","-","-","-",
"건설폐기물의재활용촉진에관한법률","남자검거인원[명]","명","-","-","","","","-","-","-","-","-","-","-",
"건설폐기물의재활용촉진에관한법률","여자검거인원[명]","명","-","-","","","","-","-","-","-","-","-","-",
"건설폐기물의재활용촉진에관한법률","불상검거인원[명]","명","-","-","","","","-","-","-","-","-","-","-",
"건설폐기물의재활용촉진에관한법률","법인체[개]","개","","","","","","-","-","-","-","-","-","-",
"건축법","발생건수[건]","건","-","-","","","","-","-","-","-","-","-","-",
"건축법","검거건수[건]","건","-","-","","","","-","-","-","-","-","-","-",
"건축법","발생건수 대비 검거건수[%]","%","-","","","","","-","-","-","-","-","-","-",
"건축법","검거인원[명]","명","-","-","","3","","-","-","-","-","-","-","-",
"건축법","남자검거인원[명]","명","-","-","","3","","-","-","-","-","-","-","-",
"건축법","여자검거인원[명]","명","-","-","","","","-","-","-","-","-","-","-",
"건축법","불상검거인원[명]","명","-","-","","","","-","-","-","-","-","-","-",
"건축법","법인체[개]","개","","","","","","-","-","-","-","-","-","-",
"게임산업진흥에관한법률","발생건수[건]","건","-","-","","","","-","-","-","-","-","-","-",
"게임산업진흥에관한법률","검거건수[건]","건","-","-","","","","-","-","1","-","-","-","-",
"게임산업진흥에관한법률","발생건수 대비 검거건수[%]","%","-","","","","","-","-","-","-","-","-","-",
"게임산업진흥에관한법률","검거인원[명]","명","-","-","","","","-","-","7","-","-","-","-",
"게임산업진흥에관한법률","남자검거인원[명]","명","-","-","","","","-","-","3","-","-","-","-",
"게임산업진흥에관한법률","여자검거인원[명]","명","-","-","","","","-","-","3","-","-","-","-",
"게임산업진흥에관한법률","불상검거인원[명]","명","-","-","","","","-","-","1","-","-","-","-",
"게임산업진흥에관한법률","법인체[개]","개","","","","","","-","-","-","-","-","-","-",
"경범죄처벌법","발생건수[건]","건","-","-","","","","-","-","-","-","-","-","-",
"경범죄처벌법","검거건수[건]","건","-","-","","","","-","-","-","-","-","-","-",
"경범죄처벌법","발생건수 대비 검거건수[%]","%","-","","","","","-","-","-","-","-","-","-",
"경범죄처벌법","검거인원[명]","명","-","-","","","","-","-","-","-","-","-","-",
"경범죄처벌법","남자검거인원[명]","명","-","-","","","","-","-","-","-","-","-","-",
"경범죄처벌법","여자검거인원[명]","명","-","-","","","","-","-","-","-","-","-","-",
"경범죄처벌법","불상검거인원[명]","명","-","-","","","","-","-","-","-","-","-","-",
"경범죄처벌법","법인체[개]","개","","","","","","-","-","-","-","-","-","-",
"고압가스안전관리법","발생건수[건]","건","-","-","","","","-","-","-","-","-","-","-",
"고압가스안전관리법","검거건수[건]","건","-","-","","","","-","-","-","-","-","-","-",
"고압가스안전관리법","발생건수 대비 검거건수[%]","%","-","","","","","-","-","-","-","-","-","-",
"고압가스안전관리법","검거인원[명]","명","-","-","","","","-","-","-","-","-","-","-",
"고압가스안전관리법","남자검거인원[명]","명","-","-","","","","-","-","-","-","-","-","-",
"고압가스안전관리법","여자검거인원[명]","명","-","-","","","","-","-","-","-","-","-","-",
"고압가스안전관리법","불상검거인원[명]","명","-","-","","","","-","-","-","-","-","-","-",
"고압가스안전관리법","법인체[개]","개","","","","","","-","-","-","-","-","-","-",
"골재채취법","발생건수[건]","건","-","-","","","","-","-","-","-","-","-","-",
"골재채취법","검거건수[건]","건","-","-","","","","-","-","-","-","-","-","-",
"골재채취법","발생건수 대비 검거건수[%]","%","-","","","","","-","-","-","-","-","-","-",
"골재채취법","검거인원[명]","명","-","-","","","","-","-","-","-","-","-","-",
"골재채취법","남자검거인원[명]","명","-","-","","","","-","-","-","-","-","-","-",
"골재채취법","여자검거인원[명]","명","-","-","","","","-","-","-","-","-","-","-",
"골재채취법","불상검거인원[명]","명","-","-","","","","-","-","-","-","-","-","-",
"골재채취법","법인체[개]","개","","","","","","-","-","-","-","-","-","-",
"공무방해에관한죄","발생건수[건]","건","-","-","","","","-","-","-","-","-","-","-",
"공무방해에관한죄","검거건수[건]","건","-","-","1","1","2","4","5","1","-","-","2","-",
"공무방해에관한죄","발생건수 대비 검거건수[%]","%","-","","100","100","200","-","-","-","-","-","-","-",
"공무방해에관한죄","검거인원[명]","명","1","-","1","4","2","7","5","1","2","-","14","-",
"공무방해에관한죄","남자검거인원[명]","명","1","-","1","3","2","7","5","1","2","-","14","-",
"공무방해에관한죄","여자검거인원[명]","명","-","-","","","","-","-","-","-","-","-","-",
"공무방해에관한죄","불상검거인원[명]","명","-","-","","1","","-","-","-","-","-","-","-",
"공무방해에관한죄","법인체[개]","개","","","","","","-","-","-","-","-","-","-",
"공유수면관리및매립에관한법률위반","발생건수[건]","건","-","-","","","","-","-","-","-","-","-","-",
"공유수면관리및매립에관한법률위반","검거건수[건]","건","-","-","","","","-","-","-","-","-","-","-",
"공유수면관리및매립에관한법률위반","발생건수 대비 검거건수[%]","%","-","","","","","-","-","-","-","-","-","-",
"공유수면관리및매립에관한법률위반","검거인원[명]","명","-","-","","","","-","-","-","-","-","-","-",
"공유수면관리및매립에관한법률위반","남자검거인원[명]","명","-","-","","","","-","-","-","-","-","-","-",
"공유수면관리및매립에관한법률위반","여자검거인원[명]","명","-","-","","","","-","-","-","-","-","-","-",
"공유수면관리및매립에관한법률위반","불상검거인원[명]","명","-","-","","","","-","-","-","-","-","-","-",
"공유수면관리및매립에관한법률위반","법인체[개]","개","","","","","","-","-","-","-","-","-","-",
"공인중개사법","발생건수[건]","건","-","-","","","","-","-","-","-","-","-","-",
"공인중개사법","검거건수[건]","건","-","-","","","","-","-","-","-","-","-","-",
"공인중개사법","발생건수 대비 검거건수[%]","%","-","","","","","-","-","-","-","-","-","-",
"공인중개사법","검거인원[명]","명","-","-","","","","-","-","-","-","-","-","-",
"공인중개사법","남자검거인원[명]","명","-","-","","","","-","-","-","-","-","-","-",
"공인중개사법","여자검거인원[명]","명","-","-","","","","-","-","-","-","-","-","-",
"공인중개사법","불상검거인원[명]","명","-","-","","","","-","-","-","-","-","-","-",
"공인중개사법","법인체[개]","개","","","","","","-","-","-","-","-","-","-",
"과실치사상의죄","발생건수[건]","건","-","-","","","","-","-","-","-","-","-","-",
"과실치사상의죄","검거건수[건]","건","-","-","","","","-","-","-","-","-","-","1",
"과실치사상의죄","발생건수 대비 검거건수[%]","%","-","","","","","-","-","-","-","-","-","-",
"과실치사상의죄","검거인원[명]","명","-","-","","","","-","-","-","-","-","-","3",
"과실치사상의죄","남자검거인원[명]","명","-","-","","","","-","-","-","-","-","-","3",
"과실치사상의죄","여자검거인원[명]","명","-","-","","","","-","-","-","-","-","-","-",
"과실치사상의죄","불상검거인원[명]","명","-","-","","","","-","-","-","-","-","-","-",
"과실치사상의죄","법인체[개]","개","","","","","","-","-","-","-","-","-","-",
"교육환경법","발생건수[건]","건","","","","","","","-","-","-","-","-","-",
"교육환경법","검거건수[건]","건","","","","","","","-","-","-","-","-","-",
"교육환경법","발생건수 대비 검거건수[%]","%","","","","","","","-","-","-","-","-","-",
"교육환경법","검거인원[명]","명","","","","","","","-","-","-","-","-","-",
"교육환경법","남자검거인원[명]","명","","","","","","","-","-","-","-","-","-",
"교육환경법","여자검거인원[명]","명","","","","","","","-","-","-","-","-","-",
"교육환경법","불상검거인원[명]","명","","","","","","","-","-","-","-","-","-",
"교육환경법","법인체[개]","개","","","","","","","-","-","-","-","-","-",
"국민건강보험법","발생건수[건]","건","-","-","","","","-","-","-","-","-","-","-",
"국민건강보험법","검거건수[건]","건","-","-","","","","-","-","-","-","-","-","-",
"국민건강보험법","발생건수 대비 검거건수[%]","%","-","","","","","-","-","-","-","-","-","-",
"국민건강보험법","검거인원[명]","명","-","-","","","","-","-","-","-","-","-","-",
"국민건강보험법","남자검거인원[명]","명","-","-","","","","-","-","-","-","-","-","-",
"국민건강보험법","여자검거인원[명]","명","-","-","","","","-","-","-","-","-","-","-",
"국민건강보험법","불상검거인원[명]","명","-","-","","","","-","-","-","-","-","-","-",
"국민건강보험법","법인체[개]","개","","","","","","-","-","-","-","-","-","-",
"국민연금법","발생건수[건]","건","-","-","","","","-","-","-","-","-","-","-",
"국민연금법","검거건수[건]","건","-","-","","","","-","-","-","-","-","-","-",
"국민연금법","발생건수 대비 검거건수[%]","%","-","","","","","-","-","-","-","-","-","-",
"국민연금법","검거인원[명]","명","-","-","","","","-","-","-","-","-","-","-",
"국민연금법","남자검거인원[명]","명","-","-","","","","-","-","-","-","-","-","-",
"국민연금법","여자검거인원[명]","명","-","-","","","","-","-","-","-","-","-","-",
"국민연금법","불상검거인원[명]","명","-","-","","","","-","-","-","-","-","-","-",
"국민연금법","법인체[개]","개","","","","","","-","-","-","-","-","-","-",
"국토의계획및이용에관한법률","발생건수[건]","건","-","-","","","","-","-","-","-","-","-","-",
"국토의계획및이용에관한법률","검거건수[건]","건","-","-","","","","-","-","-","-","-","-","-",
"국토의계획및이용에관한법률","발생건수 대비 검거건수[%]","%","-","","","","","-","-","-","-","-","-","-",
"국토의계획및이용에관한법률","검거인원[명]","명","-","-","","","","-","-","-","-","-","-","-",
"국토의계획및이용에관한법률","남자검거인원[명]","명","-","-","","","","-","-","-","-","-","-","-",
"국토의계획및이용에관한법률","여자검거인원[명]","명","-","-","","","","-","-","-","-","-","-","-",
"국토의계획및이용에관한법률","불상검거인원[명]","명","-","-","","","","-","-","-","-","-","-","-",
"국토의계획및이용에관한법률","법인체[개]","개","","","","","","-","-","-","-","-","-","-",
"권리행사를방해하는죄","발생건수[건]","건","-","-","","","","-","-","-","-","-","-","-",
"권리행사를방해하는죄","검거건수[건]","건","-","-","","1","","-","-","-","-","-","-","-",
"권리행사를방해하는죄","발생건수 대비 검거건수[%]","%","-","","","100","","-","-","-","-","-","-","-",
"권리행사를방해하는죄","검거인원[명]","명","-","-","","2","","-","-","1","-","-","-","-",
"권리행사를방해하는죄","남자검거인원[명]","명","-","-","","2","","-","-","1","-","-","-","-",
"권리행사를방해하는죄","여자검거인원[명]","명","-","-","","","","-","-","-","-","-","-","-",
"권리행사를방해하는죄","불상검거인원[명]","명","-","-","","","","-","-","-","-","-","-","-",
"권리행사를방해하는죄","법인체[개]","개","","","","","","-","-","-","-","-","-","-",
"낙태의죄","발생건수[건]","건","-","-","","","","-","-","-","-","-","-","-",
"낙태의죄","검거건수[건]","건","-","-","","","","-","-","-","-","-","-","-",
"낙태의죄","발생건수 대비 검거건수[%]","%","-","","","","","-","-","-","-","-","-","-",
"낙태의죄","검거인원[명]","명","-","-","","","","-","-","-","-","-","-","-",
"낙태의죄","남자검거인원[명]","명","-","-","","","","-","-","-","-","-","-","-",
"낙태의죄","여자검거인원[명]","명","-","-","","","","-","-","-","-","-","-","-",
"낙태의죄","불상검거인원[명]","명","-","-","","","","-","-","-","-","-","-","-",
"낙태의죄","법인체[개]","개","","","","","","-","-","-","-","-","-","-",
"낚시관리및육성법위반","발생건수[건]","건","-","-","","","","-","-","-","-","-","-","-",
"낚시관리및육성법위반","검거건수[건]","건","-","-","","","","-","-","-","-","-","-","-",
"낚시관리및육성법위반","발생건수 대비 검거건수[%]","%","-","","","","","-","-","-","-","-","-","-",
"낚시관리및육성법위반","검거인원[명]","명","-","-","","","","-","-","-","-","-","-","-",
"낚시관리및육성법위반","남자검거인원[명]","명","-","-","","","","-","-","-","-","-","-","-",
"낚시관리및육성법위반","여자검거인원[명]","명","-","-","","","","-","-","-","-","-","-","-",
"낚시관리및육성법위반","불상검거인원[명]","명","-","-","","","","-","-","-","-","-","-","-",
"낚시관리및육성법위반","법인체[개]","개","","","","","","-","-","-","-","-","-","-",
"내수면어업법","발생건수[건]","건","-","-","","","","-","-","-","-","-","-","-",
"내수면어업법","검거건수[건]","건","-","-","","","","-","-","-","-","-","-","-",
"내수면어업법","발생건수 대비 검거건수[%]","%","-","","","","","-","-","-","-","-","-","-",
"내수면어업법","검거인원[명]","명","-","-","","","","-","-","-","-","-","-","-",
"내수면어업법","남자검거인원[명]","명","-","-","","","","-","-","-","-","-","-","-",
"내수면어업법","여자검거인원[명]","명","-","-","","","","-","-","-","-","-","-","-",
"내수면어업법","불상검거인원[명]","명","-","-","","","","-","-","-","-","-","-","-",
"내수면어업법","법인체[개]","개","","","","","","-","-","-","-","-","-","-",
"농수산물유통및가격안정에관한법률","발생건수[건]","건","-","-","","","","-","-","-","-","-","-","-",
"농수산물유통및가격안정에관한법률","검거건수[건]","건","-","-","1","","","-","-","-","-","-","-","-",
"농수산물유통및가격안정에관한법률","발생건수 대비 검거건수[%]","%","-","","100","","","-","-","-","-","-","-","-",
"농수산물유통및가격안정에관한법률","검거인원[명]","명","-","-","36","","","-","-","-","-","-","-","-",
"농수산물유통및가격안정에관한법률","남자검거인원[명]","명","-","-","36","","","-","-","-","-","-","-","-",
"농수산물유통및가격안정에관한법률","여자검거인원[명]","명","-","-","","","","-","-","-","-","-","-","-",
"농수산물유통및가격안정에관한법률","불상검거인원[명]","명","-","-","","","","-","-","-","-","-","-","-",
"농수산물유통및가격안정에관한법률","법인체[개]","개","","","2","","","-","-","-","-","-","-","-",
"농수산물품질관리법","발생건수[건]","건","-","-","","","","-","-","-","-","-","-","-",
"농수산물품질관리법","검거건수[건]","건","-","-","","","","-","-","-","-","-","-","-",
"농수산물품질관리법","발생건수 대비 검거건수[%]","%","-","","","","","-","-","-","-","-","-","-",
"농수산물품질관리법","검거인원[명]","명","-","-","","","","-","-","-","-","-","-","-",
"농수산물품질관리법","남자검거인원[명]","명","-","-","","","","-","-","-","-","-","-","-",
"농수산물품질관리법","여자검거인원[명]","명","-","-","","","","-","-","-","-","-","-","-",
"농수산물품질관리법","불상검거인원[명]","명","-","-","","","","-","-","-","-","-","-","-",
"농수산물품질관리법","법인체[개]","개","","","","","","-","-","-","-","-","-","-",
"농지법","발생건수[건]","건","-","-","","","","-","-","-","-","-","-","-",
"농지법","검거건수[건]","건","-","-","","","","-","-","-","-","-","-","-",
"농지법","발생건수 대비 검거건수[%]","%","-","","","","","-","-","-","-","-","-","-",
"농지법","검거인원[명]","명","-","-","","","","-","-","-","-","-","5","-",
"농지법","남자검거인원[명]","명","-","-","","","","-","-","-","-","-","1","-",
"농지법","여자검거인원[명]","명","-","-","","","","-","-","-","-","-","4","-",
"농지법","불상검거인원[명]","명","-","-","","","","-","-","-","-","-","-","-",
"농지법","법인체[개]","개","","","","","","-","-","-","-","-","-","-",
"담배사업법","발생건수[건]","건","-","-","","","","-","-","-","-","-","-","-",
"담배사업법","검거건수[건]","건","-","-","","","","-","-","-","-","-","-","-",
"담배사업법","발생건수 대비 검거건수[%]","%","-","","","","","-","-","-","-","-","-","-",
"담배사업법","검거인원[명]","명","-","-","","","","-","-","-","-","-","-","-",
"담배사업법","남자검거인원[명]","명","-","-","","","","-","-","-","-","-","-","-",
"담배사업법","여자검거인원[명]","명","-","-","","","","-","-","-","-","-","-","-",
"담배사업법","불상검거인원[명]","명","-","-","","","","-","-","-","-","-","-","-",
"담배사업법","법인체[개]","개","","","","","","-","-","-","-","-","-","-",
"도시가스사업법","발생건수[건]","건","-","-","","","","-","-","-","-","-","-","-",
"도시가스사업법","검거건수[건]","건","-","-","","","","-","-","-","-","-","-","-",
"도시가스사업법","발생건수 대비 검거건수[%]","%","-","","","","","-","-","-","-","-","-","-",
"도시가스사업법","검거인원[명]","명","-","-","","","","-","-","-","-","-","-","-",
"도시가스사업법","남자검거인원[명]","명","-","-","","","","-","-","-","-","-","-","-",
"도시가스사업법","여자검거인원[명]","명","-","-","","","","-","-","-","-","-","-","-",
"도시가스사업법","불상검거인원[명]","명","-","-","","","","-","-","-","-","-","-","-",
"도시가스사업법","법인체[개]","개","","","","","","-","-","-","-","-","-","-",
"도시공원및녹지등에관한법률","발생건수[건]","건","-","-","","","","-","-","-","-","-","-","-",
"도시공원및녹지등에관한법률","검거건수[건]","건","-","-","","","","-","-","-","-","-","-","-",
"도시공원및녹지등에관한법률","발생건수 대비 검거건수[%]","%","-","","","","","-","-","-","-","-","-","-",
"도시공원및녹지등에관한법률","검거인원[명]","명","-","-","","","","-","-","-","-","-","-","-",
"도시공원및녹지등에관한법률","남자검거인원[명]","명","-","-","","","","-","-","-","-","-","-","-",
"도시공원및녹지등에관한법률","여자검거인원[명]","명","-","-","","","","-","-","-","-","-","-","-",
"도시공원및녹지등에관한법률","불상검거인원[명]","명","-","-","","","","-","-","-","-","-","-","-",
"도시공원및녹지등에관한법률","법인체[개]","개","","","","","","-","-","-","-","-","-","-",
"도주와도주원조죄","발생건수[건]","건","-","-","","","","-","-","-","-","-","-","-",
"도주와도주원조죄","검거건수[건]","건","-","-","","","","-","-","-","-","-","-","-",
"도주와도주원조죄","발생건수 대비 검거건수[%]","%","-","","","","","-","-","-","-","-","-","-",
"도주와도주원조죄","검거인원[명]","명","-","-","","","","-","-","-","-","-","-","-",
"도주와도주원조죄","남자검거인원[명]","명","-","-","","","","-","-","-","-","-","-","-",
"도주와도주원조죄","여자검거인원[명]","명","-","-","","","","-","-","-","-","-","-","-",
"도주와도주원조죄","불상검거인원[명]","명","-","-","","","","-","-","-","-","-","-","-",
"도주와도주원조죄","법인체[개]","개","","","","","","-","-","-","-","-","-","-",
"독점규제및공정거래에관한법률","발생건수[건]","건","-","-","","","","-","-","-","-","-","-","-",
"독점규제및공정거래에관한법률","검거건수[건]","건","-","-","","","","-","-","-","-","-","-","-",
"독점규제및공정거래에관한법률","발생건수 대비 검거건수[%]","%","-","","","","","-","-","-","-","-","-","-",
"독점규제및공정거래에관한법률","검거인원[명]","명","-","-","","","","-","-","-","-","-","-","-",
"독점규제및공정거래에관한법률","남자검거인원[명]","명","-","-","","","","-","-","-","-","-","-","-",
"독점규제및공정거래에관한법률","여자검거인원[명]","명","-","-","","","","-","-","-","-","-","-","-",
"독점규제및공정거래에관한법률","불상검거인원[명]","명","-","-","","","","-","-","-","-","-","-","-",
"독점규제및공정거래에관한법률","법인체[개]","개","","","","","","-","-","-","-","-","-","-",
"동물보호법","발생건수[건]","건","","","","","","","","","","","-","-",
"동물보호법","검거건수[건]","건","","","","","","","","","","","-","-",
"동물보호법","발생건수 대비 검거건수[%]","%","","","","","","","","","","","-","-",
"동물보호법","검거인원[명]","명","","","","","","","","","","","-","-",
"동물보호법","남자검거인원[명]","명","","","","","","","","","","","-","-",
"동물보호법","여자검거인원[명]","명","","","","","","","","","","","-","-",
"동물보호법","불상검거인원[명]","명","","","","","","","","","","","-","-",
"동물보호법","법인체[개]","개","","","","","","","","","","","-","-",
"명예에관한죄","발생건수[건]","건","-","-","","","","-","-","-","-","-","-","-",
"명예에관한죄","검거건수[건]","건","-","-","","1","","-","-","-","-","-","-","-",
"명예에관한죄","발생건수 대비 검거건수[%]","%","-","","","100","","-","-","-","-","-","-","-",
"명예에관한죄","검거인원[명]","명","-","-","","1","","-","-","-","-","-","-","1",
"명예에관한죄","남자검거인원[명]","명","-","-","","1","","-","-","-","-","-","-","1",
"명예에관한죄","여자검거인원[명]","명","-","-","","","","-","-","-","-","-","-","-",
"명예에관한죄","불상검거인원[명]","명","-","-","","","","-","-","-","-","-","-","-",
"명예에관한죄","법인체[개]","개","","","","","","-","-","-","-","-","-","-",
"무고의죄","발생건수[건]","건","-","-","","","","-","-","-","-","-","-","-",
"무고의죄","검거건수[건]","건","-","-","","","","-","-","1","-","1","-","-",
"무고의죄","발생건수 대비 검거건수[%]","%","-","","","","","-","-","-","-","-","-","-",
"무고의죄","검거인원[명]","명","-","-","","","","-","-","5","-","1","-","-",
"무고의죄","남자검거인원[명]","명","-","-","","","","-","-","4","-","1","-","-",
"무고의죄","여자검거인원[명]","명","-","-","","","","-","-","1","-","-","-","-",
"무고의죄","불상검거인원[명]","명","-","-","","","","-","-","-","-","-","-","-",
"무고의죄","법인체[개]","개","","","","","","-","-","-","-","-","-","-",
"문화재보호법","발생건수[건]","건","-","-","","","","-","-","-","-","-","-","-",
"문화재보호법","검거건수[건]","건","-","-","","1","","-","-","-","-","-","-","-",
"문화재보호법","발생건수 대비 검거건수[%]","%","-","","","100","","-","-","-","-","-","-","-",
"문화재보호법","검거인원[명]","명","-","-","","7","","-","-","-","-","-","-","-",
"문화재보호법","남자검거인원[명]","명","-","-","","5","","-","-","-","-","-","-","-",
"문화재보호법","여자검거인원[명]","명","-","-","","2","","-","-","-","-","-","-","-",
"문화재보호법","불상검거인원[명]","명","-","-","","","","-","-","-","-","-","-","-",
"문화재보호법","법인체[개]","개","","","","7","","-","-","-","-","-","-","-",
"밀항단속법","발생건수[건]","건","-","-","","","","-","-","-","-","-","-","-",
"밀항단속법","검거건수[건]","건","-","-","","","","-","-","-","-","-","-","-",
"밀항단속법","발생건수 대비 검거건수[%]","%","-","","","","","-","-","-","-","-","-","-",
"밀항단속법","검거인원[명]","명","-","-","","","","-","-","-","-","-","-","-",
"밀항단속법","남자검거인원[명]","명","-","-","","","","-","-","-","-","-","-","-",
"밀항단속법","여자검거인원[명]","명","-","-","","","","-","-","-","-","-","-","-",
"밀항단속법","불상검거인원[명]","명","-","-","","","","-","-","-","-","-","-","-",
"밀항단속법","법인체[개]","개","","","","","","-","-","-","-","-","-","-",
"방문판매등에관한법률","발생건수[건]","건","-","-","","","","-","-","-","-","-","-","-",
"방문판매등에관한법률","검거건수[건]","건","-","-","","","","-","-","-","-","-","-","-",
"방문판매등에관한법률","발생건수 대비 검거건수[%]","%","-","","","","","-","-","-","-","-","-","-",
"방문판매등에관한법률","검거인원[명]","명","-","-","","","","-","-","-","-","-","-","-",
"방문판매등에관한법률","남자검거인원[명]","명","-","-","","","","-","-","-","-","-","-","-",
"방문판매등에관한법률","여자검거인원[명]","명","-","-","","","","-","-","-","-","-","-","-",
"방문판매등에관한법률","불상검거인원[명]","명","-","-","","","","-","-","-","-","-","-","-",
"방문판매등에관한법률","법인체[개]","개","","","","","","-","-","-","-","-","-","-",
"배타적경제수역의외국인어업등에관한법률","발생건수[건]","건","-","-","","","","-","-","-","-","-","-","-",
"배타적경제수역의외국인어업등에관한법률","검거건수[건]","건","-","-","","","","-","-","-","-","-","-","-",
"배타적경제수역의외국인어업등에관한법률","발생건수 대비 검거건수[%]","%","-","","","","","-","-","-","-","-","-","-",
"배타적경제수역의외국인어업등에관한법률","검거인원[명]","명","-","-","","","","-","-","-","-","-","-","-",
"배타적경제수역의외국인어업등에관한법률","남자검거인원[명]","명","-","-","","","","-","-","-","-","-","-","-",
"배타적경제수역의외국인어업등에관한법률","여자검거인원[명]","명","-","-","","","","-","-","-","-","-","-","-",
"배타적경제수역의외국인어업등에관한법률","불상검거인원[명]","명","-","-","","","","-","-","-","-","-","-","-",
"배타적경제수역의외국인어업등에관한법률","법인체[개]","개","","","","","","-","-","-","-","-","-","-",
"범인은닉·범인도피죄","발생건수[건]","건","-","-","","","","-","-","-","-","-","-","-",
"범인은닉·범인도피죄","검거건수[건]","건","-","-","","","","-","-","-","-","-","-","-",
"범인은닉·범인도피죄","발생건수 대비 검거건수[%]","%","-","","","","","-","-","-","-","-","-","-",
"범인은닉·범인도피죄","검거인원[명]","명","-","-","","","1","-","-","-","-","2","-","-",
"범인은닉·범인도피죄","남자검거인원[명]","명","-","-","","","1","-","-","-","-","2","-","-",
"범인은닉·범인도피죄","여자검거인원[명]","명","-","-","","","","-","-","-","-","-","-","-",
"범인은닉·범인도피죄","불상검거인원[명]","명","-","-","","","","-","-","-","-","-","-","-",
"범인은닉·범인도피죄","법인체[개]","개","","","","","","-","-","-","-","-","-","-",
"변호사법","발생건수[건]","건","-","-","2","","","-","-","-","-","-","-","-",
"변호사법","검거건수[건]","건","2","5","2","1","2","4","2","3","2","3","1","2",
"변호사법","발생건수 대비 검거건수[%]","%","200","500","100","100","200","-","-","-","-","-","-","-",
"변호사법","검거인원[명]","명","8","7","4","2","3","8","3","9","3","4","3","6",
"변호사법","남자검거인원[명]","명","6","7","4","2","3","8","3","8","3","4","3","6",
"변호사법","여자검거인원[명]","명","1","-","","","","-","-","1","-","-","-","-",
"변호사법","불상검거인원[명]","명","1","-","","","","-","-","-","-","-","-","-",
"변호사법","법인체[개]","개","","","","","","-","-","-","-","-","-","-",
"보안관찰법","발생건수[건]","건","-","-","","","","-","-","-","-","-","-","-",
"보안관찰법","검거건수[건]","건","-","-","","","","-","-","-","-","-","-","-",
"보안관찰법","발생건수 대비 검거건수[%]","%","-","","","","","-","-","-","-","-","-","-",
"보안관찰법","검거인원[명]","명","-","-","","","","-","-","-","-","-","-","-",
"보안관찰법","남자검거인원[명]","명","-","-","","","","-","-","-","-","-","-","-",
"보안관찰법","여자검거인원[명]","명","-","-","","","","-","-","-","-","-","-","-",
"보안관찰법","불상검거인원[명]","명","-","-","","","","-","-","-","-","-","-","-",
"보안관찰법","법인체[개]","개","","","","","","-","-","-","-","-","-","-",
"부정경쟁방지및영업비밀보호에관한법률","발생건수[건]","건","-","-","","","","-","-","-","-","-","-","-",
"부정경쟁방지및영업비밀보호에관한법률","검거건수[건]","건","-","-","","1","","-","1","-","-","-","1","-",
"부정경쟁방지및영업비밀보호에관한법률","발생건수 대비 검거건수[%]","%","-","","","100","","-","-","-","-","-","-","-",
"부정경쟁방지및영업비밀보호에관한법률","검거인원[명]","명","-","-","","6","","-","-","-","-","-","3","-",
"부정경쟁방지및영업비밀보호에관한법률","남자검거인원[명]","명","-","-","","6","","-","-","-","-","-","3","-",
"부정경쟁방지및영업비밀보호에관한법률","여자검거인원[명]","명","-","-","","","","-","-","-","-","-","-","-",
"부정경쟁방지및영업비밀보호에관한법률","불상검거인원[명]","명","-","-","","","","-","-","-","-","-","-","-",
"부정경쟁방지및영업비밀보호에관한법률","법인체[개]","개","","","","","","-","-","-","-","-","-","-",
"비밀침해죄","발생건수[건]","건","-","-","","","","-","-","-","-","-","-","-",
"비밀침해죄","검거건수[건]","건","-","-","","","","-","-","-","-","-","-","-",
"비밀침해죄","발생건수 대비 검거건수[%]","%","-","","","","","-","-","-","-","-","-","-",
"비밀침해죄","검거인원[명]","명","-","-","","","","-","-","-","-","-","-","-",
"비밀침해죄","남자검거인원[명]","명","-","-","","","","-","-","-","-","-","-","-",
"비밀침해죄","여자검거인원[명]","명","-","-","","","","-","-","-","-","-","-","-",
"비밀침해죄","불상검거인원[명]","명","-","-","","","","-","-","-","-","-","-","-",
"비밀침해죄","법인체[개]","개","","","","","","-","-","-","-","-","-","-",
"비파괴검사기술의진흥및관리에관한법률","발생건수[건]","건","","","","","","","","-","-","-","-","-",
"비파괴검사기술의진흥및관리에관한법률","검거건수[건]","건","","","","","","","","-","-","-","-","-",
"비파괴검사기술의진흥및관리에관한법률","발생건수 대비 검거건수[%]","%","","","","","","","","-","-","-","-","-",
"비파괴검사기술의진흥및관리에관한법률","검거인원[명]","명","","","","","","","","-","-","-","-","-",
"비파괴검사기술의진흥및관리에관한법률","남자검거인원[명]","명","","","","","","","","-","-","-","-","-",
"비파괴검사기술의진흥및관리에관한법률","여자검거인원[명]","명","","","","","","","","-","-","-","-","-",
"비파괴검사기술의진흥및관리에관한법률","불상검거인원[명]","명","","","","","","","","-","-","-","-","-",
"비파괴검사기술의진흥및관리에관한법률","법인체[개]","개","","","","","","","","-","-","-","-","-",
"사격장안전법","발생건수[건]","건","-","-","","","","-","-","-","-","-","-","-",
"사격장안전법","검거건수[건]","건","-","-","","","","-","-","-","-","-","-","-",
"사격장안전법","발생건수 대비 검거건수[%]","%","-","","","","","-","-","-","-","-","-","-",
"사격장안전법","검거인원[명]","명","-","-","","","","-","-","-","-","-","-","-",
"사격장안전법","남자검거인원[명]","명","-","-","","","","-","-","-","-","-","-","-",
"사격장안전법","여자검거인원[명]","명","-","-","","","","-","-","-","-","-","-","-",
"사격장안전법","불상검거인원[명]","명","-","-","","","","-","-","-","-","-","-","-",
"사격장안전법","법인체[개]","개","","","","","","-","-","-","-","-","-","-",
"산림법","발생건수[건]","건","-","-","","","","-","-","-","-","-","-","-",
"산림법","검거건수[건]","건","-","-","","","","-","-","-","-","-","-","-",
"산림법","발생건수 대비 검거건수[%]","%","-","","","","","-","-","-","-","-","-","-",
"산림법","검거인원[명]","명","-","-","","","","-","-","-","-","-","-","-",
"산림법","남자검거인원[명]","명","-","-","","","","-","-","-","-","-","-","-",
"산림법","여자검거인원[명]","명","-","-","","","","-","-","-","-","-","-","-",
"산림법","불상검거인원[명]","명","-","-","","","","-","-","-","-","-","-","-",
"산림법","법인체[개]","개","","","","","","-","-","-","-","-","-","-",
"생명윤리및안전에관한법률","발생건수[건]","건","-","-","","","","-","-","-","-","-","-","-",
"생명윤리및안전에관한법률","검거건수[건]","건","-","-","","","","-","-","-","-","-","-","-",
"생명윤리및안전에관한법률","발생건수 대비 검거건수[%]","%","-","","","","","-","-","-","-","-","-","-",
"생명윤리및안전에관한법률","검거인원[명]","명","-","-","","","","-","-","-","-","-","-","-",
"생명윤리및안전에관한법률","남자검거인원[명]","명","-","-","","","","-","-","-","-","-","-","-",
"생명윤리및안전에관한법률","여자검거인원[명]","명","-","-","","","","-","-","-","-","-","-","-",
"생명윤리및안전에관한법률","불상검거인원[명]","명","-","-","","","","-","-","-","-","-","-","-",
"생명윤리및안전에관한법률","법인체[개]","개","","","","","","-","-","-","-","-","-","-",
"석유및석유대체연료사업법","발생건수[건]","건","-","-","","","","-","-","-","-","-","-","-",
"석유및석유대체연료사업법","검거건수[건]","건","-","-","","","","-","-","-","-","-","-","-",
"석유및석유대체연료사업법","발생건수 대비 검거건수[%]","%","-","","","","","-","-","-","-","-","-","-",
"석유및석유대체연료사업법","검거인원[명]","명","-","-","","","","-","-","-","-","-","-","-",
"석유및석유대체연료사업법","남자검거인원[명]","명","-","-","","","","-","-","-","-","-","-","-",
"석유및석유대체연료사업법","여자검거인원[명]","명","-","-","","","","-","-","-","-","-","-","-",
"석유및석유대체연료사업법","불상검거인원[명]","명","-","-","","","","-","-","-","-","-","-","-",
"석유및석유대체연료사업법","법인체[개]","개","","","","","","-","-","-","-","-","-","-",
"석유사업법","발생건수[건]","건","-","-","","","","","","","","","","",
"석유사업법","검거건수[건]","건","-","-","","","","","","","","","","",
"석유사업법","발생건수 대비 검거건수[%]","%","-","","","","","","","","","","","",
"석유사업법","검거인원[명]","명","-","-","","","","","","","","","","",
"석유사업법","남자검거인원[명]","명","-","-","","","","","","","","","","",
"석유사업법","여자검거인원[명]","명","-","-","","","","","","","","","","",
"석유사업법","불상검거인원[명]","명","-","-","","","","","","","","","","",
"선박안전법","발생건수[건]","건","-","-","","","","-","-","-","-","-","-","-",
"선박안전법","검거건수[건]","건","-","-","","","","-","-","-","-","-","-","-",
"선박안전법","발생건수 대비 검거건수[%]","%","-","","","","","-","-","-","-","-","-","-",
"선박안전법","검거인원[명]","명","-","-","","","","-","-","-","-","-","-","-",
"선박안전법","남자검거인원[명]","명","-","-","","","","-","-","-","-","-","-","-",
"선박안전법","여자검거인원[명]","명","-","-","","","","-","-","-","-","-","-","-",
"선박안전법","불상검거인원[명]","명","-","-","","","","-","-","-","-","-","-","-",
"선박안전법","법인체[개]","개","","","","","","-","-","-","-","-","-","-",
"선박직원법","발생건수[건]","건","-","-","","","","-","-","-","-","-","-","-",
"선박직원법","검거건수[건]","건","-","-","","","","-","-","-","-","-","-","-",
"선박직원법","발생건수 대비 검거건수[%]","%","-","","","","","-","-","-","-","-","-","-",
"선박직원법","검거인원[명]","명","-","-","","","","-","-","-","-","-","-","-",
"선박직원법","남자검거인원[명]","명","-","-","","","","-","-","-","-","-","-","-",
"선박직원법","여자검거인원[명]","명","-","-","","","","-","-","-","-","-","-","-",
"선박직원법","불상검거인원[명]","명","-","-","","","","-","-","-","-","-","-","-",
"선박직원법","법인체[개]","개","","","","","","-","-","-","-","-","-","-",
"성매매방지및피해자보호등에관한법률위반","발생건수[건]","건","-","-","","","","-","-","-","-","-","-","-",
"성매매방지및피해자보호등에관한법률위반","검거건수[건]","건","-","-","","","","-","-","-","-","-","-","-",
"성매매방지및피해자보호등에관한법률위반","발생건수 대비 검거건수[%]","%","-","","","","","-","-","-","-","-","-","-",
"성매매방지및피해자보호등에관한법률위반","검거인원[명]","명","-","-","","","","-","-","-","-","-","-","-",
"성매매방지및피해자보호등에관한법률위반","남자검거인원[명]","명","-","-","","","","-","-","-","-","-","-","-",
"성매매방지및피해자보호등에관한법률위반","여자검거인원[명]","명","-","-","","","","-","-","-","-","-","-","-",
"성매매방지및피해자보호등에관한법률위반","불상검거인원[명]","명","-","-","","","","-","-","-","-","-","-","-",
"성매매방지및피해자보호등에관한법률위반","법인체[개]","개","","","","","","-","-","-","-","-","-","-",
"성매매알선등행위의처벌에관한법률위반(성매매)","발생건수[건]","건","-","-","","","","-","-","-","-","-","-","-",
"성매매알선등행위의처벌에관한법률위반(성매매)","검거건수[건]","건","-","-","","","","-","-","-","-","-","-","-",
"성매매알선등행위의처벌에관한법률위반(성매매)","발생건수 대비 검거건수[%]","%","-","","","","","-","-","-","-","-","-","-",
"성매매알선등행위의처벌에관한법률위반(성매매)","검거인원[명]","명","-","-","","","","-","-","-","-","-","-","-",
"성매매알선등행위의처벌에관한법률위반(성매매)","남자검거인원[명]","명","-","-","","","","-","-","-","-","-","-","-",
"성매매알선등행위의처벌에관한법률위반(성매매)","여자검거인원[명]","명","-","-","","","","-","-","-","-","-","-","-",
"성매매알선등행위의처벌에관한법률위반(성매매)","불상검거인원[명]","명","-","-","","","","-","-","-","-","-","-","-",
"성매매알선등행위의처벌에관한법률위반(성매매)","법인체[개]","개","","","","","","-","-","-","-","-","-","-",
"성매매알선등행위의처벌에관한법률위반(성매매강요등)","발생건수[건]","건","-","-","","","","-","-","-","-","-","-","-",
"성매매알선등행위의처벌에관한법률위반(성매매강요등)","검거건수[건]","건","-","-","","","","-","-","-","-","-","-","-",
"성매매알선등행위의처벌에관한법률위반(성매매강요등)","발생건수 대비 검거건수[%]","%","-","","","","","-","-","-","-","-","-","-",
"성매매알선등행위의처벌에관한법률위반(성매매강요등)","검거인원[명]","명","-","-","","","","-","-","-","-","-","-","-",
"성매매알선등행위의처벌에관한법률위반(성매매강요등)","남자검거인원[명]","명","-","-","","","","-","-","-","-","-","-","-",
"성매매알선등행위의처벌에관한법률위반(성매매강요등)","여자검거인원[명]","명","-","-","","","","-","-","-","-","-","-","-",
"성매매알선등행위의처벌에관한법률위반(성매매강요등)","불상검거인원[명]","명","-","-","","","","-","-","-","-","-","-","-",
"성매매알선등행위의처벌에관한법률위반(성매매강요등)","법인체[개]","개","","","","","","-","-","-","-","-","-","-",
"성매매알선등행위의처벌에관한법률위반(성매매광고)","발생건수[건]","건","-","-","","","","-","-","-","-","-","-","-",
"성매매알선등행위의처벌에관한법률위반(성매매광고)","검거건수[건]","건","-","-","","","","-","-","-","-","-","-","-",
"성매매알선등행위의처벌에관한법률위반(성매매광고)","발생건수 대비 검거건수[%]","%","-","","","","","-","-","-","-","-","-","-",
"성매매알선등행위의처벌에관한법률위반(성매매광고)","검거인원[명]","명","-","-","","","","-","-","-","-","-","-","-",
"성매매알선등행위의처벌에관한법률위반(성매매광고)","남자검거인원[명]","명","-","-","","","","-","-","-","-","-","-","-",
"성매매알선등행위의처벌에관한법률위반(성매매광고)","여자검거인원[명]","명","-","-","","","","-","-","-","-","-","-","-",
"성매매알선등행위의처벌에관한법률위반(성매매광고)","불상검거인원[명]","명","-","-","","","","-","-","-","-","-","-","-",
"성매매알선등행위의처벌에관한법률위반(성매매광고)","법인체[개]","개","","","","","","-","-","-","-","-","-","-",
"성매매알선등행위의처벌에관한법률위반(성매매알선등)","발생건수[건]","건","-","-","","","","-","-","-","-","-","-","-",
"성매매알선등행위의처벌에관한법률위반(성매매알선등)","검거건수[건]","건","-","-","","","","-","-","-","-","-","-","-",
"성매매알선등행위의처벌에관한법률위반(성매매알선등)","발생건수 대비 검거건수[%]","%","-","","","","","-","-","-","-","-","-","-",
"성매매알선등행위의처벌에관한법률위반(성매매알선등)","검거인원[명]","명","-","-","","","","-","-","-","-","-","-","-",
"성매매알선등행위의처벌에관한법률위반(성매매알선등)","남자검거인원[명]","명","-","-","","","","-","-","-","-","-","-","-",
"성매매알선등행위의처벌에관한법률위반(성매매알선등)","여자검거인원[명]","명","-","-","","","","-","-","-","-","-","-","-",
"성매매알선등행위의처벌에관한법률위반(성매매알선등)","불상검거인원[명]","명","-","-","","","","-","-","-","-","-","-","-",
"성매매알선등행위의처벌에관한법률위반(성매매알선등)","법인체[개]","개","","","","","","-","-","-","-","-","-","-",
"성매매알선등행위의처벌에관한법률위반(아동·청소년)","발생건수[건]","건","-","-","","","","-","-","-","-","-","-","-",
"성매매알선등행위의처벌에관한법률위반(아동·청소년)","검거건수[건]","건","-","-","","","","-","-","-","-","-","-","-",
"성매매알선등행위의처벌에관한법률위반(아동·청소년)","발생건수 대비 검거건수[%]","%","-","","","","","-","-","-","-","-","-","-",
"성매매알선등행위의처벌에관한법률위반(아동·청소년)","검거인원[명]","명","-","-","","","","-","-","-","-","-","-","-",
"성매매알선등행위의처벌에관한법률위반(아동·청소년)","남자검거인원[명]","명","-","-","","","","-","-","-","-","-","-","-",
"성매매알선등행위의처벌에관한법률위반(아동·청소년)","여자검거인원[명]","명","-","-","","","","-","-","-","-","-","-","-",
"성매매알선등행위의처벌에관한법률위반(아동·청소년)","불상검거인원[명]","명","-","-","","","","-","-","-","-","-","-","-",
"성매매알선등행위의처벌에관한법률위반(아동·청소년)","법인체[개]","개","","","","","","-","-","-","-","-","-","-",
"성매매알선등행위의처벌에관한법률위반(기타)","발생건수[건]","건","-","-","","","","-","-","-","-","-","-","-",
"성매매알선등행위의처벌에관한법률위반(기타)","검거건수[건]","건","-","-","","","","-","-","-","-","-","-","-",
"성매매알선등행위의처벌에관한법률위반(기타)","발생건수 대비 검거건수[%]","%","-","","","","","-","-","-","-","-","-","-",
"성매매알선등행위의처벌에관한법률위반(기타)","검거인원[명]","명","-","-","","","","-","-","4","-","-","-","-",
"성매매알선등행위의처벌에관한법률위반(기타)","남자검거인원[명]","명","-","-","","","","-","-","3","-","-","-","-",
"성매매알선등행위의처벌에관한법률위반(기타)","여자검거인원[명]","명","-","-","","","","-","-","1","-","-","-","-",
"성매매알선등행위의처벌에관한법률위반(기타)","불상검거인원[명]","명","-","-","","","","-","-","-","-","-","-","-",
"성매매알선등행위의처벌에관한법률위반(기타)","법인체[개]","개","","","","","","-","-","-","-","-","-","-",
"성폭력범죄의처벌등에관한특례법위반(기타)","발생건수[건]","건","","","","","","-","-","-","-","-","-","-",
"성폭력범죄의처벌등에관한특례법위반(기타)","검거건수[건]","건","","","","","","-","-","-","-","-","-","-",
"성폭력범죄의처벌등에관한특례법위반(기타)","발생건수 대비 검거건수[%]","%","","","","","","-","-","-","-","-","-","-",
"성폭력범죄의처벌등에관한특례법위반(기타)","검거인원[명]","명","","","","","","-","-","-","2","-","-","-",
"성폭력범죄의처벌등에관한특례법위반(기타)","남자검거인원[명]","명","","","","","","-","-","-","2","-","-","-",
"성폭력범죄의처벌등에관한특례법위반(기타)","여자검거인원[명]","명","","","","","","-","-","-","-","-","-","-",
"성폭력범죄의처벌등에관한특례법위반(기타)","불상검거인원[명]","명","","","","","","-","-","-","-","-","-","-",
"성폭력범죄의처벌등에관한특례법위반(기타)","법인체[개]","개","","","","","","-","-","-","-","-","-","-",
"소방기본법","발생건수[건]","건","-","-","","","","-","-","-","-","-","-","-",
"소방기본법","검거건수[건]","건","-","-","","","","-","-","-","-","-","-","-",
"소방기본법","발생건수 대비 검거건수[%]","%","-","","","","","-","-","-","-","-","-","-",
"소방기본법","검거인원[명]","명","-","-","","","","-","-","-","-","-","-","-",
"소방기본법","남자검거인원[명]","명","-","-","","","","-","-","-","-","-","-","-",
"소방기본법","여자검거인원[명]","명","-","-","","","","-","-","-","-","-","-","-",
"소방기본법","불상검거인원[명]","명","-","-","","","","-","-","-","-","-","-","-",
"소방기본법","법인체[개]","개","","","","","","-","-","-","-","-","-","-",
"수도법","발생건수[건]","건","-","-","","","","-","-","-","-","-","-","-",
"수도법","검거건수[건]","건","-","-","","","","-","-","-","-","-","-","-",
"수도법","발생건수 대비 검거건수[%]","%","-","","","","","-","-","-","-","-","-","-",
"수도법","검거인원[명]","명","-","-","","","","-","-","-","-","-","-","-",
"수도법","남자검거인원[명]","명","-","-","","","","-","-","-","-","-","-","-",
"수도법","여자검거인원[명]","명","-","-","","","","-","-","-","-","-","-","-",
"수도법","불상검거인원[명]","명","-","-","","","","-","-","-","-","-","-","-",
"수도법","법인체[개]","개","","","","","","-","-","-","-","-","-","-",
"수산물품질관리법","발생건수[건]","건","-","","","","","","","","","","","",
"수산물품질관리법","검거건수[건]","건","-","","","","","","","","","","","",
"수산물품질관리법","발생건수 대비 검거건수[%]","%","-","","","","","","","","","","","",
"수산물품질관리법","검거인원[명]","명","-","","","","","","","","","","","",
"수산물품질관리법","남자검거인원[명]","명","-","","","","","","","","","","","",
"수산물품질관리법","여자검거인원[명]","명","-","","","","","","","","","","","",
"수산물품질관리법","불상검거인원[명]","명","-","","","","","","","","","","","",
"수산업법","발생건수[건]","건","-","-","","","","-","-","-","-","-","-","-",
"수산업법","검거건수[건]","건","-","-","","","","-","-","-","-","-","-","-",
"수산업법","발생건수 대비 검거건수[%]","%","-","","","","","-","-","-","-","-","-","-",
"수산업법","검거인원[명]","명","-","-","","","","-","-","-","-","-","-","-",
"수산업법","남자검거인원[명]","명","-","-","","","","-","-","-","-","-","-","-",
"수산업법","여자검거인원[명]","명","-","-","","","","-","-","-","-","-","-","-",
"수산업법","불상검거인원[명]","명","-","-","","","","-","-","-","-","-","-","-",
"수산업법","법인체[개]","개","","","","","","-","-","-","-","-","-","-",
"수산자원보호령","발생건수[건]","건","-","-","","","","","","","","","","",
"수산자원보호령","검거건수[건]","건","-","-","","","","","","","","","","",
"수산자원보호령","발생건수 대비 검거건수[%]","%","-","","","","","","","","","","","",
"수산자원보호령","검거인원[명]","명","-","-","","","","","","","","","","",
"수산자원보호령","남자검거인원[명]","명","-","-","","","","","","","","","","",
"수산자원보호령","여자검거인원[명]","명","-","-","","","","","","","","","","",
"수산자원보호령","불상검거인원[명]","명","-","-","","","","","","","","","","",
"신앙에관한죄","발생건수[건]","건","-","-","","","","-","-","-","-","-","-","-",
"신앙에관한죄","검거건수[건]","건","-","-","","","","-","-","-","-","-","-","-",
"신앙에관한죄","발생건수 대비 검거건수[%]","%","-","","","","","-","-","-","-","-","-","-",
"신앙에관한죄","검거인원[명]","명","-","-","","","","-","-","-","-","-","-","-",
"신앙에관한죄","남자검거인원[명]","명","-","-","","","","-","-","-","-","-","-","-",
"신앙에관한죄","여자검거인원[명]","명","-","-","","","","-","-","-","-","-","-","-",
"신앙에관한죄","불상검거인원[명]","명","-","-","","","","-","-","-","-","-","-","-",
"신앙에관한죄","법인체[개]","개","","","","","","-","-","-","-","-","-","-",
"신용정보의이용및보호에관한법률","발생건수[건]","건","-","-","","","","-","-","-","-","-","-","-",
"신용정보의이용및보호에관한법률","검거건수[건]","건","-","-","","","","-","-","-","-","-","-","-",
"신용정보의이용및보호에관한법률","발생건수 대비 검거건수[%]","%","-","","","","","-","-","-","-","-","-","-",
"신용정보의이용및보호에관한법률","검거인원[명]","명","-","-","","","","-","-","-","-","-","-","-",
"신용정보의이용및보호에관한법률","남자검거인원[명]","명","-","-","","","","-","-","-","-","-","-","-",
"신용정보의이용및보호에관한법률","여자검거인원[명]","명","-","-","","","","-","-","-","-","-","-","-",
"신용정보의이용및보호에관한법률","불상검거인원[명]","명","-","-","","","","-","-","-","-","-","-","-",
"신용정보의이용및보호에관한법률","법인체[개]","개","","","","","","-","-","-","-","-","-","-",
"실화및업무상실화죄","발생건수[건]","건","-","-","","","","-","-","-","-","-","-","-",
"실화및업무상실화죄","검거건수[건]","건","-","-","","","","-","-","-","-","-","-","-",
"실화및업무상실화죄","발생건수 대비 검거건수[%]","%","-","","","","","-","-","-","-","-","-","-",
"실화및업무상실화죄","검거인원[명]","명","-","-","","","","-","-","-","-","-","-","-",
"실화및업무상실화죄","남자검거인원[명]","명","-","-","","","","-","-","-","-","-","-","-",
"실화및업무상실화죄","여자검거인원[명]","명","-","-","","","","-","-","-","-","-","-","-",
"실화및업무상실화죄","불상검거인원[명]","명","-","-","","","","-","-","-","-","-","-","-",
"실화및업무상실화죄","법인체[개]","개","","","","","","-","-","-","-","-","-","-",
"스토킹처벌법","발생건수[건]","건","","","","","","","","","","","-","-",
"스토킹처벌법","검거건수[건]","건","","","","","","","","","","","-","-",
"스토킹처벌법","발생건수 대비 검거건수[%]","%","","","","","","","","","","","-","-",
"스토킹처벌법","검거인원[명]","명","","","","","","","","","","","-","-",
"스토킹처벌법","남자검거인원[명]","명","","","","","","","","","","","-","-",
"스토킹처벌법","여자검거인원[명]","명","","","","","","","","","","","-","-",
"스토킹처벌법","불상검거인원[명]","명","","","","","","","","","","","-","-",
"스토킹처벌법","법인체[개]","개","","","","","","","","","","","-","-",
"아동·청소년의성보호에관한법률위반(강요행위등)","발생건수[건]","건","-","-","","","","-","-","-","-","-","-","-",
"아동·청소년의성보호에관한법률위반(강요행위등)","검거건수[건]","건","-","-","","","","-","-","-","-","-","-","-",
"아동·청소년의성보호에관한법률위반(강요행위등)","발생건수 대비 검거건수[%]","%","-","","","","","-","-","-","-","-","-","-",
"아동·청소년의성보호에관한법률위반(강요행위등)","검거인원[명]","명","-","-","","","","-","-","-","-","-","-","-",
"아동·청소년의성보호에관한법률위반(강요행위등)","남자검거인원[명]","명","-","-","","","","-","-","-","-","-","-","-",
"아동·청소년의성보호에관한법률위반(강요행위등)","여자검거인원[명]","명","-","-","","","","-","-","-","-","-","-","-",
"아동·청소년의성보호에관한법률위반(강요행위등)","불상검거인원[명]","명","-","-","","","","-","-","-","-","-","-","-",
"아동·청소년의성보호에관한법률위반(강요행위등)","법인체[개]","개","","","","","","-","-","-","-","-","-","-",
"아동·청소년의성보호에관한법률위반(매매)","발생건수[건]","건","-","-","","","","-","-","-","-","-","-","-",
"아동·청소년의성보호에관한법률위반(매매)","검거건수[건]","건","-","-","","","","-","-","-","-","-","-","-",
"아동·청소년의성보호에관한법률위반(매매)","발생건수 대비 검거건수[%]","%","-","","","","","-","-","-","-","-","-","-",
"아동·청소년의성보호에관한법률위반(매매)","검거인원[명]","명","-","-","","","","-","-","-","-","-","-","-",
"아동·청소년의성보호에관한법률위반(매매)","남자검거인원[명]","명","-","-","","","","-","-","-","-","-","-","-",
"아동·청소년의성보호에관한법률위반(매매)","여자검거인원[명]","명","-","-","","","","-","-","-","-","-","-","-",
"아동·청소년의성보호에관한법률위반(매매)","불상검거인원[명]","명","-","-","","","","-","-","-","-","-","-","-",
"아동·청소년의성보호에관한법률위반(매매)","법인체[개]","개","","","","","","-","-","-","-","-","-","-",
"아동·청소년의성보호에관한법률위반(성매수등)","발생건수[건]","건","-","-","","","","-","-","-","-","-","-","-",
"아동·청소년의성보호에관한법률위반(성매수등)","검거건수[건]","건","-","-","","","","-","-","-","-","-","-","-",
"아동·청소년의성보호에관한법률위반(성매수등)","발생건수 대비 검거건수[%]","%","-","","","","","-","-","-","-","-","-","-",
"아동·청소년의성보호에관한법률위반(성매수등)","검거인원[명]","명","-","-","","","","-","-","-","-","-","-","-",
"아동·청소년의성보호에관한법률위반(성매수등)","남자검거인원[명]","명","-","-","","","","-","-","-","-","-","-","-",
"아동·청소년의성보호에관한법률위반(성매수등)","여자검거인원[명]","명","-","-","","","","-","-","-","-","-","-","-",
"아동·청소년의성보호에관한법률위반(성매수등)","불상검거인원[명]","명","-","-","","","","-","-","-","-","-","-","-",
"아동·청소년의성보호에관한법률위반(성매수등)","법인체[개]","개","","","","","","-","-","-","-","-","-","-",
"아동·청소년의성보호에관한법률위반(알선영업행위등)","발생건수[건]","건","-","-","","","","-","-","-","-","-","-","-",
"아동·청소년의성보호에관한법률위반(알선영업행위등)","검거건수[건]","건","-","-","","","","-","-","-","-","-","-","-",
"아동·청소년의성보호에관한법률위반(알선영업행위등)","발생건수 대비 검거건수[%]","%","-","","","","","-","-","-","-","-","-","-",
"아동·청소년의성보호에관한법률위반(알선영업행위등)","검거인원[명]","명","-","-","","","","-","-","-","-","-","-","-",
"아동·청소년의성보호에관한법률위반(알선영업행위등)","남자검거인원[명]","명","-","-","","","","-","-","-","-","-","-","-",
"아동·청소년의성보호에관한법률위반(알선영업행위등)","여자검거인원[명]","명","-","-","","","","-","-","-","-","-","-","-",
"아동·청소년의성보호에관한법률위반(알선영업행위등)","불상검거인원[명]","명","-","-","","","","-","-","-","-","-","-","-",
"아동·청소년의성보호에관한법률위반(알선영업행위등)","법인체[개]","개","","","","","","-","-","-","-","-","-","-",
"아동·청소년의성보호에관한법률위반(기타)","발생건수[건]","건","-","-","","","","-","-","-","-","-","-","-",
"아동·청소년의성보호에관한법률위반(기타)","검거건수[건]","건","-","-","","","","-","-","-","-","23","16","-",
"아동·청소년의성보호에관한법률위반(기타)","발생건수 대비 검거건수[%]","%","-","","","","","-","-","-","-","-","-","-",
"아동·청소년의성보호에관한법률위반(기타)","검거인원[명]","명","-","-","","","","-","-","-","-","22","25","-",
"아동·청소년의성보호에관한법률위반(기타)","남자검거인원[명]","명","-","-","","","","-","-","-","-","22","22","-",
"아동·청소년의성보호에관한법률위반(기타)","여자검거인원[명]","명","-","-","","","","-","-","-","-","-","-","-",
"아동·청소년의성보호에관한법률위반(기타)","불상검거인원[명]","명","-","-","","","","-","-","-","-","-","3","-",
"아동·청소년의성보호에관한법률위반(기타)","법인체[개]","개","","","","","","-","-","-","-","-","-","-",
"아동복지법","발생건수[건]","건","-","-","","","","","","","","","","",
"아동복지법","검거건수[건]","건","-","-","","","","","","","","","","",
"아동복지법","발생건수 대비 검거건수[%]","%","-","","","","","","","","","","","",
"아동복지법","검거인원[명]","명","-","-","","","","","","","","","","",
"아동복지법","남자검거인원[명]","명","-","-","","","","","","","","","","",
"아동복지법","여자검거인원[명]","명","-","-","","","","","","","","","","",
"아동복지법","불상검거인원[명]","명","-","-","","","","","","","","","","",
"아동복지법위반(무아동복지시설의 의무위반 등)","발생건수[건]","건","","","","","","-","-","-","-","-","-","-",
"아동복지법위반(무아동복지시설의 의무위반 등)","검거건수[건]","건","","","","","","-","-","-","-","-","-","-",
"아동복지법위반(무아동복지시설의 의무위반 등)","발생건수 대비 검거건수[%]","%","","","","","","-","-","-","-","-","-","-",
"아동복지법위반(무아동복지시설의 의무위반 등)","검거인원[명]","명","","","","","","-","-","-","-","-","-","-",
"아동복지법위반(무아동복지시설의 의무위반 등)","남자검거인원[명]","명","","","","","","-","-","-","-","-","-","-",
"아동복지법위반(무아동복지시설의 의무위반 등)","여자검거인원[명]","명","","","","","","-","-","-","-","-","-","-",
"아동복지법위반(무아동복지시설의 의무위반 등)","불상검거인원[명]","명","","","","","","-","-","-","-","-","-","-",
"아동복지법위반(무아동복지시설의 의무위반 등)","법인체[개]","개","","","","","","-","-","-","-","-","-","-",
"아동복지법위반(유기·학대 등)","발생건수[건]","건","","","","","","-","-","-","-","-","-","-",
"아동복지법위반(유기·학대 등)","검거건수[건]","건","","","","","","-","-","-","-","-","-","-",
"아동복지법위반(유기·학대 등)","발생건수 대비 검거건수[%]","%","","","","","","-","-","-","-","-","-","-",
"아동복지법위반(유기·학대 등)","검거인원[명]","명","","","","","","-","-","-","-","-","-","-",
"아동복지법위반(유기·학대 등)","남자검거인원[명]","명","","","","","","-","-","-","-","-","-","-",
"아동복지법위반(유기·학대 등)","여자검거인원[명]","명","","","","","","-","-","-","-","-","-","-",
"아동복지법위반(유기·학대 등)","불상검거인원[명]","명","","","","","","-","-","-","-","-","-","-",
"아동복지법위반(유기·학대 등)","법인체[개]","개","","","","","","-","-","-","-","-","-","-",
"아동복지법위반(기타)","발생건수[건]","건","","","","","","-","-","-","-","-","-","-",
"아동복지법위반(기타)","검거건수[건]","건","","","","","","-","-","-","-","-","-","-",
"아동복지법위반(기타)","발생건수 대비 검거건수[%]","%","","","","","","-","-","-","-","-","-","-",
"아동복지법위반(기타)","검거인원[명]","명","","","","","","-","-","-","-","-","-","-",
"아동복지법위반(기타)","남자검거인원[명]","명","","","","","","-","-","-","-","-","-","-",
"아동복지법위반(기타)","여자검거인원[명]","명","","","","","","-","-","-","-","-","-","-",
"아동복지법위반(기타)","불상검거인원[명]","명","","","","","","-","-","-","-","-","-","-",
"아동복지법위반(기타)","법인체[개]","개","","","","","","-","-","-","-","-","-","-",
"아동학대처벌법위반(비밀유지의무위반 등)","발생건수[건]","건","","","","","","-","-","-","-","-","-","-",
"아동학대처벌법위반(비밀유지의무위반 등)","검거건수[건]","건","","","","","","-","-","-","-","-","-","-",
"아동학대처벌법위반(비밀유지의무위반 등)","발생건수 대비 검거건수[%]","%","","","","","","-","-","-","-","-","-","-",
"아동학대처벌법위반(비밀유지의무위반 등)","검거인원[명]","명","","","","","","-","-","-","-","-","-","-",
"아동학대처벌법위반(비밀유지의무위반 등)","남자검거인원[명]","명","","","","","","-","-","-","-","-","-","-",
"아동학대처벌법위반(비밀유지의무위반 등)","여자검거인원[명]","명","","","","","","-","-","-","-","-","-","-",
"아동학대처벌법위반(비밀유지의무위반 등)","불상검거인원[명]","명","","","","","","-","-","-","-","-","-","-",
"아동학대처벌법위반(비밀유지의무위반 등)","법인체[개]","개","","","","","","-","-","-","-","-","-","-",
"아동학대처벌법위반(아동복지시설 종사자 등의 아동학대 가중처벌)","발생건수[건]","건","","","","","","-","-","-","-","-","-","-",
"아동학대처벌법위반(아동복지시설 종사자 등의 아동학대 가중처벌)","검거건수[건]","건","","","","","","-","-","-","-","-","-","-",
"아동학대처벌법위반(아동복지시설 종사자 등의 아동학대 가중처벌)","발생건수 대비 검거건수[%]","%","","","","","","-","-","-","-","-","-","-",
"아동학대처벌법위반(아동복지시설 종사자 등의 아동학대 가중처벌)","검거인원[명]","명","","","","","","-","-","-","-","-","-","-",
"아동학대처벌법위반(아동복지시설 종사자 등의 아동학대 가중처벌)","남자검거인원[명]","명","","","","","","-","-","-","-","-","-","-",
"아동학대처벌법위반(아동복지시설 종사자 등의 아동학대 가중처벌)","여자검거인원[명]","명","","","","","","-","-","-","-","-","-","-",
"아동학대처벌법위반(아동복지시설 종사자 등의 아동학대 가중처벌)","불상검거인원[명]","명","","","","","","-","-","-","-","-","-","-",
"아동학대처벌법위반(아동복지시설 종사자 등의 아동학대 가중처벌)","법인체[개]","개","","","","","","-","-","-","-","-","-","-",
"아동학대처벌법위반(업무수행 방해 등)","발생건수[건]","건","","","","","","-","-","-","-","-","-","-",
"아동학대처벌법위반(업무수행 방해 등)","검거건수[건]","건","","","","","","-","-","-","-","-","-","-",
"아동학대처벌법위반(업무수행 방해 등)","발생건수 대비 검거건수[%]","%","","","","","","-","-","-","-","-","-","-",
"아동학대처벌법위반(업무수행 방해 등)","검거인원[명]","명","","","","","","-","-","-","-","-","-","-",
"아동학대처벌법위반(업무수행 방해 등)","남자검거인원[명]","명","","","","","","-","-","-","-","-","-","-",
"아동학대처벌법위반(업무수행 방해 등)","여자검거인원[명]","명","","","","","","-","-","-","-","-","-","-",
"아동학대처벌법위반(업무수행 방해 등)","불상검거인원[명]","명","","","","","","-","-","-","-","-","-","-",
"아동학대처벌법위반(업무수행 방해 등)","법인체[개]","개","","","","","","-","-","-","-","-","-","-",
"아동학대처벌법위반(유기·학대 등)","발생건수[건]","건","","","","","","-","-","-","-","-","-","-",
"아동학대처벌법위반(유기·학대 등)","검거건수[건]","건","","","","","","-","-","-","-","-","-","-",
"아동학대처벌법위반(유기·학대 등)","발생건수 대비 검거건수[%]","%","","","","","","-","-","-","-","-","-","-",
"아동학대처벌법위반(유기·학대 등)","검거인원[명]","명","","","","","","-","-","-","-","-","-","-",
"아동학대처벌법위반(유기·학대 등)","남자검거인원[명]","명","","","","","","-","-","-","-","-","-","-",
"아동학대처벌법위반(유기·학대 등)","여자검거인원[명]","명","","","","","","-","-","-","-","-","-","-",
"아동학대처벌법위반(유기·학대 등)","불상검거인원[명]","명","","","","","","-","-","-","-","-","-","-",
"아동학대처벌법위반(유기·학대 등)","법인체[개]","개","","","","","","-","-","-","-","-","-","-",
"아동학대처벌법위반(처분 불이행 등)","발생건수[건]","건","","","","","","-","-","-","-","-","-","-",
"아동학대처벌법위반(처분 불이행 등)","검거건수[건]","건","","","","","","-","-","-","-","-","-","-",
"아동학대처벌법위반(처분 불이행 등)","발생건수 대비 검거건수[%]","%","","","","","","-","-","-","-","-","-","-",
"아동학대처벌법위반(처분 불이행 등)","검거인원[명]","명","","","","","","-","-","-","-","-","-","-",
"아동학대처벌법위반(처분 불이행 등)","남자검거인원[명]","명","","","","","","-","-","-","-","-","-","-",
"아동학대처벌법위반(처분 불이행 등)","여자검거인원[명]","명","","","","","","-","-","-","-","-","-","-",
"아동학대처벌법위반(처분 불이행 등)","불상검거인원[명]","명","","","","","","-","-","-","-","-","-","-",
"아동학대처벌법위반(처분 불이행 등)","법인체[개]","개","","","","","","-","-","-","-","-","-","-",
"아동학대처벌법위반(피해자 등에 대한 강요행위)","발생건수[건]","건","","","","","","-","-","-","-","-","-","-",
"아동학대처벌법위반(피해자 등에 대한 강요행위)","검거건수[건]","건","","","","","","-","-","-","-","-","-","-",
"아동학대처벌법위반(피해자 등에 대한 강요행위)","발생건수 대비 검거건수[%]","%","","","","","","-","-","-","-","-","-","-",
"아동학대처벌법위반(피해자 등에 대한 강요행위)","검거인원[명]","명","","","","","","-","-","-","-","-","-","-",
"아동학대처벌법위반(피해자 등에 대한 강요행위)","남자검거인원[명]","명","","","","","","-","-","-","-","-","-","-",
"아동학대처벌법위반(피해자 등에 대한 강요행위)","여자검거인원[명]","명","","","","","","-","-","-","-","-","-","-",
"아동학대처벌법위반(피해자 등에 대한 강요행위)","불상검거인원[명]","명","","","","","","-","-","-","-","-","-","-",
"아동학대처벌법위반(피해자 등에 대한 강요행위)","법인체[개]","개","","","","","","-","-","-","-","-","-","-",
"아동학대처벌법위반(기타)","발생건수[건]","건","","","","","","-","-","-","-","-","-","-",
"아동학대처벌법위반(기타)","검거건수[건]","건","","","","","","-","-","-","-","-","-","-",
"아동학대처벌법위반(기타)","발생건수 대비 검거건수[%]","%","","","","","","-","-","-","-","-","-","-",
"아동학대처벌법위반(기타)","검거인원[명]","명","","","","","","-","-","-","-","-","-","-",
"아동학대처벌법위반(기타)","남자검거인원[명]","명","","","","","","-","-","-","-","-","-","-",
"아동학대처벌법위반(기타)","여자검거인원[명]","명","","","","","","-","-","-","-","-","-","-",
"아동학대처벌법위반(기타)","불상검거인원[명]","명","","","","","","-","-","-","-","-","-","-",
"아동학대처벌법위반(기타)","법인체[개]","개","","","","","","-","-","-","-","-","-","-",
"액화석유가스의안전및사업관리법","발생건수[건]","건","-","-","","","","-","-","-","-","-","-","-",
"액화석유가스의안전및사업관리법","검거건수[건]","건","-","-","","","","-","-","-","-","-","-","-",
"액화석유가스의안전및사업관리법","발생건수 대비 검거건수[%]","%","-","","","","","-","-","-","-","-","-","-",
"액화석유가스의안전및사업관리법","검거인원[명]","명","-","-","","","","-","-","-","-","-","-","-",
"액화석유가스의안전및사업관리법","남자검거인원[명]","명","-","-","","","","-","-","-","-","-","-","-",
"액화석유가스의안전및사업관리법","여자검거인원[명]","명","-","-","","","","-","-","-","-","-","-","-",
"액화석유가스의안전및사업관리법","불상검거인원[명]","명","-","-","","","","-","-","-","-","-","-","-",
"액화석유가스의안전및사업관리법","법인체[개]","개","","","","","","-","-","-","-","-","-","-",
"양곡관리법","발생건수[건]","건","-","-","","","","-","-","-","-","-","-","-",
"양곡관리법","검거건수[건]","건","-","-","","","","-","-","-","-","-","-","-",
"양곡관리법","발생건수 대비 검거건수[%]","%","-","","","","","-","-","-","-","-","-","-",
"양곡관리법","검거인원[명]","명","-","-","","","","-","-","-","-","-","-","-",
"양곡관리법","남자검거인원[명]","명","-","-","","","","-","-","-","-","-","-","-",
"양곡관리법","여자검거인원[명]","명","-","-","","","","-","-","-","-","-","-","-",
"양곡관리법","불상검거인원[명]","명","-","-","","","","-","-","-","-","-","-","-",
"양곡관리법","법인체[개]","개","","","","","","-","-","-","-","-","-","-",
"여객자동차운수사업법","발생건수[건]","건","-","-","","","","-","-","-","-","-","-","-",
"여객자동차운수사업법","검거건수[건]","건","-","-","","","","-","-","-","-","-","-","-",
"여객자동차운수사업법","발생건수 대비 검거건수[%]","%","-","","","","","-","-","-","-","-","-","-",
"여객자동차운수사업법","검거인원[명]","명","-","-","","","","-","-","-","-","-","-","-",
"여객자동차운수사업법","남자검거인원[명]","명","-","-","","","","-","-","-","-","-","-","-",
"여객자동차운수사업법","여자검거인원[명]","명","-","-","","","","-","-","-","-","-","-","-",
"여객자동차운수사업법","불상검거인원[명]","명","-","-","","","","-","-","-","-","-","-","-",
"여객자동차운수사업법","법인체[개]","개","","","","","","-","-","-","-","-","-","-",
"여권법","발생건수[건]","건","-","-","","","","-","-","-","-","-","-","-",
"여권법","검거건수[건]","건","-","-","","","","-","-","-","-","-","-","-",
"여권법","발생건수 대비 검거건수[%]","%","-","","","","","-","-","-","-","-","-","-",
"여권법","검거인원[명]","명","-","-","","","","-","-","-","-","-","-","-",
"여권법","남자검거인원[명]","명","-","-","","","","-","-","-","-","-","-","-",
"여권법","여자검거인원[명]","명","-","-","","","","-","-","-","-","-","-","-",
"여권법","불상검거인원[명]","명","-","-","","","","-","-","-","-","-","-","-",
"여권법","법인체[개]","개","","","","","","-","-","-","-","-","-","-",
"영해및접속수역법","발생건수[건]","건","-","-","","","","-","-","-","-","-","-","-",
"영해및접속수역법","검거건수[건]","건","-","-","","","","-","-","-","-","-","-","-",
"영해및접속수역법","발생건수 대비 검거건수[%]","%","-","","","","","-","-","-","-","-","-","-",
"영해및접속수역법","검거인원[명]","명","-","-","","","","-","-","-","-","-","-","-",
"영해및접속수역법","남자검거인원[명]","명","-","-","","","","-","-","-","-","-","-","-",
"영해및접속수역법","여자검거인원[명]","명","-","-","","","","-","-","-","-","-","-","-",
"영해및접속수역법","불상검거인원[명]","명","-","-","","","","-","-","-","-","-","-","-",
"영해및접속수역법","법인체[개]","개","","","","","","-","-","-","-","-","-","-",
"영화및비디오물의진흥에관한법률","발생건수[건]","건","-","-","","","","-","-","-","-","-","-","-",
"영화및비디오물의진흥에관한법률","검거건수[건]","건","-","-","","","","-","-","-","-","-","-","-",
"영화및비디오물의진흥에관한법률","발생건수 대비 검거건수[%]","%","-","","","","","-","-","-","-","-","-","-",
"영화및비디오물의진흥에관한법률","검거인원[명]","명","-","-","","","","-","-","-","-","-","-","-",
"영화및비디오물의진흥에관한법률","남자검거인원[명]","명","-","-","","","","-","-","-","-","-","-","-",
"영화및비디오물의진흥에관한법률","여자검거인원[명]","명","-","-","","","","-","-","-","-","-","-","-",
"영화및비디오물의진흥에관한법률","불상검거인원[명]","명","-","-","","","","-","-","-","-","-","-","-",
"영화및비디오물의진흥에관한법률","법인체[개]","개","","","","","","-","-","-","-","-","-","-",
"옥외광고물법위반","발생건수[건]","건","-","-","","","","-","-","-","-","-","-","-",
"옥외광고물법위반","검거건수[건]","건","-","-","","","","-","-","-","-","-","-","-",
"옥외광고물법위반","발생건수 대비 검거건수[%]","%","-","","","","","-","-","-","-","-","-","-",
"옥외광고물법위반","검거인원[명]","명","-","-","","","","-","-","-","-","-","-","-",
"옥외광고물법위반","남자검거인원[명]","명","-","-","","","","-","-","-","-","-","-","-",
"옥외광고물법위반","여자검거인원[명]","명","-","-","","","","-","-","-","-","-","-","-",
"옥외광고물법위반","불상검거인원[명]","명","-","-","","","","-","-","-","-","-","-","-",
"옥외광고물법위반","법인체[개]","개","","","","","","-","-","-","-","-","-","-",
"위증죄","발생건수[건]","건","-","-","","","","-","-","-","-","-","-","-",
"위증죄","검거건수[건]","건","-","-","","","","-","-","-","-","-","-","-",
"위증죄","발생건수 대비 검거건수[%]","%","-","","","","","-","-","-","-","-","-","-",
"위증죄","검거인원[명]","명","-","-","","","","-","-","-","-","-","-","-",
"위증죄","남자검거인원[명]","명","-","-","","","","-","-","-","-","-","-","-",
"위증죄","여자검거인원[명]","명","-","-","","","","-","-","-","-","-","-","-",
"위증죄","불상검거인원[명]","명","-","-","","","","-","-","-","-","-","-","-",
"위증죄","법인체[개]","개","","","","","","-","-","-","-","-","-","-",
"위치정보의보호및이용등에관한법률","발생건수[건]","건","-","-","","","","-","-","-","-","-","-","-",
"위치정보의보호및이용등에관한법률","검거건수[건]","건","-","-","","","","-","-","-","-","-","-","-",
"위치정보의보호및이용등에관한법률","발생건수 대비 검거건수[%]","%","-","","","","","-","-","-","-","-","-","-",
"위치정보의보호및이용등에관한법률","검거인원[명]","명","-","-","","","","-","-","-","-","-","-","-",
"위치정보의보호및이용등에관한법률","남자검거인원[명]","명","-","-","","","","-","-","-","-","-","-","-",
"위치정보의보호및이용등에관한법률","여자검거인원[명]","명","-","-","","","","-","-","-","-","-","-","-",
"위치정보의보호및이용등에관한법률","불상검거인원[명]","명","-","-","","","","-","-","-","-","-","-","-",
"위치정보의보호및이용등에관한법률","법인체[개]","개","","","","","","-","-","-","-","-","-","-",
"유기와학대의죄","발생건수[건]","건","-","-","","","","-","-","-","-","-","-","-",
"유기와학대의죄","검거건수[건]","건","-","-","","","","-","-","-","-","-","-","-",
"유기와학대의죄","발생건수 대비 검거건수[%]","%","-","","","","","-","-","-","-","-","-","-",
"유기와학대의죄","검거인원[명]","명","-","-","","","","-","-","-","-","-","-","-",
"유기와학대의죄","남자검거인원[명]","명","-","-","","","","-","-","-","-","-","-","-",
"유기와학대의죄","여자검거인원[명]","명","-","-","","","","-","-","-","-","-","-","-",
"유기와학대의죄","불상검거인원[명]","명","-","-","","","","-","-","-","-","-","-","-",
"유기와학대의죄","법인체[개]","개","","","","","","-","-","-","-","-","-","-",
"유선및도선사업법","발생건수[건]","건","-","-","","","","-","-","-","-","-","-","-",
"유선및도선사업법","검거건수[건]","건","-","-","","","","-","-","-","-","-","-","-",
"유선및도선사업법","발생건수 대비 검거건수[%]","%","-","","","","","-","-","-","-","-","-","-",
"유선및도선사업법","검거인원[명]","명","-","-","","","","-","-","-","-","-","-","-",
"유선및도선사업법","남자검거인원[명]","명","-","-","","","","-","-","-","-","-","-","-",
"유선및도선사업법","여자검거인원[명]","명","-","-","","","","-","-","-","-","-","-","-",
"유선및도선사업법","불상검거인원[명]","명","-","-","","","","-","-","-","-","-","-","-",
"유선및도선사업법","법인체[개]","개","","","","","","-","-","-","-","-","-","-",
"음반·비디오물및게임물에관한법률","발생건수[건]","건","-","-","","","","-","-","-","-","-","","",
"음반·비디오물및게임물에관한법률","검거건수[건]","건","-","-","","","","-","-","-","-","-","","",
"음반·비디오물및게임물에관한법률","발생건수 대비 검거건수[%]","%","-","","","","","-","-","-","-","-","","",
"음반·비디오물및게임물에관한법률","검거인원[명]","명","-","-","","","","-","-","-","-","-","","",
"음반·비디오물및게임물에관한법률","남자검거인원[명]","명","-","-","","","","-","-","-","-","-","","",
"음반·비디오물및게임물에관한법률","여자검거인원[명]","명","-","-","","","","-","-","-","-","-","","",
"음반·비디오물및게임물에관한법률","불상검거인원[명]","명","-","-","","","","-","-","-","-","-","","",
"음반·비디오물및게임물에관한법률","법인체[개]","개","","","","","","-","-","-","-","-","","",
"음악산업진흥에관한법률","발생건수[건]","건","-","-","","","","-","-","-","-","-","-","-",
"음악산업진흥에관한법률","검거건수[건]","건","-","-","","","1","-","-","-","-","-","-","-",
"음악산업진흥에관한법률","발생건수 대비 검거건수[%]","%","-","","","","100","-","-","-","-","-","-","-",
"음악산업진흥에관한법률","검거인원[명]","명","-","-","","","","-","-","-","-","-","-","-",
"음악산업진흥에관한법률","남자검거인원[명]","명","-","-","","","","-","-","-","-","-","-","-",
"음악산업진흥에관한법률","여자검거인원[명]","명","-","-","","","","-","-","-","-","-","-","-",
"음악산업진흥에관한법률","불상검거인원[명]","명","-","-","","","","-","-","-","-","-","-","-",
"음악산업진흥에관한법률","법인체[개]","개","","","","","","-","-","-","-","-","-","-",
"인질강요·살해·상해","발생건수[건]","건","-","-","","","","-","-","-","-","-","-","-",
"인질강요·살해·상해","검거건수[건]","건","-","-","","","","-","-","-","-","-","-","-",
"인질강요·살해·상해","발생건수 대비 검거건수[%]","%","-","","","","","-","-","-","-","-","-","-",
"인질강요·살해·상해","검거인원[명]","명","-","-","","","","-","-","-","-","-","-","-",
"인질강요·살해·상해","남자검거인원[명]","명","-","-","","","","-","-","-","-","-","-","-",
"인질강요·살해·상해","여자검거인원[명]","명","-","-","","","","-","-","-","-","-","-","-",
"인질강요·살해·상해","불상검거인원[명]","명","-","-","","","","-","-","-","-","-","-","-",
"인질강요·살해·상해","법인체[개]","개","","","","","","-","-","-","-","-","-","-",
"일수와수리에관한죄","발생건수[건]","건","-","-","","","","-","-","-","-","-","-","-",
"일수와수리에관한죄","검거건수[건]","건","-","-","","","","-","-","-","-","-","-","-",
"일수와수리에관한죄","발생건수 대비 검거건수[%]","%","-","","","","","-","-","-","-","-","-","-",
"일수와수리에관한죄","검거인원[명]","명","-","-","","","","-","-","-","-","-","-","-",
"일수와수리에관한죄","남자검거인원[명]","명","-","-","","","","-","-","-","-","-","-","-",
"일수와수리에관한죄","여자검거인원[명]","명","-","-","","","","-","-","-","-","-","-","-",
"일수와수리에관한죄","불상검거인원[명]","명","-","-","","","","-","-","-","-","-","-","-",
"일수와수리에관한죄","법인체[개]","개","","","","","","-","-","-","-","-","-","-",
"자동차관리법","발생건수[건]","건","-","-","","","","-","-","-","-","-","-","-",
"자동차관리법","검거건수[건]","건","-","-","","","","-","-","-","-","-","-","-",
"자동차관리법","발생건수 대비 검거건수[%]","%","-","","","","","-","-","-","-","-","-","-",
"자동차관리법","검거인원[명]","명","-","-","","","","-","-","-","-","-","-","-",
"자동차관리법","남자검거인원[명]","명","-","-","","","","-","-","-","-","-","-","-",
"자동차관리법","여자검거인원[명]","명","-","-","","","","-","-","-","-","-","-","-",
"자동차관리법","불상검거인원[명]","명","-","-","","","","-","-","-","-","-","-","-",
"자동차관리법","법인체[개]","개","","","","","","-","-","-","-","-","-","-",
"자동차손해배상보장법","발생건수[건]","건","-","-","","","","-","-","-","-","-","-","-",
"자동차손해배상보장법","검거건수[건]","건","-","-","","","","-","-","-","-","-","-","-",
"자동차손해배상보장법","발생건수 대비 검거건수[%]","%","-","","","","","-","-","-","-","-","-","-",
"자동차손해배상보장법","검거인원[명]","명","-","-","","","","-","-","-","-","-","-","-",
"자동차손해배상보장법","남자검거인원[명]","명","-","-","","","","-","-","-","-","-","-","-",
"자동차손해배상보장법","여자검거인원[명]","명","-","-","","","","-","-","-","-","-","-","-",
"자동차손해배상보장법","불상검거인원[명]","명","-","-","","","","-","-","-","-","-","-","-",
"자동차손해배상보장법","법인체[개]","개","","","","","","-","-","-","-","-","-","-",
"자연공원법","발생건수[건]","건","-","-","","","","-","-","-","-","-","-","-",
"자연공원법","검거건수[건]","건","-","-","","","","-","-","-","-","-","-","-",
"자연공원법","발생건수 대비 검거건수[%]","%","-","","","","","-","-","-","-","-","-","-",
"자연공원법","검거인원[명]","명","-","-","","","","-","-","-","-","-","-","-",
"자연공원법","남자검거인원[명]","명","-","-","","","","-","-","-","-","-","-","-",
"자연공원법","여자검거인원[명]","명","-","-","","","","-","-","-","-","-","-","-",
"자연공원법","불상검거인원[명]","명","-","-","","","","-","-","-","-","-","-","-",
"자연공원법","법인체[개]","개","","","","","","-","-","-","-","-","-","-",
"장물에관한죄","발생건수[건]","건","-","-","","","","-","-","-","-","-","-","-",
"장물에관한죄","검거건수[건]","건","-","-","","","","-","-","-","-","-","-","-",
"장물에관한죄","발생건수 대비 검거건수[%]","%","-","","","","","-","-","-","-","-","-","-",
"장물에관한죄","검거인원[명]","명","-","-","","","","-","-","-","-","-","-","-",
"장물에관한죄","남자검거인원[명]","명","-","-","","","","-","-","-","-","-","-","-",
"장물에관한죄","여자검거인원[명]","명","-","-","","","","-","-","-","-","-","-","-",
"장물에관한죄","불상검거인원[명]","명","-","-","","","","-","-","-","-","-","-","-",
"장물에관한죄","법인체[개]","개","","","","","","-","-","-","-","-","-","-",
"장사등에관한법률","발생건수[건]","건","-","-","","","","-","-","-","-","-","-","-",
"장사등에관한법률","검거건수[건]","건","-","-","","","","-","-","-","-","-","-","-",
"장사등에관한법률","발생건수 대비 검거건수[%]","%","-","","","","","-","-","-","-","-","-","-",
"장사등에관한법률","검거인원[명]","명","-","-","","","","-","-","-","-","-","-","-",
"장사등에관한법률","남자검거인원[명]","명","-","-","","","","-","-","-","-","-","-","-",
"장사등에관한법률","여자검거인원[명]","명","-","-","","","","-","-","-","-","-","-","-",
"장사등에관한법률","불상검거인원[명]","명","-","-","","","","-","-","-","-","-","-","-",
"장사등에관한법률","법인체[개]","개","","","","","","-","-","-","-","-","-","-",
"재난및안전관리기본법","발생건수[건]","건","-","-","","","","-","-","-","-","-","-","-",
"재난및안전관리기본법","검거건수[건]","건","-","-","","","","-","-","-","-","-","-","-",
"재난및안전관리기본법","발생건수 대비 검거건수[%]","%","-","","","","","-","-","-","-","-","-","-",
"재난및안전관리기본법","검거인원[명]","명","-","-","","","","-","-","-","-","-","-","-",
"재난및안전관리기본법","남자검거인원[명]","명","-","-","","","","-","-","-","-","-","-","-",
"재난및안전관리기본법","여자검거인원[명]","명","-","-","","","","-","-","-","-","-","-","-",
"재난및안전관리기본법","불상검거인원[명]","명","-","-","","","","-","-","-","-","-","-","-",
"재난및안전관리기본법","법인체[개]","개","","","","","","-","-","-","-","-","-","-",
"전기통신기본법","발생건수[건]","건","-","-","","","","-","-","-","-","-","-","-",
"전기통신기본법","검거건수[건]","건","2","-","","","","-","-","1","-","1","1","1",
"전기통신기본법","발생건수 대비 검거건수[%]","%","200","","","","","-","-","-","-","-","-","-",
"전기통신기본법","검거인원[명]","명","2","-","","","","-","1","1","-","5","1","1",
"전기통신기본법","남자검거인원[명]","명","2","-","","","","-","1","1","-","4","1","1",
"전기통신기본법","여자검거인원[명]","명","-","-","","","","-","-","-","-","-","-","-",
"전기통신기본법","불상검거인원[명]","명","-","-","","","","-","-","-","-","1","-","-",
"전기통신기본법","법인체[개]","개","","","","","","-","-","1","-","-","-","-",
"전파법","발생건수[건]","건","-","-","","","","-","-","-","-","-","-","-",
"전파법","검거건수[건]","건","-","-","","","","-","-","-","-","-","-","-",
"전파법","발생건수 대비 검거건수[%]","%","-","","","","","-","-","-","-","-","-","-",
"전파법","검거인원[명]","명","-","-","","","","-","-","-","-","-","-","-",
"전파법","남자검거인원[명]","명","-","-","","","","-","-","-","-","-","-","-",
"전파법","여자검거인원[명]","명","-","-","","","","-","-","-","-","-","-","-",
"전파법","불상검거인원[명]","명","-","-","","","","-","-","-","-","-","-","-",
"전파법","법인체[개]","개","","","","","","-","-","-","-","-","-","-",
"정보통신망이용촉진및정보보호등에관한법률","발생건수[건]","건","-","-","","","","","","","","","","",
"정보통신망이용촉진및정보보호등에관한법률","검거건수[건]","건","4","12","2","","","","","","","","","",
"정보통신망이용촉진및정보보호등에관한법률","발생건수 대비 검거건수[%]","%","400","1200","200","","","","","","","","","",
"정보통신망이용촉진및정보보호등에관한법률","검거인원[명]","명","11","31","14","","","","","","","","","",
"정보통신망이용촉진및정보보호등에관한법률","남자검거인원[명]","명","9","25","6","","","","","","","","","",
"정보통신망이용촉진및정보보호등에관한법률","여자검거인원[명]","명","-","3","1","","","","","","","","","",
"정보통신망이용촉진및정보보호등에관한법률","불상검거인원[명]","명","2","3","7","","","","","","","","","",
"정보통신망이용촉진및정보보호등에관한법률","법인체[개]","개","","2","","","","","","","","","","",
"정보통신망이용촉진및정보보호등에관한법률위반(개인정보누설등)","발생건수[건]","건","","","","","","-","-","-","-","-","-","-",
"정보통신망이용촉진및정보보호등에관한법률위반(개인정보누설등)","검거건수[건]","건","","","","1","","-","-","-","-","-","-","-",
"정보통신망이용촉진및정보보호등에관한법률위반(개인정보누설등)","발생건수 대비 검거건수[%]","%","","","","100","","-","-","-","-","-","-","-",
"정보통신망이용촉진및정보보호등에관한법률위반(개인정보누설등)","검거인원[명]","명","","","","1","","-","-","-","-","-","-","1",
"정보통신망이용촉진및정보보호등에관한법률위반(개인정보누설등)","남자검거인원[명]","명","","","","1","","-","-","-","-","-","-","-",
"정보통신망이용촉진및정보보호등에관한법률위반(개인정보누설등)","여자검거인원[명]","명","","","","","","-","-","-","-","-","-","-",
"정보통신망이용촉진및정보보호등에관한법률위반(개인정보누설등)","불상검거인원[명]","명","","","","","","-","-","-","-","-","-","1",
"정보통신망이용촉진및정보보호등에관한법률위반(개인정보누설등)","법인체[개]","개","","","","","","-","-","-","-","-","-","1",
"정보통신망이용촉진및정보보호등에관한법률위반(명예훼손)","발생건수[건]","건","","","","","","-","-","-","-","-","-","-",
"정보통신망이용촉진및정보보호등에관한법률위반(명예훼손)","검거건수[건]","건","","","","2","1","","-","-","-","-","-","-",
"정보통신망이용촉진및정보보호등에관한법률위반(명예훼손)","발생건수 대비 검거건수[%]","%","","","","200","100","-","-","-","-","-","-","-",
"정보통신망이용촉진및정보보호등에관한법률위반(명예훼손)","검거인원[명]","명","","","","1","","","-","-","-","-","-","-",
"정보통신망이용촉진및정보보호등에관한법률위반(명예훼손)","남자검거인원[명]","명","","","","1","","","-","-","-","-","-","-",
"정보통신망이용촉진및정보보호등에관한법률위반(명예훼손)","여자검거인원[명]","명","","","","","","-","-","-","-","-","-","-",
"정보통신망이용촉진및정보보호등에관한법률위반(명예훼손)","불상검거인원[명]","명","","","","","","","-","-","-","-","-","-",
"정보통신망이용촉진및정보보호등에관한법률위반(명예훼손)","법인체[개]","개","","","","","","-","-","-","-","-","-","-",
"정보통신망이용촉진및정보보호등에관한법률위반(정보통신망침해등)","발생건수[건]","건","","","","","","-","-","-","-","-","-","-",
"정보통신망이용촉진및정보보호등에관한법률위반(정보통신망침해등)","검거건수[건]","건","","","","6","1","6","8","10","4","-","8","1",
"정보통신망이용촉진및정보보호등에관한법률위반(정보통신망침해등)","발생건수 대비 검거건수[%]","%","","","","600","100","-","-","-","-","-","-","-",
"정보통신망이용촉진및정보보호등에관한법률위반(정보통신망침해등)","검거인원[명]","명","","","","23","7","27","32","10","5","5","9","3",
"정보통신망이용촉진및정보보호등에관한법률위반(정보통신망침해등)","남자검거인원[명]","명","","","","19","4","20","21","9","4","5","7","1",
"정보통신망이용촉진및정보보호등에관한법률위반(정보통신망침해등)","여자검거인원[명]","명","","","","2","","-","-","-","-","-","-","-",
"정보통신망이용촉진및정보보호등에관한법률위반(정보통신망침해등)","불상검거인원[명]","명","","","","2","3","7","11","1","1","-","2","2",
"정보통신망이용촉진및정보보호등에관한법률위반(정보통신망침해등)","법인체[개]","개","","","","","","-","-","-","-","-","-","-",
"정보통신망이용촉진및정보보호등에관한법률위반(기타)","발생건수[건]","건","","","","","","-","-","-","-","-","-","-",
"정보통신망이용촉진및정보보호등에관한법률위반(기타)","검거건수[건]","건","","","","1","1","-","4","8","1","1","7","2",
"정보통신망이용촉진및정보보호등에관한법률위반(기타)","발생건수 대비 검거건수[%]","%","","","","100","100","-","-","-","-","-","-","-",
"정보통신망이용촉진및정보보호등에관한법률위반(기타)","검거인원[명]","명","","","","4","3","5","13","23","15","2","5","9",
"정보통신망이용촉진및정보보호등에관한법률위반(기타)","남자검거인원[명]","명","","","","2","1","1","5","15","9","1","5","8",
"정보통신망이용촉진및정보보호등에관한법률위반(기타)","여자검거인원[명]","명","","","","","","-","1","1","5","-","-","-",
"정보통신망이용촉진및정보보호등에관한법률위반(기타)","불상검거인원[명]","명","","","","2","2","4","7","7","1","1","-","1",
"정보통신망이용촉진및정보보호등에관한법률위반(기타)","법인체[개]","개","","","","","","-","1","2","-","-","-","-",
"정신건강복지법","발생건수[건]","건","","","","","","","-","-","-","-","-","-",
"정신건강복지법","검거건수[건]","건","","","","","","","-","-","-","-","-","-",
"정신건강복지법","발생건수 대비 검거건수[%]","%","","","","","","","-","-","-","-","-","-",
"정신건강복지법","검거인원[명]","명","","","","","","","-","-","-","-","-","-",
"정신건강복지법","남자검거인원[명]","명","","","","","","","-","-","-","-","-","-",
"정신건강복지법","여자검거인원[명]","명","","","","","","","-","-","-","-","-","-",
"정신건강복지법","불상검거인원[명]","명","","","","","","","-","-","-","-","-","-",
"정신건강복지법","법인체[개]","개","","","","","","","-","-","-","-","-","-",
"주거침입의죄","발생건수[건]","건","-","-","","","","-","-","-","-","-","-","-",
"주거침입의죄","검거건수[건]","건","-","-","","","","-","-","-","-","-","-","-",
"주거침입의죄","발생건수 대비 검거건수[%]","%","-","","","","","-","-","-","-","-","-","-",
"주거침입의죄","검거인원[명]","명","-","-","","","","-","-","-","-","-","-","-",
"주거침입의죄","남자검거인원[명]","명","-","-","","","","-","-","-","-","-","-","-",
"주거침입의죄","여자검거인원[명]","명","-","-","","","","-","-","-","-","-","-","-",
"주거침입의죄","불상검거인원[명]","명","-","-","","","","-","-","-","-","-","-","-",
"주거침입의죄","법인체[개]","개","","","","","","-","-","-","-","-","-","-",
"주민등록법","발생건수[건]","건","-","-","","","","-","-","-","-","-","-","-",
"주민등록법","검거건수[건]","건","-","-","","","","-","-","-","-","-","-","-",
"주민등록법","발생건수 대비 검거건수[%]","%","-","","","","","-","-","-","-","-","-","-",
"주민등록법","검거인원[명]","명","-","-","","","1","-","-","-","-","-","-","-",
"주민등록법","남자검거인원[명]","명","-","-","","","","-","-","-","-","-","-","-",
"주민등록법","여자검거인원[명]","명","-","-","","","","-","-","-","-","-","-","-",
"주민등록법","불상검거인원[명]","명","-","-","","","1","-","-","-","-","-","-","-",
"주민등록법","법인체[개]","개","","","","","","-","-","-","-","-","-","-",
"주차장법","발생건수[건]","건","-","-","","","","-","-","-","-","-","-","-",
"주차장법","검거건수[건]","건","-","-","","","","-","-","-","-","-","-","-",
"주차장법","발생건수 대비 검거건수[%]","%","-","","","","","-","-","-","-","-","-","-",
"주차장법","검거인원[명]","명","-","-","","","","-","-","-","-","-","-","-",
"주차장법","남자검거인원[명]","명","-","-","","","","-","-","-","-","-","-","-",
"주차장법","여자검거인원[명]","명","-","-","","","","-","-","-","-","-","-","-",
"주차장법","불상검거인원[명]","명","-","-","","","","-","-","-","-","-","-","-",
"주차장법","법인체[개]","개","","","","","","-","-","-","-","-","-","-",
"주택건설촉진법","발생건수[건]","건","-","-","","","","","","","","","","",
"주택건설촉진법","검거건수[건]","건","-","-","","","","","","","","","","",
"주택건설촉진법","발생건수 대비 검거건수[%]","%","-","","","","","","","","","","","",
"주택건설촉진법","검거인원[명]","명","-","-","","","","","","","","","","",
"주택건설촉진법","남자검거인원[명]","명","-","-","","","","","","","","","","",
"주택건설촉진법","여자검거인원[명]","명","-","-","","","","","","","","","","",
"주택건설촉진법","불상검거인원[명]","명","-","-","","","","","","","","","","",
"집회및시위에관한법률","발생건수[건]","건","-","-","","","","-","-","-","-","-","-","-",
"집회및시위에관한법률","검거건수[건]","건","-","-","","","","-","-","-","-","-","-","-",
"집회및시위에관한법률","발생건수 대비 검거건수[%]","%","-","","","","","-","-","-","-","-","-","-",
"집회및시위에관한법률","검거인원[명]","명","-","-","","","","-","-","-","-","-","-","-",
"집회및시위에관한법률","남자검거인원[명]","명","-","-","","","","-","-","-","-","-","-","-",
"집회및시위에관한법률","여자검거인원[명]","명","-","-","","","","-","-","-","-","-","-","-",
"집회및시위에관한법률","불상검거인원[명]","명","-","-","","","","-","-","-","-","-","-","-",
"집회및시위에관한법률","법인체[개]","개","","","","","","-","-","-","-","-","-","-",
"채무자회생및파산에관한법률위반","발생건수[건]","건","-","-","","","","-","-","-","-","-","-","-",
"채무자회생및파산에관한법률위반","검거건수[건]","건","-","-","","","","-","-","-","-","-","-","-",
"채무자회생및파산에관한법률위반","발생건수 대비 검거건수[%]","%","-","","","","","-","-","-","-","-","-","-",
"채무자회생및파산에관한법률위반","검거인원[명]","명","-","-","","","","-","-","-","-","-","-","-",
"채무자회생및파산에관한법률위반","남자검거인원[명]","명","-","-","","","","-","-","-","-","-","-","-",
"채무자회생및파산에관한법률위반","여자검거인원[명]","명","-","-","","","","-","-","-","-","-","-","-",
"채무자회생및파산에관한법률위반","불상검거인원[명]","명","-","-","","","","-","-","-","-","-","-","-",
"채무자회생및파산에관한법률위반","법인체[개]","개","","","","","","-","-","-","-","-","-","-",
"철도안전법","발생건수[건]","건","-","-","","","","-","-","-","-","-","-","-",
"철도안전법","검거건수[건]","건","-","-","","","","","-","-","-","-","-","-",
"철도안전법","발생건수 대비 검거건수[%]","%","-","","","","","-","-","-","-","-","-","-",
"철도안전법","검거인원[명]","명","-","-","","","","","-","-","-","-","-","-",
"철도안전법","남자검거인원[명]","명","-","-","","","","","-","-","-","-","-","-",
"철도안전법","여자검거인원[명]","명","-","-","","","","-","-","-","-","-","-","-",
"철도안전법","불상검거인원[명]","명","-","-","","","","-","-","-","-","-","-","-",
"철도안전법","법인체[개]","개","","","","","","-","-","-","-","-","-","-",
"청소년보호법","발생건수[건]","건","-","-","","","","-","-","-","-","-","-","-",
"청소년보호법","검거건수[건]","건","-","-","","","","-","-","-","-","-","-","-",
"청소년보호법","발생건수 대비 검거건수[%]","%","-","","","","","-","-","-","-","-","-","-",
"청소년보호법","검거인원[명]","명","-","-","","","","-","-","-","-","-","-","-",
"청소년보호법","남자검거인원[명]","명","-","-","","","","-","-","-","-","-","-","-",
"청소년보호법","여자검거인원[명]","명","-","-","","","","-","-","-","-","-","-","-",
"청소년보호법","불상검거인원[명]","명","-","-","","","","-","-","-","-","-","-","-",
"청소년보호법","법인체[개]","개","","","","","","-","-","-","-","-","-","-",
"총포·도검·화약류등의안전관리에관한법률","발생건수[건]","건","-","-","","","","-","-","-","-","-","-","-",
"총포·도검·화약류등의안전관리에관한법률","검거건수[건]","건","-","-","","","1","1","-","-","-","-","-","-",
"총포·도검·화약류등의안전관리에관한법률","발생건수 대비 검거건수[%]","%","-","","","","100","-","-","-","-","-","-","-",
"총포·도검·화약류등의안전관리에관한법률","검거인원[명]","명","-","-","","","1","1","-","-","-","-","-","-",
"총포·도검·화약류등의안전관리에관한법률","남자검거인원[명]","명","-","-","","","1","1","-","-","-","-","-","-",
"총포·도검·화약류등의안전관리에관한법률","여자검거인원[명]","명","-","-","","","","-","-","-","-","-","-","-",
"총포·도검·화약류등의안전관리에관한법률","불상검거인원[명]","명","-","-","","","","-","-","-","-","-","-","-",
"총포·도검·화약류등의안전관리에관한법률","법인체[개]","개","","1","","","","-","-","-","-","-","-","-",
"축산물위생관리법","발생건수[건]","건","-","-","","","","-","-","-","-","-","-","-",
"축산물위생관리법","검거건수[건]","건","-","-","","","","-","-","-","-","-","-","-",
"축산물위생관리법","발생건수 대비 검거건수[%]","%","-","","","","","-","-","-","-","-","-","-",
"축산물위생관리법","검거인원[명]","명","-","-","","","","-","-","-","-","-","-","-",
"축산물위생관리법","남자검거인원[명]","명","-","-","","","","-","-","-","-","-","-","-",
"축산물위생관리법","여자검거인원[명]","명","-","-","","","","-","-","-","-","-","-","-",
"축산물위생관리법","불상검거인원[명]","명","-","-","","","","-","-","-","-","-","-","-",
"축산물위생관리법","법인체[개]","개","","","","","","-","-","-","-","-","-","-",
"출입국관리법","발생건수[건]","건","-","-","","","","-","-","-","-","-","-","-",
"출입국관리법","검거건수[건]","건","-","-","","","","1","-","-","-","-","-","-",
"출입국관리법","발생건수 대비 검거건수[%]","%","-","","","","","-","-","-","-","-","-","-",
"출입국관리법","검거인원[명]","명","-","-","","","","1","1","-","-","-","-","-",
"출입국관리법","남자검거인원[명]","명","-","-","","","","1","1","-","-","-","-","-",
"출입국관리법","여자검거인원[명]","명","-","-","","","","-","-","-","-","-","-","-",
"출입국관리법","불상검거인원[명]","명","-","-","","","","-","-","-","-","-","-","-",
"출입국관리법","법인체[개]","개","","","","","","-","-","-","-","-","-","-",
"통신비밀보호법","발생건수[건]","건","-","-","","","","-","-","-","-","-","-","-",
"통신비밀보호법","검거건수[건]","건","1","-","2","12","1","-","-","1","-","-","-","-",
"통신비밀보호법","발생건수 대비 검거건수[%]","%","100","","200","1200","100","-","-","-","-","-","-","-",
"통신비밀보호법","검거인원[명]","명","3","13","7","73","1","-","-","3","-","-","-","-",
"통신비밀보호법","남자검거인원[명]","명","2","3","6","30","1","-","-","3","-","-","-","-",
"통신비밀보호법","여자검거인원[명]","명","-","10","1","42","","-","-","-","-","-","-","-",
"통신비밀보호법","불상검거인원[명]","명","1","-","","1","","-","-","-","-","-","-","-",
"통신비밀보호법","법인체[개]","개","","","","","","-","-","-","-","-","-","-",
"특가법(무고)","발생건수[건]","건","-","-","","","","-","-","-","-","-","-","-",
"특가법(무고)","검거건수[건]","건","-","-","","","","-","-","-","-","-","-","1",
"특가법(무고)","발생건수 대비 검거건수[%]","%","-","","","","","-","-","-","-","-","-","-",
"특가법(무고)","검거인원[명]","명","-","-","","","","-","-","-","-","-","-","1",
"특가법(무고)","남자검거인원[명]","명","-","-","","","","-","-","-","-","-","-","1",
"특가법(무고)","여자검거인원[명]","명","-","-","","","","-","-","-","-","-","-","-",
"특가법(무고)","불상검거인원[명]","명","-","-","","","","-","-","-","-","-","-","-",
"특가법(무고)","법인체[개]","개","","","","","","-","-","-","-","-","-","-",
"특가법(장물)","발생건수[건]","건","-","-","","","","-","-","-","-","-","-","-",
"특가법(장물)","검거건수[건]","건","-","-","","","","-","-","-","-","-","-","-",
"특가법(장물)","발생건수 대비 검거건수[%]","%","-","","","","","-","-","-","-","-","-","-",
"특가법(장물)","검거인원[명]","명","-","-","","","","-","-","-","-","-","-","-",
"특가법(장물)","남자검거인원[명]","명","-","-","","","","-","-","-","-","-","-","-",
"특가법(장물)","여자검거인원[명]","명","-","-","","","","-","-","-","-","-","-","-",
"특가법(장물)","불상검거인원[명]","명","-","-","","","","-","-","-","-","-","-","-",
"특가법(장물)","법인체[개]","개","","","","","","-","-","-","-","-","-","-",
"특경법(보고의무)","발생건수[건]","건","-","-","","","","-","-","-","-","-","-","-",
"특경법(보고의무)","검거건수[건]","건","-","-","","","","-","-","-","-","-","-","-",
"특경법(보고의무)","발생건수 대비 검거건수[%]","%","-","","","","","-","-","-","-","-","-","-",
"특경법(보고의무)","검거인원[명]","명","-","-","","","","-","-","-","-","-","-","-",
"특경법(보고의무)","남자검거인원[명]","명","-","-","","","","-","-","-","-","-","-","-",
"특경법(보고의무)","여자검거인원[명]","명","-","-","","","","-","-","-","-","-","-","-",
"특경법(보고의무)","불상검거인원[명]","명","-","-","","","","-","-","-","-","-","-","-",
"특경법(보고의무)","법인체[개]","개","","","","","","-","-","-","-","-","-","-",
"폭력행위등처벌에관한법률위반(기타)","발생건수[건]","건","-","-","","","","-","-","-","-","-","-","-",
"폭력행위등처벌에관한법률위반(기타)","검거건수[건]","건","-","-","","","","-","-","-","-","-","-","-",
"폭력행위등처벌에관한법률위반(기타)","발생건수 대비 검거건수[%]","%","-","","","","","-","-","-","-","-","-","-",
"폭력행위등처벌에관한법률위반(기타)","검거인원[명]","명","-","-","","","","-","-","-","-","-","-","-",
"폭력행위등처벌에관한법률위반(기타)","남자검거인원[명]","명","-","-","","","","-","-","-","-","-","-","-",
"폭력행위등처벌에관한법률위반(기타)","여자검거인원[명]","명","-","-","","","","-","-","-","-","-","-","-",
"폭력행위등처벌에관한법률위반(기타)","불상검거인원[명]","명","-","-","","","","-","-","-","-","-","-","-",
"폭력행위등처벌에관한법률위반(기타)","법인체[개]","개","","","","","","-","-","-","-","-","-","-",
"하수도법","발생건수[건]","건","-","-","","","","-","-","-","-","-","-","-",
"하수도법","검거건수[건]","건","-","-","","","","-","-","-","-","-","-","-",
"하수도법","발생건수 대비 검거건수[%]","%","-","","","","","-","-","-","-","-","-","-",
"하수도법","검거인원[명]","명","-","-","","","","-","-","-","-","-","-","-",
"하수도법","남자검거인원[명]","명","-","-","","","","-","-","-","-","-","-","-",
"하수도법","여자검거인원[명]","명","-","-","","","","-","-","-","-","-","-","-",
"하수도법","불상검거인원[명]","명","-","-","","","","-","-","-","-","-","-","-",
"하수도법","법인체[개]","개","","","","","","-","-","-","-","-","-","-",
"하천법","발생건수[건]","건","-","-","","","","-","-","-","-","-","-","-",
"하천법","검거건수[건]","건","-","-","","","","-","-","-","-","-","-","-",
"하천법","발생건수 대비 검거건수[%]","%","-","","","","","-","-","-","-","-","-","-",
"하천법","검거인원[명]","명","-","-","","","","-","-","-","-","-","-","-",
"하천법","남자검거인원[명]","명","-","-","","","","-","-","-","-","-","-","-",
"하천법","여자검거인원[명]","명","-","-","","","","-","-","-","-","-","-","-",
"하천법","불상검거인원[명]","명","-","-","","","","-","-","-","-","-","-","-",
"하천법","법인체[개]","개","","","","","","-","-","-","-","-","-","-",
"학원의설립·운영및과외교섭에관한법률","발생건수[건]","건","-","-","","","","-","-","-","-","-","-","-",
"학원의설립·운영및과외교섭에관한법률","검거건수[건]","건","-","-","","","","","-","1","-","-","-","-",
"학원의설립·운영및과외교섭에관한법률","발생건수 대비 검거건수[%]","%","-","","","","","-","-","-","-","-","-","-",
"학원의설립·운영및과외교섭에관한법률","검거인원[명]","명","-","-","","","","","-","5","-","-","-","-",
"학원의설립·운영및과외교섭에관한법률","남자검거인원[명]","명","-","-","","","","","-","5","-","-","-","-",
"학원의설립·운영및과외교섭에관한법률","여자검거인원[명]","명","-","-","","","","","-","-","-","-","-","-",
"학원의설립·운영및과외교섭에관한법률","불상검거인원[명]","명","-","-","","","","-","-","-","-","-","-","-",
"학원의설립·운영및과외교섭에관한법률","법인체[개]","개","","","","","","-","-","-","-","-","-","-",
"항만운송사업법","발생건수[건]","건","-","-","","","","-","-","-","-","-","-","-",
"항만운송사업법","검거건수[건]","건","-","-","","","","-","-","-","-","-","-","-",
"항만운송사업법","발생건수 대비 검거건수[%]","%","-","","","","","-","-","-","-","-","-","-",
"항만운송사업법","검거인원[명]","명","-","-","","","","-","-","-","-","-","-","-",
"항만운송사업법","남자검거인원[명]","명","-","-","","","","-","-","-","-","-","-","-",
"항만운송사업법","여자검거인원[명]","명","-","-","","","","-","-","-","-","-","-","-",
"항만운송사업법","불상검거인원[명]","명","-","-","","","","-","-","-","-","-","-","-",
"항만운송사업법","법인체[개]","개","","","","","","-","-","-","-","-","-","-",
"허위감정,증거인멸·은닉,증인은닉죄","발생건수[건]","건","-","-","","","","-","-","-","-","-","-","-",
"허위감정,증거인멸·은닉,증인은닉죄","검거건수[건]","건","-","-","","","","2","-","-","-","1","-","1",
"허위감정,증거인멸·은닉,증인은닉죄","발생건수 대비 검거건수[%]","%","-","","","","","-","-","-","-","-","-","-",
"허위감정,증거인멸·은닉,증인은닉죄","검거인원[명]","명","-","-","","","","2","-","-","-","2","-","4",
"허위감정,증거인멸·은닉,증인은닉죄","남자검거인원[명]","명","-","-","","","","1","-","-","-","2","-","4",
"허위감정,증거인멸·은닉,증인은닉죄","여자검거인원[명]","명","-","-","","","","1","-","-","-","-","-","-",
"허위감정,증거인멸·은닉,증인은닉죄","불상검거인원[명]","명","-","-","","","","-","-","-","-","-","-","-",
"허위감정,증거인멸·은닉,증인은닉죄","법인체[개]","개","","","","","","-","-","-","-","-","-","-",
"형사소송법","발생건수[건]","건","-","-","","","","-","-","-","-","-","-","-",
"형사소송법","검거건수[건]","건","-","-","","","","-","-","-","-","-","-","-",
"형사소송법","발생건수 대비 검거건수[%]","%","-","","","","","-","-","-","-","-","-","-",
"형사소송법","검거인원[명]","명","-","-","","","","-","-","-","-","-","-","-",
"형사소송법","남자검거인원[명]","명","-","-","","","","-","-","-","-","-","-","-",
"형사소송법","여자검거인원[명]","명","-","-","","","","-","-","-","-","-","-","-",
"형사소송법","불상검거인원[명]","명","-","-","","","","-","-","-","-","-","-","-",
"형사소송법","법인체[개]","개","","","","","","-","-","-","-","-","-","-",
"형의실효등에관한법률","발생건수[건]","건","-","-","","","","-","-","-","-","-","-","-",
"형의실효등에관한법률","검거건수[건]","건","-","-","","","","","-","-","-","-","-","-",
"형의실효등에관한법률","발생건수 대비 검거건수[%]","%","-","","","","","-","-","-","-","-","-","-",
"형의실효등에관한법률","검거인원[명]","명","-","-","","","","","-","-","-","-","-","-",
"형의실효등에관한법률","남자검거인원[명]","명","-","-","","","","","-","-","-","-","-","-",
"형의실효등에관한법률","여자검거인원[명]","명","-","-","","","","","-","-","-","-","-","-",
"형의실효등에관한법률","불상검거인원[명]","명","-","-","","","","-","-","-","-","-","-","-",
"형의실효등에관한법률","법인체[개]","개","","","","","","","-","-","-","-","-","-",
"화물자동차운수사업법","발생건수[건]","건","-","-","","","","-","-","-","-","-","-","-",
"화물자동차운수사업법","검거건수[건]","건","-","-","","","","-","-","-","-","-","-","-",
"화물자동차운수사업법","발생건수 대비 검거건수[%]","%","-","","","","","-","-","-","-","-","-","-",
"화물자동차운수사업법","검거인원[명]","명","-","-","","","","-","-","-","-","-","-","-",
"화물자동차운수사업법","남자검거인원[명]","명","-","-","","","","-","-","-","-","-","-","-",
"화물자동차운수사업법","여자검거인원[명]","명","-","-","","","","-","-","-","-","-","-","-",
"화물자동차운수사업법","불상검거인원[명]","명","-","-","","","","-","-","-","-","-","-","-",
"화물자동차운수사업법","법인체[개]","개","","","","","","-","-","-","-","-","-","-",
"기타","발생건수[건]","건","-","-","","","","","-","-","-","-","-","-",
"기타","검거건수[건]","건","8","2","5","5","6","5","-","2","-","14","6","3",
"기타","발생건수 대비 검거건수[%]","%","800","200","500","500","600","","-","-","-","-","-","-",
"기타","검거인원[명]","명","22","9","9","52","40","22","3","18","1","35","14","3",
"기타","남자검거인원[명]","명","21","7","9","50","31","21","-","18","1","33","8","3",
"기타","여자검거인원[명]","명","1","1","","2","9","1","1","-","-","2","6","-",
"기타","불상검거인원[명]","명","-","1","","","","","2","-","-","-","-","-",
"기타","법인체[개]","개","","3","1","6","1","3","-","1","-","22","-","-",
