"범죄별","검거단서별","항목","단위","2006 년","2007 년","2008 년","2009 년","2010 년","2011 년","2012 년","2013 년","2014 년","2015 년","2016 년","2017 년","2018 년","2019 년","2020 년","2021 년","2022 년","2023 년","2024 년",
"합계","계","범죄의 검거 단서[건]","건","1569547","1720000","1914469","1933566","1620942","1496334","1496304","1543930","1518792","1638549","1691370","1556963","1466406","1479904","1399428","1228452","1219006","1272642","1363515",
"합계","현행범","범죄의 검거 단서[건]","건","463093","518220","568288","443071","289175","185478","160043","153829","149562","149616","144508","120745","99386","87093","67099","50890","55683","61120","54476",
"합계","피해자신고","범죄의 검거 단서[건]","건","284414","302726","331164","382923","354536","373499","403330","413991","431089","473495","489374","476766","464272","489041","475063","423638","392203","394984","390860",
"합계","고소","범죄의 검거 단서[건]","건","232701","216971","252621","254432","195925","201482","211365","211920","205702","218398","210767","196981","211890","213458","210319","176941","185471","224965","300056",
"합계","고발","범죄의 검거 단서[건]","건","116322","115782","113523","110373","91911","62090","65774","72893","67401","61976","58917","56751","56821","56086","49212","44175","47868","50842","54275",
"합계","자수","범죄의 검거 단서[건]","건","25063","20681","24483","29671","26320","20341","20052","19536","18235","17599","15898","15334","15264","13514","13905","9865","7278","7492","7338",
"합계","민간체포","범죄의 검거 단서[건]","건","889","976","817","754","911","817","795","696","644","445","355","281","231","311","251","271","205","235","232",
"합계","진정투서","범죄의 검거 단서[건]","건","19842","21854","26481","29662","29506","35931","36854","44419","56033","78007","84453","82823","89341","98354","106349","85262","93890","87973","102531",
"합계","타인신고","범죄의 검거 단서[건]","건","80023","87194","93452","97845","102050","101070","105671","108497","105318","116767","112226","110525","120497","126321","133367","124094","129624","136887","126794",
"합계","신문","범죄의 검거 단서[건]","건","6701","7050","7227","7730","5263","2907","3417","3208","3349","3869","4150","4307","3491","3118","2834","3202","3527","4492","5323",
"합계","불심검문","범죄의 검거 단서[건]","건","117179","173130","217658","190011","185092","163535","159384","185884","164139","175757","225983","177363","103302","79981","59552","50169","51070","54786","58120",
"합계","탐문정보","범죄의 검거 단서[건]","건","88668","113921","110789","170283","116510","96830","81189","86844","73942","84623","79795","72259","60879","58558","49967","50007","56200","51044","50101",
"합계","안면식별","범죄의 검거 단서[건]","건","233","193","194","260","304","231","265","310","259","339","300","237","292","256","183","166","208","211","157",
"합계","감식자료","범죄의 검거 단서[건]","건","860","1068","980","1228","1898","1201","1093","1156","1096","1051","831","799","539","772","441","441","406","433","301",
"합계","변사체","범죄의 검거 단서[건]","건","714","792","769","813","738","572","644","664","591","527","551","587","601","520","470","405","404","356","299",
"합계","범죄수법","범죄의 검거 단서[건]","건","664","922","724","1617","1403","988","823","1039","1042","1094","775","818","599","554","373","303","426","337","544",
"합계","발자국","범죄의 검거 단서[건]","건","39","40","81","40","96","201","71","57","27","102","77","29","23","13","6","3","20","13","3",
"합계","검사지휘","범죄의 검거 단서[건]","건","1562","1238","1359","1786","3853","1605","1779","1746","1688","1884","1862","1513","2241","2390","3234","596","184","128","129",
"합계","타기관에서 이송","범죄의 검거 단서[건]","건","2214","1897","2131","1976","2207","1162","935","1600","1277","1043","3143","982","1270","1702","1425","1851","2146","1795","1957",
"합계","범행도구등 발견","범죄의 검거 단서[건]","건","458","748","707","952","442","324","514","381","324","309","250","344","161","164","136","177","167","658","259",
"합계","장물","범죄의 검거 단서[건]","건","2047","2282","1698","3465","2548","1525","1222","1833","1233","1085","751","1031","697","402","336","174","159","386","204",
"합계","전과조회","범죄의 검거 단서[건]","건","352","347","449","477","229","111","104","94","93","110","137","75","82","122","111","99","87","150","204",
"합계","기타","범죄의 검거 단서[건]","건","125509","131968","158874","204197","210025","244434","240980","233333","147250","250453","256267","236413","234527","247174","224795","205723","191780","193355","209352",
"합계","미상","범죄의 검거 단서[건]","건","","","","","","","","","88498","","","","","","","","","","",
"형법범","계","범죄의 검거 단서[건]","건","640296","667959","709117","836099","710146","678817","684832","696449","705861","784441","789278","752903","757922","791397","767742","651055","690847","721603","783374",
"형법범","현행범","범죄의 검거 단서[건]","건","178829","189513","192662","195806","144450","126258","132022","128749","128511","129298","121151","103277","83047","72385","55662","40612","42922","46124","40442",
"형법범","피해자신고","범죄의 검거 단서[건]","건","113761","128320","152264","191478","175747","192936","209128","219376","228849","255610","277470","286056","293534","320321","314183","283304","301782","308997","305115",
"형법범","고소","범죄의 검거 단서[건]","건","211408","191590","184827","194523","169468","173138","179454","181434","178417","189235","183721","173442","187343","188374","184773","151532","157062","184502","230681",
"형법범","고발","범죄의 검거 단서[건]","건","4060","4370","4925","5225","4668","4650","4135","4950","3876","4222","3886","4183","4738","5423","5893","5371","5622","7141","8777",
"형법범","자수","범죄의 검거 단서[건]","건","7410","3654","3490","2703","2031","1916","1492","1600","1413","1420","1386","1436","1544","1526","1752","1946","2102","2138","2180",
"형법범","민간체포","범죄의 검거 단서[건]","건","663","771","639","616","723","676","688","602","585","392","310","252","208","280","231","253","185","207","215",
"형법범","진정투서","범죄의 검거 단서[건]","건","7934","10445","15355","17731","19502","26488","27550","34283","43428","63912","70549","69227","75128","83032","91231","69737","76101","68717","85366",
"형법범","타인신고","범죄의 검거 단서[건]","건","16957","17567","18221","17238","19566","18975","18045","17648","17194","19547","22582","22499","25454","27926","25571","23603","25442","25864","23939",
"형법범","신문","범죄의 검거 단서[건]","건","2315","3175","4135","3710","2641","895","577","818","855","1270","798","662","638","862","699","816","888","1664","2047",
"형법범","불심검문","범죄의 검거 단서[건]","건","11203","12005","13524","18093","11240","4679","3498","4182","2360","2577","2125","1767","1288","1053","932","588","619","1008","1166",
"형법범","탐문정보","범죄의 검거 단서[건]","건","45871","64552","66449","109244","82764","62719","47238","51367","48950","55277","46696","37922","33807","33335","33377","28070","29652","25629","27145",
"형법범","안면식별","범죄의 검거 단서[건]","건","163","154","174","219","278","206","243","292","253","326","276","227","282","245","172","160","198","202","151",
"형법범","감식자료","범죄의 검거 단서[건]","건","802","1014","911","1141","1794","1100","1023","1066","997","966","759","744","503","518","397","370","349","351","233",
"형법범","변사체","범죄의 검거 단서[건]","건","644","714","679","733","670","500","570","599","543","488","515","526","551","477","442","375","361","330","260",
"형법범","범죄수법","범죄의 검거 단서[건]","건","649","888","679","1572","1368","949","800","994","994","1050","700","757","523","499","270","257","346","299","484",
"형법범","발자국","범죄의 검거 단서[건]","건","36","35","80","37","94","200","71","55","25","102","72","27","22","10","4","2","19","13","1",
"형법범","검사지휘","범죄의 검거 단서[건]","건","950","622","711","930","2241","942","1074","1162","1170","1221","1111","954","1517","1678","2476","368","88","55","55",
"형법범","타기관에서 이송","범죄의 검거 단서[건]","건","537","298","300","261","538","322","328","657","390","363","334","333","386","607","519","584","830","654","671",
"형법범","범행도구등 발견","범죄의 검거 단서[건]","건","368","697","564","656","342","244","160","308","260","228","184","272","115","108","87","123","87","109","119",
"형법범","장물","범죄의 검거 단서[건]","건","2019","2253","1674","3426","2529","1517","1210","1826","1229","1076","746","1019","695","401","336","172","159","378","198",
"형법범","전과조회","범죄의 검거 단서[건]","건","162","152","192","251","119","73","73","67","61","63","109","47","57","83","89","70","60","100","126",
"형법범","기타","범죄의 검거 단서[건]","건","33555","35170","46662","70506","67373","59434","55453","44414","35458","55798","53798","47274","46542","52254","48646","42742","45973","47121","54003",
"형법범","미상","범죄의 검거 단서[건]","건","","","","","","","","","10043","","","","","","","","","","",
"재산범죄","계","범죄의 검거 단서[건]","건","296368","318040","340116","430542","374560","337551","330809","351361","346535","394144","389937","370121","382437","414793","422267","348585","373243","398592","466944",
"재산범죄","현행범","범죄의 검거 단서[건]","건","35240","40516","41577","45687","31645","25415","26427","26919","24943","25100","23460","20931","18359","17320","14556","10478","10508","11605","10010",
"재산범죄","피해자신고","범죄의 검거 단서[건]","건","33748","41474","54368","83558","76175","76195","83874","92734","96395","107566","114981","120588","125812","143438","148808","136746","148234","162852","169275",
"재산범죄","고소","범죄의 검거 단서[건]","건","148610","132450","127313","135319","113070","113767","115660","118386","112144","117530","111509","100950","106186","107189","105477","79381","82553","103210","142702",
"재산범죄","고발","범죄의 검거 단서[건]","건","1382","1430","1686","1383","1252","1480","1676","1840","1704","1932","1919","2227","2407","2761","3145","3026","2917","3373","4609",
"재산범죄","자수","범죄의 검거 단서[건]","건","2218","2078","1692","1346","1158","1232","884","1062","925","851","857","966","976","900","1156","1363","1437","1404","1460",
"재산범죄","민간체포","범죄의 검거 단서[건]","건","554","635","534","522","580","548","581","492","473","282","224","182","147","155","181","201","147","168","183",
"재산범죄","진정투서","범죄의 검거 단서[건]","건","5919","8138","12872","14952","16930","23798","24750","31350","39639","59235","65797","64638","71038","79285","86947","65116","69300","60337","76388",
"재산범죄","타인신고","범죄의 검거 단서[건]","건","4369","4307","4630","4494","5397","4284","4221","4103","3443","3596","4661","3957","4027","5063","4362","4093","4505","4564","4234",
"재산범죄","신문","범죄의 검거 단서[건]","건","1844","2578","3411","3138","2074","729","464","677","638","979","588","458","473","671","552","667","486","1210","1421",
"재산범죄","불심검문","범죄의 검거 단서[건]","건","9395","10422","11690","15107","9795","4021","2944","3542","1978","1922","1388","1009","843","637","631","405","401","725","788",
"재산범죄","탐문정보","범죄의 검거 단서[건]","건","31989","49906","47738","73739","64476","48553","36118","39630","35566","40837","32182","27248","25221","25217","25956","21997","23949","20701","22473",
"재산범죄","안면식별","범죄의 검거 단서[건]","건","117","105","99","156","205","172","204","251","193","287","226","204","267","226","154","151","192","187","142",
"재산범죄","감식자료","범죄의 검거 단서[건]","건","580","795","741","906","1549","839","796","877","748","777","633","636","395","438","334","296","288","288","195",
"재산범죄","변사체","범죄의 검거 단서[건]","건","19","22","19","33","15","15","18","24","31","12","13","21","24","20","49","11","64","63","39",
"재산범죄","범죄수법","범죄의 검거 단서[건]","건","604","815","639","1538","1320","897","758","901","931","983","636","695","481","462","241","243","318","287","452",
"재산범죄","발자국","범죄의 검거 단서[건]","건","31","31","78","30","81","199","69","54","25","101","69","27","21","8","2","2","14","13","1",
"재산범죄","검사지휘","범죄의 검거 단서[건]","건","635","285","345","474","1319","528","632","684","680","649","664","478","836","891","1594","215","43","19","18",
"재산범죄","타기관에서 이송","범죄의 검거 단서[건]","건","131","155","127","131","299","180","204","463","269","234","203","186","200","399","338","376","538","341","355",
"재산범죄","범행도구등 발견","범죄의 검거 단서[건]","건","331","675","480","510","298","206","129","162","180","166","113","178","68","84","56","55","67","91","100",
"재산범죄","장물","범죄의 검거 단서[건]","건","2001","2231","1663","3370","2495","1508","1198","1814","1224","1071","745","1017","694","401","336","171","158","377","197",
"재산범죄","전과조회","범죄의 검거 단서[건]","건","118","102","137","176","82","53","51","55","51","55","100","37","47","73","81","60","49","77","109",
"재산범죄","기타","범죄의 검거 단서[건]","건","16533","18890","28277","43973","44345","32932","29151","25341","20923","29979","28969","23488","23915","29155","27311","23532","27075","26700","31793",
"재산범죄","미상","범죄의 검거 단서[건]","건","","","","","","","","","3432","","","","","","","","","","",
"절도","계","범죄의 검거 단서[건]","건","81724","102816","113656","177595","145978","113155","107540","119696","119831","127798","119010","114263","107208","114203","111656","104316","114095","127309","129737",
"절도","현행범","범죄의 검거 단서[건]","건","16029","15924","16371","19812","13182","9667","9401","9606","9235","8865","7386","6484","5313","5242","4653","3880","3505","4038","3686",
"절도","피해자신고","범죄의 검거 단서[건]","건","20415","24434","31811","55892","50388","45853","51339","59169","60414","67379","71284","73830","70606","76223","75585","73155","80059","89583","91463",
"절도","고소","범죄의 검거 단서[건]","건","3544","2941","2789","2612","2282","2391","2950","3065","2975","2834","2531","2468","2578","2904","3028","2872","2693","3056","3963",
"절도","고발","범죄의 검거 단서[건]","건","74","73","56","43","45","63","72","62","66","58","51","46","73","73","92","61","76","109","127",
"절도","자수","범죄의 검거 단서[건]","건","447","461","549","479","545","471","387","573","566","454","415","520","489","460","433","442","413","456","409",
"절도","민간체포","범죄의 검거 단서[건]","건","519","594","490","492","550","515","543","456","445","267","208","158","138","136","155","174","130","147","154",
"절도","진정투서","범죄의 검거 단서[건]","건","303","376","363","280","287","259","399","408","415","517","582","533","551","566","672","815","974","1430","1976",
"절도","타인신고","범죄의 검거 단서[건]","건","2115","2537","2801","2543","3184","2707","2652","2436","1854","1983","1808","1980","1702","1866","1901","1465","1579","1694","1507",
"절도","신문","범죄의 검거 단서[건]","건","1050","1818","1968","2439","1530","617","380","603","458","859","453","388","318","402","307","292","183","681","568",
"절도","불심검문","범죄의 검거 단서[건]","건","5478","6877","6962","9451","7513","3174","1994","1623","1312","1292","925","695","528","432","445","271","284","468","520",
"절도","탐문정보","범죄의 검거 단서[건]","건","21567","32979","33364","53098","39729","29210","22441","27016","28148","28329","21288","17801","15983","16598","15887","13638","15622","14430","14132",
"절도","안면식별","범죄의 검거 단서[건]","건","109","91","79","143","189","152","179","223","178","264","198","168","216","189","115","115","164","131","119",
"절도","감식자료","범죄의 검거 단서[건]","건","565","770","707","862","1488","793","746","800","694","692","534","515","298","298","184","144","147","149","119",
"절도","변사체","범죄의 검거 단서[건]","건","3","8","6","16","5","8","9","8","20","5","7","4","4","6","3","2","2","7","5",
"절도","범죄수법","범죄의 검거 단서[건]","건","512","760","560","1502","1271","849","707","865","918","935","579","652","453","406","190","167","172","201","275",
"절도","발자국","범죄의 검거 단서[건]","건","31","30","74","27","76","197","68","52","25","101","68","24","18","6","1","1","12","13","1",
"절도","검사지휘","범죄의 검거 단서[건]","건","36","30","32","71","83","62","55","63","47","38","34","32","45","36","40","7","3","1","-",
"절도","타기관에서 이송","범죄의 검거 단서[건]","건","47","61","34","41","84","58","84","155","102","75","81","84","72","62","60","44","60","50","46",
"절도","범행도구등 발견","범죄의 검거 단서[건]","건","71","645","454","302","265","182","125","151","168","131","80","147","46","68","39","46","46","54","77",
"절도","장물","범죄의 검거 단서[건]","건","1534","1735","1201","2715","1853","1189","815","864","594","701","417","703","457","269","227","112","125","222","78",
"절도","전과조회","범죄의 검거 단서[건]","건","48","29","53","88","41","9","16","20","14","30","20","14","19","21","21","20","13","25","32",
"절도","기타","범죄의 검거 단서[건]","건","7227","9643","12932","24687","21388","14729","12178","11478","10907","11989","10061","7017","7301","7940","7618","6593","7833","10364","10480",
"절도","미상","범죄의 검거 단서[건]","건","","","","","","","","","276","","","","","","","","","","",
"장물","계","범죄의 검거 단서[건]","건","2468","3000","2175","3343","3175","2560","3699","6248","3575","4160","2117","1910","928","890","587","274","250","308","390",
"장물","현행범","범죄의 검거 단서[건]","건","69","33","74","47","33","27","277","136","83","65","54","22","8","68","4","-","2","5","4",
"장물","피해자신고","범죄의 검거 단서[건]","건","192","238","201","300","308","235","331","360","434","403","315","240","143","159","113","88","55","75","59",
"장물","고소","범죄의 검거 단서[건]","건","51","44","52","58","55","73","67","61","65","54","60","48","52","48","54","33","32","42","55",
"장물","고발","범죄의 검거 단서[건]","건","2","1","-","1","-","-","2","8","-","4","2","","-","1","3","-","1","2","21",
"장물","자수","범죄의 검거 단서[건]","건","2","1","6","8","3","14","-","14","6","-","2","1","4","2","1","1","0","2","1",
"장물","민간체포","범죄의 검거 단서[건]","건","-","1","1","-","1","-","-","1","-","-","2","","-","-","1","-","0","-","-",
"장물","진정투서","범죄의 검거 단서[건]","건","5","32","5","2","5","7","3","11","13","8","5","4","5","6","5","3","3","7","9",
"장물","타인신고","범죄의 검거 단서[건]","건","43","24","23","41","29","36","59","91","62","58","31","38","33","86","15","8","12","8","6",
"장물","신문","범죄의 검거 단서[건]","건","77","162","37","44","100","18","22","18","42","12","8","6","9","1","-","-","3","1","5",
"장물","불심검문","범죄의 검거 단서[건]","건","105","116","97","233","40","36","159","122","79","110","47","11","11","5","4","3","1","4","2",
"장물","탐문정보","범죄의 검거 단서[건]","건","763","1362","829","1143","1340","1175","1697","2781","1512","2190","894","945","306","192","166","45","50","47","42",
"장물","안면식별","범죄의 검거 단서[건]","건","1","-","-","-","-","-","-","1","3","-","-","","1","-","-","-","0","-","-",
"장물","감식자료","범죄의 검거 단서[건]","건","-","-","2","-","1","2","2","1","-","2","-","","-","-","-","-","0","-","-",
"장물","변사체","범죄의 검거 단서[건]","건","-","-","-","-","-","-","-","-","-","-","-","","-","-","-","-","0","-","-",
"장물","범죄수법","범죄의 검거 단서[건]","건","3","-","14","4","2","5","-","-","-","-","-","1","-","-","-","-","0","1","-",
"장물","발자국","범죄의 검거 단서[건]","건","-","-","1","-","-","-","-","-","-","-","-","","-","-","-","-","0","-","-",
"장물","검사지휘","범죄의 검거 단서[건]","건","1","5","2","4","6","1","7","9","7","1","4","","6","2","4","-","0","-","1",
"장물","타기관에서 이송","범죄의 검거 단서[건]","건","1","1","3","1","4","5","4","6","5","3","1","1","2","2","1","1","1","1","-",
"장물","범행도구등 발견","범죄의 검거 단서[건]","건","-","-","1","2","2","5","-","3","3","2","-","3","-","-","-","-","0","2","-",
"장물","장물","범죄의 검거 단서[건]","건","418","372","344","578","569","248","351","756","558","260","197","190","107","63","64","35","22","40","93",
"장물","전과조회","범죄의 검거 단서[건]","건","1","1","2","-","1","-","-","1","-","-","-","","-","-","-","-","0","-","-",
"장물","기타","범죄의 검거 단서[건]","건","734","607","481","877","676","673","718","1868","658","988","495","400","241","255","152","57","68","71","92",
"장물","미상","범죄의 검거 단서[건]","건","","","","","","","","","45","","","","","","","","","","",
"사기","계","범죄의 검거 단서[건]","건","164496","158053","167437","189162","163770","169990","164769","169318","167253","199492","203236","190260","207927","230612","241133","183098","194450","200673","264525",
"사기","현행범","범죄의 검거 단서[건]","건","7951","9956","10827","11472","8569","7385","8159","8923","7660","8069","7801","7248","6981","6688","5763","3364","3618","4157","3560",
"사기","피해자신고","범죄의 검거 단서[건]","건","5687","6903","11365","15050","13685","16422","17059","17107","18312","19848","19088","20459","26773","34978","39549","31610","33755","37585","44276",
"사기","고소","범죄의 검거 단서[건]","건","122194","108462","103788","110300","91322","91013","91620","93867","87498","91866","88196","79924","84168","85372","83940","61880","65249","82392","117112",
"사기","고발","범죄의 검거 단서[건]","건","709","811","1019","676","558","685","683","795","597","716","798","1135","1040","1337","1513","1789","1532","1694","2676",
"사기","자수","범죄의 검거 단서[건]","건","1492","1384","895","661","450","643","343","307","230","199","242","251","266","194","459","669","758","654","765",
"사기","민간체포","범죄의 검거 단서[건]","건","20","21","27","18","10","13","26","22","18","4","6","14","5","14","20","14","13","15","24",
"사기","진정투서","범죄의 검거 단서[건]","건","5049","7045","11820","13971","15943","22437","23316","29945","37918","57356","63780","62773","69393","77221","85116","63174","66954","57007","72042",
"사기","타인신고","범죄의 검거 단서[건]","건","1645","925","1000","1152","1218","666","584","608","588","553","1567","738","807","1472","751","865","1035","970","1074",
"사기","신문","범죄의 검거 단서[건]","건","656","521","982","583","308","73","28","40","113","69","84","30","116","244","223","351","226","426","674",
"사기","불심검문","범죄의 검거 단서[건]","건","3256","2915","4121","4262","1832","650","649","569","435","345","263","157","184","119","104","87","82","154","156",
"사기","탐문정보","범죄의 검거 단서[건]","건","8078","12260","10564","16079","16020","15756","9738","7176","4148","7354","6875","5000","5037","5014","6070","4859","4705","2982","4744",
"사기","안면식별","범죄의 검거 단서[건]","건","4","9","13","5","9","6","10","16","2","3","5","10","23","17","16","13","7","25","4",
"사기","감식자료","범죄의 검거 단서[건]","건","9","8","10","15","19","23","22","26","22","50","54","77","70","109","109","114","113","116","61",
"사기","변사체","범죄의 검거 단서[건]","건","13","12","9","15","8","7","7","11","11","7","6","16","18","10","43","6","60","46","31",
"사기","범죄수법","범죄의 검거 단서[건]","건","89","55","62","17","39","35","44","13","9","35","49","31","23","45","43","70","138","77","165",
"사기","발자국","범죄의 검거 단서[건]","건","-","1","1","2","1","-","-","-","-","-","-","1","1","2","-","1","1","-","-",
"사기","검사지휘","범죄의 검거 단서[건]","건","514","215","277","351","1019","388","459","506","521","471","512","370","648","695","1314","175","31","13","10",
"사기","타기관에서 이송","범죄의 검거 단서[건]","건","70","78","81","76","185","97","102","125","137","138","101","80","103","312","252","297","444","250","270",
"사기","범행도구등 발견","범죄의 검거 단서[건]","건","257","27","13","5","13","3","-","2","1","16","26","9","2","6","6","4","11","10","12",
"사기","장물","범죄의 검거 단서[건]","건","4","17","92","34","7","4","3","7","12","2","3","5","3","-","2","2","5","4","2",
"사기","전과조회","범죄의 검거 단서[건]","건","59","62","72","81","34","39","34","30","36","20","76","20","24","51","57","34","31","48","71",
"사기","기타","범죄의 검거 단서[건]","건","6740","6366","10399","14337","12521","13645","11883","9223","7088","12371","13704","11912","12242","16712","15783","13720","15682","12048","16796",
"사기","미상","범죄의 검거 단서[건]","건","","","","","","","","","1897","","","","","","","","","","",
"횡령","계","범죄의 검거 단서[건]","건","21668","21556","23624","24367","22219","21044","23119","24626","23495","27969","27923","27072","28510","28636","29020","23921","26407","31778","35494",
"횡령","현행범","범죄의 검거 단서[건]","건","484","290","239","257","137","153","196","237","215","300","337","270","274","299","248","202","189","266","187",
"횡령","피해자신고","범죄의 검거 단서[건]","건","1298","873","1087","1265","1315","1611","2082","2415","2847","4325","6171","7165","8209","9177","9886","9353","10849","12523","12373",
"횡령","고소","범죄의 검거 단서[건]","건","16339","14935","15021","16226","13908","14241","14879","15277","15327","16457","14525","12645","12804","12568","12197","9105","9383","11884","14713",
"횡령","고발","범죄의 검거 단서[건]","건","409","360","432","436","462","476","612","625","626","772","690","654","795","833","872","648","742","962","1102",
"횡령","자수","범죄의 검거 단서[건]","건","159","116","122","85","57","41","71","83","58","81","91","99","101","99","120","110","130","143","154",
"횡령","민간체포","범죄의 검거 단서[건]","건","6","5","4","1","4","4","3","6","6","4","3","3","2","-","3","5","2","2","2",
"횡령","진정투서","범죄의 검거 단서[건]","건","399","497","493","510","524","867","752","709","929","982","992","875","643","619","680","624","763","1055","1341",
"횡령","타인신고","범죄의 검거 단서[건]","건","134","214","190","184","171","210","298","358","336","274","360","337","362","314","348","298","361","428","390",
"횡령","신문","범죄의 검거 단서[건]","건","29","46","396","23","113","12","15","8","15","15","18","16","19","8","9","8","14","37","86",
"횡령","불심검문","범죄의 검거 단서[건]","건","482","407","413","985","328","129","112","1153","125","159","134","129","109","74","60","27","25","82","84",
"횡령","탐문정보","범죄의 검거 단서[건]","건","834","2280","2404","1802","1319","1610","1557","1866","1025","1978","1988","2365","2722","2178","2486","1910","2196","2024","2565",
"횡령","안면식별","범죄의 검거 단서[건]","건","2","2","2","4","1","4","7","4","2","13","13","11","16","12","11","12","12","18","15",
"횡령","감식자료","범죄의 검거 단서[건]","건","-","4","7","5","3","5","2","1","3","2","5","6","2","8","22","20","6","5","-",
"횡령","변사체","범죄의 검거 단서[건]","건","3","1","3","2","2","-","1","2","-","-","-","","1","2","2","2","0","8","2",
"횡령","범죄수법","범죄의 검거 단서[건]","건","-","-","1","1","2","5","2","19","2","-","3","8","5","4","6","4","2","4","8",
"횡령","발자국","범죄의 검거 단서[건]","건","-","-","1","-","-","1","-","-","-","-","-","","-","-","-","-","0","-","-",
"횡령","검사지휘","범죄의 검거 단서[건]","건","52","19","17","31","116","37","62","73","56","83","77","45","81","85","153","24","3","3","2",
"횡령","타기관에서 이송","범죄의 검거 단서[건]","건","4","7","5","8","19","15","8","26","17","9","14","13","16","16","20","25","18","23","27",
"횡령","범행도구등 발견","범죄의 검거 단서[건]","건","3","3","5","197","14","14","-","4","4","9","6","14","14","6","6","1","4","19","9",
"횡령","장물","범죄의 검거 단서[건]","건","45","107","26","39","66","67","28","187","60","108","128","118","127","69","43","22","6","111","24",
"횡령","전과조회","범죄의 검거 단서[건]","건","7","5","4","3","3","4","1","2","-","4","3","2","3","1","2","4","3","3","4",
"횡령","기타","범죄의 검거 단서[건]","건","979","1385","2752","2303","3655","1538","2431","1571","1300","2394","2365","2297","2205","2264","1846","1517","1699","2178","2406",
"횡령","미상","범죄의 검거 단서[건]","건","","","","","","","","","542","","","","","","","","","","",
"배임","계","범죄의 검거 단서[건]","건","4898","4751","4693","6187","13962","4842","4360","4500","4719","5111","5025","4317","4896","5005","4224","3492","3279","3992","4329",
"배임","현행범","범죄의 검거 단서[건]","건","6","10","9","243","5","3","-","2","14","3","3","2","-","-","2","1","2","2","3",
"배임","피해자신고","범죄의 검거 단서[건]","건","18","18","17","32","29","10","19","15","25","22","24","23","13","16","20","30","42","51","64",
"배임","고소","범죄의 검거 단서[건]","건","3593","3460","3142","3539","2985","3081","3009","3085","3188","3149","3018","2696","3254","2946","2799","2130","2137","2512","2750",
"배임","고발","범죄의 검거 단서[건]","건","147","143","135","191","158","203","262","305","353","327","304","320","444","448","572","455","493","516","578",
"배임","자수","범죄의 검거 단서[건]","건","29","22","11","14","5","1","1","7","-","4","3","1","1","7","3","2","2","7","6",
"배임","민간체포","범죄의 검거 단서[건]","건","-","-","-","-","-","-","-","1","1","-","-","","-","-","-","-","0","1","-",
"배임","진정투서","범죄의 검거 단서[건]","건","43","43","50","36","39","49","46","54","63","71","59","53","53","511","33","45","54","79","85",
"배임","타인신고","범죄의 검거 단서[건]","건","19","2","8","7","10","4","9","3","2","4","6","7","11","7","6","6","9","7","8",
"배임","신문","범죄의 검거 단서[건]","건","16","8","3","6","5","2","8","3","4","5","8","9","2","6","-","1","0","7","7",
"배임","불심검문","범죄의 검거 단서[건]","건","29","22","17","33","5","4","4","4","1","-","1","3","1","-","-","-","0","-","1",
"배임","탐문정보","범죄의 검거 단서[건]","건","526","660","153","1089","5636","356","258","455","217","171","208","184","129","100","71","314","44","52","39",
"배임","안면식별","범죄의 검거 단서[건]","건","-","-","-","-","-","-","-","-","-","-","-","","-","-","-","-","0","-","-",
"배임","감식자료","범죄의 검거 단서[건]","건","-","-","-","-","-","-","1","-","-","-","-","","-","-","-","-","0","-","-",
"배임","변사체","범죄의 검거 단서[건]","건","-","-","-","-","-","-","-","-","-","-","-","","-","-","-","-","1","1","-",
"배임","범죄수법","범죄의 검거 단서[건]","건","-","-","-","-","-","-","-","-","-","9","-","1","-","-","-","-","0","-","-",
"배임","발자국","범죄의 검거 단서[건]","건","-","-","-","-","-","-","-","-","-","-","-","","-","-","-","-","1","-","-",
"배임","검사지휘","범죄의 검거 단서[건]","건","19","5","5","9","54","21","22","13","28","37","18","15","31","38","41","4","3","2","2",
"배임","타기관에서 이송","범죄의 검거 단서[건]","건","5","1","1","1","1","1","-","141","2","2","1","4","1","2","3","4","4","4","5",
"배임","범행도구등 발견","범죄의 검거 단서[건]","건","-","-","5","2","-","-","-","-","-","-","-","","-","-","-","-","0","-","-",
"배임","장물","범죄의 검거 단서[건]","건","-","-","-","4","-","-","-","-","-","-","-","1","-","-","-","-","0","-","-",
"배임","전과조회","범죄의 검거 단서[건]","건","1","1","2","2","-","-","-","-","-","-","-","","-","-","-","-","0","-","-",
"배임","기타","범죄의 검거 단서[건]","건","447","356","1135","979","5030","1107","721","412","232","1307","1372","998","956","924","674","500","487","751","781",
"배임","미상","범죄의 검거 단서[건]","건","","","","","","","","","589","","","","","","","","","","",
"손괴","계","범죄의 검거 단서[건]","건","21114","27864","28531","29888","25456","25960","27322","26973","27662","29614","32626","32299","32968","35447","35647","33484","34762","34532","32469",
"손괴","현행범","범죄의 검거 단서[건]","건","10701","14303","14057","13856","9719","8180","8394","8015","7736","7798","7879","6905","5783","5023","3886","3031","3192","3137","2570",
"손괴","피해자신고","범죄의 검거 단서[건]","건","6138","9008","9887","11019","10450","12064","13044","13668","14363","15589","18099","18871","20068","22885","23655","22510","23474","23035","21040",
"손괴","고소","범죄의 검거 단서[건]","건","2889","2608","2521","2584","2518","2968","3135","3031","3091","3170","3179","3169","3330","3351","3459","3361","3059","3324","4109",
"손괴","고발","범죄의 검거 단서[건]","건","41","42","44","36","29","53","45","45","62","55","74","72","55","69","93","73","73","90","105",
"손괴","자수","범죄의 검거 단서[건]","건","89","94","109","99","98","62","82","78","65","113","104","94","115","138","140","139","134","142","125",
"손괴","민간체포","범죄의 검거 단서[건]","건","9","14","12","11","15","16","9","6","3","7","5","7","2","5","2","8","2","3","3",
"손괴","진정투서","범죄의 검거 단서[건]","건","120","145","141","153","132","179","234","223","301","301","379","400","393","362","441","455","552","759","935",
"손괴","타인신고","범죄의 검거 단서[건]","건","413","605","608","567","785","661","619","607","601","724","889","857","1112","1318","1341","1451","1509","1457","1249",
"손괴","신문","범죄의 검거 단서[건]","건","16","23","25","43","18","7","11","5","6","19","17","9","9","10","13","15","60","58","81",
"손괴","불심검문","범죄의 검거 단서[건]","건","45","85","80","143","77","28","26","71","26","16","18","14","10","7","18","17","9","17","25",
"손괴","탐문정보","범죄의 검거 단서[건]","건","221","365","424","528","432","446","427","336","516","815","929","953","1044","1135","1276","1231","1332","1166","951",
"손괴","안면식별","범죄의 검거 단서[건]","건","1","3","5","4","6","10","8","7","8","7","10","15","11","8","12","11","9","13","4",
"손괴","감식자료","범죄의 검거 단서[건]","건","6","13","15","24","38","16","23","49","29","31","40","38","25","23","19","18","22","18","15",
"손괴","변사체","범죄의 검거 단서[건]","건","-","1","1","-","-","-","1","3","-","-","-","1","1","2","1","1","1","1","1",
"손괴","범죄수법","범죄의 검거 단서[건]","건","-","-","2","14","6","3","5","4","2","4","5","2","-","7","2","2","6","4","4",
"손괴","발자국","범죄의 검거 단서[건]","건","-","-","1","1","4","1","1","2","-","-","1","2","2","-","1","-","0","-","-",
"손괴","검사지휘","범죄의 검거 단서[건]","건","13","11","12","8","41","19","27","20","21","19","19","16","25","35","42","5","3","-","3",
"손괴","타기관에서 이송","범죄의 검거 단서[건]","건","4","7","3","4","6","4","6","10","6","7","5","4","6","5","2","5","11","13","7",
"손괴","범행도구등 발견","범죄의 검거 단서[건]","건","-","-","2","2","4","2","4","2","4","8","1","5","6","4","5","4","6","6","2",
"손괴","장물","범죄의 검거 단서[건]","건","-","-","-","-","-","-","1","-","-","-","-","","-","-","-","-","0","-","-",
"손괴","전과조회","범죄의 검거 단서[건]","건","2","4","4","2","3","1","-","2","1","1","1","1","1","-","1","2","2","1","2",
"손괴","기타","범죄의 검거 단서[건]","건","406","533","578","790","1075","1240","1220","789","738","930","972","864","970","1060","1238","1145","1306","1288","1238",
"손괴","미상","범죄의 검거 단서[건]","건","","","","","","","","","83","","","","","","","","","","",
"강력범죄(흉악)","계","범죄의 검거 단서[건]","건","19065","18708","20500","23808","24304","24633","22514","28039","32309","33846","31668","34651","33694","33437","31190","31843","38813","38301","34955",
"강력범죄(흉악)","현행범","범죄의 검거 단서[건]","건","5662","5665","5670","5996","5888","5263","4924","5627","6726","7468","5784","6130","4215","3412","2257","1777","2019","2291","1999",
"강력범죄(흉악)","피해자신고","범죄의 검거 단서[건]","건","5377","4647","5621","7217","7381","8334","7752","10161","13123","13246","14492","16059","15249","15375","13834","12948","14948","14891","13903",
"강력범죄(흉악)","고소","범죄의 검거 단서[건]","건","3117","2939","3144","3012","3695","4046","4044","3517","2939","3057","3988","4916","7047","7601","9000","10284","12761","11891","10549",
"강력범죄(흉악)","고발","범죄의 검거 단서[건]","건","25","18","20","16","22","34","57","97","46","116","61","115","155","122","120","139","199","139","160",
"강력범죄(흉악)","자수","범죄의 검거 단서[건]","건","168","160","157","136","142","146","134","120","127","159","110","97","142","141","120","109","142","148","168",
"강력범죄(흉악)","민간체포","범죄의 검거 단서[건]","건","52","73","57","51","82","73","69","62","80","78","59","50","45","95","35","31","30","24","18",
"강력범죄(흉악)","진정투서","범죄의 검거 단서[건]","건","67","101","116","242","278","236","212","311","373","319","343","458","502","496","654","1080","2450","3074","2555",
"강력범죄(흉악)","타인신고","범죄의 검거 단서[건]","건","495","495","534","533","761","812","722","938","1324","1601","1951","2463","2572","2877","2474","2529","2944","2937","2698",
"강력범죄(흉악)","신문","범죄의 검거 단서[건]","건","48","68","117","97","41","30","17","21","112","127","38","29","14","22","45","9","24","45","29",
"강력범죄(흉악)","불심검문","범죄의 검거 단서[건]","건","199","180","242","358","238","147","166","256","153","341","244","229","185","232","139","71","82","126","42",
"강력범죄(흉악)","탐문정보","범죄의 검거 단서[건]","건","2696","3021","3259","4187","3647","3374","2348","4404","4640","4600","2730","2142","1421","1009","767","787","808","532","515",
"강력범죄(흉악)","안면식별","범죄의 검거 단서[건]","건","12","22","30","26","31","16","18","28","27","21","13","8","6","6","3","3","2","3","1",
"강력범죄(흉악)","감식자료","범죄의 검거 단서[건]","건","167","182","133","179","161","194","160","131","172","82","55","46","55","32","28","31","20","17","10",
"강력범죄(흉악)","변사체","범죄의 검거 단서[건]","건","128","125","119","135","131","103","98","82","88","99","94","79","87","96","77","68","67","56","52",
"강력범죄(흉악)","범죄수법","범죄의 검거 단서[건]","건","29","58","29","16","31","24","20","77","33","49","16","3","11","25","17","3","13","6","4",
"강력범죄(흉악)","발자국","범죄의 검거 단서[건]","건","2","1","-","4","7","1","1","1","-","-","-","","-","1","2","-","0","-","-",
"강력범죄(흉악)","검사지휘","범죄의 검거 단서[건]","건","12","8","13","19","38","24","29","25","20","39","37","33","96","78","79","19","4","1","3",
"강력범죄(흉악)","타기관에서 이송","범죄의 검거 단서[건]","건","6","11","10","5","12","15","14","22","10","17","7","26","15","31","25","27","70","38","51",
"강력범죄(흉악)","범행도구등 발견","범죄의 검거 단서[건]","건","21","10","38","31","27","26","21","127","70","41","55","72","38","12","15","14","4","8","8",
"강력범죄(흉악)","장물","범죄의 검거 단서[건]","건","6","13","8","33","24","4","4","4","1","-","-","","-","-","-","-","0","1","-",
"강력범죄(흉악)","전과조회","범죄의 검거 단서[건]","건","3","2","3","12","5","2","4","1","3","1","-","1","1","-","1","1","1","3","1",
"강력범죄(흉악)","기타","범죄의 검거 단서[건]","건","773","909","1180","1503","1662","1729","1700","2027","1967","2385","1591","1695","1838","1774","1498","1913","2225","2070","2189",
"강력범죄(흉악)","미상","범죄의 검거 단서[건]","건","","","","","","","","","275","","","","","","","","","","",
"살인","계","범죄의 검거 단서[건]","건","1048","1077","1100","1349","1229","1164","990","934","915","928","936","847","808","823","747","661","703","772","781",
"살인","현행범","범죄의 검거 단서[건]","건","236","246","266","349","321","275","225","252","205","269","264","251","232","202","176","169","196","232","232",
"살인","피해자신고","범죄의 검거 단서[건]","건","188","174","188","254","220","230","182","173","162","151","128","139","110","104","125","108","89","94","120",
"살인","고소","범죄의 검거 단서[건]","건","43","42","48","44","37","44","43","44","52","48","37","35","55","62","51","53","62","57","70",
"살인","고발","범죄의 검거 단서[건]","건","3","1","1","2","-","2","4","3","2","5","1","1","7","5","8","4","3","6","10",
"살인","자수","범죄의 검거 단서[건]","건","67","69","47","53","48","52","55","47","39","47","41","36","35","35","36","13","38","26","39",
"살인","민간체포","범죄의 검거 단서[건]","건","2","1","2","3","-","2","-","-","-","-","1","1","2","1","-","1","1","1","-",
"살인","진정투서","범죄의 검거 단서[건]","건","1","1","1","1","3","-","4","1","2","1","1","1","-","3","-","2","1","4","6",
"살인","타인신고","범죄의 검거 단서[건]","건","133","172","150","174","217","191","178","191","199","179","205","199","182","194","165","146","157","168","160",
"살인","신문","범죄의 검거 단서[건]","건","4","2","7","7","4","2","4","2","1","1","1","3","2","1","-","-","1","2","2",
"살인","불심검문","범죄의 검거 단서[건]","건","14","15","17","16","13","13","4","8","3","2","1","2","2","3","-","-","0","1","1",
"살인","탐문정보","범죄의 검거 단서[건]","건","157","167","164","195","138","116","72","51","76","52","68","41","40","35","22","23","18","20","20",
"살인","안면식별","범죄의 검거 단서[건]","건","2","1","-","-","1","-","-","-","1","-","1","","2","2","-","-","0","-","-",
"살인","감식자료","범죄의 검거 단서[건]","건","3","5","2","3","1","4","5","6","2","1","-","1","-","-","2","4","0","-","-",
"살인","변사체","범죄의 검거 단서[건]","건","99","101","98","108","108","86","89","69","75","78","76","62","68","80","64","62","54","50","43",
"살인","범죄수법","범죄의 검거 단서[건]","건","-","-","1","-","-","3","-","-","-","-","-","","-","-","-","-","0","-","-",
"살인","발자국","범죄의 검거 단서[건]","건","1","-","-","-","-","-","-","-","-","-","-","","-","1","1","-","0","-","-",
"살인","검사지휘","범죄의 검거 단서[건]","건","1","-","-","2","2","1","2","2","-","1","2","2","3","3","1","2","0","-","-",
"살인","타기관에서 이송","범죄의 검거 단서[건]","건","-","2","1","-","1","1","1","3","-","1","-","","2","-","-","2","1","5","-",
"살인","범행도구등 발견","범죄의 검거 단서[건]","건","5","-","3","2","6","4","5","4","5","4","7","2","2","1","6","4","1","2","1",
"살인","장물","범죄의 검거 단서[건]","건","-","-","-","-","-","-","-","-","-","-","-","","-","-","-","-","0","-","-",
"살인","전과조회","범죄의 검거 단서[건]","건","1","-","-","-","1","-","-","-","-","-","-","","-","-","-","-","0","-","-",
"살인","기타","범죄의 검거 단서[건]","건","88","78","104","136","108","138","117","78","82","88","102","71","64","91","90","68","81","104","77",
"살인","미상","범죄의 검거 단서[건]","건","","","","","","","","","9","","","","","","","","","","",
"강도","계","범죄의 검거 단서[건]","건","4025","3746","4132","5904","3866","3409","2293","1878","1573","1482","1195","993","830","843","673","498","519","590","467",
"강도","현행범","범죄의 검거 단서[건]","건","903","700","712","915","603","467","354","257","213","210","157","144","108","84","74","60","79","74","51",
"강도","피해자신고","범죄의 검거 단서[건]","건","1240","1011","1339","1965","1341","1347","1008","903","738","702","588","488","434","408","332","245","253","291","239",
"강도","고소","범죄의 검거 단서[건]","건","76","74","68","71","56","71","52","46","56","41","38","40","38","45","61","46","51","53","43",
"강도","고발","범죄의 검거 단서[건]","건","1","1","1","-","-","-","1","2","2","1","1","1","-","1","2","1","1","-","-",
"강도","자수","범죄의 검거 단서[건]","건","20","38","36","30","25","21","27","7","4","8","6","6","6","2","4","1","2","-","1",
"강도","민간체포","범죄의 검거 단서[건]","건","24","25","28","19","26","33","23","4","11","3","3","","2","1","4","4","3","1","-",
"강도","진정투서","범죄의 검거 단서[건]","건","5","10","8","8","7","6","7","5","6","3","3","2","2","5","10","4","1","4","3",
"강도","타인신고","범죄의 검거 단서[건]","건","54","49","53","67","79","60","51","37","42","38","59","44","27","39","31","28","23","32","27",
"강도","신문","범죄의 검거 단서[건]","건","27","38","24","43","9","13","6","7","4","3","2","1","4","1","9","-","0","-","-",
"강도","불심검문","범죄의 검거 단서[건]","건","110","67","95","196","91","37","27","14","14","14","7","1","2","7","3","4","2","3","3",
"강도","탐문정보","범죄의 검거 단서[건]","건","1139","1259","1244","1893","1114","903","398","392","275","285","205","172","132","123","93","51","61","55","51",
"강도","안면식별","범죄의 검거 단서[건]","건","8","16","15","9","10","9","9","9","5","2","2","","2","2","1","1","0","-","-",
"강도","감식자료","범죄의 검거 단서[건]","건","99","74","59","97","50","72","46","34","31","20","19","13","8","5","5","3","2","2","1",
"강도","변사체","범죄의 검거 단서[건]","건","11","8","9","11","13","6","2","3","5","6","5","5","3","7","3","1","4","2","1",
"강도","범죄수법","범죄의 검거 단서[건]","건","22","38","21","7","13","13","10","6","15","22","3","1","2","13","-","1","1","-","1",
"강도","발자국","범죄의 검거 단서[건]","건","-","1","-","2","3","1","-","1","-","-","-","","-","-","-","-","0","-","-",
"강도","검사지휘","범죄의 검거 단서[건]","건","2","5","5","11","8","7","5","1","3","-","2","","-","3","-","-","0","-","-",
"강도","타기관에서 이송","범죄의 검거 단서[건]","건","4","5","3","3","4","6","3","4","1","2","1","1","2","1","-","-","0","2","-",
"강도","범행도구등 발견","범죄의 검거 단서[건]","건","8","7","23","25","8","12","11","11","2","3","6","1","1","-","-","-","0","-","-",
"강도","장물","범죄의 검거 단서[건]","건","4","5","6","28","15","4","4","3","1","-","-","","-","-","-","-","0","-","-",
"강도","전과조회","범죄의 검거 단서[건]","건","1","-","1","1","-","1","3","-","-","-","-","","-","-","-","-","0","-","-",
"강도","기타","범죄의 검거 단서[건]","건","267","315","382","503","391","320","246","132","120","119","88","73","57","96","41","48","36","71","46",
"강도","미상","범죄의 검거 단서[건]","건","","","","","","","","","25","","","","","","","","","","",
"방화","계","범죄의 검거 단서[건]","건","1491","1524","1691","1653","1557","1469","1339","1388","1401","1455","1340","1226","1350","1221","1095","925","1102","1076","937",
"방화","현행범","범죄의 검거 단서[건]","건","622","635","660","660","489","437","436","400","447","516","442","382","433","388","314","251","285","265","256",
"방화","피해자신고","범죄의 검거 단서[건]","건","366","365","423","418","453","493","439","505","514","495","468","430","452","392","409","342","405","360","317",
"방화","고소","범죄의 검거 단서[건]","건","14","17","10","21","10","14","18","18","7","14","10","10","10","12","11","8","17","15","18",
"방화","고발","범죄의 검거 단서[건]","건","-","4","2","1","6","8","2","2","-","2","-","","3","3","-","1","0","1","1",
"방화","자수","범죄의 검거 단서[건]","건","37","32","39","27","30","31","26","31","25","31","19","16","28","25","12","14","20","21","12",
"방화","민간체포","범죄의 검거 단서[건]","건","3","7","3","3","2","2","2","4","1","1","1","","1","2","1","-","0","1","1",
"방화","진정투서","범죄의 검거 단서[건]","건","3","1","2","-","3","1","3","1","3","1","1","","2","1","3","2","4","4","1",
"방화","타인신고","범죄의 검거 단서[건]","건","144","128","141","120","154","159","143","193","191","183","211","217","227","238","216","183","193","236","206",
"방화","신문","범죄의 검거 단서[건]","건","8","14","54","18","6","3","3","3","1","2","3","4","1","2","-","-","2","2","3",
"방화","불심검문","범죄의 검거 단서[건]","건","13","27","54","41","26","6","4","9","8","9","3","3","1","2","5","3","0","6","6",
"방화","탐문정보","범죄의 검거 단서[건]","건","169","182","162","171","169","137","97","104","92","72","71","81","72","74","46","55","74","50","42",
"방화","안면식별","범죄의 검거 단서[건]","건","-","-","3","-","10","1","-","1","3","2","6","3","1","-","-","-","1","-","-",
"방화","감식자료","범죄의 검거 단서[건]","건","8","7","3","7","17","7","9","7","5","3","3","4","2","4","5","2","1","1","-",
"방화","변사체","범죄의 검거 단서[건]","건","8","12","7","7","5","8","3","5","2","6","4","5","4","5","6","1","3","2","1",
"방화","범죄수법","범죄의 검거 단서[건]","건","3","1","-","-","4","2","-","5","3","4","-","","2","2","3","1","0","-","-",
"방화","발자국","범죄의 검거 단서[건]","건","-","-","-","-","-","-","-","-","-","-","-","","-","-","-","-","0","-","-",
"방화","검사지휘","범죄의 검거 단서[건]","건","1","-","1","1","1","1","3","1","-","1","1","","-","-","1","-","0","-","-",
"방화","타기관에서 이송","범죄의 검거 단서[건]","건","1","1","-","-","-","-","1","-","-","-","-","3","2","-","-","1","0","-","1",
"방화","범행도구등 발견","범죄의 검거 단서[건]","건","3","1","5","4","8","5","2","-","8","7","1","3","3","1","1","1","1","1","-",
"방화","장물","범죄의 검거 단서[건]","건","1","7","1","-","-","-","-","-","-","-","-","","-","-","-","-","0","-","-",
"방화","전과조회","범죄의 검거 단서[건]","건","-","1","-","1","-","-","-","-","-","-","-","","-","-","-","-","0","-","-",
"방화","기타","범죄의 검거 단서[건]","건","87","82","121","153","164","154","148","99","90","106","96","65","106","70","62","60","96","111","72",
"방화","미상","범죄의 검거 단서[건]","건","","","","","","","","","1","","","","","","","","","","",
"강간","계","범죄의 검거 단서[건]","건","12501","12361","13577","14902","17652","18591","17892","23839","","","","","","","","","","","",
"강간","현행범","범죄의 검거 단서[건]","건","3901","4084","4032","4072","4475","4084","3909","4718","","","","","","","","","","","",
"강간","피해자신고","범죄의 검거 단서[건]","건","3583","3097","3671","4580","5367","6264","6123","8580","","","","","","","","","","","",
"강간","고소","범죄의 검거 단서[건]","건","2984","2806","3018","2876","3592","3917","3931","3409","","","","","","","","","","","",
"강간","고발","범죄의 검거 단서[건]","건","21","12","16","13","16","24","50","90","","","","","","","","","","","",
"강간","자수","범죄의 검거 단서[건]","건","44","21","35","26","39","42","26","35","","","","","","","","","","","",
"강간","민간체포","범죄의 검거 단서[건]","건","23","40","24","26","54","36","44","54","","","","","","","","","","","",
"강간","진정투서","범죄의 검거 단서[건]","건","58","89","105","233","265","229","198","304","","","","","","","","","","","",
"강간","타인신고","범죄의 검거 단서[건]","건","164","146","190","172","311","402","350","517","","","","","","","","","","","",
"강간","신문","범죄의 검거 단서[건]","건","9","14","32","29","22","12","4","9","","","","","","","","","","","",
"강간","불심검문","범죄의 검거 단서[건]","건","62","71","76","105","108","91","131","225","","","","","","","","","","","",
"강간","탐문정보","범죄의 검거 단서[건]","건","1231","1413","1689","1928","2226","2218","1781","3857","","","","","","","","","","","",
"강간","안면식별","범죄의 검거 단서[건]","건","2","5","12","17","10","6","9","18","","","","","","","","","","","",
"강간","감식자료","범죄의 검거 단서[건]","건","57","96","69","72","93","111","100","84","","","","","","","","","","","",
"강간","변사체","범죄의 검거 단서[건]","건","10","4","5","9","5","3","4","5","","","","","","","","","","","",
"강간","범죄수법","범죄의 검거 단서[건]","건","4","19","7","9","14","6","10","66","","","","","","","","","","","",
"강간","발자국","범죄의 검거 단서[건]","건","1","-","-","2","4","-","1","-","","","","","","","","","","","",
"강간","검사지휘","범죄의 검거 단서[건]","건","8","3","7","5","27","15","19","21","","","","","","","","","","","",
"강간","타기관에서 이송","범죄의 검거 단서[건]","건","1","3","6","2","7","8","9","15","","","","","","","","","","","",
"강간","범행도구등 발견","범죄의 검거 단서[건]","건","5","2","7","-","5","5","3","112","","","","","","","","","","","",
"강간","장물","범죄의 검거 단서[건]","건","1","1","1","5","9","-","-","1","","","","","","","","","","","",
"강간","전과조회","범죄의 검거 단서[건]","건","1","1","2","10","4","1","1","1","","","","","","","","","","","",
"강간","기타","범죄의 검거 단서[건]","건","331","434","573","711","999","1117","1189","1718","","","","","","","","","","","",
"성폭력","계","범죄의 검거 단서[건]","건","","","","","","","","","28420","29981","28197","31585","30706","30550","28675","29759","36489","35863","32770",
"성폭력","현행범","범죄의 검거 단서[건]","건","","","","","","","","","5861","6473","4921","5353","3442","2738","1693","1297","1459","1720","1460",
"성폭력","피해자신고","범죄의 검거 단서[건]","건","","","","","","","","","11709","11898","13308","15002","14253","14471","12968","12253","14201","14146","13227",
"성폭력","고소","범죄의 검거 단서[건]","건","","","","","","","","","2824","2954","3903","4831","6944","7482","8877","10177","12631","11766","10418",
"성폭력","고발","범죄의 검거 단서[건]","건","","","","","","","","","42","108","59","113","145","113","110","133","195","132","149",
"성폭력","자수","범죄의 검거 단서[건]","건","","","","","","","","","59","73","44","39","73","79","68","81","82","101","116",
"성폭력","민간체포","범죄의 검거 단서[건]","건","","","","","","","","","68","74","54","49","40","91","30","26","26","21","17",
"성폭력","진정투서","범죄의 검거 단서[건]","건","","","","","","","","","362","314","338","455","498","487","641","1072","2444","3062","2545",
"성폭력","타인신고","범죄의 검거 단서[건]","건","","","","","","","","","892","1201","1476","2003","2136","2406","2062","2172","2571","2501","2305",
"성폭력","신문","범죄의 검거 단서[건]","건","","","","","","","","","106","121","32","21","7","18","36","9","21","41","24",
"성폭력","불심검문","범죄의 검거 단서[건]","건","","","","","","","","","128","316","233","223","180","220","131","64","80","116","32",
"성폭력","탐문정보","범죄의 검거 단서[건]","건","","","","","","","","","4197","4191","2386","1848","1177","777","606","658","655","407","402",
"성폭력","안면식별","범죄의 검거 단서[건]","건","","","","","","","","","18","17","4","5","1","2","2","2","1","3","1",
"성폭력","감식자료","범죄의 검거 단서[건]","건","","","","","","","","","134","58","33","28","45","23","16","22","17","14","9",
"성폭력","변사체","범죄의 검거 단서[건]","건","","","","","","","","","6","9","9","7","12","4","4","4","6","2","7",
"성폭력","범죄수법","범죄의 검거 단서[건]","건","","","","","","","","","15","23","13","2","7","10","14","1","12","6","3",
"성폭력","발자국","범죄의 검거 단서[건]","건","","","","","","","","","-","-","-","","-","-","1","-","0","-","-",
"성폭력","검사지휘","범죄의 검거 단서[건]","건","","","","","","","","","17","37","32","31","93","72","77","17","4","1","3",
"성폭력","타기관에서 이송","범죄의 검거 단서[건]","건","","","","","","","","","9","14","6","22","9","30","25","24","69","31","50",
"성폭력","범행도구등 발견","범죄의 검거 단서[건]","건","","","","","","","","","55","27","41","66","32","10","8","9","2","5","7",
"성폭력","장물","범죄의 검거 단서[건]","건","","","","","","","","","-","-","-","","-","-","-","-","0","1","-",
"성폭력","전과조회","범죄의 검거 단서[건]","건","","","","","","","","","3","1","-","1","1","-","1","1","1","3","1",
"성폭력","기타","범죄의 검거 단서[건]","건","","","","","","","","","1675","2072","1305","1486","1611","1517","1305","1737","2012","1784","1994",
"성폭력","미상","범죄의 검거 단서[건]","건","","","","","","","","","240","","","","","","","","","","",
"강력범죄(폭력)","계","범죄의 검거 단서[건]","건","235784","241708","248454","258141","220197","221514","229214","215910","216220","234349","239831","227045","220852","219659","197389","169229","177299","172301","165319",
"강력범죄(폭력)","현행범","범죄의 검거 단서[건]","건","115038","116673","114215","111933","83105","71514","72083","67151","65570","66304","61733","49974","37400","30481","20724","14611","15185","15498","13037",
"강력범죄(폭력)","피해자신고","범죄의 검거 단서[건]","건","69797","75989","84613","91623","84058","98491","105317","103750","105134","119297","131081","131788","133340","138777","127599","111262","116260","109376","102429",
"강력범죄(폭력)","고소","범죄의 검거 단서[건]","건","26286","24308","23316","23696","23042","23286","24281","23354","23526","23583","22512","22160","24713","23852","23113","20228","20287","21602","26179",
"강력범죄(폭력)","고발","범죄의 검거 단서[건]","건","192","190","193","143","191","276","185","119","125","157","132","115","153","157","202","150","148","174","186",
"강력범죄(폭력)","자수","범죄의 검거 단서[건]","건","1383","997","1023","820","457","303","295","239","221","239","243","217","302","319","311","284","343","356","281",
"강력범죄(폭력)","민간체포","범죄의 검거 단서[건]","건","36","35","20","23","24","22","10","11","11","11","6","7","7","15","5","7","3","5","8",
"강력범죄(폭력)","진정투서","범죄의 검거 단서[건]","건","926","1084","1064","1197","1095","1153","1275","1155","1376","1785","1931","2040","1841","1635","1862","1860","2305","2725","3414",
"강력범죄(폭력)","타인신고","범죄의 검거 단서[건]","건","8558","8728","8582","7870","9157","9277","8345","8017","7835","9391","10325","10392","13199","14006","12949","11626","12335","12130","10442",
"강력범죄(폭력)","신문","범죄의 검거 단서[건]","건","133","229","271","199","96","36","27","49","20","26","61","48","43","40","40","45","227","184","301",
"강력범죄(폭력)","불심검문","범죄의 검거 단서[건]","건","738","695","802","874","603","218","155","132","83","97","122","81","49","42","38","36","42","43","53",
"강력범죄(폭력)","탐문정보","범죄의 검거 단서[건]","건","4633","5351","6221","9108","6669","4136","5011","3683","4573","5075","4038","3346","2407","2265","2349","1993","2417","2220","1724",
"강력범죄(폭력)","안면식별","범죄의 검거 단서[건]","건","20","18","31","25","32","17","13","11","18","13","13","12","3","7","10","2","1","7","4",
"강력범죄(폭력)","감식자료","범죄의 검거 단서[건]","건","10","6","5","10","19","20","15","19","22","23","25","24","16","12","7","5","6","10","12",
"강력범죄(폭력)","변사체","범죄의 검거 단서[건]","건","72","69","66","100","57","51","59","63","51","40","39","38","41","45","40","36","29","31","26",
"강력범죄(폭력)","범죄수법","범죄의 검거 단서[건]","건","4","8","3","3","11","18","11","12","14","4","2","19","14","2","-","3","2","2","3",
"강력범죄(폭력)","발자국","범죄의 검거 단서[건]","건","3","3","1","2","4","-","-","-","-","-","1","","-","-","-","-","2","-","-",
"강력범죄(폭력)","검사지휘","범죄의 검거 단서[건]","건","70","87","109","112","272","122","144","129","119","150","109","128","159","193","185","23","5","3","3",
"강력범죄(폭력)","타기관에서 이송","범죄의 검거 단서[건]","건","56","46","41","54","85","50","51","66","49","56","55","61","81","77","58","52","83","89","69",
"강력범죄(폭력)","범행도구등 발견","범죄의 검거 단서[건]","건","7","4","5","84","3","4","6","9","7","8","3","8","1","5","5","10","8","2","5",
"강력범죄(폭력)","장물","범죄의 검거 단서[건]","건","3","1","2","6","-","3","5","5","4","1","-","","1","-","-","-","0","-","1",
"강력범죄(폭력)","전과조회","범죄의 검거 단서[건]","건","23","31","32","32","14","6","4","5","5","6","3","6","3","6","4","5","5","14","6",
"강력범죄(폭력)","기타","범죄의 검거 단서[건]","건","7796","7156","7839","10227","11203","12511","11922","7931","6575","8083","7397","6581","7079","7723","7888","6991","7606","7830","7136",
"강력범죄(폭력)","미상","범죄의 검거 단서[건]","건","","","","","","","","","882","","","","","","","","","","",
"폭행","계","범죄의 검거 단서[건]","건","60641","92486","102915","110756","101541","111179","117287","116005","135187","151816","163367","157449","156169","153802","136274","113647","122652","118512","114935",
"폭행","현행범","범죄의 검거 단서[건]","건","36446","55678","58763","61077","48000","43911","44861","43152","49073","50190","47724","39100","28811","22722","14920","9779","10125","10041","8289",
"폭행","피해자신고","범죄의 검거 단서[건]","건","16678","27219","33307","37446","39133","51308","56559","58371","68729","81370","93998","96363","100598","103987","94981","80627","86321","81539","78016",
"폭행","고소","범죄의 검거 단서[건]","건","2962","3384","3790","4279","4375","4786","5346","5804","7121","7566","8175","8930","10793","10682","10135","9007","9918","10880","13556",
"폭행","고발","범죄의 검거 단서[건]","건","38","77","76","52","107","154","80","37","48","52","38","44","48","68","79","45","49","63","59",
"폭행","자수","범죄의 검거 단서[건]","건","315","309","319","312","193","111","108","90","109","120","117","130","179","207","186","153","219","186","146",
"폭행","민간체포","범죄의 검거 단서[건]","건","2","6","-","3","8","4","2","3","7","9","3","6","5","6","3","2","1","3","4",
"폭행","진정투서","범죄의 검거 단서[건]","건","115","203","230","238","287","306","365","354","489","660","764","880","897","723","846","830","1182","1466","1939",
"폭행","타인신고","범죄의 검거 단서[건]","건","1814","2577","2817","2661","3588","3950","3535","3433","4313","5622","6525","6643","9025","9342","8682","7522","8160","7936","6887",
"폭행","신문","범죄의 검거 단서[건]","건","34","36","30","45","29","12","7","9","4","15","41","36","26","27","28","31","167","137","231",
"폭행","불심검문","범죄의 검거 단서[건]","건","45","78","135","160","138","46","37","29","29","38","56","31","21","16","12","18","14","26","39",
"폭행","탐문정보","범죄의 검거 단서[건]","건","440","647","823","1178","773","668","684","573","873","1391","1323","1226","1154","1095","1273","1067","1508","1086","1069",
"폭행","안면식별","범죄의 검거 단서[건]","건","4","5","3","7","7","1","4","4","3","7","5","8","1","2","4","1","1","3","3",
"폭행","감식자료","범죄의 검거 단서[건]","건","1","1","-","2","7","6","5","9","7","14","13","15","11","8","4","3","1","4","4",
"폭행","변사체","범죄의 검거 단서[건]","건","27","36","27","53","31","26","30","27","28","20","22","18","27","25","24","18","15","18","13",
"폭행","범죄수법","범죄의 검거 단서[건]","건","-","-","-","1","1","1","1","-","7","-","1","1","-","-","-","1","1","-","-",
"폭행","발자국","범죄의 검거 단서[건]","건","-","-","-","1","2","-","-","-","-","-","-","","-","-","-","-","2","-","-",
"폭행","검사지휘","범죄의 검거 단서[건]","건","6","12","18","18","37","24","25","24","35","39","28","41","53","78","63","11","4","-","1",
"폭행","타기관에서 이송","범죄의 검거 단서[건]","건","13","14","16","10","24","13","13","18","25","22","27","30","48","40","34","24","46","56","43",
"폭행","범행도구등 발견","범죄의 검거 단서[건]","건","1","1","1","-","-","1","-","-","4","4","1","1","-","2","-","4","4","1","2",
"폭행","장물","범죄의 검거 단서[건]","건","-","-","1","-","-","-","-","-","-","-","-","","1","-","-","-","0","-","-",
"폭행","전과조회","범죄의 검거 단서[건]","건","-","6","9","10","6","1","1","3","1","2","2","2","2","4","3","4","2","13","5",
"폭행","기타","범죄의 검거 단서[건]","건","1700","2197","2550","3203","4795","5850","5624","4065","3971","4675","4504","3944","4469","4768","4997","4500","4912","5054","4629",
"폭행","미상","범죄의 검거 단서[건]","건","","","","","","","","","311","","","","","","","","","","",
"상해","계","범죄의 검거 단서[건]","건","77495","89750","83841","80253","66607","62394","59728","53622","62739","60368","54261","48031","42447","39275","34982","29968","28403","24282","20738",
"상해","현행범","범죄의 검거 단서[건]","건","33102","36857","32032","28209","19031","14631","13623","11501","13164","11977","10141","7634","5513","4508","3185","2427","2353","2253","1753",
"상해","피해자신고","범죄의 검거 단서[건]","건","23521","29971","30158","30385","25882","27115","26659","25181","30112","29612","27379","25285","22224","21195","19201","16801","15705","12684","10278",
"상해","고소","범죄의 검거 단서[건]","건","13290","14043","13088","13041","12938","12591","12742","11505","12394","11345","9891","8899","8591","7451","6865","5606","5072","4672","4721",
"상해","고발","범죄의 검거 단서[건]","건","54","57","47","43","39","43","38","34","44","43","33","26","34","25","33","27","24","22","27",
"상해","자수","범죄의 검거 단서[건]","건","465","412","403","297","137","92","95","63","88","97","97","65","98","81","94","81","81","99","71",
"상해","민간체포","범죄의 검거 단서[건]","건","5","5","3","4","5","3","1","2","3","1","2","1","1","4","2","-","1","2","2",
"상해","진정투서","범죄의 검거 단서[건]","건","421","555","525","446","496","532","520","456","522","548","603","516","424","318","322","314","393","417","422",
"상해","타인신고","범죄의 검거 단서[건]","건","2851","3418","3105","2713","2911","2796","2361","2211","3113","3208","3260","3116","3453","3655","3282","3033","2979","2774","2237",
"상해","신문","범죄의 검거 단서[건]","건","36","75","65","51","43","11","12","10","12","7","15","8","9","7","7","8","29","18","37",
"상해","불심검문","범죄의 검거 단서[건]","건","211","262","300","238","195","62","48","49","39","38","44","29","11","4","9","5","9","7","6",
"상해","탐문정보","범죄의 검거 단서[건]","건","976","1404","1401","1898","1534","1116","677","611","954","1206","1043","803","559","492","445","423","431","225","215",
"상해","안면식별","범죄의 검거 단서[건]","건","1","7","11","11","6","7","3","4","7","5","6","2","1","-","1","1","0","4","1",
"상해","감식자료","범죄의 검거 단서[건]","건","1","1","1","1","4","5","5","2","6","6","5","3","2","3","1","-","2","3","6",
"상해","변사체","범죄의 검거 단서[건]","건","38","25","32","29","19","21","20","24","22","19","16","20","12","19","13","16","12","10","13",
"상해","범죄수법","범죄의 검거 단서[건]","건","-","1","-","-","2","-","2","1","2","2","-","1","1","-","-","-","0","-","1",
"상해","발자국","범죄의 검거 단서[건]","건","1","2","-","1","2","-","-","-","-","-","1","","-","-","-","-","0","-","-",
"상해","검사지휘","범죄의 검거 단서[건]","건","25","30","33","29","105","41","48","36","38","61","35","39","53","49","44","5","0","-","-",
"상해","타기관에서 이송","범죄의 검거 단서[건]","건","20","20","14","20","33","11","19","16","21","24","15","21","24","21","13","14","23","20","12",
"상해","범행도구등 발견","범죄의 검거 단서[건]","건","1","-","2","1","-","1","-","1","2","2","-","2","1","1","4","2","1","-","-",
"상해","장물","범죄의 검거 단서[건]","건","-","-","-","-","-","1","-","-","-","-","-","","-","-","-","-","0","-","-",
"상해","전과조회","범죄의 검거 단서[건]","건","13","15","7","9","2","4","1","1","4","3","1","3","-","2","-","-","2","-","-",
"상해","기타","범죄의 검거 단서[건]","건","2463","2590","2614","2827","3223","3311","2854","1914","1822","2164","1674","1558","1436","1440","1461","1205","1286","1072","936",
"상해","미상","범죄의 검거 단서[건]","건","","","","","","","","","370","","","","","","","","","","",
"협박","계","범죄의 검거 단서[건]","건","2657","3003","3506","3896","2999","3209","4052","4120","8362","13062","15496","15063","16570","20271","20254","20084","20708","22447","23390",
"협박","현행범","범죄의 검거 단서[건]","건","437","555","568","616","369","340","538","568","2020","2989","3284","2746","2748","2951","2375","2192","2532","2960","2767",
"협박","피해자신고","범죄의 검거 단서[건]","건","443","565","723","822","603","720","981","1067","2926","5358","7426","7727","8355","11154","11233","11561","11941","12501","11942",
"협박","고소","범죄의 검거 단서[건]","건","1499","1514","1627","1799","1592","1720","2034","2034","2441","3068","3012","2925","3712","3943","4267","3931","3606","4042","5612",
"협박","고발","범죄의 검거 단서[건]","건","11","8","17","7","10","7","13","8","12","20","18","16","27","22","26","27","26","33","51",
"협박","자수","범죄의 검거 단서[건]","건","16","11","13","11","4","1","1","1","7","9","21","14","19","20","21","38","31","61","52",
"협박","민간체포","범죄의 검거 단서[건]","건","-","-","2","-","-","-","-","-","-","-","1","","1","2","-","-","1","-","1",
"협박","진정투서","범죄의 검거 단서[건]","건","77","105","114","134","106","130","173","139","179","371","334","317","291","289","347","349","385","526","703",
"협박","타인신고","범죄의 검거 단서[건]","건","24","15","22","17","29","19","31","18","130","270","318","358","466","715","746","829","893","1089","1012",
"협박","신문","범죄의 검거 단서[건]","건","2","3","1","16","3","-","-","-","2","1","2","2","1","4","4","5","24","19","19",
"협박","불심검문","범죄의 검거 단서[건]","건","6","10","13","10","3","5","-","4","1","11","13","16","16","20","15","13","17","7","6",
"협박","탐문정보","범죄의 검거 단서[건]","건","55","109","299","182","107","77","100","112","312","450","382","281","195","182","180","212","193","169","147",
"협박","안면식별","범죄의 검거 단서[건]","건","-","-","-","-","-","-","-","-","-","-","-","","-","-","-","-","0","-","-",
"협박","감식자료","범죄의 검거 단서[건]","건","-","-","-","-","-","1","-","-","-","1","2","","-","-","1","2","1","2","1",
"협박","변사체","범죄의 검거 단서[건]","건","-","-","1","-","1","-","1","1","-","-","1","","1","1","2","-","1","1","-",
"협박","범죄수법","범죄의 검거 단서[건]","건","-","-","1","-","1","-","-","-","-","1","-","","1","-","-","-","0","1","-",
"협박","발자국","범죄의 검거 단서[건]","건","-","-","-","-","-","-","-","-","-","-","-","","-","-","-","-","0","-","-",
"협박","검사지휘","범죄의 검거 단서[건]","건","3","6","7","14","24","12","11","16","15","21","22","26","33","44","38","5","1","1","1",
"협박","타기관에서 이송","범죄의 검거 단서[건]","건","1","-","1","3","6","4","1","2","-","7","8","4","7","5","8","5","8","9","9",
"협박","범행도구등 발견","범죄의 검거 단서[건]","건","-","-","-","1","-","-","-","-","-","2","2","4","-","2","1","4","3","1","2",
"협박","장물","범죄의 검거 단서[건]","건","-","-","-","-","-","-","-","-","1","-","-","","-","-","-","-","0","-","-",
"협박","전과조회","범죄의 검거 단서[건]","건","-","1","2","-","-","-","-","-","-","1","-","","1","-","-","-","1","-","-",
"협박","기타","범죄의 검거 단서[건]","건","83","101","95","264","141","173","168","150","236","482","650","627","696","917","990","911","1044","1025","1065",
"협박","미상","범죄의 검거 단서[건]","건","","","","","","","","","80","","","","","","","","","","",
"공갈","계","범죄의 검거 단서[건]","건","2088","2413","3321","5513","3901","3334","4959","2972","5428","4511","4007","3748","3232","3654","3284","2768","2777","4046","3559",
"공갈","현행범","범죄의 검거 단서[건]","건","207","199","311","321","226","164","186","130","225","171","183","103","68","76","43","33","32","43","43",
"공갈","피해자신고","범죄의 검거 단서[건]","건","634","680","971","1952","1339","1277","1939","1019","1509","1065","1223","1189","1121","1206","1028","914","929","1186","1005",
"공갈","고소","범죄의 검거 단서[건]","건","530","552","538","585","538","637","647","693","822","864","838","866","1071","1191","1131","1042","1049","1349","1551",
"공갈","고발","범죄의 검거 단서[건]","건","5","9","6","9","11","13","20","8","6","15","23","18","23","14","37","21","19","21","26",
"공갈","자수","범죄의 검거 단서[건]","건","21","11","18","14","17","8","10","3","7","2","2","4","1","3","2","2","6","6","10",
"공갈","민간체포","범죄의 검거 단서[건]","건","3","4","-","-","1","1","1","1","-","-","-","","-","-","-","4","0","-","-",
"공갈","진정투서","범죄의 검거 단서[건]","건","41","32","39","52","48","36","66","71","147","175","195","303","194","280","317","329","286","262","285",
"공갈","타인신고","범죄의 검거 단서[건]","건","34","48","55","81","83","61","71","51","49","42","47","80","59","80","67","47","63","105","88",
"공갈","신문","범죄의 검거 단서[건]","건","5","68","16","15","4","2","1","2","1","-","2","2","4","-","-","-","4","8","14",
"공갈","불심검문","범죄의 검거 단서[건]","건","20","26","37","76","66","18","16","7","7","7","5","3","-","2","2","-","1","1","2",
"공갈","탐문정보","범죄의 검거 단서[건]","건","404","587","1058","1891","1226","575","1273","772","2151","1741","1093","867","356","371","373","159","179","591","183",
"공갈","안면식별","범죄의 검거 단서[건]","건","4","1","1","2","1","-","-","-","-","-","1","1","-","1","3","-","0","-","-",
"공갈","감식자료","범죄의 검거 단서[건]","건","-","-","-","-","1","-","-","-","4","1","1","4","-","-","-","-","1","1","1",
"공갈","변사체","범죄의 검거 단서[건]","건","-","-","-","-","-","-","-","-","-","-","-","","1","-","1","1","1","1","-",
"공갈","범죄수법","범죄의 검거 단서[건]","건","2","5","-","1","2","5","2","1","-","-","1","17","12","2","-","1","1","1","2",
"공갈","발자국","범죄의 검거 단서[건]","건","-","-","-","-","-","-","-","-","-","-","-","","-","-","-","-","0","-","-",
"공갈","검사지휘","범죄의 검거 단서[건]","건","5","-","8","7","18","9","9","12","15","12","17","8","13","19","25","2","0","2","1",
"공갈","타기관에서 이송","범죄의 검거 단서[건]","건","2","-","1","4","1","1","1","2","1","2","3","4","1","8","2","5","0","3","3",
"공갈","범행도구등 발견","범죄의 검거 단서[건]","건","-","-","-","-","-","-","1","-","-","-","-","1","-","-","-","-","0","-","1",
"공갈","장물","범죄의 검거 단서[건]","건","1","-","-","1","-","1","1","-","3","1","-","","-","-","-","-","0","-","1",
"공갈","전과조회","범죄의 검거 단서[건]","건","-","1","1","2","1","-","-","-","-","-","-","1","-","-","1","1","0","1","-",
"공갈","기타","범죄의 검거 단서[건]","건","170","190","261","500","318","526","715","200","418","413","373","277","308","401","252","207","206","465","343",
"공갈","미상","범죄의 검거 단서[건]","건","","","","","","","","","63","","","","","","","","","","",
"약취와유인","계","범죄의 검거 단서[건]","건","163","162","206","473","182","226","183","158","178","186","193","199","174","232","195","227","256","328","293",
"약취와유인","현행범","범죄의 검거 단서[건]","건","16","35","45","38","22","29","21","19","8","15","20","15","12","10","6","8","7","20","17",
"약취와유인","피해자신고","범죄의 검거 단서[건]","건","37","41","56","82","62","56","71","44","48","59","73","82","72","95","71","88","100","156","125",
"약취와유인","고소","범죄의 검거 단서[건]","건","40","23","32","36","22","31","33","38","41","51","34","46","32","57","55","48","62","64","72",
"약취와유인","고발","범죄의 검거 단서[건]","건","-","-","1","-","-","1","-","-","3","1","1","1","3","1","4","2","3","7","4",
"약취와유인","자수","범죄의 검거 단서[건]","건","2","1","2","2","2","-","-","1","2","-","1","","1","1","-","-","0","-","-",
"약취와유인","민간체포","범죄의 검거 단서[건]","건","-","-","-","-","-","-","-","-","-","-","-","","-","-","-","-","0","-","-",
"약취와유인","진정투서","범죄의 검거 단서[건]","건","2","1","2","183","4","1","1","1","1","1","1","4","2","-","2","5","6","2","4",
"약취와유인","타인신고","범죄의 검거 단서[건]","건","6","12","11","27","9","20","9","13","21","14","14","24","20","33","32","29","35","30","38",
"약취와유인","신문","범죄의 검거 단서[건]","건","-","-","-","2","1","-","-","-","1","-","-","","-","-","-","-","0","-","-",
"약취와유인","불심검문","범죄의 검거 단서[건]","건","1","-","2","5","3","-","-","1","3","1","1","","-","-","-","-","0","1","-",
"약취와유인","탐문정보","범죄의 검거 단서[건]","건","52","32","36","55","34","60","24","23","29","13","19","9","17","13","5","16","18","17","8",
"약취와유인","안면식별","범죄의 검거 단서[건]","건","-","-","-","1","-","-","-","-","1","-","1","","-","-","-","-","0","-","-",
"약취와유인","감식자료","범죄의 검거 단서[건]","건","-","-","1","-","-","-","-","-","-","-","-","","-","-","-","-","0","-","-",
"약취와유인","변사체","범죄의 검거 단서[건]","건","-","-","-","2","-","-","-","-","-","-","-","","-","-","-","1","0","1","-",
"약취와유인","범죄수법","범죄의 검거 단서[건]","건","-","-","-","-","-","-","-","-","-","-","-","","-","-","-","-","0","-","-",
"약취와유인","발자국","범죄의 검거 단서[건]","건","-","-","-","-","-","-","-","-","-","-","-","","-","-","-","-","0","-","-",
"약취와유인","검사지휘","범죄의 검거 단서[건]","건","-","8","-","-","-","-","-","1","1","1","-","1","-","1","1","-","0","-","-",
"약취와유인","타기관에서 이송","범죄의 검거 단서[건]","건","-","-","1","1","-","1","-","-","-","-","1","","-","1","-","1","1","-","-",
"약취와유인","범행도구등 발견","범죄의 검거 단서[건]","건","-","-","-","-","-","-","-","-","-","-","-","","-","-","-","-","0","-","-",
"약취와유인","장물","범죄의 검거 단서[건]","건","-","-","-","-","-","-","-","-","-","-","-","","-","-","-","-","0","-","-",
"약취와유인","전과조회","범죄의 검거 단서[건]","건","-","-","-","-","-","-","-","-","-","-","-","","-","-","-","-","0","-","-",
"약취와유인","기타","범죄의 검거 단서[건]","건","7","9","17","39","23","27","24","17","14","30","27","17","15","20","19","29","24","30","25",
"약취와유인","미상","범죄의 검거 단서[건]","건","","","","","","","","","5","","","","","","","","","","",
"체포와감금","계","범죄의 검거 단서[건]","건","574","668","765","810","702","735","802","867","1136","1289","1482","1643","1387","1454","1355","1294","1251","1193","1096",
"체포와감금","현행범","범죄의 검거 단서[건]","건","92","133","139","123","92","80","109","122","156","197","251","277","187","157","138","121","98","122","112",
"체포와감금","피해자신고","범죄의 검거 단서[건]","건","146","194","239","284","218","244","262","319","401","468","615","754","617","705","603","658","594","556","447",
"체포와감금","고소","범죄의 검거 단서[건]","건","223","225","222","240","218","262","270","265","344","307","319","286","294","276","351","266","286","261","309",
"체포와감금","고발","범죄의 검거 단서[건]","건","4","4","12","2","4","11","9","5","6","10","15","7","15","16","9","10","8","13","12",
"체포와감금","자수","범죄의 검거 단서[건]","건","3","4","1","4","2","1","-","4","-","1","2","1","1","1","1","3","2","1","1",
"체포와감금","민간체포","범죄의 검거 단서[건]","건","-","-","-","-","-","1","-","-","-","-","-","","-","-","-","-","0","-","-",
"체포와감금","진정투서","범죄의 검거 단서[건]","건","2","5","2","4","4","6","12","8","18","11","17","7","17","13","13","12","26","16","23",
"체포와감금","타인신고","범죄의 검거 단서[건]","건","27","45","41","40","64","52","58","45","91","120","136","152","139","149","117","124","142","131","130",
"체포와감금","신문","범죄의 검거 단서[건]","건","1","-","-","2","1","-","1","-","-","3","1","","1","-","-","-","0","-","-",
"체포와감금","불심검문","범죄의 검거 단서[건]","건","4","1","7","2","4","1","3","1","1","-","1","2","1","-","-","-","1","1","-",
"체포와감금","탐문정보","범죄의 검거 단서[건]","건","36","27","65","47","43","24","26","35","62","64","43","49","33","27","20","32","19","18","11",
"체포와감금","안면식별","범죄의 검거 단서[건]","건","-","-","1","-","2","-","-","-","-","-","-","","-","-","1","-","0","-","-",
"체포와감금","감식자료","범죄의 검거 단서[건]","건","-","-","-","-","-","-","-","-","-","-","-","","-","-","-","-","0","-","-",
"체포와감금","변사체","범죄의 검거 단서[건]","건","-","1","1","1","1","2","-","2","1","1","-","","-","-","-","-","0","-","-",
"체포와감금","범죄수법","범죄의 검거 단서[건]","건","-","1","-","-","1","-","-","-","-","-","-","","-","-","-","-","0","-","-",
"체포와감금","발자국","범죄의 검거 단서[건]","건","-","-","-","-","-","-","-","-","-","-","-","","-","-","-","-","0","-","-",
"체포와감금","검사지휘","범죄의 검거 단서[건]","건","1","2","4","3","5","1","4","3","11","6","5","10","3","2","9","-","0","-","-",
"체포와감금","타기관에서 이송","범죄의 검거 단서[건]","건","-","-","1","-","1","-","2","1","-","1","1","1","1","1","-","2","3","1","1",
"체포와감금","범행도구등 발견","범죄의 검거 단서[건]","건","-","-","-","-","-","-","-","-","-","-","-","","-","-","-","-","0","-","-",
"체포와감금","장물","범죄의 검거 단서[건]","건","-","-","-","-","-","-","-","-","-","-","-","","-","-","-","-","0","-","-",
"체포와감금","전과조회","범죄의 검거 단서[건]","건","-","1","1","-","-","-","-","-","-","-","-","","-","-","-","-","0","-","-",
"체포와감금","기타","범죄의 검거 단서[건]","건","35","25","29","58","42","50","46","57","24","100","76","97","78","107","93","66","72","73","50",
"체포와감금","미상","범죄의 검거 단서[건]","건","","","","","","","","","21","","","","","","","","","","",
"폭력행위등(손괴,강요,주거침입등)","계","범죄의 검거 단서[건]","건","","","","","","","","","2066","2061","835","783","711","810","917","1128","1138","1370","1174",
"폭력행위등(손괴,강요,주거침입등)","현행범","범죄의 검거 단서[건]","건","","","","","","","","","531","460","105","92","47","51","54","50","36","57","49",
"폭력행위등(손괴,강요,주거침입등)","피해자신고","범죄의 검거 단서[건]","건","","","","","","","","","903","925","323","373","322","401","455","589","645","726","599",
"폭력행위등(손괴,강요,주거침입등)","고소","범죄의 검거 단서[건]","건","","","","","","","","","309","320","234","202","211","231","294","317","283","322","347",
"폭력행위등(손괴,강요,주거침입등)","고발","범죄의 검거 단서[건]","건","","","","","","","","","6","15","4","3","3","10","14","18","15","14","7",
"폭력행위등(손괴,강요,주거침입등)","자수","범죄의 검거 단서[건]","건","","","","","","","","","5","5","3","1","-","2","-","-","0","1","1",
"폭력행위등(손괴,강요,주거침입등)","민간체포","범죄의 검거 단서[건]","건","","","","","","","","","1","1","-","","-","3","-","1","0","-","1",
"폭력행위등(손괴,강요,주거침입등)","진정투서","범죄의 검거 단서[건]","건","","","","","","","","","18","18","15","13","15","12","14","20","26","34","34",
"폭력행위등(손괴,강요,주거침입등)","타인신고","범죄의 검거 단서[건]","건","","","","","","","","","60","68","19","14","25","22","20","41","53","59","44",
"폭력행위등(손괴,강요,주거침입등)","신문","범죄의 검거 단서[건]","건","","","","","","","","","-","-","-","","1","-","1","1","2","2","-",
"폭력행위등(손괴,강요,주거침입등)","불심검문","범죄의 검거 단서[건]","건","","","","","","","","","2","2","1","","-","-","-","-","0","-","-",
"폭력행위등(손괴,강요,주거침입등)","탐문정보","범죄의 검거 단서[건]","건","","","","","","","","","144","100","52","38","30","25","15","35","38","84","41",
"폭력행위등(손괴,강요,주거침입등)","안면식별","범죄의 검거 단서[건]","건","","","","","","","","","7","1","-","1","-","2","1","-","0","-","-",
"폭력행위등(손괴,강요,주거침입등)","감식자료","범죄의 검거 단서[건]","건","","","","","","","","","4","1","4","2","2","1","1","-","1","-","-",
"폭력행위등(손괴,강요,주거침입등)","변사체","범죄의 검거 단서[건]","건","","","","","","","","","-","-","-","","-","-","-","-","0","-","-",
"폭력행위등(손괴,강요,주거침입등)","범죄수법","범죄의 검거 단서[건]","건","","","","","","","","","4","1","-","","-","-","-","-","0","-","-",
"폭력행위등(손괴,강요,주거침입등)","발자국","범죄의 검거 단서[건]","건","","","","","","","","","-","-","-","","-","-","-","-","0","-","-",
"폭력행위등(손괴,강요,주거침입등)","검사지휘","범죄의 검거 단서[건]","건","","","","","","","","","2","9","2","3","4","-","4","-","0","-","-",
"폭력행위등(손괴,강요,주거침입등)","타기관에서 이송","범죄의 검거 단서[건]","건","","","","","","","","","1","-","-","1","-","-","-","1","2","-","1",
"폭력행위등(손괴,강요,주거침입등)","범행도구등 발견","범죄의 검거 단서[건]","건","","","","","","","","","1","-","-","","-","-","-","-","0","-","-",
"폭력행위등(손괴,강요,주거침입등)","장물","범죄의 검거 단서[건]","건","","","","","","","","","-","-","-","","-","-","-","-","0","-","-",
"폭력행위등(손괴,강요,주거침입등)","전과조회","범죄의 검거 단서[건]","건","","","","","","","","","-","-","-","","-","-","-","-","0","-","1",
"폭력행위등(손괴,강요,주거침입등)","기타","범죄의 검거 단서[건]","건","","","","","","","","","48","135","73","40","51","50","44","55","37","71","49",
"폭력행위등(손괴,강요,주거침입등)","미상","범죄의 검거 단서[건]","건","","","","","","","","","20","","","","","","","","","","",
"폭력행위등(단체등의구성?활동)","계","범죄의 검거 단서[건]","건","161","207","421","432","1381","2430","2161","1241","1124","1056","190","129","162","161","128","113","114","123","134",
"폭력행위등(단체등의구성?활동)","현행범","범죄의 검거 단서[건]","건","16","3","41","79","501","799","706","432","393","305","25","7","14","6","3","1","2","2","7",
"폭력행위등(단체등의구성?활동)","피해자신고","범죄의 검거 단서[건]","건","17","8","53","133","517","1084","894","512","506","440","44","15","31","34","27","24","25","28","17",
"폭력행위등(단체등의구성?활동)","고소","범죄의 검거 단서[건]","건","50","1","14","21","66","110","142","66","54","62","9","6","9","21","15","11","11","12","11",
"폭력행위등(단체등의구성?활동)","고발","범죄의 검거 단서[건]","건","2","1","1","-","-","5","1","1","-","1","-","","-","1","-","-","4","1","-",
"폭력행위등(단체등의구성?활동)","자수","범죄의 검거 단서[건]","건","4","3","5","5","3","7","5","3","3","5","-","2","3","4","7","7","4","2","-",
"폭력행위등(단체등의구성?활동)","민간체포","범죄의 검거 단서[건]","건","-","-","-","-","1","-","-","-","-","-","-","","-","-","-","-","0","-","-",
"폭력행위등(단체등의구성?활동)","진정투서","범죄의 검거 단서[건]","건","4","-","-","2","6","3","3","2","2","1","2","","1","-","1","1","1","2","4",
"폭력행위등(단체등의구성?활동)","타인신고","범죄의 검거 단서[건]","건","4","1","9","7","90","157","104","76","58","47","6","5","12","10","3","1","10","6","6",
"폭력행위등(단체등의구성?활동)","신문","범죄의 검거 단서[건]","건","-","-","-","-","-","2","-","1","-","-","-","","1","2","-","-","1","-","-",
"폭력행위등(단체등의구성?활동)","불심검문","범죄의 검거 단서[건]","건","5","4","8","5","7","6","4","-","1","-","1","","-","-","-","-","0","-","-",
"폭력행위등(단체등의구성?활동)","탐문정보","범죄의 검거 단서[건]","건","43","164","241","118","93","79","102","58","48","110","83","73","63","60","38","49","31","30","50",
"폭력행위등(단체등의구성?활동)","안면식별","범죄의 검거 단서[건]","건","-","-","-","-","-","1","1","-","-","-","-","","1","2","-","-","0","-","-",
"폭력행위등(단체등의구성?활동)","감식자료","범죄의 검거 단서[건]","건","-","-","-","-","-","-","-","-","1","-","-","","1","-","-","-","0","-","-",
"폭력행위등(단체등의구성?활동)","변사체","범죄의 검거 단서[건]","건","-","-","-","1","1","-","-","1","-","-","-","","-","-","-","-","0","-","-",
"폭력행위등(단체등의구성?활동)","범죄수법","범죄의 검거 단서[건]","건","-","-","-","-","-","-","-","-","1","-","-","","-","-","-","1","0","-","-",
"폭력행위등(단체등의구성?활동)","발자국","범죄의 검거 단서[건]","건","-","-","-","-","-","-","-","-","-","-","-","","-","-","-","-","0","-","-",
"폭력행위등(단체등의구성?활동)","검사지휘","범죄의 검거 단서[건]","건","-","-","-","2","2","2","1","-","2","1","-","","-","-","1","-","0","-","-",
"폭력행위등(단체등의구성?활동)","타기관에서 이송","범죄의 검거 단서[건]","건","-","-","-","-","-","1","1","-","1","-","-","","-","1","1","-","0","-","-",
"폭력행위등(단체등의구성?활동)","범행도구등 발견","범죄의 검거 단서[건]","건","-","-","-","-","-","-","-","-","-","-","-","","-","-","-","-","0","-","-",
"폭력행위등(단체등의구성?활동)","장물","범죄의 검거 단서[건]","건","-","-","-","-","-","-","-","-","-","-","-","","-","-","-","-","0","-","-",
"폭력행위등(단체등의구성?활동)","전과조회","범죄의 검거 단서[건]","건","-","-","-","1","-","-","-","-","-","-","-","","-","-","-","-","0","-","-",
"폭력행위등(단체등의구성?활동)","기타","범죄의 검거 단서[건]","건","16","22","49","58","94","174","197","89","42","84","20","21","26","20","32","18","25","40","39",
"폭력행위등(단체등의구성?활동)","미상","범죄의 검거 단서[건]","건","","","","","","","","","12","","","","","","","","","","",
"폭력행위등처벌에관한법률위반","계","범죄의 검거 단서[건]","건","92005","53019","53479","56008","42884","38007","40042","36925","","","","","","","","","","","",
"폭력행위등처벌에관한법률위반","현행범","범죄의 검거 단서[건]","건","44722","23213","22316","21470","14864","11560","12039","11227","","","","","","","","","","","",
"폭력행위등처벌에관한법률위반","피해자신고","범죄의 검거 단서[건]","건","28321","17311","19106","20519","16304","16687","17952","17237","","","","","","","","","","","",
"폭력행위등처벌에관한법률위반","고소","범죄의 검거 단서[건]","건","7692","4566","4005","3695","3293","3149","3067","2949","","","","","","","","","","","",
"폭력행위등처벌에관한법률위반","고발","범죄의 검거 단서[건]","건","78","34","33","30","20","42","24","26","","","","","","","","","","","",
"폭력행위등처벌에관한법률위반","자수","범죄의 검거 단서[건]","건","557","246","262","175","99","83","76","74","","","","","","","","","","","",
"폭력행위등처벌에관한법률위반","민간체포","범죄의 검거 단서[건]","건","26","20","15","16","9","13","6","5","","","","","","","","","","","",
"폭력행위등처벌에관한법률위반","진정투서","범죄의 검거 단서[건]","건","264","183","152","138","144","139","135","124","","","","","","","","","","","",
"폭력행위등처벌에관한법률위반","타인신고","범죄의 검거 단서[건]","건","3798","2612","2522","2324","2383","2222","2176","2170","","","","","","","","","","","",
"폭력행위등처벌에관한법률위반","신문","범죄의 검거 단서[건]","건","55","47","159","68","15","9","6","27","","","","","","","","","","","",
"폭력행위등처벌에관한법률위반","불심검문","범죄의 검거 단서[건]","건","446","314","300","378","187","80","47","41","","","","","","","","","","","",
"폭력행위등처벌에관한법률위반","탐문정보","범죄의 검거 단서[건]","건","2627","2381","2298","3739","2859","1537","2125","1499","","","","","","","","","","","",
"폭력행위등처벌에관한법률위반","안면식별","범죄의 검거 단서[건]","건","11","5","15","4","16","8","5","3","","","","","","","","","","","",
"폭력행위등처벌에관한법률위반","감식자료","범죄의 검거 단서[건]","건","8","4","3","7","7","8","5","8","","","","","","","","","","","",
"폭력행위등처벌에관한법률위반","변사체","범죄의 검거 단서[건]","건","7","7","5","14","4","2","8","8","","","","","","","","","","","",
"폭력행위등처벌에관한법률위반","범죄수법","범죄의 검거 단서[건]","건","2","1","2","1","4","12","6","10","","","","","","","","","","","",
"폭력행위등처벌에관한법률위반","발자국","범죄의 검거 단서[건]","건","2","1","1","-","-","-","-","-","","","","","","","","","","","",
"폭력행위등처벌에관한법률위반","검사지휘","범죄의 검거 단서[건]","건","30","29","39","39","81","33","46","37","","","","","","","","","","","",
"폭력행위등처벌에관한법률위반","타기관에서 이송","범죄의 검거 단서[건]","건","20","12","7","16","20","19","14","27","","","","","","","","","","","",
"폭력행위등처벌에관한법률위반","범행도구등 발견","범죄의 검거 단서[건]","건","5","3","2","82","3","2","5","8","","","","","","","","","","","",
"폭력행위등처벌에관한법률위반","장물","범죄의 검거 단서[건]","건","2","1","1","5","-","1","4","5","","","","","","","","","","","",
"폭력행위등처벌에관한법률위반","전과조회","범죄의 검거 단서[건]","건","10","7","12","10","5","1","2","1","","","","","","","","","","","",
"폭력행위등처벌에관한법률위반","기타","범죄의 검거 단서[건]","건","3322","2022","2224","3278","2567","2400","2294","1439","","","","","","","","","","","",
"위조범죄","계","범죄의 검거 단서[건]","건","22815","19679","22913","21765","16486","15269","14446","14068","14200","15921","14078","14489","14072","12968","11620","9843","9582","10999","12044",
"위조범죄","현행범","범죄의 검거 단서[건]","건","790","654","801","554","212","205","223","289","224","274","248","173","121","115","64","67","75","70","77",
"위조범죄","피해자신고","범죄의 검거 단서[건]","건","339","315","371","920","331","240","325","295","390","444","359","565","336","288","265","282","305","405","384",
"위조범죄","고소","범죄의 검거 단서[건]","건","8212","7397","6972","7087","6305","6504","6871","6833","6873","7060","6749","5986","6005","6138","5881","4637","4430","4833","5096",
"위조범죄","고발","범죄의 검거 단서[건]","건","1902","2147","2468","2872","2721","2300","1539","2088","1260","1252","1011","921","1003","1115","1088","1025","1201","2047","2296",
"위조범죄","자수","범죄의 검거 단서[건]","건","3272","180","371","144","90","95","43","46","28","33","20","12","15","17","20","8","20","20","22",
"위조범죄","민간체포","범죄의 검거 단서[건]","건","3","2","10","-","4","6","8","13","4","3","2","2","-","1","-","-","0","1","-",
"위조범죄","진정투서","범죄의 검거 단서[건]","건","520","570","774","629","550","583","557","763","1032","1188","1142","752","624","557","530","530","610","783","893",
"위조범죄","타인신고","범죄의 검거 단서[건]","건","499","614","781","697","566","585","815","697","684","710","896","958","786","796","731","415","777","811","1350",
"위조범죄","신문","범죄의 검거 단서[건]","건","109","89","165","113","269","18","5","12","12","36","36","35","25","41","27","19","17","30","20",
"위조범죄","불심검문","범죄의 검거 단서[건]","건","349","408","465","1247","257","138","127","134","88","112","235","343","147","92","87","32","48","46","139",
"위조범죄","탐문정보","범죄의 검거 단서[건]","건","3353","3954","5491","2783","1850","1284","709","498","381","754","326","1213","1457","372","150","408","108","77","122",
"위조범죄","안면식별","범죄의 검거 단서[건]","건","9","4","5","3","2","-","2","-","-","1","-","","-","1","-","-","0","-","-",
"위조범죄","감식자료","범죄의 검거 단서[건]","건","5","4","4","11","4","6","3","-","7","6","2","2","4","3","-","2","3","1","-",
"위조범죄","변사체","범죄의 검거 단서[건]","건","1","2","1","1","2","-","-","1","-","-","-","","-","-","-","2","0","-","-",
"위조범죄","범죄수법","범죄의 검거 단서[건]","건","7","3","1","4","1","2","4","-","4","2","24","29","6","8","5","4","1","-","-",
"위조범죄","발자국","범죄의 검거 단서[건]","건","-","-","-","-","-","-","-","-","-","-","-","","-","-","-","-","0","-","-",
"위조범죄","검사지휘","범죄의 검거 단서[건]","건","71","62","51","64","107","46","45","59","59","83","46","41","71","71","92","40","19","14","15",
"위조범죄","타기관에서 이송","범죄의 검거 단서[건]","건","304","32","81","36","59","31","28","22","22","24","13","17","14","23","21","28","38","45","24",
"위조범죄","범행도구등 발견","범죄의 검거 단서[건]","건","3","2","33","8","7","2","2","6","2","6","4","5","2","-","-","37","3","2","3",
"위조범죄","장물","범죄의 검거 단서[건]","건","6","7","-","10","7","-","1","3","-","-","-","","-","-","-","-","1","-","-",
"위조범죄","전과조회","범죄의 검거 단서[건]","건","9","8","10","8","9","7","4","3","1","-","3","1","-","2","1","2","1","-","-",
"위조범죄","기타","범죄의 검거 단서[건]","건","3052","3225","4058","4574","3133","3217","3135","2306","1243","3933","2962","3434","3456","3328","2658","2305","1925","1814","1603",
"위조범죄","미상","범죄의 검거 단서[건]","건","","","","","","","","","1886","","","","","","","","","","",
"통화","계","범죄의 검거 단서[건]","건","106","185","182","184","162","150","269","214","154","174","123","533","159","144","65","40","33","55","93",
"통화","현행범","범죄의 검거 단서[건]","건","11","14","62","19","3","10","17","23","8","8","6","9","3","3","1","-","1","2","2",
"통화","피해자신고","범죄의 검거 단서[건]","건","17","37","21","41","71","36","65","48","31","75","46","313","88","46","17","17","19","29","35",
"통화","고소","범죄의 검거 단서[건]","건","3","1","4","3","-","-","-","4","-","-","-","2","-","1","-","-","0","1","2",
"통화","고발","범죄의 검거 단서[건]","건","4","25","17","12","12","14","4","16","6","14","8","7","7","1","1","-","0","-","1",
"통화","자수","범죄의 검거 단서[건]","건","3","1","-","2","1","-","1","1","3","1","2","","-","2","-","-","0","1","1",
"통화","민간체포","범죄의 검거 단서[건]","건","1","-","1","-","3","-","-","4","-","-","-","","-","-","-","-","0","-","-",
"통화","진정투서","범죄의 검거 단서[건]","건","1","5","-","1","3","2","3","12","12","6","3","10","9","3","6","2","2","5","1",
"통화","타인신고","범죄의 검거 단서[건]","건","12","32","38","19","19","6","16","20","42","17","18","31","31","15","30","11","7","12","31",
"통화","신문","범죄의 검거 단서[건]","건","-","-","-","10","-","-","-","-","-","-","-","","1","-","-","-","0","-","-",
"통화","불심검문","범죄의 검거 단서[건]","건","-","1","4","2","2","-","-","-","-","-","-","2","-","4","-","-","0","-","-",
"통화","탐문정보","범죄의 검거 단서[건]","건","18","36","18","33","22","34","40","24","10","29","21","8","2","18","1","1","0","1","1",
"통화","안면식별","범죄의 검거 단서[건]","건","-","-","-","-","-","-","-","-","-","-","-","","-","-","-","-","0","-","-",
"통화","감식자료","범죄의 검거 단서[건]","건","1","-","1","-","-","1","-","-","2","-","1","","1","-","-","-","0","-","-",
"통화","변사체","범죄의 검거 단서[건]","건","-","-","-","-","-","-","-","-","-","-","-","","-","-","-","-","0","-","-",
"통화","범죄수법","범죄의 검거 단서[건]","건","-","-","-","-","-","-","2","-","-","1","-","1","-","1","1","-","0","-","-",
"통화","발자국","범죄의 검거 단서[건]","건","-","-","-","-","-","-","-","-","-","-","-","","-","-","-","-","0","-","-",
"통화","검사지휘","범죄의 검거 단서[건]","건","-","-","-","1","-","-","-","1","-","-","-","","-","2","-","-","0","-","-",
"통화","타기관에서 이송","범죄의 검거 단서[건]","건","1","-","1","4","-","-","-","-","-","1","-","","-","-","-","-","0","-","-",
"통화","범행도구등 발견","범죄의 검거 단서[건]","건","-","-","-","1","-","-","-","-","1","-","-","","-","-","-","-","0","-","-",
"통화","장물","범죄의 검거 단서[건]","건","-","1","-","-","-","-","-","1","-","-","-","","-","-","-","-","0","-","-",
"통화","전과조회","범죄의 검거 단서[건]","건","-","-","-","-","1","-","-","-","-","-","-","","-","-","-","1","0","-","-",
"통화","기타","범죄의 검거 단서[건]","건","34","32","15","36","25","47","121","60","39","22","18","150","17","48","8","8","4","4","19",
"통화","미상","범죄의 검거 단서[건]","건","","","","","","","","","-","","","","","","","","","","",
"유가증권·인지·우표","계","범죄의 검거 단서[건]","건","1652","1197","1019","1065","647","538","402","344","325","297","241","226","185","141","83","57","48","69","58",
"유가증권·인지·우표","현행범","범죄의 검거 단서[건]","건","51","47","20","16","3","11","11","3","8","3","1","4","3","-","1","1","3","-","3",
"유가증권·인지·우표","피해자신고","범죄의 검거 단서[건]","건","122","72","60","136","46","26","24","8","19","11","5","15","17","11","12","9","3","4","3",
"유가증권·인지·우표","고소","범죄의 검거 단서[건]","건","1048","646","691","615","459","346","275","250","198","159","145","129","68","71","41","21","19","25","31",
"유가증권·인지·우표","고발","범죄의 검거 단서[건]","건","89","75","40","42","33","35","19","7","14","14","8","6","42","2","6","3","3","-","3",
"유가증권·인지·우표","자수","범죄의 검거 단서[건]","건","8","5","8","2","-","2","-","1","-","1","-","","-","-","-","-","0","-","1",
"유가증권·인지·우표","민간체포","범죄의 검거 단서[건]","건","-","-","3","-","-","-","-","1","-","-","-","1","-","-","-","-","0","-","-",
"유가증권·인지·우표","진정투서","범죄의 검거 단서[건]","건","19","12","10","11","7","12","8","9","5","5","2","3","-","1","-","-","1","-","2",
"유가증권·인지·우표","타인신고","범죄의 검거 단서[건]","건","9","22","14","18","3","5","3","8","8","7","5","4","4","5","3","-","9","11","3",
"유가증권·인지·우표","신문","범죄의 검거 단서[건]","건","8","14","2","3","2","2","-","-","-","-","-","","-","-","-","-","0","-","-",
"유가증권·인지·우표","불심검문","범죄의 검거 단서[건]","건","10","33","16","10","7","3","-","-","-","1","-","","-","-","-","-","0","-","-",
"유가증권·인지·우표","탐문정보","범죄의 검거 단서[건]","건","106","117","39","73","28","14","16","14","9","15","6","6","6","5","1","-","0","-","-",
"유가증권·인지·우표","안면식별","범죄의 검거 단서[건]","건","-","-","-","-","-","-","-","-","-","-","-","","-","-","-","-","0","-","-",
"유가증권·인지·우표","감식자료","범죄의 검거 단서[건]","건","-","2","-","-","-","-","-","-","-","1","-","1","-","1","-","-","0","-","-",
"유가증권·인지·우표","변사체","범죄의 검거 단서[건]","건","-","-","1","-","-","-","-","-","-","-","-","","-","-","-","-","0","-","-",
"유가증권·인지·우표","범죄수법","범죄의 검거 단서[건]","건","1","-","-","1","-","-","-","-","-","-","7","","-","-","-","-","0","-","-",
"유가증권·인지·우표","발자국","범죄의 검거 단서[건]","건","-","-","-","-","-","-","-","-","-","-","-","","-","-","-","-","0","-","-",
"유가증권·인지·우표","검사지휘","범죄의 검거 단서[건]","건","2","-","2","1","6","-","2","1","2","4","1","","1","-","-","1","0","-","-",
"유가증권·인지·우표","타기관에서 이송","범죄의 검거 단서[건]","건","2","1","6","-","1","-","1","1","-","-","-","","-","-","-","-","0","-","-",
"유가증권·인지·우표","범행도구등 발견","범죄의 검거 단서[건]","건","-","-","-","-","-","-","-","-","-","-","-","","-","-","-","-","0","-","-",
"유가증권·인지·우표","장물","범죄의 검거 단서[건]","건","-","-","-","-","-","-","-","-","-","-","-","","-","-","-","-","0","-","-",
"유가증권·인지·우표","전과조회","범죄의 검거 단서[건]","건","-","-","-","-","-","-","-","-","-","-","-","","-","-","-","-","0","-","-",
"유가증권·인지·우표","기타","범죄의 검거 단서[건]","건","177","151","107","137","52","82","43","41","21","76","61","57","44","45","19","22","10","29","12",
"유가증권·인지·우표","미상","범죄의 검거 단서[건]","건","","","","","","","","","41","","","","","","","","","","",
"문서","계","범죄의 검거 단서[건]","건","20490","17740","20959","18241","15278","14227","13389","13197","13278","14908","13031","12810","12600","12236","11036","9256","8962","10438","10712",
"문서","현행범","범죄의 검거 단서[건]","건","627","495","625","413","191","167","180","246","184","228","174","115","85","82","49","52","56","53","46",
"문서","피해자신고","범죄의 검거 단서[건]","건","185","193","274","277","199","173","225","228","323","342","294","227","227","216","226","245","268","359","314",
"문서","고소","범죄의 검거 단서[건]","건","7111","6702","6240","6411","5801","6099","6540","6505","6612","6815","6531","5760","5847","5959","5731","4528","4345","4720","4961",
"문서","고발","범죄의 검거 단서[건]","건","1756","2011","2379","2787","2657","2229","1498","2033","1193","1188","956","872","936","1091","1055","989","1182","2017","2261",
"문서","자수","범죄의 검거 단서[건]","건","3252","174","266","139","87","93","40","43","24","29","17","12","13","14","17","8","18","19","17",
"문서","민간체포","범죄의 검거 단서[건]","건","2","2","6","-","1","6","8","8","4","3","2","1","-","1","-","-","0","1","-",
"문서","진정투서","범죄의 검거 단서[건]","건","496","540","754","610","528","562","536","735","1004","1162","1115","725","601","539","507","502","592","745","858",
"문서","타인신고","범죄의 검거 단서[건]","건","438","530","688","619","515","559","767","642","590","619","825","714","704","715","636","337","474","670","580",
"문서","신문","범죄의 검거 단서[건]","건","92","62","155","93","262","13","4","12","11","36","29","34","23","38","26","18","17","29","20",
"문서","불심검문","범죄의 검거 단서[건]","건","284","313","386","430","205","104","89","117","68","74","82","55","21","33","16","8","15","13","45",
"문서","탐문정보","범죄의 검거 단서[건]","건","3167","3710","5243","2341","1702","1203","634","448","319","684","275","1182","812","337","135","398","102","68","114",
"문서","안면식별","범죄의 검거 단서[건]","건","8","4","5","2","2","-","1","-","-","1","-","","-","1","-","-","0","-","-",
"문서","감식자료","범죄의 검거 단서[건]","건","3","2","2","10","2","4","-","-","4","4","-","1","2","2","-","1","2","1","-",
"문서","변사체","범죄의 검거 단서[건]","건","1","2","-","1","2","-","-","1","-","-","-","","-","-","-","2","0","-","-",
"문서","범죄수법","범죄의 검거 단서[건]","건","4","3","1","2","1","2","2","-","4","-","17","28","6","7","4","4","1","-","-",
"문서","발자국","범죄의 검거 단서[건]","건","-","-","-","-","-","-","-","-","-","-","-","","-","-","-","-","0","-","-",
"문서","검사지휘","범죄의 검거 단서[건]","건","60","55","44","57","96","43","42","55","52","79","42","40","69","68","90","39","19","14","15",
"문서","타기관에서 이송","범죄의 검거 단서[건]","건","301","31","74","31","56","31","27","20","22","22","13","17","13","23","20","27","37","42","20",
"문서","범행도구등 발견","범죄의 검거 단서[건]","건","3","2","22","7","6","1","2","4","-","6","1","4","2","-","-","1","1","1","2",
"문서","장물","범죄의 검거 단서[건]","건","4","5","-","10","7","-","1","2","-","-","-","","-","-","-","-","1","-","-",
"문서","전과조회","범죄의 검거 단서[건]","건","9","7","9","8","8","6","3","3","1","-","2","","-","2","1","1","1","-","-",
"문서","기타","범죄의 검거 단서[건]","건","2687","2897","3786","3993","2950","2932","2790","2095","1113","3616","2656","3023","3239","3108","2523","2096","1831","1686","1459",
"문서","미상","범죄의 검거 단서[건]","건","","","","","","","","","1750","","","","","","","","","","",
"인장","계","범죄의 검거 단서[건]","건","567","557","753","2275","399","354","386","313","443","542","683","920","1128","447","436","490","539","437","1181",
"인장","현행범","범죄의 검거 단서[건]","건","101","98","94","106","15","17","15","17","24","35","67","45","30","30","13","14","15","15","26",
"인장","피해자신고","범죄의 검거 단서[건]","건","15","13","16","466","15","5","11","11","17","16","14","10","4","15","10","11","15","13","32",
"인장","고소","범죄의 검거 단서[건]","건","50","48","37","58","45","59","56","74","63","86","73","95","90","107","109","88","66","87","102",
"인장","고발","범죄의 검거 단서[건]","건","53","36","32","31","19","22","18","32","47","36","39","36","18","21","26","33","16","30","31",
"인장","자수","범죄의 검거 단서[건]","건","9","-","97","1","2","-","2","1","1","2","1","","2","1","3","-","2","-","3",
"인장","민간체포","범죄의 검거 단서[건]","건","-","-","-","-","-","-","-","-","-","-","-","","-","-","-","-","0","-","-",
"인장","진정투서","범죄의 검거 단서[건]","건","4","13","10","7","12","7","10","7","11","15","22","14","14","14","17","26","15","33","32",
"인장","타인신고","범죄의 검거 단서[건]","건","40","30","41","41","29","15","29","27","44","67","48","209","47","61","62","67","287","118","736",
"인장","신문","범죄의 검거 단서[건]","건","9","13","8","7","5","3","1","-","1","-","7","1","1","3","1","1","0","1","-",
"인장","불심검문","범죄의 검거 단서[건]","건","55","61","59","805","43","31","38","17","20","37","153","286","126","55","71","24","33","33","94",
"인장","탐문정보","범죄의 검거 단서[건]","건","62","91","191","336","98","33","19","12","43","26","24","17","637","12","13","9","6","8","7",
"인장","안면식별","범죄의 검거 단서[건]","건","1","-","-","1","-","-","1","-","-","-","-","","-","-","-","-","0","-","-",
"인장","감식자료","범죄의 검거 단서[건]","건","1","-","1","1","2","1","3","-","1","1","1","","1","-","-","1","1","-","-",
"인장","변사체","범죄의 검거 단서[건]","건","-","-","-","-","-","-","-","-","-","-","-","","-","-","-","-","0","-","-",
"인장","범죄수법","범죄의 검거 단서[건]","건","2","-","-","1","-","-","-","-","-","1","-","","-","-","-","-","0","-","-",
"인장","발자국","범죄의 검거 단서[건]","건","-","-","-","-","-","-","-","-","-","-","-","","-","-","-","-","0","-","-",
"인장","검사지휘","범죄의 검거 단서[건]","건","9","7","5","5","5","3","1","2","5","-","3","1","1","1","2","-","0","-","-",
"인장","타기관에서 이송","범죄의 검거 단서[건]","건","-","-","-","1","2","-","-","1","-","1","-","","1","-","1","1","1","3","4",
"인장","범행도구등 발견","범죄의 검거 단서[건]","건","-","-","11","-","1","1","-","2","1","-","3","1","-","-","-","36","2","1","1",
"인장","장물","범죄의 검거 단서[건]","건","2","1","-","-","-","-","-","-","-","-","-","","-","-","-","-","0","-","-",
"인장","전과조회","범죄의 검거 단서[건]","건","-","1","1","-","-","1","1","-","-","-","1","1","-","-","-","-","0","-","-",
"인장","기타","범죄의 검거 단서[건]","건","154","145","150","408","106","156","181","110","70","219","227","204","156","127","108","179","80","95","113",
"인장","미상","범죄의 검거 단서[건]","건","","","","","","","","","95","","","","","","","","","","",
"공무원범죄","계","범죄의 검거 단서[건]","건","1337","1403","1320","1462","1751","2025","2151","1638","1448","2417","2257","2560","2646","2425","2030","1827","1574","2030","2295",
"공무원범죄","현행범","범죄의 검거 단서[건]","건","17","25","35","13","16","18","9","7","13","10","20","18","3","-","5","1","0","1","-",
"공무원범죄","피해자신고","범죄의 검거 단서[건]","건","9","4","10","14","12","7","6","4","6","12","8","8","10","17","19","16","12","49","43",
"공무원범죄","고소","범죄의 검거 단서[건]","건","485","500","448","417","322","461","608","657","425","465","483","492","571","577","518","471","515","898","1020",
"공무원범죄","고발","범죄의 검거 단서[건]","건","107","116","106","135","94","146","163","203","155","167","150","162","228","247","305","248","239","303","348",
"공무원범죄","자수","범죄의 검거 단서[건]","건","3","4","7","3","4","3","1","2","2","-","3","1","2","2","2","2","5","1","-",
"공무원범죄","민간체포","범죄의 검거 단서[건]","건","-","-","-","-","-","-","-","1","-","-","1","","-","1","-","-","0","-","-",
"공무원범죄","진정투서","범죄의 검거 단서[건]","건","23","20","26","42","28","25","37","19","22","29","31","41","47","37","75","53","55","83","70",
"공무원범죄","타인신고","범죄의 검거 단서[건]","건","14","9","6","11","44","15","8","3","7","9","5","4","5","11","23","6","11","11","16",
"공무원범죄","신문","범죄의 검거 단서[건]","건","4","7","2","4","2","12","6","-","1","11","3","9","4","17","-","4","0","7","3",
"공무원범죄","불심검문","범죄의 검거 단서[건]","건","7","1","6","3","11","1","-","3","-","4","-","1","-","1","-","1","0","-","-",
"공무원범죄","탐문정보","범죄의 검거 단서[건]","건","185","215","198","261","784","462","291","171","177","233","237","231","248","198","102","73","61","59","112",
"공무원범죄","안면식별","범죄의 검거 단서[건]","건","-","-","-","-","-","-","-","-","-","-","-","","-","-","-","-","0","-","-",
"공무원범죄","감식자료","범죄의 검거 단서[건]","건","-","-","-","-","-","-","-","-","-","-","-","1","-","-","-","-","0","-","-",
"공무원범죄","변사체","범죄의 검거 단서[건]","건","-","-","-","-","-","-","1","-","1","-","-","","-","-","-","-","0","-","-",
"공무원범죄","범죄수법","범죄의 검거 단서[건]","건","1","-","-","-","1","6","1","-","-","-","13","","-","-","-","-","0","-","-",
"공무원범죄","발자국","범죄의 검거 단서[건]","건","-","-","1","-","-","-","-","-","-","-","-","","-","-","-","-","1","-","-",
"공무원범죄","검사지휘","범죄의 검거 단서[건]","건","3","5","6","4","18","32","14","29","18","25","10","25","12","28","14","1","0","-","-",
"공무원범죄","타기관에서 이송","범죄의 검거 단서[건]","건","4","1","5","4","1","9","3","8","1","4","6","5","11","5","8","11","11","4","8",
"공무원범죄","범행도구등 발견","범죄의 검거 단서[건]","건","1","-","-","3","-","-","-","-","-","-","-","","-","-","-","-","0","1","-",
"공무원범죄","장물","범죄의 검거 단서[건]","건","1","-","-","-","-","-","-","-","-","-","-","","-","-","-","-","0","-","-",
"공무원범죄","전과조회","범죄의 검거 단서[건]","건","-","-","-","-","-","-","-","-","-","-","-","","-","-","-","-","0","-","-",
"공무원범죄","기타","범죄의 검거 단서[건]","건","473","496","464","548","414","828","1003","531","109","1448","1287","1562","1505","1284","959","940","664","613","675",
"공무원범죄","미상","범죄의 검거 단서[건]","건","","","","","","","","","511","","","","","","","","","","",
"직무유기","계","범죄의 검거 단서[건]","건","414","485","406","455","401","467","561","528","454","653","682","709","808","728","653","543","484","657","667",
"직무유기","현행범","범죄의 검거 단서[건]","건","1","1","-","-","-","2","1","-","2","4","1","1","1","-","-","-","0","-","-",
"직무유기","피해자신고","범죄의 검거 단서[건]","건","1","-","5","6","3","2","2","2","2","3","2","2","3","3","8","8","3","21","14",
"직무유기","고소","범죄의 검거 단서[건]","건","228","223","210","201","150","216","314","329","206","219","218","201","267","246","200","200","209","388","392",
"직무유기","고발","범죄의 검거 단서[건]","건","71","81","65","82","56","75","93","106","109","93","86","89","99","102","154","120","90","116","121",
"직무유기","자수","범죄의 검거 단서[건]","건","-","-","2","-","-","-","-","-","-","-","-","","1","-","-","-","0","-","-",
"직무유기","민간체포","범죄의 검거 단서[건]","건","-","-","-","-","-","-","-","-","-","-","-","","-","-","-","-","0","-","-",
"직무유기","진정투서","범죄의 검거 단서[건]","건","3","4","6","14","6","4","4","3","4","9","10","11","7","9","7","8","12","13","12",
"직무유기","타인신고","범죄의 검거 단서[건]","건","3","-","2","1","4","1","1","2","2","3","-","1","-","1","3","1","0","1","1",
"직무유기","신문","범죄의 검거 단서[건]","건","-","1","-","1","-","1","-","-","-","-","-","","-","4","-","-","0","-","-",
"직무유기","불심검문","범죄의 검거 단서[건]","건","-","-","-","2","2","-","-","-","-","-","-","","-","-","-","-","0","-","-",
"직무유기","탐문정보","범죄의 검거 단서[건]","건","15","17","17","53","114","38","19","11","15","16","42","11","29","24","9","3","2","4","4",
"직무유기","안면식별","범죄의 검거 단서[건]","건","-","-","-","-","-","-","-","-","-","-","-","","-","-","-","-","0","-","-",
"직무유기","감식자료","범죄의 검거 단서[건]","건","-","-","-","-","-","-","-","-","-","-","-","1","-","-","-","-","0","-","-",
"직무유기","변사체","범죄의 검거 단서[건]","건","-","-","-","-","-","-","1","-","1","-","-","","-","-","-","-","0","-","-",
"직무유기","범죄수법","범죄의 검거 단서[건]","건","-","-","-","-","-","1","-","-","-","-","-","","-","-","-","-","0","-","-",
"직무유기","발자국","범죄의 검거 단서[건]","건","-","-","-","-","-","-","-","-","-","-","-","","-","-","-","-","1","-","-",
"직무유기","검사지휘","범죄의 검거 단서[건]","건","1","2","4","1","6","4","7","6","6","3","5","3","3","7","6","-","0","-","-",
"직무유기","타기관에서 이송","범죄의 검거 단서[건]","건","-","-","-","2","-","-","-","1","-","-","-","","-","-","-","3","1","1","1",
"직무유기","범행도구등 발견","범죄의 검거 단서[건]","건","-","-","-","2","-","-","-","-","-","-","-","","-","-","-","-","0","-","-",
"직무유기","장물","범죄의 검거 단서[건]","건","-","-","-","-","-","-","-","-","-","-","-","","-","-","-","-","0","-","-",
"직무유기","전과조회","범죄의 검거 단서[건]","건","-","-","-","-","-","-","-","-","-","-","-","","-","-","-","-","0","-","-",
"직무유기","기타","범죄의 검거 단서[건]","건","91","156","95","90","60","123","119","68","15","303","318","389","398","332","266","200","166","113","122",
"직무유기","미상","범죄의 검거 단서[건]","건","","","","","","","","","92","","","","","","","","","","",
"직권남용","계","범죄의 검거 단서[건]","건","352","406","352","335","282","387","448","439","330","605","654","801","955","1055","885","671","665","880","986",
"직권남용","현행범","범죄의 검거 단서[건]","건","3","-","1","1","-","-","1","-","-","-","1","","-","-","1","-","0","1","-",
"직권남용","피해자신고","범죄의 검거 단서[건]","건","2","1","5","4","1","2","3","1","3","6","5","5","3","10","8","7","8","27","25",
"직권남용","고소","범죄의 검거 단서[건]","건","217","232","194","167","138","200","242","291","194","227","248","264","276","304","288","244","283","481","597",
"직권남용","고발","범죄의 검거 단서[건]","건","12","10","19","23","14","22","30","42","31","38","21","36","64","92","92","70","77","95","104",
"직권남용","자수","범죄의 검거 단서[건]","건","-","-","2","-","-","-","1","1","-","-","-","","-","-","1","1","0","-","-",
"직권남용","민간체포","범죄의 검거 단서[건]","건","-","-","-","-","-","-","-","-","-","-","1","","-","-","-","-","0","-","-",
"직권남용","진정투서","범죄의 검거 단서[건]","건","2","3","3","1","4","3","4","1","6","6","6","8","11","6","27","17","11","32","24",
"직권남용","타인신고","범죄의 검거 단서[건]","건","1","-","-","-","-","1","1","-","1","2","1","","1","1","8","-","0","3","5",
"직권남용","신문","범죄의 검거 단서[건]","건","1","1","-","-","1","1","-","-","-","-","-","","-","11","-","1","0","2","1",
"직권남용","불심검문","범죄의 검거 단서[건]","건","-","-","-","1","1","-","-","-","-","-","-","","-","-","-","-","0","-","-",
"직권남용","탐문정보","범죄의 검거 단서[건]","건","11","12","7","17","41","17","8","3","6","11","16","25","82","87","19","14","8","11","11",
"직권남용","안면식별","범죄의 검거 단서[건]","건","-","-","-","-","-","-","-","-","-","-","-","","-","-","-","-","0","-","-",
"직권남용","감식자료","범죄의 검거 단서[건]","건","-","-","-","-","-","-","-","-","-","-","-","","-","-","-","-","0","-","-",
"직권남용","변사체","범죄의 검거 단서[건]","건","-","-","-","-","-","-","-","-","-","-","-","","-","-","-","-","0","-","-",
"직권남용","범죄수법","범죄의 검거 단서[건]","건","-","-","-","-","-","-","-","-","-","-","-","","-","-","-","-","0","-","-",
"직권남용","발자국","범죄의 검거 단서[건]","건","-","-","1","-","-","-","-","-","-","-","-","","-","-","-","-","0","-","-",
"직권남용","검사지휘","범죄의 검거 단서[건]","건","1","2","-","2","6","6","3","7","1","6","-","6","8","13","5","1","0","-","-",
"직권남용","타기관에서 이송","범죄의 검거 단서[건]","건","-","-","-","1","-","-","-","1","-","-","2","","2","2","1","2","1","-","1",
"직권남용","범행도구등 발견","범죄의 검거 단서[건]","건","-","-","-","1","-","-","-","-","-","-","-","","-","-","-","-","0","1","-",
"직권남용","장물","범죄의 검거 단서[건]","건","1","-","-","-","-","-","-","-","-","-","-","","-","-","-","-","0","-","-",
"직권남용","전과조회","범죄의 검거 단서[건]","건","-","-","-","-","-","-","-","-","-","-","-","","-","-","-","-","0","-","-",
"직권남용","기타","범죄의 검거 단서[건]","건","101","145","120","117","76","135","155","92","8","309","353","457","508","529","435","314","277","227","218",
"직권남용","미상","범죄의 검거 단서[건]","건","","","","","","","","","80","","","","","","","","","","",
"수뢰","계","범죄의 검거 단서[건]","건","368","351","391","444","790","813","799","499","443","713","584","684","653","473","380","518","340","372","456",
"수뢰","현행범","범죄의 검거 단서[건]","건","4","2","14","2","1","9","2","2","2","2","6","9","-","-","1","-","0","-","-",
"수뢰","피해자신고","범죄의 검거 단서[건]","건","6","1","-","2","5","3","-","1","1","2","1","","3","3","2","1","1","-","4",
"수뢰","고소","범죄의 검거 단서[건]","건","30","36","36","39","32","38","48","35","21","15","13","22","28","23","26","26","20","27","27",
"수뢰","고발","범죄의 검거 단서[건]","건","18","21","19","20","21","38","29","45","13","31","36","25","57","45","49","54","62","83","111",
"수뢰","자수","범죄의 검거 단서[건]","건","1","3","2","3","3","1","-","1","1","-","1","1","1","2","1","1","5","1","-",
"수뢰","민간체포","범죄의 검거 단서[건]","건","-","-","-","-","-","-","-","1","-","-","-","","-","1","-","-","0","-","-",
"수뢰","진정투서","범죄의 검거 단서[건]","건","10","10","15","19","13","13","19","11","11","9","11","18","25","21","37","25","29","32","28",
"수뢰","타인신고","범죄의 검거 단서[건]","건","7","5","3","7","21","9","4","1","2","4","2","3","4","9","12","4","10","6","9",
"수뢰","신문","범죄의 검거 단서[건]","건","2","4","2","2","1","8","3","-","1","9","1","6","1","1","-","2","0","3","2",
"수뢰","불심검문","범죄의 검거 단서[건]","건","4","1","3","-","5","-","-","1","-","1","-","","-","-","-","-","0","-","-",
"수뢰","탐문정보","범죄의 검거 단서[건]","건","116","142","136","147","494","297","215","133","130","142","129","146","114","71","62","45","49","38","52",
"수뢰","안면식별","범죄의 검거 단서[건]","건","-","-","-","-","-","-","-","-","-","-","-","","-","-","-","-","0","-","-",
"수뢰","감식자료","범죄의 검거 단서[건]","건","-","-","-","-","-","-","-","-","-","-","-","","-","-","-","-","0","-","-",
"수뢰","변사체","범죄의 검거 단서[건]","건","-","-","-","-","-","-","-","-","-","-","-","","-","-","-","-","0","-","-",
"수뢰","범죄수법","범죄의 검거 단서[건]","건","1","-","-","-","1","5","1","-","-","-","7","","-","-","-","-","0","-","-",
"수뢰","발자국","범죄의 검거 단서[건]","건","-","-","-","-","-","-","-","-","-","-","-","","-","-","-","-","0","-","-",
"수뢰","검사지휘","범죄의 검거 단서[건]","건","1","-","2","1","5","2","3","13","4","9","3","12","1","8","3","-","0","-","-",
"수뢰","타기관에서 이송","범죄의 검거 단서[건]","건","2","1","-","1","1","3","3","4","1","3","3","5","4","2","5","5","9","3","3",
"수뢰","범행도구등 발견","범죄의 검거 단서[건]","건","-","-","-","-","-","-","-","-","-","-","-","","-","-","-","-","0","-","-",
"수뢰","장물","범죄의 검거 단서[건]","건","-","-","-","-","-","-","-","-","-","-","-","","-","-","-","-","0","-","-",
"수뢰","전과조회","범죄의 검거 단서[건]","건","-","-","-","-","-","-","-","-","-","-","-","","-","-","-","-","0","-","-",
"수뢰","기타","범죄의 검거 단서[건]","건","166","125","159","201","187","387","472","251","60","486","371","437","415","287","182","355","155","179","220",
"수뢰","미상","범죄의 검거 단서[건]","건","","","","","","","","","196","","","","","","","","","","",
"증뢰","계","범죄의 검거 단서[건]","건","203","161","171","228","278","358","343","172","221","446","337","366","230","169","112","95","85","121","186",
"증뢰","현행범","범죄의 검거 단서[건]","건","9","22","20","10","15","7","5","5","9","4","12","8","2","-","3","1","0","-","-",
"증뢰","피해자신고","범죄의 검거 단서[건]","건","-","2","-","2","3","-","1","-","-","1","-","1","1","1","1","-","0","1","-",
"증뢰","고소","범죄의 검거 단서[건]","건","10","9","8","10","2","7","4","2","4","4","4","5","-","4","4","1","3","2","4",
"증뢰","고발","범죄의 검거 단서[건]","건","6","4","3","10","3","11","11","10","2","5","7","12","8","8","10","4","10","9","12",
"증뢰","자수","범죄의 검거 단서[건]","건","2","1","1","-","1","2","-","-","1","-","2","","-","-","-","-","0","-","-",
"증뢰","민간체포","범죄의 검거 단서[건]","건","-","-","-","-","-","-","-","-","-","-","-","","-","-","-","-","0","-","-",
"증뢰","진정투서","범죄의 검거 단서[건]","건","8","3","2","8","5","5","10","4","1","5","4","4","4","1","4","3","3","6","6",
"증뢰","타인신고","범죄의 검거 단서[건]","건","3","4","1","3","19","4","2","-","2","-","2","","-","-","-","1","1","1","1",
"증뢰","신문","범죄의 검거 단서[건]","건","1","1","-","1","-","2","3","-","-","2","2","3","3","1","-","1","0","2","-",
"증뢰","불심검문","범죄의 검거 단서[건]","건","3","-","3","-","3","1","-","2","-","3","-","1","-","1","-","1","0","-","-",
"증뢰","탐문정보","범죄의 검거 단서[건]","건","43","44","38","44","135","110","49","24","26","64","50","49","23","16","12","11","2","6","45",
"증뢰","안면식별","범죄의 검거 단서[건]","건","-","-","-","-","-","-","-","-","-","-","-","","-","-","-","-","0","-","-",
"증뢰","감식자료","범죄의 검거 단서[건]","건","-","-","-","-","-","-","-","-","-","-","-","","-","-","-","-","0","-","-",
"증뢰","변사체","범죄의 검거 단서[건]","건","-","-","-","-","-","-","-","-","-","-","-","","-","-","-","-","0","-","-",
"증뢰","범죄수법","범죄의 검거 단서[건]","건","-","-","-","-","-","-","-","-","-","-","6","","-","-","-","-","0","-","-",
"증뢰","발자국","범죄의 검거 단서[건]","건","-","-","-","-","-","-","-","-","-","-","-","","-","-","-","-","0","-","-",
"증뢰","검사지휘","범죄의 검거 단서[건]","건","-","1","-","-","1","20","1","3","7","7","2","4","-","-","-","-","0","-","-",
"증뢰","타기관에서 이송","범죄의 검거 단서[건]","건","2","-","5","-","-","6","-","2","-","1","1","","5","1","2","1","0","-","3",
"증뢰","범행도구등 발견","범죄의 검거 단서[건]","건","1","-","-","-","-","-","-","-","-","-","-","","-","-","-","-","0","-","-",
"증뢰","장물","범죄의 검거 단서[건]","건","-","-","-","-","-","-","-","-","-","-","-","","-","-","-","-","0","-","-",
"증뢰","전과조회","범죄의 검거 단서[건]","건","-","-","-","-","-","-","-","-","-","-","-","","-","-","-","-","0","-","-",
"증뢰","기타","범죄의 검거 단서[건]","건","115","70","90","140","91","183","257","120","26","350","245","279","184","136","76","71","66","94","115",
"증뢰","미상","범죄의 검거 단서[건]","건","","","","","","","","","143","","","","","","","","","","",
"풍속범죄","계","범죄의 검거 단서[건]","건","18683","13762","14270","33097","15275","14377","10851","9348","8875","9687","15003","11408","8314","10566","10092","8339","6304","7955","10618",
"풍속범죄","현행범","범죄의 검거 단서[건]","건","8284","5169","4924","4606","3120","3286","2932","2454","2265","2335","2034","1773","1246","1153","852","594","492","491","481",
"풍속범죄","피해자신고","범죄의 검거 단서[건]","건","325","325","409","454","427","452","571","621","748","881","1111","1325","1149","1412","1366","1276","1165","1198","1036",
"풍속범죄","고소","범죄의 검거 단서[건]","건","3689","3402","2556","2651","1631","1623","1718","1502","179","222","201","202","257","218","157","201","159","175","180",
"풍속범죄","고발","범죄의 검거 단서[건]","건","55","54","58","52","36","40","39","33","29","37","37","61","96","147","121","77","77","190","177",
"풍속범죄","자수","범죄의 검거 단서[건]","건","108","66","57","93","59","41","40","40","23","33","58","45","27","41","45","82","37","92","120",
"풍속범죄","민간체포","범죄의 검거 단서[건]","건","-","5","2","4","7","7","5","4","6","4","6","6","1","4","3","2","2","1","-",
"풍속범죄","진정투서","범죄의 검거 단서[건]","건","47","51","46","127","84","57","41","56","81","124","237","273","118","146","194","148","150","194","296",
"풍속범죄","타인신고","범죄의 검거 단서[건]","건","2041","2326","2455","2456","2239","2535","2313","2108","1960","2164","2403","2301","2110","2323","2126","1972","1656","2016","2156",
"풍속범죄","신문","범죄의 검거 단서[건]","건","28","19","23","32","60","1","1","2","12","7","6","5","3","2","3","6","12","6","41",
"풍속범죄","불심검문","범죄의 검거 단서[건]","건","363","150","135","274","195","65","35","42","18","22","32","28","18","19","12","11","12","21","74",
"풍속범죄","탐문정보","범죄의 검거 단서[건]","건","2321","1124","2625","17629","4668","4140","1544","1228","2063","1816","5300","2381","1374","2611","2891","1815","1201","1170","1381",
"풍속범죄","안면식별","범죄의 검거 단서[건]","건","-","1","1","4","1","-","1","-","1","-","4","1","-","-","1","1","0","1","1",
"풍속범죄","감식자료","범죄의 검거 단서[건]","건","-","1","-","1","1","-","-","1","3","6","-","2","2","-","1","1","0","2","-",
"풍속범죄","변사체","범죄의 검거 단서[건]","건","1","4","3","7","3","1","3","3","-","3","5","3","1","1","1","4","2","2","1",
"풍속범죄","범죄수법","범죄의 검거 단서[건]","건","-","-","5","1","2","1","-","-","2","4","3","6","4","1","1","-","3","2","1",
"풍속범죄","발자국","범죄의 검거 단서[건]","건","-","-","-","-","-","-","-","-","-","-","-","","-","-","-","-","0","-","-",
"풍속범죄","검사지휘","범죄의 검거 단서[건]","건","15","23","14","98","157","51","37","34","64","17","28","24","24","26","21","3","1","-","3",
"풍속범죄","타기관에서 이송","범죄의 검거 단서[건]","건","17","40","20","18","47","14","8","49","14","10","25","18","20","34","30","38","33","46","90",
"풍속범죄","범행도구등 발견","범죄의 검거 단서[건]","건","3","4","1","19","3","3","2","2","-","1","5","1","-","2","9","2","1","1","-",
"풍속범죄","장물","범죄의 검거 단서[건]","건","-","-","-","1","-","-","-","-","-","-","-","","-","-","-","1","0","-","-",
"풍속범죄","전과조회","범죄의 검거 단서[건]","건","4","5","6","20","4","3","4","3","-","1","2","","-","-","1","-","0","1","2",
"풍속범죄","기타","범죄의 검거 단서[건]","건","1382","993","930","4550","2531","2057","1557","1166","1217","2000","3506","2953","1864","2426","2257","2105","1301","2346","4578",
"풍속범죄","미상","범죄의 검거 단서[건]","건","","","","","","","","","190","","","","","","","","","","",
"간통","계","범죄의 검거 단서[건]","건","3029","2823","2116","2123","1538","1488","1600","1367","","","","","","","","","","","",
"간통","현행범","범죄의 검거 단서[건]","건","72","89","59","57","29","19","39","29","","","","","","","","","","","",
"간통","피해자신고","범죄의 검거 단서[건]","건","35","41","39","25","24","7","31","20","","","","","","","","","","","",
"간통","고소","범죄의 검거 단서[건]","건","2843","2630","1978","2006","1428","1425","1501","1294","","","","","","","","","","","",
"간통","고발","범죄의 검거 단서[건]","건","13","7","8","4","4","3","4","2","","","","","","","","","","","",
"간통","자수","범죄의 검거 단서[건]","건","6","5","1","2","-","-","-","1","","","","","","","","","","","",
"간통","민간체포","범죄의 검거 단서[건]","건","-","1","-","-","1","1","-","-","","","","","","","","","","","",
"간통","진정투서","범죄의 검거 단서[건]","건","1","-","-","1","-","1","-","-","","","","","","","","","","","",
"간통","타인신고","범죄의 검거 단서[건]","건","5","3","2","2","7","-","1","-","","","","","","","","","","","",
"간통","신문","범죄의 검거 단서[건]","건","-","-","-","-","1","-","-","-","","","","","","","","","","","",
"간통","불심검문","범죄의 검거 단서[건]","건","12","4","4","1","3","-","-","1","","","","","","","","","","","",
"간통","탐문정보","범죄의 검거 단서[건]","건","3","2","1","-","-","-","-","-","","","","","","","","","","","",
"간통","안면식별","범죄의 검거 단서[건]","건","-","-","1","-","-","-","-","-","","","","","","","","","","","",
"간통","감식자료","범죄의 검거 단서[건]","건","-","1","-","-","-","-","-","-","","","","","","","","","","","",
"간통","변사체","범죄의 검거 단서[건]","건","-","-","-","1","-","-","-","-","","","","","","","","","","","",
"간통","범죄수법","범죄의 검거 단서[건]","건","-","-","-","-","-","-","-","-","","","","","","","","","","","",
"간통","발자국","범죄의 검거 단서[건]","건","-","-","-","-","-","-","-","-","","","","","","","","","","","",
"간통","검사지휘","범죄의 검거 단서[건]","건","-","3","-","-","6","2","-","2","","","","","","","","","","","",
"간통","타기관에서 이송","범죄의 검거 단서[건]","건","-","1","-","-","1","-","-","-","","","","","","","","","","","",
"간통","범행도구등 발견","범죄의 검거 단서[건]","건","-","-","-","-","-","-","-","-","","","","","","","","","","","",
"간통","장물","범죄의 검거 단서[건]","건","-","-","-","-","-","-","-","-","","","","","","","","","","","",
"간통","전과조회","범죄의 검거 단서[건]","건","-","-","-","-","-","-","-","-","","","","","","","","","","","",
"간통","기타","범죄의 검거 단서[건]","건","39","36","23","24","34","30","24","18","","","","","","","","","","","",
"혼인빙자간음","계","범죄의 검거 단서[건]","건","631","532","419","393","19","5","13","4","","","","","","","","","","","",
"혼인빙자간음","현행범","범죄의 검거 단서[건]","건","-","-","-","1","-","-","-","-","","","","","","","","","","","",
"혼인빙자간음","피해자신고","범죄의 검거 단서[건]","건","2","-","4","4","-","-","-","-","","","","","","","","","","","",
"혼인빙자간음","고소","범죄의 검거 단서[건]","건","607","513","401","373","18","3","12","4","","","","","","","","","","","",
"혼인빙자간음","고발","범죄의 검거 단서[건]","건","2","3","1","1","-","-","-","-","","","","","","","","","","","",
"혼인빙자간음","자수","범죄의 검거 단서[건]","건","3","-","-","-","-","-","-","-","","","","","","","","","","","",
"혼인빙자간음","민간체포","범죄의 검거 단서[건]","건","-","-","-","-","-","-","-","-","","","","","","","","","","","",
"혼인빙자간음","진정투서","범죄의 검거 단서[건]","건","1","4","-","-","-","-","-","-","","","","","","","","","","","",
"혼인빙자간음","타인신고","범죄의 검거 단서[건]","건","-","-","-","-","-","-","-","-","","","","","","","","","","","",
"혼인빙자간음","신문","범죄의 검거 단서[건]","건","-","-","1","-","-","-","-","-","","","","","","","","","","","",
"혼인빙자간음","불심검문","범죄의 검거 단서[건]","건","6","2","2","1","-","-","-","-","","","","","","","","","","","",
"혼인빙자간음","탐문정보","범죄의 검거 단서[건]","건","-","2","1","2","-","1","-","-","","","","","","","","","","","",
"혼인빙자간음","안면식별","범죄의 검거 단서[건]","건","-","-","-","-","-","-","-","-","","","","","","","","","","","",
"혼인빙자간음","감식자료","범죄의 검거 단서[건]","건","-","-","-","-","-","-","-","-","","","","","","","","","","","",
"혼인빙자간음","변사체","범죄의 검거 단서[건]","건","-","-","-","-","-","-","-","-","","","","","","","","","","","",
"혼인빙자간음","범죄수법","범죄의 검거 단서[건]","건","-","-","-","-","-","-","-","-","","","","","","","","","","","",
"혼인빙자간음","발자국","범죄의 검거 단서[건]","건","-","-","-","-","-","-","-","-","","","","","","","","","","","",
"혼인빙자간음","검사지휘","범죄의 검거 단서[건]","건","-","-","-","1","-","-","-","-","","","","","","","","","","","",
"혼인빙자간음","타기관에서 이송","범죄의 검거 단서[건]","건","-","1","1","-","-","-","-","-","","","","","","","","","","","",
"혼인빙자간음","범행도구등 발견","범죄의 검거 단서[건]","건","-","-","-","-","-","-","-","-","","","","","","","","","","","",
"혼인빙자간음","장물","범죄의 검거 단서[건]","건","-","-","-","1","-","-","-","-","","","","","","","","","","","",
"혼인빙자간음","전과조회","범죄의 검거 단서[건]","건","-","-","-","-","-","-","-","-","","","","","","","","","","","",
"혼인빙자간음","기타","범죄의 검거 단서[건]","건","10","7","8","9","1","1","1","-","","","","","","","","","","","",
"도박과복표","계","범죄의 검거 단서[건]","건","14535","9743","11004","29829","12869","11925","7791","6526","7207","7767","12794","8642","5943","7906","7820","6066","4189","5678","8554",
"도박과복표","현행범","범죄의 검거 단서[건]","건","8064","4843","4557","4262","2819","2973","2435","1952","1727","1782","1451","1065","810","733","562","349","248","262","238",
"도박과복표","피해자신고","범죄의 검거 단서[건]","건","222","193","224","278","181","162","153","167","181","160","185","142","118","203","172","145","142","126","133",
"도박과복표","고소","범죄의 검거 단서[건]","건","48","53","32","117","27","30","33","23","15","36","26","22","21","17","32","21","13","14","22",
"도박과복표","고발","범죄의 검거 단서[건]","건","33","36","42","38","29","29","26","23","19","23","24","41","67","71","107","64","64","158","162",
"도박과복표","자수","범죄의 검거 단서[건]","건","98","61","56","90","56","41","40","38","23","31","55","43","22","38","44","78","34","87","114",
"도박과복표","민간체포","범죄의 검거 단서[건]","건","-","-","-","2","-","-","-","-","1","-","2","","-","-","-","-","0","1","-",
"도박과복표","진정투서","범죄의 검거 단서[건]","건","41","43","41","120","77","50","32","47","66","112","226","263","108","130","179","118","124","167","259",
"도박과복표","타인신고","범죄의 검거 단서[건]","건","2003","2272","2398","2405","2146","2448","2173","1961","1771","1952","2079","1836","1670","1778","1663","1477","1157","1433","1607",
"도박과복표","신문","범죄의 검거 단서[건]","건","28","19","19","32","58","1","1","2","4","4","6","3","3","1","1","5","11","5","41",
"도박과복표","불심검문","범죄의 검거 단서[건]","건","339","142","123","265","179","56","22","30","13","12","22","16","12","13","7","7","12","15","65",
"도박과복표","탐문정보","범죄의 검거 단서[건]","건","2305","1086","2598","17608","4650","4106","1479","1154","1992","1717","5222","2307","1317","2547","2844","1755","1151","1130","1360",
"도박과복표","안면식별","범죄의 검거 단서[건]","건","-","1","-","4","-","-","-","-","-","-","-","","-","-","-","-","0","-","-",
"도박과복표","감식자료","범죄의 검거 단서[건]","건","-","-","-","1","-","-","-","1","1","-","-","","-","-","-","-","0","1","-",
"도박과복표","변사체","범죄의 검거 단서[건]","건","-","-","1","2","-","-","-","-","-","1","2","","-","-","-","-","0","-","-",
"도박과복표","범죄수법","범죄의 검거 단서[건]","건","-","-","5","1","2","1","-","-","2","1","2","1","-","-","-","-","2","1","1",
"도박과복표","발자국","범죄의 검거 단서[건]","건","-","-","-","-","-","-","-","-","-","-","-","","-","-","-","-","0","-","-",
"도박과복표","검사지휘","범죄의 검거 단서[건]","건","15","19","14","97","150","49","37","31","63","16","28","23","21","23","16","3","1","-","3",
"도박과복표","타기관에서 이송","범죄의 검거 단서[건]","건","17","37","19","18","45","13","8","48","14","10","24","16","19","34","30","38","31","45","89",
"도박과복표","범행도구등 발견","범죄의 검거 단서[건]","건","3","4","1","19","3","3","1","1","-","1","5","1","-","2","9","2","1","1","-",
"도박과복표","장물","범죄의 검거 단서[건]","건","-","-","-","-","-","-","-","-","-","-","-","","-","-","-","1","0","-","-",
"도박과복표","전과조회","범죄의 검거 단서[건]","건","4","5","5","20","4","3","4","3","-","1","2","","-","-","-","-","0","1","2",
"도박과복표","기타","범죄의 검거 단서[건]","건","1315","929","869","4450","2443","1960","1347","1045","1144","1908","3433","2863","1755","2316","2154","2003","1198","2231","4458",
"도박과복표","미상","범죄의 검거 단서[건]","건","","","","","","","","","171","","","","","","","","","","",
"신앙","계","범죄의 검거 단서[건]","건","230","272","184","202","190","193","213","226","220","249","231","259","322","322","163","205","172","240","210",
"신앙","현행범","범죄의 검거 단서[건]","건","8","13","9","7","9","5","8","13","14","9","15","14","12","7","3","7","7","9","8",
"신앙","피해자신고","범죄의 검거 단서[건]","건","13","17","9","19","11","18","20","13","18","16","27","26","22","19","23","16","18","39","31",
"신앙","고소","범죄의 검거 단서[건]","건","185","199","141","147","147","148","149","161","147","171","159","167","216","183","97","154","112","134","134",
"신앙","고발","범죄의 검거 단서[건]","건","5","8","6","7","2","7","6","7","5","11","3","12","23","75","12","6","6","27","4",
"신앙","자수","범죄의 검거 단서[건]","건","1","-","-","1","1","-","-","-","-","1","2","1","1","1","1","1","0","1","2",
"신앙","민간체포","범죄의 검거 단서[건]","건","-","-","-","-","-","-","-","-","-","-","-","","-","-","-","-","0","-","-",
"신앙","진정투서","범죄의 검거 단서[건]","건","3","4","2","3","5","4","5","7","11","8","4","8","5","5","8","9","8","10","12",
"신앙","타인신고","범죄의 검거 단서[건]","건","1","4","-","2","2","2","3","2","4","3","3","8","13","10","4","1","7","6","3",
"신앙","신문","범죄의 검거 단서[건]","건","-","-","-","-","1","-","-","-","-","-","-","1","-","-","-","-","0","1","-",
"신앙","불심검문","범죄의 검거 단서[건]","건","-","-","-","1","-","-","-","-","-","-","-","","-","-","-","-","0","-","-",
"신앙","탐문정보","범죄의 검거 단서[건]","건","3","18","7","6","2","3","7","3","4","3","6","1","7","1","2","3","2","2","2",
"신앙","안면식별","범죄의 검거 단서[건]","건","-","-","-","-","-","-","-","-","-","-","-","","-","-","-","-","0","-","-",
"신앙","감식자료","범죄의 검거 단서[건]","건","-","-","-","-","-","-","-","-","-","1","-","","-","-","-","-","0","-","-",
"신앙","변사체","범죄의 검거 단서[건]","건","1","4","2","4","3","1","3","3","-","2","3","3","1","-","1","4","2","2","1",
"신앙","범죄수법","범죄의 검거 단서[건]","건","-","-","-","-","-","-","-","-","-","-","-","","-","-","-","-","0","-","-",
"신앙","발자국","범죄의 검거 단서[건]","건","-","-","-","-","-","-","-","-","-","-","-","","-","-","-","-","0","-","-",
"신앙","검사지휘","범죄의 검거 단서[건]","건","-","-","-","-","-","-","-","1","1","1","-","","2","2","4","-","0","-","-",
"신앙","타기관에서 이송","범죄의 검거 단서[건]","건","-","-","-","-","-","-","-","1","-","-","-","1","-","-","-","-","0","-","-",
"신앙","범행도구등 발견","범죄의 검거 단서[건]","건","-","-","-","-","-","-","-","-","-","-","-","","-","-","-","-","0","-","-",
"신앙","장물","범죄의 검거 단서[건]","건","-","-","-","-","-","-","-","-","-","-","-","","-","-","-","-","0","-","-",
"신앙","전과조회","범죄의 검거 단서[건]","건","-","-","-","-","-","-","-","-","-","-","-","","-","-","-","-","0","-","-",
"신앙","기타","범죄의 검거 단서[건]","건","10","5","8","5","7","5","12","15","10","23","9","17","20","19","8","4","10","9","13",
"신앙","미상","범죄의 검거 단서[건]","건","","","","","","","","","6","","","","","","","","","","",
"기타음란행위","계","범죄의 검거 단서[건]","건","258","392","547","550","659","766","1234","1225","1448","1671","1978","2507","2049","2338","2109","2068","1943","2037","1854",
"기타음란행위","현행범","범죄의 검거 단서[건]","건","140","224","299","279","263","289","450","460","524","544","568","694","424","413","287","238","237","220","235",
"기타음란행위","피해자신고","범죄의 검거 단서[건]","건","53","74","133","128","211","265","367","421","549","705","899","1157","1009","1190","1171","1115","1005","1033","872",
"기타음란행위","고소","범죄의 검거 단서[건]","건","6","7","4","8","11","17","23","20","17","15","16","13","20","18","28","26","34","27","24",
"기타음란행위","고발","범죄의 검거 단서[건]","건","2","-","1","2","1","1","3","1","5","3","10","8","6","1","2","7","7","5","11",
"기타음란행위","자수","범죄의 검거 단서[건]","건","-","-","-","-","2","-","-","1","-","1","1","1","4","2","-","3","3","4","4",
"기타음란행위","민간체포","범죄의 검거 단서[건]","건","-","4","2","2","6","6","5","4","5","4","4","6","1","4","3","2","2","-","-",
"기타음란행위","진정투서","범죄의 검거 단서[건]","건","1","-","3","3","2","2","4","2","4","4","7","2","5","11","7","21","18","17","25",
"기타음란행위","타인신고","범죄의 검거 단서[건]","건","32","47","55","47","84","85","136","145","185","209","321","457","427","535","459","494","492","577","546",
"기타음란행위","신문","범죄의 검거 단서[건]","건","-","-","3","-","-","-","-","-","8","3","-","1","-","1","2","1","1","-","-",
"기타음란행위","불심검문","범죄의 검거 단서[건]","건","6","2","6","6","13","9","13","11","5","10","10","12","6","6","5","4","0","6","9",
"기타음란행위","탐문정보","범죄의 검거 단서[건]","건","10","16","18","13","16","30","58","71","67","96","72","73","50","63","45","57","48","38","19",
"기타음란행위","안면식별","범죄의 검거 단서[건]","건","-","-","-","-","1","-","1","-","1","-","4","1","-","-","1","1","0","1","1",
"기타음란행위","감식자료","범죄의 검거 단서[건]","건","-","-","-","-","1","-","-","-","2","5","-","2","2","-","1","1","0","1","-",
"기타음란행위","변사체","범죄의 검거 단서[건]","건","-","-","-","-","-","-","-","-","-","-","-","","-","1","-","-","0","-","-",
"기타음란행위","범죄수법","범죄의 검거 단서[건]","건","-","-","-","-","-","-","-","-","-","3","1","5","4","1","1","-","1","1","-",
"기타음란행위","발자국","범죄의 검거 단서[건]","건","-","-","-","-","-","-","-","-","-","-","-","","-","-","-","-","0","-","-",
"기타음란행위","검사지휘","범죄의 검거 단서[건]","건","-","1","-","-","1","-","-","-","-","-","-","1","1","1","1","-","0","-","-",
"기타음란행위","타기관에서 이송","범죄의 검거 단서[건]","건","-","1","-","-","1","1","-","-","-","-","1","1","1","-","-","-","2","1","1",
"기타음란행위","범행도구등 발견","범죄의 검거 단서[건]","건","-","-","-","-","-","-","1","1","-","-","-","","-","-","-","-","0","-","-",
"기타음란행위","장물","범죄의 검거 단서[건]","건","-","-","-","-","-","-","-","-","-","-","-","","-","-","-","-","0","-","-",
"기타음란행위","전과조회","범죄의 검거 단서[건]","건","-","-","1","-","-","-","-","-","-","-","-","","-","-","1","-","0","-","-",
"기타음란행위","기타","범죄의 검거 단서[건]","건","8","16","22","62","46","61","173","88","63","69","64","73","89","91","95","98","93","106","107",
"기타음란행위","미상","범죄의 검거 단서[건]","건","","","","","","","","","13","","","","","","","","","","",
"과실범죄","계","범죄의 검거 단서[건]","건","4862","4768","4861","5132","5089","5421","5907","5937","6187","6697","6912","7550","7930","8202","7839","7087","7532","8675","8602",
"과실범죄","현행범","범죄의 검거 단서[건]","건","309","282","313","297","195","164","155","153","173","172","162","148","119","96","68","53","69","66","43",
"과실범죄","피해자신고","범죄의 검거 단서[건]","건","1153","1212","1291","1416","1267","1336","1517","1597","1773","1895","2060","2346","2473","2580","2394","2191","2336","2455","2182",
"과실범죄","고소","범죄의 검거 단서[건]","건","1432","1347","1288","1351","1483","1569","1803","1801","1773","1958","1884","1995","2266","2273","2303","1969","1978","2639","2996",
"과실범죄","고발","범죄의 검거 단서[건]","건","22","14","17","16","12","20","24","16","24","17","16","28","30","41","40","31","40","46","73",
"과실범죄","자수","범죄의 검거 단서[건]","건","89","44","65","54","49","45","45","37","35","44","46","44","31","46","36","31","42","51","52",
"과실범죄","민간체포","범죄의 검거 단서[건]","건","-","1","-","-","-","1","-","-","1","-","-","","-","-","-","1","1","-","-",
"과실범죄","진정투서","범죄의 검거 단서[건]","건","115","103","110","119","107","134","156","159","174","206","230","241","237","252","236","205","303","385","530",
"과실범죄","타인신고","범죄의 검거 단서[건]","건","561","566","628","624","544","713","815","939","1029","1136","1284","1437","1444","1555","1534","1480","1630","1795","1608",
"과실범죄","신문","범죄의 검거 단서[건]","건","31","37","34","26","17","12","5","14","9","10","18","10","3","6","2","9","27","18","26",
"과실범죄","불심검문","범죄의 검거 단서[건]","건","17","12","13","29","9","11","9","5","1","7","3","7","3","1","1","1","1","4","2",
"과실범죄","탐문정보","범죄의 검거 단서[건]","건","127","140","105","110","97","90","88","69","95","117","129","143","143","182","178","177","221","155","154",
"과실범죄","안면식별","범죄의 검거 단서[건]","건","-","1","-","1","1","-","-","-","1","-","-","1","1","-","-","1","2","1","2",
"과실범죄","감식자료","범죄의 검거 단서[건]","건","35","21","22","26","43","29","28","24","33","34","28","25","19","21","20","22","20","14","9",
"과실범죄","변사체","범죄의 검거 단서[건]","건","417","478","464","446","453","325","384","420","368","332","360","378","388","308","265","247","196","171","134",
"과실범죄","범죄수법","범죄의 검거 단서[건]","건","-","-","-","1","-","-","3","1","1","2","-","","1","-","-","2","0","-","-",
"과실범죄","발자국","범죄의 검거 단서[건]","건","-","-","-","-","-","-","-","-","-","-","-","","-","-","-","-","0","-","-",
"과실범죄","검사지휘","범죄의 검거 단서[건]","건","18","20","13","16","44","30","22","27","30","30","17","21","19","25","35","4","2","2","2",
"과실범죄","타기관에서 이송","범죄의 검거 단서[건]","건","6","3","1","1","4","8","2","4","5","-","4","6","15","12","9","9","4","6","21",
"과실범죄","범행도구등 발견","범죄의 검거 단서[건]","건","1","-","-","1","2","2","-","-","1","2","1","3","2","2","2","3","2","1","1",
"과실범죄","장물","범죄의 검거 단서[건]","건","-","-","-","-","-","-","-","-","-","-","-","","-","-","-","-","0","-","-",
"과실범죄","전과조회","범죄의 검거 단서[건]","건","2","2","1","1","2","-","-","-","-","-","-","","1","-","-","-","0","-","-",
"과실범죄","기타","범죄의 검거 단서[건]","건","527","485","496","597","760","932","851","671","571","735","670","717","735","802","716","651","658","866","767",
"과실범죄","미상","범죄의 검거 단서[건]","건","","","","","","","","","90","","","","","","","","","","",
"과실치사상","계","범죄의 검거 단서[건]","건","1060","1075","1147","1230","1277","1363","1532","1463","1657","1849","1988","2288","2471","2706","2508","2229","2297","2626","2799",
"과실치사상","현행범","범죄의 검거 단서[건]","건","141","165","193","188","137","108","113","112","112","120","114","107","86","64","42","24","35","40","24",
"과실치사상","피해자신고","범죄의 검거 단서[건]","건","279","328","366","420","421","469","570","525","661","741","881","1051","1110","1276","1141","1032","1077","1137","1023",
"과실치사상","고소","범죄의 검거 단서[건]","건","490","453","453","474","521","590","626","622","676","721","690","790","910","967","886","783","729","953","1174",
"과실치사상","고발","범죄의 검거 단서[건]","건","4","1","3","1","-","3","-","1","3","2","3","4","2","3","7","4","4","7","9",
"과실치사상","자수","범죄의 검거 단서[건]","건","8","6","10","2","2","3","6","4","4","2","-","5","3","4","4","1","3","9","1",
"과실치사상","민간체포","범죄의 검거 단서[건]","건","-","-","-","-","-","-","-","-","-","-","-","","-","-","-","1","0","-","-",
"과실치사상","진정투서","범죄의 검거 단서[건]","건","25","34","37","47","49","60","79","85","73","95","136","127","124","136","137","111","163","218","301",
"과실치사상","타인신고","범죄의 검거 단서[건]","건","32","20","33","29","33","43","37","35","48","66","59","84","100","108","120","110","115","94","85",
"과실치사상","신문","범죄의 검거 단서[건]","건","-","1","2","1","1","-","-","-","2","-","1","","-","1","-","3","4","4","6",
"과실치사상","불심검문","범죄의 검거 단서[건]","건","4","2","1","3","3","4","-","1","-","-","-","1","1","-","-","-","0","-","-",
"과실치사상","탐문정보","범죄의 검거 단서[건]","건","13","18","9","20","15","15","7","11","12","18","19","23","26","40","42","44","59","30","38",
"과실치사상","안면식별","범죄의 검거 단서[건]","건","-","-","-","-","-","-","-","-","1","-","-","","-","-","-","1","1","-","-",
"과실치사상","감식자료","범죄의 검거 단서[건]","건","2","-","-","-","-","-","-","1","1","-","-","","1","1","-","-","1","-","1",
"과실치사상","변사체","범죄의 검거 단서[건]","건","19","12","6","16","16","5","14","6","7","9","9","11","14","11","9","8","3","5","7",
"과실치사상","범죄수법","범죄의 검거 단서[건]","건","-","-","-","-","-","-","-","-","-","-","-","","1","-","-","-","0","-","-",
"과실치사상","발자국","범죄의 검거 단서[건]","건","-","-","-","-","-","-","-","-","-","-","-","","-","-","-","-","0","-","-",
"과실치사상","검사지휘","범죄의 검거 단서[건]","건","-","2","-","1","2","-","2","-","3","4","2","5","7","5","12","-","0","-","-",
"과실치사상","타기관에서 이송","범죄의 검거 단서[건]","건","1","-","-","-","2","1","1","1","2","-","-","1","4","1","2","4","0","-","2",
"과실치사상","범행도구등 발견","범죄의 검거 단서[건]","건","-","-","-","-","-","-","-","-","-","-","-","","-","-","-","1","0","-","-",
"과실치사상","장물","범죄의 검거 단서[건]","건","-","-","-","-","-","-","-","-","-","-","-","","-","-","-","-","0","-","-",
"과실치사상","전과조회","범죄의 검거 단서[건]","건","-","-","-","-","-","-","-","-","-","-","-","","-","-","-","-","0","-","-",
"과실치사상","기타","범죄의 검거 단서[건]","건","42","33","34","28","75","62","77","59","45","71","74","79","82","89","106","102","103","129","128",
"과실치사상","미상","범죄의 검거 단서[건]","건","","","","","","","","","7","","","","","","","","","","",
"업무상과실치사상","계","범죄의 검거 단서[건]","건","2757","2646","2587","2656","2733","2720","3000","3076","3048","3218","3255","3370","3480","3603","3460","3163","3353","4051","4119",
"업무상과실치사상","현행범","범죄의 검거 단서[건]","건","52","32","35","43","17","14","8","12","12","6","5","5","4","5","4","4","12","11","3",
"업무상과실치사상","피해자신고","범죄의 검거 단서[건]","건","490","459","457","461","460","394","390","498","531","515","522","524","524","570","529","504","559","572","558",
"업무상과실치사상","고소","범죄의 검거 단서[건]","건","929","884","822","854","946","960","1158","1165","1084","1222","1176","1179","1329","1295","1400","1170","1234","1670","1800",
"업무상과실치사상","고발","범죄의 검거 단서[건]","건","17","12","13","15","11","16","24","15","20","14","13","24","27","33","31","26","32","36","62",
"업무상과실치사상","자수","범죄의 검거 단서[건]","건","49","17","29","25","27","21","11","14","13","19","22","15","14","12","14","10","10","11","20",
"업무상과실치사상","민간체포","범죄의 검거 단서[건]","건","-","-","-","-","-","-","-","-","-","-","-","","-","-","-","-","0","-","-",
"업무상과실치사상","진정투서","범죄의 검거 단서[건]","건","90","65","73","68","57","72","76","70","99","109","93","110","109","111","98","87","136","157","218",
"업무상과실치사상","타인신고","범죄의 검거 단서[건]","건","344","350","359","362","303","347","404","455","494","510","592","646","607","704","661","709","738","896","809",
"업무상과실치사상","신문","범죄의 검거 단서[건]","건","18","16","13","13","7","2","3","8","3","7","8","7","2","3","1","5","14","9","11",
"업무상과실치사상","불심검문","범죄의 검거 단서[건]","건","8","6","4","16","2","4","5","2","-","4","1","2","1","-","1","1","0","1","1",
"업무상과실치사상","탐문정보","범죄의 검거 단서[건]","건","62","46","49","40","33","28","42","24","35","48","48","37","40","61","35","41","61","41","46",
"업무상과실치사상","안면식별","범죄의 검거 단서[건]","건","-","-","-","-","-","-","-","-","-","-","-","","-","-","-","-","0","-","-",
"업무상과실치사상","감식자료","범죄의 검거 단서[건]","건","4","1","1","1","2","3","3","3","1","4","-","","2","-","-","-","2","-","-",
"업무상과실치사상","변사체","범죄의 검거 단서[건]","건","395","463","457","430","436","320","369","413","360","320","351","366","374","295","256","239","191","165","126",
"업무상과실치사상","범죄수법","범죄의 검거 단서[건]","건","-","-","-","-","-","-","3","-","1","2","-","","-","-","-","2","0","-","-",
"업무상과실치사상","발자국","범죄의 검거 단서[건]","건","-","-","-","-","-","-","-","-","-","-","-","","-","-","-","-","0","-","-",
"업무상과실치사상","검사지휘","범죄의 검거 단서[건]","건","17","17","13","15","38","29","20","27","26","25","15","16","11","20","23","3","2","2","2",
"업무상과실치사상","타기관에서 이송","범죄의 검거 단서[건]","건","4","3","1","-","2","6","-","2","2","-","3","4","6","8","4","4","3","6","16",
"업무상과실치사상","범행도구등 발견","범죄의 검거 단서[건]","건","1","-","-","-","-","-","-","-","-","-","-","","-","-","-","-","0","-","-",
"업무상과실치사상","장물","범죄의 검거 단서[건]","건","-","-","-","-","-","-","-","-","-","-","-","","-","-","-","-","0","-","-",
"업무상과실치사상","전과조회","범죄의 검거 단서[건]","건","1","-","1","1","2","-","-","-","-","-","-","","-","-","-","-","0","-","-",
"업무상과실치사상","기타","범죄의 검거 단서[건]","건","276","275","260","312","390","504","484","368","284","413","406","435","430","486","403","358","359","474","447",
"업무상과실치사상","미상","범죄의 검거 단서[건]","건","","","","","","","","","83","","","","","","","","","","",
"실화","계","범죄의 검거 단서[건]","건","1045","1047","1127","1246","1079","1338","1375","1398","1482","1630","1669","1892","1979","1893","1871","1695","1882","1998","1684",
"실화","현행범","범죄의 검거 단서[건]","건","116","85","85","66","41","42","34","29","49","46","43","36","29","27","22","25","22","15","16",
"실화","피해자신고","범죄의 검거 단서[건]","건","384","425","468","535","386","473","557","574","581","639","657","771","839","734","724","655","700","746","601",
"실화","고소","범죄의 검거 단서[건]","건","13","10","13","23","16","19","19","14","13","15","18","26","27","11","17","16","15","16","22",
"실화","고발","범죄의 검거 단서[건]","건","1","1","1","-","1","1","-","-","1","1","-","","1","5","2","1","4","3","2",
"실화","자수","범죄의 검거 단서[건]","건","32","21","26","27","20","21","28","19","18","23","24","24","14","30","18","20","29","31","31",
"실화","민간체포","범죄의 검거 단서[건]","건","-","1","-","-","-","1","-","-","1","-","-","","-","-","-","-","1","-","-",
"실화","진정투서","범죄의 검거 단서[건]","건","-","4","-","4","1","2","1","4","2","2","1","4","4","5","1","7","4","10","11",
"실화","타인신고","범죄의 검거 단서[건]","건","185","196","236","233","208","323","374","449","487","560","633","707","737","743","753","661","777","805","714",
"실화","신문","범죄의 검거 단서[건]","건","13","20","19","12","9","10","2","6","4","3","9","3","1","2","1","1","9","5","9",
"실화","불심검문","범죄의 검거 단서[건]","건","5","4","8","10","4","3","4","2","1","3","2","4","1","1","-","-","1","3","1",
"실화","탐문정보","범죄의 검거 단서[건]","건","52","76","47","50","49","47","39","34","48","51","62","83","77","81","101","92","101","84","70",
"실화","안면식별","범죄의 검거 단서[건]","건","-","1","-","1","1","-","-","-","-","-","-","1","1","-","-","-","1","1","2",
"실화","감식자료","범죄의 검거 단서[건]","건","29","20","21","25","41","26","25","20","31","30","28","25","16","20","20","22","17","14","8",
"실화","변사체","범죄의 검거 단서[건]","건","3","3","1","-","1","-","1","1","1","3","-","1","-","2","-","-","2","1","1",
"실화","범죄수법","범죄의 검거 단서[건]","건","-","-","-","1","-","-","-","1","-","-","-","","-","-","-","-","0","-","-",
"실화","발자국","범죄의 검거 단서[건]","건","-","-","-","-","-","-","-","-","-","-","-","","-","-","-","-","0","-","-",
"실화","검사지휘","범죄의 검거 단서[건]","건","1","1","-","-","4","1","-","-","1","1","-","","1","-","-","1","0","-","-",
"실화","타기관에서 이송","범죄의 검거 단서[건]","건","1","-","-","1","-","1","1","1","1","-","1","1","5","3","3","1","1","-","3",
"실화","범행도구등 발견","범죄의 검거 단서[건]","건","-","-","-","1","2","2","-","-","1","2","1","3","2","2","2","2","2","1","1",
"실화","장물","범죄의 검거 단서[건]","건","-","-","-","-","-","-","-","-","-","-","-","","-","-","-","-","0","-","-",
"실화","전과조회","범죄의 검거 단서[건]","건","1","2","-","-","-","-","-","-","-","-","-","","1","-","-","-","0","-","-",
"실화","기타","범죄의 검거 단서[건]","건","209","177","202","257","295","366","290","244","242","251","190","203","223","227","207","191","196","263","192",
"실화","미상","범죄의 검거 단서[건]","건","","","","","","","","","-","","","","","","","","","","",
"기타형법범죄","계","범죄의 검거 단서[건]","건","41382","49891","56683","62152","52484","58027","68940","70148","80087","87380","89592","85079","87977","89347","85315","74302","76500","82750","82597",
"기타형법범죄","현행범","범죄의 검거 단서[건]","건","13489","20529","25127","26720","20269","20393","25269","26149","28597","27635","27710","24130","21584","19808","17136","13031","14574","16102","14795",
"기타형법범죄","피해자신고","범죄의 검거 단서[건]","건","3013","4354","5581","6276","6096","7881","9766","10214","11280","12269","13378","13377","15165","18434","19898","18583","18522","17771","15863",
"기타형법범죄","고소","범죄의 검거 단서[건]","건","19577","19247","19790","20990","19920","21882","24469","25384","30558","35360","36395","36741","40298","40526","38324","34361","34379","39254","41959",
"기타형법범죄","고발","범죄의 검거 단서[건]","건","375","401","377","608","340","354","452","554","533","544","560","554","666","833","872","675","801","869","928",
"기타형법범죄","자수","범죄의 검거 단서[건]","건","169","125","118","107","72","51","50","54","52","61","49","54","49","60","62","67","76","66","77",
"기타형법범죄","민간체포","범죄의 검거 단서[건]","건","18","20","16","16","26","19","15","19","10","14","12","5","8","9","7","11","2","8","6",
"기타형법범죄","진정투서","범죄의 검거 단서[건]","건","317","378","347","423","430","502","522","470","731","1026","838","784","721","624","733","745","928","1136","1220",
"기타형법범죄","타인신고","범죄의 검거 단서[건]","건","420","522","605","553","858","754","806","843","912","940","1057","987","1311","1295","1372","1482","1584","1600","1435",
"기타형법범죄","신문","범죄의 검거 단서[건]","건","118","148","112","101","82","57","52","43","51","74","48","68","73","63","30","57","95","164","206",
"기타형법범죄","불심검문","범죄의 검거 단서[건]","건","135","137","171","201","132","78","62","68","39","72","101","69","43","29","24","31","33","43","68",
"기타형법범죄","탐문정보","범죄의 검거 단서[건]","건","567","841","812","1427","573","680","1129","1684","1455","1845","1754","1218","1536","1481","984","820","887","715","664",
"기타형법범죄","안면식별","범죄의 검거 단서[건]","건","5","3","8","4","6","1","5","2","13","4","20","1","5","5","4","2","1","3","1",
"기타형법범죄","감식자료","범죄의 검거 단서[건]","건","5","5","6","8","17","12","21","14","12","38","16","8","12","12","7","13","12","19","7",
"기타형법범죄","변사체","범죄의 검거 단서[건]","건","6","14","7","11","9","5","7","6","4","2","4","7","10","7","10","7","3","7","8",
"기타형법범죄","범죄수법","범죄의 검거 단서[건]","건","4","4","2","9","2","1","3","3","9","6","6","5","6","1","6","2","9","2","24",
"기타형법범죄","발자국","범죄의 검거 단서[건]","건","-","-","-","1","2","-","1","-","-","1","2","","1","1","-","-","2","-","-",
"기타형법범죄","검사지휘","범죄의 검거 단서[건]","건","126","132","160","143","286","109","151","175","180","228","200","204","300","366","456","63","14","16","11",
"기타형법범죄","타기관에서 이송","범죄의 검거 단서[건]","건","13","10","15","12","31","15","18","23","20","18","21","14","30","26","30","43","53","85","53",
"기타형법범죄","범행도구등 발견","범죄의 검거 단서[건]","건","1","2","7","-","2","1","-","2","-","4","3","5","4","3","-","2","2","3","2",
"기타형법범죄","장물","범죄의 검거 단서[건]","건","2","1","1","6","3","2","2","-","-","4","1","2","-","-","-","-","0","-","-",
"기타형법범죄","전과조회","범죄의 검거 단서[건]","건","3","2","3","2","3","2","6","-","1","-","1","2","5","2","1","2","4","5","8",
"기타형법범죄","기타","범죄의 검거 단서[건]","건","3019","3016","3418","4534","3325","5228","6134","4441","2853","7235","7416","6844","6150","5762","5359","4305","4519","4882","5262",
"기타형법범죄","미상","범죄의 검거 단서[건]","건","","","","","","","","","2777","","","","","","","","","","",
"명예","계","범죄의 검거 단서[건]","건","7292","8086","10297","12093","11454","13896","17281","18221","22109","24839","23493","21231","22716","23748","23212","23053","24210","27946","26686",
"명예","현행범","범죄의 검거 단서[건]","건","71","700","2065","3104","2445","3109","4460","4867","5275","3302","2533","1982","1452","1223","736","507","520","569","469",
"명예","피해자신고","범죄의 검거 단서[건]","건","80","139","227","369","401","563","876","1104","1458","1316","1245","1239","1385","1573","1504","1549","1693","1971","1661",
"명예","고소","범죄의 검거 단서[건]","건","6717","6796","7582","8077","7800","9380","10956","11324","14027","18317","18153","16496","18168","19273","19298","19377","20069","23478","22746",
"명예","고발","범죄의 검거 단서[건]","건","49","53","40","46","37","46","50","55","69","78","56","59","112","97","80","67","73","79","78",
"명예","자수","범죄의 검거 단서[건]","건","20","14","19","9","4","4","4","5","14","9","1","3","-","2","11","5","11","7","12",
"명예","민간체포","범죄의 검거 단서[건]","건","-","-","-","-","-","-","-","-","-","1","-","","-","1","-","-","0","-","1",
"명예","진정투서","범죄의 검거 단서[건]","건","122","170","162","184","199","215","217","196","351","548","347","347","314","269","235","287","389","355","341",
"명예","타인신고","범죄의 검거 단서[건]","건","5","13","22","29","84","79","83","113","131","123","138","127","148","169","112","118","133","115","92",
"명예","신문","범죄의 검거 단서[건]","건","-","-","1","2","2","1","1","-","3","3","-","1","5","12","4","19","26","60","48",
"명예","불심검문","범죄의 검거 단서[건]","건","6","4","7","9","7","2","6","8","2","6","15","11","3","2","-","3","2","3","3",
"명예","탐문정보","범죄의 검거 단서[건]","건","20","19","17","37","39","27","32","21","75","94","84","71","80","76","78","89","112","118","76",
"명예","안면식별","범죄의 검거 단서[건]","건","-","-","1","1","-","-","-","-","4","-","-","","-","-","-","-","0","-","-",
"명예","감식자료","범죄의 검거 단서[건]","건","-","-","-","1","1","1","3","1","-","-","-","2","-","-","-","-","0","-","-",
"명예","변사체","범죄의 검거 단서[건]","건","-","-","-","-","-","-","-","-","-","-","-","","-","-","-","-","0","-","2",
"명예","범죄수법","범죄의 검거 단서[건]","건","-","1","-","-","-","-","1","-","-","-","-","","-","-","-","1","2","-","-",
"명예","발자국","범죄의 검거 단서[건]","건","-","-","-","-","-","-","-","-","-","-","-","","-","-","-","-","1","-","-",
"명예","검사지휘","범죄의 검거 단서[건]","건","10","9","8","7","61","19","26","41","38","56","55","58","98","148","168","13","1","-","-",
"명예","타기관에서 이송","범죄의 검거 단서[건]","건","1","-","1","-","1","1","1","6","3","3","7","3","3","4","7","17","31","44","11",
"명예","범행도구등 발견","범죄의 검거 단서[건]","건","-","-","-","-","-","-","-","-","-","3","2","","-","-","-","-","0","-","1",
"명예","장물","범죄의 검거 단서[건]","건","-","1","-","4","-","-","-","-","-","-","-","","-","-","-","-","0","-","-",
"명예","전과조회","범죄의 검거 단서[건]","건","1","-","-","-","-","-","1","-","-","-","-","","-","-","-","-","0","2","-",
"명예","기타","범죄의 검거 단서[건]","건","190","167","145","214","373","449","564","480","474","980","857","832","948","899","979","1001","1147","1145","1145",
"명예","미상","범죄의 검거 단서[건]","건","","","","","","","","","185","","","","","","","","","","",
"권리행사방해","계","범죄의 검거 단서[건]","건","3179","3060","2846","3148","2712","2690","2822","3528","4290","5706","7670","10016","10997","9896","7172","4693","4296","4898","5786",
"권리행사방해","현행범","범죄의 검거 단서[건]","건","33","27","26","22","16","11","21","11","13","19","19","15","9","9","8","5","6","8","13",
"권리행사방해","피해자신고","범죄의 검거 단서[건]","건","85","104","180","133","107","127","143","153","162","157","193","202","192","230","248","277","234","282","307",
"권리행사방해","고소","범죄의 검거 단서[건]","건","2842","2701","2455","2765","2363","2352","2420","3163","3845","5138","6940","9201","10181","9002","6408","4019","3678","4183","4953",
"권리행사방해","고발","범죄의 검거 단서[건]","건","28","22","17","16","17","20","20","17","30","31","46","57","50","68","56","49","45","48","53",
"권리행사방해","자수","범죄의 검거 단서[건]","건","13","14","12","12","8","3","4","1","1","2","4","2","2","6","3","5","5","6","5",
"권리행사방해","민간체포","범죄의 검거 단서[건]","건","-","-","-","-","-","-","-","-","-","-","-","","-","-","-","-","0","-","1",
"권리행사방해","진정투서","범죄의 검거 단서[건]","건","18","31","27","11","16","20","28","17","36","44","40","38","35","27","28","22","26","59","39",
"권리행사방해","타인신고","범죄의 검거 단서[건]","건","8","5","4","15","4","7","6","7","5","7","15","15","13","25","17","35","27","34","21",
"권리행사방해","신문","범죄의 검거 단서[건]","건","2","1","1","4","3","-","1","-","2","-","-","1","6","2","1","-","2","7","14",
"권리행사방해","불심검문","범죄의 검거 단서[건]","건","26","21","17","17","15","5","4","4","1","8","9","11","14","7","2","1","2","6","15",
"권리행사방해","탐문정보","범죄의 검거 단서[건]","건","27","20","20","41","26","17","28","35","24","47","91","53","47","43","30","26","18","35","25",
"권리행사방해","안면식별","범죄의 검거 단서[건]","건","-","-","-","-","-","-","-","-","-","-","-","","-","-","-","-","0","-","-",
"권리행사방해","감식자료","범죄의 검거 단서[건]","건","-","-","-","1","-","-","1","-","-","-","1","","-","-","-","-","0","-","-",
"권리행사방해","변사체","범죄의 검거 단서[건]","건","-","-","-","-","-","-","-","-","1","-","-","","3","-","2","-","0","1","1",
"권리행사방해","범죄수법","범죄의 검거 단서[건]","건","-","-","-","-","-","-","-","1","-","-","-","","-","-","-","-","0","-","-",
"권리행사방해","발자국","범죄의 검거 단서[건]","건","-","-","-","-","-","-","-","-","-","-","-","","-","-","-","-","0","-","-",
"권리행사방해","검사지휘","범죄의 검거 단서[건]","건","4","5","5","8","24","9","11","23","10","23","27","25","45","49","60","5","0","-","-",
"권리행사방해","타기관에서 이송","범죄의 검거 단서[건]","건","-","-","2","1","2","1","-","1","2","2","1","1","5","5","3","5","2","6","8",
"권리행사방해","범행도구등 발견","범죄의 검거 단서[건]","건","-","1","2","-","-","-","-","-","-","-","-","","1","-","-","1","0","-","-",
"권리행사방해","장물","범죄의 검거 단서[건]","건","-","-","-","-","-","-","-","-","-","-","-","","-","-","-","-","0","-","-",
"권리행사방해","전과조회","범죄의 검거 단서[건]","건","-","-","-","-","1","-","-","-","-","-","-","","1","1","-","1","2","-","4",
"권리행사방해","기타","범죄의 검거 단서[건]","건","93","108","78","102","110","118","135","95","93","228","284","395","393","422","306","242","249","223","327",
"권리행사방해","미상","범죄의 검거 단서[건]","건","","","","","","","","","65","","","","","","","","","","",
"신용업무경매","계","범죄의 검거 단서[건]","건","9111","12206","14094","15918","13241","14621","18891","18286","20579","23209","23987","21979","22762","22126","21680","16501","17270","17141","16965",
"신용업무경매","현행범","범죄의 검거 단서[건]","건","3579","6098","7502","8646","6112","6155","8167","8474","9287","10542","10906","9908","9033","7816","6348","4042","4653","4833","4415",
"신용업무경매","피해자신고","범죄의 검거 단서[건]","건","1015","1552","2088","2542","2440","3451","4495","4564","5085","5825","6210","6190","7065","8084","8656","6993","7355","6686","5884",
"신용업무경매","고소","범죄의 검거 단서[건]","건","3705","3686","3588","3799","3611","3859","4366","4003","4039","4188","4011","3857","4126","4340","4506","3812","3596","3849","4919",
"신용업무경매","고발","범죄의 검거 단서[건]","건","133","129","115","77","103","108","123","151","184","189","154","165","183","270","313","216","250","262","305",
"신용업무경매","자수","범죄의 검거 단서[건]","건","24","18","17","9","9","9","5","10","2","2","8","6","5","6","10","6","5","10","5",
"신용업무경매","민간체포","범죄의 검거 단서[건]","건","1","1","-","-","2","1","3","4","-","-","-","","2","1","-","1","0","1","-",
"신용업무경매","진정투서","범죄의 검거 단서[건]","건","73","97","83","114","101","125","130","96","164","200","198","178","179","157","205","186","222","343","364",
"신용업무경매","타인신고","범죄의 검거 단서[건]","건","79","103","129","134","199","129","151","131","142","150","145","162","228","243","273","208","226","262","218",
"신용업무경매","신문","범죄의 검거 단서[건]","건","1","5","5","5","4","2","1","1","1","5","2","7","3","2","3","11","23","19","40",
"신용업무경매","불심검문","범죄의 검거 단서[건]","건","22","18","13","21","16","38","3","8","3","3","6","5","1","1","4","3","3","2","3",
"신용업무경매","탐문정보","범죄의 검거 단서[건]","건","82","160","149","156","106","125","545","277","957","1177","892","664","1039","245","362","172","238","174","200",
"신용업무경매","안면식별","범죄의 검거 단서[건]","건","1","-","-","-","-","-","1","-","-","1","-","","1","-","2","-","1","1","-",
"신용업무경매","감식자료","범죄의 검거 단서[건]","건","-","-","1","1","3","1","-","1","-","-","-","1","-","-","-","-","0","-","-",
"신용업무경매","변사체","범죄의 검거 단서[건]","건","1","-","-","1","-","-","-","-","-","-","-","","-","-","-","-","0","1","-",
"신용업무경매","범죄수법","범죄의 검거 단서[건]","건","-","-","1","-","-","-","-","-","-","-","-","","-","-","-","-","1","-","-",
"신용업무경매","발자국","범죄의 검거 단서[건]","건","-","-","-","-","-","-","-","-","-","-","-","","-","1","-","-","0","-","-",
"신용업무경매","검사지휘","범죄의 검거 단서[건]","건","4","9","8","14","52","19","25","27","34","45","26","35","45","54","62","11","2","-","1",
"신용업무경매","타기관에서 이송","범죄의 검거 단서[건]","건","1","2","2","3","10","7","7","5","4","6","6","2","11","7","9","5","7","11","8",
"신용업무경매","범행도구등 발견","범죄의 검거 단서[건]","건","-","-","1","-","-","-","-","-","-","-","1","1","-","-","-","-","0","-","-",
"신용업무경매","장물","범죄의 검거 단서[건]","건","-","-","1","-","-","-","-","-","-","-","1","","-","-","-","-","0","-","-",
"신용업무경매","전과조회","범죄의 검거 단서[건]","건","2","2","2","2","-","1","2","-","-","-","-","","2","1","-","1","1","1","-",
"신용업무경매","기타","범죄의 검거 단서[건]","건","388","326","389","394","473","591","867","534","509","876","1421","798","839","898","927","834","687","686","603",
"신용업무경매","미상","범죄의 검거 단서[건]","건","","","","","","","","","168","","","","","","","","","","",
"주거침입","계","범죄의 검거 단서[건]","건","3661","4567","5232","5415","4879","5323","6252","6510","6759","7828","8893","8992","10260","12400","13305","13269","12301","12592","12021",
"주거침입","현행범","범죄의 검거 단서[건]","건","1566","2148","2351","2316","1740","1711","2161","2191","2259","2677","2955","2660","2724","2942","2625","2119","1880","2399","2046",
"주거침입","피해자신고","범죄의 검거 단서[건]","건","837","1173","1503","1717","1591","1977","2304","2520","2643","3063","3741","4093","4964","6610","7492","7882","7341","7129","6355",
"주거침입","고소","범죄의 검거 단서[건]","건","973","906","945","940","1021","1140","1233","1305","1359","1384","1498","1533","1716","1898","1998","2013","1712","1783","2264",
"주거침입","고발","범죄의 검거 단서[건]","건","16","12","9","10","9","11","15","28","11","14","32","19","33","32","51","23","46","71","88",
"주거침입","자수","범죄의 검거 단서[건]","건","8","12","6","9","2","3","2","5","8","11","11","9","12","20","17","14","15","14","21",
"주거침입","민간체포","범죄의 검거 단서[건]","건","15","17","16","16","21","18","11","14","9","11","11","5","4","7","5","9","2","3","4",
"주거침입","진정투서","범죄의 검거 단서[건]","건","36","28","27","37","38","48","65","48","57","75","82","107","106","85","153","126","158","196","269",
"주거침입","타인신고","범죄의 검거 단서[건]","건","44","53","64","46","104","87","81","90","86","90","123","129","182","222","250","290","321","313","288",
"주거침입","신문","범죄의 검거 단서[건]","건","2","7","7","5","3","1","-","2","1","1","3","3","4","2","3","11","26","18","38",
"주거침입","불심검문","범죄의 검거 단서[건]","건","15","11","21","50","21","5","9","6","4","4","10","4","1","3","4","5","5","10","8",
"주거침입","탐문정보","범죄의 검거 단서[건]","건","47","88","137","110","90","62","82","94","114","167","125","127","169","209","275","367","312","214","190",
"주거침입","안면식별","범죄의 검거 단서[건]","건","-","-","1","-","2","-","-","1","-","2","7","1","2","4","2","2","0","2","-",
"주거침입","감식자료","범죄의 검거 단서[건]","건","3","1","2","4","5","4","6","10","8","35","9","5","12","11","7","13","11","19","7",
"주거침입","변사체","범죄의 검거 단서[건]","건","-","3","-","-","-","-","-","-","-","-","-","","1","-","1","-","0","-","-",
"주거침입","범죄수법","범죄의 검거 단서[건]","건","-","-","-","-","1","1","2","-","-","3","1","3","5","1","3","-","0","1","3",
"주거침입","발자국","범죄의 검거 단서[건]","건","-","-","-","-","1","-","-","-","-","1","2","","1","-","-","-","1","-","-",
"주거침입","검사지휘","범죄의 검거 단서[건]","건","3","4","6","8","19","7","19","7","11","16","12","16","23","21","36","1","0","-","-",
"주거침입","타기관에서 이송","범죄의 검거 단서[건]","건","1","1","2","1","1","1","1","-","2","1","1","2","1","1","2","1","2","2","2",
"주거침입","범행도구등 발견","범죄의 검거 단서[건]","건","-","-","-","-","1","-","-","2","-","-","-","3","1","2","-","-","1","-","1",
"주거침입","장물","범죄의 검거 단서[건]","건","1","-","-","1","3","2","2","-","-","3","-","2","-","-","-","-","0","-","-",
"주거침입","전과조회","범죄의 검거 단서[건]","건","-","-","-","-","1","-","1","-","-","-","-","","1","-","1","-","1","1","3",
"주거침입","기타","범죄의 검거 단서[건]","건","94","103","135","145","205","245","258","187","160","270","270","271","298","330","380","393","467","417","434",
"주거침입","미상","범죄의 검거 단서[건]","건","","","","","","","","","27","","","","","","","","","","",
"비밀침해","계","범죄의 검거 단서[건]","건","31","19","30","35","28","43","36","35","55","54","69","69","69","94","104","81","83","102","111",
"비밀침해","현행범","범죄의 검거 단서[건]","건","-","-","-","-","-","1","-","-","-","-","-","","1","-","-","-","0","-","-",
"비밀침해","피해자신고","범죄의 검거 단서[건]","건","1","-","1","-","1","-","1","1","2","4","1","1","1","6","5","9","6","10","11",
"비밀침해","고소","범죄의 검거 단서[건]","건","29","18","27","29","25","36","31","33","51","43","55","54","60","79","83","64","68","83","89",
"비밀침해","고발","범죄의 검거 단서[건]","건","-","-","-","-","-","-","-","-","-","-","3","3","1","2","-","-","1","1","1",
"비밀침해","자수","범죄의 검거 단서[건]","건","-","-","-","-","-","-","-","-","-","-","-","","-","-","-","-","0","-","-",
"비밀침해","민간체포","범죄의 검거 단서[건]","건","-","-","-","-","-","-","-","-","-","-","-","","-","-","-","-","0","-","-",
"비밀침해","진정투서","범죄의 검거 단서[건]","건","-","-","1","2","-","1","-","-","1","2","2","1","1","-","1","1","3","1","3",
"비밀침해","타인신고","범죄의 검거 단서[건]","건","-","-","-","-","-","-","-","-","-","-","-","","-","-","-","-","0","-","-",
"비밀침해","신문","범죄의 검거 단서[건]","건","-","-","-","-","-","-","-","-","-","-","-","","-","-","-","-","0","-","-",
"비밀침해","불심검문","범죄의 검거 단서[건]","건","-","-","-","-","-","-","-","-","-","-","-","","-","-","-","-","0","-","-",
"비밀침해","탐문정보","범죄의 검거 단서[건]","건","-","1","-","-","1","-","-","-","-","-","-","","-","-","-","-","0","-","1",
"비밀침해","안면식별","범죄의 검거 단서[건]","건","-","-","-","-","-","-","-","-","-","-","-","","-","-","-","-","0","-","-",
"비밀침해","감식자료","범죄의 검거 단서[건]","건","-","-","-","-","-","-","-","-","-","-","-","","-","-","-","-","0","-","-",
"비밀침해","변사체","범죄의 검거 단서[건]","건","-","-","-","-","-","-","-","-","-","-","-","","-","-","-","-","0","-","-",
"비밀침해","범죄수법","범죄의 검거 단서[건]","건","-","-","-","-","-","-","-","-","-","-","-","","-","-","-","-","0","-","-",
"비밀침해","발자국","범죄의 검거 단서[건]","건","-","-","-","-","-","-","-","-","-","-","-","","-","-","-","-","0","-","-",
"비밀침해","검사지휘","범죄의 검거 단서[건]","건","-","-","-","-","-","-","-","-","-","-","-","","-","-","2","-","0","-","-",
"비밀침해","타기관에서 이송","범죄의 검거 단서[건]","건","-","-","-","-","-","-","-","-","-","-","-","","-","-","-","1","0","-","-",
"비밀침해","범행도구등 발견","범죄의 검거 단서[건]","건","-","-","-","-","-","-","-","-","-","-","-","","-","-","-","-","0","-","-",
"비밀침해","장물","범죄의 검거 단서[건]","건","-","-","-","-","-","-","-","-","-","-","-","","-","-","-","-","0","-","-",
"비밀침해","전과조회","범죄의 검거 단서[건]","건","-","-","-","-","-","-","-","-","-","-","-","","-","-","-","-","0","-","-",
"비밀침해","기타","범죄의 검거 단서[건]","건","1","-","1","4","1","5","4","1","1","5","8","10","5","7","13","6","5","7","6",
"비밀침해","미상","범죄의 검거 단서[건]","건","","","","","","","","","-","","","","","","","","","","",
"유기","계","범죄의 검거 단서[건]","건","82","104","104","88","82","114","128","127","112","114","142","164","168","139","144","190","255","275","258",
"유기","현행범","범죄의 검거 단서[건]","건","3","2","2","-","2","2","1","3","3","3","-","1","-","-","1","1","0","1","-",
"유기","피해자신고","범죄의 검거 단서[건]","건","5","4","6","1","5","4","13","5","13","19","25","28","17","18","15","41","68","30","39",
"유기","고소","범죄의 검거 단서[건]","건","29","38","38","27","27","31","37","21","31","32","30","44","60","48","54","41","72","88","80",
"유기","고발","범죄의 검거 단서[건]","건","3","3","9","4","3","7","7","14","9","6","8","5","14","14","12","13","11","15","22",
"유기","자수","범죄의 검거 단서[건]","건","3","3","3","4","4","4","1","6","-","4","3","14","13","1","10","3","3","3","3",
"유기","민간체포","범죄의 검거 단서[건]","건","-","-","-","-","-","-","-","-","-","-","-","","-","-","-","-","0","-","-",
"유기","진정투서","범죄의 검거 단서[건]","건","-","2","1","4","-","3","2","1","3","1","4","2","5","6","8","4","10","22","16",
"유기","타인신고","범죄의 검거 단서[건]","건","21","15","16","20","11","32","30","36","24","26","35","27","33","26","21","59","68","79","57",
"유기","신문","범죄의 검거 단서[건]","건","-","2","3","1","2","-","-","-","-","-","-","1","-","1","-","-","1","-","-",
"유기","불심검문","범죄의 검거 단서[건]","건","-","-","4","2","-","-","-","3","1","-","-","","-","-","-","-","0","-","-",
"유기","탐문정보","범죄의 검거 단서[건]","건","7","16","9","10","8","7","8","10","18","7","16","19","7","2","3","5","4","3","-",
"유기","안면식별","범죄의 검거 단서[건]","건","-","-","-","-","-","-","-","-","1","-","-","","-","-","-","-","0","-","-",
"유기","감식자료","범죄의 검거 단서[건]","건","1","1","-","-","1","4","2","-","-","-","-","","-","-","-","-","0","-","-",
"유기","변사체","범죄의 검거 단서[건]","건","4","8","5","8","7","4","6","6","3","2","3","5","4","7","6","5","3","5","4",
"유기","범죄수법","범죄의 검거 단서[건]","건","-","-","-","-","-","-","-","-","1","-","-","","-","-","-","-","0","-","-",
"유기","발자국","범죄의 검거 단서[건]","건","-","-","-","-","-","-","-","-","-","-","-","","-","-","-","-","0","-","-",
"유기","검사지휘","범죄의 검거 단서[건]","건","-","-","1","1","1","-","1","1","-","1","1","2","2","4","4","-","0","-","-",
"유기","타기관에서 이송","범죄의 검거 단서[건]","건","-","1","-","-","-","-","2","-","-","-","-","","1","-","-","1","1","9","5",
"유기","범행도구등 발견","범죄의 검거 단서[건]","건","-","-","-","-","-","-","-","-","-","-","-","","-","-","-","-","0","-","-",
"유기","장물","범죄의 검거 단서[건]","건","-","-","-","-","-","-","-","-","-","-","-","","-","-","-","-","0","-","-",
"유기","전과조회","범죄의 검거 단서[건]","건","-","-","-","-","-","-","-","-","-","-","-","","-","-","-","-","0","-","-",
"유기","기타","범죄의 검거 단서[건]","건","6","9","7","6","11","16","18","21","5","13","17","16","12","12","10","17","14","20","32",
"유기","미상","범죄의 검거 단서[건]","건","","","","","","","","","-","","","","","","","","","","",
"낙태","계","범죄의 검거 단서[건]","건","23","16","30","26","49","34","39","30","","","","","","","","","","","",
"낙태","현행범","범죄의 검거 단서[건]","건","-","-","-","1","-","-","-","-","","","","","","","","","","","",
"낙태","피해자신고","범죄의 검거 단서[건]","건","-","-","-","1","-","-","1","2","","","","","","","","","","","",
"낙태","고소","범죄의 검거 단서[건]","건","14","8","20","15","27","19","20","15","","","","","","","","","","","",
"낙태","고발","범죄의 검거 단서[건]","건","1","2","4","-","10","6","5","6","","","","","","","","","","","",
"낙태","자수","범죄의 검거 단서[건]","건","-","-","-","-","-","-","-","-","","","","","","","","","","","",
"낙태","민간체포","범죄의 검거 단서[건]","건","-","-","-","-","-","-","-","-","","","","","","","","","","","",
"낙태","진정투서","범죄의 검거 단서[건]","건","1","1","-","1","4","3","2","2","","","","","","","","","","","",
"낙태","타인신고","범죄의 검거 단서[건]","건","-","1","-","-","-","1","1","-","","","","","","","","","","","",
"낙태","신문","범죄의 검거 단서[건]","건","1","-","1","-","-","-","-","-","","","","","","","","","","","",
"낙태","불심검문","범죄의 검거 단서[건]","건","-","-","-","-","-","-","-","-","","","","","","","","","","","",
"낙태","탐문정보","범죄의 검거 단서[건]","건","3","1","-","6","3","1","7","3","","","","","","","","","","","",
"낙태","안면식별","범죄의 검거 단서[건]","건","-","-","-","-","-","-","-","-","","","","","","","","","","","",
"낙태","감식자료","범죄의 검거 단서[건]","건","-","-","-","-","-","-","-","-","","","","","","","","","","","",
"낙태","변사체","범죄의 검거 단서[건]","건","-","1","-","-","-","-","-","-","","","","","","","","","","","",
"낙태","범죄수법","범죄의 검거 단서[건]","건","-","-","-","-","-","-","-","-","","","","","","","","","","","",
"낙태","발자국","범죄의 검거 단서[건]","건","-","-","-","-","-","-","-","-","","","","","","","","","","","",
"낙태","검사지휘","범죄의 검거 단서[건]","건","1","-","-","-","-","-","-","-","","","","","","","","","","","",
"낙태","타기관에서 이송","범죄의 검거 단서[건]","건","-","-","-","-","-","-","-","-","","","","","","","","","","","",
"낙태","범행도구등 발견","범죄의 검거 단서[건]","건","-","-","-","-","-","-","-","-","","","","","","","","","","","",
"낙태","장물","범죄의 검거 단서[건]","건","-","-","-","-","-","-","-","-","","","","","","","","","","","",
"낙태","전과조회","범죄의 검거 단서[건]","건","-","-","-","-","-","-","-","-","","","","","","","","","","","",
"낙태","기타","범죄의 검거 단서[건]","건","2","2","5","2","5","4","3","2","","","","","","","","","","","",
"아편","계","범죄의 검거 단서[건]","건","-","-","-","1","-","-","-","-","","","","","","","","","","","",
"아편","현행범","범죄의 검거 단서[건]","건","-","-","-","-","-","-","-","-","","","","","","","","","","","",
"아편","피해자신고","범죄의 검거 단서[건]","건","-","-","-","-","-","-","-","-","","","","","","","","","","","",
"아편","고소","범죄의 검거 단서[건]","건","-","-","-","-","-","-","-","-","","","","","","","","","","","",
"아편","고발","범죄의 검거 단서[건]","건","-","-","-","-","-","-","-","-","","","","","","","","","","","",
"아편","자수","범죄의 검거 단서[건]","건","-","-","-","-","-","-","-","-","","","","","","","","","","","",
"아편","민간체포","범죄의 검거 단서[건]","건","-","-","-","-","-","-","-","-","","","","","","","","","","","",
"아편","진정투서","범죄의 검거 단서[건]","건","-","-","-","-","-","-","-","-","","","","","","","","","","","",
"아편","타인신고","범죄의 검거 단서[건]","건","-","-","-","-","-","-","-","-","","","","","","","","","","","",
"아편","신문","범죄의 검거 단서[건]","건","-","-","-","-","-","-","-","-","","","","","","","","","","","",
"아편","불심검문","범죄의 검거 단서[건]","건","-","-","-","-","-","-","-","-","","","","","","","","","","","",
"아편","탐문정보","범죄의 검거 단서[건]","건","-","-","-","1","-","-","-","-","","","","","","","","","","","",
"아편","안면식별","범죄의 검거 단서[건]","건","-","-","-","-","-","-","-","-","","","","","","","","","","","",
"아편","감식자료","범죄의 검거 단서[건]","건","-","-","-","-","-","-","-","-","","","","","","","","","","","",
"아편","변사체","범죄의 검거 단서[건]","건","-","-","-","-","-","-","-","-","","","","","","","","","","","",
"아편","범죄수법","범죄의 검거 단서[건]","건","-","-","-","-","-","-","-","-","","","","","","","","","","","",
"아편","발자국","범죄의 검거 단서[건]","건","-","-","-","-","-","-","-","-","","","","","","","","","","","",
"아편","검사지휘","범죄의 검거 단서[건]","건","-","-","-","-","-","-","-","-","","","","","","","","","","","",
"아편","타기관에서 이송","범죄의 검거 단서[건]","건","-","-","-","-","-","-","-","-","","","","","","","","","","","",
"아편","범행도구등 발견","범죄의 검거 단서[건]","건","-","-","-","-","-","-","-","-","","","","","","","","","","","",
"아편","장물","범죄의 검거 단서[건]","건","-","-","-","-","-","-","-","-","","","","","","","","","","","",
"아편","전과조회","범죄의 검거 단서[건]","건","-","-","-","-","-","-","-","-","","","","","","","","","","","",
"아편","기타","범죄의 검거 단서[건]","건","-","-","-","-","-","-","-","-","","","","","","","","","","","",
"교통방해","계","범죄의 검거 단서[건]","건","848","977","1104","1342","1058","1250","1453","1565","1654","1739","2039","1315","1375","1303","1382","1371","1238","1195","1270",
"교통방해","현행범","범죄의 검거 단서[건]","건","196","235","303","351","160","179","206","212","238","186","199","140","104","77","77","53","52","56","49",
"교통방해","피해자신고","범죄의 검거 단서[건]","건","134","134","172","152","146","194","218","244","185","245","257","258","274","299","280","314","276","246","251",
"교통방해","고소","범죄의 검거 단서[건]","건","240","240","261","268","329","338","386","390","390","449","432","411","460","496","513","505","484","489","493",
"교통방해","고발","범죄의 검거 단서[건]","건","16","31","26","21","21","32","46","36","32","39","41","27","32","43","74","49","50","68","47",
"교통방해","자수","범죄의 검거 단서[건]","건","12","10","6","21","13","11","13","8","5","11","3","2","3","9","2","3","3","3","5",
"교통방해","민간체포","범죄의 검거 단서[건]","건","-","-","-","-","-","-","-","-","-","-","1","","-","-","-","-","0","-","-",
"교통방해","진정투서","범죄의 검거 단서[건]","건","17","20","18","24","24","29","39","54","63","93","92","40","28","24","38","46","43","56","67",
"교통방해","타인신고","범죄의 검거 단서[건]","건","101","128","139","117","121","163","154","178","212","252","265","241","344","231","248","275","217","199","185",
"교통방해","신문","범죄의 검거 단서[건]","건","7","3","4","3","5","6","6","-","1","2","2","1","1","2","1","-","0","-","4",
"교통방해","불심검문","범죄의 검거 단서[건]","건","4","1","13","18","9","6","7","2","4","13","10","11","1","2","1","1","4","1","2",
"교통방해","탐문정보","범죄의 검거 단서[건]","건","29","42","32","202","21","28","37","19","25","34","155","10","11","4","5","1","10","4","2",
"교통방해","안면식별","범죄의 검거 단서[건]","건","-","-","4","-","4","1","3","1","6","1","10","","-","-","-","-","0","-","-",
"교통방해","감식자료","범죄의 검거 단서[건]","건","-","-","-","1","4","-","2","-","1","1","3","","-","1","-","-","0","-","-",
"교통방해","변사체","범죄의 검거 단서[건]","건","1","2","-","1","2","-","1","-","-","-","1","2","1","-","-","-","0","-","-",
"교통방해","범죄수법","범죄의 검거 단서[건]","건","-","-","-","-","-","-","-","-","-","-","-","","-","-","-","-","0","-","-",
"교통방해","발자국","범죄의 검거 단서[건]","건","-","-","-","-","-","-","-","-","-","-","-","","-","-","-","-","0","-","-",
"교통방해","검사지휘","범죄의 검거 단서[건]","건","1","2","2","2","2","1","2","3","5","2","2","3","4","5","5","1","0","-","-",
"교통방해","타기관에서 이송","범죄의 검거 단서[건]","건","4","2","-","-","2","3","1","1","1","2","1","1","1","2","-","1","0","2","-",
"교통방해","범행도구등 발견","범죄의 검거 단서[건]","건","-","-","1","-","-","-","-","-","-","-","-","","-","-","-","-","0","-","-",
"교통방해","장물","범죄의 검거 단서[건]","건","-","-","-","-","-","-","-","-","-","-","-","","-","-","-","-","0","-","-",
"교통방해","전과조회","범죄의 검거 단서[건]","건","-","-","1","-","1","-","-","-","-","-","-","1","-","-","-","-","0","-","-",
"교통방해","기타","범죄의 검거 단서[건]","건","86","127","122","161","194","259","332","417","480","409","565","167","111","108","138","122","99","71","165",
"교통방해","미상","범죄의 검거 단서[건]","건","","","","","","","","","6","","","","","","","","","","",
"공무방해","계","범죄의 검거 단서[건]","건","10876","14606","16455","17294","13311","12972","14275","13992","15262","14588","14989","12722","11164","11801","10960","9413","10837","11432","11096",
"공무방해","현행범","범죄의 검거 단서[건]","건","7913","11148","12761","12177","9730","9161","10190","10321","11396","10822","11058","9388","8228","7708","7317","6281","7439","8214","7782",
"공무방해","피해자신고","범죄의 검거 단서[건]","건","804","1195","1343","1287","1355","1512","1659","1560","1638","1544","1639","1308","1220","1546","1621","1429","1459","1237","1154",
"공무방해","고소","범죄의 검거 단서[건]","건","1163","1148","1050","1041","877","755","735","795","822","753","648","551","509","485","443","360","329","332","353",
"공무방해","고발","범죄의 검거 단서[건]","건","90","98","104","384","80","71","118","172","120","104","114","116","135","174","157","155","199","163","194",
"공무방해","자수","범죄의 검거 단서[건]","건","55","26","21","15","15","8","13","7","12","9","10","6","6","7","6","9","16","6","6",
"공무방해","민간체포","범죄의 검거 단서[건]","건","1","1","-","-","3","-","-","-","1","2","-","","2","-","1","1","0","4","-",
"공무방해","진정투서","범죄의 검거 단서[건]","건","16","7","16","10","18","25","12","21","24","29","37","33","20","33","32","39","40","45","55",
"공무방해","타인신고","범죄의 검거 단서[건]","건","145","182","199","166","317","233","279","269","287","268","309","265","327","353","420","455","564","552","532",
"공무방해","신문","범죄의 검거 단서[건]","건","5","22","6","9","8","2","-","2","5","2","5","3","1","12","-","2","5","10","23",
"공무방해","불심검문","범죄의 검거 단서[건]","건","51","70","82","58","51","12","29","31","16","27","41","19","19","13","9","13","11","16","29",
"공무방해","탐문정보","범죄의 검거 단서[건]","건","199","296","245","631","182","309","311","151","141","209","264","186","120","781","123","85","106","57","48",
"공무방해","안면식별","범죄의 검거 단서[건]","건","-","2","2","3","-","-","-","-","2","-","1","","2","1","-","-","0","-","1",
"공무방해","감식자료","범죄의 검거 단서[건]","건","1","2","1","-","1","-","6","2","2","1","3","","-","-","-","-","1","-","-",
"공무방해","변사체","범죄의 검거 단서[건]","건","-","-","1","1","-","1","-","-","-","-","-","","-","-","-","-","0","-","-",
"공무방해","범죄수법","범죄의 검거 단서[건]","건","-","-","1","1","-","-","-","2","3","2","1","","-","-","1","-","0","1","19",
"공무방해","발자국","범죄의 검거 단서[건]","건","-","-","-","-","-","-","1","-","-","-","-","","-","-","-","-","0","-","-",
"공무방해","검사지휘","범죄의 검거 단서[건]","건","2","9","7","4","15","4","6","8","3","6","4","5","12","6","8","2","2","-","1",
"공무방해","타기관에서 이송","범죄의 검거 단서[건]","건","4","2","5","4","8","1","4","7","4","3","4","5","7","6","3","6","4","8","13",
"공무방해","범행도구등 발견","범죄의 검거 단서[건]","건","1","1","3","-","1","1","-","-","-","1","-","","2","-","-","1","1","1","-",
"공무방해","장물","범죄의 검거 단서[건]","건","1","-","-","1","-","-","-","-","-","1","-","","-","-","-","-","0","-","-",
"공무방해","전과조회","범죄의 검거 단서[건]","건","-","-","-","-","-","-","1","-","-","-","1","1","-","-","-","-","0","1","1",
"공무방해","기타","범죄의 검거 단서[건]","건","425","397","608","1502","650","877","911","644","563","805","850","836","554","676","819","575","661","785","885",
"공무방해","미상","범죄의 검거 단서[건]","건","","","","","","","","","223","","","","","","","","","","",
"도주와범인은닉","계","범죄의 검거 단서[건]","건","361","487","575","681","311","514","616","430","503","571","437","527","404","334","307","231","212","248","312",
"도주와범인은닉","현행범","범죄의 검거 단서[건]","건","25","34","42","46","17","16","18","19","11","32","13","8","12","14","11","8","10","8","11",
"도주와범인은닉","피해자신고","범죄의 검거 단서[건]","건","17","19","18","19","19","22","12","18","15","22","19","21","11","16","15","13","12","13","13",
"도주와범인은닉","고소","범죄의 검거 단서[건]","건","4","11","15","10","7","10","13","7","8","10","9","11","13","16","19","12","10","8","8",
"도주와범인은닉","고발","범죄의 검거 단서[건]","건","2","2","1","3","1","3","7","2","5","5","6","1","5","4","7","5","7","5","14",
"도주와범인은닉","자수","범죄의 검거 단서[건]","건","12","11","12","11","7","5","6","8","5","9","3","6","3","3","-","4","3","4","4",
"도주와범인은닉","민간체포","범죄의 검거 단서[건]","건","-","-","-","-","-","-","-","1","-","-","-","","-","-","-","-","0","-","-",
"도주와범인은닉","진정투서","범죄의 검거 단서[건]","건","2","6","-","3","5","1","2","4","1","1","2","5","3","1","3","-","2","1","3",
"도주와범인은닉","타인신고","범죄의 검거 단서[건]","건","9","8","20","24","12","14","15","11","12","16","14","10","19","17","21","34","13","25","26",
"도주와범인은닉","신문","범죄의 검거 단서[건]","건","20","25","21","26","13","10","10","4","7","10","4","4","15","3","2","3","3","4","9",
"도주와범인은닉","불심검문","범죄의 검거 단서[건]","건","5","7","9","15","10","5","3","4","5","9","9","5","4","1","3","5","5","5","6",
"도주와범인은닉","탐문정보","범죄의 검거 단서[건]","건","40","44","61","66","28","26","33","32","24","30","29","26","14","12","10","5","14","18","15",
"도주와범인은닉","안면식별","범죄의 검거 단서[건]","건","3","1","-","-","-","-","1","-","-","-","2","","-","-","-","-","0","-","-",
"도주와범인은닉","감식자료","범죄의 검거 단서[건]","건","-","-","1","-","-","-","-","-","-","-","-","","-","-","-","-","0","-","-",
"도주와범인은닉","변사체","범죄의 검거 단서[건]","건","-","-","-","-","-","-","-","-","-","-","-","","-","-","-","-","0","-","-",
"도주와범인은닉","범죄수법","범죄의 검거 단서[건]","건","-","1","-","3","1","-","-","-","-","-","-","","-","-","-","-","0","-","-",
"도주와범인은닉","발자국","범죄의 검거 단서[건]","건","-","-","-","-","-","-","-","-","-","-","-","","-","-","-","-","0","-","-",
"도주와범인은닉","검사지휘","범죄의 검거 단서[건]","건","4","13","22","19","7","2","5","6","8","11","6","3","4","1","2","4","0","3","1",
"도주와범인은닉","타기관에서 이송","범죄의 검거 단서[건]","건","-","1","-","1","-","-","1","1","2","1","1","","1","-","-","-","1","-","-",
"도주와범인은닉","범행도구등 발견","범죄의 검거 단서[건]","건","-","-","-","-","-","-","-","-","-","-","-","1","-","-","-","-","0","1","-",
"도주와범인은닉","장물","범죄의 검거 단서[건]","건","-","-","-","-","-","-","-","-","-","-","-","","-","-","-","-","0","-","-",
"도주와범인은닉","전과조회","범죄의 검거 단서[건]","건","-","-","-","-","-","1","1","-","-","-","-","","-","-","-","-","0","-","-",
"도주와범인은닉","기타","범죄의 검거 단서[건]","건","218","304","353","435","184","399","489","313","84","415","320","426","300","246","214","138","132","153","202",
"도주와범인은닉","미상","범죄의 검거 단서[건]","건","","","","","","","","","316","","","","","","","","","","",
"위증과증거인멸","계","범죄의 검거 단서[건]","건","2600","2761","2758","2835","2412","2826","3059","3747","2986","3529","2997","3114","2850","2478","1949","1598","1700","1882","1861",
"위증과증거인멸","현행범","범죄의 검거 단서[건]","건","54","82","26","21","12","12","14","11","51","18","6","10","8","3","4","8","7","5","4",
"위증과증거인멸","피해자신고","범죄의 검거 단서[건]","건","5","3","5","14","5","3","1","5","3","10","5","3","4","6","8","8","4","15","11",
"위증과증거인멸","고소","범죄의 검거 단서[건]","건","1850","1908","1967","2049","1865","1891","2012","1917","1952","1977","1692","1606","1619","1479","1223","1003","1054","1085","1079",
"위증과증거인멸","고발","범죄의 검거 단서[건]","건","23","33","35","32","40","35","46","54","50","51","61","75","61","85","79","70","60","107","85",
"위증과증거인멸","자수","범죄의 검거 단서[건]","건","10","7","9","7","3","2","-","1","1","-","1","","-","-","-","2","1","1","4",
"위증과증거인멸","민간체포","범죄의 검거 단서[건]","건","-","-","-","-","-","-","-","-","-","-","-","","-","-","1","-","0","-","-",
"위증과증거인멸","진정투서","범죄의 검거 단서[건]","건","3","3","1","15","9","8","6","9","4","5","5","2","3","2","4","5","0","8","6",
"위증과증거인멸","타인신고","범죄의 검거 단서[건]","건","-","6","5","1","-","1","-","2","1","-","2","","-","3","1","1","3","4","-",
"위증과증거인멸","신문","범죄의 검거 단서[건]","건","22","27","10","11","9","4","4","5","4","22","5","20","13","10","3","1","4","14","10",
"위증과증거인멸","불심검문","범죄의 검거 단서[건]","건","2","4","2","5","1","-","-","1","-","-","-","2","-","-","-","-","0","-","-",
"위증과증거인멸","탐문정보","범죄의 검거 단서[건]","건","47","101","58","74","21","13","9","999","17","25","25","17","13","21","3","11","22","15","22",
"위증과증거인멸","안면식별","범죄의 검거 단서[건]","건","-","-","-","-","-","-","-","-","-","-","-","","-","-","-","-","0","-","-",
"위증과증거인멸","감식자료","범죄의 검거 단서[건]","건","-","-","-","-","2","-","1","-","1","1","-","","-","-","-","-","0","-","-",
"위증과증거인멸","변사체","범죄의 검거 단서[건]","건","-","-","1","-","-","-","-","-","-","-","-","","-","-","-","-","0","-","1",
"위증과증거인멸","범죄수법","범죄의 검거 단서[건]","건","2","1","-","-","-","-","-","-","-","1","4","2","-","-","-","-","5","-","-",
"위증과증거인멸","발자국","범죄의 검거 단서[건]","건","-","-","-","1","1","-","-","-","-","-","-","","-","-","-","-","0","-","-",
"위증과증거인멸","검사지휘","범죄의 검거 단서[건]","건","61","35","27","20","37","16","10","13","20","26","23","21","23","24","32","12","2","5","-",
"위증과증거인멸","타기관에서 이송","범죄의 검거 단서[건]","건","-","1","1","-","1","-","-","-","1","-","-","","-","-","-","-","1","1","3",
"위증과증거인멸","범행도구등 발견","범죄의 검거 단서[건]","건","-","-","-","-","-","-","-","-","-","-","-","","-","-","-","-","0","-","-",
"위증과증거인멸","장물","범죄의 검거 단서[건]","건","-","-","-","-","-","-","-","-","-","-","-","","-","-","-","-","0","-","-",
"위증과증거인멸","전과조회","범죄의 검거 단서[건]","건","-","-","-","-","-","-","-","-","1","-","-","","-","-","-","-","0","-","-",
"위증과증거인멸","기타","범죄의 검거 단서[건]","건","521","550","611","585","406","841","956","730","160","1393","1168","1356","1106","845","591","477","537","622","636",
"위증과증거인멸","미상","범죄의 검거 단서[건]","건","","","","","","","","","720","","","","","","","","","","",
"무고","계","범죄의 검거 단서[건]","건","3246","2926","3093","3223","2902","3686","4033","3628","4110","4632","4747","4803","5032","4784","4863","3670","3854","4694","5891",
"무고","현행범","범죄의 검거 단서[건]","건","37","43","41","26","29","26","26","34","23","21","16","15","11","13","5","6","6","4","5",
"무고","피해자신고","범죄의 검거 단서[건]","건","15","21","27","31","15","19","33","33","30","40","35","22","26","37","36","55","55","109","147",
"무고","고소","범죄의 검거 단서[건]","건","1983","1753","1814","1944","1951","2054","2237","2389","2515","2631","2889","2948","3343","3363","3745","3108","3277","3845","4930",
"무고","고발","범죄의 검거 단서[건]","건","10","12","14","15","17","13","15","16","15","15","27","15","30","34","31","24","48","43","38",
"무고","자수","범죄의 검거 단서[건]","건","11","10","13","10","7","1","2","3","4","4","5","6","3","5","2","16","12","8","11",
"무고","민간체포","범죄의 검거 단서[건]","건","1","-","-","-","-","-","1","-","-","-","-","","-","-","-","-","0","-","-",
"무고","진정투서","범죄의 검거 단서[건]","건","27","12","10","17","14","20","18","22","24","24","25","28","24","16","21","24","28","39","47",
"무고","타인신고","범죄의 검거 단서[건]","건","7","3","5","1","5","8","5","4","6","5","5","4","14","1","4","6","7","13","9",
"무고","신문","범죄의 검거 단서[건]","건","58","56","53","35","33","31","29","29","27","29","27","27","25","17","13","10","5","29","19",
"무고","불심검문","범죄의 검거 단서[건]","건","4","1","3","5","2","4","1","1","3","2","1","1","-","-","1","-","0","-","1",
"무고","탐문정보","범죄의 검거 단서[건]","건","60","47","78","90","45","56","29","39","56","33","65","38","24","31","24","16","19","22","25",
"무고","안면식별","범죄의 검거 단서[건]","건","1","-","-","-","-","-","-","-","-","-","-","","-","-","-","-","0","-","-",
"무고","감식자료","범죄의 검거 단서[건]","건","-","1","1","-","-","2","-","-","-","-","-","","-","-","-","-","0","-","-",
"무고","변사체","범죄의 검거 단서[건]","건","-","-","-","-","-","-","-","-","-","-","-","","-","-","-","-","0","-","-",
"무고","범죄수법","범죄의 검거 단서[건]","건","2","1","-","5","-","-","-","-","5","-","-","","1","-","1","1","0","-","-",
"무고","발자국","범죄의 검거 단서[건]","건","-","-","-","-","-","-","-","-","-","-","-","","-","-","-","-","0","-","-",
"무고","검사지휘","범죄의 검거 단서[건]","건","36","45","74","60","67","32","46","46","49","38","44","35","44","54","76","14","7","7","8",
"무고","타기관에서 이송","범죄의 검거 단서[건]","건","2","-","1","2","6","1","1","2","1","-","-","","-","-","3","4","4","2","1",
"무고","범행도구등 발견","범죄의 검거 단서[건]","건","-","-","-","-","-","-","-","-","-","-","-","","-","-","-","-","0","-","-",
"무고","장물","범죄의 검거 단서[건]","건","-","-","-","-","-","-","-","-","-","-","-","","-","-","-","-","0","-","-",
"무고","전과조회","범죄의 검거 단서[건]","건","-","-","-","-","-","-","-","-","-","-","-","","1","-","-","-","0","-","-",
"무고","기타","범죄의 검거 단서[건]","건","992","921","959","982","711","1419","1590","1010","298","1790","1608","1664","1486","1213","901","386","386","573","650",
"무고","미상","범죄의 검거 단서[건]","건","","","","","","","","","1054","","","","","","","","","","",
"공안을해하는죄","계","범죄의 검거 단서[건]","건","38","36","28","30","18","29","31","24","24","50","58","71","99","173","149","172","198","307","294",
"공안을해하는죄","현행범","범죄의 검거 단서[건]","건","10","9","6","10","6","8","5","6","5","5","3","2","2","3","1","1","1","4","1",
"공안을해하는죄","피해자신고","범죄의 검거 단서[건]","건","11","6","5","9","3","7","7","4","5","9","6","6","3","5","8","5","13","38","23",
"공안을해하는죄","고소","범죄의 검거 단서[건]","건","8","5","6","7","3","3","8","7","7","5","9","6","9","16","6","18","7","11","22",
"공안을해하는죄","고발","범죄의 검거 단서[건]","건","1","1","1","-","1","1","-","1","-","1","1","3","1","-","-","1","4","1","2",
"공안을해하는죄","자수","범죄의 검거 단서[건]","건","-","-","-","-","-","1","-","-","-","-","-","","-","-","1","-","2","4","1",
"공안을해하는죄","민간체포","범죄의 검거 단서[건]","건","-","1","-","-","-","-","-","-","-","-","-","","-","-","-","-","0","-","-",
"공안을해하는죄","진정투서","범죄의 검거 단서[건]","건","-","-","1","-","2","1","1","-","1","-","1","1","-","3","3","4","4","9","8",
"공안을해하는죄","타인신고","범죄의 검거 단서[건]","건","-","5","1","-","1","-","1","1","2","2","2","2","1","4","2","1","5","3","7",
"공안을해하는죄","신문","범죄의 검거 단서[건]","건","-","-","-","-","-","-","-","-","-","-","-","","-","-","-","-","0","3","1",
"공안을해하는죄","불심검문","범죄의 검거 단서[건]","건","-","-","-","1","-","1","-","-","-","-","-","","-","-","-","-","1","-","1",
"공안을해하는죄","탐문정보","범죄의 검거 단서[건]","건","6","6","4","1","2","4","2","3","2","9","6","6","10","53","69","42","30","55","60",
"공안을해하는죄","안면식별","범죄의 검거 단서[건]","건","-","-","-","-","-","-","-","-","-","-","-","","-","-","-","-","0","-","-",
"공안을해하는죄","감식자료","범죄의 검거 단서[건]","건","-","-","-","-","-","-","-","-","-","-","-","","-","-","-","-","0","-","-",
"공안을해하는죄","변사체","범죄의 검거 단서[건]","건","-","-","-","-","-","-","-","-","-","-","-","","-","-","-","1","0","-","-",
"공안을해하는죄","범죄수법","범죄의 검거 단서[건]","건","-","-","-","-","-","-","-","-","-","-","-","","-","-","1","-","1","-","2",
"공안을해하는죄","발자국","범죄의 검거 단서[건]","건","-","-","-","-","-","-","-","-","-","-","-","","-","-","-","-","0","-","-",
"공안을해하는죄","검사지휘","범죄의 검거 단서[건]","건","-","1","-","-","-","-","-","-","-","1","-","","-","-","1","-","0","1","-",
"공안을해하는죄","타기관에서 이송","범죄의 검거 단서[건]","건","-","-","1","-","-","-","-","-","-","-","-","","-","-","2","2","0","-","1",
"공안을해하는죄","범행도구등 발견","범죄의 검거 단서[건]","건","-","-","-","-","-","-","-","-","-","-","-","","-","-","-","-","0","1","-",
"공안을해하는죄","장물","범죄의 검거 단서[건]","건","-","-","-","-","-","-","-","-","-","-","-","","-","-","-","-","0","-","-",
"공안을해하는죄","전과조회","범죄의 검거 단서[건]","건","-","-","-","-","-","-","-","-","-","-","-","","-","-","-","-","0","-","-",
"공안을해하는죄","기타","범죄의 검거 단서[건]","건","2","2","3","2","-","3","7","2","2","18","30","45","73","89","55","97","130","177","165",
"공안을해하는죄","미상","범죄의 검거 단서[건]","건","","","","","","","","","-","","","","","","","","","","",
"내란의죄","계","범죄의 검거 단서[건]","건","-","-","-","-","-","-","-","3","4","1","11","15","16","9","23","15","3","5","10",
"내란의죄","현행범","범죄의 검거 단서[건]","건","-","-","-","-","-","-","-","-","-","-","-","","-","-","-","-","0","-","-",
"내란의죄","피해자신고","범죄의 검거 단서[건]","건","-","-","-","-","-","-","-","-","-","-","-","","-","-","-","-","0","-","-",
"내란의죄","고소","범죄의 검거 단서[건]","건","-","-","-","-","-","-","-","-","-","-","-","","1","1","2","4","0","-","1",
"내란의죄","고발","범죄의 검거 단서[건]","건","-","-","-","-","-","-","-","-","-","-","1","2","1","3","2","1","1","4","-",
"내란의죄","자수","범죄의 검거 단서[건]","건","-","-","-","-","-","-","-","-","-","-","-","","-","-","-","-","0","-","-",
"내란의죄","민간체포","범죄의 검거 단서[건]","건","-","-","-","-","-","-","-","-","-","-","-","","-","-","-","-","0","-","-",
"내란의죄","진정투서","범죄의 검거 단서[건]","건","-","-","-","-","-","-","-","-","-","-","-","","-","-","-","-","0","-","-",
"내란의죄","타인신고","범죄의 검거 단서[건]","건","-","-","-","-","-","-","-","-","-","-","-","","-","-","-","-","0","-","-",
"내란의죄","신문","범죄의 검거 단서[건]","건","-","-","-","-","-","-","-","-","-","-","-","","-","-","-","-","0","-","-",
"내란의죄","불심검문","범죄의 검거 단서[건]","건","-","-","-","-","-","-","-","-","-","-","-","","-","-","-","-","0","-","-",
"내란의죄","탐문정보","범죄의 검거 단서[건]","건","-","-","-","-","-","-","-","-","-","-","-","","-","-","-","-","0","-","-",
"내란의죄","안면식별","범죄의 검거 단서[건]","건","-","-","-","-","-","-","-","-","-","-","-","","-","-","-","-","0","-","-",
"내란의죄","감식자료","범죄의 검거 단서[건]","건","-","-","-","-","-","-","-","-","-","-","-","","-","-","-","-","0","-","-",
"내란의죄","변사체","범죄의 검거 단서[건]","건","-","-","-","-","-","-","-","-","-","-","-","","-","-","-","-","0","-","-",
"내란의죄","범죄수법","범죄의 검거 단서[건]","건","-","-","-","-","-","-","-","-","-","-","-","","-","-","-","-","0","-","-",
"내란의죄","발자국","범죄의 검거 단서[건]","건","-","-","-","-","-","-","-","-","-","-","-","","-","-","-","-","0","-","-",
"내란의죄","검사지휘","범죄의 검거 단서[건]","건","-","-","-","-","-","-","-","-","-","-","-","","-","-","-","-","0","-","-",
"내란의죄","타기관에서 이송","범죄의 검거 단서[건]","건","-","-","-","-","-","-","-","-","-","-","-","","-","-","-","-","0","-","-",
"내란의죄","범행도구등 발견","범죄의 검거 단서[건]","건","-","-","-","-","-","-","-","-","-","-","-","","-","-","-","-","0","-","-",
"내란의죄","장물","범죄의 검거 단서[건]","건","-","-","-","-","-","-","-","-","-","-","-","","-","-","-","-","0","-","-",
"내란의죄","전과조회","범죄의 검거 단서[건]","건","-","-","-","-","-","-","-","-","-","-","-","","-","-","-","-","0","-","-",
"내란의죄","기타","범죄의 검거 단서[건]","건","-","-","-","-","-","-","-","3","-","1","10","13","14","5","19","10","2","1","9",
"내란의죄","미상","범죄의 검거 단서[건]","건","","","","","","","","","4","","","","","","","","","","",
"음용수에관한죄","계","범죄의 검거 단서[건]","건","22","26","21","20","17","13","13","12","14","15","21","17","16","13","22","23","27","23","23",
"음용수에관한죄","현행범","범죄의 검거 단서[건]","건","2","3","2","-","-","-","-","-","-","-","2","","-","-","2","-","0","1","-",
"음용수에관한죄","피해자신고","범죄의 검거 단서[건]","건","3","3","3","1","5","1","3","1","7","2","1","3","1","3","7","8","2","5","6",
"음용수에관한죄","고소","범죄의 검거 단서[건]","건","11","19","15","16","9","8","10","8","7","10","12","8","14","9","11","14","16","15","14",
"음용수에관한죄","고발","범죄의 검거 단서[건]","건","2","-","-","-","1","-","-","1","-","-","2","2","-","-","2","1","3","-","-",
"음용수에관한죄","자수","범죄의 검거 단서[건]","건","1","-","-","-","-","-","-","-","-","-","-","","-","-","-","-","0","-","-",
"음용수에관한죄","민간체포","범죄의 검거 단서[건]","건","-","-","-","-","-","-","-","-","-","-","-","","-","-","-","-","0","-","-",
"음용수에관한죄","진정투서","범죄의 검거 단서[건]","건","2","1","-","1","-","2","-","-","-","2","2","","1","-","-","-","2","1","1",
"음용수에관한죄","타인신고","범죄의 검거 단서[건]","건","1","-","1","-","-","-","-","-","-","-","-","1","-","-","-","-","0","1","-",
"음용수에관한죄","신문","범죄의 검거 단서[건]","건","-","-","-","-","-","-","-","-","-","-","-","","-","-","-","-","0","-","-",
"음용수에관한죄","불심검문","범죄의 검거 단서[건]","건","-","-","-","-","-","-","-","-","-","-","-","","-","-","-","-","0","-","-",
"음용수에관한죄","탐문정보","범죄의 검거 단서[건]","건","-","-","-","2","-","-","-","1","-","-","-","","-","-","-","-","2","-","-",
"음용수에관한죄","안면식별","범죄의 검거 단서[건]","건","-","-","-","-","-","-","-","-","-","-","-","","-","-","-","-","0","-","-",
"음용수에관한죄","감식자료","범죄의 검거 단서[건]","건","-","-","-","-","-","-","-","-","-","-","-","","-","-","-","-","0","-","-",
"음용수에관한죄","변사체","범죄의 검거 단서[건]","건","-","-","-","-","-","-","-","-","-","-","-","","-","-","-","-","0","-","-",
"음용수에관한죄","범죄수법","범죄의 검거 단서[건]","건","-","-","-","-","-","-","-","-","-","-","-","","-","-","-","-","0","-","-",
"음용수에관한죄","발자국","범죄의 검거 단서[건]","건","-","-","-","-","-","-","-","-","-","-","-","","-","-","-","-","0","-","-",
"음용수에관한죄","검사지휘","범죄의 검거 단서[건]","건","-","-","-","-","1","-","-","-","-","1","-","1","-","-","-","-","0","-","-",
"음용수에관한죄","타기관에서 이송","범죄의 검거 단서[건]","건","-","-","-","-","-","-","-","-","-","-","-","","-","-","-","-","0","-","1",
"음용수에관한죄","범행도구등 발견","범죄의 검거 단서[건]","건","-","-","-","-","-","-","-","-","-","-","-","","-","-","-","-","0","-","-",
"음용수에관한죄","장물","범죄의 검거 단서[건]","건","-","-","-","-","-","-","-","-","-","-","-","","-","-","-","-","0","-","-",
"음용수에관한죄","전과조회","범죄의 검거 단서[건]","건","-","-","-","-","-","-","-","-","-","-","-","","-","-","-","-","0","-","-",
"음용수에관한죄","기타","범죄의 검거 단서[건]","건","-","-","-","-","1","2","-","1","-","-","2","2","-","1","-","-","2","-","1",
"음용수에관한죄","미상","범죄의 검거 단서[건]","건","","","","","","","","","-","","","","","","","","","","",
"일수와수리에관한죄","계","범죄의 검거 단서[건]","건","11","14","11","3","8","6","5","7","3","5","4","5","9","7","5","13","11","6","8",
"일수와수리에관한죄","현행범","범죄의 검거 단서[건]","건","-","-","-","-","-","-","-","-","-","-","-","","-","-","1","-","0","-","-",
"일수와수리에관한죄","피해자신고","범죄의 검거 단서[건]","건","1","1","2","-","3","-","-","-","-","1","-","2","2","-","-","-","2","-","1",
"일수와수리에관한죄","고소","범죄의 검거 단서[건]","건","8","10","7","3","5","6","5","7","3","4","3","1","6","6","3","10","5","4","6",
"일수와수리에관한죄","고발","범죄의 검거 단서[건]","건","1","3","2","-","-","-","-","-","-","-","-","","-","1","-","1","2","1","-",
"일수와수리에관한죄","자수","범죄의 검거 단서[건]","건","-","-","-","-","-","-","-","-","-","-","-","","-","-","-","-","0","-","-",
"일수와수리에관한죄","민간체포","범죄의 검거 단서[건]","건","-","-","-","-","-","-","-","-","-","-","-","","-","-","-","-","0","-","-",
"일수와수리에관한죄","진정투서","범죄의 검거 단서[건]","건","-","-","-","-","-","-","-","-","-","-","1","1","-","-","-","-","1","-","-",
"일수와수리에관한죄","타인신고","범죄의 검거 단서[건]","건","-","-","-","-","-","-","-","-","-","-","-","1","-","-","-","-","0","-","-",
"일수와수리에관한죄","신문","범죄의 검거 단서[건]","건","-","-","-","-","-","-","-","-","-","-","-","","-","-","-","-","0","-","-",
"일수와수리에관한죄","불심검문","범죄의 검거 단서[건]","건","-","-","-","-","-","-","-","-","-","-","-","","-","-","-","-","0","-","-",
"일수와수리에관한죄","탐문정보","범죄의 검거 단서[건]","건","-","-","-","-","-","-","-","-","-","-","-","","-","-","-","1","0","-","-",
"일수와수리에관한죄","안면식별","범죄의 검거 단서[건]","건","-","-","-","-","-","-","-","-","-","-","-","","-","-","-","-","0","-","-",
"일수와수리에관한죄","감식자료","범죄의 검거 단서[건]","건","-","-","-","-","-","-","-","-","-","-","-","","-","-","-","-","0","-","-",
"일수와수리에관한죄","변사체","범죄의 검거 단서[건]","건","-","-","-","-","-","-","-","-","-","-","-","","-","-","-","-","0","-","-",
"일수와수리에관한죄","범죄수법","범죄의 검거 단서[건]","건","-","-","-","-","-","-","-","-","-","-","-","","-","-","-","-","0","-","-",
"일수와수리에관한죄","발자국","범죄의 검거 단서[건]","건","-","-","-","-","-","-","-","-","-","-","-","","-","-","-","-","0","-","-",
"일수와수리에관한죄","검사지휘","범죄의 검거 단서[건]","건","-","-","-","-","-","-","-","-","-","-","-","","-","-","-","-","0","-","-",
"일수와수리에관한죄","타기관에서 이송","범죄의 검거 단서[건]","건","-","-","-","-","-","-","-","-","-","-","-","","-","-","-","-","0","-","-",
"일수와수리에관한죄","범행도구등 발견","범죄의 검거 단서[건]","건","-","-","-","-","-","-","-","-","-","-","-","","-","-","-","-","0","-","-",
"일수와수리에관한죄","장물","범죄의 검거 단서[건]","건","-","-","-","-","-","-","-","-","-","-","-","","-","-","-","-","0","-","-",
"일수와수리에관한죄","전과조회","범죄의 검거 단서[건]","건","-","-","-","-","-","-","-","-","-","-","-","","-","-","-","-","0","-","-",
"일수와수리에관한죄","기타","범죄의 검거 단서[건]","건","1","-","-","-","-","-","-","-","-","-","-","","1","-","1","1","1","1","1",
"일수와수리에관한죄","미상","범죄의 검거 단서[건]","건","","","","","","","","","-","","","","","","","","","","",
"기타","계","범죄의 검거 단서[건]","건","1","-","5","-","2","10","6","3","1623","500","35","39","40","42","38","9","5","4","5",
"기타","현행범","범죄의 검거 단서[건]","건","-","-","-","-","-","2","-","-","36","8","-","1","-","-","-","-","0","-","-",
"기타","피해자신고","범죄의 검거 단서[건]","건","-","-","1","-","-","1","-","-","34","12","1","1","-","1","3","-","2","-","-",
"기타","고소","범죄의 검거 단서[건]","건","1","-","-","-","-","-","-","-","1502","419","14","14","13","15","12","1","2","1","2",
"기타","고발","범죄의 검거 단서[건]","건","-","-","-","-","-","1","-","1","8","11","8","5","8","6","8","-","1","1","1",
"기타","자수","범죄의 검거 단서[건]","건","-","-","-","-","-","-","-","-","-","-","-","","2","1","-","-","0","-","-",
"기타","민간체포","범죄의 검거 단서[건]","건","-","-","-","-","-","-","-","-","-","-","-","","-","-","-","-","0","-","-",
"기타","진정투서","범죄의 검거 단서[건]","건","-","-","-","-","-","1","-","-","2","2","-","1","2","1","2","1","0","1","1",
"기타","타인신고","범죄의 검거 단서[건]","건","-","-","-","-","-","-","-","1","4","1","4","3","2","1","3","-","0","-","-",
"기타","신문","범죄의 검거 단서[건]","건","-","-","-","-","-","-","-","-","-","-","-","","-","-","-","-","0","-","-",
"기타","불심검문","범죄의 검거 단서[건]","건","-","-","-","-","-","-","-","-","-","-","-","","-","-","-","-","0","-","-",
"기타","탐문정보","범죄의 검거 단서[건]","건","-","-","2","-","1","5","6","-","2","13","2","1","2","4","2","-","0","-","-",
"기타","안면식별","범죄의 검거 단서[건]","건","-","-","-","-","-","-","-","-","-","-","-","","-","-","-","-","0","-","-",
"기타","감식자료","범죄의 검거 단서[건]","건","-","-","-","-","-","-","-","-","-","-","-","","-","-","-","-","0","-","-",
"기타","변사체","범죄의 검거 단서[건]","건","-","-","-","-","-","-","-","-","-","-","-","","1","-","1","1","0","-","-",
"기타","범죄수법","범죄의 검거 단서[건]","건","-","-","-","-","-","-","-","-","-","-","-","","-","-","-","-","0","-","-",
"기타","발자국","범죄의 검거 단서[건]","건","-","-","-","-","-","-","-","-","-","-","-","","-","-","-","-","0","-","-",
"기타","검사지휘","범죄의 검거 단서[건]","건","-","-","-","-","-","-","-","-","2","2","-","","-","-","-","-","0","-","-",
"기타","타기관에서 이송","범죄의 검거 단서[건]","건","-","-","-","-","-","-","-","-","-","-","-","","-","1","1","-","0","-","-",
"기타","범행도구등 발견","범죄의 검거 단서[건]","건","-","-","-","-","-","-","-","-","-","-","-","","-","1","-","-","0","-","-",
"기타","장물","범죄의 검거 단서[건]","건","-","-","-","-","-","-","-","-","-","-","-","","-","-","-","-","0","-","-",
"기타","전과조회","범죄의 검거 단서[건]","건","-","-","-","-","-","-","-","-","-","-","-","","-","-","-","-","0","-","-",
"기타","기타","범죄의 검거 단서[건]","건","-","-","2","-","1","-","-","1","24","32","6","13","10","11","6","6","0","1","1",
"기타","미상","범죄의 검거 단서[건]","건","","","","","","","","","9","","","","","","","","","","",
"특별법범","계","범죄의 검거 단서[건]","건","929251","1052041","1205352","1097467","910796","817517","811472","847481","812931","854108","902092","804060","708484","688507","631686","577397","528159","551039","580141",
"특별법범","현행범","범죄의 검거 단서[건]","건","284264","328707","375626","247265","144725","59220","28021","25080","21051","20318","23357","17468","16339","14708","11437","10278","12761","14996","14034",
"특별법범","피해자신고","범죄의 검거 단서[건]","건","170653","174406","178900","191445","178789","180563","194202","194615","202240","217885","211904","190710","170738","168720","160880","140334","90421","85987","85745",
"특별법범","고소","범죄의 검거 단서[건]","건","21293","25381","67794","59909","26457","28344","31911","30486","27285","29163","27046","23539","24547","25084","25546","25409","28409","40463","69375",
"특별법범","고발","범죄의 검거 단서[건]","건","112262","111412","108598","105148","87243","57440","61639","67943","63525","57754","55031","52568","52083","50663","43319","38804","42246","43701","45498",
"특별법범","자수","범죄의 검거 단서[건]","건","17653","17027","20993","26968","24289","18425","18560","17936","16822","16179","14512","13898","13720","11988","12153","7919","5176","5354","5158",
"특별법범","민간체포","범죄의 검거 단서[건]","건","226","205","178","138","188","141","107","94","59","53","45","29","23","31","20","18","20","28","17",
"특별법범","진정투서","범죄의 검거 단서[건]","건","11908","11409","11126","11931","10004","9443","9304","10136","12605","14095","13904","13596","14213","15322","15118","15525","17789","19256","17165",
"특별법범","타인신고","범죄의 검거 단서[건]","건","63066","69627","75231","80607","82484","82095","87626","90849","88124","97220","89644","88026","95043","98395","107796","100491","104182","111023","102855",
"특별법범","신문","범죄의 검거 단서[건]","건","4386","3875","3092","4020","2622","2012","2840","2390","2494","2599","3352","3645","2853","2256","2135","2386","2639","2828","3276",
"특별법범","불심검문","범죄의 검거 단서[건]","건","105976","161125","204134","171918","173852","158856","155886","181702","161779","173180","223858","175596","102014","78928","58620","49581","50451","53778","56954",
"특별법범","탐문정보","범죄의 검거 단서[건]","건","42797","49369","44340","61039","33746","34111","33951","35477","24992","29346","33099","34337","27072","25223","16590","21937","26548","25415","22956",
"특별법범","안면식별","범죄의 검거 단서[건]","건","70","39","20","41","26","25","22","18","6","13","24","10","10","11","11","6","10","9","6",
"특별법범","감식자료","범죄의 검거 단서[건]","건","58","54","69","87","104","101","70","90","99","85","72","55","36","254","44","71","57","82","68",
"특별법범","변사체","범죄의 검거 단서[건]","건","70","78","90","80","68","72","74","65","48","39","36","61","50","43","28","30","43","26","39",
"특별법범","범죄수법","범죄의 검거 단서[건]","건","15","34","45","45","35","39","23","45","48","44","75","61","76","55","103","46","80","38","60",
"특별법범","발자국","범죄의 검거 단서[건]","건","3","5","1","3","2","1","-","2","2","-","5","2","1","3","2","1","1","-","2",
"특별법범","검사지휘","범죄의 검거 단서[건]","건","612","616","648","856","1612","663","705","584","518","663","751","559","724","712","758","228","96","73","74",
"특별법범","타기관에서 이송","범죄의 검거 단서[건]","건","1677","1599","1831","1715","1669","840","607","943","887","680","2809","649","884","1095","906","1267","1316","1141","1286",
"특별법범","범행도구등 발견","범죄의 검거 단서[건]","건","90","51","143","296","100","80","354","73","64","81","66","72","46","56","49","54","80","549","140",
"특별법범","장물","범죄의 검거 단서[건]","건","28","29","24","39","19","8","12","7","4","9","5","12","2","1","-","2","0","8","6",
"특별법범","전과조회","범죄의 검거 단서[건]","건","190","195","257","226","110","38","31","27","32","47","28","28","25","39","22","29","27","50","78",
"특별법범","기타","범죄의 검거 단서[건]","건","91954","96798","112212","133691","142652","185000","185527","188919","111792","194655","202469","189139","187985","194920","176149","162981","145807","146234","155349",
"특별법범","미상","범죄의 검거 단서[건]","건","","","","","","","","","78455","","","","","","","","","","",
"가정폭력범죄의처벌등에관한특례법","계","범죄의 검거 단서[건]","건","68","60","85","102","112","290","325","333","177","237","207","192","356","388","397","1049","1262","1400","1554",
"가정폭력범죄의처벌등에관한특례법","현행범","범죄의 검거 단서[건]","건","32","27","36","36","50","112","124","83","38","52","40","29","51","58","36","111","147","188","229",
"가정폭력범죄의처벌등에관한특례법","피해자신고","범죄의 검거 단서[건]","건","20","21","32","32","39","140","147","208","105","138","126","130","242","276","264","750","882","946","1023",
"가정폭력범죄의처벌등에관한특례법","고소","범죄의 검거 단서[건]","건","13","11","14","30","15","12","28","21","23","24","18","18","31","30","59","73","88","91","96",
"가정폭력범죄의처벌등에관한특례법","고발","범죄의 검거 단서[건]","건","-","-","-","-","-","-","1","-","-","1","-","","2","1","1","-","1","8","1",
"가정폭력범죄의처벌등에관한특례법","자수","범죄의 검거 단서[건]","건","1","-","-","3","1","-","-","-","-","-","-","","-","-","1","3","10","7","7",
"가정폭력범죄의처벌등에관한특례법","민간체포","범죄의 검거 단서[건]","건","-","-","-","-","-","-","1","-","-","-","-","","-","-","-","-","0","-","-",
"가정폭력범죄의처벌등에관한특례법","진정투서","범죄의 검거 단서[건]","건","-","-","-","-","-","1","-","-","-","1","2","","-","1","4","3","8","11","12",
"가정폭력범죄의처벌등에관한특례법","타인신고","범죄의 검거 단서[건]","건","1","1","1","-","4","6","4","2","4","5","9","7","10","11","19","52","69","76","82",
"가정폭력범죄의처벌등에관한특례법","신문","범죄의 검거 단서[건]","건","-","-","-","-","-","-","-","-","-","-","-","","-","-","-","-","0","-","2",
"가정폭력범죄의처벌등에관한특례법","불심검문","범죄의 검거 단서[건]","건","-","-","-","-","-","-","-","-","-","-","-","","-","-","-","-","0","1","2",
"가정폭력범죄의처벌등에관한특례법","탐문정보","범죄의 검거 단서[건]","건","-","-","1","-","1","-","1","4","2","4","3","1","1","-","2","6","13","8","8",
"가정폭력범죄의처벌등에관한특례법","안면식별","범죄의 검거 단서[건]","건","-","-","-","-","-","-","-","-","-","-","-","","-","-","-","-","0","-","-",
"가정폭력범죄의처벌등에관한특례법","감식자료","범죄의 검거 단서[건]","건","-","-","-","-","-","-","-","-","-","-","-","","-","-","-","-","0","-","-",
"가정폭력범죄의처벌등에관한특례법","변사체","범죄의 검거 단서[건]","건","-","-","-","-","-","-","-","-","-","-","-","","-","-","-","-","0","-","-",
"가정폭력범죄의처벌등에관한특례법","범죄수법","범죄의 검거 단서[건]","건","-","-","-","-","-","-","-","-","-","-","-","","-","-","-","-","0","-","-",
"가정폭력범죄의처벌등에관한특례법","발자국","범죄의 검거 단서[건]","건","-","-","-","-","-","-","-","-","-","-","-","","-","-","-","1","0","-","-",
"가정폭력범죄의처벌등에관한특례법","검사지휘","범죄의 검거 단서[건]","건","-","-","-","-","-","-","-","-","-","-","-","","1","-","-","-","1","-","1",
"가정폭력범죄의처벌등에관한특례법","타기관에서 이송","범죄의 검거 단서[건]","건","-","-","-","-","-","-","-","-","-","-","-","","-","-","-","1","0","3","1",
"가정폭력범죄의처벌등에관한특례법","범행도구등 발견","범죄의 검거 단서[건]","건","-","-","-","-","-","-","-","-","-","-","-","","-","-","-","-","0","-","-",
"가정폭력범죄의처벌등에관한특례법","장물","범죄의 검거 단서[건]","건","-","-","-","-","-","-","-","-","-","-","-","","-","-","-","-","0","-","-",
"가정폭력범죄의처벌등에관한특례법","전과조회","범죄의 검거 단서[건]","건","-","-","-","-","-","-","-","-","-","-","-","","-","-","-","-","0","-","1",
"가정폭력범죄의처벌등에관한특례법","기타","범죄의 검거 단서[건]","건","1","-","1","1","2","19","19","15","5","12","9","7","18","11","11","49","43","61","89",
"가정폭력범죄의처벌등에관한특례법","미상","범죄의 검거 단서[건]","건","","","","","","","","","-","","","","","","","","","","",
"가축분뇨의관리및이용에관한법률","계","범죄의 검거 단서[건]","건","","","","","","","","","893","924","880","824","949","956","935","827","791","684","573",
"가축분뇨의관리및이용에관한법률","현행범","범죄의 검거 단서[건]","건","","","","","","","","","22","27","24","21","21","19","33","31","17","22","15",
"가축분뇨의관리및이용에관한법률","피해자신고","범죄의 검거 단서[건]","건","","","","","","","","","4","3","-","3","2","3","5","1","4","3","3",
"가축분뇨의관리및이용에관한법률","고소","범죄의 검거 단서[건]","건","","","","","","","","","4","6","6","3","9","12","6","1","2","3","7",
"가축분뇨의관리및이용에관한법률","고발","범죄의 검거 단서[건]","건","","","","","","","","","525","530","577","496","534","602","590","422","445","410","322",
"가축분뇨의관리및이용에관한법률","자수","범죄의 검거 단서[건]","건","","","","","","","","","-","6","4","1","4","3","2","5","0","-","3",
"가축분뇨의관리및이용에관한법률","민간체포","범죄의 검거 단서[건]","건","","","","","","","","","-","-","-","","-","-","-","-","0","-","-",
"가축분뇨의관리및이용에관한법률","진정투서","범죄의 검거 단서[건]","건","","","","","","","","","3","5","4","6","9","13","1","2","1","1","2",
"가축분뇨의관리및이용에관한법률","타인신고","범죄의 검거 단서[건]","건","","","","","","","","","64","51","65","44","37","20","36","60","36","47","46",
"가축분뇨의관리및이용에관한법률","신문","범죄의 검거 단서[건]","건","","","","","","","","","4","1","-","1","-","-","-","-","2","2","-",
"가축분뇨의관리및이용에관한법률","불심검문","범죄의 검거 단서[건]","건","","","","","","","","","-","1","-","1","-","-","1","5","0","-","-",
"가축분뇨의관리및이용에관한법률","탐문정보","범죄의 검거 단서[건]","건","","","","","","","","","13","17","10","15","9","6","3","5","5","1","6",
"가축분뇨의관리및이용에관한법률","안면식별","범죄의 검거 단서[건]","건","","","","","","","","","-","-","-","","-","-","-","-","0","-","-",
"가축분뇨의관리및이용에관한법률","감식자료","범죄의 검거 단서[건]","건","","","","","","","","","-","-","-","","-","-","-","-","0","-","-",
"가축분뇨의관리및이용에관한법률","변사체","범죄의 검거 단서[건]","건","","","","","","","","","-","-","-","","-","-","-","-","0","-","-",
"가축분뇨의관리및이용에관한법률","범죄수법","범죄의 검거 단서[건]","건","","","","","","","","","-","-","-","","-","-","-","-","0","-","-",
"가축분뇨의관리및이용에관한법률","발자국","범죄의 검거 단서[건]","건","","","","","","","","","-","-","-","","-","-","-","-","0","-","-",
"가축분뇨의관리및이용에관한법률","검사지휘","범죄의 검거 단서[건]","건","","","","","","","","","-","-","2","1","1","-","-","-","0","-","-",
"가축분뇨의관리및이용에관한법률","타기관에서 이송","범죄의 검거 단서[건]","건","","","","","","","","","1","1","4","","-","1","-","-","0","-","-",
"가축분뇨의관리및이용에관한법률","범행도구등 발견","범죄의 검거 단서[건]","건","","","","","","","","","-","-","-","","-","-","-","-","0","-","-",
"가축분뇨의관리및이용에관한법률","장물","범죄의 검거 단서[건]","건","","","","","","","","","-","-","-","","-","-","-","-","0","-","-",
"가축분뇨의관리및이용에관한법률","전과조회","범죄의 검거 단서[건]","건","","","","","","","","","-","1","-","","-","-","-","-","0","-","-",
"가축분뇨의관리및이용에관한법률","기타","범죄의 검거 단서[건]","건","","","","","","","","","36","275","184","232","323","277","258","295","279","195","169",
"가축분뇨의관리및이용에관한법률","미상","범죄의 검거 단서[건]","건","","","","","","","","","217","","","","","","","","","","",
"감염병의예방및관리에관한법률","계","범죄의 검거 단서[건]","건","","","","","","","","","138","124","89","110","94","215","2404","7136","8436","1091","484",
"감염병의예방및관리에관한법률","현행범","범죄의 검거 단서[건]","건","","","","","","","","","3","2","2","","3","1","18","76","124","17","3",
"감염병의예방및관리에관한법률","피해자신고","범죄의 검거 단서[건]","건","","","","","","","","","1","1","3","3","-","6","16","33","135","17","9",
"감염병의예방및관리에관한법률","고소","범죄의 검거 단서[건]","건","","","","","","","","","-","1","-","","1","5","18","30","29","3","2",
"감염병의예방및관리에관한법률","고발","범죄의 검거 단서[건]","건","","","","","","","","","75","43","11","15","10","19","1775","4268","3473","433","125",
"감염병의예방및관리에관한법률","자수","범죄의 검거 단서[건]","건","","","","","","","","","-","-","-","","-","-","1","9","17","6","1",
"감염병의예방및관리에관한법률","민간체포","범죄의 검거 단서[건]","건","","","","","","","","","-","-","-","","-","-","-","-","0","-","-",
"감염병의예방및관리에관한법률","진정투서","범죄의 검거 단서[건]","건","","","","","","","","","2","1","-","","1","1","60","131","132","24","12",
"감염병의예방및관리에관한법률","타인신고","범죄의 검거 단서[건]","건","","","","","","","","","40","51","53","55","58","122","279","1423","3142","425","202",
"감염병의예방및관리에관한법률","신문","범죄의 검거 단서[건]","건","","","","","","","","","-","-","1","","-","-","-","-","90","3","6",
"감염병의예방및관리에관한법률","불심검문","범죄의 검거 단서[건]","건","","","","","","","","","2","1","2","6","3","9","6","121","97","15","12",
"감염병의예방및관리에관한법률","탐문정보","범죄의 검거 단서[건]","건","","","","","","","","","2","7","2","15","2","3","48","238","195","14","13",
"감염병의예방및관리에관한법률","안면식별","범죄의 검거 단서[건]","건","","","","","","","","","-","-","-","","-","-","-","-","0","-","-",
"감염병의예방및관리에관한법률","감식자료","범죄의 검거 단서[건]","건","","","","","","","","","1","-","-","","-","-","-","-","0","-","-",
"감염병의예방및관리에관한법률","변사체","범죄의 검거 단서[건]","건","","","","","","","","","-","-","-","","-","-","-","-","0","-","-",
"감염병의예방및관리에관한법률","범죄수법","범죄의 검거 단서[건]","건","","","","","","","","","-","-","-","","-","-","-","-","0","-","-",
"감염병의예방및관리에관한법률","발자국","범죄의 검거 단서[건]","건","","","","","","","","","-","-","-","","-","-","-","-","0","-","-",
"감염병의예방및관리에관한법률","검사지휘","범죄의 검거 단서[건]","건","","","","","","","","","-","-","-","","-","-","3","1","0","-","-",
"감염병의예방및관리에관한법률","타기관에서 이송","범죄의 검거 단서[건]","건","","","","","","","","","-","-","-","","-","-","7","27","29","4","1",
"감염병의예방및관리에관한법률","범행도구등 발견","범죄의 검거 단서[건]","건","","","","","","","","","-","-","-","","-","-","-","-","0","-","-",
"감염병의예방및관리에관한법률","장물","범죄의 검거 단서[건]","건","","","","","","","","","-","-","-","","-","-","-","-","0","-","-",
"감염병의예방및관리에관한법률","전과조회","범죄의 검거 단서[건]","건","","","","","","","","","-","-","-","","-","-","-","-","1","2","1",
"감염병의예방및관리에관한법률","기타","범죄의 검거 단서[건]","건","","","","","","","","","12","17","15","16","16","49","173","779","972","128","97",
"감염병의예방및관리에관한법률","미상","범죄의 검거 단서[건]","건","","","","","","","","","-","","","","","","","","","","",
"개발제한구역의지정및관리에관한특별조치법","계","범죄의 검거 단서[건]","건","2492","2182","2372","1980","1675","1274","1073","893","1107","1195","1126","954","862","662","659","473","373","312","265",
"개발제한구역의지정및관리에관한특별조치법","현행범","범죄의 검거 단서[건]","건","2","3","-","5","-","12","41","25","29","14","3","","-","10","23","21","11","10","6",
"개발제한구역의지정및관리에관한특별조치법","피해자신고","범죄의 검거 단서[건]","건","1","-","2","2","3","-","-","1","-","-","-","","-","1","-","1","0","1","-",
"개발제한구역의지정및관리에관한특별조치법","고소","범죄의 검거 단서[건]","건","18","13","23","23","13","7","15","8","9","12","9","12","12","10","14","9","7","7","6",
"개발제한구역의지정및관리에관한특별조치법","고발","범죄의 검거 단서[건]","건","2216","1816","2135","1639","1247","814","788","732","901","974","920","732","746","535","519","330","242","198","172",
"개발제한구역의지정및관리에관한특별조치법","자수","범죄의 검거 단서[건]","건","10","3","1","5","4","2","-","-","-","-","-","","-","-","-","-","1","-","-",
"개발제한구역의지정및관리에관한특별조치법","민간체포","범죄의 검거 단서[건]","건","-","1","-","-","-","-","-","-","-","-","-","","-","-","-","-","0","-","-",
"개발제한구역의지정및관리에관한특별조치법","진정투서","범죄의 검거 단서[건]","건","3","15","20","4","-","4","-","3","1","5","6","2","5","1","1","2","0","9","8",
"개발제한구역의지정및관리에관한특별조치법","타인신고","범죄의 검거 단서[건]","건","5","6","11","13","3","1","3","-","-","-","5","2","-","1","2","3","2","4","2",
"개발제한구역의지정및관리에관한특별조치법","신문","범죄의 검거 단서[건]","건","1","3","4","3","-","4","-","5","1","2","-","5","2","-","-","2","1","1","1",
"개발제한구역의지정및관리에관한특별조치법","불심검문","범죄의 검거 단서[건]","건","4","1","4","3","3","1","-","-","-","-","-","","-","-","-","-","0","-","-",
"개발제한구역의지정및관리에관한특별조치법","탐문정보","범죄의 검거 단서[건]","건","133","133","112","186","290","108","25","17","20","51","28","52","20","12","7","13","6","3","2",
"개발제한구역의지정및관리에관한특별조치법","안면식별","범죄의 검거 단서[건]","건","-","-","-","-","2","-","-","-","-","-","-","","-","-","-","-","0","-","-",
"개발제한구역의지정및관리에관한특별조치법","감식자료","범죄의 검거 단서[건]","건","-","-","-","-","-","-","-","-","-","-","-","","-","-","-","-","0","-","-",
"개발제한구역의지정및관리에관한특별조치법","변사체","범죄의 검거 단서[건]","건","-","-","1","-","-","-","-","-","-","-","-","","-","-","-","-","0","-","-",
"개발제한구역의지정및관리에관한특별조치법","범죄수법","범죄의 검거 단서[건]","건","-","-","-","-","-","-","-","-","-","-","-","","-","-","-","-","0","-","-",
"개발제한구역의지정및관리에관한특별조치법","발자국","범죄의 검거 단서[건]","건","-","-","-","-","-","-","-","-","-","-","-","","-","-","-","-","0","-","-",
"개발제한구역의지정및관리에관한특별조치법","검사지휘","범죄의 검거 단서[건]","건","2","4","2","3","2","-","-","1","-","1","3","","1","-","-","-","0","-","-",
"개발제한구역의지정및관리에관한특별조치법","타기관에서 이송","범죄의 검거 단서[건]","건","1","1","-","-","1","-","-","-","-","-","-","","-","-","-","-","1","-","1",
"개발제한구역의지정및관리에관한특별조치법","범행도구등 발견","범죄의 검거 단서[건]","건","-","-","-","-","-","-","-","-","-","-","-","","-","-","-","-","0","-","-",
"개발제한구역의지정및관리에관한특별조치법","장물","범죄의 검거 단서[건]","건","-","-","-","-","-","-","-","-","-","-","-","","-","-","-","-","0","-","-",
"개발제한구역의지정및관리에관한특별조치법","전과조회","범죄의 검거 단서[건]","건","-","-","-","-","-","-","-","-","-","-","-","","-","-","-","-","0","-","-",
"개발제한구역의지정및관리에관한특별조치법","기타","범죄의 검거 단서[건]","건","96","183","57","94","107","321","201","101","10","136","152","149","76","92","93","92","102","79","67",
"개발제한구역의지정및관리에관한특별조치법","미상","범죄의 검거 단서[건]","건","","","","","","","","","136","","","","","","","","","","",
"개인정보보호법","계","범죄의 검거 단서[건]","건","","","","","","","","","1116","899","912","983","1229","1440","1710","1679","1734","1959","2608",
"개인정보보호법","현행범","범죄의 검거 단서[건]","건","","","","","","","","","4","1","-","","-","1","-","1","0","3","1",
"개인정보보호법","피해자신고","범죄의 검거 단서[건]","건","","","","","","","","","20","20","17","29","19","38","69","69","56","83","117",
"개인정보보호법","고소","범죄의 검거 단서[건]","건","","","","","","","","","451","481","506","573","787","891","1112","1200","1095","1309","1803",
"개인정보보호법","고발","범죄의 검거 단서[건]","건","","","","","","","","","44","47","68","53","79","106","133","118","158","164","169",
"개인정보보호법","자수","범죄의 검거 단서[건]","건","","","","","","","","","-","-","-","1","-","1","-","-","3","3","-",
"개인정보보호법","민간체포","범죄의 검거 단서[건]","건","","","","","","","","","-","-","-","","-","-","-","-","0","-","-",
"개인정보보호법","진정투서","범죄의 검거 단서[건]","건","","","","","","","","","102","78","108","115","141","142","174","120","188","212","312",
"개인정보보호법","타인신고","범죄의 검거 단서[건]","건","","","","","","","","","9","5","9","10","9","21","28","25","20","13","17",
"개인정보보호법","신문","범죄의 검거 단서[건]","건","","","","","","","","","-","2","-","","-","1","-","-","2","-","6",
"개인정보보호법","불심검문","범죄의 검거 단서[건]","건","","","","","","","","","-","-","1","1","-","-","-","-","0","-","-",
"개인정보보호법","탐문정보","범죄의 검거 단서[건]","건","","","","","","","","","289","149","88","63","42","50","31","28","58","30","27",
"개인정보보호법","안면식별","범죄의 검거 단서[건]","건","","","","","","","","","-","-","-","","-","-","-","-","0","-","-",
"개인정보보호법","감식자료","범죄의 검거 단서[건]","건","","","","","","","","","-","-","-","","-","-","-","-","0","-","-",
"개인정보보호법","변사체","범죄의 검거 단서[건]","건","","","","","","","","","-","-","-","","-","-","-","-","0","-","-",
"개인정보보호법","범죄수법","범죄의 검거 단서[건]","건","","","","","","","","","-","1","-","","-","-","-","-","0","-","-",
"개인정보보호법","발자국","범죄의 검거 단서[건]","건","","","","","","","","","-","-","-","","-","-","-","-","0","-","-",
"개인정보보호법","검사지휘","범죄의 검거 단서[건]","건","","","","","","","","","7","5","6","3","11","19","16","1","1","-","-",
"개인정보보호법","타기관에서 이송","범죄의 검거 단서[건]","건","","","","","","","","","1","1","-","2","2","4","7","1","3","1","1",
"개인정보보호법","범행도구등 발견","범죄의 검거 단서[건]","건","","","","","","","","","-","-","-","","-","-","-","-","0","-","-",
"개인정보보호법","장물","범죄의 검거 단서[건]","건","","","","","","","","","-","-","-","","-","-","-","-","0","-","-",
"개인정보보호법","전과조회","범죄의 검거 단서[건]","건","","","","","","","","","-","-","-","","-","-","-","-","0","-","-",
"개인정보보호법","기타","범죄의 검거 단서[건]","건","","","","","","","","","144","109","109","133","139","166","140","116","150","141","155",
"개인정보보호법","미상","범죄의 검거 단서[건]","건","","","","","","","","","45","","","","","","","","","","",
"개항질서법","계","범죄의 검거 단서[건]","건","1602","662","946","540","1408","406","405","538","","","","","","","","","","","",
"개항질서법","현행범","범죄의 검거 단서[건]","건","348","125","91","20","34","18","2","5","","","","","","","","","","","",
"개항질서법","피해자신고","범죄의 검거 단서[건]","건","3","2","1","-","1","-","-","2","","","","","","","","","","","",
"개항질서법","고소","범죄의 검거 단서[건]","건","-","1","-","-","-","-","-","-","","","","","","","","","","","",
"개항질서법","고발","범죄의 검거 단서[건]","건","8","192","6","5","11","4","4","8","","","","","","","","","","","",
"개항질서법","자수","범죄의 검거 단서[건]","건","7","16","2","-","-","2","-","-","","","","","","","","","","","",
"개항질서법","민간체포","범죄의 검거 단서[건]","건","-","-","-","-","-","-","-","-","","","","","","","","","","","",
"개항질서법","진정투서","범죄의 검거 단서[건]","건","-","1","-","-","-","-","-","-","","","","","","","","","","","",
"개항질서법","타인신고","범죄의 검거 단서[건]","건","11","8","12","9","16","12","20","209","","","","","","","","","","","",
"개항질서법","신문","범죄의 검거 단서[건]","건","15","5","3","2","12","12","6","-","","","","","","","","","","","",
"개항질서법","불심검문","범죄의 검거 단서[건]","건","225","144","770","419","258","249","244","231","","","","","","","","","","","",
"개항질서법","탐문정보","범죄의 검거 단서[건]","건","772","125","7","3","5","9","8","6","","","","","","","","","","","",
"개항질서법","안면식별","범죄의 검거 단서[건]","건","-","-","1","-","-","-","-","-","","","","","","","","","","","",
"개항질서법","감식자료","범죄의 검거 단서[건]","건","-","-","-","-","-","-","-","-","","","","","","","","","","","",
"개항질서법","변사체","범죄의 검거 단서[건]","건","-","-","-","-","-","-","-","-","","","","","","","","","","","",
"개항질서법","범죄수법","범죄의 검거 단서[건]","건","-","-","-","-","-","-","-","1","","","","","","","","","","","",
"개항질서법","발자국","범죄의 검거 단서[건]","건","-","-","-","-","-","-","-","-","","","","","","","","","","","",
"개항질서법","검사지휘","범죄의 검거 단서[건]","건","-","-","-","-","1","-","1","-","","","","","","","","","","","",
"개항질서법","타기관에서 이송","범죄의 검거 단서[건]","건","27","17","6","1","2","-","2","5","","","","","","","","","","","",
"개항질서법","범행도구등 발견","범죄의 검거 단서[건]","건","-","-","-","-","-","-","-","-","","","","","","","","","","","",
"개항질서법","장물","범죄의 검거 단서[건]","건","-","-","-","-","-","-","-","-","","","","","","","","","","","",
"개항질서법","전과조회","범죄의 검거 단서[건]","건","-","-","-","1","-","-","-","-","","","","","","","","","","","",
"개항질서법","기타","범죄의 검거 단서[건]","건","186","26","47","80","1068","100","118","71","","","","","","","","","","","",
"건강기능식품에관한법률","계","범죄의 검거 단서[건]","건","","","","","","","","","535","400","565","477","371","301","238","181","199","208","142",
"건강기능식품에관한법률","현행범","범죄의 검거 단서[건]","건","","","","","","","","","6","4","8","","5","1","-","1","1","2","-",
"건강기능식품에관한법률","피해자신고","범죄의 검거 단서[건]","건","","","","","","","","","4","4","1","2","-","1","1","-","0","-","1",
"건강기능식품에관한법률","고소","범죄의 검거 단서[건]","건","","","","","","","","","2","8","5","4","4","3","2","3","2","1","-",
"건강기능식품에관한법률","고발","범죄의 검거 단서[건]","건","","","","","","","","","163","104","207","154","235","211","159","144","143","148","95",
"건강기능식품에관한법률","자수","범죄의 검거 단서[건]","건","","","","","","","","","-","-","-","","-","-","-","-","0","-","-",
"건강기능식품에관한법률","민간체포","범죄의 검거 단서[건]","건","","","","","","","","","-","-","-","","-","-","-","-","0","-","-",
"건강기능식품에관한법률","진정투서","범죄의 검거 단서[건]","건","","","","","","","","","15","7","16","12","8","3","4","-","1","4","5",
"건강기능식품에관한법률","타인신고","범죄의 검거 단서[건]","건","","","","","","","","","6","9","23","22","9","4","8","2","3","2","1",
"건강기능식품에관한법률","신문","범죄의 검거 단서[건]","건","","","","","","","","","1","-","-","1","1","-","1","-","0","1","1",
"건강기능식품에관한법률","불심검문","범죄의 검거 단서[건]","건","","","","","","","","","3","1","1","1","-","-","-","-","0","-","-",
"건강기능식품에관한법률","탐문정보","범죄의 검거 단서[건]","건","","","","","","","","","172","132","142","137","9","1","1","-","0","2","1",
"건강기능식품에관한법률","안면식별","범죄의 검거 단서[건]","건","","","","","","","","","-","-","-","","-","-","-","-","0","-","-",
"건강기능식품에관한법률","감식자료","범죄의 검거 단서[건]","건","","","","","","","","","-","-","-","","-","-","-","-","0","-","-",
"건강기능식품에관한법률","변사체","범죄의 검거 단서[건]","건","","","","","","","","","-","-","-","","-","-","-","-","0","-","-",
"건강기능식품에관한법률","범죄수법","범죄의 검거 단서[건]","건","","","","","","","","","-","-","-","","-","-","-","-","0","-","-",
"건강기능식품에관한법률","발자국","범죄의 검거 단서[건]","건","","","","","","","","","-","-","-","","-","-","-","-","0","-","-",
"건강기능식품에관한법률","검사지휘","범죄의 검거 단서[건]","건","","","","","","","","","1","1","2","1","3","-","-","-","0","-","-",
"건강기능식품에관한법률","타기관에서 이송","범죄의 검거 단서[건]","건","","","","","","","","","2","1","3","4","1","-","-","3","0","2","1",
"건강기능식품에관한법률","범행도구등 발견","범죄의 검거 단서[건]","건","","","","","","","","","-","-","-","","-","-","-","-","0","-","-",
"건강기능식품에관한법률","장물","범죄의 검거 단서[건]","건","","","","","","","","","-","-","-","","-","-","-","-","0","-","-",
"건강기능식품에관한법률","전과조회","범죄의 검거 단서[건]","건","","","","","","","","","-","-","-","","-","-","-","-","0","-","-",
"건강기능식품에관한법률","기타","범죄의 검거 단서[건]","건","","","","","","","","","66","129","157","139","96","77","62","28","49","46","37",
"건강기능식품에관한법률","미상","범죄의 검거 단서[건]","건","","","","","","","","","94","","","","","","","","","","",
"건설기계관리법","계","범죄의 검거 단서[건]","건","1214","1169","1431","894","660","574","3954","486","509","462","482","550","693","1068","317","277","322","262","218",
"건설기계관리법","현행범","범죄의 검거 단서[건]","건","29","30","8","9","11","4","2","3","1","5","1","3","3","-","2","-","9","3","2",
"건설기계관리법","피해자신고","범죄의 검거 단서[건]","건","16","14","19","11","8","18","16","18","12","16","20","19","23","26","19","14","16","13","15",
"건설기계관리법","고소","범죄의 검거 단서[건]","건","6","7","7","7","3","15","2","10","4","3","2","10","4","9","7","2","5","1","5",
"건설기계관리법","고발","범죄의 검거 단서[건]","건","299","381","276","279","378","406","331","309","292","228","274","254","207","176","126","129","93","109","65",
"건설기계관리법","자수","범죄의 검거 단서[건]","건","1","2","2","1","2","1","1","1","1","1","1","","-","2","3","-","1","1","-",
"건설기계관리법","민간체포","범죄의 검거 단서[건]","건","-","-","-","-","-","-","-","-","-","-","-","","-","-","-","-","0","-","-",
"건설기계관리법","진정투서","범죄의 검거 단서[건]","건","-","4","99","2","2","1","7","3","3","6","16","15","25","11","20","11","22","25","10",
"건설기계관리법","타인신고","범죄의 검거 단서[건]","건","27","60","46","51","48","48","56","51","60","61","85","108","111","119","94","74","86","75","84",
"건설기계관리법","신문","범죄의 검거 단서[건]","건","4","5","2","-","-","-","-","-","-","-","-","","1","-","-","-","0","1","-",
"건설기계관리법","불심검문","범죄의 검거 단서[건]","건","502","93","275","385","146","15","3497","24","55","57","22","22","23","15","7","6","22","3","4",
"건설기계관리법","탐문정보","범죄의 검거 단서[건]","건","171","511","45","19","13","12","4","6","39","15","8","30","13","89","3","-","6","-","3",
"건설기계관리법","안면식별","범죄의 검거 단서[건]","건","2","-","-","-","-","-","-","-","-","-","-","","-","-","-","-","0","-","-",
"건설기계관리법","감식자료","범죄의 검거 단서[건]","건","-","-","-","-","-","-","-","-","-","-","-","","-","-","-","-","0","-","-",
"건설기계관리법","변사체","범죄의 검거 단서[건]","건","2","3","-","2","-","-","2","-","-","1","-","","-","-","-","-","0","-","-",
"건설기계관리법","범죄수법","범죄의 검거 단서[건]","건","-","-","-","-","-","-","-","-","-","-","-","","-","-","-","-","0","-","-",
"건설기계관리법","발자국","범죄의 검거 단서[건]","건","-","-","-","-","-","-","-","-","-","-","-","","-","-","-","-","0","-","-",
"건설기계관리법","검사지휘","범죄의 검거 단서[건]","건","-","1","2","1","10","3","7","4","6","4","4","5","1","1","2","-","0","-","-",
"건설기계관리법","타기관에서 이송","범죄의 검거 단서[건]","건","-","1","-","-","1","1","-","2","2","4","4","7","2","1","1","2","5","-","-",
"건설기계관리법","범행도구등 발견","범죄의 검거 단서[건]","건","-","-","-","-","-","-","-","-","-","-","-","","-","-","-","-","0","-","-",
"건설기계관리법","장물","범죄의 검거 단서[건]","건","-","-","-","1","-","-","-","-","-","-","-","","-","-","-","-","0","-","-",
"건설기계관리법","전과조회","범죄의 검거 단서[건]","건","-","-","6","-","-","-","-","-","-","-","-","","-","-","-","1","0","-","-",
"건설기계관리법","기타","범죄의 검거 단서[건]","건","155","57","644","126","38","50","29","55","32","61","45","77","280","619","33","38","57","31","30",
"건설기계관리법","미상","범죄의 검거 단서[건]","건","","","","","","","","","2","","","","","","","","","","",
"건설산업기본법","계","범죄의 검거 단서[건]","건","243","209","231","271","518","916","446","377","545","1067","1912","3807","1923","853","635","592","606","963","926",
"건설산업기본법","현행범","범죄의 검거 단서[건]","건","-","1","1","-","-","1","-","3","-","1","-","","-","-","-","-","0","-","-",
"건설산업기본법","피해자신고","범죄의 검거 단서[건]","건","2","3","1","2","2","1","1","2","-","5","1","4","1","3","2","5","4","6","7",
"건설산업기본법","고소","범죄의 검거 단서[건]","건","32","30","27","30","46","60","59","53","76","67","83","81","109","131","130","141","127","149","104",
"건설산업기본법","고발","범죄의 검거 단서[건]","건","119","83","100","86","142","170","254","229","203","205","241","290","288","344","314","296","341","525","592",
"건설산업기본법","자수","범죄의 검거 단서[건]","건","-","-","1","-","-","3","1","-","1","-","-","2","1","3","1","2","1","3","3",
"건설산업기본법","민간체포","범죄의 검거 단서[건]","건","-","-","-","-","-","-","-","-","-","-","-","","-","-","-","-","0","-","-",
"건설산업기본법","진정투서","범죄의 검거 단서[건]","건","9","4","17","10","10","12","11","12","29","16","33","87","46","40","50","59","60","118","111",
"건설산업기본법","타인신고","범죄의 검거 단서[건]","건","3","3","2","2","2","2","2","3","10","8","5","7","6","9","6","11","8","18","15",
"건설산업기본법","신문","범죄의 검거 단서[건]","건","6","-","5","3","1","7","3","2","1","-","-","","2","1","-","-","0","1","2",
"건설산업기본법","불심검문","범죄의 검거 단서[건]","건","3","-","-","1","1","-","-","-","-","1","-","","-","1","-","-","0","-","-",
"건설산업기본법","탐문정보","범죄의 검거 단서[건]","건","35","38","44","37","119","367","27","25","102","439","549","1366","759","129","20","12","4","42","18",
"건설산업기본법","안면식별","범죄의 검거 단서[건]","건","-","-","-","-","-","-","-","-","-","-","-","","-","-","-","-","0","-","-",
"건설산업기본법","감식자료","범죄의 검거 단서[건]","건","-","-","-","-","-","-","-","-","-","-","-","1","-","-","-","-","0","-","-",
"건설산업기본법","변사체","범죄의 검거 단서[건]","건","-","1","-","-","-","-","-","-","-","-","-","","-","-","-","-","0","-","-",
"건설산업기본법","범죄수법","범죄의 검거 단서[건]","건","-","-","-","-","-","-","-","-","-","-","-","3","-","-","-","-","0","-","-",
"건설산업기본법","발자국","범죄의 검거 단서[건]","건","-","-","-","-","-","-","-","-","-","-","-","1","-","-","-","-","0","-","-",
"건설산업기본법","검사지휘","범죄의 검거 단서[건]","건","-","7","-","1","5","4","2","1","-","1","3","3","7","5","7","1","1","-","-",
"건설산업기본법","타기관에서 이송","범죄의 검거 단서[건]","건","-","1","-","1","1","-","-","-","2","-","2","6","4","4","3","7","4","10","1",
"건설산업기본법","범행도구등 발견","범죄의 검거 단서[건]","건","-","-","-","2","-","-","-","-","-","-","-","","-","-","-","-","0","-","-",
"건설산업기본법","장물","범죄의 검거 단서[건]","건","-","-","-","-","-","-","-","-","-","-","-","","-","-","-","-","0","-","-",
"건설산업기본법","전과조회","범죄의 검거 단서[건]","건","-","-","-","-","-","-","-","-","-","-","-","","-","-","-","-","0","-","-",
"건설산업기본법","기타","범죄의 검거 단서[건]","건","34","38","33","96","189","289","86","47","46","324","995","1956","700","183","102","58","56","91","73",
"건설산업기본법","미상","범죄의 검거 단서[건]","건","","","","","","","","","75","","","","","","","","","","",
"건축법","계","범죄의 검거 단서[건]","건","4900","4509","4951","4962","4267","4918","5094","2889","5079","4555","3956","4363","3960","3870","3185","2282","2032","6324","2666",
"건축법","현행범","범죄의 검거 단서[건]","건","2","4","5","49","16","3","-","1","-","1","1","","-","-","-","-","0","-","1",
"건축법","피해자신고","범죄의 검거 단서[건]","건","4","1","2","5","3","1","4","2","4","8","3","6","6","2","2","2","3","7","2",
"건축법","고소","범죄의 검거 단서[건]","건","70","51","60","59","41","50","75","58","61","67","68","69","56","69","64","45","34","43","42",
"건축법","고발","범죄의 검거 단서[건]","건","4451","3968","4244","3985","3724","3873","4475","2570","3820","3982","3468","3693","3572","3690","3004","2138","1657","2044","1689",
"건축법","자수","범죄의 검거 단서[건]","건","23","11","12","20","9","9","16","11","5","3","1","1","1","1","1","4","2","8","2",
"건축법","민간체포","범죄의 검거 단서[건]","건","-","-","-","-","-","-","-","-","-","-","-","","-","-","-","-","0","-","-",
"건축법","진정투서","범죄의 검거 단서[건]","건","21","9","8","13","9","13","10","9","5","13","13","10","13","13","8","4","7","13","24",
"건축법","타인신고","범죄의 검거 단서[건]","건","7","10","14","15","7","6","18","15","675","9","6","10","8","9","17","15","6","9","7",
"건축법","신문","범죄의 검거 단서[건]","건","7","13","7","6","4","1","2","-","1","-","-","","-","-","-","-","0","3","4",
"건축법","불심검문","범죄의 검거 단서[건]","건","7","6","51","49","14","31","44","23","7","11","5","1","10","5","3","3","251","427","664",
"건축법","탐문정보","범죄의 검거 단서[건]","건","135","203","243","475","218","419","101","43","261","227","138","338","79","11","7","10","6","36","12",
"건축법","안면식별","범죄의 검거 단서[건]","건","-","-","-","-","-","-","-","-","-","-","-","","-","-","-","-","0","-","-",
"건축법","감식자료","범죄의 검거 단서[건]","건","-","-","-","-","-","-","-","-","-","1","-","","-","-","-","-","0","-","-",
"건축법","변사체","범죄의 검거 단서[건]","건","-","-","-","-","-","-","-","-","-","1","-","","-","-","-","-","0","-","-",
"건축법","범죄수법","범죄의 검거 단서[건]","건","-","-","1","-","-","-","-","-","-","-","-","","-","-","-","-","0","-","-",
"건축법","발자국","범죄의 검거 단서[건]","건","-","-","-","-","-","-","-","-","-","-","-","","-","-","-","-","0","-","-",
"건축법","검사지휘","범죄의 검거 단서[건]","건","1","4","7","3","8","4","4","6","2","2","5","1","5","5","4","-","0","-","-",
"건축법","타기관에서 이송","범죄의 검거 단서[건]","건","1","-","-","-","-","-","-","1","1","-","-","1","-","1","3","-","2","1","3",
"건축법","범행도구등 발견","범죄의 검거 단서[건]","건","-","-","-","-","-","-","-","-","-","-","-","","-","-","-","-","0","-","-",
"건축법","장물","범죄의 검거 단서[건]","건","-","-","-","-","-","-","-","-","-","-","-","","-","-","-","-","0","-","-",
"건축법","전과조회","범죄의 검거 단서[건]","건","-","-","2","-","1","-","-","-","-","-","-","","-","-","-","-","0","-","-",
"건축법","기타","범죄의 검거 단서[건]","건","171","229","295","283","213","508","345","150","206","230","248","233","210","64","72","61","64","3733","216",
"건축법","미상","범죄의 검거 단서[건]","건","","","","","","","","","31","","","","","","","","","","",
"게임산업진흥에관한법률","계","범죄의 검거 단서[건]","건","","","","","","","","","5568","7236","7902","7145","4984","4394","3846","2692","2802","2864","2896",
"게임산업진흥에관한법률","현행범","범죄의 검거 단서[건]","건","","","","","","","","","476","467","242","144","141","93","85","47","48","44","51",
"게임산업진흥에관한법률","피해자신고","범죄의 검거 단서[건]","건","","","","","","","","","99","99","92","98","68","71","60","37","41","66","71",
"게임산업진흥에관한법률","고소","범죄의 검거 단서[건]","건","","","","","","","","","27","53","48","58","39","50","47","31","53","21","53",
"게임산업진흥에관한법률","고발","범죄의 검거 단서[건]","건","","","","","","","","","38","80","87","74","36","66","89","66","70","56","63",
"게임산업진흥에관한법률","자수","범죄의 검거 단서[건]","건","","","","","","","","","7","7","6","6","6","6","4","4","3","16","6",
"게임산업진흥에관한법률","민간체포","범죄의 검거 단서[건]","건","","","","","","","","","-","1","-","","-","-","-","-","0","-","-",
"게임산업진흥에관한법률","진정투서","범죄의 검거 단서[건]","건","","","","","","","","","31","55","62","89","80","85","101","98","116","210","190",
"게임산업진흥에관한법률","타인신고","범죄의 검거 단서[건]","건","","","","","","","","","2494","2519","3026","2582","2257","2043","1701","1256","1173","1344","1167",
"게임산업진흥에관한법률","신문","범죄의 검거 단서[건]","건","","","","","","","","","2","1","6","6","1","1","3","1","4","13","11",
"게임산업진흥에관한법률","불심검문","범죄의 검거 단서[건]","건","","","","","","","","","173","304","436","478","191","153","147","71","119","142","151",
"게임산업진흥에관한법률","탐문정보","범죄의 검거 단서[건]","건","","","","","","","","","632","1117","1043","1098","637","583","519","410","390","225","265",
"게임산업진흥에관한법률","안면식별","범죄의 검거 단서[건]","건","","","","","","","","","-","-","-","","-","-","-","-","0","-","-",
"게임산업진흥에관한법률","감식자료","범죄의 검거 단서[건]","건","","","","","","","","","-","1","2","1","-","-","-","-","0","-","-",
"게임산업진흥에관한법률","변사체","범죄의 검거 단서[건]","건","","","","","","","","","-","-","-","","-","-","-","-","0","-","-",
"게임산업진흥에관한법률","범죄수법","범죄의 검거 단서[건]","건","","","","","","","","","-","-","-","","2","-","-","-","0","1","-",
"게임산업진흥에관한법률","발자국","범죄의 검거 단서[건]","건","","","","","","","","","-","-","-","","-","-","-","-","0","-","-",
"게임산업진흥에관한법률","검사지휘","범죄의 검거 단서[건]","건","","","","","","","","","15","6","2","3","3","2","6","3","2","1","1",
"게임산업진흥에관한법률","타기관에서 이송","범죄의 검거 단서[건]","건","","","","","","","","","2","11","3","3","7","9","15","10","15","11","17",
"게임산업진흥에관한법률","범행도구등 발견","범죄의 검거 단서[건]","건","","","","","","","","","2","6","7","3","2","1","2","1","2","-","4",
"게임산업진흥에관한법률","장물","범죄의 검거 단서[건]","건","","","","","","","","","-","-","-","","-","-","-","-","0","-","-",
"게임산업진흥에관한법률","전과조회","범죄의 검거 단서[건]","건","","","","","","","","","-","1","-","","1","-","-","-","0","-","-",
"게임산업진흥에관한법률","기타","범죄의 검거 단서[건]","건","","","","","","","","","1329","2508","2840","2502","1513","1231","1067","657","766","714","846",
"게임산업진흥에관한법률","미상","범죄의 검거 단서[건]","건","","","","","","","","","241","","","","","","","","","","",
"결혼중개업의관리에관한법률","계","범죄의 검거 단서[건]","건","","","","","","","","","348","168","92","68","102","79","77","31","31","54","64",
"결혼중개업의관리에관한법률","현행범","범죄의 검거 단서[건]","건","","","","","","","","","-","-","-","","-","-","-","-","0","-","-",
"결혼중개업의관리에관한법률","피해자신고","범죄의 검거 단서[건]","건","","","","","","","","","8","5","10","2","2","-","-","-","0","2","-",
"결혼중개업의관리에관한법률","고소","범죄의 검거 단서[건]","건","","","","","","","","","28","25","26","24","24","31","23","10","9","23","18",
"결혼중개업의관리에관한법률","고발","범죄의 검거 단서[건]","건","","","","","","","","","21","10","10","12","19","19","17","12","17","20","21",
"결혼중개업의관리에관한법률","자수","범죄의 검거 단서[건]","건","","","","","","","","","-","-","-","","-","-","-","-","0","-","-",
"결혼중개업의관리에관한법률","민간체포","범죄의 검거 단서[건]","건","","","","","","","","","-","-","-","","-","-","-","-","0","-","-",
"결혼중개업의관리에관한법률","진정투서","범죄의 검거 단서[건]","건","","","","","","","","","8","5","5","2","9","8","5","3","3","6","15",
"결혼중개업의관리에관한법률","타인신고","범죄의 검거 단서[건]","건","","","","","","","","","7","4","1","3","4","3","-","-","0","1","-",
"결혼중개업의관리에관한법률","신문","범죄의 검거 단서[건]","건","","","","","","","","","-","-","-","","-","-","-","-","0","-","-",
"결혼중개업의관리에관한법률","불심검문","범죄의 검거 단서[건]","건","","","","","","","","","-","-","-","","-","-","-","-","0","-","-",
"결혼중개업의관리에관한법률","탐문정보","범죄의 검거 단서[건]","건","","","","","","","","","90","11","7","6","10","4","2","-","0","-","-",
"결혼중개업의관리에관한법률","안면식별","범죄의 검거 단서[건]","건","","","","","","","","","-","-","-","","-","-","-","-","0","-","-",
"결혼중개업의관리에관한법률","감식자료","범죄의 검거 단서[건]","건","","","","","","","","","-","-","-","","-","-","-","-","0","-","-",
"결혼중개업의관리에관한법률","변사체","범죄의 검거 단서[건]","건","","","","","","","","","-","-","-","","-","-","-","-","0","-","-",
"결혼중개업의관리에관한법률","범죄수법","범죄의 검거 단서[건]","건","","","","","","","","","-","-","-","","-","-","-","-","0","-","-",
"결혼중개업의관리에관한법률","발자국","범죄의 검거 단서[건]","건","","","","","","","","","-","-","-","","-","-","-","-","0","-","-",
"결혼중개업의관리에관한법률","검사지휘","범죄의 검거 단서[건]","건","","","","","","","","","-","1","-","","1","-","-","-","0","-","-",
"결혼중개업의관리에관한법률","타기관에서 이송","범죄의 검거 단서[건]","건","","","","","","","","","1","1","-","1","4","1","3","-","1","-","1",
"결혼중개업의관리에관한법률","범행도구등 발견","범죄의 검거 단서[건]","건","","","","","","","","","-","-","-","","-","-","-","-","0","-","-",
"결혼중개업의관리에관한법률","장물","범죄의 검거 단서[건]","건","","","","","","","","","-","-","-","","-","-","-","-","0","-","-",
"결혼중개업의관리에관한법률","전과조회","범죄의 검거 단서[건]","건","","","","","","","","","-","-","-","","-","-","-","-","0","-","-",
"결혼중개업의관리에관한법률","기타","범죄의 검거 단서[건]","건","","","","","","","","","184","106","33","18","29","13","27","6","1","2","9",
"결혼중개업의관리에관한법률","미상","범죄의 검거 단서[건]","건","","","","","","","","","1","","","","","","","","","","",
"경범죄처벌법","계","범죄의 검거 단서[건]","건","","","","","","","","","4317","5311","7106","6211","6233","6893","6590","5911","6616","8072","7441",
"경범죄처벌법","현행범","범죄의 검거 단서[건]","건","","","","","","","","","3226","3955","5177","4447","4099","4086","3239","2468","2846","3256","2962",
"경범죄처벌법","피해자신고","범죄의 검거 단서[건]","건","","","","","","","","","362","419","585","562","743","1024","1252","1427","1516","1771","1492",
"경범죄처벌법","고소","범죄의 검거 단서[건]","건","","","","","","","","","18","29","60","44","86","137","171","186","136","144","196",
"경범죄처벌법","고발","범죄의 검거 단서[건]","건","","","","","","","","","175","228","249","178","97","138","113","55","96","268","271",
"경범죄처벌법","자수","범죄의 검거 단서[건]","건","","","","","","","","","3","5","4","5","10","10","8","13","15","22","23",
"경범죄처벌법","민간체포","범죄의 검거 단서[건]","건","","","","","","","","","-","-","-","","-","-","2","1","0","2","3",
"경범죄처벌법","진정투서","범죄의 검거 단서[건]","건","","","","","","","","","28","51","92","74","89","97","99","140","148","249","323",
"경범죄처벌법","타인신고","범죄의 검거 단서[건]","건","","","","","","","","","87","101","188","197","282","446","539","565","669","826","782",
"경범죄처벌법","신문","범죄의 검거 단서[건]","건","","","","","","","","","3","4","5","1","3","3","3","1","7","22","24",
"경범죄처벌법","불심검문","범죄의 검거 단서[건]","건","","","","","","","","","9","12","16","24","14","11","21","14","12","29","35",
"경범죄처벌법","탐문정보","범죄의 검거 단서[건]","건","","","","","","","","","17","63","82","38","56","53","70","73","95","77","73",
"경범죄처벌법","안면식별","범죄의 검거 단서[건]","건","","","","","","","","","-","-","-","","-","1","-","1","0","-","1",
"경범죄처벌법","감식자료","범죄의 검거 단서[건]","건","","","","","","","","","-","1","-","1","-","4","1","4","5","8","6",
"경범죄처벌법","변사체","범죄의 검거 단서[건]","건","","","","","","","","","-","-","-","","-","-","-","-","0","-","-",
"경범죄처벌법","범죄수법","범죄의 검거 단서[건]","건","","","","","","","","","-","-","2","","-","1","-","-","4","-","1",
"경범죄처벌법","발자국","범죄의 검거 단서[건]","건","","","","","","","","","-","-","-","","-","-","-","-","0","-","-",
"경범죄처벌법","검사지휘","범죄의 검거 단서[건]","건","","","","","","","","","-","4","4","1","4","3","5","-","0","-","-",
"경범죄처벌법","타기관에서 이송","범죄의 검거 단서[건]","건","","","","","","","","","8","9","9","17","31","23","19","15","18","8","19",
"경범죄처벌법","범행도구등 발견","범죄의 검거 단서[건]","건","","","","","","","","","1","1","1","2","-","-","-","2","1","1","1",
"경범죄처벌법","장물","범죄의 검거 단서[건]","건","","","","","","","","","-","-","-","","-","-","-","-","0","1","-",
"경범죄처벌법","전과조회","범죄의 검거 단서[건]","건","","","","","","","","","1","-","1","","-","-","-","1","2","1","3",
"경범죄처벌법","기타","범죄의 검거 단서[건]","건","","","","","","","","","371","429","631","620","719","856","1048","945","1046","1387","1226",
"경범죄처벌법","미상","범죄의 검거 단서[건]","건","","","","","","","","","8","","","","","","","","","","",
"고용보험법","계","범죄의 검거 단서[건]","건","103","652","921","759","246","549","700","585","318","671","1954","2260","1995","2748","2594","2888","3103","3818","3343",
"고용보험법","현행범","범죄의 검거 단서[건]","건","-","1","-","-","-","-","-","-","-","-","-","","1","8","4","-","2","9","6",
"고용보험법","피해자신고","범죄의 검거 단서[건]","건","-","1","-","3","3","-","1","-","5","8","6","12","11","6","29","7","6","15","13",
"고용보험법","고소","범죄의 검거 단서[건]","건","1","-","11","4","-","4","6","7","5","5","6","1","5","1","6","3","3","1","10",
"고용보험법","고발","범죄의 검거 단서[건]","건","17","420","743","257","173","245","403","338","221","402","324","188","54","53","36","122","110","87","39",
"고용보험법","자수","범죄의 검거 단서[건]","건","-","1","1","1","-","-","-","-","-","-","-","","24","26","42","51","85","118","106",
"고용보험법","민간체포","범죄의 검거 단서[건]","건","-","-","-","-","-","-","-","-","-","-","-","","-","-","-","-","0","1","-",
"고용보험법","진정투서","범죄의 검거 단서[건]","건","-","5","2","2","2","4","7","5","7","16","148","219","77","13","12","31","29","50","28",
"고용보험법","타인신고","범죄의 검거 단서[건]","건","-","2","3","17","-","-","1","-","1","4","13","81","117","117","234","297","282","313","273",
"고용보험법","신문","범죄의 검거 단서[건]","건","1","-","-","2","-","-","-","-","-","-","3","","1","16","24","42","42","56","12",
"고용보험법","불심검문","범죄의 검거 단서[건]","건","-","-","5","1","1","-","-","-","-","-","-","","1","-","-","-","0","1","-",
"고용보험법","탐문정보","범죄의 검거 단서[건]","건","27","63","57","328","20","45","39","126","28","175","763","1037","353","53","20","63","57","107","105",
"고용보험법","안면식별","범죄의 검거 단서[건]","건","-","-","-","-","-","-","-","-","-","-","-","","-","-","-","-","0","-","-",
"고용보험법","감식자료","범죄의 검거 단서[건]","건","-","-","-","-","-","-","-","-","-","-","-","","-","-","-","-","0","1","1",
"고용보험법","변사체","범죄의 검거 단서[건]","건","-","-","-","1","-","-","-","-","-","-","-","","-","-","-","-","0","-","-",
"고용보험법","범죄수법","범죄의 검거 단서[건]","건","-","-","-","-","-","-","-","-","-","-","-","","-","-","7","-","2","-","-",
"고용보험법","발자국","범죄의 검거 단서[건]","건","-","-","-","-","-","-","-","-","-","-","-","","-","-","-","-","0","-","-",
"고용보험법","검사지휘","범죄의 검거 단서[건]","건","-","-","-","-","1","9","14","-","1","-","3","4","1","-","3","3","3","-","-",
"고용보험법","타기관에서 이송","범죄의 검거 단서[건]","건","-","-","1","-","-","-","-","-","-","-","11","7","7","7","8","9","6","5","6",
"고용보험법","범행도구등 발견","범죄의 검거 단서[건]","건","-","-","-","-","-","-","-","-","-","-","-","","-","-","-","-","1","-","-",
"고용보험법","장물","범죄의 검거 단서[건]","건","-","-","-","-","-","-","-","-","-","-","-","","-","-","-","-","0","-","-",
"고용보험법","전과조회","범죄의 검거 단서[건]","건","-","-","-","-","-","-","-","-","-","-","-","","-","-","-","-","0","-","-",
"고용보험법","기타","범죄의 검거 단서[건]","건","57","159","98","143","46","242","229","109","25","61","677","711","1343","2448","2169","2260","2475","3054","2744",
"고용보험법","미상","범죄의 검거 단서[건]","건","","","","","","","","","25","","","","","","","","","","",
"골재채취법","계","범죄의 검거 단서[건]","건","88","179","107","79","83","89","63","50","","","","","","","","","","","",
"골재채취법","현행범","범죄의 검거 단서[건]","건","-","3","-","2","-","-","-","-","","","","","","","","","","","",
"골재채취법","피해자신고","범죄의 검거 단서[건]","건","1","-","-","-","-","-","-","-","","","","","","","","","","","",
"골재채취법","고소","범죄의 검거 단서[건]","건","3","-","1","2","-","1","-","-","","","","","","","","","","","",
"골재채취법","고발","범죄의 검거 단서[건]","건","64","79","62","59","71","51","53","42","","","","","","","","","","","",
"골재채취법","자수","범죄의 검거 단서[건]","건","-","72","-","-","-","-","-","-","","","","","","","","","","","",
"골재채취법","민간체포","범죄의 검거 단서[건]","건","-","-","-","-","-","-","-","-","","","","","","","","","","","",
"골재채취법","진정투서","범죄의 검거 단서[건]","건","3","2","1","-","-","2","1","1","","","","","","","","","","","",
"골재채취법","타인신고","범죄의 검거 단서[건]","건","1","1","-","1","1","1","-","1","","","","","","","","","","","",
"골재채취법","신문","범죄의 검거 단서[건]","건","-","4","-","1","-","30","-","-","","","","","","","","","","","",
"골재채취법","불심검문","범죄의 검거 단서[건]","건","2","3","1","1","2","-","1","1","","","","","","","","","","","",
"골재채취법","탐문정보","범죄의 검거 단서[건]","건","8","12","27","7","8","1","1","2","","","","","","","","","","","",
"골재채취법","안면식별","범죄의 검거 단서[건]","건","-","-","-","-","-","-","-","-","","","","","","","","","","","",
"골재채취법","감식자료","범죄의 검거 단서[건]","건","-","-","-","-","-","-","-","-","","","","","","","","","","","",
"골재채취법","변사체","범죄의 검거 단서[건]","건","-","-","-","-","-","-","-","-","","","","","","","","","","","",
"골재채취법","범죄수법","범죄의 검거 단서[건]","건","-","-","-","-","-","-","-","-","","","","","","","","","","","",
"골재채취법","발자국","범죄의 검거 단서[건]","건","-","-","-","-","-","-","-","-","","","","","","","","","","","",
"골재채취법","검사지휘","범죄의 검거 단서[건]","건","-","-","-","1","1","-","-","-","","","","","","","","","","","",
"골재채취법","타기관에서 이송","범죄의 검거 단서[건]","건","-","-","-","-","-","-","1","-","","","","","","","","","","","",
"골재채취법","범행도구등 발견","범죄의 검거 단서[건]","건","-","-","-","-","-","-","-","-","","","","","","","","","","","",
"골재채취법","장물","범죄의 검거 단서[건]","건","-","-","-","-","-","-","-","-","","","","","","","","","","","",
"골재채취법","전과조회","범죄의 검거 단서[건]","건","-","-","-","-","-","-","-","-","","","","","","","","","","","",
"골재채취법","기타","범죄의 검거 단서[건]","건","6","3","15","5","-","3","6","3","","","","","","","","","","","",
"공업배치및공장설립에관한법률","계","범죄의 검거 단서[건]","건","1","-","1","-","-","-","-","-","","","","","","","","","","","",
"공업배치및공장설립에관한법률","현행범","범죄의 검거 단서[건]","건","-","-","-","-","-","-","-","-","","","","","","","","","","","",
"공업배치및공장설립에관한법률","피해자신고","범죄의 검거 단서[건]","건","-","-","-","-","-","-","-","-","","","","","","","","","","","",
"공업배치및공장설립에관한법률","고소","범죄의 검거 단서[건]","건","-","-","1","-","-","-","-","-","","","","","","","","","","","",
"공업배치및공장설립에관한법률","고발","범죄의 검거 단서[건]","건","1","-","-","-","-","-","-","-","","","","","","","","","","","",
"공업배치및공장설립에관한법률","자수","범죄의 검거 단서[건]","건","-","-","-","-","-","-","-","-","","","","","","","","","","","",
"공업배치및공장설립에관한법률","민간체포","범죄의 검거 단서[건]","건","-","-","-","-","-","-","-","-","","","","","","","","","","","",
"공업배치및공장설립에관한법률","진정투서","범죄의 검거 단서[건]","건","-","-","-","-","-","-","-","-","","","","","","","","","","","",
"공업배치및공장설립에관한법률","타인신고","범죄의 검거 단서[건]","건","-","-","-","-","-","-","-","-","","","","","","","","","","","",
"공업배치및공장설립에관한법률","신문","범죄의 검거 단서[건]","건","-","-","-","-","-","-","-","-","","","","","","","","","","","",
"공업배치및공장설립에관한법률","불심검문","범죄의 검거 단서[건]","건","-","-","-","-","-","-","-","-","","","","","","","","","","","",
"공업배치및공장설립에관한법률","탐문정보","범죄의 검거 단서[건]","건","-","-","-","-","-","-","-","-","","","","","","","","","","","",
"공업배치및공장설립에관한법률","안면식별","범죄의 검거 단서[건]","건","-","-","-","-","-","-","-","-","","","","","","","","","","","",
"공업배치및공장설립에관한법률","감식자료","범죄의 검거 단서[건]","건","-","-","-","-","-","-","-","-","","","","","","","","","","","",
"공업배치및공장설립에관한법률","변사체","범죄의 검거 단서[건]","건","-","-","-","-","-","-","-","-","","","","","","","","","","","",
"공업배치및공장설립에관한법률","범죄수법","범죄의 검거 단서[건]","건","-","-","-","-","-","-","-","-","","","","","","","","","","","",
"공업배치및공장설립에관한법률","발자국","범죄의 검거 단서[건]","건","-","-","-","-","-","-","-","-","","","","","","","","","","","",
"공업배치및공장설립에관한법률","검사지휘","범죄의 검거 단서[건]","건","-","-","-","-","-","-","-","-","","","","","","","","","","","",
"공업배치및공장설립에관한법률","타기관에서 이송","범죄의 검거 단서[건]","건","-","-","-","-","-","-","-","-","","","","","","","","","","","",
"공업배치및공장설립에관한법률","범행도구등 발견","범죄의 검거 단서[건]","건","-","-","-","-","-","-","-","-","","","","","","","","","","","",
"공업배치및공장설립에관한법률","장물","범죄의 검거 단서[건]","건","-","-","-","-","-","-","-","-","","","","","","","","","","","",
"공업배치및공장설립에관한법률","전과조회","범죄의 검거 단서[건]","건","-","-","-","-","-","-","-","-","","","","","","","","","","","",
"공업배치및공장설립에관한법률","기타","범죄의 검거 단서[건]","건","-","-","-","-","-","-","-","-","","","","","","","","","","","",
"공유수면관리및매립에관한법률","계","범죄의 검거 단서[건]","건","","","","","","","","","805","4167","5340","1077","4179","6038","8998","5122","7173","7228","12006",
"공유수면관리및매립에관한법률","현행범","범죄의 검거 단서[건]","건","","","","","","","","","1","2","-","1","-","-","1","1","2","5","7",
"공유수면관리및매립에관한법률","피해자신고","범죄의 검거 단서[건]","건","","","","","","","","","1","57","-","1","1","1","1","1","1","-","-",
"공유수면관리및매립에관한법률","고소","범죄의 검거 단서[건]","건","","","","","","","","","10","4","2","3","2","1","5","-","1","1","3",
"공유수면관리및매립에관한법률","고발","범죄의 검거 단서[건]","건","","","","","","","","","242","293","208","129","2255","412","2382","81","620","80","2663",
"공유수면관리및매립에관한법률","자수","범죄의 검거 단서[건]","건","","","","","","","","","1","-","-","1","1","-","-","-","0","-","-",
"공유수면관리및매립에관한법률","민간체포","범죄의 검거 단서[건]","건","","","","","","","","","-","-","1","","-","-","-","-","0","-","-",
"공유수면관리및매립에관한법률","진정투서","범죄의 검거 단서[건]","건","","","","","","","","","2","-","2","1","1","3","1","2","2","3","6",
"공유수면관리및매립에관한법률","타인신고","범죄의 검거 단서[건]","건","","","","","","","","","398","1057","976","260","65","997","1085","1272","1430","91","7",
"공유수면관리및매립에관한법률","신문","범죄의 검거 단서[건]","건","","","","","","","","","-","-","-","","-","-","-","-","0","1","-",
"공유수면관리및매립에관한법률","불심검문","범죄의 검거 단서[건]","건","","","","","","","","","12","753","96","166","13","17","1389","297","1228","245","1402",
"공유수면관리및매립에관한법률","탐문정보","범죄의 검거 단서[건]","건","","","","","","","","","49","963","670","274","275","2929","896","1999","1530","1008","3561",
"공유수면관리및매립에관한법률","안면식별","범죄의 검거 단서[건]","건","","","","","","","","","-","-","-","1","-","-","-","-","0","-","-",
"공유수면관리및매립에관한법률","감식자료","범죄의 검거 단서[건]","건","","","","","","","","","-","-","-","","-","-","-","-","0","-","-",
"공유수면관리및매립에관한법률","변사체","범죄의 검거 단서[건]","건","","","","","","","","","-","1","-","","-","-","-","1","0","-","-",
"공유수면관리및매립에관한법률","범죄수법","범죄의 검거 단서[건]","건","","","","","","","","","-","-","-","","-","-","-","-","0","-","-",
"공유수면관리및매립에관한법률","발자국","범죄의 검거 단서[건]","건","","","","","","","","","-","-","-","","-","-","-","-","0","-","-",
"공유수면관리및매립에관한법률","검사지휘","범죄의 검거 단서[건]","건","","","","","","","","","1","-","-","","-","-","2","-","0","-","-",
"공유수면관리및매립에관한법률","타기관에서 이송","범죄의 검거 단서[건]","건","","","","","","","","","7","-","2048","","-","-","1","1","0","-","2",
"공유수면관리및매립에관한법률","범행도구등 발견","범죄의 검거 단서[건]","건","","","","","","","","","-","-","-","","-","-","-","-","0","1","1",
"공유수면관리및매립에관한법률","장물","범죄의 검거 단서[건]","건","","","","","","","","","-","-","-","","-","-","-","-","0","-","-",
"공유수면관리및매립에관한법률","전과조회","범죄의 검거 단서[건]","건","","","","","","","","","-","-","-","","-","-","-","-","0","-","-",
"공유수면관리및매립에관한법률","기타","범죄의 검거 단서[건]","건","","","","","","","","","79","1037","1337","240","1566","1678","3235","1467","2359","5793","4354",
"공유수면관리및매립에관한법률","미상","범죄의 검거 단서[건]","건","","","","","","","","","2","","","","","","","","","","",
"공유수면관리법","계","범죄의 검거 단서[건]","건","344","1284","460","1280","1401","24","6","4","","","","","","","","","","","",
"공유수면관리법","현행범","범죄의 검거 단서[건]","건","39","47","151","100","2","-","-","-","","","","","","","","","","","",
"공유수면관리법","피해자신고","범죄의 검거 단서[건]","건","3","4","2","1","2","1","1","-","","","","","","","","","","","",
"공유수면관리법","고소","범죄의 검거 단서[건]","건","7","1","5","3","2","-","-","-","","","","","","","","","","","",
"공유수면관리법","고발","범죄의 검거 단서[건]","건","134","123","53","59","86","9","3","2","","","","","","","","","","","",
"공유수면관리법","자수","범죄의 검거 단서[건]","건","2","73","-","-","-","-","-","-","","","","","","","","","","","",
"공유수면관리법","민간체포","범죄의 검거 단서[건]","건","-","-","-","-","-","-","-","-","","","","","","","","","","","",
"공유수면관리법","진정투서","범죄의 검거 단서[건]","건","11","1","-","2","359","-","-","-","","","","","","","","","","","",
"공유수면관리법","타인신고","범죄의 검거 단서[건]","건","30","26","19","11","593","-","1","-","","","","","","","","","","","",
"공유수면관리법","신문","범죄의 검거 단서[건]","건","17","9","5","1","3","-","-","-","","","","","","","","","","","",
"공유수면관리법","불심검문","범죄의 검거 단서[건]","건","53","115","121","869","136","4","-","-","","","","","","","","","","","",
"공유수면관리법","탐문정보","범죄의 검거 단서[건]","건","26","838","45","133","20","3","-","-","","","","","","","","","","","",
"공유수면관리법","안면식별","범죄의 검거 단서[건]","건","-","-","-","-","-","-","-","-","","","","","","","","","","","",
"공유수면관리법","감식자료","범죄의 검거 단서[건]","건","-","-","-","-","1","-","-","-","","","","","","","","","","","",
"공유수면관리법","변사체","범죄의 검거 단서[건]","건","-","-","-","1","-","-","-","-","","","","","","","","","","","",
"공유수면관리법","범죄수법","범죄의 검거 단서[건]","건","-","-","-","2","-","-","-","-","","","","","","","","","","","",
"공유수면관리법","발자국","범죄의 검거 단서[건]","건","-","-","-","-","-","-","-","-","","","","","","","","","","","",
"공유수면관리법","검사지휘","범죄의 검거 단서[건]","건","-","1","-","1","1","-","1","-","","","","","","","","","","","",
"공유수면관리법","타기관에서 이송","범죄의 검거 단서[건]","건","6","-","1","-","4","1","-","-","","","","","","","","","","","",
"공유수면관리법","범행도구등 발견","범죄의 검거 단서[건]","건","-","-","-","4","-","-","-","-","","","","","","","","","","","",
"공유수면관리법","장물","범죄의 검거 단서[건]","건","-","-","-","-","-","-","-","-","","","","","","","","","","","",
"공유수면관리법","전과조회","범죄의 검거 단서[건]","건","-","-","1","-","-","-","-","-","","","","","","","","","","","",
"공유수면관리법","기타","범죄의 검거 단서[건]","건","16","46","57","93","192","6","-","2","","","","","","","","","","","",
"공유재산및물품관리법","계","범죄의 검거 단서[건]","건","","","","","","","","","1858","87","1110","347","55","1562","107","70","89","85","1330",
"공유재산및물품관리법","현행범","범죄의 검거 단서[건]","건","","","","","","","","","-","-","-","","-","-","-","-","0","-","-",
"공유재산및물품관리법","피해자신고","범죄의 검거 단서[건]","건","","","","","","","","","-","-","1","3","-","-","1","-","0","-","1",
"공유재산및물품관리법","고소","범죄의 검거 단서[건]","건","","","","","","","","","4","3","3","3","4","10","5","4","1","1","1",
"공유재산및물품관리법","고발","범죄의 검거 단서[건]","건","","","","","","","","","1780","48","60","153","40","59","73","56","68","58","109",
"공유재산및물품관리법","자수","범죄의 검거 단서[건]","건","","","","","","","","","-","-","-","","-","-","-","-","0","-","1",
"공유재산및물품관리법","민간체포","범죄의 검거 단서[건]","건","","","","","","","","","-","-","-","","-","-","-","-","0","-","-",
"공유재산및물품관리법","진정투서","범죄의 검거 단서[건]","건","","","","","","","","","1","-","5","1","1","1","6","3","8","3","4",
"공유재산및물품관리법","타인신고","범죄의 검거 단서[건]","건","","","","","","","","","8","6","-","152","2","1","3","1","3","4","14",
"공유재산및물품관리법","신문","범죄의 검거 단서[건]","건","","","","","","","","","-","-","-","","-","-","-","-","0","1","-",
"공유재산및물품관리법","불심검문","범죄의 검거 단서[건]","건","","","","","","","","","1","-","-","1","-","2","4","2","0","-","-",
"공유재산및물품관리법","탐문정보","범죄의 검거 단서[건]","건","","","","","","","","","23","4","1029","19","3","1","4","1","2","9","26",
"공유재산및물품관리법","안면식별","범죄의 검거 단서[건]","건","","","","","","","","","-","-","-","","-","-","-","-","0","-","-",
"공유재산및물품관리법","감식자료","범죄의 검거 단서[건]","건","","","","","","","","","29","-","-","","-","-","-","-","0","-","-",
"공유재산및물품관리법","변사체","범죄의 검거 단서[건]","건","","","","","","","","","-","-","-","","-","-","-","-","0","-","-",
"공유재산및물품관리법","범죄수법","범죄의 검거 단서[건]","건","","","","","","","","","-","-","-","","-","-","-","-","0","-","-",
"공유재산및물품관리법","발자국","범죄의 검거 단서[건]","건","","","","","","","","","-","-","-","","-","-","-","-","0","-","-",
"공유재산및물품관리법","검사지휘","범죄의 검거 단서[건]","건","","","","","","","","","-","-","-","","-","-","-","-","0","-","-",
"공유재산및물품관리법","타기관에서 이송","범죄의 검거 단서[건]","건","","","","","","","","","-","-","-","1","-","-","-","1","0","-","-",
"공유재산및물품관리법","범행도구등 발견","범죄의 검거 단서[건]","건","","","","","","","","","-","-","-","","-","-","-","-","0","-","-",
"공유재산및물품관리법","장물","범죄의 검거 단서[건]","건","","","","","","","","","-","-","-","","-","-","-","-","0","-","-",
"공유재산및물품관리법","전과조회","범죄의 검거 단서[건]","건","","","","","","","","","-","-","-","","-","-","-","-","0","-","-",
"공유재산및물품관리법","기타","범죄의 검거 단서[건]","건","","","","","","","","","4","26","12","14","5","1488","11","2","7","9","1174",
"공유재산및물품관리법","미상","범죄의 검거 단서[건]","건","","","","","","","","","8","","","","","","","","","","",
"공인중개사법","계","범죄의 검거 단서[건]","건","","","","","","","","","1343","1185","956","876","1140","820","861","876","934","1730","1641",
"공인중개사법","현행범","범죄의 검거 단서[건]","건","","","","","","","","","-","1","-","","-","1","-","-","1","1","2",
"공인중개사법","피해자신고","범죄의 검거 단서[건]","건","","","","","","","","","4","6","4","","5","4","10","6","6","26","21",
"공인중개사법","고소","범죄의 검거 단서[건]","건","","","","","","","","","220","214","208","174","182","165","197","181","149","258","258",
"공인중개사법","고발","범죄의 검거 단서[건]","건","","","","","","","","","778","675","475","456","640","384","360","366","412","794","544",
"공인중개사법","자수","범죄의 검거 단서[건]","건","","","","","","","","","1","1","-","","1","-","-","-","2","2","-",
"공인중개사법","민간체포","범죄의 검거 단서[건]","건","","","","","","","","","-","-","-","","-","-","-","-","0","-","-",
"공인중개사법","진정투서","범죄의 검거 단서[건]","건","","","","","","","","","192","151","122","113","154","95","98","125","154","264","311",
"공인중개사법","타인신고","범죄의 검거 단서[건]","건","","","","","","","","","30","21","16","18","22","11","26","23","40","32","32",
"공인중개사법","신문","범죄의 검거 단서[건]","건","","","","","","","","","-","1","-","","-","2","3","-","2","6","4",
"공인중개사법","불심검문","범죄의 검거 단서[건]","건","","","","","","","","","-","-","1","","-","-","-","-","0","-","-",
"공인중개사법","탐문정보","범죄의 검거 단서[건]","건","","","","","","","","","20","19","6","8","8","20","23","18","13","54","76",
"공인중개사법","안면식별","범죄의 검거 단서[건]","건","","","","","","","","","-","-","-","","-","-","-","-","0","-","-",
"공인중개사법","감식자료","범죄의 검거 단서[건]","건","","","","","","","","","-","-","-","1","-","-","-","-","0","-","-",
"공인중개사법","변사체","범죄의 검거 단서[건]","건","","","","","","","","","-","-","-","","-","-","-","-","0","-","-",
"공인중개사법","범죄수법","범죄의 검거 단서[건]","건","","","","","","","","","-","-","-","","-","-","-","-","0","-","-",
"공인중개사법","발자국","범죄의 검거 단서[건]","건","","","","","","","","","-","-","-","","-","-","-","-","0","-","-",
"공인중개사법","검사지휘","범죄의 검거 단서[건]","건","","","","","","","","","1","3","3","1","2","3","3","1","0","-","2",
"공인중개사법","타기관에서 이송","범죄의 검거 단서[건]","건","","","","","","","","","4","7","4","6","14","7","4","14","19","14","13",
"공인중개사법","범행도구등 발견","범죄의 검거 단서[건]","건","","","","","","","","","-","-","-","","-","-","-","-","0","-","-",
"공인중개사법","장물","범죄의 검거 단서[건]","건","","","","","","","","","-","-","-","","-","-","-","-","0","-","-",
"공인중개사법","전과조회","범죄의 검거 단서[건]","건","","","","","","","","","-","-","-","","-","-","-","-","0","-","-",
"공인중개사법","기타","범죄의 검거 단서[건]","건","","","","","","","","","67","86","117","99","112","128","137","142","136","279","378",
"공인중개사법","미상","범죄의 검거 단서[건]","건","","","","","","","","","26","","","","","","","","","","",
"공중위생관리법","계","범죄의 검거 단서[건]","건","452","499","539","477","742","860","1911","906","1081","1224","1700","1531","1649","1887","2143","1682","1560","1893","1705",
"공중위생관리법","현행범","범죄의 검거 단서[건]","건","31","27","42","42","60","48","51","23","40","26","34","34","63","37","40","64","51","35","27",
"공중위생관리법","피해자신고","범죄의 검거 단서[건]","건","8","7","16","16","11","7","14","16","2","5","69","48","8","10","11","6","9","15","15",
"공중위생관리법","고소","범죄의 검거 단서[건]","건","1","3","4","3","2","5","3","18","5","6","10","10","14","17","22","11","6","18","15",
"공중위생관리법","고발","범죄의 검거 단서[건]","건","127","206","136","112","205","301","365","328","421","301","328","284","504","541","593","364","359","434","562",
"공중위생관리법","자수","범죄의 검거 단서[건]","건","3","2","2","3","-","1","-","1","-","3","1","","-","-","1","-","0","2","5",
"공중위생관리법","민간체포","범죄의 검거 단서[건]","건","-","-","-","-","-","-","-","-","-","-","1","","-","-","-","-","0","-","-",
"공중위생관리법","진정투서","범죄의 검거 단서[건]","건","7","-","6","4","4","6","10","1","10","8","11","16","22","57","31","33","78","133","156",
"공중위생관리법","타인신고","범죄의 검거 단서[건]","건","88","94","142","88","116","132","116","110","87","82","127","130","177","288","236","317","267","404","384",
"공중위생관리법","신문","범죄의 검거 단서[건]","건","-","-","1","-","2","2","10","2","15","3","-","2","4","-","-","1","15","5","8",
"공중위생관리법","불심검문","범죄의 검거 단서[건]","건","60","12","15","11","15","2","13","8","73","184","195","10","8","8","47","67","34","52","15",
"공중위생관리법","탐문정보","범죄의 검거 단서[건]","건","28","37","22","24","23","25","967","29","45","83","70","60","67","219","126","153","112","61","19",
"공중위생관리법","안면식별","범죄의 검거 단서[건]","건","-","-","-","-","-","-","-","-","-","-","-","","-","-","-","-","0","-","-",
"공중위생관리법","감식자료","범죄의 검거 단서[건]","건","-","-","-","-","-","-","-","-","-","-","-","","-","-","-","-","0","-","-",
"공중위생관리법","변사체","범죄의 검거 단서[건]","건","-","1","-","1","-","-","-","-","-","-","-","","-","-","-","-","0","-","1",
"공중위생관리법","범죄수법","범죄의 검거 단서[건]","건","-","-","-","-","-","-","-","-","-","-","-","","-","-","-","-","0","-","-",
"공중위생관리법","발자국","범죄의 검거 단서[건]","건","-","-","-","-","-","-","-","-","-","-","-","","-","-","-","-","0","-","-",
"공중위생관리법","검사지휘","범죄의 검거 단서[건]","건","-","-","-","-","1","-","1","1","1","-","-","","-","2","-","1","0","-","5",
"공중위생관리법","타기관에서 이송","범죄의 검거 단서[건]","건","-","-","-","-","1","1","3","1","-","-","-","","2","3","2","30","54","32","18",
"공중위생관리법","범행도구등 발견","범죄의 검거 단서[건]","건","-","-","-","-","-","-","-","-","-","1","-","","-","-","-","-","0","-","-",
"공중위생관리법","장물","범죄의 검거 단서[건]","건","-","-","-","-","-","-","-","-","-","-","-","","-","-","-","-","0","-","-",
"공중위생관리법","전과조회","범죄의 검거 단서[건]","건","1","-","-","-","-","-","-","-","-","-","-","","-","-","-","-","0","-","-",
"공중위생관리법","기타","범죄의 검거 단서[건]","건","98","110","153","173","302","330","358","368","74","522","854","937","780","705","1034","635","575","702","475",
"공중위생관리법","미상","범죄의 검거 단서[건]","건","","","","","","","","","308","","","","","","","","","","",
"공직선거및선거부정방지법","계","범죄의 검거 단서[건]","건","","","","","","","","","1965","270","1428","","","","","","","","",
"공직선거및선거부정방지법","현행범","범죄의 검거 단서[건]","건","","","","","","","","","43","1","23","","","","","","","","",
"공직선거및선거부정방지법","피해자신고","범죄의 검거 단서[건]","건","","","","","","","","","43","-","20","","","","","","","","",
"공직선거및선거부정방지법","고소","범죄의 검거 단서[건]","건","","","","","","","","","289","8","96","","","","","","","","",
"공직선거및선거부정방지법","고발","범죄의 검거 단서[건]","건","","","","","","","","","681","32","394","","","","","","","","",
"공직선거및선거부정방지법","자수","범죄의 검거 단서[건]","건","","","","","","","","","3","-","-","","","","","","","","",
"공직선거및선거부정방지법","민간체포","범죄의 검거 단서[건]","건","","","","","","","","","-","-","-","","","","","","","","",
"공직선거및선거부정방지법","진정투서","범죄의 검거 단서[건]","건","","","","","","","","","44","4","19","","","","","","","","",
"공직선거및선거부정방지법","타인신고","범죄의 검거 단서[건]","건","","","","","","","","","91","1","52","","","","","","","","",
"공직선거및선거부정방지법","신문","범죄의 검거 단서[건]","건","","","","","","","","","6","-","2","","","","","","","","",
"공직선거및선거부정방지법","불심검문","범죄의 검거 단서[건]","건","","","","","","","","","4","-","4","","","","","","","","",
"공직선거및선거부정방지법","탐문정보","범죄의 검거 단서[건]","건","","","","","","","","","410","17","231","","","","","","","","",
"공직선거및선거부정방지법","안면식별","범죄의 검거 단서[건]","건","","","","","","","","","-","-","-","","","","","","","","",
"공직선거및선거부정방지법","감식자료","범죄의 검거 단서[건]","건","","","","","","","","","-","-","-","","","","","","","","",
"공직선거및선거부정방지법","변사체","범죄의 검거 단서[건]","건","","","","","","","","","-","-","-","","","","","","","","",
"공직선거및선거부정방지법","범죄수법","범죄의 검거 단서[건]","건","","","","","","","","","-","-","10","","","","","","","","",
"공직선거및선거부정방지법","발자국","범죄의 검거 단서[건]","건","","","","","","","","","-","-","-","","","","","","","","",
"공직선거및선거부정방지법","검사지휘","범죄의 검거 단서[건]","건","","","","","","","","","32","2","14","","","","","","","","",
"공직선거및선거부정방지법","타기관에서 이송","범죄의 검거 단서[건]","건","","","","","","","","","6","-","7","","","","","","","","",
"공직선거및선거부정방지법","범행도구등 발견","범죄의 검거 단서[건]","건","","","","","","","","","-","-","1","","","","","","","","",
"공직선거및선거부정방지법","장물","범죄의 검거 단서[건]","건","","","","","","","","","-","-","-","","","","","","","","",
"공직선거및선거부정방지법","전과조회","범죄의 검거 단서[건]","건","","","","","","","","","-","-","-","","","","","","","","",
"공직선거및선거부정방지법","기타","범죄의 검거 단서[건]","건","","","","","","","","","119","205","555","","","","","","","","",
"공직선거및선거부정방지법","미상","범죄의 검거 단서[건]","건","","","","","","","","","194","","","","","","","","","","",
"공직선거법","계","범죄의 검거 단서[건]","건","2966","724","1671","194","2156","201","1430","358","","","","789","1974","89","1172","244","2427","83","1412",
"공직선거법","현행범","범죄의 검거 단서[건]","건","69","51","64","-","51","8","54","4","","","","54","31","2","40","3","50","-","12",
"공직선거법","피해자신고","범죄의 검거 단서[건]","건","47","6","14","-","38","5","25","9","","","","22","46","-","31","4","76","6","41",
"공직선거법","고소","범죄의 검거 단서[건]","건","146","8","62","7","129","9","93","14","","","","20","260","1","67","10","211","6","125",
"공직선거법","고발","범죄의 검거 단서[건]","건","608","76","361","78","517","89","422","106","","","","142","770","26","339","78","994","26","781",
"공직선거법","자수","범죄의 검거 단서[건]","건","9","3","34","-","6","-","5","-","","","","1","6","-","1","1","2","-","3",
"공직선거법","민간체포","범죄의 검거 단서[건]","건","3","-","-","-","1","-","-","-","","","","","-","-","-","-","1","-","-",
"공직선거법","진정투서","범죄의 검거 단서[건]","건","98","8","32","7","48","3","20","8","","","","39","60","1","31","13","127","3","104",
"공직선거법","타인신고","범죄의 검거 단서[건]","건","186","34","57","5","100","7","56","23","","","","136","133","1","81","32","291","14","111",
"공직선거법","신문","범죄의 검거 단서[건]","건","11","5","11","1","4","-","3","-","","","","3","-","1","1","-","0","-","1",
"공직선거법","불심검문","범죄의 검거 단서[건]","건","25","5","11","2","15","-","3","1","","","","4","5","-","1","-","0","-","3",
"공직선거법","탐문정보","범죄의 검거 단서[건]","건","1137","428","692","52","825","28","377","57","","","","80","250","1","98","22","207","6","53",
"공직선거법","안면식별","범죄의 검거 단서[건]","건","1","-","-","-","-","-","-","-","","","","","1","-","-","-","1","-","-",
"공직선거법","감식자료","범죄의 검거 단서[건]","건","-","-","1","-","1","-","-","-","","","","","-","-","-","-","0","-","-",
"공직선거법","변사체","범죄의 검거 단서[건]","건","-","-","-","-","-","-","-","-","","","","","-","-","-","-","0","-","-",
"공직선거법","범죄수법","범죄의 검거 단서[건]","건","-","-","-","-","-","-","-","-","","","","","-","-","-","-","0","-","-",
"공직선거법","발자국","범죄의 검거 단서[건]","건","-","-","-","-","-","-","-","-","","","","","-","-","-","-","0","-","-",
"공직선거법","검사지휘","범죄의 검거 단서[건]","건","31","6","13","3","100","5","23","5","","","","3","32","-","11","-","2","-","-",
"공직선거법","타기관에서 이송","범죄의 검거 단서[건]","건","10","3","15","1","12","2","8","2","","","","13","10","-","11","3","36","3","7",
"공직선거법","범행도구등 발견","범죄의 검거 단서[건]","건","-","-","-","-","2","1","1","-","","","","","1","-","-","1","1","-","1",
"공직선거법","장물","범죄의 검거 단서[건]","건","-","-","-","-","-","-","-","-","","","","","-","-","-","-","0","-","-",
"공직선거법","전과조회","범죄의 검거 단서[건]","건","2","1","-","-","1","-","-","-","","","","","-","-","-","-","0","-","-",
"공직선거법","기타","범죄의 검거 단서[건]","건","583","90","304","38","306","44","340","129","","","","272","369","56","460","77","428","19","170",
"관세법","계","범죄의 검거 단서[건]","건","1325","943","1140","706","661","794","664","634","721","653","682","1027","745","848","584","399","357","352","463",
"관세법","현행범","범죄의 검거 단서[건]","건","46","36","26","52","9","8","5","3","10","1","4","5","2","14","4","3","2","3","-",
"관세법","피해자신고","범죄의 검거 단서[건]","건","-","-","1","-","1","-","-","-","-","-","-","3","2","1","1","1","0","1","-",
"관세법","고소","범죄의 검거 단서[건]","건","-","1","1","-","-","1","-","7","8","-","-","","2","-","3","1","0","-","-",
"관세법","고발","범죄의 검거 단서[건]","건","6","5","7","6","5","18","17","4","7","8","7","13","22","29","54","6","2","7","4",
"관세법","자수","범죄의 검거 단서[건]","건","2","3","1","3","2","1","-","-","-","-","-","","-","-","-","-","0","-","-",
"관세법","민간체포","범죄의 검거 단서[건]","건","-","-","-","-","1","-","-","-","-","-","-","","-","-","-","-","0","-","-",
"관세법","진정투서","범죄의 검거 단서[건]","건","1","2","1","3","1","3","1","1","2","2","1","1","-","-","-","-","0","1","2",
"관세법","타인신고","범죄의 검거 단서[건]","건","59","38","21","20","21","49","20","11","15","9","20","10","5","15","3","3","2","5","2",
"관세법","신문","범죄의 검거 단서[건]","건","2","2","4","2","3","1","1","5","2","6","1","6","-","5","-","1","0","-","-",
"관세법","불심검문","범죄의 검거 단서[건]","건","4","4","-","1","1","-","-","-","-","-","-","1","1","1","-","-","0","-","-",
"관세법","탐문정보","범죄의 검거 단서[건]","건","204","162","415","120","164","41","42","21","24","16","19","14","3","18","9","5","5","6","107",
"관세법","안면식별","범죄의 검거 단서[건]","건","-","-","-","-","-","-","-","-","-","-","-","","-","-","-","-","0","-","-",
"관세법","감식자료","범죄의 검거 단서[건]","건","-","1","-","-","-","-","-","-","-","-","-","","-","-","-","-","0","-","-",
"관세법","변사체","범죄의 검거 단서[건]","건","-","-","-","-","-","-","-","-","-","-","-","","-","-","-","-","0","-","-",
"관세법","범죄수법","범죄의 검거 단서[건]","건","-","-","-","-","-","-","-","-","-","-","-","","-","-","-","-","0","-","-",
"관세법","발자국","범죄의 검거 단서[건]","건","-","-","-","-","-","-","-","-","-","-","-","","-","-","-","-","0","-","-",
"관세법","검사지휘","범죄의 검거 단서[건]","건","1","1","1","3","1","-","-","2","1","1","1","1","-","1","-","1","0","-","-",
"관세법","타기관에서 이송","범죄의 검거 단서[건]","건","6","5","13","3","2","2","4","3","1","-","-","","-","-","1","-","1","-","-",
"관세법","범행도구등 발견","범죄의 검거 단서[건]","건","1","2","-","1","-","-","-","-","-","-","-","","-","-","-","-","0","-","-",
"관세법","장물","범죄의 검거 단서[건]","건","-","-","-","-","-","-","-","-","-","-","-","","-","-","-","-","0","-","-",
"관세법","전과조회","범죄의 검거 단서[건]","건","-","-","-","-","-","-","-","-","1","-","-","","-","-","-","1","0","-","-",
"관세법","기타","범죄의 검거 단서[건]","건","993","681","649","492","450","670","574","577","59","610","629","973","708","764","509","377","345","329","348",
"관세법","미상","범죄의 검거 단서[건]","건","","","","","","","","","591","","","","","","","","","","",
"교통사고처리특례법","계","범죄의 검거 단서[건]","건","187860","188165","181913","194009","192617","183780","187031","179807","186955","194281","187511","181051","187452","195308","181325","152875","74351","69497","66560",
"교통사고처리특례법","현행범","범죄의 검거 단서[건]","건","14414","11460","7467","6397","3182","1456","860","514","502","723","771","704","736","654","545","372","588","954","1021",
"교통사고처리특례법","피해자신고","범죄의 검거 단서[건]","건","124676","125824","119041","125139","114634","106944","106882","102916","108874","116078","116883","115883","113032","118349","110690","91856","39392","36515","33530",
"교통사고처리특례법","고소","범죄의 검거 단서[건]","건","169","168","140","121","77","81","76","58","58","40","41","46","67","48","68","68","73","50","74",
"교통사고처리특례법","고발","범죄의 검거 단서[건]","건","30","31","37","34","25","11","4","418","302","56","35","4","19","12","11","9","3","4","9",
"교통사고처리특례법","자수","범죄의 검거 단서[건]","건","8734","8027","11870","16271","15571","12232","11978","11385","11260","10782","9751","9531","9498","8745","6846","5037","2322","2342","2215",
"교통사고처리특례법","민간체포","범죄의 검거 단서[건]","건","11","14","12","4","5","4","5","-","4","1","2","1","1","2","-","1","1","-","1",
"교통사고처리특례법","진정투서","범죄의 검거 단서[건]","건","32","36","53","74","24","7","5","11","9","5","8","5","14","13","11","7","19","17","23",
"교통사고처리특례법","타인신고","범죄의 검거 단서[건]","건","29822","32246","32751","33782","34402","28717","29759","27456","28219","30259","27065","25187","27436","29307","25525","21735","14755","15584","14875",
"교통사고처리특례법","신문","범죄의 검거 단서[건]","건","59","105","91","85","35","5","4","5","2","5","1","3","1","25","11","19","3","55","32",
"교통사고처리특례법","불심검문","범죄의 검거 단서[건]","건","1716","2500","3673","3974","2739","1562","1259","1270","1466","1624","2264","2227","1320","1070","764","569","329","268","341",
"교통사고처리특례법","탐문정보","범죄의 검거 단서[건]","건","203","310","431","482","425","293","234","280","214","235","198","197","196","230","193","327","228","207","141",
"교통사고처리특례법","안면식별","범죄의 검거 단서[건]","건","2","1","1","2","1","2","1","1","-","1","3","","-","2","2","1","0","-","-",
"교통사고처리특례법","감식자료","범죄의 검거 단서[건]","건","5","4","6","12","10","16","5","10","18","7","11","7","1","2","4","5","3","-","1",
"교통사고처리특례법","변사체","범죄의 검거 단서[건]","건","14","16","21","21","20","11","11","8","11","5","3","6","7","9","3","5","12","2","6",
"교통사고처리특례법","범죄수법","범죄의 검거 단서[건]","건","-","2","5","5","-","-","1","1","1","1","1","","1","1","2","-","2","-","-",
"교통사고처리특례법","발자국","범죄의 검거 단서[건]","건","1","-","-","1","-","-","-","-","-","-","1","","-","-","1","-","0","-","-",
"교통사고처리특례법","검사지휘","범죄의 검거 단서[건]","건","19","22","20","28","63","19","7","9","12","10","6","4","18","5","10","12","0","1","-",
"교통사고처리특례법","타기관에서 이송","범죄의 검거 단서[건]","건","14","17","24","21","33","29","25","99","87","35","33","15","42","41","26","39","23","11","11",
"교통사고처리특례법","범행도구등 발견","범죄의 검거 단서[건]","건","2","1","4","3","-","3","-","1","1","5","-","1","1","-","1","1","0","4","20",
"교통사고처리특례법","장물","범죄의 검거 단서[건]","건","2","1","1","-","1","2","-","-","-","1","-","","-","-","-","-","0","-","-",
"교통사고처리특례법","전과조회","범죄의 검거 단서[건]","건","12","12","14","11","4","1","-","-","1","-","-","1","1","-","1","2","4","2","2",
"교통사고처리특례법","기타","범죄의 검거 단서[건]","건","7923","7368","6251","7542","21366","32385","35915","35365","35880","34408","30434","27229","35061","36793","36611","32810","16594","13481","14258",
"교통사고처리특례법","미상","범죄의 검거 단서[건]","건","","","","","","","","","34","","","","","","","","","","",
"국가기술자격법","계","범죄의 검거 단서[건]","건","309","217","76","105","214","184","75","327","309","88","234","162","54","1099","396","50","60","40","50",
"국가기술자격법","현행범","범죄의 검거 단서[건]","건","2","-","-","-","-","-","-","-","-","-","-","","-","-","-","-","0","-","1",
"국가기술자격법","피해자신고","범죄의 검거 단서[건]","건","-","-","-","1","-","1","1","-","-","-","-","","1","-","-","1","0","-","-",
"국가기술자격법","고소","범죄의 검거 단서[건]","건","4","2","-","1","3","2","1","2","1","-","1","1","5","4","2","1","4","3","2",
"국가기술자격법","고발","범죄의 검거 단서[건]","건","41","21","36","45","63","29","23","10","32","22","35","21","15","16","23","17","17","20","11",
"국가기술자격법","자수","범죄의 검거 단서[건]","건","-","1","-","1","-","-","1","1","-","1","-","","-","-","-","-","0","1","-",
"국가기술자격법","민간체포","범죄의 검거 단서[건]","건","-","-","-","-","-","-","-","-","-","-","-","","-","-","-","-","0","-","-",
"국가기술자격법","진정투서","범죄의 검거 단서[건]","건","12","1","3","4","3","4","2","12","12","1","9","9","4","12","24","11","16","8","6",
"국가기술자격법","타인신고","범죄의 검거 단서[건]","건","11","-","-","4","23","-","4","4","3","-","4","2","4","-","5","3","9","-","2",
"국가기술자격법","신문","범죄의 검거 단서[건]","건","1","1","-","1","1","-","-","-","-","-","-","","1","-","-","-","0","-","1",
"국가기술자격법","불심검문","범죄의 검거 단서[건]","건","3","-","-","-","-","-","1","-","-","-","-","","-","-","-","-","0","-","-",
"국가기술자격법","탐문정보","범죄의 검거 단서[건]","건","144","66","21","18","90","11","18","23","193","36","119","69","7","25","7","11","1","-","24",
"국가기술자격법","안면식별","범죄의 검거 단서[건]","건","-","-","-","-","-","-","-","-","-","-","-","","-","-","-","-","0","-","-",
"국가기술자격법","감식자료","범죄의 검거 단서[건]","건","-","-","-","-","-","-","-","-","-","-","-","","-","-","-","-","0","-","-",
"국가기술자격법","변사체","범죄의 검거 단서[건]","건","-","-","-","-","-","-","-","-","-","-","-","","-","-","-","-","0","-","-",
"국가기술자격법","범죄수법","범죄의 검거 단서[건]","건","1","-","-","-","-","-","-","-","-","-","-","","-","-","-","-","0","-","-",
"국가기술자격법","발자국","범죄의 검거 단서[건]","건","-","-","-","-","-","-","-","-","-","-","-","","-","-","-","-","0","-","-",
"국가기술자격법","검사지휘","범죄의 검거 단서[건]","건","1","1","-","1","2","-","-","-","-","1","-","1","-","-","-","-","0","-","-",
"국가기술자격법","타기관에서 이송","범죄의 검거 단서[건]","건","26","1","1","-","2","-","1","1","1","1","-","1","1","-","3","1","0","4","-",
"국가기술자격법","범행도구등 발견","범죄의 검거 단서[건]","건","-","-","-","-","-","-","-","-","-","-","-","","-","-","-","-","0","-","-",
"국가기술자격법","장물","범죄의 검거 단서[건]","건","-","-","-","-","-","-","-","-","-","-","-","","-","-","-","-","0","-","-",
"국가기술자격법","전과조회","범죄의 검거 단서[건]","건","-","-","-","-","-","-","-","-","-","-","-","","-","-","-","-","0","-","-",
"국가기술자격법","기타","범죄의 검거 단서[건]","건","63","123","15","29","27","137","23","274","57","26","66","58","16","1042","332","5","13","4","3",
"국가기술자격법","미상","범죄의 검거 단서[건]","건","","","","","","","","","10","","","","","","","","","","",
"국가보안법","계","범죄의 검거 단서[건]","건","36","52","43","53","89","99","101","116","79","83","43","46","30","45","41","64","23","46","52",
"국가보안법","현행범","범죄의 검거 단서[건]","건","2","1","-","1","-","1","1","-","-","-","-","","-","-","-","-","0","-","1",
"국가보안법","피해자신고","범죄의 검거 단서[건]","건","-","-","-","-","-","1","1","-","-","-","-","","-","-","-","3","0","-","-",
"국가보안법","고소","범죄의 검거 단서[건]","건","-","-","-","-","-","-","-","1","2","1","-","","-","5","1","-","0","-","1",
"국가보안법","고발","범죄의 검거 단서[건]","건","4","2","-","2","4","4","2","4","1","7","2","4","2","4","-","5","3","1","13",
"국가보안법","자수","범죄의 검거 단서[건]","건","9","1","2","1","1","-","-","-","-","-","1","1","8","-","-","-","1","1","-",
"국가보안법","민간체포","범죄의 검거 단서[건]","건","-","-","-","-","-","-","-","-","-","-","-","","-","-","-","-","0","-","-",
"국가보안법","진정투서","범죄의 검거 단서[건]","건","-","-","-","1","-","-","-","-","-","-","1","","-","-","-","-","0","-","-",
"국가보안법","타인신고","범죄의 검거 단서[건]","건","1","1","1","2","1","-","-","1","1","1","1","1","1","3","-","2","1","1","1",
"국가보안법","신문","범죄의 검거 단서[건]","건","-","-","-","1","2","-","1","1","2","-","-","","-","1","-","2","0","-","1",
"국가보안법","불심검문","범죄의 검거 단서[건]","건","1","2","2","-","-","-","-","-","-","-","-","","-","-","-","-","0","-","-",
"국가보안법","탐문정보","범죄의 검거 단서[건]","건","6","21","16","9","31","25","28","40","24","15","12","20","5","6","8","14","11","5","10",
"국가보안법","안면식별","범죄의 검거 단서[건]","건","-","-","-","-","-","1","-","-","-","-","-","","-","-","-","-","0","-","-",
"국가보안법","감식자료","범죄의 검거 단서[건]","건","-","-","-","-","-","-","-","-","-","-","-","","-","-","-","-","0","-","-",
"국가보안법","변사체","범죄의 검거 단서[건]","건","-","-","-","-","-","-","-","-","-","-","-","","-","-","-","-","0","-","-",
"국가보안법","범죄수법","범죄의 검거 단서[건]","건","-","-","-","-","-","-","-","-","-","-","-","","-","-","-","-","0","-","-",
"국가보안법","발자국","범죄의 검거 단서[건]","건","-","-","-","-","-","-","-","-","-","-","-","","-","-","-","-","0","-","-",
"국가보안법","검사지휘","범죄의 검거 단서[건]","건","-","-","-","-","1","2","1","1","2","6","2","","1","2","-","-","0","-","-",
"국가보안법","타기관에서 이송","범죄의 검거 단서[건]","건","-","-","-","1","-","-","-","-","-","-","-","","-","-","-","1","0","1","-",
"국가보안법","범행도구등 발견","범죄의 검거 단서[건]","건","-","-","-","-","-","-","-","-","-","-","-","","-","-","-","-","0","-","-",
"국가보안법","장물","범죄의 검거 단서[건]","건","-","-","-","-","-","-","-","-","-","-","-","","-","-","-","-","0","-","-",
"국가보안법","전과조회","범죄의 검거 단서[건]","건","-","-","-","-","-","-","-","-","-","-","-","","-","-","-","-","0","-","-",
"국가보안법","기타","범죄의 검거 단서[건]","건","13","24","22","35","49","65","67","68","31","53","24","20","13","24","32","37","7","37","25",
"국가보안법","미상","범죄의 검거 단서[건]","건","","","","","","","","","16","","","","","","","","","","",
"국민연금법","계","범죄의 검거 단서[건]","건","76","30","60","20","36","24","22","50","","","","","","","","","","","",
"국민연금법","현행범","범죄의 검거 단서[건]","건","-","-","-","-","-","-","-","-","","","","","","","","","","","",
"국민연금법","피해자신고","범죄의 검거 단서[건]","건","1","-","-","1","-","-","-","-","","","","","","","","","","","",
"국민연금법","고소","범죄의 검거 단서[건]","건","7","1","3","3","4","3","6","6","","","","","","","","","","","",
"국민연금법","고발","범죄의 검거 단서[건]","건","65","26","31","16","30","18","15","38","","","","","","","","","","","",
"국민연금법","자수","범죄의 검거 단서[건]","건","1","-","-","-","-","-","-","-","","","","","","","","","","","",
"국민연금법","민간체포","범죄의 검거 단서[건]","건","-","-","-","-","-","-","-","-","","","","","","","","","","","",
"국민연금법","진정투서","범죄의 검거 단서[건]","건","-","-","-","-","1","-","1","-","","","","","","","","","","","",
"국민연금법","타인신고","범죄의 검거 단서[건]","건","-","-","1","-","-","-","-","-","","","","","","","","","","","",
"국민연금법","신문","범죄의 검거 단서[건]","건","-","-","-","-","-","-","-","-","","","","","","","","","","","",
"국민연금법","불심검문","범죄의 검거 단서[건]","건","-","2","-","-","-","-","-","-","","","","","","","","","","","",
"국민연금법","탐문정보","범죄의 검거 단서[건]","건","-","1","-","-","-","-","-","-","","","","","","","","","","","",
"국민연금법","안면식별","범죄의 검거 단서[건]","건","-","-","-","-","-","-","-","-","","","","","","","","","","","",
"국민연금법","감식자료","범죄의 검거 단서[건]","건","-","-","-","-","-","-","-","-","","","","","","","","","","","",
"국민연금법","변사체","범죄의 검거 단서[건]","건","-","-","-","-","-","-","-","-","","","","","","","","","","","",
"국민연금법","범죄수법","범죄의 검거 단서[건]","건","-","-","-","-","-","-","-","-","","","","","","","","","","","",
"국민연금법","발자국","범죄의 검거 단서[건]","건","-","-","-","-","-","-","-","-","","","","","","","","","","","",
"국민연금법","검사지휘","범죄의 검거 단서[건]","건","-","-","-","-","-","2","-","-","","","","","","","","","","","",
"국민연금법","타기관에서 이송","범죄의 검거 단서[건]","건","-","-","-","-","-","-","-","-","","","","","","","","","","","",
"국민연금법","범행도구등 발견","범죄의 검거 단서[건]","건","-","-","-","-","-","-","-","-","","","","","","","","","","","",
"국민연금법","장물","범죄의 검거 단서[건]","건","-","-","-","-","-","-","-","-","","","","","","","","","","","",
"국민연금법","전과조회","범죄의 검거 단서[건]","건","-","-","-","-","-","-","-","-","","","","","","","","","","","",
"국민연금법","기타","범죄의 검거 단서[건]","건","2","-","25","-","1","1","-","6","","","","","","","","","","","",
"국민체육진흥법","계","범죄의 검거 단서[건]","건","","","","","","","","","1477","735","835","445","212","350","344","494","298","215","246",
"국민체육진흥법","현행범","범죄의 검거 단서[건]","건","","","","","","","","","14","11","19","6","3","5","1","-","0","1","2",
"국민체육진흥법","피해자신고","범죄의 검거 단서[건]","건","","","","","","","","","9","2","5","3","2","2","1","7","3","4","4",
"국민체육진흥법","고소","범죄의 검거 단서[건]","건","","","","","","","","","4","3","1","1","1","5","-","1","2","1","2",
"국민체육진흥법","고발","범죄의 검거 단서[건]","건","","","","","","","","","10","8","6","6","10","7","16","40","34","21","22",
"국민체육진흥법","자수","범죄의 검거 단서[건]","건","","","","","","","","","3","-","3","1","-","4","3","2","3","3","3",
"국민체육진흥법","민간체포","범죄의 검거 단서[건]","건","","","","","","","","","1","-","-","","-","-","-","-","0","-","-",
"국민체육진흥법","진정투서","범죄의 검거 단서[건]","건","","","","","","","","","32","36","48","45","38","35","40","54","81","42","47",
"국민체육진흥법","타인신고","범죄의 검거 단서[건]","건","","","","","","","","","29","20","43","47","24","33","39","31","29","59","31",
"국민체육진흥법","신문","범죄의 검거 단서[건]","건","","","","","","","","","-","-","-","1","-","2","-","1","0","1","4",
"국민체육진흥법","불심검문","범죄의 검거 단서[건]","건","","","","","","","","","2","6","2","2","1","-","-","-","0","-","-",
"국민체육진흥법","탐문정보","범죄의 검거 단서[건]","건","","","","","","","","","715","309","426","144","55","176","136","109","40","8","25",
"국민체육진흥법","안면식별","범죄의 검거 단서[건]","건","","","","","","","","","-","-","-","","-","-","-","-","0","-","-",
"국민체육진흥법","감식자료","범죄의 검거 단서[건]","건","","","","","","","","","-","-","-","","-","1","-","-","0","-","-",
"국민체육진흥법","변사체","범죄의 검거 단서[건]","건","","","","","","","","","-","-","-","","-","-","-","-","0","-","-",
"국민체육진흥법","범죄수법","범죄의 검거 단서[건]","건","","","","","","","","","-","-","1","","-","-","-","-","0","-","-",
"국민체육진흥법","발자국","범죄의 검거 단서[건]","건","","","","","","","","","-","-","-","","-","-","-","-","0","-","-",
"국민체육진흥법","검사지휘","범죄의 검거 단서[건]","건","","","","","","","","","-","3","5","9","2","-","4","-","0","-","-",
"국민체육진흥법","타기관에서 이송","범죄의 검거 단서[건]","건","","","","","","","","","9","18","6","7","10","10","22","19","15","8","6",
"국민체육진흥법","범행도구등 발견","범죄의 검거 단서[건]","건","","","","","","","","","2","-","-","","-","-","-","-","0","-","-",
"국민체육진흥법","장물","범죄의 검거 단서[건]","건","","","","","","","","","-","-","-","","-","-","-","-","0","-","-",
"국민체육진흥법","전과조회","범죄의 검거 단서[건]","건","","","","","","","","","-","-","-","","-","1","-","-","0","-","-",
"국민체육진흥법","기타","범죄의 검거 단서[건]","건","","","","","","","","","608","319","270","173","66","69","82","230","91","67","100",
"국민체육진흥법","미상","범죄의 검거 단서[건]","건","","","","","","","","","39","","","","","","","","","","",
"국토의계획및이용에관한법률","계","범죄의 검거 단서[건]","건","","","","","","","","","995","1307","1306","1532","1147","1526","1289","1270","1302","1425","1122",
"국토의계획및이용에관한법률","현행범","범죄의 검거 단서[건]","건","","","","","","","","","-","1","-","3","-","-","-","-","0","-","-",
"국토의계획및이용에관한법률","피해자신고","범죄의 검거 단서[건]","건","","","","","","","","","1","1","1","3","1","1","-","2","4","-","7",
"국토의계획및이용에관한법률","고소","범죄의 검거 단서[건]","건","","","","","","","","","12","24","14","13","21","21","27","26","18","22","22",
"국토의계획및이용에관한법률","고발","범죄의 검거 단서[건]","건","","","","","","","","","946","1191","1161","1413","1088","1426","1209","1186","1222","1263","1046",
"국토의계획및이용에관한법률","자수","범죄의 검거 단서[건]","건","","","","","","","","","-","1","-","1","1","1","1","1","2","-","-",
"국토의계획및이용에관한법률","민간체포","범죄의 검거 단서[건]","건","","","","","","","","","-","-","-","","-","-","-","-","0","-","-",
"국토의계획및이용에관한법률","진정투서","범죄의 검거 단서[건]","건","","","","","","","","","-","5","7","4","2","26","3","7","9","7","11",
"국토의계획및이용에관한법률","타인신고","범죄의 검거 단서[건]","건","","","","","","","","","3","2","1","4","1","1","8","4","3","3","3",
"국토의계획및이용에관한법률","신문","범죄의 검거 단서[건]","건","","","","","","","","","-","-","-","2","-","-","-","-","0","1","-",
"국토의계획및이용에관한법률","불심검문","범죄의 검거 단서[건]","건","","","","","","","","","-","-","1","","1","-","1","-","0","-","-",
"국토의계획및이용에관한법률","탐문정보","범죄의 검거 단서[건]","건","","","","","","","","","3","14","13","12","4","6","5","5","2","93","5",
"국토의계획및이용에관한법률","안면식별","범죄의 검거 단서[건]","건","","","","","","","","","-","-","-","","-","-","-","-","0","-","-",
"국토의계획및이용에관한법률","감식자료","범죄의 검거 단서[건]","건","","","","","","","","","-","-","-","","-","-","-","-","0","-","-",
"국토의계획및이용에관한법률","변사체","범죄의 검거 단서[건]","건","","","","","","","","","-","1","-","","-","-","-","-","0","-","-",
"국토의계획및이용에관한법률","범죄수법","범죄의 검거 단서[건]","건","","","","","","","","","-","-","-","","-","-","-","-","0","-","-",
"국토의계획및이용에관한법률","발자국","범죄의 검거 단서[건]","건","","","","","","","","","-","-","-","","-","-","-","-","0","-","-",
"국토의계획및이용에관한법률","검사지휘","범죄의 검거 단서[건]","건","","","","","","","","","1","-","4","1","-","-","5","-","0","-","-",
"국토의계획및이용에관한법률","타기관에서 이송","범죄의 검거 단서[건]","건","","","","","","","","","-","-","-","","-","4","1","2","1","-","1",
"국토의계획및이용에관한법률","범행도구등 발견","범죄의 검거 단서[건]","건","","","","","","","","","-","-","-","","-","-","-","-","0","-","-",
"국토의계획및이용에관한법률","장물","범죄의 검거 단서[건]","건","","","","","","","","","-","-","-","","-","-","-","-","0","-","-",
"국토의계획및이용에관한법률","전과조회","범죄의 검거 단서[건]","건","","","","","","","","","-","-","-","","-","-","-","-","0","-","-",
"국토의계획및이용에관한법률","기타","범죄의 검거 단서[건]","건","","","","","","","","","13","67","104","76","28","40","29","37","41","36","27",
"국토의계획및이용에관한법률","미상","범죄의 검거 단서[건]","건","","","","","","","","","16","","","","","","","","","","",
"근로기준법","계","범죄의 검거 단서[건]","건","37019","33226","31556","38735","34296","39677","41279","37651","39764","39448","40959","41835","43690","43778","34718","27327","23243","24768","30319",
"근로기준법","현행범","범죄의 검거 단서[건]","건","531","686","519","129","145","94","30","30","20","19","26","27","134","20","9","7","14","63","48",
"근로기준법","피해자신고","범죄의 검거 단서[건]","건","2550","3791","4799","5148","4657","5197","5213","3993","4494","4380","4372","4636","4658","4225","3957","3239","2166","2666","4732",
"근로기준법","고소","범죄의 검거 단서[건]","건","2632","2495","2244","2931","3313","3291","3555","3403","3368","3146","3439","3191","3622","3280","3111","3417","3014","3302","3467",
"근로기준법","고발","범죄의 검거 단서[건]","건","88","62","105","101","120","114","131","114","128","133","117","112","104","113","133","150","114","68","75",
"근로기준법","자수","범죄의 검거 단서[건]","건","2481","2342","2211","2591","2221","2193","2364","2061","1449","1381","1481","1339","1000","658","397","294","223","176","240",
"근로기준법","민간체포","범죄의 검거 단서[건]","건","3","11","10","3","5","1","6","3","2","1","6","3","2","1","1","-","0","5","1",
"근로기준법","진정투서","범죄의 검거 단서[건]","건","8654","6716","4904","4917","3563","3109","3441","2969","2614","2346","2733","3029","2510","2112","2082","1274","1007","935","1137",
"근로기준법","타인신고","범죄의 검거 단서[건]","건","168","211","281","310","394","635","222","13","14","12","7","15","24","10","8","4","8","14","47",
"근로기준법","신문","범죄의 검거 단서[건]","건","258","147","72","359","368","209","360","242","173","265","230","320","277","124","133","129","164","97","121",
"근로기준법","불심검문","범죄의 검거 단서[건]","건","84","128","158","209","122","95","94","109","93","109","133","85","36","24","17","12","5","8","12",
"근로기준법","탐문정보","범죄의 검거 단서[건]","건","10","23","45","14","13","12","13","17","20","23","33","49","45","19","10","3","3","8","11",
"근로기준법","안면식별","범죄의 검거 단서[건]","건","1","-","-","-","-","-","-","-","-","-","-","","-","-","-","-","0","-","-",
"근로기준법","감식자료","범죄의 검거 단서[건]","건","-","-","-","-","2","-","1","-","-","-","1","","-","-","-","-","0","1","-",
"근로기준법","변사체","범죄의 검거 단서[건]","건","-","-","-","-","-","-","1","2","2","-","-","2","-","-","-","1","1","1","-",
"근로기준법","범죄수법","범죄의 검거 단서[건]","건","-","4","-","11","2","2","-","-","2","1","16","6","1","-","-","1","3","-","-",
"근로기준법","발자국","범죄의 검거 단서[건]","건","-","1","-","-","-","-","-","-","-","-","3","","-","-","-","-","0","-","1",
"근로기준법","검사지휘","범죄의 검거 단서[건]","건","47","69","45","139","49","33","30","24","20","38","26","47","37","25","28","10","12","16","7",
"근로기준법","타기관에서 이송","범죄의 검거 단서[건]","건","36","10","14","20","25","20","12","27","21","16","18","18","11","19","6","12","6","9","3",
"근로기준법","범행도구등 발견","범죄의 검거 단서[건]","건","1","-","-","-","-","-","-","-","-","-","1","","-","1","-","-","0","-","-",
"근로기준법","장물","범죄의 검거 단서[건]","건","-","-","1","-","-","-","-","-","-","-","-","","-","-","-","-","0","-","-",
"근로기준법","전과조회","범죄의 검거 단서[건]","건","3","7","4","4","4","3","2","1","3","5","6","4","4","7","4","4","1","3","1",
"근로기준법","기타","범죄의 검거 단서[건]","건","19472","16523","16144","21849","19293","24669","25804","24643","866","27573","28311","28952","31225","33140","24822","18770","16502","17396","20416",
"근로기준법","미상","범죄의 검거 단서[건]","건","","","","","","","","","26475","","","","","","","","","","",
"근로자퇴직급여보장법","계","범죄의 검거 단서[건]","건","","","","","","","","","12730","13075","13946","13758","13921","13182","9987","7846","6072","6552","8989",
"근로자퇴직급여보장법","현행범","범죄의 검거 단서[건]","건","","","","","","","","","9","7","8","5","40","1","4","2","1","9","12",
"근로자퇴직급여보장법","피해자신고","범죄의 검거 단서[건]","건","","","","","","","","","1706","1596","1510","1670","1670","1305","1108","1031","596","686","1419",
"근로자퇴직급여보장법","고소","범죄의 검거 단서[건]","건","","","","","","","","","832","830","955","819","868","788","789","898","728","820","913",
"근로자퇴직급여보장법","고발","범죄의 검거 단서[건]","건","","","","","","","","","37","19","26","20","26","17","15","35","23","15","17",
"근로자퇴직급여보장법","자수","범죄의 검거 단서[건]","건","","","","","","","","","504","445","487","476","327","208","100","77","53","51","64",
"근로자퇴직급여보장법","민간체포","범죄의 검거 단서[건]","건","","","","","","","","","-","1","1","1","1","1","-","-","0","-","-",
"근로자퇴직급여보장법","진정투서","범죄의 검거 단서[건]","건","","","","","","","","","997","874","987","1038","899","685","633","421","281","237","360",
"근로자퇴직급여보장법","타인신고","범죄의 검거 단서[건]","건","","","","","","","","","-","1","3","2","7","5","-","-","1","2","12",
"근로자퇴직급여보장법","신문","범죄의 검거 단서[건]","건","","","","","","","","","63","85","79","106","85","38","47","32","36","22","35",
"근로자퇴직급여보장법","불심검문","범죄의 검거 단서[건]","건","","","","","","","","","9","5","8","14","4","1","3","-","0","-","1",
"근로자퇴직급여보장법","탐문정보","범죄의 검거 단서[건]","건","","","","","","","","","2","6","1","15","7","1","1","1","1","-","2",
"근로자퇴직급여보장법","안면식별","범죄의 검거 단서[건]","건","","","","","","","","","-","-","-","","-","-","-","-","0","-","-",
"근로자퇴직급여보장법","감식자료","범죄의 검거 단서[건]","건","","","","","","","","","-","-","-","","1","-","1","-","0","-","1",
"근로자퇴직급여보장법","변사체","범죄의 검거 단서[건]","건","","","","","","","","","-","-","-","","-","-","-","-","0","1","-",
"근로자퇴직급여보장법","범죄수법","범죄의 검거 단서[건]","건","","","","","","","","","1","1","4","1","-","-","-","-","3","1","1",
"근로자퇴직급여보장법","발자국","범죄의 검거 단서[건]","건","","","","","","","","","-","-","1","","-","-","-","-","0","-","-",
"근로자퇴직급여보장법","검사지휘","범죄의 검거 단서[건]","건","","","","","","","","","-","5","2","6","4","2","5","5","1","1","1",
"근로자퇴직급여보장법","타기관에서 이송","범죄의 검거 단서[건]","건","","","","","","","","","3","2","3","1","-","1","-","1","0","-","-",
"근로자퇴직급여보장법","범행도구등 발견","범죄의 검거 단서[건]","건","","","","","","","","","-","-","-","","-","-","-","-","0","-","-",
"근로자퇴직급여보장법","장물","범죄의 검거 단서[건]","건","","","","","","","","","-","-","-","","-","-","-","-","0","-","-",
"근로자퇴직급여보장법","전과조회","범죄의 검거 단서[건]","건","","","","","","","","","-","3","-","","-","1","-","-","0","-","-",
"근로자퇴직급여보장법","기타","범죄의 검거 단서[건]","건","","","","","","","","","249","9195","9871","9584","9982","10128","7281","5343","4348","4707","6151",
"근로자퇴직급여보장법","미상","범죄의 검거 단서[건]","건","","","","","","","","","8318","","","","","","","","","","",
"낚시관리및육성법","계","범죄의 검거 단서[건]","건","","","","","","","","","298","512","1736","991","559","1156","1011","501","864","569","808",
"낚시관리및육성법","현행범","범죄의 검거 단서[건]","건","","","","","","","","","3","1","6","","-","4","2","5","0","3","7",
"낚시관리및육성법","피해자신고","범죄의 검거 단서[건]","건","","","","","","","","","-","-","-","","1","-","1","1","0","-","-",
"낚시관리및육성법","고소","범죄의 검거 단서[건]","건","","","","","","","","","-","1","-","","-","-","-","-","0","-","-",
"낚시관리및육성법","고발","범죄의 검거 단서[건]","건","","","","","","","","","21","13","28","11","17","73","28","25","14","12","7",
"낚시관리및육성법","자수","범죄의 검거 단서[건]","건","","","","","","","","","1","-","-","","-","-","-","58","0","-","-",
"낚시관리및육성법","민간체포","범죄의 검거 단서[건]","건","","","","","","","","","-","-","-","","-","-","-","-","0","-","-",
"낚시관리및육성법","진정투서","범죄의 검거 단서[건]","건","","","","","","","","","-","1","2","3","2","4","1","1","1","2","1",
"낚시관리및육성법","타인신고","범죄의 검거 단서[건]","건","","","","","","","","","48","28","31","38","32","194","49","29","67","226","98",
"낚시관리및육성법","신문","범죄의 검거 단서[건]","건","","","","","","","","","-","-","-","","-","4","13","-","0","-","-",
"낚시관리및육성법","불심검문","범죄의 검거 단서[건]","건","","","","","","","","","201","370","1259","205","144","139","884","334","63","51","61",
"낚시관리및육성법","탐문정보","범죄의 검거 단서[건]","건","","","","","","","","","2","37","18","537","281","102","14","27","590","23","497",
"낚시관리및육성법","안면식별","범죄의 검거 단서[건]","건","","","","","","","","","-","-","-","","-","-","-","-","0","-","-",
"낚시관리및육성법","감식자료","범죄의 검거 단서[건]","건","","","","","","","","","-","-","-","","-","-","-","-","0","-","-",
"낚시관리및육성법","변사체","범죄의 검거 단서[건]","건","","","","","","","","","-","-","-","","-","-","-","-","0","-","-",
"낚시관리및육성법","범죄수법","범죄의 검거 단서[건]","건","","","","","","","","","-","-","-","","-","-","-","-","0","-","-",
"낚시관리및육성법","발자국","범죄의 검거 단서[건]","건","","","","","","","","","-","-","-","","-","-","-","-","0","-","-",
"낚시관리및육성법","검사지휘","범죄의 검거 단서[건]","건","","","","","","","","","-","-","1","","-","-","-","-","0","-","-",
"낚시관리및육성법","타기관에서 이송","범죄의 검거 단서[건]","건","","","","","","","","","-","1","1","","1","-","-","-","0","-","-",
"낚시관리및육성법","범행도구등 발견","범죄의 검거 단서[건]","건","","","","","","","","","-","-","-","","-","-","-","-","0","-","-",
"낚시관리및육성법","장물","범죄의 검거 단서[건]","건","","","","","","","","","-","-","-","","-","-","-","-","0","-","-",
"낚시관리및육성법","전과조회","범죄의 검거 단서[건]","건","","","","","","","","","-","-","-","","-","-","-","-","0","-","-",
"낚시관리및육성법","기타","범죄의 검거 단서[건]","건","","","","","","","","","21","60","390","197","81","636","19","21","129","252","137",
"낚시관리및육성법","미상","범죄의 검거 단서[건]","건","","","","","","","","","1","","","","","","","","","","",
"낚시어선업법","계","범죄의 검거 단서[건]","건","274","330","961","237","219","570","277","2","","","","","","","","","","","",
"낚시어선업법","현행범","범죄의 검거 단서[건]","건","108","77","19","3","10","4","-","-","","","","","","","","","","","",
"낚시어선업법","피해자신고","범죄의 검거 단서[건]","건","2","1","-","-","2","-","-","-","","","","","","","","","","","",
"낚시어선업법","고소","범죄의 검거 단서[건]","건","-","-","-","1","-","-","-","-","","","","","","","","","","","",
"낚시어선업법","고발","범죄의 검거 단서[건]","건","-","1","4","-","4","-","-","-","","","","","","","","","","","",
"낚시어선업법","자수","범죄의 검거 단서[건]","건","1","3","1","-","1","-","-","-","","","","","","","","","","","",
"낚시어선업법","민간체포","범죄의 검거 단서[건]","건","-","-","-","-","-","-","-","-","","","","","","","","","","","",
"낚시어선업법","진정투서","범죄의 검거 단서[건]","건","-","1","-","-","-","-","1","-","","","","","","","","","","","",
"낚시어선업법","타인신고","범죄의 검거 단서[건]","건","21","111","29","11","13","411","12","-","","","","","","","","","","","",
"낚시어선업법","신문","범죄의 검거 단서[건]","건","7","4","4","-","3","-","-","-","","","","","","","","","","","",
"낚시어선업법","불심검문","범죄의 검거 단서[건]","건","122","110","197","199","160","127","154","1","","","","","","","","","","","",
"낚시어선업법","탐문정보","범죄의 검거 단서[건]","건","6","12","4","3","2","-","4","-","","","","","","","","","","","",
"낚시어선업법","안면식별","범죄의 검거 단서[건]","건","-","-","-","-","-","-","-","-","","","","","","","","","","","",
"낚시어선업법","감식자료","범죄의 검거 단서[건]","건","-","-","-","1","-","-","-","-","","","","","","","","","","","",
"낚시어선업법","변사체","범죄의 검거 단서[건]","건","-","1","-","-","-","-","-","-","","","","","","","","","","","",
"낚시어선업법","범죄수법","범죄의 검거 단서[건]","건","1","-","-","-","-","-","-","-","","","","","","","","","","","",
"낚시어선업법","발자국","범죄의 검거 단서[건]","건","-","-","-","-","-","-","-","-","","","","","","","","","","","",
"낚시어선업법","검사지휘","범죄의 검거 단서[건]","건","-","-","-","-","-","-","-","-","","","","","","","","","","","",
"낚시어선업법","타기관에서 이송","범죄의 검거 단서[건]","건","-","-","-","-","-","-","-","-","","","","","","","","","","","",
"낚시어선업법","범행도구등 발견","범죄의 검거 단서[건]","건","-","-","-","-","-","-","-","-","","","","","","","","","","","",
"낚시어선업법","장물","범죄의 검거 단서[건]","건","-","-","-","-","-","-","-","-","","","","","","","","","","","",
"낚시어선업법","전과조회","범죄의 검거 단서[건]","건","-","-","2","-","-","-","-","-","","","","","","","","","","","",
"낚시어선업법","기타","범죄의 검거 단서[건]","건","6","9","701","19","24","28","106","1","","","","","","","","","","","",
"내수면어업법","계","범죄의 검거 단서[건]","건","188","195","238","241","115","178","130","102","","","","","","","","","","","",
"내수면어업법","현행범","범죄의 검거 단서[건]","건","48","42","46","55","21","16","19","15","","","","","","","","","","","",
"내수면어업법","피해자신고","범죄의 검거 단서[건]","건","4","8","9","7","2","1","1","2","","","","","","","","","","","",
"내수면어업법","고소","범죄의 검거 단서[건]","건","-","1","-","-","-","1","1","-","","","","","","","","","","","",
"내수면어업법","고발","범죄의 검거 단서[건]","건","25","21","22","25","17","33","16","13","","","","","","","","","","","",
"내수면어업법","자수","범죄의 검거 단서[건]","건","-","1","-","-","-","-","2","-","","","","","","","","","","","",
"내수면어업법","민간체포","범죄의 검거 단서[건]","건","1","1","3","2","-","2","-","-","","","","","","","","","","","",
"내수면어업법","진정투서","범죄의 검거 단서[건]","건","1","1","2","-","1","-","-","-","","","","","","","","","","","",
"내수면어업법","타인신고","범죄의 검거 단서[건]","건","68","79","115","99","44","77","72","56","","","","","","","","","","","",
"내수면어업법","신문","범죄의 검거 단서[건]","건","16","1","1","-","-","-","-","-","","","","","","","","","","","",
"내수면어업법","불심검문","범죄의 검거 단서[건]","건","10","7","12","10","2","4","-","4","","","","","","","","","","","",
"내수면어업법","탐문정보","범죄의 검거 단서[건]","건","6","8","8","19","7","2","3","2","","","","","","","","","","","",
"내수면어업법","안면식별","범죄의 검거 단서[건]","건","-","-","-","-","-","-","-","-","","","","","","","","","","","",
"내수면어업법","감식자료","범죄의 검거 단서[건]","건","-","-","-","-","-","-","-","-","","","","","","","","","","","",
"내수면어업법","변사체","범죄의 검거 단서[건]","건","-","-","-","-","-","-","-","-","","","","","","","","","","","",
"내수면어업법","범죄수법","범죄의 검거 단서[건]","건","-","-","-","-","-","-","-","-","","","","","","","","","","","",
"내수면어업법","발자국","범죄의 검거 단서[건]","건","-","-","-","-","-","-","-","-","","","","","","","","","","","",
"내수면어업법","검사지휘","범죄의 검거 단서[건]","건","-","-","-","-","-","-","-","-","","","","","","","","","","","",
"내수면어업법","타기관에서 이송","범죄의 검거 단서[건]","건","-","-","-","-","-","-","-","-","","","","","","","","","","","",
"내수면어업법","범행도구등 발견","범죄의 검거 단서[건]","건","-","-","1","-","-","-","-","-","","","","","","","","","","","",
"내수면어업법","장물","범죄의 검거 단서[건]","건","-","-","-","-","-","-","-","-","","","","","","","","","","","",
"내수면어업법","전과조회","범죄의 검거 단서[건]","건","-","-","1","-","-","-","-","-","","","","","","","","","","","",
"내수면어업법","기타","범죄의 검거 단서[건]","건","9","25","18","24","21","42","16","10","","","","","","","","","","","",
"노동조합및노동관계조정법","계","범죄의 검거 단서[건]","건","380","344","284","280","306","491","566","364","503","479","414","505","667","630","597","515","473","340","313",
"노동조합및노동관계조정법","현행범","범죄의 검거 단서[건]","건","2","1","2","-","4","1","2","-","1","-","-","","3","-","1","-","0","2","1",
"노동조합및노동관계조정법","피해자신고","범죄의 검거 단서[건]","건","12","6","7","9","14","4","7","4","6","12","7","7","4","7","10","5","0","5","3",
"노동조합및노동관계조정법","고소","범죄의 검거 단서[건]","건","100","107","101","85","107","137","164","84","107","71","75","88","124","93","89","89","98","62","53",
"노동조합및노동관계조정법","고발","범죄의 검거 단서[건]","건","31","33","33","28","22","35","26","19","25","13","22","28","20","26","29","34","29","11","11",
"노동조합및노동관계조정법","자수","범죄의 검거 단서[건]","건","15","21","18","15","16","17","19","15","22","12","8","5","9","10","4","2","3","-","1",
"노동조합및노동관계조정법","민간체포","범죄의 검거 단서[건]","건","-","-","-","-","-","-","-","-","-","-","-","","-","-","-","-","0","-","-",
"노동조합및노동관계조정법","진정투서","범죄의 검거 단서[건]","건","26","15","9","6","3","3","4","1","5","9","3","4","6","3","4","4","3","3","4",
"노동조합및노동관계조정법","타인신고","범죄의 검거 단서[건]","건","2","-","3","3","-","4","-","-","-","1","-","1","-","-","-","-","0","1","-",
"노동조합및노동관계조정법","신문","범죄의 검거 단서[건]","건","4","-","2","4","-","2","5","1","-","1","2","2","2","-","1","1","1","-","-",
"노동조합및노동관계조정법","불심검문","범죄의 검거 단서[건]","건","-","-","-","-","-","-","-","-","-","-","-","","-","-","-","-","0","-","-",
"노동조합및노동관계조정법","탐문정보","범죄의 검거 단서[건]","건","-","-","1","-","-","-","-","-","-","1","-","2","1","-","-","-","0","1","-",
"노동조합및노동관계조정법","안면식별","범죄의 검거 단서[건]","건","-","-","-","-","-","-","-","-","-","-","-","","-","-","-","-","0","-","-",
"노동조합및노동관계조정법","감식자료","범죄의 검거 단서[건]","건","-","-","-","-","-","-","-","-","-","-","-","","-","-","-","-","0","-","-",
"노동조합및노동관계조정법","변사체","범죄의 검거 단서[건]","건","-","-","-","-","1","-","-","-","-","-","1","","-","-","-","-","0","-","-",
"노동조합및노동관계조정법","범죄수법","범죄의 검거 단서[건]","건","-","-","-","-","-","-","-","-","-","-","-","","-","-","-","-","0","-","-",
"노동조합및노동관계조정법","발자국","범죄의 검거 단서[건]","건","-","-","-","-","-","-","-","-","-","-","-","","-","-","-","-","0","-","-",
"노동조합및노동관계조정법","검사지휘","범죄의 검거 단서[건]","건","1","-","-","-","-","-","1","-","-","-","-","1","1","-","1","-","0","1","-",
"노동조합및노동관계조정법","타기관에서 이송","범죄의 검거 단서[건]","건","1","-","-","-","1","-","-","-","-","-","-","","-","-","-","-","0","-","-",
"노동조합및노동관계조정법","범행도구등 발견","범죄의 검거 단서[건]","건","-","-","-","-","-","-","-","-","-","-","-","","-","-","-","-","0","-","-",
"노동조합및노동관계조정법","장물","범죄의 검거 단서[건]","건","-","-","-","-","-","-","-","-","-","-","-","","-","-","-","-","0","-","-",
"노동조합및노동관계조정법","전과조회","범죄의 검거 단서[건]","건","-","-","-","-","-","-","-","-","-","-","-","","-","-","-","-","0","-","-",
"노동조합및노동관계조정법","기타","범죄의 검거 단서[건]","건","186","161","108","130","138","288","338","240","7","359","296","367","497","491","458","380","339","254","240",
"노동조합및노동관계조정법","미상","범죄의 검거 단서[건]","건","","","","","","","","","330","","","","","","","","","","",
"농산물품질관리법","계","범죄의 검거 단서[건]","건","1660","1449","1790","2580","2224","87","16","28","","","","","","","","","","","",
"농산물품질관리법","현행범","범죄의 검거 단서[건]","건","810","730","777","1155","1227","22","-","5","","","","","","","","","","","",
"농산물품질관리법","피해자신고","범죄의 검거 단서[건]","건","10","9","26","18","12","-","-","-","","","","","","","","","","","",
"농산물품질관리법","고소","범죄의 검거 단서[건]","건","1","3","-","-","-","-","-","-","","","","","","","","","","","",
"농산물품질관리법","고발","범죄의 검거 단서[건]","건","25","14","55","68","53","5","10","5","","","","","","","","","","","",
"농산물품질관리법","자수","범죄의 검거 단서[건]","건","1","2","-","2","4","-","-","-","","","","","","","","","","","",
"농산물품질관리법","민간체포","범죄의 검거 단서[건]","건","-","-","-","-","-","-","-","-","","","","","","","","","","","",
"농산물품질관리법","진정투서","범죄의 검거 단서[건]","건","-","2","1","2","-","-","-","-","","","","","","","","","","","",
"농산물품질관리법","타인신고","범죄의 검거 단서[건]","건","33","58","96","71","33","-","1","-","","","","","","","","","","","",
"농산물품질관리법","신문","범죄의 검거 단서[건]","건","1","-","1","4","-","-","-","-","","","","","","","","","","","",
"농산물품질관리법","불심검문","범죄의 검거 단서[건]","건","1","2","15","7","1","-","-","1","","","","","","","","","","","",
"농산물품질관리법","탐문정보","범죄의 검거 단서[건]","건","41","37","141","141","36","5","-","13","","","","","","","","","","","",
"농산물품질관리법","안면식별","범죄의 검거 단서[건]","건","-","-","-","-","-","-","-","-","","","","","","","","","","","",
"농산물품질관리법","감식자료","범죄의 검거 단서[건]","건","-","-","-","1","1","-","-","-","","","","","","","","","","","",
"농산물품질관리법","변사체","범죄의 검거 단서[건]","건","-","-","-","-","-","-","-","-","","","","","","","","","","","",
"농산물품질관리법","범죄수법","범죄의 검거 단서[건]","건","-","-","-","-","-","-","-","-","","","","","","","","","","","",
"농산물품질관리법","발자국","범죄의 검거 단서[건]","건","-","-","-","-","-","-","-","-","","","","","","","","","","","",
"농산물품질관리법","검사지휘","범죄의 검거 단서[건]","건","-","2","3","1","2","-","-","-","","","","","","","","","","","",
"농산물품질관리법","타기관에서 이송","범죄의 검거 단서[건]","건","1","-","1","1","1","-","-","-","","","","","","","","","","","",
"농산물품질관리법","범행도구등 발견","범죄의 검거 단서[건]","건","-","-","-","-","-","-","-","-","","","","","","","","","","","",
"농산물품질관리법","장물","범죄의 검거 단서[건]","건","-","1","-","2","-","-","-","-","","","","","","","","","","","",
"농산물품질관리법","전과조회","범죄의 검거 단서[건]","건","-","-","-","-","-","-","-","-","","","","","","","","","","","",
"농산물품질관리법","기타","범죄의 검거 단서[건]","건","736","589","674","1107","854","55","5","4","","","","","","","","","","","",
"농수산물유통및가격안정에관한법률","계","범죄의 검거 단서[건]","건","55","72","57","85","59","71","49","80","232","33","37","32","31","40","30","30","11","102","72",
"농수산물유통및가격안정에관한법률","현행범","범죄의 검거 단서[건]","건","-","-","1","-","-","-","-","-","-","1","-","","-","-","-","-","0","2","-",
"농수산물유통및가격안정에관한법률","피해자신고","범죄의 검거 단서[건]","건","-","-","-","-","-","-","-","-","-","-","-","","-","1","-","-","0","-","-",
"농수산물유통및가격안정에관한법률","고소","범죄의 검거 단서[건]","건","2","-","1","-","-","2","3","-","4","-","1","1","1","1","1","-","0","1","-",
"농수산물유통및가격안정에관한법률","고발","범죄의 검거 단서[건]","건","51","40","54","80","52","65","40","73","221","26","33","29","22","32","21","22","10","85","69",
"농수산물유통및가격안정에관한법률","자수","범죄의 검거 단서[건]","건","-","-","-","-","-","-","-","-","-","-","-","","-","-","-","-","0","-","-",
"농수산물유통및가격안정에관한법률","민간체포","범죄의 검거 단서[건]","건","-","-","-","-","-","-","-","-","-","-","-","","-","-","-","-","0","-","-",
"농수산물유통및가격안정에관한법률","진정투서","범죄의 검거 단서[건]","건","-","-","-","1","-","-","-","-","-","-","-","","-","1","1","1","0","8","2",
"농수산물유통및가격안정에관한법률","타인신고","범죄의 검거 단서[건]","건","-","-","-","-","-","-","-","-","-","-","-","","-","-","-","-","1","1","-",
"농수산물유통및가격안정에관한법률","신문","범죄의 검거 단서[건]","건","-","-","-","-","-","-","-","-","-","-","-","","-","-","-","-","0","-","-",
"농수산물유통및가격안정에관한법률","불심검문","범죄의 검거 단서[건]","건","-","-","-","-","-","-","-","-","-","-","-","","-","-","-","-","0","-","-",
"농수산물유통및가격안정에관한법률","탐문정보","범죄의 검거 단서[건]","건","-","-","1","2","2","2","-","2","1","-","1","","4","5","-","-","0","-","-",
"농수산물유통및가격안정에관한법률","안면식별","범죄의 검거 단서[건]","건","-","-","-","-","-","-","-","-","-","-","-","","-","-","-","-","0","-","-",
"농수산물유통및가격안정에관한법률","감식자료","범죄의 검거 단서[건]","건","-","-","-","-","-","-","-","-","-","-","-","","-","-","-","-","0","-","-",
"농수산물유통및가격안정에관한법률","변사체","범죄의 검거 단서[건]","건","-","-","-","-","-","-","-","-","-","-","-","","-","-","-","-","0","-","-",
"농수산물유통및가격안정에관한법률","범죄수법","범죄의 검거 단서[건]","건","-","-","-","-","-","-","-","-","-","-","-","","-","-","-","-","0","-","-",
"농수산물유통및가격안정에관한법률","발자국","범죄의 검거 단서[건]","건","-","-","-","-","-","-","-","-","-","-","-","","-","-","-","-","0","-","-",
"농수산물유통및가격안정에관한법률","검사지휘","범죄의 검거 단서[건]","건","-","-","-","-","-","-","-","-","-","-","-","","1","-","-","1","0","-","-",
"농수산물유통및가격안정에관한법률","타기관에서 이송","범죄의 검거 단서[건]","건","-","-","-","-","-","-","-","-","-","-","-","","-","-","-","-","0","2","-",
"농수산물유통및가격안정에관한법률","범행도구등 발견","범죄의 검거 단서[건]","건","-","-","-","-","-","-","-","-","-","-","-","","-","-","-","-","0","-","-",
"농수산물유통및가격안정에관한법률","장물","범죄의 검거 단서[건]","건","-","-","-","-","-","-","-","-","-","-","-","","-","-","-","-","0","-","-",
"농수산물유통및가격안정에관한법률","전과조회","범죄의 검거 단서[건]","건","-","-","-","-","-","-","-","-","-","-","-","","-","-","-","-","0","-","-",
"농수산물유통및가격안정에관한법률","기타","범죄의 검거 단서[건]","건","2","32","-","2","5","2","6","5","-","6","2","2","3","-","7","6","0","3","1",
"농수산물유통및가격안정에관한법률","미상","범죄의 검거 단서[건]","건","","","","","","","","","6","","","","","","","","","","",
"농수산물의원산지표시에관한법률","계","범죄의 검거 단서[건]","건","","","","","","","","","3477","3354","4122","3326","3981","2867","2069","2301","","","",
"농수산물의원산지표시에관한법률","현행범","범죄의 검거 단서[건]","건","","","","","","","","","1122","1063","1397","1196","1118","921","552","605","","","",
"농수산물의원산지표시에관한법률","피해자신고","범죄의 검거 단서[건]","건","","","","","","","","","13","15","7","11","9","13","4","8","","","",
"농수산물의원산지표시에관한법률","고소","범죄의 검거 단서[건]","건","","","","","","","","","3","-","4","3","1","1","1","-","","","",
"농수산물의원산지표시에관한법률","고발","범죄의 검거 단서[건]","건","","","","","","","","","50","62","63","63","56","55","35","39","","","",
"농수산물의원산지표시에관한법률","자수","범죄의 검거 단서[건]","건","","","","","","","","","-","-","-","1","1","1","1","1","","","",
"농수산물의원산지표시에관한법률","민간체포","범죄의 검거 단서[건]","건","","","","","","","","","-","-","-","","-","-","-","-","","","",
"농수산물의원산지표시에관한법률","진정투서","범죄의 검거 단서[건]","건","","","","","","","","","3","3","9","4","7","2","1","-","","","",
"농수산물의원산지표시에관한법률","타인신고","범죄의 검거 단서[건]","건","","","","","","","","","38","40","46","58","69","55","47","94","","","",
"농수산물의원산지표시에관한법률","신문","범죄의 검거 단서[건]","건","","","","","","","","","46","22","15","9","3","15","26","4","","","",
"농수산물의원산지표시에관한법률","불심검문","범죄의 검거 단서[건]","건","","","","","","","","","20","10","18","12","1","6","4","4","","","",
"농수산물의원산지표시에관한법률","탐문정보","범죄의 검거 단서[건]","건","","","","","","","","","286","268","304","210","1090","47","54","127","","","",
"농수산물의원산지표시에관한법률","안면식별","범죄의 검거 단서[건]","건","","","","","","","","","1","-","2","","-","-","1","-","","","",
"농수산물의원산지표시에관한법률","감식자료","범죄의 검거 단서[건]","건","","","","","","","","","-","1","-","","-","-","-","-","","","",
"농수산물의원산지표시에관한법률","변사체","범죄의 검거 단서[건]","건","","","","","","","","","-","-","-","","-","-","-","-","","","",
"농수산물의원산지표시에관한법률","범죄수법","범죄의 검거 단서[건]","건","","","","","","","","","1","-","-","","-","-","-","-","","","",
"농수산물의원산지표시에관한법률","발자국","범죄의 검거 단서[건]","건","","","","","","","","","-","-","-","","-","-","-","-","","","",
"농수산물의원산지표시에관한법률","검사지휘","범죄의 검거 단서[건]","건","","","","","","","","","1","1","12","1","-","-","-","-","","","",
"농수산물의원산지표시에관한법률","타기관에서 이송","범죄의 검거 단서[건]","건","","","","","","","","","-","-","1","2","-","2","-","1","","","",
"농수산물의원산지표시에관한법률","범행도구등 발견","범죄의 검거 단서[건]","건","","","","","","","","","-","-","-","","-","-","-","-","","","",
"농수산물의원산지표시에관한법률","장물","범죄의 검거 단서[건]","건","","","","","","","","","-","-","-","","-","-","-","-","","","",
"농수산물의원산지표시에관한법률","전과조회","범죄의 검거 단서[건]","건","","","","","","","","","-","-","-","","-","-","-","-","","","",
"농수산물의원산지표시에관한법률","기타","범죄의 검거 단서[건]","건","","","","","","","","","232","1869","2244","1756","1626","1749","1343","1418","","","",
"농수산물의원산지표시에관한법률","미상","범죄의 검거 단서[건]","건","","","","","","","","","1661","","","","","","","","","","",
"농수산물의원산지표시등에관한법률","계","범죄의 검거 단서[건]","건","","","","","","","","","","","","","","","","","2048","2207","2871",
"농수산물의원산지표시등에관한법률","현행범","범죄의 검거 단서[건]","건","","","","","","","","","","","","","","","","","576","570","598",
"농수산물의원산지표시등에관한법률","피해자신고","범죄의 검거 단서[건]","건","","","","","","","","","","","","","","","","","12","4","11",
"농수산물의원산지표시등에관한법률","고소","범죄의 검거 단서[건]","건","","","","","","","","","","","","","","","","","0","-","3",
"농수산물의원산지표시등에관한법률","고발","범죄의 검거 단서[건]","건","","","","","","","","","","","","","","","","","18","28","26",
"농수산물의원산지표시등에관한법률","자수","범죄의 검거 단서[건]","건","","","","","","","","","","","","","","","","","0","1","1",
"농수산물의원산지표시등에관한법률","민간체포","범죄의 검거 단서[건]","건","","","","","","","","","","","","","","","","","0","-","-",
"농수산물의원산지표시등에관한법률","진정투서","범죄의 검거 단서[건]","건","","","","","","","","","","","","","","","","","0","6","1",
"농수산물의원산지표시등에관한법률","타인신고","범죄의 검거 단서[건]","건","","","","","","","","","","","","","","","","","113","79","105",
"농수산물의원산지표시등에관한법률","신문","범죄의 검거 단서[건]","건","","","","","","","","","","","","","","","","","8","9","4",
"농수산물의원산지표시등에관한법률","불심검문","범죄의 검거 단서[건]","건","","","","","","","","","","","","","","","","","9","15","26",
"농수산물의원산지표시등에관한법률","탐문정보","범죄의 검거 단서[건]","건","","","","","","","","","","","","","","","","","23","47","25",
"농수산물의원산지표시등에관한법률","안면식별","범죄의 검거 단서[건]","건","","","","","","","","","","","","","","","","","0","-","1",
"농수산물의원산지표시등에관한법률","감식자료","범죄의 검거 단서[건]","건","","","","","","","","","","","","","","","","","0","-","-",
"농수산물의원산지표시등에관한법률","변사체","범죄의 검거 단서[건]","건","","","","","","","","","","","","","","","","","0","-","-",
"농수산물의원산지표시등에관한법률","범죄수법","범죄의 검거 단서[건]","건","","","","","","","","","","","","","","","","","0","-","-",
"농수산물의원산지표시등에관한법률","발자국","범죄의 검거 단서[건]","건","","","","","","","","","","","","","","","","","0","-","-",
"농수산물의원산지표시등에관한법률","검사지휘","범죄의 검거 단서[건]","건","","","","","","","","","","","","","","","","","0","-","-",
"농수산물의원산지표시등에관한법률","타기관에서 이송","범죄의 검거 단서[건]","건","","","","","","","","","","","","","","","","","3","5","7",
"농수산물의원산지표시등에관한법률","범행도구등 발견","범죄의 검거 단서[건]","건","","","","","","","","","","","","","","","","","0","-","-",
"농수산물의원산지표시등에관한법률","장물","범죄의 검거 단서[건]","건","","","","","","","","","","","","","","","","","0","-","-",
"농수산물의원산지표시등에관한법률","전과조회","범죄의 검거 단서[건]","건","","","","","","","","","","","","","","","","","0","-","-",
"농수산물의원산지표시등에관한법률","기타","범죄의 검거 단서[건]","건","","","","","","","","","","","","","","","","","1286","1443","2063",
"농업협동조합법","계","범죄의 검거 단서[건]","건","161","60","67","232","230","47","70","55","","","","","","","","","","","",
"농업협동조합법","현행범","범죄의 검거 단서[건]","건","2","-","1","-","2","-","-","-","","","","","","","","","","","",
"농업협동조합법","피해자신고","범죄의 검거 단서[건]","건","1","-","-","1","2","-","1","-","","","","","","","","","","","",
"농업협동조합법","고소","범죄의 검거 단서[건]","건","8","5","10","7","9","3","9","11","","","","","","","","","","","",
"농업협동조합법","고발","범죄의 검거 단서[건]","건","63","20","22","65","45","12","21","14","","","","","","","","","","","",
"농업협동조합법","자수","범죄의 검거 단서[건]","건","-","-","-","2","-","-","-","1","","","","","","","","","","","",
"농업협동조합법","민간체포","범죄의 검거 단서[건]","건","-","-","-","-","-","-","1","-","","","","","","","","","","","",
"농업협동조합법","진정투서","범죄의 검거 단서[건]","건","6","3","-","18","8","3","3","2","","","","","","","","","","","",
"농업협동조합법","타인신고","범죄의 검거 단서[건]","건","7","2","-","7","12","-","-","-","","","","","","","","","","","",
"농업협동조합법","신문","범죄의 검거 단서[건]","건","-","-","2","1","1","-","-","1","","","","","","","","","","","",
"농업협동조합법","불심검문","범죄의 검거 단서[건]","건","-","-","1","1","1","-","-","-","","","","","","","","","","","",
"농업협동조합법","탐문정보","범죄의 검거 단서[건]","건","44","22","24","93","104","14","12","16","","","","","","","","","","","",
"농업협동조합법","안면식별","범죄의 검거 단서[건]","건","-","-","-","-","-","-","-","-","","","","","","","","","","","",
"농업협동조합법","감식자료","범죄의 검거 단서[건]","건","-","-","-","-","-","-","-","-","","","","","","","","","","","",
"농업협동조합법","변사체","범죄의 검거 단서[건]","건","-","-","-","-","-","-","-","-","","","","","","","","","","","",
"농업협동조합법","범죄수법","범죄의 검거 단서[건]","건","-","-","-","-","-","-","-","-","","","","","","","","","","","",
"농업협동조합법","발자국","범죄의 검거 단서[건]","건","-","-","-","-","-","-","-","-","","","","","","","","","","","",
"농업협동조합법","검사지휘","범죄의 검거 단서[건]","건","3","-","2","2","6","-","-","-","","","","","","","","","","","",
"농업협동조합법","타기관에서 이송","범죄의 검거 단서[건]","건","-","-","-","-","1","-","1","-","","","","","","","","","","","",
"농업협동조합법","범행도구등 발견","범죄의 검거 단서[건]","건","-","-","-","-","-","-","-","-","","","","","","","","","","","",
"농업협동조합법","장물","범죄의 검거 단서[건]","건","-","-","-","-","-","-","-","-","","","","","","","","","","","",
"농업협동조합법","전과조회","범죄의 검거 단서[건]","건","-","-","-","-","-","-","-","-","","","","","","","","","","","",
"농업협동조합법","기타","범죄의 검거 단서[건]","건","27","8","5","35","39","15","22","10","","","","","","","","","","","",
"농지법","계","범죄의 검거 단서[건]","건","1541","1172","1008","728","661","669","830","661","771","911","920","809","711","709","831","1274","992","621","434",
"농지법","현행범","범죄의 검거 단서[건]","건","-","2","-","-","-","-","-","-","1","1","2","","1","-","-","-","0","-","-",
"농지법","피해자신고","범죄의 검거 단서[건]","건","9","1","-","1","-","-","-","2","2","4","1","2","1","-","-","2","2","1","1",
"농지법","고소","범죄의 검거 단서[건]","건","33","19","18","24","8","21","18","8","7","18","14","15","17","11","22","20","20","21","20",
"농지법","고발","범죄의 검거 단서[건]","건","923","772","807","588","540","545","701","616","709","798","798","714","653","612","740","690","673","511","368",
"농지법","자수","범죄의 검거 단서[건]","건","9","7","3","1","-","1","-","2","-","-","-","","-","-","-","-","1","1","-",
"농지법","민간체포","범죄의 검거 단서[건]","건","-","-","-","-","-","-","-","-","-","-","-","","-","-","-","-","0","-","-",
"농지법","진정투서","범죄의 검거 단서[건]","건","6","12","5","2","6","4","2","1","5","13","5","3","6","6","4","52","21","11","9",
"농지법","타인신고","범죄의 검거 단서[건]","건","2","4","3","5","2","-","-","-","2","7","3","1","4","1","6","13","6","2","1",
"농지법","신문","범죄의 검거 단서[건]","건","2","1","2","1","1","-","-","-","-","-","-","1","-","1","-","1","1","-","-",
"농지법","불심검문","범죄의 검거 단서[건]","건","5","5","3","3","-","-","-","-","-","-","-","1","-","-","-","2","0","-","-",
"농지법","탐문정보","범죄의 검거 단서[건]","건","222","136","74","48","21","18","24","8","11","9","10","20","6","26","25","281","180","39","11",
"농지법","안면식별","범죄의 검거 단서[건]","건","-","-","-","-","-","-","-","-","-","-","-","","-","-","-","-","0","-","-",
"농지법","감식자료","범죄의 검거 단서[건]","건","-","-","-","-","-","-","-","-","-","1","-","","-","-","-","-","0","-","-",
"농지법","변사체","범죄의 검거 단서[건]","건","-","-","-","-","-","-","-","-","-","1","-","","-","-","-","-","0","-","-",
"농지법","범죄수법","범죄의 검거 단서[건]","건","-","-","-","-","-","-","-","-","-","-","-","","-","-","-","-","0","-","-",
"농지법","발자국","범죄의 검거 단서[건]","건","-","-","-","-","-","-","-","-","-","-","-","","-","-","-","-","0","-","-",
"농지법","검사지휘","범죄의 검거 단서[건]","건","3","1","6","3","4","3","18","2","1","1","1","","2","1","2","3","2","1","-",
"농지법","타기관에서 이송","범죄의 검거 단서[건]","건","-","-","-","1","-","-","1","-","-","1","1","","-","-","1","10","5","1","1",
"농지법","범행도구등 발견","범죄의 검거 단서[건]","건","-","-","-","-","-","-","-","-","-","-","-","","-","-","-","-","0","-","-",
"농지법","장물","범죄의 검거 단서[건]","건","-","-","-","-","-","-","-","-","-","-","-","","-","-","-","-","0","-","-",
"농지법","전과조회","범죄의 검거 단서[건]","건","-","1","-","-","-","-","-","-","-","-","-","","-","-","-","-","0","-","-",
"농지법","기타","범죄의 검거 단서[건]","건","327","211","87","51","79","77","66","22","11","57","85","52","21","51","31","200","81","33","23",
"농지법","미상","범죄의 검거 단서[건]","건","","","","","","","","","22","","","","","","","","","","",
"담배사업법","계","범죄의 검거 단서[건]","건","963","678","383","438","215","143","154","99","","","","","","","","","","","",
"담배사업법","현행범","범죄의 검거 단서[건]","건","302","177","69","52","14","12","8","1","","","","","","","","","","","",
"담배사업법","피해자신고","범죄의 검거 단서[건]","건","16","13","16","11","4","5","-","1","","","","","","","","","","","",
"담배사업법","고소","범죄의 검거 단서[건]","건","7","1","3","1","1","-","-","1","","","","","","","","","","","",
"담배사업법","고발","범죄의 검거 단서[건]","건","249","144","70","67","81","51","50","37","","","","","","","","","","","",
"담배사업법","자수","범죄의 검거 단서[건]","건","1","-","-","-","-","-","-","1","","","","","","","","","","","",
"담배사업법","민간체포","범죄의 검거 단서[건]","건","3","-","-","-","-","-","-","-","","","","","","","","","","","",
"담배사업법","진정투서","범죄의 검거 단서[건]","건","6","9","4","7","4","1","-","6","","","","","","","","","","","",
"담배사업법","타인신고","범죄의 검거 단서[건]","건","160","118","119","100","56","33","41","31","","","","","","","","","","","",
"담배사업법","신문","범죄의 검거 단서[건]","건","1","-","-","1","-","-","-","-","","","","","","","","","","","",
"담배사업법","불심검문","범죄의 검거 단서[건]","건","9","9","5","23","2","-","2","-","","","","","","","","","","","",
"담배사업법","탐문정보","범죄의 검거 단서[건]","건","160","146","37","90","30","16","9","4","","","","","","","","","","","",
"담배사업법","안면식별","범죄의 검거 단서[건]","건","-","-","-","1","-","-","-","-","","","","","","","","","","","",
"담배사업법","감식자료","범죄의 검거 단서[건]","건","-","-","-","-","-","-","-","-","","","","","","","","","","","",
"담배사업법","변사체","범죄의 검거 단서[건]","건","-","-","-","-","-","-","-","-","","","","","","","","","","","",
"담배사업법","범죄수법","범죄의 검거 단서[건]","건","-","-","-","-","-","-","-","-","","","","","","","","","","","",
"담배사업법","발자국","범죄의 검거 단서[건]","건","-","-","-","-","-","-","-","-","","","","","","","","","","","",
"담배사업법","검사지휘","범죄의 검거 단서[건]","건","-","-","1","-","-","-","1","-","","","","","","","","","","","",
"담배사업법","타기관에서 이송","범죄의 검거 단서[건]","건","1","-","-","-","-","-","-","-","","","","","","","","","","","",
"담배사업법","범행도구등 발견","범죄의 검거 단서[건]","건","-","-","-","-","1","-","-","-","","","","","","","","","","","",
"담배사업법","장물","범죄의 검거 단서[건]","건","-","-","-","-","-","-","-","-","","","","","","","","","","","",
"담배사업법","전과조회","범죄의 검거 단서[건]","건","-","-","1","-","-","-","-","-","","","","","","","","","","","",
"담배사업법","기타","범죄의 검거 단서[건]","건","48","61","58","85","22","25","43","17","","","","","","","","","","","",
"대기환경보전법","계","범죄의 검거 단서[건]","건","2312","1884","3335","2130","1311","1625","1823","1939","1852","1982","2272","2704","2543","2634","2377","2844","2555","2508","2198",
"대기환경보전법","현행범","범죄의 검거 단서[건]","건","123","88","77","91","125","92","131","60","102","73","67","88","121","80","100","91","101","133","85",
"대기환경보전법","피해자신고","범죄의 검거 단서[건]","건","28","19","3","10","2","4","7","2","2","6","5","1","12","2","3","4","11","6","5",
"대기환경보전법","고소","범죄의 검거 단서[건]","건","6","3","3","2","5","8","5","4","7","6","3","15","10","8","4","4","8","13","10",
"대기환경보전법","고발","범죄의 검거 단서[건]","건","757","601","745","389","386","377","488","674","640","712","1001","1128","1003","1109","1112","1337","1140","1154","1031",
"대기환경보전법","자수","범죄의 검거 단서[건]","건","11","11","9","18","8","13","6","1","-","4","3","","-","7","-","3","2","1","3",
"대기환경보전법","민간체포","범죄의 검거 단서[건]","건","-","-","-","-","-","-","-","-","-","-","-","","-","-","-","-","0","-","-",
"대기환경보전법","진정투서","범죄의 검거 단서[건]","건","18","17","11","11","20","10","6","1","3","1","6","13","18","11","6","6","8","4","11",
"대기환경보전법","타인신고","범죄의 검거 단서[건]","건","120","63","41","47","67","77","48","45","29","32","58","53","49","36","60","49","40","48","33",
"대기환경보전법","신문","범죄의 검거 단서[건]","건","-","-","-","48","2","7","28","36","29","15","9","11","5","1","4","17","12","14","10",
"대기환경보전법","불심검문","범죄의 검거 단서[건]","건","29","32","806","293","25","27","51","30","8","6","6","13","13","6","4","4","3","2","7",
"대기환경보전법","탐문정보","범죄의 검거 단서[건]","건","494","394","1091","251","121","148","143","135","122","106","80","74","30","18","22","154","25","21","54",
"대기환경보전법","안면식별","범죄의 검거 단서[건]","건","-","-","-","-","-","-","-","-","-","-","-","","-","-","-","-","0","-","-",
"대기환경보전법","감식자료","범죄의 검거 단서[건]","건","-","1","-","-","-","-","-","-","-","-","-","","-","-","-","-","0","-","-",
"대기환경보전법","변사체","범죄의 검거 단서[건]","건","-","-","-","-","-","-","-","-","-","-","-","","-","-","-","-","0","-","-",
"대기환경보전법","범죄수법","범죄의 검거 단서[건]","건","-","-","-","-","-","-","-","-","-","-","-","","-","-","-","-","1","-","-",
"대기환경보전법","발자국","범죄의 검거 단서[건]","건","-","-","-","-","-","-","-","-","-","-","-","","-","-","-","-","0","-","-",
"대기환경보전법","검사지휘","범죄의 검거 단서[건]","건","15","2","1","6","5","1","9","4","1","3","2","1","3","2","2","-","0","-","-",
"대기환경보전법","타기관에서 이송","범죄의 검거 단서[건]","건","1","1","1","1","4","-","-","-","-","-","3","3","2","1","-","1","6","2","1",
"대기환경보전법","범행도구등 발견","범죄의 검거 단서[건]","건","-","-","-","-","-","-","-","-","-","-","-","","-","-","-","-","0","-","-",
"대기환경보전법","장물","범죄의 검거 단서[건]","건","-","-","-","-","-","-","-","-","-","-","-","","-","-","-","-","0","-","-",
"대기환경보전법","전과조회","범죄의 검거 단서[건]","건","-","1","-","-","-","-","-","-","-","-","-","","-","-","-","-","0","-","-",
"대기환경보전법","기타","범죄의 검거 단서[건]","건","710","651","547","963","541","861","901","947","67","1018","1029","1304","1277","1353","1060","1174","1198","1110","948",
"대기환경보전법","미상","범죄의 검거 단서[건]","건","","","","","","","","","842","","","","","","","","","","",
"대부업등의등록및금융이용자보호에관한법률","계","범죄의 검거 단서[건]","건","","","","2428","1958","3471","5763","2220","1397","867","917","1199","1306","1423","1126","605","722","775","1063",
"대부업등의등록및금융이용자보호에관한법률","현행범","범죄의 검거 단서[건]","건","","","","12","6","20","28","13","13","10","28","40","26","55","12","10","3","3","12",
"대부업등의등록및금융이용자보호에관한법률","피해자신고","범죄의 검거 단서[건]","건","","","","58","106","182","600","146","95","51","75","80","73","109","85","50","40","87","91",
"대부업등의등록및금융이용자보호에관한법률","고소","범죄의 검거 단서[건]","건","","","","76","208","207","339","300","310","288","283","258","298","276","286","178","158","210","405",
"대부업등의등록및금융이용자보호에관한법률","고발","범죄의 검거 단서[건]","건","","","","12","42","113","78","39","33","39","34","21","27","31","32","28","23","20","40",
"대부업등의등록및금융이용자보호에관한법률","자수","범죄의 검거 단서[건]","건","","","","3","4","5","5","1","2","3","1","5","1","2","3","4","4","1","-",
"대부업등의등록및금융이용자보호에관한법률","민간체포","범죄의 검거 단서[건]","건","","","","-","-","-","1","-","-","1","1","","-","-","-","-","0","-","-",
"대부업등의등록및금융이용자보호에관한법률","진정투서","범죄의 검거 단서[건]","건","","","","29","102","314","226","112","103","85","66","80","80","113","101","57","60","150","150",
"대부업등의등록및금융이용자보호에관한법률","타인신고","범죄의 검거 단서[건]","건","","","","12","23","56","43","23","20","13","19","15","15","17","21","17","18","21","8",
"대부업등의등록및금융이용자보호에관한법률","신문","범죄의 검거 단서[건]","건","","","","1","1","1","5","-","3","1","-","3","1","1","1","-","0","4","9",
"대부업등의등록및금융이용자보호에관한법률","불심검문","범죄의 검거 단서[건]","건","","","","28","31","32","30","24","12","7","6","43","26","94","49","8","2","14","4",
"대부업등의등록및금융이용자보호에관한법률","탐문정보","범죄의 검거 단서[건]","건","","","","2085","1136","1807","3074","909","524","198","236","405","338","378","297","122","267","70","146",
"대부업등의등록및금융이용자보호에관한법률","안면식별","범죄의 검거 단서[건]","건","","","","-","-","-","-","-","-","-","-","","-","-","-","-","0","-","-",
"대부업등의등록및금융이용자보호에관한법률","감식자료","범죄의 검거 단서[건]","건","","","","-","1","-","-","-","-","-","-","1","-","-","-","-","0","-","-",
"대부업등의등록및금융이용자보호에관한법률","변사체","범죄의 검거 단서[건]","건","","","","-","-","-","1","-","1","-","-","","-","-","-","-","0","-","1",
"대부업등의등록및금융이용자보호에관한법률","범죄수법","범죄의 검거 단서[건]","건","","","","-","-","-","3","-","2","-","-","","1","-","1","-","0","1","-",
"대부업등의등록및금융이용자보호에관한법률","발자국","범죄의 검거 단서[건]","건","","","","-","-","-","-","-","-","-","-","","-","-","-","-","0","-","-",
"대부업등의등록및금융이용자보호에관한법률","검사지휘","범죄의 검거 단서[건]","건","","","","5","17","15","26","20","8","15","4","7","6","10","5","1","1","-","-",
"대부업등의등록및금융이용자보호에관한법률","타기관에서 이송","범죄의 검거 단서[건]","건","","","","1","5","11","17","5","6","-","1","1","3","4","3","4","2","1","4",
"대부업등의등록및금융이용자보호에관한법률","범행도구등 발견","범죄의 검거 단서[건]","건","","","","-","-","-","-","-","-","1","-","","-","-","1","-","1","32","3",
"대부업등의등록및금융이용자보호에관한법률","장물","범죄의 검거 단서[건]","건","","","","-","-","-","-","-","-","-","-","","-","-","-","-","0","-","-",
"대부업등의등록및금융이용자보호에관한법률","전과조회","범죄의 검거 단서[건]","건","","","","1","-","-","-","-","-","-","-","1","-","-","-","-","0","-","-",
"대부업등의등록및금융이용자보호에관한법률","기타","범죄의 검거 단서[건]","건","","","","105","276","708","1287","628","145","155","163","239","411","333","229","126","143","161","190",
"대부업등의등록및금융이용자보호에관한법률","미상","범죄의 검거 단서[건]","건","","","","","","","","","120","","","","","","","","","","",
"대외무역법","계","범죄의 검거 단서[건]","건","773","325","632","420","214","391","284","261","","","","","","","","","","","",
"대외무역법","현행범","범죄의 검거 단서[건]","건","8","12","4","78","2","8","2","-","","","","","","","","","","","",
"대외무역법","피해자신고","범죄의 검거 단서[건]","건","-","-","-","-","-","1","-","-","","","","","","","","","","","",
"대외무역법","고소","범죄의 검거 단서[건]","건","1","1","3","-","1","-","2","2","","","","","","","","","","","",
"대외무역법","고발","범죄의 검거 단서[건]","건","12","5","4","2","6","6","6","4","","","","","","","","","","","",
"대외무역법","자수","범죄의 검거 단서[건]","건","-","-","-","1","-","1","-","-","","","","","","","","","","","",
"대외무역법","민간체포","범죄의 검거 단서[건]","건","-","-","-","-","-","-","-","-","","","","","","","","","","","",
"대외무역법","진정투서","범죄의 검거 단서[건]","건","-","1","-","-","1","1","-","-","","","","","","","","","","","",
"대외무역법","타인신고","범죄의 검거 단서[건]","건","16","17","16","9","8","9","8","4","","","","","","","","","","","",
"대외무역법","신문","범죄의 검거 단서[건]","건","-","-","6","-","2","40","-","1","","","","","","","","","","","",
"대외무역법","불심검문","범죄의 검거 단서[건]","건","1","-","22","-","2","6","10","6","","","","","","","","","","","",
"대외무역법","탐문정보","범죄의 검거 단서[건]","건","523","52","354","80","56","149","99","147","","","","","","","","","","","",
"대외무역법","안면식별","범죄의 검거 단서[건]","건","-","-","-","-","-","-","-","-","","","","","","","","","","","",
"대외무역법","감식자료","범죄의 검거 단서[건]","건","-","-","-","-","-","-","-","-","","","","","","","","","","","",
"대외무역법","변사체","범죄의 검거 단서[건]","건","1","-","-","-","-","-","-","-","","","","","","","","","","","",
"대외무역법","범죄수법","범죄의 검거 단서[건]","건","-","-","-","-","-","-","-","-","","","","","","","","","","","",
"대외무역법","발자국","범죄의 검거 단서[건]","건","-","-","-","-","-","-","-","-","","","","","","","","","","","",
"대외무역법","검사지휘","범죄의 검거 단서[건]","건","-","1","1","-","-","-","1","1","","","","","","","","","","","",
"대외무역법","타기관에서 이송","범죄의 검거 단서[건]","건","-","-","-","-","-","-","1","-","","","","","","","","","","","",
"대외무역법","범행도구등 발견","범죄의 검거 단서[건]","건","5","3","-","1","-","-","-","-","","","","","","","","","","","",
"대외무역법","장물","범죄의 검거 단서[건]","건","-","-","-","-","-","-","-","-","","","","","","","","","","","",
"대외무역법","전과조회","범죄의 검거 단서[건]","건","-","-","-","-","-","-","-","-","","","","","","","","","","","",
"대외무역법","기타","범죄의 검거 단서[건]","건","206","233","222","249","136","170","155","96","","","","","","","","","","","",
"도로교통법","계","범죄의 검거 단서[건]","건","50252","50817","42985","29665","31066","33236","46764","51880","11194","13661","13692","14943","12718","13621","12253","10545","9999","9151","8946",
"도로교통법","현행범","범죄의 검거 단서[건]","건","7109","6646","4636","2104","967","361","258","178","152","176","279","261","231","220","205","230","246","280","255",
"도로교통법","피해자신고","범죄의 검거 단서[건]","건","27496","27608","23678","17374","16604","20884","31782","36578","5514","6712","6327","5323","4595","4503","4241","3069","2543","2340","2404",
"도로교통법","고소","범죄의 검거 단서[건]","건","46","41","41","29","15","25","22","22","13","17","18","20","22","25","35","32","25","36","54",
"도로교통법","고발","범죄의 검거 단서[건]","건","202","172","278","187","165","114","88","91","128","138","106","106","59","50","35","52","76","70","76",
"도로교통법","자수","범죄의 검거 단서[건]","건","768","712","830","827","660","463","586","556","160","211","169","119","110","110","107","92","78","101","71",
"도로교통법","민간체포","범죄의 검거 단서[건]","건","36","31","18","9","19","11","8","4","1","-","-","","1","-","-","1","2","-","-",
"도로교통법","진정투서","범죄의 검거 단서[건]","건","26","37","63","50","41","39","24","38","59","89","61","62","53","53","45","83","98","132","94",
"도로교통법","타인신고","범죄의 검거 단서[건]","건","9638","10713","8637","4962","4627","4135","4965","5030","1744","2079","2207","2509","2470","2754","3122","2608","2522","2667","2490",
"도로교통법","신문","범죄의 검거 단서[건]","건","45","64","53","142","20","7","7","4","-","-","1","","2","3","3","4","2","33","8",
"도로교통법","불심검문","범죄의 검거 단서[건]","건","1679","1927","2152","1621","3521","967","721","1344","900","1347","1421","2651","1385","2203","1306","1153","1036","854","858",
"도로교통법","탐문정보","범죄의 검거 단서[건]","건","437","519","626","642","555","628","997","912","99","178","255","305","410","179","143","121","142","92","65",
"도로교통법","안면식별","범죄의 검거 단서[건]","건","2","1","-","1","-","-","3","1","-","-","-","","-","-","-","-","1","1","-",
"도로교통법","감식자료","범죄의 검거 단서[건]","건","8","8","10","13","10","22","17","16","2","3","1","","1","-","1","4","4","9","6",
"도로교통법","변사체","범죄의 검거 단서[건]","건","14","8","13","12","6","9","5","6","2","-","6","4","10","5","5","1","4","4","5",
"도로교통법","범죄수법","범죄의 검거 단서[건]","건","1","1","2","2","-","4","-","-","-","-","1","","1","-","1","1","0","-","-",
"도로교통법","발자국","범죄의 검거 단서[건]","건","-","-","-","-","-","-","-","-","-","-","-","","-","-","-","-","0","-","-",
"도로교통법","검사지휘","범죄의 검거 단서[건]","건","11","14","13","12","25","7","10","5","1","-","1","2","6","1","2","-","0","-","-",
"도로교통법","타기관에서 이송","범죄의 검거 단서[건]","건","25","13","23","19","40","24","20","40","15","33","24","62","23","48","43","101","112","59","47",
"도로교통법","범행도구등 발견","범죄의 검거 단서[건]","건","8","10","11","11","19","8","10","7","-","-","-","","1","-","-","-","0","3","2",
"도로교통법","장물","범죄의 검거 단서[건]","건","1","-","-","-","-","1","-","-","-","-","1","","-","-","-","-","0","-","-",
"도로교통법","전과조회","범죄의 검거 단서[건]","건","7","11","11","2","5","5","-","1","-","1","-","","-","2","-","1","1","3","-",
"도로교통법","기타","범죄의 검거 단서[건]","건","2693","2281","1890","1646","3767","5522","7241","7047","2387","2677","2814","3519","3338","3465","2959","2992","3107","2467","2511",
"도로교통법","미상","범죄의 검거 단서[건]","건","","","","","","","","","17","","","","","","","","","","",
"도로교통법(무면허운전)","계","범죄의 검거 단서[건]","건","55364","87904","154031","96439","58037","47094","29845","35155","34896","41983","66305","46936","24256","23386","21119","18212","18308","20041","25306",
"도로교통법(무면허운전)","현행범","범죄의 검거 단서[건]","건","28053","40360","88915","47018","17508","9722","2407","1937","1665","1709","2541","1228","723","645","554","585","601","678","821",
"도로교통법(무면허운전)","피해자신고","범죄의 검거 단서[건]","건","989","1326","1383","3484","3354","3655","3269","3269","3303","3392","3575","3496","2919","2720","2585","2329","2122","1746","1741",
"도로교통법(무면허운전)","고소","범죄의 검거 단서[건]","건","20","15","17","12","12","13","5","13","9","7","15","5","3","5","13","10","9","12","13",
"도로교통법(무면허운전)","고발","범죄의 검거 단서[건]","건","33","35","30","23","18","25","17","987","683","93","38","33","61","36","27","41","26","43","40",
"도로교통법(무면허운전)","자수","범죄의 검거 단서[건]","건","133","115","180","269","271","148","135","130","120","120","108","138","108","135","155","99","127","131","130",
"도로교통법(무면허운전)","민간체포","범죄의 검거 단서[건]","건","4","12","7","4","7","6","3","3","3","5","-","","1","1","2","1","3","4","1",
"도로교통법(무면허운전)","진정투서","범죄의 검거 단서[건]","건","17","12","18","19","11","13","4","26","52","11","14","17","10","8","12","10","14","30","39",
"도로교통법(무면허운전)","타인신고","범죄의 검거 단서[건]","건","870","1179","1151","2034","2400","2533","2553","2427","2486","2440","2347","2675","2903","3185","3476","3556","4196","5631","5546",
"도로교통법(무면허운전)","신문","범죄의 검거 단서[건]","건","81","132","158","115","43","14","10","9","5","8","7","3","3","7","3","8","7","15","24",
"도로교통법(무면허운전)","불심검문","범죄의 검거 단서[건]","건","23088","41294","56789","40248","30131","24633","16771","20067","20349","28488","50168","33996","13790","12623","10385","7948","7423","8140","11998",
"도로교통법(무면허운전)","탐문정보","범죄의 검거 단서[건]","건","230","285","233","322","242","235","127","203","169","204","254","224","99","153","139","145","209","100","124",
"도로교통법(무면허운전)","안면식별","범죄의 검거 단서[건]","건","3","2","-","-","-","-","-","2","1","-","3","","-","-","-","-","0","1","-",
"도로교통법(무면허운전)","감식자료","범죄의 검거 단서[건]","건","1","4","4","2","4","2","1","2","3","7","1","1","1","2","-","2","0","2","1",
"도로교통법(무면허운전)","변사체","범죄의 검거 단서[건]","건","1","1","3","1","5","6","4","3","4","2","3","","3","4","1","3","1","2","-",
"도로교통법(무면허운전)","범죄수법","범죄의 검거 단서[건]","건","2","1","9","3","1","-","-","1","-","1","1","","1","2","-","-","0","-","2",
"도로교통법(무면허운전)","발자국","범죄의 검거 단서[건]","건","1","1","-","-","-","-","-","-","1","-","-","","-","-","-","-","0","-","-",
"도로교통법(무면허운전)","검사지휘","범죄의 검거 단서[건]","건","16","8","17","16","11","6","4","3","6","5","4","1","1","4","5","4","2","-","1",
"도로교통법(무면허운전)","타기관에서 이송","범죄의 검거 단서[건]","건","32","63","100","33","55","51","25","73","82","38","53","27","34","33","28","27","34","25","24",
"도로교통법(무면허운전)","범행도구등 발견","범죄의 검거 단서[건]","건","1","4","5","1","4","2","-","-","1","-","-","1","-","-","-","1","0","4","1",
"도로교통법(무면허운전)","장물","범죄의 검거 단서[건]","건","6","4","-","-","1","2","10","4","1","3","-","","1","-","-","-","0","-","-",
"도로교통법(무면허운전)","전과조회","범죄의 검거 단서[건]","건","7","8","7","5","8","3","1","3","1","2","2","1","-","2","2","2","1","4","4",
"도로교통법(무면허운전)","기타","범죄의 검거 단서[건]","건","1776","3043","5005","2830","3951","6025","4499","5993","5860","5448","7171","5090","3595","3821","3732","3441","3533","3473","4796",
"도로교통법(무면허운전)","미상","범죄의 검거 단서[건]","건","","","","","","","","","92","","","","","","","","","","",
"도로교통법(사고후미조치)","계","범죄의 검거 단서[건]","건","","","","","","","","","45216","52165","47939","26442","11107","9157","8900","7113","7048","5849","5242",
"도로교통법(사고후미조치)","현행범","범죄의 검거 단서[건]","건","","","","","","","","","72","75","100","72","56","28","34","20","24","47","49",
"도로교통법(사고후미조치)","피해자신고","범죄의 검거 단서[건]","건","","","","","","","","","35323","41507","38876","20644","7142","5826","5454","4350","3793","2930","2521",
"도로교통법(사고후미조치)","고소","범죄의 검거 단서[건]","건","","","","","","","","","9","6","9","3","8","2","5","7","10","7","17",
"도로교통법(사고후미조치)","고발","범죄의 검거 단서[건]","건","","","","","","","","","7","4","5","","-","2","4","4","3","2","3",
"도로교통법(사고후미조치)","자수","범죄의 검거 단서[건]","건","","","","","","","","","394","365","230","149","131","102","82","70","70","83","68",
"도로교통법(사고후미조치)","민간체포","범죄의 검거 단서[건]","건","","","","","","","","","9","4","1","2","-","-","3","1","1","2","-",
"도로교통법(사고후미조치)","진정투서","범죄의 검거 단서[건]","건","","","","","","","","","4","2","1","2","-","1","1","4","3","3","2",
"도로교통법(사고후미조치)","타인신고","범죄의 검거 단서[건]","건","","","","","","","","","3248","3421","2723","2183","2041","1693","1920","1368","1662","1724","1562",
"도로교통법(사고후미조치)","신문","범죄의 검거 단서[건]","건","","","","","","","","","4","2","5","","-","2","1","1","4","6","5",
"도로교통법(사고후미조치)","불심검문","범죄의 검거 단서[건]","건","","","","","","","","","271","364","582","362","107","67","84","48","53","30","40",
"도로교통법(사고후미조치)","탐문정보","범죄의 검거 단서[건]","건","","","","","","","","","846","997","933","583","246","185","118","86","122","84","79",
"도로교통법(사고후미조치)","안면식별","범죄의 검거 단서[건]","건","","","","","","","","","1","-","3","","-","-","-","-","0","-","-",
"도로교통법(사고후미조치)","감식자료","범죄의 검거 단서[건]","건","","","","","","","","","11","18","9","3","4","2","1","7","3","4","3",
"도로교통법(사고후미조치)","변사체","범죄의 검거 단서[건]","건","","","","","","","","","2","-","-","","-","1","-","-","0","-","-",
"도로교통법(사고후미조치)","범죄수법","범죄의 검거 단서[건]","건","","","","","","","","","-","-","10","","-","-","-","-","0","-","1",
"도로교통법(사고후미조치)","발자국","범죄의 검거 단서[건]","건","","","","","","","","","-","-","-","","1","-","-","-","0","-","-",
"도로교통법(사고후미조치)","검사지휘","범죄의 검거 단서[건]","건","","","","","","","","","1","8","-","","3","4","3","-","0","-","-",
"도로교통법(사고후미조치)","타기관에서 이송","범죄의 검거 단서[건]","건","","","","","","","","","6","3","3","5","1","4","-","-","3","3","2",
"도로교통법(사고후미조치)","범행도구등 발견","범죄의 검거 단서[건]","건","","","","","","","","","8","10","5","7","5","4","2","1","3","5","3",
"도로교통법(사고후미조치)","장물","범죄의 검거 단서[건]","건","","","","","","","","","-","-","-","","-","-","-","-","0","-","1",
"도로교통법(사고후미조치)","전과조회","범죄의 검거 단서[건]","건","","","","","","","","","-","-","-","","-","-","-","-","0","-","-",
"도로교통법(사고후미조치)","기타","범죄의 검거 단서[건]","건","","","","","","","","","4958","5379","4444","2427","1362","1234","1188","1146","1294","919","886",
"도로교통법(사고후미조치)","미상","범죄의 검거 단서[건]","건","","","","","","","","","42","","","","","","","","","","",
"도로교통법(음주운전)","계","범죄의 검거 단서[건]","건","276727","345446","381820","285578","265442","218800","210845","234962","218671","210256","201606","178069","140137","106975","95277","90357","99757","101034","96974",
"도로교통법(음주운전)","현행범","범죄의 검거 단서[건]","건","198370","230459","235418","149181","94566","29834","9603","7653","6231","4407","3978","2870","3470","2533","1666","1692","2482","3171","2701",
"도로교통법(음주운전)","피해자신고","범죄의 검거 단서[건]","건","3708","4054","10288","17269","18633","22233","23422","23687","23623","23376","20360","18978","15876","11081","11448","10306","9798","6881","5695",
"도로교통법(음주운전)","고소","범죄의 검거 단서[건]","건","21","23","26","17","16","36","31","23","17","15","17","9","20","9","9","13","15","5","6",
"도로교통법(음주운전)","고발","범죄의 검거 단서[건]","건","23","25","29","46","38","41","38","31","28","45","20","15","59","44","38","18","23","28","11",
"도로교통법(음주운전)","자수","범죄의 검거 단서[건]","건","193","189","416","725","850","545","596","553","584","555","483","516","519","459","523","526","623","634","563",
"도로교통법(음주운전)","민간체포","범죄의 검거 단서[건]","건","4","4","6","11","11","14","5","7","3","6","2","3","2","5","3","5","0","2","5",
"도로교통법(음주운전)","진정투서","범죄의 검거 단서[건]","건","27","11","16","12","8","1","1","4","8","9","11","11","5","-","2","4","7","8","10",
"도로교통법(음주운전)","타인신고","범죄의 검거 단서[건]","건","3386","4174","7785","13116","16089","20413","25650","26663","25573","26730","23631","25125","28887","26737","35626","33582","40290","44074","39354",
"도로교통법(음주운전)","신문","범죄의 검거 단서[건]","건","116","185","284","178","65","6","6","5","6","4","5","5","2","13","20","13","5","47","72",
"도로교통법(음주운전)","불심검문","범죄의 검거 단서[건]","건","67918","100698","119779","99629","118665","114224","120159","144746","132893","128522","129896","111186","73376","50461","30041","27668","27407","30666","31450",
"도로교통법(음주운전)","탐문정보","범죄의 검거 단서[건]","건","79","138","190","188","284","381","246","394","542","379","334","408","158","196","253","374","475","225","221",
"도로교통법(음주운전)","안면식별","범죄의 검거 단서[건]","건","-","3","5","2","2","2","2","3","2","3","4","3","4","3","2","-","1","-","-",
"도로교통법(음주운전)","감식자료","범죄의 검거 단서[건]","건","3","6","5","7","4","11","13","8","9","4","10","5","-","-","-","-","0","1","1",
"도로교통법(음주운전)","변사체","범죄의 검거 단서[건]","건","3","17","11","9","10","22","17","14","10","6","4","4","5","4","1","2","4","2","2",
"도로교통법(음주운전)","범죄수법","범죄의 검거 단서[건]","건","3","3","11","6","5","5","5","8","6","-","5","3","7","2","3","3","3","3","2",
"도로교통법(음주운전)","발자국","범죄의 검거 단서[건]","건","-","1","-","1","1","-","-","-","1","-","-","1","-","-","-","-","1","-","-",
"도로교통법(음주운전)","검사지휘","범죄의 검거 단서[건]","건","7","3","12","7","17","2","5","1","7","6","5","5","8","5","5","3","2","-","-",
"도로교통법(음주운전)","타기관에서 이송","범죄의 검거 단서[건]","건","97","157","226","131","214","98","67","47","46","52","62","26","34","43","30","47","38","24","29",
"도로교통법(음주운전)","범행도구등 발견","범죄의 검거 단서[건]","건","2","-","-","-","-","1","1","3","3","2","-","2","1","1","-","1","0","1","5",
"도로교통법(음주운전)","장물","범죄의 검거 단서[건]","건","-","-","-","1","-","-","-","1","-","1","-","","-","-","-","-","0","-","-",
"도로교통법(음주운전)","전과조회","범죄의 검거 단서[건]","건","10","16","9","9","13","-","1","2","1","-","-","1","1","1","3","-","1","1","1",
"도로교통법(음주운전)","기타","범죄의 검거 단서[건]","건","2757","5280","7304","5033","15951","30931","30977","31109","29023","26134","22779","18893","17703","15378","15604","16100","18582","15261","16846",
"도로교통법(음주운전)","미상","범죄의 검거 단서[건]","건","","","","","","","","","55","","","","","","","","","","",
"도로교통법(음주측정거부)","계","범죄의 검거 단서[건]","건","3418","3797","3867","3035","2923","2713","2365","2540","2416","2566","2578","2791","2933","2678","2897","3226","3896","3470","3083",
"도로교통법(음주측정거부)","현행범","범죄의 검거 단서[건]","건","2467","2562","2515","1837","1213","735","392","355","338","353","302","330","381","300","300","319","409","494","412",
"도로교통법(음주측정거부)","피해자신고","범죄의 검거 단서[건]","건","108","107","91","86","154","309","235","282","237","269","264","311","230","205","209","317","352","195","156",
"도로교통법(음주측정거부)","고소","범죄의 검거 단서[건]","건","1","-","1","-","1","-","-","1","-","-","1","","-","-","-","-","0","-","-",
"도로교통법(음주측정거부)","고발","범죄의 검거 단서[건]","건","2","-","-","1","2","1","1","1","-","1","-","","1","1","2","2","0","1","-",
"도로교통법(음주측정거부)","자수","범죄의 검거 단서[건]","건","7","6","5","7","3","6","4","2","8","2","6","8","2","4","7","8","8","13","12",
"도로교통법(음주측정거부)","민간체포","범죄의 검거 단서[건]","건","2","-","-","-","-","-","1","-","1","-","-","1","1","1","1","-","0","-","-",
"도로교통법(음주측정거부)","진정투서","범죄의 검거 단서[건]","건","1","-","-","-","1","-","-","2","-","-","-","","1","-","-","-","0","-","-",
"도로교통법(음주측정거부)","타인신고","범죄의 검거 단서[건]","건","221","219","255","281","514","727","831","882","928","957","963","1075","1339","1327","1599","1735","2182","2045","1772",
"도로교통법(음주측정거부)","신문","범죄의 검거 단서[건]","건","1","2","2","-","2","-","1","-","-","-","-","","-","-","1","-","0","4","3",
"도로교통법(음주측정거부)","불심검문","범죄의 검거 단서[건]","건","538","841","903","762","858","630","576","695","618","671","761","779","642","464","374","340","321","265","231",
"도로교통법(음주측정거부)","탐문정보","범죄의 검거 단서[건]","건","4","2","8","3","6","3","3","4","5","4","4","6","2","1","7","10","12","5","6",
"도로교통법(음주측정거부)","안면식별","범죄의 검거 단서[건]","건","-","1","-","-","-","1","-","-","-","-","-","","-","-","-","-","0","-","-",
"도로교통법(음주측정거부)","감식자료","범죄의 검거 단서[건]","건","-","-","-","-","-","-","-","-","-","1","-","","-","-","-","-","0","-","-",
"도로교통법(음주측정거부)","변사체","범죄의 검거 단서[건]","건","-","-","-","-","-","1","-","-","-","1","-","","-","-","-","-","0","-","-",
"도로교통법(음주측정거부)","범죄수법","범죄의 검거 단서[건]","건","-","-","-","-","-","-","-","-","-","-","-","","-","-","-","-","0","-","-",
"도로교통법(음주측정거부)","발자국","범죄의 검거 단서[건]","건","-","-","-","-","-","-","-","-","-","-","-","","-","-","-","-","0","-","-",
"도로교통법(음주측정거부)","검사지휘","범죄의 검거 단서[건]","건","-","-","2","-","2","-","-","1","-","-","1","1","-","-","3","-","0","-","-",
"도로교통법(음주측정거부)","타기관에서 이송","범죄의 검거 단서[건]","건","-","-","-","1","-","-","-","2","-","1","-","1","1","-","-","-","2","-","-",
"도로교통법(음주측정거부)","범행도구등 발견","범죄의 검거 단서[건]","건","-","-","-","-","-","-","-","-","-","-","-","","-","-","-","-","0","-","-",
"도로교통법(음주측정거부)","장물","범죄의 검거 단서[건]","건","-","-","-","-","-","-","-","-","-","-","-","","-","-","-","-","0","-","-",
"도로교통법(음주측정거부)","전과조회","범죄의 검거 단서[건]","건","-","-","1","-","-","-","-","-","-","-","-","","-","-","-","-","0","-","-",
"도로교통법(음주측정거부)","기타","범죄의 검거 단서[건]","건","66","57","84","57","167","300","321","313","275","306","276","279","333","375","394","495","610","448","491",
"도로교통법(음주측정거부)","미상","범죄의 검거 단서[건]","건","","","","","","","","","6","","","","","","","","","","",
"도로법","계","범죄의 검거 단서[건]","건","43072","47236","49277","51382","42567","3584","2053","1325","1040","1326","2009","2139","2007","2082","2066","4058","6506","7395","7063",
"도로법","현행범","범죄의 검거 단서[건]","건","4312","4339","5378","8417","7134","629","275","53","17","57","34","45","39","128","125","124","157","200","250",
"도로법","피해자신고","범죄의 검거 단서[건]","건","25","26","53","59","27","11","9","6","14","16","18","19","9","12","7","17","28","41","37",
"도로법","고소","범죄의 검거 단서[건]","건","151","158","193","209","135","16","17","8","11","8","20","18","17","21","24","35","62","59","88",
"도로법","고발","범죄의 검거 단서[건]","건","31962","35402","35284","33052","26435","778","625","488","510","666","1543","1659","1553","1345","1395","3259","5440","6293","5931",
"도로법","자수","범죄의 검거 단서[건]","건","172","152","169","129","158","40","15","12","5","-","2","","1","-","-","5","3","6","1",
"도로법","민간체포","범죄의 검거 단서[건]","건","1","1","1","1","1","-","-","-","-","-","-","","-","-","-","-","0","-","-",
"도로법","진정투서","범죄의 검거 단서[건]","건","12","10","16","33","9","14","10","4","16","37","26","18","14","12","23","28","50","36","32",
"도로법","타인신고","범죄의 검거 단서[건]","건","82","115","104","95","70","70","73","86","108","123","160","136","165","127","130","164","176","159","140",
"도로법","신문","범죄의 검거 단서[건]","건","43","64","67","52","38","19","9","37","3","4","1","","-","1","1","2","1","4","21",
"도로법","불심검문","범죄의 검거 단서[건]","건","157","204","194","257","136","17","12","13","5","5","8","21","8","16","4","7","9","10","8",
"도로법","탐문정보","범죄의 검거 단서[건]","건","42","54","154","89","41","9","11","17","8","13","11","9","9","4","8","6","12","15","12",
"도로법","안면식별","범죄의 검거 단서[건]","건","-","-","1","2","2","-","-","-","-","-","-","","-","-","-","-","1","-","-",
"도로법","감식자료","범죄의 검거 단서[건]","건","-","1","-","1","1","-","-","-","-","-","-","","-","-","-","-","0","-","-",
"도로법","변사체","범죄의 검거 단서[건]","건","-","-","-","-","-","-","-","1","-","-","-","","-","-","-","-","0","-","-",
"도로법","범죄수법","범죄의 검거 단서[건]","건","-","1","-","-","-","-","-","-","-","1","-","","-","-","-","-","0","-","-",
"도로법","발자국","범죄의 검거 단서[건]","건","-","1","-","-","-","-","-","-","-","-","-","","-","-","-","-","0","-","-",
"도로법","검사지휘","범죄의 검거 단서[건]","건","11","18","10","8","9","2","1","3","2","1","2","","1","1","1","2","1","-","-",
"도로법","타기관에서 이송","범죄의 검거 단서[건]","건","438","578","591","643","631","60","12","9","4","1","1","1","1","4","1","4","11","8","4",
"도로법","범행도구등 발견","범죄의 검거 단서[건]","건","-","-","-","1","1","-","-","-","-","-","-","","-","-","-","-","0","-","-",
"도로법","장물","범죄의 검거 단서[건]","건","-","-","-","2","-","-","-","-","-","-","-","","-","-","-","-","0","-","-",
"도로법","전과조회","범죄의 검거 단서[건]","건","1","3","5","1","-","-","-","-","-","-","-","","-","-","-","-","0","-","-",
"도로법","기타","범죄의 검거 단서[건]","건","5663","6109","7057","8331","7739","1919","984","588","82","394","183","213","190","411","347","405","555","564","539",
"도로법","미상","범죄의 검거 단서[건]","건","","","","","","","","","255","","","","","","","","","","",
"도시계획법","계","범죄의 검거 단서[건]","건","-","-","-","-","-","-","1","-","","","","","","","","","","","",
"도시계획법","현행범","범죄의 검거 단서[건]","건","-","-","-","-","-","-","-","-","","","","","","","","","","","",
"도시계획법","피해자신고","범죄의 검거 단서[건]","건","-","-","-","-","-","-","-","-","","","","","","","","","","","",
"도시계획법","고소","범죄의 검거 단서[건]","건","-","-","-","-","-","-","-","-","","","","","","","","","","","",
"도시계획법","고발","범죄의 검거 단서[건]","건","-","-","-","-","-","-","1","-","","","","","","","","","","","",
"도시계획법","자수","범죄의 검거 단서[건]","건","-","-","-","-","-","-","-","-","","","","","","","","","","","",
"도시계획법","민간체포","범죄의 검거 단서[건]","건","-","-","-","-","-","-","-","-","","","","","","","","","","","",
"도시계획법","진정투서","범죄의 검거 단서[건]","건","-","-","-","-","-","-","-","-","","","","","","","","","","","",
"도시계획법","타인신고","범죄의 검거 단서[건]","건","-","-","-","-","-","-","-","-","","","","","","","","","","","",
"도시계획법","신문","범죄의 검거 단서[건]","건","-","-","-","-","-","-","-","-","","","","","","","","","","","",
"도시계획법","불심검문","범죄의 검거 단서[건]","건","-","-","-","-","-","-","-","-","","","","","","","","","","","",
"도시계획법","탐문정보","범죄의 검거 단서[건]","건","-","-","-","-","-","-","-","-","","","","","","","","","","","",
"도시계획법","안면식별","범죄의 검거 단서[건]","건","-","-","-","-","-","-","-","-","","","","","","","","","","","",
"도시계획법","감식자료","범죄의 검거 단서[건]","건","-","-","-","-","-","-","-","-","","","","","","","","","","","",
"도시계획법","변사체","범죄의 검거 단서[건]","건","-","-","-","-","-","-","-","-","","","","","","","","","","","",
"도시계획법","범죄수법","범죄의 검거 단서[건]","건","-","-","-","-","-","-","-","-","","","","","","","","","","","",
"도시계획법","발자국","범죄의 검거 단서[건]","건","-","-","-","-","-","-","-","-","","","","","","","","","","","",
"도시계획법","검사지휘","범죄의 검거 단서[건]","건","-","-","-","-","-","-","-","-","","","","","","","","","","","",
"도시계획법","타기관에서 이송","범죄의 검거 단서[건]","건","-","-","-","-","-","-","-","-","","","","","","","","","","","",
"도시계획법","범행도구등 발견","범죄의 검거 단서[건]","건","-","-","-","-","-","-","-","-","","","","","","","","","","","",
"도시계획법","장물","범죄의 검거 단서[건]","건","-","-","-","-","-","-","-","-","","","","","","","","","","","",
"도시계획법","전과조회","범죄의 검거 단서[건]","건","-","-","-","-","-","-","-","-","","","","","","","","","","","",
"도시계획법","기타","범죄의 검거 단서[건]","건","-","-","-","-","-","-","-","-","","","","","","","","","","","",
"도시공원법","계","범죄의 검거 단서[건]","건","18","-","-","-","-","-","-","-","","","","","","","","","","","",
"도시공원법","현행범","범죄의 검거 단서[건]","건","-","-","-","-","-","-","-","-","","","","","","","","","","","",
"도시공원법","피해자신고","범죄의 검거 단서[건]","건","-","-","-","-","-","-","-","-","","","","","","","","","","","",
"도시공원법","고소","범죄의 검거 단서[건]","건","-","-","-","-","-","-","-","-","","","","","","","","","","","",
"도시공원법","고발","범죄의 검거 단서[건]","건","18","-","-","-","-","-","-","-","","","","","","","","","","","",
"도시공원법","자수","범죄의 검거 단서[건]","건","-","-","-","-","-","-","-","-","","","","","","","","","","","",
"도시공원법","민간체포","범죄의 검거 단서[건]","건","-","-","-","-","-","-","-","-","","","","","","","","","","","",
"도시공원법","진정투서","범죄의 검거 단서[건]","건","-","-","-","-","-","-","-","-","","","","","","","","","","","",
"도시공원법","타인신고","범죄의 검거 단서[건]","건","-","-","-","-","-","-","-","-","","","","","","","","","","","",
"도시공원법","신문","범죄의 검거 단서[건]","건","-","-","-","-","-","-","-","-","","","","","","","","","","","",
"도시공원법","불심검문","범죄의 검거 단서[건]","건","-","-","-","-","-","-","-","-","","","","","","","","","","","",
"도시공원법","탐문정보","범죄의 검거 단서[건]","건","-","-","-","-","-","-","-","-","","","","","","","","","","","",
"도시공원법","안면식별","범죄의 검거 단서[건]","건","-","-","-","-","-","-","-","-","","","","","","","","","","","",
"도시공원법","감식자료","범죄의 검거 단서[건]","건","-","-","-","-","-","-","-","-","","","","","","","","","","","",
"도시공원법","변사체","범죄의 검거 단서[건]","건","-","-","-","-","-","-","-","-","","","","","","","","","","","",
"도시공원법","범죄수법","범죄의 검거 단서[건]","건","-","-","-","-","-","-","-","-","","","","","","","","","","","",
"도시공원법","발자국","범죄의 검거 단서[건]","건","-","-","-","-","-","-","-","-","","","","","","","","","","","",
"도시공원법","검사지휘","범죄의 검거 단서[건]","건","-","-","-","-","-","-","-","-","","","","","","","","","","","",
"도시공원법","타기관에서 이송","범죄의 검거 단서[건]","건","-","-","-","-","-","-","-","-","","","","","","","","","","","",
"도시공원법","범행도구등 발견","범죄의 검거 단서[건]","건","-","-","-","-","-","-","-","-","","","","","","","","","","","",
"도시공원법","장물","범죄의 검거 단서[건]","건","-","-","-","-","-","-","-","-","","","","","","","","","","","",
"도시공원법","전과조회","범죄의 검거 단서[건]","건","-","-","-","-","-","-","-","-","","","","","","","","","","","",
"도시공원법","기타","범죄의 검거 단서[건]","건","-","-","-","-","-","-","-","-","","","","","","","","","","","",
"도시및주거환경정비법","계","범죄의 검거 단서[건]","건","","","","","","","","","321","275","355","332","398","471","432","441","385","425","450",
"도시및주거환경정비법","현행범","범죄의 검거 단서[건]","건","","","","","","","","","-","-","-","","-","-","-","-","0","-","-",
"도시및주거환경정비법","피해자신고","범죄의 검거 단서[건]","건","","","","","","","","","1","-","-","1","-","1","6","1","4","1","5",
"도시및주거환경정비법","고소","범죄의 검거 단서[건]","건","","","","","","","","","203","165","236","188","240","288","245","265","204","209","217",
"도시및주거환경정비법","고발","범죄의 검거 단서[건]","건","","","","","","","","","98","79","83","98","103","118","125","134","138","157","152",
"도시및주거환경정비법","자수","범죄의 검거 단서[건]","건","","","","","","","","","1","-","-","","-","-","1","1","1","-","6",
"도시및주거환경정비법","민간체포","범죄의 검거 단서[건]","건","","","","","","","","","-","-","-","","-","-","-","-","0","-","-",
"도시및주거환경정비법","진정투서","범죄의 검거 단서[건]","건","","","","","","","","","1","3","6","7","9","7","11","14","17","26","20",
"도시및주거환경정비법","타인신고","범죄의 검거 단서[건]","건","","","","","","","","","-","-","2","","-","4","3","4","5","2","2",
"도시및주거환경정비법","신문","범죄의 검거 단서[건]","건","","","","","","","","","-","-","-","","-","-","-","-","0","-","-",
"도시및주거환경정비법","불심검문","범죄의 검거 단서[건]","건","","","","","","","","","-","-","-","","-","-","-","-","0","-","-",
"도시및주거환경정비법","탐문정보","범죄의 검거 단서[건]","건","","","","","","","","","3","1","3","4","16","12","7","4","0","-","8",
"도시및주거환경정비법","안면식별","범죄의 검거 단서[건]","건","","","","","","","","","-","-","-","","-","-","-","-","0","-","-",
"도시및주거환경정비법","감식자료","범죄의 검거 단서[건]","건","","","","","","","","","-","-","-","","-","-","-","-","0","-","-",
"도시및주거환경정비법","변사체","범죄의 검거 단서[건]","건","","","","","","","","","-","-","-","","-","-","-","-","0","-","-",
"도시및주거환경정비법","범죄수법","범죄의 검거 단서[건]","건","","","","","","","","","-","-","-","","-","-","-","-","0","-","-",
"도시및주거환경정비법","발자국","범죄의 검거 단서[건]","건","","","","","","","","","-","-","-","","-","-","-","-","0","-","-",
"도시및주거환경정비법","검사지휘","범죄의 검거 단서[건]","건","","","","","","","","","-","4","3","4","2","4","5","1","0","-","-",
"도시및주거환경정비법","타기관에서 이송","범죄의 검거 단서[건]","건","","","","","","","","","-","-","-","","-","-","-","1","0","1","-",
"도시및주거환경정비법","범행도구등 발견","범죄의 검거 단서[건]","건","","","","","","","","","-","-","-","","-","-","-","-","0","-","-",
"도시및주거환경정비법","장물","범죄의 검거 단서[건]","건","","","","","","","","","-","-","-","","-","-","-","-","0","-","-",
"도시및주거환경정비법","전과조회","범죄의 검거 단서[건]","건","","","","","","","","","-","-","-","","-","-","-","-","0","-","-",
"도시및주거환경정비법","기타","범죄의 검거 단서[건]","건","","","","","","","","","7","23","22","30","28","37","29","16","16","29","40",
"도시및주거환경정비법","미상","범죄의 검거 단서[건]","건","","","","","","","","","7","","","","","","","","","","",
"독점규제및공정거래에관한법률","계","범죄의 검거 단서[건]","건","5","5","5","4","5","29","19","6","40","33","18","33","60","33","32","26","28","22","17",
"독점규제및공정거래에관한법률","현행범","범죄의 검거 단서[건]","건","-","-","-","-","-","-","-","-","-","-","-","","-","-","-","-","0","-","-",
"독점규제및공정거래에관한법률","피해자신고","범죄의 검거 단서[건]","건","-","-","-","-","-","-","-","-","-","-","-","","-","-","-","-","1","1","-",
"독점규제및공정거래에관한법률","고소","범죄의 검거 단서[건]","건","3","4","3","1","3","1","4","2","6","2","3","1","3","1","1","3","1","-","1",
"독점규제및공정거래에관한법률","고발","범죄의 검거 단서[건]","건","1","-","1","1","-","9","2","3","13","4","1","4","3","3","1","2","5","5","1",
"독점규제및공정거래에관한법률","자수","범죄의 검거 단서[건]","건","-","-","-","-","-","-","-","-","-","-","-","1","-","-","-","-","0","-","-",
"독점규제및공정거래에관한법률","민간체포","범죄의 검거 단서[건]","건","-","-","-","-","-","-","-","-","-","-","-","","-","-","-","-","0","-","-",
"독점규제및공정거래에관한법률","진정투서","범죄의 검거 단서[건]","건","-","-","-","-","1","-","-","-","-","-","-","","-","-","1","-","0","-","1",
"독점규제및공정거래에관한법률","타인신고","범죄의 검거 단서[건]","건","-","-","-","-","-","-","-","1","-","-","-","","-","-","-","-","0","-","-",
"독점규제및공정거래에관한법률","신문","범죄의 검거 단서[건]","건","-","-","-","-","-","-","-","-","-","-","-","","-","-","-","-","0","-","-",
"독점규제및공정거래에관한법률","불심검문","범죄의 검거 단서[건]","건","-","-","-","-","-","-","-","-","-","-","-","","-","-","-","-","0","-","-",
"독점규제및공정거래에관한법률","탐문정보","범죄의 검거 단서[건]","건","-","-","-","1","1","-","-","-","-","1","1","","1","-","2","-","0","1","-",
"독점규제및공정거래에관한법률","안면식별","범죄의 검거 단서[건]","건","-","-","-","-","-","-","-","-","-","-","-","","-","-","-","-","0","-","-",
"독점규제및공정거래에관한법률","감식자료","범죄의 검거 단서[건]","건","-","-","-","-","-","-","-","-","-","-","-","","-","-","-","-","0","-","-",
"독점규제및공정거래에관한법률","변사체","범죄의 검거 단서[건]","건","-","-","-","-","-","-","-","-","-","-","-","","-","-","-","-","0","-","-",
"독점규제및공정거래에관한법률","범죄수법","범죄의 검거 단서[건]","건","-","-","-","-","-","-","-","-","-","-","-","","-","-","-","-","0","-","-",
"독점규제및공정거래에관한법률","발자국","범죄의 검거 단서[건]","건","-","-","-","-","-","-","-","-","-","-","-","","-","-","-","-","0","-","-",
"독점규제및공정거래에관한법률","검사지휘","범죄의 검거 단서[건]","건","1","-","-","-","-","-","-","-","1","-","-","","-","-","2","-","0","-","-",
"독점규제및공정거래에관한법률","타기관에서 이송","범죄의 검거 단서[건]","건","-","-","-","-","-","-","-","-","2","-","-","","-","-","-","-","0","-","-",
"독점규제및공정거래에관한법률","범행도구등 발견","범죄의 검거 단서[건]","건","-","-","-","-","-","-","-","-","-","-","-","","-","-","-","-","0","-","-",
"독점규제및공정거래에관한법률","장물","범죄의 검거 단서[건]","건","-","-","-","-","-","-","-","-","-","-","-","","-","-","-","-","0","-","-",
"독점규제및공정거래에관한법률","전과조회","범죄의 검거 단서[건]","건","-","-","-","-","-","-","-","-","-","-","-","","-","-","-","-","0","-","-",
"독점규제및공정거래에관한법률","기타","범죄의 검거 단서[건]","건","-","1","1","1","-","19","13","-","3","26","13","27","53","29","25","21","21","15","14",
"독점규제및공정거래에관한법률","미상","범죄의 검거 단서[건]","건","","","","","","","","","15","","","","","","","","","","",
"디자인보호법","계","범죄의 검거 단서[건]","건","245","263","316","277","165","199","283","204","242","182","151","169","199","269","369","154","123","100","125",
"디자인보호법","현행범","범죄의 검거 단서[건]","건","-","-","-","-","-","1","-","-","-","-","-","","-","-","-","-","0","-","-",
"디자인보호법","피해자신고","범죄의 검거 단서[건]","건","1","-","3","-","1","1","1","3","3","-","-","1","4","1","1","1","4","-","1",
"디자인보호법","고소","범죄의 검거 단서[건]","건","229","247","293","257","152","183","271","197","230","174","143","160","170","229","313","120","88","72","87",
"디자인보호법","고발","범죄의 검거 단서[건]","건","4","4","3","6","3","2","1","1","1","2","-","","2","4","3","1","2","-","2",
"디자인보호법","자수","범죄의 검거 단서[건]","건","-","-","-","1","-","-","-","-","-","-","-","","-","-","-","-","0","-","-",
"디자인보호법","민간체포","범죄의 검거 단서[건]","건","-","-","-","-","-","-","-","-","-","-","-","","-","-","-","-","0","-","-",
"디자인보호법","진정투서","범죄의 검거 단서[건]","건","-","3","-","-","-","-","-","-","-","-","-","","1","1","-","-","0","-","-",
"디자인보호법","타인신고","범죄의 검거 단서[건]","건","-","2","1","-","-","2","-","-","-","-","-","","1","-","-","-","0","-","1",
"디자인보호법","신문","범죄의 검거 단서[건]","건","-","1","-","-","-","-","-","-","-","-","-","","-","-","-","-","0","-","-",
"디자인보호법","불심검문","범죄의 검거 단서[건]","건","-","-","-","-","-","-","-","-","-","-","-","","-","-","-","-","0","-","-",
"디자인보호법","탐문정보","범죄의 검거 단서[건]","건","3","3","3","2","-","-","-","-","-","1","-","","-","-","2","-","0","-","2",
"디자인보호법","안면식별","범죄의 검거 단서[건]","건","-","-","-","-","-","-","-","-","-","-","-","","-","-","-","-","0","-","-",
"디자인보호법","감식자료","범죄의 검거 단서[건]","건","-","-","-","-","-","-","-","-","-","-","-","","-","-","-","-","0","-","-",
"디자인보호법","변사체","범죄의 검거 단서[건]","건","-","-","-","-","-","-","-","-","-","-","-","","-","-","-","-","0","-","-",
"디자인보호법","범죄수법","범죄의 검거 단서[건]","건","-","-","-","-","-","-","-","-","-","-","-","","-","-","-","-","0","-","-",
"디자인보호법","발자국","범죄의 검거 단서[건]","건","-","-","-","-","-","-","-","-","-","-","-","","-","-","-","-","0","-","-",
"디자인보호법","검사지휘","범죄의 검거 단서[건]","건","-","-","-","-","1","3","-","1","2","-","1","","-","3","3","-","0","-","-",
"디자인보호법","타기관에서 이송","범죄의 검거 단서[건]","건","-","-","-","-","-","-","-","-","-","-","-","","-","-","-","-","0","-","-",
"디자인보호법","범행도구등 발견","범죄의 검거 단서[건]","건","-","-","-","-","-","-","-","-","-","-","-","","-","-","-","-","0","-","-",
"디자인보호법","장물","범죄의 검거 단서[건]","건","-","-","-","-","-","-","-","-","-","-","-","","-","-","-","-","0","-","-",
"디자인보호법","전과조회","범죄의 검거 단서[건]","건","-","-","-","-","-","-","-","-","-","-","-","","-","-","-","-","0","-","-",
"디자인보호법","기타","범죄의 검거 단서[건]","건","8","3","13","11","8","7","10","2","2","5","7","8","21","31","47","32","29","28","32",
"디자인보호법","미상","범죄의 검거 단서[건]","건","","","","","","","","","4","","","","","","","","","","",
"마약류관리에관한법률(대마)","계","범죄의 검거 단서[건]","건","636","682","601","1061","927","661","709","638","758","854","806","1058","903","1488","1672","1566","1846","2050","1634",
"마약류관리에관한법률(대마)","현행범","범죄의 검거 단서[건]","건","47","34","35","52","46","21","20","14","27","41","33","26","32","71","52","37","33","44","32",
"마약류관리에관한법률(대마)","피해자신고","범죄의 검거 단서[건]","건","4","4","7","8","1","2","3","4","5","12","9","6","8","8","16","21","6","11","18",
"마약류관리에관한법률(대마)","고소","범죄의 검거 단서[건]","건","-","1","1","-","1","-","-","1","2","-","-","1","-","-","3","1","0","3","2",
"마약류관리에관한법률(대마)","고발","범죄의 검거 단서[건]","건","1","4","3","2","3","2","-","4","3","4","4","","8","4","7","5","16","13","20",
"마약류관리에관한법률(대마)","자수","범죄의 검거 단서[건]","건","7","10","14","19","16","22","16","15","22","29","23","28","20","49","37","46","49","44","61",
"마약류관리에관한법률(대마)","민간체포","범죄의 검거 단서[건]","건","-","-","-","-","1","-","-","-","-","-","-","","-","-","-","-","0","-","-",
"마약류관리에관한법률(대마)","진정투서","범죄의 검거 단서[건]","건","-","1","6","-","-","-","-","-","2","1","1","9","3","3","11","6","10","32","17",
"마약류관리에관한법률(대마)","타인신고","범죄의 검거 단서[건]","건","43","20","24","34","35","26","36","46","34","29","68","68","73","98","108","102","116","142","101",
"마약류관리에관한법률(대마)","신문","범죄의 검거 단서[건]","건","1","13","7","7","5","2","2","2","5","3","1","","1","2","-","1","1","9","10",
"마약류관리에관한법률(대마)","불심검문","범죄의 검거 단서[건]","건","13","17","15","31","22","5","3","17","4","1","3","1","12","6","7","5","4","10","5",
"마약류관리에관한법률(대마)","탐문정보","범죄의 검거 단서[건]","건","419","466","341","648","604","323","306","305","370","390","375","374","278","494","473","386","450","522","231",
"마약류관리에관한법률(대마)","안면식별","범죄의 검거 단서[건]","건","-","-","-","-","1","-","-","-","-","-","-","","-","1","-","-","0","-","1",
"마약류관리에관한법률(대마)","감식자료","범죄의 검거 단서[건]","건","1","1","-","3","1","1","1","3","-","2","2","3","6","7","2","4","5","4","9",
"마약류관리에관한법률(대마)","변사체","범죄의 검거 단서[건]","건","-","-","-","-","-","-","-","1","-","1","-","","-","-","-","-","1","-","-",
"마약류관리에관한법률(대마)","범죄수법","범죄의 검거 단서[건]","건","-","-","-","-","1","-","-","-","-","-","-","1","1","-","-","-","1","1","-",
"마약류관리에관한법률(대마)","발자국","범죄의 검거 단서[건]","건","-","-","-","-","-","-","-","-","-","-","-","","-","-","-","-","0","-","-",
"마약류관리에관한법률(대마)","검사지휘","범죄의 검거 단서[건]","건","-","-","3","3","4","2","-","3","3","1","-","3","2","2","8","1","2","-","1",
"마약류관리에관한법률(대마)","타기관에서 이송","범죄의 검거 단서[건]","건","-","2","1","-","1","2","1","-","-","-","2","","2","9","8","7","6","13","6",
"마약류관리에관한법률(대마)","범행도구등 발견","범죄의 검거 단서[건]","건","1","2","1","-","2","1","-","2","3","-","-","1","3","4","2","1","1","4","5",
"마약류관리에관한법률(대마)","장물","범죄의 검거 단서[건]","건","2","1","-","-","1","-","-","-","-","-","-","","-","-","-","-","0","-","-",
"마약류관리에관한법률(대마)","전과조회","범죄의 검거 단서[건]","건","1","2","2","-","-","1","1","-","-","-","-","","-","-","1","-","1","-","-",
"마약류관리에관한법률(대마)","기타","범죄의 검거 단서[건]","건","96","104","141","254","182","251","320","221","143","340","285","537","454","730","937","943","1144","1198","1115",
"마약류관리에관한법률(대마)","미상","범죄의 검거 단서[건]","건","","","","","","","","","135","","","","","","","","","","",
"마약류관리에관한법률(마약)","계","범죄의 검거 단서[건]","건","682","762","1195","1940","691","661","498","548","592","1086","1213","1287","1265","1412","1867","1298","2017","3709","1915",
"마약류관리에관한법률(마약)","현행범","범죄의 검거 단서[건]","건","26","43","121","92","21","11","16","7","7","8","11","7","2","8","21","12","10","35","16",
"마약류관리에관한법률(마약)","피해자신고","범죄의 검거 단서[건]","건","1","1","3","4","1","4","1","4","3","71","13","13","7","14","15","8","24","39","21",
"마약류관리에관한법률(마약)","고소","범죄의 검거 단서[건]","건","2","1","1","-","1","-","1","-","1","1","-","2","3","4","2","-","3","3","-",
"마약류관리에관한법률(마약)","고발","범죄의 검거 단서[건]","건","27","23","25","18","32","28","26","35","18","17","23","21","27","48","48","44","46","104","76",
"마약류관리에관한법률(마약)","자수","범죄의 검거 단서[건]","건","1","2","3","6","-","3","3","1","6","4","4","8","7","5","8","13","9","23","12",
"마약류관리에관한법률(마약)","민간체포","범죄의 검거 단서[건]","건","-","-","-","-","-","-","-","-","-","-","-","","-","-","-","-","0","-","-",
"마약류관리에관한법률(마약)","진정투서","범죄의 검거 단서[건]","건","1","-","-","4","2","-","-","2","1","-","1","4","1","4","7","11","15","26","14",
"마약류관리에관한법률(마약)","타인신고","범죄의 검거 단서[건]","건","20","29","41","47","26","15","18","13","18","22","53","74","84","80","95","125","187","567","230",
"마약류관리에관한법률(마약)","신문","범죄의 검거 단서[건]","건","-","-","-","2","-","-","-","-","-","-","-","","-","-","1","1","3","9","9",
"마약류관리에관한법률(마약)","불심검문","범죄의 검거 단서[건]","건","8","21","45","188","14","13","12","88","29","14","42","75","93","131","145","69","143","296","218",
"마약류관리에관한법률(마약)","탐문정보","범죄의 검거 단서[건]","건","480","522","544","1194","333","396","279","297","394","760","615","657","646","678","875","564","915","1247","513",
"마약류관리에관한법률(마약)","안면식별","범죄의 검거 단서[건]","건","-","-","5","5","-","1","-","-","-","-","-","","-","-","-","-","1","-","-",
"마약류관리에관한법률(마약)","감식자료","범죄의 검거 단서[건]","건","-","1","-","-","1","1","-","-","-","-","3","4","1","1","1","1","2","6","-",
"마약류관리에관한법률(마약)","변사체","범죄의 검거 단서[건]","건","-","-","1","-","-","-","-","-","-","-","-","","2","2","-","1","0","-","-",
"마약류관리에관한법률(마약)","범죄수법","범죄의 검거 단서[건]","건","-","-","-","-","-","-","-","-","-","-","-","","-","-","-","-","0","-","-",
"마약류관리에관한법률(마약)","발자국","범죄의 검거 단서[건]","건","-","-","-","-","-","-","-","-","-","-","-","","-","-","-","-","0","-","-",
"마약류관리에관한법률(마약)","검사지휘","범죄의 검거 단서[건]","건","-","6","-","-","-","-","1","-","-","1","2","1","-","-","-","-","1","-","-",
"마약류관리에관한법률(마약)","타기관에서 이송","범죄의 검거 단서[건]","건","-","1","-","2","-","1","1","2","-","1","-","1","-","1","1","4","2","4","7",
"마약류관리에관한법률(마약)","범행도구등 발견","범죄의 검거 단서[건]","건","2","-","2","1","-","-","2","-","1","2","2","14","7","6","6","4","4","8","3",
"마약류관리에관한법률(마약)","장물","범죄의 검거 단서[건]","건","-","-","-","-","-","1","-","-","-","-","-","","-","-","-","-","0","-","-",
"마약류관리에관한법률(마약)","전과조회","범죄의 검거 단서[건]","건","-","-","2","-","-","-","-","-","-","-","-","","1","-","-","1","0","-","-",
"마약류관리에관한법률(마약)","기타","범죄의 검거 단서[건]","건","114","112","402","377","260","187","138","99","84","185","444","406","384","430","642","440","652","1342","796",
"마약류관리에관한법률(마약)","미상","범죄의 검거 단서[건]","건","","","","","","","","","30","","","","","","","","","","",
"마약류관리에관한법률(향정)","계","범죄의 검거 단서[건]","건","3597","5117","3696","3721","2973","3689","4374","4149","4336","5917","6414","6510","5256","5896","6514","5616","7334","10601","8902",
"마약류관리에관한법률(향정)","현행범","범죄의 검거 단서[건]","건","195","133","77","68","98","111","111","83","171","214","310","338","183","134","181","202","234","310","204",
"마약류관리에관한법률(향정)","피해자신고","범죄의 검거 단서[건]","건","24","22","20","19","10","11","27","30","34","46","70","56","61","94","87","87","119","107","106",
"마약류관리에관한법률(향정)","고소","범죄의 검거 단서[건]","건","3","1","2","3","2","4","1","4","3","3","6","17","10","16","17","10","18","19","24",
"마약류관리에관한법률(향정)","고발","범죄의 검거 단서[건]","건","86","96","71","64","38","48","50","69","55","44","83","75","61","67","169","173","124","232","304",
"마약류관리에관한법률(향정)","자수","범죄의 검거 단서[건]","건","151","124","132","96","114","142","149","169","220","262","262","225","258","295","344","365","365","423","331",
"마약류관리에관한법률(향정)","민간체포","범죄의 검거 단서[건]","건","-","-","-","-","1","-","-","-","-","-","2","1","-","-","1","-","1","1","-",
"마약류관리에관한법률(향정)","진정투서","범죄의 검거 단서[건]","건","5","7","3","4","2","2","4","10","9","7","4","16","20","18","61","55","46","163","145",
"마약류관리에관한법률(향정)","타인신고","범죄의 검거 단서[건]","건","186","112","122","94","68","145","147","159","195","246","390","543","438","464","452","539","692","885","652",
"마약류관리에관한법률(향정)","신문","범죄의 검거 단서[건]","건","14","32","70","47","11","8","13","6","7","11","11","6","8","13","4","8","6","43","42",
"마약류관리에관한법률(향정)","불심검문","범죄의 검거 단서[건]","건","55","97","78","73","34","35","15","28","20","23","33","26","16","12","22","9","12","40","18",
"마약류관리에관한법률(향정)","탐문정보","범죄의 검거 단서[건]","건","1903","3497","2154","2100","1616","1650","1744","1749","1977","2707","2715","2839","1842","2373","2159","1573","2236","2170","1439",
"마약류관리에관한법률(향정)","안면식별","범죄의 검거 단서[건]","건","-","1","-","-","-","-","-","1","-","-","4","1","1","1","1","1","0","2","-",
"마약류관리에관한법률(향정)","감식자료","범죄의 검거 단서[건]","건","11","10","7","5","10","10","2","12","8","15","17","11","11","14","20","28","18","35","29",
"마약류관리에관한법률(향정)","변사체","범죄의 검거 단서[건]","건","1","4","1","-","1","2","3","3","4","1","-","30","4","3","6","1","5","4","5",
"마약류관리에관한법률(향정)","범죄수법","범죄의 검거 단서[건]","건","1","3","-","-","4","-","2","-","1","1","-","3","8","3","4","-","1","1","4",
"마약류관리에관한법률(향정)","발자국","범죄의 검거 단서[건]","건","-","-","-","-","-","-","-","-","-","-","-","","-","-","-","-","0","-","1",
"마약류관리에관한법률(향정)","검사지휘","범죄의 검거 단서[건]","건","2","10","20","17","10","11","3","9","5","16","19","10","9","16","12","6","2","1","6",
"마약류관리에관한법률(향정)","타기관에서 이송","범죄의 검거 단서[건]","건","14","5","6","5","7","8","9","11","8","13","18","11","17","13","21","25","43","41","54",
"마약류관리에관한법률(향정)","범행도구등 발견","범죄의 검거 단서[건]","건","11","3","2","1","1","7","6","4","5","13","15","8","13","9","16","20","23","429","38",
"마약류관리에관한법률(향정)","장물","범죄의 검거 단서[건]","건","-","-","-","-","-","-","-","-","-","-","-","","-","-","-","-","0","-","-",
"마약류관리에관한법률(향정)","전과조회","범죄의 검거 단서[건]","건","5","6","4","2","2","-","3","2","4","-","2","5","1","3","-","1","0","6","4",
"마약류관리에관한법률(향정)","기타","범죄의 검거 단서[건]","건","930","954","927","1123","944","1495","2085","1800","887","2295","2453","2289","2295","2348","2937","2513","3389","5689","5496",
"마약류관리에관한법률(향정)","미상","범죄의 검거 단서[건]","건","","","","","","","","","723","","","","","","","","","","",
"마약류불법거래방지에관한특례법","계","범죄의 검거 단서[건]","건","7","7","4","11","5","4","4","4","","","","","","","","","","","",
"마약류불법거래방지에관한특례법","현행범","범죄의 검거 단서[건]","건","1","-","-","-","-","-","-","-","","","","","","","","","","","",
"마약류불법거래방지에관한특례법","피해자신고","범죄의 검거 단서[건]","건","-","-","-","-","-","-","-","1","","","","","","","","","","","",
"마약류불법거래방지에관한특례법","고소","범죄의 검거 단서[건]","건","-","-","-","-","-","-","-","-","","","","","","","","","","","",
"마약류불법거래방지에관한특례법","고발","범죄의 검거 단서[건]","건","1","-","3","-","-","-","1","-","","","","","","","","","","","",
"마약류불법거래방지에관한특례법","자수","범죄의 검거 단서[건]","건","-","-","-","-","-","-","-","-","","","","","","","","","","","",
"마약류불법거래방지에관한특례법","민간체포","범죄의 검거 단서[건]","건","-","-","-","-","-","-","-","-","","","","","","","","","","","",
"마약류불법거래방지에관한특례법","진정투서","범죄의 검거 단서[건]","건","-","-","-","-","-","-","-","-","","","","","","","","","","","",
"마약류불법거래방지에관한특례법","타인신고","범죄의 검거 단서[건]","건","1","-","-","-","-","-","-","-","","","","","","","","","","","",
"마약류불법거래방지에관한특례법","신문","범죄의 검거 단서[건]","건","-","-","-","-","-","-","-","-","","","","","","","","","","","",
"마약류불법거래방지에관한특례법","불심검문","범죄의 검거 단서[건]","건","-","1","-","-","-","-","-","-","","","","","","","","","","","",
"마약류불법거래방지에관한특례법","탐문정보","범죄의 검거 단서[건]","건","3","5","-","7","2","2","1","2","","","","","","","","","","","",
"마약류불법거래방지에관한특례법","안면식별","범죄의 검거 단서[건]","건","-","-","-","-","-","-","-","-","","","","","","","","","","","",
"마약류불법거래방지에관한특례법","감식자료","범죄의 검거 단서[건]","건","-","-","-","-","-","-","-","-","","","","","","","","","","","",
"마약류불법거래방지에관한특례법","변사체","범죄의 검거 단서[건]","건","-","-","-","-","-","-","-","-","","","","","","","","","","","",
"마약류불법거래방지에관한특례법","범죄수법","범죄의 검거 단서[건]","건","-","-","-","-","-","-","-","-","","","","","","","","","","","",
"마약류불법거래방지에관한특례법","발자국","범죄의 검거 단서[건]","건","-","-","-","-","-","-","-","-","","","","","","","","","","","",
"마약류불법거래방지에관한특례법","검사지휘","범죄의 검거 단서[건]","건","-","-","-","-","-","-","-","-","","","","","","","","","","","",
"마약류불법거래방지에관한특례법","타기관에서 이송","범죄의 검거 단서[건]","건","-","-","-","-","-","-","-","-","","","","","","","","","","","",
"마약류불법거래방지에관한특례법","범행도구등 발견","범죄의 검거 단서[건]","건","-","-","-","-","-","-","-","-","","","","","","","","","","","",
"마약류불법거래방지에관한특례법","장물","범죄의 검거 단서[건]","건","-","-","-","-","-","-","-","-","","","","","","","","","","","",
"마약류불법거래방지에관한특례법","전과조회","범죄의 검거 단서[건]","건","-","-","-","-","-","-","-","-","","","","","","","","","","","",
"마약류불법거래방지에관한특례법","기타","범죄의 검거 단서[건]","건","1","1","1","4","3","2","2","1","","","","","","","","","","","",
"물환경보전법","계","범죄의 검거 단서[건]","건","","","","","","","","","1011","922","933","1834","1846","778","657","599","585","582","493",
"물환경보전법","현행범","범죄의 검거 단서[건]","건","","","","","","","","","37","41","26","18","22","18","21","16","29","24","19",
"물환경보전법","피해자신고","범죄의 검거 단서[건]","건","","","","","","","","","1","2","-","","272","2","1","-","0","-","2",
"물환경보전법","고소","범죄의 검거 단서[건]","건","","","","","","","","","6","2","6","2","1","-","5","3","3","1","2",
"물환경보전법","고발","범죄의 검거 단서[건]","건","","","","","","","","","355","319","342","395","318","329","276","238","264","255","255",
"물환경보전법","자수","범죄의 검거 단서[건]","건","","","","","","","","","1","-","-","2","-","-","3","1","2","-","-",
"물환경보전법","민간체포","범죄의 검거 단서[건]","건","","","","","","","","","-","-","-","","-","-","-","-","0","-","-",
"물환경보전법","진정투서","범죄의 검거 단서[건]","건","","","","","","","","","2","3","8","4","6","3","4","2","1","5","-",
"물환경보전법","타인신고","범죄의 검거 단서[건]","건","","","","","","","","","41","23","44","36","35","17","25","24","19","20","27",
"물환경보전법","신문","범죄의 검거 단서[건]","건","","","","","","","","","6","4","3","4","-","-","-","6","3","1","1",
"물환경보전법","불심검문","범죄의 검거 단서[건]","건","","","","","","","","","3","4","6","905","2","3","2","-","1","-","-",
"물환경보전법","탐문정보","범죄의 검거 단서[건]","건","","","","","","","","","46","35","45","14","791","9","8","7","5","5","2",
"물환경보전법","안면식별","범죄의 검거 단서[건]","건","","","","","","","","","-","-","-","","-","-","-","-","0","-","-",
"물환경보전법","감식자료","범죄의 검거 단서[건]","건","","","","","","","","","-","-","-","","-","-","-","-","0","-","-",
"물환경보전법","변사체","범죄의 검거 단서[건]","건","","","","","","","","","-","-","-","","-","-","-","-","0","-","-",
"물환경보전법","범죄수법","범죄의 검거 단서[건]","건","","","","","","","","","-","-","-","","-","-","-","-","0","-","-",
"물환경보전법","발자국","범죄의 검거 단서[건]","건","","","","","","","","","-","-","-","","-","-","-","-","0","-","-",
"물환경보전법","검사지휘","범죄의 검거 단서[건]","건","","","","","","","","","1","1","3","","-","1","1","-","0","-","-",
"물환경보전법","타기관에서 이송","범죄의 검거 단서[건]","건","","","","","","","","","-","1","-","","2","1","-","-","1","3","-",
"물환경보전법","범행도구등 발견","범죄의 검거 단서[건]","건","","","","","","","","","-","-","-","","-","-","-","1","0","-","1",
"물환경보전법","장물","범죄의 검거 단서[건]","건","","","","","","","","","-","-","-","","-","-","-","-","0","-","-",
"물환경보전법","전과조회","범죄의 검거 단서[건]","건","","","","","","","","","-","-","-","","-","-","-","-","0","-","-",
"물환경보전법","기타","범죄의 검거 단서[건]","건","","","","","","","","","66","487","450","454","397","395","311","301","257","268","184",
"물환경보전법","미상","범죄의 검거 단서[건]","건","","","","","","","","","446","","","","","","","","","","",
"민사소송법","계","범죄의 검거 단서[건]","건","31","11","14","12","9","4","7","1","","","","","","","","","","","",
"민사소송법","현행범","범죄의 검거 단서[건]","건","-","-","-","-","-","-","-","-","","","","","","","","","","","",
"민사소송법","피해자신고","범죄의 검거 단서[건]","건","-","-","-","-","-","-","-","-","","","","","","","","","","","",
"민사소송법","고소","범죄의 검거 단서[건]","건","27","9","13","12","7","3","7","1","","","","","","","","","","","",
"민사소송법","고발","범죄의 검거 단서[건]","건","2","-","-","-","-","-","-","-","","","","","","","","","","","",
"민사소송법","자수","범죄의 검거 단서[건]","건","1","1","-","-","-","-","-","-","","","","","","","","","","","",
"민사소송법","민간체포","범죄의 검거 단서[건]","건","-","-","-","-","-","-","-","-","","","","","","","","","","","",
"민사소송법","진정투서","범죄의 검거 단서[건]","건","-","-","-","-","-","-","-","-","","","","","","","","","","","",
"민사소송법","타인신고","범죄의 검거 단서[건]","건","-","-","-","-","-","-","-","-","","","","","","","","","","","",
"민사소송법","신문","범죄의 검거 단서[건]","건","-","-","-","-","-","-","-","-","","","","","","","","","","","",
"민사소송법","불심검문","범죄의 검거 단서[건]","건","-","-","-","-","-","-","-","-","","","","","","","","","","","",
"민사소송법","탐문정보","범죄의 검거 단서[건]","건","-","-","-","-","-","-","-","-","","","","","","","","","","","",
"민사소송법","안면식별","범죄의 검거 단서[건]","건","-","-","-","-","-","-","-","-","","","","","","","","","","","",
"민사소송법","감식자료","범죄의 검거 단서[건]","건","-","-","-","-","-","-","-","-","","","","","","","","","","","",
"민사소송법","변사체","범죄의 검거 단서[건]","건","-","-","-","-","-","-","-","-","","","","","","","","","","","",
"민사소송법","범죄수법","범죄의 검거 단서[건]","건","-","-","-","-","-","-","-","-","","","","","","","","","","","",
"민사소송법","발자국","범죄의 검거 단서[건]","건","-","-","-","-","-","-","-","-","","","","","","","","","","","",
"민사소송법","검사지휘","범죄의 검거 단서[건]","건","-","-","1","-","-","-","-","-","","","","","","","","","","","",
"민사소송법","타기관에서 이송","범죄의 검거 단서[건]","건","-","-","-","-","-","-","-","-","","","","","","","","","","","",
"민사소송법","범행도구등 발견","범죄의 검거 단서[건]","건","-","-","-","-","-","-","-","-","","","","","","","","","","","",
"민사소송법","장물","범죄의 검거 단서[건]","건","-","-","-","-","-","-","-","-","","","","","","","","","","","",
"민사소송법","전과조회","범죄의 검거 단서[건]","건","-","-","-","-","-","-","-","-","","","","","","","","","","","",
"민사소송법","기타","범죄의 검거 단서[건]","건","1","1","-","-","2","1","-","-","","","","","","","","","","","",
"밀항단속법","계","범죄의 검거 단서[건]","건","254","273","207","167","96","130","83","53","","","","","","","","","","","",
"밀항단속법","현행범","범죄의 검거 단서[건]","건","-","3","7","2","3","-","-","-","","","","","","","","","","","",
"밀항단속법","피해자신고","범죄의 검거 단서[건]","건","-","-","-","-","-","-","-","-","","","","","","","","","","","",
"밀항단속법","고소","범죄의 검거 단서[건]","건","-","1","-","-","1","-","1","-","","","","","","","","","","","",
"밀항단속법","고발","범죄의 검거 단서[건]","건","-","-","-","-","-","4","-","1","","","","","","","","","","","",
"밀항단속법","자수","범죄의 검거 단서[건]","건","8","6","6","4","2","5","2","3","","","","","","","","","","","",
"밀항단속법","민간체포","범죄의 검거 단서[건]","건","-","-","-","-","-","-","-","1","","","","","","","","","","","",
"밀항단속법","진정투서","범죄의 검거 단서[건]","건","-","-","-","-","-","-","-","-","","","","","","","","","","","",
"밀항단속법","타인신고","범죄의 검거 단서[건]","건","117","119","76","53","8","2","6","5","","","","","","","","","","","",
"밀항단속법","신문","범죄의 검거 단서[건]","건","1","-","-","-","1","-","-","-","","","","","","","","","","","",
"밀항단속법","불심검문","범죄의 검거 단서[건]","건","5","6","5","4","6","2","2","-","","","","","","","","","","","",
"밀항단속법","탐문정보","범죄의 검거 단서[건]","건","43","41","4","8","3","2","3","5","","","","","","","","","","","",
"밀항단속법","안면식별","범죄의 검거 단서[건]","건","-","-","-","-","-","-","-","-","","","","","","","","","","","",
"밀항단속법","감식자료","범죄의 검거 단서[건]","건","-","-","-","-","-","-","-","-","","","","","","","","","","","",
"밀항단속법","변사체","범죄의 검거 단서[건]","건","-","-","-","-","-","-","-","-","","","","","","","","","","","",
"밀항단속법","범죄수법","범죄의 검거 단서[건]","건","-","-","-","-","-","-","-","-","","","","","","","","","","","",
"밀항단속법","발자국","범죄의 검거 단서[건]","건","-","-","-","-","-","-","-","-","","","","","","","","","","","",
"밀항단속법","검사지휘","범죄의 검거 단서[건]","건","1","-","-","-","-","-","-","-","","","","","","","","","","","",
"밀항단속법","타기관에서 이송","범죄의 검거 단서[건]","건","13","2","-","4","2","15","2","7","","","","","","","","","","","",
"밀항단속법","범행도구등 발견","범죄의 검거 단서[건]","건","-","-","-","-","-","-","-","-","","","","","","","","","","","",
"밀항단속법","장물","범죄의 검거 단서[건]","건","-","-","-","-","-","-","-","-","","","","","","","","","","","",
"밀항단속법","전과조회","범죄의 검거 단서[건]","건","-","-","-","-","-","-","-","-","","","","","","","","","","","",
"밀항단속법","기타","범죄의 검거 단서[건]","건","66","95","109","92","70","100","67","31","","","","","","","","","","","",
"방문판매등에관한법률","계","범죄의 검거 단서[건]","건","213","190","227","828","266","233","156","132","","","","","","","","","","","",
"방문판매등에관한법률","현행범","범죄의 검거 단서[건]","건","-","3","4","10","3","1","1","2","","","","","","","","","","","",
"방문판매등에관한법률","피해자신고","범죄의 검거 단서[건]","건","3","10","8","25","8","5","5","8","","","","","","","","","","","",
"방문판매등에관한법률","고소","범죄의 검거 단서[건]","건","76","56","33","29","46","21","25","24","","","","","","","","","","","",
"방문판매등에관한법률","고발","범죄의 검거 단서[건]","건","12","15","15","17","9","19","22","23","","","","","","","","","","","",
"방문판매등에관한법률","자수","범죄의 검거 단서[건]","건","5","-","-","-","1","1","-","-","","","","","","","","","","","",
"방문판매등에관한법률","민간체포","범죄의 검거 단서[건]","건","-","-","-","-","-","-","-","-","","","","","","","","","","","",
"방문판매등에관한법률","진정투서","범죄의 검거 단서[건]","건","7","8","5","13","14","10","10","9","","","","","","","","","","","",
"방문판매등에관한법률","타인신고","범죄의 검거 단서[건]","건","4","12","14","15","20","9","9","7","","","","","","","","","","","",
"방문판매등에관한법률","신문","범죄의 검거 단서[건]","건","1","1","1","4","1","-","-","-","","","","","","","","","","","",
"방문판매등에관한법률","불심검문","범죄의 검거 단서[건]","건","4","2","3","6","6","-","-","-","","","","","","","","","","","",
"방문판매등에관한법률","탐문정보","범죄의 검거 단서[건]","건","75","59","112","585","117","99","53","42","","","","","","","","","","","",
"방문판매등에관한법률","안면식별","범죄의 검거 단서[건]","건","-","-","-","-","-","-","-","-","","","","","","","","","","","",
"방문판매등에관한법률","감식자료","범죄의 검거 단서[건]","건","-","-","-","-","-","-","-","-","","","","","","","","","","","",
"방문판매등에관한법률","변사체","범죄의 검거 단서[건]","건","-","-","-","-","-","-","-","-","","","","","","","","","","","",
"방문판매등에관한법률","범죄수법","범죄의 검거 단서[건]","건","-","-","-","-","-","-","-","-","","","","","","","","","","","",
"방문판매등에관한법률","발자국","범죄의 검거 단서[건]","건","-","-","-","-","-","-","-","-","","","","","","","","","","","",
"방문판매등에관한법률","검사지휘","범죄의 검거 단서[건]","건","1","2","2","3","3","4","2","1","","","","","","","","","","","",
"방문판매등에관한법률","타기관에서 이송","범죄의 검거 단서[건]","건","-","-","-","-","-","-","1","-","","","","","","","","","","","",
"방문판매등에관한법률","범행도구등 발견","범죄의 검거 단서[건]","건","-","-","-","-","-","-","-","-","","","","","","","","","","","",
"방문판매등에관한법률","장물","범죄의 검거 단서[건]","건","-","-","-","-","-","-","-","-","","","","","","","","","","","",
"방문판매등에관한법률","전과조회","범죄의 검거 단서[건]","건","-","1","-","-","-","-","-","-","","","","","","","","","","","",
"방문판매등에관한법률","기타","범죄의 검거 단서[건]","건","25","21","30","121","38","64","28","16","","","","","","","","","","","",
"배타적경제수역에서의외국인어업등에관한법률","계","범죄의 검거 단서[건]","건","381","391","372","266","264","420","388","377","244","415","358","286","191","149","79","96","49","118","117",
"배타적경제수역에서의외국인어업등에관한법률","현행범","범죄의 검거 단서[건]","건","186","184","209","90","51","128","104","103","72","65","131","27","46","28","40","18","11","5","-",
"배타적경제수역에서의외국인어업등에관한법률","피해자신고","범죄의 검거 단서[건]","건","-","-","-","-","-","-","-","-","-","-","-","","-","-","-","-","0","-","-",
"배타적경제수역에서의외국인어업등에관한법률","고소","범죄의 검거 단서[건]","건","-","-","-","-","-","-","-","-","-","-","-","","-","-","-","-","0","-","-",
"배타적경제수역에서의외국인어업등에관한법률","고발","범죄의 검거 단서[건]","건","-","-","-","-","-","-","-","-","-","-","-","","-","-","-","-","0","-","-",
"배타적경제수역에서의외국인어업등에관한법률","자수","범죄의 검거 단서[건]","건","-","-","-","-","-","-","-","-","-","-","-","","-","-","-","-","0","-","-",
"배타적경제수역에서의외국인어업등에관한법률","민간체포","범죄의 검거 단서[건]","건","-","-","-","-","-","-","-","-","-","-","-","","-","-","-","-","0","-","-",
"배타적경제수역에서의외국인어업등에관한법률","진정투서","범죄의 검거 단서[건]","건","-","-","-","-","-","-","-","-","-","-","-","","-","-","-","-","0","-","-",
"배타적경제수역에서의외국인어업등에관한법률","타인신고","범죄의 검거 단서[건]","건","-","-","-","1","-","-","-","-","-","-","-","2","-","-","1","-","1","2","-",
"배타적경제수역에서의외국인어업등에관한법률","신문","범죄의 검거 단서[건]","건","-","-","1","-","-","-","-","-","-","-","-","","-","-","-","-","0","-","-",
"배타적경제수역에서의외국인어업등에관한법률","불심검문","범죄의 검거 단서[건]","건","164","193","135","139","160","190","154","211","137","239","179","128","112","102","22","49","24","81","28",
"배타적경제수역에서의외국인어업등에관한법률","탐문정보","범죄의 검거 단서[건]","건","-","1","-","-","-","-","1","5","2","-","1","","-","-","1","-","0","-","-",
"배타적경제수역에서의외국인어업등에관한법률","안면식별","범죄의 검거 단서[건]","건","-","-","-","-","-","-","-","-","-","-","-","","-","-","-","-","0","-","-",
"배타적경제수역에서의외국인어업등에관한법률","감식자료","범죄의 검거 단서[건]","건","-","-","-","-","-","-","-","-","-","-","-","","-","-","-","-","0","-","-",
"배타적경제수역에서의외국인어업등에관한법률","변사체","범죄의 검거 단서[건]","건","-","-","-","-","-","-","-","-","-","-","-","","-","-","-","-","0","-","-",
"배타적경제수역에서의외국인어업등에관한법률","범죄수법","범죄의 검거 단서[건]","건","-","-","-","-","-","-","-","-","-","-","-","","-","-","-","-","0","-","-",
"배타적경제수역에서의외국인어업등에관한법률","발자국","범죄의 검거 단서[건]","건","-","-","-","-","-","-","-","-","-","-","-","","-","-","-","-","0","-","-",
"배타적경제수역에서의외국인어업등에관한법률","검사지휘","범죄의 검거 단서[건]","건","-","-","-","-","-","-","-","-","-","-","-","","-","-","-","-","0","-","-",
"배타적경제수역에서의외국인어업등에관한법률","타기관에서 이송","범죄의 검거 단서[건]","건","-","-","-","-","-","-","-","-","-","-","-","","-","-","-","-","0","-","-",
"배타적경제수역에서의외국인어업등에관한법률","범행도구등 발견","범죄의 검거 단서[건]","건","-","-","-","-","-","-","-","-","-","-","1","","-","-","-","-","0","-","-",
"배타적경제수역에서의외국인어업등에관한법률","장물","범죄의 검거 단서[건]","건","-","-","-","-","-","-","-","-","-","-","-","","-","-","-","-","0","-","-",
"배타적경제수역에서의외국인어업등에관한법률","전과조회","범죄의 검거 단서[건]","건","1","-","-","-","-","-","-","-","-","-","-","","-","-","-","-","0","-","-",
"배타적경제수역에서의외국인어업등에관한법률","기타","범죄의 검거 단서[건]","건","30","13","27","36","53","102","129","58","31","111","46","129","33","19","15","29","13","30","89",
"배타적경제수역에서의외국인어업등에관한법률","미상","범죄의 검거 단서[건]","건","","","","","","","","","2","","","","","","","","","","",
"범죄수익은닉의규제및처벌등에관한법률","계","범죄의 검거 단서[건]","건","20","22","24","12","33","101","115","104","191","276","227","245","329","301","279","250","698","823","662",
"범죄수익은닉의규제및처벌등에관한법률","현행범","범죄의 검거 단서[건]","건","-","-","-","-","1","-","-","2","2","3","2","2","2","2","-","9","5","7","8",
"범죄수익은닉의규제및처벌등에관한법률","피해자신고","범죄의 검거 단서[건]","건","-","-","-","1","-","-","-","-","-","-","-","1","1","-","2","-","6","9","9",
"범죄수익은닉의규제및처벌등에관한법률","고소","범죄의 검거 단서[건]","건","2","2","5","3","4","14","14","7","19","6","6","12","16","11","16","8","13","14","13",
"범죄수익은닉의규제및처벌등에관한법률","고발","범죄의 검거 단서[건]","건","-","-","1","-","1","-","1","1","1","1","1","7","10","5","5","4","6","5","5",
"범죄수익은닉의규제및처벌등에관한법률","자수","범죄의 검거 단서[건]","건","-","-","-","-","-","1","-","1","2","-","-","","-","-","-","-","0","1","2",
"범죄수익은닉의규제및처벌등에관한법률","민간체포","범죄의 검거 단서[건]","건","-","-","-","-","-","-","-","-","-","-","-","","-","-","-","-","0","-","-",
"범죄수익은닉의규제및처벌등에관한법률","진정투서","범죄의 검거 단서[건]","건","-","-","-","-","1","1","3","2","-","-","2","1","1","-","1","1","4","6","18",
"범죄수익은닉의규제및처벌등에관한법률","타인신고","범죄의 검거 단서[건]","건","1","1","-","-","-","3","2","1","-","-","-","1","1","1","-","-","1","8","5",
"범죄수익은닉의규제및처벌등에관한법률","신문","범죄의 검거 단서[건]","건","-","-","-","-","-","-","-","1","-","-","2","3","2","1","1","2","7","14","11",
"범죄수익은닉의규제및처벌등에관한법률","불심검문","범죄의 검거 단서[건]","건","-","1","-","-","-","-","-","-","-","1","-","","-","-","-","-","0","-","-",
"범죄수익은닉의규제및처벌등에관한법률","탐문정보","범죄의 검거 단서[건]","건","4","3","2","2","7","3","7","11","7","29","19","9","9","6","8","9","13","27","25",
"범죄수익은닉의규제및처벌등에관한법률","안면식별","범죄의 검거 단서[건]","건","-","-","-","-","-","-","-","-","-","-","-","","-","-","-","-","0","-","-",
"범죄수익은닉의규제및처벌등에관한법률","감식자료","범죄의 검거 단서[건]","건","-","-","-","-","-","-","-","-","-","-","-","","-","-","-","-","0","-","-",
"범죄수익은닉의규제및처벌등에관한법률","변사체","범죄의 검거 단서[건]","건","-","-","-","-","-","-","-","-","-","-","-","","-","-","-","-","0","-","-",
"범죄수익은닉의규제및처벌등에관한법률","범죄수법","범죄의 검거 단서[건]","건","-","-","-","-","-","-","-","-","-","-","1","","-","-","-","-","0","-","-",
"범죄수익은닉의규제및처벌등에관한법률","발자국","범죄의 검거 단서[건]","건","-","-","-","-","-","-","-","-","-","-","-","","-","-","-","-","0","-","-",
"범죄수익은닉의규제및처벌등에관한법률","검사지휘","범죄의 검거 단서[건]","건","-","-","-","-","-","-","-","1","4","5","3","","3","6","-","1","4","7","14",
"범죄수익은닉의규제및처벌등에관한법률","타기관에서 이송","범죄의 검거 단서[건]","건","-","-","-","-","-","-","-","1","-","-","1","","-","1","-","-","0","4","4",
"범죄수익은닉의규제및처벌등에관한법률","범행도구등 발견","범죄의 검거 단서[건]","건","-","-","-","-","-","-","-","-","-","-","-","","-","-","-","-","0","1","-",
"범죄수익은닉의규제및처벌등에관한법률","장물","범죄의 검거 단서[건]","건","-","-","-","-","-","-","-","-","-","-","-","","-","-","-","-","0","-","-",
"범죄수익은닉의규제및처벌등에관한법률","전과조회","범죄의 검거 단서[건]","건","-","-","-","-","-","-","-","-","-","-","-","","-","-","-","-","0","-","-",
"범죄수익은닉의규제및처벌등에관한법률","기타","범죄의 검거 단서[건]","건","13","15","16","6","19","79","88","76","19","231","190","209","284","268","246","216","639","720","548",
"범죄수익은닉의규제및처벌등에관한법률","미상","범죄의 검거 단서[건]","건","","","","","","","","","137","","","","","","","","","","",
"변호사법","계","범죄의 검거 단서[건]","건","541","556","469","524","472","585","630","503","580","847","752","753","604","469","359","274","285","300","297",
"변호사법","현행범","범죄의 검거 단서[건]","건","3","3","6","2","-","1","2","2","1","1","-","1","-","1","-","-","2","-","-",
"변호사법","피해자신고","범죄의 검거 단서[건]","건","13","4","10","8","11","12","9","9","6","4","4","6","4","3","7","1","6","6","4",
"변호사법","고소","범죄의 검거 단서[건]","건","240","260","231","239","255","244","283","266","285","258","235","197","205","185","168","141","160","162","134",
"변호사법","고발","범죄의 검거 단서[건]","건","9","4","7","10","9","18","17","23","28","37","42","21","45","35","40","37","43","33","30",
"변호사법","자수","범죄의 검거 단서[건]","건","5","2","1","2","-","3","3","1","-","2","-","1","1","1","-","-","1","-","3",
"변호사법","민간체포","범죄의 검거 단서[건]","건","-","-","-","-","-","1","-","-","-","-","-","","-","-","-","-","0","-","-",
"변호사법","진정투서","범죄의 검거 단서[건]","건","8","10","8","10","6","12","9","8","7","3","8","5","9","5","2","1","3","6","10",
"변호사법","타인신고","범죄의 검거 단서[건]","건","4","2","3","2","-","7","3","-","2","-","-","5","2","4","-","1","0","1","1",
"변호사법","신문","범죄의 검거 단서[건]","건","-","13","-","1","2","4","-","-","-","-","1","4","-","1","2","-","0","4","2",
"변호사법","불심검문","범죄의 검거 단서[건]","건","5","6","5","5","3","1","1","2","-","-","1","1","-","-","-","-","0","-","-",
"변호사법","탐문정보","범죄의 검거 단서[건]","건","75","81","71","93","81","67","60","49","41","58","63","58","50","25","22","19","12","5","12",
"변호사법","안면식별","범죄의 검거 단서[건]","건","-","-","-","-","-","-","1","-","-","-","-","","-","-","-","-","0","-","-",
"변호사법","감식자료","범죄의 검거 단서[건]","건","-","-","-","-","-","-","-","-","-","-","-","","-","-","-","-","0","-","-",
"변호사법","변사체","범죄의 검거 단서[건]","건","-","-","-","-","-","-","-","-","-","-","-","","-","-","-","-","0","-","-",
"변호사법","범죄수법","범죄의 검거 단서[건]","건","-","-","-","-","-","-","-","-","1","3","-","1","-","-","-","-","0","-","-",
"변호사법","발자국","범죄의 검거 단서[건]","건","-","-","-","-","-","1","-","-","-","-","-","","-","-","-","-","0","-","-",
"변호사법","검사지휘","범죄의 검거 단서[건]","건","-","2","3","-","11","2","3","4","3","6","12","3","5","7","6","1","0","-","-",
"변호사법","타기관에서 이송","범죄의 검거 단서[건]","건","1","1","-","1","-","-","1","-","-","-","-","","1","-","-","-","1","1","-",
"변호사법","범행도구등 발견","범죄의 검거 단서[건]","건","-","-","-","-","-","-","-","-","-","-","-","","1","-","-","-","0","-","-",
"변호사법","장물","범죄의 검거 단서[건]","건","-","-","-","-","-","1","-","-","-","-","-","","-","-","-","-","0","-","-",
"변호사법","전과조회","범죄의 검거 단서[건]","건","-","-","-","-","-","1","-","-","-","-","-","","-","-","-","-","0","-","-",
"변호사법","기타","범죄의 검거 단서[건]","건","178","168","124","151","94","210","238","139","22","475","386","450","281","202","112","73","57","82","101",
"변호사법","미상","범죄의 검거 단서[건]","건","","","","","","","","","184","","","","","","","","","","",
"병역법","계","범죄의 검거 단서[건]","건","9416","9486","7754","6891","7763","7091","7682","10080","6429","5980","5889","6846","6414","5876","1487","1124","3015","4827","4603",
"병역법","현행범","범죄의 검거 단서[건]","건","3","4","3","2","-","1","2","2","1","2","3","1","3","-","-","2","1","2","3",
"병역법","피해자신고","범죄의 검거 단서[건]","건","2","1","7","6","4","3","2","4","4","1","8","5","5","2","1","2","6","6","11",
"병역법","고소","범죄의 검거 단서[건]","건","75","81","67","56","49","54","49","71","56","45","62","62","74","69","23","13","22","30","31",
"병역법","고발","범죄의 검거 단서[건]","건","8920","9138","7384","6613","7315","6818","7222","9760","6178","5724","5642","6602","6136","5611","1354","1006","2789","4440","4224",
"병역법","자수","범죄의 검거 단서[건]","건","109","52","65","26","20","31","23","24","13","12","1","2","12","2","1","3","3","9","14",
"병역법","민간체포","범죄의 검거 단서[건]","건","-","-","-","-","-","-","-","-","-","1","-","","-","-","-","-","0","-","-",
"병역법","진정투서","범죄의 검거 단서[건]","건","1","2","1","-","2","1","6","-","1","1","2","1","7","2","3","1","4","3","4",
"병역법","타인신고","범죄의 검거 단서[건]","건","6","5","11","3","2","2","4","7","1","8","2","14","10","6","5","6","13","25","9",
"병역법","신문","범죄의 검거 단서[건]","건","4","4","1","1","1","-","-","-","-","-","1","2","1","-","-","2","2","2","21",
"병역법","불심검문","범죄의 검거 단서[건]","건","136","88","77","70","48","29","17","15","10","18","7","5","3","4","1","3","1","-","1",
"병역법","탐문정보","범죄의 검거 단서[건]","건","11","17","13","9","22","5","228","12","14","14","17","13","24","10","11","6","9","12","13",
"병역법","안면식별","범죄의 검거 단서[건]","건","1","1","-","-","-","-","-","-","-","-","-","","-","-","-","-","0","-","-",
"병역법","감식자료","범죄의 검거 단서[건]","건","-","-","-","-","-","-","-","-","-","1","-","1","-","-","-","-","0","-","-",
"병역법","변사체","범죄의 검거 단서[건]","건","-","-","-","-","-","1","-","-","-","-","1","","-","-","-","-","0","-","-",
"병역법","범죄수법","범죄의 검거 단서[건]","건","-","-","1","-","-","-","-","-","-","-","-","","-","-","-","-","1","-","-",
"병역법","발자국","범죄의 검거 단서[건]","건","-","-","-","-","-","-","-","-","-","-","-","","-","-","-","-","0","-","-",
"병역법","검사지휘","범죄의 검거 단서[건]","건","17","4","3","3","19","11","6","9","2","2","3","5","3","1","3","-","1","-","-",
"병역법","타기관에서 이송","범죄의 검거 단서[건]","건","3","1","-","2","3","4","2","3","-","1","4","2","3","3","1","3","7","7","3",
"병역법","범행도구등 발견","범죄의 검거 단서[건]","건","-","-","-","1","-","-","-","-","-","-","-","","-","-","-","-","0","-","-",
"병역법","장물","범죄의 검거 단서[건]","건","1","-","-","-","-","-","-","-","-","-","-","","-","-","-","-","0","-","-",
"병역법","전과조회","범죄의 검거 단서[건]","건","1","1","-","3","-","2","1","2","-","2","2","","1","1","-","-","0","-","-",
"병역법","기타","범죄의 검거 단서[건]","건","126","87","121","96","278","129","120","171","117","148","134","131","132","165","84","77","156","291","269",
"병역법","미상","범죄의 검거 단서[건]","건","","","","","","","","","32","","","","","","","","","","",
"보건범죄단속에관한특별조치법","계","범죄의 검거 단서[건]","건","14","12","599","615","333","359","314","440","","","","","","","","","","","",
"보건범죄단속에관한특별조치법","현행범","범죄의 검거 단서[건]","건","-","-","22","25","13","4","16","6","","","","","","","","","","","",
"보건범죄단속에관한특별조치법","피해자신고","범죄의 검거 단서[건]","건","1","1","36","30","22","22","24","24","","","","","","","","","","","",
"보건범죄단속에관한특별조치법","고소","범죄의 검거 단서[건]","건","4","2","79","61","64","66","56","70","","","","","","","","","","","",
"보건범죄단속에관한특별조치법","고발","범죄의 검거 단서[건]","건","-","-","17","21","21","22","34","21","","","","","","","","","","","",
"보건범죄단속에관한특별조치법","자수","범죄의 검거 단서[건]","건","-","-","1","1","2","3","2","-","","","","","","","","","","","",
"보건범죄단속에관한특별조치법","민간체포","범죄의 검거 단서[건]","건","-","-","-","-","-","-","-","-","","","","","","","","","","","",
"보건범죄단속에관한특별조치법","진정투서","범죄의 검거 단서[건]","건","-","-","14","11","26","24","20","15","","","","","","","","","","","",
"보건범죄단속에관한특별조치법","타인신고","범죄의 검거 단서[건]","건","-","1","31","28","22","21","16","11","","","","","","","","","","","",
"보건범죄단속에관한특별조치법","신문","범죄의 검거 단서[건]","건","-","-","2","2","-","-","-","1","","","","","","","","","","","",
"보건범죄단속에관한특별조치법","불심검문","범죄의 검거 단서[건]","건","-","-","13","19","2","2","1","31","","","","","","","","","","","",
"보건범죄단속에관한특별조치법","탐문정보","범죄의 검거 단서[건]","건","9","7","278","350","125","133","96","98","","","","","","","","","","","",
"보건범죄단속에관한특별조치법","안면식별","범죄의 검거 단서[건]","건","-","-","-","-","-","-","-","-","","","","","","","","","","","",
"보건범죄단속에관한특별조치법","감식자료","범죄의 검거 단서[건]","건","-","-","-","-","-","-","-","1","","","","","","","","","","","",
"보건범죄단속에관한특별조치법","변사체","범죄의 검거 단서[건]","건","-","-","-","1","-","1","-","-","","","","","","","","","","","",
"보건범죄단속에관한특별조치법","범죄수법","범죄의 검거 단서[건]","건","-","-","-","1","-","-","-","-","","","","","","","","","","","",
"보건범죄단속에관한특별조치법","발자국","범죄의 검거 단서[건]","건","-","-","-","-","-","-","-","-","","","","","","","","","","","",
"보건범죄단속에관한특별조치법","검사지휘","범죄의 검거 단서[건]","건","-","-","-","1","-","2","2","-","","","","","","","","","","","",
"보건범죄단속에관한특별조치법","타기관에서 이송","범죄의 검거 단서[건]","건","-","-","-","-","1","-","-","-","","","","","","","","","","","",
"보건범죄단속에관한특별조치법","범행도구등 발견","범죄의 검거 단서[건]","건","-","-","-","-","-","-","-","6","","","","","","","","","","","",
"보건범죄단속에관한특별조치법","장물","범죄의 검거 단서[건]","건","-","-","-","-","-","-","-","-","","","","","","","","","","","",
"보건범죄단속에관한특별조치법","전과조회","범죄의 검거 단서[건]","건","-","-","-","-","-","-","-","-","","","","","","","","","","","",
"보건범죄단속에관한특별조치법","기타","범죄의 검거 단서[건]","건","-","1","106","64","35","59","47","156","","","","","","","","","","","",
"보조금관리에관한법률","계","범죄의 검거 단서[건]","건","","","","","","","","","594","1084","518","690","349","1131","1034","638","1120","534","384",
"보조금관리에관한법률","현행범","범죄의 검거 단서[건]","건","","","","","","","","","1","6","-","","-","-","1","-","0","-","-",
"보조금관리에관한법률","피해자신고","범죄의 검거 단서[건]","건","","","","","","","","","1","-","2","4","1","5","6","2","3","9","6",
"보조금관리에관한법률","고소","범죄의 검거 단서[건]","건","","","","","","","","","15","6","12","13","15","18","30","17","12","20","21",
"보조금관리에관한법률","고발","범죄의 검거 단서[건]","건","","","","","","","","","54","62","88","62","80","77","110","122","190","174","118",
"보조금관리에관한법률","자수","범죄의 검거 단서[건]","건","","","","","","","","","-","1","-","1","-","-","2","1","0","1","3",
"보조금관리에관한법률","민간체포","범죄의 검거 단서[건]","건","","","","","","","","","-","-","-","","1","-","-","-","0","-","-",
"보조금관리에관한법률","진정투서","범죄의 검거 단서[건]","건","","","","","","","","","16","19","40","34","39","75","93","67","90","144","78",
"보조금관리에관한법률","타인신고","범죄의 검거 단서[건]","건","","","","","","","","","1","7","5","8","8","19","23","11","11","16","14",
"보조금관리에관한법률","신문","범죄의 검거 단서[건]","건","","","","","","","","","-","3","-","","-","-","-","-","2","3","1",
"보조금관리에관한법률","불심검문","범죄의 검거 단서[건]","건","","","","","","","","","2","2","1","","-","-","-","2","0","-","-",
"보조금관리에관한법률","탐문정보","범죄의 검거 단서[건]","건","","","","","","","","","280","613","174","370","75","385","186","317","670","50","58",
"보조금관리에관한법률","안면식별","범죄의 검거 단서[건]","건","","","","","","","","","-","-","-","","-","-","-","-","0","-","-",
"보조금관리에관한법률","감식자료","범죄의 검거 단서[건]","건","","","","","","","","","-","-","-","","-","-","-","-","0","-","-",
"보조금관리에관한법률","변사체","범죄의 검거 단서[건]","건","","","","","","","","","-","-","-","","-","-","-","-","0","-","-",
"보조금관리에관한법률","범죄수법","범죄의 검거 단서[건]","건","","","","","","","","","-","-","-","","-","-","1","-","0","-","-",
"보조금관리에관한법률","발자국","범죄의 검거 단서[건]","건","","","","","","","","","-","-","-","","-","-","-","-","0","-","-",
"보조금관리에관한법률","검사지휘","범죄의 검거 단서[건]","건","","","","","","","","","-","4","-","5","3","3","2","1","0","1","-",
"보조금관리에관한법률","타기관에서 이송","범죄의 검거 단서[건]","건","","","","","","","","","2","6","9","6","11","30","26","22","16","10","7",
"보조금관리에관한법률","범행도구등 발견","범죄의 검거 단서[건]","건","","","","","","","","","-","-","-","","-","-","-","-","0","-","-",
"보조금관리에관한법률","장물","범죄의 검거 단서[건]","건","","","","","","","","","-","-","-","","-","-","-","-","0","-","-",
"보조금관리에관한법률","전과조회","범죄의 검거 단서[건]","건","","","","","","","","","-","-","-","","-","-","-","-","0","-","-",
"보조금관리에관한법률","기타","범죄의 검거 단서[건]","건","","","","","","","","","131","355","187","187","116","519","554","76","126","106","78",
"보조금관리에관한법률","미상","범죄의 검거 단서[건]","건","","","","","","","","","91","","","","","","","","","","",
"부동산등기특별조치법","계","범죄의 검거 단서[건]","건","677","125","134","107","96","73","98","88","","","","","","","","","","","",
"부동산등기특별조치법","현행범","범죄의 검거 단서[건]","건","1","-","1","1","-","-","-","1","","","","","","","","","","","",
"부동산등기특별조치법","피해자신고","범죄의 검거 단서[건]","건","1","2","-","-","-","-","-","-","","","","","","","","","","","",
"부동산등기특별조치법","고소","범죄의 검거 단서[건]","건","40","36","71","35","29","19","17","10","","","","","","","","","","","",
"부동산등기특별조치법","고발","범죄의 검거 단서[건]","건","47","27","29","38","50","40","67","71","","","","","","","","","","","",
"부동산등기특별조치법","자수","범죄의 검거 단서[건]","건","1","1","-","-","-","-","-","-","","","","","","","","","","","",
"부동산등기특별조치법","민간체포","범죄의 검거 단서[건]","건","-","-","-","-","-","-","-","-","","","","","","","","","","","",
"부동산등기특별조치법","진정투서","범죄의 검거 단서[건]","건","18","6","2","6","2","1","1","-","","","","","","","","","","","",
"부동산등기특별조치법","타인신고","범죄의 검거 단서[건]","건","1","1","-","-","-","-","-","-","","","","","","","","","","","",
"부동산등기특별조치법","신문","범죄의 검거 단서[건]","건","2","1","-","2","-","-","1","-","","","","","","","","","","","",
"부동산등기특별조치법","불심검문","범죄의 검거 단서[건]","건","8","-","-","-","-","-","-","-","","","","","","","","","","","",
"부동산등기특별조치법","탐문정보","범죄의 검거 단서[건]","건","453","22","11","10","5","3","1","1","","","","","","","","","","","",
"부동산등기특별조치법","안면식별","범죄의 검거 단서[건]","건","-","-","-","-","-","-","-","-","","","","","","","","","","","",
"부동산등기특별조치법","감식자료","범죄의 검거 단서[건]","건","-","-","-","-","-","-","-","-","","","","","","","","","","","",
"부동산등기특별조치법","변사체","범죄의 검거 단서[건]","건","-","-","-","-","-","-","-","-","","","","","","","","","","","",
"부동산등기특별조치법","범죄수법","범죄의 검거 단서[건]","건","-","-","-","-","-","-","-","-","","","","","","","","","","","",
"부동산등기특별조치법","발자국","범죄의 검거 단서[건]","건","-","-","-","-","-","-","-","-","","","","","","","","","","","",
"부동산등기특별조치법","검사지휘","범죄의 검거 단서[건]","건","3","1","-","-","1","-","-","-","","","","","","","","","","","",
"부동산등기특별조치법","타기관에서 이송","범죄의 검거 단서[건]","건","-","-","-","-","-","-","-","-","","","","","","","","","","","",
"부동산등기특별조치법","범행도구등 발견","범죄의 검거 단서[건]","건","-","-","-","-","-","-","-","-","","","","","","","","","","","",
"부동산등기특별조치법","장물","범죄의 검거 단서[건]","건","-","-","-","-","-","-","-","-","","","","","","","","","","","",
"부동산등기특별조치법","전과조회","범죄의 검거 단서[건]","건","-","-","-","-","-","-","-","-","","","","","","","","","","","",
"부동산등기특별조치법","기타","범죄의 검거 단서[건]","건","102","28","20","15","9","10","11","5","","","","","","","","","","","",
"부동산실권리자명의등기에관한법률","계","범죄의 검거 단서[건]","건","415","344","386","453","444","513","499","515","438","411","426","399","433","359","409","338","314","354","322",
"부동산실권리자명의등기에관한법률","현행범","범죄의 검거 단서[건]","건","6","3","-","1","1","-","-","2","2","-","1","","-","1","-","-","0","-","-",
"부동산실권리자명의등기에관한법률","피해자신고","범죄의 검거 단서[건]","건","1","-","2","1","-","3","2","1","-","-","3","1","-","-","1","-","0","2","-",
"부동산실권리자명의등기에관한법률","고소","범죄의 검거 단서[건]","건","83","70","55","67","65","69","76","89","73","67","71","63","65","60","67","52","58","60","53",
"부동산실권리자명의등기에관한법률","고발","범죄의 검거 단서[건]","건","114","99","203","292","260","267","296","306","280","230","237","226","227","180","236","175","186","189","193",
"부동산실권리자명의등기에관한법률","자수","범죄의 검거 단서[건]","건","-","1","3","2","3","1","1","7","1","1","-","","-","1","-","-","1","5","3",
"부동산실권리자명의등기에관한법률","민간체포","범죄의 검거 단서[건]","건","-","-","-","-","-","-","-","-","-","-","-","","-","-","-","-","0","-","-",
"부동산실권리자명의등기에관한법률","진정투서","범죄의 검거 단서[건]","건","4","7","14","11","9","6","11","17","10","6","13","10","12","15","17","22","14","28","19",
"부동산실권리자명의등기에관한법률","타인신고","범죄의 검거 단서[건]","건","1","2","2","1","2","1","-","2","2","-","2","4","1","1","2","1","0","5","3",
"부동산실권리자명의등기에관한법률","신문","범죄의 검거 단서[건]","건","5","3","-","1","2","2","1","1","1","1","2","1","1","-","-","-","2","1","2",
"부동산실권리자명의등기에관한법률","불심검문","범죄의 검거 단서[건]","건","1","2","2","2","2","-","-","1","-","-","1","","-","-","-","-","0","-","-",
"부동산실권리자명의등기에관한법률","탐문정보","범죄의 검거 단서[건]","건","72","67","25","27","53","24","27","12","1","8","8","12","1","5","3","23","7","6","2",
"부동산실권리자명의등기에관한법률","안면식별","범죄의 검거 단서[건]","건","-","-","-","-","-","-","-","-","-","-","-","","-","-","-","-","0","-","-",
"부동산실권리자명의등기에관한법률","감식자료","범죄의 검거 단서[건]","건","-","-","-","-","-","-","-","-","-","-","-","","-","-","-","-","0","-","-",
"부동산실권리자명의등기에관한법률","변사체","범죄의 검거 단서[건]","건","-","-","1","-","-","-","-","-","-","-","-","","-","-","-","-","0","-","-",
"부동산실권리자명의등기에관한법률","범죄수법","범죄의 검거 단서[건]","건","-","-","-","-","-","-","-","-","-","-","-","","-","-","-","-","0","-","-",
"부동산실권리자명의등기에관한법률","발자국","범죄의 검거 단서[건]","건","1","-","-","-","-","-","-","-","-","-","-","","-","-","-","-","0","-","-",
"부동산실권리자명의등기에관한법률","검사지휘","범죄의 검거 단서[건]","건","9","2","8","5","5","-","2","1","1","3","2","2","4","-","5","-","1","-","-",
"부동산실권리자명의등기에관한법률","타기관에서 이송","범죄의 검거 단서[건]","건","-","-","-","-","1","-","-","1","-","-","-","","1","-","1","5","3","3","1",
"부동산실권리자명의등기에관한법률","범행도구등 발견","범죄의 검거 단서[건]","건","-","-","-","-","-","-","-","-","-","-","-","","-","-","-","-","0","-","-",
"부동산실권리자명의등기에관한법률","장물","범죄의 검거 단서[건]","건","-","-","-","-","-","-","-","-","-","-","-","","-","-","-","-","0","-","1",
"부동산실권리자명의등기에관한법률","전과조회","범죄의 검거 단서[건]","건","-","1","-","-","-","-","-","-","-","-","-","","-","-","-","-","0","-","-",
"부동산실권리자명의등기에관한법률","기타","범죄의 검거 단서[건]","건","118","87","71","43","41","140","83","75","26","95","86","80","121","96","77","60","42","55","45",
"부동산실권리자명의등기에관한법률","미상","범죄의 검거 단서[건]","건","","","","","","","","","41","","","","","","","","","","",
"부동산중개업법","계","범죄의 검거 단서[건]","건","707","200","96","59","49","42","31","22","","","","","","","","","","","",
"부동산중개업법","현행범","범죄의 검거 단서[건]","건","3","3","1","-","-","-","-","-","","","","","","","","","","","",
"부동산중개업법","피해자신고","범죄의 검거 단서[건]","건","7","3","-","-","-","-","-","-","","","","","","","","","","","",
"부동산중개업법","고소","범죄의 검거 단서[건]","건","306","108","56","32","20","18","17","9","","","","","","","","","","","",
"부동산중개업법","고발","범죄의 검거 단서[건]","건","156","38","20","14","24","12","11","10","","","","","","","","","","","",
"부동산중개업법","자수","범죄의 검거 단서[건]","건","5","-","-","-","-","-","-","-","","","","","","","","","","","",
"부동산중개업법","민간체포","범죄의 검거 단서[건]","건","-","-","-","-","-","-","-","-","","","","","","","","","","","",
"부동산중개업법","진정투서","범죄의 검거 단서[건]","건","25","9","5","6","3","8","2","-","","","","","","","","","","","",
"부동산중개업법","타인신고","범죄의 검거 단서[건]","건","6","2","-","2","1","-","-","1","","","","","","","","","","","",
"부동산중개업법","신문","범죄의 검거 단서[건]","건","5","2","-","-","-","-","-","-","","","","","","","","","","","",
"부동산중개업법","불심검문","범죄의 검거 단서[건]","건","-","-","-","-","-","-","-","-","","","","","","","","","","","",
"부동산중개업법","탐문정보","범죄의 검거 단서[건]","건","61","8","6","3","-","3","-","-","","","","","","","","","","","",
"부동산중개업법","안면식별","범죄의 검거 단서[건]","건","-","-","-","-","-","-","-","-","","","","","","","","","","","",
"부동산중개업법","감식자료","범죄의 검거 단서[건]","건","-","-","-","-","-","-","-","-","","","","","","","","","","","",
"부동산중개업법","변사체","범죄의 검거 단서[건]","건","-","-","-","-","-","-","-","-","","","","","","","","","","","",
"부동산중개업법","범죄수법","범죄의 검거 단서[건]","건","-","-","-","-","-","-","-","-","","","","","","","","","","","",
"부동산중개업법","발자국","범죄의 검거 단서[건]","건","-","-","-","-","-","-","-","-","","","","","","","","","","","",
"부동산중개업법","검사지휘","범죄의 검거 단서[건]","건","5","-","1","-","-","-","-","-","","","","","","","","","","","",
"부동산중개업법","타기관에서 이송","범죄의 검거 단서[건]","건","-","-","-","-","-","-","-","-","","","","","","","","","","","",
"부동산중개업법","범행도구등 발견","범죄의 검거 단서[건]","건","-","-","-","-","-","-","-","-","","","","","","","","","","","",
"부동산중개업법","장물","범죄의 검거 단서[건]","건","-","-","-","-","-","-","-","-","","","","","","","","","","","",
"부동산중개업법","전과조회","범죄의 검거 단서[건]","건","-","-","-","-","-","-","-","-","","","","","","","","","","","",
"부동산중개업법","기타","범죄의 검거 단서[건]","건","128","27","7","2","1","1","1","2","","","","","","","","","","","",
"부정경쟁방지및영업비밀보호에관한법률","계","범죄의 검거 단서[건]","건","539","454","498","499","403","465","494","488","462","447","504","401","540","487","592","387","473","537","645",
"부정경쟁방지및영업비밀보호에관한법률","현행범","범죄의 검거 단서[건]","건","8","3","2","4","4","1","1","6","3","1","1","1","-","-","5","-","1","2","1",
"부정경쟁방지및영업비밀보호에관한법률","피해자신고","범죄의 검거 단서[건]","건","9","6","16","18","6","16","20","18","14","20","18","18","15","7","11","10","15","26","14",
"부정경쟁방지및영업비밀보호에관한법률","고소","범죄의 검거 단서[건]","건","254","324","349","336","300","309","297","342","320","257","352","263","391","367","414","269","344","353","457",
"부정경쟁방지및영업비밀보호에관한법률","고발","범죄의 검거 단서[건]","건","8","9","15","6","12","7","16","8","6","6","6","8","5","7","3","4","2","4","7",
"부정경쟁방지및영업비밀보호에관한법률","자수","범죄의 검거 단서[건]","건","-","1","-","1","-","-","-","1","-","-","-","","-","-","-","-","0","-","-",
"부정경쟁방지및영업비밀보호에관한법률","민간체포","범죄의 검거 단서[건]","건","-","-","-","-","-","-","-","1","-","-","-","","-","-","-","-","0","-","-",
"부정경쟁방지및영업비밀보호에관한법률","진정투서","범죄의 검거 단서[건]","건","5","16","14","13","5","13","14","9","13","17","23","34","30","22","25","19","12","21","18",
"부정경쟁방지및영업비밀보호에관한법률","타인신고","범죄의 검거 단서[건]","건","5","10","6","10","6","2","6","10","7","5","2","2","4","4","2","1","1","3","5",
"부정경쟁방지및영업비밀보호에관한법률","신문","범죄의 검거 단서[건]","건","1","-","1","-","-","-","-","-","-","-","-","","-","-","-","-","0","-","2",
"부정경쟁방지및영업비밀보호에관한법률","불심검문","범죄의 검거 단서[건]","건","3","2","-","1","2","2","1","-","-","-","-","","-","-","-","-","0","-","-",
"부정경쟁방지및영업비밀보호에관한법률","탐문정보","범죄의 검거 단서[건]","건","177","33","44","52","18","31","32","22","25","20","24","19","29","20","13","4","12","9","14",
"부정경쟁방지및영업비밀보호에관한법률","안면식별","범죄의 검거 단서[건]","건","-","-","-","-","-","-","-","-","-","-","-","","-","-","-","-","0","-","-",
"부정경쟁방지및영업비밀보호에관한법률","감식자료","범죄의 검거 단서[건]","건","-","-","-","-","-","-","-","-","-","-","-","","-","-","-","-","0","-","-",
"부정경쟁방지및영업비밀보호에관한법률","변사체","범죄의 검거 단서[건]","건","-","-","-","-","-","-","-","-","-","-","-","","-","-","-","-","0","-","-",
"부정경쟁방지및영업비밀보호에관한법률","범죄수법","범죄의 검거 단서[건]","건","-","-","-","-","-","-","-","-","-","-","-","","-","-","-","-","0","-","-",
"부정경쟁방지및영업비밀보호에관한법률","발자국","범죄의 검거 단서[건]","건","-","-","-","-","-","-","-","-","-","-","-","","-","-","-","-","0","-","-",
"부정경쟁방지및영업비밀보호에관한법률","검사지휘","범죄의 검거 단서[건]","건","-","2","1","-","6","5","6","4","-","2","5","2","8","2","11","-","0","-","-",
"부정경쟁방지및영업비밀보호에관한법률","타기관에서 이송","범죄의 검거 단서[건]","건","-","1","1","1","-","-","-","-","-","-","-","","-","2","-","-","0","-","-",
"부정경쟁방지및영업비밀보호에관한법률","범행도구등 발견","범죄의 검거 단서[건]","건","-","-","1","1","-","-","-","-","-","-","-","","-","-","-","-","1","-","-",
"부정경쟁방지및영업비밀보호에관한법률","장물","범죄의 검거 단서[건]","건","-","-","-","-","-","-","-","-","-","-","-","","-","-","-","-","0","-","-",
"부정경쟁방지및영업비밀보호에관한법률","전과조회","범죄의 검거 단서[건]","건","-","-","-","1","-","-","-","-","-","-","-","","-","-","-","-","0","-","-",
"부정경쟁방지및영업비밀보호에관한법률","기타","범죄의 검거 단서[건]","건","69","47","48","55","44","79","101","67","44","119","73","54","58","56","108","80","85","119","127",
"부정경쟁방지및영업비밀보호에관한법률","미상","범죄의 검거 단서[건]","건","","","","","","","","","30","","","","","","","","","","",
"부정수표단속법","계","범죄의 검거 단서[건]","건","10899","9239","9394","10892","6173","5408","4477","3894","2910","2430","1609","1339","1279","1032","575","349","298","431","398",
"부정수표단속법","현행범","범죄의 검거 단서[건]","건","10","5","6","58","1","12","1","-","1","3","-","1","2","-","-","-","0","1","1",
"부정수표단속법","피해자신고","범죄의 검거 단서[건]","건","29","32","53","67","81","26","16","28","4","13","4","4","3","21","2","4","3","1","6",
"부정수표단속법","고소","범죄의 검거 단서[건]","건","212","146","162","166","98","94","81","62","52","53","47","40","32","26","21","13","14","10","9",
"부정수표단속법","고발","범죄의 검거 단서[건]","건","10177","8691","8834","10165","5698","5099","4278","3715","2762","2252","1503","1249","1184","925","510","287","252","375","350",
"부정수표단속법","자수","범죄의 검거 단서[건]","건","74","52","38","48","12","14","8","5","5","1","1","","2","1","-","2","0","-","2",
"부정수표단속법","민간체포","범죄의 검거 단서[건]","건","2","-","1","-","-","-","-","-","-","-","-","","-","1","-","-","0","-","-",
"부정수표단속법","진정투서","범죄의 검거 단서[건]","건","2","-","6","5","2","8","1","4","-","1","-","","1","1","1","-","1","1","1",
"부정수표단속법","타인신고","범죄의 검거 단서[건]","건","7","5","10","16","8","5","2","8","2","7","2","3","2","7","5","11","3","3","5",
"부정수표단속법","신문","범죄의 검거 단서[건]","건","14","10","5","10","6","1","1","-","1","-","-","","-","-","1","-","0","1","-",
"부정수표단속법","불심검문","범죄의 검거 단서[건]","건","54","74","30","46","17","3","1","1","2","1","1","","-","-","-","-","0","-","-",
"부정수표단속법","탐문정보","범죄의 검거 단서[건]","건","64","23","16","83","50","20","4","7","6","23","5","1","1","5","-","-","0","-","1",
"부정수표단속법","안면식별","범죄의 검거 단서[건]","건","4","-","-","-","-","-","-","-","-","-","-","","-","-","-","-","0","-","-",
"부정수표단속법","감식자료","범죄의 검거 단서[건]","건","-","-","-","-","2","4","1","1","-","-","-","1","-","-","-","-","0","-","-",
"부정수표단속법","변사체","범죄의 검거 단서[건]","건","-","-","11","2","-","-","-","-","1","-","-","","-","-","-","1","0","-","-",
"부정수표단속법","범죄수법","범죄의 검거 단서[건]","건","-","1","-","-","-","-","-","-","-","-","-","","-","-","-","-","0","-","-",
"부정수표단속법","발자국","범죄의 검거 단서[건]","건","-","-","-","-","-","-","-","-","-","-","-","","-","-","-","-","0","-","-",
"부정수표단속법","검사지휘","범죄의 검거 단서[건]","건","11","1","9","-","7","3","4","2","2","1","2","","2","1","2","-","0","-","-",
"부정수표단속법","타기관에서 이송","범죄의 검거 단서[건]","건","1","2","5","3","2","-","-","-","1","1","-","","-","-","-","1","0","-","1",
"부정수표단속법","범행도구등 발견","범죄의 검거 단서[건]","건","-","1","-","-","-","-","-","-","-","-","-","","-","-","-","-","0","-","-",
"부정수표단속법","장물","범죄의 검거 단서[건]","건","-","-","-","-","-","-","-","-","-","-","-","","-","-","-","-","0","-","-",
"부정수표단속법","전과조회","범죄의 검거 단서[건]","건","2","1","1","-","-","-","-","-","-","-","-","","-","-","-","-","0","-","-",
"부정수표단속법","기타","범죄의 검거 단서[건]","건","236","195","207","223","189","119","79","61","51","74","44","40","50","44","33","30","25","39","22",
"부정수표단속법","미상","범죄의 검거 단서[건]","건","","","","","","","","","20","","","","","","","","","","",
"사행행위등규제및처벌특례법","계","범죄의 검거 단서[건]","건","2399","3516","4836","5454","4283","3368","2287","1559","1245","974","780","430","301","255","252","179","166","93","81",
"사행행위등규제및처벌특례법","현행범","범죄의 검거 단서[건]","건","597","925","1353","1033","660","371","201","109","75","77","38","30","23","23","17","5","8","8","9",
"사행행위등규제및처벌특례법","피해자신고","범죄의 검거 단서[건]","건","31","57","123","168","103","71","36","18","11","6","6","3","2","3","2","2","3","3","2",
"사행행위등규제및처벌특례법","고소","범죄의 검거 단서[건]","건","9","10","25","28","18","15","9","5","1","2","1","1","1","2","2","1","0","-","1",
"사행행위등규제및처벌특례법","고발","범죄의 검거 단서[건]","건","36","30","38","59","27","11","13","6","8","1","1","","2","-","5","-","2","2","1",
"사행행위등규제및처벌특례법","자수","범죄의 검거 단서[건]","건","12","10","14","14","11","8","2","4","1","1","2","1","-","-","-","-","0","-","-",
"사행행위등규제및처벌특례법","민간체포","범죄의 검거 단서[건]","건","-","-","-","1","-","-","-","-","-","-","-","","-","-","-","-","0","-","-",
"사행행위등규제및처벌특례법","진정투서","범죄의 검거 단서[건]","건","14","12","18","28","31","9","6","2","1","4","1","2","2","4","1","3","2","1","3",
"사행행위등규제및처벌특례법","타인신고","범죄의 검거 단서[건]","건","403","801","1741","2110","1843","1508","1028","774","624","488","374","203","151","128","103","76","67","48","36",
"사행행위등규제및처벌특례법","신문","범죄의 검거 단서[건]","건","7","7","7","15","19","1","-","-","1","-","1","1","-","-","-","-","0","-","-",
"사행행위등규제및처벌특례법","불심검문","범죄의 검거 단서[건]","건","186","227","247","349","254","132","96","68","32","21","26","6","3","6","4","3","3","-","1",
"사행행위등규제및처벌특례법","탐문정보","범죄의 검거 단서[건]","건","550","681","383","434","310","230","163","152","163","102","95","57","32","34","42","42","36","9","8",
"사행행위등규제및처벌특례법","안면식별","범죄의 검거 단서[건]","건","-","-","-","-","-","-","-","-","-","-","-","","-","-","-","-","0","-","-",
"사행행위등규제및처벌특례법","감식자료","범죄의 검거 단서[건]","건","-","-","-","1","1","-","-","-","-","-","-","","-","-","-","-","0","-","-",
"사행행위등규제및처벌특례법","변사체","범죄의 검거 단서[건]","건","-","-","-","-","-","-","-","-","-","-","-","","-","-","-","-","0","-","-",
"사행행위등규제및처벌특례법","범죄수법","범죄의 검거 단서[건]","건","-","-","-","-","-","1","-","-","1","-","-","","-","-","1","-","0","-","-",
"사행행위등규제및처벌특례법","발자국","범죄의 검거 단서[건]","건","-","-","-","-","-","-","-","-","-","-","-","","-","-","-","-","0","-","-",
"사행행위등규제및처벌특례법","검사지휘","범죄의 검거 단서[건]","건","6","7","12","8","6","8","2","1","2","1","1","","-","-","-","-","0","-","-",
"사행행위등규제및처벌특례법","타기관에서 이송","범죄의 검거 단서[건]","건","1","2","-","1","3","2","4","-","3","-","2","","-","-","1","-","0","1","-",
"사행행위등규제및처벌특례법","범행도구등 발견","범죄의 검거 단서[건]","건","2","2","2","3","3","2","-","1","-","1","-","1","1","-","-","-","1","-","-",
"사행행위등규제및처벌특례법","장물","범죄의 검거 단서[건]","건","-","1","-","-","-","-","-","-","-","-","-","","-","-","-","-","0","-","-",
"사행행위등규제및처벌특례법","전과조회","범죄의 검거 단서[건]","건","1","1","2","5","1","-","2","-","-","-","-","","-","-","-","-","0","-","-",
"사행행위등규제및처벌특례법","기타","범죄의 검거 단서[건]","건","544","743","871","1197","993","999","725","419","255","270","232","125","84","55","74","47","44","21","20",
"사행행위등규제및처벌특례법","미상","범죄의 검거 단서[건]","건","","","","","","","","","67","","","","","","","","","","",
"산림법","계","범죄의 검거 단서[건]","건","953","1059","1006","1019","747","818","","677","","","","","","","","","","","",
"산림법","현행범","범죄의 검거 단서[건]","건","99","119","102","129","55","42","","22","","","","","","","","","","","",
"산림법","피해자신고","범죄의 검거 단서[건]","건","37","65","30","35","79","45","","34","","","","","","","","","","","",
"산림법","고소","범죄의 검거 단서[건]","건","106","80","54","74","52","61","","54","","","","","","","","","","","",
"산림법","고발","범죄의 검거 단서[건]","건","125","117","125","84","86","74","","114","","","","","","","","","","","",
"산림법","자수","범죄의 검거 단서[건]","건","9","16","8","16","4","2","","5","","","","","","","","","","","",
"산림법","민간체포","범죄의 검거 단서[건]","건","-","1","2","-","1","1","","-","","","","","","","","","","","",
"산림법","진정투서","범죄의 검거 단서[건]","건","7","10","7","10","10","11","","11","","","","","","","","","","","",
"산림법","타인신고","범죄의 검거 단서[건]","건","155","153","158","202","131","119","","75","","","","","","","","","","","",
"산림법","신문","범죄의 검거 단서[건]","건","3","5","4","5","1","2","","4","","","","","","","","","","","",
"산림법","불심검문","범죄의 검거 단서[건]","건","5","6","8","8","4","4","","1","","","","","","","","","","","",
"산림법","탐문정보","범죄의 검거 단서[건]","건","57","94","158","53","38","45","","24","","","","","","","","","","","",
"산림법","안면식별","범죄의 검거 단서[건]","건","-","1","-","-","1","-","","-","","","","","","","","","","","",
"산림법","감식자료","범죄의 검거 단서[건]","건","-","-","-","-","-","-","","-","","","","","","","","","","","",
"산림법","변사체","범죄의 검거 단서[건]","건","-","-","-","1","-","-","","-","","","","","","","","","","","",
"산림법","범죄수법","범죄의 검거 단서[건]","건","-","-","-","-","-","-","","-","","","","","","","","","","","",
"산림법","발자국","범죄의 검거 단서[건]","건","-","-","-","-","-","-","","-","","","","","","","","","","","",
"산림법","검사지휘","범죄의 검거 단서[건]","건","1","-","-","-","3","-","","1","","","","","","","","","","","",
"산림법","타기관에서 이송","범죄의 검거 단서[건]","건","4","3","2","8","2","2","","5","","","","","","","","","","","",
"산림법","범행도구등 발견","범죄의 검거 단서[건]","건","-","-","-","-","-","1","","-","","","","","","","","","","","",
"산림법","장물","범죄의 검거 단서[건]","건","-","-","-","-","-","-","","-","","","","","","","","","","","",
"산림법","전과조회","범죄의 검거 단서[건]","건","-","-","-","-","-","-","","-","","","","","","","","","","","",
"산림법","기타","범죄의 검거 단서[건]","건","345","389","348","394","280","409","","327","","","","","","","","","","","",
"산림자원의조성및관리에관한법률","계","범죄의 검거 단서[건]","건","","","","","","","821","","774","964","858","818","665","749","801","680","578","565","519",
"산림자원의조성및관리에관한법률","현행범","범죄의 검거 단서[건]","건","","","","","","","32","","43","59","52","70","44","48","38","24","26","30","50",
"산림자원의조성및관리에관한법률","피해자신고","범죄의 검거 단서[건]","건","","","","","","","69","","44","37","59","48","70","49","62","41","41","47","46",
"산림자원의조성및관리에관한법률","고소","범죄의 검거 단서[건]","건","","","","","","","44","","44","44","38","22","21","29","31","36","26","21","28",
"산림자원의조성및관리에관한법률","고발","범죄의 검거 단서[건]","건","","","","","","","109","","99","99","111","69","82","71","78","76","40","45","29",
"산림자원의조성및관리에관한법률","자수","범죄의 검거 단서[건]","건","","","","","","","1","","10","6","7","10","7","5","5","7","8","10","10",
"산림자원의조성및관리에관한법률","민간체포","범죄의 검거 단서[건]","건","","","","","","","-","","2","-","-","2","-","1","-","-","0","-","-",
"산림자원의조성및관리에관한법률","진정투서","범죄의 검거 단서[건]","건","","","","","","","14","","26","15","4","8","10","6","13","5","5","1","3",
"산림자원의조성및관리에관한법률","타인신고","범죄의 검거 단서[건]","건","","","","","","","122","","97","121","119","125","104","98","128","84","85","90","81",
"산림자원의조성및관리에관한법률","신문","범죄의 검거 단서[건]","건","","","","","","","3","","2","2","7","12","6","10","3","9","9","10","2",
"산림자원의조성및관리에관한법률","불심검문","범죄의 검거 단서[건]","건","","","","","","","3","","2","1","2","6","1","1","-","1","0","-","1",
"산림자원의조성및관리에관한법률","탐문정보","범죄의 검거 단서[건]","건","","","","","","","24","","23","33","16","27","17","17","11","9","6","14","8",
"산림자원의조성및관리에관한법률","안면식별","범죄의 검거 단서[건]","건","","","","","","","-","","-","-","-","","-","-","-","-","0","-","-",
"산림자원의조성및관리에관한법률","감식자료","범죄의 검거 단서[건]","건","","","","","","","-","","-","-","-","","1","-","-","-","0","-","-",
"산림자원의조성및관리에관한법률","변사체","범죄의 검거 단서[건]","건","","","","","","","-","","-","-","-","","-","-","-","-","0","-","-",
"산림자원의조성및관리에관한법률","범죄수법","범죄의 검거 단서[건]","건","","","","","","","-","","-","-","-","","-","-","-","-","0","-","-",
"산림자원의조성및관리에관한법률","발자국","범죄의 검거 단서[건]","건","","","","","","","-","","-","-","-","","-","-","-","-","0","-","-",
"산림자원의조성및관리에관한법률","검사지휘","범죄의 검거 단서[건]","건","","","","","","","1","","-","4","1","1","1","-","4","-","0","-","-",
"산림자원의조성및관리에관한법률","타기관에서 이송","범죄의 검거 단서[건]","건","","","","","","","-","","3","2","4","2","2","2","5","2","1","6","1",
"산림자원의조성및관리에관한법률","범행도구등 발견","범죄의 검거 단서[건]","건","","","","","","","-","","-","-","-","","-","-","-","-","0","-","-",
"산림자원의조성및관리에관한법률","장물","범죄의 검거 단서[건]","건","","","","","","","-","","-","-","-","","-","-","-","1","0","-","-",
"산림자원의조성및관리에관한법률","전과조회","범죄의 검거 단서[건]","건","","","","","","","-","","-","-","-","","-","-","-","-","0","-","-",
"산림자원의조성및관리에관한법률","기타","범죄의 검거 단서[건]","건","","","","","","","399","","79","541","438","416","299","412","423","385","331","291","260",
"산림자원의조성및관리에관한법률","미상","범죄의 검거 단서[건]","건","","","","","","","","","300","","","","","","","","","","",
"산업안전보건법","계","범죄의 검거 단서[건]","건","1712","1723","1642","1708","2722","2447","5559","5323","4511","4259","5829","6479","6461","7658","4832","4464","3903","2713","2205",
"산업안전보건법","현행범","범죄의 검거 단서[건]","건","27","76","64","68","145","62","296","181","130","124","185","187","204","210","142","141","146","115","82",
"산업안전보건법","피해자신고","범죄의 검거 단서[건]","건","17","16","18","11","8","6","13","16","17","52","13","21","33","11","19","25","9","9","22",
"산업안전보건법","고소","범죄의 검거 단서[건]","건","34","33","25","28","32","14","26","33","35","25","79","124","37","40","55","72","63","73","101",
"산업안전보건법","고발","범죄의 검거 단서[건]","건","59","44","56","103","119","99","102","86","141","136","85","144","233","213","290","198","153","75","77",
"산업안전보건법","자수","범죄의 검거 단서[건]","건","218","192","188","213","293","240","354","381","274","188","242","230","131","152","93","80","44","37","29",
"산업안전보건법","민간체포","범죄의 검거 단서[건]","건","-","-","-","-","-","-","-","-","-","-","-","","-","-","-","-","0","-","-",
"산업안전보건법","진정투서","범죄의 검거 단서[건]","건","25","28","21","23","8","8","18","20","31","12","18","21","27","16","16","13","8","6","14",
"산업안전보건법","타인신고","범죄의 검거 단서[건]","건","27","36","56","73","77","77","81","21","17","19","19","23","17","18","22","28","17","8","13",
"산업안전보건법","신문","범죄의 검거 단서[건]","건","22","18","3","16","21","39","98","76","30","9","47","76","86","75","63","91","94","53","36",
"산업안전보건법","불심검문","범죄의 검거 단서[건]","건","10","2","1","1","-","3","6","9","-","12","20","20","20","31","23","26","25","23","18",
"산업안전보건법","탐문정보","범죄의 검거 단서[건]","건","5","23","33","8","8","5","14","18","11","11","16","36","16","11","5","13","7","9","8",
"산업안전보건법","안면식별","범죄의 검거 단서[건]","건","-","-","-","-","-","-","-","-","-","-","-","","-","-","-","-","0","-","1",
"산업안전보건법","감식자료","범죄의 검거 단서[건]","건","-","-","-","-","-","-","-","-","-","-","-","1","-","-","-","-","0","-","-",
"산업안전보건법","변사체","범죄의 검거 단서[건]","건","2","1","2","2","2","7","5","10","1","5","2","1","3","1","2","2","2","2","5",
"산업안전보건법","범죄수법","범죄의 검거 단서[건]","건","-","-","-","5","3","7","5","26","17","9","10","6","11","27","16","18","18","18","21",
"산업안전보건법","발자국","범죄의 검거 단서[건]","건","-","-","-","-","-","-","-","-","-","-","-","","-","-","-","-","0","-","-",
"산업안전보건법","검사지휘","범죄의 검거 단서[건]","건","22","30","12","20","87","31","22","10","17","15","6","8","4","4","3","12","1","4","2",
"산업안전보건법","타기관에서 이송","범죄의 검거 단서[건]","건","2","4","3","7","1","-","2","1","-","2","1","","3","-","1","3","2","1","5",
"산업안전보건법","범행도구등 발견","범죄의 검거 단서[건]","건","-","-","-","-","-","-","-","-","-","-","-","","-","-","-","-","0","-","-",
"산업안전보건법","장물","범죄의 검거 단서[건]","건","-","-","-","-","-","-","-","-","-","-","-","","-","-","-","-","0","-","-",
"산업안전보건법","전과조회","범죄의 검거 단서[건]","건","-","-","-","-","-","-","-","-","-","1","-","","-","-","-","-","0","-","-",
"산업안전보건법","기타","범죄의 검거 단서[건]","건","1242","1220","1160","1130","1918","1849","4517","4435","715","3639","5086","5581","5636","6849","4082","3742","3314","2280","1771",
"산업안전보건법","미상","범죄의 검거 단서[건]","건","","","","","","","","","3075","","","","","","","","","","",
"산업재해보상보험법","계","범죄의 검거 단서[건]","건","6","3","-","5","38","19","29","18","","","","","","","","","","","",
"산업재해보상보험법","현행범","범죄의 검거 단서[건]","건","1","-","-","-","-","-","-","-","","","","","","","","","","","",
"산업재해보상보험법","피해자신고","범죄의 검거 단서[건]","건","-","-","-","-","-","1","1","-","","","","","","","","","","","",
"산업재해보상보험법","고소","범죄의 검거 단서[건]","건","-","1","-","-","1","1","-","-","","","","","","","","","","","",
"산업재해보상보험법","고발","범죄의 검거 단서[건]","건","4","2","-","4","23","6","21","9","","","","","","","","","","","",
"산업재해보상보험법","자수","범죄의 검거 단서[건]","건","-","-","-","-","-","-","-","-","","","","","","","","","","","",
"산업재해보상보험법","민간체포","범죄의 검거 단서[건]","건","-","-","-","-","-","-","-","-","","","","","","","","","","","",
"산업재해보상보험법","진정투서","범죄의 검거 단서[건]","건","-","-","-","1","1","-","3","-","","","","","","","","","","","",
"산업재해보상보험법","타인신고","범죄의 검거 단서[건]","건","-","-","-","-","-","1","-","1","","","","","","","","","","","",
"산업재해보상보험법","신문","범죄의 검거 단서[건]","건","-","-","-","-","-","-","-","-","","","","","","","","","","","",
"산업재해보상보험법","불심검문","범죄의 검거 단서[건]","건","-","-","-","-","-","-","-","-","","","","","","","","","","","",
"산업재해보상보험법","탐문정보","범죄의 검거 단서[건]","건","-","-","-","-","11","2","-","6","","","","","","","","","","","",
"산업재해보상보험법","안면식별","범죄의 검거 단서[건]","건","-","-","-","-","-","-","-","-","","","","","","","","","","","",
"산업재해보상보험법","감식자료","범죄의 검거 단서[건]","건","-","-","-","-","-","-","-","-","","","","","","","","","","","",
"산업재해보상보험법","변사체","범죄의 검거 단서[건]","건","-","-","-","-","-","-","-","-","","","","","","","","","","","",
"산업재해보상보험법","범죄수법","범죄의 검거 단서[건]","건","-","-","-","-","-","-","-","-","","","","","","","","","","","",
"산업재해보상보험법","발자국","범죄의 검거 단서[건]","건","-","-","-","-","-","-","-","-","","","","","","","","","","","",
"산업재해보상보험법","검사지휘","범죄의 검거 단서[건]","건","-","-","-","-","-","-","-","-","","","","","","","","","","","",
"산업재해보상보험법","타기관에서 이송","범죄의 검거 단서[건]","건","-","-","-","-","-","-","-","-","","","","","","","","","","","",
"산업재해보상보험법","범행도구등 발견","범죄의 검거 단서[건]","건","-","-","-","-","-","-","-","-","","","","","","","","","","","",
"산업재해보상보험법","장물","범죄의 검거 단서[건]","건","-","-","-","-","-","-","-","-","","","","","","","","","","","",
"산업재해보상보험법","전과조회","범죄의 검거 단서[건]","건","-","-","-","-","-","-","-","-","","","","","","","","","","","",
"산업재해보상보험법","기타","범죄의 검거 단서[건]","건","1","-","-","-","2","8","4","2","","","","","","","","","","","",
"산지관리법","계","범죄의 검거 단서[건]","건","","","","","","","","","2280","2829","2768","2630","2444","2402","2563","2490","2174","1817","1815",
"산지관리법","현행범","범죄의 검거 단서[건]","건","","","","","","","","","44","44","71","61","54","43","29","36","18","27","24",
"산지관리법","피해자신고","범죄의 검거 단서[건]","건","","","","","","","","","21","46","51","36","43","34","60","22","40","28","47",
"산지관리법","고소","범죄의 검거 단서[건]","건","","","","","","","","","45","42","40","39","33","34","31","52","25","33","31",
"산지관리법","고발","범죄의 검거 단서[건]","건","","","","","","","","","385","398","489","462","432","454","530","468","459","401","408",
"산지관리법","자수","범죄의 검거 단서[건]","건","","","","","","","","","26","25","44","72","82","74","33","62","57","64","56",
"산지관리법","민간체포","범죄의 검거 단서[건]","건","","","","","","","","","-","-","-","","-","-","-","-","0","-","-",
"산지관리법","진정투서","범죄의 검거 단서[건]","건","","","","","","","","","27","31","17","20","14","20","14","13","20","26","27",
"산지관리법","타인신고","범죄의 검거 단서[건]","건","","","","","","","","","295","327","405","397","309","265","308","287","293","320","331",
"산지관리법","신문","범죄의 검거 단서[건]","건","","","","","","","","","6","11","26","39","17","24","32","22","35","10","18",
"산지관리법","불심검문","범죄의 검거 단서[건]","건","","","","","","","","","2","6","2","18","2","2","1","1","0","-","4",
"산지관리법","탐문정보","범죄의 검거 단서[건]","건","","","","","","","","","51","84","69","98","66","71","42","22","31","21","25",
"산지관리법","안면식별","범죄의 검거 단서[건]","건","","","","","","","","","-","-","-","","-","-","-","-","0","-","-",
"산지관리법","감식자료","범죄의 검거 단서[건]","건","","","","","","","","","-","-","-","","-","-","-","-","0","-","-",
"산지관리법","변사체","범죄의 검거 단서[건]","건","","","","","","","","","-","1","-","","-","-","-","-","0","-","-",
"산지관리법","범죄수법","범죄의 검거 단서[건]","건","","","","","","","","","-","-","-","","-","-","-","-","0","-","-",
"산지관리법","발자국","범죄의 검거 단서[건]","건","","","","","","","","","-","-","-","","-","-","-","-","0","-","-",
"산지관리법","검사지휘","범죄의 검거 단서[건]","건","","","","","","","","","1","3","2","3","4","4","2","-","2","-","-",
"산지관리법","타기관에서 이송","범죄의 검거 단서[건]","건","","","","","","","","","1","3","2","5","4","2","3","-","1","1","3",
"산지관리법","범행도구등 발견","범죄의 검거 단서[건]","건","","","","","","","","","-","-","-","","-","-","-","-","0","-","-",
"산지관리법","장물","범죄의 검거 단서[건]","건","","","","","","","","","-","-","-","","-","-","-","-","0","-","-",
"산지관리법","전과조회","범죄의 검거 단서[건]","건","","","","","","","","","-","-","-","","-","-","-","-","0","-","-",
"산지관리법","기타","범죄의 검거 단서[건]","건","","","","","","","","","269","1808","1550","1380","1384","1375","1478","1505","1193","886","841",
"산지관리법","미상","범죄의 검거 단서[건]","건","","","","","","","","","1107","","","","","","","","","","",
"상법","계","범죄의 검거 단서[건]","건","245","233","86","130","156","79","86","56","","","","","","","","","","","",
"상법","현행범","범죄의 검거 단서[건]","건","6","-","-","-","1","-","-","-","","","","","","","","","","","",
"상법","피해자신고","범죄의 검거 단서[건]","건","1","-","-","1","-","-","-","-","","","","","","","","","","","",
"상법","고소","범죄의 검거 단서[건]","건","15","18","15","18","16","28","17","18","","","","","","","","","","","",
"상법","고발","범죄의 검거 단서[건]","건","8","12","3","6","6","3","8","4","","","","","","","","","","","",
"상법","자수","범죄의 검거 단서[건]","건","1","2","-","-","-","-","-","-","","","","","","","","","","","",
"상법","민간체포","범죄의 검거 단서[건]","건","-","-","-","-","-","-","-","-","","","","","","","","","","","",
"상법","진정투서","범죄의 검거 단서[건]","건","47","11","4","9","3","2","2","9","","","","","","","","","","","",
"상법","타인신고","범죄의 검거 단서[건]","건","-","4","1","2","1","2","1","-","","","","","","","","","","","",
"상법","신문","범죄의 검거 단서[건]","건","1","-","-","-","-","-","-","-","","","","","","","","","","","",
"상법","불심검문","범죄의 검거 단서[건]","건","3","1","1","-","1","1","-","-","","","","","","","","","","","",
"상법","탐문정보","범죄의 검거 단서[건]","건","53","20","13","18","91","9","4","4","","","","","","","","","","","",
"상법","안면식별","범죄의 검거 단서[건]","건","-","-","-","-","-","-","-","-","","","","","","","","","","","",
"상법","감식자료","범죄의 검거 단서[건]","건","-","-","-","-","-","-","-","-","","","","","","","","","","","",
"상법","변사체","범죄의 검거 단서[건]","건","-","-","-","-","-","-","-","-","","","","","","","","","","","",
"상법","범죄수법","범죄의 검거 단서[건]","건","-","-","-","-","-","-","-","-","","","","","","","","","","","",
"상법","발자국","범죄의 검거 단서[건]","건","-","-","-","-","-","-","-","-","","","","","","","","","","","",
"상법","검사지휘","범죄의 검거 단서[건]","건","-","2","-","1","2","1","1","-","","","","","","","","","","","",
"상법","타기관에서 이송","범죄의 검거 단서[건]","건","1","1","-","-","-","-","-","-","","","","","","","","","","","",
"상법","범행도구등 발견","범죄의 검거 단서[건]","건","-","-","-","-","-","-","-","-","","","","","","","","","","","",
"상법","장물","범죄의 검거 단서[건]","건","-","-","-","-","-","-","-","-","","","","","","","","","","","",
"상법","전과조회","범죄의 검거 단서[건]","건","-","-","-","-","-","-","-","-","","","","","","","","","","","",
"상법","기타","범죄의 검거 단서[건]","건","109","162","49","75","35","33","53","21","","","","","","","","","","","",
"상표법","계","범죄의 검거 단서[건]","건","6486","3784","5438","5161","4040","3211","2868","3062","3999","4121","4153","3410","3205","3437","2881","2790","2507","2715","2745",
"상표법","현행범","범죄의 검거 단서[건]","건","687","955","606","355","252","130","130","245","271","331","425","367","181","118","40","28","46","76","65",
"상표법","피해자신고","범죄의 검거 단서[건]","건","40","36","45","48","95","47","73","81","113","147","379","257","174","190","166","176","128","141","150",
"상표법","고소","범죄의 검거 단서[건]","건","615","540","536","514","594","510","494","584","801","791","886","725","838","1110","937","851","842","1173","982",
"상표법","고발","범죄의 검거 단서[건]","건","42","58","69","42","36","36","101","54","62","92","159","45","38","60","76","40","47","54","40",
"상표법","자수","범죄의 검거 단서[건]","건","17","7","7","7","2","2","2","3","5","1","3","","3","-","-","-","0","2","3",
"상표법","민간체포","범죄의 검거 단서[건]","건","1","-","-","-","-","-","1","-","1","-","-","1","-","1","2","-","0","-","-",
"상표법","진정투서","범죄의 검거 단서[건]","건","98","38","113","92","68","38","31","59","27","49","58","68","40","45","57","44","25","49","79",
"상표법","타인신고","범죄의 검거 단서[건]","건","152","118","249","252","331","360","354","611","901","762","925","713","600","754","651","911","665","625","777",
"상표법","신문","범죄의 검거 단서[건]","건","3","7","10","1","6","3","1","5","7","2","2","1","-","-","-","1","0","1","8",
"상표법","불심검문","범죄의 검거 단서[건]","건","74","34","90","248","71","40","10","6","38","42","37","28","16","27","13","8","79","69","21",
"상표법","탐문정보","범죄의 검거 단서[건]","건","2784","938","2284","1528","993","512","257","200","154","358","185","151","504","41","60","29","76","28","13",
"상표법","안면식별","범죄의 검거 단서[건]","건","4","-","1","-","2","-","-","-","-","-","-","","-","-","-","-","0","-","-",
"상표법","감식자료","범죄의 검거 단서[건]","건","-","-","-","-","-","-","1","-","-","-","-","","-","-","-","-","0","-","-",
"상표법","변사체","범죄의 검거 단서[건]","건","-","-","-","-","-","-","-","-","-","-","-","","-","-","-","1","0","-","-",
"상표법","범죄수법","범죄의 검거 단서[건]","건","-","-","-","-","-","1","-","-","-","-","-","1","-","-","-","-","0","-","-",
"상표법","발자국","범죄의 검거 단서[건]","건","-","-","-","-","-","-","-","-","-","-","-","","-","-","-","-","0","-","-",
"상표법","검사지휘","범죄의 검거 단서[건]","건","3","5","10","19","23","33","8","4","9","15","7","3","5","11","11","2","0","-","-",
"상표법","타기관에서 이송","범죄의 검거 단서[건]","건","3","10","9","3","3","5","3","1","1","2","-","2","2","1","2","3","0","1","-",
"상표법","범행도구등 발견","범죄의 검거 단서[건]","건","2","1","-","-","2","1","-","-","-","-","-","2","-","-","-","-","0","-","-",
"상표법","장물","범죄의 검거 단서[건]","건","-","-","-","-","-","-","-","-","-","-","-","6","-","-","-","-","0","-","-",
"상표법","전과조회","범죄의 검거 단서[건]","건","1","-","-","1","-","-","-","-","-","-","-","","1","-","1","-","0","-","-",
"상표법","기타","범죄의 검거 단서[건]","건","1960","1037","1409","2051","1562","1493","1402","1209","520","1529","1087","1040","803","1079","865","696","599","496","607",
"상표법","미상","범죄의 검거 단서[건]","건","","","","","","","","","1089","","","","","","","","","","",
"석유및석유대체연료사업법","계","범죄의 검거 단서[건]","건","","","","","","","","","961","670","741","1006","1488","1330","989","478","440","286","332",
"석유및석유대체연료사업법","현행범","범죄의 검거 단서[건]","건","","","","","","","","","9","10","11","14","10","8","4","1","0","3","-",
"석유및석유대체연료사업법","피해자신고","범죄의 검거 단서[건]","건","","","","","","","","","2","3","2","3","1","3","1","3","1","-","2",
"석유및석유대체연료사업법","고소","범죄의 검거 단서[건]","건","","","","","","","","","8","8","11","6","6","10","5","5","4","1","5",
"석유및석유대체연료사업법","고발","범죄의 검거 단서[건]","건","","","","","","","","","461","465","531","498","486","490","347","343","196","186","212",
"석유및석유대체연료사업법","자수","범죄의 검거 단서[건]","건","","","","","","","","","-","-","1","","-","-","-","-","0","1","-",
"석유및석유대체연료사업법","민간체포","범죄의 검거 단서[건]","건","","","","","","","","","1","-","-","","-","-","1","-","0","-","-",
"석유및석유대체연료사업법","진정투서","범죄의 검거 단서[건]","건","","","","","","","","","11","10","15","17","17","14","6","8","8","6","30",
"석유및석유대체연료사업법","타인신고","범죄의 검거 단서[건]","건","","","","","","","","","32","25","14","19","185","343","45","8","6","11","3",
"석유및석유대체연료사업법","신문","범죄의 검거 단서[건]","건","","","","","","","","","1","6","-","","-","-","1","-","0","-","-",
"석유및석유대체연료사업법","불심검문","범죄의 검거 단서[건]","건","","","","","","","","","8","8","4","3","4","3","-","-","0","3","2",
"석유및석유대체연료사업법","탐문정보","범죄의 검거 단서[건]","건","","","","","","","","","207","72","82","298","54","74","57","59","28","10","10",
"석유및석유대체연료사업법","안면식별","범죄의 검거 단서[건]","건","","","","","","","","","-","-","-","","-","-","-","-","0","-","-",
"석유및석유대체연료사업법","감식자료","범죄의 검거 단서[건]","건","","","","","","","","","-","-","-","","-","-","-","-","0","-","-",
"석유및석유대체연료사업법","변사체","범죄의 검거 단서[건]","건","","","","","","","","","-","-","-","","-","-","-","-","0","-","-",
"석유및석유대체연료사업법","범죄수법","범죄의 검거 단서[건]","건","","","","","","","","","1","-","-","","-","-","-","-","0","-","-",
"석유및석유대체연료사업법","발자국","범죄의 검거 단서[건]","건","","","","","","","","","-","-","-","","-","-","-","-","0","-","-",
"석유및석유대체연료사업법","검사지휘","범죄의 검거 단서[건]","건","","","","","","","","","2","2","-","2","3","2","-","-","0","-","-",
"석유및석유대체연료사업법","타기관에서 이송","범죄의 검거 단서[건]","건","","","","","","","","","4","-","-","1","4","2","-","1","0","1","3",
"석유및석유대체연료사업법","범행도구등 발견","범죄의 검거 단서[건]","건","","","","","","","","","1","-","-","","-","-","-","-","0","-","-",
"석유및석유대체연료사업법","장물","범죄의 검거 단서[건]","건","","","","","","","","","-","-","-","","-","-","-","-","0","-","-",
"석유및석유대체연료사업법","전과조회","범죄의 검거 단서[건]","건","","","","","","","","","-","-","-","","-","-","-","-","0","-","-",
"석유및석유대체연료사업법","기타","범죄의 검거 단서[건]","건","","","","","","","","","194","61","70","145","718","381","522","50","197","64","65",
"석유및석유대체연료사업법","미상","범죄의 검거 단서[건]","건","","","","","","","","","19","","","","","","","","","","",
"석유사업법","계","범죄의 검거 단서[건]","건","206","58","33","26","24","12","17","10","","","","","","","","","","","",
"석유사업법","현행범","범죄의 검거 단서[건]","건","16","5","-","2","2","2","3","-","","","","","","","","","","","",
"석유사업법","피해자신고","범죄의 검거 단서[건]","건","2","1","2","-","-","-","-","1","","","","","","","","","","","",
"석유사업법","고소","범죄의 검거 단서[건]","건","4","3","1","1","2","1","-","-","","","","","","","","","","","",
"석유사업법","고발","범죄의 검거 단서[건]","건","110","14","10","3","7","-","2","1","","","","","","","","","","","",
"석유사업법","자수","범죄의 검거 단서[건]","건","3","1","-","-","-","-","-","-","","","","","","","","","","","",
"석유사업법","민간체포","범죄의 검거 단서[건]","건","1","-","-","-","-","-","-","-","","","","","","","","","","","",
"석유사업법","진정투서","범죄의 검거 단서[건]","건","3","1","1","-","-","-","1","1","","","","","","","","","","","",
"석유사업법","타인신고","범죄의 검거 단서[건]","건","15","7","3","1","4","2","4","3","","","","","","","","","","","",
"석유사업법","신문","범죄의 검거 단서[건]","건","-","1","-","1","-","-","-","-","","","","","","","","","","","",
"석유사업법","불심검문","범죄의 검거 단서[건]","건","8","5","2","3","1","1","-","-","","","","","","","","","","","",
"석유사업법","탐문정보","범죄의 검거 단서[건]","건","23","8","9","11","4","3","3","2","","","","","","","","","","","",
"석유사업법","안면식별","범죄의 검거 단서[건]","건","-","-","-","-","-","-","-","-","","","","","","","","","","","",
"석유사업법","감식자료","범죄의 검거 단서[건]","건","-","-","-","-","-","-","1","-","","","","","","","","","","","",
"석유사업법","변사체","범죄의 검거 단서[건]","건","-","-","-","-","-","-","-","-","","","","","","","","","","","",
"석유사업법","범죄수법","범죄의 검거 단서[건]","건","-","-","-","-","-","-","-","-","","","","","","","","","","","",
"석유사업법","발자국","범죄의 검거 단서[건]","건","-","-","-","-","-","-","-","-","","","","","","","","","","","",
"석유사업법","검사지휘","범죄의 검거 단서[건]","건","-","-","-","-","-","-","-","-","","","","","","","","","","","",
"석유사업법","타기관에서 이송","범죄의 검거 단서[건]","건","-","-","-","-","-","-","-","-","","","","","","","","","","","",
"석유사업법","범행도구등 발견","범죄의 검거 단서[건]","건","-","-","-","-","-","-","-","-","","","","","","","","","","","",
"석유사업법","장물","범죄의 검거 단서[건]","건","-","-","-","-","-","-","-","-","","","","","","","","","","","",
"석유사업법","전과조회","범죄의 검거 단서[건]","건","-","-","-","-","-","-","-","-","","","","","","","","","","","",
"석유사업법","기타","범죄의 검거 단서[건]","건","21","12","5","4","4","3","3","2","","","","","","","","","","","",
"선박안전법","계","범죄의 검거 단서[건]","건","559","905","474","222","299","797","466","866","1171","1122","2669","2289","1948","1106","1844","2086","1688","758","1130",
"선박안전법","현행범","범죄의 검거 단서[건]","건","72","474","20","6","10","7","-","1","-","5","1","2","1","4","6","3","10","1","7",
"선박안전법","피해자신고","범죄의 검거 단서[건]","건","3","3","1","2","1","1","-","-","1","-","1","","-","-","-","-","0","1","-",
"선박안전법","고소","범죄의 검거 단서[건]","건","1","2","-","1","-","-","-","-","-","1","-","","-","-","1","-","1","-","-",
"선박안전법","고발","범죄의 검거 단서[건]","건","39","14","1","5","4","2","21","2","4","5","5","1","7","5","50","1","1","1","28",
"선박안전법","자수","범죄의 검거 단서[건]","건","4","6","2","6","5","1","3","-","3","9","14","90","13","17","14","8","17","13","22",
"선박안전법","민간체포","범죄의 검거 단서[건]","건","-","-","-","-","-","-","-","-","-","-","-","","-","-","-","-","0","-","-",
"선박안전법","진정투서","범죄의 검거 단서[건]","건","-","1","1","-","1","-","-","-","1","10","43","","1","3","-","-","0","-","-",
"선박안전법","타인신고","범죄의 검거 단서[건]","건","27","48","7","21","20","13","12","90","14","171","173","47","27","25","55","56","35","26","21",
"선박안전법","신문","범죄의 검거 단서[건]","건","25","2","19","2","5","9","2","-","-","-","-","","-","10","-","1","1","1","-",
"선박안전법","불심검문","범죄의 검거 단서[건]","건","233","296","294","139","209","560","310","585","39","802","834","148","187","612","70","1146","996","690","209",
"선박안전법","탐문정보","범죄의 검거 단서[건]","건","121","24","29","4","5","138","56","5","404","70","1402","32","25","23","10","25","63","9","14",
"선박안전법","안면식별","범죄의 검거 단서[건]","건","-","-","-","-","-","-","-","-","-","-","-","","-","-","-","-","0","-","-",
"선박안전법","감식자료","범죄의 검거 단서[건]","건","-","-","-","-","-","-","-","-","-","-","-","","-","-","-","-","0","-","-",
"선박안전법","변사체","범죄의 검거 단서[건]","건","-","-","-","-","-","-","-","-","-","-","-","","1","-","-","-","0","-","-",
"선박안전법","범죄수법","범죄의 검거 단서[건]","건","-","-","-","-","-","-","-","-","-","-","-","","-","-","-","-","0","-","-",
"선박안전법","발자국","범죄의 검거 단서[건]","건","-","-","-","-","-","-","-","-","-","-","-","","-","-","-","-","0","-","-",
"선박안전법","검사지휘","범죄의 검거 단서[건]","건","-","-","-","-","1","-","-","-","-","-","-","1","-","-","-","1","0","-","-",
"선박안전법","타기관에서 이송","범죄의 검거 단서[건]","건","11","2","-","-","1","-","-","-","-","1","4","","31","1","3","-","0","-","-",
"선박안전법","범행도구등 발견","범죄의 검거 단서[건]","건","-","-","-","-","-","-","-","-","-","-","-","","-","-","-","-","0","-","-",
"선박안전법","장물","범죄의 검거 단서[건]","건","-","-","-","-","-","-","-","-","-","-","-","","-","-","-","-","0","-","-",
"선박안전법","전과조회","범죄의 검거 단서[건]","건","-","-","-","-","-","-","-","-","-","-","-","","-","-","-","-","0","-","-",
"선박안전법","기타","범죄의 검거 단서[건]","건","23","33","100","36","37","66","62","183","704","48","192","1968","1655","406","1635","845","564","16","829",
"선박안전법","미상","범죄의 검거 단서[건]","건","","","","","","","","","1","","","","","","","","","","",
"선박직원법","계","범죄의 검거 단서[건]","건","867","2316","1760","729","662","2268","1594","2146","1104","1904","375","595","2176","2199","4319","3815","7016","3604","2745",
"선박직원법","현행범","범죄의 검거 단서[건]","건","364","177","92","11","8","4","-","2","-","3","-","","1","3","2","1","2","2","9",
"선박직원법","피해자신고","범죄의 검거 단서[건]","건","3","-","-","-","3","1","-","-","6","2","2","3","7","23","5","12","0","5","-",
"선박직원법","고소","범죄의 검거 단서[건]","건","1","1","-","-","-","-","-","-","-","1","-","","-","-","-","-","0","-","-",
"선박직원법","고발","범죄의 검거 단서[건]","건","4","77","9","13","3","2","-","3","2","1","-","","-","2","3","-","135","294","1",
"선박직원법","자수","범죄의 검거 단서[건]","건","18","10","21","1","1","-","-","-","-","-","-","","-","1","3","-","0","-","9",
"선박직원법","민간체포","범죄의 검거 단서[건]","건","-","-","-","-","-","-","-","-","-","-","-","","-","-","-","-","0","-","-",
"선박직원법","진정투서","범죄의 검거 단서[건]","건","-","-","2","1","-","1","-","-","-","1","-","","-","-","-","-","1","-","2",
"선박직원법","타인신고","범죄의 검거 단서[건]","건","32","18","11","13","17","9","14","21","63","173","82","27","265","15","62","678","37","85","44",
"선박직원법","신문","범죄의 검거 단서[건]","건","19","8","6","77","6","70","7","1","-","-","2","","-","-","-","119","82","-","-",
"선박직원법","불심검문","범죄의 검거 단서[건]","건","300","871","898","371","326","444","665","390","121","410","105","491","1004","1095","2879","884","2310","1843","621",
"선박직원법","탐문정보","범죄의 검거 단서[건]","건","71","1096","85","56","57","483","29","822","437","736","50","20","15","5","627","953","2043","803","316",
"선박직원법","안면식별","범죄의 검거 단서[건]","건","-","2","-","-","-","-","-","-","-","-","-","","-","-","-","-","0","-","-",
"선박직원법","감식자료","범죄의 검거 단서[건]","건","-","-","-","-","-","-","1","-","1","-","-","","-","-","-","-","0","-","-",
"선박직원법","변사체","범죄의 검거 단서[건]","건","-","-","-","2","-","-","1","-","-","-","1","","-","-","-","-","0","-","-",
"선박직원법","범죄수법","범죄의 검거 단서[건]","건","1","1","-","-","-","-","-","-","-","-","-","","-","-","-","-","0","-","-",
"선박직원법","발자국","범죄의 검거 단서[건]","건","-","-","-","-","-","-","-","-","-","-","-","","-","-","-","-","0","-","-",
"선박직원법","검사지휘","범죄의 검거 단서[건]","건","-","-","2","1","-","-","-","-","-","1","-","","-","-","2","-","0","-","-",
"선박직원법","타기관에서 이송","범죄의 검거 단서[건]","건","9","2","-","1","-","1","-","-","2","1","-","1","-","-","-","-","0","1","-",
"선박직원법","범행도구등 발견","범죄의 검거 단서[건]","건","7","-","-","-","5","-","-","-","-","-","-","","-","-","-","-","0","-","-",
"선박직원법","장물","범죄의 검거 단서[건]","건","-","-","-","-","-","-","-","-","-","-","-","","-","-","-","-","0","-","-",
"선박직원법","전과조회","범죄의 검거 단서[건]","건","-","-","1","-","-","-","-","-","-","-","-","","-","-","-","-","0","-","-",
"선박직원법","기타","범죄의 검거 단서[건]","건","38","53","633","182","236","1253","877","907","472","575","133","53","884","1055","736","1168","2406","571","1743",
"선박직원법","미상","범죄의 검거 단서[건]","건","","","","","","","","","-","","","","","","","","","","",
"선원법","계","범죄의 검거 단서[건]","건","303","239","540","107","106","278","59","82","","","","","","","","","","","",
"선원법","현행범","범죄의 검거 단서[건]","건","64","35","5","9","2","1","-","1","","","","","","","","","","","",
"선원법","피해자신고","범죄의 검거 단서[건]","건","8","6","10","5","1","-","-","4","","","","","","","","","","","",
"선원법","고소","범죄의 검거 단서[건]","건","19","13","12","11","11","3","13","8","","","","","","","","","","","",
"선원법","고발","범죄의 검거 단서[건]","건","6","4","2","4","-","1","-","-","","","","","","","","","","","",
"선원법","자수","범죄의 검거 단서[건]","건","2","3","1","1","-","-","1","-","","","","","","","","","","","",
"선원법","민간체포","범죄의 검거 단서[건]","건","-","-","-","-","-","-","-","-","","","","","","","","","","","",
"선원법","진정투서","범죄의 검거 단서[건]","건","10","5","1","26","1","2","1","1","","","","","","","","","","","",
"선원법","타인신고","범죄의 검거 단서[건]","건","23","2","2","2","10","-","1","4","","","","","","","","","","","",
"선원법","신문","범죄의 검거 단서[건]","건","9","4","-","3","-","-","-","-","","","","","","","","","","","",
"선원법","불심검문","범죄의 검거 단서[건]","건","95","126","66","24","50","225","14","8","","","","","","","","","","","",
"선원법","탐문정보","범죄의 검거 단서[건]","건","15","9","311","-","3","15","1","2","","","","","","","","","","","",
"선원법","안면식별","범죄의 검거 단서[건]","건","-","-","-","-","-","-","-","-","","","","","","","","","","","",
"선원법","감식자료","범죄의 검거 단서[건]","건","-","-","-","-","-","-","-","-","","","","","","","","","","","",
"선원법","변사체","범죄의 검거 단서[건]","건","-","-","-","-","-","-","-","-","","","","","","","","","","","",
"선원법","범죄수법","범죄의 검거 단서[건]","건","-","-","-","-","-","-","-","-","","","","","","","","","","","",
"선원법","발자국","범죄의 검거 단서[건]","건","-","-","-","-","-","-","-","-","","","","","","","","","","","",
"선원법","검사지휘","범죄의 검거 단서[건]","건","-","2","-","-","-","1","-","-","","","","","","","","","","","",
"선원법","타기관에서 이송","범죄의 검거 단서[건]","건","8","2","1","-","3","-","-","-","","","","","","","","","","","",
"선원법","범행도구등 발견","범죄의 검거 단서[건]","건","-","-","-","-","-","-","-","-","","","","","","","","","","","",
"선원법","장물","범죄의 검거 단서[건]","건","-","-","-","-","-","-","-","-","","","","","","","","","","","",
"선원법","전과조회","범죄의 검거 단서[건]","건","-","-","-","-","1","-","-","-","","","","","","","","","","","",
"선원법","기타","범죄의 검거 단서[건]","건","44","28","129","22","24","30","28","54","","","","","","","","","","","",
"성매매법","계","범죄의 검거 단서[건]","건","6833","7724","15560","24532","9026","5783","4646","5062","","","","","","","","","","","",
"성매매법","현행범","범죄의 검거 단서[건]","건","497","726","631","809","367","474","797","882","","","","","","","","","","","",
"성매매법","피해자신고","범죄의 검거 단서[건]","건","336","252","235","330","171","164","167","172","","","","","","","","","","","",
"성매매법","고소","범죄의 검거 단서[건]","건","53","55","83","60","154","110","96","126","","","","","","","","","","","",
"성매매법","고발","범죄의 검거 단서[건]","건","25","20","40","15","19","30","39","167","","","","","","","","","","","",
"성매매법","자수","범죄의 검거 단서[건]","건","57","67","77","85","77","67","57","61","","","","","","","","","","","",
"성매매법","민간체포","범죄의 검거 단서[건]","건","-","-","-","-","-","-","-","-","","","","","","","","","","","",
"성매매법","진정투서","범죄의 검거 단서[건]","건","53","65","76","179","30","68","39","30","","","","","","","","","","","",
"성매매법","타인신고","범죄의 검거 단서[건]","건","279","415","377","532","391","362","325","447","","","","","","","","","","","",
"성매매법","신문","범죄의 검거 단서[건]","건","35","70","51","252","59","3","3","1","","","","","","","","","","","",
"성매매법","불심검문","범죄의 검거 단서[건]","건","108","193","421","1107","432","355","210","281","","","","","","","","","","","",
"성매매법","탐문정보","범죄의 검거 단서[건]","건","3831","2770","7199","8432","2673","1452","836","1020","","","","","","","","","","","",
"성매매법","안면식별","범죄의 검거 단서[건]","건","1","-","-","5","-","-","-","-","","","","","","","","","","","",
"성매매법","감식자료","범죄의 검거 단서[건]","건","-","-","-","-","-","-","-","1","","","","","","","","","","","",
"성매매법","변사체","범죄의 검거 단서[건]","건","2","2","1","1","7","-","4","1","","","","","","","","","","","",
"성매매법","범죄수법","범죄의 검거 단서[건]","건","-","3","-","-","1","-","-","1","","","","","","","","","","","",
"성매매법","발자국","범죄의 검거 단서[건]","건","-","-","-","-","-","-","-","-","","","","","","","","","","","",
"성매매법","검사지휘","범죄의 검거 단서[건]","건","9","90","53","40","55","9","7","5","","","","","","","","","","","",
"성매매법","타기관에서 이송","범죄의 검거 단서[건]","건","5","7","20","12","13","3","5","8","","","","","","","","","","","",
"성매매법","범행도구등 발견","범죄의 검거 단서[건]","건","-","-","2","4","5","-","1","23","","","","","","","","","","","",
"성매매법","장물","범죄의 검거 단서[건]","건","-","-","-","2","-","-","-","-","","","","","","","","","","","",
"성매매법","전과조회","범죄의 검거 단서[건]","건","2","2","13","28","13","1","-","-","","","","","","","","","","","",
"성매매법","기타","범죄의 검거 단서[건]","건","1540","2987","6281","12639","4559","2685","2060","1836","","","","","","","","","","","",
"성매매알선등행위의처벌에관한법률","계","범죄의 검거 단서[건]","건","","","","","","","","","7640","7540","15289","10261","6790","5102","3252","3101","3592","3244","3103",
"성매매알선등행위의처벌에관한법률","현행범","범죄의 검거 단서[건]","건","","","","","","","","","1431","1102","1472","866","743","626","305","178","209","284","166",
"성매매알선등행위의처벌에관한법률","피해자신고","범죄의 검거 단서[건]","건","","","","","","","","","187","154","190","181","134","127","138","108","99","132","153",
"성매매알선등행위의처벌에관한법률","고소","범죄의 검거 단서[건]","건","","","","","","","","","120","129","137","110","117","126","95","69","58","75","53",
"성매매알선등행위의처벌에관한법률","고발","범죄의 검거 단서[건]","건","","","","","","","","","54","55","69","95","80","73","74","39","47","47","71",
"성매매알선등행위의처벌에관한법률","자수","범죄의 검거 단서[건]","건","","","","","","","","","54","40","88","69","51","80","47","60","54","79","126",
"성매매알선등행위의처벌에관한법률","민간체포","범죄의 검거 단서[건]","건","","","","","","","","","-","-","1","","-","1","-","-","0","-","-",
"성매매알선등행위의처벌에관한법률","진정투서","범죄의 검거 단서[건]","건","","","","","","","","","53","48","107","85","67","51","53","46","47","114","89",
"성매매알선등행위의처벌에관한법률","타인신고","범죄의 검거 단서[건]","건","","","","","","","","","670","665","943","665","532","564","419","291","320","350","285",
"성매매알선등행위의처벌에관한법률","신문","범죄의 검거 단서[건]","건","","","","","","","","","6","5","11","19","14","8","2","2","5","5","11",
"성매매알선등행위의처벌에관한법률","불심검문","범죄의 검거 단서[건]","건","","","","","","","","","346","456","797","661","394","145","121","104","97","186","112",
"성매매알선등행위의처벌에관한법률","탐문정보","범죄의 검거 단서[건]","건","","","","","","","","","1560","1575","3497","2408","1494","1075","623","642","558","491","410",
"성매매알선등행위의처벌에관한법률","안면식별","범죄의 검거 단서[건]","건","","","","","","","","","-","-","-","","-","-","-","-","0","-","-",
"성매매알선등행위의처벌에관한법률","감식자료","범죄의 검거 단서[건]","건","","","","","","","","","2","-","2","1","-","8","7","-","3","3","-",
"성매매알선등행위의처벌에관한법률","변사체","범죄의 검거 단서[건]","건","","","","","","","","","-","-","-","","-","-","-","-","0","-","-",
"성매매알선등행위의처벌에관한법률","범죄수법","범죄의 검거 단서[건]","건","","","","","","","","","1","2","4","","3","3","1","-","0","-","2",
"성매매알선등행위의처벌에관한법률","발자국","범죄의 검거 단서[건]","건","","","","","","","","","-","-","-","","-","-","-","-","0","-","-",
"성매매알선등행위의처벌에관한법률","검사지휘","범죄의 검거 단서[건]","건","","","","","","","","","7","14","6","12","8","9","8","5","0","-","-",
"성매매알선등행위의처벌에관한법률","타기관에서 이송","범죄의 검거 단서[건]","건","","","","","","","","","4","6","6","7","4","5","6","6","8","15","6",
"성매매알선등행위의처벌에관한법률","범행도구등 발견","범죄의 검거 단서[건]","건","","","","","","","","","6","1","4","1","-","16","-","-","1","1","5",
"성매매알선등행위의처벌에관한법률","장물","범죄의 검거 단서[건]","건","","","","","","","","","-","-","-","","-","-","-","-","0","-","1",
"성매매알선등행위의처벌에관한법률","전과조회","범죄의 검거 단서[건]","건","","","","","","","","","-","-","-","1","-","-","-","-","0","-","1",
"성매매알선등행위의처벌에관한법률","기타","범죄의 검거 단서[건]","건","","","","","","","","","3023","3288","7955","5080","3149","2185","1353","1551","2086","1462","1612",
"성매매알선등행위의처벌에관한법률","미상","범죄의 검거 단서[건]","건","","","","","","","","","116","","","","","","","","","","",
"소방기본법","계","범죄의 검거 단서[건]","건","17","7","1","5","3","6","18","45","","","","","","","","","","","",
"소방기본법","현행범","범죄의 검거 단서[건]","건","1","2","-","2","-","-","1","10","","","","","","","","","","","",
"소방기본법","피해자신고","범죄의 검거 단서[건]","건","-","-","-","-","-","1","2","7","","","","","","","","","","","",
"소방기본법","고소","범죄의 검거 단서[건]","건","1","1","-","-","-","-","1","1","","","","","","","","","","","",
"소방기본법","고발","범죄의 검거 단서[건]","건","2","-","-","-","-","-","2","-","","","","","","","","","","","",
"소방기본법","자수","범죄의 검거 단서[건]","건","-","-","-","-","-","-","-","-","","","","","","","","","","","",
"소방기본법","민간체포","범죄의 검거 단서[건]","건","-","-","-","-","-","-","-","-","","","","","","","","","","","",
"소방기본법","진정투서","범죄의 검거 단서[건]","건","-","-","-","-","-","-","-","-","","","","","","","","","","","",
"소방기본법","타인신고","범죄의 검거 단서[건]","건","-","1","-","1","-","1","1","1","","","","","","","","","","","",
"소방기본법","신문","범죄의 검거 단서[건]","건","-","-","-","-","-","-","2","1","","","","","","","","","","","",
"소방기본법","불심검문","범죄의 검거 단서[건]","건","-","-","-","-","-","-","-","-","","","","","","","","","","","",
"소방기본법","탐문정보","범죄의 검거 단서[건]","건","-","-","-","-","-","-","1","-","","","","","","","","","","","",
"소방기본법","안면식별","범죄의 검거 단서[건]","건","-","-","-","-","-","-","-","-","","","","","","","","","","","",
"소방기본법","감식자료","범죄의 검거 단서[건]","건","-","-","-","-","-","-","-","-","","","","","","","","","","","",
"소방기본법","변사체","범죄의 검거 단서[건]","건","-","-","-","-","-","-","-","-","","","","","","","","","","","",
"소방기본법","범죄수법","범죄의 검거 단서[건]","건","-","-","-","-","-","-","-","-","","","","","","","","","","","",
"소방기본법","발자국","범죄의 검거 단서[건]","건","-","-","-","-","-","-","-","-","","","","","","","","","","","",
"소방기본법","검사지휘","범죄의 검거 단서[건]","건","-","-","-","-","-","-","-","-","","","","","","","","","","","",
"소방기본법","타기관에서 이송","범죄의 검거 단서[건]","건","-","-","-","-","-","-","-","-","","","","","","","","","","","",
"소방기본법","범행도구등 발견","범죄의 검거 단서[건]","건","-","-","-","-","-","-","-","-","","","","","","","","","","","",
"소방기본법","장물","범죄의 검거 단서[건]","건","-","-","-","-","-","-","-","-","","","","","","","","","","","",
"소방기본법","전과조회","범죄의 검거 단서[건]","건","-","-","-","-","-","-","-","-","","","","","","","","","","","",
"소방기본법","기타","범죄의 검거 단서[건]","건","13","3","1","2","3","4","8","25","","","","","","","","","","","",
"소음?진동관리법","계","범죄의 검거 단서[건]","건","","","","","","","56","","","","","","","","","","","","",
"소음?진동관리법","현행범","범죄의 검거 단서[건]","건","","","","","","","3","","","","","","","","","","","","",
"소음?진동관리법","피해자신고","범죄의 검거 단서[건]","건","","","","","","","-","","","","","","","","","","","","",
"소음?진동관리법","고소","범죄의 검거 단서[건]","건","","","","","","","-","","","","","","","","","","","","",
"소음?진동관리법","고발","범죄의 검거 단서[건]","건","","","","","","","1","","","","","","","","","","","","",
"소음?진동관리법","자수","범죄의 검거 단서[건]","건","","","","","","","-","","","","","","","","","","","","",
"소음?진동관리법","민간체포","범죄의 검거 단서[건]","건","","","","","","","-","","","","","","","","","","","","",
"소음?진동관리법","진정투서","범죄의 검거 단서[건]","건","","","","","","","-","","","","","","","","","","","","",
"소음?진동관리법","타인신고","범죄의 검거 단서[건]","건","","","","","","","-","","","","","","","","","","","","",
"소음?진동관리법","신문","범죄의 검거 단서[건]","건","","","","","","","-","","","","","","","","","","","","",
"소음?진동관리법","불심검문","범죄의 검거 단서[건]","건","","","","","","","-","","","","","","","","","","","","",
"소음?진동관리법","탐문정보","범죄의 검거 단서[건]","건","","","","","","","-","","","","","","","","","","","","",
"소음?진동관리법","안면식별","범죄의 검거 단서[건]","건","","","","","","","-","","","","","","","","","","","","",
"소음?진동관리법","감식자료","범죄의 검거 단서[건]","건","","","","","","","-","","","","","","","","","","","","",
"소음?진동관리법","변사체","범죄의 검거 단서[건]","건","","","","","","","-","","","","","","","","","","","","",
"소음?진동관리법","범죄수법","범죄의 검거 단서[건]","건","","","","","","","-","","","","","","","","","","","","",
"소음?진동관리법","발자국","범죄의 검거 단서[건]","건","","","","","","","-","","","","","","","","","","","","",
"소음?진동관리법","검사지휘","범죄의 검거 단서[건]","건","","","","","","","-","","","","","","","","","","","","",
"소음?진동관리법","타기관에서 이송","범죄의 검거 단서[건]","건","","","","","","","-","","","","","","","","","","","","",
"소음?진동관리법","범행도구등 발견","범죄의 검거 단서[건]","건","","","","","","","-","","","","","","","","","","","","",
"소음?진동관리법","장물","범죄의 검거 단서[건]","건","","","","","","","-","","","","","","","","","","","","",
"소음?진동관리법","전과조회","범죄의 검거 단서[건]","건","","","","","","","-","","","","","","","","","","","","",
"소음?진동관리법","기타","범죄의 검거 단서[건]","건","","","","","","","52","","","","","","","","","","","","",
"소음?진동규제법","계","범죄의 검거 단서[건]","건","119","101","119","100","70","24","","46","","","","","","","","","","","",
"소음?진동규제법","현행범","범죄의 검거 단서[건]","건","2","4","4","5","2","2","","1","","","","","","","","","","","",
"소음?진동규제법","피해자신고","범죄의 검거 단서[건]","건","1","1","-","-","1","-","","-","","","","","","","","","","","",
"소음?진동규제법","고소","범죄의 검거 단서[건]","건","-","-","1","-","1","-","","-","","","","","","","","","","","",
"소음?진동규제법","고발","범죄의 검거 단서[건]","건","44","36","27","36","28","1","","4","","","","","","","","","","","",
"소음?진동규제법","자수","범죄의 검거 단서[건]","건","1","-","-","-","-","-","","-","","","","","","","","","","","",
"소음?진동규제법","민간체포","범죄의 검거 단서[건]","건","-","-","-","-","-","-","","-","","","","","","","","","","","",
"소음?진동규제법","진정투서","범죄의 검거 단서[건]","건","-","-","-","-","-","-","","-","","","","","","","","","","","",
"소음?진동규제법","타인신고","범죄의 검거 단서[건]","건","14","6","3","7","1","1","","-","","","","","","","","","","","",
"소음?진동규제법","신문","범죄의 검거 단서[건]","건","-","-","-","-","-","-","","-","","","","","","","","","","","",
"소음?진동규제법","불심검문","범죄의 검거 단서[건]","건","-","-","2","-","-","-","","-","","","","","","","","","","","",
"소음?진동규제법","탐문정보","범죄의 검거 단서[건]","건","9","20","11","13","15","1","","-","","","","","","","","","","","",
"소음?진동규제법","안면식별","범죄의 검거 단서[건]","건","-","-","-","-","-","-","","-","","","","","","","","","","","",
"소음?진동규제법","감식자료","범죄의 검거 단서[건]","건","-","-","-","-","-","-","","-","","","","","","","","","","","",
"소음?진동규제법","변사체","범죄의 검거 단서[건]","건","-","-","-","-","-","-","","-","","","","","","","","","","","",
"소음?진동규제법","범죄수법","범죄의 검거 단서[건]","건","-","-","-","-","-","-","","-","","","","","","","","","","","",
"소음?진동규제법","발자국","범죄의 검거 단서[건]","건","-","-","-","-","-","-","","-","","","","","","","","","","","",
"소음?진동규제법","검사지휘","범죄의 검거 단서[건]","건","-","-","-","-","-","-","","-","","","","","","","","","","","",
"소음?진동규제법","타기관에서 이송","범죄의 검거 단서[건]","건","-","-","-","-","-","-","","-","","","","","","","","","","","",
"소음?진동규제법","범행도구등 발견","범죄의 검거 단서[건]","건","-","-","-","-","-","-","","-","","","","","","","","","","","",
"소음?진동규제법","장물","범죄의 검거 단서[건]","건","-","-","-","-","-","-","","-","","","","","","","","","","","",
"소음?진동규제법","전과조회","범죄의 검거 단서[건]","건","-","-","-","-","-","-","","-","","","","","","","","","","","",
"소음?진동규제법","기타","범죄의 검거 단서[건]","건","48","34","71","39","22","19","","41","","","","","","","","","","","",
"수도법","계","범죄의 검거 단서[건]","건","181","194","107","83","55","66","95","111","146","86","123","210","149","122","164","175","66","100","78",
"수도법","현행범","범죄의 검거 단서[건]","건","2","3","3","4","-","1","1","-","3","1","1","","1","-","-","-","0","-","-",
"수도법","피해자신고","범죄의 검거 단서[건]","건","-","1","3","-","-","-","-","1","1","1","1","1","-","-","-","1","0","-","-",
"수도법","고소","범죄의 검거 단서[건]","건","4","4","-","3","-","2","2","4","2","-","3","3","-","2","1","7","0","-","-",
"수도법","고발","범죄의 검거 단서[건]","건","149","129","74","50","42","47","53","76","109","54","92","171","134","108","140","123","41","62","59",
"수도법","자수","범죄의 검거 단서[건]","건","1","-","-","-","-","-","-","-","-","-","-","","-","-","-","-","0","-","-",
"수도법","민간체포","범죄의 검거 단서[건]","건","-","2","1","1","1","-","1","-","-","-","-","","-","-","-","-","0","-","-",
"수도법","진정투서","범죄의 검거 단서[건]","건","-","-","1","-","-","-","-","-","-","-","-","1","3","1","-","5","3","9","1",
"수도법","타인신고","범죄의 검거 단서[건]","건","15","40","21","21","6","11","28","24","9","13","8","7","2","5","13","11","5","10","7",
"수도법","신문","범죄의 검거 단서[건]","건","-","-","-","-","-","-","-","3","2","-","-","","-","-","-","-","0","1","-",
"수도법","불심검문","범죄의 검거 단서[건]","건","2","5","4","-","1","1","-","-","1","1","-","","1","-","-","-","0","1","-",
"수도법","탐문정보","범죄의 검거 단서[건]","건","4","6","-","3","1","-","3","2","-","4","1","3","-","1","-","-","0","-","1",
"수도법","안면식별","범죄의 검거 단서[건]","건","-","-","-","-","-","-","-","-","-","-","-","","-","-","-","-","0","-","-",
"수도법","감식자료","범죄의 검거 단서[건]","건","-","-","-","-","-","-","-","-","-","-","-","","-","-","-","-","0","-","-",
"수도법","변사체","범죄의 검거 단서[건]","건","-","-","-","-","-","-","-","-","-","-","-","","-","-","-","-","0","-","-",
"수도법","범죄수법","범죄의 검거 단서[건]","건","-","-","-","-","-","-","-","-","-","-","-","","-","-","-","-","0","-","-",
"수도법","발자국","범죄의 검거 단서[건]","건","-","-","-","-","-","-","-","-","-","-","-","","-","-","-","-","0","-","-",
"수도법","검사지휘","범죄의 검거 단서[건]","건","-","-","-","-","-","-","-","-","-","-","1","","-","-","-","-","0","-","-",
"수도법","타기관에서 이송","범죄의 검거 단서[건]","건","-","-","-","-","-","-","-","-","-","-","-","","-","-","-","-","0","-","-",
"수도법","범행도구등 발견","범죄의 검거 단서[건]","건","-","-","-","-","-","-","-","-","-","-","-","","-","-","-","-","0","-","-",
"수도법","장물","범죄의 검거 단서[건]","건","-","-","-","-","-","-","-","-","-","-","-","","-","-","-","-","0","-","-",
"수도법","전과조회","범죄의 검거 단서[건]","건","-","-","-","-","-","-","-","-","-","-","-","","-","-","-","-","0","-","-",
"수도법","기타","범죄의 검거 단서[건]","건","4","4","-","1","4","4","7","1","6","12","16","24","8","5","10","28","17","17","10",
"수도법","미상","범죄의 검거 단서[건]","건","","","","","","","","","13","","","","","","","","","","",
"수산업법","계","범죄의 검거 단서[건]","건","10419","6414","6104","5072","6578","6034","5476","6109","1405","4145","4450","4797","2901","3921","5747","1814","1160","3532","1930",
"수산업법","현행범","범죄의 검거 단서[건]","건","3085","1345","797","366","156","255","192","241","258","372","434","172","215","158","227","192","132","41","51",
"수산업법","피해자신고","범죄의 검거 단서[건]","건","14","58","10","6","5","34","5","832","5","5","4","24","2","76","383","1","1","1","3",
"수산업법","고소","범죄의 검거 단서[건]","건","228","6","6","6","2","3","15","6","2","2","625","42","7","5","5","1","6","-","1",
"수산업법","고발","범죄의 검거 단서[건]","건","19","200","57","403","11","144","22","272","25","147","45","236","16","1101","2131","14","7","11","11",
"수산업법","자수","범죄의 검거 단서[건]","건","39","132","2","2","2","1","1","-","3","-","-","1","83","1","3","1","0","2","2",
"수산업법","민간체포","범죄의 검거 단서[건]","건","1","-","-","-","-","-","-","-","-","-","-","","-","-","-","-","0","-","-",
"수산업법","진정투서","범죄의 검거 단서[건]","건","25","9","147","3","31","18","3","9","63","5","2","2","307","4","5","172","3","3","520",
"수산업법","타인신고","범죄의 검거 단서[건]","건","492","520","232","646","59","335","163","2525","413","1666","1392","552","378","772","931","219","289","1013","505",
"수산업법","신문","범죄의 검거 단서[건]","건","1769","36","247","140","21","29","39","2","173","1","4","1","-","-","-","4","18","1","-",
"수산업법","불심검문","범죄의 검거 단서[건]","건","1569","1019","1718","799","3148","1296","2980","749","186","1205","581","1354","194","1027","1359","879","136","1348","96",
"수산업법","탐문정보","범죄의 검거 단서[건]","건","1462","2402","616","1489","642","1168","1220","231","36","242","320","1499","411","52","277","45","89","795","411",
"수산업법","안면식별","범죄의 검거 단서[건]","건","2","-","-","-","-","-","-","-","-","-","-","","-","-","-","-","0","1","-",
"수산업법","감식자료","범죄의 검거 단서[건]","건","1","-","2","-","1","-","-","-","-","-","-","","-","-","-","-","0","-","-",
"수산업법","변사체","범죄의 검거 단서[건]","건","-","-","-","-","1","-","-","-","-","-","2","1","4","-","-","-","1","1","-",
"수산업법","범죄수법","범죄의 검거 단서[건]","건","-","2","4","1","-","1","1","-","-","-","1","6","-","-","-","-","0","-","1",
"수산업법","발자국","범죄의 검거 단서[건]","건","-","-","-","-","-","-","-","-","-","-","-","","-","-","-","-","0","-","-",
"수산업법","검사지휘","범죄의 검거 단서[건]","건","2","-","-","-","-","3","2","1","2","-","-","","1","2","2","1","0","-","-",
"수산업법","타기관에서 이송","범죄의 검거 단서[건]","건","26","27","9","-","-","-","8","3","2","7","10","2","1","-","4","-","2","-","-",
"수산업법","범행도구등 발견","범죄의 검거 단서[건]","건","-","1","4","-","2","2","-","-","-","-","-","","-","-","2","-","0","-","-",
"수산업법","장물","범죄의 검거 단서[건]","건","1","-","1","-","-","-","-","-","-","-","-","","-","-","-","-","0","-","-",
"수산업법","전과조회","범죄의 검거 단서[건]","건","2","1","-","-","-","-","-","-","-","1","-","","-","-","-","-","0","-","-",
"수산업법","기타","범죄의 검거 단서[건]","건","1682","656","2252","1211","2497","2745","825","1238","134","492","1030","905","1282","723","418","285","476","315","329",
"수산업법","미상","범죄의 검거 단서[건]","건","","","","","","","","","103","","","","","","","","","","",
"수산자원관리법","계","범죄의 검거 단서[건]","건","","","","","976","3131","3083","4926","1485","2103","1696","1582","2005","2224","2297","883","2438","1788","1649",
"수산자원관리법","현행범","범죄의 검거 단서[건]","건","","","","","221","481","489","536","281","524","582","262","260","305","240","185","163","81","63",
"수산자원관리법","피해자신고","범죄의 검거 단서[건]","건","","","","","4","9","-","3","3","3","3","2","3","4","2","1","0","4","365",
"수산자원관리법","고소","범죄의 검거 단서[건]","건","","","","","-","-","27","6","2","1","3","","-","1","-","-","0","-","-",
"수산자원관리법","고발","범죄의 검거 단서[건]","건","","","","","5","26","16","9","16","10","27","12","6","8","9","6","8","8","10",
"수산자원관리법","자수","범죄의 검거 단서[건]","건","","","","","-","1","-","5","3","-","1","2","1","1","-","1","0","-","6",
"수산자원관리법","민간체포","범죄의 검거 단서[건]","건","","","","","-","-","-","-","-","-","-","","1","-","-","-","0","-","-",
"수산자원관리법","진정투서","범죄의 검거 단서[건]","건","","","","","-","3","4","2","1","2","6","4","4","1","1","1","0","2","-",
"수산자원관리법","타인신고","범죄의 검거 단서[건]","건","","","","","76","147","124","139","198","177","85","118","201","286","189","154","93","93","123",
"수산자원관리법","신문","범죄의 검거 단서[건]","건","","","","","19","5","1","3","2","39","-","4","-","6","-","2","0","1","1",
"수산자원관리법","불심검문","범죄의 검거 단서[건]","건","","","","","321","794","597","2357","320","437","237","214","187","998","146","95","97","118","92",
"수산자원관리법","탐문정보","범죄의 검거 단서[건]","건","","","","","20","393","707","889","46","124","168","78","147","33","174","44","34","1180","479",
"수산자원관리법","안면식별","범죄의 검거 단서[건]","건","","","","","-","-","-","2","-","-","-","","1","-","-","1","0","-","-",
"수산자원관리법","감식자료","범죄의 검거 단서[건]","건","","","","","1","-","-","2","-","-","-","","-","-","-","-","0","-","-",
"수산자원관리법","변사체","범죄의 검거 단서[건]","건","","","","","-","-","-","-","1","-","-","","-","-","-","-","0","-","-",
"수산자원관리법","범죄수법","범죄의 검거 단서[건]","건","","","","","-","-","-","-","-","-","-","1","-","-","58","1","1","-","-",
"수산자원관리법","발자국","범죄의 검거 단서[건]","건","","","","","-","-","-","-","-","-","-","","-","-","-","-","0","-","-",
"수산자원관리법","검사지휘","범죄의 검거 단서[건]","건","","","","","-","8","-","3","-","-","-","1","1","-","-","-","0","1","-",
"수산자원관리법","타기관에서 이송","범죄의 검거 단서[건]","건","","","","","1","3","5","1","4","-","2","1","-","2","2","-","1","-","1",
"수산자원관리법","범행도구등 발견","범죄의 검거 단서[건]","건","","","","","1","-","-","-","1","-","1","","1","1","1","-","1","1","-",
"수산자원관리법","장물","범죄의 검거 단서[건]","건","","","","","-","-","-","-","-","-","-","","-","-","-","-","0","-","-",
"수산자원관리법","전과조회","범죄의 검거 단서[건]","건","","","","","-","-","-","-","-","-","-","","-","-","-","1","0","-","-",
"수산자원관리법","기타","범죄의 검거 단서[건]","건","","","","","307","1261","1113","969","383","786","581","883","1192","578","1475","391","2040","299","509",
"수산자원관리법","미상","범죄의 검거 단서[건]","건","","","","","","","","","224","","","","","","","","","","",
"수산자원보호령","계","범죄의 검거 단서[건]","건","2744","3484","3452","1942","624","9","5","1","","","","","","","","","","","",
"수산자원보호령","현행범","범죄의 검거 단서[건]","건","748","1130","940","830","177","1","-","1","","","","","","","","","","","",
"수산자원보호령","피해자신고","범죄의 검거 단서[건]","건","4","7","17","5","1","-","-","-","","","","","","","","","","","",
"수산자원보호령","고소","범죄의 검거 단서[건]","건","2","4","1","-","1","-","-","-","","","","","","","","","","","",
"수산자원보호령","고발","범죄의 검거 단서[건]","건","10","7","122","12","16","-","-","-","","","","","","","","","","","",
"수산자원보호령","자수","범죄의 검거 단서[건]","건","13","23","5","5","-","-","-","-","","","","","","","","","","","",
"수산자원보호령","민간체포","범죄의 검거 단서[건]","건","-","-","-","-","-","-","-","-","","","","","","","","","","","",
"수산자원보호령","진정투서","범죄의 검거 단서[건]","건","13","29","6","2","-","-","-","-","","","","","","","","","","","",
"수산자원보호령","타인신고","범죄의 검거 단서[건]","건","136","505","623","87","23","2","-","-","","","","","","","","","","","",
"수산자원보호령","신문","범죄의 검거 단서[건]","건","25","14","9","1","-","-","-","-","","","","","","","","","","","",
"수산자원보호령","불심검문","범죄의 검거 단서[건]","건","342","329","622","462","164","2","-","-","","","","","","","","","","","",
"수산자원보호령","탐문정보","범죄의 검거 단서[건]","건","31","821","92","11","12","-","1","-","","","","","","","","","","","",
"수산자원보호령","안면식별","범죄의 검거 단서[건]","건","-","1","-","-","-","-","-","-","","","","","","","","","","","",
"수산자원보호령","감식자료","범죄의 검거 단서[건]","건","-","-","-","-","-","-","-","-","","","","","","","","","","","",
"수산자원보호령","변사체","범죄의 검거 단서[건]","건","-","1","-","1","-","-","-","-","","","","","","","","","","","",
"수산자원보호령","범죄수법","범죄의 검거 단서[건]","건","-","-","-","-","-","-","-","-","","","","","","","","","","","",
"수산자원보호령","발자국","범죄의 검거 단서[건]","건","-","-","-","-","-","-","-","-","","","","","","","","","","","",
"수산자원보호령","검사지휘","범죄의 검거 단서[건]","건","-","1","-","-","1","-","-","-","","","","","","","","","","","",
"수산자원보호령","타기관에서 이송","범죄의 검거 단서[건]","건","26","20","10","4","2","-","-","-","","","","","","","","","","","",
"수산자원보호령","범행도구등 발견","범죄의 검거 단서[건]","건","1","1","1","-","-","-","-","-","","","","","","","","","","","",
"수산자원보호령","장물","범죄의 검거 단서[건]","건","4","-","-","-","-","-","-","-","","","","","","","","","","","",
"수산자원보호령","전과조회","범죄의 검거 단서[건]","건","2","1","-","1","-","-","-","-","","","","","","","","","","","",
"수산자원보호령","기타","범죄의 검거 단서[건]","건","1387","590","1004","521","227","4","4","-","","","","","","","","","","","",
"수상레저안전법","계","범죄의 검거 단서[건]","건","159","213","1445","170","234","265","197","422","","","","","","","","","","","",
"수상레저안전법","현행범","범죄의 검거 단서[건]","건","43","45","14","8","12","5","-","1","","","","","","","","","","","",
"수상레저안전법","피해자신고","범죄의 검거 단서[건]","건","3","-","-","1","4","-","1","-","","","","","","","","","","","",
"수상레저안전법","고소","범죄의 검거 단서[건]","건","-","-","-","-","-","-","-","1","","","","","","","","","","","",
"수상레저안전법","고발","범죄의 검거 단서[건]","건","2","19","920","-","4","3","3","12","","","","","","","","","","","",
"수상레저안전법","자수","범죄의 검거 단서[건]","건","-","-","-","-","2","-","-","1","","","","","","","","","","","",
"수상레저안전법","민간체포","범죄의 검거 단서[건]","건","-","-","-","-","-","-","-","-","","","","","","","","","","","",
"수상레저안전법","진정투서","범죄의 검거 단서[건]","건","-","-","-","-","-","-","-","-","","","","","","","","","","","",
"수상레저안전법","타인신고","범죄의 검거 단서[건]","건","14","5","8","4","8","3","16","18","","","","","","","","","","","",
"수상레저안전법","신문","범죄의 검거 단서[건]","건","6","2","25","1","4","-","-","-","","","","","","","","","","","",
"수상레저안전법","불심검문","범죄의 검거 단서[건]","건","80","110","215","109","168","196","143","346","","","","","","","","","","","",
"수상레저안전법","탐문정보","범죄의 검거 단서[건]","건","2","15","9","2","5","19","7","11","","","","","","","","","","","",
"수상레저안전법","안면식별","범죄의 검거 단서[건]","건","-","-","-","-","-","-","-","-","","","","","","","","","","","",
"수상레저안전법","감식자료","범죄의 검거 단서[건]","건","-","-","-","-","-","-","-","-","","","","","","","","","","","",
"수상레저안전법","변사체","범죄의 검거 단서[건]","건","-","1","-","-","1","-","-","-","","","","","","","","","","","",
"수상레저안전법","범죄수법","범죄의 검거 단서[건]","건","-","-","-","-","-","-","-","-","","","","","","","","","","","",
"수상레저안전법","발자국","범죄의 검거 단서[건]","건","-","-","-","-","-","-","-","-","","","","","","","","","","","",
"수상레저안전법","검사지휘","범죄의 검거 단서[건]","건","-","-","-","-","-","-","-","-","","","","","","","","","","","",
"수상레저안전법","타기관에서 이송","범죄의 검거 단서[건]","건","3","-","-","-","-","-","-","-","","","","","","","","","","","",
"수상레저안전법","범행도구등 발견","범죄의 검거 단서[건]","건","-","-","-","-","-","-","-","-","","","","","","","","","","","",
"수상레저안전법","장물","범죄의 검거 단서[건]","건","-","-","-","-","-","-","-","-","","","","","","","","","","","",
"수상레저안전법","전과조회","범죄의 검거 단서[건]","건","-","-","-","-","-","-","-","-","","","","","","","","","","","",
"수상레저안전법","기타","범죄의 검거 단서[건]","건","6","16","254","45","26","39","27","32","","","","","","","","","","","",
"수질환경보전법","계","범죄의 검거 단서[건]","건","1289","1262","126","25","7","2","1","-","","","","","","","","","","","",
"수질환경보전법","현행범","범죄의 검거 단서[건]","건","70","44","9","-","-","-","-","-","","","","","","","","","","","",
"수질환경보전법","피해자신고","범죄의 검거 단서[건]","건","14","10","1","-","-","-","-","-","","","","","","","","","","","",
"수질환경보전법","고소","범죄의 검거 단서[건]","건","4","6","-","-","-","-","-","-","","","","","","","","","","","",
"수질환경보전법","고발","범죄의 검거 단서[건]","건","392","374","41","4","-","1","1","-","","","","","","","","","","","",
"수질환경보전법","자수","범죄의 검거 단서[건]","건","7","1","-","-","-","-","-","-","","","","","","","","","","","",
"수질환경보전법","민간체포","범죄의 검거 단서[건]","건","-","-","-","-","-","-","-","-","","","","","","","","","","","",
"수질환경보전법","진정투서","범죄의 검거 단서[건]","건","7","8","-","-","-","-","-","-","","","","","","","","","","","",
"수질환경보전법","타인신고","범죄의 검거 단서[건]","건","59","60","6","1","1","-","-","-","","","","","","","","","","","",
"수질환경보전법","신문","범죄의 검거 단서[건]","건","3","1","-","-","-","-","-","-","","","","","","","","","","","",
"수질환경보전법","불심검문","범죄의 검거 단서[건]","건","18","122","1","-","-","-","-","-","","","","","","","","","","","",
"수질환경보전법","탐문정보","범죄의 검거 단서[건]","건","347","274","9","5","-","-","-","-","","","","","","","","","","","",
"수질환경보전법","안면식별","범죄의 검거 단서[건]","건","-","-","-","-","-","-","-","-","","","","","","","","","","","",
"수질환경보전법","감식자료","범죄의 검거 단서[건]","건","-","-","-","-","-","-","-","-","","","","","","","","","","","",
"수질환경보전법","변사체","범죄의 검거 단서[건]","건","-","1","-","-","-","-","-","-","","","","","","","","","","","",
"수질환경보전법","범죄수법","범죄의 검거 단서[건]","건","-","-","-","-","-","-","-","-","","","","","","","","","","","",
"수질환경보전법","발자국","범죄의 검거 단서[건]","건","-","-","-","-","-","-","-","-","","","","","","","","","","","",
"수질환경보전법","검사지휘","범죄의 검거 단서[건]","건","10","8","-","-","-","-","-","-","","","","","","","","","","","",
"수질환경보전법","타기관에서 이송","범죄의 검거 단서[건]","건","-","-","-","-","-","-","-","-","","","","","","","","","","","",
"수질환경보전법","범행도구등 발견","범죄의 검거 단서[건]","건","-","-","-","-","-","-","-","-","","","","","","","","","","","",
"수질환경보전법","장물","범죄의 검거 단서[건]","건","-","-","-","-","-","-","-","-","","","","","","","","","","","",
"수질환경보전법","전과조회","범죄의 검거 단서[건]","건","-","-","-","-","-","-","-","-","","","","","","","","","","","",
"수질환경보전법","기타","범죄의 검거 단서[건]","건","358","353","59","15","6","1","-","-","","","","","","","","","","","",
"스토킹범죄의처벌등에관한법률","계","범죄의 검거 단서[건]","건","","","","","","","","","","","","","","","","881","9928","11581","12726",
"스토킹범죄의처벌등에관한법률","현행범","범죄의 검거 단서[건]","건","","","","","","","","","","","","","","","","94","760","864","907",
"스토킹범죄의처벌등에관한법률","피해자신고","범죄의 검거 단서[건]","건","","","","","","","","","","","","","","","","613","6116","6656","6636",
"스토킹범죄의처벌등에관한법률","고소","범죄의 검거 단서[건]","건","","","","","","","","","","","","","","","","116","2299","3119","3948",
"스토킹범죄의처벌등에관한법률","고발","범죄의 검거 단서[건]","건","","","","","","","","","","","","","","","","-","2","14","31",
"스토킹범죄의처벌등에관한법률","자수","범죄의 검거 단서[건]","건","","","","","","","","","","","","","","","","-","10","8","9",
"스토킹범죄의처벌등에관한법률","민간체포","범죄의 검거 단서[건]","건","","","","","","","","","","","","","","","","-","1","-","2",
"스토킹범죄의처벌등에관한법률","진정투서","범죄의 검거 단서[건]","건","","","","","","","","","","","","","","","","5","208","308","441",
"스토킹범죄의처벌등에관한법률","타인신고","범죄의 검거 단서[건]","건","","","","","","","","","","","","","","","","23","206","211","252",
"스토킹범죄의처벌등에관한법률","신문","범죄의 검거 단서[건]","건","","","","","","","","","","","","","","","","-","3","11","9",
"스토킹범죄의처벌등에관한법률","불심검문","범죄의 검거 단서[건]","건","","","","","","","","","","","","","","","","-","0","9","5",
"스토킹범죄의처벌등에관한법률","탐문정보","범죄의 검거 단서[건]","건","","","","","","","","","","","","","","","","4","61","60","70",
"스토킹범죄의처벌등에관한법률","안면식별","범죄의 검거 단서[건]","건","","","","","","","","","","","","","","","","-","0","-","-",
"스토킹범죄의처벌등에관한법률","감식자료","범죄의 검거 단서[건]","건","","","","","","","","","","","","","","","","-","0","-","-",
"스토킹범죄의처벌등에관한법률","변사체","범죄의 검거 단서[건]","건","","","","","","","","","","","","","","","","-","0","-","2",
"스토킹범죄의처벌등에관한법률","범죄수법","범죄의 검거 단서[건]","건","","","","","","","","","","","","","","","","-","0","-","-",
"스토킹범죄의처벌등에관한법률","발자국","범죄의 검거 단서[건]","건","","","","","","","","","","","","","","","","-","0","-","-",
"스토킹범죄의처벌등에관한법률","검사지휘","범죄의 검거 단서[건]","건","","","","","","","","","","","","","","","","-","2","-","2",
"스토킹범죄의처벌등에관한법률","타기관에서 이송","범죄의 검거 단서[건]","건","","","","","","","","","","","","","","","","-","4","8","28",
"스토킹범죄의처벌등에관한법률","범행도구등 발견","범죄의 검거 단서[건]","건","","","","","","","","","","","","","","","","-","0","-","-",
"스토킹범죄의처벌등에관한법률","장물","범죄의 검거 단서[건]","건","","","","","","","","","","","","","","","","-","0","-","-",
"스토킹범죄의처벌등에관한법률","전과조회","범죄의 검거 단서[건]","건","","","","","","","","","","","","","","","","-","1","-","1",
"스토킹범죄의처벌등에관한법률","기타","범죄의 검거 단서[건]","건","","","","","","","","","","","","","","","","26","255","313","383",
"식품위생법","계","범죄의 검거 단서[건]","건","13751","10749","10323","12093","10518","11854","13061","16565","10444","9850","11049","8873","6739","7408","6632","5084","5264","5888","5513",
"식품위생법","현행범","범죄의 검거 단서[건]","건","1908","1681","1386","2101","1420","1001","762","561","399","369","346","290","164","152","131","155","131","108","91",
"식품위생법","피해자신고","범죄의 검거 단서[건]","건","208","222","272","323","179","186","154","140","126","128","108","104","78","92","88","56","52","82","85",
"식품위생법","고소","범죄의 검거 단서[건]","건","77","60","60","73","52","58","89","76","80","56","55","70","62","69","71","51","39","42","36",
"식품위생법","고발","범죄의 검거 단서[건]","건","3420","3511","3031","2782","3199","3350","3374","3056","3010","2902","3284","2738","2923","2878","2120","2070","1999","2072","2023",
"식품위생법","자수","범죄의 검거 단서[건]","건","55","26","58","67","33","10","4","6","10","7","5","2","4","3","1","1","1","4","9",
"식품위생법","민간체포","범죄의 검거 단서[건]","건","-","-","-","-","-","-","-","1","-","-","-","","-","-","-","-","1","-","-",
"식품위생법","진정투서","범죄의 검거 단서[건]","건","45","94","127","124","94","102","112","86","117","164","101","143","121","137","132","69","73","202","204",
"식품위생법","타인신고","범죄의 검거 단서[건]","건","3160","2130","2186","2216","1973","2021","1948","2021","1835","1747","1872","1610","1405","1719","1979","1026","1114","1735","1336",
"식품위생법","신문","범죄의 검거 단서[건]","건","43","21","21","30","23","27","204","63","34","7","15","10","17","14","12","14","7","17","17",
"식품위생법","불심검문","범죄의 검거 단서[건]","건","243","295","479","430","193","194","368","294","73","112","415","104","49","59","52","41","445","35","202",
"식품위생법","탐문정보","범죄의 검거 단서[건]","건","1482","762","662","1115","418","966","1628","3934","1100","1337","1274","987","134","283","173","225","85","66","46",
"식품위생법","안면식별","범죄의 검거 단서[건]","건","-","-","-","-","-","-","-","-","-","-","-","","-","-","-","-","0","-","-",
"식품위생법","감식자료","범죄의 검거 단서[건]","건","-","-","2","1","-","1","-","6","-","1","1","","1","1","-","-","0","-","-",
"식품위생법","변사체","범죄의 검거 단서[건]","건","-","-","-","1","-","-","-","-","-","-","-","","-","-","1","-","0","-","-",
"식품위생법","범죄수법","범죄의 검거 단서[건]","건","-","1","1","-","-","-","-","-","2","-","-","","-","-","-","-","0","-","-",
"식품위생법","발자국","범죄의 검거 단서[건]","건","-","-","-","1","-","-","-","1","-","-","-","","-","-","-","-","0","-","-",
"식품위생법","검사지휘","범죄의 검거 단서[건]","건","8","6","1","12","6","11","2","5","5","6","39","6","-","6","4","1","0","-","-",
"식품위생법","타기관에서 이송","범죄의 검거 단서[건]","건","33","22","7","17","19","28","15","6","10","11","8","13","8","8","12","21","13","8","16",
"식품위생법","범행도구등 발견","범죄의 검거 단서[건]","건","-","-","-","-","11","2","298","-","1","1","-","","-","-","-","1","0","1","1",
"식품위생법","장물","범죄의 검거 단서[건]","건","-","1","-","1","-","-","-","-","-","-","-","","-","-","-","-","0","-","-",
"식품위생법","전과조회","범죄의 검거 단서[건]","건","12","3","3","2","2","-","-","-","-","-","1","","-","-","-","-","0","-","1",
"식품위생법","기타","범죄의 검거 단서[건]","건","3057","1914","2027","2797","2896","3897","4103","6309","1307","3002","3525","2796","1773","1987","1856","1353","1304","1516","1446",
"식품위생법","미상","범죄의 검거 단서[건]","건","","","","","","","","","2335","","","","","","","","","","",
"신용정보의이용및보호에관한법률","계","범죄의 검거 단서[건]","건","96","98","108","110","48","54","46","142","39","30","40","58","20","34","46","26","21","23","20",
"신용정보의이용및보호에관한법률","현행범","범죄의 검거 단서[건]","건","2","3","1","-","-","-","-","1","-","-","-","1","-","-","-","-","0","-","-",
"신용정보의이용및보호에관한법률","피해자신고","범죄의 검거 단서[건]","건","1","2","2","4","1","-","1","4","3","1","1","1","1","4","1","2","0","3","1",
"신용정보의이용및보호에관한법률","고소","범죄의 검거 단서[건]","건","48","39","49","42","31","34","34","23","16","14","24","8","10","25","32","16","14","13","14",
"신용정보의이용및보호에관한법률","고발","범죄의 검거 단서[건]","건","1","3","5","2","1","3","3","3","1","1","1","","1","2","3","5","1","3","1",
"신용정보의이용및보호에관한법률","자수","범죄의 검거 단서[건]","건","-","-","1","1","-","-","-","-","-","-","-","","-","-","-","-","1","-","-",
"신용정보의이용및보호에관한법률","민간체포","범죄의 검거 단서[건]","건","-","-","-","-","-","-","-","-","-","-","-","","-","-","-","-","0","-","-",
"신용정보의이용및보호에관한법률","진정투서","범죄의 검거 단서[건]","건","3","7","10","7","7","2","2","2","3","1","5","31","1","1","2","-","1","2","2",
"신용정보의이용및보호에관한법률","타인신고","범죄의 검거 단서[건]","건","2","-","1","2","-","-","-","-","-","-","-","","-","-","-","1","0","-","-",
"신용정보의이용및보호에관한법률","신문","범죄의 검거 단서[건]","건","-","2","-","1","-","-","-","-","-","-","-","","-","-","-","-","0","-","-",
"신용정보의이용및보호에관한법률","불심검문","범죄의 검거 단서[건]","건","-","1","-","1","-","-","-","-","-","-","-","","-","-","-","-","0","-","-",
"신용정보의이용및보호에관한법률","탐문정보","범죄의 검거 단서[건]","건","30","35","29","35","6","13","5","38","7","3","2","3","4","-","-","-","2","-","-",
"신용정보의이용및보호에관한법률","안면식별","범죄의 검거 단서[건]","건","-","-","-","-","-","-","-","-","-","-","-","1","-","-","-","-","0","-","-",
"신용정보의이용및보호에관한법률","감식자료","범죄의 검거 단서[건]","건","-","-","-","-","-","-","-","-","-","-","-","","-","-","-","-","0","-","-",
"신용정보의이용및보호에관한법률","변사체","범죄의 검거 단서[건]","건","-","-","-","-","-","-","-","-","-","-","-","","-","-","-","-","0","-","-",
"신용정보의이용및보호에관한법률","범죄수법","범죄의 검거 단서[건]","건","-","-","-","-","-","-","-","-","-","-","-","","-","-","-","-","0","-","-",
"신용정보의이용및보호에관한법률","발자국","범죄의 검거 단서[건]","건","-","-","-","-","-","-","-","-","-","-","-","","-","-","-","-","0","-","-",
"신용정보의이용및보호에관한법률","검사지휘","범죄의 검거 단서[건]","건","-","-","-","1","1","-","-","1","-","-","1","","-","-","1","-","0","-","-",
"신용정보의이용및보호에관한법률","타기관에서 이송","범죄의 검거 단서[건]","건","-","-","-","-","-","-","-","1","-","-","-","","-","-","-","-","0","-","-",
"신용정보의이용및보호에관한법률","범행도구등 발견","범죄의 검거 단서[건]","건","-","-","1","-","-","-","-","-","-","-","-","","-","-","-","-","0","-","-",
"신용정보의이용및보호에관한법률","장물","범죄의 검거 단서[건]","건","-","-","-","-","-","-","-","-","-","-","-","","-","-","-","-","0","-","-",
"신용정보의이용및보호에관한법률","전과조회","범죄의 검거 단서[건]","건","-","-","-","-","-","-","-","-","-","-","-","","-","-","-","-","0","-","-",
"신용정보의이용및보호에관한법률","기타","범죄의 검거 단서[건]","건","9","6","9","14","1","2","1","69","4","10","6","13","3","2","7","2","2","2","2",
"신용정보의이용및보호에관한법률","미상","범죄의 검거 단서[건]","건","","","","","","","","","5","","","","","","","","","","",
"실용신안법","계","범죄의 검거 단서[건]","건","243","182","187","297","335","79","108","68","","","","","","","","","","","",
"실용신안법","현행범","범죄의 검거 단서[건]","건","-","-","-","-","-","-","-","-","","","","","","","","","","","",
"실용신안법","피해자신고","범죄의 검거 단서[건]","건","1","-","3","1","1","-","-","1","","","","","","","","","","","",
"실용신안법","고소","범죄의 검거 단서[건]","건","231","169","160","285","315","75","100","65","","","","","","","","","","","",
"실용신안법","고발","범죄의 검거 단서[건]","건","3","2","7","6","6","1","1","2","","","","","","","","","","","",
"실용신안법","자수","범죄의 검거 단서[건]","건","-","1","1","-","-","-","1","-","","","","","","","","","","","",
"실용신안법","민간체포","범죄의 검거 단서[건]","건","-","-","-","-","-","-","-","-","","","","","","","","","","","",
"실용신안법","진정투서","범죄의 검거 단서[건]","건","-","-","-","-","-","-","-","-","","","","","","","","","","","",
"실용신안법","타인신고","범죄의 검거 단서[건]","건","-","-","1","-","-","-","-","-","","","","","","","","","","","",
"실용신안법","신문","범죄의 검거 단서[건]","건","-","-","-","-","-","-","-","-","","","","","","","","","","","",
"실용신안법","불심검문","범죄의 검거 단서[건]","건","-","-","-","-","-","-","-","-","","","","","","","","","","","",
"실용신안법","탐문정보","범죄의 검거 단서[건]","건","1","5","2","1","-","2","-","-","","","","","","","","","","","",
"실용신안법","안면식별","범죄의 검거 단서[건]","건","-","-","-","-","-","-","-","-","","","","","","","","","","","",
"실용신안법","감식자료","범죄의 검거 단서[건]","건","-","-","-","-","-","-","-","-","","","","","","","","","","","",
"실용신안법","변사체","범죄의 검거 단서[건]","건","-","-","-","-","-","-","-","-","","","","","","","","","","","",
"실용신안법","범죄수법","범죄의 검거 단서[건]","건","-","-","-","-","-","-","-","-","","","","","","","","","","","",
"실용신안법","발자국","범죄의 검거 단서[건]","건","-","-","-","-","-","-","-","-","","","","","","","","","","","",
"실용신안법","검사지휘","범죄의 검거 단서[건]","건","-","-","2","-","3","-","-","-","","","","","","","","","","","",
"실용신안법","타기관에서 이송","범죄의 검거 단서[건]","건","-","-","-","-","-","-","-","-","","","","","","","","","","","",
"실용신안법","범행도구등 발견","범죄의 검거 단서[건]","건","-","-","-","-","-","-","-","-","","","","","","","","","","","",
"실용신안법","장물","범죄의 검거 단서[건]","건","-","-","-","-","-","-","-","-","","","","","","","","","","","",
"실용신안법","전과조회","범죄의 검거 단서[건]","건","-","-","-","-","-","-","-","-","","","","","","","","","","","",
"실용신안법","기타","범죄의 검거 단서[건]","건","7","5","11","4","10","1","6","-","","","","","","","","","","","",
"아동?청소년의성보호에관한법률","계","범죄의 검거 단서[건]","건","","","","","","","5481","6569","","","","","","","","","","","",
"아동?청소년의성보호에관한법률","현행범","범죄의 검거 단서[건]","건","","","","","","","346","315","","","","","","","","","","","",
"아동?청소년의성보호에관한법률","피해자신고","범죄의 검거 단서[건]","건","","","","","","","1295","1577","","","","","","","","","","","",
"아동?청소년의성보호에관한법률","고소","범죄의 검거 단서[건]","건","","","","","","","545","387","","","","","","","","","","","",
"아동?청소년의성보호에관한법률","고발","범죄의 검거 단서[건]","건","","","","","","","146","79","","","","","","","","","","","",
"아동?청소년의성보호에관한법률","자수","범죄의 검거 단서[건]","건","","","","","","","33","12","","","","","","","","","","","",
"아동?청소년의성보호에관한법률","민간체포","범죄의 검거 단서[건]","건","","","","","","","1","3","","","","","","","","","","","",
"아동?청소년의성보호에관한법률","진정투서","범죄의 검거 단서[건]","건","","","","","","","26","42","","","","","","","","","","","",
"아동?청소년의성보호에관한법률","타인신고","범죄의 검거 단서[건]","건","","","","","","","111","108","","","","","","","","","","","",
"아동?청소년의성보호에관한법률","신문","범죄의 검거 단서[건]","건","","","","","","","3","1","","","","","","","","","","","",
"아동?청소년의성보호에관한법률","불심검문","범죄의 검거 단서[건]","건","","","","","","","23","22","","","","","","","","","","","",
"아동?청소년의성보호에관한법률","탐문정보","범죄의 검거 단서[건]","건","","","","","","","1894","3309","","","","","","","","","","","",
"아동?청소년의성보호에관한법률","안면식별","범죄의 검거 단서[건]","건","","","","","","","1","-","","","","","","","","","","","",
"아동?청소년의성보호에관한법률","감식자료","범죄의 검거 단서[건]","건","","","","","","","7","6","","","","","","","","","","","",
"아동?청소년의성보호에관한법률","변사체","범죄의 검거 단서[건]","건","","","","","","","1","1","","","","","","","","","","","",
"아동?청소년의성보호에관한법률","범죄수법","범죄의 검거 단서[건]","건","","","","","","","2","1","","","","","","","","","","","",
"아동?청소년의성보호에관한법률","발자국","범죄의 검거 단서[건]","건","","","","","","","-","-","","","","","","","","","","","",
"아동?청소년의성보호에관한법률","검사지휘","범죄의 검거 단서[건]","건","","","","","","","11","8","","","","","","","","","","","",
"아동?청소년의성보호에관한법률","타기관에서 이송","범죄의 검거 단서[건]","건","","","","","","","6","7","","","","","","","","","","","",
"아동?청소년의성보호에관한법률","범행도구등 발견","범죄의 검거 단서[건]","건","","","","","","","-","-","","","","","","","","","","","",
"아동?청소년의성보호에관한법률","장물","범죄의 검거 단서[건]","건","","","","","","","-","-","","","","","","","","","","","",
"아동?청소년의성보호에관한법률","전과조회","범죄의 검거 단서[건]","건","","","","","","","1","1","","","","","","","","","","","",
"아동?청소년의성보호에관한법률","기타","범죄의 검거 단서[건]","건","","","","","","","1029","690","","","","","","","","","","","",
"아동?청소년의성보호에관한법률(성매수등)","계","범죄의 검거 단서[건]","건","","","","","","","","","346","321","414","702","332","299","272","319","289","464","624",
"아동?청소년의성보호에관한법률(성매수등)","현행범","범죄의 검거 단서[건]","건","","","","","","","","","10","14","23","30","11","3","12","7","3","7","12",
"아동?청소년의성보호에관한법률(성매수등)","피해자신고","범죄의 검거 단서[건]","건","","","","","","","","","87","74","84","118","67","75","72","96","104","127","153",
"아동?청소년의성보호에관한법률(성매수등)","고소","범죄의 검거 단서[건]","건","","","","","","","","","14","26","19","15","34","44","39","43","47","95","86",
"아동?청소년의성보호에관한법률(성매수등)","고발","범죄의 검거 단서[건]","건","","","","","","","","","1","4","1","2","5","7","7","1","1","7","1",
"아동?청소년의성보호에관한법률(성매수등)","자수","범죄의 검거 단서[건]","건","","","","","","","","","3","1","2","2","3","3","2","1","4","7","14",
"아동?청소년의성보호에관한법률(성매수등)","민간체포","범죄의 검거 단서[건]","건","","","","","","","","","-","-","-","","1","-","-","-","0","-","-",
"아동?청소년의성보호에관한법률(성매수등)","진정투서","범죄의 검거 단서[건]","건","","","","","","","","","4","3","8","7","15","6","14","9","19","41","52",
"아동?청소년의성보호에관한법률(성매수등)","타인신고","범죄의 검거 단서[건]","건","","","","","","","","","47","20","36","46","25","29","36","49","44","73","125",
"아동?청소년의성보호에관한법률(성매수등)","신문","범죄의 검거 단서[건]","건","","","","","","","","","-","-","2","","-","1","-","-","0","1","-",
"아동?청소년의성보호에관한법률(성매수등)","불심검문","범죄의 검거 단서[건]","건","","","","","","","","","1","2","7","30","4","1","-","-","2","-","1",
"아동?청소년의성보호에관한법률(성매수등)","탐문정보","범죄의 검거 단서[건]","건","","","","","","","","","113","91","124","195","66","48","34","58","30","42","40",
"아동?청소년의성보호에관한법률(성매수등)","안면식별","범죄의 검거 단서[건]","건","","","","","","","","","-","-","-","","-","-","-","-","0","-","-",
"아동?청소년의성보호에관한법률(성매수등)","감식자료","범죄의 검거 단서[건]","건","","","","","","","","","1","-","-","","-","-","-","-","0","1","-",
"아동?청소년의성보호에관한법률(성매수등)","변사체","범죄의 검거 단서[건]","건","","","","","","","","","-","-","-","","-","-","-","-","0","-","-",
"아동?청소년의성보호에관한법률(성매수등)","범죄수법","범죄의 검거 단서[건]","건","","","","","","","","","1","-","1","1","-","-","-","-","0","-","-",
"아동?청소년의성보호에관한법률(성매수등)","발자국","범죄의 검거 단서[건]","건","","","","","","","","","-","-","-","","-","-","-","-","0","-","-",
"아동?청소년의성보호에관한법률(성매수등)","검사지휘","범죄의 검거 단서[건]","건","","","","","","","","","1","-","-","1","-","2","-","-","0","-","-",
"아동?청소년의성보호에관한법률(성매수등)","타기관에서 이송","범죄의 검거 단서[건]","건","","","","","","","","","-","-","1","","-","-","-","4","0","2","7",
"아동?청소년의성보호에관한법률(성매수등)","범행도구등 발견","범죄의 검거 단서[건]","건","","","","","","","","","-","-","-","","-","-","-","-","0","-","-",
"아동?청소년의성보호에관한법률(성매수등)","장물","범죄의 검거 단서[건]","건","","","","","","","","","-","-","-","","-","-","-","-","0","-","-",
"아동?청소년의성보호에관한법률(성매수등)","전과조회","범죄의 검거 단서[건]","건","","","","","","","","","-","-","-","","-","-","-","-","0","-","-",
"아동?청소년의성보호에관한법률(성매수등)","기타","범죄의 검거 단서[건]","건","","","","","","","","","58","86","106","255","101","80","56","51","35","61","133",
"아동?청소년의성보호에관한법률(성매수등)","미상","범죄의 검거 단서[건]","건","","","","","","","","","5","","","","","","","","","","",
"아동?청소년의성보호에관한법률(음란물등)","계","범죄의 검거 단서[건]","건","","","","","","","","","699","610","785","427","863","608","","","","","",
"아동?청소년의성보호에관한법률(음란물등)","현행범","범죄의 검거 단서[건]","건","","","","","","","","","-","-","-","","-","-","","","","","",
"아동?청소년의성보호에관한법률(음란물등)","피해자신고","범죄의 검거 단서[건]","건","","","","","","","","","10","8","11","23","19","27","","","","","",
"아동?청소년의성보호에관한법률(음란물등)","고소","범죄의 검거 단서[건]","건","","","","","","","","","3","2","9","7","13","40","","","","","",
"아동?청소년의성보호에관한법률(음란물등)","고발","범죄의 검거 단서[건]","건","","","","","","","","","2","1","1","3","7","35","","","","","",
"아동?청소년의성보호에관한법률(음란물등)","자수","범죄의 검거 단서[건]","건","","","","","","","","","1","-","-","","1","-","","","","","",
"아동?청소년의성보호에관한법률(음란물등)","민간체포","범죄의 검거 단서[건]","건","","","","","","","","","-","-","-","","-","-","","","","","",
"아동?청소년의성보호에관한법률(음란물등)","진정투서","범죄의 검거 단서[건]","건","","","","","","","","","14","30","19","14","25","29","","","","","",
"아동?청소년의성보호에관한법률(음란물등)","타인신고","범죄의 검거 단서[건]","건","","","","","","","","","1","4","4","2","4","2","","","","","",
"아동?청소년의성보호에관한법률(음란물등)","신문","범죄의 검거 단서[건]","건","","","","","","","","","-","-","-","","-","1","","","","","",
"아동?청소년의성보호에관한법률(음란물등)","불심검문","범죄의 검거 단서[건]","건","","","","","","","","","-","-","1","","1","-","","","","","",
"아동?청소년의성보호에관한법률(음란물등)","탐문정보","범죄의 검거 단서[건]","건","","","","","","","","","577","443","479","287","452","284","","","","","",
"아동?청소년의성보호에관한법률(음란물등)","안면식별","범죄의 검거 단서[건]","건","","","","","","","","","-","-","-","","-","-","","","","","",
"아동?청소년의성보호에관한법률(음란물등)","감식자료","범죄의 검거 단서[건]","건","","","","","","","","","-","-","-","","-","-","","","","","",
"아동?청소년의성보호에관한법률(음란물등)","변사체","범죄의 검거 단서[건]","건","","","","","","","","","-","-","-","","-","-","","","","","",
"아동?청소년의성보호에관한법률(음란물등)","범죄수법","범죄의 검거 단서[건]","건","","","","","","","","","-","-","-","","-","-","","","","","",
"아동?청소년의성보호에관한법률(음란물등)","발자국","범죄의 검거 단서[건]","건","","","","","","","","","-","-","-","","-","-","","","","","",
"아동?청소년의성보호에관한법률(음란물등)","검사지휘","범죄의 검거 단서[건]","건","","","","","","","","","2","-","-","3","1","1","","","","","",
"아동?청소년의성보호에관한법률(음란물등)","타기관에서 이송","범죄의 검거 단서[건]","건","","","","","","","","","-","1","-","","9","-","","","","","",
"아동?청소년의성보호에관한법률(음란물등)","범행도구등 발견","범죄의 검거 단서[건]","건","","","","","","","","","-","-","-","","-","-","","","","","",
"아동?청소년의성보호에관한법률(음란물등)","장물","범죄의 검거 단서[건]","건","","","","","","","","","-","-","-","","-","-","","","","","",
"아동?청소년의성보호에관한법률(음란물등)","전과조회","범죄의 검거 단서[건]","건","","","","","","","","","-","-","-","","-","-","","","","","",
"아동?청소년의성보호에관한법률(음란물등)","기타","범죄의 검거 단서[건]","건","","","","","","","","","82","121","261","88","331","189","","","","","",
"아동?청소년의성보호에관한법률(음란물등)","미상","범죄의 검거 단서[건]","건","","","","","","","","","7","","","","","","","","","","",
"아동·청소년의성보호에관한법률(성착취물등)","계","범죄의 검거 단서[건]","건","","","","","","","","","","","","","","","2475","1480","1397","1572","2095",
"아동·청소년의성보호에관한법률(성착취물등)","현행범","범죄의 검거 단서[건]","건","","","","","","","","","","","","","","","7","2","2","9","6",
"아동·청소년의성보호에관한법률(성착취물등)","피해자신고","범죄의 검거 단서[건]","건","","","","","","","","","","","","","","","135","154","197","234","293",
"아동·청소년의성보호에관한법률(성착취물등)","고소","범죄의 검거 단서[건]","건","","","","","","","","","","","","","","","79","95","183","192","256",
"아동·청소년의성보호에관한법률(성착취물등)","고발","범죄의 검거 단서[건]","건","","","","","","","","","","","","","","","32","13","11","6","9",
"아동·청소년의성보호에관한법률(성착취물등)","자수","범죄의 검거 단서[건]","건","","","","","","","","","","","","","","","14","23","9","16","16",
"아동·청소년의성보호에관한법률(성착취물등)","민간체포","범죄의 검거 단서[건]","건","","","","","","","","","","","","","","","-","-","1","1","-",
"아동·청소년의성보호에관한법률(성착취물등)","진정투서","범죄의 검거 단서[건]","건","","","","","","","","","","","","","","","114","165","125","137","240",
"아동·청소년의성보호에관한법률(성착취물등)","타인신고","범죄의 검거 단서[건]","건","","","","","","","","","","","","","","","41","49","51","65","78",
"아동·청소년의성보호에관한법률(성착취물등)","신문","범죄의 검거 단서[건]","건","","","","","","","","","","","","","","","1","7","3","-","1",
"아동·청소년의성보호에관한법률(성착취물등)","불심검문","범죄의 검거 단서[건]","건","","","","","","","","","","","","","","","-","-","0","-","-",
"아동·청소년의성보호에관한법률(성착취물등)","탐문정보","범죄의 검거 단서[건]","건","","","","","","","","","","","","","","","804","362","319","300","367",
"아동·청소년의성보호에관한법률(성착취물등)","안면식별","범죄의 검거 단서[건]","건","","","","","","","","","","","","","","","-","-","0","-","-",
"아동·청소년의성보호에관한법률(성착취물등)","감식자료","범죄의 검거 단서[건]","건","","","","","","","","","","","","","","","-","1","1","-","2",
"아동·청소년의성보호에관한법률(성착취물등)","변사체","범죄의 검거 단서[건]","건","","","","","","","","","","","","","","","-","-","0","-","-",
"아동·청소년의성보호에관한법률(성착취물등)","범죄수법","범죄의 검거 단서[건]","건","","","","","","","","","","","","","","","-","1","1","-","2",
"아동·청소년의성보호에관한법률(성착취물등)","발자국","범죄의 검거 단서[건]","건","","","","","","","","","","","","","","","-","-","0","-","-",
"아동·청소년의성보호에관한법률(성착취물등)","검사지휘","범죄의 검거 단서[건]","건","","","","","","","","","","","","","","","19","2","0","-","-",
"아동·청소년의성보호에관한법률(성착취물등)","타기관에서 이송","범죄의 검거 단서[건]","건","","","","","","","","","","","","","","","7","33","16","10","12",
"아동·청소년의성보호에관한법률(성착취물등)","범행도구등 발견","범죄의 검거 단서[건]","건","","","","","","","","","","","","","","","1","-","0","-","3",
"아동·청소년의성보호에관한법률(성착취물등)","장물","범죄의 검거 단서[건]","건","","","","","","","","","","","","","","","-","-","0","-","-",
"아동·청소년의성보호에관한법률(성착취물등)","전과조회","범죄의 검거 단서[건]","건","","","","","","","","","","","","","","","-","-","0","-","-",
"아동·청소년의성보호에관한법률(성착취물등)","기타","범죄의 검거 단서[건]","건","","","","","","","","","","","","","","","1221","573","478","602","810",
"아동복지법","계","범죄의 검거 단서[건]","건","","","","","","","","","786","1771","3099","3593","4046","5318","6105","12207","12067","13301","13599",
"아동복지법","현행범","범죄의 검거 단서[건]","건","","","","","","","","","27","95","134","107","86","107","91","139","155","187","220",
"아동복지법","피해자신고","범죄의 검거 단서[건]","건","","","","","","","","","175","495","913","1105","1262","1732","1949","4702","4871","5252","5468",
"아동복지법","고소","범죄의 검거 단서[건]","건","","","","","","","","","115","210","337","420","565","707","677","817","916","1251","1639",
"아동복지법","고발","범죄의 검거 단서[건]","건","","","","","","","","","164","166","200","287","245","320","377","271","132","138","131",
"아동복지법","자수","범죄의 검거 단서[건]","건","","","","","","","","","2","3","8","12","9","18","29","79","81","95","88",
"아동복지법","민간체포","범죄의 검거 단서[건]","건","","","","","","","","","-","-","-","","-","-","-","1","0","-","-",
"아동복지법","진정투서","범죄의 검거 단서[건]","건","","","","","","","","","23","35","67","114","88","165","174","224","206","280","324",
"아동복지법","타인신고","범죄의 검거 단서[건]","건","","","","","","","","","157","391","887","1029","1217","1605","1977","4588","4452","4820","4502",
"아동복지법","신문","범죄의 검거 단서[건]","건","","","","","","","","","1","1","1","1","1","2","1","3","23","8","8",
"아동복지법","불심검문","범죄의 검거 단서[건]","건","","","","","","","","","-","3","1","1","2","2","-","1","1","3","5",
"아동복지법","탐문정보","범죄의 검거 단서[건]","건","","","","","","","","","66","242","262","210","153","169","110","171","160","168","102",
"아동복지법","안면식별","범죄의 검거 단서[건]","건","","","","","","","","","-","-","-","","-","-","-","-","0","-","-",
"아동복지법","감식자료","범죄의 검거 단서[건]","건","","","","","","","","","-","-","1","","-","-","-","1","2","-","-",
"아동복지법","변사체","범죄의 검거 단서[건]","건","","","","","","","","","-","2","-","","-","1","-","2","2","-","-",
"아동복지법","범죄수법","범죄의 검거 단서[건]","건","","","","","","","","","-","-","1","","-","-","-","-","0","-","-",
"아동복지법","발자국","범죄의 검거 단서[건]","건","","","","","","","","","-","-","-","","-","-","-","-","0","-","-",
"아동복지법","검사지휘","범죄의 검거 단서[건]","건","","","","","","","","","-","1","4","7","10","7","8","2","0","1","-",
"아동복지법","타기관에서 이송","범죄의 검거 단서[건]","건","","","","","","","","","3","3","13","16","26","50","66","62","24","74","68",
"아동복지법","범행도구등 발견","범죄의 검거 단서[건]","건","","","","","","","","","-","-","-","1","-","-","-","-","0","-","-",
"아동복지법","장물","범죄의 검거 단서[건]","건","","","","","","","","","-","-","-","1","-","-","-","-","0","1","-",
"아동복지법","전과조회","범죄의 검거 단서[건]","건","","","","","","","","","-","-","-","","-","-","-","1","1","-","1",
"아동복지법","기타","범죄의 검거 단서[건]","건","","","","","","","","","48","124","270","282","382","433","646","1143","1041","1023","1043",
"아동복지법","미상","범죄의 검거 단서[건]","건","","","","","","","","","5","","","","","","","","","","",
"액화석유가스의안전관리및사업법","계","범죄의 검거 단서[건]","건","139","110","84","102","58","43","85","114","203","238","91","96","83","96","104","142","102","100","99",
"액화석유가스의안전관리및사업법","현행범","범죄의 검거 단서[건]","건","1","-","1","-","-","-","-","-","-","-","-","","-","-","-","1","0","-","-",
"액화석유가스의안전관리및사업법","피해자신고","범죄의 검거 단서[건]","건","2","2","1","-","1","3","1","1","-","2","-","1","-","-","-","-","1","1","-",
"액화석유가스의안전관리및사업법","고소","범죄의 검거 단서[건]","건","2","4","-","1","3","1","1","4","1","4","2","1","3","2","3","4","0","2","3",
"액화석유가스의안전관리및사업법","고발","범죄의 검거 단서[건]","건","124","96","68","91","43","33","74","95","170","181","75","54","60","63","67","101","84","59","51",
"액화석유가스의안전관리및사업법","자수","범죄의 검거 단서[건]","건","1","-","-","-","-","-","-","-","-","-","-","","-","-","-","-","0","-","-",
"액화석유가스의안전관리및사업법","민간체포","범죄의 검거 단서[건]","건","-","-","-","-","-","-","-","-","-","-","-","","-","-","-","-","0","-","-",
"액화석유가스의안전관리및사업법","진정투서","범죄의 검거 단서[건]","건","-","-","1","1","-","1","-","1","3","21","5","3","9","5","10","19","8","27","29",
"액화석유가스의안전관리및사업법","타인신고","범죄의 검거 단서[건]","건","2","1","3","4","1","3","4","4","4","12","2","1","2","3","5","5","3","1","6",
"액화석유가스의안전관리및사업법","신문","범죄의 검거 단서[건]","건","-","-","-","-","-","-","-","-","-","-","-","","-","-","-","-","0","-","-",
"액화석유가스의안전관리및사업법","불심검문","범죄의 검거 단서[건]","건","1","-","1","-","-","-","1","-","1","-","1","","-","-","-","-","0","-","-",
"액화석유가스의안전관리및사업법","탐문정보","범죄의 검거 단서[건]","건","2","3","3","1","1","1","1","2","18","6","4","21","4","15","9","2","2","2","4",
"액화석유가스의안전관리및사업법","안면식별","범죄의 검거 단서[건]","건","-","-","-","-","-","-","-","-","-","-","-","","-","-","-","-","0","-","-",
"액화석유가스의안전관리및사업법","감식자료","범죄의 검거 단서[건]","건","-","-","-","-","-","-","-","-","-","-","-","","-","-","-","-","0","-","-",
"액화석유가스의안전관리및사업법","변사체","범죄의 검거 단서[건]","건","-","-","-","-","-","-","-","1","-","-","-","","-","-","-","-","0","-","-",
"액화석유가스의안전관리및사업법","범죄수법","범죄의 검거 단서[건]","건","-","-","-","-","-","-","-","-","-","-","-","","-","-","-","-","0","-","-",
"액화석유가스의안전관리및사업법","발자국","범죄의 검거 단서[건]","건","-","-","-","-","-","-","-","-","-","-","-","","-","-","-","-","0","-","-",
"액화석유가스의안전관리및사업법","검사지휘","범죄의 검거 단서[건]","건","-","-","-","-","1","-","-","-","-","-","-","","-","-","1","-","0","-","-",
"액화석유가스의안전관리및사업법","타기관에서 이송","범죄의 검거 단서[건]","건","-","-","-","-","-","-","-","-","-","1","-","","-","-","-","1","2","-","1",
"액화석유가스의안전관리및사업법","범행도구등 발견","범죄의 검거 단서[건]","건","-","-","-","-","-","-","-","-","-","-","-","","-","-","-","-","0","-","-",
"액화석유가스의안전관리및사업법","장물","범죄의 검거 단서[건]","건","-","-","-","-","-","-","-","-","-","-","-","","-","-","-","-","0","-","-",
"액화석유가스의안전관리및사업법","전과조회","범죄의 검거 단서[건]","건","-","-","-","-","-","-","-","-","-","-","-","","-","-","-","-","0","-","-",
"액화석유가스의안전관리및사업법","기타","범죄의 검거 단서[건]","건","4","4","6","4","8","1","3","6","6","11","2","15","5","8","9","9","2","8","5",
"액화석유가스의안전관리및사업법","미상","범죄의 검거 단서[건]","건","","","","","","","","","-","","","","","","","","","","",
"약사법","계","범죄의 검거 단서[건]","건","1045","1523","2516","2918","1488","1956","2371","2278","2875","2298","1505","1112","810","990","1163","867","964","856","914",
"약사법","현행범","범죄의 검거 단서[건]","건","40","57","83","156","79","112","55","19","17","18","7","16","4","16","44","11","28","21","18",
"약사법","피해자신고","범죄의 검거 단서[건]","건","7","8","18","20","15","6","5","12","24","10","11","5","5","6","11","1","6","5","7",
"약사법","고소","범죄의 검거 단서[건]","건","24","26","23","27","23","14","33","25","28","23","23","17","16","27","31","16","21","18","21",
"약사법","고발","범죄의 검거 단서[건]","건","643","678","673","778","721","993","1436","1386","1731","1013","778","521","435","448","418","351","471","389","401",
"약사법","자수","범죄의 검거 단서[건]","건","3","2","2","2","4","-","1","-","1","-","1","","2","1","-","-","1","2","-",
"약사법","민간체포","범죄의 검거 단서[건]","건","-","-","-","-","-","-","-","-","-","-","1","","-","-","-","-","0","-","-",
"약사법","진정투서","범죄의 검거 단서[건]","건","18","23","29","24","15","13","45","46","181","130","98","64","46","70","74","126","89","89","114",
"약사법","타인신고","범죄의 검거 단서[건]","건","19","22","29","57","46","42","59","55","103","66","62","65","30","58","70","59","41","46","59",
"약사법","신문","범죄의 검거 단서[건]","건","1","2","1","4","5","-","3","5","6","3","1","2","1","1","1","1","0","2","5",
"약사법","불심검문","범죄의 검거 단서[건]","건","3","6","73","91","34","31","13","15","13","13","6","6","2","1","1","1","0","-","4",
"약사법","탐문정보","범죄의 검거 단서[건]","건","119","572","575","908","140","230","164","172","155","140","183","121","32","64","158","29","36","22","73",
"약사법","안면식별","범죄의 검거 단서[건]","건","1","-","1","-","-","-","-","-","-","-","-","","-","-","-","-","0","-","-",
"약사법","감식자료","범죄의 검거 단서[건]","건","-","-","-","-","-","-","1","1","2","-","-","","-","1","-","-","0","-","-",
"약사법","변사체","범죄의 검거 단서[건]","건","-","-","-","1","-","-","-","-","-","-","-","","-","-","-","-","0","-","-",
"약사법","범죄수법","범죄의 검거 단서[건]","건","-","-","-","-","-","-","-","-","-","-","-","","-","-","-","-","0","-","1",
"약사법","발자국","범죄의 검거 단서[건]","건","-","-","-","-","-","-","-","-","-","-","-","","-","-","-","-","0","-","-",
"약사법","검사지휘","범죄의 검거 단서[건]","건","1","-","1","7","3","9","3","2","7","1","1","1","2","4","2","2","0","-","-",
"약사법","타기관에서 이송","범죄의 검거 단서[건]","건","3","7","1","6","5","4","11","1","14","14","9","7","2","5","6","14","9","6","10",
"약사법","범행도구등 발견","범죄의 검거 단서[건]","건","-","2","-","-","1","-","-","1","-","1","-","2","-","1","-","-","0","-","-",
"약사법","장물","범죄의 검거 단서[건]","건","-","-","-","-","1","-","-","-","-","-","-","","-","-","-","-","0","-","-",
"약사법","전과조회","범죄의 검거 단서[건]","건","-","-","1","2","-","-","-","-","-","-","-","","-","-","-","-","0","-","-",
"약사법","기타","범죄의 검거 단서[건]","건","163","118","1006","835","396","502","542","538","289","866","324","285","233","287","347","256","262","256","201",
"약사법","미상","범죄의 검거 단서[건]","건","","","","","","","","","304","","","","","","","","","","",
"여객자동차운수사업법","계","범죄의 검거 단서[건]","건","588","660","714","1621","1255","1548","1888","1282","1309","2032","1157","1719","705","1159","821","394","328","517","442",
"여객자동차운수사업법","현행범","범죄의 검거 단서[건]","건","15","12","22","158","26","31","35","28","59","52","11","7","1","3","3","-","2","5","1",
"여객자동차운수사업법","피해자신고","범죄의 검거 단서[건]","건","9","5","16","11","14","12","9","15","24","51","6","7","9","11","18","12","11","14","12",
"여객자동차운수사업법","고소","범죄의 검거 단서[건]","건","11","11","11","10","10","19","23","25","21","22","18","22","10","22","25","22","32","17","14",
"여객자동차운수사업법","고발","범죄의 검거 단서[건]","건","422","415","439","1085","858","846","1413","632","513","762","551","1138","266","717","488","115","98","193","115",
"여객자동차운수사업법","자수","범죄의 검거 단서[건]","건","1","4","1","1","1","-","2","1","-","7","-","2","1","-","4","-","0","5","-",
"여객자동차운수사업법","민간체포","범죄의 검거 단서[건]","건","-","-","-","-","-","-","-","-","-","-","-","","-","-","-","-","0","-","-",
"여객자동차운수사업법","진정투서","범죄의 검거 단서[건]","건","14","26","29","45","36","162","28","45","211","402","143","93","97","52","49","61","36","36","89",
"여객자동차운수사업법","타인신고","범죄의 검거 단서[건]","건","27","31","35","127","89","192","132","110","114","103","96","144","99","119","80","74","72","116","106",
"여객자동차운수사업법","신문","범죄의 검거 단서[건]","건","2","3","4","1","1","23","2","1","9","-","-","","3","6","1","1","1","-","-",
"여객자동차운수사업법","불심검문","범죄의 검거 단서[건]","건","4","7","7","9","12","11","5","125","192","267","146","41","13","13","6","2","0","10","4",
"여객자동차운수사업법","탐문정보","범죄의 검거 단서[건]","건","36","104","92","66","96","54","26","68","39","35","33","86","33","28","28","17","11","8","23",
"여객자동차운수사업법","안면식별","범죄의 검거 단서[건]","건","-","-","-","-","-","-","-","-","-","-","-","","-","-","-","-","0","-","-",
"여객자동차운수사업법","감식자료","범죄의 검거 단서[건]","건","-","-","-","-","-","-","-","-","-","1","-","","-","-","-","-","0","-","-",
"여객자동차운수사업법","변사체","범죄의 검거 단서[건]","건","15","-","-","-","-","-","1","-","-","-","-","","-","-","-","-","0","-","-",
"여객자동차운수사업법","범죄수법","범죄의 검거 단서[건]","건","-","-","-","-","-","-","-","-","-","-","-","","-","-","-","-","0","-","-",
"여객자동차운수사업법","발자국","범죄의 검거 단서[건]","건","-","-","-","-","-","-","-","-","-","-","-","","-","-","-","-","0","-","-",
"여객자동차운수사업법","검사지휘","범죄의 검거 단서[건]","건","2","-","-","1","3","1","1","-","-","-","-","3","2","-","2","1","1","1","-",
"여객자동차운수사업법","타기관에서 이송","범죄의 검거 단서[건]","건","-","-","1","1","2","1","2","2","-","3","4","7","8","3","1","2","4","3","5",
"여객자동차운수사업법","범행도구등 발견","범죄의 검거 단서[건]","건","-","-","-","-","-","-","-","-","-","-","-","","1","-","-","-","0","-","-",
"여객자동차운수사업법","장물","범죄의 검거 단서[건]","건","-","-","-","-","-","-","-","-","-","-","-","","-","-","-","-","0","-","-",
"여객자동차운수사업법","전과조회","범죄의 검거 단서[건]","건","1","-","-","-","-","-","-","-","-","-","-","","-","-","-","-","0","-","-",
"여객자동차운수사업법","기타","범죄의 검거 단서[건]","건","29","42","57","106","107","196","209","230","118","327","149","169","162","185","116","87","60","109","73",
"여객자동차운수사업법","미상","범죄의 검거 단서[건]","건","","","","","","","","","9","","","","","","","","","","",
"여권법","계","범죄의 검거 단서[건]","건","86","149","67","51","44","45","53","48","","","","","","","","","","","",
"여권법","현행범","범죄의 검거 단서[건]","건","5","4","2","-","1","-","1","-","","","","","","","","","","","",
"여권법","피해자신고","범죄의 검거 단서[건]","건","-","-","-","-","-","-","1","1","","","","","","","","","","","",
"여권법","고소","범죄의 검거 단서[건]","건","1","2","-","-","1","-","-","-","","","","","","","","","","","",
"여권법","고발","범죄의 검거 단서[건]","건","2","3","3","5","5","6","10","16","","","","","","","","","","","",
"여권법","자수","범죄의 검거 단서[건]","건","9","4","2","1","1","1","1","-","","","","","","","","","","","",
"여권법","민간체포","범죄의 검거 단서[건]","건","-","1","-","-","-","-","-","-","","","","","","","","","","","",
"여권법","진정투서","범죄의 검거 단서[건]","건","2","1","-","2","-","-","-","3","","","","","","","","","","","",
"여권법","타인신고","범죄의 검거 단서[건]","건","10","14","7","3","4","1","3","2","","","","","","","","","","","",
"여권법","신문","범죄의 검거 단서[건]","건","3","2","1","-","-","-","-","-","","","","","","","","","","","",
"여권법","불심검문","범죄의 검거 단서[건]","건","-","3","-","-","-","-","-","1","","","","","","","","","","","",
"여권법","탐문정보","범죄의 검거 단서[건]","건","21","82","20","10","4","4","6","3","","","","","","","","","","","",
"여권법","안면식별","범죄의 검거 단서[건]","건","-","-","-","-","-","-","-","-","","","","","","","","","","","",
"여권법","감식자료","범죄의 검거 단서[건]","건","-","-","-","-","-","-","-","-","","","","","","","","","","","",
"여권법","변사체","범죄의 검거 단서[건]","건","-","-","-","-","-","-","-","-","","","","","","","","","","","",
"여권법","범죄수법","범죄의 검거 단서[건]","건","-","-","-","-","-","-","-","-","","","","","","","","","","","",
"여권법","발자국","범죄의 검거 단서[건]","건","-","-","-","-","-","-","-","-","","","","","","","","","","","",
"여권법","검사지휘","범죄의 검거 단서[건]","건","1","2","1","-","-","1","-","-","","","","","","","","","","","",
"여권법","타기관에서 이송","범죄의 검거 단서[건]","건","3","3","-","-","1","1","1","-","","","","","","","","","","","",
"여권법","범행도구등 발견","범죄의 검거 단서[건]","건","-","-","-","-","-","-","-","-","","","","","","","","","","","",
"여권법","장물","범죄의 검거 단서[건]","건","-","-","-","-","-","-","-","-","","","","","","","","","","","",
"여권법","전과조회","범죄의 검거 단서[건]","건","-","-","-","-","-","-","-","-","","","","","","","","","","","",
"여권법","기타","범죄의 검거 단서[건]","건","29","28","31","30","27","31","30","22","","","","","","","","","","","",
"여신전문금융업법","계","범죄의 검거 단서[건]","건","2083","1897","1781","2380","1591","1544","1607","1732","2101","1969","1524","1370","1478","1380","1192","1085","1136","1086","894",
"여신전문금융업법","현행범","범죄의 검거 단서[건]","건","114","115","150","128","69","71","109","100","104","103","89","64","64","56","44","21","31","29","23",
"여신전문금융업법","피해자신고","범죄의 검거 단서[건]","건","163","181","310","357","282","348","559","647","805","818","535","504","618","629","561","575","634","605","426",
"여신전문금융업법","고소","범죄의 검거 단서[건]","건","183","108","85","99","91","103","127","118","126","106","94","105","110","118","83","88","101","116","131",
"여신전문금융업법","고발","범죄의 검거 단서[건]","건","888","540","411","512","496","255","265","259","276","310","225","217","240","211","155","96","98","80","66",
"여신전문금융업법","자수","범죄의 검거 단서[건]","건","23","23","15","7","12","12","13","31","20","15","9","13","11","12","9","9","5","5","7",
"여신전문금융업법","민간체포","범죄의 검거 단서[건]","건","-","-","-","-","4","3","2","2","4","-","1","1","-","-","-","-","0","2","1",
"여신전문금융업법","진정투서","범죄의 검거 단서[건]","건","59","69","42","73","74","110","146","155","188","126","116","105","90","84","82","63","73","79","65",
"여신전문금융업법","타인신고","범죄의 검거 단서[건]","건","40","38","54","40","52","46","38","58","52","56","46","32","39","22","36","24","25","31","17",
"여신전문금융업법","신문","범죄의 검거 단서[건]","건","18","11","16","12","4","-","1","-","9","-","1","1","-","1","-","1","1","2","1",
"여신전문금융업법","불심검문","범죄의 검거 단서[건]","건","43","34","27","31","34","9","4","12","10","14","3","5","4","4","3","1","0","6","-",
"여신전문금융업법","탐문정보","범죄의 검거 단서[건]","건","336","523","386","839","201","332","90","130","166","163","143","111","136","90","85","111","50","32","40",
"여신전문금융업법","안면식별","범죄의 검거 단서[건]","건","4","8","-","2","-","2","4","1","-","2","2","1","1","1","-","1","1","2","-",
"여신전문금융업법","감식자료","범죄의 검거 단서[건]","건","-","-","-","-","-","-","-","-","-","3","2","1","-","-","1","1","0","1","1",
"여신전문금융업법","변사체","범죄의 검거 단서[건]","건","1","-","11","-","-","-","1","1","-","-","-","","-","-","1","-","0","-","-",
"여신전문금융업법","범죄수법","범죄의 검거 단서[건]","건","1","1","1","1","3","1","-","-","-","1","-","","-","-","-","3","0","-","-",
"여신전문금융업법","발자국","범죄의 검거 단서[건]","건","-","-","-","-","-","-","-","-","-","-","-","","-","-","-","-","0","-","-",
"여신전문금융업법","검사지휘","범죄의 검거 단서[건]","건","4","4","1","8","6","5","3","-","4","7","3","","5","1","-","-","0","-","-",
"여신전문금융업법","타기관에서 이송","범죄의 검거 단서[건]","건","6","1","5","16","11","-","5","1","7","5","9","6","6","9","2","4","5","1","-",
"여신전문금융업법","범행도구등 발견","범죄의 검거 단서[건]","건","8","2","9","-","1","-","-","-","-","-","-","2","-","-","-","-","0","-","-",
"여신전문금융업법","장물","범죄의 검거 단서[건]","건","3","8","-","4","4","-","2","-","1","1","-","","-","-","-","-","0","1","-",
"여신전문금융업법","전과조회","범죄의 검거 단서[건]","건","1","2","-","2","-","-","-","-","-","-","-","1","-","-","-","-","0","1","-",
"여신전문금융업법","기타","범죄의 검거 단서[건]","건","188","229","258","249","247","247","238","217","281","239","246","201","154","142","130","87","112","93","116",
"여신전문금융업법","미상","범죄의 검거 단서[건]","건","","","","","","","","","48","","","","","","","","","","",
"영유아보육법","계","범죄의 검거 단서[건]","건","","","","","","","","","469","221","297","196","172","191","142","129","115","108","82",
"영유아보육법","현행범","범죄의 검거 단서[건]","건","","","","","","","","","1","-","-","","-","-","-","-","0","-","-",
"영유아보육법","피해자신고","범죄의 검거 단서[건]","건","","","","","","","","","1","-","1","1","1","2","1","1","0","1","-",
"영유아보육법","고소","범죄의 검거 단서[건]","건","","","","","","","","","2","1","4","","3","2","2","1","0","4","3",
"영유아보육법","고발","범죄의 검거 단서[건]","건","","","","","","","","","303","150","163","122","118","102","85","72","77","77","57",
"영유아보육법","자수","범죄의 검거 단서[건]","건","","","","","","","","","-","-","-","","-","-","-","-","0","-","-",
"영유아보육법","민간체포","범죄의 검거 단서[건]","건","","","","","","","","","-","-","-","","-","-","-","-","0","-","-",
"영유아보육법","진정투서","범죄의 검거 단서[건]","건","","","","","","","","","8","16","17","23","25","27","22","29","23","15","12",
"영유아보육법","타인신고","범죄의 검거 단서[건]","건","","","","","","","","","5","2","5","3","4","2","1","4","3","5","2",
"영유아보육법","신문","범죄의 검거 단서[건]","건","","","","","","","","","1","-","-","","-","-","-","-","0","-","-",
"영유아보육법","불심검문","범죄의 검거 단서[건]","건","","","","","","","","","-","-","1","","-","-","-","-","0","-","-",
"영유아보육법","탐문정보","범죄의 검거 단서[건]","건","","","","","","","","","96","35","50","14","6","44","11","4","0","-","-",
"영유아보육법","안면식별","범죄의 검거 단서[건]","건","","","","","","","","","-","-","-","","-","-","-","-","0","-","-",
"영유아보육법","감식자료","범죄의 검거 단서[건]","건","","","","","","","","","-","-","-","","-","-","-","-","0","-","-",
"영유아보육법","변사체","범죄의 검거 단서[건]","건","","","","","","","","","-","-","-","","-","-","-","-","0","-","-",
"영유아보육법","범죄수법","범죄의 검거 단서[건]","건","","","","","","","","","-","-","-","","-","-","-","-","0","-","-",
"영유아보육법","발자국","범죄의 검거 단서[건]","건","","","","","","","","","-","-","-","","-","-","-","-","0","-","-",
"영유아보육법","검사지휘","범죄의 검거 단서[건]","건","","","","","","","","","-","-","18","1","-","-","2","-","0","-","-",
"영유아보육법","타기관에서 이송","범죄의 검거 단서[건]","건","","","","","","","","","1","1","2","3","3","1","2","5","3","-","-",
"영유아보육법","범행도구등 발견","범죄의 검거 단서[건]","건","","","","","","","","","-","-","-","","-","-","-","-","0","-","-",
"영유아보육법","장물","범죄의 검거 단서[건]","건","","","","","","","","","-","-","-","","-","-","-","-","0","-","-",
"영유아보육법","전과조회","범죄의 검거 단서[건]","건","","","","","","","","","-","-","-","","-","-","-","-","0","-","-",
"영유아보육법","기타","범죄의 검거 단서[건]","건","","","","","","","","","43","16","36","29","12","11","16","13","9","6","8",
"영유아보육법","미상","범죄의 검거 단서[건]","건","","","","","","","","","8","","","","","","","","","","",
"오수?분뇨및축산폐수의처리에관한법률","계","범죄의 검거 단서[건]","건","504","702","43","8","2","1","1","-","","","","","","","","","","","",
"오수?분뇨및축산폐수의처리에관한법률","현행범","범죄의 검거 단서[건]","건","45","44","5","1","-","-","-","-","","","","","","","","","","","",
"오수?분뇨및축산폐수의처리에관한법률","피해자신고","범죄의 검거 단서[건]","건","15","1","-","-","-","-","-","-","","","","","","","","","","","",
"오수?분뇨및축산폐수의처리에관한법률","고소","범죄의 검거 단서[건]","건","5","4","-","-","-","-","-","-","","","","","","","","","","","",
"오수?분뇨및축산폐수의처리에관한법률","고발","범죄의 검거 단서[건]","건","187","178","8","-","1","1","1","-","","","","","","","","","","","",
"오수?분뇨및축산폐수의처리에관한법률","자수","범죄의 검거 단서[건]","건","-","1","-","-","-","-","-","-","","","","","","","","","","","",
"오수?분뇨및축산폐수의처리에관한법률","민간체포","범죄의 검거 단서[건]","건","-","-","-","-","-","-","-","-","","","","","","","","","","","",
"오수?분뇨및축산폐수의처리에관한법률","진정투서","범죄의 검거 단서[건]","건","7","5","-","-","-","-","-","-","","","","","","","","","","","",
"오수?분뇨및축산폐수의처리에관한법률","타인신고","범죄의 검거 단서[건]","건","43","30","4","-","-","-","-","-","","","","","","","","","","","",
"오수?분뇨및축산폐수의처리에관한법률","신문","범죄의 검거 단서[건]","건","-","-","-","-","-","-","-","-","","","","","","","","","","","",
"오수?분뇨및축산폐수의처리에관한법률","불심검문","범죄의 검거 단서[건]","건","-","3","-","-","-","-","-","-","","","","","","","","","","","",
"오수?분뇨및축산폐수의처리에관한법률","탐문정보","범죄의 검거 단서[건]","건","36","309","-","-","-","-","-","-","","","","","","","","","","","",
"오수?분뇨및축산폐수의처리에관한법률","안면식별","범죄의 검거 단서[건]","건","-","-","-","-","-","-","-","-","","","","","","","","","","","",
"오수?분뇨및축산폐수의처리에관한법률","감식자료","범죄의 검거 단서[건]","건","-","-","-","-","-","-","-","-","","","","","","","","","","","",
"오수?분뇨및축산폐수의처리에관한법률","변사체","범죄의 검거 단서[건]","건","-","-","-","-","-","-","-","-","","","","","","","","","","","",
"오수?분뇨및축산폐수의처리에관한법률","범죄수법","범죄의 검거 단서[건]","건","-","-","-","-","-","-","-","-","","","","","","","","","","","",
"오수?분뇨및축산폐수의처리에관한법률","발자국","범죄의 검거 단서[건]","건","-","-","-","-","-","-","-","-","","","","","","","","","","","",
"오수?분뇨및축산폐수의처리에관한법률","검사지휘","범죄의 검거 단서[건]","건","3","-","-","-","-","-","-","-","","","","","","","","","","","",
"오수?분뇨및축산폐수의처리에관한법률","타기관에서 이송","범죄의 검거 단서[건]","건","-","1","-","-","-","-","-","-","","","","","","","","","","","",
"오수?분뇨및축산폐수의처리에관한법률","범행도구등 발견","범죄의 검거 단서[건]","건","-","-","-","-","-","-","-","-","","","","","","","","","","","",
"오수?분뇨및축산폐수의처리에관한법률","장물","범죄의 검거 단서[건]","건","-","-","-","-","-","-","-","-","","","","","","","","","","","",
"오수?분뇨및축산폐수의처리에관한법률","전과조회","범죄의 검거 단서[건]","건","-","-","-","-","-","-","-","-","","","","","","","","","","","",
"오수?분뇨및축산폐수의처리에관한법률","기타","범죄의 검거 단서[건]","건","163","126","26","7","1","-","-","-","","","","","","","","","","","",
"예비군법","계","범죄의 검거 단서[건]","건","14469","14114","12323","12742","9064","8661","10725","12601","12332","12439","9862","7672","6814","5952","1613","299","943","2525","4096",
"예비군법","현행범","범죄의 검거 단서[건]","건","7","7","5","7","1","1","2","5","1","1","1","2","2","3","1","-","0","-","2",
"예비군법","피해자신고","범죄의 검거 단서[건]","건","3","4","2","4","4","2","3","7","8","7","2","7","4","5","1","1","3","7","16",
"예비군법","고소","범죄의 검거 단서[건]","건","117","96","92","116","69","79","89","108","109","109","86","69","83","75","29","1","9","19","33",
"예비군법","고발","범죄의 검거 단서[건]","건","13359","13303","11678","12079","8559","8382","10327","12147","11929","11989","9518","7426","6566","5730","1500","268","881","2388","3899",
"예비군법","자수","범죄의 검거 단서[건]","건","206","108","80","64","24","20","31","26","22","14","3","5","5","4","1","1","1","2","8",
"예비군법","민간체포","범죄의 검거 단서[건]","건","1","-","-","-","-","-","1","-","-","-","-","1","-","1","-","-","0","-","-",
"예비군법","진정투서","범죄의 검거 단서[건]","건","1","1","-","2","2","1","4","2","2","32","30","9","6","3","4","1","1","3","4",
"예비군법","타인신고","범죄의 검거 단서[건]","건","2","6","4","6","3","2","10","7","5","10","10","2","1","8","4","4","3","4","5",
"예비군법","신문","범죄의 검거 단서[건]","건","5","4","3","4","-","-","2","-","4","-","1","","-","-","-","-","0","-","2",
"예비군법","불심검문","범죄의 검거 단서[건]","건","353","315","214","223","100","31","20","59","25","37","18","13","8","3","1","1","1","2","2",
"예비군법","탐문정보","범죄의 검거 단서[건]","건","19","20","23","14","8","5","12","15","16","24","30","17","8","4","7","-","1","6","10",
"예비군법","안면식별","범죄의 검거 단서[건]","건","-","-","-","-","-","-","-","-","-","-","-","","-","-","-","-","0","-","-",
"예비군법","감식자료","범죄의 검거 단서[건]","건","-","-","-","-","-","-","1","-","-","-","-","","-","-","-","-","0","-","-",
"예비군법","변사체","범죄의 검거 단서[건]","건","-","-","-","-","-","-","-","2","-","-","-","","-","-","1","1","0","1","-",
"예비군법","범죄수법","범죄의 검거 단서[건]","건","1","-","-","-","-","-","-","-","-","1","-","","-","-","-","-","0","-","-",
"예비군법","발자국","범죄의 검거 단서[건]","건","-","1","-","-","-","-","-","-","-","-","-","","-","-","-","-","0","-","-",
"예비군법","검사지휘","범죄의 검거 단서[건]","건","37","14","9","16","31","10","10","10","2","9","4","1","3","3","2","-","0","-","-",
"예비군법","타기관에서 이송","범죄의 검거 단서[건]","건","10","4","5","1","6","1","3","4","7","3","2","3","2","3","3","3","5","1","4",
"예비군법","범행도구등 발견","범죄의 검거 단서[건]","건","-","-","-","2","-","-","-","-","-","-","-","","-","-","-","-","0","-","-",
"예비군법","장물","범죄의 검거 단서[건]","건","-","-","-","-","-","-","-","-","-","-","-","","-","-","-","-","0","-","-",
"예비군법","전과조회","범죄의 검거 단서[건]","건","5","3","7","-","2","-","1","2","3","5","3","2","1","1","-","2","1","-","2",
"예비군법","기타","범죄의 검거 단서[건]","건","343","228","201","204","255","127","209","207","195","198","154","115","125","109","59","16","37","92","109",
"예비군법","미상","범죄의 검거 단서[건]","건","","","","","","","","","4","","","","","","","","","","",
"옥외광고물등의관리와옥외광고산업진흥에관한법률","계","범죄의 검거 단서[건]","건","736","1040","1281","871","551","763","417","624","787","830","916","614","309","187","125","122","135","116","142",
"옥외광고물등의관리와옥외광고산업진흥에관한법률","현행범","범죄의 검거 단서[건]","건","88","65","42","36","5","6","1","13","8","11","7","3","-","1","2","-","0","-","1",
"옥외광고물등의관리와옥외광고산업진흥에관한법률","피해자신고","범죄의 검거 단서[건]","건","5","8","8","3","2","4","2","3","1","2","-","1","1","2","1","1","1","2","4",
"옥외광고물등의관리와옥외광고산업진흥에관한법률","고소","범죄의 검거 단서[건]","건","5","6","12","6","3","7","5","3","8","7","6","6","9","5","1","6","6","3","4",
"옥외광고물등의관리와옥외광고산업진흥에관한법률","고발","범죄의 검거 단서[건]","건","366","581","856","605","413","485","345","494","648","481","620","397","182","126","83","72","95","63","80",
"옥외광고물등의관리와옥외광고산업진흥에관한법률","자수","범죄의 검거 단서[건]","건","2","3","1","3","1","-","-","1","-","-","1","","-","-","-","-","0","-","-",
"옥외광고물등의관리와옥외광고산업진흥에관한법률","민간체포","범죄의 검거 단서[건]","건","-","-","-","-","-","-","-","-","-","-","-","","-","-","-","-","0","-","-",
"옥외광고물등의관리와옥외광고산업진흥에관한법률","진정투서","범죄의 검거 단서[건]","건","7","39","41","10","15","3","9","14","14","22","75","49","34","24","16","10","5","23","27",
"옥외광고물등의관리와옥외광고산업진흥에관한법률","타인신고","범죄의 검거 단서[건]","건","66","43","43","48","10","22","14","27","29","29","32","28","23","15","8","22","18","12","12",
"옥외광고물등의관리와옥외광고산업진흥에관한법률","신문","범죄의 검거 단서[건]","건","1","1","2","3","-","-","-","-","-","-","-","","-","-","-","-","0","-","-",
"옥외광고물등의관리와옥외광고산업진흥에관한법률","불심검문","범죄의 검거 단서[건]","건","26","27","64","27","8","10","4","22","6","6","6","7","3","1","-","-","1","-","-",
"옥외광고물등의관리와옥외광고산업진흥에관한법률","탐문정보","범죄의 검거 단서[건]","건","69","126","110","48","43","129","10","8","13","33","74","25","8","-","2","-","4","1","5",
"옥외광고물등의관리와옥외광고산업진흥에관한법률","안면식별","범죄의 검거 단서[건]","건","-","-","-","-","-","-","-","-","-","-","-","","-","-","-","-","0","-","-",
"옥외광고물등의관리와옥외광고산업진흥에관한법률","감식자료","범죄의 검거 단서[건]","건","-","-","-","-","-","-","-","-","-","2","-","","-","-","-","-","0","-","-",
"옥외광고물등의관리와옥외광고산업진흥에관한법률","변사체","범죄의 검거 단서[건]","건","-","-","-","-","-","-","-","-","-","-","-","","-","-","-","-","0","-","-",
"옥외광고물등의관리와옥외광고산업진흥에관한법률","범죄수법","범죄의 검거 단서[건]","건","-","1","-","-","-","-","-","-","-","-","-","","-","-","-","-","0","-","-",
"옥외광고물등의관리와옥외광고산업진흥에관한법률","발자국","범죄의 검거 단서[건]","건","-","-","-","-","-","-","-","-","-","-","-","","-","-","-","-","0","-","-",
"옥외광고물등의관리와옥외광고산업진흥에관한법률","검사지휘","범죄의 검거 단서[건]","건","3","-","-","-","2","3","-","-","1","-","-","","-","-","-","-","0","-","-",
"옥외광고물등의관리와옥외광고산업진흥에관한법률","타기관에서 이송","범죄의 검거 단서[건]","건","-","1","-","-","-","2","-","1","-","-","1","","-","-","-","-","0","1","1",
"옥외광고물등의관리와옥외광고산업진흥에관한법률","범행도구등 발견","범죄의 검거 단서[건]","건","-","1","-","-","1","-","-","-","-","-","-","","-","-","-","-","0","-","-",
"옥외광고물등의관리와옥외광고산업진흥에관한법률","장물","범죄의 검거 단서[건]","건","-","-","-","-","-","-","-","-","-","-","-","","-","-","-","-","0","-","-",
"옥외광고물등의관리와옥외광고산업진흥에관한법률","전과조회","범죄의 검거 단서[건]","건","-","-","-","-","-","-","-","-","-","-","-","","-","-","-","-","0","-","-",
"옥외광고물등의관리와옥외광고산업진흥에관한법률","기타","범죄의 검거 단서[건]","건","98","138","102","82","48","92","27","38","57","237","94","98","49","13","12","11","5","11","8",
"옥외광고물등의관리와옥외광고산업진흥에관한법률","미상","범죄의 검거 단서[건]","건","","","","","","","","","2","","","","","","","","","","",
"외국환거래법","계","범죄의 검거 단서[건]","건","2061","3196","3319","4590","2053","1910","1765","1974","1757","1279","831","773","857","721","309","229","444","388","468",
"외국환거래법","현행범","범죄의 검거 단서[건]","건","204","312","246","115","145","111","137","177","257","177","102","32","8","31","14","4","9","9","5",
"외국환거래법","피해자신고","범죄의 검거 단서[건]","건","1","1","1","2","1","7","2","1","-","3","1","3","5","5","3","3","6","3","5",
"외국환거래법","고소","범죄의 검거 단서[건]","건","2","1","6","2","2","-","2","5","4","4","-","3","2","3","1","3","3","2","2",
"외국환거래법","고발","범죄의 검거 단서[건]","건","31","25","41","15","14","9","10","6","3","3","5","2","4","11","10","13","11","14","8",
"외국환거래법","자수","범죄의 검거 단서[건]","건","2","4","124","26","1","2","10","2","4","1","-","","2","2","-","1","1","-","1",
"외국환거래법","민간체포","범죄의 검거 단서[건]","건","-","-","-","-","1","-","-","-","-","-","-","","-","-","-","-","0","-","-",
"외국환거래법","진정투서","범죄의 검거 단서[건]","건","4","6","20","12","4","1","1","2","4","3","2","5","5","3","14","13","14","24","27",
"외국환거래법","타인신고","범죄의 검거 단서[건]","건","88","43","16","54","48","17","9","9","9","5","107","23","9","26","7","7","152","10","8",
"외국환거래법","신문","범죄의 검거 단서[건]","건","9","404","7","22","5","3","1","5","-","1","1","","-","-","-","-","0","2","-",
"외국환거래법","불심검문","범죄의 검거 단서[건]","건","5","14","44","34","17","1","8","1","36","8","3","","-","1","-","-","2","-","2",
"외국환거래법","탐문정보","범죄의 검거 단서[건]","건","405","800","635","1437","202","98","60","23","31","17","30","28","25","28","16","29","24","23","36",
"외국환거래법","안면식별","범죄의 검거 단서[건]","건","-","-","1","1","-","-","-","-","-","-","-","","-","-","-","-","0","-","-",
"외국환거래법","감식자료","범죄의 검거 단서[건]","건","-","-","-","-","-","-","-","-","-","-","-","","-","-","-","-","0","-","-",
"외국환거래법","변사체","범죄의 검거 단서[건]","건","-","-","-","-","-","-","-","-","-","-","-","","-","-","-","-","0","-","-",
"외국환거래법","범죄수법","범죄의 검거 단서[건]","건","-","-","-","1","-","2","-","-","-","-","-","","1","-","-","-","0","-","-",
"외국환거래법","발자국","범죄의 검거 단서[건]","건","-","-","-","-","-","-","-","-","-","-","-","","-","-","-","-","0","-","-",
"외국환거래법","검사지휘","범죄의 검거 단서[건]","건","3","2","2","9","4","1","1","1","1","2","2","1","-","1","1","1","1","-","-",
"외국환거래법","타기관에서 이송","범죄의 검거 단서[건]","건","6","9","56","48","4","1","-","-","1","1","1","2","1","1","1","5","10","8","4",
"외국환거래법","범행도구등 발견","범죄의 검거 단서[건]","건","-","-","-","1","1","-","-","-","-","-","-","","-","-","-","-","0","-","-",
"외국환거래법","장물","범죄의 검거 단서[건]","건","-","-","-","-","-","-","-","-","-","-","-","","-","-","-","-","0","-","-",
"외국환거래법","전과조회","범죄의 검거 단서[건]","건","-","-","5","1","1","-","-","-","-","-","-","","-","-","-","-","0","-","-",
"외국환거래법","기타","범죄의 검거 단서[건]","건","1301","1575","2115","2810","1603","1657","1524","1742","74","1054","577","674","795","609","242","150","211","293","370",
"외국환거래법","미상","범죄의 검거 단서[건]","건","","","","","","","","","1333","","","","","","","","","","",
"위험물안전관리법","계","범죄의 검거 단서[건]","건","","","","","","","","","419","470","520","1126","451","504","728","595","515","486","344",
"위험물안전관리법","현행범","범죄의 검거 단서[건]","건","","","","","","","","","30","36","15","27","16","29","29","39","22","25","19",
"위험물안전관리법","피해자신고","범죄의 검거 단서[건]","건","","","","","","","","","1","-","-","3","1","-","-","-","1","1","-",
"위험물안전관리법","고소","범죄의 검거 단서[건]","건","","","","","","","","","1","2","-","2","1","1","1","-","0","-","-",
"위험물안전관리법","고발","범죄의 검거 단서[건]","건","","","","","","","","","1","3","3","10","11","14","7","-","4","1","-",
"위험물안전관리법","자수","범죄의 검거 단서[건]","건","","","","","","","","","-","-","-","1","-","-","-","-","1","1","-",
"위험물안전관리법","민간체포","범죄의 검거 단서[건]","건","","","","","","","","","-","-","-","","-","-","-","-","0","-","-",
"위험물안전관리법","진정투서","범죄의 검거 단서[건]","건","","","","","","","","","2","2","3","3","2","6","3","4","2","2","1",
"위험물안전관리법","타인신고","범죄의 검거 단서[건]","건","","","","","","","","","7","4","6","4","5","3","3","2","15","14","-",
"위험물안전관리법","신문","범죄의 검거 단서[건]","건","","","","","","","","","-","1","2","6","-","4","-","-","2","5","10",
"위험물안전관리법","불심검문","범죄의 검거 단서[건]","건","","","","","","","","","-","1","-","","3","1","-","1","6","3","5",
"위험물안전관리법","탐문정보","범죄의 검거 단서[건]","건","","","","","","","","","6","8","13","518","6","22","10","45","11","6","9",
"위험물안전관리법","안면식별","범죄의 검거 단서[건]","건","","","","","","","","","-","-","-","","-","-","-","-","0","-","-",
"위험물안전관리법","감식자료","범죄의 검거 단서[건]","건","","","","","","","","","-","1","-","","-","-","-","1","1","-","-",
"위험물안전관리법","변사체","범죄의 검거 단서[건]","건","","","","","","","","","-","-","-","","-","-","-","-","0","-","-",
"위험물안전관리법","범죄수법","범죄의 검거 단서[건]","건","","","","","","","","","-","-","-","","-","-","-","-","0","-","-",
"위험물안전관리법","발자국","범죄의 검거 단서[건]","건","","","","","","","","","-","-","-","","-","-","-","-","0","-","-",
"위험물안전관리법","검사지휘","범죄의 검거 단서[건]","건","","","","","","","","","-","2","1","","-","-","1","-","0","1","-",
"위험물안전관리법","타기관에서 이송","범죄의 검거 단서[건]","건","","","","","","","","","1","1","1","1","1","1","1","-","0","-","1",
"위험물안전관리법","범행도구등 발견","범죄의 검거 단서[건]","건","","","","","","","","","-","-","-","","-","-","-","-","0","-","-",
"위험물안전관리법","장물","범죄의 검거 단서[건]","건","","","","","","","","","-","-","-","","-","-","-","-","0","-","-",
"위험물안전관리법","전과조회","범죄의 검거 단서[건]","건","","","","","","","","","-","-","-","","-","-","-","-","0","-","-",
"위험물안전관리법","기타","범죄의 검거 단서[건]","건","","","","","","","","","66","409","476","551","405","423","673","503","450","427","299",
"위험물안전관리법","미상","범죄의 검거 단서[건]","건","","","","","","","","","304","","","","","","","","","","",
"유사수신행위의규제에관한법률","계","범죄의 검거 단서[건]","건","422","464","670","1499","403","302","381","250","272","298","734","707","671","847","892","425","655","691","1023",
"유사수신행위의규제에관한법률","현행범","범죄의 검거 단서[건]","건","4","-","3","2","-","-","-","-","-","1","1","","-","1","1","-","0","-","-",
"유사수신행위의규제에관한법률","피해자신고","범죄의 검거 단서[건]","건","8","4","15","39","8","6","5","2","9","8","6","12","8","39","18","6","17","35","281",
"유사수신행위의규제에관한법률","고소","범죄의 검거 단서[건]","건","269","307","400","558","213","170","144","142","134","157","292","407","417","551","686","315","500","515","521",
"유사수신행위의규제에관한법률","고발","범죄의 검거 단서[건]","건","6","7","8","8","5","8","2","1","2","4","12","11","11","8","18","10","4","3","6",
"유사수신행위의규제에관한법률","자수","범죄의 검거 단서[건]","건","4","5","6","4","3","1","1","-","-","-","-","1","1","-","1","-","2","-","2",
"유사수신행위의규제에관한법률","민간체포","범죄의 검거 단서[건]","건","-","-","-","-","-","-","-","-","-","-","-","","-","-","-","-","0","-","-",
"유사수신행위의규제에관한법률","진정투서","범죄의 검거 단서[건]","건","10","5","14","42","12","7","2","11","11","14","19","34","22","15","22","5","15","16","30",
"유사수신행위의규제에관한법률","타인신고","범죄의 검거 단서[건]","건","3","4","3","18","6","-","1","2","3","2","5","5","2","3","-","3","2","-","1",
"유사수신행위의규제에관한법률","신문","범죄의 검거 단서[건]","건","-","-","3","6","-","-","-","-","-","-","1","1","-","-","-","1","1","2","2",
"유사수신행위의규제에관한법률","불심검문","범죄의 검거 단서[건]","건","6","12","6","15","4","4","-","1","-","-","1","2","-","-","-","-","0","-","-",
"유사수신행위의규제에관한법률","탐문정보","범죄의 검거 단서[건]","건","65","73","165","646","76","63","181","45","44","39","101","80","35","48","35","24","34","24","40",
"유사수신행위의규제에관한법률","안면식별","범죄의 검거 단서[건]","건","-","-","-","-","-","-","-","-","-","-","-","","-","-","1","-","0","-","-",
"유사수신행위의규제에관한법률","감식자료","범죄의 검거 단서[건]","건","-","-","-","-","-","-","-","1","-","-","-","","-","-","-","-","0","-","-",
"유사수신행위의규제에관한법률","변사체","범죄의 검거 단서[건]","건","-","-","-","-","-","-","-","-","-","-","-","","-","-","-","-","0","1","-",
"유사수신행위의규제에관한법률","범죄수법","범죄의 검거 단서[건]","건","-","-","-","-","-","-","-","-","-","-","-","","-","-","-","-","0","-","-",
"유사수신행위의규제에관한법률","발자국","범죄의 검거 단서[건]","건","-","-","-","-","-","-","-","-","-","-","-","","-","-","-","-","0","-","-",
"유사수신행위의규제에관한법률","검사지휘","범죄의 검거 단서[건]","건","4","-","3","6","5","7","6","3","2","3","8","6","8","9","15","2","1","-","-",
"유사수신행위의규제에관한법률","타기관에서 이송","범죄의 검거 단서[건]","건","2","1","-","3","1","-","1","1","4","-","6","1","1","3","2","1","0","2","2",
"유사수신행위의규제에관한법률","범행도구등 발견","범죄의 검거 단서[건]","건","-","-","-","-","-","-","-","-","-","-","-","","-","-","-","-","0","-","-",
"유사수신행위의규제에관한법률","장물","범죄의 검거 단서[건]","건","-","-","-","-","-","-","-","-","-","-","-","","-","-","-","-","0","-","-",
"유사수신행위의규제에관한법률","전과조회","범죄의 검거 단서[건]","건","-","-","-","-","1","-","-","-","-","-","-","","-","-","-","-","0","1","-",
"유사수신행위의규제에관한법률","기타","범죄의 검거 단서[건]","건","41","46","44","152","69","36","38","41","26","70","282","147","166","170","93","58","79","92","138",
"유사수신행위의규제에관한법률","미상","범죄의 검거 단서[건]","건","","","","","","","","","37","","","","","","","","","","",
"유선및도선사업법","계","범죄의 검거 단서[건]","건","1849","864","374","1451","1696","5553","230","67","","","","","","","","","","","",
"유선및도선사업법","현행범","범죄의 검거 단서[건]","건","522","678","7","2","2","-","1","-","","","","","","","","","","","",
"유선및도선사업법","피해자신고","범죄의 검거 단서[건]","건","1","-","1","-","-","-","2","-","","","","","","","","","","","",
"유선및도선사업법","고소","범죄의 검거 단서[건]","건","-","1","-","-","-","-","-","-","","","","","","","","","","","",
"유선및도선사업법","고발","범죄의 검거 단서[건]","건","1","14","16","12","1","6","2","2","","","","","","","","","","","",
"유선및도선사업법","자수","범죄의 검거 단서[건]","건","1","-","-","-","-","-","-","-","","","","","","","","","","","",
"유선및도선사업법","민간체포","범죄의 검거 단서[건]","건","-","-","-","-","-","-","-","-","","","","","","","","","","","",
"유선및도선사업법","진정투서","범죄의 검거 단서[건]","건","-","1","-","-","-","1","-","-","","","","","","","","","","","",
"유선및도선사업법","타인신고","범죄의 검거 단서[건]","건","1063","5","2","158","91","378","15","13","","","","","","","","","","","",
"유선및도선사업법","신문","범죄의 검거 단서[건]","건","30","1","1","1","2","2","-","-","","","","","","","","","","","",
"유선및도선사업법","불심검문","범죄의 검거 단서[건]","건","33","31","93","1267","1159","4987","37","24","","","","","","","","","","","",
"유선및도선사업법","탐문정보","범죄의 검거 단서[건]","건","196","6","184","1","310","21","144","13","","","","","","","","","","","",
"유선및도선사업법","안면식별","범죄의 검거 단서[건]","건","-","-","-","-","-","-","-","-","","","","","","","","","","","",
"유선및도선사업법","감식자료","범죄의 검거 단서[건]","건","-","-","-","-","-","-","-","-","","","","","","","","","","","",
"유선및도선사업법","변사체","범죄의 검거 단서[건]","건","-","-","-","2","-","-","-","-","","","","","","","","","","","",
"유선및도선사업법","범죄수법","범죄의 검거 단서[건]","건","-","-","-","-","2","-","-","-","","","","","","","","","","","",
"유선및도선사업법","발자국","범죄의 검거 단서[건]","건","-","-","-","-","-","-","-","-","","","","","","","","","","","",
"유선및도선사업법","검사지휘","범죄의 검거 단서[건]","건","-","-","-","-","-","-","-","-","","","","","","","","","","","",
"유선및도선사업법","타기관에서 이송","범죄의 검거 단서[건]","건","-","-","-","-","1","-","-","-","","","","","","","","","","","",
"유선및도선사업법","범행도구등 발견","범죄의 검거 단서[건]","건","-","-","-","-","-","-","-","-","","","","","","","","","","","",
"유선및도선사업법","장물","범죄의 검거 단서[건]","건","-","-","-","-","-","-","-","-","","","","","","","","","","","",
"유선및도선사업법","전과조회","범죄의 검거 단서[건]","건","-","-","-","-","-","-","-","-","","","","","","","","","","","",
"유선및도선사업법","기타","범죄의 검거 단서[건]","건","2","127","70","8","128","158","29","15","","","","","","","","","","","",
"유해화학물질관리법","계","범죄의 검거 단서[건]","건","659","1067","737","1365","888","1197","1026","833","","","","","","","","","","","",
"유해화학물질관리법","현행범","범죄의 검거 단서[건]","건","418","420","413","419","357","353","419","280","","","","","","","","","","","",
"유해화학물질관리법","피해자신고","범죄의 검거 단서[건]","건","8","16","21","11","24","14","18","17","","","","","","","","","","","",
"유해화학물질관리법","고소","범죄의 검거 단서[건]","건","1","-","3","1","2","1","1","-","","","","","","","","","","","",
"유해화학물질관리법","고발","범죄의 검거 단서[건]","건","29","16","22","23","19","24","34","84","","","","","","","","","","","",
"유해화학물질관리법","자수","범죄의 검거 단서[건]","건","9","10","9","6","8","10","14","10","","","","","","","","","","","",
"유해화학물질관리법","민간체포","범죄의 검거 단서[건]","건","-","-","2","1","5","3","1","-","","","","","","","","","","","",
"유해화학물질관리법","진정투서","범죄의 검거 단서[건]","건","2","-","1","1","-","-","-","-","","","","","","","","","","","",
"유해화학물질관리법","타인신고","범죄의 검거 단서[건]","건","84","111","130","534","278","387","325","180","","","","","","","","","","","",
"유해화학물질관리법","신문","범죄의 검거 단서[건]","건","-","2","1","3","-","-","1","1","","","","","","","","","","","",
"유해화학물질관리법","불심검문","범죄의 검거 단서[건]","건","14","21","20","24","33","25","16","8","","","","","","","","","","","",
"유해화학물질관리법","탐문정보","범죄의 검거 단서[건]","건","43","48","31","250","40","203","24","27","","","","","","","","","","","",
"유해화학물질관리법","안면식별","범죄의 검거 단서[건]","건","-","-","-","-","-","-","-","-","","","","","","","","","","","",
"유해화학물질관리법","감식자료","범죄의 검거 단서[건]","건","-","-","-","-","1","1","-","1","","","","","","","","","","","",
"유해화학물질관리법","변사체","범죄의 검거 단서[건]","건","-","-","-","-","1","-","-","-","","","","","","","","","","","",
"유해화학물질관리법","범죄수법","범죄의 검거 단서[건]","건","-","-","-","-","4","-","-","-","","","","","","","","","","","",
"유해화학물질관리법","발자국","범죄의 검거 단서[건]","건","-","-","-","-","-","-","-","-","","","","","","","","","","","",
"유해화학물질관리법","검사지휘","범죄의 검거 단서[건]","건","-","-","-","-","3","1","1","1","","","","","","","","","","","",
"유해화학물질관리법","타기관에서 이송","범죄의 검거 단서[건]","건","-","-","-","-","1","-","-","2","","","","","","","","","","","",
"유해화학물질관리법","범행도구등 발견","범죄의 검거 단서[건]","건","1","1","1","1","1","3","-","1","","","","","","","","","","","",
"유해화학물질관리법","장물","범죄의 검거 단서[건]","건","-","-","-","-","-","-","-","-","","","","","","","","","","","",
"유해화학물질관리법","전과조회","범죄의 검거 단서[건]","건","-","-","-","-","-","-","-","-","","","","","","","","","","","",
"유해화학물질관리법","기타","범죄의 검거 단서[건]","건","50","422","83","91","111","172","172","221","","","","","","","","","","","",
"윤락행위등방지법","계","범죄의 검거 단서[건]","건","66","20","4","4","1","-","2","-","","","","","","","","","","","",
"윤락행위등방지법","현행범","범죄의 검거 단서[건]","건","1","-","-","-","-","-","-","-","","","","","","","","","","","",
"윤락행위등방지법","피해자신고","범죄의 검거 단서[건]","건","5","4","-","1","-","-","-","-","","","","","","","","","","","",
"윤락행위등방지법","고소","범죄의 검거 단서[건]","건","14","3","-","-","1","-","-","-","","","","","","","","","","","",
"윤락행위등방지법","고발","범죄의 검거 단서[건]","건","-","2","-","-","-","-","-","-","","","","","","","","","","","",
"윤락행위등방지법","자수","범죄의 검거 단서[건]","건","2","1","-","-","-","-","-","-","","","","","","","","","","","",
"윤락행위등방지법","민간체포","범죄의 검거 단서[건]","건","-","-","-","-","-","-","-","-","","","","","","","","","","","",
"윤락행위등방지법","진정투서","범죄의 검거 단서[건]","건","4","1","-","-","-","-","-","-","","","","","","","","","","","",
"윤락행위등방지법","타인신고","범죄의 검거 단서[건]","건","4","2","1","-","-","-","1","-","","","","","","","","","","","",
"윤락행위등방지법","신문","범죄의 검거 단서[건]","건","-","-","-","-","-","-","-","-","","","","","","","","","","","",
"윤락행위등방지법","불심검문","범죄의 검거 단서[건]","건","7","1","-","-","-","-","-","-","","","","","","","","","","","",
"윤락행위등방지법","탐문정보","범죄의 검거 단서[건]","건","8","-","1","1","-","-","1","-","","","","","","","","","","","",
"윤락행위등방지법","안면식별","범죄의 검거 단서[건]","건","-","-","-","-","-","-","-","-","","","","","","","","","","","",
"윤락행위등방지법","감식자료","범죄의 검거 단서[건]","건","-","-","-","-","-","-","-","-","","","","","","","","","","","",
"윤락행위등방지법","변사체","범죄의 검거 단서[건]","건","-","-","-","-","-","-","-","-","","","","","","","","","","","",
"윤락행위등방지법","범죄수법","범죄의 검거 단서[건]","건","-","-","-","-","-","-","-","-","","","","","","","","","","","",
"윤락행위등방지법","발자국","범죄의 검거 단서[건]","건","-","-","-","-","-","-","-","-","","","","","","","","","","","",
"윤락행위등방지법","검사지휘","범죄의 검거 단서[건]","건","1","-","-","1","-","-","-","-","","","","","","","","","","","",
"윤락행위등방지법","타기관에서 이송","범죄의 검거 단서[건]","건","-","-","-","-","-","-","-","-","","","","","","","","","","","",
"윤락행위등방지법","범행도구등 발견","범죄의 검거 단서[건]","건","-","-","-","-","-","-","-","-","","","","","","","","","","","",
"윤락행위등방지법","장물","범죄의 검거 단서[건]","건","-","-","-","-","-","-","-","-","","","","","","","","","","","",
"윤락행위등방지법","전과조회","범죄의 검거 단서[건]","건","-","-","-","-","-","-","-","-","","","","","","","","","","","",
"윤락행위등방지법","기타","범죄의 검거 단서[건]","건","20","6","2","1","-","-","-","-","","","","","","","","","","","",
"음반?비디오물및게임물에관한법률","계","범죄의 검거 단서[건]","건","26356","2565","381","363","152","191","219","78","","","","","","","","","","","",
"음반?비디오물및게임물에관한법률","현행범","범죄의 검거 단서[건]","건","7137","590","100","139","43","49","23","5","","","","","","","","","","","",
"음반?비디오물및게임물에관한법률","피해자신고","범죄의 검거 단서[건]","건","533","48","4","3","3","2","1","-","","","","","","","","","","","",
"음반?비디오물및게임물에관한법률","고소","범죄의 검거 단서[건]","건","135","23","2","4","-","1","-","-","","","","","","","","","","","",
"음반?비디오물및게임물에관한법률","고발","범죄의 검거 단서[건]","건","1159","71","11","4","3","2","5","1","","","","","","","","","","","",
"음반?비디오물및게임물에관한법률","자수","범죄의 검거 단서[건]","건","96","24","2","3","3","1","-","-","","","","","","","","","","","",
"음반?비디오물및게임물에관한법률","민간체포","범죄의 검거 단서[건]","건","-","-","-","-","-","-","-","-","","","","","","","","","","","",
"음반?비디오물및게임물에관한법률","진정투서","범죄의 검거 단서[건]","건","135","11","1","5","-","1","2","-","","","","","","","","","","","",
"음반?비디오물및게임물에관한법률","타인신고","범죄의 검거 단서[건]","건","4990","330","66","34","33","24","34","17","","","","","","","","","","","",
"음반?비디오물및게임물에관한법률","신문","범죄의 검거 단서[건]","건","145","14","-","3","-","-","-","-","","","","","","","","","","","",
"음반?비디오물및게임물에관한법률","불심검문","범죄의 검거 단서[건]","건","2145","208","21","34","21","24","26","7","","","","","","","","","","","",
"음반?비디오물및게임물에관한법률","탐문정보","범죄의 검거 단서[건]","건","4186","420","63","48","12","23","35","9","","","","","","","","","","","",
"음반?비디오물및게임물에관한법률","안면식별","범죄의 검거 단서[건]","건","-","1","-","-","-","-","-","-","","","","","","","","","","","",
"음반?비디오물및게임물에관한법률","감식자료","범죄의 검거 단서[건]","건","-","-","-","-","-","-","-","-","","","","","","","","","","","",
"음반?비디오물및게임물에관한법률","변사체","범죄의 검거 단서[건]","건","-","-","-","-","-","-","-","-","","","","","","","","","","","",
"음반?비디오물및게임물에관한법률","범죄수법","범죄의 검거 단서[건]","건","1","1","-","-","-","-","-","-","","","","","","","","","","","",
"음반?비디오물및게임물에관한법률","발자국","범죄의 검거 단서[건]","건","-","-","-","-","-","-","-","-","","","","","","","","","","","",
"음반?비디오물및게임물에관한법률","검사지휘","범죄의 검거 단서[건]","건","28","10","1","-","1","-","-","-","","","","","","","","","","","",
"음반?비디오물및게임물에관한법률","타기관에서 이송","범죄의 검거 단서[건]","건","8","2","1","3","-","-","-","1","","","","","","","","","","","",
"음반?비디오물및게임물에관한법률","범행도구등 발견","범죄의 검거 단서[건]","건","9","-","-","-","-","1","-","-","","","","","","","","","","","",
"음반?비디오물및게임물에관한법률","장물","범죄의 검거 단서[건]","건","1","-","-","-","-","-","-","-","","","","","","","","","","","",
"음반?비디오물및게임물에관한법률","전과조회","범죄의 검거 단서[건]","건","14","2","-","-","-","-","-","-","","","","","","","","","","","",
"음반?비디오물및게임물에관한법률","기타","범죄의 검거 단서[건]","건","5634","810","109","83","33","63","93","38","","","","","","","","","","","",
"의료기기법","계","범죄의 검거 단서[건]","건","","","","","","","","","445","334","420","416","518","291","405","270","230","192","179",
"의료기기법","현행범","범죄의 검거 단서[건]","건","","","","","","","","","-","-","2","","-","-","1","1","5","3","1",
"의료기기법","피해자신고","범죄의 검거 단서[건]","건","","","","","","","","","-","-","2","","1","1","-","1","2","-","2",
"의료기기법","고소","범죄의 검거 단서[건]","건","","","","","","","","","7","9","10","10","8","7","7","5","3","3","8",
"의료기기법","고발","범죄의 검거 단서[건]","건","","","","","","","","","388","271","238","239","334","196","256","180","130","119","94",
"의료기기법","자수","범죄의 검거 단서[건]","건","","","","","","","","","-","-","-","","-","1","-","-","0","-","-",
"의료기기법","민간체포","범죄의 검거 단서[건]","건","","","","","","","","","-","-","-","","-","-","-","-","0","-","-",
"의료기기법","진정투서","범죄의 검거 단서[건]","건","","","","","","","","","6","6","7","11","9","13","27","27","29","16","25",
"의료기기법","타인신고","범죄의 검거 단서[건]","건","","","","","","","","","4","2","5","6","10","10","8","9","8","2","1",
"의료기기법","신문","범죄의 검거 단서[건]","건","","","","","","","","","-","1","2","1","-","-","-","-","0","-","2",
"의료기기법","불심검문","범죄의 검거 단서[건]","건","","","","","","","","","-","-","-","","-","-","1","-","0","-","-",
"의료기기법","탐문정보","범죄의 검거 단서[건]","건","","","","","","","","","14","10","13","21","8","2","1","2","11","1","2",
"의료기기법","안면식별","범죄의 검거 단서[건]","건","","","","","","","","","-","-","-","","-","-","-","-","0","-","-",
"의료기기법","감식자료","범죄의 검거 단서[건]","건","","","","","","","","","-","-","-","","-","-","-","-","0","-","-",
"의료기기법","변사체","범죄의 검거 단서[건]","건","","","","","","","","","-","-","-","","-","-","-","-","0","-","-",
"의료기기법","범죄수법","범죄의 검거 단서[건]","건","","","","","","","","","-","-","-","","-","-","-","-","0","-","-",
"의료기기법","발자국","범죄의 검거 단서[건]","건","","","","","","","","","-","-","-","","-","-","-","-","0","-","-",
"의료기기법","검사지휘","범죄의 검거 단서[건]","건","","","","","","","","","-","1","-","","-","1","1","-","0","-","-",
"의료기기법","타기관에서 이송","범죄의 검거 단서[건]","건","","","","","","","","","-","-","1","4","5","4","4","2","3","1","-",
"의료기기법","범행도구등 발견","범죄의 검거 단서[건]","건","","","","","","","","","-","-","-","","-","-","-","-","0","-","-",
"의료기기법","장물","범죄의 검거 단서[건]","건","","","","","","","","","-","-","-","","-","-","-","-","0","-","-",
"의료기기법","전과조회","범죄의 검거 단서[건]","건","","","","","","","","","-","-","-","","-","-","-","-","0","-","-",
"의료기기법","기타","범죄의 검거 단서[건]","건","","","","","","","","","15","34","140","124","143","56","99","43","39","47","44",
"의료기기법","미상","범죄의 검거 단서[건]","건","","","","","","","","","11","","","","","","","","","","",
"의료법","계","범죄의 검거 단서[건]","건","1606","1605","1625","2553","1966","2332","2278","1981","2226","2508","2170","2730","3009","3483","2927","2310","1817","2123","1982",
"의료법","현행범","범죄의 검거 단서[건]","건","147","119","99","267","92","108","104","85","68","71","56","62","92","173","118","60","46","42","35",
"의료법","피해자신고","범죄의 검거 단서[건]","건","23","36","33","36","51","37","41","52","48","51","59","81","81","135","115","80","86","112","86",
"의료법","고소","범죄의 검거 단서[건]","건","170","150","200","215","180","194","238","230","220","216","224","257","250","287","271","245","233","279","298",
"의료법","고발","범죄의 검거 단서[건]","건","626","492","752","671","629","799","897","694","851","819","724","1020","949","715","584","516","495","567","621",
"의료법","자수","범죄의 검거 단서[건]","건","5","4","3","6","1","2","8","1","1","-","1","4","6","6","5","4","3","4","6",
"의료법","민간체포","범죄의 검거 단서[건]","건","-","-","-","-","1","-","-","-","-","-","1","","-","-","-","-","0","-","-",
"의료법","진정투서","범죄의 검거 단서[건]","건","37","27","26","74","44","70","111","66","78","154","128","237","264","383","444","370","189","223","219",
"의료법","타인신고","범죄의 검거 단서[건]","건","98","73","103","208","224","194","240","236","261","324","352","473","732","1071","850","611","446","561","406",
"의료법","신문","범죄의 검거 단서[건]","건","4","2","-","-","-","1","-","-","-","-","2","","1","2","1","-","1","7","5",
"의료법","불심검문","범죄의 검거 단서[건]","건","27","9","28","81","55","56","14","28","45","56","27","19","19","19","7","6","4","11","2",
"의료법","탐문정보","범죄의 검거 단서[건]","건","207","572","229","410","269","318","158","218","256","349","220","182","132","144","85","78","41","32","31",
"의료법","안면식별","범죄의 검거 단서[건]","건","-","-","-","-","-","-","-","-","-","-","-","","-","-","-","-","1","-","-",
"의료법","감식자료","범죄의 검거 단서[건]","건","-","-","-","-","-","-","-","-","-","-","-","","-","-","-","-","0","-","-",
"의료법","변사체","범죄의 검거 단서[건]","건","1","3","2","3","3","-","6","1","3","-","-","1","-","2","2","-","3","1","-",
"의료법","범죄수법","범죄의 검거 단서[건]","건","-","-","-","-","-","-","-","-","-","-","-","","-","-","-","-","0","-","-",
"의료법","발자국","범죄의 검거 단서[건]","건","-","-","-","-","-","-","-","-","-","-","-","","-","-","-","-","0","-","-",
"의료법","검사지휘","범죄의 검거 단서[건]","건","3","2","2","3","5","8","3","5","4","9","10","6","5","5","7","-","0","1","-",
"의료법","타기관에서 이송","범죄의 검거 단서[건]","건","6","2","2","1","1","-","4","2","5","16","4","7","14","8","35","17","14","7","10",
"의료법","범행도구등 발견","범죄의 검거 단서[건]","건","-","-","-","-","1","-","-","1","-","-","-","","-","1","-","-","0","-","-",
"의료법","장물","범죄의 검거 단서[건]","건","1","-","-","-","-","-","-","-","-","-","-","","-","-","-","-","0","-","-",
"의료법","전과조회","범죄의 검거 단서[건]","건","-","-","1","-","-","-","-","-","-","-","-","","-","-","-","-","0","-","-",
"의료법","기타","범죄의 검거 단서[건]","건","251","114","145","578","410","545","454","362","282","443","362","381","464","532","403","323","255","276","263",
"의료법","미상","범죄의 검거 단서[건]","건","","","","","","","","","104","","","","","","","","","","",
"자동차관리법","계","범죄의 검거 단서[건]","건","21498","22723","29158","36621","21399","18345","15123","15783","17881","17590","29483","22704","19244","20144","22425","26096","26161","21697","21179",
"자동차관리법","현행범","범죄의 검거 단서[건]","건","509","621","2911","3757","655","416","217","198","205","228","864","305","201","174","175","213","177","185","226",
"자동차관리법","피해자신고","범죄의 검거 단서[건]","건","97","73","172","212","131","138","132","163","221","289","345","279","344","317","312","267","206","252","251",
"자동차관리법","고소","범죄의 검거 단서[건]","건","140","127","181","188","175","216","210","212","229","236","350","286","249","303","314","245","192","196","110",
"자동차관리법","고발","범죄의 검거 단서[건]","건","9681","9716","9904","8113","6375","5683","4895","5628","4676","3657","3341","2775","2445","1916","1715","1695","1455","1675","1626",
"자동차관리법","자수","범죄의 검거 단서[건]","건","1430","1073","770","957","429","218","273","246","137","124","49","59","62","29","26","35","40","37","36",
"자동차관리법","민간체포","범죄의 검거 단서[건]","건","1","-","5","1","2","-","-","-","1","-","1","1","-","-","-","-","0","1","-",
"자동차관리법","진정투서","범죄의 검거 단서[건]","건","113","89","179","424","289","280","494","645","1021","1343","1978","2121","2040","1996","3039","4154","4881","4406","1634",
"자동차관리법","타인신고","범죄의 검거 단서[건]","건","418","483","722","918","516","641","720","923","1316","1608","2393","2435","3201","4536","6191","7263","7600","7156","7326",
"자동차관리법","신문","범죄의 검거 단서[건]","건","564","417","503","515","427","240","146","214","241","194","335","304","224","225","236","282","224","205","205",
"자동차관리법","불심검문","범죄의 검거 단서[건]","건","1256","1625","4590","9259","4775","3322","1912","1789","1585","1655","8459","4569","2532","2741","2349","3597","4362","1996","3084",
"자동차관리법","탐문정보","범죄의 검거 단서[건]","건","452","763","796","1418","915","983","634","372","1979","1273","1665","1181","584","415","358","440","267","128","183",
"자동차관리법","안면식별","범죄의 검거 단서[건]","건","-","-","-","2","1","-","1","2","-","-","3","","-","-","-","-","0","-","-",
"자동차관리법","감식자료","범죄의 검거 단서[건]","건","-","1","1","6","3","2","1","1","-","1","4","3","-","-","1","-","0","1","1",
"자동차관리법","변사체","범죄의 검거 단서[건]","건","1","-","-","-","1","2","2","1","-","-","2","2","-","-","-","1","0","-","1",
"자동차관리법","범죄수법","범죄의 검거 단서[건]","건","-","-","1","-","1","2","-","-","3","-","-","3","-","2","-","-","0","-","1",
"자동차관리법","발자국","범죄의 검거 단서[건]","건","-","-","-","-","-","-","-","-","-","-","-","","-","-","-","-","0","-","-",
"자동차관리법","검사지휘","범죄의 검거 단서[건]","건","65","39","37","53","87","36","19","23","24","24","56","48","30","35","33","16","7","10","10",
"자동차관리법","타기관에서 이송","범죄의 검거 단서[건]","건","89","75","73","106","146","86","54","54","73","75","51","78","81","82","92","160","167","95","226",
"자동차관리법","범행도구등 발견","범죄의 검거 단서[건]","건","4","-","4","9","6","2","2","1","3","5","3","1","2","2","-","2","0","5","4",
"자동차관리법","장물","범죄의 검거 단서[건]","건","-","-","1","4","2","-","-","2","1","-","1","1","-","-","-","-","0","1","-",
"자동차관리법","전과조회","범죄의 검거 단서[건]","건","68","59","106","71","18","12","9","5","8","13","-","","6","2","1","2","1","3","1",
"자동차관리법","기타","범죄의 검거 단서[건]","건","6610","7562","8202","10608","6445","6066","5402","5304","2676","6865","9583","8253","7243","7369","7583","7724","6582","5345","6254",
"자동차관리법","미상","범죄의 검거 단서[건]","건","","","","","","","","","3482","","","","","","","","","","",
"자동차손해배상보장법","계","범죄의 검거 단서[건]","건","11047","16123","18602","26706","24046","23175","21844","23389","25178","27061","49629","37563","23684","19733","16612","14186","13206","12976","14341",
"자동차손해배상보장법","현행범","범죄의 검거 단서[건]","건","227","362","507","927","1149","467","306","197","105","90","376","259","240","150","109","87","124","210","261",
"자동차손해배상보장법","피해자신고","범죄의 검거 단서[건]","건","40","22","17","77","442","897","767","904","884","984","1135","861","604","479","443","461","369","374","362",
"자동차손해배상보장법","고소","범죄의 검거 단서[건]","건","11","16","15","21","14","30","23","40","35","22","26","10","16","4","1","5","4","3","11",
"자동차손해배상보장법","고발","범죄의 검거 단서[건]","건","240","305","461","919","612","275","220","294","248","186","122","75","87","73","33","7","14","14","14",
"자동차손해배상보장법","자수","범죄의 검거 단서[건]","건","1175","2059","2236","3026","2281","1046","911","924","725","787","401","243","212","190","105","201","119","59","143",
"자동차손해배상보장법","민간체포","범죄의 검거 단서[건]","건","1","-","-","3","3","-","-","4","2","1","2","","-","-","1","1","0","1","-",
"자동차손해배상보장법","진정투서","범죄의 검거 단서[건]","건","50","51","97","105","12","46","53","18","18","46","34","27","57","33","10","8","6","13","23",
"자동차손해배상보장법","타인신고","범죄의 검거 단서[건]","건","155","327","288","333","649","1038","549","298","316","373","388","355","331","378","457","547","667","1064","1027",
"자동차손해배상보장법","신문","범죄의 검거 단서[건]","건","617","561","462","1029","1154","1035","1584","1447","1467","1707","2430","2496","1985","1480","1389","1341","1457","1493","1567",
"자동차손해배상보장법","불심검문","범죄의 검거 단서[건]","건","260","579","490","823","449","233","142","309","400","1003","21162","11808","3542","2865","2401","1691","1335","1219","2266",
"자동차손해배상보장법","탐문정보","범죄의 검거 단서[건]","건","456","636","630","568","647","468","312","315","264","672","1176","703","338","324","281","224","141","115","157",
"자동차손해배상보장법","안면식별","범죄의 검거 단서[건]","건","1","-","-","-","1","1","-","-","-","1","-","1","-","-","2","-","0","-","-",
"자동차손해배상보장법","감식자료","범죄의 검거 단서[건]","건","1","2","2","-","1","2","-","-","-","-","2","","-","-","-","-","1","-","-",
"자동차손해배상보장법","변사체","범죄의 검거 단서[건]","건","-","-","-","-","-","1","1","-","1","1","5","1","-","2","-","1","0","1","1",
"자동차손해배상보장법","범죄수법","범죄의 검거 단서[건]","건","-","1","-","-","1","-","-","-","-","1","1","","1","3","-","-","0","-","-",
"자동차손해배상보장법","발자국","범죄의 검거 단서[건]","건","-","-","-","-","-","-","-","1","-","-","-","","-","1","-","-","0","-","-",
"자동차손해배상보장법","검사지휘","범죄의 검거 단서[건]","건","44","60","70","77","135","40","143","116","37","109","159","80","92","58","46","31","4","12","5",
"자동차손해배상보장법","타기관에서 이송","범죄의 검거 단서[건]","건","474","424","467","444","225","272","136","335","267","69","108","66","128","46","40","52","26","15","20",
"자동차손해배상보장법","범행도구등 발견","범죄의 검거 단서[건]","건","-","-","-","1","1","-","1","-","-","-","2","","-","-","-","-","0","-","1",
"자동차손해배상보장법","장물","범죄의 검거 단서[건]","건","-","-","-","-","-","-","-","-","-","-","1","","-","-","-","-","0","-","-",
"자동차손해배상보장법","전과조회","범죄의 검거 단서[건]","건","11","10","10","16","7","4","2","3","1","3","2","5","1","6","2","4","3","5","3",
"자동차손해배상보장법","기타","범죄의 검거 단서[건]","건","7284","10708","12850","18337","16263","17320","16694","18184","3321","21006","22097","20573","16050","13641","11292","9525","8936","8378","8480",
"자동차손해배상보장법","미상","범죄의 검거 단서[건]","건","","","","","","","","","17087","","","","","","","","","","",
"자본시장과금융투자업에관한법률","계","범죄의 검거 단서[건]","건","","","","","","","","","1","-","208","304","333","283","293","350","388","459","471",
"자본시장과금융투자업에관한법률","현행범","범죄의 검거 단서[건]","건","","","","","","","","","-","-","-","1","-","-","-","-","1","2","1",
"자본시장과금융투자업에관한법률","피해자신고","범죄의 검거 단서[건]","건","","","","","","","","","-","-","5","2","1","4","6","4","8","7","10",
"자본시장과금융투자업에관한법률","고소","범죄의 검거 단서[건]","건","","","","","","","","","-","-","28","15","22","42","51","47","71","105","97",
"자본시장과금융투자업에관한법률","고발","범죄의 검거 단서[건]","건","","","","","","","","","-","-","5","9","17","14","12","14","24","24","22",
"자본시장과금융투자업에관한법률","자수","범죄의 검거 단서[건]","건","","","","","","","","","-","-","-","","2","-","-","1","1","-","-",
"자본시장과금융투자업에관한법률","민간체포","범죄의 검거 단서[건]","건","","","","","","","","","-","-","-","","-","-","-","-","0","-","-",
"자본시장과금융투자업에관한법률","진정투서","범죄의 검거 단서[건]","건","","","","","","","","","-","-","18","14","19","16","30","41","42","55","32",
"자본시장과금융투자업에관한법률","타인신고","범죄의 검거 단서[건]","건","","","","","","","","","1","-","2","2","4","-","5","3","9","6","6",
"자본시장과금융투자업에관한법률","신문","범죄의 검거 단서[건]","건","","","","","","","","","-","-","-","1","-","-","-","1","0","5","-",
"자본시장과금융투자업에관한법률","불심검문","범죄의 검거 단서[건]","건","","","","","","","","","-","-","-","1","17","-","-","-","0","-","1",
"자본시장과금융투자업에관한법률","탐문정보","범죄의 검거 단서[건]","건","","","","","","","","","-","-","11","18","17","11","28","28","13","9","12",
"자본시장과금융투자업에관한법률","안면식별","범죄의 검거 단서[건]","건","","","","","","","","","-","-","-","","-","-","-","-","0","-","-",
"자본시장과금융투자업에관한법률","감식자료","범죄의 검거 단서[건]","건","","","","","","","","","-","-","-","","-","-","-","-","0","-","-",
"자본시장과금융투자업에관한법률","변사체","범죄의 검거 단서[건]","건","","","","","","","","","-","-","-","","-","-","-","-","0","-","-",
"자본시장과금융투자업에관한법률","범죄수법","범죄의 검거 단서[건]","건","","","","","","","","","-","-","-","","-","-","-","-","0","-","-",
"자본시장과금융투자업에관한법률","발자국","범죄의 검거 단서[건]","건","","","","","","","","","-","-","-","","-","-","-","-","0","-","-",
"자본시장과금융투자업에관한법률","검사지휘","범죄의 검거 단서[건]","건","","","","","","","","","-","-","-","1","-","-","4","-","3","-","-",
"자본시장과금융투자업에관한법률","타기관에서 이송","범죄의 검거 단서[건]","건","","","","","","","","","-","-","-","","-","1","8","18","22","8","1",
"자본시장과금융투자업에관한법률","범행도구등 발견","범죄의 검거 단서[건]","건","","","","","","","","","-","-","-","","-","-","-","-","0","-","-",
"자본시장과금융투자업에관한법률","장물","범죄의 검거 단서[건]","건","","","","","","","","","-","-","-","","-","-","-","-","0","-","-",
"자본시장과금융투자업에관한법률","전과조회","범죄의 검거 단서[건]","건","","","","","","","","","-","-","-","","-","-","-","-","0","-","-",
"자본시장과금융투자업에관한법률","기타","범죄의 검거 단서[건]","건","","","","","","","","","-","-","139","240","234","195","149","193","194","238","289",
"자본시장과금융투자업에관한법률","미상","범죄의 검거 단서[건]","건","","","","","","","","","-","","","","","","","","","","",
"자연공원법","계","범죄의 검거 단서[건]","건","239","311","288","167","135","123","103","95","","","","","","","","","","","",
"자연공원법","현행범","범죄의 검거 단서[건]","건","8","15","1","2","-","-","2","-","","","","","","","","","","","",
"자연공원법","피해자신고","범죄의 검거 단서[건]","건","-","-","-","-","-","-","4","-","","","","","","","","","","","",
"자연공원법","고소","범죄의 검거 단서[건]","건","4","3","3","1","4","1","1","2","","","","","","","","","","","",
"자연공원법","고발","범죄의 검거 단서[건]","건","200","253","199","144","115","93","72","88","","","","","","","","","","","",
"자연공원법","자수","범죄의 검거 단서[건]","건","1","5","-","-","-","-","-","-","","","","","","","","","","","",
"자연공원법","민간체포","범죄의 검거 단서[건]","건","1","-","-","-","-","-","-","-","","","","","","","","","","","",
"자연공원법","진정투서","범죄의 검거 단서[건]","건","-","1","-","1","-","2","-","-","","","","","","","","","","","",
"자연공원법","타인신고","범죄의 검거 단서[건]","건","5","5","7","4","3","4","1","-","","","","","","","","","","","",
"자연공원법","신문","범죄의 검거 단서[건]","건","-","2","-","-","-","-","-","-","","","","","","","","","","","",
"자연공원법","불심검문","범죄의 검거 단서[건]","건","4","4","7","4","1","1","2","-","","","","","","","","","","","",
"자연공원법","탐문정보","범죄의 검거 단서[건]","건","2","6","16","2","-","9","7","-","","","","","","","","","","","",
"자연공원법","안면식별","범죄의 검거 단서[건]","건","-","-","-","-","-","-","-","-","","","","","","","","","","","",
"자연공원법","감식자료","범죄의 검거 단서[건]","건","-","-","-","-","-","-","-","-","","","","","","","","","","","",
"자연공원법","변사체","범죄의 검거 단서[건]","건","-","-","-","-","-","-","-","-","","","","","","","","","","","",
"자연공원법","범죄수법","범죄의 검거 단서[건]","건","-","-","-","-","-","-","-","-","","","","","","","","","","","",
"자연공원법","발자국","범죄의 검거 단서[건]","건","-","-","-","-","-","-","-","-","","","","","","","","","","","",
"자연공원법","검사지휘","범죄의 검거 단서[건]","건","1","-","-","-","5","-","1","1","","","","","","","","","","","",
"자연공원법","타기관에서 이송","범죄의 검거 단서[건]","건","-","-","-","-","-","-","-","1","","","","","","","","","","","",
"자연공원법","범행도구등 발견","범죄의 검거 단서[건]","건","-","-","-","-","-","-","-","-","","","","","","","","","","","",
"자연공원법","장물","범죄의 검거 단서[건]","건","-","-","-","-","-","-","-","-","","","","","","","","","","","",
"자연공원법","전과조회","범죄의 검거 단서[건]","건","-","-","-","-","-","-","-","-","","","","","","","","","","","",
"자연공원법","기타","범죄의 검거 단서[건]","건","13","17","55","9","7","13","13","3","","","","","","","","","","","",
"저작권법","계","범죄의 검거 단서[건]","건","8995","13807","56119","46648","14292","16244","17334","15812","13131","15024","9818","7250","5757","4999","4236","3817","4918","13598","40424",
"저작권법","현행범","범죄의 검거 단서[건]","건","7","9","24","26","5","12","10","1","3","4","1","1","1","1","1","-","0","1","1",
"저작권법","피해자신고","범죄의 검거 단서[건]","건","18","42","174","204","72","24","41","32","52","62","41","42","48","55","63","79","128","453","1083",
"저작권법","고소","범죄의 검거 단서[건]","건","8305","12780","54159","44661","12765","14929","15814","14650","11633","13676","8961","6498","5022","4246","3598","3316","4348","12077","37072",
"저작권법","고발","범죄의 검거 단서[건]","건","351","278","269","239","161","113","99","119","95","74","35","36","37","26","24","25","45","82","114",
"저작권법","자수","범죄의 검거 단서[건]","건","30","42","70","96","19","5","11","13","6","8","-","1","1","1","1","2","3","11","25",
"저작권법","민간체포","범죄의 검거 단서[건]","건","-","-","-","-","-","1","-","-","-","-","-","","-","-","-","-","0","-","-",
"저작권법","진정투서","범죄의 검거 단서[건]","건","16","47","75","38","164","127","77","60","73","111","122","76","46","51","34","23","50","78","62",
"저작권법","타인신고","범죄의 검거 단서[건]","건","1","8","22","13","11","9","11","10","6","9","9","4","4","2","8","19","11","13","27",
"저작권법","신문","범죄의 검거 단서[건]","건","5","1","3","10","4","14","14","-","1","1","1","","3","2","-","10","4","13","56",
"저작권법","불심검문","범죄의 검거 단서[건]","건","34","30","32","70","41","8","12","7","7","4","2","3","3","-","1","-","0","1","2",
"저작권법","탐문정보","범죄의 검거 단서[건]","건","26","258","210","286","118","128","147","67","75","84","72","41","26","25","73","21","21","62","122",
"저작권법","안면식별","범죄의 검거 단서[건]","건","-","-","-","-","-","-","-","-","-","-","-","","-","-","-","-","0","-","-",
"저작권법","감식자료","범죄의 검거 단서[건]","건","-","-","-","-","-","3","1","1","-","1","-","","-","-","-","-","0","-","-",
"저작권법","변사체","범죄의 검거 단서[건]","건","-","-","-","-","-","-","-","-","-","-","-","","-","-","-","-","0","1","-",
"저작권법","범죄수법","범죄의 검거 단서[건]","건","-","-","-","-","-","-","-","-","-","1","-","","-","-","-","-","0","1","-",
"저작권법","발자국","범죄의 검거 단서[건]","건","-","-","-","-","-","-","-","-","-","-","-","","-","1","1","-","0","-","-",
"저작권법","검사지휘","범죄의 검거 단서[건]","건","14","4","13","15","121","23","47","15","22","17","17","4","18","15","13","2","0","-","-",
"저작권법","타기관에서 이송","범죄의 검거 단서[건]","건","2","6","16","10","14","2","2","2","4","8","2","2","3","5","7","4","4","3","6",
"저작권법","범행도구등 발견","범죄의 검거 단서[건]","건","-","-","-","1","-","-","-","-","-","4","1","","-","-","-","-","0","-","1",
"저작권법","장물","범죄의 검거 단서[건]","건","-","-","-","4","-","-","-","-","-","-","-","","-","-","-","-","0","-","-",
"저작권법","전과조회","범죄의 검거 단서[건]","건","1","1","-","2","3","1","-","-","-","-","-","","-","-","-","-","0","-","1",
"저작권법","기타","범죄의 검거 단서[건]","건","185","301","1052","973","794","845","1048","835","243","960","554","542","545","569","412","316","304","802","1852",
"저작권법","미상","범죄의 검거 단서[건]","건","","","","","","","","","911","","","","","","","","","","",
"전기사업법","계","범죄의 검거 단서[건]","건","39","23","19","16","58","62","64","47","","","","","","","","","","","",
"전기사업법","현행범","범죄의 검거 단서[건]","건","1","-","-","-","1","-","-","-","","","","","","","","","","","",
"전기사업법","피해자신고","범죄의 검거 단서[건]","건","1","-","-","-","-","-","-","-","","","","","","","","","","","",
"전기사업법","고소","범죄의 검거 단서[건]","건","3","4","4","3","3","6","4","4","","","","","","","","","","","",
"전기사업법","고발","범죄의 검거 단서[건]","건","32","13","14","11","39","54","57","39","","","","","","","","","","","",
"전기사업법","자수","범죄의 검거 단서[건]","건","-","-","-","-","-","-","-","-","","","","","","","","","","","",
"전기사업법","민간체포","범죄의 검거 단서[건]","건","-","-","-","-","-","-","-","-","","","","","","","","","","","",
"전기사업법","진정투서","범죄의 검거 단서[건]","건","-","1","-","-","10","-","-","-","","","","","","","","","","","",
"전기사업법","타인신고","범죄의 검거 단서[건]","건","-","-","-","-","-","-","-","2","","","","","","","","","","","",
"전기사업법","신문","범죄의 검거 단서[건]","건","-","-","-","-","-","-","-","-","","","","","","","","","","","",
"전기사업법","불심검문","범죄의 검거 단서[건]","건","-","1","-","-","-","-","-","-","","","","","","","","","","","",
"전기사업법","탐문정보","범죄의 검거 단서[건]","건","1","-","1","1","1","1","1","1","","","","","","","","","","","",
"전기사업법","안면식별","범죄의 검거 단서[건]","건","-","-","-","-","-","-","-","-","","","","","","","","","","","",
"전기사업법","감식자료","범죄의 검거 단서[건]","건","-","-","-","-","-","-","-","-","","","","","","","","","","","",
"전기사업법","변사체","범죄의 검거 단서[건]","건","-","-","-","-","-","-","-","-","","","","","","","","","","","",
"전기사업법","범죄수법","범죄의 검거 단서[건]","건","-","-","-","-","-","-","-","-","","","","","","","","","","","",
"전기사업법","발자국","범죄의 검거 단서[건]","건","-","-","-","-","-","-","-","-","","","","","","","","","","","",
"전기사업법","검사지휘","범죄의 검거 단서[건]","건","-","-","-","-","-","-","-","-","","","","","","","","","","","",
"전기사업법","타기관에서 이송","범죄의 검거 단서[건]","건","-","-","-","-","-","-","-","-","","","","","","","","","","","",
"전기사업법","범행도구등 발견","범죄의 검거 단서[건]","건","-","-","-","-","-","-","-","-","","","","","","","","","","","",
"전기사업법","장물","범죄의 검거 단서[건]","건","-","-","-","-","-","-","-","-","","","","","","","","","","","",
"전기사업법","전과조회","범죄의 검거 단서[건]","건","-","-","-","-","-","-","-","-","","","","","","","","","","","",
"전기사업법","기타","범죄의 검거 단서[건]","건","1","4","-","1","4","1","2","1","","","","","","","","","","","",
"전기통신기본법","계","범죄의 검거 단서[건]","건","10","6","21","37","97","6","8","2","","","","","","","","","","","",
"전기통신기본법","현행범","범죄의 검거 단서[건]","건","2","3","3","10","2","-","1","-","","","","","","","","","","","",
"전기통신기본법","피해자신고","범죄의 검거 단서[건]","건","1","-","-","1","1","-","1","-","","","","","","","","","","","",
"전기통신기본법","고소","범죄의 검거 단서[건]","건","-","1","2","-","-","2","4","-","","","","","","","","","","","",
"전기통신기본법","고발","범죄의 검거 단서[건]","건","1","-","-","4","9","-","-","-","","","","","","","","","","","",
"전기통신기본법","자수","범죄의 검거 단서[건]","건","-","-","-","1","-","-","-","-","","","","","","","","","","","",
"전기통신기본법","민간체포","범죄의 검거 단서[건]","건","-","-","-","-","-","-","-","-","","","","","","","","","","","",
"전기통신기본법","진정투서","범죄의 검거 단서[건]","건","1","-","-","2","2","1","1","2","","","","","","","","","","","",
"전기통신기본법","타인신고","범죄의 검거 단서[건]","건","3","-","-","3","8","-","-","-","","","","","","","","","","","",
"전기통신기본법","신문","범죄의 검거 단서[건]","건","-","-","-","-","1","-","-","-","","","","","","","","","","","",
"전기통신기본법","불심검문","범죄의 검거 단서[건]","건","-","-","-","-","-","-","-","-","","","","","","","","","","","",
"전기통신기본법","탐문정보","범죄의 검거 단서[건]","건","1","-","12","6","47","2","1","-","","","","","","","","","","","",
"전기통신기본법","안면식별","범죄의 검거 단서[건]","건","-","-","-","-","-","-","-","-","","","","","","","","","","","",
"전기통신기본법","감식자료","범죄의 검거 단서[건]","건","-","-","-","-","-","-","-","-","","","","","","","","","","","",
"전기통신기본법","변사체","범죄의 검거 단서[건]","건","-","-","-","-","-","-","-","-","","","","","","","","","","","",
"전기통신기본법","범죄수법","범죄의 검거 단서[건]","건","-","-","-","-","-","-","-","-","","","","","","","","","","","",
"전기통신기본법","발자국","범죄의 검거 단서[건]","건","-","-","-","-","-","-","-","-","","","","","","","","","","","",
"전기통신기본법","검사지휘","범죄의 검거 단서[건]","건","1","-","-","-","1","-","-","-","","","","","","","","","","","",
"전기통신기본법","타기관에서 이송","범죄의 검거 단서[건]","건","-","-","-","-","-","-","-","-","","","","","","","","","","","",
"전기통신기본법","범행도구등 발견","범죄의 검거 단서[건]","건","-","-","-","-","-","-","-","-","","","","","","","","","","","",
"전기통신기본법","장물","범죄의 검거 단서[건]","건","-","-","-","-","-","-","-","-","","","","","","","","","","","",
"전기통신기본법","전과조회","범죄의 검거 단서[건]","건","-","-","-","-","-","-","-","-","","","","","","","","","","","",
"전기통신기본법","기타","범죄의 검거 단서[건]","건","-","2","4","10","26","1","-","-","","","","","","","","","","","",
"전기통신사업법","계","범죄의 검거 단서[건]","건","43","151","35","38","42","65","75","49","","","","","","","","","","","",
"전기통신사업법","현행범","범죄의 검거 단서[건]","건","2","1","2","4","3","2","-","-","","","","","","","","","","","",
"전기통신사업법","피해자신고","범죄의 검거 단서[건]","건","4","3","-","3","6","1","3","4","","","","","","","","","","","",
"전기통신사업법","고소","범죄의 검거 단서[건]","건","14","6","7","7","6","15","11","6","","","","","","","","","","","",
"전기통신사업법","고발","범죄의 검거 단서[건]","건","6","3","2","3","-","-","24","8","","","","","","","","","","","",
"전기통신사업법","자수","범죄의 검거 단서[건]","건","-","-","-","-","-","-","-","-","","","","","","","","","","","",
"전기통신사업법","민간체포","범죄의 검거 단서[건]","건","-","-","-","-","-","-","-","-","","","","","","","","","","","",
"전기통신사업법","진정투서","범죄의 검거 단서[건]","건","1","2","5","2","6","17","9","5","","","","","","","","","","","",
"전기통신사업법","타인신고","범죄의 검거 단서[건]","건","3","3","3","4","3","3","1","2","","","","","","","","","","","",
"전기통신사업법","신문","범죄의 검거 단서[건]","건","-","-","-","-","-","-","-","-","","","","","","","","","","","",
"전기통신사업법","불심검문","범죄의 검거 단서[건]","건","2","-","1","-","1","-","-","-","","","","","","","","","","","",
"전기통신사업법","탐문정보","범죄의 검거 단서[건]","건","5","127","11","11","12","11","8","10","","","","","","","","","","","",
"전기통신사업법","안면식별","범죄의 검거 단서[건]","건","-","-","-","-","-","-","-","-","","","","","","","","","","","",
"전기통신사업법","감식자료","범죄의 검거 단서[건]","건","-","-","-","-","-","-","-","-","","","","","","","","","","","",
"전기통신사업법","변사체","범죄의 검거 단서[건]","건","-","-","-","-","-","-","-","-","","","","","","","","","","","",
"전기통신사업법","범죄수법","범죄의 검거 단서[건]","건","-","-","-","-","-","-","-","-","","","","","","","","","","","",
"전기통신사업법","발자국","범죄의 검거 단서[건]","건","-","-","-","-","-","-","-","-","","","","","","","","","","","",
"전기통신사업법","검사지휘","범죄의 검거 단서[건]","건","-","-","-","-","-","-","1","-","","","","","","","","","","","",
"전기통신사업법","타기관에서 이송","범죄의 검거 단서[건]","건","-","-","-","-","-","-","-","-","","","","","","","","","","","",
"전기통신사업법","범행도구등 발견","범죄의 검거 단서[건]","건","-","-","-","-","-","-","-","-","","","","","","","","","","","",
"전기통신사업법","장물","범죄의 검거 단서[건]","건","-","-","-","-","-","-","-","-","","","","","","","","","","","",
"전기통신사업법","전과조회","범죄의 검거 단서[건]","건","-","-","-","-","-","-","-","-","","","","","","","","","","","",
"전기통신사업법","기타","범죄의 검거 단서[건]","건","6","6","4","4","5","16","18","14","","","","","","","","","","","",
"전염병예방법","계","범죄의 검거 단서[건]","건","58","44","64","56","124","40","1","2","","","","","","","","","","","",
"전염병예방법","현행범","범죄의 검거 단서[건]","건","6","3","6","3","16","9","-","-","","","","","","","","","","","",
"전염병예방법","피해자신고","범죄의 검거 단서[건]","건","2","3","1","1","3","-","-","-","","","","","","","","","","","",
"전염병예방법","고소","범죄의 검거 단서[건]","건","1","-","-","1","-","1","-","-","","","","","","","","","","","",
"전염병예방법","고발","범죄의 검거 단서[건]","건","7","7","10","3","6","1","-","-","","","","","","","","","","","",
"전염병예방법","자수","범죄의 검거 단서[건]","건","-","-","-","1","1","-","-","-","","","","","","","","","","","",
"전염병예방법","민간체포","범죄의 검거 단서[건]","건","-","-","-","-","-","-","-","-","","","","","","","","","","","",
"전염병예방법","진정투서","범죄의 검거 단서[건]","건","1","-","-","1","-","-","-","-","","","","","","","","","","","",
"전염병예방법","타인신고","범죄의 검거 단서[건]","건","10","18","25","14","33","17","-","2","","","","","","","","","","","",
"전염병예방법","신문","범죄의 검거 단서[건]","건","-","-","-","-","-","-","-","-","","","","","","","","","","","",
"전염병예방법","불심검문","범죄의 검거 단서[건]","건","6","2","9","6","11","1","-","-","","","","","","","","","","","",
"전염병예방법","탐문정보","범죄의 검거 단서[건]","건","5","2","1","5","6","1","-","-","","","","","","","","","","","",
"전염병예방법","안면식별","범죄의 검거 단서[건]","건","-","-","-","-","-","-","-","-","","","","","","","","","","","",
"전염병예방법","감식자료","범죄의 검거 단서[건]","건","-","-","-","-","-","-","-","-","","","","","","","","","","","",
"전염병예방법","변사체","범죄의 검거 단서[건]","건","-","-","-","-","-","-","-","-","","","","","","","","","","","",
"전염병예방법","범죄수법","범죄의 검거 단서[건]","건","-","-","-","-","-","-","-","-","","","","","","","","","","","",
"전염병예방법","발자국","범죄의 검거 단서[건]","건","-","-","-","-","-","-","-","-","","","","","","","","","","","",
"전염병예방법","검사지휘","범죄의 검거 단서[건]","건","-","-","1","-","1","-","-","-","","","","","","","","","","","",
"전염병예방법","타기관에서 이송","범죄의 검거 단서[건]","건","-","-","-","-","-","-","-","-","","","","","","","","","","","",
"전염병예방법","범행도구등 발견","범죄의 검거 단서[건]","건","-","-","-","-","-","-","-","-","","","","","","","","","","","",
"전염병예방법","장물","범죄의 검거 단서[건]","건","-","-","-","-","-","-","-","-","","","","","","","","","","","",
"전염병예방법","전과조회","범죄의 검거 단서[건]","건","-","-","-","-","-","-","-","-","","","","","","","","","","","",
"전염병예방법","기타","범죄의 검거 단서[건]","건","20","9","11","21","47","10","1","-","","","","","","","","","","","",
"전자금융거래법","계","범죄의 검거 단서[건]","건","","","","","","","","","6951","9072","6083","5962","8138","8644","6618","6791","9435","11336","12255",
"전자금융거래법","현행범","범죄의 검거 단서[건]","건","","","","","","","","","64","217","127","181","228","377","225","69","71","43","37",
"전자금융거래법","피해자신고","범죄의 검거 단서[건]","건","","","","","","","","","1507","1645","968","1128","2000","2208","1138","1329","1300","2216","2645",
"전자금융거래법","고소","범죄의 검거 단서[건]","건","","","","","","","","","224","198","135","114","136","184","258","252","291","449","761",
"전자금융거래법","고발","범죄의 검거 단서[건]","건","","","","","","","","","9","10","16","22","18","33","40","22","36","53","80",
"전자금융거래법","자수","범죄의 검거 단서[건]","건","","","","","","","","","33","25","54","35","66","70","48","59","92","74","105",
"전자금융거래법","민간체포","범죄의 검거 단서[건]","건","","","","","","","","","-","-","-","","1","1","-","-","0","-","1",
"전자금융거래법","진정투서","범죄의 검거 단서[건]","건","","","","","","","","","3446","4286","2955","2340","3508","3490","3129","2878","5133","5259","4585",
"전자금융거래법","타인신고","범죄의 검거 단서[건]","건","","","","","","","","","51","104","90","121","136","133","105","132","155","147","163",
"전자금융거래법","신문","범죄의 검거 단서[건]","건","","","","","","","","","9","16","6","10","11","19","9","50","89","102","157",
"전자금융거래법","불심검문","범죄의 검거 단서[건]","건","","","","","","","","","34","64","26","28","37","13","6","8","5","15","18",
"전자금융거래법","탐문정보","범죄의 검거 단서[건]","건","","","","","","","","","500","825","475","439","567","528","414","436","432","322","495",
"전자금융거래법","안면식별","범죄의 검거 단서[건]","건","","","","","","","","","-","-","-","","-","-","-","-","0","-","-",
"전자금융거래법","감식자료","범죄의 검거 단서[건]","건","","","","","","","","","-","1","-","","-","-","-","-","1","-","-",
"전자금융거래법","변사체","범죄의 검거 단서[건]","건","","","","","","","","","-","-","-","","-","-","-","-","0","-","1",
"전자금융거래법","범죄수법","범죄의 검거 단서[건]","건","","","","","","","","","-","1","-","12","2","8","1","3","14","3","6",
"전자금융거래법","발자국","범죄의 검거 단서[건]","건","","","","","","","","","-","-","-","","-","-","-","-","0","-","-",
"전자금융거래법","검사지휘","범죄의 검거 단서[건]","건","","","","","","","","","66","61","43","41","54","50","54","7","10","1","3",
"전자금융거래법","타기관에서 이송","범죄의 검거 단서[건]","건","","","","","","","","","19","27","16","12","26","16","27","59","67","81","74",
"전자금융거래법","범행도구등 발견","범죄의 검거 단서[건]","건","","","","","","","","","1","2","4","3","-","1","2","6","14","11","10",
"전자금융거래법","장물","범죄의 검거 단서[건]","건","","","","","","","","","-","1","-","1","1","1","-","-","0","1","1",
"전자금융거래법","전과조회","범죄의 검거 단서[건]","건","","","","","","","","","1","1","2","1","1","2","1","1","1","2","2",
"전자금융거래법","기타","범죄의 검거 단서[건]","건","","","","","","","","","854","1588","1166","1474","1346","1510","1161","1480","1724","2557","3111",
"전자금융거래법","미상","범죄의 검거 단서[건]","건","","","","","","","","","133","","","","","","","","","","",
"전투경찰대설치법","계","범죄의 검거 단서[건]","건","50","54","48","22","12","17","8","1","","","","","","","","","","","",
"전투경찰대설치법","현행범","범죄의 검거 단서[건]","건","-","1","-","-","-","-","-","-","","","","","","","","","","","",
"전투경찰대설치법","피해자신고","범죄의 검거 단서[건]","건","-","-","-","-","-","1","-","-","","","","","","","","","","","",
"전투경찰대설치법","고소","범죄의 검거 단서[건]","건","-","2","-","1","1","-","-","-","","","","","","","","","","","",
"전투경찰대설치법","고발","범죄의 검거 단서[건]","건","43","45","43","19","8","15","6","1","","","","","","","","","","","",
"전투경찰대설치법","자수","범죄의 검거 단서[건]","건","1","2","5","2","-","1","2","-","","","","","","","","","","","",
"전투경찰대설치법","민간체포","범죄의 검거 단서[건]","건","-","-","-","-","-","-","-","-","","","","","","","","","","","",
"전투경찰대설치법","진정투서","범죄의 검거 단서[건]","건","-","-","-","-","-","-","-","-","","","","","","","","","","","",
"전투경찰대설치법","타인신고","범죄의 검거 단서[건]","건","-","-","-","-","-","-","-","-","","","","","","","","","","","",
"전투경찰대설치법","신문","범죄의 검거 단서[건]","건","-","-","-","-","-","-","-","-","","","","","","","","","","","",
"전투경찰대설치법","불심검문","범죄의 검거 단서[건]","건","1","1","-","-","1","-","-","-","","","","","","","","","","","",
"전투경찰대설치법","탐문정보","범죄의 검거 단서[건]","건","1","-","-","-","-","-","-","-","","","","","","","","","","","",
"전투경찰대설치법","안면식별","범죄의 검거 단서[건]","건","-","-","-","-","-","-","-","-","","","","","","","","","","","",
"전투경찰대설치법","감식자료","범죄의 검거 단서[건]","건","-","-","-","-","-","-","-","-","","","","","","","","","","","",
"전투경찰대설치법","변사체","범죄의 검거 단서[건]","건","-","-","-","-","-","-","-","-","","","","","","","","","","","",
"전투경찰대설치법","범죄수법","범죄의 검거 단서[건]","건","-","-","-","-","-","-","-","-","","","","","","","","","","","",
"전투경찰대설치법","발자국","범죄의 검거 단서[건]","건","-","-","-","-","-","-","-","-","","","","","","","","","","","",
"전투경찰대설치법","검사지휘","범죄의 검거 단서[건]","건","1","-","-","-","-","-","-","-","","","","","","","","","","","",
"전투경찰대설치법","타기관에서 이송","범죄의 검거 단서[건]","건","-","-","-","-","-","-","-","-","","","","","","","","","","","",
"전투경찰대설치법","범행도구등 발견","범죄의 검거 단서[건]","건","-","-","-","-","-","-","-","-","","","","","","","","","","","",
"전투경찰대설치법","장물","범죄의 검거 단서[건]","건","-","-","-","-","-","-","-","-","","","","","","","","","","","",
"전투경찰대설치법","전과조회","범죄의 검거 단서[건]","건","-","-","-","-","-","-","-","-","","","","","","","","","","","",
"전투경찰대설치법","기타","범죄의 검거 단서[건]","건","3","3","-","-","2","-","-","-","","","","","","","","","","","",
"전파법","계","범죄의 검거 단서[건]","건","760","587","556","659","584","515","451","441","481","601","510","569","641","1907","409","1376","433","890","218",
"전파법","현행범","범죄의 검거 단서[건]","건","420","322","235","262","162","116","125","114","65","37","52","63","70","26","18","14","25","18","5",
"전파법","피해자신고","범죄의 검거 단서[건]","건","3","2","1","-","-","1","3","1","-","1","3","2","2","1","-","-","0","-","1",
"전파법","고소","범죄의 검거 단서[건]","건","-","-","4","2","1","1","2","-","1","2","1","","3","2","1","3","0","3","-",
"전파법","고발","범죄의 검거 단서[건]","건","3","1","2","2","1","2","6","-","2","2","6","2","3","3","-","2","7","5","1",
"전파법","자수","범죄의 검거 단서[건]","건","1","-","1","2","-","-","-","-","-","-","-","","-","-","-","-","0","-","-",
"전파법","민간체포","범죄의 검거 단서[건]","건","-","-","-","-","-","-","-","-","-","-","-","","-","-","-","1","0","-","-",
"전파법","진정투서","범죄의 검거 단서[건]","건","9","7","10","5","-","1","-","-","1","-","1","3","6","9","4","3","1","1","3",
"전파법","타인신고","범죄의 검거 단서[건]","건","14","2","27","47","114","46","45","109","144","194","147","71","100","58","31","21","51","78","31",
"전파법","신문","범죄의 검거 단서[건]","건","1","1","-","1","1","5","2","-","-","-","-","","-","4","-","-","0","2","-",
"전파법","불심검문","범죄의 검거 단서[건]","건","-","1","1","40","18","2","8","5","-","2","8","8","9","26","41","81","12","3","4",
"전파법","탐문정보","범죄의 검거 단서[건]","건","30","55","45","52","50","7","27","21","46","23","23","122","118","153","17","971","14","70","7",
"전파법","안면식별","범죄의 검거 단서[건]","건","-","-","-","1","-","-","-","-","-","-","-","","-","-","-","-","0","-","-",
"전파법","감식자료","범죄의 검거 단서[건]","건","-","-","-","-","-","-","-","-","-","-","-","","-","-","-","-","0","-","-",
"전파법","변사체","범죄의 검거 단서[건]","건","-","-","-","-","-","-","-","-","-","-","-","","-","-","-","-","0","-","-",
"전파법","범죄수법","범죄의 검거 단서[건]","건","-","-","-","-","-","-","-","-","-","-","-","","2","-","-","-","0","-","-",
"전파법","발자국","범죄의 검거 단서[건]","건","-","-","-","-","-","-","-","-","-","-","-","","-","-","-","-","0","-","-",
"전파법","검사지휘","범죄의 검거 단서[건]","건","-","-","-","-","-","-","-","-","-","-","-","","1","-","-","-","0","-","-",
"전파법","타기관에서 이송","범죄의 검거 단서[건]","건","-","1","1","2","1","2","-","-","-","1","-","1","1","-","1","-","0","3","-",
"전파법","범행도구등 발견","범죄의 검거 단서[건]","건","-","-","-","-","-","-","1","3","-","-","-","","-","-","1","-","2","-","-",
"전파법","장물","범죄의 검거 단서[건]","건","-","1","-","-","-","-","-","-","-","-","-","","-","-","-","-","0","-","-",
"전파법","전과조회","범죄의 검거 단서[건]","건","-","-","-","1","-","-","-","-","-","-","-","","-","-","-","-","0","-","-",
"전파법","기타","범죄의 검거 단서[건]","건","279","194","229","242","236","332","232","188","12","339","269","297","326","1625","295","280","321","707","166",
"전파법","미상","범죄의 검거 단서[건]","건","","","","","","","","","210","","","","","","","","","","",
"정보통신망이용촉진및정보보호등에관한법률","계","범죄의 검거 단서[건]","건","6747","10186","11989","11246","15381","14366","12002","11552","9081","8787","9838","9270","9816","9815","10438","11572","10954","12269","12942",
"정보통신망이용촉진및정보보호등에관한법률","현행범","범죄의 검거 단서[건]","건","51","64","55","58","95","102","109","54","21","14","9","16","7","17","9","11","15","20","11",
"정보통신망이용촉진및정보보호등에관한법률","피해자신고","범죄의 검거 단서[건]","건","454","389","572","380","309","210","184","181","235","251","272","289","404","486","565","687","677","772","726",
"정보통신망이용촉진및정보보호등에관한법률","고소","범죄의 검거 단서[건]","건","2017","2191","2543","2910","3451","3578","4447","4058","3716","4131","4817","5130","5767","6445","7162","8167","8218","9396","10286",
"정보통신망이용촉진및정보보호등에관한법률","고발","범죄의 검거 단서[건]","건","36","45","32","27","50","46","50","48","45","50","96","101","96","104","155","183","165","168","216",
"정보통신망이용촉진및정보보호등에관한법률","자수","범죄의 검거 단서[건]","건","25","23","17","18","19","7","8","17","16","15","-","5","2","6","191","8","6","9","11",
"정보통신망이용촉진및정보보호등에관한법률","민간체포","범죄의 검거 단서[건]","건","-","-","2","-","-","-","-","-","-","-","1","","-","-","-","-","0","1","-",
"정보통신망이용촉진및정보보호등에관한법률","진정투서","범죄의 검거 단서[건]","건","1415","1818","2101","2254","2050","1868","1493","1068","1204","1148","1195","1015","952","866","749","1079","677","666","695",
"정보통신망이용촉진및정보보호등에관한법률","타인신고","범죄의 검거 단서[건]","건","58","41","79","46","91","105","65","36","29","29","79","45","27","53","50","46","49","39","30",
"정보통신망이용촉진및정보보호등에관한법률","신문","범죄의 검거 단서[건]","건","30","14","9","13","8","6","1","-","-","6","-","2","1","10","7","18","12","130","39",
"정보통신망이용촉진및정보보호등에관한법률","불심검문","범죄의 검거 단서[건]","건","55","50","77","79","56","60","40","17","11","14","5","4","-","-","-","-","0","-","1",
"정보통신망이용촉진및정보보호등에관한법률","탐문정보","범죄의 검거 단서[건]","건","2069","4987","5545","4744","7837","7022","4184","5009","2964","2257","2338","1616","1299","676","461","240","190","205","111",
"정보통신망이용촉진및정보보호등에관한법률","안면식별","범죄의 검거 단서[건]","건","-","-","-","1","-","-","-","-","-","-","-","","-","-","-","-","0","-","-",
"정보통신망이용촉진및정보보호등에관한법률","감식자료","범죄의 검거 단서[건]","건","-","-","-","1","-","1","-","-","-","-","-","","-","-","-","-","0","-","-",
"정보통신망이용촉진및정보보호등에관한법률","변사체","범죄의 검거 단서[건]","건","1","-","-","-","-","-","-","-","-","-","-","","-","-","-","-","0","1","-",
"정보통신망이용촉진및정보보호등에관한법률","범죄수법","범죄의 검거 단서[건]","건","-","-","3","-","-","1","2","-","1","1","-","6","7","-","1","2","1","2","1",
"정보통신망이용촉진및정보보호등에관한법률","발자국","범죄의 검거 단서[건]","건","-","-","-","-","-","-","-","-","-","-","-","","-","-","-","-","0","-","-",
"정보통신망이용촉진및정보보호등에관한법률","검사지휘","범죄의 검거 단서[건]","건","8","11","16","39","78","36","36","36","33","27","40","42","69","106","111","19","0","-","-",
"정보통신망이용촉진및정보보호등에관한법률","타기관에서 이송","범죄의 검거 단서[건]","건","7","5","11","2","5","8","3","16","7","5","10","10","17","11","7","15","16","18","10",
"정보통신망이용촉진및정보보호등에관한법률","범행도구등 발견","범죄의 검거 단서[건]","건","1","1","1","-","-","-","-","3","1","-","-","2","-","-","1","-","0","1","-",
"정보통신망이용촉진및정보보호등에관한법률","장물","범죄의 검거 단서[건]","건","-","-","2","1","-","-","-","-","-","-","-","","-","-","-","-","0","-","-",
"정보통신망이용촉진및정보보호등에관한법률","전과조회","범죄의 검거 단서[건]","건","2","4","5","3","3","-","2","-","2","1","-","","1","-","-","-","1","-","1",
"정보통신망이용촉진및정보보호등에관한법률","기타","범죄의 검거 단서[건]","건","518","543","919","670","1329","1316","1378","1009","566","838","976","987","1167","1035","969","1097","927","841","804",
"정보통신망이용촉진및정보보호등에관한법률","미상","범죄의 검거 단서[건]","건","","","","","","","","","230","","","","","","","","","","",
"정치자금법","계","범죄의 검거 단서[건]","건","123","20","42","13","357","1077","687","30","","","","","","","","","","","",
"정치자금법","현행범","범죄의 검거 단서[건]","건","2","-","-","-","-","69","1","-","","","","","","","","","","","",
"정치자금법","피해자신고","범죄의 검거 단서[건]","건","2","-","-","-","-","1","-","-","","","","","","","","","","","",
"정치자금법","고소","범죄의 검거 단서[건]","건","1","1","5","1","-","3","1","-","","","","","","","","","","","",
"정치자금법","고발","범죄의 검거 단서[건]","건","58","1","13","6","37","10","31","9","","","","","","","","","","","",
"정치자금법","자수","범죄의 검거 단서[건]","건","-","-","-","-","-","-","-","-","","","","","","","","","","","",
"정치자금법","민간체포","범죄의 검거 단서[건]","건","-","-","-","-","-","-","-","-","","","","","","","","","","","",
"정치자금법","진정투서","범죄의 검거 단서[건]","건","5","4","3","-","2","1","-","-","","","","","","","","","","","",
"정치자금법","타인신고","범죄의 검거 단서[건]","건","3","-","-","-","-","-","-","-","","","","","","","","","","","",
"정치자금법","신문","범죄의 검거 단서[건]","건","1","1","-","-","1","-","1","-","","","","","","","","","","","",
"정치자금법","불심검문","범죄의 검거 단서[건]","건","-","-","-","-","-","-","-","-","","","","","","","","","","","",
"정치자금법","탐문정보","범죄의 검거 단서[건]","건","13","2","7","1","298","10","9","2","","","","","","","","","","","",
"정치자금법","안면식별","범죄의 검거 단서[건]","건","-","-","-","-","-","-","-","-","","","","","","","","","","","",
"정치자금법","감식자료","범죄의 검거 단서[건]","건","-","-","-","-","-","-","-","-","","","","","","","","","","","",
"정치자금법","변사체","범죄의 검거 단서[건]","건","-","-","-","-","-","-","-","-","","","","","","","","","","","",
"정치자금법","범죄수법","범죄의 검거 단서[건]","건","-","-","-","-","-","1","-","-","","","","","","","","","","","",
"정치자금법","발자국","범죄의 검거 단서[건]","건","-","-","-","-","-","-","-","-","","","","","","","","","","","",
"정치자금법","검사지휘","범죄의 검거 단서[건]","건","-","-","-","-","4","1","2","-","","","","","","","","","","","",
"정치자금법","타기관에서 이송","범죄의 검거 단서[건]","건","1","-","2","-","-","1","-","-","","","","","","","","","","","",
"정치자금법","범행도구등 발견","범죄의 검거 단서[건]","건","-","-","-","-","-","-","-","-","","","","","","","","","","","",
"정치자금법","장물","범죄의 검거 단서[건]","건","-","-","-","-","-","-","-","-","","","","","","","","","","","",
"정치자금법","전과조회","범죄의 검거 단서[건]","건","-","-","-","-","-","-","-","-","","","","","","","","","","","",
"정치자금법","기타","범죄의 검거 단서[건]","건","37","11","12","5","15","980","642","19","","","","","","","","","","","",
"조세범처벌법","계","범죄의 검거 단서[건]","건","6034","4704","3489","3119","3060","2901","3296","3472","3484","3379","2986","2866","2559","2431","2328","1740","2011","2300","2239",
"조세범처벌법","현행범","범죄의 검거 단서[건]","건","5","4","1","4","1","-","-","1","14","2","1","1","2","-","-","1","0","1","-",
"조세범처벌법","피해자신고","범죄의 검거 단서[건]","건","1","2","1","2","1","3","1","2","5","5","3","4","1","2","4","5","6","8","4",
"조세범처벌법","고소","범죄의 검거 단서[건]","건","113","65","41","48","44","36","45","38","45","45","56","34","46","57","50","32","31","32","22",
"조세범처벌법","고발","범죄의 검거 단서[건]","건","5457","4260","3211","2908","2835","2674","3019","3232","3102","2721","2459","2035","1968","1896","1950","1496","1744","1916","1875",
"조세범처벌법","자수","범죄의 검거 단서[건]","건","33","20","11","13","5","4","3","2","-","-","1","","3","2","1","1","5","-","2",
"조세범처벌법","민간체포","범죄의 검거 단서[건]","건","-","-","-","-","-","-","-","-","-","-","-","","-","-","-","-","0","-","-",
"조세범처벌법","진정투서","범죄의 검거 단서[건]","건","5","2","1","2","-","3","1","-","1","3","2","1","-","1","1","2","0","8","2",
"조세범처벌법","타인신고","범죄의 검거 단서[건]","건","5","19","5","3","4","3","5","4","3","5","9","1","4","7","7","8","4","5","11",
"조세범처벌법","신문","범죄의 검거 단서[건]","건","1","4","2","-","1","1","1","1","1","2","1","","-","-","-","-","1","4","3",
"조세범처벌법","불심검문","범죄의 검거 단서[건]","건","82","44","29","29","14","6","6","6","2","2","3","1","1","1","2","1","2","1","-",
"조세범처벌법","탐문정보","범죄의 검거 단서[건]","건","22","24","25","18","6","17","12","11","10","10","4","11","10","9","4","3","3","11","14",
"조세범처벌법","안면식별","범죄의 검거 단서[건]","건","1","-","-","-","-","-","-","-","-","-","-","","-","-","-","-","0","-","-",
"조세범처벌법","감식자료","범죄의 검거 단서[건]","건","-","-","-","-","-","-","-","-","-","-","-","","-","-","-","-","0","-","-",
"조세범처벌법","변사체","범죄의 검거 단서[건]","건","-","-","-","-","-","-","-","-","-","-","-","1","-","-","-","-","0","-","1",
"조세범처벌법","범죄수법","범죄의 검거 단서[건]","건","-","1","-","-","-","-","-","-","2","-","-","","-","-","-","-","0","-","-",
"조세범처벌법","발자국","범죄의 검거 단서[건]","건","-","-","-","-","-","-","-","-","-","-","-","","-","-","-","-","0","-","-",
"조세범처벌법","검사지휘","범죄의 검거 단서[건]","건","33","6","6","4","31","12","28","16","22","27","20","8","26","25","32","13","1","-","-",
"조세범처벌법","타기관에서 이송","범죄의 검거 단서[건]","건","2","1","1","-","4","-","1","1","3","-","-","","-","-","-","6","6","6","5",
"조세범처벌법","범행도구등 발견","범죄의 검거 단서[건]","건","-","-","-","-","-","-","-","-","-","-","-","","-","-","-","-","0","-","-",
"조세범처벌법","장물","범죄의 검거 단서[건]","건","-","-","-","2","-","-","-","-","-","-","-","","-","-","-","-","0","-","-",
"조세범처벌법","전과조회","범죄의 검거 단서[건]","건","-","1","-","-","1","1","1","-","-","1","-","","-","-","-","-","0","-","-",
"조세범처벌법","기타","범죄의 검거 단서[건]","건","274","251","155","86","113","141","173","158","76","556","427","769","498","431","277","172","208","308","300",
"조세범처벌법","미상","범죄의 검거 단서[건]","건","","","","","","","","","198","","","","","","","","","","",
"조수보호및수렵에관한법률","계","범죄의 검거 단서[건]","건","9","6","1","-","-","-","-","-","","","","","","","","","","","",
"조수보호및수렵에관한법률","현행범","범죄의 검거 단서[건]","건","1","1","1","-","-","-","-","-","","","","","","","","","","","",
"조수보호및수렵에관한법률","피해자신고","범죄의 검거 단서[건]","건","-","-","-","-","-","-","-","-","","","","","","","","","","","",
"조수보호및수렵에관한법률","고소","범죄의 검거 단서[건]","건","-","-","-","-","-","-","-","-","","","","","","","","","","","",
"조수보호및수렵에관한법률","고발","범죄의 검거 단서[건]","건","1","5","-","-","-","-","-","-","","","","","","","","","","","",
"조수보호및수렵에관한법률","자수","범죄의 검거 단서[건]","건","1","-","-","-","-","-","-","-","","","","","","","","","","","",
"조수보호및수렵에관한법률","민간체포","범죄의 검거 단서[건]","건","-","-","-","-","-","-","-","-","","","","","","","","","","","",
"조수보호및수렵에관한법률","진정투서","범죄의 검거 단서[건]","건","-","-","-","-","-","-","-","-","","","","","","","","","","","",
"조수보호및수렵에관한법률","타인신고","범죄의 검거 단서[건]","건","3","-","-","-","-","-","-","-","","","","","","","","","","","",
"조수보호및수렵에관한법률","신문","범죄의 검거 단서[건]","건","-","-","-","-","-","-","-","-","","","","","","","","","","","",
"조수보호및수렵에관한법률","불심검문","범죄의 검거 단서[건]","건","-","-","-","-","-","-","-","-","","","","","","","","","","","",
"조수보호및수렵에관한법률","탐문정보","범죄의 검거 단서[건]","건","3","-","-","-","-","-","-","-","","","","","","","","","","","",
"조수보호및수렵에관한법률","안면식별","범죄의 검거 단서[건]","건","-","-","-","-","-","-","-","-","","","","","","","","","","","",
"조수보호및수렵에관한법률","감식자료","범죄의 검거 단서[건]","건","-","-","-","-","-","-","-","-","","","","","","","","","","","",
"조수보호및수렵에관한법률","변사체","범죄의 검거 단서[건]","건","-","-","-","-","-","-","-","-","","","","","","","","","","","",
"조수보호및수렵에관한법률","범죄수법","범죄의 검거 단서[건]","건","-","-","-","-","-","-","-","-","","","","","","","","","","","",
"조수보호및수렵에관한법률","발자국","범죄의 검거 단서[건]","건","-","-","-","-","-","-","-","-","","","","","","","","","","","",
"조수보호및수렵에관한법률","검사지휘","범죄의 검거 단서[건]","건","-","-","-","-","-","-","-","-","","","","","","","","","","","",
"조수보호및수렵에관한법률","타기관에서 이송","범죄의 검거 단서[건]","건","-","-","-","-","-","-","-","-","","","","","","","","","","","",
"조수보호및수렵에관한법률","범행도구등 발견","범죄의 검거 단서[건]","건","-","-","-","-","-","-","-","-","","","","","","","","","","","",
"조수보호및수렵에관한법률","장물","범죄의 검거 단서[건]","건","-","-","-","-","-","-","-","-","","","","","","","","","","","",
"조수보호및수렵에관한법률","전과조회","범죄의 검거 단서[건]","건","-","-","-","-","-","-","-","-","","","","","","","","","","","",
"조수보호및수렵에관한법률","기타","범죄의 검거 단서[건]","건","-","-","-","-","-","-","-","-","","","","","","","","","","","",
"주민등록법","계","범죄의 검거 단서[건]","건","1048","1348","1425","1773","1814","1996","2301","1979","1827","2011","1719","1448","1930","1470","1512","1237","1456","1658","1766",
"주민등록법","현행범","범죄의 검거 단서[건]","건","11","25","48","40","16","14","45","163","113","139","85","61","38","36","34","19","38","48","47",
"주민등록법","피해자신고","범죄의 검거 단서[건]","건","18","43","66","79","57","83","78","118","104","130","89","92","101","113","125","78","115","116","160",
"주민등록법","고소","범죄의 검거 단서[건]","건","103","185","243","378","270","371","421","446","350","297","249","219","279","231","284","181","197","182","230",
"주민등록법","고발","범죄의 검거 단서[건]","건","237","205","216","252","212","295","325","331","268","340","295","231","259","209","258","205","215","213","249",
"주민등록법","자수","범죄의 검거 단서[건]","건","6","3","7","2","6","4","5","1","3","4","-","5","427","4","5","7","7","8","5",
"주민등록법","민간체포","범죄의 검거 단서[건]","건","-","-","1","-","-","1","13","6","6","6","-","","1","-","-","-","1","-","-",
"주민등록법","진정투서","범죄의 검거 단서[건]","건","68","186","313","326","365","402","431","325","288","345","270","179","138","135","114","100","92","124","115",
"주민등록법","타인신고","범죄의 검거 단서[건]","건","13","29","37","111","122","398","331","328","331","355","425","428","480","517","503","378","468","665","719",
"주민등록법","신문","범죄의 검거 단서[건]","건","2","7","145","14","13","5","-","1","1","1","3","2","1","-","2","1","6","2","7",
"주민등록법","불심검문","범죄의 검거 단서[건]","건","15","18","19","43","27","29","16","15","19","19","17","16","12","16","4","4","3","12","14",
"주민등록법","탐문정보","범죄의 검거 단서[건]","건","357","514","204","273","368","160","423","41","53","33","12","19","8","16","14","19","22","11","8",
"주민등록법","안면식별","범죄의 검거 단서[건]","건","-","-","-","-","-","-","-","-","-","-","-","","-","-","1","-","0","-","-",
"주민등록법","감식자료","범죄의 검거 단서[건]","건","-","1","-","-","-","1","-","-","-","-","-","","-","-","-","-","1","-","-",
"주민등록법","변사체","범죄의 검거 단서[건]","건","1","-","-","-","-","-","-","-","-","-","-","","-","-","-","-","0","-","-",
"주민등록법","범죄수법","범죄의 검거 단서[건]","건","-","-","-","1","4","-","-","-","-","-","1","","22","-","-","-","0","-","-",
"주민등록법","발자국","범죄의 검거 단서[건]","건","-","-","-","-","-","-","-","-","-","-","-","","-","-","-","-","0","-","-",
"주민등록법","검사지휘","범죄의 검거 단서[건]","건","4","3","3","4","8","3","2","3","6","6","5","3","2","2","4","3","4","2","5",
"주민등록법","타기관에서 이송","범죄의 검거 단서[건]","건","3","-","1","2","3","2","1","5","2","9","3","1","6","8","3","6","3","11","8",
"주민등록법","범행도구등 발견","범죄의 검거 단서[건]","건","-","-","-","-","-","-","-","-","-","-","-","","-","-","-","1","0","-","-",
"주민등록법","장물","범죄의 검거 단서[건]","건","-","-","-","-","5","-","-","-","-","-","-","","-","-","-","-","0","-","-",
"주민등록법","전과조회","범죄의 검거 단서[건]","건","-","1","-","-","-","-","-","-","-","-","2","","-","-","-","-","0","-","-",
"주민등록법","기타","범죄의 검거 단서[건]","건","210","128","122","248","338","228","210","196","240","327","263","192","156","183","161","235","284","264","199",
"주민등록법","미상","범죄의 검거 단서[건]","건","","","","","","","","","43","","","","","","","","","","",
"주차장법","계","범죄의 검거 단서[건]","건","719","595","574","264","251","220","225","244","210","331","277","328","235","153","101","72","61","79","71",
"주차장법","현행범","범죄의 검거 단서[건]","건","-","-","1","-","-","-","1","-","-","1","1","","-","-","-","-","0","-","-",
"주차장법","피해자신고","범죄의 검거 단서[건]","건","1","-","-","-","-","-","-","-","-","-","-","","-","1","-","-","0","1","-",
"주차장법","고소","범죄의 검거 단서[건]","건","14","4","3","5","4","4","2","7","7","1","5","8","8","5","3","4","3","6","7",
"주차장법","고발","범죄의 검거 단서[건]","건","674","485","470","239","216","174","189","230","182","288","227","179","192","104","94","61","50","66","56",
"주차장법","자수","범죄의 검거 단서[건]","건","4","5","7","1","2","-","-","1","-","-","-","","1","-","-","-","0","-","-",
"주차장법","민간체포","범죄의 검거 단서[건]","건","-","-","-","-","-","-","-","-","-","-","-","","-","-","-","-","0","-","-",
"주차장법","진정투서","범죄의 검거 단서[건]","건","1","-","1","-","-","-","1","-","1","-","1","","-","-","1","1","2","-","1",
"주차장법","타인신고","범죄의 검거 단서[건]","건","5","1","-","-","-","-","1","1","2","3","1","2","-","3","1","1","0","4","3",
"주차장법","신문","범죄의 검거 단서[건]","건","-","1","1","-","-","-","-","-","-","1","-","","-","-","-","-","0","-","-",
"주차장법","불심검문","범죄의 검거 단서[건]","건","1","-","1","1","1","-","-","-","-","-","-","","-","-","-","-","0","-","-",
"주차장법","탐문정보","범죄의 검거 단서[건]","건","5","11","26","5","6","14","11","-","14","18","6","52","5","6","1","-","0","-","-",
"주차장법","안면식별","범죄의 검거 단서[건]","건","-","-","-","-","-","-","-","-","-","-","-","","-","-","-","-","0","-","-",
"주차장법","감식자료","범죄의 검거 단서[건]","건","-","-","-","-","-","-","-","-","-","-","-","","-","-","-","-","0","-","-",
"주차장법","변사체","범죄의 검거 단서[건]","건","-","-","-","-","-","-","-","-","-","-","-","","-","-","-","-","0","-","-",
"주차장법","범죄수법","범죄의 검거 단서[건]","건","-","-","-","-","-","-","-","-","-","-","-","","-","-","-","-","0","-","-",
"주차장법","발자국","범죄의 검거 단서[건]","건","-","-","-","-","-","-","-","-","-","-","-","","-","-","-","-","0","-","-",
"주차장법","검사지휘","범죄의 검거 단서[건]","건","-","-","2","-","-","-","-","-","-","-","-","1","-","-","-","-","0","-","-",
"주차장법","타기관에서 이송","범죄의 검거 단서[건]","건","-","-","-","-","-","-","-","-","-","-","-","","1","-","-","1","2","-","-",
"주차장법","범행도구등 발견","범죄의 검거 단서[건]","건","-","-","-","-","-","-","-","-","-","-","-","","-","-","-","-","0","-","-",
"주차장법","장물","범죄의 검거 단서[건]","건","-","-","-","-","-","-","-","-","-","-","-","","-","-","-","-","0","-","-",
"주차장법","전과조회","범죄의 검거 단서[건]","건","-","-","-","-","-","-","-","-","-","-","-","","-","-","-","-","0","-","-",
"주차장법","기타","범죄의 검거 단서[건]","건","14","88","62","13","22","28","20","5","3","19","36","86","28","34","1","4","4","2","4",
"주차장법","미상","범죄의 검거 단서[건]","건","","","","","","","","","1","","","","","","","","","","",
"주택건설촉진법","계","범죄의 검거 단서[건]","건","55","6","4","-","-","1","-","3","","","","","","","","","","","",
"주택건설촉진법","현행범","범죄의 검거 단서[건]","건","-","-","-","-","-","-","-","-","","","","","","","","","","","",
"주택건설촉진법","피해자신고","범죄의 검거 단서[건]","건","-","-","-","-","-","-","-","-","","","","","","","","","","","",
"주택건설촉진법","고소","범죄의 검거 단서[건]","건","1","2","-","-","-","-","-","-","","","","","","","","","","","",
"주택건설촉진법","고발","범죄의 검거 단서[건]","건","2","1","2","-","-","1","-","-","","","","","","","","","","","",
"주택건설촉진법","자수","범죄의 검거 단서[건]","건","-","-","-","-","-","-","-","-","","","","","","","","","","","",
"주택건설촉진법","민간체포","범죄의 검거 단서[건]","건","-","-","-","-","-","-","-","-","","","","","","","","","","","",
"주택건설촉진법","진정투서","범죄의 검거 단서[건]","건","-","-","-","-","-","-","-","-","","","","","","","","","","","",
"주택건설촉진법","타인신고","범죄의 검거 단서[건]","건","-","-","-","-","-","-","-","-","","","","","","","","","","","",
"주택건설촉진법","신문","범죄의 검거 단서[건]","건","-","-","-","-","-","-","-","-","","","","","","","","","","","",
"주택건설촉진법","불심검문","범죄의 검거 단서[건]","건","-","-","-","-","-","-","-","-","","","","","","","","","","","",
"주택건설촉진법","탐문정보","범죄의 검거 단서[건]","건","4","-","-","-","-","-","-","-","","","","","","","","","","","",
"주택건설촉진법","안면식별","범죄의 검거 단서[건]","건","-","-","-","-","-","-","-","-","","","","","","","","","","","",
"주택건설촉진법","감식자료","범죄의 검거 단서[건]","건","-","-","-","-","-","-","-","-","","","","","","","","","","","",
"주택건설촉진법","변사체","범죄의 검거 단서[건]","건","-","-","-","-","-","-","-","-","","","","","","","","","","","",
"주택건설촉진법","범죄수법","범죄의 검거 단서[건]","건","-","-","-","-","-","-","-","-","","","","","","","","","","","",
"주택건설촉진법","발자국","범죄의 검거 단서[건]","건","-","-","-","-","-","-","-","-","","","","","","","","","","","",
"주택건설촉진법","검사지휘","범죄의 검거 단서[건]","건","-","-","-","-","-","-","-","-","","","","","","","","","","","",
"주택건설촉진법","타기관에서 이송","범죄의 검거 단서[건]","건","-","-","-","-","-","-","-","-","","","","","","","","","","","",
"주택건설촉진법","범행도구등 발견","범죄의 검거 단서[건]","건","-","-","-","-","-","-","-","-","","","","","","","","","","","",
"주택건설촉진법","장물","범죄의 검거 단서[건]","건","-","-","-","-","-","-","-","-","","","","","","","","","","","",
"주택건설촉진법","전과조회","범죄의 검거 단서[건]","건","-","-","-","-","-","-","-","-","","","","","","","","","","","",
"주택건설촉진법","기타","범죄의 검거 단서[건]","건","48","3","2","-","-","-","-","3","","","","","","","","","","","",
"주택법","계","범죄의 검거 단서[건]","건","","","","","","","","","300","452","544","490","561","623","571","717","445","440","469",
"주택법","현행범","범죄의 검거 단서[건]","건","","","","","","","","","-","-","-","","-","-","-","-","0","-","5",
"주택법","피해자신고","범죄의 검거 단서[건]","건","","","","","","","","","-","-","3","","-","2","3","2","2","-","5",
"주택법","고소","범죄의 검거 단서[건]","건","","","","","","","","","20","34","19","30","43","106","88","59","30","98","88",
"주택법","고발","범죄의 검거 단서[건]","건","","","","","","","","","258","335","285","183","195","168","108","155","127","151","166",
"주택법","자수","범죄의 검거 단서[건]","건","","","","","","","","","-","-","-","","1","1","-","-","2","4","-",
"주택법","민간체포","범죄의 검거 단서[건]","건","","","","","","","","","-","-","-","","-","-","-","-","0","-","-",
"주택법","진정투서","범죄의 검거 단서[건]","건","","","","","","","","","2","18","22","52","19","24","27","58","88","94","131",
"주택법","타인신고","범죄의 검거 단서[건]","건","","","","","","","","","2","2","4","2","1","-","4","4","14","9","6",
"주택법","신문","범죄의 검거 단서[건]","건","","","","","","","","","-","1","-","","1","3","-","-","1","-","2",
"주택법","불심검문","범죄의 검거 단서[건]","건","","","","","","","","","-","-","-","","-","-","-","1","0","-","-",
"주택법","탐문정보","범죄의 검거 단서[건]","건","","","","","","","","","5","39","66","70","126","101","175","173","55","11","3",
"주택법","안면식별","범죄의 검거 단서[건]","건","","","","","","","","","-","-","-","","-","-","-","-","0","-","-",
"주택법","감식자료","범죄의 검거 단서[건]","건","","","","","","","","","-","-","-","","-","-","-","-","0","-","-",
"주택법","변사체","범죄의 검거 단서[건]","건","","","","","","","","","-","-","-","","-","-","-","-","0","-","-",
"주택법","범죄수법","범죄의 검거 단서[건]","건","","","","","","","","","-","-","-","","-","1","-","-","0","-","-",
"주택법","발자국","범죄의 검거 단서[건]","건","","","","","","","","","-","-","-","","-","-","-","-","0","-","-",
"주택법","검사지휘","범죄의 검거 단서[건]","건","","","","","","","","","1","2","2","2","3","1","2","2","2","-","-",
"주택법","타기관에서 이송","범죄의 검거 단서[건]","건","","","","","","","","","-","1","-","","-","25","2","15","16","15","18",
"주택법","범행도구등 발견","범죄의 검거 단서[건]","건","","","","","","","","","-","-","-","","-","-","-","-","0","-","-",
"주택법","장물","범죄의 검거 단서[건]","건","","","","","","","","","-","-","-","","-","-","-","-","0","-","-",
"주택법","전과조회","범죄의 검거 단서[건]","건","","","","","","","","","-","-","-","","-","-","-","-","0","-","-",
"주택법","기타","범죄의 검거 단서[건]","건","","","","","","","","","10","20","143","151","172","191","162","248","108","58","45",
"주택법","미상","범죄의 검거 단서[건]","건","","","","","","","","","2","","","","","","","","","","",
"중대재해처벌등에관한법률","계","범죄의 검거 단서[건]","건","","","","","","","","","","","","","","","","","30","67","95",
"중대재해처벌등에관한법률","현행범","범죄의 검거 단서[건]","건","","","","","","","","","","","","","","","","","0","2","1",
"중대재해처벌등에관한법률","피해자신고","범죄의 검거 단서[건]","건","","","","","","","","","","","","","","","","","0","1","3",
"중대재해처벌등에관한법률","고소","범죄의 검거 단서[건]","건","","","","","","","","","","","","","","","","","0","-","2",
"중대재해처벌등에관한법률","고발","범죄의 검거 단서[건]","건","","","","","","","","","","","","","","","","","0","-","1",
"중대재해처벌등에관한법률","자수","범죄의 검거 단서[건]","건","","","","","","","","","","","","","","","","","1","3","-",
"중대재해처벌등에관한법률","민간체포","범죄의 검거 단서[건]","건","","","","","","","","","","","","","","","","","0","-","-",
"중대재해처벌등에관한법률","진정투서","범죄의 검거 단서[건]","건","","","","","","","","","","","","","","","","","0","-","-",
"중대재해처벌등에관한법률","타인신고","범죄의 검거 단서[건]","건","","","","","","","","","","","","","","","","","0","1","2",
"중대재해처벌등에관한법률","신문","범죄의 검거 단서[건]","건","","","","","","","","","","","","","","","","","0","-","4",
"중대재해처벌등에관한법률","불심검문","범죄의 검거 단서[건]","건","","","","","","","","","","","","","","","","","0","-","-",
"중대재해처벌등에관한법률","탐문정보","범죄의 검거 단서[건]","건","","","","","","","","","","","","","","","","","0","-","-",
"중대재해처벌등에관한법률","안면식별","범죄의 검거 단서[건]","건","","","","","","","","","","","","","","","","","0","-","-",
"중대재해처벌등에관한법률","감식자료","범죄의 검거 단서[건]","건","","","","","","","","","","","","","","","","","0","-","-",
"중대재해처벌등에관한법률","변사체","범죄의 검거 단서[건]","건","","","","","","","","","","","","","","","","","0","-","1",
"중대재해처벌등에관한법률","범죄수법","범죄의 검거 단서[건]","건","","","","","","","","","","","","","","","","","0","-","-",
"중대재해처벌등에관한법률","발자국","범죄의 검거 단서[건]","건","","","","","","","","","","","","","","","","","0","-","-",
"중대재해처벌등에관한법률","검사지휘","범죄의 검거 단서[건]","건","","","","","","","","","","","","","","","","","0","-","-",
"중대재해처벌등에관한법률","타기관에서 이송","범죄의 검거 단서[건]","건","","","","","","","","","","","","","","","","","0","-","-",
"중대재해처벌등에관한법률","범행도구등 발견","범죄의 검거 단서[건]","건","","","","","","","","","","","","","","","","","0","-","-",
"중대재해처벌등에관한법률","장물","범죄의 검거 단서[건]","건","","","","","","","","","","","","","","","","","0","-","-",
"중대재해처벌등에관한법률","전과조회","범죄의 검거 단서[건]","건","","","","","","","","","","","","","","","","","0","-","-",
"중대재해처벌등에관한법률","기타","범죄의 검거 단서[건]","건","","","","","","","","","","","","","","","","","29","60","81",
"증권거래법","계","범죄의 검거 단서[건]","건","127","107","90","67","41","24","26","9","","","","","","","","","","","",
"증권거래법","현행범","범죄의 검거 단서[건]","건","2","-","-","-","-","-","-","-","","","","","","","","","","","",
"증권거래법","피해자신고","범죄의 검거 단서[건]","건","1","-","-","-","-","-","-","-","","","","","","","","","","","",
"증권거래법","고소","범죄의 검거 단서[건]","건","20","21","28","28","7","3","6","2","","","","","","","","","","","",
"증권거래법","고발","범죄의 검거 단서[건]","건","18","13","8","7","4","1","-","1","","","","","","","","","","","",
"증권거래법","자수","범죄의 검거 단서[건]","건","-","1","-","-","-","-","-","-","","","","","","","","","","","",
"증권거래법","민간체포","범죄의 검거 단서[건]","건","-","-","-","-","-","-","-","-","","","","","","","","","","","",
"증권거래법","진정투서","범죄의 검거 단서[건]","건","1","7","8","4","-","1","1","-","","","","","","","","","","","",
"증권거래법","타인신고","범죄의 검거 단서[건]","건","-","-","-","-","-","-","-","-","","","","","","","","","","","",
"증권거래법","신문","범죄의 검거 단서[건]","건","1","1","-","1","-","-","-","-","","","","","","","","","","","",
"증권거래법","불심검문","범죄의 검거 단서[건]","건","-","-","-","-","1","-","-","-","","","","","","","","","","","",
"증권거래법","탐문정보","범죄의 검거 단서[건]","건","5","11","6","4","4","1","-","-","","","","","","","","","","","",
"증권거래법","안면식별","범죄의 검거 단서[건]","건","-","-","-","-","-","-","-","-","","","","","","","","","","","",
"증권거래법","감식자료","범죄의 검거 단서[건]","건","-","-","-","-","-","-","-","-","","","","","","","","","","","",
"증권거래법","변사체","범죄의 검거 단서[건]","건","-","-","-","-","-","-","-","-","","","","","","","","","","","",
"증권거래법","범죄수법","범죄의 검거 단서[건]","건","-","-","-","-","-","-","-","-","","","","","","","","","","","",
"증권거래법","발자국","범죄의 검거 단서[건]","건","-","-","-","-","-","-","-","-","","","","","","","","","","","",
"증권거래법","검사지휘","범죄의 검거 단서[건]","건","-","-","-","1","2","-","-","-","","","","","","","","","","","",
"증권거래법","타기관에서 이송","범죄의 검거 단서[건]","건","-","1","1","-","1","-","-","-","","","","","","","","","","","",
"증권거래법","범행도구등 발견","범죄의 검거 단서[건]","건","-","-","-","-","-","-","-","-","","","","","","","","","","","",
"증권거래법","장물","범죄의 검거 단서[건]","건","-","-","-","-","-","-","-","-","","","","","","","","","","","",
"증권거래법","전과조회","범죄의 검거 단서[건]","건","-","-","-","-","-","-","-","-","","","","","","","","","","","",
"증권거래법","기타","범죄의 검거 단서[건]","건","79","52","39","22","22","18","19","6","","","","","","","","","","","",
"지방세법","계","범죄의 검거 단서[건]","건","259","271","104","24","6","2","3","1","","","","","","","","","","","",
"지방세법","현행범","범죄의 검거 단서[건]","건","-","-","-","-","-","-","-","-","","","","","","","","","","","",
"지방세법","피해자신고","범죄의 검거 단서[건]","건","-","-","-","-","-","-","-","-","","","","","","","","","","","",
"지방세법","고소","범죄의 검거 단서[건]","건","3","-","-","-","-","-","-","-","","","","","","","","","","","",
"지방세법","고발","범죄의 검거 단서[건]","건","232","259","97","22","6","1","3","1","","","","","","","","","","","",
"지방세법","자수","범죄의 검거 단서[건]","건","3","3","1","-","-","-","-","-","","","","","","","","","","","",
"지방세법","민간체포","범죄의 검거 단서[건]","건","-","-","-","-","-","-","-","-","","","","","","","","","","","",
"지방세법","진정투서","범죄의 검거 단서[건]","건","-","-","-","-","-","-","-","-","","","","","","","","","","","",
"지방세법","타인신고","범죄의 검거 단서[건]","건","-","1","-","-","-","-","-","-","","","","","","","","","","","",
"지방세법","신문","범죄의 검거 단서[건]","건","-","-","-","-","-","-","-","-","","","","","","","","","","","",
"지방세법","불심검문","범죄의 검거 단서[건]","건","4","4","2","-","-","-","-","-","","","","","","","","","","","",
"지방세법","탐문정보","범죄의 검거 단서[건]","건","1","-","-","-","-","-","-","-","","","","","","","","","","","",
"지방세법","안면식별","범죄의 검거 단서[건]","건","-","-","-","-","-","-","-","-","","","","","","","","","","","",
"지방세법","감식자료","범죄의 검거 단서[건]","건","-","-","-","-","-","-","-","-","","","","","","","","","","","",
"지방세법","변사체","범죄의 검거 단서[건]","건","-","-","-","-","-","-","-","-","","","","","","","","","","","",
"지방세법","범죄수법","범죄의 검거 단서[건]","건","-","-","-","-","-","-","-","-","","","","","","","","","","","",
"지방세법","발자국","범죄의 검거 단서[건]","건","-","-","-","-","-","-","-","-","","","","","","","","","","","",
"지방세법","검사지휘","범죄의 검거 단서[건]","건","-","-","1","1","-","-","-","-","","","","","","","","","","","",
"지방세법","타기관에서 이송","범죄의 검거 단서[건]","건","-","-","-","-","-","-","-","-","","","","","","","","","","","",
"지방세법","범행도구등 발견","범죄의 검거 단서[건]","건","-","-","-","-","-","-","-","-","","","","","","","","","","","",
"지방세법","장물","범죄의 검거 단서[건]","건","-","-","-","-","-","-","-","-","","","","","","","","","","","",
"지방세법","전과조회","범죄의 검거 단서[건]","건","-","-","-","-","-","-","-","-","","","","","","","","","","","",
"지방세법","기타","범죄의 검거 단서[건]","건","16","4","3","1","-","1","-","-","","","","","","","","","","","",
"지하수법","계","범죄의 검거 단서[건]","건","18","16","11","23","12","21","21","22","","","","","","","","","","","",
"지하수법","현행범","범죄의 검거 단서[건]","건","-","-","-","-","-","-","-","-","","","","","","","","","","","",
"지하수법","피해자신고","범죄의 검거 단서[건]","건","-","-","-","-","-","-","-","-","","","","","","","","","","","",
"지하수법","고소","범죄의 검거 단서[건]","건","1","-","-","-","-","-","-","1","","","","","","","","","","","",
"지하수법","고발","범죄의 검거 단서[건]","건","15","12","10","9","10","13","10","14","","","","","","","","","","","",
"지하수법","자수","범죄의 검거 단서[건]","건","-","-","-","-","-","-","-","-","","","","","","","","","","","",
"지하수법","민간체포","범죄의 검거 단서[건]","건","-","-","-","-","-","-","-","-","","","","","","","","","","","",
"지하수법","진정투서","범죄의 검거 단서[건]","건","-","-","-","-","2","-","-","-","","","","","","","","","","","",
"지하수법","타인신고","범죄의 검거 단서[건]","건","-","2","1","1","-","-","-","-","","","","","","","","","","","",
"지하수법","신문","범죄의 검거 단서[건]","건","1","-","-","-","-","-","-","-","","","","","","","","","","","",
"지하수법","불심검문","범죄의 검거 단서[건]","건","-","-","-","-","-","1","3","3","","","","","","","","","","","",
"지하수법","탐문정보","범죄의 검거 단서[건]","건","1","1","-","4","-","3","6","2","","","","","","","","","","","",
"지하수법","안면식별","범죄의 검거 단서[건]","건","-","-","-","-","-","-","-","-","","","","","","","","","","","",
"지하수법","감식자료","범죄의 검거 단서[건]","건","-","-","-","-","-","-","-","-","","","","","","","","","","","",
"지하수법","변사체","범죄의 검거 단서[건]","건","-","-","-","-","-","-","-","-","","","","","","","","","","","",
"지하수법","범죄수법","범죄의 검거 단서[건]","건","-","-","-","-","-","-","-","-","","","","","","","","","","","",
"지하수법","발자국","범죄의 검거 단서[건]","건","-","-","-","-","-","-","-","-","","","","","","","","","","","",
"지하수법","검사지휘","범죄의 검거 단서[건]","건","-","-","-","-","-","-","-","-","","","","","","","","","","","",
"지하수법","타기관에서 이송","범죄의 검거 단서[건]","건","-","-","-","-","-","-","-","-","","","","","","","","","","","",
"지하수법","범행도구등 발견","범죄의 검거 단서[건]","건","-","-","-","-","-","-","-","-","","","","","","","","","","","",
"지하수법","장물","범죄의 검거 단서[건]","건","-","-","-","-","-","-","-","-","","","","","","","","","","","",
"지하수법","전과조회","범죄의 검거 단서[건]","건","-","-","-","-","-","-","-","-","","","","","","","","","","","",
"지하수법","기타","범죄의 검거 단서[건]","건","-","1","-","9","-","4","2","2","","","","","","","","","","","",
"직업안정법","계","범죄의 검거 단서[건]","건","2495","1299","950","1516","745","1065","631","1055","853","507","395","468","380","320","189","137","182","1564","180",
"직업안정법","현행범","범죄의 검거 단서[건]","건","1182","63","90","208","174","126","66","82","35","27","22","9","13","5","2","2","1","1","1",
"직업안정법","피해자신고","범죄의 검거 단서[건]","건","221","49","18","25","18","14","22","12","11","8","15","4","7","8","6","3","3","5","2",
"직업안정법","고소","범죄의 검거 단서[건]","건","74","72","49","53","31","29","27","25","16","22","16","19","22","31","18","11","15","25","14",
"직업안정법","고발","범죄의 검거 단서[건]","건","44","48","54","57","67","53","43","52","52","48","48","58","61","63","33","30","36","36","31",
"직업안정법","자수","범죄의 검거 단서[건]","건","20","9","6","7","3","3","1","8","2","4","-","","-","1","1","1","1","1","2",
"직업안정법","민간체포","범죄의 검거 단서[건]","건","1","-","-","-","-","1","-","-","-","-","-","","-","-","-","-","0","-","-",
"직업안정법","진정투서","범죄의 검거 단서[건]","건","21","47","23","30","33","25","33","40","25","28","35","24","25","25","17","15","33","41","37",
"직업안정법","타인신고","범죄의 검거 단서[건]","건","73","30","47","179","72","59","79","70","56","53","59","56","46","53","37","26","15","35","23",
"직업안정법","신문","범죄의 검거 단서[건]","건","94","4","-","9","2","1","2","-","2","-","1","","1","1","-","-","0","-","-",
"직업안정법","불심검문","범죄의 검거 단서[건]","건","61","21","30","58","45","77","36","23","104","17","10","12","8","6","2","2","2","3","1",
"직업안정법","탐문정보","범죄의 검거 단서[건]","건","497","623","459","246","137","275","123","526","181","120","78","108","64","54","22","18","27","847","18",
"직업안정법","안면식별","범죄의 검거 단서[건]","건","-","-","-","-","-","-","-","-","-","-","-","","-","-","-","-","0","-","-",
"직업안정법","감식자료","범죄의 검거 단서[건]","건","-","-","-","-","-","-","-","-","-","-","-","","-","-","-","-","0","-","-",
"직업안정법","변사체","범죄의 검거 단서[건]","건","-","-","-","-","-","-","1","1","-","-","-","","-","-","-","-","0","-","-",
"직업안정법","범죄수법","범죄의 검거 단서[건]","건","1","-","1","-","-","-","-","-","1","-","-","","-","-","-","-","0","-","-",
"직업안정법","발자국","범죄의 검거 단서[건]","건","-","-","-","-","-","-","-","-","-","-","-","","-","-","-","-","0","-","-",
"직업안정법","검사지휘","범죄의 검거 단서[건]","건","-","10","4","3","2","1","3","3","3","1","2","2","1","-","-","-","0","-","-",
"직업안정법","타기관에서 이송","범죄의 검거 단서[건]","건","103","-","1","-","1","2","3","-","1","1","2","","1","1","5","3","2","-","-",
"직업안정법","범행도구등 발견","범죄의 검거 단서[건]","건","-","-","-","162","-","-","-","-","-","-","-","","-","-","-","-","0","-","-",
"직업안정법","장물","범죄의 검거 단서[건]","건","-","-","-","-","-","-","-","-","-","-","-","","-","-","-","-","0","-","-",
"직업안정법","전과조회","범죄의 검거 단서[건]","건","-","-","-","1","-","-","-","-","-","-","-","","-","-","-","-","0","-","-",
"직업안정법","기타","범죄의 검거 단서[건]","건","103","323","168","478","160","399","192","213","352","178","107","176","131","72","46","26","47","570","51",
"직업안정법","미상","범죄의 검거 단서[건]","건","","","","","","","","","12","","","","","","","","","","",
"집회및시위에관한법률","계","범죄의 검거 단서[건]","건","677","591","887","686","400","669","538","412","395","500","518","254","177","206","235","259","323","349","375",
"집회및시위에관한법률","현행범","범죄의 검거 단서[건]","건","385","246","537","308","82","180","73","92","114","81","72","48","24","35","26","12","17","12","23",
"집회및시위에관한법률","피해자신고","범죄의 검거 단서[건]","건","16","4","9","13","5","7","5","3","3","4","12","6","15","20","18","23","19","13","14",
"집회및시위에관한법률","고소","범죄의 검거 단서[건]","건","75","49","40","21","22","33","23","31","40","49","33","29","53","47","40","36","45","43","48",
"집회및시위에관한법률","고발","범죄의 검거 단서[건]","건","11","19","22","12","16","15","18","19","24","20","23","9","14","12","23","22","30","44","50",
"집회및시위에관한법률","자수","범죄의 검거 단서[건]","건","3","6","-","-","1","-","1","2","-","-","9","1","1","-","-","-","0","-","-",
"집회및시위에관한법률","민간체포","범죄의 검거 단서[건]","건","-","-","-","-","-","-","-","-","-","-","-","","-","-","-","-","0","-","-",
"집회및시위에관한법률","진정투서","범죄의 검거 단서[건]","건","5","9","15","24","27","19","19","24","19","42","53","20","8","8","7","17","44","57","73",
"집회및시위에관한법률","타인신고","범죄의 검거 단서[건]","건","7","8","9","7","7","7","3","4","5","5","8","3","2","7","7","9","10","15","9",
"집회및시위에관한법률","신문","범죄의 검거 단서[건]","건","2","6","2","2","-","-","-","-","-","-","-","","-","-","-","-","1","1","-",
"집회및시위에관한법률","불심검문","범죄의 검거 단서[건]","건","4","6","4","5","1","-","9","1","-","-","-","","1","-","1","-","0","-","-",
"집회및시위에관한법률","탐문정보","범죄의 검거 단서[건]","건","95","129","100","100","65","72","71","36","35","36","68","17","16","11","16","12","20","14","19",
"집회및시위에관한법률","안면식별","범죄의 검거 단서[건]","건","5","3","3","7","5","13","8","1","-","3","-","","-","-","-","-","2","-","-",
"집회및시위에관한법률","감식자료","범죄의 검거 단서[건]","건","-","3","5","6","6","3","1","1","-","1","-","","-","-","-","-","0","-","-",
"집회및시위에관한법률","변사체","범죄의 검거 단서[건]","건","-","-","-","-","-","-","-","-","-","-","-","","-","-","-","-","0","-","-",
"집회및시위에관한법률","범죄수법","범죄의 검거 단서[건]","건","-","-","-","-","-","-","-","-","-","1","-","","-","-","-","-","0","-","-",
"집회및시위에관한법률","발자국","범죄의 검거 단서[건]","건","-","-","-","-","-","-","-","-","-","-","-","","-","-","-","-","0","-","-",
"집회및시위에관한법률","검사지휘","범죄의 검거 단서[건]","건","-","2","3","2","4","-","-","3","-","2","-","","1","-","-","-","0","-","-",
"집회및시위에관한법률","타기관에서 이송","범죄의 검거 단서[건]","건","1","-","5","1","1","2","2","1","1","-","-","1","-","-","-","-","0","2","2",
"집회및시위에관한법률","범행도구등 발견","범죄의 검거 단서[건]","건","-","-","-","-","-","-","-","-","-","-","-","","-","-","-","-","0","-","-",
"집회및시위에관한법률","장물","범죄의 검거 단서[건]","건","-","-","-","-","-","-","-","-","-","-","-","","-","-","-","-","0","-","-",
"집회및시위에관한법률","전과조회","범죄의 검거 단서[건]","건","-","-","-","-","-","-","-","-","-","-","-","","-","-","-","-","0","-","-",
"집회및시위에관한법률","기타","범죄의 검거 단서[건]","건","68","101","133","178","158","318","305","194","152","256","240","120","42","66","97","128","135","148","137",
"집회및시위에관한법률","미상","범죄의 검거 단서[건]","건","","","","","","","","","2","","","","","","","","","","",
"철도법","계","범죄의 검거 단서[건]","건","15","3","4","1","1","-","-","-","","","","","","","","","","","",
"철도법","현행범","범죄의 검거 단서[건]","건","2","-","1","-","1","-","-","-","","","","","","","","","","","",
"철도법","피해자신고","범죄의 검거 단서[건]","건","1","1","-","1","-","-","-","-","","","","","","","","","","","",
"철도법","고소","범죄의 검거 단서[건]","건","-","-","-","-","-","-","-","-","","","","","","","","","","","",
"철도법","고발","범죄의 검거 단서[건]","건","7","1","1","-","-","-","-","-","","","","","","","","","","","",
"철도법","자수","범죄의 검거 단서[건]","건","-","-","-","-","-","-","-","-","","","","","","","","","","","",
"철도법","민간체포","범죄의 검거 단서[건]","건","-","-","-","-","-","-","-","-","","","","","","","","","","","",
"철도법","진정투서","범죄의 검거 단서[건]","건","-","-","1","-","-","-","-","-","","","","","","","","","","","",
"철도법","타인신고","범죄의 검거 단서[건]","건","2","-","-","-","-","-","-","-","","","","","","","","","","","",
"철도법","신문","범죄의 검거 단서[건]","건","-","-","-","-","-","-","-","-","","","","","","","","","","","",
"철도법","불심검문","범죄의 검거 단서[건]","건","-","-","-","-","-","-","-","-","","","","","","","","","","","",
"철도법","탐문정보","범죄의 검거 단서[건]","건","-","-","-","-","-","-","-","-","","","","","","","","","","","",
"철도법","안면식별","범죄의 검거 단서[건]","건","-","-","-","-","-","-","-","-","","","","","","","","","","","",
"철도법","감식자료","범죄의 검거 단서[건]","건","-","-","-","-","-","-","-","-","","","","","","","","","","","",
"철도법","변사체","범죄의 검거 단서[건]","건","-","-","-","-","-","-","-","-","","","","","","","","","","","",
"철도법","범죄수법","범죄의 검거 단서[건]","건","-","-","-","-","-","-","-","-","","","","","","","","","","","",
"철도법","발자국","범죄의 검거 단서[건]","건","-","-","-","-","-","-","-","-","","","","","","","","","","","",
"철도법","검사지휘","범죄의 검거 단서[건]","건","-","-","-","-","-","-","-","-","","","","","","","","","","","",
"철도법","타기관에서 이송","범죄의 검거 단서[건]","건","-","1","-","-","-","-","-","-","","","","","","","","","","","",
"철도법","범행도구등 발견","범죄의 검거 단서[건]","건","-","-","-","-","-","-","-","-","","","","","","","","","","","",
"철도법","장물","범죄의 검거 단서[건]","건","-","-","-","-","-","-","-","-","","","","","","","","","","","",
"철도법","전과조회","범죄의 검거 단서[건]","건","-","-","-","-","-","-","-","-","","","","","","","","","","","",
"철도법","기타","범죄의 검거 단서[건]","건","3","-","1","-","-","-","-","-","","","","","","","","","","","",
"청소년보호법","계","범죄의 검거 단서[건]","건","6065","8636","8417","8421","8385","10118","9816","9972","8939","9043","8778","8964","8230","7984","7591","4935","6043","6814","5968",
"청소년보호법","현행범","범죄의 검거 단서[건]","건","1073","1186","1146","1208","941","898","838","678","370","289","152","88","50","43","29","28","27","33","54",
"청소년보호법","피해자신고","범죄의 검거 단서[건]","건","222","270","332","350","297","278","255","259","251","243","183","183","153","173","143","105","137","163","192",
"청소년보호법","고소","범죄의 검거 단서[건]","건","32","31","24","29","27","55","48","43","44","51","71","80","85","91","82","59","56","34","47",
"청소년보호법","고발","범죄의 검거 단서[건]","건","221","250","220","319","187","187","145","143","130","264","161","58","52","74","65","59","45","60","49",
"청소년보호법","자수","범죄의 검거 단서[건]","건","23","14","17","26","6","10","8","9","6","8","11","5","10","12","9","12","11","26","22",
"청소년보호법","민간체포","범죄의 검거 단서[건]","건","1","1","5","1","3","1","1","-","-","1","1","","-","-","-","-","0","-","-",
"청소년보호법","진정투서","범죄의 검거 단서[건]","건","26","56","61","67","61","40","47","58","54","62","49","50","56","52","41","46","42","113","109",
"청소년보호법","타인신고","범죄의 검거 단서[건]","건","2005","2980","3417","3038","3558","4234","5084","5485","5753","6024","6035","6619","6209","6253","6034","3815","4843","5443","4522",
"청소년보호법","신문","범죄의 검거 단서[건]","건","31","48","27","40","19","7","10","12","43","10","4","4","5","2","3","1","17","24","16",
"청소년보호법","불심검문","범죄의 검거 단서[건]","건","526","858","694","666","583","620","324","356","163","135","240","180","138","78","66","34","28","45","38",
"청소년보호법","탐문정보","범죄의 검거 단서[건]","건","650","968","583","718","557","701","356","502","333","277","193","200","130","100","99","79","72","56","55",
"청소년보호법","안면식별","범죄의 검거 단서[건]","건","-","3","-","-","1","-","-","-","-","-","-","","-","-","-","-","0","-","-",
"청소년보호법","감식자료","범죄의 검거 단서[건]","건","-","-","-","1","3","1","-","-","1","-","-","","-","1","1","-","1","-","-",
"청소년보호법","변사체","범죄의 검거 단서[건]","건","-","1","-","2","1","-","-","1","-","1","-","","1","-","-","-","0","-","1",
"청소년보호법","범죄수법","범죄의 검거 단서[건]","건","-","-","-","-","1","-","-","-","-","-","-","","-","-","-","-","0","-","-",
"청소년보호법","발자국","범죄의 검거 단서[건]","건","-","-","-","-","-","-","-","-","-","-","-","","-","-","-","-","0","-","-",
"청소년보호법","검사지휘","범죄의 검거 단서[건]","건","1","2","4","4","5","1","3","3","3","-","-","","2","2","1","-","0","1","-",
"청소년보호법","타기관에서 이송","범죄의 검거 단서[건]","건","4","1","4","2","6","10","9","18","11","5","5","2","1","-","3","1","5","3","3",
"청소년보호법","범행도구등 발견","범죄의 검거 단서[건]","건","1","1","5","1","1","8","3","-","1","-","3","2","1","-","-","1","0","-","-",
"청소년보호법","장물","범죄의 검거 단서[건]","건","-","-","1","2","-","-","-","-","-","1","-","","-","-","-","-","0","-","-",
"청소년보호법","전과조회","범죄의 검거 단서[건]","건","5","9","3","8","1","1","-","-","-","-","-","","-","-","-","-","0","-","-",
"청소년보호법","기타","범죄의 검거 단서[건]","건","1244","1957","1874","1939","2127","3066","2685","2405","1683","1672","1670","1493","1337","1103","1015","695","759","813","860",
"청소년보호법","미상","범죄의 검거 단서[건]","건","","","","","","","","","93","","","","","","","","","","",
"청소년의성보호에관한법률","계","범죄의 검거 단서[건]","건","1552","1651","1121","1075","406","82","","","","","","","","","","","","","",
"청소년의성보호에관한법률","현행범","범죄의 검거 단서[건]","건","213","223","91","85","19","8","","","","","","","","","","","","","",
"청소년의성보호에관한법률","피해자신고","범죄의 검거 단서[건]","건","379","328","200","192","78","33","","","","","","","","","","","","","",
"청소년의성보호에관한법률","고소","범죄의 검거 단서[건]","건","285","236","71","82","33","12","","","","","","","","","","","","","",
"청소년의성보호에관한법률","고발","범죄의 검거 단서[건]","건","11","1","6","37","14","2","","","","","","","","","","","","","",
"청소년의성보호에관한법률","자수","범죄의 검거 단서[건]","건","6","7","9","2","3","-","","","","","","","","","","","","","",
"청소년의성보호에관한법률","민간체포","범죄의 검거 단서[건]","건","2","1","-","1","-","-","","","","","","","","","","","","","",
"청소년의성보호에관한법률","진정투서","범죄의 검거 단서[건]","건","11","8","8","9","4","-","","","","","","","","","","","","","",
"청소년의성보호에관한법률","타인신고","범죄의 검거 단서[건]","건","36","33","38","22","9","3","","","","","","","","","","","","","",
"청소년의성보호에관한법률","신문","범죄의 검거 단서[건]","건","4","4","4","35","2","-","","","","","","","","","","","","","",
"청소년의성보호에관한법률","불심검문","범죄의 검거 단서[건]","건","16","20","31","28","9","1","","","","","","","","","","","","","",
"청소년의성보호에관한법률","탐문정보","범죄의 검거 단서[건]","건","382","583","417","349","120","11","","","","","","","","","","","","","",
"청소년의성보호에관한법률","안면식별","범죄의 검거 단서[건]","건","19","4","1","-","-","-","","","","","","","","","","","","","",
"청소년의성보호에관한법률","감식자료","범죄의 검거 단서[건]","건","-","-","-","-","1","-","","","","","","","","","","","","","",
"청소년의성보호에관한법률","변사체","범죄의 검거 단서[건]","건","-","-","1","-","-","-","","","","","","","","","","","","","",
"청소년의성보호에관한법률","범죄수법","범죄의 검거 단서[건]","건","-","-","-","-","-","-","","","","","","","","","","","","","",
"청소년의성보호에관한법률","발자국","범죄의 검거 단서[건]","건","-","-","-","-","-","-","","","","","","","","","","","","","",
"청소년의성보호에관한법률","검사지휘","범죄의 검거 단서[건]","건","2","3","1","6","2","-","","","","","","","","","","","","","",
"청소년의성보호에관한법률","타기관에서 이송","범죄의 검거 단서[건]","건","1","-","2","2","-","-","","","","","","","","","","","","","",
"청소년의성보호에관한법률","범행도구등 발견","범죄의 검거 단서[건]","건","-","-","-","-","-","-","","","","","","","","","","","","","",
"청소년의성보호에관한법률","장물","범죄의 검거 단서[건]","건","-","-","-","-","-","-","","","","","","","","","","","","","",
"청소년의성보호에관한법률","전과조회","범죄의 검거 단서[건]","건","1","-","-","2","-","-","","","","","","","","","","","","","",
"청소년의성보호에관한법률","기타","범죄의 검거 단서[건]","건","184","200","241","223","112","12","","","","","","","","","","","","","",
"체육시설의설치?이용에관한법률","계","범죄의 검거 단서[건]","건","87","104","185","225","199","192","186","149","","","","","","","","","","","",
"체육시설의설치?이용에관한법률","현행범","범죄의 검거 단서[건]","건","8","7","12","13","10","4","5","1","","","","","","","","","","","",
"체육시설의설치?이용에관한법률","피해자신고","범죄의 검거 단서[건]","건","-","-","2","2","1","4","-","2","","","","","","","","","","","",
"체육시설의설치?이용에관한법률","고소","범죄의 검거 단서[건]","건","3","2","2","1","3","3","3","1","","","","","","","","","","","",
"체육시설의설치?이용에관한법률","고발","범죄의 검거 단서[건]","건","56","55","93","93","99","100","104","96","","","","","","","","","","","",
"체육시설의설치?이용에관한법률","자수","범죄의 검거 단서[건]","건","1","-","-","-","-","-","-","1","","","","","","","","","","","",
"체육시설의설치?이용에관한법률","민간체포","범죄의 검거 단서[건]","건","-","-","-","-","-","-","-","-","","","","","","","","","","","",
"체육시설의설치?이용에관한법률","진정투서","범죄의 검거 단서[건]","건","-","1","1","5","1","7","5","3","","","","","","","","","","","",
"체육시설의설치?이용에관한법률","타인신고","범죄의 검거 단서[건]","건","11","15","32","45","35","40","43","24","","","","","","","","","","","",
"체육시설의설치?이용에관한법률","신문","범죄의 검거 단서[건]","건","-","5","1","-","1","-","1","-","","","","","","","","","","","",
"체육시설의설치?이용에관한법률","불심검문","범죄의 검거 단서[건]","건","-","1","9","14","9","2","1","1","","","","","","","","","","","",
"체육시설의설치?이용에관한법률","탐문정보","범죄의 검거 단서[건]","건","2","5","9","16","6","9","6","5","","","","","","","","","","","",
"체육시설의설치?이용에관한법률","안면식별","범죄의 검거 단서[건]","건","-","-","-","-","-","-","-","-","","","","","","","","","","","",
"체육시설의설치?이용에관한법률","감식자료","범죄의 검거 단서[건]","건","-","-","-","-","-","-","-","-","","","","","","","","","","","",
"체육시설의설치?이용에관한법률","변사체","범죄의 검거 단서[건]","건","-","-","-","-","-","-","-","-","","","","","","","","","","","",
"체육시설의설치?이용에관한법률","범죄수법","범죄의 검거 단서[건]","건","-","-","-","-","-","-","-","-","","","","","","","","","","","",
"체육시설의설치?이용에관한법률","발자국","범죄의 검거 단서[건]","건","-","-","-","-","-","-","-","-","","","","","","","","","","","",
"체육시설의설치?이용에관한법률","검사지휘","범죄의 검거 단서[건]","건","-","-","1","-","-","-","1","-","","","","","","","","","","","",
"체육시설의설치?이용에관한법률","타기관에서 이송","범죄의 검거 단서[건]","건","-","-","-","-","-","-","-","1","","","","","","","","","","","",
"체육시설의설치?이용에관한법률","범행도구등 발견","범죄의 검거 단서[건]","건","-","-","-","-","-","-","-","-","","","","","","","","","","","",
"체육시설의설치?이용에관한법률","장물","범죄의 검거 단서[건]","건","-","-","-","-","-","-","-","-","","","","","","","","","","","",
"체육시설의설치?이용에관한법률","전과조회","범죄의 검거 단서[건]","건","-","-","-","-","-","-","-","-","","","","","","","","","","","",
"체육시설의설치?이용에관한법률","기타","범죄의 검거 단서[건]","건","6","13","23","36","34","23","17","14","","","","","","","","","","","",
"총포?도검?화약류등의안전관리에관한법률","계","범죄의 검거 단서[건]","건","382","628","467","965","627","478","278","288","352","270","152","45","332","353","369","321","481","410","435",
"총포?도검?화약류등의안전관리에관한법률","현행범","범죄의 검거 단서[건]","건","90","114","101","137","83","38","41","32","24","14","5","4","17","15","12","7","12","16","11",
"총포?도검?화약류등의안전관리에관한법률","피해자신고","범죄의 검거 단서[건]","건","18","19","27","52","20","17","10","15","7","7","6","1","8","13","9","3","6","7","7",
"총포?도검?화약류등의안전관리에관한법률","고소","범죄의 검거 단서[건]","건","3","5","2","3","1","1","2","4","2","1","4","1","-","4","1","3","2","-","4",
"총포?도검?화약류등의안전관리에관한법률","고발","범죄의 검거 단서[건]","건","6","22","13","11","10","14","3","2","2","10","9","2","10","9","5","5","13","24","14",
"총포?도검?화약류등의안전관리에관한법률","자수","범죄의 검거 단서[건]","건","2","7","6","5","6","3","-","1","4","1","4","","5","8","5","8","5","8","5",
"총포?도검?화약류등의안전관리에관한법률","민간체포","범죄의 검거 단서[건]","건","9","8","6","6","12","19","5","4","3","1","-","","2","2","-","1","-","-","1",
"총포?도검?화약류등의안전관리에관한법률","진정투서","범죄의 검거 단서[건]","건","1","2","9","6","7","6","9","8","8","10","8","7","11","16","14","17","11","29","26",
"총포?도검?화약류등의안전관리에관한법률","타인신고","범죄의 검거 단서[건]","건","113","169","123","153","137","124","65","114","75","80","26","17","83","89","90","98","90","129","117",
"총포?도검?화약류등의안전관리에관한법률","신문","범죄의 검거 단서[건]","건","2","5","1","3","2","-","-","-","-","-","-","","-","-","-","3","1","-","1",
"총포?도검?화약류등의안전관리에관한법률","불심검문","범죄의 검거 단서[건]","건","28","35","47","99","47","13","10","6","13","14","7","2","22","7","5","8","5","16","17",
"총포?도검?화약류등의안전관리에관한법률","탐문정보","범죄의 검거 단서[건]","건","41","171","44","232","88","51","44","27","24","29","24","1","51","66","74","68","131","31","44",
"총포?도검?화약류등의안전관리에관한법률","안면식별","범죄의 검거 단서[건]","건","-","-","-","-","-","-","-","-","-","-","-","","-","-","-","-","-","-","-",
"총포?도검?화약류등의안전관리에관한법률","감식자료","범죄의 검거 단서[건]","건","1","-","-","-","-","-","-","-","-","1","-","","-","-","-","-","-","-","-",
"총포?도검?화약류등의안전관리에관한법률","변사체","범죄의 검거 단서[건]","건","-","1","-","1","1","-","-","-","-","-","-","","-","-","-","1","-","-","-",
"총포?도검?화약류등의안전관리에관한법률","범죄수법","범죄의 검거 단서[건]","건","-","-","-","-","-","-","-","-","-","-","-","","-","-","-","-","-","-","-",
"총포?도검?화약류등의안전관리에관한법률","발자국","범죄의 검거 단서[건]","건","-","-","-","-","-","-","-","-","-","-","-","","-","-","-","-","-","-","-",
"총포?도검?화약류등의안전관리에관한법률","검사지휘","범죄의 검거 단서[건]","건","1","-","-","1","3","-","1","-","-","-","1","","1","1","1","-","1","-","-",
"총포?도검?화약류등의안전관리에관한법률","타기관에서 이송","범죄의 검거 단서[건]","건","3","-","3","6","2","1","1","-","3","-","1","","2","4","2","8","16","10","8",
"총포?도검?화약류등의안전관리에관한법률","범행도구등 발견","범죄의 검거 단서[건]","건","3","1","2","20","1","6","2","1","2","5","2","","2","1","2","-","3","6","7",
"총포?도검?화약류등의안전관리에관한법률","장물","범죄의 검거 단서[건]","건","-","1","-","-","1","-","-","-","-","-","-","","-","-","-","-","-","-","-",
"총포?도검?화약류등의안전관리에관한법률","전과조회","범죄의 검거 단서[건]","건","-","-","1","-","-","-","-","-","-","-","-","","-","-","-","-","-","-","-",
"총포?도검?화약류등의안전관리에관한법률","기타","범죄의 검거 단서[건]","건","61","68","82","230","206","185","85","74","181","97","55","10","118","118","149","91","185","134","173",
"총포?도검?화약류등의안전관리에관한법률","미상","범죄의 검거 단서[건]","건","","","","","","","","","4","","","","","","","","","","",
"최저임금법","계","범죄의 검거 단서[건]","건","","","","","","","","","367","466","564","645","811","877","790","660","502","450","373",
"최저임금법","현행범","범죄의 검거 단서[건]","건","","","","","","","","","-","-","-","1","6","-","-","-","0","2","1",
"최저임금법","피해자신고","범죄의 검거 단서[건]","건","","","","","","","","","22","31","49","61","74","68","67","62","42","28","40",
"최저임금법","고소","범죄의 검거 단서[건]","건","","","","","","","","","56","61","75","62","103","81","91","119","88","84","61",
"최저임금법","고발","범죄의 검거 단서[건]","건","","","","","","","","","6","15","4","3","7","10","7","3","6","5","3",
"최저임금법","자수","범죄의 검거 단서[건]","건","","","","","","","","","6","21","18","15","19","10","11","6","4","1","4",
"최저임금법","민간체포","범죄의 검거 단서[건]","건","","","","","","","","","-","-","-","","-","-","-","-","0","-","-",
"최저임금법","진정투서","범죄의 검거 단서[건]","건","","","","","","","","","17","19","33","33","39","27","33","29","12","13","12",
"최저임금법","타인신고","범죄의 검거 단서[건]","건","","","","","","","","","-","-","-","1","-","-","-","-","0","-","-",
"최저임금법","신문","범죄의 검거 단서[건]","건","","","","","","","","","-","-","3","5","6","2","3","1","5","2","3",
"최저임금법","불심검문","범죄의 검거 단서[건]","건","","","","","","","","","-","-","1","","-","-","-","-","0","-","-",
"최저임금법","탐문정보","범죄의 검거 단서[건]","건","","","","","","","","","-","-","1","1","2","3","-","-","0","-","-",
"최저임금법","안면식별","범죄의 검거 단서[건]","건","","","","","","","","","-","-","-","","-","-","-","-","0","-","-",
"최저임금법","감식자료","범죄의 검거 단서[건]","건","","","","","","","","","-","-","-","","-","-","-","-","0","-","-",
"최저임금법","변사체","범죄의 검거 단서[건]","건","","","","","","","","","-","-","-","","-","-","-","-","0","-","-",
"최저임금법","범죄수법","범죄의 검거 단서[건]","건","","","","","","","","","-","-","-","","-","-","1","-","0","-","-",
"최저임금법","발자국","범죄의 검거 단서[건]","건","","","","","","","","","-","-","-","","-","-","-","-","0","-","-",
"최저임금법","검사지휘","범죄의 검거 단서[건]","건","","","","","","","","","-","-","1","","2","-","-","1","2","-","-",
"최저임금법","타기관에서 이송","범죄의 검거 단서[건]","건","","","","","","","","","-","-","-","","-","-","-","-","0","-","-",
"최저임금법","범행도구등 발견","범죄의 검거 단서[건]","건","","","","","","","","","-","-","-","","1","-","-","-","0","-","-",
"최저임금법","장물","범죄의 검거 단서[건]","건","","","","","","","","","-","-","-","","-","-","-","-","0","-","-",
"최저임금법","전과조회","범죄의 검거 단서[건]","건","","","","","","","","","-","-","-","","-","-","-","-","0","-","-",
"최저임금법","기타","범죄의 검거 단서[건]","건","","","","","","","","","9","319","379","463","552","676","577","439","343","315","249",
"최저임금법","미상","범죄의 검거 단서[건]","건","","","","","","","","","251","","","","","","","","","","",
"축산물가공처리법","계","범죄의 검거 단서[건]","건","734","516","568","460","372","129","41","41","","","","","","","","","","","",
"축산물가공처리법","현행범","범죄의 검거 단서[건]","건","33","9","20","12","2","4","-","-","","","","","","","","","","","",
"축산물가공처리법","피해자신고","범죄의 검거 단서[건]","건","4","3","3","2","4","1","-","-","","","","","","","","","","","",
"축산물가공처리법","고소","범죄의 검거 단서[건]","건","7","5","1","2","3","1","1","-","","","","","","","","","","","",
"축산물가공처리법","고발","범죄의 검거 단서[건]","건","478","378","313","297","281","61","31","12","","","","","","","","","","","",
"축산물가공처리법","자수","범죄의 검거 단서[건]","건","3","2","3","-","1","-","-","-","","","","","","","","","","","",
"축산물가공처리법","민간체포","범죄의 검거 단서[건]","건","-","-","-","-","-","-","-","-","","","","","","","","","","","",
"축산물가공처리법","진정투서","범죄의 검거 단서[건]","건","1","3","7","2","1","1","-","-","","","","","","","","","","","",
"축산물가공처리법","타인신고","범죄의 검거 단서[건]","건","46","31","38","30","27","14","2","5","","","","","","","","","","","",
"축산물가공처리법","신문","범죄의 검거 단서[건]","건","-","1","-","1","-","-","-","-","","","","","","","","","","","",
"축산물가공처리법","불심검문","범죄의 검거 단서[건]","건","4","3","3","5","1","1","-","1","","","","","","","","","","","",
"축산물가공처리법","탐문정보","범죄의 검거 단서[건]","건","107","65","149","61","32","27","3","20","","","","","","","","","","","",
"축산물가공처리법","안면식별","범죄의 검거 단서[건]","건","-","-","-","-","-","-","-","-","","","","","","","","","","","",
"축산물가공처리법","감식자료","범죄의 검거 단서[건]","건","-","-","-","1","-","-","-","-","","","","","","","","","","","",
"축산물가공처리법","변사체","범죄의 검거 단서[건]","건","-","-","-","-","-","-","-","-","","","","","","","","","","","",
"축산물가공처리법","범죄수법","범죄의 검거 단서[건]","건","1","-","-","-","-","-","-","-","","","","","","","","","","","",
"축산물가공처리법","발자국","범죄의 검거 단서[건]","건","-","-","-","-","-","-","-","-","","","","","","","","","","","",
"축산물가공처리법","검사지휘","범죄의 검거 단서[건]","건","-","-","-","-","1","-","1","-","","","","","","","","","","","",
"축산물가공처리법","타기관에서 이송","범죄의 검거 단서[건]","건","-","-","-","-","-","1","-","-","","","","","","","","","","","",
"축산물가공처리법","범행도구등 발견","범죄의 검거 단서[건]","건","-","-","-","-","-","-","-","-","","","","","","","","","","","",
"축산물가공처리법","장물","범죄의 검거 단서[건]","건","-","-","-","-","-","-","-","-","","","","","","","","","","","",
"축산물가공처리법","전과조회","범죄의 검거 단서[건]","건","-","-","-","-","-","-","-","-","","","","","","","","","","","",
"축산물가공처리법","기타","범죄의 검거 단서[건]","건","50","16","31","47","19","18","3","3","","","","","","","","","","","",
"축산물위생관리법","계","범죄의 검거 단서[건]","건","","","","","","","","","1695","1449","1349","1726","566","499","301","273","410","335","332",
"축산물위생관리법","현행범","범죄의 검거 단서[건]","건","","","","","","","","","9","24","37","61","50","21","22","18","13","11","22",
"축산물위생관리법","피해자신고","범죄의 검거 단서[건]","건","","","","","","","","","6","2","5","3","-","3","-","-","0","1","2",
"축산물위생관리법","고소","범죄의 검거 단서[건]","건","","","","","","","","","3","6","4","5","4","1","-","3","1","1","7",
"축산물위생관리법","고발","범죄의 검거 단서[건]","건","","","","","","","","","474","254","250","210","261","196","101","142","201","152","165",
"축산물위생관리법","자수","범죄의 검거 단서[건]","건","","","","","","","","","-","1","-","","-","1","-","-","0","-","-",
"축산물위생관리법","민간체포","범죄의 검거 단서[건]","건","","","","","","","","","-","-","-","","-","-","-","-","0","-","-",
"축산물위생관리법","진정투서","범죄의 검거 단서[건]","건","","","","","","","","","21","9","12","4","5","8","2","7","13","8","7",
"축산물위생관리법","타인신고","범죄의 검거 단서[건]","건","","","","","","","","","32","37","32","20","11","15","15","13","12","8","11",
"축산물위생관리법","신문","범죄의 검거 단서[건]","건","","","","","","","","","3","3","6","6","2","3","-","-","0","1","1",
"축산물위생관리법","불심검문","범죄의 검거 단서[건]","건","","","","","","","","","8","10","5","27","2","2","-","-","0","3","1",
"축산물위생관리법","탐문정보","범죄의 검거 단서[건]","건","","","","","","","","","777","654","511","419","29","11","5","-","5","4","3",
"축산물위생관리법","안면식별","범죄의 검거 단서[건]","건","","","","","","","","","-","-","-","","-","-","-","-","0","-","-",
"축산물위생관리법","감식자료","범죄의 검거 단서[건]","건","","","","","","","","","-","-","-","","-","-","-","-","0","-","-",
"축산물위생관리법","변사체","범죄의 검거 단서[건]","건","","","","","","","","","-","-","-","","-","-","-","-","0","-","-",
"축산물위생관리법","범죄수법","범죄의 검거 단서[건]","건","","","","","","","","","-","-","-","","-","-","-","-","0","-","-",
"축산물위생관리법","발자국","범죄의 검거 단서[건]","건","","","","","","","","","-","-","-","","-","-","-","-","0","-","-",
"축산물위생관리법","검사지휘","범죄의 검거 단서[건]","건","","","","","","","","","2","4","-","1","1","1","-","-","0","-","-",
"축산물위생관리법","타기관에서 이송","범죄의 검거 단서[건]","건","","","","","","","","","2","3","4","","1","1","-","-","2","1","-",
"축산물위생관리법","범행도구등 발견","범죄의 검거 단서[건]","건","","","","","","","","","-","-","-","","-","-","-","-","0","-","-",
"축산물위생관리법","장물","범죄의 검거 단서[건]","건","","","","","","","","","-","-","-","","-","-","-","-","0","-","-",
"축산물위생관리법","전과조회","범죄의 검거 단서[건]","건","","","","","","","","","-","-","-","","-","-","-","-","0","-","-",
"축산물위생관리법","기타","범죄의 검거 단서[건]","건","","","","","","","","","161","442","483","970","200","236","156","90","163","145","113",
"축산물위생관리법","미상","범죄의 검거 단서[건]","건","","","","","","","","","197","","","","","","","","","","",
"출입국관리법","계","범죄의 검거 단서[건]","건","1698","1572","2593","2777","2587","1590","1217","1422","1607","1791","2846","2241","2445","4046","2426","1243","1207","1732","1984",
"출입국관리법","현행범","범죄의 검거 단서[건]","건","10","13","14","9","23","17","15","46","83","116","226","203","261","357","300","244","249","333","343",
"출입국관리법","피해자신고","범죄의 검거 단서[건]","건","-","1","3","22","10","1","5","5","8","11","22","34","29","61","68","49","57","66","49",
"출입국관리법","고소","범죄의 검거 단서[건]","건","13","21","19","30","18","19","10","16","14","10","13","18","18","26","12","11","8","20","28",
"출입국관리법","고발","범죄의 검거 단서[건]","건","1107","1053","1928","2116","1604","1092","925","1105","1070","1211","1762","1278","1366","1567","938","337","217","365","629",
"출입국관리법","자수","범죄의 검거 단서[건]","건","124","5","17","6","8","2","1","1","2","1","2","2","4","3","2","2","3","6","4",
"출입국관리법","민간체포","범죄의 검거 단서[건]","건","1","-","-","-","-","1","-","-","-","-","-","1","-","1","-","-","0","-","-",
"출입국관리법","진정투서","범죄의 검거 단서[건]","건","1","1","2","-","3","-","1","2","2","2","2","2","6","3","6","6","3","14","9",
"출입국관리법","타인신고","범죄의 검거 단서[건]","건","8","10","9","12","27","6","5","15","24","39","54","68","114","236","193","156","162","243","226",
"출입국관리법","신문","범죄의 검거 단서[건]","건","5","3","-","1","1","-","-","-","-","1","2","1","2","-","-","3","11","8","6",
"출입국관리법","불심검문","범죄의 검거 단서[건]","건","8","19","21","36","31","4","4","3","11","23","71","47","30","59","49","40","47","61","97",
"출입국관리법","탐문정보","범죄의 검거 단서[건]","건","169","204","255","172","353","59","20","23","85","44","83","52","106","278","172","65","63","56","56",
"출입국관리법","안면식별","범죄의 검거 단서[건]","건","-","-","-","1","-","-","-","-","-","-","-","","-","-","-","-","0","-","-",
"출입국관리법","감식자료","범죄의 검거 단서[건]","건","-","-","-","-","-","1","1","-","1","-","1","","-","-","-","-","0","-","-",
"출입국관리법","변사체","범죄의 검거 단서[건]","건","-","-","-","-","-","-","-","-","-","-","-","","1","2","2","-","0","-","1",
"출입국관리법","범죄수법","범죄의 검거 단서[건]","건","-","-","-","-","-","-","-","-","-","-","-","1","-","1","-","1","0","-","-",
"출입국관리법","발자국","범죄의 검거 단서[건]","건","-","-","-","-","-","-","-","-","-","-","-","","-","-","-","-","0","-","-",
"출입국관리법","검사지휘","범죄의 검거 단서[건]","건","10","4","18","21","133","40","21","22","23","36","55","47","67","94","36","4","0","-","-",
"출입국관리법","타기관에서 이송","범죄의 검거 단서[건]","건","2","3","6","10","8","1","-","-","3","4","2","2","2","4","4","2","2","8","1",
"출입국관리법","범행도구등 발견","범죄의 검거 단서[건]","건","-","-","-","-","-","-","-","-","-","-","-","","-","-","1","-","0","-","-",
"출입국관리법","장물","범죄의 검거 단서[건]","건","-","-","-","1","-","-","-","-","-","-","-","","-","-","-","-","0","-","-",
"출입국관리법","전과조회","범죄의 검거 단서[건]","건","-","1","-","-","1","-","-","-","-","-","-","1","-","-","-","-","0","-","-",
"출입국관리법","기타","범죄의 검거 단서[건]","건","240","234","301","340","367","347","209","184","88","293","551","484","439","1354","643","323","385","552","535",
"출입국관리법","미상","범죄의 검거 단서[건]","건","","","","","","","","","193","","","","","","","","","","",
"컴퓨터프로그램보호법","계","범죄의 검거 단서[건]","건","1591","1932","2666","1718","37","5","2","1","","","","","","","","","","","",
"컴퓨터프로그램보호법","현행범","범죄의 검거 단서[건]","건","4","4","45","22","-","-","-","-","","","","","","","","","","","",
"컴퓨터프로그램보호법","피해자신고","범죄의 검거 단서[건]","건","4","5","6","5","1","-","-","-","","","","","","","","","","","",
"컴퓨터프로그램보호법","고소","범죄의 검거 단서[건]","건","952","926","1329","1102","24","5","2","1","","","","","","","","","","","",
"컴퓨터프로그램보호법","고발","범죄의 검거 단서[건]","건","10","4","8","2","1","-","-","-","","","","","","","","","","","",
"컴퓨터프로그램보호법","자수","범죄의 검거 단서[건]","건","-","-","3","1","-","-","-","-","","","","","","","","","","","",
"컴퓨터프로그램보호법","민간체포","범죄의 검거 단서[건]","건","-","-","-","-","-","-","-","-","","","","","","","","","","","",
"컴퓨터프로그램보호법","진정투서","범죄의 검거 단서[건]","건","75","126","6","17","1","-","-","-","","","","","","","","","","","",
"컴퓨터프로그램보호법","타인신고","범죄의 검거 단서[건]","건","1","2","2","2","-","-","-","-","","","","","","","","","","","",
"컴퓨터프로그램보호법","신문","범죄의 검거 단서[건]","건","1","-","2","1","-","-","-","-","","","","","","","","","","","",
"컴퓨터프로그램보호법","불심검문","범죄의 검거 단서[건]","건","2","3","4","1","-","-","-","-","","","","","","","","","","","",
"컴퓨터프로그램보호법","탐문정보","범죄의 검거 단서[건]","건","73","279","814","155","3","-","-","-","","","","","","","","","","","",
"컴퓨터프로그램보호법","안면식별","범죄의 검거 단서[건]","건","-","-","-","-","-","-","-","-","","","","","","","","","","","",
"컴퓨터프로그램보호법","감식자료","범죄의 검거 단서[건]","건","-","-","-","-","-","-","-","-","","","","","","","","","","","",
"컴퓨터프로그램보호법","변사체","범죄의 검거 단서[건]","건","-","-","-","-","-","-","-","-","","","","","","","","","","","",
"컴퓨터프로그램보호법","범죄수법","범죄의 검거 단서[건]","건","-","-","-","-","-","-","-","-","","","","","","","","","","","",
"컴퓨터프로그램보호법","발자국","범죄의 검거 단서[건]","건","-","-","-","-","-","-","-","-","","","","","","","","","","","",
"컴퓨터프로그램보호법","검사지휘","범죄의 검거 단서[건]","건","1","3","10","9","1","-","-","-","","","","","","","","","","","",
"컴퓨터프로그램보호법","타기관에서 이송","범죄의 검거 단서[건]","건","-","-","-","2","-","-","-","-","","","","","","","","","","","",
"컴퓨터프로그램보호법","범행도구등 발견","범죄의 검거 단서[건]","건","1","-","-","-","-","-","-","-","","","","","","","","","","","",
"컴퓨터프로그램보호법","장물","범죄의 검거 단서[건]","건","-","-","-","-","-","-","-","-","","","","","","","","","","","",
"컴퓨터프로그램보호법","전과조회","범죄의 검거 단서[건]","건","-","-","-","-","-","-","-","-","","","","","","","","","","","",
"컴퓨터프로그램보호법","기타","범죄의 검거 단서[건]","건","467","580","437","399","6","-","-","-","","","","","","","","","","","",
"통신비밀보호법","계","범죄의 검거 단서[건]","건","118","83","84","67","71","78","89","103","134","140","148","163","208","243","254","263","242","270","316",
"통신비밀보호법","현행범","범죄의 검거 단서[건]","건","25","18","16","5","4","3","4","1","1","3","1","5","6","3","-","5","3","2","3",
"통신비밀보호법","피해자신고","범죄의 검거 단서[건]","건","2","1","-","3","1","1","4","9","5","5","12","6","8","19","15","18","17","23","30",
"통신비밀보호법","고소","범죄의 검거 단서[건]","건","23","28","24","21","31","51","52","65","73","81","96","85","128","164","161","176","165","186","230",
"통신비밀보호법","고발","범죄의 검거 단서[건]","건","2","-","1","2","-","4","3","-","2","5","7","8","9","4","10","10","6","19","13",
"통신비밀보호법","자수","범죄의 검거 단서[건]","건","-","-","2","-","-","-","-","-","1","-","-","","-","2","-","-","3","-","1",
"통신비밀보호법","민간체포","범죄의 검거 단서[건]","건","-","-","-","-","-","-","-","-","-","-","-","","-","-","-","-","0","-","-",
"통신비밀보호법","진정투서","범죄의 검거 단서[건]","건","3","3","2","4","1","2","2","3","3","6","2","5","3","6","13","10","12","8","7",
"통신비밀보호법","타인신고","범죄의 검거 단서[건]","건","4","-","2","1","6","-","4","3","1","3","5","3","1","4","3","3","7","6","6",
"통신비밀보호법","신문","범죄의 검거 단서[건]","건","1","-","-","-","-","1","-","-","-","-","-","","-","-","-","-","0","-","-",
"통신비밀보호법","불심검문","범죄의 검거 단서[건]","건","3","-","4","-","1","-","-","1","-","-","-","","-","-","-","-","0","-","-",
"통신비밀보호법","탐문정보","범죄의 검거 단서[건]","건","15","19","12","22","16","7","6","8","21","8","9","28","20","4","8","4","3","3","3",
"통신비밀보호법","안면식별","범죄의 검거 단서[건]","건","-","-","-","-","-","-","-","-","-","-","-","","-","-","-","-","0","-","-",
"통신비밀보호법","감식자료","범죄의 검거 단서[건]","건","-","-","-","-","-","-","-","-","-","-","-","","-","-","-","-","0","-","-",
"통신비밀보호법","변사체","범죄의 검거 단서[건]","건","-","-","-","-","-","-","-","-","-","-","-","","-","-","1","-","0","-","-",
"통신비밀보호법","범죄수법","범죄의 검거 단서[건]","건","-","-","-","-","-","-","-","-","-","-","-","","-","-","-","-","0","-","-",
"통신비밀보호법","발자국","범죄의 검거 단서[건]","건","-","-","-","-","-","-","-","-","-","-","-","","-","1","-","-","0","-","-",
"통신비밀보호법","검사지휘","범죄의 검거 단서[건]","건","-","-","1","-","-","-","-","1","-","2","1","","3","3","2","-","0","-","-",
"통신비밀보호법","타기관에서 이송","범죄의 검거 단서[건]","건","-","-","-","-","-","-","-","-","-","-","-","","-","-","-","-","0","1","1",
"통신비밀보호법","범행도구등 발견","범죄의 검거 단서[건]","건","-","-","-","-","-","-","-","-","-","-","-","","-","1","-","-","0","-","-",
"통신비밀보호법","장물","범죄의 검거 단서[건]","건","-","-","-","-","-","-","-","-","-","-","-","","-","-","-","-","0","-","-",
"통신비밀보호법","전과조회","범죄의 검거 단서[건]","건","-","-","-","-","-","-","-","-","-","-","-","","-","-","-","-","0","-","-",
"통신비밀보호법","기타","범죄의 검거 단서[건]","건","40","14","20","9","11","9","14","12","10","27","15","23","30","32","41","37","26","22","22",
"통신비밀보호법","미상","범죄의 검거 단서[건]","건","","","","","","","","","17","","","","","","","","","","",
"특가법(도주차량)","계","범죄의 검거 단서[건]","건","11611","11278","11071","12085","12344","12491","13208","11321","10693","11317","8563","4539","2674","360","9288","8342","8388","7802","7481",
"특가법(도주차량)","현행범","범죄의 검거 단서[건]","건","1043","834","722","683","334","173","115","114","96","100","84","43","24","7","72","55","63","82","100",
"특가법(도주차량)","피해자신고","범죄의 검거 단서[건]","건","7445","7220","7281","8080","8160","8622","9066","8077","7767","8112","6324","3485","1977","227","7015","6327","6125","5921","5664",
"특가법(도주차량)","고소","범죄의 검거 단서[건]","건","7","10","10","9","5","10","18","9","11","11","5","5","4","2","21","14","19","30","16",
"특가법(도주차량)","고발","범죄의 검거 단서[건]","건","3","3","2","1","8","2","-","-","1","-","-","","-","3","1","-","0","1","-",
"특가법(도주차량)","자수","범죄의 검거 단서[건]","건","856","779","744","769","773","597","652","483","488","485","278","121","71","8","193","123","114","161","101",
"특가법(도주차량)","민간체포","범죄의 검거 단서[건]","건","112","81","70","53","57","41","32","33","9","7","7","8","2","-","2","1","4","4","-",
"특가법(도주차량)","진정투서","범죄의 검거 단서[건]","건","2","5","4","2","2","-","1","4","-","1","2","","-","-","-","1","3","3","3",
"특가법(도주차량)","타인신고","범죄의 검거 단서[건]","건","766","757","776","879","958","805","805","774","779","801","549","249","190","25","633","500","504","544","520",
"특가법(도주차량)","신문","범죄의 검거 단서[건]","건","15","22","17","22","9","1","3","2","4","-","-","2","1","-","3","6","2","2","5",
"특가법(도주차량)","불심검문","범죄의 검거 단서[건]","건","202","212","231","263","177","131","74","76","68","79","62","32","22","4","55","48","22","29","20",
"특가법(도주차량)","탐문정보","범죄의 검거 단서[건]","건","546","650","631","771","770","553","507","365","347","445","259","121","63","9","216","144","238","135","113",
"특가법(도주차량)","안면식별","범죄의 검거 단서[건]","건","1","2","-","2","1","1","1","-","1","2","-","","-","-","-","-","0","1","-",
"특가법(도주차량)","감식자료","범죄의 검거 단서[건]","건","9","8","21","21","14","13","10","5","5","7","1","","-","-","3","6","3","3","4",
"특가법(도주차량)","변사체","범죄의 검거 단서[건]","건","6","5","7","7","4","6","2","1","1","3","3","1","1","-","-","1","3","1","1",
"특가법(도주차량)","범죄수법","범죄의 검거 단서[건]","건","-","1","1","-","-","-","-","1","-","3","1","","-","-","-","2","0","-","-",
"특가법(도주차량)","발자국","범죄의 검거 단서[건]","건","-","-","-","-","-","-","-","-","-","-","-","","-","-","-","-","0","-","-",
"특가법(도주차량)","검사지휘","범죄의 검거 단서[건]","건","4","5","6","4","13","5","1","2","-","3","1","","1","-","1","-","3","-","-",
"특가법(도주차량)","타기관에서 이송","범죄의 검거 단서[건]","건","4","6","3","4","8","2","6","6","4","6","2","1","1","1","2","4","2","3","5",
"특가법(도주차량)","범행도구등 발견","범죄의 검거 단서[건]","건","10","5","10","17","8","11","6","7","14","13","1","1","-","1","3","2","2","1","-",
"특가법(도주차량)","장물","범죄의 검거 단서[건]","건","-","-","-","-","-","-","-","-","1","-","-","","-","-","-","-","0","-","-",
"특가법(도주차량)","전과조회","범죄의 검거 단서[건]","건","5","5","2","2","2","1","-","-","-","1","-","","-","-","1","-","0","-","1",
"특가법(도주차량)","기타","범죄의 검거 단서[건]","건","575","668","533","496","1041","1517","1909","1362","1064","1238","984","470","317","73","1067","1108","1281","881","928",
"특가법(도주차량)","미상","범죄의 검거 단서[건]","건","","","","","","","","","33","","","","","","","","","","",
"특허법","계","범죄의 검거 단서[건]","건","264","440","271","343","219","188","225","184","198","175","200","171","148","179","184","115","90","135","89",
"특허법","현행범","범죄의 검거 단서[건]","건","-","-","-","-","-","-","-","-","-","-","-","","-","-","-","-","0","-","-",
"특허법","피해자신고","범죄의 검거 단서[건]","건","-","4","1","1","1","-","-","-","1","1","-","","-","1","-","2","0","3","1",
"특허법","고소","범죄의 검거 단서[건]","건","246","396","243","314","200","168","209","170","176","157","141","161","125","137","118","50","46","92","57",
"특허법","고발","범죄의 검거 단서[건]","건","5","8","7","8","7","9","6","4","9","5","5","","2","5","4","6","1","6","3",
"특허법","자수","범죄의 검거 단서[건]","건","2","1","-","1","-","-","-","-","-","-","-","","-","-","-","-","0","-","-",
"특허법","민간체포","범죄의 검거 단서[건]","건","-","-","-","-","-","-","-","-","-","-","-","","-","-","-","-","0","-","-",
"특허법","진정투서","범죄의 검거 단서[건]","건","-","1","2","1","-","-","-","1","-","-","-","","2","-","-","-","0","-","-",
"특허법","타인신고","범죄의 검거 단서[건]","건","1","1","-","-","-","-","1","-","-","-","-","","-","-","-","-","0","-","-",
"특허법","신문","범죄의 검거 단서[건]","건","-","-","-","-","-","-","-","-","-","-","-","","-","-","-","-","0","-","-",
"특허법","불심검문","범죄의 검거 단서[건]","건","-","-","-","1","1","-","-","-","-","-","-","","-","-","-","-","0","-","-",
"특허법","탐문정보","범죄의 검거 단서[건]","건","3","5","1","1","-","2","-","-","-","1","1","","-","-","-","-","0","-","-",
"특허법","안면식별","범죄의 검거 단서[건]","건","-","-","-","-","-","-","-","-","-","-","-","","-","-","-","-","0","-","-",
"특허법","감식자료","범죄의 검거 단서[건]","건","-","-","-","-","-","-","-","-","-","-","-","","-","-","-","-","0","-","-",
"특허법","변사체","범죄의 검거 단서[건]","건","-","-","-","-","-","-","-","-","-","-","-","","-","-","-","-","0","-","-",
"특허법","범죄수법","범죄의 검거 단서[건]","건","-","-","-","-","-","-","-","-","-","-","-","","-","-","-","-","0","-","-",
"특허법","발자국","범죄의 검거 단서[건]","건","-","-","-","-","-","-","-","-","-","-","-","","-","-","-","-","0","-","-",
"특허법","검사지휘","범죄의 검거 단서[건]","건","1","2","1","2","5","1","4","1","1","2","1","3","4","3","1","-","0","-","-",
"특허법","타기관에서 이송","범죄의 검거 단서[건]","건","-","-","-","-","-","1","-","-","-","-","-","","-","-","-","-","0","-","1",
"특허법","범행도구등 발견","범죄의 검거 단서[건]","건","-","-","-","-","-","-","-","-","-","-","-","","-","-","-","-","0","-","-",
"특허법","장물","범죄의 검거 단서[건]","건","-","-","-","-","-","-","-","-","-","-","-","","-","-","-","-","0","-","-",
"특허법","전과조회","범죄의 검거 단서[건]","건","-","-","-","-","-","-","-","-","-","-","-","","-","-","-","-","0","-","-",
"특허법","기타","범죄의 검거 단서[건]","건","6","22","16","14","5","7","5","8","6","9","52","7","15","33","61","57","43","34","27",
"특허법","미상","범죄의 검거 단서[건]","건","","","","","","","","","5","","","","","","","","","","",
"폐기물관리법","계","범죄의 검거 단서[건]","건","5182","2540","2010","2452","772","1039","1110","2365","1161","1078","1214","1539","1655","1813","1931","2068","1909","4875","1872",
"폐기물관리법","현행범","범죄의 검거 단서[건]","건","295","53","55","38","35","40","35","27","49","34","17","51","25","28","61","49","46","76","37",
"폐기물관리법","피해자신고","범죄의 검거 단서[건]","건","8","8","4","8","5","7","10","8","8","14","12","15","13","7","20","19","13","23","10",
"폐기물관리법","고소","범죄의 검거 단서[건]","건","49","32","38","119","28","36","32","26","30","29","37","52","64","82","78","58","51","56","68",
"폐기물관리법","고발","범죄의 검거 단서[건]","건","493","934","358","267","265","296","368","479","558","515","647","798","852","993","1026","1037","928","1005","956",
"폐기물관리법","자수","범죄의 검거 단서[건]","건","2","2","6","-","-","6","-","-","-","-","1","2","1","-","-","-","5","1","1",
"폐기물관리법","민간체포","범죄의 검거 단서[건]","건","-","-","-","-","-","-","-","-","-","-","-","","-","-","-","-","0","-","-",
"폐기물관리법","진정투서","범죄의 검거 단서[건]","건","18","20","11","10","13","17","11","17","20","18","15","27","27","57","40","32","33","39","29",
"폐기물관리법","타인신고","범죄의 검거 단서[건]","건","173","62","91","58","40","54","46","34","29","24","50","52","38","50","72","76","52","36","57",
"폐기물관리법","신문","범죄의 검거 단서[건]","건","7","9","3","1","-","1","4","3","5","2","1","1","-","2","2","3","8","3","7",
"폐기물관리법","불심검문","범죄의 검거 단서[건]","건","60","38","352","33","22","26","14","30","2","-","3","18","3","2","1","3","0","2","5",
"폐기물관리법","탐문정보","범죄의 검거 단서[건]","건","3698","1110","858","1536","95","179","131","118","67","53","87","64","102","57","36","61","45","2973","14",
"폐기물관리법","안면식별","범죄의 검거 단서[건]","건","12","-","-","-","-","1","-","-","-","-","-","","-","-","-","-","0","-","-",
"폐기물관리법","감식자료","범죄의 검거 단서[건]","건","1","2","-","-","-","-","-","-","-","-","-","","-","-","-","-","0","-","-",
"폐기물관리법","변사체","범죄의 검거 단서[건]","건","-","-","-","-","-","-","-","-","-","-","-","","-","-","-","-","0","-","-",
"폐기물관리법","범죄수법","범죄의 검거 단서[건]","건","-","-","-","-","-","-","-","-","-","-","-","","-","-","-","-","0","-","-",
"폐기물관리법","발자국","범죄의 검거 단서[건]","건","-","-","-","-","-","-","-","-","-","-","-","","-","-","-","-","0","-","-",
"폐기물관리법","검사지휘","범죄의 검거 단서[건]","건","15","4","1","16","6","6","-","2","3","2","-","4","5","4","3","-","0","-","1",
"폐기물관리법","타기관에서 이송","범죄의 검거 단서[건]","건","-","1","1","-","4","-","1","1","2","1","3","6","-","3","3","2","3","2","2",
"폐기물관리법","범행도구등 발견","범죄의 검거 단서[건]","건","-","-","-","2","-","-","-","-","-","-","1","1","-","-","-","-","0","-","-",
"폐기물관리법","장물","범죄의 검거 단서[건]","건","-","-","-","-","-","-","-","-","-","-","-","","-","-","-","-","0","-","-",
"폐기물관리법","전과조회","범죄의 검거 단서[건]","건","1","-","-","1","-","-","-","-","-","-","-","","-","-","-","-","0","-","-",
"폐기물관리법","기타","범죄의 검거 단서[건]","건","350","265","232","363","259","370","458","1620","65","386","340","448","525","528","589","728","725","659","685",
"폐기물관리법","미상","범죄의 검거 단서[건]","건","","","","","","","","","323","","","","","","","","","","",
"풍속영업의규제에관한법률","계","범죄의 검거 단서[건]","건","116","106","86","109","77","104","1215","809","311","222","236","204","154","87","77","65","61","95","65",
"풍속영업의규제에관한법률","현행범","범죄의 검거 단서[건]","건","20","16","12","10","13","9","95","90","29","9","4","8","1","1","2","-","5","4","1",
"풍속영업의규제에관한법률","피해자신고","범죄의 검거 단서[건]","건","10","1","2","10","3","5","13","9","6","8","4","1","2","2","1","1","0","4","2",
"풍속영업의규제에관한법률","고소","범죄의 검거 단서[건]","건","1","2","-","-","-","1","4","2","-","3","2","","3","1","-","-","0","1","-",
"풍속영업의규제에관한법률","고발","범죄의 검거 단서[건]","건","17","3","3","4","3","2","6","4","2","-","-","1","1","1","-","-","0","1","-",
"풍속영업의규제에관한법률","자수","범죄의 검거 단서[건]","건","-","-","1","-","-","1","-","2","-","2","1","","-","-","-","-","0","-","-",
"풍속영업의규제에관한법률","민간체포","범죄의 검거 단서[건]","건","-","-","-","-","-","-","-","-","-","-","-","","-","-","-","-","0","-","-",
"풍속영업의규제에관한법률","진정투서","범죄의 검거 단서[건]","건","1","-","5","3","-","1","-","8","1","-","2","6","2","1","-","-","0","7","6",
"풍속영업의규제에관한법률","타인신고","범죄의 검거 단서[건]","건","24","29","24","30","37","37","157","97","68","51","39","36","44","24","26","20","9","34","13",
"풍속영업의규제에관한법률","신문","범죄의 검거 단서[건]","건","-","-","-","-","-","-","-","1","-","-","-","2","-","-","-","-","0","-","-",
"풍속영업의규제에관한법률","불심검문","범죄의 검거 단서[건]","건","4","8","8","11","3","6","135","67","17","9","17","29","16","7","8","4","2","3","5",
"풍속영업의규제에관한법률","탐문정보","범죄의 검거 단서[건]","건","21","26","6","9","-","8","233","154","56","42","53","38","22","12","16","11","20","11","13",
"풍속영업의규제에관한법률","안면식별","범죄의 검거 단서[건]","건","-","-","-","-","-","-","-","-","-","-","-","","-","-","-","-","0","-","-",
"풍속영업의규제에관한법률","감식자료","범죄의 검거 단서[건]","건","-","-","-","-","-","-","-","-","-","-","-","","-","-","-","-","0","-","-",
"풍속영업의규제에관한법률","변사체","범죄의 검거 단서[건]","건","-","-","-","-","-","-","-","-","-","-","-","","-","-","-","-","0","-","-",
"풍속영업의규제에관한법률","범죄수법","범죄의 검거 단서[건]","건","-","-","-","-","-","-","-","-","-","-","-","","-","-","-","-","0","1","-",
"풍속영업의규제에관한법률","발자국","범죄의 검거 단서[건]","건","-","-","-","-","-","-","-","-","-","-","-","","-","-","-","-","0","-","-",
"풍속영업의규제에관한법률","검사지휘","범죄의 검거 단서[건]","건","-","-","-","-","-","-","-","-","-","-","1","","-","-","-","-","0","-","-",
"풍속영업의규제에관한법률","타기관에서 이송","범죄의 검거 단서[건]","건","-","-","-","-","-","-","3","2","-","1","-","","-","1","-","-","0","-","-",
"풍속영업의규제에관한법률","범행도구등 발견","범죄의 검거 단서[건]","건","-","-","-","-","-","-","-","-","-","-","-","","-","-","-","-","0","-","-",
"풍속영업의규제에관한법률","장물","범죄의 검거 단서[건]","건","-","-","-","-","-","-","-","-","-","-","-","","-","-","-","-","0","-","-",
"풍속영업의규제에관한법률","전과조회","범죄의 검거 단서[건]","건","-","-","-","-","-","-","-","-","-","-","-","","-","-","-","-","0","-","-",
"풍속영업의규제에관한법률","기타","범죄의 검거 단서[건]","건","18","21","25","32","18","34","569","373","130","97","113","83","63","37","24","29","25","29","25",
"풍속영업의규제에관한법률","미상","범죄의 검거 단서[건]","건","","","","","","","","","2","","","","","","","","","","",
"하천법","계","범죄의 검거 단서[건]","건","154","141","121","151","127","208","495","154","268","292","260","210","214","256","238","1788","157","117","167",
"하천법","현행범","범죄의 검거 단서[건]","건","1","3","-","2","-","-","-","2","-","-","4","","-","19","24","2","2","4","4",
"하천법","피해자신고","범죄의 검거 단서[건]","건","2","-","-","-","2","-","-","-","-","-","-","","-","-","1","-","2","3","5",
"하천법","고소","범죄의 검거 단서[건]","건","6","1","2","2","1","4","2","4","4","2","3","1","2","3","2","2","1","1","4",
"하천법","고발","범죄의 검거 단서[건]","건","105","92","84","117","89","145","235","125","235","244","180","173","187","177","160","121","114","85","105",
"하천법","자수","범죄의 검거 단서[건]","건","3","-","-","-","-","-","-","-","-","-","1","","-","-","-","-","0","-","-",
"하천법","민간체포","범죄의 검거 단서[건]","건","-","-","-","-","-","-","-","-","-","-","-","","-","-","-","-","0","-","-",
"하천법","진정투서","범죄의 검거 단서[건]","건","3","2","1","2","1","1","1","1","1","1","2","4","-","2","2","-","4","1","1",
"하천법","타인신고","범죄의 검거 단서[건]","건","9","8","5","7","6","5","10","6","2","7","9","16","8","10","15","5","7","4","23",
"하천법","신문","범죄의 검거 단서[건]","건","2","-","-","-","-","-","-","-","-","1","1","","-","-","-","4","1","1","-",
"하천법","불심검문","범죄의 검거 단서[건]","건","1","3","3","2","2","30","34","1","1","-","-","","-","2","-","1","2","-","3",
"하천법","탐문정보","범죄의 검거 단서[건]","건","14","11","14","11","14","13","205","8","5","9","12","5","7","7","13","1318","1","-","4",
"하천법","안면식별","범죄의 검거 단서[건]","건","-","-","-","-","-","-","-","-","-","-","-","","-","-","-","-","0","-","-",
"하천법","감식자료","범죄의 검거 단서[건]","건","-","-","-","-","-","-","-","-","-","-","-","","-","-","-","-","0","-","-",
"하천법","변사체","범죄의 검거 단서[건]","건","-","-","-","-","-","-","-","-","-","-","-","","-","-","-","-","0","-","-",
"하천법","범죄수법","범죄의 검거 단서[건]","건","-","-","-","-","-","-","-","-","-","-","-","","-","-","-","-","0","-","-",
"하천법","발자국","범죄의 검거 단서[건]","건","-","-","-","-","-","-","-","-","-","-","-","","-","-","-","-","0","-","-",
"하천법","검사지휘","범죄의 검거 단서[건]","건","-","-","-","-","2","-","-","-","1","1","-","","-","1","2","-","0","-","-",
"하천법","타기관에서 이송","범죄의 검거 단서[건]","건","-","-","-","-","-","-","-","-","-","1","-","","-","-","-","-","2","-","1",
"하천법","범행도구등 발견","범죄의 검거 단서[건]","건","-","-","-","-","-","-","-","-","-","-","-","","-","-","-","-","0","-","-",
"하천법","장물","범죄의 검거 단서[건]","건","-","-","-","-","-","-","-","-","-","-","-","","-","-","-","-","0","-","-",
"하천법","전과조회","범죄의 검거 단서[건]","건","-","-","-","-","-","-","-","-","-","-","-","","-","-","-","-","0","-","-",
"하천법","기타","범죄의 검거 단서[건]","건","8","21","12","8","10","10","8","7","3","26","48","11","10","35","19","335","21","18","17",
"하천법","미상","범죄의 검거 단서[건]","건","","","","","","","","","16","","","","","","","","","","",
"학교보건법","계","범죄의 검거 단서[건]","건","815","512","401","248","179","172","271","940","600","702","552","80","1","9","-","1","0","-","-",
"학교보건법","현행범","범죄의 검거 단서[건]","건","12","-","1","6","2","4","3","27","21","16","9","1","-","-","-","1","0","-","-",
"학교보건법","피해자신고","범죄의 검거 단서[건]","건","2","1","2","2","1","-","-","11","5","2","2","1","-","-","-","-","0","-","-",
"학교보건법","고소","범죄의 검거 단서[건]","건","8","3","4","2","2","-","5","4","2","7","4","2","-","-","-","-","0","-","-",
"학교보건법","고발","범죄의 검거 단서[건]","건","717","459","340","194","158","138","130","239","80","82","55","21","-","-","-","-","0","-","-",
"학교보건법","자수","범죄의 검거 단서[건]","건","3","4","-","-","2","-","-","-","1","-","1","","-","-","-","-","0","-","-",
"학교보건법","민간체포","범죄의 검거 단서[건]","건","1","-","-","-","-","-","-","1","-","-","-","","-","-","-","-","0","-","-",
"학교보건법","진정투서","범죄의 검거 단서[건]","건","5","2","4","-","-","1","4","2","17","8","3","","-","1","-","-","0","-","-",
"학교보건법","타인신고","범죄의 검거 단서[건]","건","23","14","15","14","-","6","11","62","41","36","29","5","-","-","-","-","0","-","-",
"학교보건법","신문","범죄의 검거 단서[건]","건","2","-","-","-","-","-","-","-","-","-","-","","-","-","-","-","0","-","-",
"학교보건법","불심검문","범죄의 검거 단서[건]","건","4","4","8","8","1","2","4","44","28","45","24","2","-","-","-","-","0","-","-",
"학교보건법","탐문정보","범죄의 검거 단서[건]","건","13","4","9","7","-","5","43","150","107","131","103","7","-","3","-","-","0","-","-",
"학교보건법","안면식별","범죄의 검거 단서[건]","건","-","-","-","-","-","-","-","-","-","-","-","","-","-","-","-","0","-","-",
"학교보건법","감식자료","범죄의 검거 단서[건]","건","-","-","-","-","-","-","-","-","-","-","-","","-","-","-","-","0","-","-",
"학교보건법","변사체","범죄의 검거 단서[건]","건","-","-","-","-","-","-","-","-","-","-","-","","-","-","-","-","0","-","-",
"학교보건법","범죄수법","범죄의 검거 단서[건]","건","-","-","-","-","-","-","-","-","-","-","-","","-","-","-","-","0","-","-",
"학교보건법","발자국","범죄의 검거 단서[건]","건","-","-","-","-","-","-","-","-","-","-","-","","-","-","-","-","0","-","-",
"학교보건법","검사지휘","범죄의 검거 단서[건]","건","-","-","-","-","-","-","-","-","-","-","-","","-","-","-","-","0","-","-",
"학교보건법","타기관에서 이송","범죄의 검거 단서[건]","건","-","-","-","-","1","-","-","-","-","-","-","","-","-","-","-","0","-","-",
"학교보건법","범행도구등 발견","범죄의 검거 단서[건]","건","-","-","-","-","-","-","-","-","-","-","-","","-","-","-","-","0","-","-",
"학교보건법","장물","범죄의 검거 단서[건]","건","-","-","-","-","-","-","-","-","-","-","-","","-","-","-","-","0","-","-",
"학교보건법","전과조회","범죄의 검거 단서[건]","건","1","-","-","-","-","-","-","-","-","-","-","","-","-","-","-","0","-","-",
"학교보건법","기타","범죄의 검거 단서[건]","건","24","21","18","15","12","16","71","400","295","375","322","41","1","5","-","-","0","-","-",
"학교보건법","미상","범죄의 검거 단서[건]","건","","","","","","","","","3","","","","","","","","","","",
"학원의설립운영및과외교습에관한법률","계","범죄의 검거 단서[건]","건","","","","","","","","","897","721","532","510","511","405","376","370","292","239","320",
"학원의설립운영및과외교습에관한법률","현행범","범죄의 검거 단서[건]","건","","","","","","","","","-","-","-","","-","-","1","-","0","-","-",
"학원의설립운영및과외교습에관한법률","피해자신고","범죄의 검거 단서[건]","건","","","","","","","","","1","-","1","","1","-","2","1","0","1","2",
"학원의설립운영및과외교습에관한법률","고소","범죄의 검거 단서[건]","건","","","","","","","","","8","9","6","6","15","2","9","5","8","4","3",
"학원의설립운영및과외교습에관한법률","고발","범죄의 검거 단서[건]","건","","","","","","","","","845","660","505","484","469","382","339","338","267","217","290",
"학원의설립운영및과외교습에관한법률","자수","범죄의 검거 단서[건]","건","","","","","","","","","1","-","-","","-","-","-","-","0","1","-",
"학원의설립운영및과외교습에관한법률","민간체포","범죄의 검거 단서[건]","건","","","","","","","","","-","-","-","","-","-","-","-","0","-","-",
"학원의설립운영및과외교습에관한법률","진정투서","범죄의 검거 단서[건]","건","","","","","","","","","10","9","6","8","4","5","6","6","3","5","6",
"학원의설립운영및과외교습에관한법률","타인신고","범죄의 검거 단서[건]","건","","","","","","","","","6","6","4","4","6","4","5","9","3","3","4",
"학원의설립운영및과외교습에관한법률","신문","범죄의 검거 단서[건]","건","","","","","","","","","-","-","-","","-","-","-","-","0","-","-",
"학원의설립운영및과외교습에관한법률","불심검문","범죄의 검거 단서[건]","건","","","","","","","","","-","-","-","","-","-","-","-","0","-","-",
"학원의설립운영및과외교습에관한법률","탐문정보","범죄의 검거 단서[건]","건","","","","","","","","","5","8","3","","4","-","5","-","1","2","1",
"학원의설립운영및과외교습에관한법률","안면식별","범죄의 검거 단서[건]","건","","","","","","","","","-","-","-","","-","-","-","-","0","-","-",
"학원의설립운영및과외교습에관한법률","감식자료","범죄의 검거 단서[건]","건","","","","","","","","","-","-","-","","-","-","-","-","0","-","-",
"학원의설립운영및과외교습에관한법률","변사체","범죄의 검거 단서[건]","건","","","","","","","","","-","-","-","","-","-","-","-","0","-","-",
"학원의설립운영및과외교습에관한법률","범죄수법","범죄의 검거 단서[건]","건","","","","","","","","","-","-","-","","-","-","-","-","1","-","-",
"학원의설립운영및과외교습에관한법률","발자국","범죄의 검거 단서[건]","건","","","","","","","","","-","-","-","","-","-","-","-","0","-","-",
"학원의설립운영및과외교습에관한법률","검사지휘","범죄의 검거 단서[건]","건","","","","","","","","","-","-","-","","-","1","1","-","0","-","-",
"학원의설립운영및과외교습에관한법률","타기관에서 이송","범죄의 검거 단서[건]","건","","","","","","","","","1","1","-","","1","-","-","-","1","1","-",
"학원의설립운영및과외교습에관한법률","범행도구등 발견","범죄의 검거 단서[건]","건","","","","","","","","","-","-","-","","-","-","-","-","0","-","-",
"학원의설립운영및과외교습에관한법률","장물","범죄의 검거 단서[건]","건","","","","","","","","","-","-","-","","-","-","-","-","0","-","-",
"학원의설립운영및과외교습에관한법률","전과조회","범죄의 검거 단서[건]","건","","","","","","","","","-","-","-","","-","-","-","-","0","-","-",
"학원의설립운영및과외교습에관한법률","기타","범죄의 검거 단서[건]","건","","","","","","","","","18","28","7","8","11","11","8","11","8","5","14",
"학원의설립운영및과외교습에관한법률","미상","범죄의 검거 단서[건]","건","","","","","","","","","2","","","","","","","","","","",
"항만법","계","범죄의 검거 단서[건]","건","622","290","104","47","42","45","130","175","","","","","","","","","","","",
"항만법","현행범","범죄의 검거 단서[건]","건","4","110","5","1","1","-","1","1","","","","","","","","","","","",
"항만법","피해자신고","범죄의 검거 단서[건]","건","1","-","1","-","-","-","-","-","","","","","","","","","","","",
"항만법","고소","범죄의 검거 단서[건]","건","-","-","-","4","-","-","-","-","","","","","","","","","","","",
"항만법","고발","범죄의 검거 단서[건]","건","27","14","15","14","7","8","3","86","","","","","","","","","","","",
"항만법","자수","범죄의 검거 단서[건]","건","2","-","-","-","1","-","-","-","","","","","","","","","","","",
"항만법","민간체포","범죄의 검거 단서[건]","건","-","-","-","-","-","-","-","-","","","","","","","","","","","",
"항만법","진정투서","범죄의 검거 단서[건]","건","-","-","-","-","-","-","-","-","","","","","","","","","","","",
"항만법","타인신고","범죄의 검거 단서[건]","건","-","28","1","-","4","-","32","13","","","","","","","","","","","",
"항만법","신문","범죄의 검거 단서[건]","건","-","-","-","-","-","2","4","-","","","","","","","","","","","",
"항만법","불심검문","범죄의 검거 단서[건]","건","10","27","60","16","19","19","19","17","","","","","","","","","","","",
"항만법","탐문정보","범죄의 검거 단서[건]","건","414","106","-","1","5","2","56","11","","","","","","","","","","","",
"항만법","안면식별","범죄의 검거 단서[건]","건","-","-","-","-","-","-","-","-","","","","","","","","","","","",
"항만법","감식자료","범죄의 검거 단서[건]","건","-","-","-","-","-","-","-","-","","","","","","","","","","","",
"항만법","변사체","범죄의 검거 단서[건]","건","-","-","-","-","-","-","-","-","","","","","","","","","","","",
"항만법","범죄수법","범죄의 검거 단서[건]","건","-","-","-","-","-","-","-","-","","","","","","","","","","","",
"항만법","발자국","범죄의 검거 단서[건]","건","-","-","-","-","-","-","-","-","","","","","","","","","","","",
"항만법","검사지휘","범죄의 검거 단서[건]","건","-","-","-","-","-","-","-","-","","","","","","","","","","","",
"항만법","타기관에서 이송","범죄의 검거 단서[건]","건","-","-","3","-","1","-","1","-","","","","","","","","","","","",
"항만법","범행도구등 발견","범죄의 검거 단서[건]","건","-","-","-","-","-","-","-","-","","","","","","","","","","","",
"항만법","장물","범죄의 검거 단서[건]","건","-","-","-","-","-","-","-","-","","","","","","","","","","","",
"항만법","전과조회","범죄의 검거 단서[건]","건","-","-","-","-","-","-","-","-","","","","","","","","","","","",
"항만법","기타","범죄의 검거 단서[건]","건","164","5","19","11","4","14","14","47","","","","","","","","","","","",
"항만운송사업법","계","범죄의 검거 단서[건]","건","215","1342","1586","1154","28","118","511","197","","","","","","","","","","","",
"항만운송사업법","현행범","범죄의 검거 단서[건]","건","25","505","460","3","-","-","-","-","","","","","","","","","","","",
"항만운송사업법","피해자신고","범죄의 검거 단서[건]","건","-","-","-","-","-","-","-","-","","","","","","","","","","","",
"항만운송사업법","고소","범죄의 검거 단서[건]","건","-","-","-","-","-","-","-","-","","","","","","","","","","","",
"항만운송사업법","고발","범죄의 검거 단서[건]","건","-","-","-","-","2","-","-","21","","","","","","","","","","","",
"항만운송사업법","자수","범죄의 검거 단서[건]","건","-","-","-","-","-","-","-","-","","","","","","","","","","","",
"항만운송사업법","민간체포","범죄의 검거 단서[건]","건","-","-","-","-","-","-","-","-","","","","","","","","","","","",
"항만운송사업법","진정투서","범죄의 검거 단서[건]","건","-","-","2","-","-","-","-","-","","","","","","","","","","","",
"항만운송사업법","타인신고","범죄의 검거 단서[건]","건","-","2","1","313","1","-","2","154","","","","","","","","","","","",
"항만운송사업법","신문","범죄의 검거 단서[건]","건","-","1","-","110","-","1","-","-","","","","","","","","","","","",
"항만운송사업법","불심검문","범죄의 검거 단서[건]","건","3","442","848","148","6","54","445","7","","","","","","","","","","","",
"항만운송사업법","탐문정보","범죄의 검거 단서[건]","건","187","391","232","21","2","26","1","5","","","","","","","","","","","",
"항만운송사업법","안면식별","범죄의 검거 단서[건]","건","-","-","-","-","-","-","-","-","","","","","","","","","","","",
"항만운송사업법","감식자료","범죄의 검거 단서[건]","건","-","-","-","-","-","-","-","-","","","","","","","","","","","",
"항만운송사업법","변사체","범죄의 검거 단서[건]","건","-","-","2","-","-","-","-","-","","","","","","","","","","","",
"항만운송사업법","범죄수법","범죄의 검거 단서[건]","건","-","-","-","-","-","-","-","-","","","","","","","","","","","",
"항만운송사업법","발자국","범죄의 검거 단서[건]","건","-","-","-","-","-","-","-","-","","","","","","","","","","","",
"항만운송사업법","검사지휘","범죄의 검거 단서[건]","건","-","-","-","-","-","-","-","-","","","","","","","","","","","",
"항만운송사업법","타기관에서 이송","범죄의 검거 단서[건]","건","-","-","-","-","-","-","-","-","","","","","","","","","","","",
"항만운송사업법","범행도구등 발견","범죄의 검거 단서[건]","건","-","-","-","6","-","-","-","-","","","","","","","","","","","",
"항만운송사업법","장물","범죄의 검거 단서[건]","건","-","-","-","-","-","-","-","-","","","","","","","","","","","",
"항만운송사업법","전과조회","범죄의 검거 단서[건]","건","-","-","-","1","-","-","-","-","","","","","","","","","","","",
"항만운송사업법","기타","범죄의 검거 단서[건]","건","-","1","41","552","17","37","63","10","","","","","","","","","","","",
"해양오염방지법","계","범죄의 검거 단서[건]","건","2161","2099","208","5","4","4","1","1","","","","","","","","","","","",
"해양오염방지법","현행범","범죄의 검거 단서[건]","건","172","93","13","-","-","-","-","-","","","","","","","","","","","",
"해양오염방지법","피해자신고","범죄의 검거 단서[건]","건","21","13","5","1","-","-","-","-","","","","","","","","","","","",
"해양오염방지법","고소","범죄의 검거 단서[건]","건","3","-","-","-","-","-","-","-","","","","","","","","","","","",
"해양오염방지법","고발","범죄의 검거 단서[건]","건","8","6","1","-","-","-","-","-","","","","","","","","","","","",
"해양오염방지법","자수","범죄의 검거 단서[건]","건","6","11","1","-","-","-","-","-","","","","","","","","","","","",
"해양오염방지법","민간체포","범죄의 검거 단서[건]","건","-","-","-","-","-","-","-","-","","","","","","","","","","","",
"해양오염방지법","진정투서","범죄의 검거 단서[건]","건","4","231","-","-","-","-","-","-","","","","","","","","","","","",
"해양오염방지법","타인신고","범죄의 검거 단서[건]","건","281","111","14","2","-","-","-","-","","","","","","","","","","","",
"해양오염방지법","신문","범죄의 검거 단서[건]","건","12","1132","116","-","-","-","-","-","","","","","","","","","","","",
"해양오염방지법","불심검문","범죄의 검거 단서[건]","건","112","287","28","-","2","1","1","-","","","","","","","","","","","",
"해양오염방지법","탐문정보","범죄의 검거 단서[건]","건","1318","149","4","2","-","-","-","-","","","","","","","","","","","",
"해양오염방지법","안면식별","범죄의 검거 단서[건]","건","-","-","-","-","-","-","-","-","","","","","","","","","","","",
"해양오염방지법","감식자료","범죄의 검거 단서[건]","건","5","-","-","-","-","-","-","-","","","","","","","","","","","",
"해양오염방지법","변사체","범죄의 검거 단서[건]","건","1","-","-","-","-","-","-","-","","","","","","","","","","","",
"해양오염방지법","범죄수법","범죄의 검거 단서[건]","건","-","-","-","-","-","-","-","-","","","","","","","","","","","",
"해양오염방지법","발자국","범죄의 검거 단서[건]","건","-","-","-","-","-","-","-","-","","","","","","","","","","","",
"해양오염방지법","검사지휘","범죄의 검거 단서[건]","건","1","-","-","-","-","-","-","-","","","","","","","","","","","",
"해양오염방지법","타기관에서 이송","범죄의 검거 단서[건]","건","6","2","-","-","-","-","-","-","","","","","","","","","","","",
"해양오염방지법","범행도구등 발견","범죄의 검거 단서[건]","건","-","-","-","-","-","-","-","-","","","","","","","","","","","",
"해양오염방지법","장물","범죄의 검거 단서[건]","건","-","-","-","-","-","-","-","-","","","","","","","","","","","",
"해양오염방지법","전과조회","범죄의 검거 단서[건]","건","-","-","-","-","-","-","-","-","","","","","","","","","","","",
"해양오염방지법","기타","범죄의 검거 단서[건]","건","211","64","26","-","2","3","-","1","","","","","","","","","","","",
"화물자동차운수사업법","계","범죄의 검거 단서[건]","건","","","","","","","","","2028","2064","1541","2086","2363","2269","3170","3060","1064","1239","1294",
"화물자동차운수사업법","현행범","범죄의 검거 단서[건]","건","","","","","","","","","16","19","11","13","7","5","1","3","7","2","2",
"화물자동차운수사업법","피해자신고","범죄의 검거 단서[건]","건","","","","","","","","","32","22","16","16","23","13","16","14","12","17","16",
"화물자동차운수사업법","고소","범죄의 검거 단서[건]","건","","","","","","","","","20","21","19","22","28","27","27","13","15","9","14",
"화물자동차운수사업법","고발","범죄의 검거 단서[건]","건","","","","","","","","","814","537","454","567","549","545","1867","225","242","268","178",
"화물자동차운수사업법","자수","범죄의 검거 단서[건]","건","","","","","","","","","-","6","1","1","-","-","-","2","0","-","2",
"화물자동차운수사업법","민간체포","범죄의 검거 단서[건]","건","","","","","","","","","-","-","-","","-","-","-","-","0","-","-",
"화물자동차운수사업법","진정투서","범죄의 검거 단서[건]","건","","","","","","","","","86","217","107","136","232","290","201","78","145","205","208",
"화물자동차운수사업법","타인신고","범죄의 검거 단서[건]","건","","","","","","","","","820","933","696","900","1033","898","671","446","411","517","458",
"화물자동차운수사업법","신문","범죄의 검거 단서[건]","건","","","","","","","","","-","-","1","","-","-","-","-","0","-","7",
"화물자동차운수사업법","불심검문","범죄의 검거 단서[건]","건","","","","","","","","","19","12","30","43","44","10","77","50","57","51","99",
"화물자동차운수사업법","탐문정보","범죄의 검거 단서[건]","건","","","","","","","","","27","40","14","76","156","134","74","37","20","10","17",
"화물자동차운수사업법","안면식별","범죄의 검거 단서[건]","건","","","","","","","","","-","-","-","","-","-","-","-","0","-","-",
"화물자동차운수사업법","감식자료","범죄의 검거 단서[건]","건","","","","","","","","","-","-","-","","-","-","-","-","0","-","-",
"화물자동차운수사업법","변사체","범죄의 검거 단서[건]","건","","","","","","","","","-","-","-","","-","-","-","-","0","-","-",
"화물자동차운수사업법","범죄수법","범죄의 검거 단서[건]","건","","","","","","","","","-","-","-","","-","-","-","-","0","-","-",
"화물자동차운수사업법","발자국","범죄의 검거 단서[건]","건","","","","","","","","","-","-","-","","-","-","-","-","0","-","-",
"화물자동차운수사업법","검사지휘","범죄의 검거 단서[건]","건","","","","","","","","","1","-","-","","1","1","2","1","0","-","-",
"화물자동차운수사업법","타기관에서 이송","범죄의 검거 단서[건]","건","","","","","","","","","2","1","1","2","9","9","5","7","19","8","22",
"화물자동차운수사업법","범행도구등 발견","범죄의 검거 단서[건]","건","","","","","","","","","-","-","-","","-","-","-","-","0","-","-",
"화물자동차운수사업법","장물","범죄의 검거 단서[건]","건","","","","","","","","","-","1","-","","-","-","-","-","0","-","-",
"화물자동차운수사업법","전과조회","범죄의 검거 단서[건]","건","","","","","","","","","-","-","-","","-","-","-","-","0","-","-",
"화물자동차운수사업법","기타","범죄의 검거 단서[건]","건","","","","","","","","","183","255","191","310","281","337","229","2184","136","152","271",
"화물자동차운수사업법","미상","범죄의 검거 단서[건]","건","","","","","","","","","8","","","","","","","","","","",
"화재로인한재해보상과보험가입에관한법률","계","범죄의 검거 단서[건]","건","","","","","","","","","-","1","-","","1","-","17","27","6","8","8",
"화재로인한재해보상과보험가입에관한법률","현행범","범죄의 검거 단서[건]","건","","","","","","","","","-","-","-","","-","-","-","-","0","-","-",
"화재로인한재해보상과보험가입에관한법률","피해자신고","범죄의 검거 단서[건]","건","","","","","","","","","-","-","-","","-","-","-","-","0","-","-",
"화재로인한재해보상과보험가입에관한법률","고소","범죄의 검거 단서[건]","건","","","","","","","","","-","-","-","","-","-","-","-","0","2","-",
"화재로인한재해보상과보험가입에관한법률","고발","범죄의 검거 단서[건]","건","","","","","","","","","-","1","-","","1","-","17","26","5","6","8",
"화재로인한재해보상과보험가입에관한법률","자수","범죄의 검거 단서[건]","건","","","","","","","","","-","-","-","","-","-","-","-","0","-","-",
"화재로인한재해보상과보험가입에관한법률","민간체포","범죄의 검거 단서[건]","건","","","","","","","","","-","-","-","","-","-","-","-","0","-","-",
"화재로인한재해보상과보험가입에관한법률","진정투서","범죄의 검거 단서[건]","건","","","","","","","","","-","-","-","","-","-","-","-","0","-","-",
"화재로인한재해보상과보험가입에관한법률","타인신고","범죄의 검거 단서[건]","건","","","","","","","","","-","-","-","","-","-","-","-","0","-","-",
"화재로인한재해보상과보험가입에관한법률","신문","범죄의 검거 단서[건]","건","","","","","","","","","-","-","-","","-","-","-","-","0","-","-",
"화재로인한재해보상과보험가입에관한법률","불심검문","범죄의 검거 단서[건]","건","","","","","","","","","-","-","-","","-","-","-","-","0","-","-",
"화재로인한재해보상과보험가입에관한법률","탐문정보","범죄의 검거 단서[건]","건","","","","","","","","","-","-","-","","-","-","-","-","0","-","-",
"화재로인한재해보상과보험가입에관한법률","안면식별","범죄의 검거 단서[건]","건","","","","","","","","","-","-","-","","-","-","-","-","0","-","-",
"화재로인한재해보상과보험가입에관한법률","감식자료","범죄의 검거 단서[건]","건","","","","","","","","","-","-","-","","-","-","-","-","0","-","-",
"화재로인한재해보상과보험가입에관한법률","변사체","범죄의 검거 단서[건]","건","","","","","","","","","-","-","-","","-","-","-","-","0","-","-",
"화재로인한재해보상과보험가입에관한법률","범죄수법","범죄의 검거 단서[건]","건","","","","","","","","","-","-","-","","-","-","-","-","0","-","-",
"화재로인한재해보상과보험가입에관한법률","발자국","범죄의 검거 단서[건]","건","","","","","","","","","-","-","-","","-","-","-","-","0","-","-",
"화재로인한재해보상과보험가입에관한법률","검사지휘","범죄의 검거 단서[건]","건","","","","","","","","","-","-","-","","-","-","-","-","0","-","-",
"화재로인한재해보상과보험가입에관한법률","타기관에서 이송","범죄의 검거 단서[건]","건","","","","","","","","","-","-","-","","-","-","-","-","0","-","-",
"화재로인한재해보상과보험가입에관한법률","범행도구등 발견","범죄의 검거 단서[건]","건","","","","","","","","","-","-","-","","-","-","-","-","0","-","-",
"화재로인한재해보상과보험가입에관한법률","장물","범죄의 검거 단서[건]","건","","","","","","","","","-","-","-","","-","-","-","-","0","-","-",
"화재로인한재해보상과보험가입에관한법률","전과조회","범죄의 검거 단서[건]","건","","","","","","","","","-","-","-","","-","-","-","-","0","-","-",
"화재로인한재해보상과보험가입에관한법률","기타","범죄의 검거 단서[건]","건","","","","","","","","","-","-","-","","-","-","-","1","1","-","-",
"화재로인한재해보상과보험가입에관한법률","미상","범죄의 검거 단서[건]","건","","","","","","","","","-","","","","","","","","","","",
"화재보험법","계","범죄의 검거 단서[건]","건","13","13","9","17","6","3","3","1","","","","","","","","","","","",
"화재보험법","현행범","범죄의 검거 단서[건]","건","-","-","1","-","-","-","-","-","","","","","","","","","","","",
"화재보험법","피해자신고","범죄의 검거 단서[건]","건","3","4","2","7","3","1","-","1","","","","","","","","","","","",
"화재보험법","고소","범죄의 검거 단서[건]","건","-","1","-","-","-","-","-","-","","","","","","","","","","","",
"화재보험법","고발","범죄의 검거 단서[건]","건","1","2","-","-","-","1","2","-","","","","","","","","","","","",
"화재보험법","자수","범죄의 검거 단서[건]","건","2","1","-","-","1","-","-","-","","","","","","","","","","","",
"화재보험법","민간체포","범죄의 검거 단서[건]","건","-","-","-","-","-","-","-","-","","","","","","","","","","","",
"화재보험법","진정투서","범죄의 검거 단서[건]","건","-","-","-","-","-","-","-","-","","","","","","","","","","","",
"화재보험법","타인신고","범죄의 검거 단서[건]","건","2","1","-","3","-","-","-","-","","","","","","","","","","","",
"화재보험법","신문","범죄의 검거 단서[건]","건","1","-","1","1","1","-","-","-","","","","","","","","","","","",
"화재보험법","불심검문","범죄의 검거 단서[건]","건","-","-","-","-","-","-","-","-","","","","","","","","","","","",
"화재보험법","탐문정보","범죄의 검거 단서[건]","건","1","2","2","1","-","1","-","-","","","","","","","","","","","",
"화재보험법","안면식별","범죄의 검거 단서[건]","건","-","-","-","-","-","-","-","-","","","","","","","","","","","",
"화재보험법","감식자료","범죄의 검거 단서[건]","건","2","-","-","-","-","-","-","-","","","","","","","","","","","",
"화재보험법","변사체","범죄의 검거 단서[건]","건","-","-","-","-","-","-","-","-","","","","","","","","","","","",
"화재보험법","범죄수법","범죄의 검거 단서[건]","건","-","-","-","-","-","-","-","-","","","","","","","","","","","",
"화재보험법","발자국","범죄의 검거 단서[건]","건","-","-","-","-","-","-","-","-","","","","","","","","","","","",
"화재보험법","검사지휘","범죄의 검거 단서[건]","건","-","-","-","-","-","-","-","-","","","","","","","","","","","",
"화재보험법","타기관에서 이송","범죄의 검거 단서[건]","건","-","-","-","-","-","-","-","-","","","","","","","","","","","",
"화재보험법","범행도구등 발견","범죄의 검거 단서[건]","건","-","-","-","-","-","-","-","-","","","","","","","","","","","",
"화재보험법","장물","범죄의 검거 단서[건]","건","-","-","-","-","-","-","-","-","","","","","","","","","","","",
"화재보험법","전과조회","범죄의 검거 단서[건]","건","-","-","-","-","-","-","-","-","","","","","","","","","","","",
"화재보험법","기타","범죄의 검거 단서[건]","건","1","2","3","5","1","-","1","-","","","","","","","","","","","",
"화재예방?소방시설설치유지및안전관리에관한법률","계","범죄의 검거 단서[건]","건","","","","","","","","","421","558","174","27","384","507","392","517","","","",
"화재예방?소방시설설치유지및안전관리에관한법률","현행범","범죄의 검거 단서[건]","건","","","","","","","","","12","15","4","1","15","13","14","32","","","",
"화재예방?소방시설설치유지및안전관리에관한법률","피해자신고","범죄의 검거 단서[건]","건","","","","","","","","","-","-","-","","1","1","-","1","","","",
"화재예방?소방시설설치유지및안전관리에관한법률","고소","범죄의 검거 단서[건]","건","","","","","","","","","4","1","1","1","2","1","-","2","","","",
"화재예방?소방시설설치유지및안전관리에관한법률","고발","범죄의 검거 단서[건]","건","","","","","","","","","6","10","6","2","6","20","5","1","","","",
"화재예방?소방시설설치유지및안전관리에관한법률","자수","범죄의 검거 단서[건]","건","","","","","","","","","1","4","1","","1","2","-","-","","","",
"화재예방?소방시설설치유지및안전관리에관한법률","민간체포","범죄의 검거 단서[건]","건","","","","","","","","","-","-","-","","-","-","-","-","","","",
"화재예방?소방시설설치유지및안전관리에관한법률","진정투서","범죄의 검거 단서[건]","건","","","","","","","","","1","4","-","","-","4","5","-","","","",
"화재예방?소방시설설치유지및안전관리에관한법률","타인신고","범죄의 검거 단서[건]","건","","","","","","","","","1","5","1","","-","-","-","13","","","",
"화재예방?소방시설설치유지및안전관리에관한법률","신문","범죄의 검거 단서[건]","건","","","","","","","","","-","2","1","","4","1","-","2","","","",
"화재예방?소방시설설치유지및안전관리에관한법률","불심검문","범죄의 검거 단서[건]","건","","","","","","","","","2","-","-","","-","-","-","5","","","",
"화재예방?소방시설설치유지및안전관리에관한법률","탐문정보","범죄의 검거 단서[건]","건","","","","","","","","","16","13","2","","4","7","6","9","","","",
"화재예방?소방시설설치유지및안전관리에관한법률","안면식별","범죄의 검거 단서[건]","건","","","","","","","","","-","-","-","","-","-","-","-","","","",
"화재예방?소방시설설치유지및안전관리에관한법률","감식자료","범죄의 검거 단서[건]","건","","","","","","","","","-","-","-","","-","-","-","-","","","",
"화재예방?소방시설설치유지및안전관리에관한법률","변사체","범죄의 검거 단서[건]","건","","","","","","","","","-","-","-","","1","-","-","-","","","",
"화재예방?소방시설설치유지및안전관리에관한법률","범죄수법","범죄의 검거 단서[건]","건","","","","","","","","","-","-","-","","-","-","-","-","","","",
"화재예방?소방시설설치유지및안전관리에관한법률","발자국","범죄의 검거 단서[건]","건","","","","","","","","","-","-","-","","-","-","-","-","","","",
"화재예방?소방시설설치유지및안전관리에관한법률","검사지휘","범죄의 검거 단서[건]","건","","","","","","","","","1","1","-","","-","-","-","-","","","",
"화재예방?소방시설설치유지및안전관리에관한법률","타기관에서 이송","범죄의 검거 단서[건]","건","","","","","","","","","-","3","-","","-","1","3","1","","","",
"화재예방?소방시설설치유지및안전관리에관한법률","범행도구등 발견","범죄의 검거 단서[건]","건","","","","","","","","","-","-","-","","-","-","-","-","","","",
"화재예방?소방시설설치유지및안전관리에관한법률","장물","범죄의 검거 단서[건]","건","","","","","","","","","-","-","-","","-","-","-","-","","","",
"화재예방?소방시설설치유지및안전관리에관한법률","전과조회","범죄의 검거 단서[건]","건","","","","","","","","","-","-","-","","-","-","-","-","","","",
"화재예방?소방시설설치유지및안전관리에관한법률","기타","범죄의 검거 단서[건]","건","","","","","","","","","77","500","158","23","350","457","359","451","","","",
"화재예방?소방시설설치유지및안전관리에관한법률","미상","범죄의 검거 단서[건]","건","","","","","","","","","300","","","","","","","","","","",
"화재의예방및안전관리에관한법률/소방시설설치및관리에관한법률","계","범죄의 검거 단서[건]","건","","","","","","","","","","","","","","","","","499","849","1047",
"화재의예방및안전관리에관한법률/소방시설설치및관리에관한법률","현행범","범죄의 검거 단서[건]","건","","","","","","","","","","","","","","","","","14","51","73",
"화재의예방및안전관리에관한법률/소방시설설치및관리에관한법률","피해자신고","범죄의 검거 단서[건]","건","","","","","","","","","","","","","","","","","0","-","1",
"화재의예방및안전관리에관한법률/소방시설설치및관리에관한법률","고소","범죄의 검거 단서[건]","건","","","","","","","","","","","","","","","","","1","1","2",
"화재의예방및안전관리에관한법률/소방시설설치및관리에관한법률","고발","범죄의 검거 단서[건]","건","","","","","","","","","","","","","","","","","4","10","8",
"화재의예방및안전관리에관한법률/소방시설설치및관리에관한법률","자수","범죄의 검거 단서[건]","건","","","","","","","","","","","","","","","","","1","7","2",
"화재의예방및안전관리에관한법률/소방시설설치및관리에관한법률","민간체포","범죄의 검거 단서[건]","건","","","","","","","","","","","","","","","","","0","-","-",
"화재의예방및안전관리에관한법률/소방시설설치및관리에관한법률","진정투서","범죄의 검거 단서[건]","건","","","","","","","","","","","","","","","","","0","1","2",
"화재의예방및안전관리에관한법률/소방시설설치및관리에관한법률","타인신고","범죄의 검거 단서[건]","건","","","","","","","","","","","","","","","","","11","2","1",
"화재의예방및안전관리에관한법률/소방시설설치및관리에관한법률","신문","범죄의 검거 단서[건]","건","","","","","","","","","","","","","","","","","1","12","15",
"화재의예방및안전관리에관한법률/소방시설설치및관리에관한법률","불심검문","범죄의 검거 단서[건]","건","","","","","","","","","","","","","","","","","0","-","-",
"화재의예방및안전관리에관한법률/소방시설설치및관리에관한법률","탐문정보","범죄의 검거 단서[건]","건","","","","","","","","","","","","","","","","","1","7","7",
"화재의예방및안전관리에관한법률/소방시설설치및관리에관한법률","안면식별","범죄의 검거 단서[건]","건","","","","","","","","","","","","","","","","","0","-","-",
"화재의예방및안전관리에관한법률/소방시설설치및관리에관한법률","감식자료","범죄의 검거 단서[건]","건","","","","","","","","","","","","","","","","","0","-","-",
"화재의예방및안전관리에관한법률/소방시설설치및관리에관한법률","변사체","범죄의 검거 단서[건]","건","","","","","","","","","","","","","","","","","0","-","1",
"화재의예방및안전관리에관한법률/소방시설설치및관리에관한법률","범죄수법","범죄의 검거 단서[건]","건","","","","","","","","","","","","","","","","","0","-","-",
"화재의예방및안전관리에관한법률/소방시설설치및관리에관한법률","발자국","범죄의 검거 단서[건]","건","","","","","","","","","","","","","","","","","0","-","-",
"화재의예방및안전관리에관한법률/소방시설설치및관리에관한법률","검사지휘","범죄의 검거 단서[건]","건","","","","","","","","","","","","","","","","","0","-","-",
"화재의예방및안전관리에관한법률/소방시설설치및관리에관한법률","타기관에서 이송","범죄의 검거 단서[건]","건","","","","","","","","","","","","","","","","","0","-","1",
"화재의예방및안전관리에관한법률/소방시설설치및관리에관한법률","범행도구등 발견","범죄의 검거 단서[건]","건","","","","","","","","","","","","","","","","","0","-","-",
"화재의예방및안전관리에관한법률/소방시설설치및관리에관한법률","장물","범죄의 검거 단서[건]","건","","","","","","","","","","","","","","","","","0","-","-",
"화재의예방및안전관리에관한법률/소방시설설치및관리에관한법률","전과조회","범죄의 검거 단서[건]","건","","","","","","","","","","","","","","","","","0","-","-",
"화재의예방및안전관리에관한법률/소방시설설치및관리에관한법률","기타","범죄의 검거 단서[건]","건","","","","","","","","","","","","","","","","","466","758","934",
"화학물질관리법","계","범죄의 검거 단서[건]","건","","","","","","","","","518","555","641","683","469","627","693","598","999","466","395",
"화학물질관리법","현행범","범죄의 검거 단서[건]","건","","","","","","","","","135","144","163","133","108","117","94","89","65","61","59",
"화학물질관리법","피해자신고","범죄의 검거 단서[건]","건","","","","","","","","","16","13","11","17","9","26","16","10","9","5","5",
"화학물질관리법","고소","범죄의 검거 단서[건]","건","","","","","","","","","1","-","-","2","-","1","3","3","0","-","3",
"화학물질관리법","고발","범죄의 검거 단서[건]","건","","","","","","","","","67","11","20","12","9","33","113","64","46","30","25",
"화학물질관리법","자수","범죄의 검거 단서[건]","건","","","","","","","","","5","8","5","4","5","11","4","5","2","7","7",
"화학물질관리법","민간체포","범죄의 검거 단서[건]","건","","","","","","","","","-","1","-","","-","1","-","-","0","-","-",
"화학물질관리법","진정투서","범죄의 검거 단서[건]","건","","","","","","","","","3","3","2","1","3","16","5","2","0","3","6",
"화학물질관리법","타인신고","범죄의 검거 단서[건]","건","","","","","","","","","95","104","98","108","89","115","97","65","513","62","58",
"화학물질관리법","신문","범죄의 검거 단서[건]","건","","","","","","","","","4","1","-","","-","1","-","-","0","1","-",
"화학물질관리법","불심검문","범죄의 검거 단서[건]","건","","","","","","","","","2","7","1","5","1","-","2","1","0","-","-",
"화학물질관리법","탐문정보","범죄의 검거 단서[건]","건","","","","","","","","","14","24","47","17","18","32","11","119","32","23","11",
"화학물질관리법","안면식별","범죄의 검거 단서[건]","건","","","","","","","","","-","-","-","","-","-","-","-","0","-","-",
"화학물질관리법","감식자료","범죄의 검거 단서[건]","건","","","","","","","","","-","1","1","","-","1","-","-","1","-","-",
"화학물질관리법","변사체","범죄의 검거 단서[건]","건","","","","","","","","","-","-","-","","-","1","-","-","0","-","-",
"화학물질관리법","범죄수법","범죄의 검거 단서[건]","건","","","","","","","","","-","-","-","","-","-","-","-","0","-","-",
"화학물질관리법","발자국","범죄의 검거 단서[건]","건","","","","","","","","","-","-","-","","-","-","-","-","0","-","-",
"화학물질관리법","검사지휘","범죄의 검거 단서[건]","건","","","","","","","","","3","-","-","","-","-","2","-","0","-","-",
"화학물질관리법","타기관에서 이송","범죄의 검거 단서[건]","건","","","","","","","","","3","3","-","2","3","4","4","2","5","1","-",
"화학물질관리법","범행도구등 발견","범죄의 검거 단서[건]","건","","","","","","","","","1","3","-","1","1","1","3","-","0","-","-",
"화학물질관리법","장물","범죄의 검거 단서[건]","건","","","","","","","","","-","-","-","","-","-","-","-","0","-","-",
"화학물질관리법","전과조회","범죄의 검거 단서[건]","건","","","","","","","","","-","-","-","","-","-","-","-","0","-","-",
"화학물질관리법","기타","범죄의 검거 단서[건]","건","","","","","","","","","21","232","293","381","223","267","339","238","326","273","221",
"화학물질관리법","미상","범죄의 검거 단서[건]","건","","","","","","","","","148","","","","","","","","","","",
"기타특별법","계","범죄의 검거 단서[건]","건","25015","66327","74409","94535","68799","74393","71551","87308","26896","38628","39236","48572","52432","59384","49268","55508","55783","60889","62984",
"기타특별법","현행범","범죄의 검거 단서[건]","건","3624","15189","14522","15002","9985","9315","7204","8143","1455","1463","1329","1204","966","949","702","804","993","1161","954",
"기타특별법","피해자신고","범죄의 검거 단서[건]","건","308","1902","9147","11348","9632","9496","9383","9870","5384","5541","6540","9493","10488","11133","5279","4990","4924","4690","4797",
"기타특별법","고소","범죄의 검거 단서[건]","건","1302","1848","2395","2693","2140","2107","2572","3264","1283","1450","1597","1519","1683","1964","2102","1940","1930","2601","2919",
"기타특별법","고발","범죄의 검거 단서[건]","건","7077","8135","8143","10486","10138","9419","10211","13342","4154","4658","4959","5845","5923","8020","5804","8775","8218","8116","7180",
"기타특별법","자수","범죄의 검거 단서[건]","건","103","225","390","386","271","228","203","714","137","137","201","306","340","394","2597","305","355","333","288",
"기타특별법","민간체포","범죄의 검거 단서[건]","건","22","35","26","36","46","30","18","21","6","15","12","2","5","10","1","3","3","1","1",
"기타특별법","진정투서","범죄의 검거 단서[건]","건","322","1140","2061","2473","2144","2282","2122","3915","683","996","1089","994","1105","3154","2282","2399","2242","2826","2749",
"기타특별법","타인신고","범죄의 검거 단서[건]","건","1793","8859","11128","11343","10262","9754","9502","11254","5285","8430","5776","6313","7061","6529","7746","6202","5281","6647","7951",
"기타특별법","신문","범죄의 검거 단서[건]","건","49","149","477","516","132","91","215","170","27","107","33","123","50","51","54","79","77","162","504",
"기타특별법","불심검문","범죄의 검거 단서[건]","건","563","3792","4452","4693","3372","1861","3213","4506","393","2984","2838","2130","2092","1383","3118","1981","1754","4293","2274",
"기타특별법","탐문정보","범죄의 검거 단서[건]","건","5287","13180","8962","20176","6509","8759","9120","10187","1983","4591","4572","8988","9805","9500","3396","6502","11482","9351","10712",
"기타특별법","안면식별","범죄의 검거 단서[건]","건","3","4","-","6","6","-","-","4","-","1","-","2","2","2","1","1","1","1","2",
"기타특별법","감식자료","범죄의 검거 단서[건]","건","9","-","3","4","23","5","3","11","5","1","-","8","8","209","-","6","2","2","2",
"기타특별법","변사체","범죄의 검거 단서[건]","건","3","10","1","5","3","3","5","6","4","5","3","7","7","6","2","4","4","-","3",
"기타특별법","범죄수법","범죄의 검거 단서[건]","건","-","5","4","6","2","11","2","5","3","13","3","6","4","1","5","10","23","5","14",
"기타특별법","발자국","범죄의 검거 단서[건]","건","-","-","1","-","1","-","-","-","-","-","-","","-","-","-","-","0","-","-",
"기타특별법","검사지휘","범죄의 검거 단서[건]","건","35","78","128","165","299","147","111","147","42","60","46","56","69","88","106","33","9","8","7",
"기타특별법","타기관에서 이송","범죄의 검거 단서[건]","건","44","56","68","93","104","63","92","110","71","111","167","114","178","426","212","250","267","343","368",
"기타특별법","범행도구등 발견","범죄의 검거 단서[건]","건","6","6","74","38","18","18","20","8","5","4","11","13","1","4","2","7","18","29","20",
"기타특별법","장물","범죄의 검거 단서[건]","건","6","10","17","12","3","1","-","-","-","-","2","3","-","-","-","1","0","3","2",
"기타특별법","전과조회","범죄의 검거 단서[건]","건","1","17","24","36","15","1","4","5","5","5","5","4","4","10","5","4","6","16","46",
"기타특별법","기타","범죄의 검거 단서[건]","건","4458","11687","12386","15018","13694","20802","17551","21626","4315","8056","10053","11442","12641","15551","15854","21212","18194","20301","22191",
"기타특별법","미상","범죄의 검거 단서[건]","건","","","","","","","","","1656","","","","","","","","","","",
