"범죄별","기간별","항목","단위","1993 년","1994 년","1995 년","1996 년","1997 년","1998 년","1999 년","2000 년","2001 년","2002 년","2003 년","2004 년","2005 년",
"총계","합계","범죄발생부터 인지까지의 기간[건]","건","","","1399085","1494846","1588613","1765887","1732522","1867882","1985980","1977665","2004329","2080901","1893896",
"총계","1시간 이내","범죄발생부터 인지까지의 기간[건]","건","","","267471","306218","385070","461286","461333","547456","618670","668738","663371","26177","661695",
"총계","2시간 이내","범죄발생부터 인지까지의 기간[건]","건","","","87240","89579","86660","91856","90822","99819","92580","76834","82660","2858","39010",
"총계","5시간 이내","범죄발생부터 인지까지의 기간[건]","건","","","45756","45085","45657","46779","47410","51455","50312","41978","41192","2447","39791",
"총계","12시간 이내","범죄발생부터 인지까지의 기간[건]","건","","","26799","27306","29970","32201","33284","44295","41990","32530","32693","1965","51891",
"총계","24시간 이내","범죄발생부터 인지까지의 기간[건]","건","","","74430","91938","113037","111580","105704","128951","139539","128962","132632","5124","70206",
"총계","2일 이내","범죄발생부터 인지까지의 기간[건]","건","","","58613","64034","68356","76034","67948","75752","74199","66733","63634","3520","53048",
"총계","5일 이내","범죄발생부터 인지까지의 기간[건]","건","","","122276","127541","128943","138240","120640","127663","126536","112808","111260","6291","105523",
"총계","10일 이내","범죄발생부터 인지까지의 기간[건]","건","","","96891","102824","104570","105492","97847","104803","110171","100565","97361","7516","97063",
"총계","1개월 이내","범죄발생부터 인지까지의 기간[건]","건","","","162530","161962","164763","164302","166777","183045","190520","192152","196254","27414","182430",
"총계","3개월 이내","범죄발생부터 인지까지의 기간[건]","건","","","145432","140193","135577","145931","146695","160996","169222","178283","182015","29754","172829",
"총계","3개월 초과","범죄발생부터 인지까지의 기간[건]","건","","","311647","338166","326010","392186","394062","343647","372241","378082","401257","1967835","420410",
"형법범","합계","범죄발생부터 인지까지의 기간[건]","건","287451","325238","361175","404965","397580","452260","462253","523609","553673","797395","857488","826886","825840",
"형법범","1시간 이내","범죄발생부터 인지까지의 기간[건]","건","37183","30606","31260","35072","38867","49236","60517","89010","93504","201089","203976","8828","199365",
"형법범","2시간 이내","범죄발생부터 인지까지의 기간[건]","건","5199","8186","8177","8522","9020","10989","10769","17778","16901","29510","32112","1496","22298",
"형법범","5시간 이내","범죄발생부터 인지까지의 기간[건]","건","6659","7717","7705","7736","8435","9306","10160","17575","17989","23058","24044","1267","28202",
"형법범","12시간 이내","범죄발생부터 인지까지의 기간[건]","건","7863","8425","8415","9375","10813","11153","11723","22724","22010","21736","24037","1073","37170",
"형법범","24시간 이내","범죄발생부터 인지까지의 기간[건]","건","13824","14011","14466","16641","18665","19394","20289","39018","40540","55821","60952","1179","39780",
"형법범","2일 이내","범죄발생부터 인지까지의 기간[건]","건","11494","13052","12270","13603","13974","14390","14953","23780","22717","29538","30434","1209","29336",
"형법범","5일 이내","범죄발생부터 인지까지의 기간[건]","건","21516","17741","17206","18803","20020","20660","21006","29488","29757","41894","43040","2228","49086",
"형법범","10일 이내","범죄발생부터 인지까지의 기간[건]","건","12832","12398","11948","13014","13233","13752","14244","19016","20081","29420","30329","2154","36697",
"형법범","30일 이내","범죄발생부터 인지까지의 기간[건]","건","23606","","","","","","","","","","","","",
"형법범","90일 이내","범죄발생부터 인지까지의 기간[건]","건","26835","","","","","","","","","","","","",
"형법범","90일 이상","범죄발생부터 인지까지의 기간[건]","건","120440","","","","","","","","","","","","",
"형법범","1개월 이내","범죄발생부터 인지까지의 기간[건]","건","","23626","23004","23710","23931","24858","26126","31769","34309","52299","54383","5058","55058",
"형법범","3개월 이내","범죄발생부터 인지까지의 기간[건]","건","","36511","36700","38409","38179","40851","39960","43897","48558","70293","73882","6486","68578",
"형법범","3개월 초과","범죄발생부터 인지까지의 기간[건]","건","","152965","190024","220080","202443","237671","232506","189554","207307","242737","280299","795908","260270",
"재산범죄","합계","범죄발생부터 인지까지의 기간[건]","건","185929","222075","264914","304260","295981","338943","319627","368404","392473","415572","470826","447163","442015",
"재산범죄","1시간 이내","범죄발생부터 인지까지의 기간[건]","건","15247","14293","15104","17776","20188","25168","25874","49908","51773","46223","48079","2218","47439",
"재산범죄","2시간 이내","범죄발생부터 인지까지의 기간[건]","건","2252","3776","4221","4615","5161","6007","4917","10652","9826","7557","8769","345","6185",
"재산범죄","5시간 이내","범죄발생부터 인지까지의 기간[건]","건","3175","3485","4077","4387","5158","5475","5170","12206","12516","9247","10444","382","12206",
"재산범죄","12시간 이내","범죄발생부터 인지까지의 기간[건]","건","4674","4462","5349","6453","7883","7925","7753","18840","18666","13106","15259","480","21967",
"재산범죄","24시간 이내","범죄발생부터 인지까지의 기간[건]","건","5986","6806","7981","9475","11557","11915","10882","28194","29810","22394","26550","545","22108",
"재산범죄","2일 이내","범죄발생부터 인지까지의 기간[건]","건","5093","6256","6655","7753","8853","8879","8209","16865","16056","13021","14631","486","16818",
"재산범죄","5일 이내","범죄발생부터 인지까지의 기간[건]","건","11041","8222","8789","9900","11327","11640","10774","18909","19058","17145","18319","884","24896",
"재산범죄","10일 이내","범죄발생부터 인지까지의 기간[건]","건","7057","6327","6508","6972","7428","7798","7271","11535","12420","12927","13461","877","16864",
"재산범죄","30일 이내","범죄발생부터 인지까지의 기간[건]","건","13811","","","","","","","","","","","","",
"재산범죄","90일 이내","범죄발생부터 인지까지의 기간[건]","건","18202","","","","","","","","","","","","",
"재산범죄","90일 이상","범죄발생부터 인지까지의 기간[건]","건","99391","","","","","","","","","","","","",
"재산범죄","1개월 이내","범죄발생부터 인지까지의 기간[건]","건","","13440","13647","14170","14274","15211","15005","19237","21814","28894","29329","2160","25668",
"재산범죄","3개월 이내","범죄발생부터 인지까지의 기간[건]","건","","25346","26409","27540","27204","29453","26982","29547","34499","49345","51071","3641","41150",
"재산범죄","3개월 초과","범죄발생부터 인지까지의 기간[건]","건","","129662","166174","195219","176948","209472","196790","152511","166035","195713","234914","435145","206714",
"절도","합계","범죄발생부터 인지까지의 기간[건]","건","60492","57174","60790","68812","80995","87860","82584","165261","169121","179208","187871","154850","191114",
"절도","1시간 이내","범죄발생부터 인지까지의 기간[건]","건","13002","11364","12048","14056","17277","19999","18763","38327","37629","29709","32780","1105","38187",
"절도","2시간 이내","범죄발생부터 인지까지의 기간[건]","건","2034","3261","3797","4187","4707","5333","4064","8998","8163","6117","7051","254","5096",
"절도","5시간 이내","범죄발생부터 인지까지의 기간[건]","건","2858","2961","3573","3934","4647","4732","4183","10512","10368","7406","8528","275","10414",
"절도","12시간 이내","범죄발생부터 인지까지의 기간[건]","건","4388","3982","4957","6047","7443","7035","6189","17092","16664","11547","13656","394","19983",
"절도","24시간 이내","범죄발생부터 인지까지의 기간[건]","건","5145","5569","6697","8192","10138","10182","8870","24112","24737","18112","22218","390","18955",
"절도","2일 이내","범죄발생부터 인지까지의 기간[건]","건","4260","5139","5659","6696","7717","7579","6734","14262","13454","10497","12008","378","14370",
"절도","5일 이내","범죄발생부터 인지까지의 기간[건]","건","6796","6189","6853","7893","9197","9335","8149","15362","15081","13337","14275","629","20510",
"절도","10일 이내","범죄발생부터 인지까지의 기간[건]","건","3808","3791","3947","4301","4788","5123","4390","8061","8473","8811","9076","585","12612",
"절도","30일 이내","범죄발생부터 인지까지의 기간[건]","건","5845","","","","","","","","","","","","",
"절도","90일 이내","범죄발생부터 인지까지의 기간[건]","건","4600","","","","","","","","","","","","",
"절도","90일 이상","범죄발생부터 인지까지의 기간[건]","건","7756","","","","","","","","","","","","",
"절도","1개월 이내","범죄발생부터 인지까지의 기간[건]","건","","5416","5034","5205","5744","6532","6527","9444","10563","15966","15547","773","15340",
"절도","3개월 이내","범죄발생부터 인지까지의 기간[건]","건","","4445","3722","3715","4066","5115","5878","7584","9117","18823","15763","805","15659",
"절도","3개월 초과","범죄발생부터 인지까지의 기간[건]","건","","5057","4503","4586","5271","6895","8837","11507","14872","38883","36969","149262","19988",
"장물","합계","범죄발생부터 인지까지의 기간[건]","건","971","1137","897","889","992","1744","1889","1535","1319","1418","1145","1581","3547",
"장물","1시간 이내","범죄발생부터 인지까지의 기간[건]","건","22","37","34","38","28","77","79","78","68","59","49","6","157",
"장물","2시간 이내","범죄발생부터 인지까지의 기간[건]","건","4","8","8","5","12","13","7","10","8","4","6","-","6",
"장물","5시간 이내","범죄발생부터 인지까지의 기간[건]","건","11","15","14","14","13","19","15","10","9","4","13","-","15",
"장물","12시간 이내","범죄발생부터 인지까지의 기간[건]","건","8","22","16","17","7","26","26","15","16","14","13","-","22",
"장물","24시간 이내","범죄발생부터 인지까지의 기간[건]","건","35","32","47","26","35","52","42","46","28","32","21","1","32",
"장물","2일 이내","범죄발생부터 인지까지의 기간[건]","건","41","51","46","45","53","51","45","47","43","46","32","3","46",
"장물","5일 이내","범죄발생부터 인지까지의 기간[건]","건","104","124","107","89","100","151","139","122","97","96","62","1","106",
"장물","10일 이내","범죄발생부터 인지까지의 기간[건]","건","91","123","96","90","89","160","149","116","98","130","89","5","141",
"장물","30일 이내","범죄발생부터 인지까지의 기간[건]","건","210","","","","","","","","","","","","",
"장물","90일 이내","범죄발생부터 인지까지의 기간[건]","건","167","","","","","","","","","","","","",
"장물","90일 이상","범죄발생부터 인지까지의 기간[건]","건","278","","","","","","","","","","","","",
"장물","1개월 이내","범죄발생부터 인지까지의 기간[건]","건","","264","168","168","173","336","394","287","228","311","230","17","373",
"장물","3개월 이내","범죄발생부터 인지까지의 기간[건]","건","","254","184","185","194","316","395","316","264","234","238","29","1423",
"장물","3개월 초과","범죄발생부터 인지까지의 기간[건]","건","","207","177","212","218","543","598","488","460","488","392","1519","1226",
"사기","합계","범죄발생부터 인지까지의 기간[건]","건","97854","132553","170613","200879","182052","210436","195197","161986","180350","195914","240359","246204","203697",
"사기","1시간 이내","범죄발생부터 인지까지의 기간[건]","건","1291","1819","1863","2301","1634","3195","4608","7164","8782","11061","10472","838","5202",
"사기","2시간 이내","범죄발생부터 인지까지의 기간[건]","건","120","263","204","198","234","337","497","912","922","807","1061","56","692",
"사기","5시간 이내","범죄발생부터 인지까지의 기간[건]","건","174","267","295","259","318","468","727","1089","1306","1252","1324","77","1235",
"사기","12시간 이내","범죄발생부터 인지까지의 기간[건]","건","101","206","167","196","207","603","1114","662","785","667","752","62","901",
"사기","24시간 이내","범죄발생부터 인지까지의 기간[건]","건","361","673","738","747","785","957","1138","1745","2307","2126","2240","105","1714",
"사기","2일 이내","범죄발생부터 인지까지의 기간[건]","건","398","498","439","514","549","604","731","1001","1124","1172","1234","64","1332",
"사기","5일 이내","범죄발생부터 인지까지의 기간[건]","건","2498","913","916","985","1040","1107","1381","1571","2046","2132","2337","167","2410",
"사기","10일 이내","범죄발생부터 인지까지의 기간[건]","건","2206","1464","1517","1604","1564","1549","1716","1981","2455","2779","3026","173","2670",
"사기","30일 이내","범죄발생부터 인지까지의 기간[건]","건","5672","","","","","","","","","","","","",
"사기","90일 이내","범죄발생부터 인지까지의 기간[건]","건","10217","","","","","","","","","","","","",
"사기","90일 이상","범죄발생부터 인지까지의 기간[건]","건","74816","","","","","","","","","","","","",
"사기","1개월 이내","범죄발생부터 인지까지의 기간[건]","건","","5385","6045","6457","6074","5952","5843","6829","8300","9954","10692","1008","7051",
"사기","3개월 이내","범죄발생부터 인지까지의 기간[건]","건","","15926","17928","18859","18410","19045","16320","17499","20810","25852","29903","2272","19140",
"사기","3개월 초과","범죄발생부터 인지까지의 기간[건]","건","","105119","140501","168759","151237","176619","161122","121533","131513","138112","177318","241382","161350",
"횡령","합계","범죄발생부터 인지까지의 기간[건]","건","19120","21976","23836","24194","22682","28022","26371","21883","22867","21990","23895","27224","25412",
"횡령","1시간 이내","범죄발생부터 인지까지의 기간[건]","건","237","363","396","451","301","520","560","945","1247","1462","1139","110","568",
"횡령","2시간 이내","범죄발생부터 인지까지의 기간[건]","건","32","55","61","47","40","64","48","101","110","95","91","8","51",
"횡령","5시간 이내","범죄발생부터 인지까지의 기간[건]","건","44","72","67","40","39","59","55","89","126","120","117","6","62",
"횡령","12시간 이내","범죄발생부터 인지까지의 기간[건]","건","50","81","70","53","56","67","130","93","119","103","116","8","101",
"횡령","24시간 이내","범죄발생부터 인지까지의 기간[건]","건","125","180","201","149","173","203","177","259","371","313","314","19","211",
"횡령","2일 이내","범죄발생부터 인지까지의 기간[건]","건","169","242","213","187","191","210","196","254","273","249","262","22","225",
"횡령","5일 이내","범죄발생부터 인지까지의 기간[건]","건","1076","459","437","450","467","484","425","528","567","516","519","29","528",
"횡령","10일 이내","범죄발생부터 인지까지의 기간[건]","건","607","592","607","579","547","570","533","606","648","616","633","64","595",
"횡령","30일 이내","범죄발생부터 인지까지의 기간[건]","건","1462","","","","","","","","","","","","",
"횡령","90일 이내","범죄발생부터 인지까지의 기간[건]","건","2427","","","","","","","","","","","","",
"횡령","90일 이상","범죄발생부터 인지까지의 기간[건]","건","128913","","","","","","","","","","","","",
"횡령","1개월 이내","범죄발생부터 인지까지의 기간[건]","건","","1623","1660","1636","1544","1679","1445","1662","1736","1675","1813","240","1683",
"횡령","3개월 이내","범죄발생부터 인지까지의 기간[건]","건","","3533","3596","3687","3504","3892","3236","3086","3247","3239","3796","362","3419",
"횡령","3개월 초과","범죄발생부터 인지까지의 기간[건]","건","","14776","16528","16915","15820","20274","19566","14260","14423","13602","15095","26356","17969",
"배임","합계","범죄발생부터 인지까지의 기간[건]","건","4009","4828","4693","5036","4438","5468","6781","4850","4842","4767","5322","6736","5901",
"배임","1시간 이내","범죄발생부터 인지까지의 기간[건]","건","19","50","39","77","34","66","87","261","307","393","224","32","60",
"배임","2시간 이내","범죄발생부터 인지까지의 기간[건]","건","2","2","","2","","2","","5","5","-","16","1","-",
"배임","5시간 이내","범죄발생부터 인지까지의 기간[건]","건","","","1","1","","3","3","-","144","-","-","2","-",
"배임","12시간 이내","범죄발생부터 인지까지의 기간[건]","건","2","4","","2","","5","24","4","1","1","3","1","1",
"배임","24시간 이내","범죄발생부터 인지까지의 기간[건]","건","2","19","17","18","11","13","15","14","20","13","13","7","12",
"배임","2일 이내","범죄발생부터 인지까지의 기간[건]","건","15","21","15","18","8","13","13","36","9","15","12","3","6",
"배임","5일 이내","범죄발생부터 인지까지의 기간[건]","건","184","44","29","44","40","45","40","35","30","32","35","8","40",
"배임","10일 이내","범죄발생부터 인지까지의 기간[건]","건","110","62","75","82","75","70","81","51","39","50","51","20","84",
"배임","30일 이내","범죄발생부터 인지까지의 기간[건]","건","241","","","","","","","","","","","","",
"배임","90일 이내","범죄발생부터 인지까지의 기간[건]","건","421","","","","","","","","","","","","",
"배임","90일 이상","범죄발생부터 인지까지의 기간[건]","건","3013","","","","","","","","","","","","",
"배임","1개월 이내","범죄발생부터 인지까지의 기간[건]","건","","274","257","231","236","261","235","212","184","229","265","67","230",
"배임","3개월 이내","범죄발생부터 인지까지의 기간[건]","건","","622","537","623","500","622","597","471","453","516","666","109","580",
"배임","3개월 초과","범죄발생부터 인지까지의 기간[건]","건","","3730","3723","3937","3534","4368","5686","3761","3650","3518","4037","6486","4888",
"손괴","합계","범죄발생부터 인지까지의 기간[건]","건","3483","4427","4085","4450","4892","5413","6805","12889","13974","12275","12234","10568","12344",
"손괴","1시간 이내","범죄발생부터 인지까지의 기간[건]","건","676","660","724","853","914","1311","1777","3133","3740","3539","3415","127","3265",
"손괴","2시간 이내","범죄발생부터 인지까지의 기간[건]","건","60","187","151","176","168","258","301","626","618","534","544","26","340",
"손괴","5시간 이내","범죄발생부터 인지까지의 기간[건]","건","88","170","127","139","141","194","187","506","563","465","462","22","480",
"손괴","12시간 이내","범죄발생부터 인지까지의 기간[건]","건","125","167","139","138","170","189","270","974","1081","774","719","15","959",
"손괴","24시간 이내","범죄발생부터 인지까지의 기간[건]","건","318","333","281","342","415","508","640","2018","2347","1798","1744","23","1184",
"손괴","2일 이내","범죄발생부터 인지까지의 기간[건]","건","210","305","283","293","335","422","490","1265","1153","1042","1083","16","839",
"손괴","5일 이내","범죄발생부터 인지까지의 기간[건]","건","383","493","447","439","483","518","640","1291","1237","1032","1091","50","1302",
"손괴","10일 이내","범죄발생부터 인지까지의 기간[건]","건","235","295","266","316","365","326","402","720","707","541","586","30","762",
"손괴","30일 이내","범죄발생부터 인지까지의 기간[건]","건","381","","","","","","","","","","","","",
"손괴","90일 이내","범죄발생부터 인지까지의 기간[건]","건","370","","","","","","","","","","","","",
"손괴","90일 이상","범죄발생부터 인지까지의 기간[건]","건","637","","","","","","","","","","","","",
"손괴","1개월 이내","범죄발생부터 인지까지의 기간[건]","건","","478","483","473","503","451","561","803","803","759","782","55","991",
"손괴","3개월 이내","범죄발생부터 인지까지의 기간[건]","건","","566","442","471","530","463","556","591","608","681","705","64","929",
"손괴","3개월 초과","범죄발생부터 인지까지의 기간[건]","건","","773","742","810","868","773","981","962","1117","1110","1103","10140","1293",
"강력범죄","합계","범죄발생부터 인지까지의 기간[건]","건","41737","44714","40250","42429","42729","49975","59367","68475","70018","","","","",
"강력범죄","1시간 이내","범죄발생부터 인지까지의 기간[건]","건","10338","9846","9703","10331","10962","14813","19152","23170","24918","","","","",
"강력범죄","2시간 이내","범죄발생부터 인지까지의 기간[건]","건","1213","2705","2307","2367","2289","3087","3538","4644","4600","","","","",
"강력범죄","5시간 이내","범죄발생부터 인지까지의 기간[건]","건","1557","2441","2021","1907","1843","2216","2774","3261","3177","","","","",
"강력범죄","12시간 이내","범죄발생부터 인지까지의 기간[건]","건","1723","2379","1867","1797","1727","1963","2395","2427","1994","","","","",
"강력범죄","24시간 이내","범죄발생부터 인지까지의 기간[건]","건","4046","3980","3509","4040","3866","4263","5006","6599","6323","","","","",
"강력범죄","2일 이내","범죄발생부터 인지까지의 기간[건]","건","3537","4159","3342","3508","3054","3299","3796","4059","3918","","","","",
"강력범죄","5일 이내","범죄발생부터 인지까지의 기간[건]","건","5665","5707","4989","5267","5166","5427","5850","6253","6056","","","","",
"강력범죄","10일 이내","범죄발생부터 인지까지의 기간[건]","건","3050","3159","2807","3185","3166","3217","3576","3989","4020","","","","",
"강력범죄","30일 이내","범죄발생부터 인지까지의 기간[건]","건","4015","","","","","","","","","","","","",
"강력범죄","90일 이내","범죄발생부터 인지까지의 기간[건]","건","2647","","","","","","","","","","","","",
"강력범죄","90일 이상","범죄발생부터 인지까지의 기간[건]","건","3946","","","","","","","","","","","","",
"강력범죄","1개월 이내","범죄발생부터 인지까지의 기간[건]","건","","4134","3799","3886","4025","4261","4766","5184","5041","","","","",
"강력범죄","3개월 이내","범죄발생부터 인지까지의 기간[건]","건","","3080","2829","2968","3108","3439","3849","3920","4002","","","","",
"강력범죄","3개월 초과","범죄발생부터 인지까지의 기간[건]","건","","3124","3077","3172","3523","3990","4665","4969","5969","","","","",
"살인","합계","범죄발생부터 인지까지의 기간[건]","건","806","701","646","690","789","966","984","964","1064","","","","",
"살인","1시간 이내","범죄발생부터 인지까지의 기간[건]","건","168","110","106","120","149","191","217","197","233","","","","",
"살인","2시간 이내","범죄발생부터 인지까지의 기간[건]","건","30","51","44","36","48","68","59","64","63","","","","",
"살인","5시간 이내","범죄발생부터 인지까지의 기간[건]","건","46","55","37","49","67","44","63","57","59","","","","",
"살인","12시간 이내","범죄발생부터 인지까지의 기간[건]","건","64","62","70","62","66","75","76","72","64","","","","",
"살인","24시간 이내","범죄발생부터 인지까지의 기간[건]","건","87","99","101","111","100","125","109","122","134","","","","",
"살인","2일 이내","범죄발생부터 인지까지의 기간[건]","건","114","88","74","66","75","109","81","85","97","","","","",
"살인","5일 이내","범죄발생부터 인지까지의 기간[건]","건","122","87","67","91","103","122","122","132","111","","","","",
"살인","10일 이내","범죄발생부터 인지까지의 기간[건]","건","45","36","33","32","52","58","54","44","76","","","","",
"살인","30일 이내","범죄발생부터 인지까지의 기간[건]","건","49","","","","","","","","","","","","",
"살인","90일 이내","범죄발생부터 인지까지의 기간[건]","건","29","","","","","","","","","","","","",
"살인","90일 이상","범죄발생부터 인지까지의 기간[건]","건","52","","","","","","","","","","","","",
"살인","1개월 이내","범죄발생부터 인지까지의 기간[건]","건","","37","40","44","44","61","66","53","75","","","","",
"살인","3개월 이내","범죄발생부터 인지까지의 기간[건]","건","","26","35","38","31","54","60","57","66","","","","",
"살인","3개월 초과","범죄발생부터 인지까지의 기간[건]","건","","50","39","41","54","59","77","81","86","","","","",
"강도","합계","범죄발생부터 인지까지의 기간[건]","건","2867","4463","3414","3586","4282","5407","4712","5349","5546","","","","",
"강도","1시간 이내","범죄발생부터 인지까지의 기간[건]","건","827","1217","1015","1150","1310","1678","1374","1721","1741","","","","",
"강도","2시간 이내","범죄발생부터 인지까지의 기간[건]","건","104","339","274","284","351","446","305","405","499","","","","",
"강도","5시간 이내","범죄발생부터 인지까지의 기간[건]","건","118","234","197","170","226","269","210","275","295","","","","",
"강도","12시간 이내","범죄발생부터 인지까지의 기간[건]","건","141","284","202","204","190","267","186","215","190","","","","",
"강도","24시간 이내","범죄발생부터 인지까지의 기간[건]","건","273","480","346","399","459","564","324","460","483","","","","",
"강도","2일 이내","범죄발생부터 인지까지의 기간[건]","건","199","396","317","344","244","284","250","271","247","","","","",
"강도","5일 이내","범죄발생부터 인지까지의 기간[건]","건","320","407","302","303","447","548","464","457","443","","","","",
"강도","10일 이내","범죄발생부터 인지까지의 기간[건]","건","160","236","170","164","218","300","288","280","270","","","","",
"강도","30일 이내","범죄발생부터 인지까지의 기간[건]","건","237","","","","","","","","","","","","",
"강도","90일 이내","범죄발생부터 인지까지의 기간[건]","건","183","","","","","","","","","","","","",
"강도","90일 이상","범죄발생부터 인지까지의 기간[건]","건","314","","","","","","","","","","","","",
"강도","1개월 이내","범죄발생부터 인지까지의 기간[건]","건","","343","263","236","265","400","459","456","446","","","","",
"강도","3개월 이내","범죄발생부터 인지까지의 기간[건]","건","","245","181","168","279","298","386","348","383","","","","",
"강도","3개월 초과","범죄발생부터 인지까지의 기간[건]","건","","282","147","164","293","353","466","461","549","","","","",
"방화","합계","범죄발생부터 인지까지의 기간[건]","건","906","715","618","721","776","1157","1107","1278","1375","","","","",
"방화","1시간 이내","범죄발생부터 인지까지의 기간[건]","건","320","203","177","225","229","324","379","547","540","","","","",
"방화","2시간 이내","범죄발생부터 인지까지의 기간[건]","건","23","56","48","56","71","77","73","88","108","","","","",
"방화","5시간 이내","범죄발생부터 인지까지의 기간[건]","건","37","54","34","39","32","97","53","62","96","","","","",
"방화","12시간 이내","범죄발생부터 인지까지의 기간[건]","건","45","48","36","45","48","53","52","64","64","","","","",
"방화","24시간 이내","범죄발생부터 인지까지의 기간[건]","건","94","88","81","102","100","123","107","118","147","","","","",
"방화","2일 이내","범죄발생부터 인지까지의 기간[건]","건","76","75","64","48","72","81","74","64","56","","","","",
"방화","5일 이내","범죄발생부터 인지까지의 기간[건]","건","114","52","63","66","66","92","96","113","118","","","","",
"방화","10일 이내","범죄발생부터 인지까지의 기간[건]","건","43","29","29","30","36","56","46","40","53","","","","",
"방화","30일 이내","범죄발생부터 인지까지의 기간[건]","건","56","","","","","","","","","","","","",
"방화","90일 이내","범죄발생부터 인지까지의 기간[건]","건","27","","","","","","","","","","","","",
"방화","90일 이상","범죄발생부터 인지까지의 기간[건]","건","71","","","","","","","","","","","","",
"방화","1개월 이내","범죄발생부터 인지까지의 기간[건]","건","","41","33","36","45","61","71","60","65","","","","",
"방화","3개월 이내","범죄발생부터 인지까지의 기간[건]","건","","41","29","38","36","101","72","54","57","","","","",
"방화","3개월 초과","범죄발생부터 인지까지의 기간[건]","건","","28","24","36","41","92","84","68","71","","","","",
"강간","합계","범죄발생부터 인지까지의 기간[건]","건","7051","6165","4912","5688","5665","6016","6410","6982","6911","","","","",
"강간","1시간 이내","범죄발생부터 인지까지의 기간[건]","건","1107","873","851","1013","1012","1217","1359","1696","1864","","","","",
"강간","2시간 이내","범죄발생부터 인지까지의 기간[건]","건","170","256","209","277","267","266","263","378","400","","","","",
"강간","5시간 이내","범죄발생부터 인지까지의 기간[건]","건","212","314","245","241","269","289","319","377","354","","","","",
"강간","12시간 이내","범죄발생부터 인지까지의 기간[건]","건","345","361","270","297","307","273","314","300","271","","","","",
"강간","24시간 이내","범죄발생부터 인지까지의 기간[건]","건","654","542","508","574","505","548","627","615","626","","","","",
"강간","2일 이내","범죄발생부터 인지까지의 기간[건]","건","621","568","480","532","405","404","436","399","391","","","","",
"강간","5일 이내","범죄발생부터 인지까지의 기간[건]","건","929","778","597","725","707","713","763","773","698","","","","",
"강간","10일 이내","범죄발생부터 인지까지의 기간[건]","건","522","441","304","389","415","373","401","418","427","","","","",
"강간","30일 이내","범죄발생부터 인지까지의 기간[건]","건","749","","","","","","","","","","","","",
"강간","90일 이내","범죄발생부터 인지까지의 기간[건]","건","617","","","","","","","","","","","","",
"강간","90일 이상","범죄발생부터 인지까지의 기간[건]","건","1125","","","","","","","","","","","","",
"강간","1개월 이내","범죄발생부터 인지까지의 기간[건]","건","","634","464","510","538","577","576","594","543","","","","",
"강간","3개월 이내","범죄발생부터 인지까지의 기간[건]","건","","602","425","476","493","513","543","553","492","","","","",
"강간","3개월 초과","범죄발생부터 인지까지의 기간[건]","건","","796","559","654","747","843","809","879","845","","","","",
"폭행","합계","범죄발생부터 인지까지의 기간[건]","건","5867","5983","5453","5548","5357","7985","12201","16836","17224","","","","",
"폭행","1시간 이내","범죄발생부터 인지까지의 기간[건]","건","1455","1325","1481","1510","1671","3080","5253","7201","8214","","","","",
"폭행","2시간 이내","범죄발생부터 인지까지의 기간[건]","건","195","364","316","334","286","631","898","1339","1259","","","","",
"폭행","5시간 이내","범죄발생부터 인지까지의 기간[건]","건","199","354","282","267","259","382","629","843","753","","","","",
"폭행","12시간 이내","범죄발생부터 인지까지의 기간[건]","건","265","292","240","197","217","300","517","544","394","","","","",
"폭행","24시간 이내","범죄발생부터 인지까지의 기간[건]","건","634","618","517","594","558","721","1190","2251","1987","","","","",
"폭행","2일 이내","범죄발생부터 인지까지의 기간[건]","건","479","522","425","448","381","431","618","849","703","","","","",
"폭행","5일 이내","범죄발생부터 인지까지의 기간[건]","건","764","719","603","627","535","667","849","1034","1066","","","","",
"폭행","10일 이내","범죄발생부터 인지까지의 기간[건]","건","407","418","346","388","305","378","500","649","655","","","","",
"폭행","30일 이내","범죄발생부터 인지까지의 기간[건]","건","621","","","","","","","","","","","","",
"폭행","90일 이내","범죄발생부터 인지까지의 기간[건]","건","371","","","","","","","","","","","","",
"폭행","90일 이상","범죄발생부터 인지까지의 기간[건]","건","477","","","","","","","","","","","","",
"폭행","1개월 이내","범죄발생부터 인지까지의 기간[건]","건","","550","473","470","395","504","628","824","752","","","","",
"폭행","3개월 이내","범죄발생부터 인지까지의 기간[건]","건","","451","358","341","344","399","507","604","599","","","","",
"폭행","3개월 초과","범죄발생부터 인지까지의 기간[건]","건","","370","412","372","406","492","612","698","842","","","","",
"상해","합계","범죄발생부터 인지까지의 기간[건]","건","22050","24397","22698","23692","23131","25850","30836","33002","32598","","","","",
"상해","1시간 이내","범죄발생부터 인지까지의 기간[건]","건","6331","5976","5899","6082","6305","8082","10266","11353","11813","","","","",
"상해","2시간 이내","범죄발생부터 인지까지의 기간[건]","건","666","1594","1362","1307","1202","1542","1879","2274","2204","","","","",
"상해","5시간 이내","범죄발생부터 인지까지의 기간[건]","건","916","1382","1178","1090","950","1078","1449","1570","1563","","","","",
"상해","12시간 이내","범죄발생부터 인지까지의 기간[건]","건","834","1276","1007","934","846","942","1184","1166","952","","","","",
"상해","24시간 이내","범죄발생부터 인지까지의 기간[건]","건","2194","2063","1841","2136","2007","2076","2542","2875","2782","","","","",
"상해","2일 이내","범죄발생부터 인지까지의 기간[건]","건","1963","2370","1876","1963","1761","1875","2213","2227","2256","","","","",
"상해","5일 이내","범죄발생부터 인지까지의 기간[건]","건","3190","3465","3180","3263","3081","3087","3331","3495","3310","","","","",
"상해","10일 이내","범죄발생부터 인지까지의 기간[건]","건","1721","1897","1794","2013","1993","1883","2116","2322","2256","","","","",
"상해","30일 이내","범죄발생부터 인지까지의 기간[건]","건","1964","","","","","","","","","","","","",
"상해","90일 이내","범죄발생부터 인지까지의 기간[건]","건","1067","","","","","","","","","","","","",
"상해","90일 이상","범죄발생부터 인지까지의 기간[건]","건","1204","","","","","","","","","","","","",
"상해","1개월 이내","범죄발생부터 인지까지의 기간[건]","건","","2206","2228","2320","2409","2332","2585","2690","2469","","","","",
"상해","3개월 이내","범죄발생부터 인지까지의 기간[건]","건","","1354","1400","1516","1514","1682","1808","1672","1568","","","","",
"상해","3개월 초과","범죄발생부터 인지까지의 기간[건]","건","","814","933","1068","1063","1271","1463","1358","1425","","","","",
"협박","합계","범죄발생부터 인지까지의 기간[건]","건","652","818","740","780","851","882","1199","1554","2096","","","","",
"협박","1시간 이내","범죄발생부터 인지까지의 기간[건]","건","23","29","24","26","20","33","58","115","182","","","","",
"협박","2시간 이내","범죄발생부터 인지까지의 기간[건]","건","4","7","3","4","5","9","10","10","13","","","","",
"협박","5시간 이내","범죄발생부터 인지까지의 기간[건]","건","4","5","8","4","7","3","6","12","16","","","","",
"협박","12시간 이내","범죄발생부터 인지까지의 기간[건]","건","3","14","9","10","6","13","16","12","23","","","","",
"협박","24시간 이내","범죄발생부터 인지까지의 기간[건]","건","25","29","26","24","35","21","38","42","62","","","","",
"협박","2일 이내","범죄발생부터 인지까지의 기간[건]","건","18","39","30","34","41","31","42","69","85","","","","",
"협박","5일 이내","범죄발생부터 인지까지의 기간[건]","건","80","77","60","80","71","69","101","102","157","","","","",
"협박","10일 이내","범죄발생부터 인지까지의 기간[건]","건","51","46","31","71","55","70","82","120","143","","","","",
"협박","30일 이내","범죄발생부터 인지까지의 기간[건]","건","127","","","","","","","","","","","","",
"협박","90일 이내","범죄발생부터 인지까지의 기간[건]","건","126","","","","","","","","","","","","",
"협박","90일 이상","범죄발생부터 인지까지의 기간[건]","건","191","","","","","","","","","","","","",
"협박","1개월 이내","범죄발생부터 인지까지의 기간[건]","건","","140","110","97","142","128","180","251","289","","","","",
"협박","3개월 이내","범죄발생부터 인지까지의 기간[건]","건","","154","176","158","165","197","227","299","378","","","","",
"협박","3개월 초과","범죄발생부터 인지까지의 기간[건]","건","","278","263","272","304","308","439","522","748","","","","",
"공갈","합계","범죄발생부터 인지까지의 기간[건]","건","1075","1101","1473","1355","1367","1259","1477","1830","2495","","","","",
"공갈","1시간 이내","범죄발생부터 인지까지의 기간[건]","건","81","95","134","176","183","171","207","273","261","","","","",
"공갈","2시간 이내","범죄발생부터 인지까지의 기간[건]","건","14","37","45","62","49","40","42","75","46","","","","",
"공갈","5시간 이내","범죄발생부터 인지까지의 기간[건]","건","15","30","31","36","26","38","33","51","29","","","","",
"공갈","12시간 이내","범죄발생부터 인지까지의 기간[건]","건","15","26","22","35","35","23","35","35","22","","","","",
"공갈","24시간 이내","범죄발생부터 인지까지의 기간[건]","건","50","36","68","75","78","59","48","81","77","","","","",
"공갈","2일 이내","범죄발생부터 인지까지의 기간[건]","건","34","72","64","49","50","54","56","69","49","","","","",
"공갈","5일 이내","범죄발생부터 인지까지의 기간[건]","건","95","80","81","74","110","86","77","77","102","","","","",
"공갈","10일 이내","범죄발생부터 인지까지의 기간[건]","건","66","32","64","63","54","66","58","65","104","","","","",
"공갈","30일 이내","범죄발생부터 인지까지의 기간[건]","건","137","","","","","","","","","","","","",
"공갈","90일 이내","범죄발생부터 인지까지의 기간[건]","건","165","","","","","","","","","","","","",
"공갈","90일 이상","범죄발생부터 인지까지의 기간[건]","건","403","","","","","","","","","","","","",
"공갈","1개월 이내","범죄발생부터 인지까지의 기간[건]","건","","122","143","129","121","117","150","163","312","","","","",
"공갈","3개월 이내","범죄발생부터 인지까지의 기간[건]","건","","158","192","179","174","136","181","222","348","","","","",
"공갈","3개월 초과","범죄발생부터 인지까지의 기간[건]","건","","413","629","477","487","469","590","719","1145","","","","",
"약취와 유인","합계","범죄발생부터 인지까지의 기간[건]","건","280","170","127","155","246","202","175","305","330","","","","",
"약취와 유인","1시간 이내","범죄발생부터 인지까지의 기간[건]","건","20","10","9","12","66","21","14","19","24","","","","",
"약취와 유인","2시간 이내","범죄발생부터 인지까지의 기간[건]","건","5","","","4","3","3","2","6","3","","","","",
"약취와 유인","5시간 이내","범죄발생부터 인지까지의 기간[건]","건","6","6","2","7","2","6","4","4","4","","","","",
"약취와 유인","12시간 이내","범죄발생부터 인지까지의 기간[건]","건","6","8","5","6","3","7","4","7","1","","","","",
"약취와 유인","24시간 이내","범죄발생부터 인지까지의 기간[건]","건","22","10","8","7","10","4","6","10","7","","","","",
"약취와 유인","2일 이내","범죄발생부터 인지까지의 기간[건]","건","18","16","3","9","6","13","11","9","12","","","","",
"약취와 유인","5일 이내","범죄발생부터 인지까지의 기간[건]","건","28","14","12","10","12","18","12","27","13","","","","",
"약취와 유인","10일 이내","범죄발생부터 인지까지의 기간[건]","건","20","10","11","14","14","14","11","20","10","","","","",
"약취와 유인","30일 이내","범죄발생부터 인지까지의 기간[건]","건","49","","","","","","","","","","","","",
"약취와 유인","90일 이내","범죄발생부터 인지까지의 기간[건]","건","38","","","","","","","","","","","","",
"약취와 유인","90일 이상","범죄발생부터 인지까지의 기간[건]","건","68","","","","","","","","","","","","",
"약취와 유인","1개월 이내","범죄발생부터 인지까지의 기간[건]","건","","27","23","18","28","38","27","41","52","","","","",
"약취와 유인","3개월 이내","범죄발생부터 인지까지의 기간[건]","건","","24","15","25","38","29","26","65","57","","","","",
"약취와 유인","3개월 초과","범죄발생부터 인지까지의 기간[건]","건","","45","39","43","64","49","58","97","147","","","","",
"체포와 감금","합계","범죄발생부터 인지까지의 기간[건]","건","174","201","169","214","265","251","266","375","379","","","","",
"체포와 감금","1시간 이내","범죄발생부터 인지까지의 기간[건]","건","6","8","7","17","17","16","25","48","46","","","","",
"체포와 감금","2시간 이내","범죄발생부터 인지까지의 기간[건]","건","2","1","6","3","7","5","7","5","5","","","","",
"체포와 감금","5시간 이내","범죄발생부터 인지까지의 기간[건]","건","4","7","7","4","5","10","8","10","8","","","","",
"체포와 감금","12시간 이내","범죄발생부터 인지까지의 기간[건]","건","5","8","6","7","9","10","11","12","13","","","","",
"체포와 감금","24시간 이내","범죄발생부터 인지까지의 기간[건]","건","13","15","13","18","14","22","15","25","18","","","","",
"체포와 감금","2일 이내","범죄발생부터 인지까지의 기간[건]","건","15","13","9","15","19","17","15","17","22","","","","",
"체포와 감금","5일 이내","범죄발생부터 인지까지의 기간[건]","건","23","28","24","28","34","25","35","43","38","","","","",
"체포와 감금","10일 이내","범죄발생부터 인지까지의 기간[건]","건","15","14","25","21","24","19","20","31","26","","","","",
"체포와 감금","30일 이내","범죄발생부터 인지까지의 기간[건]","건","26","","","","","","","","","","","","",
"체포와 감금","90일 이내","범죄발생부터 인지까지의 기간[건]","건","24","","","","","","","","","","","","",
"체포와 감금","90일 이상","범죄발생부터 인지까지의 기간[건]","건","41","","","","","","","","","","","","",
"체포와 감금","1개월 이내","범죄발생부터 인지까지의 기간[건]","건","","34","22","26","38","43","24","52","38","","","","",
"체포와 감금","3개월 이내","범죄발생부터 인지까지의 기간[건]","건","","25","18","30","34","30","39","46","54","","","","",
"체포와 감금","3개월 초과","범죄발생부터 인지까지의 기간[건]","건","","48","32","45","64","54","67","86","111","","","","",
"강력범죄(흉악)","합계","범죄발생부터 인지까지의 기간[건]","건","","","","","","","","","","17759","20416","19539","19941",
"강력범죄(흉악)","1시간 이내","범죄발생부터 인지까지의 기간[건]","건","","","","","","","","","","5010","5809","190","6674",
"강력범죄(흉악)","2시간 이내","범죄발생부터 인지까지의 기간[건]","건","","","","","","","","","","956","1175","52","760",
"강력범죄(흉악)","5시간 이내","범죄발생부터 인지까지의 기간[건]","건","","","","","","","","","","810","917","44","1241",
"강력범죄(흉악)","12시간 이내","범죄발생부터 인지까지의 기간[건]","건","","","","","","","","","","567","660","49","1197",
"강력범죄(흉악)","24시간 이내","범죄발생부터 인지까지의 기간[건]","건","","","","","","","","","","1603","1847","31","1120",
"강력범죄(흉악)","2일 이내","범죄발생부터 인지까지의 기간[건]","건","","","","","","","","","","903","1018","49","872",
"강력범죄(흉악)","5일 이내","범죄발생부터 인지까지의 기간[건]","건","","","","","","","","","","1548","1724","87","1383",
"강력범죄(흉악)","10일 이내","범죄발생부터 인지까지의 기간[건]","건","","","","","","","","","","943","1150","59","1038",
"강력범죄(흉악)","1개월 이내","범죄발생부터 인지까지의 기간[건]","건","","","","","","","","","","1670","1888","128","1614",
"강력범죄(흉악)","3개월 이내","범죄발생부터 인지까지의 기간[건]","건","","","","","","","","","","1548","1739","84","1541",
"강력범죄(흉악)","3개월 초과","범죄발생부터 인지까지의 기간[건]","건","","","","","","","","","","2201","2489","18766","2501",
"살인","합계","범죄발생부터 인지까지의 기간[건]","건","","","","","","","","","","983","1011","1082","1091",
"살인","1시간 이내","범죄발생부터 인지까지의 기간[건]","건","","","","","","","","","","241","220","13","310",
"살인","2시간 이내","범죄발생부터 인지까지의 기간[건]","건","","","","","","","","","","59","69","3","46",
"살인","5시간 이내","범죄발생부터 인지까지의 기간[건]","건","","","","","","","","","","58","69","7","102",
"살인","12시간 이내","범죄발생부터 인지까지의 기간[건]","건","","","","","","","","","","60","69","8","91",
"살인","24시간 이내","범죄발생부터 인지까지의 기간[건]","건","","","","","","","","","","136","151","1","103",
"살인","2일 이내","범죄발생부터 인지까지의 기간[건]","건","","","","","","","","","","93","72","7","67",
"살인","5일 이내","범죄발생부터 인지까지의 기간[건]","건","","","","","","","","","","96","117","3","96",
"살인","10일 이내","범죄발생부터 인지까지의 기간[건]","건","","","","","","","","","","55","55","8","58",
"살인","1개월 이내","범죄발생부터 인지까지의 기간[건]","건","","","","","","","","","","72","59","7","60",
"살인","3개월 이내","범죄발생부터 인지까지의 기간[건]","건","","","","","","","","","","48","52","3","55",
"살인","3개월 초과","범죄발생부터 인지까지의 기간[건]","건","","","","","","","","","","65","78","1022","103",
"강도","합계","범죄발생부터 인지까지의 기간[건]","건","","","","","","","","","","5953","7327","5762","5266",
"강도","1시간 이내","범죄발생부터 인지까지의 기간[건]","건","","","","","","","","","","1548","1720","45","1715",
"강도","2시간 이내","범죄발생부터 인지까지의 기간[건]","건","","","","","","","","","","339","427","25","157",
"강도","5시간 이내","범죄발생부터 인지까지의 기간[건]","건","","","","","","","","","","242","282","13","276",
"강도","12시간 이내","범죄발생부터 인지까지의 기간[건]","건","","","","","","","","","","171","210","14","287",
"강도","24시간 이내","범죄발생부터 인지까지의 기간[건]","건","","","","","","","","","","431","555","11","234",
"강도","2일 이내","범죄발생부터 인지까지의 기간[건]","건","","","","","","","","","","253","320","19","233",
"강도","5일 이내","범죄발생부터 인지까지의 기간[건]","건","","","","","","","","","","457","614","17","377",
"강도","10일 이내","범죄발생부터 인지까지의 기간[건]","건","","","","","","","","","","336","464","22","335",
"강도","1개월 이내","범죄발생부터 인지까지의 기간[건]","건","","","","","","","","","","694","908","51","538",
"강도","3개월 이내","범죄발생부터 인지까지의 기간[건]","건","","","","","","","","","","685","818","30","449",
"강도","3개월 초과","범죄발생부터 인지까지의 기간[건]","건","","","","","","","","","","797","1009","5515","665",
"방화","합계","범죄발생부터 인지까지의 기간[건]","건","","","","","","","","","","1388","1713","1590","1827",
"방화","1시간 이내","범죄발생부터 인지까지의 기간[건]","건","","","","","","","","","","534","665","23","753",
"방화","2시간 이내","범죄발생부터 인지까지의 기간[건]","건","","","","","","","","","","89","125","6","73",
"방화","5시간 이내","범죄발생부터 인지까지의 기간[건]","건","","","","","","","","","","53","94","6","144",
"방화","12시간 이내","범죄발생부터 인지까지의 기간[건]","건","","","","","","","","","","43","69","4","120",
"방화","24시간 이내","범죄발생부터 인지까지의 기간[건]","건","","","","","","","","","","175","203","4","139",
"방화","2일 이내","범죄발생부터 인지까지의 기간[건]","건","","","","","","","","","","70","122","5","68",
"방화","5일 이내","범죄발생부터 인지까지의 기간[건]","건","","","","","","","","","","134","141","2","134",
"방화","10일 이내","범죄발생부터 인지까지의 기간[건]","건","","","","","","","","","","55","55","1","67",
"방화","1개월 이내","범죄발생부터 인지까지의 기간[건]","건","","","","","","","","","","81","69","8","117",
"방화","3개월 이내","범죄발생부터 인지까지의 기간[건]","건","","","","","","","","","","67","72","4","77",
"방화","3개월 초과","범죄발생부터 인지까지의 기간[건]","건","","","","","","","","","","87","98","1527","135",
"강간","합계","범죄발생부터 인지까지의 기간[건]","건","","","","","","","","","","9435","10365","11105","11757",
"강간","1시간 이내","범죄발생부터 인지까지의 기간[건]","건","","","","","","","","","","2687","3204","109","3896",
"강간","2시간 이내","범죄발생부터 인지까지의 기간[건]","건","","","","","","","","","","469","554","18","484",
"강간","5시간 이내","범죄발생부터 인지까지의 기간[건]","건","","","","","","","","","","457","472","18","719",
"강간","12시간 이내","범죄발생부터 인지까지의 기간[건]","건","","","","","","","","","","293","312","23","699",
"강간","24시간 이내","범죄발생부터 인지까지의 기간[건]","건","","","","","","","","","","861","938","15","644",
"강간","2일 이내","범죄발생부터 인지까지의 기간[건]","건","","","","","","","","","","487","504","18","504",
"강간","5일 이내","범죄발생부터 인지까지의 기간[건]","건","","","","","","","","","","861","852","65","776",
"강간","10일 이내","범죄발생부터 인지까지의 기간[건]","건","","","","","","","","","","497","576","28","578",
"강간","1개월 이내","범죄발생부터 인지까지의 기간[건]","건","","","","","","","","","","823","852","62","899",
"강간","3개월 이내","범죄발생부터 인지까지의 기간[건]","건","","","","","","","","","","748","797","47","960",
"강간","3개월 초과","범죄발생부터 인지까지의 기간[건]","건","","","","","","","","","","1252","1304","10702","1598",
"강력범죄(폭력)","합계","범죄발생부터 인지까지의 기간[건]","건","","","","","","","","","","274769","285086","276707","279674",
"강력범죄(폭력)","1시간 이내","범죄발생부터 인지까지의 기간[건]","건","","","","","","","","","","129291","132204","5502","131811",
"강력범죄(폭력)","2시간 이내","범죄발생부터 인지까지의 기간[건]","건","","","","","","","","","","18644","20033","977","13724",
"강력범죄(폭력)","5시간 이내","범죄발생부터 인지까지의 기간[건]","건","","","","","","","","","","10912","10931","725","12699",
"강력범죄(폭력)","12시간 이내","범죄발생부터 인지까지의 기간[건]","건","","","","","","","","","","6889","6924","478","12133",
"강력범죄(폭력)","24시간 이내","범죄발생부터 인지까지의 기간[건]","건","","","","","","","","","","27591","28725","452","13963",
"강력범죄(폭력)","2일 이내","범죄발생부터 인지까지의 기간[건]","건","","","","","","","","","","12973","12584","556","10052",
"강력범죄(폭력)","5일 이내","범죄발생부터 인지까지의 기간[건]","건","","","","","","","","","","19004","19408","1023","19311",
"강력범죄(폭력)","10일 이내","범죄발생부터 인지까지의 기간[건]","건","","","","","","","","","","12125","12572","881","15297",
"강력범죄(폭력)","1개월 이내","범죄발생부터 인지까지의 기간[건]","건","","","","","","","","","","14675","16383","1304","20085",
"강력범죄(폭력)","3개월 이내","범죄발생부터 인지까지의 기간[건]","건","","","","","","","","","","9866","11501","939","14888",
"강력범죄(폭력)","3개월 초과","범죄발생부터 인지까지의 기간[건]","건","","","","","","","","","","12799","13821","263870","15711",
"폭행","합계","범죄발생부터 인지까지의 기간[건]","건","","","","","","","","","","16094","18721","17382","19463",
"폭행","1시간 이내","범죄발생부터 인지까지의 기간[건]","건","","","","","","","","","","8129","8794","355","9113",
"폭행","2시간 이내","범죄발생부터 인지까지의 기간[건]","건","","","","","","","","","","1066","1329","52","1063",
"폭행","5시간 이내","범죄발생부터 인지까지의 기간[건]","건","","","","","","","","","","683","776","47","1069",
"폭행","12시간 이내","범죄발생부터 인지까지의 기간[건]","건","","","","","","","","","","342","448","25","1128",
"폭행","24시간 이내","범죄발생부터 인지까지의 기간[건]","건","","","","","","","","","","1619","1946","31","1154",
"폭행","2일 이내","범죄발생부터 인지까지의 기간[건]","건","","","","","","","","","","702","828","43","625",
"폭행","5일 이내","범죄발생부터 인지까지의 기간[건]","건","","","","","","","","","","915","1194","73","1238",
"폭행","10일 이내","범죄발생부터 인지까지의 기간[건]","건","","","","","","","","","","586","788","53","812",
"폭행","1개월 이내","범죄발생부터 인지까지의 기간[건]","건","","","","","","","","","","751","1044","94","1196",
"폭행","3개월 이내","범죄발생부터 인지까지의 기간[건]","건","","","","","","","","","","574","774","69","1042",
"폭행","3개월 초과","범죄발생부터 인지까지의 기간[건]","건","","","","","","","","","","727","800","16540","1023",
"상해","합계","범죄발생부터 인지까지의 기간[건]","건","","","","","","","","","","29373","30955","31701","31238",
"상해","1시간 이내","범죄발생부터 인지까지의 기간[건]","건","","","","","","","","","","10852","11698","712","11226",
"상해","2시간 이내","범죄발생부터 인지까지의 기간[건]","건","","","","","","","","","","1801","1999","98","1201",
"상해","5시간 이내","범죄발생부터 인지까지의 기간[건]","건","","","","","","","","","","1261","1287","86","1239",
"상해","12시간 이내","범죄발생부터 인지까지의 기간[건]","건","","","","","","","","","","735","737","45","1698",
"상해","24시간 이내","범죄발생부터 인지까지의 기간[건]","건","","","","","","","","","","2622","2696","80","1832",
"상해","2일 이내","범죄발생부터 인지까지의 기간[건]","건","","","","","","","","","","1788","1734","84","1207",
"상해","5일 이내","범죄발생부터 인지까지의 기간[건]","건","","","","","","","","","","3023","3056","197","2666",
"상해","10일 이내","범죄발생부터 인지까지의 기간[건]","건","","","","","","","","","","2016","2017","199","2293",
"상해","1개월 이내","범죄발생부터 인지까지의 기간[건]","건","","","","","","","","","","2363","2604","235","3343",
"상해","3개월 이내","범죄발생부터 인지까지의 기간[건]","건","","","","","","","","","","1628","1789","155","2559",
"상해","3개월 초과","범죄발생부터 인지까지의 기간[건]","건","","","","","","","","","","1284","1338","29810","1974",
"협박","합계","범죄발생부터 인지까지의 기간[건]","건","","","","","","","","","","2100","2093","2333","2499",
"협박","1시간 이내","범죄발생부터 인지까지의 기간[건]","건","","","","","","","","","","194","172","22","320",
"협박","2시간 이내","범죄발생부터 인지까지의 기간[건]","건","","","","","","","","","","25","24","2","37",
"협박","5시간 이내","범죄발생부터 인지까지의 기간[건]","건","","","","","","","","","","25","21","2","50",
"협박","12시간 이내","범죄발생부터 인지까지의 기간[건]","건","","","","","","","","","","20","22","2","76",
"협박","24시간 이내","범죄발생부터 인지까지의 기간[건]","건","","","","","","","","","","72","85","4","81",
"협박","2일 이내","범죄발생부터 인지까지의 기간[건]","건","","","","","","","","","","97","92","3","84",
"협박","5일 이내","범죄발생부터 인지까지의 기간[건]","건","","","","","","","","","","177","176","17","165",
"협박","10일 이내","범죄발생부터 인지까지의 기간[건]","건","","","","","","","","","","151","170","9","173",
"협박","1개월 이내","범죄발생부터 인지까지의 기간[건]","건","","","","","","","","","","321","314","55","343",
"협박","3개월 이내","범죄발생부터 인지까지의 기간[건]","건","","","","","","","","","","376","372","46","463",
"협박","3개월 초과","범죄발생부터 인지까지의 기간[건]","건","","","","","","","","","","642","645","2171","707",
"공갈","합계","범죄발생부터 인지까지의 기간[건]","건","","","","","","","","","","1774","2461","2271","1967",
"공갈","1시간 이내","범죄발생부터 인지까지의 기간[건]","건","","","","","","","","","","206","278","12","353",
"공갈","2시간 이내","범죄발생부터 인지까지의 기간[건]","건","","","","","","","","","","27","47","2","32",
"공갈","5시간 이내","범죄발생부터 인지까지의 기간[건]","건","","","","","","","","","","28","39","2","45",
"공갈","12시간 이내","범죄발생부터 인지까지의 기간[건]","건","","","","","","","","","","14","26","2","55",
"공갈","24시간 이내","범죄발생부터 인지까지의 기간[건]","건","","","","","","","","","","44","103","4","82",
"공갈","2일 이내","범죄발생부터 인지까지의 기간[건]","건","","","","","","","","","","49","54","8","69",
"공갈","5일 이내","범죄발생부터 인지까지의 기간[건]","건","","","","","","","","","","70","104","6","94",
"공갈","10일 이내","범죄발생부터 인지까지의 기간[건]","건","","","","","","","","","","79","110","7","84",
"공갈","1개월 이내","범죄발생부터 인지까지의 기간[건]","건","","","","","","","","","","165","225","41","180",
"공갈","3개월 이내","범죄발생부터 인지까지의 기간[건]","건","","","","","","","","","","248","358","54","271",
"공갈","3개월 초과","범죄발생부터 인지까지의 기간[건]","건","","","","","","","","","","844","1117","2133","702",
"약취와 유인","합계","범죄발생부터 인지까지의 기간[건]","건","","","","","","","","","","240","401","377","149",
"약취와 유인","1시간 이내","범죄발생부터 인지까지의 기간[건]","건","","","","","","","","","","22","25","1","26",
"약취와 유인","2시간 이내","범죄발생부터 인지까지의 기간[건]","건","","","","","","","","","","1","8","-","1",
"약취와 유인","5시간 이내","범죄발생부터 인지까지의 기간[건]","건","","","","","","","","","","9","15","1","7",
"약취와 유인","12시간 이내","범죄발생부터 인지까지의 기간[건]","건","","","","","","","","","","2","8","-","6",
"약취와 유인","24시간 이내","범죄발생부터 인지까지의 기간[건]","건","","","","","","","","","","22","18","1","14",
"약취와 유인","2일 이내","범죄발생부터 인지까지의 기간[건]","건","","","","","","","","","","10","11","2","4",
"약취와 유인","5일 이내","범죄발생부터 인지까지의 기간[건]","건","","","","","","","","","","22","27","-","13",
"약취와 유인","10일 이내","범죄발생부터 인지까지의 기간[건]","건","","","","","","","","","","8","17","-","8",
"약취와 유인","1개월 이내","범죄발생부터 인지까지의 기간[건]","건","","","","","","","","","","31","45","1","7",
"약취와 유인","3개월 이내","범죄발생부터 인지까지의 기간[건]","건","","","","","","","","","","35","57","2","21",
"약취와 유인","3개월 초과","범죄발생부터 인지까지의 기간[건]","건","","","","","","","","","","78","170","369","42",
"체포와 감금","합계","범죄발생부터 인지까지의 기간[건]","건","","","","","","","","","","420","359","435","378",
"체포와 감금","1시간 이내","범죄발생부터 인지까지의 기간[건]","건","","","","","","","","","","56","50","3","39",
"체포와 감금","2시간 이내","범죄발생부터 인지까지의 기간[건]","건","","","","","","","","","","7","6","1","4",
"체포와 감금","5시간 이내","범죄발생부터 인지까지의 기간[건]","건","","","","","","","","","","17","10","-","21",
"체포와 감금","12시간 이내","범죄발생부터 인지까지의 기간[건]","건","","","","","","","","","","16","17","-","23",
"체포와 감금","24시간 이내","범죄발생부터 인지까지의 기간[건]","건","","","","","","","","","","19","25","2","17",
"체포와 감금","2일 이내","범죄발생부터 인지까지의 기간[건]","건","","","","","","","","","","23","21","1","20",
"체포와 감금","5일 이내","범죄발생부터 인지까지의 기간[건]","건","","","","","","","","","","35","35","2","22",
"체포와 감금","10일 이내","범죄발생부터 인지까지의 기간[건]","건","","","","","","","","","","40","26","5","18",
"체포와 감금","1개월 이내","범죄발생부터 인지까지의 기간[건]","건","","","","","","","","","","55","39","14","57",
"체포와 감금","3개월 이내","범죄발생부터 인지까지의 기간[건]","건","","","","","","","","","","48","43","5","42",
"체포와 감금","3개월 초과","범죄발생부터 인지까지의 기간[건]","건","","","","","","","","","","104","87","402","115",
"폭력행위 등(단체 등의 구성ㆍ활동)","합계","범죄발생부터 인지까지의 기간[건]","건","","","","","","","","","","17","40","647","370",
"폭력행위 등(단체 등의 구성ㆍ활동)","1시간 이내","범죄발생부터 인지까지의 기간[건]","건","","","","","","","","","","2","1","-","36",
"폭력행위 등(단체 등의 구성ㆍ활동)","2시간 이내","범죄발생부터 인지까지의 기간[건]","건","","","","","","","","","","-","1","-","3",
"폭력행위 등(단체 등의 구성ㆍ활동)","5시간 이내","범죄발생부터 인지까지의 기간[건]","건","","","","","","","","","","-","-","-","5",
"폭력행위 등(단체 등의 구성ㆍ활동)","12시간 이내","범죄발생부터 인지까지의 기간[건]","건","","","","","","","","","","1","-","-","11",
"폭력행위 등(단체 등의 구성ㆍ활동)","24시간 이내","범죄발생부터 인지까지의 기간[건]","건","","","","","","","","","","1","-","2","5",
"폭력행위 등(단체 등의 구성ㆍ활동)","2일 이내","범죄발생부터 인지까지의 기간[건]","건","","","","","","","","","","-","-","2","12",
"폭력행위 등(단체 등의 구성ㆍ활동)","5일 이내","범죄발생부터 인지까지의 기간[건]","건","","","","","","","","","","1","-","7","23",
"폭력행위 등(단체 등의 구성ㆍ활동)","10일 이내","범죄발생부터 인지까지의 기간[건]","건","","","","","","","","","","-","-","4","28",
"폭력행위 등(단체 등의 구성ㆍ활동)","1개월 이내","범죄발생부터 인지까지의 기간[건]","건","","","","","","","","","","2","2","7","35",
"폭력행위 등(단체 등의 구성ㆍ활동)","3개월 이내","범죄발생부터 인지까지의 기간[건]","건","","","","","","","","","","-","4","7","59",
"폭력행위 등(단체 등의 구성ㆍ활동)","3개월 초과","범죄발생부터 인지까지의 기간[건]","건","","","","","","","","","","10","32","618","153",
"폭력행위 등 처벌에 관한법률 위반","합계","범죄발생부터 인지까지의 기간[건]","건","","","","","","","","","","224751","230056","221561","223610",
"폭력행위 등 처벌에 관한법률 위반","1시간 이내","범죄발생부터 인지까지의 기간[건]","건","","","","","","","","","","109830","111186","4397","110698",
"폭력행위 등 처벌에 관한법률 위반","2시간 이내","범죄발생부터 인지까지의 기간[건]","건","","","","","","","","","","15717","16619","822","11383",
"폭력행위 등 처벌에 관한법률 위반","5시간 이내","범죄발생부터 인지까지의 기간[건]","건","","","","","","","","","","8889","8783","587","10263",
"폭력행위 등 처벌에 관한법률 위반","12시간 이내","범죄발생부터 인지까지의 기간[건]","건","","","","","","","","","","5759","5666","404","9136",
"폭력행위 등 처벌에 관한법률 위반","24시간 이내","범죄발생부터 인지까지의 기간[건]","건","","","","","","","","","","23192","23852","328","10778",
"폭력행위 등 처벌에 관한법률 위반","2일 이내","범죄발생부터 인지까지의 기간[건]","건","","","","","","","","","","10304","9844","413","8031",
"폭력행위 등 처벌에 관한법률 위반","5일 이내","범죄발생부터 인지까지의 기간[건]","건","","","","","","","","","","14761","14816","721","15090",
"폭력행위 등 처벌에 관한법률 위반","10일 이내","범죄발생부터 인지까지의 기간[건]","건","","","","","","","","","","9245","9444","604","11881",
"폭력행위 등 처벌에 관한법률 위반","1개월 이내","범죄발생부터 인지까지의 기간[건]","건","","","","","","","","","","10987","12110","857","14924",
"폭력행위 등 처벌에 관한법률 위반","3개월 이내","범죄발생부터 인지까지의 기간[건]","건","","","","","","","","","","6957","8104","601","10431",
"폭력행위 등 처벌에 관한법률 위반","3개월 초과","범죄발생부터 인지까지의 기간[건]","건","","","","","","","","","","9110","9632","211827","10995",
"위조범죄","합계","범죄발생부터 인지까지의 기간[건]","건","7899","9945","10318","11792","11773","13537","16873","19684","23439","21652","19806","22613","24012",
"위조범죄","1시간 이내","범죄발생부터 인지까지의 기간[건]","건","229","259","300","406","394","715","690","1707","1930","3260","2518","177","950",
"위조범죄","2시간 이내","범죄발생부터 인지까지의 기간[건]","건","15","27","34","37","45","88","70","52","66","67","68","16","46",
"위조범죄","5시간 이내","범죄발생부터 인지까지의 기간[건]","건","22","30","39","44","38","134","95","86","77","54","65","10","75",
"위조범죄","12시간 이내","범죄발생부터 인지까지의 기간[건]","건","34","31","23","33","28","93","81","55","42","38","36","7","130",
"위조범죄","24시간 이내","범죄발생부터 인지까지의 기간[건]","건","108","95","93","121","164","147","199","173","218","202","176","38","250",
"위조범죄","2일 이내","범죄발생부터 인지까지의 기간[건]","건","110","91","91","88","106","110","133","238","189","209","144","35","195",
"위조범죄","5일 이내","범죄발생부터 인지까지의 기간[건]","건","410","168","180","207","223","260","301","252","371","374","309","33","442",
"위조범죄","10일 이내","범죄발생부터 인지까지의 기간[건]","건","257","211","162","249","218","297","315","334","350","337","361","58","572",
"위조범죄","30일 이내","범죄발생부터 인지까지의 기간[건]","건","561","","","","","","","","","","","","",
"위조범죄","90일 이내","범죄발생부터 인지까지의 기간[건]","건","823","","","","","","","","","","","","",
"위조범죄","90일 이상","범죄발생부터 인지까지의 기간[건]","건","5330","","","","","","","","","","","","",
"위조범죄","1개월 이내","범죄발생부터 인지까지의 기간[건]","건","","576","552","732","659","740","868","992","1116","1153","1087","351","1608",
"위조범죄","3개월 이내","범죄발생부터 인지까지의 기간[건]","건","","1279","1195","1332","1345","1531","1790","2132","2185","2053","2247","481","2703",
"위조범죄","3개월 초과","범죄발생부터 인지까지의 기간[건]","건","","7178","7649","8543","8553","9422","12331","13663","16895","13905","12795","21407","17041",
"통화","합계","범죄발생부터 인지까지의 기간[건]","건","114","37","10","18","23","104","714","165","222","342","456","570","1448",
"통화","1시간 이내","범죄발생부터 인지까지의 기간[건]","건","7","8","1","6","","8","45","28","43","60","87","2","134",
"통화","2시간 이내","범죄발생부터 인지까지의 기간[건]","건","","2","1","","","1","9","5","7","8","9","-","3",
"통화","5시간 이내","범죄발생부터 인지까지의 기간[건]","건","2","2","1","1","","6","5","9","2","5","10","-","11",
"통화","12시간 이내","범죄발생부터 인지까지의 기간[건]","건","","2","","","","4","8","-","7","1","7","-","25",
"통화","24시간 이내","범죄발생부터 인지까지의 기간[건]","건","4","3","1","2","5","5","39","12","21","41","29","2","53",
"통화","2일 이내","범죄발생부터 인지까지의 기간[건]","건","1","2","","1","2","6","7","11","11","19","15","2","42",
"통화","5일 이내","범죄발생부터 인지까지의 기간[건]","건","14","4","2","","6","12","30","27","20","45","36","1","140",
"통화","10일 이내","범죄발생부터 인지까지의 기간[건]","건","6","6","","3","","9","15","12","20","18","33","3","210",
"통화","30일 이내","범죄발생부터 인지까지의 기간[건]","건","6","","","","","","","","","","","","",
"통화","90일 이내","범죄발생부터 인지까지의 기간[건]","건","6","","","","","","","","","","","","",
"통화","90일 이상","범죄발생부터 인지까지의 기간[건]","건","68","","","","","","","","","","","","",
"통화","1개월 이내","범죄발생부터 인지까지의 기간[건]","건","","5","1","","4","18","53","9","24","24","50","1","232",
"통화","3개월 이내","범죄발생부터 인지까지의 기간[건]","건","","1","","2","1","15","97","17","34","29","48","2","329",
"통화","3개월 초과","범죄발생부터 인지까지의 기간[건]","건","","2","3","3","5","20","406","35","33","92","132","557","269",
"유가증권ㆍ인지ㆍ우표","합계","범죄발생부터 인지까지의 기간[건]","건","1168","1634","1817","1841","1832","1891","1592","1577","1516","1202","1221","1579","2041",
"유가증권ㆍ인지ㆍ우표","1시간 이내","범죄발생부터 인지까지의 기간[건]","건","18","27","38","37","20","32","22","87","118","117","127","11","77",
"유가증권ㆍ인지ㆍ우표","2시간 이내","범죄발생부터 인지까지의 기간[건]","건","3","","2","","3","1","3","3","3","1","1","2","2",
"유가증권ㆍ인지ㆍ우표","5시간 이내","범죄발생부터 인지까지의 기간[건]","건","2","1","1","2","1","3","","2","4","2","4","-","5",
"유가증권ㆍ인지ㆍ우표","12시간 이내","범죄발생부터 인지까지의 기간[건]","건","3","3","3","2","","7","9","2","1","-","2","-","8",
"유가증권ㆍ인지ㆍ우표","24시간 이내","범죄발생부터 인지까지의 기간[건]","건","14","23","12","13","22","17","11","11","21","7","13","2","21",
"유가증권ㆍ인지ㆍ우표","2일 이내","범죄발생부터 인지까지의 기간[건]","건","15","25","10","16","12","8","11","21","14","11","9","2","19",
"유가증권ㆍ인지ㆍ우표","5일 이내","범죄발생부터 인지까지의 기간[건]","건","74","29","22","21","34","23","25","15","19","17","19","3","41",
"유가증권ㆍ인지ㆍ우표","10일 이내","범죄발생부터 인지까지의 기간[건]","건","47","29","24","28","35","20","32","21","27","28","31","3","41",
"유가증권ㆍ인지ㆍ우표","30일 이내","범죄발생부터 인지까지의 기간[건]","건","90","","","","","","","","","","","","",
"유가증권ㆍ인지ㆍ우표","90일 이내","범죄발생부터 인지까지의 기간[건]","건","117","","","","","","","","","","","","",
"유가증권ㆍ인지ㆍ우표","90일 이상","범죄발생부터 인지까지의 기간[건]","건","785","","","","","","","","","","","","",
"유가증권ㆍ인지ㆍ우표","1개월 이내","범죄발생부터 인지까지의 기간[건]","건","","90","86","93","71","63","73","66","88","73","64","17","263",
"유가증권ㆍ인지ㆍ우표","3개월 이내","범죄발생부터 인지까지의 기간[건]","건","","199","214","202","212","209","148","180","133","113","160","33","203",
"유가증권ㆍ인지ㆍ우표","3개월 초과","범죄발생부터 인지까지의 기간[건]","건","","1208","1405","1427","1422","1508","1258","1169","1088","833","791","1506","1361",
"문서","합계","범죄발생부터 인지까지의 기간[건]","건","6248","7871","8141","9545","9544","11087","14063","17160","20582","19618","17669","18891","19847",
"문서","1시간 이내","범죄발생부터 인지까지의 기간[건]","건","179","208","237","335","336","615","562","1522","1708","3014","2229","161","675",
"문서","2시간 이내","범죄발생부터 인지까지의 기간[건]","건","11","20","29","32","39","75","50","40","49","53","54","14","40",
"문서","5시간 이내","범죄발생부터 인지까지의 기간[건]","건","16","22","32","38","27","112","82","65","52","40","48","10","52",
"문서","12시간 이내","범죄발생부터 인지까지의 기간[건]","건","29","21","16","27","18","71","57","50","31","33","24","7","87",
"문서","24시간 이내","범죄발생부터 인지까지의 기간[건]","건","79","58","72","91","119","108","134","134","156","130","117","34","163",
"문서","2일 이내","범죄발생부터 인지까지의 기간[건]","건","90","50","69","58","80","77","99","191","153","158","109","30","122",
"문서","5일 이내","범죄발생부터 인지까지의 기간[건]","건","290","109","124","156","160","182","212","174","311","290","225","26","235",
"문서","10일 이내","범죄발생부터 인지까지의 기간[건]","건","178","160","119","184","156","237","243","269","276","278","266","51","289",
"문서","30일 이내","범죄발생부터 인지까지의 기간[건]","건","423","","","","","","","","","","","","",
"문서","90일 이내","범죄발생부터 인지까지의 기간[건]","건","657","","","","","","","","","","","","",
"문서","90일 이상","범죄발생부터 인지까지의 기간[건]","건","4296","","","","","","","","","","","","",
"문서","1개월 이내","범죄발생부터 인지까지의 기간[건]","건","","425","427","587","535","604","686","857","939","1006","921","316","1023",
"문서","3개월 이내","범죄발생부터 인지까지의 기간[건]","건","","1015","922","1078","1081","1252","1466","1812","1906","1841","1980","405","2028",
"문서","3개월 초과","범죄발생부터 인지까지의 기간[건]","건","","5783","6094","6959","6993","7754","10472","12046","15001","12775","11696","17837","15133",
"인장","합계","범죄발생부터 인지까지의 기간[건]","건","369","403","350","388","374","455","504","782","1119","490","460","1573","676",
"인장","1시간 이내","범죄발생부터 인지까지의 기간[건]","건","25","16","24","28","38","60","61","70","61","69","75","3","64",
"인장","2시간 이내","범죄발생부터 인지까지의 기간[건]","건","1","5","2","5","3","11","8","4","7","5","4","-","1",
"인장","5시간 이내","범죄발생부터 인지까지의 기간[건]","건","2","5","5","3","10","13","8","10","19","7","3","-","7",
"인장","12시간 이내","범죄발생부터 인지까지의 기간[건]","건","2","5","4","4","10","11","7","3","3","4","3","-","10",
"인장","24시간 이내","범죄발생부터 인지까지의 기간[건]","건","11","11","8","15","18","17","15","16","20","24","17","-","13",
"인장","2일 이내","범죄발생부터 인지까지의 기간[건]","건","4","14","12","13","12","19","16","15","11","21","11","1","12",
"인장","5일 이내","범죄발생부터 인지까지의 기간[건]","건","32","26","32","30","23","43","34","36","21","22","29","3","26",
"인장","10일 이내","범죄발생부터 인지까지의 기간[건]","건","26","16","19","34","27","31","25","32","27","13","31","1","32",
"인장","30일 이내","범죄발생부터 인지까지의 기간[건]","건","42","","","","","","","","","","","","",
"인장","90일 이내","범죄발생부터 인지까지의 기간[건]","건","43","","","","","","","","","","","","",
"인장","90일 이상","범죄발생부터 인지까지의 기간[건]","건","181","","","","","","","","","","","","",
"인장","1개월 이내","범죄발생부터 인지까지의 기간[건]","건","","56","38","52","49","55","56","60","65","50","52","17","90",
"인장","3개월 이내","범죄발생부터 인지까지의 기간[건]","건","","64","59","50","51","55","79","123","112","70","59","41","143",
"인장","3개월 초과","범죄발생부터 인지까지의 기간[건]","건","","185","147","154","133","140","195","413","773","205","176","1507","278",
"공무원범죄","합계","범죄발생부터 인지까지의 기간[건]","건","3749","1444","1291","1162","1070","1322","11568","2648","1736","2115","1592","1758","1662",
"공무원범죄","1시간 이내","범죄발생부터 인지까지의 기간[건]","건","2513","128","92","63","69","56","4986","603","259","392","295","43","43",
"공무원범죄","2시간 이내","범죄발생부터 인지까지의 기간[건]","건","161","23","17","3","3","5","357","26","6","6","3","-","5",
"공무원범죄","5시간 이내","범죄발생부터 인지까지의 기간[건]","건","73","15","9","7","7","3","361","21","2","3","-","2","4",
"공무원범죄","12시간 이내","범죄발생부터 인지까지의 기간[건]","건","22","8","6","3","4","1","206","15","4","2","4","1","8",
"공무원범죄","24시간 이내","범죄발생부터 인지까지의 기간[건]","건","77","27","28","10","18","11","916","62","25","12","12","2","9",
"공무원범죄","2일 이내","범죄발생부터 인지까지의 기간[건]","건","35","29","17","15","10","14","690","60","11","17","7","4","10",
"공무원범죄","5일 이내","범죄발생부터 인지까지의 기간[건]","건","158","48","30","22","30","24","625","57","24","23","20","10","31",
"공무원범죄","10일 이내","범죄발생부터 인지까지의 기간[건]","건","35","71","37","29","25","33","398","59","39","33","19","24","47",
"공무원범죄","30일 이내","범죄발생부터 인지까지의 기간[건]","건","49","","","","","","","","","","","","",
"공무원범죄","90일 이내","범죄발생부터 인지까지의 기간[건]","건","107","","","","","","","","","","","","",
"공무원범죄","90일 이상","범죄발생부터 인지까지의 기간[건]","건","519","","","","","","","","","","","","",
"공무원범죄","1개월 이내","범죄발생부터 인지까지의 기간[건]","건","","135","77","79","63","71","219","159","138","130","76","132","149",
"공무원범죄","3개월 이내","범죄발생부터 인지까지의 기간[건]","건","","141","125","260","96","134","265","246","153","193","129","113","175",
"공무원범죄","3개월 초과","범죄발생부터 인지까지의 기간[건]","건","","819","853","671","745","970","2545","1340","1075","1304","1027","1427","1181",
"직무유기","합계","범죄발생부터 인지까지의 기간[건]","건","220","511","320","399","274","282","1815","455","456","516","446","439","459",
"직무유기","1시간 이내","범죄발생부터 인지까지의 기간[건]","건","8","10","4","8","3","2","2","38","66","104","114","18","12",
"직무유기","2시간 이내","범죄발생부터 인지까지의 기간[건]","건","1","1","","","","","","2","-","-","-","-","1",
"직무유기","5시간 이내","범죄발생부터 인지까지의 기간[건]","건","1","2","","","","1","","1","-","-","-","-","-",
"직무유기","12시간 이내","범죄발생부터 인지까지의 기간[건]","건","3","4","1","","","","1","-","-","-","-","1","1",
"직무유기","24시간 이내","범죄발생부터 인지까지의 기간[건]","건","4","3","5","2","2","2","4","2","4","3","3","-","1",
"직무유기","2일 이내","범죄발생부터 인지까지의 기간[건]","건","3","9","3","5","2","","2","6","1","3","1","2","2",
"직무유기","5일 이내","범죄발생부터 인지까지의 기간[건]","건","17","32","7","4","6","2","7","3","4","4","4","4","12",
"직무유기","10일 이내","범죄발생부터 인지까지의 기간[건]","건","10","33","13","8","8","14","11","13","6","12","7","4","10",
"직무유기","30일 이내","범죄발생부터 인지까지의 기간[건]","건","21","","","","","","","","","","","","",
"직무유기","90일 이내","범죄발생부터 인지까지의 기간[건]","건","35","","","","","","","","","","","","",
"직무유기","90일 이상","범죄발생부터 인지까지의 기간[건]","건","117","","","","","","","","","","","","",
"직무유기","1개월 이내","범죄발생부터 인지까지의 기간[건]","건","","84","23","22","19","21","50","33","48","38","32","38","49",
"직무유기","3개월 이내","범죄발생부터 인지까지의 기간[건]","건","","61","43","180","33","46","133","72","60","68","46","30","67",
"직무유기","3개월 초과","범죄발생부터 인지까지의 기간[건]","건","","272","221","170","201","194","1605","285","267","284","239","342","304",
"직권남용","합계","범죄발생부터 인지까지의 기간[건]","건","109","186","203","125","100","146","158","367","357","453","330","416","447",
"직권남용","1시간 이내","범죄발생부터 인지까지의 기간[건]","건","2","5","","1","5","4","","33","64","103","69","13","18",
"직권남용","2시간 이내","범죄발생부터 인지까지의 기간[건]","건","","","","","","","","3","2","1","1","-","-",
"직권남용","5시간 이내","범죄발생부터 인지까지의 기간[건]","건","","","1","1","","","","-","-","1","-","1","-",
"직권남용","12시간 이내","범죄발생부터 인지까지의 기간[건]","건","","","","1","1","","2","1","-","-","-","-","1",
"직권남용","24시간 이내","범죄발생부터 인지까지의 기간[건]","건","1","4","3","","1","2","2","1","1","4","4","-","4",
"직권남용","2일 이내","범죄발생부터 인지까지의 기간[건]","건","","2","1","","1","2","","4","2","2","3","-","2",
"직권남용","5일 이내","범죄발생부터 인지까지의 기간[건]","건","6","4","5","7","12","6","4","6","8","9","6","3","13",
"직권남용","10일 이내","범죄발생부터 인지까지의 기간[건]","건","8","17","17","11","6","10","7","19","19","12","6","12","25",
"직권남용","30일 이내","범죄발생부터 인지까지의 기간[건]","건","12","","","","","","","","","","","","",
"직권남용","90일 이내","범죄발생부터 인지까지의 기간[건]","건","33","","","","","","","","","","","","",
"직권남용","90일 이상","범죄발생부터 인지까지의 기간[건]","건","47","","","","","","","","","","","","",
"직권남용","1개월 이내","범죄발생부터 인지까지의 기간[건]","건","","25","27","30","20","29","13","49","43","49","27","55","75",
"직권남용","3개월 이내","범죄발생부터 인지까지의 기간[건]","건","","32","27","23","9","19","27","65","42","56","39","38","73",
"직권남용","3개월 초과","범죄발생부터 인지까지의 기간[건]","건","","97","122","51","45","74","103","186","176","216","175","294","236",
"수뢰","합계","범죄발생부터 인지까지의 기간[건]","건","499","313","333","296","322","454","455","455","364","622","490","536","488",
"수뢰","1시간 이내","범죄발생부터 인지까지의 기간[건]","건","187","5","7","9","6","6","8","40","30","72","61","5","4",
"수뢰","2시간 이내","범죄발생부터 인지까지의 기간[건]","건","17","1","","1","","","","1","-","1","1","-","1",
"수뢰","5시간 이내","범죄발생부터 인지까지의 기간[건]","건","7","4","3","","","","","-","-","1","-","0","-",
"수뢰","12시간 이내","범죄발생부터 인지까지의 기간[건]","건","3","1","","","","","","-","-","-","1","-","3",
"수뢰","24시간 이내","범죄발생부터 인지까지의 기간[건]","건","14","2","4","","2","1","","-","1","-","1","1","1",
"수뢰","2일 이내","범죄발생부터 인지까지의 기간[건]","건","9","6","4","1","","1","","11","1","2","1","2","3",
"수뢰","5일 이내","범죄발생부터 인지까지의 기간[건]","건","38","4","7","1","3","4","2","7","2","3","4","2","1",
"수뢰","10일 이내","범죄발생부터 인지까지의 기간[건]","건","5","14","3","4","7","3","2","2","-","2","1","3","5",
"수뢰","30일 이내","범죄발생부터 인지까지의 기간[건]","건","14","","","","","","","","","","","","",
"수뢰","90일 이내","범죄발생부터 인지까지의 기간[건]","건","25","","","","","","","","","","","","",
"수뢰","90일 이상","범죄발생부터 인지까지의 기간[건]","건","180","","","","","","","","","","","","",
"수뢰","1개월 이내","범죄발생부터 인지까지의 기간[건]","건","","14","15","14","11","12","18","21","23","22","8","19","12",
"수뢰","3개월 이내","범죄발생부터 인지까지의 기간[건]","건","","21","30","26","27","39","47","48","24","46","22","25","22",
"수뢰","3개월 초과","범죄발생부터 인지까지의 기간[건]","건","","241","260","240","266","388","378","325","283","473","390","479","436",
"증뢰","합계","범죄발생부터 인지까지의 기간[건]","건","2921","434","435","342","374","440","9140","1371","559","524","326","367","268",
"증뢰","1시간 이내","범죄발생부터 인지까지의 기간[건]","건","2316","108","81","45","55","44","4976","492","99","113","51","7","9",
"증뢰","2시간 이내","범죄발생부터 인지까지의 기간[건]","건","143","21","17","2","3","5","357","20","4","4","1","-","3",
"증뢰","5시간 이내","범죄발생부터 인지까지의 기간[건]","건","65","9","5","6","7","2","361","20","2","1","-","1","4",
"증뢰","12시간 이내","범죄발생부터 인지까지의 기간[건]","건","16","3","5","2","3","1","203","14","4","2","3","-","3",
"증뢰","24시간 이내","범죄발생부터 인지까지의 기간[건]","건","58","18","16","8","13","6","910","59","19","5","4","1","3",
"증뢰","2일 이내","범죄발생부터 인지까지의 기간[건]","건","23","12","9","9","7","11","688","39","7","10","2","-","3",
"증뢰","5일 이내","범죄발생부터 인지까지의 기간[건]","건","97","8","11","10","9","12","612","41","10","7","6","1","5",
"증뢰","10일 이내","범죄발생부터 인지까지의 기간[건]","건","12","7","4","6","4","6","378","25","14","7","5","5","7",
"증뢰","30일 이내","범죄발생부터 인지까지의 기간[건]","건","2","","","","","","","","","","","","",
"증뢰","90일 이내","범죄발생부터 인지까지의 기간[건]","건","14","","","","","","","","","","","","",
"증뢰","90일 이상","범죄발생부터 인지까지의 기간[건]","건","175","","","","","","","","","","","","",
"증뢰","1개월 이내","범죄발생부터 인지까지의 기간[건]","건","","12","12","13","13","9","138","56","24","21","9","20","13",
"증뢰","3개월 이내","범죄발생부터 인지까지의 기간[건]","건","","27","25","31","27","30","58","61","27","23","22","20","13",
"증뢰","3개월 초과","범죄발생부터 인지까지의 기간[건]","건","","209","250","210","233","314","459","544","349","331","223","312","205",
"풍속범죄","합계","범죄발생부터 인지까지의 기간[건]","건","22746","17297","16489","15678","15227","15897","18097","20334","19544","17621","14276","14439","12173",
"풍속범죄","1시간 이내","범죄발생부터 인지까지의 기간[건]","건","5022","2473","2747","2573","2964","3360","4448","5321","4859","4591","3453","81","2847",
"풍속범죄","2시간 이내","범죄발생부터 인지까지의 기간[건]","건","1204","751","817","711","703","905","1071","1310","1141","1033","767","34","552",
"풍속범죄","5시간 이내","범죄발생부터 인지까지의 기간[건]","건","1459","1080","1055","883","874","862","1199","1311","1388","1150","821","50","816",
"풍속범죄","12시간 이내","범죄발생부터 인지까지의 기간[건]","건","863","732","584","546","554","476","569","692","631","492","389","16","501",
"풍속범죄","24시간 이내","범죄발생부터 인지까지의 기간[건]","건","2227","1542","1496","1387","1372","1357","1686","1977","1863","1566","1268","19","832",
"풍속범죄","2일 이내","범죄발생부터 인지까지의 기간[건]","건","1533","1149","960","934","813","904","968","1102","1017","897","638","18","431",
"풍속범죄","5일 이내","범죄발생부터 인지까지의 기간[건]","건","1837","1447","1228","1282","1130","1256","1225","1510","1385","1125","836","32","784",
"풍속범죄","10일 이내","범죄발생부터 인지까지의 기간[건]","건","890","801","737","820","683","702","779","888","945","763","610","29","542",
"풍속범죄","30일 이내","범죄발생부터 인지까지의 기간[건]","건","1761","","","","","","","","","","","","",
"풍속범죄","90일 이내","범죄발생부터 인지까지의 기간[건]","건","1649","","","","","","","","","","","","",
"풍속범죄","90일 이상","범죄발생부터 인지까지의 기간[건]","건","4301","","","","","","","","","","","","",
"풍속범죄","1개월 이내","범죄발생부터 인지까지의 기간[건]","건","","1415","1331","1258","1174","1011","1177","1265","1242","1143","1014","83","933",
"풍속범죄","3개월 이내","범죄발생부터 인지까지의 기간[건]","건","","1931","1679","1614","1574","1371","1449","1453","1427","1363","1285","92","1091",
"풍속범죄","3개월 초과","범죄발생부터 인지까지의 기간[건]","건","","3976","3855","3670","3386","3693","3526","3505","3646","3498","3195","13985","2844",
"간통","합계","범죄발생부터 인지까지의 기간[건]","건","7474","7498","6932","6696","5808","5946","5717","5617","5420","4957","4822","4294","3686",
"간통","1시간 이내","범죄발생부터 인지까지의 기간[건]","건","120","236","203","185","139","167","218","285","243","265","244","10","222",
"간통","2시간 이내","범죄발생부터 인지까지의 기간[건]","건","31","60","37","38","21","28","26","29","16","22","14","-","21",
"간통","5시간 이내","범죄발생부터 인지까지의 기간[건]","건","50","76","61","37","27","24","15","36","36","25","28","3","38",
"간통","12시간 이내","범죄발생부터 인지까지의 기간[건]","건","72","96","77","71","47","63","56","42","41","24","30","3","45",
"간통","24시간 이내","범죄발생부터 인지까지의 기간[건]","건","292","286","304","332","256","229","236","254","282","227","212","-","129",
"간통","2일 이내","범죄발생부터 인지까지의 기간[건]","건","269","285","243","283","211","229","233","228","231","197","213","8","106",
"간통","5일 이내","범죄발생부터 인지까지의 기간[건]","건","572","555","466","458","371","364","363","414","368","318","293","12","216",
"간통","10일 이내","범죄발생부터 인지까지의 기간[건]","건","486","477","407","452","315","349","341","335","304","264","256","16","194",
"간통","30일 이내","범죄발생부터 인지까지의 기간[건]","건","1233","","","","","","","","","","","","",
"간통","90일 이내","범죄발생부터 인지까지의 기간[건]","건","1295","","","","","","","","","","","","",
"간통","90일 이상","범죄발생부터 인지까지의 기간[건]","건","3054","","","","","","","","","","","","",
"간통","1개월 이내","범죄발생부터 인지까지의 기간[건]","건","","1030","963","885","732","704","677","685","642","569","580","34","441",
"간통","3개월 이내","범죄발생부터 인지까지의 기간[건]","건","","1544","1341","1260","1171","1079","1079","973","960","900","855","49","666",
"간통","3개월 초과","범죄발생부터 인지까지의 기간[건]","건","","2853","2830","2695","2518","2710","2473","2336","2297","2146","2097","4159","1608",
"혼인빙자간음","합계","범죄발생부터 인지까지의 기간[건]","건","914","1021","857","762","672","770","786","799","916","1014","839","918","755",
"혼인빙자간음","1시간 이내","범죄발생부터 인지까지의 기간[건]","건","10","10","4","6","3","8","8","16","35","44","23","4","10",
"혼인빙자간음","2시간 이내","범죄발생부터 인지까지의 기간[건]","건","4","","","","","","","-","-","-","-","-","-",
"혼인빙자간음","5시간 이내","범죄발생부터 인지까지의 기간[건]","건","1","","1","1","","1","1","1","-","-","-","1","-",
"혼인빙자간음","12시간 이내","범죄발생부터 인지까지의 기간[건]","건","1","","1","","","3","7","1","-","-","-","-","-",
"혼인빙자간음","24시간 이내","범죄발생부터 인지까지의 기간[건]","건","5","2","5","1","2","1","1","1","7","4","-","-","2",
"혼인빙자간음","2일 이내","범죄발생부터 인지까지의 기간[건]","건","11","6","2","6","1","4","3","2","3","2","1","-","2",
"혼인빙자간음","5일 이내","범죄발생부터 인지까지의 기간[건]","건","52","11","4","9","6","6","10","8","11","10","3","-","3",
"혼인빙자간음","10일 이내","범죄발생부터 인지까지의 기간[건]","건","19","15","12","9","11","11","16","13","21","16","15","-","7",
"혼인빙자간음","30일 이내","범죄발생부터 인지까지의 기간[건]","건","70","","","","","","","","","","","","",
"혼인빙자간음","90일 이내","범죄발생부터 인지까지의 기간[건]","건","104","","","","","","","","","","","","",
"혼인빙자간음","90일 이상","범죄발생부터 인지까지의 기간[건]","건","637","","","","","","","","","","","","",
"혼인빙자간음","1개월 이내","범죄발생부터 인지까지의 기간[건]","건","","73","48","42","39","36","52","37","58","46","47","4","39",
"혼인빙자간음","3개월 이내","범죄발생부터 인지까지의 기간[건]","건","","155","123","108","91","109","109","128","118","184","120","11","97",
"혼인빙자간음","3개월 초과","범죄발생부터 인지까지의 기간[건]","건","","749","657","580","519","591","579","592","663","708","630","898","595",
"도박과 복표","합계","범죄발생부터 인지까지의 기간[건]","건","14085","8543","8427","7836","8221","8848","11081","13457","12631","11244","8214","8838","7276",
"도박과 복표","1시간 이내","범죄발생부터 인지까지의 기간[건]","건","4837","2186","2487","2313","2739","3114","4119","4934","4458","4184","3079","65","2540",
"도박과 복표","2시간 이내","범죄발생부터 인지까지의 기간[건]","건","1167","687","773","664","675","871","1031","1265","1111","1002","744","34","524",
"도박과 복표","5시간 이내","범죄발생부터 인지까지의 기간[건]","건","1406","1001","988","842","840","832","1171","1266","1342","1119","785","46","773",
"도박과 복표","12시간 이내","범죄발생부터 인지까지의 기간[건]","건","785","635","505","468","504","407","499","644","588","463","353","13","441",
"도박과 복표","24시간 이내","범죄발생부터 인지까지의 기간[건]","건","1916","1248","1180","1033","1096","1116","1422","1693","1535","1313","1037","19","675",
"도박과 복표","2일 이내","범죄발생부터 인지까지의 기간[건]","건","1246","850","702","627","587","659","716","850","763","683","401","5","308",
"도박과 복표","5일 이내","범죄발생부터 인지까지의 기간[건]","건","1189","866","745","792","717","864","828","1040","968","776","510","18","538",
"도박과 복표","10일 이내","범죄발생부터 인지까지의 기간[건]","건","373","294","308","339","322","323","386","525","584","461","318","13","315",
"도박과 복표","30일 이내","범죄발생부터 인지까지의 기간[건]","건","418","","","","","","","","","","","","",
"도박과 복표","90일 이내","범죄발생부터 인지까지의 기간[건]","건","222","","","","","","","","","","","","",
"도박과 복표","90일 이상","범죄발생부터 인지까지의 기간[건]","건","526","","","","","","","","","","","","",
"도박과 복표","1개월 이내","범죄발생부터 인지까지의 기간[건]","건","","283","280","284","296","237","383","481","496","478","347","33","398",
"도박과 복표","3개월 이내","범죄발생부터 인지까지의 기간[건]","건","","182","170","173","205","132","195","299","300","226","264","24","262",
"도박과 복표","3개월 초과","범죄발생부터 인지까지의 기간[건]","건","","311","289","301","240","293","331","460","486","539","376","8568","502",
"신앙","합계","범죄발생부터 인지까지의 기간[건]","건","113","123","111","116","118","119","180","147","246","185","201","204","245",
"신앙","1시간 이내","범죄발생부터 인지까지의 기간[건]","건","1","1","1","2","","2","5","9","16","14","11","1","13",
"신앙","2시간 이내","범죄발생부터 인지까지의 기간[건]","건","","","1","","1","1","1","3","2","2","3","-","-",
"신앙","5시간 이내","범죄발생부터 인지까지의 기간[건]","건","1","","1","","2","","1","-","2","-","-","-","-",
"신앙","12시간 이내","범죄발생부터 인지까지의 기간[건]","건","","","1","2","","2","2","1","-","1","4","-","1",
"신앙","24시간 이내","범죄발생부터 인지까지의 기간[건]","건","2","3","3","4","2","1","1","1","7","5","7","-","3",
"신앙","2일 이내","범죄발생부터 인지까지의 기간[건]","건","1","5","4","2","4","3","2","4","9","7","13","-","6",
"신앙","5일 이내","범죄발생부터 인지까지의 기간[건]","건","6","9","10","9","8","11","8","12","13","11","17","-","10",
"신앙","10일 이내","범죄발생부터 인지까지의 기간[건]","건","6","9","4","5","5","2","13","5","20","13","13","-","15",
"신앙","30일 이내","범죄발생부터 인지까지의 기간[건]","건","16","","","","","","","","","","","","",
"신앙","90일 이내","범죄발생부터 인지까지의 기간[건]","건","20","","","","","","","","","","","","",
"신앙","90일 이상","범죄발생부터 인지까지의 기간[건]","건","60","","","","","","","","","","","","",
"신앙","1개월 이내","범죄발생부터 인지까지의 기간[건]","건","","11","21","17","20","15","29","17","26","26","26","7","32",
"신앙","3개월 이내","범죄발생부터 인지까지의 기간[건]","건","","34","17","26","28","17","31","20","25","28","31","4","41",
"신앙","3개월 초과","범죄발생부터 인지까지의 기간[건]","건","","51","48","49","48","65","87","75","126","78","76","192","124",
"기타 음란행위","합계","범죄발생부터 인지까지의 기간[건]","건","160","112","162","268","408","214","333","314","331","221","200","185","211",
"기타 음란행위","1시간 이내","범죄발생부터 인지까지의 기간[건]","건","54","40","52","67","83","69","98","77","107","84","96","1","62",
"기타 음란행위","2시간 이내","범죄발생부터 인지까지의 기간[건]","건","2","4","6","9","6","5","13","13","12","7","6","-","7",
"기타 음란행위","5시간 이내","범죄발생부터 인지까지의 기간[건]","건","1","3","4","3","5","5","11","8","8","6","8","-","5",
"기타 음란행위","12시간 이내","범죄발생부터 인지까지의 기간[건]","건","5","1","","5","3","1","5","4","2","4","2","-","14",
"기타 음란행위","24시간 이내","범죄발생부터 인지까지의 기간[건]","건","12","3","4","17","16","10","26","28","32","17","12","-","23",
"기타 음란행위","2일 이내","범죄발생부터 인지까지의 기간[건]","건","6","3","9","16","10","9","14","18","11","8","10","5","9",
"기타 음란행위","5일 이내","범죄발생부터 인지까지의 기간[건]","건","18","6","3","14","28","11","16","36","25","10","13","2","17",
"기타 음란행위","10일 이내","범죄발생부터 인지까지의 기간[건]","건","6","6","6","15","30","17","23","10","16","9","8","-","11",
"기타 음란행위","30일 이내","범죄발생부터 인지까지의 기간[건]","건","24","","","","","","","","","","","","",
"기타 음란행위","90일 이내","범죄발생부터 인지까지의 기간[건]","건","8","","","","","","","","","","","","",
"기타 음란행위","90일 이상","범죄발생부터 인지까지의 기간[건]","건","24","","","","","","","","","","","","",
"기타 음란행위","1개월 이내","범죄발생부터 인지까지의 기간[건]","건","","18","19","30","87","19","36","45","20","24","14","5","23",
"기타 음란행위","3개월 이내","범죄발생부터 인지까지의 기간[건]","건","","16","28","47","79","34","35","33","24","25","15","4","25",
"기타 음란행위","3개월 초과","범죄발생부터 인지까지의 기간[건]","건","","12","31","45","61","34","56","42","74","27","16","168","15",
"과실범죄","합계","범죄발생부터 인지까지의 기간[건]","건","7566","7422","6823","7127","7272","6119","6022","7481","7972","7056","6900","5704","6253",
"과실범죄","1시간 이내","범죄발생부터 인지까지의 기간[건]","건","1647","1299","1161","1398","1511","1330","1262","2020","2349","2130","1984","67","1723",
"과실범죄","2시간 이내","범죄발생부터 인지까지의 기간[건]","건","184","379","354","336","324","278","287","376","388","327","300","11","127",
"과실범죄","5시간 이내","범죄발생부터 인지까지의 기간[건]","건","192","280","196","188","213","128","153","213","221","170","138","6","137",
"과실범죄","12시간 이내","범죄발생부터 인지까지의 기간[건]","건","228","295","245","223","263","248","228","253","237","181","199","5","175",
"과실범죄","24시간 이내","범죄발생부터 인지까지의 기간[건]","건","496","431","432","512","567","454","376","499","622","488","448","5","240",
"과실범죄","2일 이내","범죄발생부터 인지까지의 기간[건]","건","514","431","372","409","401","325","280","350","364","313","284","4","191",
"과실범죄","5일 이내","범죄발생부터 인지까지의 기간[건]","건","833","708","617","596","582","482","430","507","535","461","405","18","344",
"과실범죄","10일 이내","범죄발생부터 인지까지의 기간[건]","건","573","638","574","514","493","414","411","439","417","382","370","12","339",
"과실범죄","30일 이내","범죄발생부터 인지까지의 기간[건]","건","1149","","","","","","","","","","","","",
"과실범죄","90일 이내","범죄발생부터 인지까지의 기간[건]","건","861","","","","","","","","","","","","",
"과실범죄","90일 이상","범죄발생부터 인지까지의 기간[건]","건","889","","","","","","","","","","","","",
"과실범죄","1개월 이내","범죄발생부터 인지까지의 기간[건]","건","","1210","1118","1101","1052","827","849","886","977","822","781","63","771",
"과실범죄","3개월 이내","범죄발생부터 인지까지의 기간[건]","건","","1053","1023","1068","1060","899","970","1059","977","925","1072","51","1160",
"과실범죄","3개월 초과","범죄발생부터 인지까지의 기간[건]","건","","698","731","782","806","734","776","879","885","857","919","5462","1046",
"과실치사상","합계","범죄발생부터 인지까지의 기간[건]","건","726","505","431","459","465","488","600","713","712","687","779","984","1070",
"과실치사상","1시간 이내","범죄발생부터 인지까지의 기간[건]","건","146","58","51","75","73","85","125","167","160","147","151","11","247",
"과실치사상","2시간 이내","범죄발생부터 인지까지의 기간[건]","건","12","18","15","11","10","13","19","28","22","19","27","1","18",
"과실치사상","5시간 이내","범죄발생부터 인지까지의 기간[건]","건","18","35","16","12","10","13","13","24","21","17","17","1","14",
"과실치사상","12시간 이내","범죄발생부터 인지까지의 기간[건]","건","20","12","10","6","11","9","17","11","7","8","21","1","24",
"과실치사상","24시간 이내","범죄발생부터 인지까지의 기간[건]","건","37","26","26","34","18","21","24","39","25","25","27","1","31",
"과실치사상","2일 이내","범죄발생부터 인지까지의 기간[건]","건","35","34","22","20","25","17","23","26","26","28","23","2","25",
"과실치사상","5일 이내","범죄발생부터 인지까지의 기간[건]","건","70","44","36","46","38","42","61","49","59","51","81","6","60",
"과실치사상","10일 이내","범죄발생부터 인지까지의 기간[건]","건","67","55","48","36","49","46","53","69","57","77","65","4","68",
"과실치사상","30일 이내","범죄발생부터 인지까지의 기간[건]","건","135","","","","","","","","","","","","",
"과실치사상","90일 이내","범죄발생부터 인지까지의 기간[건]","건","96","","","","","","","","","","","","",
"과실치사상","90일 이상","범죄발생부터 인지까지의 기간[건]","건","90","","","","","","","","","","","","",
"과실치사상","1개월 이내","범죄발생부터 인지까지의 기간[건]","건","","94","82","78","88","98","107","121","143","119","133","10","208",
"과실치사상","3개월 이내","범죄발생부터 인지까지의 기간[건]","건","","84","77","90","86","92","98","104","119","116","133","14","225",
"과실치사상","3개월 초과","범죄발생부터 인지까지의 기간[건]","건","","45","48","51","57","52","60","75","73","80","101","933","150",
"업무상 과실치사상","합계","범죄발생부터 인지까지의 기간[건]","건","3585","3618","3287","3385","3321","2760","2874","3150","3116","2987","3017","2847","2683",
"업무상 과실치사상","1시간 이내","범죄발생부터 인지까지의 기간[건]","건","411","278","251","263","258","239","270","320","375","389","385","25","386",
"업무상 과실치사상","2시간 이내","범죄발생부터 인지까지의 기간[건]","건","79","104","83","77","86","71","77","82","68","66","68","4","19",
"업무상 과실치사상","5시간 이내","범죄발생부터 인지까지의 기간[건]","건","89","123","66","64","72","33","52","70","63","54","43","2","37",
"업무상 과실치사상","12시간 이내","범죄발생부터 인지까지의 기간[건]","건","72","80","57","60","55","53","66","42","53","36","42","1","39",
"업무상 과실치사상","24시간 이내","범죄발생부터 인지까지의 기간[건]","건","180","116","105","124","120","86","98","108","107","101","90","2","55",
"업무상 과실치사상","2일 이내","범죄발생부터 인지까지의 기간[건]","건","142","136","105","116","102","78","80","86","67","85","81","2","46",
"업무상 과실치사상","5일 이내","범죄발생부터 인지까지의 기간[건]","건","324","339","268","247","223","207","169","199","179","178","132","6","90",
"업무상 과실치사상","10일 이내","범죄발생부터 인지까지의 기간[건]","건","328","361","311","289","282","222","233","236","215","178","187","4","147",
"업무상 과실치사상","30일 이내","범죄발생부터 인지까지의 기간[건]","건","752","","","","","","","","","","","","",
"업무상 과실치사상","90일 이내","범죄발생부터 인지까지의 기간[건]","건","600","","","","","","","","","","","","",
"업무상 과실치사상","90일 이상","범죄발생부터 인지까지의 기간[건]","건","608","","","","","","","","","","","","",
"업무상 과실치사상","1개월 이내","범죄발생부터 인지까지의 기간[건]","건","","775","723","767","719","556","557","573","618","537","490","45","363",
"업무상 과실치사상","3개월 이내","범죄발생부터 인지까지의 기간[건]","건","","739","722","757","763","623","670","744","692","675","781","34","734",
"업무상 과실치사상","3개월 초과","범죄발생부터 인지까지의 기간[건]","건","","567","596","621","641","592","602","690","679","688","718","2722","767",
"실화","합계","범죄발생부터 인지까지의 기간[건]","건","3255","3299","3105","3283","3486","2871","2548","3618","4144","3382","3104","1873","2500",
"실화","1시간 이내","범죄발생부터 인지까지의 기간[건]","건","1090","963","859","1060","1180","1006","867","1533","1814","1594","1448","31","1090",
"실화","2시간 이내","범죄발생부터 인지까지의 기간[건]","건","93","257","256","248","228","194","191","266","298","242","205","6","90",
"실화","5시간 이내","범죄발생부터 인지까지의 기간[건]","건","85","122","114","112","131","82","88","119","137","99","78","3","86",
"실화","12시간 이내","범죄발생부터 인지까지의 기간[건]","건","136","203","178","157","197","186","145","200","177","137","136","3","112",
"실화","24시간 이내","범죄발생부터 인지까지의 기간[건]","건","279","289","301","354","429","347","254","352","490","362","331","2","154",
"실화","2일 이내","범죄발생부터 인지까지의 기간[건]","건","337","261","245","273","274","230","177","238","271","200","180","0","120",
"실화","5일 이내","범죄발생부터 인지까지의 기간[건]","건","439","325","313","303","321","233","200","259","297","232","192","6","194",
"실화","10일 이내","범죄발생부터 인지까지의 기간[건]","건","178","222","215","189","162","146","125","134","145","127","118","4","124",
"실화","30일 이내","범죄발생부터 인지까지의 기간[건]","건","262","","","","","","","","","","","","",
"실화","90일 이내","범죄발생부터 인지까지의 기간[건]","건","165","","","","","","","","","","","","",
"실화","90일 이상","범죄발생부터 인지까지의 기간[건]","건","191","","","","","","","","","","","","",
"실화","1개월 이내","범죄발생부터 인지까지의 기간[건]","건","","341","313","256","245","173","185","192","216","166","158","8","200",
"실화","3개월 이내","범죄발생부터 인지까지의 기간[건]","건","","230","224","221","211","184","202","211","166","134","158","3","201",
"실화","3개월 초과","범죄발생부터 인지까지의 기간[건]","건","","86","87","110","108","90","114","114","133","89","100","1807","129",
"기타 형법범죄","합계","범죄발생부터 인지까지의 기간[건]","건","","22341","21090","22517","23528","26467","30699","36583","38491","40851","38586","38963","40110",
"기타 형법범죄","1시간 이내","범죄발생부터 인지까지의 기간[건]","건","","2308","2153","2525","2779","3794","4105","6281","7416","10192","9634","550","7878",
"기타 형법범죄","2시간 이내","범죄발생부터 인지까지의 기간[건]","건","","525","427","453","495","619","529","718","874","920","997","61","899",
"기타 형법범죄","5시간 이내","범죄발생부터 인지까지의 기간[건]","건","","386","308","320","302","488","408","477","608","712","728","48","1024",
"기타 형법범죄","12시간 이내","범죄발생부터 인지까지의 기간[건]","건","","518","341","320","354","447","491","442","436","461","566","37","1059",
"기타 형법범죄","24시간 이내","범죄발생부터 인지까지의 기간[건]","건","","1130","927","1096","1121","1247","1224","1514","1679","1965","1926","87","1258",
"기타 형법범죄","2일 이내","범죄발생부터 인지까지의 기간[건]","건","","937","833","896","737","859","877","1106","1162","1205","1128","57","767",
"기타 형법범죄","5일 이내","범죄발생부터 인지까지의 기간[건]","건","","1441","1373","1529","1562","1571","1801","2000","2328","2214","2019","141","1895",
"기타 형법범죄","10일 이내","범죄발생부터 인지까지의 기간[건]","건","","1191","1123","1245","1220","1291","1494","1772","1890","1910","1786","214","1998",
"기타 형법범죄","1개월 이내","범죄발생부터 인지까지의 기간[건]","건","","2716","2480","2484","2684","2737","3242","4046","3981","3812","3825","837","4230",
"기타 형법범죄","3개월 이내","범죄발생부터 인지까지의 기간[건]","건","","3681","3440","3626","3792","4024","4655","5540","5315","5000","4838","1085","5870",
"기타 형법범죄","3개월 초과","범죄발생부터 인지까지의 기간[건]","건","","7508","7685","8023","8482","9390","11873","12687","12802","12460","11139","35846","13232",
"명예","합계","범죄발생부터 인지까지의 기간[건]","건","","3829","3538","3665","3546","3654","5032","6314","7043","6753","6554","7458","7940",
"명예","1시간 이내","범죄발생부터 인지까지의 기간[건]","건","","52","56","66","40","68","76","265","352","422","273","36","240",
"명예","2시간 이내","범죄발생부터 인지까지의 기간[건]","건","","6","11","2","4","8","6","20","12","9","6","3","14",
"명예","5시간 이내","범죄발생부터 인지까지의 기간[건]","건","","19","12","11","9","8","9","21","16","15","12","-","24",
"명예","12시간 이내","범죄발생부터 인지까지의 기간[건]","건","","28","27","20","24","25","46","28","16","21","18","2","49",
"명예","24시간 이내","범죄발생부터 인지까지의 기간[건]","건","","129","103","112","98","69","99","137","144","142","110","16","154",
"명예","2일 이내","범죄발생부터 인지까지의 기간[건]","건","","184","189","170","145","137","202","223","280","284","235","10","180",
"명예","5일 이내","범죄발생부터 인지까지의 기간[건]","건","","407","371","379","379","349","481","597","656","609","589","31","547",
"명예","10일 이내","범죄발생부터 인지까지의 기간[건]","건","","390","350","375","347","318","454","581","648","626","609","52","704",
"명예","1개월 이내","범죄발생부터 인지까지의 기간[건]","건","","754","649","727","697","733","933","1174","1327","1194","1248","184","1453",
"명예","3개월 이내","범죄발생부터 인지까지의 기간[건]","건","","814","729","744","744","844","1059","1359","1460","1314","1300","131","1867",
"명예","3개월 초과","범죄발생부터 인지까지의 기간[건]","건","","1046","1041","1059","1059","1095","1667","1909","2132","2117","2154","6993","2708",
"권리행사 방해","합계","범죄발생부터 인지까지의 기간[건]","건","","2243","2447","2713","2845","3851","4139","3661","3401","4061","3665","3263","3363",
"권리행사 방해","1시간 이내","범죄발생부터 인지까지의 기간[건]","건","","30","30","48","22","51","60","176","193","1126","746","19","86",
"권리행사 방해","2시간 이내","범죄발생부터 인지까지의 기간[건]","건","","5","4","1","1","4","6","8","5","35","16","1","2",
"권리행사 방해","5시간 이내","범죄발생부터 인지까지의 기간[건]","건","","2","3","2","1","8","4","6","2","30","18","2","8",
"권리행사 방해","12시간 이내","범죄발생부터 인지까지의 기간[건]","건","","10","9","5","4","9","16","6","5","41","39","-","8",
"권리행사 방해","24시간 이내","범죄발생부터 인지까지의 기간[건]","건","","17","21","24","20","17","37","35","40","59","55","3","36",
"권리행사 방해","2일 이내","범죄발생부터 인지까지의 기간[건]","건","","23","34","31","19","32","17","41","28","60","75","1","21",
"권리행사 방해","5일 이내","범죄발생부터 인지까지의 기간[건]","건","","60","56","59","70","61","82","66","94","90","85","7","53",
"권리행사 방해","10일 이내","범죄발생부터 인지까지의 기간[건]","건","","73","85","65","93","97","115","99","73","125","93","19","131",
"권리행사 방해","1개월 이내","범죄발생부터 인지까지의 기간[건]","건","","276","252","257","283","307","324","320","335","281","309","48","351",
"권리행사 방해","3개월 이내","범죄발생부터 인지까지의 기간[건]","건","","479","492","521","551","719","614","540","532","436","467","57","555",
"권리행사 방해","3개월 초과","범죄발생부터 인지까지의 기간[건]","건","","1268","1461","1700","1781","2546","2864","2364","2094","1778","1762","3106","2112",
"신용업무 경매","합계","범죄발생부터 인지까지의 기간[건]","건","","2354","2304","2407","2610","3026","3667","4611","5251","5316","5615","6593","7677",
"신용업무 경매","1시간 이내","범죄발생부터 인지까지의 기간[건]","건","","86","76","97","104","178","328","578","809","957","1078","45","1773",
"신용업무 경매","2시간 이내","범죄발생부터 인지까지의 기간[건]","건","","16","13","19","14","37","50","104","135","157","212","15","255",
"신용업무 경매","5시간 이내","범죄발생부터 인지까지의 기간[건]","건","","14","15","23","22","37","48","67","104","121","163","11","268",
"신용업무 경매","12시간 이내","범죄발생부터 인지까지의 기간[건]","건","","49","21","21","30","40","55","62","59","75","70","3","244",
"신용업무 경매","24시간 이내","범죄발생부터 인지까지의 기간[건]","건","","107","68","93","90","128","143","176","222","266","306","5","326",
"신용업무 경매","2일 이내","범죄발생부터 인지까지의 기간[건]","건","","120","112","124","111","142","163","194","213","219","179","9","184",
"신용업무 경매","5일 이내","범죄발생부터 인지까지의 기간[건]","건","","210","242","222","283","263","339","347","441","370","379","28","497",
"신용업무 경매","10일 이내","범죄발생부터 인지까지의 기간[건]","건","","208","207","208","214","305","319","380","383","425","375","41","550",
"신용업무 경매","1개월 이내","범죄발생부터 인지까지의 기간[건]","건","","454","481","443","505","533","580","800","754","718","771","95","876",
"신용업무 경매","3개월 이내","범죄발생부터 인지까지의 기간[건]","건","","498","451","506","534","562","658","792","860","800","830","87","1034",
"신용업무 경매","3개월 초과","범죄발생부터 인지까지의 기간[건]","건","","592","618","651","703","801","984","1111","1271","1208","1252","6254","1670",
"주거 침입","합계","범죄발생부터 인지까지의 기간[건]","건","","1075","931","1307","1267","1534","1810","1986","1986","2000","2248","1935","2178",
"주거 침입","1시간 이내","범죄발생부터 인지까지의 기간[건]","건","","195","178","231","273","382","471","488","500","453","551","13","558",
"주거 침입","2시간 이내","범죄발생부터 인지까지의 기간[건]","건","","43","50","56","51","64","81","98","78","58","116","2","72",
"주거 침입","5시간 이내","범죄발생부터 인지까지의 기간[건]","건","","42","33","35","37","49","59","67","68","65","83","2","93",
"주거 침입","12시간 이내","범죄발생부터 인지까지의 기간[건]","건","","62","32","33","41","58","60","54","59","48","156","1","111",
"주거 침입","24시간 이내","범죄발생부터 인지까지의 기간[건]","건","","89","68","92","91","108","135","154","136","115","233","3","93",
"주거 침입","2일 이내","범죄발생부터 인지까지의 기간[건]","건","","72","63","67","62","93","88","96","86","97","149","2","72",
"주거 침입","5일 이내","범죄발생부터 인지까지의 기간[건]","건","","98","87","186","125","124","153","153","159","164","170","10","150",
"주거 침입","10일 이내","범죄발생부터 인지까지의 기간[건]","건","","76","65","161","64","84","85","115","130","138","91","8","118",
"주거 침입","1개월 이내","범죄발생부터 인지까지의 기간[건]","건","","119","104","123","127","159","180","244","194","275","213","12","213",
"주거 침입","3개월 이내","범죄발생부터 인지까지의 기간[건]","건","","107","104","148","163","162","180","206","222","220","208","15","264",
"주거 침입","3개월 초과","범죄발생부터 인지까지의 기간[건]","건","","172","146","175","233","251","318","311","354","367","278","1867","434",
"비밀침해","합계","범죄발생부터 인지까지의 기간[건]","건","","8","8","11","7","9","19","19","16","28","21","27","29",
"비밀침해","1시간 이내","범죄발생부터 인지까지의 기간[건]","건","","","","1","","1","","1","3","4","1","2","-",
"비밀침해","2시간 이내","범죄발생부터 인지까지의 기간[건]","건","","","","1","","","","-","-","-","-","-","-",
"비밀침해","5시간 이내","범죄발생부터 인지까지의 기간[건]","건","","","","","","","","-","-","-","-","-","-",
"비밀침해","12시간 이내","범죄발생부터 인지까지의 기간[건]","건","","","","","","","","-","-","-","1","-","-",
"비밀침해","24시간 이내","범죄발생부터 인지까지의 기간[건]","건","","","","","","","","-","-","-","1","-","-",
"비밀침해","2일 이내","범죄발생부터 인지까지의 기간[건]","건","","","","","","","","-","2","2","-","-","-",
"비밀침해","5일 이내","범죄발생부터 인지까지의 기간[건]","건","","1","","1","","","","-","2","-","2","-","-",
"비밀침해","10일 이내","범죄발생부터 인지까지의 기간[건]","건","","","2","1","","2","3","1","1","3","-","-","1",
"비밀침해","1개월 이내","범죄발생부터 인지까지의 기간[건]","건","","1","","2","2","","4","2","1","4","5","-","3",
"비밀침해","3개월 이내","범죄발생부터 인지까지의 기간[건]","건","","1","2","2","3","4","3","7","-","4","5","2","7",
"비밀침해","3개월 초과","범죄발생부터 인지까지의 기간[건]","건","","5","4","3","2","2","9","8","7","11","6","23","18",
"유기","합계","범죄발생부터 인지까지의 기간[건]","건","","109","115","130","102","119","178","217","240","167","220","250","208",
"유기","1시간 이내","범죄발생부터 인지까지의 기간[건]","건","","22","15","19","14","23","41","61","81","47","68","1","63",
"유기","2시간 이내","범죄발생부터 인지까지의 기간[건]","건","","10","5","5","5","8","11","11","13","7","7","-","3",
"유기","5시간 이내","범죄발생부터 인지까지의 기간[건]","건","","4","4","4","4","4","7","11","5","6","10","1","10",
"유기","12시간 이내","범죄발생부터 인지까지의 기간[건]","건","","4","5","5","5","11","8","10","8","8","8","-","8",
"유기","24시간 이내","범죄발생부터 인지까지의 기간[건]","건","","8","8","11","10","10","8","24","28","18","22","1","16",
"유기","2일 이내","범죄발생부터 인지까지의 기간[건]","건","","8","9","11","8","9","11","5","20","9","12","-","5",
"유기","5일 이내","범죄발생부터 인지까지의 기간[건]","건","","10","13","14","5","12","16","19","19","8","17","1","16",
"유기","10일 이내","범죄발생부터 인지까지의 기간[건]","건","","4","5","6","5","8","11","13","8","6","9","3","12",
"유기","1개월 이내","범죄발생부터 인지까지의 기간[건]","건","","11","11","12","16","13","15","14","14","14","9","1","20",
"유기","3개월 이내","범죄발생부터 인지까지의 기간[건]","건","","5","19","16","15","7","16","16","17","13","16","3","13",
"유기","3개월 초과","범죄발생부터 인지까지의 기간[건]","건","","23","21","27","15","14","34","33","27","31","42","239","42",
"낙태","합계","범죄발생부터 인지까지의 기간[건]","건","","21","24","21","24","30","42","39","42","34","22","30","25",
"낙태","1시간 이내","범죄발생부터 인지까지의 기간[건]","건","","","","","","1","1","2","-","1","-","-","1",
"낙태","2시간 이내","범죄발생부터 인지까지의 기간[건]","건","","","","","","","","-","-","-","-","-","-",
"낙태","5시간 이내","범죄발생부터 인지까지의 기간[건]","건","","","","","","1","","-","-","1","-","-","-",
"낙태","12시간 이내","범죄발생부터 인지까지의 기간[건]","건","","1","","1","","","","-","-","-","-","-","-",
"낙태","24시간 이내","범죄발생부터 인지까지의 기간[건]","건","","","","","","1","","-","1","-","-","-","-",
"낙태","2일 이내","범죄발생부터 인지까지의 기간[건]","건","","1","","","","","3","-","2","1","-","-","-",
"낙태","5일 이내","범죄발생부터 인지까지의 기간[건]","건","","1","","","","4","5","3","2","1","2","-","-",
"낙태","10일 이내","범죄발생부터 인지까지의 기간[건]","건","","","2","2","","1","","2","-","-","1","-","-",
"낙태","1개월 이내","범죄발생부터 인지까지의 기간[건]","건","","1","1","2","5","3","4","7","5","-","4","-","4",
"낙태","3개월 이내","범죄발생부터 인지까지의 기간[건]","건","","8","8","5","8","7","13","12","5","12","5","-","4",
"낙태","3개월 초과","범죄발생부터 인지까지의 기간[건]","건","","9","13","11","11","12","16","13","27","18","10","30","16",
"아편","합계","범죄발생부터 인지까지의 기간[건]","건","","","","","","","","-","2","-","-","-","-",
"아편","1시간 이내","범죄발생부터 인지까지의 기간[건]","건","","","","","","","","-","1","-","-","-","-",
"아편","2시간 이내","범죄발생부터 인지까지의 기간[건]","건","","","","","","","","-","-","-","-","-","-",
"아편","5시간 이내","범죄발생부터 인지까지의 기간[건]","건","","","","","","","","-","-","-","-","-","-",
"아편","12시간 이내","범죄발생부터 인지까지의 기간[건]","건","","","","","","","","-","-","-","-","-","-",
"아편","24시간 이내","범죄발생부터 인지까지의 기간[건]","건","","","","","","","","-","-","-","-","-","-",
"아편","2일 이내","범죄발생부터 인지까지의 기간[건]","건","","","","","","","","-","-","-","-","-","-",
"아편","5일 이내","범죄발생부터 인지까지의 기간[건]","건","","","","","","","","-","-","-","-","-","-",
"아편","10일 이내","범죄발생부터 인지까지의 기간[건]","건","","","","","","","","-","-","-","-","-","-",
"아편","1개월 이내","범죄발생부터 인지까지의 기간[건]","건","","","","","","","","-","-","-","-","-","-",
"아편","3개월 이내","범죄발생부터 인지까지의 기간[건]","건","","","","","","","","-","-","-","-","-","-",
"아편","3개월 초과","범죄발생부터 인지까지의 기간[건]","건","","","","","","","","-","1","-","-","-","-",
"교통방해","합계","범죄발생부터 인지까지의 기간[건]","건","","847","793","850","943","1075","882","874","955","908","1047","815","861",
"교통방해","1시간 이내","범죄발생부터 인지까지의 기간[건]","건","","65","40","53","46","102","101","118","146","129","172","9","124",
"교통방해","2시간 이내","범죄발생부터 인지까지의 기간[건]","건","","46","56","53","68","39","23","20","17","28","32","-","14",
"교통방해","5시간 이내","범죄발생부터 인지까지의 기간[건]","건","","15","18","21","11","110","28","18","25","27","30","1","31",
"교통방해","12시간 이내","범죄발생부터 인지까지의 기간[건]","건","","25","21","22","19","28","25","16","23","13","24","-","35",
"교통방해","24시간 이내","범죄발생부터 인지까지의 기간[건]","건","","41","37","45","44","66","36","38","43","63","62","1","32",
"교통방해","2일 이내","범죄발생부터 인지까지의 기간[건]","건","","70","50","58","68","83","46","55","62","55","62","2","33",
"교통방해","5일 이내","범죄발생부터 인지까지의 기간[건]","건","","136","118","129","144","154","112","108","126","102","82","1","74",
"교통방해","10일 이내","범죄발생부터 인지까지의 기간[건]","건","","122","108","113","135","112","101","82","107","94","104","3","75",
"교통방해","1개월 이내","범죄발생부터 인지까지의 기간[건]","건","","172","163","169","213","164","162","157","163","132","166","9","174",
"교통방해","3개월 이내","범죄발생부터 인지까지의 기간[건]","건","","98","113","111","113","124","132","127","124","130","169","3","139",
"교통방해","3개월 초과","범죄발생부터 인지까지의 기간[건]","건","","57","69","76","82","93","116","135","119","135","144","785","130",
"공무방해","합계","범죄발생부터 인지까지의 기간[건]","건","","6284","5856","6464","7492","8472","8680","9518","10444","11322","11152","10502","10411",
"공무방해","1시간 이내","범죄발생부터 인지까지의 기간[건]","건","","1740","1629","1845","2185","2801","2859","3563","4453","5304","5348","286","4772",
"공무방해","2시간 이내","범죄발생부터 인지까지의 기간[건]","건","","377","272","299","327","423","333","421","585","605","585","25","528",
"공무방해","5시간 이내","범죄발생부터 인지까지의 기간[건]","건","","267","201","210","206","246","229","267","369","405","392","31","569",
"공무방해","12시간 이내","범죄발생부터 인지까지의 기간[건]","건","","310","214","201","221","246","246","252","247","240","234","1","581",
"공무방해","24시간 이내","범죄발생부터 인지까지의 기간[건]","건","","680","553","661","721","779","705","877","980","1241","1068","21","557",
"공무방해","2일 이내","범죄발생부터 인지까지의 기간[건]","건","","398","330","383","275","309","297","319","402","419","360","18","233",
"공무방해","5일 이내","범죄발생부터 인지까지의 기간[건]","건","","392","379","430","467","519","497","533","695","714","558","36","469",
"공무방해","10일 이내","범죄발생부터 인지까지의 기간[건]","건","","179","185","213","245","242","257","283","336","311","344","33","308",
"공무방해","1개월 이내","범죄발생부터 인지까지의 기간[건]","건","","358","314","326","400","413","467","525","476","431","527","49","498",
"공무방해","3개월 이내","범죄발생부터 인지까지의 기간[건]","건","","488","474","543","639","652","684","683","515","513","547","58","545",
"공무방해","3개월 초과","범죄발생부터 인지까지의 기간[건]","건","","1095","1305","1353","1806","1842","2106","1795","1386","1139","1189","9917","1351",
"도주와 범인 은닉","합계","범죄발생부터 인지까지의 기간[건]","건","","392","337","270","356","459","481","695","605","734","649","438","306",
"도주와 범인 은닉","1시간 이내","범죄발생부터 인지까지의 기간[건]","건","","48","64","35","44","97","55","84","104","151","108","13","46",
"도주와 범인 은닉","2시간 이내","범죄발생부터 인지까지의 기간[건]","건","","17","11","13","21","26","11","19","9","11","11","1","4",
"도주와 범인 은닉","5시간 이내","범죄발생부터 인지까지의 기간[건]","건","","12","12","6","10","17","16","4","6","16","14","-","6",
"도주와 범인 은닉","12시간 이내","범죄발생부터 인지까지의 기간[건]","건","","21","4","6","9","17","8","2","5","6","3","28","7",
"도주와 범인 은닉","24시간 이내","범죄발생부터 인지까지의 기간[건]","건","","25","19","15","13","31","18","17","23","20","30","2","4",
"도주와 범인 은닉","2일 이내","범죄발생부터 인지까지의 기간[건]","건","","26","14","13","17","27","18","26","18","11","19","1","2",
"도주와 범인 은닉","5일 이내","범죄발생부터 인지까지의 기간[건]","건","","50","35","24","41","37","45","63","36","59","52","1","12",
"도주와 범인 은닉","10일 이내","범죄발생부터 인지까지의 기간[건]","건","","35","26","20","40","45","58","66","46","49","52","2","12",
"도주와 범인 은닉","1개월 이내","범죄발생부터 인지까지의 기간[건]","건","","54","40","43","60","60","106","171","100","111","105","43","36",
"도주와 범인 은닉","3개월 이내","범죄발생부터 인지까지의 기간[건]","건","","59","53","43","55","51","68","117","92","126","108","40","79",
"도주와 범인 은닉","3개월 초과","범죄발생부터 인지까지의 기간[건]","건","","45","59","52","46","51","78","126","166","174","147","335","98",
"위증과 증거인멸","합계","범죄발생부터 인지까지의 기간[건]","건","","2643","2407","2318","2163","2108","2704","3129","3263","3419","2657","3003","3071",
"위증과 증거인멸","1시간 이내","범죄발생부터 인지까지의 기간[건]","건","","25","21","60","16","22","23","210","262","420","409","19","64",
"위증과 증거인멸","2시간 이내","범죄발생부터 인지까지의 기간[건]","건","","1","1","","1","","2","6","5","-","3","2","2",
"위증과 증거인멸","5시간 이내","범죄발생부터 인지까지의 기간[건]","건","","1","3","2","1","2","2","-","2","8","2","-","5",
"위증과 증거인멸","12시간 이내","범죄발생부터 인지까지의 기간[건]","건","","1","4","1","","9","12","3","3","1","3","-","4",
"위증과 증거인멸","24시간 이내","범죄발생부터 인지까지의 기간[건]","건","","5","10","15","5","2","5","14","17","7","3","-","18",
"위증과 증거인멸","2일 이내","범죄발생부터 인지까지의 기간[건]","건","","4","8","9","7","8","5","18","3","11","4","4","14",
"위증과 증거인멸","5일 이내","범죄발생부터 인지까지의 기간[건]","건","","16","7","8","11","12","8","11","15","15","14","11","18",
"위증과 증거인멸","10일 이내","범죄발생부터 인지까지의 기간[건]","건","","24","21","30","21","27","27","27","45","29","22","25","29",
"위증과 증거인멸","1개월 이내","범죄발생부터 인지까지의 기간[건]","건","","242","219","164","165","163","205","216","224","259","195","194","280",
"위증과 증거인멸","3개월 이내","범죄발생부터 인지까지의 기간[건]","건","","631","520","489","514","478","629","660","608","575","489","236","658",
"위증과 증거인멸","3개월 초과","범죄발생부터 인지까지의 기간[건]","건","","1693","1593","1540","1422","1385","1786","1964","2079","2094","1513","2511","1979",
"무고","합계","범죄발생부터 인지까지의 기간[건]","건","","2366","2236","2297","2100","2050","2961","5423","5121","6018","4635","4582","3966",
"무고","1시간 이내","범죄발생부터 인지까지의 기간[건]","건","","35","35","65","30","54","81","715","496","1168","864","107","140",
"무고","2시간 이내","범죄발생부터 인지까지의 기간[건]","건","","4","3","2","3","8","1","6","14","8","7","12","5",
"무고","5시간 이내","범죄발생부터 인지까지의 기간[건]","건","","8","6","5","","3","4","13","11","15","4","-","10",
"무고","12시간 이내","범죄발생부터 인지까지의 기간[건]","건","","6","3","4","1","4","12","9","9","7","7","1","11",
"무고","24시간 이내","범죄발생부터 인지까지의 기간[건]","건","","22","35","27","27","32","32","37","38","29","32","35","19",
"무고","2일 이내","범죄발생부터 인지까지의 기간[건]","건","","29","19","27","23","17","24","127","44","34","26","10","21",
"무고","5일 이내","범죄발생부터 인지까지의 기간[건]","건","","48","53","65","27","29","59","95","72","72","55","15","50",
"무고","10일 이내","범죄발생부터 인지까지의 기간[건]","건","","66","56","47","54","48","60","114","102","95","75","28","57",
"무고","1개월 이내","범죄발생부터 인지까지의 기간[건]","건","","257","233","203","198","180","243","402","374","380","265","202","312",
"무고","3개월 이내","범죄발생부터 인지까지의 기간[건]","건","","474","465","491","440","396","582","1011","862","846","684","450","689",
"무고","3개월 초과","범죄발생부터 인지까지의 기간[건]","건","","1417","1328","1361","1297","1279","1863","2894","3099","3364","2616","3722","2652",
"공안을 해하는 죄","합계","범죄발생부터 인지까지의 기간[건]","건","","58","44","33","43","50","55","49","56","44","47","35","30",
"공안을 해하는 죄","1시간 이내","범죄발생부터 인지까지의 기간[건]","건","","8","8","4","5","12","6","15","10","6","6","-","8",
"공안을 해하는 죄","2시간 이내","범죄발생부터 인지까지의 기간[건]","건","","","1","2","","2","4","4","1","2","2","-","-",
"공안을 해하는 죄","5시간 이내","범죄발생부터 인지까지의 기간[건]","건","","2","1","1","1","3","2","2","-","3","-","-","-",
"공안을 해하는 죄","12시간 이내","범죄발생부터 인지까지의 기간[건]","건","","","1","","","","2","-","-","1","-","1","1",
"공안을 해하는 죄","24시간 이내","범죄발생부터 인지까지의 기간[건]","건","","4","3","1","2","3","4","1","2","1","2","-","2",
"공안을 해하는 죄","2일 이내","범죄발생부터 인지까지의 기간[건]","건","","2","4","1","","1","","-","-","2","3","-","1",
"공안을 해하는 죄","5일 이내","범죄발생부터 인지까지의 기간[건]","건","","8","3","6","7","5","","1","3","6","9","-","2",
"공안을 해하는 죄","10일 이내","범죄발생부터 인지까지의 기간[건]","건","","9","6","2","1","2","1","6","3","3","7","-","-",
"공안을 해하는 죄","1개월 이내","범죄발생부터 인지까지의 기간[건]","건","","3","6","10","9","4","13","7","4","5","4","-","3",
"공안을 해하는 죄","3개월 이내","범죄발생부터 인지까지의 기간[건]","건","","9","1","2","4","9","7","4","13","7","4","2","7",
"공안을 해하는 죄","3개월 초과","범죄발생부터 인지까지의 기간[건]","건","","13","10","4","14","9","16","9","20","8","10","33","6",
"내란의 죄","합계","범죄발생부터 인지까지의 기간[건]","건","","46","","","1","","","1","-","-","-","3","-",
"내란의 죄","1시간 이내","범죄발생부터 인지까지의 기간[건]","건","","","","","","","","-","-","-","-","-","-",
"내란의 죄","2시간 이내","범죄발생부터 인지까지의 기간[건]","건","","","","","","","","-","-","-","-","-","-",
"내란의 죄","5시간 이내","범죄발생부터 인지까지의 기간[건]","건","","","","","","","","-","-","-","-","-","-",
"내란의 죄","12시간 이내","범죄발생부터 인지까지의 기간[건]","건","","","","","","","","-","-","-","-","-","-",
"내란의 죄","24시간 이내","범죄발생부터 인지까지의 기간[건]","건","","","","","","","","-","-","-","-","-","-",
"내란의 죄","2일 이내","범죄발생부터 인지까지의 기간[건]","건","","","","","","","","-","-","-","-","-","-",
"내란의 죄","5일 이내","범죄발생부터 인지까지의 기간[건]","건","","","","","","","","-","-","-","-","-","-",
"내란의 죄","10일 이내","범죄발생부터 인지까지의 기간[건]","건","","","","","","","","-","-","-","-","-","-",
"내란의 죄","1개월 이내","범죄발생부터 인지까지의 기간[건]","건","","","","","","","","-","-","-","-","-","-",
"내란의 죄","3개월 이내","범죄발생부터 인지까지의 기간[건]","건","","1","","","","","","1","-","-","-","1","-",
"내란의 죄","3개월 초과","범죄발생부터 인지까지의 기간[건]","건","","45","","","1","","","-","-","-","-","2","-",
"음용수에 관한 죄","합계","범죄발생부터 인지까지의 기간[건]","건","","30","30","19","15","10","36","33","29","26","42","16","25",
"음용수에 관한 죄","1시간 이내","범죄발생부터 인지까지의 기간[건]","건","","1","","","","1","1","5","5","1","9","-","-",
"음용수에 관한 죄","2시간 이내","범죄발생부터 인지까지의 기간[건]","건","","","","","","","1","1","-","-","-","-","-",
"음용수에 관한 죄","5시간 이내","범죄발생부터 인지까지의 기간[건]","건","","","","","","","","1","-","-","-","-","-",
"음용수에 관한 죄","12시간 이내","범죄발생부터 인지까지의 기간[건]","건","","1","","1","","","1","-","1","-","2","-","-",
"음용수에 관한 죄","24시간 이내","범죄발생부터 인지까지의 기간[건]","건","","2","1","","","1","2","3","1","3","2","-","1",
"음용수에 관한 죄","2일 이내","범죄발생부터 인지까지의 기간[건]","건","","","1","1","","1","3","-","2","1","4","-","1",
"음용수에 관한 죄","5일 이내","범죄발생부터 인지까지의 기간[건]","건","","4","8","5","3","2","4","3","3","3","5","-","5",
"음용수에 관한 죄","10일 이내","범죄발생부터 인지까지의 기간[건]","건","","2","2","2","1","","2","3","5","3","4","-","-",
"음용수에 관한 죄","1개월 이내","범죄발생부터 인지까지의 기간[건]","건","","11","5","1","2","1","5","7","4","5","3","-","4",
"음용수에 관한 죄","3개월 이내","범죄발생부터 인지까지의 기간[건]","건","","6","6","3","3","1","7","3","2","3","5","-","2",
"음용수에 관한 죄","3개월 초과","범죄발생부터 인지까지의 기간[건]","건","","3","7","6","6","3","10","7","6","7","8","16","12",
"일수와 수리에 관한 죄","합계","범죄발생부터 인지까지의 기간[건]","건","","20","17","11","13","15","12","13","23","17","7","12","18",
"일수와 수리에 관한 죄","1시간 이내","범죄발생부터 인지까지의 기간[건]","건","","","","1","","","1","-","1","1","-","-","3",
"일수와 수리에 관한 죄","2시간 이내","범죄발생부터 인지까지의 기간[건]","건","","","","","","","","-","-","-","-","-","-",
"일수와 수리에 관한 죄","5시간 이내","범죄발생부터 인지까지의 기간[건]","건","","","","","","","","-","-","-","-","-","-",
"일수와 수리에 관한 죄","12시간 이내","범죄발생부터 인지까지의 기간[건]","건","","","","","","","","-","1","-","1","-","-",
"일수와 수리에 관한 죄","24시간 이내","범죄발생부터 인지까지의 기간[건]","건","","1","1","","","","","1","2","1","-","-","-",
"일수와 수리에 관한 죄","2일 이내","범죄발생부터 인지까지의 기간[건]","건","","","","1","1","","","2","-","-","-","-","-",
"일수와 수리에 관한 죄","5일 이내","범죄발생부터 인지까지의 기간[건]","건","","","1","1","","","","1","2","1","-","-","1",
"일수와 수리에 관한 죄","10일 이내","범죄발생부터 인지까지의 기간[건]","건","","3","3","","","","1","-","1","3","-","-","1",
"일수와 수리에 관한 죄","1개월 이내","범죄발생부터 인지까지의 기간[건]","건","","3","2","2","2","4","1","-","3","2","-","-","3",
"일수와 수리에 관한 죄","3개월 이내","범죄발생부터 인지까지의 기간[건]","건","","3","1","1","6","7","3","2","2","1","-","-","6",
"일수와 수리에 관한 죄","3개월 초과","범죄발생부터 인지까지의 기간[건]","건","","10","9","5","4","4","6","7","11","8","6","12","4",
"기타","합계","범죄발생부터 인지까지의 기간[건]","건","","16","3","1","1","5","1","1","14","4","5","1","2",
"기타","1시간 이내","범죄발생부터 인지까지의 기간[건]","건","","1","1","","","1","1","-","-","2","1","-","-",
"기타","2시간 이내","범죄발생부터 인지까지의 기간[건]","건","","","","","","","","-","-","-","-","-","-",
"기타","5시간 이내","범죄발생부터 인지까지의 기간[건]","건","","","","","","","","-","-","-","-","-","-",
"기타","12시간 이내","범죄발생부터 인지까지의 기간[건]","건","","","","","","","","-","-","-","-","-","-",
"기타","24시간 이내","범죄발생부터 인지까지의 기간[건]","건","","","","","","","","-","2","-","-","-","-",
"기타","2일 이내","범죄발생부터 인지까지의 기간[건]","건","","","","","1","","","-","-","-","-","-","-",
"기타","5일 이내","범죄발생부터 인지까지의 기간[건]","건","","","","","","","","-","3","-","-","-","1",
"기타","10일 이내","범죄발생부터 인지까지의 기간[건]","건","","","","","","","","-","2","-","-","-","-",
"기타","1개월 이내","범죄발생부터 인지까지의 기간[건]","건","","","","","","","","-","3","1","1","-","-",
"기타","3개월 이내","범죄발생부터 인지까지의 기간[건]","건","","","1","1","","1","","-","1","-","1","-","1",
"기타","3개월 초과","범죄발생부터 인지까지의 기간[건]","건","","15","1","","","3","","1","3","1","2","1","-",
"특별법 범","합계","범죄발생부터 인지까지의 기간[건]","건","1069463","1047640","1037910","1089881","1191033","1313627","1270269","1344273","1432307","1180270","1146841","1254015","1068056",
"특별법 범","1시간 이내","범죄발생부터 인지까지의 기간[건]","건","280650","215993","236211","271146","346203","412050","400816","458446","525166","467649","459395","17349","462330",
"특별법 범","2시간 이내","범죄발생부터 인지까지의 기간[건]","건","32495","80065","79063","81057","77640","80867","80053","82041","75679","47324","50548","1362","16712",
"특별법 범","5시간 이내","범죄발생부터 인지까지의 기간[건]","건","23052","40011","38051","37349","37222","37473","37250","33880","32323","18920","17148","1180","11589",
"특별법 범","12시간 이내","범죄발생부터 인지까지의 기간[건]","건","18501","20178","18384","17931","19157","21048","21561","21571","19980","10794","8656","892","14721",
"특별법 범","24시간 이내","범죄발생부터 인지까지의 기간[건]","건","79017","56416","59964","75297","94372","92186","85415","89933","98999","73141","71680","3945","30426",
"특별법 범","2일 이내","범죄발생부터 인지까지의 기간[건]","건","56444","52571","46343","50431","54382","61644","52995","51972","51482","37195","33200","2311","23712",
"특별법 범","5일 이내","범죄발생부터 인지까지의 기간[건]","건","","101102","105070","108738","108923","117580","99634","98175","96779","70914","68220","4063","56437",
"특별법 범","10일 이내","범죄발생부터 인지까지의 기간[건]","건","","87581","84943","89810","91337","91740","83603","85787","90090","71145","67032","5362","60366",
"특별법 범","30일 이내","범죄발생부터 인지까지의 기간[건]","건","145158","","","","","","","","","","","","",
"특별법 범","90일 이내","범죄발생부터 인지까지의 기간[건]","건","108496","","","","","","","","","","","","",
"특별법 범","90일 이상","범죄발생부터 인지까지의 기간[건]","건","141501","","","","","","","","","","","","",
"특별법 범","1개월 이내","범죄발생부터 인지까지의 기간[건]","건","","153064","139526","138252","140832","139444","140651","151276","156211","139853","141871","22356","127372",
"특별법 범","3개월 이내","범죄발생부터 인지까지의 기간[건]","건","","123327","108732","101784","97398","105080","106735","117099","120664","107990","108133","23268","104251",
"특별법 범","3개월 초과","범죄발생부터 인지까지의 기간[건]","건","","117332","121623","118086","123567","154515","161556","154093","164934","135345","120958","1171927","160140",
"가정폭력범죄의처벌등에관한특례법","합계","범죄발생부터 인지까지의 기간[건]","건","","","","","","","","","","181","218","187","114",
"가정폭력범죄의처벌등에관한특례법","1시간 이내","범죄발생부터 인지까지의 기간[건]","건","","","","","","","","","","70","71","3","57",
"가정폭력범죄의처벌등에관한특례법","2시간 이내","범죄발생부터 인지까지의 기간[건]","건","","","","","","","","","","23","21","1","5",
"가정폭력범죄의처벌등에관한특례법","5시간 이내","범죄발생부터 인지까지의 기간[건]","건","","","","","","","","","","15","20","1","9",
"가정폭력범죄의처벌등에관한특례법","12시간 이내","범죄발생부터 인지까지의 기간[건]","건","","","","","","","","","","8","7","1","8",
"가정폭력범죄의처벌등에관한특례법","24시간 이내","범죄발생부터 인지까지의 기간[건]","건","","","","","","","","","","22","47","1","3",
"가정폭력범죄의처벌등에관한특례법","2일 이내","범죄발생부터 인지까지의 기간[건]","건","","","","","","","","","","5","11","1","1",
"가정폭력범죄의처벌등에관한특례법","5일 이내","범죄발생부터 인지까지의 기간[건]","건","","","","","","","","","","4","12","-","4",
"가정폭력범죄의처벌등에관한특례법","10일 이내","범죄발생부터 인지까지의 기간[건]","건","","","","","","","","","","4","2","1","2",
"가정폭력범죄의처벌등에관한특례법","1개월 이내","범죄발생부터 인지까지의 기간[건]","건","","","","","","","","","","9","5","1","3",
"가정폭력범죄의처벌등에관한특례법","3개월 이내","범죄발생부터 인지까지의 기간[건]","건","","","","","","","","","","5","5","-","5",
"가정폭력범죄의처벌등에관한특례법","3개월 초과","범죄발생부터 인지까지의 기간[건]","건","","","","","","","","","","16","17","177","17",
"개발제한구역의지정및관리에관한특별조치법","합계","범죄발생부터 인지까지의 기간[건]","건","","","","","","","","","","4134","3457","3560","2742",
"개발제한구역의지정및관리에관한특별조치법","1시간 이내","범죄발생부터 인지까지의 기간[건]","건","","","","","","","","","","134","156","16","45",
"개발제한구역의지정및관리에관한특별조치법","2시간 이내","범죄발생부터 인지까지의 기간[건]","건","","","","","","","","","","2","1","-","-",
"개발제한구역의지정및관리에관한특별조치법","5시간 이내","범죄발생부터 인지까지의 기간[건]","건","","","","","","","","","","-","-","1","-",
"개발제한구역의지정및관리에관한특별조치법","12시간 이내","범죄발생부터 인지까지의 기간[건]","건","","","","","","","","","","-","-","-","1",
"개발제한구역의지정및관리에관한특별조치법","24시간 이내","범죄발생부터 인지까지의 기간[건]","건","","","","","","","","","","31","24","3","10",
"개발제한구역의지정및관리에관한특별조치법","2일 이내","범죄발생부터 인지까지의 기간[건]","건","","","","","","","","","","31","13","-","2",
"개발제한구역의지정및관리에관한특별조치법","5일 이내","범죄발생부터 인지까지의 기간[건]","건","","","","","","","","","","58","46","3","18",
"개발제한구역의지정및관리에관한특별조치법","10일 이내","범죄발생부터 인지까지의 기간[건]","건","","","","","","","","","","81","66","10","61",
"개발제한구역의지정및관리에관한특별조치법","1개월 이내","범죄발생부터 인지까지의 기간[건]","건","","","","","","","","","","305","254","63","243",
"개발제한구역의지정및관리에관한특별조치법","3개월 이내","범죄발생부터 인지까지의 기간[건]","건","","","","","","","","","","694","646","74","609",
"개발제한구역의지정및관리에관한특별조치법","3개월 초과","범죄발생부터 인지까지의 기간[건]","건","","","","","","","","","","2798","2251","3390","1753",
"개항질서법","합계","범죄발생부터 인지까지의 기간[건]","건","","373","518","627","2894","3607","2501","1386","1513","1116","990","545","1366",
"개항질서법","1시간 이내","범죄발생부터 인지까지의 기간[건]","건","","14","2","10","26","28","15","9","9","33","9","-","130",
"개항질서법","2시간 이내","범죄발생부터 인지까지의 기간[건]","건","","","2","5","27","36","24","18","24","14","11","-","18",
"개항질서법","5시간 이내","범죄발생부터 인지까지의 기간[건]","건","","5","5","9","49","57","58","39","53","46","21","-","21",
"개항질서법","12시간 이내","범죄발생부터 인지까지의 기간[건]","건","","2","7","17","66","63","52","47","47","43","24","-","34",
"개항질서법","24시간 이내","범죄발생부터 인지까지의 기간[건]","건","","9","7","39","74","118","85","121","60","50","79","-","70",
"개항질서법","2일 이내","범죄발생부터 인지까지의 기간[건]","건","","21","13","47","121","123","94","54","81","64","70","1","29",
"개항질서법","5일 이내","범죄발생부터 인지까지의 기간[건]","건","","52","60","101","252","229","133","83","122","105","73","-","54",
"개항질서법","10일 이내","범죄발생부터 인지까지의 기간[건]","건","","58","71","92","220","188","120","82","84","198","48","1","70",
"개항질서법","1개월 이내","범죄발생부터 인지까지의 기간[건]","건","","104","155","155","694","479","229","175","148","129","104","1","145",
"개항질서법","3개월 이내","범죄발생부터 인지까지의 기간[건]","건","","94","149","113","1025","893","500","389","288","264","184","3","226",
"개항질서법","3개월 초과","범죄발생부터 인지까지의 기간[건]","건","","14","47","39","340","1393","1191","369","597","170","367","539","569",
"건설기계관리법","합계","범죄발생부터 인지까지의 기간[건]","건","","1286","1100","1075","993","963","854","758","927","852","728","686","1248",
"건설기계관리법","1시간 이내","범죄발생부터 인지까지의 기간[건]","건","","32","43","39","31","42","44","56","65","90","52","3","38",
"건설기계관리법","2시간 이내","범죄발생부터 인지까지의 기간[건]","건","","3","4","9","3","3","8","12","8","2","6","-","-",
"건설기계관리법","5시간 이내","범죄발생부터 인지까지의 기간[건]","건","","6","1","5","5","4","3","4","6","5","3","-","-",
"건설기계관리법","12시간 이내","범죄발생부터 인지까지의 기간[건]","건","","8","5","3","2","5","6","1","2","3","3","1","6",
"건설기계관리법","24시간 이내","범죄발생부터 인지까지의 기간[건]","건","","10","10","8","12","5","11","5","10","10","10","4","8",
"건설기계관리법","2일 이내","범죄발생부터 인지까지의 기간[건]","건","","14","5","3","15","9","7","7","7","4","10","1","6",
"건설기계관리법","5일 이내","범죄발생부터 인지까지의 기간[건]","건","","17","30","35","20","22","25","13","21","15","18","-","12",
"건설기계관리법","10일 이내","범죄발생부터 인지까지의 기간[건]","건","","61","48","97","42","27","37","32","18","20","27","1","21",
"건설기계관리법","1개월 이내","범죄발생부터 인지까지의 기간[건]","건","","161","165","270","197","217","277","172","126","196","227","24","104",
"건설기계관리법","3개월 이내","범죄발생부터 인지까지의 기간[건]","건","","349","375","302","355","323","219","275","401","348","259","32","478",
"건설기계관리법","3개월 초과","범죄발생부터 인지까지의 기간[건]","건","","625","414","304","311","306","217","181","263","159","113","620","575",
"건설산업기본법","합계","범죄발생부터 인지까지의 기간[건]","건","","996","1372","933","545","220","35","467","585","310","814","520","456",
"건설산업기본법","1시간 이내","범죄발생부터 인지까지의 기간[건]","건","","10","123","39","3","1","","27","12","17","38","1","7",
"건설산업기본법","2시간 이내","범죄발생부터 인지까지의 기간[건]","건","","1","1","","","","","-","-","-","-","-","-",
"건설산업기본법","5시간 이내","범죄발생부터 인지까지의 기간[건]","건","","5","","1","","","1","-","-","-","1","-","-",
"건설산업기본법","12시간 이내","범죄발생부터 인지까지의 기간[건]","건","","1","","1","","","","-","1","-","-","-","1",
"건설산업기본법","24시간 이내","범죄발생부터 인지까지의 기간[건]","건","","","2","7","3","1","","4","-","5","5","1","-",
"건설산업기본법","2일 이내","범죄발생부터 인지까지의 기간[건]","건","","3","3","2","","1","","1","2","-","1","2","1",
"건설산업기본법","5일 이내","범죄발생부터 인지까지의 기간[건]","건","","6","3","8","3","","","8","-","-","1","-","-",
"건설산업기본법","10일 이내","범죄발생부터 인지까지의 기간[건]","건","","9","11","6","11","3","","4","2","1","3","1","9",
"건설산업기본법","1개월 이내","범죄발생부터 인지까지의 기간[건]","건","","35","68","38","28","3","1","17","6","7","15","6","18",
"건설산업기본법","3개월 이내","범죄발생부터 인지까지의 기간[건]","건","","122","123","105","53","8","2","52","49","27","57","13","29",
"건설산업기본법","3개월 초과","범죄발생부터 인지까지의 기간[건]","건","","804","1038","726","444","203","31","354","513","253","693","496","391",
"건전가정의례의정착및지원에관한법률","합계","범죄발생부터 인지까지의 기간[건]","건","","565","305","74","101","51","66","11","1","","","","",
"건전가정의례의정착및지원에관한법률","1시간 이내","범죄발생부터 인지까지의 기간[건]","건","","16","7","1","3","4","3","-","-","","","","",
"건전가정의례의정착및지원에관한법률","2시간 이내","범죄발생부터 인지까지의 기간[건]","건","","","","","","","","-","-","","","","",
"건전가정의례의정착및지원에관한법률","5시간 이내","범죄발생부터 인지까지의 기간[건]","건","","","","","","","","-","-","","","","",
"건전가정의례의정착및지원에관한법률","12시간 이내","범죄발생부터 인지까지의 기간[건]","건","","","","","","","","-","-","","","","",
"건전가정의례의정착및지원에관한법률","24시간 이내","범죄발생부터 인지까지의 기간[건]","건","","1","6","","1","1","1","-","-","","","","",
"건전가정의례의정착및지원에관한법률","2일 이내","범죄발생부터 인지까지의 기간[건]","건","","","","1","2","1","","1","-","","","","",
"건전가정의례의정착및지원에관한법률","5일 이내","범죄발생부터 인지까지의 기간[건]","건","","8","9","6","7","","5","-","-","","","","",
"건전가정의례의정착및지원에관한법률","10일 이내","범죄발생부터 인지까지의 기간[건]","건","","37","15","5","3","4","7","-","-","","","","",
"건전가정의례의정착및지원에관한법률","1개월 이내","범죄발생부터 인지까지의 기간[건]","건","","96","48","21","19","8","7","2","-","","","","",
"건전가정의례의정착및지원에관한법률","3개월 이내","범죄발생부터 인지까지의 기간[건]","건","","166","65","26","22","17","15","2","-","","","","",
"건전가정의례의정착및지원에관한법률","3개월 초과","범죄발생부터 인지까지의 기간[건]","건","","241","155","14","44","16","28","6","1","","","","",
"건축법","합계","범죄발생부터 인지까지의 기간[건]","건","12274","11802","11853","9636","8677","7362","7074","7137","7662","9471","8746","8691","5445",
"건축법","1시간 이내","범죄발생부터 인지까지의 기간[건]","건","49","93","117","231","66","82","117","184","199","272","264","16","85",
"건축법","2시간 이내","범죄발생부터 인지까지의 기간[건]","건","3","9","2","4","2","3","3","3","1","3","7","-","1",
"건축법","5시간 이내","범죄발생부터 인지까지의 기간[건]","건","6","5","2","2","1","2","1","1","1","-","1","-","2",
"건축법","12시간 이내","범죄발생부터 인지까지의 기간[건]","건","3","8","7","10","","14","13","2","-","-","1","2","4",
"건축법","24시간 이내","범죄발생부터 인지까지의 기간[건]","건","80","64","55","87","61","44","27","62","122","49","40","2","11",
"건축법","2일 이내","범죄발생부터 인지까지의 기간[건]","건","91","83","66","51","81","56","40","69","45","47","41","2","16",
"건축법","5일 이내","범죄발생부터 인지까지의 기간[건]","건","815","238","234","205","202","166","129","165","156","207","176","1","57",
"건축법","10일 이내","범죄발생부터 인지까지의 기간[건]","건","","347","359","317","328","238","193","251","403","334","280","9","119",
"건축법","30일 이내","범죄발생부터 인지까지의 기간[건]","건","1516","","","","","","","","","","","","",
"건축법","90일 이내","범죄발생부터 인지까지의 기간[건]","건","2373","","","","","","","","","","","","",
"건축법","90일 이상","범죄발생부터 인지까지의 기간[건]","건","6892","","","","","","","","","","","","",
"건축법","1개월 이내","범죄발생부터 인지까지의 기간[건]","건","","1228","1267","951","892","586","608","808","923","1169","876","150","419",
"건축법","3개월 이내","범죄발생부터 인지까지의 기간[건]","건","","2367","2338","1783","1751","1220","1282","1357","1571","1954","1775","247","1007",
"건축법","3개월 초과","범죄발생부터 인지까지의 기간[건]","건","","7360","7406","5995","5293","4951","4661","4235","4241","5436","5285","8262","3724",
"건축사법","합계","범죄발생부터 인지까지의 기간[건]","건","","97","73","31","22","5","6","12","7","","","","",
"건축사법","1시간 이내","범죄발생부터 인지까지의 기간[건]","건","","","","","","","","-","1","","","","",
"건축사법","2시간 이내","범죄발생부터 인지까지의 기간[건]","건","","","","","","","","-","-","","","","",
"건축사법","5시간 이내","범죄발생부터 인지까지의 기간[건]","건","","","","","","","","-","-","","","","",
"건축사법","12시간 이내","범죄발생부터 인지까지의 기간[건]","건","","","","","","","1","-","-","","","","",
"건축사법","24시간 이내","범죄발생부터 인지까지의 기간[건]","건","","","","","","","","-","-","","","","",
"건축사법","2일 이내","범죄발생부터 인지까지의 기간[건]","건","","1","","","","","","-","-","","","","",
"건축사법","5일 이내","범죄발생부터 인지까지의 기간[건]","건","","1","1","","","","","-","-","","","","",
"건축사법","10일 이내","범죄발생부터 인지까지의 기간[건]","건","","","","","","","","1","-","","","","",
"건축사법","1개월 이내","범죄발생부터 인지까지의 기간[건]","건","","1","5","","","","","-","-","","","","",
"건축사법","3개월 이내","범죄발생부터 인지까지의 기간[건]","건","","4","1","3","6","2","2","1","2","","","","",
"건축사법","3개월 초과","범죄발생부터 인지까지의 기간[건]","건","","90","66","28","16","3","3","10","4","","","","",
"계량법","합계","범죄발생부터 인지까지의 기간[건]","건","343","39","3","","1","2","4","2","1","","","","",
"계량법","1시간 이내","범죄발생부터 인지까지의 기간[건]","건","12","2","","","","","1","-","-","","","","",
"계량법","2시간 이내","범죄발생부터 인지까지의 기간[건]","건","1","1","","","","","","-","-","","","","",
"계량법","5시간 이내","범죄발생부터 인지까지의 기간[건]","건","","1","","","","","","-","-","","","","",
"계량법","12시간 이내","범죄발생부터 인지까지의 기간[건]","건","","","","","","","","-","-","","","","",
"계량법","24시간 이내","범죄발생부터 인지까지의 기간[건]","건","4","","","","","","","-","-","","","","",
"계량법","2일 이내","범죄발생부터 인지까지의 기간[건]","건","2","","","","1","","","-","-","","","","",
"계량법","5일 이내","범죄발생부터 인지까지의 기간[건]","건","17","","","","","1","","1","-","","","","",
"계량법","10일 이내","범죄발생부터 인지까지의 기간[건]","건","8","","","","","","","-","-","","","","",
"계량법","30일 이내","범죄발생부터 인지까지의 기간[건]","건","48","","","","","","","","","","","","",
"계량법","90일 이내","범죄발생부터 인지까지의 기간[건]","건","84","","","","","","","","","","","","",
"계량법","90일 이상","범죄발생부터 인지까지의 기간[건]","건","167","","","","","","","","","","","","",
"계량법","1개월 이내","범죄발생부터 인지까지의 기간[건]","건","","2","","","","1","1","1","-","","","","",
"계량법","3개월 이내","범죄발생부터 인지까지의 기간[건]","건","","2","","","","","1","-","-","","","","",
"계량법","3개월 초과","범죄발생부터 인지까지의 기간[건]","건","","31","3","","","","1","-","1","","","","",
"계량에관한법률","합계","범죄발생부터 인지까지의 기간[건]","건","","55","23","46","40","43","420","50","19","","","","",
"계량에관한법률","1시간 이내","범죄발생부터 인지까지의 기간[건]","건","","1","3","2","1","1","36","-","1","","","","",
"계량에관한법률","2시간 이내","범죄발생부터 인지까지의 기간[건]","건","","","","","","","2","-","-","","","","",
"계량에관한법률","5시간 이내","범죄발생부터 인지까지의 기간[건]","건","","","","","","2","3","-","-","","","","",
"계량에관한법률","12시간 이내","범죄발생부터 인지까지의 기간[건]","건","","","","","1","","16","-","-","","","","",
"계량에관한법률","24시간 이내","범죄발생부터 인지까지의 기간[건]","건","","2","2","","","1","38","-","-","","","","",
"계량에관한법률","2일 이내","범죄발생부터 인지까지의 기간[건]","건","","1","","1","","1","19","1","-","","","","",
"계량에관한법률","5일 이내","범죄발생부터 인지까지의 기간[건]","건","","3","","1","","","17","2","-","","","","",
"계량에관한법률","10일 이내","범죄발생부터 인지까지의 기간[건]","건","","6","","3","","3","36","1","2","","","","",
"계량에관한법률","1개월 이내","범죄발생부터 인지까지의 기간[건]","건","","7","1","5","7","7","57","14","4","","","","",
"계량에관한법률","3개월 이내","범죄발생부터 인지까지의 기간[건]","건","","15","7","15","16","13","57","10","4","","","","",
"계량에관한법률","3개월 초과","범죄발생부터 인지까지의 기간[건]","건","","20","10","19","15","15","139","22","8","","","","",
"고물영업법","합계","범죄발생부터 인지까지의 기간[건]","건","456","","","","","","","","","","","","",
"고물영업법","1시간 이내","범죄발생부터 인지까지의 기간[건]","건","76","","","","","","","","","","","","",
"고물영업법","2시간 이내","범죄발생부터 인지까지의 기간[건]","건","2","","","","","","","","","","","","",
"고물영업법","5시간 이내","범죄발생부터 인지까지의 기간[건]","건","4","","","","","","","","","","","","",
"고물영업법","12시간 이내","범죄발생부터 인지까지의 기간[건]","건","1","","","","","","","","","","","","",
"고물영업법","24시간 이내","범죄발생부터 인지까지의 기간[건]","건","28","","","","","","","","","","","","",
"고물영업법","2일 이내","범죄발생부터 인지까지의 기간[건]","건","21","","","","","","","","","","","","",
"고물영업법","5일 이내","범죄발생부터 인지까지의 기간[건]","건","41","","","","","","","","","","","","",
"고물영업법","10일 이내","범죄발생부터 인지까지의 기간[건]","건","24","","","","","","","","","","","","",
"고물영업법","30일 이내","범죄발생부터 인지까지의 기간[건]","건","40","","","","","","","","","","","","",
"고물영업법","90일 이내","범죄발생부터 인지까지의 기간[건]","건","56","","","","","","","","","","","","",
"고물영업법","90일 이상","범죄발생부터 인지까지의 기간[건]","건","163","","","","","","","","","","","","",
"고압가스안전관리법","합계","범죄발생부터 인지까지의 기간[건]","건","","58","78","170","56","35","100","71","62","","","","",
"고압가스안전관리법","1시간 이내","범죄발생부터 인지까지의 기간[건]","건","","2","","","3","1","2","1","6","","","","",
"고압가스안전관리법","2시간 이내","범죄발생부터 인지까지의 기간[건]","건","","","1","1","","","","-","1","","","","",
"고압가스안전관리법","5시간 이내","범죄발생부터 인지까지의 기간[건]","건","","","","","","","","-","1","","","","",
"고압가스안전관리법","12시간 이내","범죄발생부터 인지까지의 기간[건]","건","","1","1","1","","1","1","-","-","","","","",
"고압가스안전관리법","24시간 이내","범죄발생부터 인지까지의 기간[건]","건","","","","","","","1","1","1","","","","",
"고압가스안전관리법","2일 이내","범죄발생부터 인지까지의 기간[건]","건","","","1","2","1","1","1","-","2","","","","",
"고압가스안전관리법","5일 이내","범죄발생부터 인지까지의 기간[건]","건","","3","4","27","1","3","7","1","2","","","","",
"고압가스안전관리법","10일 이내","범죄발생부터 인지까지의 기간[건]","건","","4","3","8","3","2","9","5","6","","","","",
"고압가스안전관리법","1개월 이내","범죄발생부터 인지까지의 기간[건]","건","","9","17","55","9","11","18","12","17","","","","",
"고압가스안전관리법","3개월 이내","범죄발생부터 인지까지의 기간[건]","건","","13","18","38","14","6","23","29","8","","","","",
"고압가스안전관리법","3개월 초과","범죄발생부터 인지까지의 기간[건]","건","","26","33","38","25","10","38","22","18","","","","",
"고용보험법","합계","범죄발생부터 인지까지의 기간[건]","건","","","","","","","","","","165","106","57","26",
"고용보험법","1시간 이내","범죄발생부터 인지까지의 기간[건]","건","","","","","","","","","","25","-","-","1",
"고용보험법","2시간 이내","범죄발생부터 인지까지의 기간[건]","건","","","","","","","","","","-","-","-","-",
"고용보험법","5시간 이내","범죄발생부터 인지까지의 기간[건]","건","","","","","","","","","","-","-","-","-",
"고용보험법","12시간 이내","범죄발생부터 인지까지의 기간[건]","건","","","","","","","","","","-","-","-","-",
"고용보험법","24시간 이내","범죄발생부터 인지까지의 기간[건]","건","","","","","","","","","","1","-","-","-",
"고용보험법","2일 이내","범죄발생부터 인지까지의 기간[건]","건","","","","","","","","","","-","-","-","-",
"고용보험법","5일 이내","범죄발생부터 인지까지의 기간[건]","건","","","","","","","","","","4","-","-","-",
"고용보험법","10일 이내","범죄발생부터 인지까지의 기간[건]","건","","","","","","","","","","3","-","-","-",
"고용보험법","1개월 이내","범죄발생부터 인지까지의 기간[건]","건","","","","","","","","","","-","-","-","-",
"고용보험법","3개월 이내","범죄발생부터 인지까지의 기간[건]","건","","","","","","","","","","6","3","2","3",
"고용보험법","3개월 초과","범죄발생부터 인지까지의 기간[건]","건","","","","","","","","","","126","103","55","22",
"골재채취법","합계","범죄발생부터 인지까지의 기간[건]","건","","66","81","92","84","92","139","139","128","148","1553","1033","781",
"골재채취법","1시간 이내","범죄발생부터 인지까지의 기간[건]","건","","1","1","8","1","1","1","15","4","9","24","-","2",
"골재채취법","2시간 이내","범죄발생부터 인지까지의 기간[건]","건","","","","","1","","","1","3","-","11","-","-",
"골재채취법","5시간 이내","범죄발생부터 인지까지의 기간[건]","건","","","","1","4","","","5","3","3","14","1","1",
"골재채취법","12시간 이내","범죄발생부터 인지까지의 기간[건]","건","","","","1","4","7","1","3","7","5","20","-","-",
"골재채취법","24시간 이내","범죄발생부터 인지까지의 기간[건]","건","","","1","6","4","3","12","15","16","12","26","-","1",
"골재채취법","2일 이내","범죄발생부터 인지까지의 기간[건]","건","","","3","7","3","4","10","17","13","12","23","-","1",
"골재채취법","5일 이내","범죄발생부터 인지까지의 기간[건]","건","","8","5","6","7","6","20","15","24","11","23","-","8",
"골재채취법","10일 이내","범죄발생부터 인지까지의 기간[건]","건","","14","5","4","10","8","9","3","6","2","22","-","8",
"골재채취법","1개월 이내","범죄발생부터 인지까지의 기간[건]","건","","10","29","18","15","9","16","10","11","14","79","1","64",
"골재채취법","3개월 이내","범죄발생부터 인지까지의 기간[건]","건","","9","20","14","13","16","39","12","15","22","409","7","269",
"골재채취법","3개월 초과","범죄발생부터 인지까지의 기간[건]","건","","24","17","27","22","38","31","43","26","58","902","1024","427",
"공산품품질관리법","합계","범죄발생부터 인지까지의 기간[건]","건","302","118","4","","","1","","","","","","","",
"공산품품질관리법","1시간 이내","범죄발생부터 인지까지의 기간[건]","건","3","1","","","","1","","","","","","","",
"공산품품질관리법","24시간 이내","범죄발생부터 인지까지의 기간[건]","건","1","","","","","","","","","","","","",
"공산품품질관리법","2일 이내","범죄발생부터 인지까지의 기간[건]","건","1","4","","","","","","","","","","","",
"공산품품질관리법","5일 이내","범죄발생부터 인지까지의 기간[건]","건","10","4","","","","","","","","","","","",
"공산품품질관리법","10일 이내","범죄발생부터 인지까지의 기간[건]","건","6","5","","","","","","","","","","","",
"공산품품질관리법","30일 이내","범죄발생부터 인지까지의 기간[건]","건","16","","","","","","","","","","","","",
"공산품품질관리법","90일 이내","범죄발생부터 인지까지의 기간[건]","건","81","","","","","","","","","","","","",
"공산품품질관리법","90일 이상","범죄발생부터 인지까지의 기간[건]","건","184","","","","","","","","","","","","",
"공산품품질관리법","1개월 이내","범죄발생부터 인지까지의 기간[건]","건","","7","","","","","","","","","","","",
"공산품품질관리법","3개월 이내","범죄발생부터 인지까지의 기간[건]","건","","24","","","","","","","","","","","",
"공산품품질관리법","3개월 초과","범죄발생부터 인지까지의 기간[건]","건","","73","4","","","","","","","","","","",
"공업배치및공장설립에관한법률","합계","범죄발생부터 인지까지의 기간[건]","건","","160","452","295","251","54","81","82","124","113","65","2","",
"공업배치및공장설립에관한법률","1시간 이내","범죄발생부터 인지까지의 기간[건]","건","","2","2","3","","3","2","2","19","-","5","-","",
"공업배치및공장설립에관한법률","2시간 이내","범죄발생부터 인지까지의 기간[건]","건","","","","","","","","-","-","-","-","-","",
"공업배치및공장설립에관한법률","5시간 이내","범죄발생부터 인지까지의 기간[건]","건","","","","","","","","-","-","-","-","-","",
"공업배치및공장설립에관한법률","12시간 이내","범죄발생부터 인지까지의 기간[건]","건","","","","","","1","","-","-","1","-","-","",
"공업배치및공장설립에관한법률","24시간 이내","범죄발생부터 인지까지의 기간[건]","건","","","6","","","","2","-","-","-","1","-","",
"공업배치및공장설립에관한법률","2일 이내","범죄발생부터 인지까지의 기간[건]","건","","","1","","1","","1","-","-","-","-","-","",
"공업배치및공장설립에관한법률","5일 이내","범죄발생부터 인지까지의 기간[건]","건","","4","4","1","1","2","1","3","2","1","1","-","",
"공업배치및공장설립에관한법률","10일 이내","범죄발생부터 인지까지의 기간[건]","건","","1","8","8","","","1","5","2","5","1","-","",
"공업배치및공장설립에관한법률","1개월 이내","범죄발생부터 인지까지의 기간[건]","건","","9","19","21","5","2","3","2","9","8","3","-","",
"공업배치및공장설립에관한법률","3개월 이내","범죄발생부터 인지까지의 기간[건]","건","","23","38","30","12","4","9","11","14","16","8","-","",
"공업배치및공장설립에관한법률","3개월 초과","범죄발생부터 인지까지의 기간[건]","건","","121","374","232","232","42","62","59","78","82","46","2","",
"공유수면관리법","합계","범죄발생부터 인지까지의 기간[건]","건","","126","119","100","120","350","292","411","722","556","3897","1407","926",
"공유수면관리법","1시간 이내","범죄발생부터 인지까지의 기간[건]","건","","2","","2","1","3","2","6","16","22","18","1","34",
"공유수면관리법","2시간 이내","범죄발생부터 인지까지의 기간[건]","건","","","","","1","","1","-","-","3","12","-","2",
"공유수면관리법","5시간 이내","범죄발생부터 인지까지의 기간[건]","건","","","","","","1","","4","9","5","36","1","3",
"공유수면관리법","12시간 이내","범죄발생부터 인지까지의 기간[건]","건","","","","","","13","1","1","12","2","11","-","3",
"공유수면관리법","24시간 이내","범죄발생부터 인지까지의 기간[건]","건","","","","","3","12","5","21","16","14","24","-","5",
"공유수면관리법","2일 이내","범죄발생부터 인지까지의 기간[건]","건","","","4","1","4","8","12","9","10","5","28","-","16",
"공유수면관리법","5일 이내","범죄발생부터 인지까지의 기간[건]","건","","6","7","8","7","16","17","33","28","15","2293","-","33",
"공유수면관리법","10일 이내","범죄발생부터 인지까지의 기간[건]","건","","4","20","7","8","16","13","19","25","19","22","1","52",
"공유수면관리법","1개월 이내","범죄발생부터 인지까지의 기간[건]","건","","40","19","13","28","25","48","65","59","74","110","11","123",
"공유수면관리법","3개월 이내","범죄발생부터 인지까지의 기간[건]","건","","22","18","20","29","64","41","58","183","144","399","9","226",
"공유수면관리법","3개월 초과","범죄발생부터 인지까지의 기간[건]","건","","52","51","49","39","192","152","195","364","253","944","1384","429",
"공중위생관리법","합계","범죄발생부터 인지까지의 기간[건]","건","3174","2399","3630","3507","3689","5703","2695","339","314","216","466","562","314",
"공중위생관리법","1시간 이내","범죄발생부터 인지까지의 기간[건]","건","677","435","810","846","982","1560","681","100","123","86","120","4","27",
"공중위생관리법","2시간 이내","범죄발생부터 인지까지의 기간[건]","건","37","51","55","57","58","137","45","9","6","7","3","-","2",
"공중위생관리법","5시간 이내","범죄발생부터 인지까지의 기간[건]","건","34","55","70","62","54","76","41","7","7","4","4","-","3",
"공중위생관리법","12시간 이내","범죄발생부터 인지까지의 기간[건]","건","57","47","57","63","57","74","41","-","3","4","2","-","3",
"공중위생관리법","24시간 이내","범죄발생부터 인지까지의 기간[건]","건","144","129","193","203","265","298","138","22","14","12","15","-","9",
"공중위생관리법","2일 이내","범죄발생부터 인지까지의 기간[건]","건","111","100","129","116","137","219","99","14","11","7","16","2","2",
"공중위생관리법","5일 이내","범죄발생부터 인지까지의 기간[건]","건","322","250","327","284","288","440","233","19","19","15","19","-","13",
"공중위생관리법","10일 이내","범죄발생부터 인지까지의 기간[건]","건","334","242","335","358","328","549","244","18","24","12","37","1","23",
"공중위생관리법","30일 이내","범죄발생부터 인지까지의 기간[건]","건","596","","","","","","","","","","","","",
"공중위생관리법","90일 이내","범죄발생부터 인지까지의 기간[건]","건","392","","","","","","","","","","","","",
"공중위생관리법","90일 이상","범죄발생부터 인지까지의 기간[건]","건","470","","","","","","","","","","","","",
"공중위생관리법","1개월 이내","범죄발생부터 인지까지의 기간[건]","건","","472","750","616","743","1065","520","44","32","31","60","2","31",
"공중위생관리법","3개월 이내","범죄발생부터 인지까지의 기간[건]","건","","346","526","497","461","819","378","60","37","14","82","7","66",
"공중위생관리법","3개월 초과","범죄발생부터 인지까지의 기간[건]","건","","272","378","405","316","466","275","46","38","24","108","546","135",
"공직선거및선거부정방지법","합계","범죄발생부터 인지까지의 기간[건]","건","","","","","","","","","","4968","504","2352","",
"공직선거및선거부정방지법","1시간 이내","범죄발생부터 인지까지의 기간[건]","건","","","","","","","","","","455","42","10","",
"공직선거및선거부정방지법","2시간 이내","범죄발생부터 인지까지의 기간[건]","건","","","","","","","","","","19","1","4","",
"공직선거및선거부정방지법","5시간 이내","범죄발생부터 인지까지의 기간[건]","건","","","","","","","","","","16","3","-","",
"공직선거및선거부정방지법","12시간 이내","범죄발생부터 인지까지의 기간[건]","건","","","","","","","","","","16","2","1","",
"공직선거및선거부정방지법","24시간 이내","범죄발생부터 인지까지의 기간[건]","건","","","","","","","","","","77","7","9","",
"공직선거및선거부정방지법","2일 이내","범죄발생부터 인지까지의 기간[건]","건","","","","","","","","","","78","5","9","",
"공직선거및선거부정방지법","5일 이내","범죄발생부터 인지까지의 기간[건]","건","","","","","","","","","","196","22","20","",
"공직선거및선거부정방지법","10일 이내","범죄발생부터 인지까지의 기간[건]","건","","","","","","","","","","302","44","29","",
"공직선거및선거부정방지법","1개월 이내","범죄발생부터 인지까지의 기간[건]","건","","","","","","","","","","1095","109","133","",
"공직선거및선거부정방지법","3개월 이내","범죄발생부터 인지까지의 기간[건]","건","","","","","","","","","","1210","169","132","",
"공직선거및선거부정방지법","3개월 초과","범죄발생부터 인지까지의 기간[건]","건","","","","","","","","","","1504","100","2005","",
"공직선거법","합계","범죄발생부터 인지까지의 기간[건]","건","","","","","","","","","","","","","221",
"공직선거법","1시간 이내","범죄발생부터 인지까지의 기간[건]","건","","","","","","","","","","","","","3",
"공직선거법","2시간 이내","범죄발생부터 인지까지의 기간[건]","건","","","","","","","","","","","","","-",
"공직선거법","5시간 이내","범죄발생부터 인지까지의 기간[건]","건","","","","","","","","","","","","","-",
"공직선거법","12시간 이내","범죄발생부터 인지까지의 기간[건]","건","","","","","","","","","","","","","1",
"공직선거법","24시간 이내","범죄발생부터 인지까지의 기간[건]","건","","","","","","","","","","","","","1",
"공직선거법","2일 이내","범죄발생부터 인지까지의 기간[건]","건","","","","","","","","","","","","","4",
"공직선거법","5일 이내","범죄발생부터 인지까지의 기간[건]","건","","","","","","","","","","","","","3",
"공직선거법","10일 이내","범죄발생부터 인지까지의 기간[건]","건","","","","","","","","","","","","","13",
"공직선거법","1개월 이내","범죄발생부터 인지까지의 기간[건]","건","","","","","","","","","","","","","25",
"공직선거법","3개월 이내","범죄발생부터 인지까지의 기간[건]","건","","","","","","","","","","","","","84",
"공직선거법","3개월 초과","범죄발생부터 인지까지의 기간[건]","건","","","","","","","","","","","","","87",
"관광진흥법","합계","범죄발생부터 인지까지의 기간[건]","건","","57","100","169","65","81","31","33","116","","","","",
"관광진흥법","1시간 이내","범죄발생부터 인지까지의 기간[건]","건","","","","2","","2","1","1","5","","","","",
"관광진흥법","2시간 이내","범죄발생부터 인지까지의 기간[건]","건","","","","","","","","-","-","","","","",
"관광진흥법","5시간 이내","범죄발생부터 인지까지의 기간[건]","건","","","","","","","","1","-","","","","",
"관광진흥법","12시간 이내","범죄발생부터 인지까지의 기간[건]","건","","","","","","","","-","-","","","","",
"관광진흥법","24시간 이내","범죄발생부터 인지까지의 기간[건]","건","","","","2","2","","","1","-","","","","",
"관광진흥법","2일 이내","범죄발생부터 인지까지의 기간[건]","건","","1","2","1","1","","2","2","2","","","","",
"관광진흥법","5일 이내","범죄발생부터 인지까지의 기간[건]","건","","3","1","2","","","1","2","4","","","","",
"관광진흥법","10일 이내","범죄발생부터 인지까지의 기간[건]","건","","3","2","","","2","","3","3","","","","",
"관광진흥법","1개월 이내","범죄발생부터 인지까지의 기간[건]","건","","5","8","17","6","8","5","5","4","","","","",
"관광진흥법","3개월 이내","범죄발생부터 인지까지의 기간[건]","건","","5","23","67","17","29","4","2","11","","","","",
"관광진흥법","3개월 초과","범죄발생부터 인지까지의 기간[건]","건","","40","64","78","39","40","18","16","87","","","","",
"관세법","합계","범죄발생부터 인지까지의 기간[건]","건","998","374","556","439","335","298","538","701","965","1193","1117","1315","1114",
"관세법","1시간 이내","범죄발생부터 인지까지의 기간[건]","건","561","98","173","108","42","35","106","143","339","653","538","294","176",
"관세법","2시간 이내","범죄발생부터 인지까지의 기간[건]","건","30","14","15","14","5","5","17","19","15","22","10","14","19",
"관세법","5시간 이내","범죄발생부터 인지까지의 기간[건]","건","12","11","24","10","7","9","16","14","11","17","23","7","24",
"관세법","12시간 이내","범죄발생부터 인지까지의 기간[건]","건","11","11","12","5","11","7","7","15","16","20","7","14","31",
"관세법","24시간 이내","범죄발생부터 인지까지의 기간[건]","건","26","10","13","14","19","11","15","19","22","10","13","20","23",
"관세법","2일 이내","범죄발생부터 인지까지의 기간[건]","건","30","12","7","13","16","9","7","25","22","18","19","12","16",
"관세법","5일 이내","범죄발생부터 인지까지의 기간[건]","건","45","24","18","14","18","18","17","30","31","33","29","23","17",
"관세법","10일 이내","범죄발생부터 인지까지의 기간[건]","건","29","16","20","17","16","9","18","26","34","39","21","26","37",
"관세법","30일 이내","범죄발생부터 인지까지의 기간[건]","건","53","","","","","","","","","","","","",
"관세법","90일 이내","범죄발생부터 인지까지의 기간[건]","건","46","","","","","","","","","","","","",
"관세법","90일 이상","범죄발생부터 인지까지의 기간[건]","건","155","","","","","","","","","","","","",
"관세법","1개월 이내","범죄발생부터 인지까지의 기간[건]","건","","26","40","29","33","19","7","61","55","51","29","104","71",
"관세법","3개월 이내","범죄발생부터 인지까지의 기간[건]","건","","51","56","43","32","36","52","87","74","56","63","69","66",
"관세법","3개월 초과","범죄발생부터 인지까지의 기간[건]","건","","101","178","172","136","140","246","262","346","274","365","732","634",
"교통사고처리특례법","합계","범죄발생부터 인지까지의 기간[건]","건","255511","252492","232164","245005","226132","210184","239140","255992","234460","211384","212642","210795","195060",
"교통사고처리특례법","1시간 이내","범죄발생부터 인지까지의 기간[건]","건","83135","52780","50780","57488","53506","57961","74055","94952","94143","91518","92985","2608","110617",
"교통사고처리특례법","2시간 이내","범죄발생부터 인지까지의 기간[건]","건","14907","37169","35572","35437","30050","26541","29400","28487","21660","18000","18508","343","4658",
"교통사고처리특례법","5시간 이내","범죄발생부터 인지까지의 기간[건]","건","9108","16989","15283","14844","12545","11122","10467","8410","5977","5345","4851","134","2344",
"교통사고처리특례법","12시간 이내","범죄발생부터 인지까지의 기간[건]","건","3245","5166","4476","4224","3605","3451","3096","2228","1454","1257","1169","32","2457",
"교통사고처리특례법","24시간 이내","범죄발생부터 인지까지의 기간[건]","건","21096","12833","12798","16514","17240","14597","16669","14760","13941","12445","13691","68","4400",
"교통사고처리특례법","2일 이내","범죄발생부터 인지까지의 기간[건]","건","14114","12972","9696","10179","8940","8496","8000","6722","5696","4286","3608","90","3351",
"교통사고처리특례법","5일 이내","범죄발생부터 인지까지의 기간[건]","건","27307","28670","26992","27657","23771","20120","20171","16941","14739","12020","11167","227","9455",
"교통사고처리특례법","10일 이내","범죄발생부터 인지까지의 기간[건]","건","26127","29050","25859","26359","23956","21594","22449","20830","19364","15801","15226","327","12944",
"교통사고처리특례법","30일 이내","범죄발생부터 인지까지의 기간[건]","건","40037","","","","","","","","","","","","",
"교통사고처리특례법","90일 이내","범죄발생부터 인지까지의 기간[건]","건","12560","","","","","","","","","","","","",
"교통사고처리특례법","90일 이상","범죄발생부터 인지까지의 기간[건]","건","3875","","","","","","","","","","","","",
"교통사고처리특례법","1개월 이내","범죄발생부터 인지까지의 기간[건]","건","","40799","37883","38412","37877","33815","39556","41108","37914","33682","33523","850","27607",
"교통사고처리특례법","3개월 이내","범죄발생부터 인지까지의 기간[건]","건","","13288","10513","11629","12163","10294","13311","18222","16354","14161","15031","629","13657",
"교통사고처리특례법","3개월 초과","범죄발생부터 인지까지의 기간[건]","건","","2776","2312","2262","2479","2193","1966","3332","3218","2869","2883","205487","3570",
"국가기술자격법","합계","범죄발생부터 인지까지의 기간[건]","건","","107","268","343","228","86","247","38","145","91","89","97","299",
"국가기술자격법","1시간 이내","범죄발생부터 인지까지의 기간[건]","건","","","2","6","","","3","1","21","3","2","-","2",
"국가기술자격법","2시간 이내","범죄발생부터 인지까지의 기간[건]","건","","","","","","","","-","6","-","-","-","-",
"국가기술자격법","5시간 이내","범죄발생부터 인지까지의 기간[건]","건","","","","","","","","-","-","-","-","-","-",
"국가기술자격법","12시간 이내","범죄발생부터 인지까지의 기간[건]","건","","","","2","","","","-","1","-","-","-","-",
"국가기술자격법","24시간 이내","범죄발생부터 인지까지의 기간[건]","건","","","","4","","","1","-","9","1","-","-","2",
"국가기술자격법","2일 이내","범죄발생부터 인지까지의 기간[건]","건","","3","2","3","","","","-","-","1","-","-","-",
"국가기술자격법","5일 이내","범죄발생부터 인지까지의 기간[건]","건","","","2","","","","","-","2","5","-","-","-",
"국가기술자격법","10일 이내","범죄발생부터 인지까지의 기간[건]","건","","6","5","","","","6","-","6","7","-","-","-",
"국가기술자격법","1개월 이내","범죄발생부터 인지까지의 기간[건]","건","","3","5","13","3","7","5","1","1","3","1","2","1",
"국가기술자격법","3개월 이내","범죄발생부터 인지까지의 기간[건]","건","","13","13","43","14","5","7","6","9","3","5","-","15",
"국가기술자격법","3개월 초과","범죄발생부터 인지까지의 기간[건]","건","","82","239","272","211","74","225","30","90","68","81","95","279",
"국가보안법","합계","범죄발생부터 인지까지의 기간[건]","건","179","378","227","340","499","388","252","269","232","217","152","108","58",
"국가보안법","1시간 이내","범죄발생부터 인지까지의 기간[건]","건","7","16","7","19","14","19","12","12","11","10","7","-","10",
"국가보안법","2시간 이내","범죄발생부터 인지까지의 기간[건]","건","","3","","1","12","2","","-","1","-","1","-","-",
"국가보안법","5시간 이내","범죄발생부터 인지까지의 기간[건]","건","1","6","","1","2","4","","-","3","-","-","-","-",
"국가보안법","12시간 이내","범죄발생부터 인지까지의 기간[건]","건","1","2","","5","","4","2","1","1","1","1","-","1",
"국가보안법","24시간 이내","범죄발생부터 인지까지의 기간[건]","건","3","9","1","9","4","15","9","11","5","3","5","-","-",
"국가보안법","2일 이내","범죄발생부터 인지까지의 기간[건]","건","2","4","1","1","7","6","2","4","-","-","-","-","-",
"국가보안법","5일 이내","범죄발생부터 인지까지의 기간[건]","건","7","8","2","6","5","4","3","1","5","-","1","-","3",
"국가보안법","10일 이내","범죄발생부터 인지까지의 기간[건]","건","5","3","1","23","","10","6","4","11","2","1","-","-",
"국가보안법","30일 이내","범죄발생부터 인지까지의 기간[건]","건","10","","","","","","","","","","","","",
"국가보안법","90일 이내","범죄발생부터 인지까지의 기간[건]","건","13","","","","","","","","","","","","",
"국가보안법","90일 이상","범죄발생부터 인지까지의 기간[건]","건","130","","","","","","","","","","","","",
"국가보안법","1개월 이내","범죄발생부터 인지까지의 기간[건]","건","","11","4","5","11","17","9","9","6","5","5","-","1",
"국가보안법","3개월 이내","범죄발생부터 인지까지의 기간[건]","건","","52","11","10","34","47","21","31","27","14","6","-","3",
"국가보안법","3개월 초과","범죄발생부터 인지까지의 기간[건]","건","","264","200","260","407","260","188","196","162","182","125","108","40",
"국민연금법","합계","범죄발생부터 인지까지의 기간[건]","건","","","","","","","","170","281","420","494","179","79",
"국민연금법","1시간 이내","범죄발생부터 인지까지의 기간[건]","건","","","","","","","","1","21","31","28","-","2",
"국민연금법","2시간 이내","범죄발생부터 인지까지의 기간[건]","건","","","","","","","","-","-","-","5","-","-",
"국민연금법","5시간 이내","범죄발생부터 인지까지의 기간[건]","건","","","","","","","","-","-","-","-","-","-",
"국민연금법","12시간 이내","범죄발생부터 인지까지의 기간[건]","건","","","","","","","","-","-","-","-","-","-",
"국민연금법","24시간 이내","범죄발생부터 인지까지의 기간[건]","건","","","","","","","","1","-","-","-","1","1",
"국민연금법","2일 이내","범죄발생부터 인지까지의 기간[건]","건","","","","","","","","-","-","1","2","-","-",
"국민연금법","5일 이내","범죄발생부터 인지까지의 기간[건]","건","","","","","","","","-","-","-","-","-","-",
"국민연금법","10일 이내","범죄발생부터 인지까지의 기간[건]","건","","","","","","","","2","2","15","5","-","1",
"국민연금법","1개월 이내","범죄발생부터 인지까지의 기간[건]","건","","","","","","","","2","2","12","12","2","2",
"국민연금법","3개월 이내","범죄발생부터 인지까지의 기간[건]","건","","","","","","","","25","8","27","61","1","11",
"국민연금법","3개월 초과","범죄발생부터 인지까지의 기간[건]","건","","","","","","","","139","248","334","381","175","62",
"국유재산법","합계","범죄발생부터 인지까지의 기간[건]","건","","55","86","73","86","57","92","83","84","","","","",
"국유재산법","1시간 이내","범죄발생부터 인지까지의 기간[건]","건","","1","","","2","2","","-","1","","","","",
"국유재산법","2시간 이내","범죄발생부터 인지까지의 기간[건]","건","","","","","","","","-","-","","","","",
"국유재산법","5시간 이내","범죄발생부터 인지까지의 기간[건]","건","","","","","","","","-","-","","","","",
"국유재산법","12시간 이내","범죄발생부터 인지까지의 기간[건]","건","","","","","","","","2","-","","","","",
"국유재산법","24시간 이내","범죄발생부터 인지까지의 기간[건]","건","","1","","2","","2","","2","4","","","","",
"국유재산법","2일 이내","범죄발생부터 인지까지의 기간[건]","건","","1","","","1","","1","-","-","","","","",
"국유재산법","5일 이내","범죄발생부터 인지까지의 기간[건]","건","","2","1","1","3","4","11","4","-","","","","",
"국유재산법","10일 이내","범죄발생부터 인지까지의 기간[건]","건","","","2","3","","2","8","2","3","","","","",
"국유재산법","1개월 이내","범죄발생부터 인지까지의 기간[건]","건","","4","6","6","4","6","5","9","8","","","","",
"국유재산법","3개월 이내","범죄발생부터 인지까지의 기간[건]","건","","13","11","12","13","5","6","15","17","","","","",
"국유재산법","3개월 초과","범죄발생부터 인지까지의 기간[건]","건","","33","66","49","63","36","61","49","51","","","","",
"국토이용관리법","합계","범죄발생부터 인지까지의 기간[건]","건","","172","69","70","87","43","22","21","11","","","","",
"국토이용관리법","1시간 이내","범죄발생부터 인지까지의 기간[건]","건","","1","","","","","","-","-","","","","",
"국토이용관리법","2시간 이내","범죄발생부터 인지까지의 기간[건]","건","","","","","","","","-","-","","","","",
"국토이용관리법","5시간 이내","범죄발생부터 인지까지의 기간[건]","건","","","","","","","","-","-","","","","",
"국토이용관리법","12시간 이내","범죄발생부터 인지까지의 기간[건]","건","","","","","","","","-","-","","","","",
"국토이용관리법","24시간 이내","범죄발생부터 인지까지의 기간[건]","건","","","","","1","","","-","-","","","","",
"국토이용관리법","2일 이내","범죄발생부터 인지까지의 기간[건]","건","","","","","","","","-","-","","","","",
"국토이용관리법","5일 이내","범죄발생부터 인지까지의 기간[건]","건","","","","","","1","1","2","-","","","","",
"국토이용관리법","10일 이내","범죄발생부터 인지까지의 기간[건]","건","","2","1","","2","4","","-","-","","","","",
"국토이용관리법","1개월 이내","범죄발생부터 인지까지의 기간[건]","건","","6","1","2","2","2","","-","-","","","","",
"국토이용관리법","3개월 이내","범죄발생부터 인지까지의 기간[건]","건","","10","7","7","7","3","2","3","1","","","","",
"국토이용관리법","3개월 초과","범죄발생부터 인지까지의 기간[건]","건","","153","60","61","75","33","19","16","10","","","","",
"국회의원선거법","합계","범죄발생부터 인지까지의 기간[건]","건","24","","","","","","","","","","","","",
"국회의원선거법","1시간 이내","범죄발생부터 인지까지의 기간[건]","건","2","","","","","","","","","","","","",
"국회의원선거법","2시간 이내","범죄발생부터 인지까지의 기간[건]","건","1","","","","","","","","","","","","",
"국회의원선거법","12시간 이내","범죄발생부터 인지까지의 기간[건]","건","1","","","","","","","","","","","","",
"국회의원선거법","5일 이내","범죄발생부터 인지까지의 기간[건]","건","6","","","","","","","","","","","","",
"국회의원선거법","10일 이내","범죄발생부터 인지까지의 기간[건]","건","1","","","","","","","","","","","","",
"국회의원선거법","30일 이내","범죄발생부터 인지까지의 기간[건]","건","2","","","","","","","","","","","","",
"국회의원선거법","90일 이내","범죄발생부터 인지까지의 기간[건]","건","2","","","","","","","","","","","","",
"국회의원선거법","90일 이상","범죄발생부터 인지까지의 기간[건]","건","9","","","","","","","","","","","","",
"근로기준법","합계","범죄발생부터 인지까지의 기간[건]","건","5600","9353","12352","14860","9463","15881","28422","33427","32854","38423","37406","39997","42751",
"근로기준법","1시간 이내","범죄발생부터 인지까지의 기간[건]","건","65","118","338","1124","137","268","1362","1131","438","5772","6742","1752","625",
"근로기준법","2시간 이내","범죄발생부터 인지까지의 기간[건]","건","3","15","22","20","6","4","17","27","22","11","26","16","16",
"근로기준법","5시간 이내","범죄발생부터 인지까지의 기간[건]","건","11","19","40","46","10","9","22","50","31","18","11","26","21",
"근로기준법","12시간 이내","범죄발생부터 인지까지의 기간[건]","건","16","41","57","45","60","50","66","41","29","31","25","30","25",
"근로기준법","24시간 이내","범죄발생부터 인지까지의 기간[건]","건","79","79","138","150","128","100","85","173","85","77","45","268","189",
"근로기준법","2일 이내","범죄발생부터 인지까지의 기간[건]","건","53","78","99","101","73","114","131","192","509","142","106","504","184",
"근로기준법","5일 이내","범죄발생부터 인지까지의 기간[건]","건","273","138","171","191","164","242","302","523","437","353","287","289","403",
"근로기준법","10일 이내","범죄발생부터 인지까지의 기간[건]","건","140","209","238","246","196","355","505","611","582","474","417","521","511",
"근로기준법","30일 이내","범죄발생부터 인지까지의 기간[건]","건","617","","","","","","","","","","","","",
"근로기준법","90일 이내","범죄발생부터 인지까지의 기간[건]","건","1939","","","","","","","","","","","","",
"근로기준법","90일 이상","범죄발생부터 인지까지의 기간[건]","건","2404","","","","","","","","","","","","",
"근로기준법","1개월 이내","범죄발생부터 인지까지의 기간[건]","건","","999","1245","1344","945","1635","2262","2927","3083","2791","2495","6797","5842",
"근로기준법","3개월 이내","범죄발생부터 인지까지의 기간[건]","건","","3414","4387","4835","3205","5378","8035","9930","10366","10406","9885","12154","13101",
"근로기준법","3개월 초과","범죄발생부터 인지까지의 기간[건]","건","","4243","5617","6758","4539","7726","15635","17822","17272","18348","17367","17640","21834",
"낚시어선업법","합계","범죄발생부터 인지까지의 기간[건]","건","","","","","","","","","","251","488","375","383",
"낚시어선업법","1시간 이내","범죄발생부터 인지까지의 기간[건]","건","","","","","","","","","","16","28","5","78",
"낚시어선업법","2시간 이내","범죄발생부터 인지까지의 기간[건]","건","","","","","","","","","","5","23","-","11",
"낚시어선업법","5시간 이내","범죄발생부터 인지까지의 기간[건]","건","","","","","","","","","","22","53","-","18",
"낚시어선업법","12시간 이내","범죄발생부터 인지까지의 기간[건]","건","","","","","","","","","","40","70","1","38",
"낚시어선업법","24시간 이내","범죄발생부터 인지까지의 기간[건]","건","","","","","","","","","","68","133","1","27",
"낚시어선업법","2일 이내","범죄발생부터 인지까지의 기간[건]","건","","","","","","","","","","29","67","-","29",
"낚시어선업법","5일 이내","범죄발생부터 인지까지의 기간[건]","건","","","","","","","","","","27","56","-","31",
"낚시어선업법","10일 이내","범죄발생부터 인지까지의 기간[건]","건","","","","","","","","","","8","21","3","20",
"낚시어선업법","1개월 이내","범죄발생부터 인지까지의 기간[건]","건","","","","","","","","","","14","19","9","73",
"낚시어선업법","3개월 이내","범죄발생부터 인지까지의 기간[건]","건","","","","","","","","","","14","12","12","54",
"낚시어선업법","3개월 초과","범죄발생부터 인지까지의 기간[건]","건","","","","","","","","","","8","6","344","4",
"내수면어업법","합계","범죄발생부터 인지까지의 기간[건]","건","","322","225","235","269","335","459","467","374","260","158","221","227",
"내수면어업법","1시간 이내","범죄발생부터 인지까지의 기간[건]","건","","85","72","70","65","133","168","161","102","102","38","22","49",
"내수면어업법","2시간 이내","범죄발생부터 인지까지의 기간[건]","건","","27","18","12","13","22","29","41","37","21","14","-","4",
"내수면어업법","5시간 이내","범죄발생부터 인지까지의 기간[건]","건","","22","11","10","8","10","29","27","23","17","9","4","13",
"내수면어업법","12시간 이내","범죄발생부터 인지까지의 기간[건]","건","","12","11","14","9","10","13","13","13","9","10","2","22",
"내수면어업법","24시간 이내","범죄발생부터 인지까지의 기간[건]","건","","38","24","17","17","25","41","45","29","21","16","1","17",
"내수면어업법","2일 이내","범죄발생부터 인지까지의 기간[건]","건","","25","18","26","21","27","43","37","23","13","12","-","12",
"내수면어업법","5일 이내","범죄발생부터 인지까지의 기간[건]","건","","36","22","17","36","33","49","56","37","23","14","3","31",
"내수면어업법","10일 이내","범죄발생부터 인지까지의 기간[건]","건","","15","11","12","23","16","37","26","22","19","8","1","19",
"내수면어업법","1개월 이내","범죄발생부터 인지까지의 기간[건]","건","","35","13","21","26","15","24","28","36","17","17","3","35",
"내수면어업법","3개월 이내","범죄발생부터 인지까지의 기간[건]","건","","14","12","19","12","23","12","18","19","10","10","2","8",
"내수면어업법","3개월 초과","범죄발생부터 인지까지의 기간[건]","건","","13","13","17","39","21","14","15","33","8","10","183","17",
"노동쟁의조정법","합계","범죄발생부터 인지까지의 기간[건]","건","","77","60","89","35","1","1","","","","","","",
"노동쟁의조정법","1시간 이내","범죄발생부터 인지까지의 기간[건]","건","","1","3","23","","1","","","","","","","",
"노동쟁의조정법","5시간 이내","범죄발생부터 인지까지의 기간[건]","건","","","1","","","","","","","","","","",
"노동쟁의조정법","12시간 이내","범죄발생부터 인지까지의 기간[건]","건","","1","2","10","","","","","","","","","",
"노동쟁의조정법","24시간 이내","범죄발생부터 인지까지의 기간[건]","건","","10","2","1","","","","","","","","","",
"노동쟁의조정법","2일 이내","범죄발생부터 인지까지의 기간[건]","건","","5","2","1","3","","","","","","","","",
"노동쟁의조정법","5일 이내","범죄발생부터 인지까지의 기간[건]","건","","11","7","8","3","","","","","","","","",
"노동쟁의조정법","10일 이내","범죄발생부터 인지까지의 기간[건]","건","","29","7","4","2","","","","","","","","",
"노동쟁의조정법","1개월 이내","범죄발생부터 인지까지의 기간[건]","건","","4","13","7","7","","","","","","","","",
"노동쟁의조정법","3개월 이내","범죄발생부터 인지까지의 기간[건]","건","","9","13","21","17","","1","","","","","","",
"노동쟁의조정법","3개월 초과","범죄발생부터 인지까지의 기간[건]","건","","7","10","14","3","","","","","","","","",
"노동조합및노동관계조정법","합계","범죄발생부터 인지까지의 기간[건]","건","","292","316","342","149","22","12","","","643","359","484","633",
"노동조합및노동관계조정법","1시간 이내","범죄발생부터 인지까지의 기간[건]","건","","14","25","24","13","","","","","125","54","28","34",
"노동조합및노동관계조정법","2시간 이내","범죄발생부터 인지까지의 기간[건]","건","","","2","","1","","","","","3","1","2","-",
"노동조합및노동관계조정법","5시간 이내","범죄발생부터 인지까지의 기간[건]","건","","3","7","2","","","","","","4","3","2","2",
"노동조합및노동관계조정법","12시간 이내","범죄발생부터 인지까지의 기간[건]","건","","4","5","3","1","","","","","3","6","3","4",
"노동조합및노동관계조정법","24시간 이내","범죄발생부터 인지까지의 기간[건]","건","","7","8","15","3","","1","","","13","3","15","21",
"노동조합및노동관계조정법","2일 이내","범죄발생부터 인지까지의 기간[건]","건","","16","13","8","5","1","","","","17","12","17","18",
"노동조합및노동관계조정법","5일 이내","범죄발생부터 인지까지의 기간[건]","건","","25","17","38","11","3","1","","","38","24","33","34",
"노동조합및노동관계조정법","10일 이내","범죄발생부터 인지까지의 기간[건]","건","","19","27","29","11","","","","","67","53","51","61",
"노동조합및노동관계조정법","1개월 이내","범죄발생부터 인지까지의 기간[건]","건","","74","61","70","25","6","3","","","103","58","155","163",
"노동조합및노동관계조정법","3개월 이내","범죄발생부터 인지까지의 기간[건]","건","","68","86","79","39","2","","","","117","74","77","137",
"노동조합및노동관계조정법","3개월 초과","범죄발생부터 인지까지의 기간[건]","건","","62","65","74","40","10","7","","","153","71","101","159",
"노동조합법","합계","범죄발생부터 인지까지의 기간[건]","건","","","","","","","","19","9","","","","",
"노동조합법","1시간 이내","범죄발생부터 인지까지의 기간[건]","건","","","","","","","","2","-","","","","",
"노동조합법","2시간 이내","범죄발생부터 인지까지의 기간[건]","건","","","","","","","","-","-","","","","",
"노동조합법","5시간 이내","범죄발생부터 인지까지의 기간[건]","건","","","","","","","","-","-","","","","",
"노동조합법","12시간 이내","범죄발생부터 인지까지의 기간[건]","건","","","","","","","","1","-","","","","",
"노동조합법","24시간 이내","범죄발생부터 인지까지의 기간[건]","건","","","","","","","","-","-","","","","",
"노동조합법","2일 이내","범죄발생부터 인지까지의 기간[건]","건","","","","","","","","-","1","","","","",
"노동조합법","5일 이내","범죄발생부터 인지까지의 기간[건]","건","","","","","","","","4","-","","","","",
"노동조합법","10일 이내","범죄발생부터 인지까지의 기간[건]","건","","","","","","","","4","2","","","","",
"노동조합법","1개월 이내","범죄발생부터 인지까지의 기간[건]","건","","","","","","","","2","3","","","","",
"노동조합법","3개월 이내","범죄발생부터 인지까지의 기간[건]","건","","","","","","","","5","1","","","","",
"노동조합법","3개월 초과","범죄발생부터 인지까지의 기간[건]","건","","","","","","","","1","2","","","","",
"농산물품질관리법","합계","범죄발생부터 인지까지의 기간[건]","건","","","","","","","","","","3649","2823","3011","1931",
"농산물품질관리법","1시간 이내","범죄발생부터 인지까지의 기간[건]","건","","","","","","","","","","890","589","407","304",
"농산물품질관리법","2시간 이내","범죄발생부터 인지까지의 기간[건]","건","","","","","","","","","","100","50","47","38",
"농산물품질관리법","5시간 이내","범죄발생부터 인지까지의 기간[건]","건","","","","","","","","","","69","50","71","39",
"농산물품질관리법","12시간 이내","범죄발생부터 인지까지의 기간[건]","건","","","","","","","","","","29","17","36","16",
"농산물품질관리법","24시간 이내","범죄발생부터 인지까지의 기간[건]","건","","","","","","","","","","245","191","509","313",
"농산물품질관리법","2일 이내","범죄발생부터 인지까지의 기간[건]","건","","","","","","","","","","269","198","238","174",
"농산물품질관리법","5일 이내","범죄발생부터 인지까지의 기간[건]","건","","","","","","","","","","489","399","334","272",
"농산물품질관리법","10일 이내","범죄발생부터 인지까지의 기간[건]","건","","","","","","","","","","395","328","270","224",
"농산물품질관리법","1개월 이내","범죄발생부터 인지까지의 기간[건]","건","","","","","","","","","","670","548","599","362",
"농산물품질관리법","3개월 이내","범죄발생부터 인지까지의 기간[건]","건","","","","","","","","","","379","320","132","104",
"농산물품질관리법","3개월 초과","범죄발생부터 인지까지의 기간[건]","건","","","","","","","","","","114","133","368","85",
"농수산물유통및가격안정에관한법률","합계","범죄발생부터 인지까지의 기간[건]","건","","77","16","31","56","79","39","78","129","67","356","70","91",
"농수산물유통및가격안정에관한법률","1시간 이내","범죄발생부터 인지까지의 기간[건]","건","","","1","1","","2","","8","-","-","-","-","1",
"농수산물유통및가격안정에관한법률","2시간 이내","범죄발생부터 인지까지의 기간[건]","건","","","","","","","","-","-","-","-","-","-",
"농수산물유통및가격안정에관한법률","5시간 이내","범죄발생부터 인지까지의 기간[건]","건","","","","","","","","1","-","-","-","-","-",
"농수산물유통및가격안정에관한법률","12시간 이내","범죄발생부터 인지까지의 기간[건]","건","","1","","","","","","-","-","-","-","-","-",
"농수산물유통및가격안정에관한법률","24시간 이내","범죄발생부터 인지까지의 기간[건]","건","","","","","","","","-","-","-","2","-","1",
"농수산물유통및가격안정에관한법률","2일 이내","범죄발생부터 인지까지의 기간[건]","건","","","","","2","","1","1","-","1","2","-","-",
"농수산물유통및가격안정에관한법률","5일 이내","범죄발생부터 인지까지의 기간[건]","건","","1","2","2","3","4","1","3","-","8","12","-","1",
"농수산물유통및가격안정에관한법률","10일 이내","범죄발생부터 인지까지의 기간[건]","건","","7","3","6","7","5","6","4","-","5","13","-","1",
"농수산물유통및가격안정에관한법률","1개월 이내","범죄발생부터 인지까지의 기간[건]","건","","30","3","6","25","31","17","21","9","25","46","2","14",
"농수산물유통및가격안정에관한법률","3개월 이내","범죄발생부터 인지까지의 기간[건]","건","","14","3","9","11","24","10","21","4","15","37","2","5",
"농수산물유통및가격안정에관한법률","3개월 초과","범죄발생부터 인지까지의 기간[건]","건","","24","4","7","8","13","4","19","116","13","244","66","68",
"농어촌발전특별조치법","합계","범죄발생부터 인지까지의 기간[건]","건","","167","124","35","6","1","2","-","-","","","","",
"농어촌발전특별조치법","1시간 이내","범죄발생부터 인지까지의 기간[건]","건","","","","2","","","","-","-","","","","",
"농어촌발전특별조치법","2시간 이내","범죄발생부터 인지까지의 기간[건]","건","","","","","","","","-","-","","","","",
"농어촌발전특별조치법","5시간 이내","범죄발생부터 인지까지의 기간[건]","건","","","","","","","","-","-","","","","",
"농어촌발전특별조치법","12시간 이내","범죄발생부터 인지까지의 기간[건]","건","","","1","","","","","-","-","","","","",
"농어촌발전특별조치법","24시간 이내","범죄발생부터 인지까지의 기간[건]","건","","","","","","","","-","-","","","","",
"농어촌발전특별조치법","2일 이내","범죄발생부터 인지까지의 기간[건]","건","","","","","","","","-","-","","","","",
"농어촌발전특별조치법","5일 이내","범죄발생부터 인지까지의 기간[건]","건","","1","2","","","","","-","-","","","","",
"농어촌발전특별조치법","10일 이내","범죄발생부터 인지까지의 기간[건]","건","","3","","","","","","-","-","","","","",
"농어촌발전특별조치법","1개월 이내","범죄발생부터 인지까지의 기간[건]","건","","8","7","","","","","-","-","","","","",
"농어촌발전특별조치법","3개월 이내","범죄발생부터 인지까지의 기간[건]","건","","32","22","2","","","","-","-","","","","",
"농어촌발전특별조치법","3개월 초과","범죄발생부터 인지까지의 기간[건]","건","","123","92","31","6","1","2","-","-","","","","",
"농업협동조합법","합계","범죄발생부터 인지까지의 기간[건]","건","","118","10","16","60","61","35","36","109","251","70","57","156",
"농업협동조합법","1시간 이내","범죄발생부터 인지까지의 기간[건]","건","","1","","","","","","-","6","6","1","-","2",
"농업협동조합법","2시간 이내","범죄발생부터 인지까지의 기간[건]","건","","","","","","","","-","-","-","-","-","-",
"농업협동조합법","5시간 이내","범죄발생부터 인지까지의 기간[건]","건","","","","","","","","-","-","-","1","-","-",
"농업협동조합법","12시간 이내","범죄발생부터 인지까지의 기간[건]","건","","","","","","","","-","-","1","-","-","-",
"농업협동조합법","24시간 이내","범죄발생부터 인지까지의 기간[건]","건","","","","","","1","2","-","1","2","1","-","4",
"농업협동조합법","2일 이내","범죄발생부터 인지까지의 기간[건]","건","","1","","","","1","","2","4","-","-","-","1",
"농업협동조합법","5일 이내","범죄발생부터 인지까지의 기간[건]","건","","7","1","","1","2","1","-","6","5","3","-","6",
"농업협동조합법","10일 이내","범죄발생부터 인지까지의 기간[건]","건","","10","","1","4","6","","-","7","7","1","-","6",
"농업협동조합법","1개월 이내","범죄발생부터 인지까지의 기간[건]","건","","22","1","1","18","10","1","4","36","32","4","2","34",
"농업협동조합법","3개월 이내","범죄발생부터 인지까지의 기간[건]","건","","48","","6","20","19","14","10","28","126","23","1","55",
"농업협동조합법","3개월 초과","범죄발생부터 인지까지의 기간[건]","건","","29","8","8","17","22","17","20","21","72","36","54","48",
"농지법","합계","범죄발생부터 인지까지의 기간[건]","건","","678","638","288","72","28","9","","","1490","2417","1539","1365",
"농지법","1시간 이내","범죄발생부터 인지까지의 기간[건]","건","","5","4","63","1","","","","","216","86","3","20",
"농지법","2시간 이내","범죄발생부터 인지까지의 기간[건]","건","","","","","","","","","","-","-","-","-",
"농지법","5시간 이내","범죄발생부터 인지까지의 기간[건]","건","","2","","","","","","","","1","-","-","-",
"농지법","12시간 이내","범죄발생부터 인지까지의 기간[건]","건","","","2","","","","","","","1","-","1","-",
"농지법","24시간 이내","범죄발생부터 인지까지의 기간[건]","건","","2","1","","","","","","","27","3","3","5",
"농지법","2일 이내","범죄발생부터 인지까지의 기간[건]","건","","4","3","1","1","","","","","3","3","1","3",
"농지법","5일 이내","범죄발생부터 인지까지의 기간[건]","건","","10","8","4","1","2","1","","","23","14","-","18",
"농지법","10일 이내","범죄발생부터 인지까지의 기간[건]","건","","38","22","6","","2","","","","20","25","2","40",
"농지법","1개월 이내","범죄발생부터 인지까지의 기간[건]","건","","73","59","16","2","2","","","","96","293","30","86",
"농지법","3개월 이내","범죄발생부터 인지까지의 기간[건]","건","","114","140","28","8","7","1","","","273","1057","36","195",
"농지법","3개월 초과","범죄발생부터 인지까지의 기간[건]","건","","430","399","170","59","15","7","","","830","936","1463","998",
"농지의보전및이용에관한법률","합계","범죄발생부터 인지까지의 기간[건]","건","","","","","","","","5","1","","","","",
"농지의보전및이용에관한법률","1시간 이내","범죄발생부터 인지까지의 기간[건]","건","","","","","","","","-","-","","","","",
"농지의보전및이용에관한법률","2시간 이내","범죄발생부터 인지까지의 기간[건]","건","","","","","","","","-","-","","","","",
"농지의보전및이용에관한법률","5시간 이내","범죄발생부터 인지까지의 기간[건]","건","","","","","","","","-","-","","","","",
"농지의보전및이용에관한법률","12시간 이내","범죄발생부터 인지까지의 기간[건]","건","","","","","","","","-","-","","","","",
"농지의보전및이용에관한법률","24시간 이내","범죄발생부터 인지까지의 기간[건]","건","","","","","","","","-","-","","","","",
"농지의보전및이용에관한법률","2일 이내","범죄발생부터 인지까지의 기간[건]","건","","","","","","","","-","-","","","","",
"농지의보전및이용에관한법률","5일 이내","범죄발생부터 인지까지의 기간[건]","건","","","","","","","","-","-","","","","",
"농지의보전및이용에관한법률","10일 이내","범죄발생부터 인지까지의 기간[건]","건","","","","","","","","1","-","","","","",
"농지의보전및이용에관한법률","1개월 이내","범죄발생부터 인지까지의 기간[건]","건","","","","","","","","-","-","","","","",
"농지의보전및이용에관한법률","3개월 이내","범죄발생부터 인지까지의 기간[건]","건","","","","","","","","1","-","","","","",
"농지의보전및이용에관한법률","3개월 초과","범죄발생부터 인지까지의 기간[건]","건","","","","","","","","3","1","","","","",
"담배사업법","합계","범죄발생부터 인지까지의 기간[건]","건","216","358","882","843","946","652","658","722","692","655","372","412","458",
"담배사업법","1시간 이내","범죄발생부터 인지까지의 기간[건]","건","17","14","35","19","29","24","32","46","56","85","79","4","99",
"담배사업법","2시간 이내","범죄발생부터 인지까지의 기간[건]","건","","5","1","2","","3","2","2","4","10","10","-","9",
"담배사업법","5시간 이내","범죄발생부터 인지까지의 기간[건]","건","","","","1","2","","","2","1","7","9","1","8",
"담배사업법","12시간 이내","범죄발생부터 인지까지의 기간[건]","건","2","2","","1","2","","2","4","3","5","-","-","9",
"담배사업법","24시간 이내","범죄발생부터 인지까지의 기간[건]","건","3","6","9","12","11","16","9","17","14","12","13","-","28",
"담배사업법","2일 이내","범죄발생부터 인지까지의 기간[건]","건","6","25","27","24","33","14","17","41","18","17","14","-","18",
"담배사업법","5일 이내","범죄발생부터 인지까지의 기간[건]","건","17","38","92","87","113","71","48","82","74","74","31","1","26",
"담배사업법","10일 이내","범죄발생부터 인지까지의 기간[건]","건","21","58","120","93","93","68","67","124","116","72","34","2","50",
"담배사업법","30일 이내","범죄발생부터 인지까지의 기간[건]","건","68","","","","","","","","","","","","",
"담배사업법","90일 이내","범죄발생부터 인지까지의 기간[건]","건","33","","","","","","","","","","","","",
"담배사업법","90일 이상","범죄발생부터 인지까지의 기간[건]","건","49","","","","","","","","","","","","",
"담배사업법","1개월 이내","범죄발생부터 인지까지의 기간[건]","건","","69","193","210","245","140","163","162","163","157","67","5","55",
"담배사업법","3개월 이내","범죄발생부터 인지까지의 기간[건]","건","","82","177","182","196","160","165","118","128","100","70","2","74",
"담배사업법","3개월 초과","범죄발생부터 인지까지의 기간[건]","건","","59","228","212","222","156","153","124","115","116","45","397","82",
"대기환경보전법","합계","범죄발생부터 인지까지의 기간[건]","건","1894","2652","2717","2934","2046","2067","2205","5716","5290","5497","3933","3799","3418",
"대기환경보전법","1시간 이내","범죄발생부터 인지까지의 기간[건]","건","43","43","70","180","39","45","81","718","583","745","556","79","205",
"대기환경보전법","2시간 이내","범죄발생부터 인지까지의 기간[건]","건","5","7","9","4","2","5","8","37","26","15","12","3","25",
"대기환경보전법","5시간 이내","범죄발생부터 인지까지의 기간[건]","건","1","2","9","2","5","4","13","23","32","21","8","2","22",
"대기환경보전법","12시간 이내","범죄발생부터 인지까지의 기간[건]","건","","5","1","7","4","8","17","28","17","7","10","3","24",
"대기환경보전법","24시간 이내","범죄발생부터 인지까지의 기간[건]","건","28","27","48","40","22","15","34","238","144","96","45","9","61",
"대기환경보전법","2일 이내","범죄발생부터 인지까지의 기간[건]","건","25","37","33","20","23","31","41","132","90","56","33","3","18",
"대기환경보전법","5일 이내","범죄발생부터 인지까지의 기간[건]","건","154","193","145","136","108","80","125","251","294","160","127","18","58",
"대기환경보전법","10일 이내","범죄발생부터 인지까지의 기간[건]","건","200","353","311","239","235","140","210","316","418","363","331","62","136",
"대기환경보전법","30일 이내","범죄발생부터 인지까지의 기간[건]","건","373","","","","","","","","","","","","",
"대기환경보전법","90일 이내","범죄발생부터 인지까지의 기간[건]","건","309","","","","","","","","","","","","",
"대기환경보전법","90일 이상","범죄발생부터 인지까지의 기간[건]","건","756","","","","","","","","","","","","",
"대기환경보전법","1개월 이내","범죄발생부터 인지까지의 기간[건]","건","","655","733","567","452","337","397","797","1019","785","644","406","436",
"대기환경보전법","3개월 이내","범죄발생부터 인지까지의 기간[건]","건","","532","543","679","482","427","383","822","938","1013","745","409","703",
"대기환경보전법","3개월 초과","범죄발생부터 인지까지의 기간[건]","건","","798","815","1060","674","975","896","2354","1729","2236","1422","2805","1730",
"대외무역법","합계","범죄발생부터 인지까지의 기간[건]","건","","365","81","61","51","30","119","229","486","495","446","365","372",
"대외무역법","1시간 이내","범죄발생부터 인지까지의 기간[건]","건","","59","13","4","3","2","9","10","47","153","119","47","32",
"대외무역법","2시간 이내","범죄발생부터 인지까지의 기간[건]","건","","3","","","","","2","1","3","-","-","2","-",
"대외무역법","5시간 이내","범죄발생부터 인지까지의 기간[건]","건","","","","1","","","1","2","4","-","1","4","3",
"대외무역법","12시간 이내","범죄발생부터 인지까지의 기간[건]","건","","4","1","2","","","","4","3","2","2","10","8",
"대외무역법","24시간 이내","범죄발생부터 인지까지의 기간[건]","건","","23","7","5","5","","3","5","15","3","9","25","19",
"대외무역법","2일 이내","범죄발생부터 인지까지의 기간[건]","건","","26","1","3","1","","7","22","31","26","34","19","16",
"대외무역법","5일 이내","범죄발생부터 인지까지의 기간[건]","건","","31","3","4","5","","12","39","84","117","87","30","32",
"대외무역법","10일 이내","범죄발생부터 인지까지의 기간[건]","건","","29","2","2","2","5","10","29","116","92","59","38","53",
"대외무역법","1개월 이내","범죄발생부터 인지까지의 기간[건]","건","","50","6","3","1","7","22","48","95","52","49","42","43",
"대외무역법","3개월 이내","범죄발생부터 인지까지의 기간[건]","건","","73","20","7","3","1","21","27","32","15","29","15","66",
"대외무역법","3개월 초과","범죄발생부터 인지까지의 기간[건]","건","","67","28","30","31","15","32","42","56","35","57","133","100",
"도로교통법","합계","범죄발생부터 인지까지의 기간[건]","건","258698","233376","263203","307873","427548","474034","388436","362308","395571","382311","323594","66132","74121",
"도로교통법","1시간 이내","범죄발생부터 인지까지의 기간[건]","건","104023","79462","99349","120507","195414","230648","181650","16953","205830","228224","191906","699","41930",
"도로교통법","2시간 이내","범죄발생부터 인지까지의 기간[건]","건","9575","25471","27543","29172","32129","34560","28960","23230","22832","18127","16359","83","1718",
"도로교통법","5시간 이내","범죄발생부터 인지까지의 기간[건]","건","6161","10965","11499","11709","14325","14152","11935","7979","7960","6636","4811","39","1060",
"도로교통법","12시간 이내","범죄발생부터 인지까지의 기간[건]","건","","5459","5750","5335","7100","7748","6584","5431","4700","3584","2434","22","1180",
"도로교통법","24시간 이내","범죄발생부터 인지까지의 기간[건]","건","29299","19490","22272","29316","45842","46844","35026","33246","34392","27096","24372","31","1937",
"도로교통법","2일 이내","범죄발생부터 인지까지의 기간[건]","건","17113","13763","13441","15950","22114","27499","20748","16894","16480","16285","12466","22","1441",
"도로교통법","5일 이내","범죄발생부터 인지까지의 기간[건]","건","","22357","26791","30643","35830","42987","34797","3227","30432","24676","18691","75","3767",
"도로교통법","10일 이내","범죄발생부터 인지까지의 기간[건]","건","17505","17774","18603","22495","25897","24949","22714","23594","24438","18206","14342","70","4423",
"도로교통법","30일 이내","범죄발생부터 인지까지의 기간[건]","건","26735","","","","","","","","","","","","",
"도로교통법","90일 이내","범죄발생부터 인지까지의 기간[건]","건","10226","","","","","","","","","","","","",
"도로교통법","90일 이상","범죄발생부터 인지까지의 기간[건]","건","7027","","","","","","","","","","","","",
"도로교통법","1개월 이내","범죄발생부터 인지까지의 기간[건]","건","","24371","23996","28304","32588","29334","29712","31353","29440","24754","23831","200","8145",
"도로교통법","3개월 이내","범죄발생부터 인지까지의 기간[건]","건","","10362","9631","11018","11856","11010","12508","14132","12207","10068","10670","127","5412",
"도로교통법","3개월 초과","범죄발생부터 인지까지의 기간[건]","건","","3902","4328","3424","4453","4303","3802","4642","6860","4655","3712","64764","3108",
"도로교통법(무면허운전)","합계","범죄발생부터 인지까지의 기간[건]","건","","","","","","","","4980","26159","44598","37740","103103","76550",
"도로교통법(무면허운전)","1시간 이내","범죄발생부터 인지까지의 기간[건]","건","","","","","","","","2157","11684","21671","19251","890","51061",
"도로교통법(무면허운전)","2시간 이내","범죄발생부터 인지까지의 기간[건]","건","","","","","","","","196","901","1535","1812","42","1545",
"도로교통법(무면허운전)","5시간 이내","범죄발생부터 인지까지의 기간[건]","건","","","","","","","","279","581","839","983","31","965",
"도로교통법(무면허운전)","12시간 이내","범죄발생부터 인지까지의 기간[건]","건","","","","","","","","437","637","792","489","14","2018",
"도로교통법(무면허운전)","24시간 이내","범죄발생부터 인지까지의 기간[건]","건","","","","","","","","463","3052","5803","4023","34","3843",
"도로교통법(무면허운전)","2일 이내","범죄발생부터 인지까지의 기간[건]","건","","","","","","","","408","1559","2036","1784","61","2643",
"도로교통법(무면허운전)","5일 이내","범죄발생부터 인지까지의 기간[건]","건","","","","","","","","393","2839","4023","3024","85","5398",
"도로교통법(무면허운전)","10일 이내","범죄발생부터 인지까지의 기간[건]","건","","","","","","","","219","2023","2978","2216","61","3613",
"도로교통법(무면허운전)","1개월 이내","범죄발생부터 인지까지의 기간[건]","건","","","","","","","","215","1942","2911","2355","108","2984",
"도로교통법(무면허운전)","3개월 이내","범죄발생부터 인지까지의 기간[건]","건","","","","","","","","128","607","1214","1240","109","1453",
"도로교통법(무면허운전)","3개월 초과","범죄발생부터 인지까지의 기간[건]","건","","","","","","","","85","334","796","563","101668","1027",
"도로교통법(음주운전)","합계","범죄발생부터 인지까지의 기간[건]","건","","","","","","","","40769","80133","133364","191589","446901","330575",
"도로교통법(음주운전)","1시간 이내","범죄발생부터 인지까지의 기간[건]","건","","","","","","","","18955","39958","71653","107070","3836","226553",
"도로교통법(음주운전)","2시간 이내","범죄발생부터 인지까지의 기간[건]","건","","","","","","","","3124","3312","4725","8756","186","6064",
"도로교통법(음주운전)","5시간 이내","범죄발생부터 인지까지의 기간[건]","건","","","","","","","","623","1060","1601","2566","79","3858",
"도로교통법(음주운전)","12시간 이내","범죄발생부터 인지까지의 기간[건]","건","","","","","","","","876","1491","2066","1701","38","5372",
"도로교통법(음주운전)","24시간 이내","범죄발생부터 인지까지의 기간[건]","건","","","","","","","","2593","7128","16956","20019","98","10689",
"도로교통법(음주운전)","2일 이내","범죄발생부터 인지까지의 기간[건]","건","","","","","","","","3040","4348","5193","7523","141","9946",
"도로교통법(음주운전)","5일 이내","범죄발생부터 인지까지의 기간[건]","건","","","","","","","","4011","7507","10595","15759","296","23315",
"도로교통법(음주운전)","10일 이내","범죄발생부터 인지까지의 기간[건]","건","","","","","","","","2558","6562","8374","11156","255","17792",
"도로교통법(음주운전)","1개월 이내","범죄발생부터 인지까지의 기간[건]","건","","","","","","","","4210","7211","9672","13557","347","20541",
"도로교통법(음주운전)","3개월 이내","범죄발생부터 인지까지의 기간[건]","건","","","","","","","","633","1299","2062","3034","161","4546",
"도로교통법(음주운전)","3개월 초과","범죄발생부터 인지까지의 기간[건]","건","","","","","","","","146","257","467","448","441464","1899",
"도로교통법(음주측정거부)","합계","범죄발생부터 인지까지의 기간[건]","건","","","","","","","","366","689","1171","1727","5453","4117",
"도로교통법(음주측정거부)","1시간 이내","범죄발생부터 인지까지의 기간[건]","건","","","","","","","","170","264","474","788","49","2652",
"도로교통법(음주측정거부)","2시간 이내","범죄발생부터 인지까지의 기간[건]","건","","","","","","","","28","26","39","76","3","127",
"도로교통법(음주측정거부)","5시간 이내","범죄발생부터 인지까지의 기간[건]","건","","","","","","","","10","15","16","36","2","107",
"도로교통법(음주측정거부)","12시간 이내","범죄발생부터 인지까지의 기간[건]","건","","","","","","","","10","9","17","21","1","114",
"도로교통법(음주측정거부)","24시간 이내","범죄발생부터 인지까지의 기간[건]","건","","","","","","","","26","73","216","240","5","142",
"도로교통법(음주측정거부)","2일 이내","범죄발생부터 인지까지의 기간[건]","건","","","","","","","","17","46","42","70","1","133",
"도로교통법(음주측정거부)","5일 이내","범죄발생부터 인지까지의 기간[건]","건","","","","","","","","40","84","118","150","5","276",
"도로교통법(음주측정거부)","10일 이내","범죄발생부터 인지까지의 기간[건]","건","","","","","","","","21","71","95","134","6","246",
"도로교통법(음주측정거부)","1개월 이내","범죄발생부터 인지까지의 기간[건]","건","","","","","","","","25","78","110","165","3","210",
"도로교통법(음주측정거부)","3개월 이내","범죄발생부터 인지까지의 기간[건]","건","","","","","","","","8","18","29","39","-","67",
"도로교통법(음주측정거부)","3개월 초과","범죄발생부터 인지까지의 기간[건]","건","","","","","","","","11","5","15","8","5378","43",
"도로법","합계","범죄발생부터 인지까지의 기간[건]","건","41786","40166","21276","22750","24345","18754","26636","32499","32464","46693","46089","48217","43825",
"도로법","1시간 이내","범죄발생부터 인지까지의 기간[건]","건","443","611","501","680","638","524","1073","1932","1030","3457","2618","997","1342",
"도로법","2시간 이내","범죄발생부터 인지까지의 기간[건]","건","20","111","84","86","94","87","158","279","183","91","93","228","379",
"도로법","5시간 이내","범죄발생부터 인지까지의 기간[건]","건","41","87","66","43","97","96","266","399","295","372","235","356","558",
"도로법","12시간 이내","범죄발생부터 인지까지의 기간[건]","건","42","68","42","57","162","167","403","470","595","490","257","383","419",
"도로법","24시간 이내","범죄발생부터 인지까지의 기간[건]","건","153","189","143","308","533","373","673","1092","918","895","652","1888","2540",
"도로법","2일 이내","범죄발생부터 인지까지의 기간[건]","건","115","131","109","330","467","415","858","1324","1087","1780","1041","436","1114",
"도로법","5일 이내","범죄발생부터 인지까지의 기간[건]","건","","836","541","1057","1772","1788","2255","2697","2117","2375","1841","942","1801",
"도로법","10일 이내","범죄발생부터 인지까지의 기간[건]","건","2972","4008","1590","2415","2589","2213","3685","4445","4687","5929","6387","1454","4898",
"도로법","30일 이내","범죄발생부터 인지까지의 기간[건]","건","12085","","","","","","","","","","","","",
"도로법","90일 이내","범죄발생부터 인지까지의 기간[건]","건","14906","","","","","","","","","","","","",
"도로법","90일 이상","범죄발생부터 인지까지의 기간[건]","건","9654","","","","","","","","","","","","",
"도로법","1개월 이내","범죄발생부터 인지까지의 기간[건]","건","","14122","6602","7378","7441","5317","8474","9861","11716","15800","20650","3971","19567",
"도로법","3개월 이내","범죄발생부터 인지까지의 기간[건]","건","","14349","7392","6966","6827","4870","5622","7051","6461","9726","9573","1358","8334",
"도로법","3개월 초과","범죄발생부터 인지까지의 기간[건]","건","","5654","4206","3430","3725","2904","3169","2949","3375","5778","2742","36204","2873",
"도시계획법","합계","범죄발생부터 인지까지의 기간[건]","건","2353","1743","2073","2256","2572","1916","1858","2338","1179","1236","517","8","",
"도시계획법","1시간 이내","범죄발생부터 인지까지의 기간[건]","건","51","16","68","31","21","27","52","59","75","156","62","-","",
"도시계획법","2시간 이내","범죄발생부터 인지까지의 기간[건]","건","7","","1","2","1","","","1","-","-","-","-","",
"도시계획법","5시간 이내","범죄발생부터 인지까지의 기간[건]","건","2","2","1","","","","","-","-","-","-","-","",
"도시계획법","12시간 이내","범죄발생부터 인지까지의 기간[건]","건","4","1","1","1","","2","1","-","-","-","-","-","",
"도시계획법","24시간 이내","범죄발생부터 인지까지의 기간[건]","건","24","4","28","15","28","17","7","19","19","22","3","-","",
"도시계획법","2일 이내","범죄발생부터 인지까지의 기간[건]","건","16","28","24","16","17","17","10","16","10","5","1","-","",
"도시계획법","5일 이내","범죄발생부터 인지까지의 기간[건]","건","154","36","49","44","49","23","30","31","36","24","1","-","",
"도시계획법","10일 이내","범죄발생부터 인지까지의 기간[건]","건","","62","96","86","69","48","42","57","27","36","7","-","",
"도시계획법","30일 이내","범죄발생부터 인지까지의 기간[건]","건","283","","","","","","","","","","","","",
"도시계획법","90일 이내","범죄발생부터 인지까지의 기간[건]","건","401","","","","","","","","","","","","",
"도시계획법","90일 이상","범죄발생부터 인지까지의 기간[건]","건","1299","","","","","","","","","","","","",
"도시계획법","1개월 이내","범죄발생부터 인지까지의 기간[건]","건","","229","243","251","214","161","153","161","114","90","19","1","",
"도시계획법","3개월 이내","범죄발생부터 인지까지의 기간[건]","건","","349","433","452","554","323","390","443","193","217","60","-","",
"도시계획법","3개월 초과","범죄발생부터 인지까지의 기간[건]","건","","1016","1129","1358","1619","1298","1173","1551","705","686","364","7","",
"도시공원법","합계","범죄발생부터 인지까지의 기간[건]","건","","149","182","169","135","141","116","167","158","179","190","224","226",
"도시공원법","1시간 이내","범죄발생부터 인지까지의 기간[건]","건","","","2","3","2","6","4","2","5","2","-","2","6",
"도시공원법","2시간 이내","범죄발생부터 인지까지의 기간[건]","건","","","","","","","1","-","-","-","-","-","-",
"도시공원법","5시간 이내","범죄발생부터 인지까지의 기간[건]","건","","","","","","","","-","-","-","-","-","1",
"도시공원법","12시간 이내","범죄발생부터 인지까지의 기간[건]","건","","","","","1","","","-","-","-","-","-","2",
"도시공원법","24시간 이내","범죄발생부터 인지까지의 기간[건]","건","","6","3","4","1","2","","5","2","2","2","-","3",
"도시공원법","2일 이내","범죄발생부터 인지까지의 기간[건]","건","","3","2","2","","","1","2","1","-","1","-","-",
"도시공원법","5일 이내","범죄발생부터 인지까지의 기간[건]","건","","5","7","5","6","","4","4","5","6","9","2","6",
"도시공원법","10일 이내","범죄발생부터 인지까지의 기간[건]","건","","3","11","7","11","6","6","13","11","18","8","-","10",
"도시공원법","1개월 이내","범죄발생부터 인지까지의 기간[건]","건","","19","30","15","17","19","16","24","24","26","34","5","37",
"도시공원법","3개월 이내","범죄발생부터 인지까지의 기간[건]","건","","47","46","30","30","28","16","29","32","37","31","6","51",
"도시공원법","3개월 초과","범죄발생부터 인지까지의 기간[건]","건","","66","81","103","67","80","68","88","78","88","105","209","110",
"독점규제및공정거래에관한법률","합계","범죄발생부터 인지까지의 기간[건]","건","","","","","","","","","","7","5","7","14",
"독점규제및공정거래에관한법률","1시간 이내","범죄발생부터 인지까지의 기간[건]","건","","","","","","","","","","-","-","-","3",
"독점규제및공정거래에관한법률","2시간 이내","범죄발생부터 인지까지의 기간[건]","건","","","","","","","","","","-","-","-","-",
"독점규제및공정거래에관한법률","5시간 이내","범죄발생부터 인지까지의 기간[건]","건","","","","","","","","","","-","-","-","1",
"독점규제및공정거래에관한법률","12시간 이내","범죄발생부터 인지까지의 기간[건]","건","","","","","","","","","","-","-","-","-",
"독점규제및공정거래에관한법률","24시간 이내","범죄발생부터 인지까지의 기간[건]","건","","","","","","","","","","-","-","-","-",
"독점규제및공정거래에관한법률","2일 이내","범죄발생부터 인지까지의 기간[건]","건","","","","","","","","","","-","-","-","-",
"독점규제및공정거래에관한법률","5일 이내","범죄발생부터 인지까지의 기간[건]","건","","","","","","","","","","-","-","-","-",
"독점규제및공정거래에관한법률","10일 이내","범죄발생부터 인지까지의 기간[건]","건","","","","","","","","","","-","-","-","-",
"독점규제및공정거래에관한법률","1개월 이내","범죄발생부터 인지까지의 기간[건]","건","","","","","","","","","","1","-","-","2",
"독점규제및공정거래에관한법률","3개월 이내","범죄발생부터 인지까지의 기간[건]","건","","","","","","","","","","-","1","-","2",
"독점규제및공정거래에관한법률","3개월 초과","범죄발생부터 인지까지의 기간[건]","건","","","","","","","","","","6","4","7","6",
"디자인보호법","합계","범죄발생부터 인지까지의 기간[건]","건","","222","233","204","299","282","380","","","","","309","237",
"디자인보호법","1시간 이내","범죄발생부터 인지까지의 기간[건]","건","","1","","4","7","11","17","","","","","3","5",
"디자인보호법","2시간 이내","범죄발생부터 인지까지의 기간[건]","건","","","","","","","1","","","","","-","-",
"디자인보호법","5시간 이내","범죄발생부터 인지까지의 기간[건]","건","","","","","","","1","","","","","-","-",
"디자인보호법","12시간 이내","범죄발생부터 인지까지의 기간[건]","건","","1","","","1","1","","","","","","-","-",
"디자인보호법","24시간 이내","범죄발생부터 인지까지의 기간[건]","건","","1","2","3","2","5","8","","","","","1","3",
"디자인보호법","2일 이내","범죄발생부터 인지까지의 기간[건]","건","","3","","2","3","1","8","","","","","-","1",
"디자인보호법","5일 이내","범죄발생부터 인지까지의 기간[건]","건","","3","5","1","","2","7","","","","","2","1",
"디자인보호법","10일 이내","범죄발생부터 인지까지의 기간[건]","건","","1","4","3","7","5","6","","","","","-","1",
"디자인보호법","1개월 이내","범죄발생부터 인지까지의 기간[건]","건","","34","26","17","21","22","34","","","","","2","17",
"디자인보호법","3개월 이내","범죄발생부터 인지까지의 기간[건]","건","","57","38","42","54","66","81","","","","","9","50",
"디자인보호법","3개월 초과","범죄발생부터 인지까지의 기간[건]","건","","121","158","132","204","169","217","","","","","292","159",
"마약류관리에관한법률(대마)","합계","범죄발생부터 인지까지의 기간[건]","건","790","719","699","634","618","1124","1431","1712","1235","1483","1222","1023","772",
"마약류관리에관한법률(대마)","1시간 이내","범죄발생부터 인지까지의 기간[건]","건","114","69","59","93","69","79","132","274","122","109","115","12","82",
"마약류관리에관한법률(대마)","2시간 이내","범죄발생부터 인지까지의 기간[건]","건","8","10","13","5","10","19","17","10","10","10","15","-","1",
"마약류관리에관한법률(대마)","5시간 이내","범죄발생부터 인지까지의 기간[건]","건","17","19","17","13","16","25","25","17","18","17","20","1","11",
"마약류관리에관한법률(대마)","12시간 이내","범죄발생부터 인지까지의 기간[건]","건","","26","14","22","11","20","32","26","12","28","24","1","11",
"마약류관리에관한법률(대마)","24시간 이내","범죄발생부터 인지까지의 기간[건]","건","57","32","44","29","44","37","59","64","50","65","74","16","32",
"마약류관리에관한법률(대마)","2일 이내","범죄발생부터 인지까지의 기간[건]","건","47","44","69","37","36","65","95","107","78","75","76","17","33",
"마약류관리에관한법률(대마)","5일 이내","범죄발생부터 인지까지의 기간[건]","건","97","96","95","88","87","167","251","282","220","250","193","35","104",
"마약류관리에관한법률(대마)","10일 이내","범죄발생부터 인지까지의 기간[건]","건","56","62","63","63","68","145","165","230","136","203","152","28","116",
"마약류관리에관한법률(대마)","30일 이내","범죄발생부터 인지까지의 기간[건]","건","98","","","","","","","","","","","","",
"마약류관리에관한법률(대마)","90일 이내","범죄발생부터 인지까지의 기간[건]","건","103","","","","","","","","","","","","",
"마약류관리에관한법률(대마)","90일 이상","범죄발생부터 인지까지의 기간[건]","건","171","","","","","","","","","","","","",
"마약류관리에관한법률(대마)","1개월 이내","범죄발생부터 인지까지의 기간[건]","건","","118","77","90","82","217","178","194","184","239","174","39","109",
"마약류관리에관한법률(대마)","3개월 이내","범죄발생부터 인지까지의 기간[건]","건","","117","65","81","67","137","190","184","156","168","129","27","120",
"마약류관리에관한법률(대마)","3개월 초과","범죄발생부터 인지까지의 기간[건]","건","","126","183","113","128","213","287","324","249","319","250","847","153",
"마약류관리에관한법률(마약)","합계","범죄발생부터 인지까지의 기간[건]","건","3185","1176","987","977","823","723","724","1305","833","982","1201","956","581",
"마약류관리에관한법률(마약)","1시간 이내","범죄발생부터 인지까지의 기간[건]","건","626","113","102","97","37","75","103","238","120","132","246","60","112",
"마약류관리에관한법률(마약)","2시간 이내","범죄발생부터 인지까지의 기간[건]","건","52","10","10","5","6","3","11","9","5","6","22","1","4",
"마약류관리에관한법률(마약)","5시간 이내","범죄발생부터 인지까지의 기간[건]","건","114","20","19","10","13","7","6","18","13","10","13","1","6",
"마약류관리에관한법률(마약)","12시간 이내","범죄발생부터 인지까지의 기간[건]","건","","23","8","9","5","5","11","12","13","17","13","3","19",
"마약류관리에관한법률(마약)","24시간 이내","범죄발생부터 인지까지의 기간[건]","건","395","58","44","35","38","26","34","62","27","60","37","-","19",
"마약류관리에관한법률(마약)","2일 이내","범죄발생부터 인지까지의 기간[건]","건","233","54","36","33","22","13","15","56","31","34","35","2","24",
"마약류관리에관한법률(마약)","5일 이내","범죄발생부터 인지까지의 기간[건]","건","216","31","33","44","27","34","41","83","85","69","80","6","27",
"마약류관리에관한법률(마약)","10일 이내","범죄발생부터 인지까지의 기간[건]","건","128","32","22","25","16","14","15","43","61","59","50","9","19",
"마약류관리에관한법률(마약)","30일 이내","범죄발생부터 인지까지의 기간[건]","건","252","","","","","","","","","","","","",
"마약류관리에관한법률(마약)","90일 이내","범죄발생부터 인지까지의 기간[건]","건","691","","","","","","","","","","","","",
"마약류관리에관한법률(마약)","90일 이상","범죄발생부터 인지까지의 기간[건]","건","369","","","","","","","","","","","","",
"마약류관리에관한법률(마약)","1개월 이내","범죄발생부터 인지까지의 기간[건]","건","","235","104","132","40","139","98","122","87","114","91","73","83",
"마약류관리에관한법률(마약)","3개월 이내","범죄발생부터 인지까지의 기간[건]","건","","400","335","353","355","242","218","257","137","245","199","53","162",
"마약류관리에관한법률(마약)","3개월 초과","범죄발생부터 인지까지의 기간[건]","건","","200","274","234","264","165","172","405","254","236","415","748","106",
"마약류관리에관한법률(향정)","합계","범죄발생부터 인지까지의 기간[건]","건","923","687","1266","1644","2072","3212","4255","4992","5039","5441","2999","3361","3370",
"마약류관리에관한법률(향정)","1시간 이내","범죄발생부터 인지까지의 기간[건]","건","46","34","77","102","172","189","357","583","560","999","446","74","225",
"마약류관리에관한법률(향정)","2시간 이내","범죄발생부터 인지까지의 기간[건]","건","11","12","12","8","22","34","46","39","31","40","18","13","21",
"마약류관리에관한법률(향정)","5시간 이내","범죄발생부터 인지까지의 기간[건]","건","11","7","17","27","27","50","49","53","65","55","16","6","43",
"마약류관리에관한법률(향정)","12시간 이내","범죄발생부터 인지까지의 기간[건]","건","17","12","25","40","44","86","96","90","89","103","49","6","74",
"마약류관리에관한법률(향정)","24시간 이내","범죄발생부터 인지까지의 기간[건]","건","28","29","59","96","108","172","203","195","280","247","98","65","155",
"마약류관리에관한법률(향정)","2일 이내","범죄발생부터 인지까지의 기간[건]","건","40","40","106","130","140","248","276","308","390","371","160","66","194",
"마약류관리에관한법률(향정)","5일 이내","범죄발생부터 인지까지의 기간[건]","건","141","79","204","277","390","692","760","811","878","743","385","123","382",
"마약류관리에관한법률(향정)","10일 이내","범죄발생부터 인지까지의 기간[건]","건","120","56","144","176","264","459","547","503","591","502","259","112","249",
"마약류관리에관한법률(향정)","30일 이내","범죄발생부터 인지까지의 기간[건]","건","145","","","","","","","","","","","","",
"마약류관리에관한법률(향정)","90일 이내","범죄발생부터 인지까지의 기간[건]","건","142","","","","","","","","","","","","",
"마약류관리에관한법률(향정)","90일 이상","범죄발생부터 인지까지의 기간[건]","건","222","","","","","","","","","","","","",
"마약류관리에관한법률(향정)","1개월 이내","범죄발생부터 인지까지의 기간[건]","건","","111","173","208","224","368","466","463","592","543","315","189","345",
"마약류관리에관한법률(향정)","3개월 이내","범죄발생부터 인지까지의 기간[건]","건","","119","163","208","239","308","594","618","648","667","396","183","583",
"마약류관리에관한법률(향정)","3개월 초과","범죄발생부터 인지까지의 기간[건]","건","","188","286","372","442","606","861","1329","915","1171","857","2524","1099",
"마약류불법거래방지에관한특례법","합계","범죄발생부터 인지까지의 기간[건]","건","","","","","","","","","","1","9","31","11",
"마약류불법거래방지에관한특례법","1시간 이내","범죄발생부터 인지까지의 기간[건]","건","","","","","","","","","","-","-","1","1",
"마약류불법거래방지에관한특례법","2시간 이내","범죄발생부터 인지까지의 기간[건]","건","","","","","","","","","","-","-","-","1",
"마약류불법거래방지에관한특례법","5시간 이내","범죄발생부터 인지까지의 기간[건]","건","","","","","","","","","","-","1","-","-",
"마약류불법거래방지에관한특례법","12시간 이내","범죄발생부터 인지까지의 기간[건]","건","","","","","","","","","","-","-","-","-",
"마약류불법거래방지에관한특례법","24시간 이내","범죄발생부터 인지까지의 기간[건]","건","","","","","","","","","","-","-","-","1",
"마약류불법거래방지에관한특례법","2일 이내","범죄발생부터 인지까지의 기간[건]","건","","","","","","","","","","-","-","-","-",
"마약류불법거래방지에관한특례법","5일 이내","범죄발생부터 인지까지의 기간[건]","건","","","","","","","","","","1","-","-","-",
"마약류불법거래방지에관한특례법","10일 이내","범죄발생부터 인지까지의 기간[건]","건","","","","","","","","","","-","-","1","-",
"마약류불법거래방지에관한특례법","1개월 이내","범죄발생부터 인지까지의 기간[건]","건","","","","","","","","","","-","-","10","1",
"마약류불법거래방지에관한특례법","3개월 이내","범죄발생부터 인지까지의 기간[건]","건","","","","","","","","","","-","2","9","-",
"마약류불법거래방지에관한특례법","3개월 초과","범죄발생부터 인지까지의 기간[건]","건","","","","","","","","","","-","6","10","7",
"민방위기본법","합계","범죄발생부터 인지까지의 기간[건]","건","8171","1161","9","2","","","","","","","","","",
"민방위기본법","1시간 이내","범죄발생부터 인지까지의 기간[건]","건","102","21","","","","","","","","","","","",
"민방위기본법","2시간 이내","범죄발생부터 인지까지의 기간[건]","건","5","","","","","","","","","","","","",
"민방위기본법","5시간 이내","범죄발생부터 인지까지의 기간[건]","건","2","","","","","","","","","","","","",
"민방위기본법","12시간 이내","범죄발생부터 인지까지의 기간[건]","건","2","","","","","","","","","","","","",
"민방위기본법","24시간 이내","범죄발생부터 인지까지의 기간[건]","건","27","1","","","","","","","","","","","",
"민방위기본법","2일 이내","범죄발생부터 인지까지의 기간[건]","건","52","5","","","","","","","","","","","",
"민방위기본법","5일 이내","범죄발생부터 인지까지의 기간[건]","건","527","45","","","","","","","","","","","",
"민방위기본법","10일 이내","범죄발생부터 인지까지의 기간[건]","건","495","75","","","","","","","","","","","",
"민방위기본법","30일 이내","범죄발생부터 인지까지의 기간[건]","건","1087","","","","","","","","","","","","",
"민방위기본법","90일 이내","범죄발생부터 인지까지의 기간[건]","건","1510","","","","","","","","","","","","",
"민방위기본법","90일 이상","범죄발생부터 인지까지의 기간[건]","건","4362","","","","","","","","","","","","",
"민방위기본법","1개월 이내","범죄발생부터 인지까지의 기간[건]","건","","197","1","","","","","","","","","","",
"민방위기본법","3개월 이내","범죄발생부터 인지까지의 기간[건]","건","","264","2","","","","","","","","","","",
"민방위기본법","3개월 초과","범죄발생부터 인지까지의 기간[건]","건","","553","6","2","","","","","","","","","",
"민사소송법","합계","범죄발생부터 인지까지의 기간[건]","건","","711","719","808","946","1412","2354","3184","4333","3452","110","58","37",
"민사소송법","1시간 이내","범죄발생부터 인지까지의 기간[건]","건","","5","10","17","1","22","34","48","87","71","5","-","1",
"민사소송법","2시간 이내","범죄발생부터 인지까지의 기간[건]","건","","1","1","","","","","2","2","-","-","-","-",
"민사소송법","5시간 이내","범죄발생부터 인지까지의 기간[건]","건","","1","1","","","","1","-","-","2","-","-","-",
"민사소송법","12시간 이내","범죄발생부터 인지까지의 기간[건]","건","","","","","","2","9","-","-","2","-","-","-",
"민사소송법","24시간 이내","범죄발생부터 인지까지의 기간[건]","건","","2","1","3","2","3","3","12","16","13","-","-","-",
"민사소송법","2일 이내","범죄발생부터 인지까지의 기간[건]","건","","2","","1","3","3","1","3","4","2","-","-","-",
"민사소송법","5일 이내","범죄발생부터 인지까지의 기간[건]","건","","6","7","5","5","2","7","13","22","5","-","-","-",
"민사소송법","10일 이내","범죄발생부터 인지까지의 기간[건]","건","","18","10","9","14","13","26","24","32","23","3","-","-",
"민사소송법","1개월 이내","범죄발생부터 인지까지의 기간[건]","건","","72","97","81","107","126","194","233","314","233","9","3","-",
"민사소송법","3개월 이내","범죄발생부터 인지까지의 기간[건]","건","","190","205","217","270","383","717","944","1262","837","14","1","4",
"민사소송법","3개월 초과","범죄발생부터 인지까지의 기간[건]","건","","414","387","475","544","858","1362","1905","2594","2264","79","54","32",
"밀항단속법","합계","범죄발생부터 인지까지의 기간[건]","건","","74","81","73","76","42","50","280","199","114","92","148","168",
"밀항단속법","1시간 이내","범죄발생부터 인지까지의 기간[건]","건","","","","1","","1","1","66","39","19","9","-","9",
"밀항단속법","2시간 이내","범죄발생부터 인지까지의 기간[건]","건","","","1","","","","","1","-","-","-","-","-",
"밀항단속법","5시간 이내","범죄발생부터 인지까지의 기간[건]","건","","","","","","1","1","2","-","-","-","-","-",
"밀항단속법","12시간 이내","범죄발생부터 인지까지의 기간[건]","건","","","","1","1","1","","-","-","1","1","1","-",
"밀항단속법","24시간 이내","범죄발생부터 인지까지의 기간[건]","건","","3","1","","1","1","","-","5","2","1","-","-",
"밀항단속법","2일 이내","범죄발생부터 인지까지의 기간[건]","건","","1","","","1","1","","5","7","3","-","-","1",
"밀항단속법","5일 이내","범죄발생부터 인지까지의 기간[건]","건","","3","","2","1","1","1","13","11","2","1","-","-",
"밀항단속법","10일 이내","범죄발생부터 인지까지의 기간[건]","건","","2","","6","1","1","4","4","7","2","-","-","-",
"밀항단속법","1개월 이내","범죄발생부터 인지까지의 기간[건]","건","","5","9","6","4","3","2","11","7","6","5","2","4",
"밀항단속법","3개월 이내","범죄발생부터 인지까지의 기간[건]","건","","9","12","7","6","3","2","22","21","8","4","3","10",
"밀항단속법","3개월 초과","범죄발생부터 인지까지의 기간[건]","건","","51","58","50","61","29","39","156","102","71","71","142","144",
"방문판매등에관한법률","합계","범죄발생부터 인지까지의 기간[건]","건","","84","67","533","399","514","222","274","589","818","323","224","274",
"방문판매등에관한법률","1시간 이내","범죄발생부터 인지까지의 기간[건]","건","","1","","9","8","30","6","21","34","66","21","2","5",
"방문판매등에관한법률","2시간 이내","범죄발생부터 인지까지의 기간[건]","건","","","1","","1","3","","2","-","-","1","-","-",
"방문판매등에관한법률","5시간 이내","범죄발생부터 인지까지의 기간[건]","건","","","1","2","","3","","1","1","2","1","-","2",
"방문판매등에관한법률","12시간 이내","범죄발생부터 인지까지의 기간[건]","건","","1","","2","","3","3","1","-","-","1","-","1",
"방문판매등에관한법률","24시간 이내","범죄발생부터 인지까지의 기간[건]","건","","1","","17","1","7","7","4","7","6","2","-","1",
"방문판매등에관한법률","2일 이내","범죄발생부터 인지까지의 기간[건]","건","","1","","9","2","1","1","5","7","2","-","-","-",
"방문판매등에관한법률","5일 이내","범죄발생부터 인지까지의 기간[건]","건","","1","","12","8","11","3","6","16","12","3","-","1",
"방문판매등에관한법률","10일 이내","범죄발생부터 인지까지의 기간[건]","건","","","","14","9","12","13","5","17","14","6","-","9",
"방문판매등에관한법률","1개월 이내","범죄발생부터 인지까지의 기간[건]","건","","3","5","58","34","40","30","24","53","59","20","2","11",
"방문판매등에관한법률","3개월 이내","범죄발생부터 인지까지의 기간[건]","건","","11","9","214","85","126","47","63","108","184","46","4","30",
"방문판매등에관한법률","3개월 초과","범죄발생부터 인지까지의 기간[건]","건","","65","51","196","251","278","112","142","346","473","222","216","214",
"배타적경제수역의외국인어업등에관한법률","합계","범죄발생부터 인지까지의 기간[건]","건","","","","","","","","","","25","96","367","585",
"배타적경제수역의외국인어업등에관한법률","1시간 이내","범죄발생부터 인지까지의 기간[건]","건","","","","","","","","","","3","1","1","250",
"배타적경제수역의외국인어업등에관한법률","2시간 이내","범죄발생부터 인지까지의 기간[건]","건","","","","","","","","","","-","1","-","8",
"배타적경제수역의외국인어업등에관한법률","5시간 이내","범죄발생부터 인지까지의 기간[건]","건","","","","","","","","","","-","2","-","13",
"배타적경제수역의외국인어업등에관한법률","12시간 이내","범죄발생부터 인지까지의 기간[건]","건","","","","","","","","","","4","1","1","11",
"배타적경제수역의외국인어업등에관한법률","24시간 이내","범죄발생부터 인지까지의 기간[건]","건","","","","","","","","","","3","6","-","75",
"배타적경제수역의외국인어업등에관한법률","2일 이내","범죄발생부터 인지까지의 기간[건]","건","","","","","","","","","","11","30","-","110",
"배타적경제수역의외국인어업등에관한법률","5일 이내","범죄발생부터 인지까지의 기간[건]","건","","","","","","","","","","4","46","1","71",
"배타적경제수역의외국인어업등에관한법률","10일 이내","범죄발생부터 인지까지의 기간[건]","건","","","","","","","","","","-","9","-","14",
"배타적경제수역의외국인어업등에관한법률","1개월 이내","범죄발생부터 인지까지의 기간[건]","건","","","","","","","","","","-","-","-","24",
"배타적경제수역의외국인어업등에관한법률","3개월 이내","범죄발생부터 인지까지의 기간[건]","건","","","","","","","","","","-","-","-","7",
"배타적경제수역의외국인어업등에관한법률","3개월 초과","범죄발생부터 인지까지의 기간[건]","건","","","","","","","","","","-","-","364","2",
"범죄수익은닉의규제및처벌등에관한법률","합계","범죄발생부터 인지까지의 기간[건]","건","","","","","","","","","","4","10","15","14",
"범죄수익은닉의규제및처벌등에관한법률","1시간 이내","범죄발생부터 인지까지의 기간[건]","건","","","","","","","","","","1","3","-","-",
"범죄수익은닉의규제및처벌등에관한법률","2시간 이내","범죄발생부터 인지까지의 기간[건]","건","","","","","","","","","","-","-","-","-",
"범죄수익은닉의규제및처벌등에관한법률","5시간 이내","범죄발생부터 인지까지의 기간[건]","건","","","","","","","","","","-","-","-","-",
"범죄수익은닉의규제및처벌등에관한법률","12시간 이내","범죄발생부터 인지까지의 기간[건]","건","","","","","","","","","","-","-","-","1",
"범죄수익은닉의규제및처벌등에관한법률","24시간 이내","범죄발생부터 인지까지의 기간[건]","건","","","","","","","","","","-","-","-","-",
"범죄수익은닉의규제및처벌등에관한법률","2일 이내","범죄발생부터 인지까지의 기간[건]","건","","","","","","","","","","-","-","-","-",
"범죄수익은닉의규제및처벌등에관한법률","5일 이내","범죄발생부터 인지까지의 기간[건]","건","","","","","","","","","","-","1","-","-",
"범죄수익은닉의규제및처벌등에관한법률","10일 이내","범죄발생부터 인지까지의 기간[건]","건","","","","","","","","","","-","-","-","-",
"범죄수익은닉의규제및처벌등에관한법률","1개월 이내","범죄발생부터 인지까지의 기간[건]","건","","","","","","","","","","1","-","-","-",
"범죄수익은닉의규제및처벌등에관한법률","3개월 이내","범죄발생부터 인지까지의 기간[건]","건","","","","","","","","","","-","1","-","-",
"범죄수익은닉의규제및처벌등에관한법률","3개월 초과","범죄발생부터 인지까지의 기간[건]","건","","","","","","","","","","2","5","15","13",
"변호사법","합계","범죄발생부터 인지까지의 기간[건]","건","791","867","681","713","522","762","835","1119","1194","873","770","801","740",
"변호사법","1시간 이내","범죄발생부터 인지까지의 기간[건]","건","5","6","10","32","1","17","23","112","83","159","97","9","9",
"변호사법","2시간 이내","범죄발생부터 인지까지의 기간[건]","건","","","","1","","","2","2","1","-","-","2","-",
"변호사법","5시간 이내","범죄발생부터 인지까지의 기간[건]","건","","","","1","1","1","","2","-","1","-","-","-",
"변호사법","12시간 이내","범죄발생부터 인지까지의 기간[건]","건","2","1","1","","","3","4","1","1","-","-","2","1",
"변호사법","24시간 이내","범죄발생부터 인지까지의 기간[건]","건","3","11","2","6","","2","2","3","6","2","1","1","1",
"변호사법","2일 이내","범죄발생부터 인지까지의 기간[건]","건","23","5","2","2","1","2","1","11","4","1","2","-","3",
"변호사법","5일 이내","범죄발생부터 인지까지의 기간[건]","건","69","3","3","6","5","3","4","11","11","-","7","2","3",
"변호사법","10일 이내","범죄발생부터 인지까지의 기간[건]","건","28","6","8","11","9","7","3","10","13","10","8","3","3",
"변호사법","30일 이내","범죄발생부터 인지까지의 기간[건]","건","46","","","","","","","","","","","","",
"변호사법","90일 이내","범죄발생부터 인지까지의 기간[건]","건","76","","","","","","","","","","","","",
"변호사법","90일 이상","범죄발생부터 인지까지의 기간[건]","건","539","","","","","","","","","","","","",
"변호사법","1개월 이내","범죄발생부터 인지까지의 기간[건]","건","","37","31","25","29","37","39","45","55","31","17","20","22",
"변호사법","3개월 이내","범죄발생부터 인지까지의 기간[건]","건","","84","72","85","62","84","92","118","135","63","80","41","63",
"변호사법","3개월 초과","범죄발생부터 인지까지의 기간[건]","건","","714","552","544","414","606","665","804","885","606","558","721","635",
"병역법","합계","범죄발생부터 인지까지의 기간[건]","건","12005","17870","14660","5865","5290","6759","7214","11365","12963","16452","21061","17886","14533",
"병역법","1시간 이내","범죄발생부터 인지까지의 기간[건]","건","73","317","302","147","51","193","156","166","247","392","246","15","249",
"병역법","2시간 이내","범죄발생부터 인지까지의 기간[건]","건","3","33","3","1","3","4","7","9","-","4","6","-","1",
"병역법","5시간 이내","범죄발생부터 인지까지의 기간[건]","건","6","23","2","","1","1","5","2","-","1","2","-","2",
"병역법","12시간 이내","범죄발생부터 인지까지의 기간[건]","건","8","16","2","5","","16","30","4","3","2","3","-","6",
"병역법","24시간 이내","범죄발생부터 인지까지의 기간[건]","건","43","57","51","12","31","56","37","96","126","130","135","1","34",
"병역법","2일 이내","범죄발생부터 인지까지의 기간[건]","건","47","71","29","17","28","60","40","67","106","106","60","-","38",
"병역법","5일 이내","범죄발생부터 인지까지의 기간[건]","건","626","191","152","68","97","198","205","321","401","400","291","8","146",
"병역법","10일 이내","범죄발생부터 인지까지의 기간[건]","건","419","613","466","172","253","462","579","969","1098","1036","678","14","439",
"병역법","30일 이내","범죄발생부터 인지까지의 기간[건]","건","2759","","","","","","","","","","","","",
"병역법","90일 이내","범죄발생부터 인지까지의 기간[건]","건","4766","","","","","","","","","","","","",
"병역법","90일 이상","범죄발생부터 인지까지의 기간[건]","건","3255","","","","","","","","","","","","",
"병역법","1개월 이내","범죄발생부터 인지까지의 기간[건]","건","","4851","3548","1431","1805","2279","2271","3559","4446","5577","4052","113","2455",
"병역법","3개월 이내","범죄발생부터 인지까지의 기간[건]","건","","8116","6687","2511","1917","1981","2205","3463","4370","5859","9383","344","6649",
"병역법","3개월 초과","범죄발생부터 인지까지의 기간[건]","건","","3582","3418","1501","1104","1509","1679","2709","2166","2945","6205","17391","4514",
"보건범죄특조법(부정의료업자)","합계","범죄발생부터 인지까지의 기간[건]","건","777","327","346","247","225","245","524","594","403","373","375","1063","649",
"보건범죄특조법(부정의료업자)","1시간 이내","범죄발생부터 인지까지의 기간[건]","건","87","17","27","9","15","10","47","56","52","34","20","5","39",
"보건범죄특조법(부정의료업자)","2시간 이내","범죄발생부터 인지까지의 기간[건]","건","4","4","2","1","3","4","8","8","2","2","2","-","1",
"보건범죄특조법(부정의료업자)","5시간 이내","범죄발생부터 인지까지의 기간[건]","건","16","3","5","4","1","1","4","5","3","2","4","-","3",
"보건범죄특조법(부정의료업자)","12시간 이내","범죄발생부터 인지까지의 기간[건]","건","10","5","7","4","3","","4","5","3","4","2","-","7",
"보건범죄특조법(부정의료업자)","24시간 이내","범죄발생부터 인지까지의 기간[건]","건","37","9","27","4","9","4","13","34","9","12","15","4","16",
"보건범죄특조법(부정의료업자)","2일 이내","범죄발생부터 인지까지의 기간[건]","건","33","7","11","5","4","10","11","13","5","12","1","1","7",
"보건범죄특조법(부정의료업자)","5일 이내","범죄발생부터 인지까지의 기간[건]","건","62","15","10","11","4","10","19","18","12","15","11","1","17",
"보건범죄특조법(부정의료업자)","10일 이내","범죄발생부터 인지까지의 기간[건]","건","32","10","7","10","11","9","21","15","11","12","7","-","22",
"보건범죄특조법(부정의료업자)","30일 이내","범죄발생부터 인지까지의 기간[건]","건","69","","","","","","","","","","","","",
"보건범죄특조법(부정의료업자)","90일 이내","범죄발생부터 인지까지의 기간[건]","건","90","","","","","","","","","","","","",
"보건범죄특조법(부정의료업자)","90일 이상","범죄발생부터 인지까지의 기간[건]","건","337","","","","","","","","","","","","",
"보건범죄특조법(부정의료업자)","1개월 이내","범죄발생부터 인지까지의 기간[건]","건","","26","27","24","11","17","39","30","28","28","27","6","50",
"보건범죄특조법(부정의료업자)","3개월 이내","범죄발생부터 인지까지의 기간[건]","건","","55","38","22","37","34","50","83","44","35","49","6","72",
"보건범죄특조법(부정의료업자)","3개월 초과","범죄발생부터 인지까지의 기간[건]","건","","176","185","153","127","146","308","327","234","217","237","1040","415",
"부동산등기특별조치법","합계","범죄발생부터 인지까지의 기간[건]","건","","243","129","111","97","131","100","84","64","50","63","257","1103",
"부동산등기특별조치법","1시간 이내","범죄발생부터 인지까지의 기간[건]","건","","2","2","1","","1","2","4","5","8","5","4","3",
"부동산등기특별조치법","2시간 이내","범죄발생부터 인지까지의 기간[건]","건","","","","","","","","-","-","-","-","-","-",
"부동산등기특별조치법","5시간 이내","범죄발생부터 인지까지의 기간[건]","건","","","","","","","","-","-","-","-","-","-",
"부동산등기특별조치법","12시간 이내","범죄발생부터 인지까지의 기간[건]","건","","","","","","","","-","-","-","-","-","-",
"부동산등기특별조치법","24시간 이내","범죄발생부터 인지까지의 기간[건]","건","","","","","","1","","-","-","1","-","-","1",
"부동산등기특별조치법","2일 이내","범죄발생부터 인지까지의 기간[건]","건","","","","1","","","","4","5","-","-","1","-",
"부동산등기특별조치법","5일 이내","범죄발생부터 인지까지의 기간[건]","건","","","","1","","","","-","-","-","-","1","3",
"부동산등기특별조치법","10일 이내","범죄발생부터 인지까지의 기간[건]","건","","","2","1","1","1","","-","-","-","-","2","2",
"부동산등기특별조치법","1개월 이내","범죄발생부터 인지까지의 기간[건]","건","","3","3","2","2","1","1","-","1","-","-","5","14",
"부동산등기특별조치법","3개월 이내","범죄발생부터 인지까지의 기간[건]","건","","15","12","5","14","4","","1","4","4","4","1","29",
"부동산등기특별조치법","3개월 초과","범죄발생부터 인지까지의 기간[건]","건","","223","110","100","80","123","97","75","49","37","54","243","1051",
"부동산소유권이전등기등에관한법률","합계","범죄발생부터 인지까지의 기간[건]","건","","","","","","","","302","157","","","","",
"부동산소유권이전등기등에관한법률","1시간 이내","범죄발생부터 인지까지의 기간[건]","건","","","","","","","","13","3","","","","",
"부동산소유권이전등기등에관한법률","2시간 이내","범죄발생부터 인지까지의 기간[건]","건","","","","","","","","1","-","","","","",
"부동산소유권이전등기등에관한법률","5시간 이내","범죄발생부터 인지까지의 기간[건]","건","","","","","","","","-","-","","","","",
"부동산소유권이전등기등에관한법률","12시간 이내","범죄발생부터 인지까지의 기간[건]","건","","","","","","","","-","-","","","","",
"부동산소유권이전등기등에관한법률","24시간 이내","범죄발생부터 인지까지의 기간[건]","건","","","","","","","","-","-","","","","",
"부동산소유권이전등기등에관한법률","2일 이내","범죄발생부터 인지까지의 기간[건]","건","","","","","","","","-","-","","","","",
"부동산소유권이전등기등에관한법률","5일 이내","범죄발생부터 인지까지의 기간[건]","건","","","","","","","","-","-","","","","",
"부동산소유권이전등기등에관한법률","10일 이내","범죄발생부터 인지까지의 기간[건]","건","","","","","","","","4","-","","","","",
"부동산소유권이전등기등에관한법률","1개월 이내","범죄발생부터 인지까지의 기간[건]","건","","","","","","","","1","-","","","","",
"부동산소유권이전등기등에관한법률","3개월 이내","범죄발생부터 인지까지의 기간[건]","건","","","","","","","","3","3","","","","",
"부동산소유권이전등기등에관한법률","3개월 초과","범죄발생부터 인지까지의 기간[건]","건","","","","","","","","280","151","","","","",
"부동산실권리자명의등기에관한법률","합계","범죄발생부터 인지까지의 기간[건]","건","","572","854","661","537","412","392","","","255","279","287","534",
"부동산실권리자명의등기에관한법률","1시간 이내","범죄발생부터 인지까지의 기간[건]","건","","","7","7","1","","","","","43","16","3","9",
"부동산실권리자명의등기에관한법률","2시간 이내","범죄발생부터 인지까지의 기간[건]","건","","","","","","","","","","-","-","1","-",
"부동산실권리자명의등기에관한법률","5시간 이내","범죄발생부터 인지까지의 기간[건]","건","","","1","1","","","","","","-","-","-","-",
"부동산실권리자명의등기에관한법률","12시간 이내","범죄발생부터 인지까지의 기간[건]","건","","","","","","","","","","-","-","-","-",
"부동산실권리자명의등기에관한법률","24시간 이내","범죄발생부터 인지까지의 기간[건]","건","","3","3","1","","","","","","1","-","-","-",
"부동산실권리자명의등기에관한법률","2일 이내","범죄발생부터 인지까지의 기간[건]","건","","1","6","4","","","","","","2","-","1","-",
"부동산실권리자명의등기에관한법률","5일 이내","범죄발생부터 인지까지의 기간[건]","건","","1","1","1","2","2","","","","-","-","1","2",
"부동산실권리자명의등기에관한법률","10일 이내","범죄발생부터 인지까지의 기간[건]","건","","3","8","1","2","","","","","-","-","1","5",
"부동산실권리자명의등기에관한법률","1개월 이내","범죄발생부터 인지까지의 기간[건]","건","","10","12","8","6","5","1","","","4","3","2","6",
"부동산실권리자명의등기에관한법률","3개월 이내","범죄발생부터 인지까지의 기간[건]","건","","46","48","13","11","3","2","","","8","11","4","23",
"부동산실권리자명의등기에관한법률","3개월 초과","범죄발생부터 인지까지의 기간[건]","건","","508","768","625","515","402","389","","","197","249","274","489",
"부동산중개업법","합계","범죄발생부터 인지까지의 기간[건]","건","496","472","452","382","356","409","742","556","582","749","842","1107","1457",
"부동산중개업법","1시간 이내","범죄발생부터 인지까지의 기간[건]","건","2","5","11","7","5","14","24","20","27","62","46","6","19",
"부동산중개업법","2시간 이내","범죄발생부터 인지까지의 기간[건]","건","","1","","","","1","2","-","-","-","-","1","-",
"부동산중개업법","5시간 이내","범죄발생부터 인지까지의 기간[건]","건","3","","","1","","","","-","-","-","-","-","-",
"부동산중개업법","12시간 이내","범죄발생부터 인지까지의 기간[건]","건","1","","","","","1","2","-","-","-","1","-","3",
"부동산중개업법","24시간 이내","범죄발생부터 인지까지의 기간[건]","건","1","","2","2","2","2","11","5","9","9","6","5","7",
"부동산중개업법","2일 이내","범죄발생부터 인지까지의 기간[건]","건","1","2","2","3","","","4","1","-","4","3","-","5",
"부동산중개업법","5일 이내","범죄발생부터 인지까지의 기간[건]","건","25","3","7","1","2","3","7","3","3","5","3","2","13",
"부동산중개업법","10일 이내","범죄발생부터 인지까지의 기간[건]","건","8","6","3","3","4","4","12","11","10","7","7","2","16",
"부동산중개업법","30일 이내","범죄발생부터 인지까지의 기간[건]","건","26","","","","","","","","","","","","",
"부동산중개업법","90일 이내","범죄발생부터 인지까지의 기간[건]","건","58","","","","","","","","","","","","",
"부동산중개업법","90일 이상","범죄발생부터 인지까지의 기간[건]","건","371","","","","","","","","","","","","",
"부동산중개업법","1개월 이내","범죄발생부터 인지까지의 기간[건]","건","","27","17","17","16","18","63","31","51","43","47","29","70",
"부동산중개업법","3개월 이내","범죄발생부터 인지까지의 기간[건]","건","","69","56","59","51","52","136","74","92","123","118","28","198",
"부동산중개업법","3개월 초과","범죄발생부터 인지까지의 기간[건]","건","","359","354","289","276","314","481","411","390","496","611","1034","1126",
"부정경쟁방지및영업비밀보호에관한법률","합계","범죄발생부터 인지까지의 기간[건]","건","336","624","668","373","282","243","549","500","825","694","483","711","550",
"부정경쟁방지및영업비밀보호에관한법률","1시간 이내","범죄발생부터 인지까지의 기간[건]","건","32","43","13","6","24","10","38","78","89","110","46","5","22",
"부정경쟁방지및영업비밀보호에관한법률","2시간 이내","범죄발생부터 인지까지의 기간[건]","건","1","6","","","2","2","5","4","5","2","1","-","-",
"부정경쟁방지및영업비밀보호에관한법률","5시간 이내","범죄발생부터 인지까지의 기간[건]","건","","1","1","1","","1","5","4","2","2","1","-","-",
"부정경쟁방지및영업비밀보호에관한법률","12시간 이내","범죄발생부터 인지까지의 기간[건]","건","1","4","4","","6","3","4","5","18","2","1","-","-",
"부정경쟁방지및영업비밀보호에관한법률","24시간 이내","범죄발생부터 인지까지의 기간[건]","건","19","9","38","6","3","3","34","7","84","25","11","-","6",
"부정경쟁방지및영업비밀보호에관한법률","2일 이내","범죄발생부터 인지까지의 기간[건]","건","17","20","47","12","2","4","30","14","36","10","5","2","4",
"부정경쟁방지및영업비밀보호에관한법률","5일 이내","범죄발생부터 인지까지의 기간[건]","건","28","103","88","27","32","21","35","15","41","11","17","4","3",
"부정경쟁방지및영업비밀보호에관한법률","10일 이내","범죄발생부터 인지까지의 기간[건]","건","19","84","62","21","8","15","55","17","41","25","22","3","18",
"부정경쟁방지및영업비밀보호에관한법률","30일 이내","범죄발생부터 인지까지의 기간[건]","건","48","","","","","","","","","","","","",
"부정경쟁방지및영업비밀보호에관한법률","90일 이내","범죄발생부터 인지까지의 기간[건]","건","65","","","","","","","","","","","","",
"부정경쟁방지및영업비밀보호에관한법률","90일 이상","범죄발생부터 인지까지의 기간[건]","건","106","","","","","","","","","","","","",
"부정경쟁방지및영업비밀보호에관한법률","1개월 이내","범죄발생부터 인지까지의 기간[건]","건","","141","165","116","44","37","101","66","84","95","54","17","49",
"부정경쟁방지및영업비밀보호에관한법률","3개월 이내","범죄발생부터 인지까지의 기간[건]","건","","85","135","86","58","65","100","85","123","143","111","27","119",
"부정경쟁방지및영업비밀보호에관한법률","3개월 초과","범죄발생부터 인지까지의 기간[건]","건","","128","115","98","103","82","142","205","302","269","214","653","329",
"부정수표단속법","합계","범죄발생부터 인지까지의 기간[건]","건","55834","85954","104940","84166","75318","87635","37117","21430","17941","14582","19712","30489","19841",
"부정수표단속법","1시간 이내","범죄발생부터 인지까지의 기간[건]","건","947","2674","2570","1551","1197","2275","792","435","463","455","436","101","722",
"부정수표단속법","2시간 이내","범죄발생부터 인지까지의 기간[건]","건","153","221","94","93","119","305","51","19","9","16","12","2","2",
"부정수표단속법","5시간 이내","범죄발생부터 인지까지의 기간[건]","건","389","161","124","92","73","83","16","10","9","14","14","-","5",
"부정수표단속법","12시간 이내","범죄발생부터 인지까지의 기간[건]","건","852","400","257","78","91","278","156","68","7","7","26","3","60",
"부정수표단속법","24시간 이내","범죄발생부터 인지까지의 기간[건]","건","4566","2622","3420","3334","2739","2570","722","681","499","369","504","4","368",
"부정수표단속법","2일 이내","범죄발생부터 인지까지의 기간[건]","건","6541","6300","6560","5904","5494","4922","1713","1067","809","635","962","18","556",
"부정수표단속법","5일 이내","범죄발생부터 인지까지의 기간[건]","건","11598","17874","21667","16271","15362","14828","5223","3606","2750","2334","3087","179","2310",
"부정수표단속법","10일 이내","범죄발생부터 인지까지의 기간[건]","건","4740","10527","14304","10981","11143","11143","4023","2801","2337","2193","3291","248","2941",
"부정수표단속법","30일 이내","범죄발생부터 인지까지의 기간[건]","건","6122","","","","","","","","","","","","",
"부정수표단속법","90일 이내","범죄발생부터 인지까지의 기간[건]","건","6984","","","","","","","","","","","","",
"부정수표단속법","90일 이상","범죄발생부터 인지까지의 기간[건]","건","12942","","","","","","","","","","","","",
"부정수표단속법","1개월 이내","범죄발생부터 인지까지의 기간[건]","건","","13015","15318","12139","9205","11337","5037","3137","2646","2200","3124","238","2686",
"부정수표단속법","3개월 이내","범죄발생부터 인지까지의 기간[건]","건","","16078","17406","12751","9851","13182","5373","2797","2442","2036","2820","328","3384",
"부정수표단속법","3개월 초과","범죄발생부터 인지까지의 기간[건]","건","","16082","23220","20972","20044","26712","14011","6809","5970","4323","5436","29368","6807",
"사행행위등규제및처벌특례법","합계","범죄발생부터 인지까지의 기간[건]","건","","479","1192","1325","912","1457","1869","834","574","740","631","1110","1085",
"사행행위등규제및처벌특례법","1시간 이내","범죄발생부터 인지까지의 기간[건]","건","","81","210","294","265","300","462","265","148","237","179","10","155",
"사행행위등규제및처벌특례법","2시간 이내","범죄발생부터 인지까지의 기간[건]","건","","19","23","25","13","31","37","15","13","8","6","-","5",
"사행행위등규제및처벌특례법","5시간 이내","범죄발생부터 인지까지의 기간[건]","건","","5","25","13","12","15","15","11","7","3","3","-","10",
"사행행위등규제및처벌특례법","12시간 이내","범죄발생부터 인지까지의 기간[건]","건","","4","25","29","9","19","17","5","4","26","5","-","15",
"사행행위등규제및처벌특례법","24시간 이내","범죄발생부터 인지까지의 기간[건]","건","","24","72","68","55","74","101","53","25","35","30","2","56",
"사행행위등규제및처벌특례법","2일 이내","범죄발생부터 인지까지의 기간[건]","건","","14","49","53","29","45","87","40","20","18","28","2","31",
"사행행위등규제및처벌특례법","5일 이내","범죄발생부터 인지까지의 기간[건]","건","","36","126","138","85","128","153","46","45","52","58","1","99",
"사행행위등규제및처벌특례법","10일 이내","범죄발생부터 인지까지의 기간[건]","건","","22","104","119","94","138","149","49","34","37","52","1","108",
"사행행위등규제및처벌특례법","1개월 이내","범죄발생부터 인지까지의 기간[건]","건","","115","232","243","151","265","356","110","88","87","101","11","202",
"사행행위등규제및처벌특례법","3개월 이내","범죄발생부터 인지까지의 기간[건]","건","","91","210","219","128","301","333","116","89","102","80","19","235",
"사행행위등규제및처벌특례법","3개월 초과","범죄발생부터 인지까지의 기간[건]","건","","68","116","124","71","141","159","124","101","135","89","1064","169",
"사행행위등규제법","합계","범죄발생부터 인지까지의 기간[건]","건","","368","155","201","161","177","251","46","47","","","","",
"사행행위등규제법","1시간 이내","범죄발생부터 인지까지의 기간[건]","건","","48","44","61","23","58","73","21","11","","","","",
"사행행위등규제법","2시간 이내","범죄발생부터 인지까지의 기간[건]","건","","6","2","2","1","5","5","1","-","","","","",
"사행행위등규제법","5시간 이내","범죄발생부터 인지까지의 기간[건]","건","","13","3","5","2","6","7","-","-","","","","",
"사행행위등규제법","12시간 이내","범죄발생부터 인지까지의 기간[건]","건","","8","3","2","3","5","8","-","1","","","","",
"사행행위등규제법","24시간 이내","범죄발생부터 인지까지의 기간[건]","건","","17","4","6","12","9","11","3","2","","","","",
"사행행위등규제법","2일 이내","범죄발생부터 인지까지의 기간[건]","건","","19","11","9","4","3","12","1","2","","","","",
"사행행위등규제법","5일 이내","범죄발생부터 인지까지의 기간[건]","건","","33","16","10","17","22","33","2","3","","","","",
"사행행위등규제법","10일 이내","범죄발생부터 인지까지의 기간[건]","건","","32","10","15","13","10","22","2","2","","","","",
"사행행위등규제법","1개월 이내","범죄발생부터 인지까지의 기간[건]","건","","62","27","48","29","25","31","5","16","","","","",
"사행행위등규제법","3개월 이내","범죄발생부터 인지까지의 기간[건]","건","","72","26","23","24","24","23","5","6","","","","",
"사행행위등규제법","3개월 초과","범죄발생부터 인지까지의 기간[건]","건","","58","9","20","33","10","26","6","4","","","","",
"산림법","합계","범죄발생부터 인지까지의 기간[건]","건","2657","2447","2924","2314","1923","2201","2262","3204","2972","2924","1904","1275","1259",
"산림법","1시간 이내","범죄발생부터 인지까지의 기간[건]","건","215","193","379","312","200","209","199","514","370","422","246","158","166",
"산림법","2시간 이내","범죄발생부터 인지까지의 기간[건]","건","39","148","148","105","89","67","57","97","81","71","39","26","22",
"산림법","5시간 이내","범죄발생부터 인지까지의 기간[건]","건","42","75","103","104","60","43","52","53","46","43","21","14","27",
"산림법","12시간 이내","범죄발생부터 인지까지의 기간[건]","건","58","40","47","33","26","24","19","32","46","33","21","14","29",
"산림법","24시간 이내","범죄발생부터 인지까지의 기간[건]","건","112","74","82","61","58","53","25","54","43","38","21","37","63",
"산림법","2일 이내","범죄발생부터 인지까지의 기간[건]","건","90","106","154","84","44","55","50","67","66","100","24","32","35",
"산림법","5일 이내","범죄발생부터 인지까지의 기간[건]","건","182","163","171","140","115","151","121","157","164","154","76","38","67",
"산림법","10일 이내","범죄발생부터 인지까지의 기간[건]","건","173","146","201","132","133","159","133","180","189","151","92","47","66",
"산림법","30일 이내","범죄발생부터 인지까지의 기간[건]","건","502","","","","","","","","","","","","",
"산림법","90일 이내","범죄발생부터 인지까지의 기간[건]","건","491","","","","","","","","","","","","",
"산림법","90일 이상","범죄발생부터 인지까지의 기간[건]","건","753","","","","","","","","","","","","",
"산림법","1개월 이내","범죄발생부터 인지까지의 기간[건]","건","","415","442","301","284","355","353","406","437","391","265","157","213",
"산림법","3개월 이내","범죄발생부터 인지까지의 기간[건]","건","","404","479","365","334","417","430","547","518","493","337","104","203",
"산림법","3개월 초과","범죄발생부터 인지까지의 기간[건]","건","","683","718","677","580","668","823","1097","1012","1028","762","648","368",
"산업안전보건법","합계","범죄발생부터 인지까지의 기간[건]","건","33337","2189","3501","3831","2557","2073","2691","4877","3432","2515","1889","2782","2516",
"산업안전보건법","1시간 이내","범죄발생부터 인지까지의 기간[건]","건","468","13","72","280","12","20","31","106","37","227","306","195","135",
"산업안전보건법","2시간 이내","범죄발생부터 인지까지의 기간[건]","건","35","3","2","1","1","2","3","5","5","1","1","2","6",
"산업안전보건법","5시간 이내","범죄발생부터 인지까지의 기간[건]","건","54","1","4","5","4","2","","4","1","3","3","7","6",
"산업안전보건법","12시간 이내","범죄발생부터 인지까지의 기간[건]","건","35","8","6","2","5","2","1","14","1","7","11","8","11",
"산업안전보건법","24시간 이내","범죄발생부터 인지까지의 기간[건]","건","228","12","11","5","9","2","3","8","8","17","6","34","45",
"산업안전보건법","2일 이내","범죄발생부터 인지까지의 기간[건]","건","230","6","12","10","5","4","11","49","45","35","22","44","21",
"산업안전보건법","5일 이내","범죄발생부터 인지까지의 기간[건]","건","1568","30","42","39","33","16","18","76","39","81","49","46","73",
"산업안전보건법","10일 이내","범죄발생부터 인지까지의 기간[건]","건","1152","75","110","118","77","80","75","113","132","185","99","139","98",
"산업안전보건법","30일 이내","범죄발생부터 인지까지의 기간[건]","건","4464","","","","","","","","","","","","",
"산업안전보건법","90일 이내","범죄발생부터 인지까지의 기간[건]","건","6086","","","","","","","","","","","","",
"산업안전보건법","90일 이상","범죄발생부터 인지까지의 기간[건]","건","19017","","","","","","","","","","","","",
"산업안전보건법","1개월 이내","범죄발생부터 인지까지의 기간[건]","건","","543","732","640","379","392","508","769","709","683","529","1098","872",
"산업안전보건법","3개월 이내","범죄발생부터 인지까지의 기간[건]","건","","771","1396","1331","1009","883","1288","1972","1374","663","420","784","761",
"산업안전보건법","3개월 초과","범죄발생부터 인지까지의 기간[건]","건","","727","1114","1400","1023","670","753","1761","1081","613","443","425","488",
"산업재해보상보험법","합계","범죄발생부터 인지까지의 기간[건]","건","","","","","","","","","","25","7","6","8",
"산업재해보상보험법","1시간 이내","범죄발생부터 인지까지의 기간[건]","건","","","","","","","","","","2","1","-","-",
"산업재해보상보험법","2시간 이내","범죄발생부터 인지까지의 기간[건]","건","","","","","","","","","","-","-","-","-",
"산업재해보상보험법","5시간 이내","범죄발생부터 인지까지의 기간[건]","건","","","","","","","","","","-","-","-","-",
"산업재해보상보험법","12시간 이내","범죄발생부터 인지까지의 기간[건]","건","","","","","","","","","","-","-","-","-",
"산업재해보상보험법","24시간 이내","범죄발생부터 인지까지의 기간[건]","건","","","","","","","","","","-","-","-","-",
"산업재해보상보험법","2일 이내","범죄발생부터 인지까지의 기간[건]","건","","","","","","","","","","-","-","-","1",
"산업재해보상보험법","5일 이내","범죄발생부터 인지까지의 기간[건]","건","","","","","","","","","","1","-","-","1",
"산업재해보상보험법","10일 이내","범죄발생부터 인지까지의 기간[건]","건","","","","","","","","","","-","-","1","-",
"산업재해보상보험법","1개월 이내","범죄발생부터 인지까지의 기간[건]","건","","","","","","","","","","17","2","2","1",
"산업재해보상보험법","3개월 이내","범죄발생부터 인지까지의 기간[건]","건","","","","","","","","","","2","1","-","2",
"산업재해보상보험법","3개월 초과","범죄발생부터 인지까지의 기간[건]","건","","","","","","","","","","3","3","3","3",
"상법","합계","범죄발생부터 인지까지의 기간[건]","건","","115","199","208","42","54","252","745","775","1442","784","203","435",
"상법","1시간 이내","범죄발생부터 인지까지의 기간[건]","건","","","26","4","","","","57","10","216","79","3","6",
"상법","2시간 이내","범죄발생부터 인지까지의 기간[건]","건","","","1","","","","","-","-","-","-","-","-",
"상법","5시간 이내","범죄발생부터 인지까지의 기간[건]","건","","","","","","","","-","-","-","2","1","-",
"상법","12시간 이내","범죄발생부터 인지까지의 기간[건]","건","","","1","","","","","-","-","-","-","-","-",
"상법","24시간 이내","범죄발생부터 인지까지의 기간[건]","건","","","3","","","","1","1","-","1","-","1","-",
"상법","2일 이내","범죄발생부터 인지까지의 기간[건]","건","","","1","","","","","-","-","-","-","2","-",
"상법","5일 이내","범죄발생부터 인지까지의 기간[건]","건","","","","","","","2","1","1","1","-","-","-",
"상법","10일 이내","범죄발생부터 인지까지의 기간[건]","건","","","4","2","","1","1","2","1","2","1","1","-",
"상법","1개월 이내","범죄발생부터 인지까지의 기간[건]","건","","","7","1","5","3","4","7","6","41","4","3","12",
"상법","3개월 이내","범죄발생부터 인지까지의 기간[건]","건","","16","14","10","3","3","17","23","44","26","93","5","33",
"상법","3개월 초과","범죄발생부터 인지까지의 기간[건]","건","","99","142","191","34","47","227","654","713","1155","605","187","384",
"상표법","합계","범죄발생부터 인지까지의 기간[건]","건","1023","1297","1628","1941","1476","1630","3585","6340","6451","7355","5409","6869","3486",
"상표법","1시간 이내","범죄발생부터 인지까지의 기간[건]","건","75","86","155","273","78","66","330","1067","1394","1989","1457","572","300",
"상표법","2시간 이내","범죄발생부터 인지까지의 기간[건]","건","7","9","3","11","5","3","14","25","26","25","37","22","19",
"상표법","5시간 이내","범죄발생부터 인지까지의 기간[건]","건","2","5","8","14","5","9","22","25","42","24","17","26","26",
"상표법","12시간 이내","범죄발생부터 인지까지의 기간[건]","건","3","6","4","30","18","5","22","26","30","29","32","9","48",
"상표법","24시간 이내","범죄발생부터 인지까지의 기간[건]","건","15","25","24","38","35","16","76","150","265","198","199","46","78",
"상표법","2일 이내","범죄발생부터 인지까지의 기간[건]","건","17","29","21","20","35","21","86","168","180","147","96","70","65",
"상표법","5일 이내","범죄발생부터 인지까지의 기간[건]","건","95","60","38","43","50","64","184","289","338","356","166","146","155",
"상표법","10일 이내","범죄발생부터 인지까지의 기간[건]","건","47","92","105","73","68","123","230","352","416","503","222","270","323",
"상표법","30일 이내","범죄발생부터 인지까지의 기간[건]","건","122","","","","","","","","","","","","",
"상표법","90일 이내","범죄발생부터 인지까지의 기간[건]","건","131","","","","","","","","","","","","",
"상표법","90일 이상","범죄발생부터 인지까지의 기간[건]","건","509","","","","","","","","","","","","",
"상표법","1개월 이내","범죄발생부터 인지까지의 기간[건]","건","","198","285","317","291","268","624","1041","1182","1390","784","1111","777",
"상표법","3개월 이내","범죄발생부터 인지까지의 기간[건]","건","","297","378","396","392","451","978","1452","1245","1142","910","580","794",
"상표법","3개월 초과","범죄발생부터 인지까지의 기간[건]","건","","490","607","726","499","604","1019","1745","1333","1552","1489","4017","901",
"상호신용금고법","합계","범죄발생부터 인지까지의 기간[건]","건","","33","28","29","99","61","64","70","26","","","","",
"상호신용금고법","1시간 이내","범죄발생부터 인지까지의 기간[건]","건","","","1","1","2","1","1","4","2","","","","",
"상호신용금고법","2시간 이내","범죄발생부터 인지까지의 기간[건]","건","","","","","","1","","-","-","","","","",
"상호신용금고법","5시간 이내","범죄발생부터 인지까지의 기간[건]","건","","","","","2","","","-","-","","","","",
"상호신용금고법","12시간 이내","범죄발생부터 인지까지의 기간[건]","건","","","","","","","","-","-","","","","",
"상호신용금고법","24시간 이내","범죄발생부터 인지까지의 기간[건]","건","","","","1","","","","1","-","","","","",
"상호신용금고법","2일 이내","범죄발생부터 인지까지의 기간[건]","건","","1","","1","1","1","","1","-","","","","",
"상호신용금고법","5일 이내","범죄발생부터 인지까지의 기간[건]","건","","2","","","1","1","1","-","-","","","","",
"상호신용금고법","10일 이내","범죄발생부터 인지까지의 기간[건]","건","","","","","6","","","2","-","","","","",
"상호신용금고법","1개월 이내","범죄발생부터 인지까지의 기간[건]","건","","1","","1","3","4","2","4","-","","","","",
"상호신용금고법","3개월 이내","범죄발생부터 인지까지의 기간[건]","건","","2","","4","23","5","8","6","5","","","","",
"상호신용금고법","3개월 초과","범죄발생부터 인지까지의 기간[건]","건","","27","27","21","61","48","52","52","19","","","","",
"석유사업법","합계","범죄발생부터 인지까지의 기간[건]","건","","75","71","102","273","159","1522","1347","705","809","4944","8958","2651",
"석유사업법","1시간 이내","범죄발생부터 인지까지의 기간[건]","건","","4","1","3","3","4","9","36","109","127","466","50","388",
"석유사업법","2시간 이내","범죄발생부터 인지까지의 기간[건]","건","","","","","","","","1","10","7","29","1","14",
"석유사업법","5시간 이내","범죄발생부터 인지까지의 기간[건]","건","","1","","","","1","1","2","4","3","35","2","26",
"석유사업법","12시간 이내","범죄발생부터 인지까지의 기간[건]","건","","","","1","2","2","","3","3","1","23","2","45",
"석유사업법","24시간 이내","범죄발생부터 인지까지의 기간[건]","건","","2","3","2","4","2","5","13","24","28","168","2","90",
"석유사업법","2일 이내","범죄발생부터 인지까지의 기간[건]","건","","3","1","","","1","3","14","10","8","83","10","50",
"석유사업법","5일 이내","범죄발생부터 인지까지의 기간[건]","건","","2","4","1","6","4","7","14","16","24","247","14","99",
"석유사업법","10일 이내","범죄발생부터 인지까지의 기간[건]","건","","2","2","4","8","7","17","12","23","29","330","28","109",
"석유사업법","1개월 이내","범죄발생부터 인지까지의 기간[건]","건","","13","8","25","19","24","122","80","82","112","938","102","363",
"석유사업법","3개월 이내","범죄발생부터 인지까지의 기간[건]","건","","12","20","24","59","61","349","332","205","200","1664","207","901",
"석유사업법","3개월 초과","범죄발생부터 인지까지의 기간[건]","건","","36","32","42","172","53","1009","840","219","270","961","8540","566",
"선박안전법","합계","범죄발생부터 인지까지의 기간[건]","건","","254","315","351","705","708","745","1141","1176","1261","938","573","638",
"선박안전법","1시간 이내","범죄발생부터 인지까지의 기간[건]","건","","3","2","6","9","8","6","5","7","28","31","4","57",
"선박안전법","2시간 이내","범죄발생부터 인지까지의 기간[건]","건","","3","1","4","16","19","17","13","14","20","17","-","9",
"선박안전법","5시간 이내","범죄발생부터 인지까지의 기간[건]","건","","3","5","3","22","29","47","49","52","35","34","-","29",
"선박안전법","12시간 이내","범죄발생부터 인지까지의 기간[건]","건","","2","4","12","38","40","31","31","48","45","33","1","24",
"선박안전법","24시간 이내","범죄발생부터 인지까지의 기간[건]","건","","4","8","11","45","48","33","77","240","84","82","1","36",
"선박안전법","2일 이내","범죄발생부터 인지까지의 기간[건]","건","","6","10","20","57","62","50","66","74","79","76","1","33",
"선박안전법","5일 이내","범죄발생부터 인지까지의 기간[건]","건","","24","36","62","90","78","77","69","104","60","67","3","42",
"선박안전법","10일 이내","범죄발생부터 인지까지의 기간[건]","건","","33","59","35","69","61","79","33","57","213","21","1","50",
"선박안전법","1개월 이내","범죄발생부터 인지까지의 기간[건]","건","","70","94","66","149","180","139","170","155","58","69","2","98",
"선박안전법","3개월 이내","범죄발생부터 인지까지의 기간[건]","건","","71","63","72","151","150","168","196","236","81","116","-","147",
"선박안전법","3개월 초과","범죄발생부터 인지까지의 기간[건]","건","","35","33","60","59","33","98","432","189","558","392","560","113",
"선박직원법","합계","범죄발생부터 인지까지의 기간[건]","건","","955","1385","1448","3817","6383","4314","2428","2811","2243","2369","1467","1370",
"선박직원법","1시간 이내","범죄발생부터 인지까지의 기간[건]","건","","8","12","29","64","53","19","18","221","39","27","3","121",
"선박직원법","2시간 이내","범죄발생부터 인지까지의 기간[건]","건","","3","11","14","71","61","47","47","192","36","26","-","17",
"선박직원법","5시간 이내","범죄발생부터 인지까지의 기간[건]","건","","16","17","39","152","148","134","87","149","100","42","1","53",
"선박직원법","12시간 이내","범죄발생부터 인지까지의 기간[건]","건","","17","19","58","194","160","120","71","78","89","46","-","77",
"선박직원법","24시간 이내","범죄발생부터 인지까지의 기간[건]","건","","14","28","136","183","218","127","165","98","134","131","1","68",
"선박직원법","2일 이내","범죄발생부터 인지까지의 기간[건]","건","","44","50","173","306","245","182","143","130","118","165","2","68",
"선박직원법","5일 이내","범죄발생부터 인지까지의 기간[건]","건","","137","177","239","529","377","282","189","210","157","170","2","111",
"선박직원법","10일 이내","범죄발생부터 인지까지의 기간[건]","건","","173","230","191","400","356","212","110","115","105","89","-","69",
"선박직원법","1개월 이내","범죄발생부터 인지까지의 기간[건]","건","","285","442","271","756","1012","615","311","219","231","834","12","189",
"선박직원법","3개월 이내","범죄발생부터 인지까지의 기간[건]","건","","203","318","214","705","1569","1142","559","446","591","437","22","297",
"선박직원법","3개월 초과","범죄발생부터 인지까지의 기간[건]","건","","55","81","84","457","2184","1434","728","953","643","402","1424","300",
"선원법","합계","범죄발생부터 인지까지의 기간[건]","건","","142","234","144","248","328","247","273","333","402","146","174","360",
"선원법","1시간 이내","범죄발생부터 인지까지의 기간[건]","건","","7","4","4","10","16","6","15","10","29","13","12","43",
"선원법","2시간 이내","범죄발생부터 인지까지의 기간[건]","건","","1","4","2","3","2","6","-","1","1","-","-","1",
"선원법","5시간 이내","범죄발생부터 인지까지의 기간[건]","건","","2","4","4","11","11","8","3","4","2","1","-","-",
"선원법","12시간 이내","범죄발생부터 인지까지의 기간[건]","건","","2","1","8","18","17","5","1","6","5","2","-","2",
"선원법","24시간 이내","범죄발생부터 인지까지의 기간[건]","건","","1","5","10","13","30","5","17","8","5","4","-","12",
"선원법","2일 이내","범죄발생부터 인지까지의 기간[건]","건","","6","10","19","28","35","18","9","10","6","6","-","6",
"선원법","5일 이내","범죄발생부터 인지까지의 기간[건]","건","","14","26","19","40","26","22","6","13","7","11","-","29",
"선원법","10일 이내","범죄발생부터 인지까지의 기간[건]","건","","24","29","7","22","33","10","10","7","11","8","1","39",
"선원법","1개월 이내","범죄발생부터 인지까지의 기간[건]","건","","29","59","33","49","44","39","30","29","36","25","11","51",
"선원법","3개월 이내","범죄발생부터 인지까지의 기간[건]","건","","31","54","19","32","53","65","53","53","43","44","9","67",
"선원법","3개월 초과","범죄발생부터 인지까지의 기간[건]","건","","25","38","19","22","61","63","129","192","257","32","141","110",
"성매매법","합계","범죄발생부터 인지까지의 기간[건]","건","","","","","","","","","","","","","3439",
"성매매법","1시간 이내","범죄발생부터 인지까지의 기간[건]","건","","","","","","","","","","","","","593",
"성매매법","2시간 이내","범죄발생부터 인지까지의 기간[건]","건","","","","","","","","","","","","","54",
"성매매법","5시간 이내","범죄발생부터 인지까지의 기간[건]","건","","","","","","","","","","","","","61",
"성매매법","12시간 이내","범죄발생부터 인지까지의 기간[건]","건","","","","","","","","","","","","","54",
"성매매법","24시간 이내","범죄발생부터 인지까지의 기간[건]","건","","","","","","","","","","","","","77",
"성매매법","2일 이내","범죄발생부터 인지까지의 기간[건]","건","","","","","","","","","","","","","70",
"성매매법","5일 이내","범죄발생부터 인지까지의 기간[건]","건","","","","","","","","","","","","","129",
"성매매법","10일 이내","범죄발생부터 인지까지의 기간[건]","건","","","","","","","","","","","","","157",
"성매매법","1개월 이내","범죄발생부터 인지까지의 기간[건]","건","","","","","","","","","","","","","450",
"성매매법","3개월 이내","범죄발생부터 인지까지의 기간[건]","건","","","","","","","","","","","","","733",
"성매매법","3개월 초과","범죄발생부터 인지까지의 기간[건]","건","","","","","","","","","","","","","1061",
"성매매방지및피해자보호등에관한법률","합계","범죄발생부터 인지까지의 기간[건]","건","","","","","","","","","","","","830","",
"성매매방지및피해자보호등에관한법률","1시간 이내","범죄발생부터 인지까지의 기간[건]","건","","","","","","","","","","","","1","",
"성매매방지및피해자보호등에관한법률","2시간 이내","범죄발생부터 인지까지의 기간[건]","건","","","","","","","","","","","","1","",
"성매매방지및피해자보호등에관한법률","5시간 이내","범죄발생부터 인지까지의 기간[건]","건","","","","","","","","","","","","1","",
"성매매방지및피해자보호등에관한법률","12시간 이내","범죄발생부터 인지까지의 기간[건]","건","","","","","","","","","","","","-","",
"성매매방지및피해자보호등에관한법률","24시간 이내","범죄발생부터 인지까지의 기간[건]","건","","","","","","","","","","","","1","",
"성매매방지및피해자보호등에관한법률","2일 이내","범죄발생부터 인지까지의 기간[건]","건","","","","","","","","","","","","2","",
"성매매방지및피해자보호등에관한법률","5일 이내","범죄발생부터 인지까지의 기간[건]","건","","","","","","","","","","","","2","",
"성매매방지및피해자보호등에관한법률","10일 이내","범죄발생부터 인지까지의 기간[건]","건","","","","","","","","","","","","-","",
"성매매방지및피해자보호등에관한법률","1개월 이내","범죄발생부터 인지까지의 기간[건]","건","","","","","","","","","","","","2","",
"성매매방지및피해자보호등에관한법률","3개월 이내","범죄발생부터 인지까지의 기간[건]","건","","","","","","","","","","","","3","",
"성매매방지및피해자보호등에관한법률","3개월 초과","범죄발생부터 인지까지의 기간[건]","건","","","","","","","","","","","","817","",
"성폭력범죄의처벌및피해자보호법","합계","범죄발생부터 인지까지의 기간[건]","건","","1245","1262","1470","1455","1870","2420","3207","3584","","","","",
"성폭력범죄의처벌및피해자보호법","1시간 이내","범죄발생부터 인지까지의 기간[건]","건","","159","162","259","322","401","545","759","1256","","","","",
"성폭력범죄의처벌및피해자보호법","2시간 이내","범죄발생부터 인지까지의 기간[건]","건","","68","56","64","58","75","116","151","145","","","","",
"성폭력범죄의처벌및피해자보호법","5시간 이내","범죄발생부터 인지까지의 기간[건]","건","","77","70","70","66","56","112","161","125","","","","",
"성폭력범죄의처벌및피해자보호법","12시간 이내","범죄발생부터 인지까지의 기간[건]","건","","80","85","78","64","85","103","135","141","","","","",
"성폭력범죄의처벌및피해자보호법","24시간 이내","범죄발생부터 인지까지의 기간[건]","건","","107","134","132","114","162","189","240","253","","","","",
"성폭력범죄의처벌및피해자보호법","2일 이내","범죄발생부터 인지까지의 기간[건]","건","","117","120","134","97","127","137","162","158","","","","",
"성폭력범죄의처벌및피해자보호법","5일 이내","범죄발생부터 인지까지의 기간[건]","건","","179","169","176","160","189","276","318","304","","","","",
"성폭력범죄의처벌및피해자보호법","10일 이내","범죄발생부터 인지까지의 기간[건]","건","","75","98","97","96","137","126","149","170","","","","",
"성폭력범죄의처벌및피해자보호법","1개월 이내","범죄발생부터 인지까지의 기간[건]","건","","138","139","151","148","192","207","262","270","","","","",
"성폭력범죄의처벌및피해자보호법","3개월 이내","범죄발생부터 인지까지의 기간[건]","건","","139","91","126","133","174","208","295","260","","","","",
"성폭력범죄의처벌및피해자보호법","3개월 초과","범죄발생부터 인지까지의 기간[건]","건","","106","138","183","197","272","401","575","502","","","","",
"소방기본법","합계","범죄발생부터 인지까지의 기간[건]","건","676","1138","1219","1240","1142","862","1455","1943","1868","1933","1803","1651","83",
"소방기본법","1시간 이내","범죄발생부터 인지까지의 기간[건]","건","31","123","208","205","71","49","188","291","240","351","307","180","16",
"소방기본법","2시간 이내","범죄발생부터 인지까지의 기간[건]","건","4","8","57","16","26","9","63","109","24","10","32","36","3",
"소방기본법","5시간 이내","범죄발생부터 인지까지의 기간[건]","건","5","44","117","38","29","20","41","26","48","15","63","24","1",
"소방기본법","12시간 이내","범죄발생부터 인지까지의 기간[건]","건","10","86","47","20","60","24","14","16","272","65","27","19","-",
"소방기본법","24시간 이내","범죄발생부터 인지까지의 기간[건]","건","39","63","48","45","43","21","25","41","48","40","42","154","5",
"소방기본법","2일 이내","범죄발생부터 인지까지의 기간[건]","건","38","36","38","52","53","38","58","96","72","116","108","110","4",
"소방기본법","5일 이내","범죄발생부터 인지까지의 기간[건]","건","71","94","114","124","102","69","175","216","238","275","298","278","11",
"소방기본법","10일 이내","범죄발생부터 인지까지의 기간[건]","건","57","121","123","148","89","104","199","269","190","231","271","231","5",
"소방기본법","30일 이내","범죄발생부터 인지까지의 기간[건]","건","147","","","","","","","","","","","","",
"소방기본법","90일 이내","범죄발생부터 인지까지의 기간[건]","건","105","","","","","","","","","","","","",
"소방기본법","90일 이상","범죄발생부터 인지까지의 기간[건]","건","169","","","","","","","","","","","","",
"소방기본법","1개월 이내","범죄발생부터 인지까지의 기간[건]","건","","239","188","207","218","187","298","337","281","364","309","314","10",
"소방기본법","3개월 이내","범죄발생부터 인지까지의 기간[건]","건","","112","135","205","227","101","196","228","250","275","159","96","4",
"소방기본법","3개월 초과","범죄발생부터 인지까지의 기간[건]","건","","212","144","180","224","240","198","314","205","191","187","209","24",
"소음·진동규제법","합계","범죄발생부터 인지까지의 기간[건]","건","","355","285","195","177","124","174","485","279","216","164","273","139",
"소음·진동규제법","1시간 이내","범죄발생부터 인지까지의 기간[건]","건","","3","3","7","","","5","25","23","16","16","7","18",
"소음·진동규제법","2시간 이내","범죄발생부터 인지까지의 기간[건]","건","","","2","","","","","-","-","-","-","1","1",
"소음·진동규제법","5시간 이내","범죄발생부터 인지까지의 기간[건]","건","","1","1","","","","","1","-","-","-","-","7",
"소음·진동규제법","12시간 이내","범죄발생부터 인지까지의 기간[건]","건","","","","","","","","-","1","-","1","-","2",
"소음·진동규제법","24시간 이내","범죄발생부터 인지까지의 기간[건]","건","","","9","4","","1","","11","5","5","2","3","5",
"소음·진동규제법","2일 이내","범죄발생부터 인지까지의 기간[건]","건","","2","3","2","","1","3","9","1","2","2","-","4",
"소음·진동규제법","5일 이내","범죄발생부터 인지까지의 기간[건]","건","","18","12","9","6","3","8","7","2","9","3","3","7",
"소음·진동규제법","10일 이내","범죄발생부터 인지까지의 기간[건]","건","","44","30","8","16","15","9","18","19","13","22","4","11",
"소음·진동규제법","1개월 이내","범죄발생부터 인지까지의 기간[건]","건","","70","53","33","27","21","23","59","46","41","37","50","25",
"소음·진동규제법","3개월 이내","범죄발생부터 인지까지의 기간[건]","건","","53","45","43","46","15","40","66","71","38","34","19","20",
"소음·진동규제법","3개월 초과","범죄발생부터 인지까지의 기간[건]","건","","164","127","89","82","68","86","289","111","92","47","186","39",
"수도법","합계","범죄발생부터 인지까지의 기간[건]","건","","330","147","218","121","274","194","129","134","151","209","130","171",
"수도법","1시간 이내","범죄발생부터 인지까지의 기간[건]","건","","3","8","9","","9","7","8","7","21","15","-","7",
"수도법","2시간 이내","범죄발생부터 인지까지의 기간[건]","건","","","1","","","1","","4","3","7","1","-","1",
"수도법","5시간 이내","범죄발생부터 인지까지의 기간[건]","건","","","","","","","","3","5","2","1","-","-",
"수도법","12시간 이내","범죄발생부터 인지까지의 기간[건]","건","","","","","","1","1","-","-","3","-","-","5",
"수도법","24시간 이내","범죄발생부터 인지까지의 기간[건]","건","","4","1","3","1","2","","6","3","2","3","-","6",
"수도법","2일 이내","범죄발생부터 인지까지의 기간[건]","건","","3","3","5","4","4","5","5","10","4","2","-","1",
"수도법","5일 이내","범죄발생부터 인지까지의 기간[건]","건","","17","16","17","20","63","61","3","16","14","10","1","11",
"수도법","10일 이내","범죄발생부터 인지까지의 기간[건]","건","","22","10","30","13","83","44","24","22","23","48","1","21",
"수도법","1개월 이내","범죄발생부터 인지까지의 기간[건]","건","","74","67","67","36","53","33","34","44","40","85","19","53",
"수도법","3개월 이내","범죄발생부터 인지까지의 기간[건]","건","","25","22","35","17","26","18","23","12","14","22","-","26",
"수도법","3개월 초과","범죄발생부터 인지까지의 기간[건]","건","","182","19","52","30","32","25","19","12","21","22","109","40",
"수복지역내소유지미복구토지보호법","합계","범죄발생부터 인지까지의 기간[건]","건","","39","32","20","7","3","3","5","3","","","","",
"수복지역내소유지미복구토지보호법","1시간 이내","범죄발생부터 인지까지의 기간[건]","건","","1","","","","","","-","-","","","","",
"수복지역내소유지미복구토지보호법","2시간 이내","범죄발생부터 인지까지의 기간[건]","건","","","","","","","","-","-","","","","",
"수복지역내소유지미복구토지보호법","5시간 이내","범죄발생부터 인지까지의 기간[건]","건","","","","","","","","-","-","","","","",
"수복지역내소유지미복구토지보호법","12시간 이내","범죄발생부터 인지까지의 기간[건]","건","","","","","","","","-","-","","","","",
"수복지역내소유지미복구토지보호법","24시간 이내","범죄발생부터 인지까지의 기간[건]","건","","","","1","","","","-","-","","","","",
"수복지역내소유지미복구토지보호법","2일 이내","범죄발생부터 인지까지의 기간[건]","건","","","","","","","","-","-","","","","",
"수복지역내소유지미복구토지보호법","5일 이내","범죄발생부터 인지까지의 기간[건]","건","","1","","","","","","-","-","","","","",
"수복지역내소유지미복구토지보호법","10일 이내","범죄발생부터 인지까지의 기간[건]","건","","","","","","","","-","-","","","","",
"수복지역내소유지미복구토지보호법","1개월 이내","범죄발생부터 인지까지의 기간[건]","건","","","","","","","","-","-","","","","",
"수복지역내소유지미복구토지보호법","3개월 이내","범죄발생부터 인지까지의 기간[건]","건","","2","1","","1","","","-","-","","","","",
"수복지역내소유지미복구토지보호법","3개월 초과","범죄발생부터 인지까지의 기간[건]","건","","35","31","19","6","3","3","5","3","","","","",
"수산업법","합계","범죄발생부터 인지까지의 기간[건]","건","2191","2667","2708","2203","8160","12397","13040","9152","9191","13413","9920","11521","10718",
"수산업법","1시간 이내","범죄발생부터 인지까지의 기간[건]","건","712","927","1077","811","1103","937","971","801","583","901","446","471","606",
"수산업법","2시간 이내","범죄발생부터 인지까지의 기간[건]","건","107","146","130","98","100","105","145","116","118","88","277","18","93",
"수산업법","5시간 이내","범죄발생부터 인지까지의 기간[건]","건","188","199","178","168","168","181","310","262","401","189","120","23","191",
"수산업법","12시간 이내","범죄발생부터 인지까지의 기간[건]","건","150","185","153","135","223","219","332","218","172","218","542","15","276",
"수산업법","24시간 이내","범죄발생부터 인지까지의 기간[건]","건","195","109","120","146","177","209","367","282","564","246","232","38","216",
"수산업법","2일 이내","범죄발생부터 인지까지의 기간[건]","건","79","84","136","124","207","210","331","352","326","361","353","12","178",
"수산업법","5일 이내","범죄발생부터 인지까지의 기간[건]","건","120","170","177","168","397","288","575","588","579","831","388","56","525",
"수산업법","10일 이내","범죄발생부터 인지까지의 기간[건]","건","110","156","167","114","447","296","565","622","353","1120","292","8","442",
"수산업법","30일 이내","범죄발생부터 인지까지의 기간[건]","건","169","","","","","","","","","","","","",
"수산업법","90일 이내","범죄발생부터 인지까지의 기간[건]","건","146","","","","","","","","","","","","",
"수산업법","90일 이상","범죄발생부터 인지까지의 기간[건]","건","215","","","","","","","","","","","","",
"수산업법","1개월 이내","범죄발생부터 인지까지의 기간[건]","건","","269","250","172","807","975","1244","1070","750","1059","1084","52","869",
"수산업법","3개월 이내","범죄발생부터 인지까지의 기간[건]","건","","213","199","155","1219","2490","1802","1720","1818","4092","2449","54","1850",
"수산업법","3개월 초과","범죄발생부터 인지까지의 기간[건]","건","","209","121","112","3312","6487","6398","3121","3527","4308","3737","10774","5472",
"수산자원보호령","합계","범죄발생부터 인지까지의 기간[건]","건","","1158","1577","1499","2286","3979","2976","3975","2140","3278","2350","3023","5135",
"수산자원보호령","1시간 이내","범죄발생부터 인지까지의 기간[건]","건","","620","751","700","595","722","794","804","661","696","413","458","706",
"수산자원보호령","2시간 이내","범죄발생부터 인지까지의 기간[건]","건","","61","68","49","86","110","124","129","78","86","79","20","48",
"수산자원보호령","5시간 이내","범죄발생부터 인지까지의 기간[건]","건","","54","82","110","118","141","223","220","123","160","144","33","81",
"수산자원보호령","12시간 이내","범죄발생부터 인지까지의 기간[건]","건","","40","56","73","140","145","165","141","102","125","90","18","105",
"수산자원보호령","24시간 이내","범죄발생부터 인지까지의 기간[건]","건","","25","44","65","167","170","185","164","127","238","184","36","109",
"수산자원보호령","2일 이내","범죄발생부터 인지까지의 기간[건]","건","","32","39","60","176","197","193","124","134","201","156","9","95",
"수산자원보호령","5일 이내","범죄발생부터 인지까지의 기간[건]","건","","81","82","147","208","288","335","301","194","177","160","11","122",
"수산자원보호령","10일 이내","범죄발생부터 인지까지의 기간[건]","건","","46","122","81","130","209","143","163","95","97","85","5","107",
"수산자원보호령","1개월 이내","범죄발생부터 인지까지의 기간[건]","건","","107","166","104","292","335","296","284","185","243","186","11","359",
"수산자원보호령","3개월 이내","범죄발생부터 인지까지의 기간[건]","건","","50","129","50","206","467","395","1522","232","292","244","10","489",
"수산자원보호령","3개월 초과","범죄발생부터 인지까지의 기간[건]","건","","42","38","60","168","1195","123","123","209","963","609","2412","2914",
"수상레저안전법","합계","범죄발생부터 인지까지의 기간[건]","건","","","","","","","","","","344","151","132","254",
"수상레저안전법","1시간 이내","범죄발생부터 인지까지의 기간[건]","건","","","","","","","","","","8","7","-","33",
"수상레저안전법","2시간 이내","범죄발생부터 인지까지의 기간[건]","건","","","","","","","","","","2","8","-","8",
"수상레저안전법","5시간 이내","범죄발생부터 인지까지의 기간[건]","건","","","","","","","","","","10","8","1","13",
"수상레저안전법","12시간 이내","범죄발생부터 인지까지의 기간[건]","건","","","","","","","","","","10","10","-","18",
"수상레저안전법","24시간 이내","범죄발생부터 인지까지의 기간[건]","건","","","","","","","","","","46","44","-","11",
"수상레저안전법","2일 이내","범죄발생부터 인지까지의 기간[건]","건","","","","","","","","","","15","17","-","13",
"수상레저안전법","5일 이내","범죄발생부터 인지까지의 기간[건]","건","","","","","","","","","","17","23","-","35",
"수상레저안전법","10일 이내","범죄발생부터 인지까지의 기간[건]","건","","","","","","","","","","18","12","-","69",
"수상레저안전법","1개월 이내","범죄발생부터 인지까지의 기간[건]","건","","","","","","","","","","69","14","-","31",
"수상레저안전법","3개월 이내","범죄발생부터 인지까지의 기간[건]","건","","","","","","","","","","143","3","-","18",
"수상레저안전법","3개월 초과","범죄발생부터 인지까지의 기간[건]","건","","","","","","","","","","6","5","131","5",
"수질환경보전법","합계","범죄발생부터 인지까지의 기간[건]","건","1423","2308","2159","2249","1708","4548","1859","5754","4147","2940","2686","1439","2274",
"수질환경보전법","1시간 이내","범죄발생부터 인지까지의 기간[건]","건","64","39","64","217","63","39","59","443","258","222","225","35","114",
"수질환경보전법","2시간 이내","범죄발생부터 인지까지의 기간[건]","건","2","5","7","10","7","7","7","22","13","12","6","1","10",
"수질환경보전법","5시간 이내","범죄발생부터 인지까지의 기간[건]","건","10","4","4","14","6","11","8","25","17","14","7","2","14",
"수질환경보전법","12시간 이내","범죄발생부터 인지까지의 기간[건]","건","11","13","6","7","12","5","10","15","11","9","6","-","16",
"수질환경보전법","24시간 이내","범죄발생부터 인지까지의 기간[건]","건","47","17","52","30","26","19","15","160","56","48","50","9","25",
"수질환경보전법","2일 이내","범죄발생부터 인지까지의 기간[건]","건","39","51","35","34","27","29","41","126","45","26","32","6","23",
"수질환경보전법","5일 이내","범죄발생부터 인지까지의 기간[건]","건","170","104","103","82","85","85","81","198","136","88","87","15","29",
"수질환경보전법","10일 이내","범죄발생부터 인지까지의 기간[건]","건","140","236","167","177","127","134","143","306","201","264","154","27","80",
"수질환경보전법","30일 이내","범죄발생부터 인지까지의 기간[건]","건","270","","","","","","","","","","","","",
"수질환경보전법","90일 이내","범죄발생부터 인지까지의 기간[건]","건","182","","","","","","","","","","","","",
"수질환경보전법","90일 이상","범죄발생부터 인지까지의 기간[건]","건","488","","","","","","","","","","","","",
"수질환경보전법","1개월 이내","범죄발생부터 인지까지의 기간[건]","건","","489","490","443","382","370","335","893","654","515","386","140","310",
"수질환경보전법","3개월 이내","범죄발생부터 인지까지의 기간[건]","건","","598","555","512","415","632","326","1689","865","596","417","151","397",
"수질환경보전법","3개월 초과","범죄발생부터 인지까지의 기간[건]","건","","752","676","723","558","3217","834","1877","1891","1146","1316","1053","1256",
"승강기제조및안전관리에관한법률","합계","범죄발생부터 인지까지의 기간[건]","건","","194","176","106","28","9","13","5","2","","","","",
"승강기제조및안전관리에관한법률","1시간 이내","범죄발생부터 인지까지의 기간[건]","건","","","","1","","","","-","-","","","","",
"승강기제조및안전관리에관한법률","2시간 이내","범죄발생부터 인지까지의 기간[건]","건","","","","","","","","-","-","","","","",
"승강기제조및안전관리에관한법률","5시간 이내","범죄발생부터 인지까지의 기간[건]","건","","","","","","","","-","-","","","","",
"승강기제조및안전관리에관한법률","12시간 이내","범죄발생부터 인지까지의 기간[건]","건","","","","","","","","-","-","","","","",
"승강기제조및안전관리에관한법률","24시간 이내","범죄발생부터 인지까지의 기간[건]","건","","","1","2","","","","-","-","","","","",
"승강기제조및안전관리에관한법률","2일 이내","범죄발생부터 인지까지의 기간[건]","건","","","1","","","","","-","-","","","","",
"승강기제조및안전관리에관한법률","5일 이내","범죄발생부터 인지까지의 기간[건]","건","","","1","9","","","","-","-","","","","",
"승강기제조및안전관리에관한법률","10일 이내","범죄발생부터 인지까지의 기간[건]","건","","3","1","10","2","1","1","1","-","","","","",
"승강기제조및안전관리에관한법률","1개월 이내","범죄발생부터 인지까지의 기간[건]","건","","2","11","14","2","1","4","2","2","","","","",
"승강기제조및안전관리에관한법률","3개월 이내","범죄발생부터 인지까지의 기간[건]","건","","7","47","25","9","5","1","-","-","","","","",
"승강기제조및안전관리에관한법률","3개월 초과","범죄발생부터 인지까지의 기간[건]","건","","182","114","45","15","2","7","2","-","","","","",
"식품위생법","합계","범죄발생부터 인지까지의 기간[건]","건","65651","55948","47934","51699","49284","61652","41565","29704","28934","22691","19362","19848","14072",
"식품위생법","1시간 이내","범죄발생부터 인지까지의 기간[건]","건","14401","10436","9999","10846","11756","15489","8758","6476","6083","4457","3834","147","1700",
"식품위생법","2시간 이내","범죄발생부터 인지까지의 기간[건]","건","923","1226","983","1027","910","1285","647","570","520","409","282","9","128",
"식품위생법","5시간 이내","범죄발생부터 인지까지의 기간[건]","건","680","857","818","663","653","764","473","446","505","357","276","11","182",
"식품위생법","12시간 이내","범죄발생부터 인지까지의 기간[건]","건","634","473","367","445","396","599","449","264","212","127","96","3","119",
"식품위생법","24시간 이내","범죄발생부터 인지까지의 기간[건]","건","3040","2058","2059","2663","2964","2763","1907","1361","1342","945","733","16","472",
"식품위생법","2일 이내","범죄발생부터 인지까지의 기간[건]","건","2041","1998","1540","1794","1362","2031","1465","906","740","559","449","7","288",
"식품위생법","5일 이내","범죄발생부터 인지까지의 기간[건]","건","5362","4228","3795","4287","3617","5156","2952","2108","1960","1496","1327","50","781",
"식품위생법","10일 이내","범죄발생부터 인지까지의 기간[건]","건","5111","4877","3930","4789","4024","5621","3493","2766","2649","2137","1867","101","1325",
"식품위생법","30일 이내","범죄발생부터 인지까지의 기간[건]","건","11976","","","","","","","","","","","","",
"식품위생법","90일 이내","범죄발생부터 인지까지의 기간[건]","건","9624","","","","","","","","","","","","",
"식품위생법","90일 이상","범죄발생부터 인지까지의 기간[건]","건","11859","","","","","","","","","","","","",
"식품위생법","1개월 이내","범죄발생부터 인지까지의 기간[건]","건","","10998","9358","9542","8283","10559","7104","4839","4948","4045","3277","248","2550",
"식품위생법","3개월 이내","범죄발생부터 인지까지의 기간[건]","건","","10416","8273","8109","7746","9133","6732","4434","4477","3786","3147","211","2751",
"식품위생법","3개월 초과","범죄발생부터 인지까지의 기간[건]","건","","8381","6812","7534","7573","8252","7585","5534","5498","4373","4074","19045","3776",
"신용정보의이용및보호에관한법률","합계","범죄발생부터 인지까지의 기간[건]","건","","","","","","","","","","99","109","101","227",
"신용정보의이용및보호에관한법률","1시간 이내","범죄발생부터 인지까지의 기간[건]","건","","","","","","","","","","9","5","-","10",
"신용정보의이용및보호에관한법률","2시간 이내","범죄발생부터 인지까지의 기간[건]","건","","","","","","","","","","-","-","-","-",
"신용정보의이용및보호에관한법률","5시간 이내","범죄발생부터 인지까지의 기간[건]","건","","","","","","","","","","-","-","-","1",
"신용정보의이용및보호에관한법률","12시간 이내","범죄발생부터 인지까지의 기간[건]","건","","","","","","","","","","-","-","-","-",
"신용정보의이용및보호에관한법률","24시간 이내","범죄발생부터 인지까지의 기간[건]","건","","","","","","","","","","2","-","1","3",
"신용정보의이용및보호에관한법률","2일 이내","범죄발생부터 인지까지의 기간[건]","건","","","","","","","","","","-","2","-","-",
"신용정보의이용및보호에관한법률","5일 이내","범죄발생부터 인지까지의 기간[건]","건","","","","","","","","","","1","7","-","5",
"신용정보의이용및보호에관한법률","10일 이내","범죄발생부터 인지까지의 기간[건]","건","","","","","","","","","","5","2","1","6",
"신용정보의이용및보호에관한법률","1개월 이내","범죄발생부터 인지까지의 기간[건]","건","","","","","","","","","","12","15","2","22",
"신용정보의이용및보호에관한법률","3개월 이내","범죄발생부터 인지까지의 기간[건]","건","","","","","","","","","","16","22","4","58",
"신용정보의이용및보호에관한법률","3개월 초과","범죄발생부터 인지까지의 기간[건]","건","","","","","","","","","","54","56","93","122",
"신용카드업법","합계","범죄발생부터 인지까지의 기간[건]","건","","1715","1807","2096","2169","824","178","","","","","","",
"신용카드업법","1시간 이내","범죄발생부터 인지까지의 기간[건]","건","","74","90","92","91","48","16","","","","","","",
"신용카드업법","2시간 이내","범죄발생부터 인지까지의 기간[건]","건","","16","24","33","13","6","2","","","","","","",
"신용카드업법","5시간 이내","범죄발생부터 인지까지의 기간[건]","건","","33","33","21","28","11","1","","","","","","",
"신용카드업법","12시간 이내","범죄발생부터 인지까지의 기간[건]","건","","35","24","19","29","11","2","","","","","","",
"신용카드업법","24시간 이내","범죄발생부터 인지까지의 기간[건]","건","","48","61","53","71","16","2","","","","","","",
"신용카드업법","2일 이내","범죄발생부터 인지까지의 기간[건]","건","","58","58","45","52","14","1","","","","","","",
"신용카드업법","5일 이내","범죄발생부터 인지까지의 기간[건]","건","","100","94","105","97","25","5","","","","","","",
"신용카드업법","10일 이내","범죄발생부터 인지까지의 기간[건]","건","","105","102","99","107","23","3","","","","","","",
"신용카드업법","1개월 이내","범죄발생부터 인지까지의 기간[건]","건","","214","210","320","182","70","9","","","","","","",
"신용카드업법","3개월 이내","범죄발생부터 인지까지의 기간[건]","건","","382","381","464","421","121","20","","","","","","",
"신용카드업법","3개월 초과","범죄발생부터 인지까지의 기간[건]","건","","650","730","845","1078","479","117","","","","","","",
"실용신안법","합계","범죄발생부터 인지까지의 기간[건]","건","","144","157","148","241","230","322","373","383","370","330","318","377",
"실용신안법","1시간 이내","범죄발생부터 인지까지의 기간[건]","건","","1","3","5","1","8","11","31","31","41","15","3","8",
"실용신안법","2시간 이내","범죄발생부터 인지까지의 기간[건]","건","","","","","","","","-","-","-","-","-","-",
"실용신안법","5시간 이내","범죄발생부터 인지까지의 기간[건]","건","","","","","","1","1","-","-","-","-","-","-",
"실용신안법","12시간 이내","범죄발생부터 인지까지의 기간[건]","건","","","","","","","1","1","-","-","-","-","-",
"실용신안법","24시간 이내","범죄발생부터 인지까지의 기간[건]","건","","","2","2","","9","2","6","8","7","8","2","-",
"실용신안법","2일 이내","범죄발생부터 인지까지의 기간[건]","건","","1","1","","","1","","4","1","5","3","-","1",
"실용신안법","5일 이내","범죄발생부터 인지까지의 기간[건]","건","","","1","2","4","","1","3","3","2","4","3","1",
"실용신안법","10일 이내","범죄발생부터 인지까지의 기간[건]","건","","4","2","2","2","3","8","9","6","5","7","1","7",
"실용신안법","1개월 이내","범죄발생부터 인지까지의 기간[건]","건","","8","11","12","30","16","20","36","31","21","25","-","24",
"실용신안법","3개월 이내","범죄발생부터 인지까지의 기간[건]","건","","25","25","23","32","33","51","52","53","52","50","4","63",
"실용신안법","3개월 초과","범죄발생부터 인지까지의 기간[건]","건","","105","112","102","172","159","227","231","250","237","218","305","273",
"액화석유가스의안전관리및사업법","합계","범죄발생부터 인지까지의 기간[건]","건","","184","219","189","180","192","256","232","362","144","165","173","190",
"액화석유가스의안전관리및사업법","1시간 이내","범죄발생부터 인지까지의 기간[건]","건","","1","2","4","","26","31","10","83","12","5","-","1",
"액화석유가스의안전관리및사업법","2시간 이내","범죄발생부터 인지까지의 기간[건]","건","","1","","","1","","1","1","1","-","-","-","-",
"액화석유가스의안전관리및사업법","5시간 이내","범죄발생부터 인지까지의 기간[건]","건","","","","","","1","4","-","-","-","-","-","-",
"액화석유가스의안전관리및사업법","12시간 이내","범죄발생부터 인지까지의 기간[건]","건","","","","","1","1","5","-","-","-","-","-","1",
"액화석유가스의안전관리및사업법","24시간 이내","범죄발생부터 인지까지의 기간[건]","건","","1","2","","6","1","12","8","27","2","1","-","-",
"액화석유가스의안전관리및사업법","2일 이내","범죄발생부터 인지까지의 기간[건]","건","","2","2","1","4","1","4","4","4","3","1","-","-",
"액화석유가스의안전관리및사업법","5일 이내","범죄발생부터 인지까지의 기간[건]","건","","6","4","5","1","9","15","14","15","6","4","-","2",
"액화석유가스의안전관리및사업법","10일 이내","범죄발생부터 인지까지의 기간[건]","건","","6","13","14","6","7","25","14","21","6","15","1","9",
"액화석유가스의안전관리및사업법","1개월 이내","범죄발생부터 인지까지의 기간[건]","건","","29","35","32","30","18","34","50","47","26","39","-","58",
"액화석유가스의안전관리및사업법","3개월 이내","범죄발생부터 인지까지의 기간[건]","건","","42","51","51","57","67","42","57","65","38","47","4","56",
"액화석유가스의안전관리및사업법","3개월 초과","범죄발생부터 인지까지의 기간[건]","건","","96","110","82","74","61","83","74","99","51","53","168","63",
"약사법","합계","범죄발생부터 인지까지의 기간[건]","건","1370","830","717","738","911","772","1714","1699","1881","1664","1662","2413","2280",
"약사법","1시간 이내","범죄발생부터 인지까지의 기간[건]","건","234","44","38","43","61","60","156","124","107","177","117","15","170",
"약사법","2시간 이내","범죄발생부터 인지까지의 기간[건]","건","17","2","3","3","4","7","15","16","10","8","6","-","7",
"약사법","5시간 이내","범죄발생부터 인지까지의 기간[건]","건","14","","1","6","2","2","18","11","3","5","10","2","7",
"약사법","12시간 이내","범죄발생부터 인지까지의 기간[건]","건","23","6","4","3","8","5","18","5","6","3","1","2","10",
"약사법","24시간 이내","범죄발생부터 인지까지의 기간[건]","건","71","11","35","19","25","17","80","59","41","52","35","2","33",
"약사법","2일 이내","범죄발생부터 인지까지의 기간[건]","건","40","16","14","12","20","15","90","29","24","31","12","4","26",
"약사법","5일 이내","범죄발생부터 인지까지의 기간[건]","건","110","27","27","35","43","38","72","74","63","60","51","3","52",
"약사법","10일 이내","범죄발생부터 인지까지의 기간[건]","건","76","46","40","40","55","24","103","96","124","115","104","6","100",
"약사법","30일 이내","범죄발생부터 인지까지의 기간[건]","건","176","","","","","","","","","","","","",
"약사법","90일 이내","범죄발생부터 인지까지의 기간[건]","건","210","","","","","","","","","","","","",
"약사법","90일 이상","범죄발생부터 인지까지의 기간[건]","건","399","","","","","","","","","","","","",
"약사법","1개월 이내","범죄발생부터 인지까지의 기간[건]","건","","127","128","135","151","149","286","339","359","304","299","38","390",
"약사법","3개월 이내","범죄발생부터 인지까지의 기간[건]","건","","190","146","175","253","179","330","357","515","358","458","29","828",
"약사법","3개월 초과","범죄발생부터 인지까지의 기간[건]","건","","361","281","267","289","276","546","589","629","551","569","2312","657",
"어선법","합계","범죄발생부터 인지까지의 기간[건]","건","","258","377","391","1012","1098","209","39","57","","","","",
"어선법","1시간 이내","범죄발생부터 인지까지의 기간[건]","건","","1","12","21","34","28","13","2","1","","","","",
"어선법","2시간 이내","범죄발생부터 인지까지의 기간[건]","건","","1","2","5","21","15","3","-","1","","","","",
"어선법","5시간 이내","범죄발생부터 인지까지의 기간[건]","건","","3","2","7","41","31","8","-","6","","","","",
"어선법","12시간 이내","범죄발생부터 인지까지의 기간[건]","건","","5","5","8","41","40","13","-","4","","","","",
"어선법","24시간 이내","범죄발생부터 인지까지의 기간[건]","건","","7","3","21","53","47","11","5","2","","","","",
"어선법","2일 이내","범죄발생부터 인지까지의 기간[건]","건","","9","12","35","95","92","17","1","4","","","","",
"어선법","5일 이내","범죄발생부터 인지까지의 기간[건]","건","","43","51","75","124","111","38","9","5","","","","",
"어선법","10일 이내","범죄발생부터 인지까지의 기간[건]","건","","37","64","45","97","106","12","2","3","","","","",
"어선법","1개월 이내","범죄발생부터 인지까지의 기간[건]","건","","79","133","78","213","172","31","7","6","","","","",
"어선법","3개월 이내","범죄발생부터 인지까지의 기간[건]","건","","53","71","55","150","159","14","4","11","","","","",
"어선법","3개월 초과","범죄발생부터 인지까지의 기간[건]","건","","20","22","41","143","297","49","9","14","","","","",
"에너지이용합리화법","합계","범죄발생부터 인지까지의 기간[건]","건","291","220","130","208","171","21","22","6","7","","","","",
"에너지이용합리화법","1시간 이내","범죄발생부터 인지까지의 기간[건]","건","3","","","","1","","","-","1","","","","",
"에너지이용합리화법","2시간 이내","범죄발생부터 인지까지의 기간[건]","건","","","","1","","","","-","-","","","","",
"에너지이용합리화법","5시간 이내","범죄발생부터 인지까지의 기간[건]","건","","1","","","1","","","-","-","","","","",
"에너지이용합리화법","12시간 이내","범죄발생부터 인지까지의 기간[건]","건","6","","","","","","","-","-","","","","",
"에너지이용합리화법","24시간 이내","범죄발생부터 인지까지의 기간[건]","건","4","1","3","1","4","","","1","-","","","","",
"에너지이용합리화법","2일 이내","범죄발생부터 인지까지의 기간[건]","건","1","","2","1","4","","","-","-","","","","",
"에너지이용합리화법","5일 이내","범죄발생부터 인지까지의 기간[건]","건","10","3","4","9","7","1","1","-","-","","","","",
"에너지이용합리화법","10일 이내","범죄발생부터 인지까지의 기간[건]","건","11","4","14","11","5","1","","-","-","","","","",
"에너지이용합리화법","30일 이내","범죄발생부터 인지까지의 기간[건]","건","46","","","","","","","","","","","","",
"에너지이용합리화법","90일 이내","범죄발생부터 인지까지의 기간[건]","건","77","","","","","","","","","","","","",
"에너지이용합리화법","90일 이상","범죄발생부터 인지까지의 기간[건]","건","133","","","","","","","","","","","","",
"에너지이용합리화법","1개월 이내","범죄발생부터 인지까지의 기간[건]","건","","43","20","23","11","7","","-","-","","","","",
"에너지이용합리화법","3개월 이내","범죄발생부터 인지까지의 기간[건]","건","","86","34","57","48","2","8","2","1","","","","",
"에너지이용합리화법","3개월 초과","범죄발생부터 인지까지의 기간[건]","건","","82","53","105","90","10","13","3","5","","","","",
"여객자동차운수사업법","합계","범죄발생부터 인지까지의 기간[건]","건","1861","1436","1319","1328","1388","781","162","561","1001","829","1234","1206","616",
"여객자동차운수사업법","1시간 이내","범죄발생부터 인지까지의 기간[건]","건","100","80","57","93","35","41","16","45","99","90","82","2","38",
"여객자동차운수사업법","2시간 이내","범죄발생부터 인지까지의 기간[건]","건","4","9","4","6","9","4","","3","10","11","5","-","1",
"여객자동차운수사업법","5시간 이내","범죄발생부터 인지까지의 기간[건]","건","13","6","7","2","4","2","1","6","6","2","9","-","3",
"여객자동차운수사업법","12시간 이내","범죄발생부터 인지까지의 기간[건]","건","3","3","3","5","4","5","2","1","5","2","2","1","2",
"여객자동차운수사업법","24시간 이내","범죄발생부터 인지까지의 기간[건]","건","25","20","12","13","16","8","2","14","19","12","15","1","9",
"여객자동차운수사업법","2일 이내","범죄발생부터 인지까지의 기간[건]","건","17","18","11","10","19","9","1","6","16","8","9","1","6",
"여객자동차운수사업법","5일 이내","범죄발생부터 인지까지의 기간[건]","건","122","38","40","48","65","32","2","21","26","19","29","1","12",
"여객자동차운수사업법","10일 이내","범죄발생부터 인지까지의 기간[건]","건","126","112","115","141","142","105","11","23","84","54","90","-","43",
"여객자동차운수사업법","30일 이내","범죄발생부터 인지까지의 기간[건]","건","484","","","","","","","","","","","","",
"여객자동차운수사업법","90일 이내","범죄발생부터 인지까지의 기간[건]","건","401","","","","","","","","","","","","",
"여객자동차운수사업법","90일 이상","범죄발생부터 인지까지의 기간[건]","건","566","","","","","","","","","","","","",
"여객자동차운수사업법","1개월 이내","범죄발생부터 인지까지의 기간[건]","건","","439","429","383","334","157","34","53","212","186","308","3","100",
"여객자동차운수사업법","3개월 이내","범죄발생부터 인지까지의 기간[건]","건","","333","287","295","352","204","37","125","207","189","355","13","167",
"여객자동차운수사업법","3개월 초과","범죄발생부터 인지까지의 기간[건]","건","","378","354","332","408","214","56","264","317","256","330","1184","235",
"여권법","합계","범죄발생부터 인지까지의 기간[건]","건","297","","","","","","","","","189","162","209","140",
"여권법","1시간 이내","범죄발생부터 인지까지의 기간[건]","건","161","","","","","","","","","10","6","-","6",
"여권법","2시간 이내","범죄발생부터 인지까지의 기간[건]","건","8","","","","","","","","","3","2","-","-",
"여권법","5시간 이내","범죄발생부터 인지까지의 기간[건]","건","13","","","","","","","","","1","1","-","-",
"여권법","12시간 이내","범죄발생부터 인지까지의 기간[건]","건","4","","","","","","","","","2","1","-","-",
"여권법","24시간 이내","범죄발생부터 인지까지의 기간[건]","건","8","","","","","","","","","-","-","1","-",
"여권법","2일 이내","범죄발생부터 인지까지의 기간[건]","건","9","","","","","","","","","2","1","-","1",
"여권법","5일 이내","범죄발생부터 인지까지의 기간[건]","건","8","","","","","","","","","2","-","-","1",
"여권법","10일 이내","범죄발생부터 인지까지의 기간[건]","건","9","","","","","","","","","2","5","1","2",
"여권법","30일 이내","범죄발생부터 인지까지의 기간[건]","건","25","","","","","","","","","","","","",
"여권법","90일 이내","범죄발생부터 인지까지의 기간[건]","건","19","","","","","","","","","","","","",
"여권법","90일 이상","범죄발생부터 인지까지의 기간[건]","건","33","","","","","","","","","","","","",
"여권법","1개월 이내","범죄발생부터 인지까지의 기간[건]","건","","","","","","","","","","10","8","2","8",
"여권법","3개월 이내","범죄발생부터 인지까지의 기간[건]","건","","","","","","","","","","17","29","4","17",
"여권법","3개월 초과","범죄발생부터 인지까지의 기간[건]","건","","","","","","","","","","140","109","201","105",
"여신전문금융업법","합계","범죄발생부터 인지까지의 기간[건]","건","","","","","","","","2952","4919","7331","7002","4563","2746",
"여신전문금융업법","1시간 이내","범죄발생부터 인지까지의 기간[건]","건","","","","","","","","243","383","675","620","16","134",
"여신전문금융업법","2시간 이내","범죄발생부터 인지까지의 기간[건]","건","","","","","","","","25","59","85","90","-","23",
"여신전문금융업법","5시간 이내","범죄발생부터 인지까지의 기간[건]","건","","","","","","","","61","105","102","113","4","39",
"여신전문금융업법","12시간 이내","범죄발생부터 인지까지의 기간[건]","건","","","","","","","","56","116","98","130","-","44",
"여신전문금융업법","24시간 이내","범죄발생부터 인지까지의 기간[건]","건","","","","","","","","84","234","252","190","5","53",
"여신전문금융업법","2일 이내","범죄발생부터 인지까지의 기간[건]","건","","","","","","","","118","215","210","138","4","43",
"여신전문금융업법","5일 이내","범죄발생부터 인지까지의 기간[건]","건","","","","","","","","174","369","405","229","13","111",
"여신전문금융업법","10일 이내","범죄발생부터 인지까지의 기간[건]","건","","","","","","","","173","283","346","233","7","106",
"여신전문금융업법","1개월 이내","범죄발생부터 인지까지의 기간[건]","건","","","","","","","","427","641","849","537","39","158",
"여신전문금융업법","3개월 이내","범죄발생부터 인지까지의 기간[건]","건","","","","","","","","559","977","1307","1177","40","225",
"여신전문금융업법","3개월 초과","범죄발생부터 인지까지의 기간[건]","건","","","","","","","","1032","1537","3002","3545","4435","1810",
"오수ㆍ분뇨및축산폐수의처리에관한법률","합계","범죄발생부터 인지까지의 기간[건]","건","","549","817","1084","883","602","689","1583","1300","1359","1092","980","799",
"오수ㆍ분뇨및축산폐수의처리에관한법률","1시간 이내","범죄발생부터 인지까지의 기간[건]","건","","1","19","54","16","15","42","75","102","138","49","9","76",
"오수ㆍ분뇨및축산폐수의처리에관한법률","2시간 이내","범죄발생부터 인지까지의 기간[건]","건","","5","2","5","","1","","12","3","3","2","1","3",
"오수ㆍ분뇨및축산폐수의처리에관한법률","5시간 이내","범죄발생부터 인지까지의 기간[건]","건","","9","3","2","1","4","1","8","3","5","-","1","3",
"오수ㆍ분뇨및축산폐수의처리에관한법률","12시간 이내","범죄발생부터 인지까지의 기간[건]","건","","4","3","3","3","3","3","9","6","5","2","-","3",
"오수ㆍ분뇨및축산폐수의처리에관한법률","24시간 이내","범죄발생부터 인지까지의 기간[건]","건","","4","18","20","11","7","16","42","33","19","15","1","23",
"오수ㆍ분뇨및축산폐수의처리에관한법률","2일 이내","범죄발생부터 인지까지의 기간[건]","건","","20","18","22","14","10","33","62","8","15","17","1","7",
"오수ㆍ분뇨및축산폐수의처리에관한법률","5일 이내","범죄발생부터 인지까지의 기간[건]","건","","41","54","62","53","36","42","73","57","82","68","3","30",
"오수ㆍ분뇨및축산폐수의처리에관한법률","10일 이내","범죄발생부터 인지까지의 기간[건]","건","","59","73","85","51","72","64","107","136","132","148","8","56",
"오수ㆍ분뇨및축산폐수의처리에관한법률","1개월 이내","범죄발생부터 인지까지의 기간[건]","건","","145","124","197","191","149","134","324","257","256","269","99","176",
"오수ㆍ분뇨및축산폐수의처리에관한법률","3개월 이내","범죄발생부터 인지까지의 기간[건]","건","","76","182","184","220","79","99","289","234","276","198","84","186",
"오수ㆍ분뇨및축산폐수의처리에관한법률","3개월 초과","범죄발생부터 인지까지의 기간[건]","건","","185","321","450","323","226","255","582","461","428","324","773","236",
"옥외광고물등관리법","합계","범죄발생부터 인지까지의 기간[건]","건","","2273","2348","1824","1437","746","766","2019","3274","1005","632","862","500",
"옥외광고물등관리법","1시간 이내","범죄발생부터 인지까지의 기간[건]","건","","29","41","25","38","25","40","305","622","190","63","5","40",
"옥외광고물등관리법","2시간 이내","범죄발생부터 인지까지의 기간[건]","건","","3","1","","1","","4","18","38","9","1","-","1",
"옥외광고물등관리법","5시간 이내","범죄발생부터 인지까지의 기간[건]","건","","","2","","","","5","18","30","9","4","-","-",
"옥외광고물등관리법","12시간 이내","범죄발생부터 인지까지의 기간[건]","건","","1","1","2","2","5","11","9","12","4","-","-","3",
"옥외광고물등관리법","24시간 이내","범죄발생부터 인지까지의 기간[건]","건","","6","48","13","12","11","17","104","200","49","15","1","8",
"옥외광고물등관리법","2일 이내","범죄발생부터 인지까지의 기간[건]","건","","19","11","11","10","9","17","37","58","15","4","-","3",
"옥외광고물등관리법","5일 이내","범죄발생부터 인지까지의 기간[건]","건","","51","45","49","32","51","44","136","158","43","25","2","14",
"옥외광고물등관리법","10일 이내","범죄발생부터 인지까지의 기간[건]","건","","126","118","118","68","66","74","204","310","71","66","12","50",
"옥외광고물등관리법","1개월 이내","범죄발생부터 인지까지의 기간[건]","건","","579","520","385","224","164","194","478","816","194","166","10","98",
"옥외광고물등관리법","3개월 이내","범죄발생부터 인지까지의 기간[건]","건","","944","792","627","416","221","180","394","602","191","142","13","111",
"옥외광고물등관리법","3개월 초과","범죄발생부터 인지까지의 기간[건]","건","","515","769","594","634","194","180","316","428","230","146","819","172",
"외국환거래법","합계","범죄발생부터 인지까지의 기간[건]","건","682","1547","664","421","481","556","269","597","917","1361","1429","2232","2772",
"외국환거래법","1시간 이내","범죄발생부터 인지까지의 기간[건]","건","254","264","54","94","100","103","61","182","403","842","708","673","556",
"외국환거래법","2시간 이내","범죄발생부터 인지까지의 기간[건]","건","63","11","60","93","48","28","24","25","8","9","51","43","40",
"외국환거래법","5시간 이내","범죄발생부터 인지까지의 기간[건]","건","83","93","50","110","46","45","41","39","7","6","13","11","22",
"외국환거래법","12시간 이내","범죄발생부터 인지까지의 기간[건]","건","5","12","2","9","5","19","1","5","8","2","3","2","49",
"외국환거래법","24시간 이내","범죄발생부터 인지까지의 기간[건]","건","31","17","8","6","53","13","3","52","31","8","3","3","18",
"외국환거래법","2일 이내","범죄발생부터 인지까지의 기간[건]","건","5","17","2","3","3","3","1","7","2","2","-","15","14",
"외국환거래법","5일 이내","범죄발생부터 인지까지의 기간[건]","건","19","7","2","7","4","5","3","8","4","12","4","12","20",
"외국환거래법","10일 이내","범죄발생부터 인지까지의 기간[건]","건","15","5","4","6","1","1","","6","5","6","11","17","21",
"외국환거래법","30일 이내","범죄발생부터 인지까지의 기간[건]","건","8","","","","","","","","","","","","",
"외국환거래법","90일 이내","범죄발생부터 인지까지의 기간[건]","건","18","","","","","","","","","","","","",
"외국환거래법","90일 이상","범죄발생부터 인지까지의 기간[건]","건","181","","","","","","","","","","","","",
"외국환거래법","1개월 이내","범죄발생부터 인지까지의 기간[건]","건","","31","4","3","7","12","3","5","12","24","10","51","40",
"외국환거래법","3개월 이내","범죄발생부터 인지까지의 기간[건]","건","","55","25","12","18","15","6","19","42","42","71","61","65",
"외국환거래법","3개월 초과","범죄발생부터 인지까지의 기간[건]","건","","1035","453","78","196","312","126","249","395","408","555","1344","1927",
"유사수신행위의규제에관한법률","합계","범죄발생부터 인지까지의 기간[건]","건","","","","","","","","","","678","403","348","365",
"유사수신행위의규제에관한법률","1시간 이내","범죄발생부터 인지까지의 기간[건]","건","","","","","","","","","","97","56","3","7",
"유사수신행위의규제에관한법률","2시간 이내","범죄발생부터 인지까지의 기간[건]","건","","","","","","","","","","-","-","-","-",
"유사수신행위의규제에관한법률","5시간 이내","범죄발생부터 인지까지의 기간[건]","건","","","","","","","","","","1","-","-","-",
"유사수신행위의규제에관한법률","12시간 이내","범죄발생부터 인지까지의 기간[건]","건","","","","","","","","","","2","-","-","1",
"유사수신행위의규제에관한법률","24시간 이내","범죄발생부터 인지까지의 기간[건]","건","","","","","","","","","","5","-","-","1",
"유사수신행위의규제에관한법률","2일 이내","범죄발생부터 인지까지의 기간[건]","건","","","","","","","","","","3","-","-","-",
"유사수신행위의규제에관한법률","5일 이내","범죄발생부터 인지까지의 기간[건]","건","","","","","","","","","","7","1","-","1",
"유사수신행위의규제에관한법률","10일 이내","범죄발생부터 인지까지의 기간[건]","건","","","","","","","","","","4","1","1","-",
"유사수신행위의규제에관한법률","1개월 이내","범죄발생부터 인지까지의 기간[건]","건","","","","","","","","","","43","27","1","11",
"유사수신행위의규제에관한법률","3개월 이내","범죄발생부터 인지까지의 기간[건]","건","","","","","","","","","","105","40","9","34",
"유사수신행위의규제에관한법률","3개월 초과","범죄발생부터 인지까지의 기간[건]","건","","","","","","","","","","411","278","334","310",
"유선및도선사업법","합계","범죄발생부터 인지까지의 기간[건]","건","","319","318","336","265","151","905","425","249","118","534","165","1342",
"유선및도선사업법","1시간 이내","범죄발생부터 인지까지의 기간[건]","건","","3","4","4","1","3","1","4","-","1","3","-","19",
"유선및도선사업법","2시간 이내","범죄발생부터 인지까지의 기간[건]","건","","3","1","","2","7","3","-","6","-","1","-","1",
"유선및도선사업법","5시간 이내","범죄발생부터 인지까지의 기간[건]","건","","2","1","11","11","6","14","13","7","5","6","-","2",
"유선및도선사업법","12시간 이내","범죄발생부터 인지까지의 기간[건]","건","","2","3","8","10","8","8","5","15","4","4","-","4",
"유선및도선사업법","24시간 이내","범죄발생부터 인지까지의 기간[건]","건","","3","4","36","8","13","14","10","11","10","11","-","9",
"유선및도선사업법","2일 이내","범죄발생부터 인지까지의 기간[건]","건","","11","12","42","16","12","22","17","20","12","14","-","19",
"유선및도선사업법","5일 이내","범죄발생부터 인지까지의 기간[건]","건","","56","58","87","33","16","28","17","17","14","17","-","40",
"유선및도선사업법","10일 이내","범죄발생부터 인지까지의 기간[건]","건","","64","49","47","27","21","19","9","3","5","3","-","59",
"유선및도선사업법","1개월 이내","범죄발생부터 인지까지의 기간[건]","건","","110","107","59","62","29","184","15","17","34","19","-","165",
"유선및도선사업법","3개월 이내","범죄발생부터 인지까지의 기간[건]","건","","53","66","34","80","24","533","33","127","27","35","-","499",
"유선및도선사업법","3개월 초과","범죄발생부터 인지까지의 기간[건]","건","","12","13","8","15","12","79","302","26","6","421","165","525",
"유해화학물질관리법","합계","범죄발생부터 인지까지의 기간[건]","건","2141","1883","2625","3067","2713","1997","1541","1419","1277","1034","734","219","174",
"유해화학물질관리법","1시간 이내","범죄발생부터 인지까지의 기간[건]","건","861","725","995","1238","1186","925","692","587","437","353","295","5","70",
"유해화학물질관리법","2시간 이내","범죄발생부터 인지까지의 기간[건]","건","127","174","244","291","230","184","114","114","80","54","57","-","10",
"유해화학물질관리법","5시간 이내","범죄발생부터 인지까지의 기간[건]","건","123","160","213","216","183","133","92","96","64","56","43","-","11",
"유해화학물질관리법","12시간 이내","범죄발생부터 인지까지의 기간[건]","건","72","132","130","156","103","90","71","59","52","40","35","1","6",
"유해화학물질관리법","24시간 이내","범죄발생부터 인지까지의 기간[건]","건","191","183","255","367","365","193","150","127","100","96","65","1","14",
"유해화학물질관리법","2일 이내","범죄발생부터 인지까지의 기간[건]","건","141","133","156","196","143","93","84","65","58","29","30","-","5",
"유해화학물질관리법","5일 이내","범죄발생부터 인지까지의 기간[건]","건","164","110","159","150","160","118","128","103","89","80","45","-","9",
"유해화학물질관리법","10일 이내","범죄발생부터 인지까지의 기간[건]","건","87","49","69","88","71","49","33","41","44","48","30","3","8",
"유해화학물질관리법","30일 이내","범죄발생부터 인지까지의 기간[건]","건","118","","","","","","","","","","","","",
"유해화학물질관리법","90일 이내","범죄발생부터 인지까지의 기간[건]","건","116","","","","","","","","","","","","",
"유해화학물질관리법","90일 이상","범죄발생부터 인지까지의 기간[건]","건","141","","","","","","","","","","","","",
"유해화학물질관리법","1개월 이내","범죄발생부터 인지까지의 기간[건]","건","","78","134","123","93","64","67","85","84","91","61","4","11",
"유해화학물질관리법","3개월 이내","범죄발생부터 인지까지의 기간[건]","건","","47","101","77","58","53","51","52","98","38","26","7","11",
"유해화학물질관리법","3개월 초과","범죄발생부터 인지까지의 기간[건]","건","","92","169","165","121","95","59","90","171","149","47","198","19",
"유해화학물질관리법(환각물질흡입)","합계","범죄발생부터 인지까지의 기간[건]","건","","","","","","","","71","131","","","","",
"유해화학물질관리법(환각물질흡입)","1시간 이내","범죄발생부터 인지까지의 기간[건]","건","","","","","","","","18","47","","","","",
"유해화학물질관리법(환각물질흡입)","2시간 이내","범죄발생부터 인지까지의 기간[건]","건","","","","","","","","6","3","","","","",
"유해화학물질관리법(환각물질흡입)","5시간 이내","범죄발생부터 인지까지의 기간[건]","건","","","","","","","","2","7","","","","",
"유해화학물질관리법(환각물질흡입)","12시간 이내","범죄발생부터 인지까지의 기간[건]","건","","","","","","","","2","7","","","","",
"유해화학물질관리법(환각물질흡입)","24시간 이내","범죄발생부터 인지까지의 기간[건]","건","","","","","","","","12","12","","","","",
"유해화학물질관리법(환각물질흡입)","2일 이내","범죄발생부터 인지까지의 기간[건]","건","","","","","","","","4","4","","","","",
"유해화학물질관리법(환각물질흡입)","5일 이내","범죄발생부터 인지까지의 기간[건]","건","","","","","","","","12","20","","","","",
"유해화학물질관리법(환각물질흡입)","10일 이내","범죄발생부터 인지까지의 기간[건]","건","","","","","","","","2","12","","","","",
"유해화학물질관리법(환각물질흡입)","1개월 이내","범죄발생부터 인지까지의 기간[건]","건","","","","","","","","5","9","","","","",
"유해화학물질관리법(환각물질흡입)","3개월 이내","범죄발생부터 인지까지의 기간[건]","건","","","","","","","","2","6","","","","",
"유해화학물질관리법(환각물질흡입)","3개월 초과","범죄발생부터 인지까지의 기간[건]","건","","","","","","","","6","4","","","","",
"윤락행위등방지법","합계","범죄발생부터 인지까지의 기간[건]","건","608","495","430","675","975","1372","2085","2822","4093","3589","3336","2910","365",
"윤락행위등방지법","1시간 이내","범죄발생부터 인지까지의 기간[건]","건","77","92","83","126","207","282","339","486","878","831","768","10","21",
"윤락행위등방지법","2시간 이내","범죄발생부터 인지까지의 기간[건]","건","12","19","20","26","23","32","54","82","125","91","80","3","-",
"윤락행위등방지법","5시간 이내","범죄발생부터 인지까지의 기간[건]","건","13","24","14","26","17","48","50","73","112","88","76","3","2",
"윤락행위등방지법","12시간 이내","범죄발생부터 인지까지의 기간[건]","건","19","18","15","23","31","30","46","69","58","58","39","4","2",
"윤락행위등방지법","24시간 이내","범죄발생부터 인지까지의 기간[건]","건","45","42","28","44","63","79","103","216","245","229","138","3","6",
"윤락행위등방지법","2일 이내","범죄발생부터 인지까지의 기간[건]","건","26","18","26","27","36","50","65","83","126","108","81","1","1",
"윤락행위등방지법","5일 이내","범죄발생부터 인지까지의 기간[건]","건","46","34","34","48","70","78","145","175","224","205","129","2","-",
"윤락행위등방지법","10일 이내","범죄발생부터 인지까지의 기간[건]","건","34","33","23","36","64","69","150","139","221","186","124","5","6",
"윤락행위등방지법","30일 이내","범죄발생부터 인지까지의 기간[건]","건","52","","","","","","","","","","","","",
"윤락행위등방지법","90일 이내","범죄발생부터 인지까지의 기간[건]","건","63","","","","","","","","","","","","",
"윤락행위등방지법","90일 이상","범죄발생부터 인지까지의 기간[건]","건","221","","","","","","","","","","","","",
"윤락행위등방지법","1개월 이내","범죄발생부터 인지까지의 기간[건]","건","","72","48","93","111","187","289","358","508","382","322","17","12",
"윤락행위등방지법","3개월 이내","범죄발생부터 인지까지의 기간[건]","건","","51","62","94","147","213","351","461","560","450","530","29","22",
"윤락행위등방지법","3개월 초과","범죄발생부터 인지까지의 기간[건]","건","","92","77","132","206","304","493","680","1036","961","1049","2833","293",
"윤락행위등방지법(청소년)","합계","범죄발생부터 인지까지의 기간[건]","건","","","","","","","","-","9","","","","",
"윤락행위등방지법(청소년)","1시간 이내","범죄발생부터 인지까지의 기간[건]","건","","","","","","","","-","-","","","","",
"윤락행위등방지법(청소년)","2시간 이내","범죄발생부터 인지까지의 기간[건]","건","","","","","","","","-","-","","","","",
"윤락행위등방지법(청소년)","5시간 이내","범죄발생부터 인지까지의 기간[건]","건","","","","","","","","-","-","","","","",
"윤락행위등방지법(청소년)","12시간 이내","범죄발생부터 인지까지의 기간[건]","건","","","","","","","","-","-","","","","",
"윤락행위등방지법(청소년)","24시간 이내","범죄발생부터 인지까지의 기간[건]","건","","","","","","","","-","8","","","","",
"윤락행위등방지법(청소년)","2일 이내","범죄발생부터 인지까지의 기간[건]","건","","","","","","","","-","-","","","","",
"윤락행위등방지법(청소년)","5일 이내","범죄발생부터 인지까지의 기간[건]","건","","","","","","","","-","-","","","","",
"윤락행위등방지법(청소년)","10일 이내","범죄발생부터 인지까지의 기간[건]","건","","","","","","","","-","-","","","","",
"윤락행위등방지법(청소년)","1개월 이내","범죄발생부터 인지까지의 기간[건]","건","","","","","","","","-","-","","","","",
"윤락행위등방지법(청소년)","3개월 이내","범죄발생부터 인지까지의 기간[건]","건","","","","","","","","-","1","","","","",
"윤락행위등방지법(청소년)","3개월 초과","범죄발생부터 인지까지의 기간[건]","건","","","","","","","","-","-","","","","",
"음반ㆍ비디오물및게임물에관한법률","합계","범죄발생부터 인지까지의 기간[건]","건","1708","1356","1251","1782","1517","1565","9366","19531","11632","14571","13680","20195","15791",
"음반ㆍ비디오물및게임물에관한법률","1시간 이내","범죄발생부터 인지까지의 기간[건]","건","282","247","332","473","310","396","2291","5653","4172","5094","5066","154","3157",
"음반ㆍ비디오물및게임물에관한법률","2시간 이내","범죄발생부터 인지까지의 기간[건]","건","17","23","47","38","27","36","202","548","425","449","497","19","262",
"음반ㆍ비디오물및게임물에관한법률","5시간 이내","범죄발생부터 인지까지의 기간[건]","건","28","16","46","24","23","35","144","355","292","422","344","12","271",
"음반ㆍ비디오물및게임물에관한법률","12시간 이내","범죄발생부터 인지까지의 기간[건]","건","23","12","33","19","32","16","90","208","112","109","121","6","275",
"음반ㆍ비디오물및게임물에관한법률","24시간 이내","범죄발생부터 인지까지의 기간[건]","건","79","47","85","97","123","83","593","1116","761","931","800","17","973",
"음반ㆍ비디오물및게임물에관한법률","2일 이내","범죄발생부터 인지까지의 기간[건]","건","67","73","65","70","56","51","407","759","395","524","386","13","537",
"음반ㆍ비디오물및게임물에관한법률","5일 이내","범죄발생부터 인지까지의 기간[건]","건","197","127","119","137","130","96","929","1642","867","1098","1044","45","1372",
"음반ㆍ비디오물및게임물에관한법률","10일 이내","범죄발생부터 인지까지의 기간[건]","건","108","99","117","168","102","98","813","1491","847","1122","1006","97","1695",
"음반ㆍ비디오물및게임물에관한법률","30일 이내","범죄발생부터 인지까지의 기간[건]","건","228","","","","","","","","","","","","",
"음반ㆍ비디오물및게임물에관한법률","90일 이내","범죄발생부터 인지까지의 기간[건]","건","221","","","","","","","","","","","","",
"음반ㆍ비디오물및게임물에관한법률","90일 이상","범죄발생부터 인지까지의 기간[건]","건","458","","","","","","","","","","","","",
"음반ㆍ비디오물및게임물에관한법률","1개월 이내","범죄발생부터 인지까지의 기간[건]","건","","255","249","306","198","196","1545","3405","1611","2045","1810","219","2927",
"음반ㆍ비디오물및게임물에관한법률","3개월 이내","범죄발생부터 인지까지의 기간[건]","건","","176","186","240","230","232","1235","2148","1144","1688","1449","189","2551",
"음반ㆍ비디오물및게임물에관한법률","3개월 초과","범죄발생부터 인지까지의 기간[건]","건","","281","242","210","286","326","1117","2206","1006","1089","1157","19424","1771",
"의료기사등에관한법률","합계","범죄발생부터 인지까지의 기간[건]","건","","70","45","28","3","7","8","46","56","","","","",
"의료기사등에관한법률","1시간 이내","범죄발생부터 인지까지의 기간[건]","건","","2","2","","","","","6","5","","","","",
"의료기사등에관한법률","2시간 이내","범죄발생부터 인지까지의 기간[건]","건","","","","","","","","-","-","","","","",
"의료기사등에관한법률","5시간 이내","범죄발생부터 인지까지의 기간[건]","건","","","","","","","","-","-","","","","",
"의료기사등에관한법률","12시간 이내","범죄발생부터 인지까지의 기간[건]","건","","","","","","","","-","-","","","","",
"의료기사등에관한법률","24시간 이내","범죄발생부터 인지까지의 기간[건]","건","","2","","1","","","","2","3","","","","",
"의료기사등에관한법률","2일 이내","범죄발생부터 인지까지의 기간[건]","건","","2","4","","","1","1","1","-","","","","",
"의료기사등에관한법률","5일 이내","범죄발생부터 인지까지의 기간[건]","건","","5","4","1","","2","1","1","1","","","","",
"의료기사등에관한법률","10일 이내","범죄발생부터 인지까지의 기간[건]","건","","3","1","","","","2","-","4","","","","",
"의료기사등에관한법률","1개월 이내","범죄발생부터 인지까지의 기간[건]","건","","14","6","17","","","2","13","11","","","","",
"의료기사등에관한법률","3개월 이내","범죄발생부터 인지까지의 기간[건]","건","","13","11","3","1","2","","8","10","","","","",
"의료기사등에관한법률","3개월 초과","범죄발생부터 인지까지의 기간[건]","건","","29","17","6","2","2","2","15","22","","","","",
"의료법","합계","범죄발생부터 인지까지의 기간[건]","건","597","427","406","360","394","343","993","1025","1167","1284","1537","2100","1733",
"의료법","1시간 이내","범죄발생부터 인지까지의 기간[건]","건","58","23","21","12","14","30","109","161","156","209","286","14","134",
"의료법","2시간 이내","범죄발생부터 인지까지의 기간[건]","건","6","1","9","","3","4","8","21","22","19","37","1","9",
"의료법","5시간 이내","범죄발생부터 인지까지의 기간[건]","건","6","3","1","5","2","1","7","9","9","9","15","1","17",
"의료법","12시간 이내","범죄발생부터 인지까지의 기간[건]","건","6","2","1","2","2","1","12","10","6","6","2","-","20",
"의료법","24시간 이내","범죄발생부터 인지까지의 기간[건]","건","12","7","11","5","11","3","38","44","44","33","64","-","33",
"의료법","2일 이내","범죄발생부터 인지까지의 기간[건]","건","19","9","10","9","8","4","23","30","22","32","30","2","16",
"의료법","5일 이내","범죄발생부터 인지까지의 기간[건]","건","38","23","32","22","26","17","39","43","51","41","64","3","43",
"의료법","10일 이내","범죄발생부터 인지까지의 기간[건]","건","34","21","27","16","28","26","51","48","62","53","95","2","63",
"의료법","30일 이내","범죄발생부터 인지까지의 기간[건]","건","78","","","","","","","","","","","","",
"의료법","90일 이내","범죄발생부터 인지까지의 기간[건]","건","86","","","","","","","","","","","","",
"의료법","90일 이상","범죄발생부터 인지까지의 기간[건]","건","254","","","","","","","","","","","","",
"의료법","1개월 이내","범죄발생부터 인지까지의 기간[건]","건","","58","52","57","71","49","163","166","178","127","158","12","254",
"의료법","3개월 이내","범죄발생부터 인지까지의 기간[건]","건","","73","72","59","78","71","208","168","234","197","274","31","315",
"의료법","3개월 초과","범죄발생부터 인지까지의 기간[건]","건","","207","170","173","151","137","335","325","383","558","512","2034","829",
"의장법","합계","범죄발생부터 인지까지의 기간[건]","건","","","","","","","","340","324","347","295","","",
"의장법","1시간 이내","범죄발생부터 인지까지의 기간[건]","건","","","","","","","","15","14","25","17","","",
"의장법","2시간 이내","범죄발생부터 인지까지의 기간[건]","건","","","","","","","","-","1","1","-","","",
"의장법","5시간 이내","범죄발생부터 인지까지의 기간[건]","건","","","","","","","","-","-","-","-","","",
"의장법","12시간 이내","범죄발생부터 인지까지의 기간[건]","건","","","","","","","","-","-","1","-","","",
"의장법","24시간 이내","범죄발생부터 인지까지의 기간[건]","건","","","","","","","","13","9","2","1","","",
"의장법","2일 이내","범죄발생부터 인지까지의 기간[건]","건","","","","","","","","1","-","-","3","","",
"의장법","5일 이내","범죄발생부터 인지까지의 기간[건]","건","","","","","","","","3","4","13","3","","",
"의장법","10일 이내","범죄발생부터 인지까지의 기간[건]","건","","","","","","","","4","9","10","7","","",
"의장법","1개월 이내","범죄발생부터 인지까지의 기간[건]","건","","","","","","","","42","31","37","30","","",
"의장법","3개월 이내","범죄발생부터 인지까지의 기간[건]","건","","","","","","","","60","53","64","56","","",
"의장법","3개월 초과","범죄발생부터 인지까지의 기간[건]","건","","","","","","","","202","203","194","178","","",
"인장업법","합계","범죄발생부터 인지까지의 기간[건]","건","","61","64","48","47","50","19","","","","","","",
"인장업법","1시간 이내","범죄발생부터 인지까지의 기간[건]","건","","2","2","","1","2","","","","","","","",
"인장업법","5시간 이내","범죄발생부터 인지까지의 기간[건]","건","","","","1","","","","","","","","","",
"인장업법","12시간 이내","범죄발생부터 인지까지의 기간[건]","건","","2","","","","","","","","","","","",
"인장업법","24시간 이내","범죄발생부터 인지까지의 기간[건]","건","","1","2","","","","1","","","","","","",
"인장업법","2일 이내","범죄발생부터 인지까지의 기간[건]","건","","","1","3","1","1","2","","","","","","",
"인장업법","5일 이내","범죄발생부터 인지까지의 기간[건]","건","","2","5","1","","1","2","","","","","","",
"인장업법","10일 이내","범죄발생부터 인지까지의 기간[건]","건","","4","2","4","5","3","","","","","","","",
"인장업법","1개월 이내","범죄발생부터 인지까지의 기간[건]","건","","7","8","4","6","4","2","","","","","","",
"인장업법","3개월 이내","범죄발생부터 인지까지의 기간[건]","건","","11","13","11","7","9","1","","","","","","",
"인장업법","3개월 초과","범죄발생부터 인지까지의 기간[건]","건","","32","31","24","27","30","11","","","","","","",
"임대주택법","합계","범죄발생부터 인지까지의 기간[건]","건","","106","5","1","","9","","","","","","","",
"임대주택법","5일 이내","범죄발생부터 인지까지의 기간[건]","건","","11","","","","","","","","","","","",
"임대주택법","10일 이내","범죄발생부터 인지까지의 기간[건]","건","","3","","","","","","","","","","","",
"임대주택법","1개월 이내","범죄발생부터 인지까지의 기간[건]","건","","6","2","","","","","","","","","","",
"임대주택법","3개월 이내","범죄발생부터 인지까지의 기간[건]","건","","22","2","1","","","","","","","","","",
"임대주택법","3개월 초과","범죄발생부터 인지까지의 기간[건]","건","","64","1","","","9","","","","","","","",
"자동차관리법","합계","범죄발생부터 인지까지의 기간[건]","건","1005","38341","34210","33798","24621","35325","47901","40453","52731","30537","18895","27707","35457",
"자동차관리법","1시간 이내","범죄발생부터 인지까지의 기간[건]","건","18","1430","805","1160","598","851","1397","1235","2498","2906","1813","959","2167",
"자동차관리법","2시간 이내","범죄발생부터 인지까지의 기간[건]","건","2","86","57","92","41","69","82","107","174","172","54","62","77",
"자동차관리법","5시간 이내","범죄발생부터 인지까지의 기간[건]","건","2","59","43","73","32","33","70","45","107","101","65","144","166",
"자동차관리법","12시간 이내","범죄발생부터 인지까지의 기간[건]","건","2","34","34","36","20","51","151","50","83","58","44","120","278",
"자동차관리법","24시간 이내","범죄발생부터 인지까지의 기간[건]","건","32","178","178","305","183","205","308","355","632","409","183","200","483",
"자동차관리법","2일 이내","범죄발생부터 인지까지의 기간[건]","건","4","182","104","122","114","147","216","189","302","202","101","105","198",
"자동차관리법","5일 이내","범죄발생부터 인지까지의 기간[건]","건","47","547","370","410","268","422","557","572","628","458","297","64","401",
"자동차관리법","10일 이내","범죄발생부터 인지까지의 기간[건]","건","57","1188","645","747","571","608","783","811","1005","637","379","132","716",
"자동차관리법","30일 이내","범죄발생부터 인지까지의 기간[건]","건","236","","","","","","","","","","","","",
"자동차관리법","90일 이내","범죄발생부터 인지까지의 기간[건]","건","221","","","","","","","","","","","","",
"자동차관리법","90일 이상","범죄발생부터 인지까지의 기간[건]","건","384","","","","","","","","","","","","",
"자동차관리법","1개월 이내","범죄발생부터 인지까지의 기간[건]","건","","5423","3660","3009","2008","2313","2815","2853","4556","2404","1478","1299","3501",
"자동차관리법","3개월 이내","범죄발생부터 인지까지의 기간[건]","건","","8854","9169","8944","4360","6517","9055","7651","10772","6264","4606","1588","6764",
"자동차관리법","3개월 초과","범죄발생부터 인지까지의 기간[건]","건","","20360","19145","18900","16426","24109","32467","26585","31974","16926","9875","23034","20706",
"자동차손해배상보장법","합계","범죄발생부터 인지까지의 기간[건]","건","","458","430","2284","2796","5340","8633","3474","3637","1548","917","1617","8764",
"자동차손해배상보장법","1시간 이내","범죄발생부터 인지까지의 기간[건]","건","","84","35","74","159","142","297","299","344","107","132","108","188",
"자동차손해배상보장법","2시간 이내","범죄발생부터 인지까지의 기간[건]","건","","53","45","39","54","52","61","80","69","11","10","3","4",
"자동차손해배상보장법","5시간 이내","범죄발생부터 인지까지의 기간[건]","건","","33","46","29","49","27","39","34","17","3","1","4","4",
"자동차손해배상보장법","12시간 이내","범죄발생부터 인지까지의 기간[건]","건","","1","5","12","4","8","12","12","6","2","-","3","7",
"자동차손해배상보장법","24시간 이내","범죄발생부터 인지까지의 기간[건]","건","","11","5","82","503","135","119","46","62","23","16","17","23",
"자동차손해배상보장법","2일 이내","범죄발생부터 인지까지의 기간[건]","건","","7","16","11","19","44","39","30","11","32","2","11","15",
"자동차손해배상보장법","5일 이내","범죄발생부터 인지까지의 기간[건]","건","","16","16","23","36","82","109","52","30","24","9","12","42",
"자동차손해배상보장법","10일 이내","범죄발생부터 인지까지의 기간[건]","건","","7","12","26","50","112","110","55","69","28","29","42","93",
"자동차손해배상보장법","1개월 이내","범죄발생부터 인지까지의 기간[건]","건","","35","17","98","109","330","368","258","155","98","145","362","510",
"자동차손해배상보장법","3개월 이내","범죄발생부터 인지까지의 기간[건]","건","","50","73","152","193","693","909","547","405","221","209","198","534",
"자동차손해배상보장법","3개월 초과","범죄발생부터 인지까지의 기간[건]","건","","161","160","1738","1620","3715","6570","2061","2469","999","364","857","7344",
"자연공원법","합계","범죄발생부터 인지까지의 기간[건]","건","","400","387","340","242","265","305","476","387","383","345","249","258",
"자연공원법","1시간 이내","범죄발생부터 인지까지의 기간[건]","건","","7","","6","3","2","3","17","6","5","15","-","4",
"자연공원법","2시간 이내","범죄발생부터 인지까지의 기간[건]","건","","1","","","","","2","1","-","1","1","-","-",
"자연공원법","5시간 이내","범죄발생부터 인지까지의 기간[건]","건","","","","","","","2","-","-","2","1","-","1",
"자연공원법","12시간 이내","범죄발생부터 인지까지의 기간[건]","건","","","","3","","","1","3","-","1","1","-","3",
"자연공원법","24시간 이내","범죄발생부터 인지까지의 기간[건]","건","","5","1","7","5","3","2","4","6","2","8","-","1",
"자연공원법","2일 이내","범죄발생부터 인지까지의 기간[건]","건","","5","3","1","2","4","2","9","2","11","5","-","5",
"자연공원법","5일 이내","범죄발생부터 인지까지의 기간[건]","건","","21","17","15","17","15","12","18","20","17","21","-","10",
"자연공원법","10일 이내","범죄발생부터 인지까지의 기간[건]","건","","27","25","25","34","29","25","37","66","34","30","-","25",
"자연공원법","1개월 이내","범죄발생부터 인지까지의 기간[건]","건","","65","106","85","43","61","77","90","105","95","63","2","53",
"자연공원법","3개월 이내","범죄발생부터 인지까지의 기간[건]","건","","83","61","89","37","51","48","78","45","81","76","2","67",
"자연공원법","3개월 초과","범죄발생부터 인지까지의 기간[건]","건","","186","174","109","101","100","131","219","137","134","124","245","89",
"장사등에관한법률","합계","범죄발생부터 인지까지의 기간[건]","건","","177","155","143","183","184","320","213","193","","","","",
"장사등에관한법률","1시간 이내","범죄발생부터 인지까지의 기간[건]","건","","1","1","","2","1","6","3","2","","","","",
"장사등에관한법률","2시간 이내","범죄발생부터 인지까지의 기간[건]","건","","","","1","","","","-","-","","","","",
"장사등에관한법률","5시간 이내","범죄발생부터 인지까지의 기간[건]","건","","","1","","","1","","-","-","","","","",
"장사등에관한법률","12시간 이내","범죄발생부터 인지까지의 기간[건]","건","","","","","","","1","-","-","","","","",
"장사등에관한법률","24시간 이내","범죄발생부터 인지까지의 기간[건]","건","","1","3","1","1","1","3","1","-","","","","",
"장사등에관한법률","2일 이내","범죄발생부터 인지까지의 기간[건]","건","","1","1","2","2","4","4","2","2","","","","",
"장사등에관한법률","5일 이내","범죄발생부터 인지까지의 기간[건]","건","","2","7","3","2","12","6","2","2","","","","",
"장사등에관한법률","10일 이내","범죄발생부터 인지까지의 기간[건]","건","","8","10","7","6","8","6","6","8","","","","",
"장사등에관한법률","1개월 이내","범죄발생부터 인지까지의 기간[건]","건","","17","19","19","27","26","26","29","19","","","","",
"장사등에관한법률","3개월 이내","범죄발생부터 인지까지의 기간[건]","건","","38","37","35","47","33","46","38","37","","","","",
"장사등에관한법률","3개월 초과","범죄발생부터 인지까지의 기간[건]","건","","109","76","75","96","98","222","132","123","","","","",
"저작권법","합계","범죄발생부터 인지까지의 기간[건]","건","3208","4731","6316","6503","6399","6613","7981","7175","6556","7878","8197","10275","11182",
"저작권법","1시간 이내","범죄발생부터 인지까지의 기간[건]","건","46","61","80","131","63","89","153","106","118","177","181","20","250",
"저작권법","2시간 이내","범죄발생부터 인지까지의 기간[건]","건","14","4","4","3","1","5","3","6","1","2","4","1","1",
"저작권법","5시간 이내","범죄발생부터 인지까지의 기간[건]","건","3","","3","3","","1","2","1","-","-","-","-","7",
"저작권법","12시간 이내","범죄발생부터 인지까지의 기간[건]","건","10","5","11","6","3","12","13","1","-","5","2","1","10",
"저작권법","24시간 이내","범죄발생부터 인지까지의 기간[건]","건","28","34","60","46","94","73","73","56","95","58","65","3","48",
"저작권법","2일 이내","범죄발생부터 인지까지의 기간[건]","건","32","42","75","54","134","126","97","65","65","57","85","4","64",
"저작권법","5일 이내","범죄발생부터 인지까지의 기간[건]","건","261","89","108","168","221","240","241","218","217","223","206","14","131",
"저작권법","10일 이내","범죄발생부터 인지까지의 기간[건]","건","168","119","205","192","183","148","165","235","205","135","245","4","194",
"저작권법","30일 이내","범죄발생부터 인지까지의 기간[건]","건","384","","","","","","","","","","","","",
"저작권법","90일 이내","범죄발생부터 인지까지의 기간[건]","건","555","","","","","","","","","","","","",
"저작권법","90일 이상","범죄발생부터 인지까지의 기간[건]","건","1707","","","","","","","","","","","","",
"저작권법","1개월 이내","범죄발생부터 인지까지의 기간[건]","건","","437","703","622","479","433","460","642","495","502","716","52","927",
"저작권법","3개월 이내","범죄발생부터 인지까지의 기간[건]","건","","716","1271","1308","1182","1141","1344","1286","1323","1523","1762","96","2592",
"저작권법","3개월 초과","범죄발생부터 인지까지의 기간[건]","건","","3224","3796","3970","4039","4345","5430","4559","4037","5196","4931","10080","6958",
"전기공사업법","합계","범죄발생부터 인지까지의 기간[건]","건","","73","90","38","109","28","","","","","","","",
"전기공사업법","1시간 이내","범죄발생부터 인지까지의 기간[건]","건","","","1","2","","3","","","","","","","",
"전기공사업법","2시간 이내","범죄발생부터 인지까지의 기간[건]","건","","1","","","","","","","","","","","",
"전기공사업법","2일 이내","범죄발생부터 인지까지의 기간[건]","건","","","7","","","1","","","","","","","",
"전기공사업법","5일 이내","범죄발생부터 인지까지의 기간[건]","건","","4","1","","","1","","","","","","","",
"전기공사업법","10일 이내","범죄발생부터 인지까지의 기간[건]","건","","2","4","","","","","","","","","","",
"전기공사업법","1개월 이내","범죄발생부터 인지까지의 기간[건]","건","","6","3","3","2","5","","","","","","","",
"전기공사업법","3개월 이내","범죄발생부터 인지까지의 기간[건]","건","","11","11","4","10","1","","","","","","","",
"전기공사업법","3개월 초과","범죄발생부터 인지까지의 기간[건]","건","","49","63","29","97","17","","","","","","","",
"전기사업법","합계","범죄발생부터 인지까지의 기간[건]","건","379","358","284","153","169","69","40","","","44","85","88","72",
"전기사업법","1시간 이내","범죄발생부터 인지까지의 기간[건]","건","5","15","45","1","4","1","5","","","9","3","-","-",
"전기사업법","2시간 이내","범죄발생부터 인지까지의 기간[건]","건","","","1","","","","","","","-","1","-","-",
"전기사업법","5시간 이내","범죄발생부터 인지까지의 기간[건]","건","","","","1","","","","","","-","-","-","-",
"전기사업법","12시간 이내","범죄발생부터 인지까지의 기간[건]","건","","","","","","","","","","-","-","-","-",
"전기사업법","24시간 이내","범죄발생부터 인지까지의 기간[건]","건","7","1","3","","4","1","","","","1","1","1","-",
"전기사업법","2일 이내","범죄발생부터 인지까지의 기간[건]","건","3","3","","","2","","","","","-","-","-","1",
"전기사업법","5일 이내","범죄발생부터 인지까지의 기간[건]","건","13","5","4","","9","3","","","","-","2","-","-",
"전기사업법","10일 이내","범죄발생부터 인지까지의 기간[건]","건","18","28","19","","5","3","1","","","-","1","-","5",
"전기사업법","30일 이내","범죄발생부터 인지까지의 기간[건]","건","72","","","","","","","","","","","","",
"전기사업법","90일 이내","범죄발생부터 인지까지의 기간[건]","건","124","","","","","","","","","","","","",
"전기사업법","90일 이상","범죄발생부터 인지까지의 기간[건]","건","137","","","","","","","","","","","","",
"전기사업법","1개월 이내","범죄발생부터 인지까지의 기간[건]","건","","48","64","19","36","10","5","","","4","5","-","3",
"전기사업법","3개월 이내","범죄발생부터 인지까지의 기간[건]","건","","163","95","58","46","25","15","","","3","15","-","7",
"전기사업법","3개월 초과","범죄발생부터 인지까지의 기간[건]","건","","95","53","66","63","26","14","","","27","57","87","56",
"전기용품안전관리법","합계","범죄발생부터 인지까지의 기간[건]","건","","","","","","","","67","47","","","","",
"전기용품안전관리법","1시간 이내","범죄발생부터 인지까지의 기간[건]","건","","","","","","","","1","3","","","","",
"전기용품안전관리법","2시간 이내","범죄발생부터 인지까지의 기간[건]","건","","","","","","","","-","-","","","","",
"전기용품안전관리법","5시간 이내","범죄발생부터 인지까지의 기간[건]","건","","","","","","","","-","1","","","","",
"전기용품안전관리법","12시간 이내","범죄발생부터 인지까지의 기간[건]","건","","","","","","","","-","-","","","","",
"전기용품안전관리법","24시간 이내","범죄발생부터 인지까지의 기간[건]","건","","","","","","","","-","1","","","","",
"전기용품안전관리법","2일 이내","범죄발생부터 인지까지의 기간[건]","건","","","","","","","","2","-","","","","",
"전기용품안전관리법","5일 이내","범죄발생부터 인지까지의 기간[건]","건","","","","","","","","4","-","","","","",
"전기용품안전관리법","10일 이내","범죄발생부터 인지까지의 기간[건]","건","","","","","","","","1","-","","","","",
"전기용품안전관리법","1개월 이내","범죄발생부터 인지까지의 기간[건]","건","","","","","","","","11","5","","","","",
"전기용품안전관리법","3개월 이내","범죄발생부터 인지까지의 기간[건]","건","","","","","","","","33","9","","","","",
"전기용품안전관리법","3개월 초과","범죄발생부터 인지까지의 기간[건]","건","","","","","","","","15","28","","","","",
"전기통신기본법","합계","범죄발생부터 인지까지의 기간[건]","건","","","","","","","","","","33","24","18","19",
"전기통신기본법","1시간 이내","범죄발생부터 인지까지의 기간[건]","건","","","","","","","","","","21","13","-","3",
"전기통신기본법","2시간 이내","범죄발생부터 인지까지의 기간[건]","건","","","","","","","","","","2","3","-","1",
"전기통신기본법","5시간 이내","범죄발생부터 인지까지의 기간[건]","건","","","","","","","","","","1","-","-","-",
"전기통신기본법","12시간 이내","범죄발생부터 인지까지의 기간[건]","건","","","","","","","","","","-","-","-","-",
"전기통신기본법","24시간 이내","범죄발생부터 인지까지의 기간[건]","건","","","","","","","","","","1","-","-","-",
"전기통신기본법","2일 이내","범죄발생부터 인지까지의 기간[건]","건","","","","","","","","","","-","-","-","1",
"전기통신기본법","5일 이내","범죄발생부터 인지까지의 기간[건]","건","","","","","","","","","","1","-","-","-",
"전기통신기본법","10일 이내","범죄발생부터 인지까지의 기간[건]","건","","","","","","","","","","2","-","-","1",
"전기통신기본법","1개월 이내","범죄발생부터 인지까지의 기간[건]","건","","","","","","","","","","-","-","-","1",
"전기통신기본법","3개월 이내","범죄발생부터 인지까지의 기간[건]","건","","","","","","","","","","3","3","-","2",
"전기통신기본법","3개월 초과","범죄발생부터 인지까지의 기간[건]","건","","","","","","","","","","2","5","18","10",
"전기통신사업법","합계","범죄발생부터 인지까지의 기간[건]","건","","","","","","","","","","305","177","216","127",
"전기통신사업법","1시간 이내","범죄발생부터 인지까지의 기간[건]","건","","","","","","","","","","135","65","-","22",
"전기통신사업법","2시간 이내","범죄발생부터 인지까지의 기간[건]","건","","","","","","","","","","9","5","-","2",
"전기통신사업법","5시간 이내","범죄발생부터 인지까지의 기간[건]","건","","","","","","","","","","11","7","-","2",
"전기통신사업법","12시간 이내","범죄발생부터 인지까지의 기간[건]","건","","","","","","","","","","6","-","-","3",
"전기통신사업법","24시간 이내","범죄발생부터 인지까지의 기간[건]","건","","","","","","","","","","9","4","-","1",
"전기통신사업법","2일 이내","범죄발생부터 인지까지의 기간[건]","건","","","","","","","","","","3","1","-","5",
"전기통신사업법","5일 이내","범죄발생부터 인지까지의 기간[건]","건","","","","","","","","","","10","13","1","3",
"전기통신사업법","10일 이내","범죄발생부터 인지까지의 기간[건]","건","","","","","","","","","","13","5","1","5",
"전기통신사업법","1개월 이내","범죄발생부터 인지까지의 기간[건]","건","","","","","","","","","","27","15","5","8",
"전기통신사업법","3개월 이내","범죄발생부터 인지까지의 기간[건]","건","","","","","","","","","","34","24","6","21",
"전기통신사업법","3개월 초과","범죄발생부터 인지까지의 기간[건]","건","","","","","","","","","","48","38","203","55",
"전염병예방법","합계","범죄발생부터 인지까지의 기간[건]","건","","81","170","217","119","182","228","349","403","467","301","360","111",
"전염병예방법","1시간 이내","범죄발생부터 인지까지의 기간[건]","건","","2","7","15","8","14","3","24","38","69","68","1","11",
"전염병예방법","2시간 이내","범죄발생부터 인지까지의 기간[건]","건","","","","1","","","","1","-","6","2","-","-",
"전염병예방법","5시간 이내","범죄발생부터 인지까지의 기간[건]","건","","","","","","","1","1","-","5","-","-","-",
"전염병예방법","12시간 이내","범죄발생부터 인지까지의 기간[건]","건","","","","1","","","2","-","2","1","-","-","1",
"전염병예방법","24시간 이내","범죄발생부터 인지까지의 기간[건]","건","","4","1","2","5","5","6","23","5","8","8","1","1",
"전염병예방법","2일 이내","범죄발생부터 인지까지의 기간[건]","건","","","2","5","2","5","4","10","8","6","4","-","4",
"전염병예방법","5일 이내","범죄발생부터 인지까지의 기간[건]","건","","6","7","14","13","20","29","40","38","45","16","1","10",
"전염병예방법","10일 이내","범죄발생부터 인지까지의 기간[건]","건","","17","49","22","12","29","40","20","37","59","47","4","19",
"전염병예방법","1개월 이내","범죄발생부터 인지까지의 기간[건]","건","","25","78","51","29","57","52","81","101","94","61","1","20",
"전염병예방법","3개월 이내","범죄발생부터 인지까지의 기간[건]","건","","16","13","42","21","33","54","102","116","110","52","7","26",
"전염병예방법","3개월 초과","범죄발생부터 인지까지의 기간[건]","건","","11","13","64","29","19","37","47","58","64","43","345","19",
"전투경찰대설치법","합계","범죄발생부터 인지까지의 기간[건]","건","","176","104","139","132","157","130","107","130","115","94","132","78",
"전투경찰대설치법","1시간 이내","범죄발생부터 인지까지의 기간[건]","건","","5","1","2","4","","8","4","7","6","3","2","3",
"전투경찰대설치법","2시간 이내","범죄발생부터 인지까지의 기간[건]","건","","","","","","","","-","-","-","-","-","-",
"전투경찰대설치법","5시간 이내","범죄발생부터 인지까지의 기간[건]","건","","","","","","1","","-","-","-","-","-","1",
"전투경찰대설치법","12시간 이내","범죄발생부터 인지까지의 기간[건]","건","","","1","1","","1","","-","-","-","-","-","-",
"전투경찰대설치법","24시간 이내","범죄발생부터 인지까지의 기간[건]","건","","1","1","4","2","2","5","2","3","4","4","-","1",
"전투경찰대설치법","2일 이내","범죄발생부터 인지까지의 기간[건]","건","","2","2","","4","5","4","2","7","2","2","-","-",
"전투경찰대설치법","5일 이내","범죄발생부터 인지까지의 기간[건]","건","","5","2","7","6","5","9","5","4","10","5","-","4",
"전투경찰대설치법","10일 이내","범죄발생부터 인지까지의 기간[건]","건","","4","6","8","6","10","8","8","10","3","3","-","4",
"전투경찰대설치법","1개월 이내","범죄발생부터 인지까지의 기간[건]","건","","49","48","63","59","65","58","46","53","52","34","2","18",
"전투경찰대설치법","3개월 이내","범죄발생부터 인지까지의 기간[건]","건","","33","16","30","30","38","31","27","29","22","30","-","24",
"전투경찰대설치법","3개월 초과","범죄발생부터 인지까지의 기간[건]","건","","77","27","24","21","30","7","13","17","16","13","128","23",
"전파법","합계","범죄발생부터 인지까지의 기간[건]","건","","142","101","215","228","194","645","652","633","772","617","697","738",
"전파법","1시간 이내","범죄발생부터 인지까지의 기간[건]","건","","1","2","20","32","30","29","27","29","239","176","86","39",
"전파법","2시간 이내","범죄발생부터 인지까지의 기간[건]","건","","","","3","3","2","3","3","3","2","5","6","5",
"전파법","5시간 이내","범죄발생부터 인지까지의 기간[건]","건","","","","1","2","","2","3","4","3","1","10","9",
"전파법","12시간 이내","범죄발생부터 인지까지의 기간[건]","건","","","","","1","1","1","2","6","2","2","6","2",
"전파법","24시간 이내","범죄발생부터 인지까지의 기간[건]","건","","1","1","7","1","1","11","14","31","29","26","41","46",
"전파법","2일 이내","범죄발생부터 인지까지의 기간[건]","건","","","","2","1","6","25","31","16","29","14","37","41",
"전파법","5일 이내","범죄발생부터 인지까지의 기간[건]","건","","4","5","10","15","22","131","131","161","124","122","174","186",
"전파법","10일 이내","범죄발생부터 인지까지의 기간[건]","건","","28","20","25","32","39","213","265","222","146","104","111","172",
"전파법","1개월 이내","범죄발생부터 인지까지의 기간[건]","건","","21","32","77","62","56","117","109","96","126","93","109","139",
"전파법","3개월 이내","범죄발생부터 인지까지의 기간[건]","건","","34","18","30","43","13","71","38","21","36","14","13","28",
"전파법","3개월 초과","범죄발생부터 인지까지의 기간[건]","건","","53","23","40","36","24","42","29","44","36","60","104","71",
"정보통신공사업법","합계","범죄발생부터 인지까지의 기간[건]","건","","","","","","","","124","79","","","","",
"정보통신공사업법","1시간 이내","범죄발생부터 인지까지의 기간[건]","건","","","","","","","","41","4","","","","",
"정보통신공사업법","2시간 이내","범죄발생부터 인지까지의 기간[건]","건","","","","","","","","-","-","","","","",
"정보통신공사업법","5시간 이내","범죄발생부터 인지까지의 기간[건]","건","","","","","","","","1","-","","","","",
"정보통신공사업법","12시간 이내","범죄발생부터 인지까지의 기간[건]","건","","","","","","","","-","-","","","","",
"정보통신공사업법","24시간 이내","범죄발생부터 인지까지의 기간[건]","건","","","","","","","","2","-","","","","",
"정보통신공사업법","2일 이내","범죄발생부터 인지까지의 기간[건]","건","","","","","","","","1","1","","","","",
"정보통신공사업법","5일 이내","범죄발생부터 인지까지의 기간[건]","건","","","","","","","","-","-","","","","",
"정보통신공사업법","10일 이내","범죄발생부터 인지까지의 기간[건]","건","","","","","","","","2","-","","","","",
"정보통신공사업법","1개월 이내","범죄발생부터 인지까지의 기간[건]","건","","","","","","","","3","4","","","","",
"정보통신공사업법","3개월 이내","범죄발생부터 인지까지의 기간[건]","건","","","","","","","","8","11","","","","",
"정보통신공사업법","3개월 초과","범죄발생부터 인지까지의 기간[건]","건","","","","","","","","66","59","","","","",
"정보통신망이용촉진등에관한법률","합계","범죄발생부터 인지까지의 기간[건]","건","","","","","","","19","","","3304","4074","4368","5370",
"정보통신망이용촉진등에관한법률","1시간 이내","범죄발생부터 인지까지의 기간[건]","건","","","","","","","","","","102","141","11","158",
"정보통신망이용촉진등에관한법률","2시간 이내","범죄발생부터 인지까지의 기간[건]","건","","","","","","","","","","1","-","1","5",
"정보통신망이용촉진등에관한법률","5시간 이내","범죄발생부터 인지까지의 기간[건]","건","","","","","","","","","","5","6","-","10",
"정보통신망이용촉진등에관한법률","12시간 이내","범죄발생부터 인지까지의 기간[건]","건","","","","","","","","","","7","10","2","33",
"정보통신망이용촉진등에관한법률","24시간 이내","범죄발생부터 인지까지의 기간[건]","건","","","","","","","","","","43","43","3","63",
"정보통신망이용촉진등에관한법률","2일 이내","범죄발생부터 인지까지의 기간[건]","건","","","","","","","","","","57","69","6","72",
"정보통신망이용촉진등에관한법률","5일 이내","범죄발생부터 인지까지의 기간[건]","건","","","","","","","","","","113","167","5","183",
"정보통신망이용촉진등에관한법률","10일 이내","범죄발생부터 인지까지의 기간[건]","건","","","","","","","","","","125","204","13","268",
"정보통신망이용촉진등에관한법률","1개월 이내","범죄발생부터 인지까지의 기간[건]","건","","","","","","","3","","","354","464","39","799",
"정보통신망이용촉진등에관한법률","3개월 이내","범죄발생부터 인지까지의 기간[건]","건","","","","","","","6","","","1104","1193","89","1415",
"정보통신망이용촉진등에관한법률","3개월 초과","범죄발생부터 인지까지의 기간[건]","건","","","","","","","10","","","1393","1777","4199","2364",
"정치자금법","합계","범죄발생부터 인지까지의 기간[건]","건","","","","","","","","","","18","24","95","29",
"정치자금법","1시간 이내","범죄발생부터 인지까지의 기간[건]","건","","","","","","","","","","1","4","-","1",
"정치자금법","2시간 이내","범죄발생부터 인지까지의 기간[건]","건","","","","","","","","","","-","-","-","-",
"정치자금법","5시간 이내","범죄발생부터 인지까지의 기간[건]","건","","","","","","","","","","-","-","-","-",
"정치자금법","12시간 이내","범죄발생부터 인지까지의 기간[건]","건","","","","","","","","","","-","-","-","-",
"정치자금법","24시간 이내","범죄발생부터 인지까지의 기간[건]","건","","","","","","","","","","-","-","-","-",
"정치자금법","2일 이내","범죄발생부터 인지까지의 기간[건]","건","","","","","","","","","","-","-","-","-",
"정치자금법","5일 이내","범죄발생부터 인지까지의 기간[건]","건","","","","","","","","","","1","-","-","-",
"정치자금법","10일 이내","범죄발생부터 인지까지의 기간[건]","건","","","","","","","","","","1","-","2","-",
"정치자금법","1개월 이내","범죄발생부터 인지까지의 기간[건]","건","","","","","","","","","","-","1","3","4",
"정치자금법","3개월 이내","범죄발생부터 인지까지의 기간[건]","건","","","","","","","","","","9","1","1","2",
"정치자금법","3개월 초과","범죄발생부터 인지까지의 기간[건]","건","","","","","","","","","","6","18","89","22",
"조세범처벌법","합계","범죄발생부터 인지까지의 기간[건]","건","292","961","280","603","1684","1850","3031","1672","2149","3240","3578","6447","7102",
"조세범처벌법","1시간 이내","범죄발생부터 인지까지의 기간[건]","건","6","35","14","3","20","20","26","75","164","252","219","25","100",
"조세범처벌법","2시간 이내","범죄발생부터 인지까지의 기간[건]","건","1","3","","","","","1","4","1","1","-","2","-",
"조세범처벌법","5시간 이내","범죄발생부터 인지까지의 기간[건]","건","","2","1","","","","1","1","1","-","1","1","5",
"조세범처벌법","12시간 이내","범죄발생부터 인지까지의 기간[건]","건","","3","","","1","7","10","3","-","5","1","1","3",
"조세범처벌법","24시간 이내","범죄발생부터 인지까지의 기간[건]","건","1","6","1","1","21","3","5","7","13","9","9","3","10",
"조세범처벌법","2일 이내","범죄발생부터 인지까지의 기간[건]","건","2","29","3","4","19","1","12","17","6","8","2","3","7",
"조세범처벌법","5일 이내","범죄발생부터 인지까지의 기간[건]","건","15","19","3","8","14","24","19","17","6","18","12","3","25",
"조세범처벌법","10일 이내","범죄발생부터 인지까지의 기간[건]","건","14","14","5","4","27","25","78","11","33","18","59","6","68",
"조세범처벌법","30일 이내","범죄발생부터 인지까지의 기간[건]","건","8","","","","","","","","","","","","",
"조세범처벌법","90일 이내","범죄발생부터 인지까지의 기간[건]","건","12","","","","","","","","","","","","",
"조세범처벌법","90일 이상","범죄발생부터 인지까지의 기간[건]","건","233","","","","","","","","","","","","",
"조세범처벌법","1개월 이내","범죄발생부터 인지까지의 기간[건]","건","","53","3","81","75","73","66","50","50","85","121","38","181",
"조세범처벌법","3개월 이내","범죄발생부터 인지까지의 기간[건]","건","","94","31","32","144","159","310","148","122","203","359","39","363",
"조세범처벌법","3개월 초과","범죄발생부터 인지까지의 기간[건]","건","","703","319","470","1363","1538","2503","1339","1753","2641","2795","6326","6340",
"조수보호및수렵에관한법률","합계","범죄발생부터 인지까지의 기간[건]","건","362","313","316","440","229","203","276","479","647","747","722","652","380",
"조수보호및수렵에관한법률","1시간 이내","범죄발생부터 인지까지의 기간[건]","건","88","69","106","121","39","47","80","130","175","182","153","6","56",
"조수보호및수렵에관한법률","2시간 이내","범죄발생부터 인지까지의 기간[건]","건","14","16","30","24","20","17","22","27","46","35","32","-","14",
"조수보호및수렵에관한법률","5시간 이내","범죄발생부터 인지까지의 기간[건]","건","20","17","23","24","10","12","11","20","26","25","16","1","8",
"조수보호및수렵에관한법률","12시간 이내","범죄발생부터 인지까지의 기간[건]","건","19","24","19","27","15","10","12","19","20","17","19","-","20",
"조수보호및수렵에관한법률","24시간 이내","범죄발생부터 인지까지의 기간[건]","건","36","52","39","59","29","27","23","48","43","56","59","3","40",
"조수보호및수렵에관한법률","2일 이내","범죄발생부터 인지까지의 기간[건]","건","32","35","28","45","21","20","26","34","53","62","32","3","26",
"조수보호및수렵에관한법률","5일 이내","범죄발생부터 인지까지의 기간[건]","건","45","36","26","44","26","19","30","51","46","100","66","8","27",
"조수보호및수렵에관한법률","10일 이내","범죄발생부터 인지까지의 기간[건]","건","18","14","11","22","9","12","17","29","38","53","50","7","29",
"조수보호및수렵에관한법률","30일 이내","범죄발생부터 인지까지의 기간[건]","건","31","","","","","","","","","","","","",
"조수보호및수렵에관한법률","90일 이내","범죄발생부터 인지까지의 기간[건]","건","15","","","","","","","","","","","","",
"조수보호및수렵에관한법률","90일 이상","범죄발생부터 인지까지의 기간[건]","건","44","","","","","","","","","","","","",
"조수보호및수렵에관한법률","1개월 이내","범죄발생부터 인지까지의 기간[건]","건","","20","16","28","16","13","17","42","61","84","142","64","61",
"조수보호및수렵에관한법률","3개월 이내","범죄발생부터 인지까지의 기간[건]","건","","13","8","17","12","10","15","25","86","74","90","28","57",
"조수보호및수렵에관한법률","3개월 초과","범죄발생부터 인지까지의 기간[건]","건","","17","10","29","32","16","23","54","53","59","63","532","42",
"주민등록법","합계","범죄발생부터 인지까지의 기간[건]","건","355","208","287","250","582","380","212","164","423","938","339","516","1407",
"주민등록법","1시간 이내","범죄발생부터 인지까지의 기간[건]","건","53","2","1","1","8","6","4","4","14","38","6","1","17",
"주민등록법","2시간 이내","범죄발생부터 인지까지의 기간[건]","건","5","1","","","","","1","-","1","-","-","-","-",
"주민등록법","5시간 이내","범죄발생부터 인지까지의 기간[건]","건","6","","","","1","","","-","-","-","1","-","-",
"주민등록법","12시간 이내","범죄발생부터 인지까지의 기간[건]","건","2","","","","","","","-","-","1","-","-","3",
"주민등록법","24시간 이내","범죄발생부터 인지까지의 기간[건]","건","16","","1","","2","1","","-","2","2","3","-","5",
"주민등록법","2일 이내","범죄발생부터 인지까지의 기간[건]","건","19","2","2","1","4","3","3","-","2","5","7","-","4",
"주민등록법","5일 이내","범죄발생부터 인지까지의 기간[건]","건","17","5","4","6","17","7","5","4","9","8","10","1","9",
"주민등록법","10일 이내","범죄발생부터 인지까지의 기간[건]","건","20","6","4","14","8","8","3","4","10","11","7","-","13",
"주민등록법","30일 이내","범죄발생부터 인지까지의 기간[건]","건","29","","","","","","","","","","","","",
"주민등록법","90일 이내","범죄발생부터 인지까지의 기간[건]","건","25","","","","","","","","","","","","",
"주민등록법","90일 이상","범죄발생부터 인지까지의 기간[건]","건","163","","","","","","","","","","","","",
"주민등록법","1개월 이내","범죄발생부터 인지까지의 기간[건]","건","","13","16","15","30","14","19","11","19","34","17","13","67",
"주민등록법","3개월 이내","범죄발생부터 인지까지의 기간[건]","건","","31","39","43","50","35","23","26","55","159","42","6","231",
"주민등록법","3개월 초과","범죄발생부터 인지까지의 기간[건]","건","","148","220","170","462","306","154","115","311","680","246","495","1058",
"주차장법","합계","범죄발생부터 인지까지의 기간[건]","건","586","1112","1354","810","1267","1573","1312","1035","1206","1954","1312","1217","836",
"주차장법","1시간 이내","범죄발생부터 인지까지의 기간[건]","건","27","15","19","8","17","50","41","25","31","164","14","5","37",
"주차장법","2시간 이내","범죄발생부터 인지까지의 기간[건]","건","3","","1","1","","8","","-","1","2","-","-","1",
"주차장법","5시간 이내","범죄발생부터 인지까지의 기간[건]","건","2","4","2","","","5","","-","-","1","-","-","-",
"주차장법","12시간 이내","범죄발생부터 인지까지의 기간[건]","건","2","","1","1","","","","-","-","1","-","-","-",
"주차장법","24시간 이내","범죄발생부터 인지까지의 기간[건]","건","4","7","8","9","6","8","9","14","10","19","15","-","4",
"주차장법","2일 이내","범죄발생부터 인지까지의 기간[건]","건","5","3","4","6","4","13","13","37","6","7","3","-","2",
"주차장법","5일 이내","범죄발생부터 인지까지의 기간[건]","건","43","14","11","39","8","50","26","31","19","19","24","-","15",
"주차장법","10일 이내","범죄발생부터 인지까지의 기간[건]","건","7","14","19","18","35","34","59","44","41","48","33","1","21",
"주차장법","30일 이내","범죄발생부터 인지까지의 기간[건]","건","46","","","","","","","","","","","","",
"주차장법","90일 이내","범죄발생부터 인지까지의 기간[건]","건","85","","","","","","","","","","","","",
"주차장법","90일 이상","범죄발생부터 인지까지의 기간[건]","건","362","","","","","","","","","","","","",
"주차장법","1개월 이내","범죄발생부터 인지까지의 기간[건]","건","","72","89","72","79","107","161","97","115","153","81","9","50",
"주차장법","3개월 이내","범죄발생부터 인지까지의 기간[건]","건","","176","229","109","186","244","270","160","285","306","202","20","89",
"주차장법","3개월 초과","범죄발생부터 인지까지의 기간[건]","건","","807","971","547","932","1054","733","627","698","1234","940","1182","617",
"주택건설촉진법","합계","범죄발생부터 인지까지의 기간[건]","건","","806","727","570","610","1095","613","619","477","960","726","445","127",
"주택건설촉진법","1시간 이내","범죄발생부터 인지까지의 기간[건]","건","","9","17","2","2","19","13","58","12","58","20","1","-",
"주택건설촉진법","2시간 이내","범죄발생부터 인지까지의 기간[건]","건","","1","","","1","1","","-","-","-","-","-","-",
"주택건설촉진법","5시간 이내","범죄발생부터 인지까지의 기간[건]","건","","1","","","1","2","","-","-","-","-","-","-",
"주택건설촉진법","12시간 이내","범죄발생부터 인지까지의 기간[건]","건","","","","","","1","2","-","1","1","-","-","-",
"주택건설촉진법","24시간 이내","범죄발생부터 인지까지의 기간[건]","건","","2","1","1","3","4","1","8","6","5","3","1","-",
"주택건설촉진법","2일 이내","범죄발생부터 인지까지의 기간[건]","건","","21","5","4","4","1","12","3","7","2","9","1","-",
"주택건설촉진법","5일 이내","범죄발생부터 인지까지의 기간[건]","건","","43","25","22","14","25","15","11","25","5","13","-","-",
"주택건설촉진법","10일 이내","범죄발생부터 인지까지의 기간[건]","건","","30","34","25","22","33","20","24","23","34","21","-","-",
"주택건설촉진법","1개월 이내","범죄발생부터 인지까지의 기간[건]","건","","57","128","79","79","85","51","58","65","64","66","3","-",
"주택건설촉진법","3개월 이내","범죄발생부터 인지까지의 기간[건]","건","","121","191","126","152","89","104","164","76","300","144","6","1",
"주택건설촉진법","3개월 초과","범죄발생부터 인지까지의 기간[건]","건","","521","326","311","332","835","395","293","262","491","450","433","126",
"중기관리법","합계","범죄발생부터 인지까지의 기간[건]","건","6908","935","15","8","3","2","2","","","","","","",
"중기관리법","1시간 이내","범죄발생부터 인지까지의 기간[건]","건","115","17","3","","2","","1","","","","","","",
"중기관리법","2시간 이내","범죄발생부터 인지까지의 기간[건]","건","6","2","1","","","","","","","","","","",
"중기관리법","5시간 이내","범죄발생부터 인지까지의 기간[건]","건","7","","","","","1","","","","","","","",
"중기관리법","12시간 이내","범죄발생부터 인지까지의 기간[건]","건","8","1","","1","","","","","","","","","",
"중기관리법","24시간 이내","범죄발생부터 인지까지의 기간[건]","건","36","3","1","1","","","","","","","","","",
"중기관리법","2일 이내","범죄발생부터 인지까지의 기간[건]","건","19","3","","1","","","","","","","","","",
"중기관리법","5일 이내","범죄발생부터 인지까지의 기간[건]","건","282","9","1","1","","","","","","","","","",
"중기관리법","10일 이내","범죄발생부터 인지까지의 기간[건]","건","167","29","","","1","","1","","","","","","",
"중기관리법","30일 이내","범죄발생부터 인지까지의 기간[건]","건","971","","","","","","","","","","","","",
"중기관리법","90일 이내","범죄발생부터 인지까지의 기간[건]","건","1806","","","","","","","","","","","","",
"중기관리법","90일 이상","범죄발생부터 인지까지의 기간[건]","건","3491","","","","","","","","","","","","",
"중기관리법","1개월 이내","범죄발생부터 인지까지의 기간[건]","건","","87","","","","","","","","","","","",
"중기관리법","3개월 이내","범죄발생부터 인지까지의 기간[건]","건","","265","2","","","","","","","","","","",
"중기관리법","3개월 초과","범죄발생부터 인지까지의 기간[건]","건","","519","7","4","","1","","","","","","","",
"증권거래법","합계","범죄발생부터 인지까지의 기간[건]","건","","31","45","41","50","147","130","194","264","241","191","156","153",
"증권거래법","1시간 이내","범죄발생부터 인지까지의 기간[건]","건","","","","1","","2","5","5","24","19","16","-","-",
"증권거래법","2시간 이내","범죄발생부터 인지까지의 기간[건]","건","","","","","","","","-","-","-","-","-","-",
"증권거래법","5시간 이내","범죄발생부터 인지까지의 기간[건]","건","","","","","","","","-","-","-","-","-","-",
"증권거래법","12시간 이내","범죄발생부터 인지까지의 기간[건]","건","","","","","","1","2","-","-","-","-","-","-",
"증권거래법","24시간 이내","범죄발생부터 인지까지의 기간[건]","건","","","2","","","","1","1","1","-","-","-","-",
"증권거래법","2일 이내","범죄발생부터 인지까지의 기간[건]","건","","","1","","","","","1","-","-","-","-","-",
"증권거래법","5일 이내","범죄발생부터 인지까지의 기간[건]","건","","1","","","5","","","2","1","2","-","-","-",
"증권거래법","10일 이내","범죄발생부터 인지까지의 기간[건]","건","","","1","","1","5","2","1","2","-","3","2","-",
"증권거래법","1개월 이내","범죄발생부터 인지까지의 기간[건]","건","","","1","3","1","8","4","7","4","4","3","6","6",
"증권거래법","3개월 이내","범죄발생부터 인지까지의 기간[건]","건","","4","6","1","5","14","11","20","16","5","11","7","8",
"증권거래법","3개월 초과","범죄발생부터 인지까지의 기간[건]","건","","26","34","36","38","117","105","157","216","211","158","141","139",
"지방세법","합계","범죄발생부터 인지까지의 기간[건]","건","","82","118","100","1001","1089","2033","1433","1271","2021","1265","734","513",
"지방세법","1시간 이내","범죄발생부터 인지까지의 기간[건]","건","","2","3","2","2","5","17","5","45","164","20","-","4",
"지방세법","2시간 이내","범죄발생부터 인지까지의 기간[건]","건","","","","","1","","","-","-","-","-","-","-",
"지방세법","5시간 이내","범죄발생부터 인지까지의 기간[건]","건","","","","","2","","","-","-","2","-","-","-",
"지방세법","12시간 이내","범죄발생부터 인지까지의 기간[건]","건","","","","1","1","","2","-","-","-","-","-","-",
"지방세법","24시간 이내","범죄발생부터 인지까지의 기간[건]","건","","1","12","","3","1","4","6","15","17","-","-","-",
"지방세법","2일 이내","범죄발생부터 인지까지의 기간[건]","건","","","","","17","","5","3","1","4","5","1","2",
"지방세법","5일 이내","범죄발생부터 인지까지의 기간[건]","건","","","","","10","7","6","6","1","7","22","-","4",
"지방세법","10일 이내","범죄발생부터 인지까지의 기간[건]","건","","1","","","35","2","13","13","6","32","60","1","7",
"지방세법","1개월 이내","범죄발생부터 인지까지의 기간[건]","건","","1","","1","24","64","21","86","75","47","133","6","41",
"지방세법","3개월 이내","범죄발생부터 인지까지의 기간[건]","건","","14","7","3","84","83","259","79","119","164","112","6","115",
"지방세법","3개월 초과","범죄발생부터 인지까지의 기간[건]","건","","63","96","93","822","927","1706","1235","1009","1584","913","720","340",
"지하수법","합계","범죄발생부터 인지까지의 기간[건]","건","","","","","","","","","","647","50","47","40",
"지하수법","1시간 이내","범죄발생부터 인지까지의 기간[건]","건","","","","","","","","","","2","1","-","-",
"지하수법","2시간 이내","범죄발생부터 인지까지의 기간[건]","건","","","","","","","","","","-","-","-","-",
"지하수법","5시간 이내","범죄발생부터 인지까지의 기간[건]","건","","","","","","","","","","-","-","-","1",
"지하수법","12시간 이내","범죄발생부터 인지까지의 기간[건]","건","","","","","","","","","","1","-","-","-",
"지하수법","24시간 이내","범죄발생부터 인지까지의 기간[건]","건","","","","","","","","","","-","-","-","-",
"지하수법","2일 이내","범죄발생부터 인지까지의 기간[건]","건","","","","","","","","","","3","1","-","1",
"지하수법","5일 이내","범죄발생부터 인지까지의 기간[건]","건","","","","","","","","","","7","4","-","1",
"지하수법","10일 이내","범죄발생부터 인지까지의 기간[건]","건","","","","","","","","","","17","4","2","1",
"지하수법","1개월 이내","범죄발생부터 인지까지의 기간[건]","건","","","","","","","","","","44","11","-","11",
"지하수법","3개월 이내","범죄발생부터 인지까지의 기간[건]","건","","","","","","","","","","111","6","1","8",
"지하수법","3개월 초과","범죄발생부터 인지까지의 기간[건]","건","","","","","","","","","","462","23","44","17",
"직업안정및고용촉진에관한법률","합계","범죄발생부터 인지까지의 기간[건]","건","","219","27","7","8","3","2","","","","","","",
"직업안정및고용촉진에관한법률","1시간 이내","범죄발생부터 인지까지의 기간[건]","건","","5","","1","","1","1","","","","","","",
"직업안정및고용촉진에관한법률","2시간 이내","범죄발생부터 인지까지의 기간[건]","건","","1","","","","","","","","","","","",
"직업안정및고용촉진에관한법률","12시간 이내","범죄발생부터 인지까지의 기간[건]","건","","1","","","","","","","","","","","",
"직업안정및고용촉진에관한법률","24시간 이내","범죄발생부터 인지까지의 기간[건]","건","","4","1","","1","","","","","","","","",
"직업안정및고용촉진에관한법률","2일 이내","범죄발생부터 인지까지의 기간[건]","건","","5","1","","","","","","","","","","",
"직업안정및고용촉진에관한법률","5일 이내","범죄발생부터 인지까지의 기간[건]","건","","5","2","1","1","","","","","","","","",
"직업안정및고용촉진에관한법률","10일 이내","범죄발생부터 인지까지의 기간[건]","건","","6","","1","","","","","","","","","",
"직업안정및고용촉진에관한법률","1개월 이내","범죄발생부터 인지까지의 기간[건]","건","","33","3","","","","","","","","","","",
"직업안정및고용촉진에관한법률","3개월 이내","범죄발생부터 인지까지의 기간[건]","건","","51","5","1","1","1","","","","","","","",
"직업안정및고용촉진에관한법률","3개월 초과","범죄발생부터 인지까지의 기간[건]","건","","108","15","3","5","1","1","","","","","","",
"직업안정법","합계","범죄발생부터 인지까지의 기간[건]","건","939","236","507","1179","880","1089","1040","1155","1103","1157","873","2049","1244",
"직업안정법","1시간 이내","범죄발생부터 인지까지의 기간[건]","건","61","8","26","79","54","50","57","79","76","118","71","7","97",
"직업안정법","2시간 이내","범죄발생부터 인지까지의 기간[건]","건","5","1","1","10","3","5","7","4","4","4","7","3","11",
"직업안정법","5시간 이내","범죄발생부터 인지까지의 기간[건]","건","4","2","3","9","6","6","9","4","6","7","5","1","12",
"직업안정법","12시간 이내","범죄발생부터 인지까지의 기간[건]","건","14","","1","4","6","4","10","3","2","2","1","1","6",
"직업안정법","24시간 이내","범죄발생부터 인지까지의 기간[건]","건","23","5","7","48","15","20","21","22","18","9","16","4","29",
"직업안정법","2일 이내","범죄발생부터 인지까지의 기간[건]","건","13","2","7","23","11","8","19","23","18","10","10","-","12",
"직업안정법","5일 이내","범죄발생부터 인지까지의 기간[건]","건","44","3","16","25","28","33","31","44","31","31","12","4","30",
"직업안정법","10일 이내","범죄발생부터 인지까지의 기간[건]","건","30","6","19","35","29","44","45","42","32","27","26","2","52",
"직업안정법","30일 이내","범죄발생부터 인지까지의 기간[건]","건","114","","","","","","","","","","","","",
"직업안정법","90일 이내","범죄발생부터 인지까지의 기간[건]","건","191","","","","","","","","","","","","",
"직업안정법","90일 이상","범죄발생부터 인지까지의 기간[건]","건","440","","","","","","","","","","","","",
"직업안정법","1개월 이내","범죄발생부터 인지까지의 기간[건]","건","","25","60","98","88","124","126","136","143","113","81","4","87",
"직업안정법","3개월 이내","범죄발생부터 인지까지의 기간[건]","건","","63","112","222","182","342","233","277","247","216","171","14","171",
"직업안정법","3개월 초과","범죄발생부터 인지까지의 기간[건]","건","","121","255","626","458","453","482","521","526","620","473","2009","737",
"집회및시위에관한법률","합계","범죄발생부터 인지까지의 기간[건]","건","170","280","209","3401","1198","1018","1135","672","661","612","543","538","748",
"집회및시위에관한법률","1시간 이내","범죄발생부터 인지까지의 기간[건]","건","21","27","70","418","319","341","412","211","192","224","166","4","202",
"집회및시위에관한법률","2시간 이내","범죄발생부터 인지까지의 기간[건]","건","3","6","6","20","37","91","78","8","22","29","21","-","23",
"집회및시위에관한법률","5시간 이내","범죄발생부터 인지까지의 기간[건]","건","14","6","10","50","72","72","36","27","27","24","19","-","47",
"집회및시위에관한법률","12시간 이내","범죄발생부터 인지까지의 기간[건]","건","4","17","6","45","54","45","56","26","9","34","14","1","47",
"집회및시위에관한법률","24시간 이내","범죄발생부터 인지까지의 기간[건]","건","12","31","22","358","153","111","180","53","54","39","54","-","74",
"집회및시위에관한법률","2일 이내","범죄발생부터 인지까지의 기간[건]","건","9","25","12","88","78","77","90","22","22","5","28","-","11",
"집회및시위에관한법률","5일 이내","범죄발생부터 인지까지의 기간[건]","건","11","33","20","1229","84","68","55","21","32","15","18","1","26",
"집회및시위에관한법률","10일 이내","범죄발생부터 인지까지의 기간[건]","건","8","16","7","920","84","36","27","15","33","20","28","1","42",
"집회및시위에관한법률","30일 이내","범죄발생부터 인지까지의 기간[건]","건","21","","","","","","","","","","","","",
"집회및시위에관한법률","90일 이내","범죄발생부터 인지까지의 기간[건]","건","20","","","","","","","","","","","","",
"집회및시위에관한법률","90일 이상","범죄발생부터 인지까지의 기간[건]","건","47","","","","","","","","","","","","",
"집회및시위에관한법률","1개월 이내","범죄발생부터 인지까지의 기간[건]","건","","31","19","109","69","53","40","63","75","49","54","1","62",
"집회및시위에관한법률","3개월 이내","범죄발생부터 인지까지의 기간[건]","건","","37","22","113","113","80","85","116","58","69","73","5","94",
"집회및시위에관한법률","3개월 초과","범죄발생부터 인지까지의 기간[건]","건","","51","15","51","135","44","76","110","137","104","68","525","120",
"철도법","합계","범죄발생부터 인지까지의 기간[건]","건","","","","","","","","","","325","643","1344","478",
"철도법","1시간 이내","범죄발생부터 인지까지의 기간[건]","건","","","","","","","","","","190","449","251","250",
"철도법","2시간 이내","범죄발생부터 인지까지의 기간[건]","건","","","","","","","","","","39","67","9","31",
"철도법","5시간 이내","범죄발생부터 인지까지의 기간[건]","건","","","","","","","","","","33","38","5","17",
"철도법","12시간 이내","범죄발생부터 인지까지의 기간[건]","건","","","","","","","","","","7","4","3","33",
"철도법","24시간 이내","범죄발생부터 인지까지의 기간[건]","건","","","","","","","","","","12","16","3","27",
"철도법","2일 이내","범죄발생부터 인지까지의 기간[건]","건","","","","","","","","","","8","5","2","14",
"철도법","5일 이내","범죄발생부터 인지까지의 기간[건]","건","","","","","","","","","","8","3","-","15",
"철도법","10일 이내","범죄발생부터 인지까지의 기간[건]","건","","","","","","","","","","1","7","-","15",
"철도법","1개월 이내","범죄발생부터 인지까지의 기간[건]","건","","","","","","","","","","5","7","-","26",
"철도법","3개월 이내","범죄발생부터 인지까지의 기간[건]","건","","","","","","","","","","6","14","1","12",
"철도법","3개월 초과","범죄발생부터 인지까지의 기간[건]","건","","","","","","","","","","16","33","1070","38",
"청소년보호법","합계","범죄발생부터 인지까지의 기간[건]","건","1098","465","591","719","889","966","562","7","5","15715","11566","9746","6905",
"청소년보호법","1시간 이내","범죄발생부터 인지까지의 기간[건]","건","324","106","164","217","244","231","126","3","-","4436","3514","88","1428",
"청소년보호법","2시간 이내","범죄발생부터 인지까지의 기간[건]","건","34","16","13","27","29","26","14","2","-","695","498","11","197",
"청소년보호법","5시간 이내","범죄발생부터 인지까지의 기간[건]","건","39","15","18","28","24","19","15","-","-","855","707","17","254",
"청소년보호법","12시간 이내","범죄발생부터 인지까지의 기간[건]","건","20","4","4","6","6","19","8","-","-","366","282","4","136",
"청소년보호법","24시간 이내","범죄발생부터 인지까지의 기간[건]","건","89","26","24","46","63","75","35","1","-","1063","784","10","473",
"청소년보호법","2일 이내","범죄발생부터 인지까지의 기간[건]","건","75","44","33","45","53","71","25","-","-","934","665","11","348",
"청소년보호법","5일 이내","범죄발생부터 인지까지의 기간[건]","건","142","67","54","64","102","158","90","-","-","1545","1174","22","698",
"청소년보호법","10일 이내","범죄발생부터 인지까지의 기간[건]","건","105","48","60","71","91","122","80","1","1","1149","834","31","620",
"청소년보호법","30일 이내","범죄발생부터 인지까지의 기간[건]","건","101","","","","","","","","","","","","",
"청소년보호법","90일 이내","범죄발생부터 인지까지의 기간[건]","건","60","","","","","","","","","","","","",
"청소년보호법","90일 이상","범죄발생부터 인지까지의 기간[건]","건","109","","","","","","","","","","","","",
"청소년보호법","1개월 이내","범죄발생부터 인지까지의 기간[건]","건","","81","134","123","132","150","98","-","-","2105","1414","55","1199",
"청소년보호법","3개월 이내","범죄발생부터 인지까지의 기간[건]","건","","37","54","66","64","88","48","-","1","1489","949","37","910",
"청소년보호법","3개월 초과","범죄발생부터 인지까지의 기간[건]","건","","21","33","26","81","25","23","-","3","1078","745","9460","642",
"청소년의성보호에관한법률","합계","범죄발생부터 인지까지의 기간[건]","건","","","","","","","","","","2253","2119","2863","1874",
"청소년의성보호에관한법률","1시간 이내","범죄발생부터 인지까지의 기간[건]","건","","","","","","","","","","188","219","11","244",
"청소년의성보호에관한법률","2시간 이내","범죄발생부터 인지까지의 기간[건]","건","","","","","","","","","","34","41","-","25",
"청소년의성보호에관한법률","5시간 이내","범죄발생부터 인지까지의 기간[건]","건","","","","","","","","","","43","44","-","71",
"청소년의성보호에관한법률","12시간 이내","범죄발생부터 인지까지의 기간[건]","건","","","","","","","","","","26","27","1","53",
"청소년의성보호에관한법률","24시간 이내","범죄발생부터 인지까지의 기간[건]","건","","","","","","","","","","85","91","3","60",
"청소년의성보호에관한법률","2일 이내","범죄발생부터 인지까지의 기간[건]","건","","","","","","","","","","63","62","3","61",
"청소년의성보호에관한법률","5일 이내","범죄발생부터 인지까지의 기간[건]","건","","","","","","","","","","140","121","9","119",
"청소년의성보호에관한법률","10일 이내","범죄발생부터 인지까지의 기간[건]","건","","","","","","","","","","158","137","9","115",
"청소년의성보호에관한법률","1개월 이내","범죄발생부터 인지까지의 기간[건]","건","","","","","","","","","","323","326","31","280",
"청소년의성보호에관한법률","3개월 이내","범죄발생부터 인지까지의 기간[건]","건","","","","","","","","","","441","468","37","401",
"청소년의성보호에관한법률","3개월 초과","범죄발생부터 인지까지의 기간[건]","건","","","","","","","","","","752","583","2759","445",
"체육시설의설치ㆍ이용에관한법률","합계","범죄발생부터 인지까지의 기간[건]","건","","213","295","389","302","321","559","1010","522","220","217","210","143",
"체육시설의설치ㆍ이용에관한법률","1시간 이내","범죄발생부터 인지까지의 기간[건]","건","","15","20","34","29","50","161","457","198","61","52","2","15",
"체육시설의설치ㆍ이용에관한법률","2시간 이내","범죄발생부터 인지까지의 기간[건]","건","","1","4","3","7","7","24","28","21","4","5","-","-",
"체육시설의설치ㆍ이용에관한법률","5시간 이내","범죄발생부터 인지까지의 기간[건]","건","","1","3","2","5","6","7","27","24","11","4","-","-",
"체육시설의설치ㆍ이용에관한법률","12시간 이내","범죄발생부터 인지까지의 기간[건]","건","","","2","3","1","4","16","4","3","-","1","-","1",
"체육시설의설치ㆍ이용에관한법률","24시간 이내","범죄발생부터 인지까지의 기간[건]","건","","6","7","11","10","11","27","32","32","11","7","-","9",
"체육시설의설치ㆍ이용에관한법률","2일 이내","범죄발생부터 인지까지의 기간[건]","건","","5","10","5","4","5","14","28","6","5","2","1","2",
"체육시설의설치ㆍ이용에관한법률","5일 이내","범죄발생부터 인지까지의 기간[건]","건","","21","26","24","17","18","24","64","20","8","7","1","10",
"체육시설의설치ㆍ이용에관한법률","10일 이내","범죄발생부터 인지까지의 기간[건]","건","","13","21","26","21","38","39","61","26","12","15","-","14",
"체육시설의설치ㆍ이용에관한법률","1개월 이내","범죄발생부터 인지까지의 기간[건]","건","","60","54","62","66","41","88","105","61","30","21","3","14",
"체육시설의설치ㆍ이용에관한법률","3개월 이내","범죄발생부터 인지까지의 기간[건]","건","","44","59","100","56","66","84","96","62","31","32","2","28",
"체육시설의설치ㆍ이용에관한법률","3개월 초과","범죄발생부터 인지까지의 기간[건]","건","","47","89","119","86","75","75","108","69","47","71","201","50",
"총포·도검·화약류등단속법","합계","범죄발생부터 인지까지의 기간[건]","건","753","874","517","701","565","480","543","768","814","747","1168","671","495",
"총포·도검·화약류등단속법","1시간 이내","범죄발생부터 인지까지의 기간[건]","건","207","192","135","172","110","103","128","192","227","195","202","6","73",
"총포·도검·화약류등단속법","2시간 이내","범죄발생부터 인지까지의 기간[건]","건","26","28","23","23","19","23","26","36","52","22","28","-","12",
"총포·도검·화약류등단속법","5시간 이내","범죄발생부터 인지까지의 기간[건]","건","25","29","16","25","16","21","22","14","21","24","13","-","12",
"총포·도검·화약류등단속법","12시간 이내","범죄발생부터 인지까지의 기간[건]","건","26","27","13","16","8","12","14","20","18","8","20","-","26",
"총포·도검·화약류등단속법","24시간 이내","범죄발생부터 인지까지의 기간[건]","건","64","61","57","59","45","31","49","38","52","58","90","1","31",
"총포·도검·화약류등단속법","2일 이내","범죄발생부터 인지까지의 기간[건]","건","46","83","34","33","21","24","42","38","48","38","43","2","21",
"총포·도검·화약류등단속법","5일 이내","범죄발생부터 인지까지의 기간[건]","건","76","89","47","61","42","40","41","61","65","65","81","5","41",
"총포·도검·화약류등단속법","10일 이내","범죄발생부터 인지까지의 기간[건]","건","","54","30","33","38","23","34","44","58","54","57","6","41",
"총포·도검·화약류등단속법","30일 이내","범죄발생부터 인지까지의 기간[건]","건","96","","","","","","","","","","","","",
"총포·도검·화약류등단속법","90일 이내","범죄발생부터 인지까지의 기간[건]","건","49","","","","","","","","","","","","",
"총포·도검·화약류등단속법","90일 이상","범죄발생부터 인지까지의 기간[건]","건","94","","","","","","","","","","","","",
"총포·도검·화약류등단속법","1개월 이내","범죄발생부터 인지까지의 기간[건]","건","","115","43","49","47","45","33","56","49","58","126","27","76",
"총포·도검·화약류등단속법","3개월 이내","범죄발생부터 인지까지의 기간[건]","건","","67","48","61","49","34","35","52","72","71","135","13","54",
"총포·도검·화약류등단속법","3개월 초과","범죄발생부터 인지까지의 기간[건]","건","","129","71","169","170","124","119","217","152","154","373","611","108",
"축산물가공처리법","합계","범죄발생부터 인지까지의 기간[건]","건","269","239","185","256","264","253","446","1180","1026","788","607","1194","1553",
"축산물가공처리법","1시간 이내","범죄발생부터 인지까지의 기간[건]","건","8","13","16","11","16","26","26","132","127","91","69","3","52",
"축산물가공처리법","2시간 이내","범죄발생부터 인지까지의 기간[건]","건","1","6","4","5","8","6","4","9","14","4","6","-","1",
"축산물가공처리법","5시간 이내","범죄발생부터 인지까지의 기간[건]","건","7","5","6","4","12","9","3","12","3","20","14","1","4",
"축산물가공처리법","12시간 이내","범죄발생부터 인지까지의 기간[건]","건","3","4","5","7","9","6","10","16","13","11","4","-","13",
"축산물가공처리법","24시간 이내","범죄발생부터 인지까지의 기간[건]","건","18","10","12","9","17","14","14","38","58","63","38","-","21",
"축산물가공처리법","2일 이내","범죄발생부터 인지까지의 기간[건]","건","17","14","7","13","12","15","12","34","43","15","24","-","19",
"축산물가공처리법","5일 이내","범죄발생부터 인지까지의 기간[건]","건","29","27","26","28","49","44","39","91","48","25","35","1","50",
"축산물가공처리법","10일 이내","범죄발생부터 인지까지의 기간[건]","건","","45","26","49","43","37","61","114","101","58","44","2","82",
"축산물가공처리법","30일 이내","범죄발생부터 인지까지의 기간[건]","건","73","","","","","","","","","","","","",
"축산물가공처리법","90일 이내","범죄발생부터 인지까지의 기간[건]","건","24","","","","","","","","","","","","",
"축산물가공처리법","90일 이상","범죄발생부터 인지까지의 기간[건]","건","42","","","","","","","","","","","","",
"축산물가공처리법","1개월 이내","범죄발생부터 인지까지의 기간[건]","건","","47","25","41","20","41","93","211","151","217","109","12","367",
"축산물가공처리법","3개월 이내","범죄발생부터 인지까지의 기간[건]","건","","22","9","26","17","26","79","175","118","115","109","33","406",
"축산물가공처리법","3개월 초과","범죄발생부터 인지까지의 기간[건]","건","","46","49","63","61","29","105","348","350","169","155","1142","538",
"출입국관리법","합계","범죄발생부터 인지까지의 기간[건]","건","","21","51","176","297","423","334","438","625","526","439","620","1549",
"출입국관리법","1시간 이내","범죄발생부터 인지까지의 기간[건]","건","","","","15","1","13","14","32","87","80","50","7","39",
"출입국관리법","2시간 이내","범죄발생부터 인지까지의 기간[건]","건","","","1","","2","2","2","5","3","3","2","2","1",
"출입국관리법","5시간 이내","범죄발생부터 인지까지의 기간[건]","건","","","","4","3","3","1","3","2","2","-","-","1",
"출입국관리법","12시간 이내","범죄발생부터 인지까지의 기간[건]","건","","","1","4","9","3","3","9","6","1","-","1","6",
"출입국관리법","24시간 이내","범죄발생부터 인지까지의 기간[건]","건","","","4","3","17","38","4","9","10","19","5","15","14",
"출입국관리법","2일 이내","범죄발생부터 인지까지의 기간[건]","건","","1","2","9","16","4","9","9","8","2","5","5","10",
"출입국관리법","5일 이내","범죄발생부터 인지까지의 기간[건]","건","","","5","16","19","64","2","13","15","11","8","11","23",
"출입국관리법","10일 이내","범죄발생부터 인지까지의 기간[건]","건","","2","6","12","8","5","9","14","14","22","19","34","25",
"출입국관리법","1개월 이내","범죄발생부터 인지까지의 기간[건]","건","","4","2","20","14","21","17","34","51","28","31","29","62",
"출입국관리법","3개월 이내","범죄발생부터 인지까지의 기간[건]","건","","2","4","18","44","46","50","68","92","65","55","28","254",
"출입국관리법","3개월 초과","범죄발생부터 인지까지의 기간[건]","건","","12","26","75","164","224","223","242","337","293","264","488","1114",
"컴퓨터프로그램보호법","합계","범죄발생부터 인지까지의 기간[건]","건","","176","171","99","711","276","1623","1102","2370","1729","1088","2624","1415",
"컴퓨터프로그램보호법","1시간 이내","범죄발생부터 인지까지의 기간[건]","건","","3","1","6","45","7","298","93","269","185","182","39","46",
"컴퓨터프로그램보호법","2시간 이내","범죄발생부터 인지까지의 기간[건]","건","","","","","1","","6","-","2","-","2","6","1",
"컴퓨터프로그램보호법","5시간 이내","범죄발생부터 인지까지의 기간[건]","건","","","","","","","3","2","1","1","1","-","-",
"컴퓨터프로그램보호법","12시간 이내","범죄발생부터 인지까지의 기간[건]","건","","","","","2","1","2","2","28","1","-","1","8",
"컴퓨터프로그램보호법","24시간 이내","범죄발생부터 인지까지의 기간[건]","건","","4","13","22","15","2","34","63","93","21","5","8","10",
"컴퓨터프로그램보호법","2일 이내","범죄발생부터 인지까지의 기간[건]","건","","1","","","12","1","12","19","9","8","3","3","3",
"컴퓨터프로그램보호법","5일 이내","범죄발생부터 인지까지의 기간[건]","건","","4","3","","19","7","31","18","34","52","7","6","13",
"컴퓨터프로그램보호법","10일 이내","범죄발생부터 인지까지의 기간[건]","건","","1","2","","87","7","72","80","78","87","62","39","26",
"컴퓨터프로그램보호법","1개월 이내","범죄발생부터 인지까지의 기간[건]","건","","57","47","6","161","33","267","312","413","359","89","332","261",
"컴퓨터프로그램보호법","3개월 이내","범죄발생부터 인지까지의 기간[건]","건","","48","52","13","80","68","335","149","497","235","124","198","255",
"컴퓨터프로그램보호법","3개월 초과","범죄발생부터 인지까지의 기간[건]","건","","58","53","52","289","150","563","364","946","780","613","1992","792",
"통신비밀보호법","합계","범죄발생부터 인지까지의 기간[건]","건","","","","","","","","105","116","69","60","48","135",
"통신비밀보호법","1시간 이내","범죄발생부터 인지까지의 기간[건]","건","","","","","","","","14","13","5","4","-","9",
"통신비밀보호법","2시간 이내","범죄발생부터 인지까지의 기간[건]","건","","","","","","","","-","1","-","-","2","1",
"통신비밀보호법","5시간 이내","범죄발생부터 인지까지의 기간[건]","건","","","","","","","","2","1","-","-","-","-",
"통신비밀보호법","12시간 이내","범죄발생부터 인지까지의 기간[건]","건","","","","","","","","-","1","-","-","-","2",
"통신비밀보호법","24시간 이내","범죄발생부터 인지까지의 기간[건]","건","","","","","","","","3","3","3","3","-","5",
"통신비밀보호법","2일 이내","범죄발생부터 인지까지의 기간[건]","건","","","","","","","","5","1","2","1","-","5",
"통신비밀보호법","5일 이내","범죄발생부터 인지까지의 기간[건]","건","","","","","","","","6","6","3","1","-","17",
"통신비밀보호법","10일 이내","범죄발생부터 인지까지의 기간[건]","건","","","","","","","","3","6","2","2","-","6",
"통신비밀보호법","1개월 이내","범죄발생부터 인지까지의 기간[건]","건","","","","","","","","8","11","4","3","-","13",
"통신비밀보호법","3개월 이내","범죄발생부터 인지까지의 기간[건]","건","","","","","","","","18","22","14","13","2","19",
"통신비밀보호법","3개월 초과","범죄발생부터 인지까지의 기간[건]","건","","","","","","","","46","51","36","33","44","58",
"특가법","합계","범죄발생부터 인지까지의 기간[건]","건","","","","","","","","32499","32604","","","","",
"특가법","1시간 이내","범죄발생부터 인지까지의 기간[건]","건","","","","","","","","7475","7161","","","","",
"특가법","2시간 이내","범죄발생부터 인지까지의 기간[건]","건","","","","","","","","2207","2132","","","","",
"특가법","5시간 이내","범죄발생부터 인지까지의 기간[건]","건","","","","","","","","1229","964","","","","",
"특가법","12시간 이내","범죄발생부터 인지까지의 기간[건]","건","","","","","","","","730","589","","","","",
"특가법","24시간 이내","범죄발생부터 인지까지의 기간[건]","건","","","","","","","","1999","1954","","","","",
"특가법","2일 이내","범죄발생부터 인지까지의 기간[건]","건","","","","","","","","1349","1159","","","","",
"특가법","5일 이내","범죄발생부터 인지까지의 기간[건]","건","","","","","","","","2968","2661","","","","",
"특가법","10일 이내","범죄발생부터 인지까지의 기간[건]","건","","","","","","","","2376","2243","","","","",
"특가법","1개월 이내","범죄발생부터 인지까지의 기간[건]","건","","","","","","","","4012","4125","","","","",
"특가법","3개월 이내","범죄발생부터 인지까지의 기간[건]","건","","","","","","","","2958","3878","","","","",
"특가법","3개월 초과","범죄발생부터 인지까지의 기간[건]","건","","","","","","","","5196","5738","","","","",
"특가법(도주차량)","합계","범죄발생부터 인지까지의 기간[건]","건","15852","15438","15463","20414","21160","24281","27460","","","17557","20056","15234","14716",
"특가법(도주차량)","1시간 이내","범죄발생부터 인지까지의 기간[건]","건","2847","2496","2976","4520","4551","5044","5573","","","6251","6975","129","6823",
"특가법(도주차량)","2시간 이내","범죄발생부터 인지까지의 기간[건]","건","524","1329","1627","2328","1965","2011","2027","","","1715","2020","28","670",
"특가법(도주차량)","5시간 이내","범죄발생부터 인지까지의 기간[건]","건","445","757","831","1080","1025","1139","1151","","","745","856","12","484",
"특가법(도주차량)","12시간 이내","범죄발생부터 인지까지의 기간[건]","건","513","638","601","728","709","891","831","","","346","373","14","386",
"특가법(도주차량)","24시간 이내","범죄발생부터 인지까지의 기간[건]","건","1288","1079","1200","1743","1759","1968","1872","","","1389","1544","6","589",
"특가법(도주차량)","2일 이내","범죄발생부터 인지까지의 기간[건]","건","1587","1330","1221","1484","1370","1695","1533","","","740","772","8","424",
"특가법(도주차량)","5일 이내","범죄발생부터 인지까지의 기간[건]","건","2109","1922","2062","2679","2746","3183","2796","","","1535","1583","38","907",
"특가법(도주차량)","10일 이내","범죄발생부터 인지까지의 기간[건]","건","1064","1259","1381","1786","2005","2227","2239","","","1318","1486","30","1002",
"특가법(도주차량)","30일 이내","범죄발생부터 인지까지의 기간[건]","건","1580","","","","","","","","","","","","",
"특가법(도주차량)","90일 이내","범죄발생부터 인지까지의 기간[건]","건","1309","","","","","","","","","","","","",
"특가법(도주차량)","90일 이상","범죄발생부터 인지까지의 기간[건]","건","2586","","","","","","","","","","","","",
"특가법(도주차량)","1개월 이내","범죄발생부터 인지까지의 기간[건]","건","","1749","1571","2109","2548","2643","3267","","","1808","2375","101","1675",
"특가법(도주차량)","3개월 이내","범죄발생부터 인지까지의 기간[건]","건","","1267","944","1025","1249","1672","2481","","","938","1251","60","1009",
"특가법(도주차량)","3개월 초과","범죄발생부터 인지까지의 기간[건]","건","","1612","1049","932","1233","1808","3690","","","772","821","14808","747",
"특경법","합계","범죄발생부터 인지까지의 기간[건]","건","","653","697","725","696","924","1144","1526","1699","","","","",
"특경법","1시간 이내","범죄발생부터 인지까지의 기간[건]","건","","7","17","14","7","6","8","78","189","","","","",
"특경법","2시간 이내","범죄발생부터 인지까지의 기간[건]","건","","","1","","1","","","2","1","","","","",
"특경법","5시간 이내","범죄발생부터 인지까지의 기간[건]","건","","","","","","","","-","3","","","","",
"특경법","12시간 이내","범죄발생부터 인지까지의 기간[건]","건","","1","1","1","1","3","","-","-","","","","",
"특경법","24시간 이내","범죄발생부터 인지까지의 기간[건]","건","","4","5","3","4","2","4","11","2","","","","",
"특경법","2일 이내","범죄발생부터 인지까지의 기간[건]","건","","4","4","6","1","4","8","7","7","","","","",
"특경법","5일 이내","범죄발생부터 인지까지의 기간[건]","건","","7","1","3","9","14","3","7","14","","","","",
"특경법","10일 이내","범죄발생부터 인지까지의 기간[건]","건","","5","8","9","9","16","8","18","13","","","","",
"특경법","1개월 이내","범죄발생부터 인지까지의 기간[건]","건","","20","20","25","15","37","41","69","59","","","","",
"특경법","3개월 이내","범죄발생부터 인지까지의 기간[건]","건","","74","72","52","72","70","90","132","111","","","","",
"특경법","3개월 초과","범죄발생부터 인지까지의 기간[건]","건","","531","568","612","577","772","982","1202","1300","","","","",
"특허법","합계","범죄발생부터 인지까지의 기간[건]","건","","50","41","60","82","114","114","145","181","225","202","281","310",
"특허법","1시간 이내","범죄발생부터 인지까지의 기간[건]","건","","","","3","1","5","3","9","9","46","20","1","8",
"특허법","2시간 이내","범죄발생부터 인지까지의 기간[건]","건","","","","","","","2","2","1","-","-","-","-",
"특허법","5시간 이내","범죄발생부터 인지까지의 기간[건]","건","","","","1","","","","-","-","-","-","-","-",
"특허법","12시간 이내","범죄발생부터 인지까지의 기간[건]","건","","","","","","1","2","-","-","-","-","-","-",
"특허법","24시간 이내","범죄발생부터 인지까지의 기간[건]","건","","","","1","","2","2","2","-","2","1","-","1",
"특허법","2일 이내","범죄발생부터 인지까지의 기간[건]","건","","1","","1","2","","2","1","2","-","2","2","1",
"특허법","5일 이내","범죄발생부터 인지까지의 기간[건]","건","","","","","1","2","3","-","4","1","6","1","1",
"특허법","10일 이내","범죄발생부터 인지까지의 기간[건]","건","","","","1","1","5","","3","4","-","3","3","5",
"특허법","1개월 이내","범죄발생부터 인지까지의 기간[건]","건","","2","2","4","3","11","8","8","8","16","13","6","27",
"특허법","3개월 이내","범죄발생부터 인지까지의 기간[건]","건","","6","4","6","10","20","14","15","26","28","24","4","39",
"특허법","3개월 초과","범죄발생부터 인지까지의 기간[건]","건","","41","35","43","64","68","78","105","127","132","133","264","228",
"폐기물관리법","합계","범죄발생부터 인지까지의 기간[건]","건","","1524","2301","2616","4686","5083","2571","5652","5205","3434","3441","1737","1807",
"폐기물관리법","1시간 이내","범죄발생부터 인지까지의 기간[건]","건","","119","133","145","188","100","91","649","386","283","154","13","67",
"폐기물관리법","2시간 이내","범죄발생부터 인지까지의 기간[건]","건","","21","10","11","27","14","7","29","25","8","5","4","1",
"폐기물관리법","5시간 이내","범죄발생부터 인지까지의 기간[건]","건","","15","13","7","29","15","8","30","23","11","8","1","4",
"폐기물관리법","12시간 이내","범죄발생부터 인지까지의 기간[건]","건","","12","6","8","28","16","5","25","27","6","3","-","4",
"폐기물관리법","24시간 이내","범죄발생부터 인지까지의 기간[건]","건","","38","66","78","161","57","40","187","127","79","26","12","24",
"폐기물관리법","2일 이내","범죄발생부터 인지까지의 기간[건]","건","","38","58","84","91","55","46","168","89","44","36","5","15",
"폐기물관리법","5일 이내","범죄발생부터 인지까지의 기간[건]","건","","81","104","121","157","92","89","269","217","129","98","9","54",
"폐기물관리법","10일 이내","범죄발생부터 인지까지의 기간[건]","건","","163","193","165","292","236","158","313","285","239","163","18","92",
"폐기물관리법","1개월 이내","범죄발생부터 인지까지의 기간[건]","건","","311","478","502","786","1200","435","678","627","670","432","145","341",
"폐기물관리법","3개월 이내","범죄발생부터 인지까지의 기간[건]","건","","236","365","586","979","885","550","792","1193","756","599","122","389",
"폐기물관리법","3개월 초과","범죄발생부터 인지까지의 기간[건]","건","","490","875","909","1948","2413","1142","2512","2206","1209","1917","1408","816",
"폭력행위등(단체등의구성ㆍ활동)","합계","범죄발생부터 인지까지의 기간[건]","건","","","","","","","","4","9","","","","",
"폭력행위등(단체등의구성ㆍ활동)","1시간 이내","범죄발생부터 인지까지의 기간[건]","건","","","","","","","","3","1","","","","",
"폭력행위등(단체등의구성ㆍ활동)","2시간 이내","범죄발생부터 인지까지의 기간[건]","건","","","","","","","","-","-","","","","",
"폭력행위등(단체등의구성ㆍ활동)","5시간 이내","범죄발생부터 인지까지의 기간[건]","건","","","","","","","","-","-","","","","",
"폭력행위등(단체등의구성ㆍ활동)","12시간 이내","범죄발생부터 인지까지의 기간[건]","건","","","","","","","","-","-","","","","",
"폭력행위등(단체등의구성ㆍ활동)","24시간 이내","범죄발생부터 인지까지의 기간[건]","건","","","","","","","","-","-","","","","",
"폭력행위등(단체등의구성ㆍ활동)","2일 이내","범죄발생부터 인지까지의 기간[건]","건","","","","","","","","-","-","","","","",
"폭력행위등(단체등의구성ㆍ활동)","5일 이내","범죄발생부터 인지까지의 기간[건]","건","","","","","","","","-","-","","","","",
"폭력행위등(단체등의구성ㆍ활동)","10일 이내","범죄발생부터 인지까지의 기간[건]","건","","","","","","","","-","-","","","","",
"폭력행위등(단체등의구성ㆍ활동)","1개월 이내","범죄발생부터 인지까지의 기간[건]","건","","","","","","","","-","1","","","","",
"폭력행위등(단체등의구성ㆍ활동)","3개월 이내","범죄발생부터 인지까지의 기간[건]","건","","","","","","","","1","-","","","","",
"폭력행위등(단체등의구성ㆍ활동)","3개월 초과","범죄발생부터 인지까지의 기간[건]","건","","","","","","","","-","7","","","","",
"폭력행위등처벌에관한법률","합계","범죄발생부터 인지까지의 기간[건]","건","156026","160227","153862","160783","165679","185421","230434","269764","272231","","","","",
"폭력행위등처벌에관한법률","1시간 이내","범죄발생부터 인지까지의 기간[건]","건","61756","55745","57289","59588","64897","79385","103324","125790","128188","","","","",
"폭력행위등처벌에관한법률","2시간 이내","범죄발생부터 인지까지의 기간[건]","건","5260","12922","11368","11107","10408","13349","15880","20488","20678","","","","",
"폭력행위등처벌에관한법률","5시간 이내","범죄발생부터 인지까지의 기간[건]","건","4892","8651","7716","7148","6452","7528","9954","11183","11351","","","","",
"폭력행위등처벌에관한법률","12시간 이내","범죄발생부터 인지까지의 기간[건]","건","6838","6660","5671","5646","5169","5585","7316","8750","7781","","","","",
"폭력행위등처벌에관한법률","24시간 이내","범죄발생부터 인지까지의 기간[건]","건","15350","15075","14576","16883","17578","17149","22146","25984","27256","","","","",
"폭력행위등처벌에관한법률","2일 이내","범죄발생부터 인지까지의 기간[건]","건","11307","12763","10547","11228","10063","10736","12593","13823","13236","","","","",
"폭력행위등처벌에관한법률","5일 이내","범죄발생부터 인지까지의 기간[건]","건","17336","17393","15756","16618","15620","16656","18718","20144","19022","","","","",
"폭력행위등처벌에관한법률","10일 이내","범죄발생부터 인지까지의 기간[건]","건","8404","9174","8821","9711","9520","9553","11056","12203","11690","","","","",
"폭력행위등처벌에관한법률","30일 이내","범죄발생부터 인지까지의 기간[건]","건","9331","","","","","","","","","","","","",
"폭력행위등처벌에관한법률","90일 이내","범죄발생부터 인지까지의 기간[건]","건","5809","","","","","","","","","","","","",
"폭력행위등처벌에관한법률","90일 이상","범죄발생부터 인지까지의 기간[건]","건","9743","","","","","","","","","","","","",
"폭력행위등처벌에관한법률","1개월 이내","범죄발생부터 인지까지의 기간[건]","건","","9858","9443","9927","10954","10572","12264","13519","12599","","","","",
"폭력행위등처벌에관한법률","3개월 이내","범죄발생부터 인지까지의 기간[건]","건","","6369","6033","6477","7320","7230","8213","8120","8273","","","","",
"폭력행위등처벌에관한법률","3개월 초과","범죄발생부터 인지까지의 기간[건]","건","","5617","6642","6450","7698","7678","8970","9760","12157","","","","",
"풍속영업의규제에관한법률","합계","범죄발생부터 인지까지의 기간[건]","건","","11627","9175","10638","9819","15428","6557","","","922","747","584","271",
"풍속영업의규제에관한법률","1시간 이내","범죄발생부터 인지까지의 기간[건]","건","","2823","2540","3135","2767","5135","2240","","","312","246","2","34",
"풍속영업의규제에관한법률","2시간 이내","범죄발생부터 인지까지의 기간[건]","건","","317","335","338","279","468","180","","","35","26","1","3",
"풍속영업의규제에관한법률","5시간 이내","범죄발생부터 인지까지의 기간[건]","건","","230","205","186","153","280","100","","","45","23","-","7",
"풍속영업의규제에관한법률","12시간 이내","범죄발생부터 인지까지의 기간[건]","건","","173","111","122","104","188","63","","","25","18","-","13",
"풍속영업의규제에관한법률","24시간 이내","범죄발생부터 인지까지의 기간[건]","건","","686","474","637","638","943","339","","","44","50","-","9",
"풍속영업의규제에관한법률","2일 이내","범죄발생부터 인지까지의 기간[건]","건","","578","484","483","440","730","244","","","29","25","-","8",
"풍속영업의규제에관한법률","5일 이내","범죄발생부터 인지까지의 기간[건]","건","","1177","974","1173","978","1628","535","","","68","62","1","22",
"풍속영업의규제에관한법률","10일 이내","범죄발생부터 인지까지의 기간[건]","건","","1082","873","1132","962","1381","517","","","57","63","2","21",
"풍속영업의규제에관한법률","1개월 이내","범죄발생부터 인지까지의 기간[건]","건","","2423","1690","1883","1670","2227","1016","","","89","67","4","40",
"풍속영업의규제에관한법률","3개월 이내","범죄발생부터 인지까지의 기간[건]","건","","1492","1039","942","1061","1536","770","","","94","78","3","45",
"풍속영업의규제에관한법률","3개월 초과","범죄발생부터 인지까지의 기간[건]","건","","646","450","607","767","912","553","","","124","89","571","69",
"하천법","합계","범죄발생부터 인지까지의 기간[건]","건","354","261","227","219","222","176","166","198","247","218","187","168","188",
"하천법","1시간 이내","범죄발생부터 인지까지의 기간[건]","건","28","6","4","12","5","3","7","7","11","11","9","-","8",
"하천법","2시간 이내","범죄발생부터 인지까지의 기간[건]","건","5","2","1","","","3","1","3","-","1","-","-","-",
"하천법","5시간 이내","범죄발생부터 인지까지의 기간[건]","건","1","2","","","1","","1","-","1","-","3","1","-",
"하천법","12시간 이내","범죄발생부터 인지까지의 기간[건]","건","2","","1","1","","","","-","1","-","1","-","2",
"하천법","24시간 이내","범죄발생부터 인지까지의 기간[건]","건","11","2","9","7","3","3","1","3","1","4","5","-","5",
"하천법","2일 이내","범죄발생부터 인지까지의 기간[건]","건","7","6","6","7","2","1","5","2","8","2","13","1","5",
"하천법","5일 이내","범죄발생부터 인지까지의 기간[건]","건","33","14","6","10","15","5","9","6","11","14","17","1","6",
"하천법","10일 이내","범죄발생부터 인지까지의 기간[건]","건","22","27","17","10","13","22","10","13","8","10","6","-","9",
"하천법","30일 이내","범죄발생부터 인지까지의 기간[건]","건","48","","","","","","","","","","","","",
"하천법","90일 이내","범죄발생부터 인지까지의 기간[건]","건","60","","","","","","","","","","","","",
"하천법","90일 이상","범죄발생부터 인지까지의 기간[건]","건","137","","","","","","","","","","","","",
"하천법","1개월 이내","범죄발생부터 인지까지의 기간[건]","건","","53","29","45","30","17","28","25","24","23","20","1","23",
"하천법","3개월 이내","범죄발생부터 인지까지의 기간[건]","건","","57","38","47","42","40","24","42","39","46","24","3","46",
"하천법","3개월 초과","범죄발생부터 인지까지의 기간[건]","건","","92","116","80","111","82","80","97","143","107","89","161","84",
"학교보건법","합계","범죄발생부터 인지까지의 기간[건]","건","","","","","","","","","","476","530","420","1098",
"학교보건법","1시간 이내","범죄발생부터 인지까지의 기간[건]","건","","","","","","","","","","33","55","1","52",
"학교보건법","2시간 이내","범죄발생부터 인지까지의 기간[건]","건","","","","","","","","","","1","1","-","-",
"학교보건법","5시간 이내","범죄발생부터 인지까지의 기간[건]","건","","","","","","","","","","2","1","-","-",
"학교보건법","12시간 이내","범죄발생부터 인지까지의 기간[건]","건","","","","","","","","","","11","9","-","5",
"학교보건법","24시간 이내","범죄발생부터 인지까지의 기간[건]","건","","","","","","","","","","9","18","-","10",
"학교보건법","2일 이내","범죄발생부터 인지까지의 기간[건]","건","","","","","","","","","","4","5","-","19",
"학교보건법","5일 이내","범죄발생부터 인지까지의 기간[건]","건","","","","","","","","","","25","24","-","40",
"학교보건법","10일 이내","범죄발생부터 인지까지의 기간[건]","건","","","","","","","","","","16","56","-","117",
"학교보건법","1개월 이내","범죄발생부터 인지까지의 기간[건]","건","","","","","","","","","","73","101","-","207",
"학교보건법","3개월 이내","범죄발생부터 인지까지의 기간[건]","건","","","","","","","","","","82","72","1","213",
"학교보건법","3개월 초과","범죄발생부터 인지까지의 기간[건]","건","","","","","","","","","","220","188","418","435",
"학원의설립·운영에관한법률","합계","범죄발생부터 인지까지의 기간[건]","건","2212","605","286","244","261","535","595","242","100","","","","",
"학원의설립·운영에관한법률","1시간 이내","범죄발생부터 인지까지의 기간[건]","건","418","20","13","24","9","29","30","16","7","","","","",
"학원의설립·운영에관한법률","2시간 이내","범죄발생부터 인지까지의 기간[건]","건","40","3","3","6","3","1","1","5","1","","","","",
"학원의설립·운영에관한법률","5시간 이내","범죄발생부터 인지까지의 기간[건]","건","32","1","1","1","1","","","-","2","","","","",
"학원의설립·운영에관한법률","12시간 이내","범죄발생부터 인지까지의 기간[건]","건","25","","1","2","1","2","3","2","-","","","","",
"학원의설립·운영에관한법률","24시간 이내","범죄발생부터 인지까지의 기간[건]","건","100","25","4","6","5","9","11","9","5","","","","",
"학원의설립·운영에관한법률","2일 이내","범죄발생부터 인지까지의 기간[건]","건","65","8","3","8","8","3","11","10","4","","","","",
"학원의설립·운영에관한법률","5일 이내","범죄발생부터 인지까지의 기간[건]","건","163","16","9","11","12","9","17","10","8","","","","",
"학원의설립·운영에관한법률","10일 이내","범죄발생부터 인지까지의 기간[건]","건","59","9","16","8","12","35","41","23","11","","","","",
"학원의설립·운영에관한법률","30일 이내","범죄발생부터 인지까지의 기간[건]","건","130","","","","","","","","","","","","",
"학원의설립·운영에관한법률","90일 이내","범죄발생부터 인지까지의 기간[건]","건","336","","","","","","","","","","","","",
"학원의설립·운영에관한법률","90일 이상","범죄발생부터 인지까지의 기간[건]","건","844","","","","","","","","","","","","",
"학원의설립·운영에관한법률","1개월 이내","범죄발생부터 인지까지의 기간[건]","건","","45","22","22","37","47","81","34","12","","","","",
"학원의설립·운영에관한법률","3개월 이내","범죄발생부터 인지까지의 기간[건]","건","","104","62","49","37","218","121","33","16","","","","",
"학원의설립·운영에관한법률","3개월 초과","범죄발생부터 인지까지의 기간[건]","건","","374","152","107","136","182","279","100","34","","","","",
"한국마사회법","합계","범죄발생부터 인지까지의 기간[건]","건","","49","12","7","5","","7","13","23","","","","",
"한국마사회법","1시간 이내","범죄발생부터 인지까지의 기간[건]","건","","23","","5","2","","","9","5","","","","",
"한국마사회법","2시간 이내","범죄발생부터 인지까지의 기간[건]","건","","5","","","","","","-","-","","","","",
"한국마사회법","5시간 이내","범죄발생부터 인지까지의 기간[건]","건","","4","1","1","","","","-","1","","","","",
"한국마사회법","12시간 이내","범죄발생부터 인지까지의 기간[건]","건","","3","","","","","","1","1","","","","",
"한국마사회법","24시간 이내","범죄발생부터 인지까지의 기간[건]","건","","2","1","","","","","-","-","","","","",
"한국마사회법","2일 이내","범죄발생부터 인지까지의 기간[건]","건","","1","","","","","","-","-","","","","",
"한국마사회법","5일 이내","범죄발생부터 인지까지의 기간[건]","건","","1","","","1","","1","1","2","","","","",
"한국마사회법","10일 이내","범죄발생부터 인지까지의 기간[건]","건","","","1","","1","","2","1","1","","","","",
"한국마사회법","1개월 이내","범죄발생부터 인지까지의 기간[건]","건","","","","","","","1","1","2","","","","",
"한국마사회법","3개월 이내","범죄발생부터 인지까지의 기간[건]","건","","4","2","","","","","-","5","","","","",
"한국마사회법","3개월 초과","범죄발생부터 인지까지의 기간[건]","건","","4","7","1","1","","3","-","6","","","","",
"항만법","합계","범죄발생부터 인지까지의 기간[건]","건","","","","","","","","","","88","65","68","83",
"항만법","1시간 이내","범죄발생부터 인지까지의 기간[건]","건","","","","","","","","","","-","-","-","1",
"항만법","2시간 이내","범죄발생부터 인지까지의 기간[건]","건","","","","","","","","","","-","-","-","-",
"항만법","5시간 이내","범죄발생부터 인지까지의 기간[건]","건","","","","","","","","","","2","1","-","-",
"항만법","12시간 이내","범죄발생부터 인지까지의 기간[건]","건","","","","","","","","","","1","-","-","-",
"항만법","24시간 이내","범죄발생부터 인지까지의 기간[건]","건","","","","","","","","","","-","2","-","-",
"항만법","2일 이내","범죄발생부터 인지까지의 기간[건]","건","","","","","","","","","","2","1","-","3",
"항만법","5일 이내","범죄발생부터 인지까지의 기간[건]","건","","","","","","","","","","2","2","-","3",
"항만법","10일 이내","범죄발생부터 인지까지의 기간[건]","건","","","","","","","","","","-","10","-","5",
"항만법","1개월 이내","범죄발생부터 인지까지의 기간[건]","건","","","","","","","","","","19","10","-","14",
"항만법","3개월 이내","범죄발생부터 인지까지의 기간[건]","건","","","","","","","","","","31","18","1","28",
"항만법","3개월 초과","범죄발생부터 인지까지의 기간[건]","건","","","","","","","","","","31","21","67","29",
"항만운송사업법","합계","범죄발생부터 인지까지의 기간[건]","건","","38","22","31","167","1341","538","23","1361","354","300","96","339",
"항만운송사업법","1시간 이내","범죄발생부터 인지까지의 기간[건]","건","","","1","","","","","-","-","-","1","-","-",
"항만운송사업법","2시간 이내","범죄발생부터 인지까지의 기간[건]","건","","1","","","1","1","","1","1","-","-","-","-",
"항만운송사업법","5시간 이내","범죄발생부터 인지까지의 기간[건]","건","","","","","","3","","-","-","-","-","-","-",
"항만운송사업법","12시간 이내","범죄발생부터 인지까지의 기간[건]","건","","","","","2","1","1","-","-","-","1","-","1",
"항만운송사업법","24시간 이내","범죄발생부터 인지까지의 기간[건]","건","","1","","","2","4","3","-","1","2","2","-","2",
"항만운송사업법","2일 이내","범죄발생부터 인지까지의 기간[건]","건","","","","1","3","8","3","1","2","-","1","-","3",
"항만운송사업법","5일 이내","범죄발생부터 인지까지의 기간[건]","건","","2","","2","11","10","3","1","3","-","3","-","10",
"항만운송사업법","10일 이내","범죄발생부터 인지까지의 기간[건]","건","","5","7","6","6","","4","-","4","-","2","-","17",
"항만운송사업법","1개월 이내","범죄발생부터 인지까지의 기간[건]","건","","9","7","11","18","67","18","1","54","2","15","-","55",
"항만운송사업법","3개월 이내","범죄발생부터 인지까지의 기간[건]","건","","15","7","3","58","116","86","7","163","48","52","-","94",
"항만운송사업법","3개월 초과","범죄발생부터 인지까지의 기간[건]","건","","5","","8","66","1131","420","12","1133","302","223","96","157",
"해양오염방지법","합계","범죄발생부터 인지까지의 기간[건]","건","","355","341","501","1064","1314","1689","1472","1722","1160","999","874","982",
"해양오염방지법","1시간 이내","범죄발생부터 인지까지의 기간[건]","건","","5","1","13","19","32","28","28","19","22","33","2","93",
"해양오염방지법","2시간 이내","범죄발생부터 인지까지의 기간[건]","건","","3","7","8","16","18","19","10","7","17","6","-","3",
"해양오염방지법","5시간 이내","범죄발생부터 인지까지의 기간[건]","건","","11","2","8","37","22","30","11","21","13","13","-","13",
"해양오염방지법","12시간 이내","범죄발생부터 인지까지의 기간[건]","건","","4","2","11","30","35","40","22","43","27","18","-","18",
"해양오염방지법","24시간 이내","범죄발생부터 인지까지의 기간[건]","건","","7","14","22","30","79","117","67","52","53","50","1","29",
"해양오염방지법","2일 이내","범죄발생부터 인지까지의 기간[건]","건","","35","34","56","82","106","110","79","77","65","63","2","29",
"해양오염방지법","5일 이내","범죄발생부터 인지까지의 기간[건]","건","","51","54","81","123","140","150","126","159","101","80","1","46",
"해양오염방지법","10일 이내","범죄발생부터 인지까지의 기간[건]","건","","51","58","62","72","111","150","91","121","96","95","3","74",
"해양오염방지법","1개월 이내","범죄발생부터 인지까지의 기간[건]","건","","110","95","85","204","283","283","160","297","189","130","-","169",
"해양오염방지법","3개월 이내","범죄발생부터 인지까지의 기간[건]","건","","48","52","53","230","247","295","285","372","190","116","-","197",
"해양오염방지법","3개월 초과","범죄발생부터 인지까지의 기간[건]","건","","30","22","102","221","241","467","593","554","387","395","865","311",
"향토예비군설치법","합계","범죄발생부터 인지까지의 기간[건]","건","61652","41129","34918","33125","35134","30780","21204","18894","23839","25165","25418","26063","19215",
"향토예비군설치법","1시간 이내","범죄발생부터 인지까지의 기간[건]","건","581","869","554","357","349","561","478","222","458","676","556","31","406",
"향토예비군설치법","2시간 이내","범죄발생부터 인지까지의 기간[건]","건","29","27","11","5","10","22","18","6","6","8","19","1","-",
"향토예비군설치법","5시간 이내","범죄발생부터 인지까지의 기간[건]","건","29","8","7","2","2","9","4","1","1","1","1","-","2",
"향토예비군설치법","12시간 이내","범죄발생부터 인지까지의 기간[건]","건","21","7","3","5","3","45","83","10","1","2","2","1","13",
"향토예비군설치법","24시간 이내","범죄발생부터 인지까지의 기간[건]","건","340","226","221","167","269","221","125","161","221","171","187","1","31",
"향토예비군설치법","2일 이내","범죄발생부터 인지까지의 기간[건]","건","582","348","276","243","323","463","198","18","39","34","38","1","27",
"향토예비군설치법","5일 이내","범죄발생부터 인지까지의 기간[건]","건","4689","1656","1318","1371","1751","1901","863","116","156","127","142","4","116",
"향토예비군설치법","10일 이내","범죄발생부터 인지까지의 기간[건]","건","4247","2970","2672","2676","3256","3322","1803","652","844","766","849","14","611",
"향토예비군설치법","30일 이내","범죄발생부터 인지까지의 기간[건]","건","14946","","","","","","","","","","","","",
"향토예비군설치법","90일 이내","범죄발생부터 인지까지의 기간[건]","건","17499","","","","","","","","","","","","",
"향토예비군설치법","90일 이상","범죄발생부터 인지까지의 기간[건]","건","18689","","","","","","","","","","","","",
"향토예비군설치법","1개월 이내","범죄발생부터 인지까지의 기간[건]","건","","12074","11295","9684","10138","8721","6098","5616","8381","10598","10801","384","7884",
"향토예비군설치법","3개월 이내","범죄발생부터 인지까지의 기간[건]","건","","13715","9908","9731","9300","7748","5590","5696","8404","8419","8600","468","5622",
"향토예비군설치법","3개월 초과","범죄발생부터 인지까지의 기간[건]","건","","9229","8653","8884","9733","7767","5944","6396","5328","4363","4223","25158","4503",
"화염병사용등의처벌에관한법률","합계","범죄발생부터 인지까지의 기간[건]","건","24","","","","","","","","","","","","",
"화염병사용등의처벌에관한법률","1시간 이내","범죄발생부터 인지까지의 기간[건]","건","7","","","","","","","","","","","","",
"화염병사용등의처벌에관한법률","5시간 이내","범죄발생부터 인지까지의 기간[건]","건","2","","","","","","","","","","","","",
"화염병사용등의처벌에관한법률","10일 이내","범죄발생부터 인지까지의 기간[건]","건","1","","","","","","","","","","","","",
"화염병사용등의처벌에관한법률","30일 이내","범죄발생부터 인지까지의 기간[건]","건","6","","","","","","","","","","","","",
"화염병사용등의처벌에관한법률","90일 이내","범죄발생부터 인지까지의 기간[건]","건","4","","","","","","","","","","","","",
"화염병사용등의처벌에관한법률","90일 이상","범죄발생부터 인지까지의 기간[건]","건","4","","","","","","","","","","","","",
"화재로인한재해보상등에관한법률","합계","범죄발생부터 인지까지의 기간[건]","건","","","","","","","","","","539","724","789","",
"화재로인한재해보상등에관한법률","1시간 이내","범죄발생부터 인지까지의 기간[건]","건","","","","","","","","","","361","460","7","",
"화재로인한재해보상등에관한법률","2시간 이내","범죄발생부터 인지까지의 기간[건]","건","","","","","","","","","","22","47","3","",
"화재로인한재해보상등에관한법률","5시간 이내","범죄발생부터 인지까지의 기간[건]","건","","","","","","","","","","7","5","-","",
"화재로인한재해보상등에관한법률","12시간 이내","범죄발생부터 인지까지의 기간[건]","건","","","","","","","","","","3","12","1","",
"화재로인한재해보상등에관한법률","24시간 이내","범죄발생부터 인지까지의 기간[건]","건","","","","","","","","","","73","104","3","",
"화재로인한재해보상등에관한법률","2일 이내","범죄발생부터 인지까지의 기간[건]","건","","","","","","","","","","30","35","1","",
"화재로인한재해보상등에관한법률","5일 이내","범죄발생부터 인지까지의 기간[건]","건","","","","","","","","","","22","29","4","",
"화재로인한재해보상등에관한법률","10일 이내","범죄발생부터 인지까지의 기간[건]","건","","","","","","","","","","10","17","1","",
"화재로인한재해보상등에관한법률","1개월 이내","범죄발생부터 인지까지의 기간[건]","건","","","","","","","","","","6","10","2","",
"화재로인한재해보상등에관한법률","3개월 이내","범죄발생부터 인지까지의 기간[건]","건","","","","","","","","","","1","1","-","",
"화재로인한재해보상등에관한법률","3개월 초과","범죄발생부터 인지까지의 기간[건]","건","","","","","","","","","","4","4","767","",
"화재보험법","합계","범죄발생부터 인지까지의 기간[건]","건","","","","","","","","","","","","","876",
"화재보험법","1시간 이내","범죄발생부터 인지까지의 기간[건]","건","","","","","","","","","","","","","291",
"화재보험법","2시간 이내","범죄발생부터 인지까지의 기간[건]","건","","","","","","","","","","","","","17",
"화재보험법","5시간 이내","범죄발생부터 인지까지의 기간[건]","건","","","","","","","","","","","","","38",
"화재보험법","12시간 이내","범죄발생부터 인지까지의 기간[건]","건","","","","","","","","","","","","","58",
"화재보험법","24시간 이내","범죄발생부터 인지까지의 기간[건]","건","","","","","","","","","","","","","87",
"화재보험법","2일 이내","범죄발생부터 인지까지의 기간[건]","건","","","","","","","","","","","","","91",
"화재보험법","5일 이내","범죄발생부터 인지까지의 기간[건]","건","","","","","","","","","","","","","136",
"화재보험법","10일 이내","범죄발생부터 인지까지의 기간[건]","건","","","","","","","","","","","","","61",
"화재보험법","1개월 이내","범죄발생부터 인지까지의 기간[건]","건","","","","","","","","","","","","","39",
"화재보험법","3개월 이내","범죄발생부터 인지까지의 기간[건]","건","","","","","","","","","","","","","24",
"화재보험법","3개월 초과","범죄발생부터 인지까지의 기간[건]","건","","","","","","","","","","","","","34",
"기타특별법","합계","범죄발생부터 인지까지의 기간[건]","건","33390","2536","5396","6222","14634","28908","36245","37319","40975","6062","6950","16936","21441",
"기타특별법","1시간 이내","범죄발생부터 인지까지의 기간[건]","건","4840","169","437","604","2324","4938","8198","8721","8053","605","512","228","1427",
"기타특별법","2시간 이내","범죄발생부터 인지까지의 기간[건]","건","324","46","124","133","364","776","1037","1170","1241","57","54","19","129",
"기타특별법","5시간 이내","범죄발생부터 인지까지의 기간[건]","건","309","31","81","80","372","780","969","1166","1351","59","55","32","136",
"기타특별법","12시간 이내","범죄발생부터 인지까지의 기간[건]","건","368","28","80","75","241","465","635","623","617","74","91","14","266",
"기타특별법","24시간 이내","범죄발생부터 인지까지의 기간[건]","건","1276","74","173","216","739","1288","1674","1812","2026","177","194","93","501",
"기타특별법","2일 이내","범죄발생부터 인지까지의 기간[건]","건","1027","63","139","205","698","1400","1710","1619","1655","130","121","72","297",
"기타특별법","5일 이내","범죄발생부터 인지까지의 기간[건]","건","2678","144","312","485","1338","2669","3101","3033","3172","231","299","156","729",
"기타특별법","10일 이내","범죄발생부터 인지까지의 기간[건]","건","2287","170","412","440","1209","2411","2778","2657","2462","249","318","185","1046",
"기타특별법","30일 이내","범죄발생부터 인지까지의 기간[건]","건","4939","","","","","","","","","","","","",
"기타특별법","90일 이내","범죄발생부터 인지까지의 기간[건]","건","4401","","","","","","","","","","","","",
"기타특별법","90일 이상","범죄발생부터 인지까지의 기간[건]","건","10941","","","","","","","","","","","","",
"기타특별법","1개월 이내","범죄발생부터 인지까지의 기간[건]","건","","437","926","1022","2241","4736","5495","4963","5315","666","754","579","2730",
"기타특별법","3개월 이내","범죄발생부터 인지까지의 기간[건]","건","","426","1102","1027","2011","3978","4340","4874","5391","1073","1229","432","4027",
"기타특별법","3개월 초과","범죄발생부터 인지까지의 기간[건]","건","","948","1610","1935","3097","5467","6308","6681","9692","2741","3323","15126","10153",
