"범죄별","기관별","기간별","항목","단위","2006 년","2007 년","2008 년","2009 년","2010 년","2011 년","2012 년","2013 년","2014 년","2015 년","2016 년","2017 년","2018 년","2019 년","2020 년","2021 년","2022 년","2023 년","2024 년",
"합계","합계","계","범죄사건 처리 기간[명]","명","3684581","3811003","4783554","4856515","3863668","3709975","3917665","3928884","","","","","","","","","","","",
"합계","경찰","계","범죄사건 처리 기간[명]","명","1751852","1821141","2310657","2337278","1909337","1802334","1999191","2032847","1987335","2057246","2094912","1899813","1784831","1801364","1731433","1402284","1398452","1403085","1465083",
"합계","경찰","10일 이내","범죄사건 처리 기간[명]","명","145331","220647","331166","374983","537688","615935","591423","600234","533036","484744","539298","458082","365096","336500","279379","217188","180805","201391","224244",
"합계","경찰","20일 이내","범죄사건 처리 기간[명]","명","65665","79131","101963","97513","225703","286183","309196","311274","297666","290689","326826","297113","276776","279541","257557","192726","175099","190877","205371",
"합계","경찰","1개월 이내","범죄사건 처리 기간[명]","명","290099","279096","320043","309610","224464","189935","201230","204482","199956","194469","216394","199983","195919","201652","189828","147828","137704","147106","155038",
"합계","경찰","2개월 이내","범죄사건 처리 기간[명]","명","242091","208007","244668","258389","309243","356582","390675","400953","380563","348746","378969","357271","365281","380392","362134","281612","272638","280829","293961",
"합계","경찰","3개월 이내","범죄사건 처리 기간[명]","명","137907","126501","151210","138677","164614","200073","243336","251178","252648","214141","213313","208649","222984","233950","229433","176324","177002","177007","190493",
"합계","경찰","6개월 이내","범죄사건 처리 기간[명]","명","851862","887063","1141434","1133836","428280","121628","165670","187455","238039","216110","244482","226087","254484","273623","300776","250371","259315","239229","248001",
"합계","경찰","6개월 초과","범죄사건 처리 기간[명]","명","18897","20696","20173","24270","19345","31998","97661","77271","85427","308347","175630","152628","104291","95706","112326","136235","195889","166646","147975",
"합계","검찰","계","범죄사건 처리 기간[명]","명","1932729","1989862","2472897","2519237","1954331","1907641","1918474","1896037","1896648","1966386","2035666","1965237","1803866","1865411","1758122","956939","996622","993059","975128",
"합계","검찰","10일 이내","범죄사건 처리 기간[명]","명","1267894","1340761","1639522","1590917","1253281","1288901","1205177","1193452","1107185","1223779","1239121","1227174","1092857","1097488","1030260","551075","526505","521875","523971",
"합계","검찰","20일 이내","범죄사건 처리 기간[명]","명","260825","265003","329035","349676","249208","223299","243774","238278","254125","246185","257697","231911","218169","211277","176708","132886","136862","131252","128631",
"합계","검찰","1개월 이내","범죄사건 처리 기간[명]","명","109214","114675","154976","171457","127361","112085","129898","128423","136745","136681","141927","117462","117881","116887","99086","85464","95860","93018","95839",
"합계","검찰","2개월 이내","범죄사건 처리 기간[명]","명","115752","112904","144897","171234","126832","118889","125151","120125","132510","120976","129331","121696","122658","128739","123834","73573","87137","85651","77168",
"합계","검찰","3개월 이내","범죄사건 처리 기간[명]","명","120032","99502","138999","165305","131069","77596","78440","79367","94845","87639","91342","89400","85845","95674","94621","47329","54732","50235","43382",
"합계","검찰","6개월 이내","범죄사건 처리 기간[명]","명","54659","54223","61349","66164","61809","79678","112226","112593","137469","124842","138793","139003","130552","164116","168868","59574","84063","96277","88967",
"합계","검찰","6개월 초과","범죄사건 처리 기간[명]","명","4353","2794","4119","4484","4771","7193","23808","23799","33769","26284","37455","38591","35904","51230","64745","7038","11463","14751","17170",
"형법범","합계","계","범죄사건 처리 기간[명]","명","1673296","1640167","2022406","2207636","1886254","1897404","2103508","2107722","","","","","","","","","","","",
"형법범","경찰","계","범죄사건 처리 기간[명]","명","818230","806360","998459","1089383","941401","942775","1091488","1099890","1061302","1089569","1077132","1032284","1049564","1096255","1074676","815260","839514","863620","894278",
"형법범","경찰","10일 이내","범죄사건 처리 기간[명]","명","58820","80157","112531","142764","221523","275876","272588","259263","219367","188883","200112","173171","151103","147188","123748","93006","77917","91877","100693",
"형법범","경찰","20일 이내","범죄사건 처리 기간[명]","명","16442","22575","32338","35070","94045","130733","145349","144347","131783","126733","145348","141588","138615","141840","129960","88612","89252","99346","104550",
"형법범","경찰","1개월 이내","범죄사건 처리 기간[명]","명","110009","102330","122466","136880","105767","97006","105407","106765","99416","94946","108453","108434","110905","115457","108260","75805","77168","84346","87765",
"형법범","경찰","2개월 이내","범죄사건 처리 기간[명]","명","115026","98894","117265","133391","171685","209483","238401","242327","221874","199848","219103","221104","235048","246742","235081","163525","169390","176730","183515",
"형법범","경찰","3개월 이내","범죄사건 처리 기간[명]","명","82023","71376","86317","78582","104503","132394","167522","175050","170952","144132","141950","141156","158873","168896","167037","113949","116551","120616","129685",
"형법범","경찰","6개월 이내","범죄사건 처리 기간[명]","명","429725","426795","522865","558252","235468","82400","113687","131316","168971","157665","165478","160233","187638","208865","231318","181118","177255","173452","179822",
"형법범","경찰","6개월 초과","범죄사건 처리 기간[명]","명","6185","4233","4677","4444","8410","14883","48534","40822","48939","177362","96688","86598","67382","67267","79272","99245","131981","117253","108248",
"형법범","검찰","계","범죄사건 처리 기간[명]","명","855066","833807","1023947","1118253","944853","954629","1012020","1007832","1017202","1038724","1036067","1010855","996110","1068029","1063209","493827","504951","517190","513930",
"형법범","검찰","10일 이내","범죄사건 처리 기간[명]","명","473274","463997","559970","605289","514053","571703","567213","562595","517942","564039","549061","555212","546533","576054","580907","270521","255800","254215","256512",
"형법범","검찰","20일 이내","범죄사건 처리 기간[명]","명","126906","128005","154222","167297","132138","127013","138158","136873","143394","141761","141682","127337","124645","123517","107301","71178","71096","70983","69404",
"형법범","검찰","1개월 이내","범죄사건 처리 기간[명]","명","60257","63344","83966","92017","73901","67140","76709","77138","82139","83653","82536","68646","70285","69525","61998","46730","48483","51462","54919",
"형법범","검찰","2개월 이내","범죄사건 처리 기간[명]","명","70146","69334","87414","100576","83074","75284","80425","77923","84661","78729","79741","75883","78771","81833","80203","39665","45232","47071","43225",
"형법범","검찰","3개월 이내","범죄사건 처리 기간[명]","명","79815","64074","88725","101027","89350","51538","52924","54864","64435","60270","60151","59052","58071","64348","64609","26635","29835","28173","24901",
"형법범","검찰","6개월 이내","범죄사건 처리 기간[명]","명","41866","42777","46615","48990","48382","56532","78359","79650","97795","89834","95309","96725","91628","115089","120362","35081","48088","56287","54218",
"형법범","검찰","6개월 초과","범죄사건 처리 기간[명]","명","2802","2276","3035","3057","3955","5419","18232","18789","26836","20438","27587","28000","26177","37663","47829","4017","6417","8999","10751",
"재산범죄","합계","계","범죄사건 처리 기간[명]","명","779237","721096","826044","948016","828808","849951","974943","1037242","","","","","","","","","","","",
"재산범죄","경찰","계","범죄사건 처리 기간[명]","명","379957","353338","406802","467171","413550","422752","516625","553736","515089","523236","496000","480977","511988","554021","569633","397413","403366","431131","478431",
"재산범죄","경찰","10일 이내","범죄사건 처리 기간[명]","명","28052","36063","45651","62228","73375","80424","81351","82823","64139","54640","57793","52415","47332","49580","45910","39197","31065","38405","43000",
"재산범죄","경찰","20일 이내","범죄사건 처리 기간[명]","명","6253","7489","9940","12416","35745","48297","54524","58073","46719","43099","49807","48153","48223","50617","49820","32282","32879","38930","44208",
"재산범죄","경찰","1개월 이내","범죄사건 처리 기간[명]","명","43620","39320","43678","53291","45372","43597","48725","50430","41965","38250","43611","42904","44868","47531","46243","29243","30019","35540","39453",
"재산범죄","경찰","2개월 이내","범죄사건 처리 기간[명]","명","53471","45409","54038","67679","89945","115306","133499","135478","114941","96322","102287","102664","111941","120279","114550","66480","69574","78381","87478",
"재산범죄","경찰","3개월 이내","범죄사건 처리 기간[명]","명","48835","40777","46554","41581","59307","80879","108000","116675","109548","89671","83647","83664","94729","102027","99247","53989","52407","58455","68481",
"재산범죄","경찰","6개월 이내","범죄사건 처리 기간[명]","명","196012","182024","204684","227910","105719","46826","69579","86542","112567","110633","108625","105437","124684","142867","159495","106371","95881","98712","113212",
"재산범죄","경찰","6개월 초과","범죄사건 처리 기간[명]","명","3714","2256","2257","2066","4087","7423","20947","23715","25210","90621","50230","45740","40211","41120","54368","69851","91541","82708","82599",
"재산범죄","검찰","계","범죄사건 처리 기간[명]","명","399280","367758","419242","480845","415258","427199","458318","483506","491000","495365","473944","468301","478496","535138","560840","220198","222963","240256","251339",
"재산범죄","검찰","10일 이내","범죄사건 처리 기간[명]","명","205276","190113","217549","243524","212492","243591","240889","254384","231946","248130","227796","234407","245810","271959","295392","121334","113672","120295","125423",
"재산범죄","검찰","20일 이내","범죄사건 처리 기간[명]","명","54685","52669","58094","67187","54034","54665","60334","62764","66422","67794","62933","57841","58764","60037","52271","29855","29377","30425","32314",
"재산범죄","검찰","1개월 이내","범죄사건 처리 기간[명]","명","27252","26472","31825","37776","31164","29617","33843","35799","38638","40475","37759","32034","34015","34531","30971","20322","20669","23416","26724",
"재산범죄","검찰","2개월 이내","범죄사건 처리 기간[명]","명","37436","35214","39376","48836","40392","36273","38839","40076","42568","40647","39823","37710","39444","41870","42629","17229","19620","21002","20214",
"재산범죄","검찰","3개월 이내","범죄사건 처리 기간[명]","명","45351","33160","40715","50206","44722","26643","28807","30084","34635","32206","31440","30428","29922","33756","35881","11895","13436","12867","12320",
"재산범죄","검찰","6개월 이내","범죄사건 처리 기간[명]","명","27476","28594","29743","31467","30130","33231","43682","47609","58395","52656","55444","56815","52504","66818","71825","17165","22597","27304","27956",
"재산범죄","검찰","6개월 초과","범죄사건 처리 기간[명]","명","1804","1536","1940","1849","2324","3179","11924","12790","18396","13457","18749","19066","18037","26167","31871","2398","3592","4947","6388",
"절도","합계","계","범죄사건 처리 기간[명]","명","128206","141998","170271","223564","211870","216835","216467","214289","","","","","","","","","","","",
"절도","경찰","계","범죄사건 처리 기간[명]","명","63394","70423","84517","111033","105870","108241","110718","108943","100037","106846","109655","108715","100552","104853","102156","87679","96599","103178","104004",
"절도","경찰","10일 이내","범죄사건 처리 기간[명]","명","5746","7577","10649","15256","26711","34622","28363","26337","22727","21720","23072","22385","17218","17828","16309","12953","13202","15279","16112",
"절도","경찰","20일 이내","범죄사건 처리 기간[명]","명","1202","1811","2764","4041","13530","18774","17371","16996","16044","16435","19447","19332","17856","18808","17865","15116","15521","17375","18845",
"절도","경찰","1개월 이내","범죄사건 처리 기간[명]","명","9166","10324","12152","15897","13868","12729","12378","12568","12025","12558","14671","14827","14323","15192","14689","12271","12747","14629","15530",
"절도","경찰","2개월 이내","범죄사건 처리 기간[명]","명","7984","7657","8464","10227","16152","20026","21271","22377","21756","20820","23655","24779","24488","26647","25942","21970","24334","26218","27328",
"절도","경찰","3개월 이내","범죄사건 처리 기간[명]","명","4044","4482","5484","5518","8618","10051","11856","12615","11838","10260","10893","10782","11860","12838","13017","11242","13231","14091","13653",
"절도","경찰","6개월 이내","범죄사건 처리 기간[명]","명","34680","38060","44497","59339","25320","8940","11687","11321","10892","9080","9834","8966","9524","9818","10746","10482","12737","12571","10541",
"절도","경찰","6개월 초과","범죄사건 처리 기간[명]","명","572","512","507","755","1671","3099","7792","6729","4755","15973","8083","7644","5283","3722","3588","3645","4827","3015","1995",
"절도","검찰","계","범죄사건 처리 기간[명]","명","64812","71575","85754","112531","106000","108594","105749","105346","96380","102668","105170","106394","97977","103103","100553","75431","80328","86021","87755",
"절도","검찰","10일 이내","범죄사건 처리 기간[명]","명","39517","42325","50276","66376","63467","68873","62813","63082","55220","62526","65986","70403","65136","70245","71855","54624","54363","58737","61428",
"절도","검찰","20일 이내","범죄사건 처리 기간[명]","명","12022","13810","16221","20452","18225","17605","19188","18343","17569","17993","17801","16436","14486","13865","11626","9591","10644","10751","10890",
"절도","검찰","1개월 이내","범죄사건 처리 기간[명]","명","5889","6974","8663","11259","10184","9085","10000","10076","9657","9996","9350","7688","7095","6886","5432","4863","5917","6148","5916",
"절도","검찰","2개월 이내","범죄사건 처리 기간[명]","명","4086","4897","6009","8286","7712","7400","7444","7446","7121","6182","6000","5800","5470","5366","4875","3467","4724","5025","4664",
"절도","검찰","3개월 이내","범죄사건 처리 기간[명]","명","2668","2660","3761","5097","5249","3146","2986","3314","3491","3060","2916","2869","2754","3001","2775","1603","2215","2348","2000",
"절도","검찰","6개월 이내","범죄사건 처리 기간[명]","명","622","899","812","1046","1110","2379","3061","2886","2988","2634","2831","2883","2661","3236","3358","1250","2341","2863","2671",
"절도","검찰","6개월 초과","범죄사건 처리 기간[명]","명","8","10","12","15","53","106","257","199","334","277","286","315","375","504","632","33","124","149","186",
"장물","합계","계","범죄사건 처리 기간[명]","명","4252","5167","7766","12653","12915","8939","10808","14590","","","","","","","","","","","",
"장물","경찰","계","범죄사건 처리 기간[명]","명","2066","2523","3818","6261","6454","4456","5586","7565","5225","4800","3891","3199","1832","1489","1138","624","573","716","701",
"장물","경찰","10일 이내","범죄사건 처리 기간[명]","명","319","411","615","920","1380","1211","1168","1200","887","636","455","424","186","161","137","87","46","104","70",
"장물","경찰","20일 이내","범죄사건 처리 기간[명]","명","39","39","62","128","761","700","712","913","652","585","476","386","220","161","123","47","37","44","56",
"장물","경찰","1개월 이내","범죄사건 처리 기간[명]","명","252","336","497","754","802","546","592","857","522","406","422","333","208","165","95","65","49","83","58",
"장물","경찰","2개월 이내","범죄사건 처리 기간[명]","명","185","244","315","518","993","878","1150","1555","1090","840","704","780","470","361","276","120","109","122","108",
"장물","경찰","3개월 이내","범죄사건 처리 기간[명]","명","92","135","229","315","568","435","637","1090","634","499","511","400","238","254","176","66","89","103","153",
"장물","경찰","6개월 이내","범죄사건 처리 기간[명]","명","1167","1346","2064","3594","1836","502","873","1324","885","517","554","386","308","233","207","147","161","170","177",
"장물","경찰","6개월 초과","범죄사건 처리 기간[명]","명","12","12","36","32","114","184","454","626","555","1317","769","490","202","154","124","92","82","90","79",
"장물","검찰","계","범죄사건 처리 기간[명]","명","2186","2644","3948","6392","6461","4483","5222","7025","5009","4463","3684","3131","1758","1459","1110","486","439","553","566",
"장물","검찰","10일 이내","범죄사건 처리 기간[명]","명","1181","1398","1918","2962","3183","2306","2116","2719","1835","1723","1526","1412","790","581","474","220","160","253","215",
"장물","검찰","20일 이내","범죄사건 처리 기간[명]","명","367","414","704","1113","971","721","936","1250","911","886","706","474","273","224","156","71","73","91","71",
"장물","검찰","1개월 이내","범죄사건 처리 기간[명]","명","163","211","403","606","643","449","602","787","533","548","344","310","151","104","91","50","50","52","94",
"장물","검찰","2개월 이내","범죄사건 처리 기간[명]","명","147","197","386","623","687","454","596","842","570","407","364","345","199","119","116","57","57","50","44",
"장물","검찰","3개월 이내","범죄사건 처리 기간[명]","명","250","273","453","928","814","285","371","589","467","345","280","192","143","153","104","35","23","41","32",
"장물","검찰","6개월 이내","범죄사건 처리 기간[명]","명","66","129","83","148","153","265","571","791","640","477","343","373","173","196","129","52","64","58","79",
"장물","검찰","6개월 초과","범죄사건 처리 기간[명]","명","12","22","1","12","10","3","30","47","53","77","121","25","29","82","40","1","12","8","31",
"사기","합계","계","범죄사건 처리 기간[명]","명","538343","462334","507860","563602","476759","499720","600244","653613","","","","","","","","","","","",
"사기","경찰","계","범죄사건 처리 기간[명]","명","261999","225759","249584","277149","237888","248538","323200","355735","325648","326948","297232","285265","323474","358436","375963","235160","228531","246081","290880",
"사기","경찰","10일 이내","범죄사건 처리 기간[명]","명","19031","23232","27801","38170","33162","29255","35294","38923","26880","20786","21433","17995","19456","20859","19916","17795","11454","15692","19529",
"사기","경찰","20일 이내","범죄사건 처리 기간[명]","명","4080","4167","4979","5900","15803","20985","27050","30058","20627","17040","18790","17265","18524","19370","19869","8002","8395","11224","14845",
"사기","경찰","1개월 이내","범죄사건 처리 기간[명]","명","27760","21912","22981","28032","24029","24127","28250","29001","21745","17996","20025","18604","20578","21911","21389","8960","9294","11941","14695",
"사기","경찰","2개월 이내","범죄사건 처리 기간[명]","명","37441","30385","36163","46455","59927","79747","92979","91742","73062","58847","60004","59057","67435","72861","67143","28577","28244","34141","41509",
"사기","경찰","3개월 이내","범죄사건 처리 기간[명]","명","38093","30286","33475","29127","41335","60305","81914","89297","82417","66959","60274","60769","69834","75865","72685","32642","28617","33530","42906",
"사기","경찰","6개월 이내","범죄사건 처리 기간[명]","명","132957","114378","122826","128503","61879","31001","47641","63481","85039","87071","83199","81356","98563","115576","130723","81292","67866","70900","87420",
"사기","경찰","6개월 초과","범죄사건 처리 기간[명]","명","2637","1399","1359","962","1753","3118","10072","13233","15878","58249","33507","30219","29084","31994","44238","57892","74661","68653","69976",
"사기","검찰","계","범죄사건 처리 기간[명]","명","276344","236575","258276","286453","238871","251182","277044","297878","309086","308162","282965","277041","299340","344793","370001","95263","91834","101896","112971",
"사기","검찰","10일 이내","범죄사건 처리 기간[명]","명","135869","114663","127860","135062","113060","137102","140361","151406","137886","144788","120402","120418","138018","155962","174573","35586","29009","30928","34326",
"사기","검찰","20일 이내","범죄사건 처리 기간[명]","명","34568","30400","31355","35411","27129","29091","31912","34415","38402","39235","34161","31945","34918","36882","32361","13910","12197","13166","15008",
"사기","검찰","1개월 이내","범죄사건 처리 기간[명]","명","17704","15862","17843","20818","16407","16434","18758","20402","23121","24329","22258","19326","21825","22569","20996","11595","10441","12559","16110",
"사기","검찰","2개월 이내","범죄사건 처리 기간[명]","명","29063","25954","27322","33521","26669","23506","25314","26539","28579","27877","27426","25940","28012","30447","31631","10746","11178","12131","12112",
"사기","검찰","3개월 이내","범죄사건 처리 기간[명]","명","36420","25673","29503","36112","31222","18826","20998","21392","24914","23172","22670","22449","22088","25629","27853","8438","9323","8372","8412",
"사기","검찰","6개월 이내","범죄사건 처리 기간[명]","명","21599","22995","22984","24279","22810","24048","31403","34710","43017","39194","42122","42917","40706","52520","57723","13264","17048","20689","21785",
"사기","검찰","6개월 초과","범죄사건 처리 기간[명]","명","1121","1028","1409","1250","1574","2175","8298","9014","13167","9567","13926","14046","13773","20784","24864","1724","2638","4051","5218",
"횡령","합계","계","범죄사건 처리 기간[명]","명","53391","46126","59104","64027","57617","55582","69771","76408","","","","","","","","","","","",
"횡령","경찰","계","범죄사건 처리 기간[명]","명","25700","22410","28888","31332","28641","27419","37018","40959","41575","41929","39861","37748","38989","39352","40068","30542","33055","37245","40632",
"횡령","경찰","10일 이내","범죄사건 처리 기간[명]","명","1344","1764","2304","3050","2915","3038","3872","4294","3039","2753","3141","2985","2505","2651","2574","2662","1746","2299","2529",
"횡령","경찰","20일 이내","범죄사건 처리 기간[명]","명","335","394","556","740","2013","2735","3500","4113","3426","3159","3924","3769","3888","3955","3894","2787","2756","3621","4122",
"횡령","경찰","1개월 이내","범죄사건 처리 기간[명]","명","2618","2195","2649","3223","2948","3019","3743","4182","3608","3278","3547","3822","3941","3962","3859","2723","2921","3617","4089",
"횡령","경찰","2개월 이내","범죄사건 처리 기간[명]","명","4004","3294","4748","5731","7391","8450","10570","11625","10761","8523","9025","8397","9178","9045","9239","6077","6887","8204","8811",
"횡령","경찰","3개월 이내","범죄사건 처리 기간[명]","명","4138","3348","4201","3600","5226","6026","8527","8551","9088","7556","7069","6448","7040","6927","6859","4393","4503","5243","6225",
"횡령","경찰","6개월 이내","범죄사건 처리 기간[명]","명","12963","11228","14245","14842","7846","3619","5478","6444","9571","8923","9131","8660","9457","10030","10116","7499","7583","7868","8739",
"횡령","경찰","6개월 초과","범죄사건 처리 기간[명]","명","298","187","185","146","302","532","1328","1750","2082","7737","4024","3667","2980","2782","3527","4401","6659","6393","6117",
"횡령","검찰","계","범죄사건 처리 기간[명]","명","27691","23716","30216","32695","28976","28163","32753","35449","39497","39224","38137","36604","35155","37461","39588","17802","19343","21507","21993",
"횡령","검찰","10일 이내","범죄사건 처리 기간[명]","명","12214","10728","13296","14184","12159","13108","13324","14998","15825","15884","15084","15858","15606","16905","18805","10647","10784","11977","12330",
"횡령","검찰","20일 이내","범죄사건 처리 기간[명]","명","3420","2926","3371","3878","3034","2945","3547","3815","4097","4490","4402","3793","3802","3603","3279","2035","2265","2487","2686",
"횡령","검찰","1개월 이내","범죄사건 처리 기간[명]","명","1807","1552","2164","2286","1843","1857","2259","2377","2615","3009","2875","2245","2238","2235","1961","1445","1672","1910","2066",
"횡령","검찰","2개월 이내","범죄사건 처리 기간[명]","명","2757","2584","3294","3716","3232","2948","3383","3263","3816","3896","3478","3051","2991","3037","3106","1223","1522","1687","1533",
"횡령","검찰","3개월 이내","범죄사건 처리 기간[명]","명","3940","2771","4217","4796","4575","2748","2940","3097","3516","3514","3312","2871","2748","2696","2686","837","926","1047","994",
"횡령","검찰","6개월 이내","범죄사건 처리 기간[명]","명","3146","2872","3603","3531","3677","4014","5487","5801","6839","6446","6274","6170","5553","6246","6099","1276","1758","2011","1903",
"횡령","검찰","6개월 초과","범죄사건 처리 기간[명]","명","407","283","271","304","456","543","1813","2098","2789","1985","2712","2616","2217","2739","3652","339","416","388","481",
"배임","합계","계","범죄사건 처리 기간[명]","명","12927","11143","14851","17836","14953","12479","16573","17706","","","","","","","","","","","",
"배임","경찰","계","범죄사건 처리 기간[명]","명","5867","5169","7030","8362","7358","5930","9070","9847","11336","9752","8858","9439","9568","9606","9418","6749","6770","7053","7332",
"배임","경찰","10일 이내","범죄사건 처리 기간[명]","명","186","174","264","370","384","534","767","982","673","224","255","231","198","262","248","590","92","101","106",
"배임","경찰","20일 이내","범죄사건 처리 기간[명]","명","50","41","77","104","177","244","412","452","315","229","318","293","364","262","231","117","53","49","83",
"배임","경찰","1개월 이내","범죄사건 처리 기간[명]","명","382","365","476","556","438","356","564","522","465","434","379","440","514","433","325","56","81","115","105",
"배임","경찰","2개월 이내","범죄사건 처리 기간[명]","명","890","822","1002","1312","1684","1564","2082","2308","1872","1248","1435","1426","1455","1545","1334","389","438","422","408",
"배임","경찰","3개월 이내","범죄사건 처리 기간[명]","명","1068","1062","1221","1321","1641","1679","2225","2323","2693","1568","1712","1753","1715","1717","1508","650","515","630","681",
"배임","경찰","6개월 이내","범죄사건 처리 기간[명]","명","3200","2641","3891","4601","2885","1287","2126","2377","4151","3347","3392","3648","4028","4034","3936","2516","2216","2419","2325",
"배임","경찰","6개월 초과","범죄사건 처리 기간[명]","명","91","64","99","98","149","266","894","883","1167","2702","1367","1648","1294","1353","1836","2431","3375","3317","3624",
"배임","검찰","계","범죄사건 처리 기간[명]","명","7060","5974","7821","9474","7595","6549","7503","7859","10960","9331","8807","9284","7899","8650","9230","2351","1774","1857","2091",
"배임","검찰","10일 이내","범죄사건 처리 기간[명]","명","1967","1793","2060","2651","1745","1484","1099","1182","1251","1271","1137","1197","1101","998","1311","357","250","230","339",
"배임","검찰","20일 이내","범죄사건 처리 기간[명]","명","621","448","623","747","456","635","459","576","699","747","620","500","385","392","437","192","130","121","145",
"배임","검찰","1개월 이내","범죄사건 처리 기간[명]","명","326","293","412","507","328","314","342","349","514","541","488","413","396","348","357","233","184","303","337",
"배임","검찰","2개월 이내","범죄사건 처리 기간[명]","명","584","589","781","1017","801","763","708","668","1067","994","921","918","966","899","916","263","183","234","179",
"배임","검찰","3개월 이내","범죄사건 처리 기간[명]","명","1523","1207","1786","2215","2007","1009","902","1005","1440","1213","1248","1054","1208","1104","1094","274","151","188","197",
"배임","검찰","6개월 이내","범죄사건 처리 기간[명]","명","1793","1455","1919","2075","2030","2045","2555","2735","4029","3096","2876","3297","2319","3080","2930","747","502","518","504",
"배임","검찰","6개월 초과","범죄사건 처리 기간[명]","명","246","189","240","262","228","299","1438","1344","1960","1469","1517","1905","1524","1829","2185","285","374","263","390",
"손괴","합계","계","범죄사건 처리 기간[명]","명","42118","54328","66192","66334","54694","56396","61080","60636","","","","","","","","","","","",
"손괴","경찰","계","범죄사건 처리 기간[명]","명","20931","27054","32965","33034","27339","28168","31033","30687","31268","32961","36503","36611","37573","40285","40890","36659","37838","36858","34882",
"손괴","경찰","10일 이내","범죄사건 처리 기간[명]","명","1426","2905","4018","4462","8823","11764","11887","11087","9933","8521","9437","8395","7769","7819","6726","5110","4525","4930","4654",
"손괴","경찰","20일 이내","범죄사건 처리 기간[명]","명","547","1037","1502","1503","3461","4859","5479","5541","5655","5651","6852","7108","7371","8061","7838","6213","6117","6617","6257",
"손괴","경찰","1개월 이내","범죄사건 처리 기간[명]","명","3442","4188","4923","4829","3287","2820","3198","3300","3600","3578","4567","4878","5304","5868","5886","5168","4927","5155","4976",
"손괴","경찰","2개월 이내","범죄사건 처리 기간[명]","명","2967","3007","3346","3436","3798","4641","5447","5871","6400","6044","7464","8225","8915","9820","10616","9347","9562","9274","9314",
"손괴","경찰","3개월 이내","범죄사건 처리 기간[명]","명","1400","1464","1944","1700","1919","2383","2841","2799","2878","2829","3188","3512","4042","4426","5002","4996","5452","4858","4863",
"손괴","경찰","6개월 이내","범죄사건 처리 기간[명]","명","11045","14371","17161","17031","5953","1477","1774","1595","2029","1695","2515","2421","2804","3176","3767","4435","5318","4784","4010",
"손괴","경찰","6개월 초과","범죄사건 처리 기간[명]","명","104","82","71","73","98","224","407","494","773","4643","2480","2072","1368","1115","1055","1390","1937","1240","808",
"손괴","검찰","계","범죄사건 처리 기간[명]","명","21187","27274","33227","33300","27355","28228","30047","29949","30068","31517","35181","35847","36367","39672","40358","28865","29245","28422","25963",
"손괴","검찰","10일 이내","범죄사건 처리 기간[명]","명","14528","19206","22139","22289","18878","20718","21176","20997","19929","21938","23661","25119","25159","27268","28374","19900","19106","18170","16785",
"손괴","검찰","20일 이내","범죄사건 처리 기간[명]","명","3687","4671","5820","5586","4219","3668","4292","4365","4744","4443","5243","4693","4900","5071","4412","4056","4068","3809","3514",
"손괴","검찰","1개월 이내","범죄사건 처리 기간[명]","명","1363","1580","2340","2300","1759","1478","1882","1808","2198","2052","2444","2052","2310","2389","2134","2136","2405","2444","2201",
"손괴","검찰","2개월 이내","범죄사건 처리 기간[명]","명","799","993","1584","1673","1291","1202","1394","1318","1415","1291","1634","1656","1806","2002","1985","1473","1956","1875","1682",
"손괴","검찰","3개월 이내","범죄사건 처리 기간[명]","명","550","576","995","1058","855","629","610","687","807","902","1014","993","981","1173","1369","708","798","871","685",
"손괴","검찰","6개월 이내","범죄사건 처리 기간[명]","명","250","244","342","388","350","480","605","686","882","809","998","1175","1092","1540","1586","576","884","1165","1014",
"손괴","검찰","6개월 초과","범죄사건 처리 기간[명]","명","10","4","7","6","3","53","88","88","93","82","187","159","119","229","498","16","28","88","82",
"강력범죄(흉악)","합계","계","범죄사건 처리 기간[명]","명","30359","29067","39299","44581","46627","52228","49361","54533","","","","","","","","","","","",
"강력범죄(흉악)","경찰","계","범죄사건 처리 기간[명]","명","14951","14340","19451","22017","23295","26033","25330","27977","30165","31963","33632","36652","36668","37507","35737","34743","43409","41734","37538",
"강력범죄(흉악)","경찰","10일 이내","범죄사건 처리 기간[명]","명","2489","2490","3440","3827","7159","9790","8246","8390","6868","5823","5632","5122","4246","3807","2929","3169","3492","3551","3164",
"강력범죄(흉악)","경찰","20일 이내","범죄사건 처리 기간[명]","명","212","378","517","626","2572","4052","3610","4305","4345","4122","4337","4857","4128","3845","3079","2364","3530","3446","3104",
"강력범죄(흉악)","경찰","1개월 이내","범죄사건 처리 기간[명]","명","1841","1557","2238","2589","2600","2623","2513","3093","3546","3651","4045","4638","4377","4146","3612","2718","3726","3828","3331",
"강력범죄(흉악)","경찰","2개월 이내","범죄사건 처리 기간[명]","명","1581","1383","1667","1742","3326","4430","4267","5609","6851","7527","8846","10767","11269","11590","11006","8662","10538","10503","9651",
"강력범죄(흉악)","경찰","3개월 이내","범죄사건 처리 기간[명]","명","702","609","1010","1083","1735","2325","2251","2766","3675","3378","4230","4830","5946","6436","7017","7013","8511","8549","8390",
"강력범죄(흉악)","경찰","6개월 이내","범죄사건 처리 기간[명]","명","8008","7848","10481","12029","5565","2037","2076","2579","3307","2610","3678","3717","4417","5268","6279","8398","10172","9387","8216",
"강력범죄(흉악)","경찰","6개월 초과","범죄사건 처리 기간[명]","명","118","75","98","121","338","776","2367","1235","1573","4852","2864","2721","2285","2415","1815","2419","3440","2470","1682",
"강력범죄(흉악)","검찰","계","범죄사건 처리 기간[명]","명","15408","14727","19848","22564","23332","26195","24031","26556","28711","30253","31909","35291","35121","36682","35124","26053","30625","27215","24756",
"강력범죄(흉악)","검찰","10일 이내","범죄사건 처리 기간[명]","명","9684","9114","11625","12510","12986","14594","12377","12406","10557","11590","11692","14214","12737","13259","12885","9203","11742","8836","8681",
"강력범죄(흉악)","검찰","20일 이내","범죄사건 처리 기간[명]","명","2063","2212","2954","3406","3519","4213","3927","4588","4964","5313","5635","5774","5281","5013","4397","4122","4796","4026","3770",
"강력범죄(흉악)","검찰","1개월 이내","범죄사건 처리 기간[명]","명","819","926","1403","1634","1575","1806","1973","2461","2983","3263","3294","3144","3083","2862","2501","2790","2876","2596","2398",
"강력범죄(흉악)","검찰","2개월 이내","범죄사건 처리 기간[명]","명","1140","1121","1660","2119","2185","2445","2448","2989","3892","3682","3854","3971","4170","4243","3808","2920","3076","3038","2485",
"강력범죄(흉악)","검찰","3개월 이내","범죄사건 처리 기간[명]","명","1330","1018","1793","2260","2491","1613","1304","1713","2845","2845","3200","3382","3681","3808","3586","2539","2614","2347","1724",
"강력범죄(흉악)","검찰","6개월 이내","범죄사건 처리 기간[명]","명","354","332","385","593","555","1400","1785","2241","3226","3370","3934","4416","5635","6518","6578","4287","5166","5731","5006",
"강력범죄(흉악)","검찰","6개월 초과","범죄사건 처리 기간[명]","명","18","4","28","42","21","124","217","158","244","190","300","390","534","979","1369","192","355","641","692",
"살인","합계","계","범죄사건 처리 기간[명]","명","1876","1907","1952","2354","2146","2465","2179","2045","","","","","","","","","","","",
"살인","경찰","계","범죄사건 처리 기간[명]","명","917","939","963","1146","1073","1229","1106","1032","1048","1052","1023","945","894","920","842","752","745","828","840",
"살인","경찰","10일 이내","범죄사건 처리 기간[명]","명","271","296","325","367","564","737","631","629","587","567","623","558","513","487","470","400","437","475","482",
"살인","경찰","20일 이내","범죄사건 처리 기간[명]","명","14","11","13","17","55","106","74","93","74","52","59","51","59","47","36","53","31","49","36",
"살인","경찰","1개월 이내","범죄사건 처리 기간[명]","명","59","47","57","81","62","62","53","42","50","34","55","34","31","36","33","24","18","29","34",
"살인","경찰","2개월 이내","범죄사건 처리 기간[명]","명","43","40","58","47","90","121","94","100","99","116","79","90","94","115","81","52","62","76","86",
"살인","경찰","3개월 이내","범죄사건 처리 기간[명]","명","29","31","27","34","58","80","73","51","79","49","67","59","52","68","60","54","37","70","58",
"살인","경찰","6개월 이내","범죄사건 처리 기간[명]","명","492","505","474","592","220","69","77","68","88","73","66","81","76","91","90","93","87","98","98",
"살인","경찰","6개월 초과","범죄사건 처리 기간[명]","명","9","9","9","8","24","54","104","49","71","161","74","72","69","76","72","76","73","31","46",
"살인","검찰","계","범죄사건 처리 기간[명]","명","959","968","989","1208","1073","1236","1073","1013","1042","1042","1040","973","1018","1010","1038","604","588","647","638",
"살인","검찰","10일 이내","범죄사건 처리 기간[명]","명","639","626","679","742","658","742","616","540","527","544","489","498","467","432","435","282","256","271","241",
"살인","검찰","20일 이내","범죄사건 처리 기간[명]","명","182","182","175","250","201","290","267","286","263","247","356","295","281","250","236","207","252","263","286",
"살인","검찰","1개월 이내","범죄사건 처리 기간[명]","명","16","16","17","26","28","47","38","37","28","32","38","18","29","30","21","16","16","22","5",
"살인","검찰","2개월 이내","범죄사건 처리 기간[명]","명","45","45","39","55","77","76","61","58","58","68","54","56","53","57","81","27","19","28","23",
"살인","검찰","3개월 이내","범죄사건 처리 기간[명]","명","52","45","55","66","83","36","33","29","55","74","44","28","116","82","125","22","10","14","16",
"살인","검찰","6개월 이내","범죄사건 처리 기간[명]","명","17","51","23","49","25","40","51","54","94","71","52","59","54","58","108","46","29","38","54",
"살인","검찰","6개월 초과","범죄사건 처리 기간[명]","명","8","3","1","20","1","5","7","9","17","6","7","19","18","101","32","4","6","11","13",
"강도","합계","계","범죄사건 처리 기간[명]","명","5997","6181","7990","10963","7209","9307","6986","5508","","","","","","","","","","","",
"강도","경찰","계","범죄사건 처리 기간[명]","명","2950","3052","3951","5379","3598","4640","3606","2856","2226","2136","1804","1537","1223","1395","1273","773","796","898","754",
"강도","경찰","10일 이내","범죄사건 처리 기간[명]","명","787","742","885","1224","1042","1616","1136","914","770","727","626","480","425","463","392","286","303","332","272",
"강도","경찰","20일 이내","범죄사건 처리 기간[명]","명","29","76","78","103","291","736","489","423","330","273","175","188","132","168","143","70","85","79","63",
"강도","경찰","1개월 이내","범죄사건 처리 기간[명]","명","231","247","383","564","377","473","322","218","180","177","162","134","93","98","87","36","57","68","38",
"강도","경찰","2개월 이내","범죄사건 처리 기간[명]","명","218","193","246","351","454","712","536","431","321","334","274","246","192","161","149","99","81","100","105",
"강도","경찰","3개월 이내","범죄사건 처리 기간[명]","명","98","106","152","229","234","426","292","243","211","108","145","83","99","143","131","106","64","57","66",
"강도","경찰","6개월 이내","범죄사건 처리 기간[명]","명","1559","1671","2182","2866","1092","427","358","367","251","149","195","215","141","164","203","87","104","172","145",
"강도","경찰","6개월 초과","범죄사건 처리 기간[명]","명","28","17","25","42","108","250","473","260","163","368","227","191","141","198","168","89","102","90","65",
"강도","검찰","계","범죄사건 처리 기간[명]","명","3047","3129","4039","5584","3611","4667","3380","2652","2151","1974","1808","1442","1280","1479","1318","653","735","799","673",
"강도","검찰","10일 이내","범죄사건 처리 기간[명]","명","1919","1891","2367","2829","1951","2388","1674","1294","1045","932","753","574","580","631","562","293","320","335","244",
"강도","검찰","20일 이내","범죄사건 처리 기간[명]","명","414","504","585","835","537","875","583","523","425","478","364","374","279","298","277","194","197","262","221",
"강도","검찰","1개월 이내","범죄사건 처리 기간[명]","명","121","173","219","337","171","265","199","130","93","84","81","79","68","100","47","55","37","37","31",
"강도","검찰","2개월 이내","범죄사건 처리 기간[명]","명","179","187","269","496","333","407","317","206","163","159","146","105","110","93","94","36","25","37","31",
"강도","검찰","3개월 이내","범죄사건 처리 기간[명]","명","302","259","470","784","462","349","181","136","154","97","147","80","82","66","86","29","69","42","27",
"강도","검찰","6개월 이내","범죄사건 처리 기간[명]","명","106","115","122","287","147","346","329","321","252","201","265","172","134","215","157","46","77","76","109",
"강도","검찰","6개월 초과","범죄사건 처리 기간[명]","명","6","-","7","16","10","37","97","42","19","23","52","58","27","76","95","-","10","10","10",
"방화","합계","계","범죄사건 처리 기간[명]","명","2058","1957","2857","2851","2639","2817","2773","2733","","","","","","","","","","","",
"방화","경찰","계","범죄사건 처리 기간[명]","명","1009","959","1414","1408","1318","1405","1409","1395","1467","1499","1371","1270","1358","1301","1162","913","1129","1088","947",
"방화","경찰","10일 이내","범죄사건 처리 기간[명]","명","156","168","231","270","423","511","504","497","490","496","442","353","370","355","309","222","288","289","300",
"방화","경찰","20일 이내","범죄사건 처리 기간[명]","명","21","24","59","45","143","216","216","224","231","222","209","195","203","191","156","130","129","145","125",
"방화","경찰","1개월 이내","범죄사건 처리 기간[명]","명","156","119","178","160","144","138","163","143","148","136","155","146","131","162","133","113","119","118","103",
"방화","경찰","2개월 이내","범죄사건 처리 기간[명]","명","88","78","112","111","186","280","234","260","249","240","221","257","295","253","241","175","217","216","188",
"방화","경찰","3개월 이내","범죄사건 처리 기간[명]","명","56","45","67","69","79","124","99","109","140","110","128","125","142","122","149","95","136","132","117",
"방화","경찰","6개월 이내","범죄사건 처리 기간[명]","명","513","516","760","741","319","99","115","107","152","92","110","125","110","108","120","115","149","139","90",
"방화","경찰","6개월 초과","범죄사건 처리 기간[명]","명","19","9","7","12","24","37","78","55","57","203","106","69","107","110","54","63","91","49","24",
"방화","검찰","계","범죄사건 처리 기간[명]","명","1049","998","1443","1443","1321","1412","1364","1338","1387","1419","1311","1220","1317","1258","1138","807","961","939","793",
"방화","검찰","10일 이내","범죄사건 처리 기간[명]","명","571","528","725","769","627","679","664","648","641","700","632","589","602","604","589","356","445","381","363",
"방화","검찰","20일 이내","범죄사건 처리 기간[명]","명","165","162","238","240","212","213","264","263","236","231","223","198","202","215","156","119","142","133","109",
"방화","검찰","1개월 이내","범죄사건 처리 기간[명]","명","93","93","175","144","132","139","119","165","151","157","150","109","121","123","99","71","64","104","84",
"방화","검찰","2개월 이내","범죄사건 처리 기간[명]","명","123","117","163","160","172","192","174","143","184","163","146","154","158","140","108","111","98","117","81",
"방화","검찰","3개월 이내","범죄사건 처리 기간[명]","명","76","67","131","121","131","71","57","57","89","100","68","85","100","80","67","64","84","62","41",
"방화","검찰","6개월 이내","범죄사건 처리 기간[명]","명","20","31","11","9","46","92","74","56","75","65","76","82","128","85","111","82","120","133","108",
"방화","검찰","6개월 초과","범죄사건 처리 기간[명]","명","1","-","-","-","1","26","12","6","11","3","16","3","6","11","8","4","8","9","7",
"강간","합계","계","범죄사건 처리 기간[명]","명","20428","19022","26500","28413","34633","37639","37423","44247","","","","","","","","","","","",
"강간","경찰","계","범죄사건 처리 기간[명]","명","10075","9390","13123","14084","17306","18759","19209","22694","","","","","","","","","","","",
"강간","경찰","10일 이내","범죄사건 처리 기간[명]","명","1275","1284","1999","1966","5130","6926","5975","6350","","","","","","","","","","","",
"강간","경찰","20일 이내","범죄사건 처리 기간[명]","명","148","267","367","461","2083","2994","2831","3565","","","","","","","","","","","",
"강간","경찰","1개월 이내","범죄사건 처리 기간[명]","명","1395","1144","1620","1784","2017","1950","1975","2690","","","","","","","","","","","",
"강간","경찰","2개월 이내","범죄사건 처리 기간[명]","명","1232","1072","1251","1233","2596","3317","3403","4818","","","","","","","","","","","",
"강간","경찰","3개월 이내","범죄사건 처리 기간[명]","명","519","427","764","751","1364","1695","1787","2363","","","","","","","","","","","",
"강간","경찰","6개월 이내","범죄사건 처리 기간[명]","명","5444","5156","7065","7830","3934","1442","1526","2037","","","","","","","","","","","",
"강간","경찰","6개월 초과","범죄사건 처리 기간[명]","명","62","40","57","59","182","435","1712","871","","","","","","","","","","","",
"강간","검찰","계","범죄사건 처리 기간[명]","명","10353","9632","13377","14329","17327","18880","18214","21553","","","","","","","","","","","",
"강간","검찰","10일 이내","범죄사건 처리 기간[명]","명","6555","6069","7854","8170","9750","10785","9423","9924","","","","","","","","","","","",
"강간","검찰","20일 이내","범죄사건 처리 기간[명]","명","1302","1364","1956","2081","2569","2835","2813","3516","","","","","","","","","","","",
"강간","검찰","1개월 이내","범죄사건 처리 기간[명]","명","589","644","992","1127","1244","1355","1617","2129","","","","","","","","","","","",
"강간","검찰","2개월 이내","범죄사건 처리 기간[명]","명","793","772","1189","1408","1603","1770","1896","2582","","","","","","","","","","","",
"강간","검찰","3개월 이내","범죄사건 처리 기간[명]","명","900","647","1137","1289","1815","1157","1033","1491","","","","","","","","","","","",
"강간","검찰","6개월 이내","범죄사건 처리 기간[명]","명","211","135","229","248","337","922","1331","1810","","","","","","","","","","","",
"강간","검찰","6개월 초과","범죄사건 처리 기간[명]","명","3","1","20","6","9","56","101","101","","","","","","","","","","","",
"성폭력","경찰","계","범죄사건 처리 기간[명]","명","","","","","","","","","25424","27276","29434","32900","33193","33891","32460","32305","40739","38920","34997",
"성폭력","경찰","10일 이내","범죄사건 처리 기간[명]","명","","","","","","","","","5021","4033","3941","3731","2938","2502","1758","2261","2464","2455","2110",
"성폭력","경찰","20일 이내","범죄사건 처리 기간[명]","명","","","","","","","","","3710","3575","3894","4423","3734","3439","2744","2111","3285","3173","2880",
"성폭력","경찰","1개월 이내","범죄사건 처리 기간[명]","명","","","","","","","","","3168","3304","3673","4324","4122","3850","3359","2545","3532","3613","3156",
"성폭력","경찰","2개월 이내","범죄사건 처리 기간[명]","명","","","","","","","","","6182","6837","8272","10174","10688","11061","10535","8336","10178","10111","9272",
"성폭력","경찰","3개월 이내","범죄사건 처리 기간[명]","명","","","","","","","","","3245","3111","3890","4563","5653","6103","6677","6758","8274","8290","8149",
"성폭력","경찰","6개월 이내","범죄사건 처리 기간[명]","명","","","","","","","","","2816","2296","3307","3296","4090","4905","5866","8103","9832","8978","7883",
"성폭력","경찰","6개월 초과","범죄사건 처리 기간[명]","명","","","","","","","","","1282","4120","2457","2389","1968","2031","1521","2191","3174","2300","1547",
"성폭력","검찰","계","범죄사건 처리 기간[명]","명","","","","","","","","","24131","25818","27750","31656","31506","32935","31630","23989","28341","24830","22652",
"성폭력","검찰","10일 이내","범죄사건 처리 기간[명]","명","","","","","","","","","8344","9414","9818","12553","11088","11592","11299","8272","10721","7849","7833",
"성폭력","검찰","20일 이내","범죄사건 처리 기간[명]","명","","","","","","","","","4040","4357","4692","4907","4519","4250","3728","3602","4205","3368","3154",
"성폭력","검찰","1개월 이내","범죄사건 처리 기간[명]","명","","","","","","","","","2711","2990","3025","2938","2865","2609","2334","2648","2759","2433","2278",
"성폭력","검찰","2개월 이내","범죄사건 처리 기간[명]","명","","","","","","","","","3487","3292","3508","3656","3849","3953","3525","2746","2934","2856","2350",
"성폭력","검찰","3개월 이내","범죄사건 처리 기간[명]","명","","","","","","","","","2547","2574","2941","3189","3383","3580","3308","2424","2451","2229","1640",
"성폭력","검찰","6개월 이내","범죄사건 처리 기간[명]","명","","","","","","","","","2805","3033","3541","4103","5319","6160","6202","4113","4940","5484","4735",
"성폭력","검찰","6개월 초과","범죄사건 처리 기간[명]","명","","","","","","","","","197","158","225","310","483","791","1234","184","331","611","662",
"강력범죄(폭력)","합계","계","범죄사건 처리 기간[명]","명","573022","619669","820006","817531","704813","695483","745173","687681","","","","","","","","","","","",
"강력범죄(폭력)","경찰","계","범죄사건 처리 기간[명]","명","284262","308145","408297","406897","352248","347227","378523","348369","336428","348085","352824","335536","320487","315285","283512","233985","243628","235244","216641",
"강력범죄(폭력)","경찰","10일 이내","범죄사건 처리 기간[명]","명","18633","29979","45692","49752","107772","140488","135831","122200","109425","93264","97295","84669","71388","65340","49658","30023","27202","31300","31354",
"강력범죄(폭력)","경찰","20일 이내","범죄사건 처리 기간[명]","명","7107","11146","16664","16079","43018","59486","65854","61586","60981","59677","67430","66148","63763","63674","54823","39075","38556","40038","39844",
"강력범죄(폭력)","경찰","1개월 이내","범죄사건 처리 기간[명]","명","46359","45528","57187","57575","41840","36418","38378","37686","38390","37913","42719","43054","43406","44431","40186","31497","31441","31023","30250",
"강력범죄(폭력)","경찰","2개월 이내","범죄사건 처리 기간[명]","명","40718","35946","42296","41270","51201","58981","63909","64443","63924","62492","68194","69741","71895","72856","69755","60553","62246","58309","55455",
"강력범죄(폭력)","경찰","3개월 이내","범죄사건 처리 기간[명]","명","17271","16905","23500","21036","24753","28503","31416","30869","30211","27548","28385","27613","31452","31869","32738","31935","35301","32328","29469",
"강력범죄(폭력)","경찰","6개월 이내","범죄사건 처리 기간[명]","명","153066","167698","221667","219852","81747","19473","24452","22504","23093","18537","23685","22209","24760","24900","26842","30932","36670","33105","25132",
"강력범죄(폭력)","경찰","6개월 초과","범죄사건 처리 기간[명]","명","1108","943","1291","1333","1917","3878","18683","9081","10404","48654","25116","22102","13823","12215","9510","9970","12212","9141","5137",
"강력범죄(폭력)","검찰","계","범죄사건 처리 기간[명]","명","288760","311524","411709","410634","352565","348256","366650","339312","322352","332922","339719","328903","312589","311407","280609","161984","170023","164929","150108",
"강력범죄(폭력)","검찰","10일 이내","범죄사건 처리 기간[명]","명","186033","197025","249055","247959","216811","234012","235773","220734","200946","224107","227609","227207","211937","210382","189860","98596","95192","89427","85956",
"강력범죄(폭력)","검찰","20일 이내","범죄사건 처리 기간[명]","명","49820","53012","67762","66670","53684","46223","51572","47791","48075","44602","45805","40719","39156","37214","31282","24867","25762","24416","21359",
"강력범죄(폭력)","검찰","1개월 이내","범죄사건 처리 기간[명]","명","21569","24911","35862","34299","28784","23831","27773","25967","25684","23667","23943","19736","19771","18893","16016","14358","16318","16064","14537",
"강력범죄(폭력)","검찰","2개월 이내","범죄사건 처리 기간[명]","명","16390","19751","29875","30721","26168","22949","24388","20960","21070","17403","18162","17396","17309","17351","16094","11286","14001","13916","12004",
"강력범죄(폭력)","검찰","3개월 이내","범죄사건 처리 기간[명]","명","12346","13519","23894","24482","21491","12073","11790","11393","12632","10946","10874","10908","10681","11563","10378","6187","7673","7483","5793",
"강력범죄(폭력)","검찰","6개월 이내","범죄사건 처리 기간[명]","명","2517","3130","4940","6038","5245","8481","13914","10912","12485","10805","11628","11585","12059","14063","14291","6328","10393","12172","9372",
"강력범죄(폭력)","검찰","6개월 초과","범죄사건 처리 기간[명]","명","85","176","321","465","382","687","1440","1555","1460","1392","1698","1352","1676","1941","2688","362","684","1451","1087",
"폭행","합계","계","범죄사건 처리 기간[명]","명","151218","222904","301965","314878","288395","309970","332718","331337","","","","","","","","","","","",
"폭행","경찰","계","범죄사건 처리 기간[명]","명","75224","111068","150552","156965","144152","154849","167768","166596","204305","221885","237669","229837","221950","217804","191522","155268","167234","159708","151462",
"폭행","경찰","10일 이내","범죄사건 처리 기간[명]","명","5691","13037","20329","23153","57494","83332","83102","77168","82055","71196","76896","68136","57555","51955","38783","21355","20264","22888","23488",
"폭행","경찰","20일 이내","범죄사건 처리 기간[명]","명","1997","4261","6606","6616","17666","26324","30533","30207","38919","40211","48137","48288","47999","47755","40885","29208","29306","30441","30902",
"폭행","경찰","1개월 이내","범죄사건 처리 기간[명]","명","12346","15751","20881","21580","15481","13736","14868","15817","21630","23412","27944","28787","30337","31121","28050","22532","23051","22768","22553",
"폭행","경찰","2개월 이내","범죄사건 처리 기간[명]","명","9612","11199","13068","13360","16082","18605","21036","23006","32526","34813","40782","42941","46585","47833","45743","40802","44009","40272","38866",
"폭행","경찰","3개월 이내","범죄사건 처리 기간[명]","명","3105","4102","6391","5643","6375","7768","8777","10101","13965","13763","15614","15569","18458","19153","19606","20030","23112","20883","19017",
"폭행","경찰","6개월 이내","범죄사건 처리 기간[명]","명","42333","62599","83119","86424","30751","4348","5849","7229","10059","8004","12469","11956","13202","13177","13740","16721","21603","18382","14479",
"폭행","경찰","6개월 초과","범죄사건 처리 기간[명]","명","140","119","158","189","303","736","3603","3068","5151","30486","15827","14160","7814","6810","4715","4620","5889","4074","2157",
"폭행","검찰","계","범죄사건 처리 기간[명]","명","75994","111836","151413","157913","144243","155121","164950","164741","196718","213759","230061","226873","218583","216201","190134","100220","110552","106932","101993",
"폭행","검찰","10일 이내","범죄사건 처리 기간[명]","명","60017","88488","115804","122818","112614","127107","132747","131757","141997","163147","172912","174657","164356","161140","142594","65913","67348","64434","63195",
"폭행","검찰","20일 이내","범죄사건 처리 기간[명]","명","10219","14886","19882","19131","16497","15011","17355","17773","26056","24949","27608","24747","24702","23673","19268","15359","16889","15778","14336",
"폭행","검찰","1개월 이내","범죄사건 처리 기간[명]","명","3236","4847","7955","7641","7023","5908","7195","7322","12257","11715","12982","10823","11352","11111","9307","8148","9882","9719","9290",
"폭행","검찰","2개월 이내","범죄사건 처리 기간[명]","명","1611","2480","4785","5131","4787","4472","4527","4524","8532","7100","8350","8106","8752","9039","8259","5763","7903","7977","7264",
"폭행","검찰","3개월 이내","범죄사건 처리 기간[명]","명","758","974","2565","2742","2823","1711","1665","1952","4302","3823","4253","4378","4646","5209","4622","2739","3783","3676","3116",
"폭행","검찰","6개월 이내","범죄사건 처리 기간[명]","명","153","155","418","435","494","875","1402","1340","3328","2809","3631","3911","4391","5511","5404","2236","4552","5032","4419",
"폭행","검찰","6개월 초과","범죄사건 처리 기간[명]","명","-","6","4","15","5","37","59","73","246","216","325","251","384","518","680","62","195","316","373",
"상해","합계","계","범죄사건 처리 기간[명]","명","182086","206984","247554","232240","201547","173215","171842","152421","","","","","","","","","","","",
"상해","경찰","계","범죄사건 처리 기간[명]","명","90398","102980","123253","115640","100728","86441","87099","77142","104250","94539","84029","74747","65549","59993","53349","42616","40382","33087","27288",
"상해","경찰","10일 이내","범죄사건 처리 기간[명]","명","5766","10195","13991","14175","28572","30058","25547","22978","22343","16970","14719","11553","9148","7887","6324","4289","3345","3231","3022",
"상해","경찰","20일 이내","범죄사건 처리 기간[명]","명","2557","4113","5667","5159","13654","16450","15992","15302","18603","15510","14809","13365","11338","10566","8733","5817","5195","4540","3934",
"상해","경찰","1개월 이내","범죄사건 처리 기간[명]","명","15550","16667","19171","18349","13555","10499","9819","9968","13881","11503","11444","10731","9326","8743","7697","5303","4831","4087","3516",
"상해","경찰","2개월 이내","범죄사건 처리 기간[명]","명","12884","12522","13776","12783","15974","16731","15971","16476","24926","21235","20436","19403","17315","15734","14762","11545","10408","8742","7610",
"상해","경찰","3개월 이내","범죄사건 처리 기간[명]","명","5857","5997","7303","6212","7367","7683","7374","6997","12064","9752","8963","8226","8341","7574","7591","6793","6669","5298","4414",
"상해","경찰","6개월 이내","범죄사건 처리 기간[명]","명","47505","53199","63078","58722","21289","4415","5403","4162","8833","6784","7216","6323","6592","6217","6094","6917","7563","5661","4135",
"상해","경찰","6개월 초과","범죄사건 처리 기간[명]","명","279","287","267","240","317","605","6993","1259","3600","12785","6442","5146","3489","3272","2148","1952","2371","1528","657",
"상해","검찰","계","범죄사건 처리 기간[명]","명","91688","104004","124301","116600","100819","86774","84743","75279","99393","89664","80129","72373","63110","58825","52497","38097","35750","29427","24020",
"상해","검찰","10일 이내","범죄사건 처리 기간[명]","명","58354","65745","75025","69370","58943","56025","52792","45550","49483","48470","41202","38196","32385","30837","27681","20961","17059","13543","11479",
"상해","검찰","20일 이내","범죄사건 처리 기간[명]","명","17638","19663","23006","22105","17983","13204","13737","12891","17981","15352","13875","11790","10126","8844","7518","5755","5258","4193","3530",
"상해","검찰","1개월 이내","범죄사건 처리 기간[명]","명","7613","8871","11751","10675","9281","6522","7328","7096","10761","9219","8235","6551","5912","5016","4168","3809","3872","3090","2599",
"상해","검찰","2개월 이내","범죄사건 처리 기간[명]","명","4882","6006","8570","8506","8250","6272","6031","5371","9553","7388","7104","6590","5759","5235","4631","3390","3749","3109","2423",
"상해","검찰","3개월 이내","범죄사건 처리 기간[명]","명","2783","3108","5158","5081","5325","3066","2495","2458","5959","4796","4369","4424","4061","3809","3272","2041","2362","1910","1402",
"상해","검찰","6개월 이내","범죄사건 처리 기간[명]","명","417","607","782","851","1022","1642","2245","1785","5271","4059","4774","4476","4483","4564","4549","2083","3260","3355","2411",
"상해","검찰","6개월 초과","범죄사건 처리 기간[명]","명","1","4","9","12","15","43","115","128","385","380","570","346","384","520","678","58","190","227","176",
"협박","합계","계","범죄사건 처리 기간[명]","명","4937","5265","8554","8982","8139","7164","9767","9945","","","","","","","","","","","",
"협박","경찰","계","범죄사건 처리 기간[명]","명","2419","2590","4226","4441","4064","3565","5087","5113","10357","15346","17964","17538","19470","23679","23708","23014","23454","25019","25371",
"협박","경찰","10일 이내","범죄사건 처리 기간[명]","명","91","141","342","327","675","801","1081","1120","2617","3343","4184","3796","3839","4666","3929","3322","3098","3879","4127",
"협박","경찰","20일 이내","범죄사건 처리 기간[명]","명","40","58","119","147","391","496","768","759","1569","2578","3348","3295","3504","4417","4220","3452","3430","4153","4300",
"협박","경찰","1개월 이내","범죄사건 처리 기간[명]","명","305","335","504","579","479","433","608","608","1238","1763","2290","2391","2688","3366","3475","3007","2848","3232","3385",
"협박","경찰","2개월 이내","범죄사건 처리 기간[명]","명","335","366","539","615","855","946","1330","1375","2445","3116","4085","4169","4888","5989","6276","6125","5967","6253","6592",
"협박","경찰","3개월 이내","범죄사건 처리 기간[명]","명","251","224","344","329","546","532","718","668","1222","1381","1564","1563","2058","2594","2788","3219","3507","3620","3596",
"협박","경찰","6개월 이내","범죄사건 처리 기간[명]","명","1377","1452","2367","2428","1083","334","453","419","935","941","1265","1209","1708","1969","2386","2947","3428","3166","2857",
"협박","경찰","6개월 초과","범죄사건 처리 기간[명]","명","20","14","11","16","35","23","129","164","331","2224","1228","1115","785","678","634","942","1176","716","514",
"협박","검찰","계","범죄사건 처리 기간[명]","명","2518","2675","4328","4541","4075","3599","4680","4832","9882","14531","17202","17089","18632","23194","23335","16227","16406","17260","16611",
"협박","검찰","10일 이내","범죄사건 처리 기간[명]","명","1379","1459","2291","2382","2075","2022","2400","2590","4429","7694","9440","9815","10555","13386","13798","9178","8616","8751","8900",
"협박","검찰","20일 이내","범죄사건 처리 기간[명]","명","359","389","647","678","535","489","660","656","1557","2253","2598","2469","2731","3129","2873","2640","2560","2637","2355",
"협박","검찰","1개월 이내","범죄사건 처리 기간[명]","명","168","217","402","413","338","302","365","394","966","1431","1633","1394","1612","1881","1717","1647","1766","1886","1763",
"협박","검찰","2개월 이내","범죄사건 처리 기간[명]","명","272","247","432","488","447","348","502","451","1128","1342","1442","1436","1589","1901","1912","1325","1481","1608","1578",
"협박","검찰","3개월 이내","범죄사건 처리 기간[명]","명","239","247","411","439","438","221","333","343","862","846","1053","944","941","1308","1227","747","879","914","737",
"협박","검찰","6개월 이내","범죄사건 처리 기간[명]","명","101","112","137","137","233","211","366","361","836","847","866","927","1054","1382","1544","663","1061","1359","1165",
"협박","검찰","6개월 초과","범죄사건 처리 기간[명]","명","-","4","8","4","9","6","54","37","104","118","170","104","150","207","264","27","43","105","113",
"공갈","합계","계","범죄사건 처리 기간[명]","명","3418","3654","5820","8025","7743","7021","11155","7083","","","","","","","","","","","",
"공갈","경찰","계","범죄사건 처리 기간[명]","명","1632","1755","2845","3922","3860","3461","5761","3692","8188","6406","6583","6743","6867","7144","7844","5640","5555","9489","6125",
"공갈","경찰","10일 이내","범죄사건 처리 기간[명]","명","129","137","252","396","564","515","768","396","828","433","488","345","266","300","234","405","143","762","285",
"공갈","경찰","20일 이내","범죄사건 처리 기간[명]","명","26","35","75","124","295","461","734","330","764","481","492","510","358","375","376","189","140","434","282",
"공갈","경찰","1개월 이내","범죄사건 처리 기간[명]","명","203","205","358","487","446","394","612","329","701","458","517","503","477","512","405","214","215","405","345",
"공갈","경찰","2개월 이내","범죄사건 처리 기간[명]","명","217","208","324","456","775","867","1269","981","1937","1380","1496","1685","1613","1637","1389","710","732","1499","1063",
"공갈","경찰","3개월 이내","범죄사건 처리 기간[명]","명","148","173","295","321","479","625","864","666","1607","1089","1197","1253","1434","1395","1516","790","950","1358","1179",
"공갈","경찰","6개월 이내","범죄사건 처리 기간[명]","명","894","980","1526","2107","1244","466","831","647","1637","1307","1594","1632","1902","2112","2779","1898","1904","3567","1880",
"공갈","경찰","6개월 초과","범죄사건 처리 기간[명]","명","15","17","15","31","57","133","683","343","714","1258","799","815","817","813","1145","1434","1471","1464","1091",
"공갈","검찰","계","범죄사건 처리 기간[명]","명","1786","1899","2975","4103","3883","3560","5394","3391","7694","5821","6214","6342","6398","6867","7684","2657","2647","6032","3486",
"공갈","검찰","10일 이내","범죄사건 처리 기간[명]","명","832","883","1287","1784","1661","1706","2090","1400","2384","2046","2144","2503","2748","2980","3683","885","812","1354","1195",
"공갈","검찰","20일 이내","범죄사건 처리 기간[명]","명","221","274","497","632","651","521","854","417","1213","895","924","871","833","823","824","436","394","1069","529",
"공갈","검찰","1개월 이내","범죄사건 처리 기간[명]","명","147","166","266","406","345","317","613","322","721","531","566","481","459","467","402","303","292","732","361",
"공갈","검찰","2개월 이내","범죄사건 처리 기간[명]","명","174","182","323","461","393","364","765","361","894","594","643","589","611","598","630","290","303","598","398",
"공갈","검찰","3개월 이내","범죄사건 처리 기간[명]","명","247","245","391","580","605","271","364","316","700","530","601","550","488","568","527","266","241","510","222",
"공갈","검찰","6개월 이내","범죄사건 처리 기간[명]","명","149","137","199","231","221","353","642","458","1467","1038","1074","1070","962","1117","1233","403","525","1250","623",
"공갈","검찰","6개월 초과","범죄사건 처리 기간[명]","명","16","12","12","9","7","28","66","117","315","187","262","278","297","314","385","74","80","519","158",
"약취와유인","합계","계","범죄사건 처리 기간[명]","명","274","242","458","588","532","566","566","550","","","","","","","","","","","",
"약취와유인","경찰","계","범죄사건 처리 기간[명]","명","134","117","226","284","266","282","296","286","279","270","291","298","274","371","308","325","324","426","402",
"약취와유인","경찰","10일 이내","범죄사건 처리 기간[명]","명","27","14","46","40","75","64","56","54","45","37","41","37","30","37","19","45","28","37","36",
"약취와유인","경찰","20일 이내","범죄사건 처리 기간[명]","명","3","2","3","7","21","24","34","26","28","20","31","41","29","23","28","34","38","47","35",
"약취와유인","경찰","1개월 이내","범죄사건 처리 기간[명]","명","10","12","11","28","21","35","19","35","26","22","20","45","39","30","25","26","19","27","27",
"약취와유인","경찰","2개월 이내","범죄사건 처리 기간[명]","명","8","9","9","29","39","73","68","72","65","68","63","66","80","119","90","77","76","63","107",
"약취와유인","경찰","3개월 이내","범죄사건 처리 기간[명]","명","14","9","21","38","23","56","27","36","29","36","62","28","43","59","53","32","66","78","79",
"약취와유인","경찰","6개월 이내","범죄사건 처리 기간[명]","명","72","71","136","140","79","25","45","44","62","34","55","50","24","65","68","83","69","140","102",
"약취와유인","경찰","6개월 초과","범죄사건 처리 기간[명]","명","-","-","-","2","8","5","47","19","24","53","19","31","29","38","25","28","28","34","16",
"약취와유인","검찰","계","범죄사건 처리 기간[명]","명","140","125","232","304","266","284","270","264","270","268","278","289","260","360","309","205","211","264","229",
"약취와유인","검찰","10일 이내","범죄사건 처리 기간[명]","명","60","64","122","131","78","120","102","91","74","67","85","89","88","95","83","60","52","69","57",
"약취와유인","검찰","20일 이내","범죄사건 처리 기간[명]","명","20","17","45","48","56","46","44","66","44","47","43","59","26","41","45","24","33","37","32",
"약취와유인","검찰","1개월 이내","범죄사건 처리 기간[명]","명","14","7","6","20","13","28","10","19","10","15","23","15","14","35","19","25","16","15","25",
"약취와유인","검찰","2개월 이내","범죄사건 처리 기간[명]","명","17","11","32","32","28","27","39","33","38","59","27","34","38","40","30","23","21","32","25",
"약취와유인","검찰","3개월 이내","범죄사건 처리 기간[명]","명","22","23","24","61","62","33","15","20","33","28","37","18","25","47","24","21","18","26","18",
"약취와유인","검찰","6개월 이내","범죄사건 처리 기간[명]","명","7","3","3","11","29","29","48","32","52","39","57","68","64","92","87","51","65","67","63",
"약취와유인","검찰","6개월 초과","범죄사건 처리 기간[명]","명","-","-","-","1","-","1","12","3","19","13","6","6","5","10","21","1","6","18","9",
"체포와감금","합계","계","범죄사건 처리 기간[명]","명","986","1100","1668","1744","1707","1859","2348","2261","","","","","","","","","","","",
"체포와감금","경찰","계","범죄사건 처리 기간[명]","명","476","538","818","857","849","924","1226","1178","2131","2370","2604","2736","2499","2507","2514","2315","2212","2049","1829",
"체포와감금","경찰","10일 이내","범죄사건 처리 기간[명]","명","37","49","77","71","161","205","200","243","312","304","452","432","282","321","231","264","177","194","181",
"체포와감금","경찰","20일 이내","범죄사건 처리 기간[명]","명","8","14","23","16","71","96","162","155","242","196","312","350","284","264","253","174","140","151","176",
"체포와감금","경찰","1개월 이내","범죄사건 처리 기간[명]","명","64","80","89","87","86","81","101","109","180","152","223","303","181","299","212","155","180","143","139",
"체포와감금","경찰","2개월 이내","범죄사건 처리 기간[명]","명","69","64","81","116","148","217","258","273","491","496","553","624","570","574","545","487","373","419","348",
"체포와감금","경찰","3개월 이내","범죄사건 처리 기간[명]","명","45","42","58","101","103","155","202","206","385","374","416","343","446","368","419","313","287","289","353",
"체포와감금","경찰","6개월 이내","범죄사건 처리 기간[명]","명","237","287","488","464","266","157","158","156","384","383","402","373","498","457","616","641","694","532","478",
"체포와감금","경찰","6개월 초과","범죄사건 처리 기간[명]","명","16","2","2","2","14","13","145","36","137","465","246","311","238","224","238","281","361","321","154",
"체포와감금","검찰","계","범죄사건 처리 기간[명]","명","510","562","850","887","858","935","1122","1083","2003","2215","2443","2611","2251","2422","2492","1388","1350","1137","979",
"체포와감금","검찰","10일 이내","범죄사건 처리 기간[명]","명","227","250","338","365","376","391","471","434","659","674","879","991","879","932","859","482","369","290","306",
"체포와감금","검찰","20일 이내","범죄사건 처리 기간[명]","명","73","86","114","116","102","123","135","143","241","296","329","351","264","285","340","254","201","180","152",
"체포와감금","검찰","1개월 이내","범죄사건 처리 기간[명]","명","49","28","69","63","63","82","74","105","177","181","210","190","155","148","161","101","125","83","115",
"체포와감금","검찰","2개월 이내","범죄사건 처리 기간[명]","명","50","75","108","124","106","125","139","134","246","250","275","326","250","285","226","145","183","127","70",
"체포와감금","검찰","3개월 이내","범죄사건 처리 기간[명]","명","82","72","153","140","165","87","97","122","198","312","245","236","205","238","285","122","149","126","82",
"체포와감금","검찰","6개월 이내","범죄사건 처리 기간[명]","명","29","51","67","79","45","117","155","130","395","458","430","448","394","437","490","277","301","294","215",
"체포와감금","검찰","6개월 초과","범죄사건 처리 기간[명]","명","-","-","1","-","1","10","51","15","87","44","75","69","104","97","131","7","22","37","39",
"폭력행위등(손괴,강요,주거침입등)","경찰","계","범죄사건 처리 기간[명]","명","","","","","","","","","5105","5170","3081","3018","2895","3277","3745","4155","3987","4856","3551",
"폭력행위등(손괴,강요,주거침입등)","경찰","10일 이내","범죄사건 처리 기간[명]","명","","","","","","","","","746","582","371","225","149","132","80","258","123","225","115",
"폭력행위등(손괴,강요,주거침입등)","경찰","20일 이내","범죄사건 처리 기간[명]","명","","","","","","","","","552","460","277","266","213","239","259","187","266","225","205",
"폭력행위등(손괴,강요,주거침입등)","경찰","1개월 이내","범죄사건 처리 기간[명]","명","","","","","","","","","524","402","244","254","259","332","283","252","246","311","240",
"폭력행위등(손괴,강요,주거침입등)","경찰","2개월 이내","범죄사건 처리 기간[명]","명","","","","","","","","","1226","1109","685","781","678","906","881","714","625","947","745",
"폭력행위등(손괴,강요,주거침입등)","경찰","3개월 이내","범죄사건 처리 기간[명]","명","","","","","","","","","740","868","472","515","595","640","717","676","669","752","777",
"폭력행위등(손괴,강요,주거침입등)","경찰","6개월 이내","범죄사건 처리 기간[명]","명","","","","","","","","","1040","827","579","582","779","834","993","1589","1226","1515","1013",
"폭력행위등(손괴,강요,주거침입등)","경찰","6개월 초과","범죄사건 처리 기간[명]","명","","","","","","","","","277","922","453","395","222","194","532","479","832","881","456",
"폭력행위등(손괴,강요,주거침입등)","검찰","계","범죄사건 처리 기간[명]","명","","","","","","","","","4703","4826","2857","2817","2551","3052","3679","2633","2730","3358","2312",
"폭력행위등(손괴,강요,주거침입등)","검찰","10일 이내","범죄사건 처리 기간[명]","명","","","","","","","","","1362","1437","862","878","758","935","1095","1060","881","893","778",
"폭력행위등(손괴,강요,주거침입등)","검찰","20일 이내","범죄사건 처리 기간[명]","명","","","","","","","","","688","501","345","371","346","357","356","349","368","455","333",
"폭력행위등(손괴,강요,주거침입등)","검찰","1개월 이내","범죄사건 처리 기간[명]","명","","","","","","","","","537","440","243","272","238","219","212","307","310","438","324",
"폭력행위등(손괴,강요,주거침입등)","검찰","2개월 이내","범죄사건 처리 기간[명]","명","","","","","","","","","524","523","282","232","259","240","379","330","345","435","201",
"폭력행위등(손괴,강요,주거침입등)","검찰","3개월 이내","범죄사건 처리 기간[명]","명","","","","","","","","","437","518","280","299","283","334","313","212","227","297","197",
"폭력행위등(손괴,강요,주거침입등)","검찰","6개월 이내","범죄사건 처리 기간[명]","명","","","","","","","","","888","1170","666","549","539","750","868","317","508","719","342",
"폭력행위등(손괴,강요,주거침입등)","검찰","6개월 초과","범죄사건 처리 기간[명]","명","","","","","","","","","267","237","179","216","128","217","456","58","91","121","137",
"폭력행위등(단체등의구성?활동)","합계","계","범죄사건 처리 기간[명]","명","535","1367","1410","1456","1348","6914","7339","3877","","","","","","","","","","","",
"폭력행위등(단체등의구성?활동)","경찰","계","범죄사건 처리 기간[명]","명","256","637","661","685","669","3442","3866","2021","1813","2099","603","619","983","510","522","652","480","610","613",
"폭력행위등(단체등의구성?활동)","경찰","10일 이내","범죄사건 처리 기간[명]","명","12","85","48","51","116","1022","941","517","479","399","144","145","119","42","58","85","24","84","100",
"폭력행위등(단체등의구성?활동)","경찰","20일 이내","범죄사건 처리 기간[명]","명","-","1","15","12","26","554","516","234","304","221","24","33","38","35","69","14","41","47","10",
"폭력행위등(단체등의구성?활동)","경찰","1개월 이내","범죄사건 처리 기간[명]","명","9","27","34","29","62","391","315","170","210","201","37","40","99","28","39","8","51","50","45",
"폭력행위등(단체등의구성?활동)","경찰","2개월 이내","범죄사건 처리 기간[명]","명","26","111","70","14","34","734","796","268","308","275","94","72","166","64","69","93","56","114","124",
"폭력행위등(단체등의구성?활동)","경찰","3개월 이내","범죄사건 처리 기간[명]","명","38","22","17","34","31","331","455","266","199","285","97","116","77","86","48","82","41","50","54",
"폭력행위등(단체등의구성?활동)","경찰","6개월 이내","범죄사건 처리 기간[명]","명","170","389","458","509","321","328","449","202","143","257","105","84","55","69","166","136","183","142","188",
"폭력행위등(단체등의구성?활동)","경찰","6개월 초과","범죄사건 처리 기간[명]","명","1","2","19","36","79","82","394","364","170","461","102","129","429","186","73","234","84","123","92",
"폭력행위등(단체등의구성?활동)","검찰","계","범죄사건 처리 기간[명]","명","279","730","749","771","679","3472","3473","1856","1689","1838","535","509","804","486","479","557","377","519","478",
"폭력행위등(단체등의구성?활동)","검찰","10일 이내","범죄사건 처리 기간[명]","명","50","127","150","101","79","1571","1233","677","558","572","85","78","168","77","67","57","55","93","46",
"폭력행위등(단체등의구성?활동)","검찰","20일 이내","범죄사건 처리 기간[명]","명","46","171","115","89","78","628","543","333","295","309","83","61","128","62","58","50","59","67","92",
"폭력행위등(단체등의구성?활동)","검찰","1개월 이내","범죄사건 처리 기간[명]","명","14","16","46","29","16","405","453","214","255","135","51","10","29","16","30","18","55","101","60",
"폭력행위등(단체등의구성?활동)","검찰","2개월 이내","범죄사건 처리 기간[명]","명","8","151","127","97","34","345","374","141","155","147","39","83","51","13","27","20","16","30","45",
"폭력행위등(단체등의구성?활동)","검찰","3개월 이내","범죄사건 처리 기간[명]","명","91","134","183","97","78","286","279","152","141","93","36","59","32","50","108","39","14","24","19",
"폭력행위등(단체등의구성?활동)","검찰","6개월 이내","범죄사건 처리 기간[명]","명","38","93","127","187","215","210","531","185","248","385","130","136","172","210","116","298","121","96","134",
"폭력행위등(단체등의구성?활동)","검찰","6개월 초과","범죄사건 처리 기간[명]","명","32","38","1","171","179","27","60","154","37","197","111","82","224","58","73","75","57","108","82",
"폭력행위등처벌에관한법률위반","합계","계","범죄사건 처리 기간[명]","명","229568","178153","252577","249618","195402","188774","209438","180207","","","","","","","","","","","",
"폭력행위등처벌에관한법률위반","경찰","계","범죄사건 처리 기간[명]","명","113723","88460","125716","124103","97660","94263","107420","92341","","","","","","","","","","","",
"폭력행위등처벌에관한법률위반","경찰","10일 이내","범죄사건 처리 기간[명]","명","6880","6321","10607","11539","20115","24491","24136","19724","","","","","","","","","","","",
"폭력행위등처벌에관한법률위반","경찰","20일 이내","범죄사건 처리 기간[명]","명","2476","2662","4156","3998","10894","15081","17115","14573","","","","","","","","","","","",
"폭력행위등처벌에관한법률위반","경찰","1개월 이내","범죄사건 처리 기간[명]","명","17872","12451","16139","16436","11710","10849","12036","10650","","","","","","","","","","","",
"폭력행위등처벌에관한법률위반","경찰","2개월 이내","범죄사건 처리 기간[명]","명","17567","11467","14429","13897","17294","20808","23181","21992","","","","","","","","","","","",
"폭력행위등처벌에관한법률위반","경찰","3개월 이내","범죄사건 처리 기간[명]","명","7813","6336","9071","8358","9829","11353","12999","11929","","","","","","","","","","","",
"폭력행위등처벌에관한법률위반","경찰","6개월 이내","범죄사건 처리 기간[명]","명","60478","48721","70495","69058","26714","9400","11264","9645","","","","","","","","","","","",
"폭력행위등처벌에관한법률위반","경찰","6개월 초과","범죄사건 처리 기간[명]","명","637","502","819","817","1104","2281","6689","3828","","","","","","","","","","","",
"폭력행위등처벌에관한법률위반","검찰","계","범죄사건 처리 기간[명]","명","115845","89693","126861","125515","97742","94511","102018","87866","","","","","","","","","","","",
"폭력행위등처벌에관한법률위반","검찰","10일 이내","범죄사건 처리 기간[명]","명","65114","40009","54038","51008","40985","45070","43938","38235","","","","","","","","","","","",
"폭력행위등처벌에관한법률위반","검찰","20일 이내","범죄사건 처리 기간[명]","명","21244","17526","23456","23871","17782","16201","18244","15512","","","","","","","","","","","",
"폭력행위등처벌에관한법률위반","검찰","1개월 이내","범죄사건 처리 기간[명]","명","10328","10759","15367","15052","11705","10267","11735","10495","","","","","","","","","","","",
"폭력행위등처벌에관한법률위반","검찰","2개월 이내","범죄사건 처리 기간[명]","명","9376","10599","15498","15882","12123","10996","12011","9945","","","","","","","","","","","",
"폭력행위등처벌에관한법률위반","검찰","3개월 이내","범죄사건 처리 기간[명]","명","8124","8716","15009","15342","11995","6398","6542","6030","","","","","","","","","","","",
"폭력행위등처벌에관한법률위반","검찰","6개월 이내","범죄사건 처리 기간[명]","명","1623","1972","3207","4107","2986","5044","8525","6621","","","","","","","","","","","",
"폭력행위등처벌에관한법률위반","검찰","6개월 초과","범죄사건 처리 기간[명]","명","36","112","286","253","166","535","1023","1028","","","","","","","","","","","",
"위조범죄","합계","계","범죄사건 처리 기간[명]","명","64695","55824","71063","67879","56200","47863","51129","51005","","","","","","","","","","","",
"위조범죄","경찰","계","범죄사건 처리 기간[명]","명","30959","26887","34669","32992","27975","23353","26877","27132","26063","24022","22576","21039","18939","19763","19309","13876","14128","15391","15433",
"위조범죄","경찰","10일 이내","범죄사건 처리 기간[명]","명","2164","1998","2843","3473","4138","3202","3084","3086","2098","1681","1721","1475","1263","1340","1025","1395","810","1016","1073",
"위조범죄","경찰","20일 이내","범죄사건 처리 기간[명]","명","494","524","746","826","2284","2695","2691","2617","2077","1680","1804","1801","1512","1372","1290","662","680","1126","1162",
"위조범죄","경찰","1개월 이내","범죄사건 처리 기간[명]","명","3331","2881","3183","3432","2907","2628","2706","2496","2169","1762","1883","1892","1539","1559","1457","644","689","1048","1094",
"위조범죄","경찰","2개월 이내","범죄사건 처리 기간[명]","명","4187","3550","4073","4589","6076","6578","7829","7400","6218","4792","5039","4677","4137","4174","3986","1823","1829","2431","2371",
"위조범죄","경찰","3개월 이내","범죄사건 처리 기간[명]","명","3778","3376","3763","3350","4284","4604","5822","5687","5743","4214","4197","4074","3816","3649","3413","1950","1801","1925","2102",
"위조범죄","경찰","6개월 이내","범죄사건 처리 기간[명]","명","16711","14366","19863","17001","7895","3052","3568","4369","6367","5153","5581","5007","5372","6223","6245","4640","4277","4093","4285",
"위조범죄","경찰","6개월 초과","범죄사건 처리 기간[명]","명","294","192","198","321","391","594","1177","1477","1391","4740","2351","2113","1300","1446","1893","2762","4042","3752","3346",
"위조범죄","검찰","계","범죄사건 처리 기간[명]","명","33736","28937","36394","34887","28225","24510","24252","23873","25551","23453","22087","21338","17504","19687","19979","6633","6367","7463","6992",
"위조범죄","검찰","10일 이내","범죄사건 처리 기간[명]","명","16056","12630","14595","14955","12042","12123","10221","9337","8489","7951","6902","7280","5705","6007","6852","2532","2114","2641","2666",
"위조범죄","검찰","20일 이내","범죄사건 처리 기간[명]","명","3668","3538","4611","4320","3403","2873","3040","2887","2983","2699","2538","2314","1944","1850","1538","833","818","941","947",
"위조범죄","검찰","1개월 이내","범죄사건 처리 기간[명]","명","1929","1996","2835","2784","1955","1591","1759","1752","1910","1970","1811","1444","1276","1180","978","807","715","863","854",
"위조범죄","검찰","2개월 이내","범죄사건 처리 기간[명]","명","3594","3253","4300","3910","2938","2256","2445","2433","2839","2697","2587","2320","1961","2079","2170","734","704","782","665",
"위조범죄","검찰","3개월 이내","범죄사건 처리 기간[명]","명","5380","4366","6565","5629","4623","2279","2003","2180","2697","2512","2207","2091","1892","2025","1802","637","612","577","445",
"위조범죄","검찰","6개월 이내","범죄사건 처리 기간[명]","명","2957","3055","3343","3106","3011","3135","3755","4194","5153","4462","4487","4514","3595","4837","4393","931","1193","1385","1116",
"위조범죄","검찰","6개월 초과","범죄사건 처리 기간[명]","명","152","99","145","183","253","253","1029","1090","1480","1162","1555","1375","1131","1709","2246","159","211","274","299",
"통화","합계","계","범죄사건 처리 기간[명]","명","3650","4847","5429","6603","5053","6212","5688","3604","","","","","","","","","","","",
"통화","경찰","계","범죄사건 처리 기간[명]","명","1802","2396","2694","3287","2526","3105","2900","1839","1511","1070","1252","2305","1013","865","613","233","240","222","255",
"통화","경찰","10일 이내","범죄사건 처리 기간[명]","명","61","278","349","285","328","353","212","186","103","62","90","167","77","64","32","4","8","19","27",
"통화","경찰","20일 이내","범죄사건 처리 기간[명]","명","20","51","88","87","246","425","328","133","117","84","101","368","102","81","63","20","27","19","44",
"통화","경찰","1개월 이내","범죄사건 처리 기간[명]","명","168","220","343","354","359","534","416","216","186","103","138","350","120","101","76","27","34","33","27",
"통화","경찰","2개월 이내","범죄사건 처리 기간[명]","명","494","456","327","510","717","1072","1133","689","540","295","429","684","333","275","192","59","56","73","47",
"통화","경찰","3개월 이내","범죄사건 처리 기간[명]","명","222","360","286","363","376","599","591","408","372","242","283","486","222","181","123","50","52","34","35",
"통화","경찰","6개월 이내","범죄사건 처리 기간[명]","명","823","1018","1295","1687","496","114","189","163","148","161","170","202","139","138","101","48","43","35","52",
"통화","경찰","6개월 초과","범죄사건 처리 기간[명]","명","14","13","6","1","4","8","31","44","45","123","41","48","20","25","26","25","20","9","23",
"통화","검찰","계","범죄사건 처리 기간[명]","명","1848","2451","2735","3316","2527","3107","2788","1765","1448","1009","1193","2285","1016","897","606","24","26","23","49",
"통화","검찰","10일 이내","범죄사건 처리 기간[명]","명","1700","2227","2373","2946","2293","2790","2308","1350","1167","788","1007","1824","866","758","515","9","15","13","15",
"통화","검찰","20일 이내","범죄사건 처리 기간[명]","명","108","160","238","251","167","236","289","209","188","132","123","305","86","73","43","3","0","-","14",
"통화","검찰","1개월 이내","범죄사건 처리 기간[명]","명","24","37","94","66","55","43","61","77","45","43","32","90","30","17","21","5","4","2","-",
"통화","검찰","2개월 이내","범죄사건 처리 기간[명]","명","8","21","15","29","5","18","107","113","32","25","19","44","21","17","14","2","0","2","3",
"통화","검찰","3개월 이내","범죄사건 처리 기간[명]","명","7","5","5","15","7","3","3","2","8","15","10","14","7","14","6","1","3","2","4",
"통화","검찰","6개월 이내","범죄사건 처리 기간[명]","명","1","1","10","9","-","17","20","13","8","6","-","8","4","16","7","4","3","4","12",
"통화","검찰","6개월 초과","범죄사건 처리 기간[명]","명","-","-","-","-","-","-","-","1","-","-","2","","2","2","-","-","1","-","1",
"유가증권·인지·우표","합계","계","범죄사건 처리 기간[명]","명","5437","3693","3127","2991","2387","1780","1400","1285","","","","","","","","","","","",
"유가증권·인지·우표","경찰","계","범죄사건 처리 기간[명]","명","2622","1773","1508","1429","1190","863","787","700","667","499","447","412","341","262","142","85","93","92","94",
"유가증권·인지·우표","경찰","10일 이내","범죄사건 처리 기간[명]","명","93","92","89","89","131","59","92","82","79","26","32","24","28","24","15","4","3","7","5",
"유가증권·인지·우표","경찰","20일 이내","범죄사건 처리 기간[명]","명","22","16","12","16","52","58","66","42","37","25","22","17","19","15","5","2","3","3","2",
"유가증권·인지·우표","경찰","1개월 이내","범죄사건 처리 기간[명]","명","190","107","115","128","79","60","61","65","25","22","21","26","21","8","10","7","5","2","4",
"유가증권·인지·우표","경찰","2개월 이내","범죄사건 처리 기간[명]","명","275","161","193","219","233","217","195","166","99","75","71","54","81","55","28","10","8","10","8",
"유가증권·인지·우표","경찰","3개월 이내","범죄사건 처리 기간[명]","명","332","295","230","188","273","249","189","158","142","92","71","68","70","45","27","14","6","7","9",
"유가증권·인지·우표","경찰","6개월 이내","범죄사건 처리 기간[명]","명","1641","1077","846","774","394","198","147","128","213","145","157","155","93","82","41","22","26","31","36",
"유가증권·인지·우표","경찰","6개월 초과","범죄사건 처리 기간[명]","명","69","25","23","15","28","22","37","59","72","114","73","68","29","33","16","26","42","32","30",
"유가증권·인지·우표","검찰","계","범죄사건 처리 기간[명]","명","2815","1920","1619","1562","1197","917","613","585","635","479","423","422","323","257","156","41","34","41","45",
"유가증권·인지·우표","검찰","10일 이내","범죄사건 처리 기간[명]","명","1298","715","574","543","389","399","191","179","158","110","69","83","94","70","49","20","9","15","16",
"유가증권·인지·우표","검찰","20일 이내","범죄사건 처리 기간[명]","명","334","232","157","152","114","101","58","95","77","56","22","31","23","30","10","6","4","2","3",
"유가증권·인지·우표","검찰","1개월 이내","범죄사건 처리 기간[명]","명","148","98","84","85","89","57","43","26","25","28","24","23","26","18","1","3","4","4","7",
"유가증권·인지·우표","검찰","2개월 이내","범죄사건 처리 기간[명]","명","301","208","186","198","140","105","72","56","82","52","59","47","42","31","13","4","3","1","4",
"유가증권·인지·우표","검찰","3개월 이내","범죄사건 처리 기간[명]","명","452","392","350","353","229","98","69","70","84","61","59","52","41","26","25","1","4","1","3",
"유가증권·인지·우표","검찰","6개월 이내","범죄사건 처리 기간[명]","명","267","266","262","211","216","153","130","119","153","135","144","154","81","66","44","6","10","11","8",
"유가증권·인지·우표","검찰","6개월 초과","범죄사건 처리 기간[명]","명","15","9","6","20","20","4","50","40","56","37","46","32","16","16","14","1","0","7","4",
"문서","합계","계","범죄사건 처리 기간[명]","명","55017","46627","61539","57334","47993","39151","43254","45244","","","","","","","","","","","",
"문서","경찰","계","범죄사건 처리 기간[명]","명","26304","22431","30020","27840","23878","19054","22807","24155","23297","21803","20117","17699","17101","18061","17954","13055","13336","14510","14378",
"문서","경찰","10일 이내","범죄사건 처리 기간[명]","명","1986","1599","2349","3040","3611","2739","2709","2764","1790","1519","1475","1192","1104","1176","918","1329","755","947","994",
"문서","경찰","20일 이내","범죄사건 처리 기간[명]","명","438","446","632","710","1953","2166","2250","2376","1850","1508","1603","1338","1333","1216","1154","590","610","1044","1045",
"문서","경찰","1개월 이내","범죄사건 처리 기간[명]","명","2933","2506","2683","2885","2438","1992","2190","2159","1903","1573","1654","1471","1349","1380","1309","574","609","962","1004",
"문서","경찰","2개월 이내","범죄사건 처리 기간[명]","명","3391","2887","3504","3799","5047","5203","6391","6442","5462","4285","4392","3821","3626","3718","3643","1671","1673","2223","2176",
"문서","경찰","3개월 이내","범죄사건 처리 기간[명]","명","3194","2690","3206","2773","3570","3698","4971","5042","5139","3789","3724","3408","3446","3333","3144","1795","1685","1799","1946",
"문서","경찰","6개월 이내","범죄사건 처리 기간[명]","명","14153","12151","17477","14331","6905","2696","3197","4028","5895","4735","5117","4546","5015","5881","5965","4433","4102","3875","4001",
"문서","경찰","6개월 초과","범죄사건 처리 기간[명]","명","209","152","169","302","354","560","1099","1344","1258","4394","2152","1923","1228","1357","1821","2663","3902","3660","3212",
"문서","검찰","계","범죄사건 처리 기간[명]","명","28713","24196","31519","29494","24115","20097","20447","21089","22869","21294","19708","17986","15681","17955","18614","6293","6036","7053","6474",
"문서","검찰","10일 이내","범죄사건 처리 기간[명]","명","12864","9488","11379","11257","9201","8755","7547","7655","6967","6788","5529","5108","4578","4954","6016","2407","2001","2498","2475",
"문서","검찰","20일 이내","범죄사건 처리 기간[명]","명","3173","3105","4143","3826","3068","2475","2623","2515","2648","2425","2278","1898","1745","1686","1424","781","763","898","874",
"문서","검찰","1개월 이내","범죄사건 처리 기간[명]","명","1724","1824","2608","2585","1772","1447","1617","1617","1760","1827","1668","1272","1174","1096","915","759","671","825","791",
"문서","검찰","2개월 이내","범죄사건 처리 기간[명]","명","3250","2986","4051","3607","2737","2098","2209","2203","2623","2512","2410","2153","1841","1974","2083","688","668","723","608",
"문서","검찰","3개월 이내","범죄사건 처리 기간[명]","명","4891","3930","6141","5204","4328","2159","1913","2059","2564","2378","2081","1973","1805","1920","1725","612","582","542","406",
"문서","검찰","6개월 이내","범죄사건 처리 기간[명]","명","2674","2773","3059","2853","2776","2918","3561","4011","4890","4254","4252","4269","3440","4674","4245","895","1147","1307","1033",
"문서","검찰","6개월 초과","범죄사건 처리 기간[명]","명","137","90","138","162","233","245","977","1029","1417","1110","1490","1313","1098","1651","2206","151","204","260","287",
"인장","합계","계","범죄사건 처리 기간[명]","명","591","657","968","951","767","720","787","872","","","","","","","","","","","",
"인장","경찰","계","범죄사건 처리 기간[명]","명","231","287","447","436","381","331","383","438","588","650","760","623","484","575","600","503","459","567","706",
"인장","경찰","10일 이내","범죄사건 처리 기간[명]","명","24","29","56","59","68","51","71","54","126","74","124","92","54","76","60","58","44","43","47",
"인장","경찰","20일 이내","범죄사건 처리 기간[명]","명","14","11","14","13","33","46","47","66","73","63","78","78","58","60","68","50","40","60","71",
"인장","경찰","1개월 이내","범죄사건 처리 기간[명]","명","40","48","42","65","31","42","39","56","55","64","70","45","49","70","62","36","41","51","59",
"인장","경찰","2개월 이내","범죄사건 처리 기간[명]","명","27","46","49","61","79","86","110","103","117","137","147","118","97","126","123","83","92","125","140",
"인장","경찰","3개월 이내","범죄사건 처리 기간[명]","명","30","31","41","26","65","58","71","79","90","91","119","112","78","90","119","91","58","85","112",
"인장","경찰","6개월 이내","범죄사건 처리 기간[명]","명","94","120","245","209","100","44","35","50","111","112","137","104","125","122","138","137","106","152","196",
"인장","경찰","6개월 초과","범죄사건 처리 기간[명]","명","2","2","-","3","5","4","10","30","16","109","85","74","23","31","30","48","78","51","81",
"인장","검찰","계","범죄사건 처리 기간[명]","명","360","370","521","515","386","389","404","434","599","671","763","645","484","578","603","275","271","346","424",
"인장","검찰","10일 이내","범죄사건 처리 기간[명]","명","194","200","269","209","159","179","175","153","197","265","297","265","167","225","272","96","89","115","160",
"인장","검찰","20일 이내","범죄사건 처리 기간[명]","명","53","41","73","91","54","61","70","68","70","86","115","80","90","61","61","43","51","41","56",
"인장","검찰","1개월 이내","범죄사건 처리 기간[명]","명","33","37","49","48","39","44","38","32","80","72","87","59","46","49","41","40","36","32","56",
"인장","검찰","2개월 이내","범죄사건 처리 기간[명]","명","35","38","48","76","56","35","57","61","102","108","99","76","57","57","60","40","33","56","50",
"인장","검찰","3개월 이내","범죄사건 처리 기간[명]","명","30","39","69","57","59","19","18","49","41","58","57","52","39","65","46","23","23","32","32",
"인장","검찰","6개월 이내","범죄사건 처리 기간[명]","명","15","15","12","33","19","47","44","51","102","67","91","83","70","81","97","26","33","63","63",
"인장","검찰","6개월 초과","범죄사건 처리 기간[명]","명","-","-","1","1","-","4","2","20","7","15","17","30","15","40","26","7","6","7","7",
"공무원범죄","합계","계","범죄사건 처리 기간[명]","명","3858","3567","5465","6229","8122","6251","7129","7488","","","","","","","","","","","",
"공무원범죄","경찰","계","범죄사건 처리 기간[명]","명","1331","1280","2114","2291","3884","2628","3392","3783","3543","3552","3471","4751","5615","5075","5159","4853","5044","4479","4148",
"공무원범죄","경찰","10일 이내","범죄사건 처리 기간[명]","명","64","58","83","129","363","492","942","1057","314","76","58","65","68","65","82","600","88","60","192",
"공무원범죄","경찰","20일 이내","범죄사건 처리 기간[명]","명","29","14","33","56","119","109","118","70","85","57","100","152","124","70","109","72","84","114","118",
"공무원범죄","경찰","1개월 이내","범죄사건 처리 기간[명]","명","145","126","240","209","331","169","138","143","116","92","131","208","199","291","262","93","164","157","119",
"공무원범죄","경찰","2개월 이내","범죄사건 처리 기간[명]","명","222","191","346","379","623","486","705","495","320","399","485","484","698","621","637","302","435","728","659",
"공무원범죄","경찰","3개월 이내","범죄사건 처리 기간[명]","명","205","245","350","420","557","404","525","374","345","412","370","568","601","567","585","442","573","669","712",
"공무원범죄","경찰","6개월 이내","범죄사건 처리 기간[명]","명","645","621","1022","1069","1597","637","585","782","1223","1293","1581","2299","3025","2398","2468","2177","1993","1646","1362",
"공무원범죄","경찰","6개월 초과","범죄사건 처리 기간[명]","명","21","25","40","29","294","331","379","862","1140","1223","746","975","900","1063","1016","1167","1707","1105","986",
"공무원범죄","검찰","계","범죄사건 처리 기간[명]","명","2527","2287","3351","3938","4238","3623","3737","3705","3889","4293","4584","5495","6724","6007","6961","2102","2157","1385","996",
"공무원범죄","검찰","10일 이내","범죄사건 처리 기간[명]","명","621","539","871","1089","570","722","750","525","586","852","710","813","1162","1179","1156","350","406","256","268",
"공무원범죄","검찰","20일 이내","범죄사건 처리 기간[명]","명","234","178","386","412","513","488","446","395","352","434","412","458","746","406","1137","134","150","270","148",
"공무원범죄","검찰","1개월 이내","범죄사건 처리 기간[명]","명","105","116","128","290","181","188","216","207","301","343","336","398","420","503","675","200","147","137","97",
"공무원범죄","검찰","2개월 이내","범죄사건 처리 기간[명]","명","361","416","358","598","612","511","574","531","647","644","628","968","1634","1100","800","402","381","153","82",
"공무원범죄","검찰","3개월 이내","범죄사건 처리 기간[명]","명","632","566","892","1016","1331","745","551","683","624","656","721","828","1057","802","1067","438","504","140","57",
"공무원범죄","검찰","6개월 이내","범죄사건 처리 기간[명]","명","498","451","650","467","904","719","931","1053","1027","1105","1351","1404","1283","1288","1429","377","336","298","193",
"공무원범죄","검찰","6개월 초과","범죄사건 처리 기간[명]","명","76","21","66","66","127","250","269","311","352","259","426","626","422","729","697","201","233","131","151",
"직무유기","합계","계","범죄사건 처리 기간[명]","명","1402","1376","1956","1988","2272","1882","2600","2727","","","","","","","","","","","",
"직무유기","경찰","계","범죄사건 처리 기간[명]","명","543","549","821","784","1096","848","1404","1453","1384","1357","1284","1696","2033","1793","2160","1596","1941","1635","1348",
"직무유기","경찰","10일 이내","범죄사건 처리 기간[명]","명","5","2","15","27","105","158","361","354","80","25","17","29","13","26","43","120","21","19","44",
"직무유기","경찰","20일 이내","범죄사건 처리 기간[명]","명","5","2","5","6","19","29","41","19","31","21","37","48","40","18","43","33","19","35","52",
"직무유기","경찰","1개월 이내","범죄사건 처리 기간[명]","명","53","51","73","74","91","75","51","34","34","27","52","43","58","50","138","48","57","45","44",
"직무유기","경찰","2개월 이내","범죄사건 처리 기간[명]","명","110","106","147","160","254","237","385","242","114","160","193","171","240","283","272","111","164","202","206",
"직무유기","경찰","3개월 이내","범죄사건 처리 기간[명]","명","95","109","139","115","203","162","271","138","157","163","157","196","190","156","251","174","262","249","248",
"직무유기","경찰","6개월 이내","범죄사건 처리 기간[명]","명","274","275","431","390","399","137","237","305","433","460","609","942","1241","932","1169","681","815","702","487",
"직무유기","경찰","6개월 초과","범죄사건 처리 기간[명]","명","1","4","11","12","25","50","58","361","535","501","219","267","251","328","244","429","603","383","267",
"직무유기","검찰","계","범죄사건 처리 기간[명]","명","859","827","1135","1204","1176","1034","1196","1274","1412","1469","1826","1828","2129","2323","3257","664","601","384","197",
"직무유기","검찰","10일 이내","범죄사건 처리 기간[명]","명","109","143","242","261","223","140","230","176","205","268","255","281","347","410","520","109","63","48","64",
"직무유기","검찰","20일 이내","범죄사건 처리 기간[명]","명","44","35","73","76","68","56","66","70","89","97","104","133","198","133","510","34","18","26","27",
"직무유기","검찰","1개월 이내","범죄사건 처리 기간[명]","명","33","48","46","111","45","55","46","48","88","118","124","138","161","144","439","58","46","36","15",
"직무유기","검찰","2개월 이내","범죄사건 처리 기간[명]","명","176","199","125","214","186","212","252","224","273","259","227","398","539","680","382","144","164","67","21",
"직무유기","검찰","3개월 이내","범죄사건 처리 기간[명]","명","321","226","349","348","389","289","218","305","288","258","315","349","482","280","596","167","117","29","19",
"직무유기","검찰","6개월 이내","범죄사건 처리 기간[명]","명","162","175","262","178","251","244","336","388","375","415","683","403","323","410","648","130","103","153","39",
"직무유기","검찰","6개월 초과","범죄사건 처리 기간[명]","명","14","1","38","16","14","38","48","63","94","54","118","126","79","266","162","22","90","25","12",
"직권남용","합계","계","범죄사건 처리 기간[명]","명","1004","1072","1491","1533","1164","1316","1877","2292","","","","","","","","","","","",
"직권남용","경찰","계","범죄사건 처리 기간[명]","명","346","389","548","488","500","521","967","1194","1072","1188","1225","1734","2278","2097","1970","2475","2237","2068","1981",
"직권남용","경찰","10일 이내","범죄사건 처리 기간[명]","명","1","12","11","7","64","168","429","541","100","1","10","8","12","24","25","433","24","24","85",
"직권남용","경찰","20일 이내","범죄사건 처리 기간[명]","명","6","1","9","6","23","27","29","13","14","12","28","18","47","39","48","19","62","77","59",
"직권남용","경찰","1개월 이내","범죄사건 처리 기간[명]","명","53","33","68","43","61","37","30","39","22","24","33","82","77","210","86","39","82","78","65",
"직권남용","경찰","2개월 이내","범죄사건 처리 기간[명]","명","74","62","128","144","92","125","180","110","102","143","193","166","318","217","271","158","232","457","429",
"직권남용","경찰","3개월 이내","범죄사건 처리 기간[명]","명","63","95","128","78","93","62","142","79","78","146","125","202","217","262","241","213","247","371","400",
"직권남용","경찰","6개월 이내","범죄사건 처리 기간[명]","명","149","180","203","207","166","75","86","182","431","534","667","1003","1317","961","937","1201","951","739","642",
"직권남용","경찰","6개월 초과","범죄사건 처리 기간[명]","명","-","6","1","3","1","27","71","230","325","328","169","255","290","384","362","412","639","322","301",
"직권남용","검찰","계","범죄사건 처리 기간[명]","명","658","683","943","1045","664","795","910","1098","1166","1229","1394","1893","3117","2563","2735","843","1036","574","307",
"직권남용","검찰","10일 이내","범죄사건 처리 기간[명]","명","97","77","216","165","99","89","103","115","154","173","261","289","611","627","540","151","240","147","135",
"직권남용","검찰","20일 이내","범죄사건 처리 기간[명]","명","11","23","66","55","37","42","37","64","58","71","100","146","392","180","532","55","73","199","41",
"직권남용","검찰","1개월 이내","범죄사건 처리 기간[명]","명","24","32","41","71","22","44","38","62","118","92","97","143","176","313","198","61","64","37","22",
"직권남용","검찰","2개월 이내","범죄사건 처리 기간[명]","명","130","133","154","288","129","156","177","206","220","253","296","345","964","328","335","190","151","50","23",
"직권남용","검찰","3개월 이내","범죄사건 처리 기간[명]","명","166","206","276","364","222","253","192","265","238","262","276","297","381","394","352","196","353","60","19",
"직권남용","검찰","6개월 이내","범죄사건 처리 기간[명]","명","191","196","188","101","142","186","280","316","296","313","299","511","494","504","518","126","113","56","43",
"직권남용","검찰","6개월 초과","범죄사건 처리 기간[명]","명","39","16","2","1","13","25","83","70","82","65","65","162","99","217","260","64","42","25","24",
"수뢰","합계","계","범죄사건 처리 기간[명]","명","908","650","1117","1377","2561","2118","1716","1715","","","","","","","","","","","",
"수뢰","경찰","계","범죄사건 처리 기간[명]","명","280","201","410","492","1251","887","679","804","727","644","623","912","989","862","822","567","685","591","651",
"수뢰","경찰","10일 이내","범죄사건 처리 기간[명]","명","35","25","32","37","112","110","114","91","79","20","19","19","34","8","10","27","34","3","52",
"수뢰","경찰","20일 이내","범죄사건 처리 기간[명]","명","13","4","11","25","53","39","36","26","21","19","23","41","24","10","15","18","2","2","6",
"수뢰","경찰","1개월 이내","범죄사건 처리 기간[명]","명","22","27","36","47","98","35","40","45","29","26","31","53","51","21","24","6","24","3","7",
"수뢰","경찰","2개월 이내","범죄사건 처리 기간[명]","명","30","8","40","40","174","82","74","93","66","53","56","108","110","78","85","28","34","64","19",
"수뢰","경찰","3개월 이내","범죄사건 처리 기간[명]","명","20","31","50","84","126","130","87","123","83","64","58","125","129","107","80","38","35","39","53",
"수뢰","경찰","6개월 이내","범죄사건 처리 기간[명]","명","152","102","224","252","526","323","155","240","249","211","204","249","340","393","291","208","183","166","184",
"수뢰","경찰","6개월 초과","범죄사건 처리 기간[명]","명","8","4","17","7","162","168","173","186","200","251","232","317","301","245","317","242","373","314","330",
"수뢰","검찰","계","범죄사건 처리 기간[명]","명","628","449","707","885","1310","1231","1037","911","831","985","856","1155","1079","783","757","382","396","303","335",
"수뢰","검찰","10일 이내","범죄사건 처리 기간[명]","명","239","168","221","294","120","306","210","135","138","243","106","118","142","93","72","48","67","44","38",
"수뢰","검찰","20일 이내","범죄사건 처리 기간[명]","명","108","82","131","178","157","270","249","176","128","157","126","122","107","60","77","35","53","39","52",
"수뢰","검찰","1개월 이내","범죄사건 처리 기간[명]","명","20","23","22","45","73","68","94","66","58","83","75","79","57","26","32","69","27","46","38",
"수뢰","검찰","2개월 이내","범죄사건 처리 기간[명]","명","31","55","49","57","175","93","77","75","91","94","64","165","92","61","65","59","45","23","29",
"수뢰","검찰","3개월 이내","범죄사건 처리 기간[명]","명","105","80","155","171","422","148","95","65","72","84","89","113","130","95","102","42","26","34","13",
"수뢰","검찰","6개월 이내","범죄사건 처리 기간[명]","명","105","41","117","114","297","199","211","247","229","221","229","321","346","300","208","77","100","66","80",
"수뢰","검찰","6개월 초과","범죄사건 처리 기간[명]","명","20","-","12","26","66","147","101","147","115","103","167","237","205","148","201","52","78","51","85",
"증뢰","합계","계","범죄사건 처리 기간[명]","명","544","469","901","1331","2125","935","936","754","","","","","","","","","","","",
"증뢰","경찰","계","범죄사건 처리 기간[명]","명","162","141","335","527","1037","372","342","332","360","363","339","409","315","323","207","215","181","185","168",
"증뢰","경찰","10일 이내","범죄사건 처리 기간[명]","명","23","19","25","58","82","56","38","71","55","30","12","9","9","7","4","20","9","14","11",
"증뢰","경찰","20일 이내","범죄사건 처리 기간[명]","명","5","7","8","19","24","14","12","12","19","5","12","45","13","3","3","2","1","-","1",
"증뢰","경찰","1개월 이내","범죄사건 처리 기간[명]","명","17","15","63","45","81","22","17","25","31","15","15","30","13","10","14","-","1","31","3",
"증뢰","경찰","2개월 이내","범죄사건 처리 기간[명]","명","8","15","31","35","103","42","66","50","38","43","43","39","30","43","9","5","5","5","5",
"증뢰","경찰","3개월 이내","범죄사건 처리 기간[명]","명","27","10","33","143","135","50","25","34","27","39","30","45","65","42","13","17","29","10","11",
"증뢰","경찰","6개월 이내","범죄사건 처리 기간[명]","명","70","64","164","220","506","102","107","55","110","88","101","105","127","112","71","87","44","39","49",
"증뢰","경찰","6개월 초과","범죄사건 처리 기간[명]","명","12","11","11","7","106","86","77","85","80","143","126","136","58","106","93","84","92","86","88",
"증뢰","검찰","계","범죄사건 처리 기간[명]","명","382","328","566","804","1088","563","594","422","480","610","508","619","399","338","212","213","124","124","157",
"증뢰","검찰","10일 이내","범죄사건 처리 기간[명]","명","176","151","192","369","128","187","207","99","89","168","88","125","62","49","24","42","36","17","31",
"증뢰","검찰","20일 이내","범죄사건 처리 기간[명]","명","71","38","116","103","251","120","94","85","77","109","82","57","49","33","18","10","6","6","28",
"증뢰","검찰","1개월 이내","범죄사건 처리 기간[명]","명","28","13","19","63","41","21","38","31","37","50","40","38","26","20","6","12","10","18","22",
"증뢰","검찰","2개월 이내","범죄사건 처리 기간[명]","명","24","29","30","39","122","50","68","26","63","38","41","60","39","31","18","9","21","13","9",
"증뢰","검찰","3개월 이내","범죄사건 처리 기간[명]","명","40","54","112","133","298","55","46","48","26","52","41","69","64","33","17","33","8","17","6",
"증뢰","검찰","6개월 이내","범죄사건 처리 기간[명]","명","40","39","83","74","214","90","104","102","127","156","140","169","120","74","55","44","20","23","31",
"증뢰","검찰","6개월 초과","범죄사건 처리 기간[명]","명","3","4","14","23","34","40","37","31","61","37","76","101","39","98","74","63","23","30","30",
"풍속범죄","합계","계","범죄사건 처리 기간[명]","명","96510","78349","92436","142222","83462","88360","74936","65105","","","","","","","","","","","",
"풍속범죄","경찰","계","범죄사건 처리 기간[명]","명","47370","38700","45911","70587","41720","44026","38340","33269","29097","30858","36771","27379","23117","25361","24150","17157","14236","17403","28219",
"풍속범죄","경찰","10일 이내","범죄사건 처리 기간[명]","명","4368","4282","6257","12878","11486","17911","13946","12466","7984","8739","10659","6877","5654","6086","6052","3334","2501","3496","7664",
"풍속범죄","경찰","20일 이내","범죄사건 처리 기간[명]","명","1251","1345","1993","2343","4088","7107","5926","5002","4026","4339","5512","4224","3640","3966","3850","2377","1892","2400","3052",
"풍속범죄","경찰","1개월 이내","범죄사건 처리 기간[명]","명","8233","5951","6677","9777","5071","4445","3832","3385","2638","2827","3339","2686","2428","2634","2337","1867","1274","1798","2523",
"풍속범죄","경찰","2개월 이내","범죄사건 처리 기간[명]","명","5952","4023","4763","6284","5699","7213","6514","5507","4439","4503","6194","4964","4238","4858","4326","3340","2727","3120","4783",
"풍속범죄","경찰","3개월 이내","범죄사건 처리 기간[명]","명","3400","2266","2687","3544","3485","3949","3783","3438","2742","2500","3237","2470","2310","2600","2655","2105","1490","2145","3513",
"풍속범죄","경찰","6개월 이내","범죄사건 처리 기간[명]","명","23986","20585","23285","35592","11267","2616","2791","2305","4396","2806","3591","2950","2609","3036","3006","2276","2447","2659","4242",
"풍속범죄","경찰","6개월 초과","범죄사건 처리 기간[명]","명","180","248","249","169","624","785","1548","1166","2872","5144","4239","3208","2238","2181","1924","1858","1905","1785","2442",
"풍속범죄","검찰","계","범죄사건 처리 기간[명]","명","49140","39649","46525","71635","41742","44334","36596","31836","28049","29071","35535","26943","22117","24992","23877","14159","11470","14269","23980",
"풍속범죄","검찰","10일 이내","범죄사건 처리 기간[명]","명","25493","21419","24088","40500","22852","25658","19386","16837","14444","14827","16867","13684","11195","12328","12684","7042","4632","5376","8112",
"풍속범죄","검찰","20일 이내","범죄사건 처리 기간[명]","명","8511","7316","8971","12085","7167","8083","6641","6019","5268","5269","7342","4901","3584","3926","3358","2280","1826","2536","3344",
"풍속범죄","검찰","1개월 이내","범죄사건 처리 기간[명]","명","4307","3850","5209","7460","4175","3985","3373","3192","2692","3349","3858","2446","2076","2259","2101","1654","1157","1715","3527",
"풍속범죄","검찰","2개월 이내","범죄사건 처리 기간[명]","명","5004","3217","3637","5286","3091","3164","2797","2328","2074","1957","2534","1844","1648","1874","1939","1328","1054","1485","2526",
"풍속범죄","검찰","3개월 이내","범죄사건 처리 기간[명]","명","4954","2981","3693","5173","3628","1982","1602","1522","1292","1484","1506","1421","1200","1375","1139","704","912","851","1378",
"풍속범죄","검찰","6개월 이내","범죄사건 처리 기간[명]","명","856","826","869","1064","770","1458","2476","1737","1914","1854","2881","2062","1879","2660","2045","1082","1667","1964","4326",
"풍속범죄","검찰","6개월 초과","범죄사건 처리 기간[명]","명","15","40","58","67","59","4","321","201","365","331","547","585","535","570","611","69","222","342","767",
"간통","합계","계","범죄사건 처리 기간[명]","명","13838","11989","9140","9368","6615","6268","7156","6357","","","","","","","","","","","",
"간통","경찰","계","범죄사건 처리 기간[명]","명","6814","5927","4531","4647","3304","3124","3743","3342","","","","","","","","","","","",
"간통","경찰","10일 이내","범죄사건 처리 기간[명]","명","429","473","410","483","347","337","332","310","","","","","","","","","","","",
"간통","경찰","20일 이내","범죄사건 처리 기간[명]","명","239","168","178","197","350","387","427","434","","","","","","","","","","","",
"간통","경찰","1개월 이내","범죄사건 처리 기간[명]","명","1044","875","593","653","486","453","457","548","","","","","","","","","","","",
"간통","경찰","2개월 이내","범죄사건 처리 기간[명]","명","1185","1090","885","959","956","1098","1141","1114","","","","","","","","","","","",
"간통","경찰","3개월 이내","범죄사건 처리 기간[명]","명","867","729","546","456","491","596","646","624","","","","","","","","","","","",
"간통","경찰","6개월 이내","범죄사건 처리 기간[명]","명","3022","2563","1912","1894","672","225","279","228","","","","","","","","","","","",
"간통","경찰","6개월 초과","범죄사건 처리 기간[명]","명","28","29","7","5","2","28","461","84","","","","","","","","","","","",
"간통","검찰","계","범죄사건 처리 기간[명]","명","7024","6062","4609","4721","3311","3144","3413","3015","","","","","","","","","","","",
"간통","검찰","10일 이내","범죄사건 처리 기간[명]","명","4152","3512","2552","2581","1765","1568","1457","1310","","","","","","","","","","","",
"간통","검찰","20일 이내","범죄사건 처리 기간[명]","명","830","744","590","606","405","386","395","409","","","","","","","","","","","",
"간통","검찰","1개월 이내","범죄사건 처리 기간[명]","명","512","413","315","344","240","263","340","285","","","","","","","","","","","",
"간통","검찰","2개월 이내","범죄사건 처리 기간[명]","명","721","647","526","565","369","439","482","391","","","","","","","","","","","",
"간통","검찰","3개월 이내","범죄사건 처리 기간[명]","명","596","540","477","488","408","295","339","282","","","","","","","","","","","",
"간통","검찰","6개월 이내","범죄사건 처리 기간[명]","명","208","204","148","133","122","193","377","304","","","","","","","","","","","",
"간통","검찰","6개월 초과","범죄사건 처리 기간[명]","명","5","2","1","4","2","-","23","34","","","","","","","","","","","",
"혼인빙자간음","합계","계","범죄사건 처리 기간[명]","명","1506","1129","990","899","72","10","23","13","","","","","","","","","","","",
"혼인빙자간음","경찰","계","범죄사건 처리 기간[명]","명","742","557","488","445","36","5","13","7","","","","","","","","","","","",
"혼인빙자간음","경찰","10일 이내","범죄사건 처리 기간[명]","명","25","27","39","39","4","-","3","1","","","","","","","","","","","",
"혼인빙자간음","경찰","20일 이내","범죄사건 처리 기간[명]","명","13","15","18","19","3","-","2","1","","","","","","","","","","","",
"혼인빙자간음","경찰","1개월 이내","범죄사건 처리 기간[명]","명","97","60","61","73","3","-","-","1","","","","","","","","","","","",
"혼인빙자간음","경찰","2개월 이내","범죄사건 처리 기간[명]","명","150","99","86","78","6","3","4","1","","","","","","","","","","","",
"혼인빙자간음","경찰","3개월 이내","범죄사건 처리 기간[명]","명","123","86","59","39","5","1","1","-","","","","","","","","","","","",
"혼인빙자간음","경찰","6개월 이내","범죄사건 처리 기간[명]","명","325","270","224","196","15","1","3","2","","","","","","","","","","","",
"혼인빙자간음","경찰","6개월 초과","범죄사건 처리 기간[명]","명","9","-","1","1","-","-","-","1","","","","","","","","","","","",
"혼인빙자간음","검찰","계","범죄사건 처리 기간[명]","명","764","572","502","454","36","5","10","6","","","","","","","","","","","",
"혼인빙자간음","검찰","10일 이내","범죄사건 처리 기간[명]","명","429","323","299","261","15","4","-","3","","","","","","","","","","","",
"혼인빙자간음","검찰","20일 이내","범죄사건 처리 기간[명]","명","77","48","60","37","4","-","2","1","","","","","","","","","","","",
"혼인빙자간음","검찰","1개월 이내","범죄사건 처리 기간[명]","명","51","32","26","33","-","1","1","-","","","","","","","","","","","",
"혼인빙자간음","검찰","2개월 이내","범죄사건 처리 기간[명]","명","78","53","43","49","4","-","3","-","","","","","","","","","","","",
"혼인빙자간음","검찰","3개월 이내","범죄사건 처리 기간[명]","명","82","71","43","52","8","-","1","1","","","","","","","","","","","",
"혼인빙자간음","검찰","6개월 이내","범죄사건 처리 기간[명]","명","46","44","29","22","4","-","3","1","","","","","","","","","","","",
"혼인빙자간음","검찰","6개월 초과","범죄사건 처리 기간[명]","명","1","1","2","-","1","-","-","-","","","","","","","","","","","",
"도박과복표","합계","계","범죄사건 처리 기간[명]","명","79805","63675","80515","129988","74581","79738","64269","55311","","","","","","","","","","","",
"도박과복표","경찰","계","범죄사건 처리 기간[명]","명","39139","31446","40001","64524","37283","39728","32792","28162","27144","28692","34189","24191","19905","21796","21544","14728","11970","14986","25967",
"도박과복표","경찰","10일 이내","범죄사건 처리 기간[명]","명","3860","3713","5669","12181","10801","17135","12895","11514","7403","8199","10077","6206","5181","5565","5685","3031","2244","3180","7335",
"도박과복표","경찰","20일 이내","범죄사건 처리 기간[명]","명","986","1145","1774","2089","3608","6583","5253","4302","3740","4026","5046","3636","3186","3454","3446","2029","1552","2012","2663",
"도박과복표","경찰","1개월 이내","범죄사건 처리 기간[명]","명","7017","4927","5927","8932","4491","3891","3202","2678","2441","2580","3015","2266","1982","2230","1941","1564","1001","1479","2235",
"도박과복표","경찰","2개월 이내","범죄사건 처리 기간[명]","명","4537","2697","3718","5156","4587","5894","5087","4063","4033","4103","5622","4193","3407","3959","3564","2647","2064","2462","4209",
"도박과복표","경찰","3개월 이내","범죄사건 처리 기간[명]","명","2297","1388","2003","2941","2831","3176","2962","2570","2520","2297","2936","2140","1847","2001","2277","1723","1209","1784","3182",
"도박과복표","경찰","6개월 이내","범죄사건 처리 기간[명]","명","20307","17363","20673","33065","10366","2317","2335","1976","4191","2650","3401","2727","2277","2539","2803","1996","2196","2381","3946",
"도박과복표","경찰","6개월 초과","범죄사건 처리 기간[명]","명","135","213","237","160","599","732","1058","1059","2816","4837","4092","3023","2025","2048","1828","1738","1704","1688","2397",
"도박과복표","검찰","계","범죄사건 처리 기간[명]","명","40666","32229","40514","65464","37298","40010","31477","27149","26154","26991","33072","23838","19122","21497","21308","12210","9720","12440","22227",
"도박과복표","검찰","10일 이내","범죄사건 처리 기간[명]","명","20584","17174","20759","37130","20455","23375","16962","14567","13530","13812","15738","11966","9700","10735","11259","5977","3696","4499","7260",
"도박과복표","검찰","20일 이내","범죄사건 처리 기간[명]","명","7522","6441","8221","11313","6606","7540","5987","5351","4954","4908","6891","4360","3140","3468","3006","1938","1540","2225","3050",
"도박과복표","검찰","1개월 이내","범죄사건 처리 기간[명]","명","3704","3322","4776","7016","3835","3639","2924","2768","2483","3119","3565","2182","1805","1989","1870","1450","971","1502","3311",
"도박과복표","검찰","2개월 이내","범죄사건 처리 기간[명]","명","4163","2450","2995","4555","2648","2631","2225","1833","1916","1770","2285","1617","1316","1558","1730","1165","899","1300","2362",
"도박과복표","검찰","3개월 이내","범죄사건 처리 기간[명]","명","4197","2290","3105","4550","3103","1606","1185","1153","1166","1360","1351","1286","961","1077","996","615","829","753","1301",
"도박과복표","검찰","6개월 이내","범죄사건 처리 기간[명]","명","488","515","618","837","595","1215","1958","1336","1808","1706","2702","1875","1693","2221","1853","998","1566","1834","4187",
"도박과복표","검찰","6개월 초과","범죄사건 처리 기간[명]","명","8","37","40","63","56","4","236","141","297","316","540","552","507","449","594","67","219","327","756",
"신앙","합계","계","범죄사건 처리 기간[명]","명","855","924","769","792","838","735","920","893","","","","","","","","","","","",
"신앙","경찰","계","범죄사건 처리 기간[명]","명","423","458","383","389","419","366","483","477","474","458","511","543","979","969","324","339","305","374","360",
"신앙","경찰","10일 이내","범죄사건 처리 기간[명]","명","7","16","13","7","25","22","38","30","34","22","33","23","24","29","12","29","14","16","14",
"신앙","경찰","20일 이내","범죄사건 처리 기간[명]","명","3","2","2","3","14","12","30","41","27","15","47","26","30","24","15","11","19","9","17",
"신앙","경찰","1개월 이내","범죄사건 처리 기간[명]","명","29","37","35","49","23","19","46","40","36","44","41","52","96","21","30","26","21","15","13",
"신앙","경찰","2개월 이내","범죄사건 처리 기간[명]","명","58","106","42","62","79","110","121","129","140","97","130","141","262","201","75","62","34","56","37",
"신앙","경찰","3개월 이내","범죄사건 처리 기간[명]","명","101","52","60","86","120","130","87","164","90","94","133","137","223","267","90","70","36","63","72",
"신앙","경찰","6개월 이내","범죄사건 처리 기간[명]","명","217","240","227","181","135","60","137","64","126","93","97","104","234","386","78","109","77","140","171",
"신앙","경찰","6개월 초과","범죄사건 처리 기간[명]","명","8","5","4","1","23","13","24","9","21","93","30","60","110","41","24","32","104","75","36",
"신앙","검찰","계","범죄사건 처리 기간[명]","명","432","466","386","403","419","369","437","416","451","435","477","525","825","937","315","166","92","110","131",
"신앙","검찰","10일 이내","범죄사건 처리 기간[명]","명","163","194","119","149","172","150","107","140","104","125","130","148","242","103","102","86","14","30","25",
"신앙","검찰","20일 이내","범죄사건 처리 기간[명]","명","33","38","25","19","46","45","41","44","46","41","53","79","54","64","25","17","15","11","9",
"신앙","검찰","1개월 이내","범죄사건 처리 기간[명]","명","23","50","47","19","29","20","21","19","31","25","32","25","58","33","15","15","17","11","16",
"신앙","검찰","2개월 이내","범죄사건 처리 기간[명]","명","27","51","44","71","32","42","29","38","48","57","64","47","143","96","29","16","15","12","10",
"신앙","검찰","3개월 이내","범죄사건 처리 기간[명]","명","72","71","62","74","92","65","61","65","78","55","60","62","165","164","41","14","3","10","11",
"신앙","검찰","6개월 이내","범죄사건 처리 기간[명]","명","113","62","74","71","48","47","116","84","77","119","133","148","137","357","88","16","26","28","54",
"신앙","검찰","6개월 초과","범죄사건 처리 기간[명]","명","1","-","15","-","-","-","62","26","67","13","5","16","26","120","15","2","2","8","6",
"기타음란행위","합계","계","범죄사건 처리 기간[명]","명","506","632","1022","1175","1356","1609","2568","2531","","","","","","","","","","","",
"기타음란행위","경찰","계","범죄사건 처리 기간[명]","명","252","312","508","582","678","803","1309","1281","1479","1708","2071","2645","2233","2596","2282","2090","1961","2043","1892",
"기타음란행위","경찰","10일 이내","범죄사건 처리 기간[명]","명","47","53","126","168","309","417","678","611","547","518","549","648","449","492","355","274","243","300","315",
"기타음란행위","경찰","20일 이내","범죄사건 처리 기간[명]","명","10","15","21","35","113","125","214","224","259","298","419","562","424","488","389","337","321","379","372",
"기타음란행위","경찰","1개월 이내","범죄사건 처리 기간[명]","명","46","52","61","70","68","82","127","118","161","203","283","368","350","383","366","277","252","304","275",
"기타음란행위","경찰","2개월 이내","범죄사건 처리 기간[명]","명","22","31","32","29","71","108","161","200","266","303","442","630","569","698","687","631","629","602","537",
"기타음란행위","경찰","3개월 이내","범죄사건 처리 기간[명]","명","12","11","19","22","38","46","87","80","132","109","168","193","240","332","288","312","245","298","259",
"기타음란행위","경찰","6개월 이내","범죄사건 처리 기간[명]","명","115","149","249","256","79","13","37","35","79","63","93","119","98","111","125","171","174","138","125",
"기타음란행위","경찰","6개월 초과","범죄사건 처리 기간[명]","명","-","1","-","2","-","12","5","13","35","214","117","125","103","92","72","88","97","22","9",
"기타음란행위","검찰","계","범죄사건 처리 기간[명]","명","254","320","514","593","678","806","1259","1250","1444","1645","1986","2580","2170","2558","2254","1783","1658","1719","1622",
"기타음란행위","검찰","10일 이내","범죄사건 처리 기간[명]","명","165","216","359","379","445","561","860","817","810","890","999","1570","1253","1490","1323","979","922","847","827",
"기타음란행위","검찰","20일 이내","범죄사건 처리 기간[명]","명","49","45","75","110","106","112","216","214","268","320","398","462","390","394","327","325","271","300","285",
"기타음란행위","검찰","1개월 이내","범죄사건 처리 기간[명]","명","17","33","45","48","71","62","87","120","178","205","261","239","213","237","216","189","169","202","200",
"기타음란행위","검찰","2개월 이내","범죄사건 처리 기간[명]","명","15","16","29","46","38","52","58","66","110","130","185","180","189","220","180","147","140","173","154",
"기타음란행위","검찰","3개월 이내","범죄사건 처리 기간[명]","명","7","9","6","9","17","16","16","21","48","69","95","73","74","134","102","75","80","88","66",
"기타음란행위","검찰","6개월 이내","범죄사건 처리 기간[명]","명","1","1","-","1","1","3","22","12","29","29","46","39","49","82","104","68","75","102","85",
"기타음란행위","검찰","6개월 초과","범죄사건 처리 기간[명]","명","-","-","-","-","-","-","-","-","1","2","2","17","2","1","2","-","1","7","5",
"과실범죄","합계","계","범죄사건 처리 기간[명]","명","11377","10393","12526","13492","13005","12944","15418","15726","","","","","","","","","","","",
"과실범죄","경찰","계","범죄사건 처리 기간[명]","명","5612","5157","6223","6695","6483","6426","7939","8042","8387","9008","9348","10184","10565","11040","11057","9644","9978","11421","11276",
"과실범죄","경찰","10일 이내","범죄사건 처리 기간[명]","명","196","219","326","341","667","879","985","1024","818","818","804","859","786","742","695","634","405","515","525",
"과실범죄","경찰","20일 이내","범죄사건 처리 기간[명]","명","71","91","138","136","481","779","1002","983","974","881","991","1151","1143","1241","1148","783","697","822","861",
"과실범죄","경찰","1개월 이내","범죄사건 처리 기간[명]","명","576","496","655","725","705","742","826","975","967","825","1032","1181","1156","1299","1190","856","755","900","941",
"과실범죄","경찰","2개월 이내","범죄사건 처리 기간[명]","명","731","631","828","850","1301","1635","1984","2281","2320","2046","2408","2700","2994","3084","2882","2198","2154","2361","2458",
"과실범죄","경찰","3개월 이내","범죄사건 처리 기간[명]","명","570","509","591","656","985","1097","1354","1357","1439","1315","1474","1678","2040","2076","2013","1771","1840","1963","2055",
"과실범죄","경찰","6개월 이내","범죄사건 처리 기간[명]","명","3321","3127","3606","3908","2173","1021","1192","1133","1333","1282","1428","1537","1776","1916","2231","2331","2685","3126","2965",
"과실범죄","경찰","6개월 초과","범죄사건 처리 기간[명]","명","147","84","79","79","171","273","596","289","536","1841","1211","1078","670","682","898","1071","1442","1734","1471",
"과실범죄","검찰","계","범죄사건 처리 기간[명]","명","5765","5236","6303","6797","6522","6518","7479","7684","8031","8489","8888","9793","9758","10760","10784","6662","6591","7254","6579",
"과실범죄","검찰","10일 이내","범죄사건 처리 기간[명]","명","2281","2145","2542","2838","2643","2740","2964","3270","3206","3627","3804","4480","4247","4632","4623","2713","2531","2710","2511",
"과실범죄","검찰","20일 이내","범죄사건 처리 기간[명]","명","811","753","850","885","745","869","926","1017","1096","1107","1134","1138","1131","1137","1068","851","765","805","772",
"과실범죄","검찰","1개월 이내","범죄사건 처리 기간[명]","명","512","500","588","579","586","550","716","656","688","808","764","700","716","685","686","676","602","771","854",
"과실범죄","검찰","2개월 이내","범죄사건 처리 기간[명]","명","689","658","843","908","838","867","887","858","872","811","945","928","920","1001","956","703","705","766","545",
"과실범죄","검찰","3개월 이내","범죄사건 처리 기간[명]","명","1044","822","1076","1167","1161","653","695","669","797","856","728","940","858","912","939","570","547","497","389",
"과실범죄","검찰","6개월 이내","범죄사건 처리 기간[명]","명","393","333","399","405","500","791","1135","1080","1191","1111","1203","1279","1573","1820","1860","978","1115","1287","1072",
"과실범죄","검찰","6개월 초과","범죄사건 처리 기간[명]","명","35","25","5","15","49","48","156","134","181","169","310","328","313","573","652","171","326","418","436",
"과실치사상","합계","계","범죄사건 처리 기간[명]","명","1967","1991","2896","3040","3048","3181","3608","3414","","","","","","","","","","","",
"과실치사상","경찰","계","범죄사건 처리 기간[명]","명","973","989","1440","1513","1524","1585","1839","1740","1985","2200","2345","2673","2895","3228","2919","2517","2553","2790","2927",
"과실치사상","경찰","10일 이내","범죄사건 처리 기간[명]","명","55","62","100","132","290","340","389","405","390","375","352","429","387","381","300","204","162","206","215",
"과실치사상","경찰","20일 이내","범죄사건 처리 기간[명]","명","12","27","59","61","187","315","353","348","383","376","446","523","535","611","556","383","340","409","443",
"과실치사상","경찰","1개월 이내","범죄사건 처리 기간[명]","명","123","141","202","220","235","243","244","272","309","301","396","420","469","542","492","372","336","396","444",
"과실치사상","경찰","2개월 이내","범죄사건 처리 기간[명]","명","144","144","187","202","321","384","451","424","549","521","620","707","843","958","843","803","786","856","892",
"과실치사상","경찰","3개월 이내","범죄사건 처리 기간[명]","명","86","72","114","89","141","189","182","172","214","191","235","280","360","405","390","367","459","439","519",
"과실치사상","경찰","6개월 이내","범죄사건 처리 기간[명]","명","547","538","773","807","342","106","140","87","98","116","131","170","221","260","280","313","374","412","360",
"과실치사상","경찰","6개월 초과","범죄사건 처리 기간[명]","명","6","5","5","2","8","8","80","32","42","320","165","144","80","71","58","75","96","72","54",
"과실치사상","검찰","계","범죄사건 처리 기간[명]","명","994","1002","1456","1527","1524","1596","1769","1674","1892","2103","2253","2597","2800","3168","2871","1469","1491","1611","1600",
"과실치사상","검찰","10일 이내","범죄사건 처리 기간[명]","명","575","590","837","909","883","946","1034","1080","1224","1402","1536","1815","1913","2099","1933","892","868","967","968",
"과실치사상","검찰","20일 이내","범죄사건 처리 기간[명]","명","158","160","203","208","191","220","228","228","275","257","278","315","324","354","305","236","197","188","221",
"과실치사상","검찰","1개월 이내","범죄사건 처리 기간[명]","명","90","101","146","123","128","132","155","122","130","180","153","131","159","186","166","113","130","139","153",
"과실치사상","검찰","2개월 이내","범죄사건 처리 기간[명]","명","94","94","149","158","166","156","181","132","128","131","145","162","156","234","187","112","114","121","98",
"과실치사상","검찰","3개월 이내","범죄사건 처리 기간[명]","명","63","41","100","99","121","84","74","53","77","63","71","80","116","136","99","68","74","84","51",
"과실치사상","검찰","6개월 이내","범죄사건 처리 기간[명]","명","14","11","21","30","35","56","85","55","52","68","64","87","111","139","156","44","104","106","105",
"과실치사상","검찰","6개월 초과","범죄사건 처리 기간[명]","명","-","5","-","-","-","2","12","4","6","2","6","7","21","20","25","4","4","6","4",
"업무상과실치사상","합계","계","범죄사건 처리 기간[명]","명","7241","6302","7143","7716","7577","6924","8777","9183","","","","","","","","","","","",
"업무상과실치사상","경찰","계","범죄사건 처리 기간[명]","명","3564","3125","3542","3818","3769","3422","4551","4713","4717","4972","5126","5404","5612","5674","5981","5262","5338","6478","6532",
"업무상과실치사상","경찰","10일 이내","범죄사건 처리 기간[명]","명","96","109","148","125","228","314","347","400","253","249","271","250","268","217","256","351","172","209","209",
"업무상과실치사상","경찰","20일 이내","범죄사건 처리 기간[명]","명","40","43","46","42","193","256","421","400","384","284","322","332","362","331","339","209","149","181","209",
"업무상과실치사상","경찰","1개월 이내","범죄사건 처리 기간[명]","명","302","226","273","325","346","311","391","497","440","329","376","461","412","447","381","247","186","275","262",
"업무상과실치사상","경찰","2개월 이내","범죄사건 처리 기간[명]","명","442","384","468","504","730","892","1126","1374","1296","1070","1234","1369","1430","1446","1379","842","734","805","1016",
"업무상과실치사상","경찰","3개월 이내","범죄사건 처리 기간[명]","명","396","355","382","421","669","671","912","919","920","847","970","1085","1303","1265","1219","1002","953","1122","1202",
"업무상과실치사상","경찰","6개월 이내","범죄사건 처리 기간[명]","명","2163","1937","2156","2329","1468","746","872","900","1020","980","1090","1139","1321","1404","1671","1692","1882","2316","2266",
"업무상과실치사상","경찰","6개월 초과","범죄사건 처리 기간[명]","명","125","71","69","72","135","232","482","223","404","1213","863","768","516","564","736","919","1262","1570","1368",
"업무상과실치사상","검찰","계","범죄사건 처리 기간[명]","명","3677","3177","3601","3898","3808","3502","4226","4470","4552","4658","4844","5162","5013","5502","5791","3533","3254","3744","3394",
"업무상과실치사상","검찰","10일 이내","범죄사건 처리 기간[명]","명","1074","954","991","1105","1093","948","1058","1287","1085","1197","1194","1373","1195","1268","1391","858","691","752","762",
"업무상과실치사상","검찰","20일 이내","범죄사건 처리 기간[명]","명","451","427","442","425","366","415","448","505","526","586","549","498","543","497","503","388","318","315","304",
"업무상과실치사상","검찰","1개월 이내","범죄사건 처리 기간[명]","명","313","293","300","340","327","291","413","379","401","453","464","417","375","350","370","365","273","423","470",
"업무상과실치사상","검찰","2개월 이내","범죄사건 처리 기간[명]","명","527","487","596","661","567","593","604","615","637","569","672","647","606","622","641","448","400","475","295",
"업무상과실치사상","검찰","3개월 이내","범죄사건 처리 기간[명]","명","910","702","897","1001","961","518","569","579","663","728","608","783","675","687","743","421","370","332","267",
"업무상과실치사상","검찰","6개월 이내","범죄사건 처리 기간[명]","명","368","301","370","351","448","692","994","976","1072","959","1060","1125","1345","1552","1562","887","890","1050","875",
"업무상과실치사상","검찰","6개월 초과","범죄사건 처리 기간[명]","명","34","13","5","15","46","45","140","129","168","166","297","319","274","526","581","166","312","397","421",
"실화","합계","계","범죄사건 처리 기간[명]","명","2169","2100","2487","2736","2380","2839","3033","3129","","","","","","","","","","","",
"실화","경찰","계","범죄사건 처리 기간[명]","명","1075","1043","1241","1364","1190","1419","1549","1589","1685","1836","1877","2107","2058","2138","2157","1865","2087","2153","1817",
"실화","경찰","10일 이내","범죄사건 처리 기간[명]","명","45","48","78","84","149","225","249","219","175","194","181","180","131","144","139","79","71","100","101",
"실화","경찰","20일 이내","범죄사건 처리 기간[명]","명","19","21","33","33","101","208","228","235","207","221","223","296","246","299","253","191","208","232","209",
"실화","경찰","1개월 이내","범죄사건 처리 기간[명]","명","151","129","180","180","124","188","191","206","218","195","260","300","275","310","317","237","233","229","235",
"실화","경찰","2개월 이내","범죄사건 처리 기간[명]","명","145","103","173","144","250","359","407","483","475","455","554","624","721","680","660","553","634","700","550",
"실화","경찰","3개월 이내","범죄사건 처리 기간[명]","명","88","82","95","146","175","237","260","266","305","277","269","313","377","406","404","402","428","402","334",
"실화","경찰","6개월 이내","범죄사건 처리 기간[명]","명","611","652","677","772","363","169","180","146","215","186","207","228","234","252","280","326","429","398","339",
"실화","경찰","6개월 초과","범죄사건 처리 기간[명]","명","16","8","5","5","28","33","34","34","90","308","183","166","74","47","104","77","84","92","49",
"실화","검찰","계","범죄사건 처리 기간[명]","명","1094","1057","1246","1372","1190","1420","1484","1540","1587","1728","1791","2034","1945","2090","2122","1660","1846","1899","1585",
"실화","검찰","10일 이내","범죄사건 처리 기간[명]","명","632","601","714","824","667","846","872","903","897","1028","1074","1292","1139","1265","1299","963","972","991","781",
"실화","검찰","20일 이내","범죄사건 처리 기간[명]","명","202","166","205","252","188","234","250","284","295","264","307","325","264","286","260","227","250","302","247",
"실화","검찰","1개월 이내","범죄사건 처리 기간[명]","명","109","106","142","116","131","127","148","155","157","175","147","152","182","149","150","198","199","209","231",
"실화","검찰","2개월 이내","범죄사건 처리 기간[명]","명","68","77","98","89","105","118","102","111","107","111","128","119","158","145","128","143","191","170","152",
"실화","검찰","3개월 이내","범죄사건 처리 기간[명]","명","71","79","79","67","79","51","52","37","57","65","49","77","67","89","97","81","103","81","71",
"실화","검찰","6개월 이내","범죄사건 처리 기간[명]","명","11","21","8","24","17","43","56","49","67","84","79","67","117","129","142","47","121","131","92",
"실화","검찰","6개월 초과","범죄사건 처리 기간[명]","명","1","7","-","-","3","1","4","1","7","1","7","2","18","27","46","1","10","15","11",
"기타형법범죄","합계","계","범죄사건 처리 기간[명]","명","114238","122202","155567","167686","145217","144324","185419","188942","","","","","","","","","","","",
"기타형법범죄","경찰","계","범죄사건 처리 기간[명]","명","53788","58513","74992","80733","72246","70330","94462","97582","112530","118845","122510","115766","122185","128203","126119","103589","105725","106817","102592",
"기타형법범죄","경찰","10일 이내","범죄사건 처리 기간[명]","명","2854","5068","8239","10136","16563","22690","28203","28217","27721","23842","26150","21689","20366","20228","17397","14654","12354","13534","13721",
"기타형법범죄","경찰","20일 이내","범죄사건 처리 기간[명]","명","1025","1588","2307","2588","5738","8208","11624","11711","12576","12878","15367","15102","16082","17055","15841","10997","10934","12470","12201",
"기타형법범죄","경찰","1개월 이내","범죄사건 처리 기간[명]","명","5904","6471","8608","9282","6941","6384","8289","8557","9625","9626","11693","11871","12932","13566","12973","8887","9100","10052","10054",
"기타형법범죄","경찰","2개월 이내","범죄사건 처리 기간[명]","명","8164","7761","9254","10598","13514","14854","19694","21114","22861","21767","25650","25107","27876","29280","27939","20167","19887","20897","20660",
"기타형법범죄","경찰","3개월 이내","범죄사건 처리 기간[명]","명","7262","6689","7862","6912","9397","10633","14371","13884","17249","15094","16410","16259","17979","19672","19369","14744","14628","14582","14963",
"기타형법범죄","경찰","6개월 이내","범죄사건 처리 기간[명]","명","27976","30526","38257","40891","19505","6738","9444","11102","16685","15351","17309","17077","20995","22257","24752","23993","23130","20724","20408",
"기타형법범죄","경찰","6개월 초과","범죄사건 처리 기간[명]","명","603","410","465","326","588","823","2837","2997","5813","20287","9931","8661","5955","6145","7848","10147","15692","14558","10585",
"기타형법범죄","검찰","계","범죄사건 처리 기간[명]","명","60450","63689","80575","86953","72971","73994","90957","91360","109619","114878","119401","114791","113801","123356","125035","56036","54755","54419","49180",
"기타형법범죄","검찰","10일 이내","범죄사건 처리 기간[명]","명","27830","31012","39645","41914","33657","38263","44853","45102","47768","52955","53681","53127","53740","56308","57455","28751","25511","24674","22895",
"기타형법범죄","검찰","20일 이내","범죄사건 처리 기간[명]","명","7114","8327","10594","12332","9073","9599","11272","11412","14234","14543","15883","14192","14039","13934","12250","8236","7602","7564","6750",
"기타형법범죄","검찰","1개월 이내","범죄사건 처리 기간[명]","명","3764","4573","6116","7195","5481","5572","7056","7104","9243","9778","10771","8744","8928","8612","8070","5923","5999","5900","5928",
"기타형법범죄","검찰","2개월 이내","범죄사건 처리 기간[명]","명","5532","5704","7365","8198","6850","6819","8047","7748","10699","10888","11208","10746","11685","12315","11807","5063","5691","5929","4704",
"기타형법범죄","검찰","3개월 이내","범죄사건 처리 기간[명]","명","8778","7642","10097","11094","9903","5550","6172","6620","8913","8765","9475","9054","8780","10107","9817","3665","3537","3411","2795",
"기타형법범죄","검찰","6개월 이내","범죄사건 처리 기간[명]","명","6815","6056","6286","5850","7267","7317","10681","10824","14404","14471","14381","14650","13100","17085","17941","3933","5621","6146","5177",
"기타형법범죄","검찰","6개월 초과","범죄사건 처리 기간[명]","명","617","375","472","370","740","874","2876","2550","4358","3478","4002","4278","3529","4995","7695","465","794","795","931",
"명예","합계","계","범죄사건 처리 기간[명]","명","21809","21170","30076","33912","32669","35924","48642","52312","","","","","","","","","","","",
"명예","경찰","계","범죄사건 처리 기간[명]","명","10554","10415","14867","16766","16292","17906","25261","27242","33690","39148","38211","34226","37303","40217","41393","36679","38845","38825","35176",
"명예","경찰","10일 이내","범죄사건 처리 기간[명]","명","179","409","1216","2116","2989","4380","6067","6432","6625","5096","5288","4166","4113","3833","3217","3523","2964","2895","3305",
"명예","경찰","20일 이내","범죄사건 처리 기간[명]","명","154","273","406","536","1365","2173","3002","3280","3462","3886","4451","4318","4456","4809","4767","3173","3538","4082","3968",
"명예","경찰","1개월 이내","범죄사건 처리 기간[명]","명","871","1032","1572","1895","1731","1914","2499","2691","2984","3458","4054","3771","4239","4471","4474","3131","3396","3866","3608",
"명예","경찰","2개월 이내","범죄사건 처리 기간[명]","명","1855","1735","2504","2680","3774","4715","6345","6972","7682","8429","9455","8362","9945","10510","10059","7460","7633","8165","7780",
"명예","경찰","3개월 이내","범죄사건 처리 기간[명]","명","1958","1636","2026","1748","2470","3170","4351","4189","6026","5947","6075","5600","6043","7349","6997","5651","5805","5744","5481",
"명예","경찰","6개월 이내","범죄사건 처리 기간[명]","명","5430","5253","7069","7731","3912","1455","2380","2820","5263","5174","6023","5498","6904","7250","9326","9746","9108","7665","7425",
"명예","경찰","6개월 초과","범죄사건 처리 기간[명]","명","107","77","74","60","51","99","617","858","1648","7158","2865","2511","1603","1995","2553","3995","6401","6408","3609",
"명예","검찰","계","범죄사건 처리 기간[명]","명","11255","10755","15209","17146","16377","18018","23381","25070","32007","36696","36385","33005","33878","37793","40575","14322","13874","13042","11075",
"명예","검찰","10일 이내","범죄사건 처리 기간[명]","명","4535","4714","7472","8566","8042","9567","11860","13070","15601","18142","17825","16044","17052","17760","18691","7564","6735","6384","5375",
"명예","검찰","20일 이내","범죄사건 처리 기간[명]","명","1078","1147","1710","2183","1828","2177","2644","2814","3949","4388","4562","3557","3721","3893","3488","2140","1987","1845","1601",
"명예","검찰","1개월 이내","범죄사건 처리 기간[명]","명","735","714","1091","1331","1213","1242","1711","1721","2436","2808","2919","2500","2457","2532","2356","1452","1616","1436","1273",
"명예","검찰","2개월 이내","범죄사건 처리 기간[명]","명","1162","1241","1431","1681","1654","1781","2206","2204","2864","3474","3438","2949","3608","3898","4145","1323","1372","1258","1039",
"명예","검찰","3개월 이내","범죄사건 처리 기간[명]","명","1750","1585","2100","2096","2109","1423","1623","1956","2401","2565","2738","2552","2641","3359","3446","914","845","734","596",
"명예","검찰","6개월 이내","범죄사건 처리 기간[명]","명","1813","1280","1318","1199","1417","1716","2800","2775","3654","4415","3788","4252","3525","5127","5882","861","1231","1264","1062",
"명예","검찰","6개월 초과","범죄사건 처리 기간[명]","명","182","74","87","90","114","112","537","530","1102","904","1115","1151","874","1224","2567","68","88","121","129",
"권리행사방해","합계","계","범죄사건 처리 기간[명]","명","10462","9098","9722","11260","9526","7965","10247","12782","","","","","","","","","","","",
"권리행사방해","경찰","계","범죄사건 처리 기간[명]","명","5086","4456","4776","5531","4752","3946","5594","7006","7968","9571","11946","14875","16466","15103","11799","7566","7027","7388","8130",
"권리행사방해","경찰","10일 이내","범죄사건 처리 기간[명]","명","100","148","252","358","264","169","282","396","277","359","615","807","992","985","675","595","260","337","474",
"권리행사방해","경찰","20일 이내","범죄사건 처리 기간[명]","명","43","63","50","93","185","227","411","504","497","569","959","1244","1530","1427","996","403","326","481","604",
"권리행사방해","경찰","1개월 이내","범죄사건 처리 기간[명]","명","401","337","450","487","470","360","569","620","620","726","1078","1469","1612","1467","1057","467","416","558","645",
"권리행사방해","경찰","2개월 이내","범죄사건 처리 기간[명]","명","828","815","850","1186","1311","1381","1746","2257","2128","2245","3114","4052","4114","3745","2965","1459","1266","1468","1652",
"권리행사방해","경찰","3개월 이내","범죄사건 처리 기간[명]","명","975","769","789","771","1094","1097","1567","1777","2312","2029","2590","3117","3456","2976","2402","1341","1158","1348","1532",
"권리행사방해","경찰","6개월 이내","범죄사건 처리 기간[명]","명","2681","2285","2350","2587","1409","644","909","1237","1810","2029","2748","3232","3941","3786","3081","2349","2233","2026","2095",
"권리행사방해","경찰","6개월 초과","범죄사건 처리 기간[명]","명","58","39","35","49","19","68","110","215","324","1614","842","954","821","717","623","952","1368","1170","1128",
"권리행사방해","검찰","계","범죄사건 처리 기간[명]","명","5376","4642","4946","5729","4774","4019","4653","5776","7505","8825","11299","14183","14882","14225","11587","2020","1643","1833","1898",
"권리행사방해","검찰","10일 이내","범죄사건 처리 기간[명]","명","2097","1914","2004","2330","1661","1445","1246","1846","2470","3114","4321","6312","7174","6685","5213","650","428","485","566",
"권리행사방해","검찰","20일 이내","범죄사건 처리 기간[명]","명","578","490","485","564","427","377","408","537","712","934","1258","1646","1723","1324","947","242","179","175","214",
"권리행사방해","검찰","1개월 이내","범죄사건 처리 기간[명]","명","315","292","322","355","318","272","347","461","516","697","1013","1003","1037","867","718","278","197","239","270",
"권리행사방해","검찰","2개월 이내","범죄사건 처리 기간[명]","명","569","520","602","723","586","536","662","682","897","1092","1248","1455","1563","1610","1117","261","191","231","219",
"권리행사방해","검찰","3개월 이내","범죄사건 처리 기간[명]","명","947","680","841","977","918","569","624","645","830","1007","1253","1255","1169","1213","1003","223","172","179","171",
"권리행사방해","검찰","6개월 이내","범죄사건 처리 기간[명]","명","831","727","672","740","834","767","1072","1280","1606","1654","1770","1951","1727","1993","1789","319","409","453","376",
"권리행사방해","검찰","6개월 초과","범죄사건 처리 기간[명]","명","39","19","20","40","30","53","294","325","474","327","436","561","489","533","800","47","67","71","82",
"신용업무경매","합계","계","범죄사건 처리 기간[명]","명","30587","35534","43916","47458","41922","40576","53837","51995","","","","","","","","","","","",
"신용업무경매","경찰","계","범죄사건 처리 기간[명]","명","14974","17546","21785","23525","20926","20209","27644","27050","28815","30485","31511","29269","30421","31423","30605","22721","23117","22930","21797",
"신용업무경매","경찰","10일 이내","범죄사건 처리 기간[명]","명","639","1299","2252","2952","4778","7304","9288","9105","8853","8015","9091","7574","6721","6592","5444","3672","3049","3435","2971",
"신용업무경매","경찰","20일 이내","범죄사건 처리 기간[명]","명","264","382","649","709","1434","2093","3341","3327","3674","3835","4579","4414","4693","4725","4385","2748","2798","2922","2780",
"신용업무경매","경찰","1개월 이내","범죄사건 처리 기간[명]","명","1430","1663","2221","2508","1721","1474","2117","2117","2263","2372","2793","2950","3143","3233","3121","1917","2005","1990","2121",
"신용업무경매","경찰","2개월 이내","범죄사건 처리 기간[명]","명","2005","2026","2228","2710","3531","3617","4914","4964","5196","4637","5606","5383","6002","6316","6054","4229","4215","4183","4106",
"신용업무경매","경찰","3개월 이내","범죄사건 처리 기간[명]","명","2004","2168","2373","1929","2734","2867","3785","3454","3419","3018","3161","3148","3708","4157","4155","3111","2997","2761","3052",
"신용업무경매","경찰","6개월 이내","범죄사건 처리 기간[명]","명","8401","9802","11920","12618","6447","2495","3137","3266","3672","3662","3559","3433","4395","4758","5302","4771","4677","4509","4425",
"신용업무경매","경찰","6개월 초과","범죄사건 처리 기간[명]","명","231","206","142","99","281","359","1062","817","1738","4946","2722","2367","1759","1642","2144","2273","3376","3130","2342",
"신용업무경매","검찰","계","범죄사건 처리 기간[명]","명","15613","17988","22131","23933","20996","20367","26193","24945","27189","28602","29891","28271","27884","29923","29789","14424","14526","14032","12166",
"신용업무경매","검찰","10일 이내","범죄사건 처리 기간[명]","명","6306","8288","10292","11573","9591","10469","13547","12960","12566","14691","14509","14458","14219","14372","14504","7957","7403","6848","6269",
"신용업무경매","검찰","20일 이내","범죄사건 처리 기간[명]","명","1852","2323","2952","3585","2549","2598","3256","3042","3601","3586","4297","3601","3604","3394","3007","1937","1878","1804","1546",
"신용업무경매","검찰","1개월 이내","범죄사건 처리 기간[명]","명","1027","1222","1522","1887","1393","1574","1857","1927","2101","2214","2713","1909","2033","2000","1837","1410","1417","1433","1355",
"신용업무경매","검찰","2개월 이내","범죄사건 처리 기간[명]","명","1452","1339","1958","1970","1646","1579","1974","1803","2139","2047","2220","2122","2246","2404","2310","1123","1303","1557","1032",
"신용업무경매","검찰","3개월 이내","범죄사건 처리 기간[명]","명","2763","2597","3156","2990","3011","1522","1526","1566","1975","1634","1758","1780","1694","2117","1866","872","804","711","542",
"신용업무경매","검찰","6개월 이내","범죄사건 처리 기간[명]","명","1957","2088","2038","1744","2416","2071","2884","2944","3467","3411","3212","3219","3150","4183","4157","1011","1395","1465","1133",
"신용업무경매","검찰","6개월 초과","범죄사건 처리 기간[명]","명","256","131","213","184","390","554","1149","703","1340","1019","1182","1182","938","1453","2108","114","326","214","289",
"주거침입","합계","계","범죄사건 처리 기간[명]","명","6863","7977","11176","11627","11131","12012","14582","15898","","","","","","","","","","","",
"주거침입","경찰","계","범죄사건 처리 기간[명]","명","3399","3960","5557","5753","5560","5992","7482","8152","8262","9644","11051","11140","12881","15704","16543","15488","14371","14546","13721",
"주거침입","경찰","10일 이내","범죄사건 처리 기간[명]","명","205","447","652","748","1600","2177","2698","2731","2539","2447","2865","2674","2901","3397","3188","2381","1840","2122","1966",
"주거침입","경찰","20일 이내","범죄사건 처리 기간[명]","명","62","132","200","240","587","858","1120","1165","1242","1361","1706","1795","2257","2673","2656","2285","1868","2169","2028",
"주거침입","경찰","1개월 이내","범죄사건 처리 기간[명]","명","476","531","759","819","588","581","686","771","799","868","1160","1316","1518","1857","2014","1780","1546","1647","1695",
"주거침입","경찰","2개월 이내","범죄사건 처리 기간[명]","명","468","453","578","635","894","1083","1442","1650","1723","1840","2228","2449","2946","3670","3926","3645","3344","3356","3278",
"주거침입","경찰","3개월 이내","범죄사건 처리 기간[명]","명","257","214","360","318","487","682","852","899","951","893","1208","1192","1452","1879","2156","2188","2138","2124","2097",
"주거침입","경찰","6개월 이내","범죄사건 처리 기간[명]","명","1912","2166","2985","2983","1362","507","534","778","708","793","1022","954","1291","1667","1927","2441","2593","2338","2101",
"주거침입","경찰","6개월 초과","범죄사건 처리 기간[명]","명","19","17","23","10","42","104","150","158","300","1442","862","760","516","561","676","768","1042","790","556",
"주거침입","검찰","계","범죄사건 처리 기간[명]","명","3464","4017","5619","5874","5571","6020","7100","7746","7869","8996","10454","10778","12122","15229","16174","10956","9935","9818","8967",
"주거침입","검찰","10일 이내","범죄사건 처리 기간[명]","명","2048","2432","3324","3467","3169","3607","4127","4332","4058","5072","5759","6112","6802","8344","9544","6522","5307","5156","4870",
"주거침입","검찰","20일 이내","범죄사건 처리 기간[명]","명","554","714","935","978","826","904","1040","1209","1178","1305","1452","1480","1697","2001","1833","1619","1446","1369","1186",
"주거침입","검찰","1개월 이내","범죄사건 처리 기간[명]","명","273","305","516","457","447","456","533","607","750","657","888","754","903","1125","1036","1052","1049","987","978",
"주거침입","검찰","2개월 이내","범죄사건 처리 기간[명]","명","266","285","359","459","463","512","527","596","706","568","792","847","963","1264","1193","835","930","917","743",
"주거침입","검찰","3개월 이내","범죄사건 처리 기간[명]","명","221","187","328","353","445","247","315","427","452","498","520","599","748","871","839","483","511","494","374",
"주거침입","검찰","6개월 이내","범죄사건 처리 기간[명]","명","100","92","148","156","210","285","459","502","587","638","850","781","801","1248","1307","424","622","806","682",
"주거침입","검찰","6개월 초과","범죄사건 처리 기간[명]","명","2","2","9","4","11","9","99","73","138","258","193","205","208","376","422","21","70","89","134",
"비밀침해","합계","계","범죄사건 처리 기간[명]","명","66","60","103","155","95","123","116","116","","","","","","","","","","","",
"비밀침해","경찰","계","범죄사건 처리 기간[명]","명","32","30","51","74","47","59","58","61","88","102","110","134","111","144","170","139","132","126","167",
"비밀침해","경찰","10일 이내","범죄사건 처리 기간[명]","명","-","1","1","2","4","4","11","12","10","7","6","5","6","3","10","10","5","5","10",
"비밀침해","경찰","20일 이내","범죄사건 처리 기간[명]","명","-","1","1","2","4","8","12","7","7","7","21","18","15","15","22","10","10","11","17",
"비밀침해","경찰","1개월 이내","범죄사건 처리 기간[명]","명","4","1","8","11","5","13","3","4","7","10","11","14","18","26","17","16","12","14","16",
"비밀침해","경찰","2개월 이내","범죄사건 처리 기간[명]","명","5","13","18","10","13","16","18","17","30","18","30","29","26","44","46","37","30","31","40",
"비밀침해","경찰","3개월 이내","범죄사건 처리 기간[명]","명","3","6","10","9","16","15","11","11","18","9","18","33","21","28","36","22","25","18","36",
"비밀침해","경찰","6개월 이내","범죄사건 처리 기간[명]","명","20","8","13","40","5","2","2","5","13","34","16","23","18","22","29","37","37","21","29",
"비밀침해","경찰","6개월 초과","범죄사건 처리 기간[명]","명","-","-","-","-","-","1","1","5","3","17","8","12","7","6","10","7","13","26","19",
"비밀침해","검찰","계","범죄사건 처리 기간[명]","명","34","30","52","81","48","64","58","55","78","94","105","133","95","135","171","41","42","32","42",
"비밀침해","검찰","10일 이내","범죄사건 처리 기간[명]","명","16","11","20","41","20","31","20","30","34","29","38","43","42","62","65","19","13","18","15",
"비밀침해","검찰","20일 이내","범죄사건 처리 기간[명]","명","-","3","10","5","7","7","4","4","6","6","9","16","9","12","20","8","4","5","6",
"비밀침해","검찰","1개월 이내","범죄사건 처리 기간[명]","명","1","1","1","3","8","6","3","3","6","26","15","7","6","6","20","2","4","2","4",
"비밀침해","검찰","2개월 이내","범죄사건 처리 기간[명]","명","11","3","7","15","2","8","17","2","7","14","12","13","10","17","10","2","4","1","7",
"비밀침해","검찰","3개월 이내","범죄사건 처리 기간[명]","명","1","8","11","15","9","6","8","5","8","6","17","31","5","12","20","3","8","3","3",
"비밀침해","검찰","6개월 이내","범죄사건 처리 기간[명]","명","5","4","3","2","2","5","5","11","17","13","11","17","14","24","28","7","9","2","3",
"비밀침해","검찰","6개월 초과","범죄사건 처리 기간[명]","명","-","-","-","-","-","1","1","-","-","-","3","6","9","2","8","-","0","1","4",
"유기","합계","계","범죄사건 처리 기간[명]","명","205","260","260","305","219","312","338","358","","","","","","","","","","","",
"유기","경찰","계","범죄사건 처리 기간[명]","명","98","128","128","150","107","155","171","191","161","220","208","242","240","256","245","311","366","371","347",
"유기","경찰","10일 이내","범죄사건 처리 기간[명]","명","3","11","9","11","15","19","30","27","23","11","14","11","18","18","5","20","5","8","6",
"유기","경찰","20일 이내","범죄사건 처리 기간[명]","명","1","1","4","3","7","20","14","28","18","8","18","16","12","8","6","6","7","14","21",
"유기","경찰","1개월 이내","범죄사건 처리 기간[명]","명","11","13","14","8","13","21","19","16","22","15","25","33","21","14","14","24","9","20","16",
"유기","경찰","2개월 이내","범죄사건 처리 기간[명]","명","14","16","21","23","23","41","51","53","28","41","46","59","51","55","57","48","56","72","52",
"유기","경찰","3개월 이내","범죄사건 처리 기간[명]","명","17","8","10","15","14","24","31","25","36","30","34","41","45","44","52","45","64","61","82",
"유기","경찰","6개월 이내","범죄사건 처리 기간[명]","명","47","79","69","89","32","23","13","26","23","48","44","37","45","80","63","119","137","119","107",
"유기","경찰","6개월 초과","범죄사건 처리 기간[명]","명","5","-","1","1","3","7","13","16","11","67","27","45","48","37","48","49","88","77","63",
"유기","검찰","계","범죄사건 처리 기간[명]","명","107","132","132","155","112","157","167","167","153","177","202","234","215","228","254","249","314","300","272",
"유기","검찰","10일 이내","범죄사건 처리 기간[명]","명","41","64","66","57","49","70","69","63","43","48","55","55","49","44","49","77","72","83","82",
"유기","검찰","20일 이내","범죄사건 처리 기간[명]","명","24","19","17","20","14","27","15","19","32","19","27","21","23","16","25","33","37","24","39",
"유기","검찰","1개월 이내","범죄사건 처리 기간[명]","명","11","10","11","19","12","16","15","15","12","14","12","17","8","9","22","20","24","32","21",
"유기","검찰","2개월 이내","범죄사건 처리 기간[명]","명","16","13","24","13","8","20","22","20","17","17","38","33","34","39","32","27","27","23","29",
"유기","검찰","3개월 이내","범죄사건 처리 기간[명]","명","8","21","11","34","21","13","20","24","16","22","29","36","21","33","22","26","37","22","27",
"유기","검찰","6개월 이내","범죄사건 처리 기간[명]","명","7","5","3","12","8","11","21","24","23","27","39","71","75","58","84","65","103","98","55",
"유기","검찰","6개월 초과","범죄사건 처리 기간[명]","명","-","-","-","-","-","-","5","2","10","30","2","1","5","29","20","1","14","18","19",
"낙태","합계","계","범죄사건 처리 기간[명]","명","73","34","92","101","156","125","151","125","","","","","","","","","","","",
"낙태","경찰","계","범죄사건 처리 기간[명]","명","36","17","46","50","78","62","80","66","","","","","","","","","","","",
"낙태","경찰","10일 이내","범죄사건 처리 기간[명]","명","1","1","1","3","3","1","2","1","","","","","","","","","","","",
"낙태","경찰","20일 이내","범죄사건 처리 기간[명]","명","3","-","-","2","-","7","5","2","","","","","","","","","","","",
"낙태","경찰","1개월 이내","범죄사건 처리 기간[명]","명","3","3","7","6","10","5","3","9","","","","","","","","","","","",
"낙태","경찰","2개월 이내","범죄사건 처리 기간[명]","명","4","3","2","11","40","15","8","13","","","","","","","","","","","",
"낙태","경찰","3개월 이내","범죄사건 처리 기간[명]","명","-","2","4","5","5","18","31","12","","","","","","","","","","","",
"낙태","경찰","6개월 이내","범죄사건 처리 기간[명]","명","25","8","30","22","16","9","14","13","","","","","","","","","","","",
"낙태","경찰","6개월 초과","범죄사건 처리 기간[명]","명","-","-","2","1","4","7","17","16","","","","","","","","","","","",
"낙태","검찰","계","범죄사건 처리 기간[명]","명","37","17","46","51","78","63","71","59","","","","","","","","","","","",
"낙태","검찰","10일 이내","범죄사건 처리 기간[명]","명","11","4","6","16","24","17","15","28","","","","","","","","","","","",
"낙태","검찰","20일 이내","범죄사건 처리 기간[명]","명","4","4","10","3","3","8","8","1","","","","","","","","","","","",
"낙태","검찰","1개월 이내","범죄사건 처리 기간[명]","명","4","2","7","3","2","9","6","4","","","","","","","","","","","",
"낙태","검찰","2개월 이내","범죄사건 처리 기간[명]","명","1","5","12","10","19","15","26","9","","","","","","","","","","","",
"낙태","검찰","3개월 이내","범죄사건 처리 기간[명]","명","15","1","8","17","15","-","4","4","","","","","","","","","","","",
"낙태","검찰","6개월 이내","범죄사건 처리 기간[명]","명","2","1","3","2","14","10","12","10","","","","","","","","","","","",
"낙태","검찰","6개월 초과","범죄사건 처리 기간[명]","명","-","-","-","-","1","4","-","3","","","","","","","","","","","",
"아편","합계","계","범죄사건 처리 기간[명]","명","-","-","-","-","-","-","-","-","","","","","","","","","","","",
"아편","경찰","계","범죄사건 처리 기간[명]","명","-","-","-","-","-","-","-","-","","","","","","","","","","","",
"아편","경찰","10일 이내","범죄사건 처리 기간[명]","명","-","-","-","-","-","-","-","-","","","","","","","","","","","",
"아편","경찰","20일 이내","범죄사건 처리 기간[명]","명","-","-","-","-","-","-","-","-","","","","","","","","","","","",
"아편","경찰","1개월 이내","범죄사건 처리 기간[명]","명","-","-","-","-","-","-","-","-","","","","","","","","","","","",
"아편","경찰","2개월 이내","범죄사건 처리 기간[명]","명","-","-","-","-","-","-","-","-","","","","","","","","","","","",
"아편","경찰","3개월 이내","범죄사건 처리 기간[명]","명","-","-","-","-","-","-","-","-","","","","","","","","","","","",
"아편","경찰","6개월 이내","범죄사건 처리 기간[명]","명","-","-","-","-","-","-","-","-","","","","","","","","","","","",
"아편","경찰","6개월 초과","범죄사건 처리 기간[명]","명","-","-","-","-","-","-","-","-","","","","","","","","","","","",
"아편","검찰","계","범죄사건 처리 기간[명]","명","-","-","-","-","-","-","-","-","","","","","","","","","","","",
"아편","검찰","10일 이내","범죄사건 처리 기간[명]","명","-","-","-","-","-","-","-","-","","","","","","","","","","","",
"아편","검찰","20일 이내","범죄사건 처리 기간[명]","명","-","-","-","-","-","-","-","-","","","","","","","","","","","",
"아편","검찰","1개월 이내","범죄사건 처리 기간[명]","명","-","-","-","-","-","-","-","-","","","","","","","","","","","",
"아편","검찰","2개월 이내","범죄사건 처리 기간[명]","명","-","-","-","-","-","-","-","-","","","","","","","","","","","",
"아편","검찰","3개월 이내","범죄사건 처리 기간[명]","명","-","-","-","-","-","-","-","-","","","","","","","","","","","",
"아편","검찰","6개월 이내","범죄사건 처리 기간[명]","명","-","-","-","-","-","-","-","-","","","","","","","","","","","",
"아편","검찰","6개월 초과","범죄사건 처리 기간[명]","명","-","-","-","-","-","-","-","-","","","","","","","","","","","",
"교통방해","합계","계","범죄사건 처리 기간[명]","명","2295","2305","3467","3313","3468","3003","3865","4105","","","","","","","","","","","",
"교통방해","경찰","계","범죄사건 처리 기간[명]","명","1131","1136","1723","1641","1734","1498","2015","2134","2263","2141","2598","1709","1667","1810","1892","1801","1652","1501","1454",
"교통방해","경찰","10일 이내","범죄사건 처리 기간[명]","명","49","100","174","170","330","238","293","250","224","224","228","183","163","135","115","196","122","70","85",
"교통방해","경찰","20일 이내","범죄사건 처리 기간[명]","명","23","32","36","53","124","187","254","242","188","246","241","184","224","225","188","150","102","121","112",
"교통방해","경찰","1개월 이내","범죄사건 처리 기간[명]","명","154","126","267","214","185","189","240","214","181","195","239","227","190","234","201","144","115","155","136",
"교통방해","경찰","2개월 이내","범죄사건 처리 기간[명]","명","196","178","194","222","350","459","515","576","502","496","687","417","503","483","609","413","342","325","339",
"교통방해","경찰","3개월 이내","범죄사건 처리 기간[명]","명","107","99","126","177","245","247","291","372","368","310","377","271","295","331","384","310","285","245","253",
"교통방해","경찰","6개월 이내","범죄사건 처리 기간[명]","명","560","595","838","794","495","137","248","421","494","255","376","252","224","342","327","465","475","389","364",
"교통방해","경찰","6개월 초과","범죄사건 처리 기간[명]","명","42","6","88","11","5","41","174","59","306","415","450","175","68","60","68","123","211","196","165",
"교통방해","검찰","계","범죄사건 처리 기간[명]","명","1164","1169","1744","1672","1734","1505","1850","1971","2154","1970","2437","1599","1540","1677","1833","1101","939","819","759",
"교통방해","검찰","10일 이내","범죄사건 처리 기간[명]","명","479","520","562","597","630","746","752","725","702","732","827","667","624","646","681","377","322","230","259",
"교통방해","검찰","20일 이내","범죄사건 처리 기간[명]","명","144","189","217","211","208","181","215","250","292","259","217","201","216","198","219","176","82","100","87",
"교통방해","검찰","1개월 이내","범죄사건 처리 기간[명]","명","72","111","108","147","133","137","265","186","221","191","174","138","157","111","169","143","121","104","105",
"교통방해","검찰","2개월 이내","범죄사건 처리 기간[명]","명","165","121","204","269","204","213","217","313","266","226","265","171","141","211","166","136","180","109","88",
"교통방해","검찰","3개월 이내","범죄사건 처리 기간[명]","명","270","180","469","301","318","104","135","230","203","234","255","158","164","178","212","137","81","74","66",
"교통방해","검찰","6개월 이내","범죄사건 처리 기간[명]","명","34","48","172","146","225","116","244","244","409","292","623","227","217","253","319","127","131","154","135",
"교통방해","검찰","6개월 초과","범죄사건 처리 기간[명]","명","-","-","12","1","16","8","22","23","61","36","76","37","21","80","67","5","22","48","19",
"공무방해","합계","계","범죄사건 처리 기간[명]","명","25141","31182","37935","38666","31387","29589","34165","32734","","","","","","","","","","","",
"공무방해","경찰","계","범죄사건 처리 기간[명]","명","12361","15453","18785","19088","15666","14705","17324","16648","17980","16951","17456","14714","13161","13361","12802","10499","11703","12054","11669",
"공무방해","경찰","10일 이내","범죄사건 처리 기간[명]","명","1359","2371","3189","3239","6210","7985","8817","8524","8482","7153","7654","5847","5099","4780","4346","3286","3788","4215","4276",
"공무방해","경찰","20일 이내","범죄사건 처리 기간[명]","명","352","601","801","735","1718","2266","2860","2530","2632","2355","2756","2462","2296","2573","2277","1966","2036","2230","2199",
"공무방해","경찰","1개월 이내","범죄사건 처리 기간[명]","명","2060","2295","2603","2452","1583","1324","1401","1324","1452","1286","1521","1370","1380","1522","1371","1146","1290","1378","1248",
"공무방해","경찰","2개월 이내","범죄사건 처리 기간[명]","명","1736","1640","1624","1582","1691","1683","2098","2107","2260","1864","2255","2236","2024","2144","2036","1850","1937","1996","1853",
"공무방해","경찰","3개월 이내","범죄사건 처리 기간[명]","명","802","805","920","730","740","860","1033","989","1078","841","884","902","840","880","957","860","972","946","805",
"공무방해","경찰","6개월 이내","범죄사건 처리 기간[명]","명","6001","7707","9598","10311","3617","507","651","694","1390","852","1032","897","931","937","1067","937","966","875","782",
"공무방해","경찰","6개월 초과","범죄사건 처리 기간[명]","명","51","34","50","39","107","80","464","480","686","2600","1354","1000","591","525","748","454","714","414","506",
"공무방해","검찰","계","범죄사건 처리 기간[명]","명","12780","15729","19150","19578","15721","14884","16841","16086","17396","16122","16516","14210","12326","13036","12652","9571","10613","11188","10594",
"공무방해","검찰","10일 이내","범죄사건 처리 기간[명]","명","7681","9034","10676","9793","8494","8916","9775","9291","8038","7052","7239","6289","5041","5931","5809","4604","4552","4658","4706",
"공무방해","검찰","20일 이내","범죄사건 처리 기간[명]","명","1977","2609","3127","3436","2582","2350","2627","2663","2966","2821","2903","2483","2114","2185","1726","1612","1588","1700","1512",
"공무방해","검찰","1개월 이내","범죄사건 처리 기간[명]","명","862","1437","1889","2118","1479","1259","1646","1549","2022","2124","2127","1550","1424","1282","1235","1132","1269","1306","1337",
"공무방해","검찰","2개월 이내","범죄사건 처리 기간[명]","명","973","1243","1524","1550","1221","1196","1139","1065","1887","1730","1662","1476","1497","1367","1352","976","1313","1426","1182",
"공무방해","검찰","3개월 이내","범죄사건 처리 기간[명]","명","800","976","1403","2202","1262","528","658","596","1116","1089","1177","1011","941","917","789","637","790","851","767",
"공무방해","검찰","6개월 이내","범죄사건 처리 기간[명]","명","467","360","467","468","611","614","818","733","1112","1192","1208","1153","1090","1109","1332","573","1043","1187","1023",
"공무방해","검찰","6개월 초과","범죄사건 처리 기간[명]","명","20","70","64","11","72","21","178","189","255","114","200","248","219","245","409","37","58","60","67",
"도주와범인은닉","합계","계","범죄사건 처리 기간[명]","명","1297","1450","3712","3809","2783","1728","2072","1911","","","","","","","","","","","",
"도주와범인은닉","경찰","계","범죄사건 처리 기간[명]","명","446","474","1477","1528","1359","691","884","842","804","876","779","684","493","537","518","405","417","536","531",
"도주와범인은닉","경찰","10일 이내","범죄사건 처리 기간[명]","명","71","69","138","156","150","85","128","114","65","120","81","70","43","57","45","53","42","48","44",
"도주와범인은닉","경찰","20일 이내","범죄사건 처리 기간[명]","명","27","24","54","59","131","96","129","132","106","137","118","115","51","66","61","41","31","39","40",
"도주와범인은닉","경찰","1개월 이내","범죄사건 처리 기간[명]","명","68","73","192","221","173","79","110","109","99","111","106","75","72","60","65","48","32","48","33",
"도주와범인은닉","경찰","2개월 이내","범죄사건 처리 기간[명]","명","54","66","193","207","301","211","215","211","193","205","182","158","143","149","127","94","76","114","118",
"도주와범인은닉","경찰","3개월 이내","범죄사건 처리 기간[명]","명","46","48","127","141","180","104","143","134","124","118","103","95","66","76","73","76","68","104","116",
"도주와범인은닉","경찰","6개월 이내","범죄사건 처리 기간[명]","명","168","192","753","729","388","98","126","98","146","75","104","115","82","100","88","60","109","119","120",
"도주와범인은닉","경찰","6개월 초과","범죄사건 처리 기간[명]","명","12","2","20","15","36","18","33","44","71","110","85","56","36","29","59","33","59","64","60",
"도주와범인은닉","검찰","계","범죄사건 처리 기간[명]","명","851","976","2235","2281","1424","1037","1188","1069","1056","1115","983","939","646","643","655","403","349","489","504",
"도주와범인은닉","검찰","10일 이내","범죄사건 처리 기간[명]","명","532","619","1225","1177","496","491","475","447","389","405","360","352","219","211","206","154","107","131","128",
"도주와범인은닉","검찰","20일 이내","범죄사건 처리 기간[명]","명","126","118","313","314","229","210","206","190","216","192","170","158","88","90","73","62","42","54","51",
"도주와범인은닉","검찰","1개월 이내","범죄사건 처리 기간[명]","명","46","70","197","236","150","83","131","127","86","152","99","104","85","60","56","29","33","50","54",
"도주와범인은닉","검찰","2개월 이내","범죄사건 처리 기간[명]","명","70","81","230","246","218","122","177","115","135","148","121","120","73","82","70","66","36","89","60",
"도주와범인은닉","검찰","3개월 이내","범죄사건 처리 기간[명]","명","60","77","227","267","273","74","91","82","120","99","90","101","73","73","84","35","37","47","39",
"도주와범인은닉","검찰","6개월 이내","범죄사건 처리 기간[명]","명","16","11","42","40","50","54","100","98","100","106","128","98","88","108","130","46","90","101","145",
"도주와범인은닉","검찰","6개월 초과","범죄사건 처리 기간[명]","명","1","-","1","1","8","3","8","10","10","13","15","6","20","19","36","11","4","17","27",
"위증과증거인멸","합계","계","범죄사건 처리 기간[명]","명","6189","5830","6860","7436","5472","5370","7479","6964","","","","","","","","","","","",
"위증과증거인멸","경찰","계","범죄사건 처리 기간[명]","명","2419","2297","2775","2983","2657","2188","3492","3462","3396","3508","3148","3075","3025","2801","2396","1879","1881","1769","1653",
"위증과증거인멸","경찰","10일 이내","범죄사건 처리 기간[명]","명","73","66","90","109","68","77","210","204","112","92","109","148","70","65","50","210","29","44","33",
"위증과증거인멸","경찰","20일 이내","범죄사건 처리 기간[명]","명","25","33","30","53","64","92","182","135","137","112","170","140","165","123","91","34","35","37","52",
"위증과증거인멸","경찰","1개월 이내","범죄사건 처리 기간[명]","명","166","151","211","241","170","142","246","260","202","165","242","182","209","146","134","33","49","72","70",
"위증과증거인멸","경찰","2개월 이내","범죄사건 처리 기간[명]","명","468","402","516","627","742","696","1033","981","735","647","682","646","680","570","424","159","184","208","209",
"위증과증거인멸","경찰","3개월 이내","범죄사건 처리 기간[명]","명","500","437","603","513","726","731","1080","941","922","738","722","678","649","604","467","231","232","234","270",
"위증과증거인멸","경찰","6개월 이내","범죄사건 처리 기간[명]","명","1152","1192","1304","1419","861","434","685","794","1062","1055","953","989","1072","1106","967","776","663","596","572",
"위증과증거인멸","경찰","6개월 초과","범죄사건 처리 기간[명]","명","35","16","21","21","26","16","56","147","226","699","270","292","180","187","263","436","689","578","447",
"위증과증거인멸","검찰","계","범죄사건 처리 기간[명]","명","3770","3533","4085","4453","2815","3182","3987","3502","4272","4749","4167","4295","3461","3202","2902","944","886","861","811",
"위증과증거인멸","검찰","10일 이내","범죄사건 처리 기간[명]","명","1173","1068","1288","1369","521","876","901","777","831","992","768","873","668","513","578","293","209","246","223",
"위증과증거인멸","검찰","20일 이내","범죄사건 처리 기간[명]","명","331","342","381","426","144","328","391","286","357","410","364","380","281","221","227","126","97","107","111",
"위증과증거인멸","검찰","1개월 이내","범죄사건 처리 기간[명]","명","207","237","224","355","132","229","271","234","253","400","330","323","294","196","164","117","100","84","99",
"위증과증거인멸","검찰","2개월 이내","범죄사건 처리 기간[명]","명","417","474","559","617","380","404","484","369","605","646","624","638","563","484","349","115","154","135","147",
"위증과증거인멸","검찰","3개월 이내","범죄사건 처리 기간[명]","명","849","657","847","948","796","497","529","484","563","654","680","613","485","448","300","109","96","105","61",
"위증과증거인멸","검찰","6개월 이내","범죄사건 처리 기간[명]","명","749","711","740","717","793","795","1106","990","1229","1262","1075","1129","873","970","843","145","169","138","126",
"위증과증거인멸","검찰","6개월 초과","범죄사건 처리 기간[명]","명","44","44","46","21","49","53","305","362","434","385","326","339","297","370","441","39","61","46","44",
"무고","합계","계","범죄사건 처리 기간[명]","명","9075","7068","8004","9451","6235","7455","9790","9490","","","","","","","","","","","",
"무고","경찰","계","범죄사건 처리 기간[명]","명","3166","2488","2902","3549","2991","2848","4385","4649","5054","4768","5247","5345","6113","6151","6751","5240","5405","5698","6791",
"무고","경찰","10일 이내","범죄사건 처리 기간[명]","명","168","137","257","266","146","233","367","415","229","188","189","185","180","151","158","450","95","114","154",
"무고","경찰","20일 이내","범죄사건 처리 기간[명]","명","71","44","74","102","114","178","283","353","192","242","334","353","372","353","344","131","133","195","281",
"무고","경찰","1개월 이내","범죄사건 처리 기간[명]","명","249","240","296","412","287","272","393","412","467","298","452","402","518","469","473","158","194","259","332",
"무고","경찰","2개월 이내","범죄사건 처리 기간[명]","명","521","398","517","676","827","920","1285","1292","1143","987","1317","1266","1399","1477","1451","669","696","857","1127",
"무고","경찰","3개월 이내","범죄사건 처리 기간[명]","명","588","477","497","550","662","798","1189","1061","1236","936","1196","1156","1374","1290","1569","839","817","880","1169",
"무고","경찰","6개월 이내","범죄사건 처리 기간[명]","명","1527","1180","1252","1527","941","424","735","940","1526","1214","1378","1552","1986","2115","2348","2114","1927","1889","2212",
"무고","경찰","6개월 초과","범죄사건 처리 기간[명]","명","42","12","9","16","14","23","133","176","261","903","381","431","284","296","408","879","1543","1504","1516",
"무고","검찰","계","범죄사건 처리 기간[명]","명","5909","4580","5102","5902","3244","4607","5405","4841","6199","6070","6547","6729","6269","6505","7512","1428","1045","1123","1123",
"무고","검찰","10일 이내","범죄사건 처리 기간[명]","명","2873","2289","2666","2894","931","1997","2049","1512","1636","1929","1882","1843","1699","1564","1809","393","231","239","261",
"무고","검찰","20일 이내","범죄사건 처리 기간[명]","명","423","348","406","580","250","419","449","384","480","465","521","562","504","441","503","140","98","92","93",
"무고","검찰","1개월 이내","범죄사건 처리 기간[명]","명","206","167","215","280","179","283","265","260","443","404","399","403","454","354","350","154","104","130","133",
"무고","검찰","2개월 이내","범죄사건 처리 기간[명]","명","426","357","445","623","440","425","587","562","688","732","768","853","929","902","1005","172","120","133","112",
"무고","검찰","3개월 이내","범죄사건 처리 기간[명]","명","1080","662","683","886","712","561","631","587","796","834","939","903","807","869","1189","205","129","103","106",
"무고","검찰","6개월 이내","범죄사건 처리 기간[명]","명","828","722","667","624","683","866","1151","1206","1684","1338","1618","1703","1481","1826","1929","292","313","349","336",
"무고","검찰","6개월 초과","범죄사건 처리 기간[명]","명","73","35","20","15","49","56","273","330","472","368","420","462","395","549","727","72","50","77","82",
"공안을해하는죄","합계","계","범죄사건 처리 기간[명]","명","88","134","146","127","50","68","63","81","","","","","","","","","","","",
"공안을해하는죄","경찰","계","범죄사건 처리 기간[명]","명","42","65","72","62","25","34","33","40","37","110","136","247","188","613","882","756","753","1017","1099",
"공안을해하는죄","경찰","10일 이내","범죄사건 처리 기간[명]","명","5","9","6","5","5","12","7","4","7","36","5","17","55","207","130","245","153","241","392",
"공안을해하는죄","경찰","20일 이내","범죄사건 처리 기간[명]","명","-","-","2","-","5","2","6","4","4","7","4","33","7","53","41","46","49","168","88",
"공안을해하는죄","경찰","1개월 이내","범죄사건 처리 기간[명]","명","7","2","4","4","4","6","1","5","3","9","5","55","6","56","24","20","32","43","123",
"공안을해하는죄","경찰","2개월 이내","범죄사건 처리 기간[명]","명","3","5","1","13","4","2","10","12","7","12","13","24","17","99","159","92","97","115","98",
"공안을해하는죄","경찰","3개월 이내","범죄사건 처리 기간[명]","명","1","12","6","4","5","11","3","11","4","19","25","5","11","41","99","61","64","110","62",
"공안을해하는죄","경찰","6개월 이내","범죄사건 처리 기간[명]","명","25","37","53","32","2","1","5","3","8","23","32","70","65","71","197","119","185","150","166",
"공안을해하는죄","경찰","6개월 초과","범죄사건 처리 기간[명]","명","1","-","-","4","-","-","1","1","4","4","52","43","27","86","232","173","173","190","170",
"공안을해하는죄","검찰","계","범죄사건 처리 기간[명]","명","46","69","74","65","25","34","30","41","34","128","260","278","322","604","819","495","537","868","939",
"공안을해하는죄","검찰","10일 이내","범죄사건 처리 기간[명]","명","17","33","27","19","15","17","9","14","11","73","60","56","104","137","256","123","127","189","136",
"공안을해하는죄","검찰","20일 이내","범죄사건 처리 기간[명]","명","18","16","22","20","3","6","5","7","2","18","41","52","45","152","172","139","163","289","300",
"공안을해하는죄","검찰","1개월 이내","범죄사건 처리 기간[명]","명","3","3","6","3","1","3","3","7","1","5","66","26","61","58","103","130","35","96","296",
"공안을해하는죄","검찰","2개월 이내","범죄사건 처리 기간[명]","명","2","15","5","14","2","3","4","6","4","5","11","59","31","20","40","21","57","50","44",
"공안을해하는죄","검찰","3개월 이내","범죄사건 처리 기간[명]","명","5","1","5","6","2","2","5","4","8","1","9","7","19","8","41","14","22","87","40",
"공안을해하는죄","검찰","6개월 이내","범죄사건 처리 기간[명]","명","1","1","9","-","2","3","4","3","8","8","42","24","22","148","128","32","100","124","92",
"공안을해하는죄","검찰","6개월 초과","범죄사건 처리 기간[명]","명","-","-","-","3","-","-","-","-","-","18","31","54","40","81","79","36","33","33","31",
"내란의죄","합계","계","범죄사건 처리 기간[명]","명","-","-","-","-","-","-","6","9","","","","","","","","","","","",
"내란의죄","경찰","계","범죄사건 처리 기간[명]","명","-","-","-","-","-","-","3","5","-","-","1","8","4","5","15","4","2","13","15",
"내란의죄","경찰","10일 이내","범죄사건 처리 기간[명]","명","-","-","-","-","-","-","-","-","-","-","-","","2","-","-","1","0","-","-",
"내란의죄","경찰","20일 이내","범죄사건 처리 기간[명]","명","-","-","-","-","-","-","-","-","-","-","-","","-","-","-","-","0","-","6",
"내란의죄","경찰","1개월 이내","범죄사건 처리 기간[명]","명","-","-","-","-","-","-","-","-","-","-","-","","-","3","-","-","0","-","8",
"내란의죄","경찰","2개월 이내","범죄사건 처리 기간[명]","명","-","-","-","-","-","-","-","-","-","-","-","1","2","-","-","1","0","-","-",
"내란의죄","경찰","3개월 이내","범죄사건 처리 기간[명]","명","-","-","-","-","-","-","-","-","-","-","-","","-","1","-","-","0","-","1",
"내란의죄","경찰","6개월 이내","범죄사건 처리 기간[명]","명","-","-","-","-","-","-","-","1","-","-","1","6","-","1","6","-","2","7","-",
"내란의죄","경찰","6개월 초과","범죄사건 처리 기간[명]","명","-","-","-","-","-","-","3","4","-","-","-","1","-","-","9","2","0","6","-",
"내란의죄","검찰","계","범죄사건 처리 기간[명]","명","-","-","-","-","-","-","3","4","-","9","56","36","44","20","16","11","28","1","15",
"내란의죄","검찰","10일 이내","범죄사건 처리 기간[명]","명","-","-","-","-","-","-","-","-","-","-","3","","11","11","10","-","0","1","-",
"내란의죄","검찰","20일 이내","범죄사건 처리 기간[명]","명","-","-","-","-","-","-","-","3","-","-","52","20","4","1","-","-","0","-","2",
"내란의죄","검찰","1개월 이내","범죄사건 처리 기간[명]","명","-","-","-","-","-","-","-","-","-","-","-","1","1","5","-","-","26","-","-",
"내란의죄","검찰","2개월 이내","범죄사건 처리 기간[명]","명","-","-","-","-","-","-","-","-","-","-","1","","15","1","1","5","2","-","-",
"내란의죄","검찰","3개월 이내","범죄사건 처리 기간[명]","명","-","-","-","-","-","-","-","-","-","-","-","1","1","1","1","4","0","-","1",
"내란의죄","검찰","6개월 이내","범죄사건 처리 기간[명]","명","-","-","-","-","-","-","-","1","-","9","-","1","11","1","-","2","0","-","8",
"내란의죄","검찰","6개월 초과","범죄사건 처리 기간[명]","명","-","-","-","-","-","-","3","-","-","-","-","13","1","-","4","-","0","-","4",
"음용수에관한죄","합계","계","범죄사건 처리 기간[명]","명","56","64","56","56","68","36","33","39","","","","","","","","","","","",
"음용수에관한죄","경찰","계","범죄사건 처리 기간[명]","명","28","31","28","28","34","18","18","22","22","21","29","24","24","21","31","25","32","27","29",
"음용수에관한죄","경찰","10일 이내","범죄사건 처리 기간[명]","명","2","-","-","1","-","1","2","1","-","-","1","1","-","1","3","2","1","-","4",
"음용수에관한죄","경찰","20일 이내","범죄사건 처리 기간[명]","명","-","2","-","1","-","-","4","-","4","2","1","4","-","-","2","3","1","-","4",
"음용수에관한죄","경찰","1개월 이내","범죄사건 처리 기간[명]","명","3","3","2","4","1","2","2","3","3","2","3","1","2","1","5","1","4","2","2",
"음용수에관한죄","경찰","2개월 이내","범죄사건 처리 기간[명]","명","5","6","6","16","8","7","6","6","5","11","15","5","5","8","7","9","8","4","6",
"음용수에관한죄","경찰","3개월 이내","범죄사건 처리 기간[명]","명","4","6","8","2","16","6","1","7","7","3","4","4","3","5","10","6","3","5","5",
"음용수에관한죄","경찰","6개월 이내","범죄사건 처리 기간[명]","명","14","14","12","4","9","2","3","4","1","1","4","4","13","5","4","4","10","14","6",
"음용수에관한죄","경찰","6개월 초과","범죄사건 처리 기간[명]","명","-","-","-","-","-","-","-","1","2","2","1","5","1","1","-","-","5","2","2",
"음용수에관한죄","검찰","계","범죄사건 처리 기간[명]","명","28","33","28","28","34","18","15","17","22","20","27","25","23","18","28","9","13","8","11",
"음용수에관한죄","검찰","10일 이내","범죄사건 처리 기간[명]","명","8","16","14","12","10","7","2","4","10","8","9","6","5","7","9","5","2","2","2",
"음용수에관한죄","검찰","20일 이내","범죄사건 처리 기간[명]","명","4","3","2","6","1","1","2","-","-","4","4","4","3","-","2","2","1","-","2",
"음용수에관한죄","검찰","1개월 이내","범죄사건 처리 기간[명]","명","1","1","5","1","14","-","2","2","2","-","3","2","-","2","1","-","3","1","3",
"음용수에관한죄","검찰","2개월 이내","범죄사건 처리 기간[명]","명","1","6","1","8","5","3","5","2","2","2","3","1","2","5","8","1","1","-","1",
"음용수에관한죄","검찰","3개월 이내","범죄사건 처리 기간[명]","명","9","4","3","1","2","3","2","7","2","1","1","1","9","1","1","-","4","1","2",
"음용수에관한죄","검찰","6개월 이내","범죄사건 처리 기간[명]","명","5","3","3","-","2","4","2","2","6","5","6","8","3","3","6","1","2","4","1",
"음용수에관한죄","검찰","6개월 초과","범죄사건 처리 기간[명]","명","-","-","-","-","-","-","-","-","-","-","1","3","1","-","1","-","0","-","-",
"일수와수리에관한죄","합계","계","범죄사건 처리 기간[명]","명","30","34","28","10","32","14","18","11","","","","","","","","","","","",
"일수와수리에관한죄","경찰","계","범죄사건 처리 기간[명]","명","15","16","14","5","16","7","10","6","5","7","6","9","12","7","6","71","16","9","9",
"일수와수리에관한죄","경찰","10일 이내","범죄사건 처리 기간[명]","명","-","-","2","-","1","-","-","-","-","-","-","","-","1","1","10","1","-","1",
"일수와수리에관한죄","경찰","20일 이내","범죄사건 처리 기간[명]","명","-","-","-","-","-","-","1","1","1","-","1","2","1","1","1","1","0","1","-",
"일수와수리에관한죄","경찰","1개월 이내","범죄사건 처리 기간[명]","명","1","1","1","-","-","-","-","1","-","-","1","","-","1","1","-","0","-","1",
"일수와수리에관한죄","경찰","2개월 이내","범죄사건 처리 기간[명]","명","2","5","2","-","4","5","4","1","1","2","1","5","7","2","2","2","2","2","1",
"일수와수리에관한죄","경찰","3개월 이내","범죄사건 처리 기간[명]","명","-","2","2","-","2","2","2","2","-","3","-","1","2","1","-","1","0","-","1",
"일수와수리에관한죄","경찰","6개월 이내","범죄사건 처리 기간[명]","명","12","7","7","5","9","-","2","1","3","-","1","1","-","1","-","54","4","4","3",
"일수와수리에관한죄","경찰","6개월 초과","범죄사건 처리 기간[명]","명","-","1","-","-","-","-","1","-","-","2","2","","2","-","1","3","9","2","2",
"일수와수리에관한죄","검찰","계","범죄사건 처리 기간[명]","명","15","18","14","5","16","7","8","5","5","7","5","9","9","6","5","52","6","-","2",
"일수와수리에관한죄","검찰","10일 이내","범죄사건 처리 기간[명]","명","12","6","2","3","3","2","2","1","-","3","3","5","5","1","2","7","0","-","1",
"일수와수리에관한죄","검찰","20일 이내","범죄사건 처리 기간[명]","명","1","2","4","1","2","-","-","1","-","2","-","3","3","2","1","-","0","-","-",
"일수와수리에관한죄","검찰","1개월 이내","범죄사건 처리 기간[명]","명","1","1","1","-","-","3","-","-","1","-","-","","-","1","1","-","1","-","-",
"일수와수리에관한죄","검찰","2개월 이내","범죄사건 처리 기간[명]","명","1","-","2","-","1","1","-","-","-","-","-","1","1","1","-","-","1","-","1",
"일수와수리에관한죄","검찰","3개월 이내","범죄사건 처리 기간[명]","명","-","6","4","1","10","1","1","3","1","2","-","","-","1","-","3","1","-","-",
"일수와수리에관한죄","검찰","6개월 이내","범죄사건 처리 기간[명]","명","-","3","1","-","-","-","3","-","-","-","2","","-","-","1","28","2","-","-",
"일수와수리에관한죄","검찰","6개월 초과","범죄사건 처리 기간[명]","명","-","-","-","-","-","-","2","-","3","-","-","","-","-","-","14","1","-","-",
"기타","합계","계","범죄사건 처리 기간[명]","명","2","2","14","-","4","24","15","12","","","","","","","","","","","",
"기타","경찰","계","범죄사건 처리 기간[명]","명","1","1","6","-","2","12","8","6","3985","1293","73","65","76","50","71","5","6","7","4",
"기타","경찰","10일 이내","범죄사건 처리 기간[명]","명","-","-","-","-","-","5","1","1","275","94","4","1","3","3","10","-","0","-","-",
"기타","경찰","20일 이내","범죄사건 처리 기간[명]","명","-","-","-","-","-","1","-","1","412","111","8","4","3","4","4","-","0","-","1",
"기타","경찰","1개월 이내","범죄사건 처리 기간[명]","명","-","-","1","-","-","2","-","1","523","111","3","6","4","6","2","2","0","-","-",
"기타","경찰","2개월 이내","범죄사건 처리 기간[명]","명","-","-","-","-","1","3","4","2","1228","333","19","15","12","8","17","-","1","1","1",
"기타","경찰","3개월 이내","범죄사건 처리 기간[명]","명","-","-","1","-","1","1","1","-","748","200","13","16","14","10","12","2","0","2","1",
"기타","경찰","6개월 이내","범죄사건 처리 기간[명]","명","1","1","4","-","-","-","-","1","566","136","16","14","28","16","20","1","4","3","1",
"기타","경찰","6개월 초과","범죄사건 처리 기간[명]","명","-","-","-","-","-","-","2","-","233","308","10","9","12","3","6","-","1","1","-",
"기타","검찰","계","범죄사건 처리 기간[명]","명","1","1","8","-","2","12","7","6","3680","1298","67","67","85","112","63","10","5","5","2",
"기타","검찰","10일 이내","범죄사건 처리 기간[명]","명","1","-","1","-","1","5","4","2","1379","665","23","12","26","20","29","6","3","4","2",
"기타","검찰","20일 이내","범죄사건 처리 기간[명]","명","-","-","3","-","-","6","2","2","443","134","6","8","4","4","7","-","0","-","-",
"기타","검찰","1개월 이내","범죄사건 처리 기간[명]","명","-","-","1","-","-","-","1","1","393","86","13","7","8","4","2","4","0","-","-",
"기타","검찰","2개월 이내","범죄사건 처리 기간[명]","명","-","1","2","-","1","1","-","-","482","187","5","8","9","10","9","-","0","-","-",
"기타","검찰","3개월 이내","범죄사건 처리 기간[명]","명","-","-","1","-","-","-","-","-","422","119","9","6","3","6","4","-","0","-","-",
"기타","검찰","6개월 이내","범죄사건 처리 기간[명]","명","-","-","-","-","-","-","-","1","502","101","9","16","23","34","6","-","2","1","-",
"기타","검찰","6개월 초과","범죄사건 처리 기간[명]","명","-","-","-","-","-","-","-","-","59","6","2","10","12","34","6","-","0","-","-",
"특별법범","합계","계","범죄사건 처리 기간[명]","명","2011285","2170836","2761148","2648879","1977414","1812571","1814157","1821162","","","","","","","","","","","",
"특별법범","경찰","계","범죄사건 처리 기간[명]","명","933622","1014781","1312198","1247895","967936","859559","907703","932957","926033","967677","1017780","867529","735267","705109","656757","587024","558938","539465","570805",
"특별법범","경찰","10일 이내","범죄사건 처리 기간[명]","명","86511","140490","218635","232219","316165","340059","318835","340971","313669","295861","339186","284911","213993","189312","155631","124182","102888","109514","123551",
"특별법범","경찰","20일 이내","범죄사건 처리 기간[명]","명","49223","56556","69625","62443","131658","155450","163847","166927","165883","163956","181478","155525","138161","137701","127597","104114","85847","91531","100821",
"특별법범","경찰","1개월 이내","범죄사건 처리 기간[명]","명","180090","176766","197577","172730","118697","92929","95823","97717","100540","99523","107941","91549","85014","86195","81568","72023","60536","62760","67273",
"특별법범","경찰","2개월 이내","범죄사건 처리 기간[명]","명","127065","109113","127403","124998","137558","147099","152274","158626","158689","148898","159866","136167","130233","133650","127053","118087","103248","104099","110446",
"특별법범","경찰","3개월 이내","범죄사건 처리 기간[명]","명","55884","55125","64893","60095","60111","67679","75814","76128","81696","70009","71363","67493","64111","65054","62396","62375","60451","56391","60808",
"특별법범","경찰","6개월 이내","범죄사건 처리 기간[명]","명","422137","460268","618569","575584","192812","39228","51983","56139","69068","58445","79004","65854","66846","64758","69458","69253","82060","65777","68179",
"특별법범","경찰","6개월 초과","범죄사건 처리 기간[명]","명","12712","16463","15496","19826","10935","17115","49127","36449","36488","130985","78942","66030","36909","28439","33054","36990","63908","49393","39727",
"특별법범","검찰","계","범죄사건 처리 기간[명]","명","1077663","1156055","1448950","1400984","1009478","953012","906454","888205","879446","927662","999599","954382","807756","797382","694913","463112","491671","475869","461198",
"특별법범","검찰","10일 이내","범죄사건 처리 기간[명]","명","794620","876764","1079552","985628","739228","717198","637964","630857","589243","659740","690060","671962","546324","521434","449353","280554","270705","267660","267459",
"특별법범","검찰","20일 이내","범죄사건 처리 기간[명]","명","133919","136998","174813","182379","117070","96286","105616","101405","110731","104424","116015","104574","93524","87760","69407","61708","65766","60269","59227",
"특별법범","검찰","1개월 이내","범죄사건 처리 기간[명]","명","48957","51331","71010","79440","53460","44945","53189","51285","54606","53028","59391","48816","47596","47362","37088","38734","47377","41556","40920",
"특별법범","검찰","2개월 이내","범죄사건 처리 기간[명]","명","45606","43570","57483","70658","43758","43605","44726","42202","47849","42247","49590","45813","43887","46906","43631","33908","41905","38580","33943",
"특별법범","검찰","3개월 이내","범죄사건 처리 기간[명]","명","40217","35428","50274","64278","41719","26058","25516","24503","30410","27369","31191","30348","27774","31326","30012","20694","24897","22062","18481",
"특별법범","검찰","6개월 이내","범죄사건 처리 기간[명]","명","12793","11446","14734","17174","13427","23146","33867","32943","39674","35008","43484","42278","38924","49027","48506","24493","35975","39990","34749",
"특별법범","검찰","6개월 초과","범죄사건 처리 기간[명]","명","1551","518","1084","1427","816","1774","5576","5010","6933","5846","9868","10591","9727","13567","16916","3021","5046","5752","6419",
"가정폭력범죄의처벌등에관한특례법","합계","계","범죄사건 처리 기간[명]","명","39","20","40","44","22","446","536","546","","","","","","","","","","","",
"가정폭력범죄의처벌등에관한특례법","경찰","계","범죄사건 처리 기간[명]","명","19","10","20","22","11","223","273","279","150","212","194","193","318","385","396","901","1135","1246","1334",
"가정폭력범죄의처벌등에관한특례법","경찰","10일 이내","범죄사건 처리 기간[명]","명","1","1","1","3","4","149","145","101","59","61","61","47","81","82","66","150","213","306","338",
"가정폭력범죄의처벌등에관한특례법","경찰","20일 이내","범죄사건 처리 기간[명]","명","3","-","-","1","1","32","41","42","18","39","47","49","70","72","77","139","194","280","282",
"가정폭력범죄의처벌등에관한특례법","경찰","1개월 이내","범죄사건 처리 기간[명]","명","1","3","5","3","2","14","30","27","14","25","31","23","34","51","53","132","155","175","199",
"가정폭력범죄의처벌등에관한특례법","경찰","2개월 이내","범죄사건 처리 기간[명]","명","3","2","2","5","1","19","35","43","29","34","34","40","70","102","108","254","272","287","314",
"가정폭력범죄의처벌등에관한특례법","경찰","3개월 이내","범죄사건 처리 기간[명]","명","1","-","-","-","-","5","15","25","9","18","7","11","18","34","49","119","147","108","132",
"가정폭력범죄의처벌등에관한특례법","경찰","6개월 이내","범죄사건 처리 기간[명]","명","10","4","12","10","3","3","4","31","10","7","7","11","30","24","29","78","117","81","66",
"가정폭력범죄의처벌등에관한특례법","경찰","6개월 초과","범죄사건 처리 기간[명]","명","-","-","-","-","-","1","3","10","11","28","7","12","15","20","14","29","37","9","3",
"가정폭력범죄의처벌등에관한특례법","검찰","계","범죄사건 처리 기간[명]","명","20","10","20","22","11","223","263","267","144","197","186","181","298","365","373","789","954","1104","1218",
"가정폭력범죄의처벌등에관한특례법","검찰","10일 이내","범죄사건 처리 기간[명]","명","13","6","9","11","8","182","209","197","98","121","103","100","180","188","203","400","474","454","575",
"가정폭력범죄의처벌등에관한특례법","검찰","20일 이내","범죄사건 처리 기간[명]","명","5","3","2","2","2","26","27","42","24","30","28","32","46","48","45","137","142","163","176",
"가정폭력범죄의처벌등에관한특례법","검찰","1개월 이내","범죄사건 처리 기간[명]","명","1","-","5","5","-","6","16","12","10","22","20","20","26","35","32","90","104","136","136",
"가정폭력범죄의처벌등에관한특례법","검찰","2개월 이내","범죄사건 처리 기간[명]","명","1","-","2","2","1","4","5","11","2","13","21","16","24","44","41","66","105","126","141",
"가정폭력범죄의처벌등에관한특례법","검찰","3개월 이내","범죄사건 처리 기간[명]","명","-","1","2","-","-","5","2","2","4","5","12","10","14","22","21","50","56","79","84",
"가정폭력범죄의처벌등에관한특례법","검찰","6개월 이내","범죄사건 처리 기간[명]","명","-","-","-","2","-","-","4","2","5","6","2","3","6","22","30","45","73","138","102",
"가정폭력범죄의처벌등에관한특례법","검찰","6개월 초과","범죄사건 처리 기간[명]","명","-","-","-","-","-","-","-","1","1","-","-","","2","6","1","1","0","8","4",
"가축분뇨의관리및이용에관한법률","경찰","계","범죄사건 처리 기간[명]","명","","","","","","","","","725","819","864","741","786","911","879","677","664","585","473",
"가축분뇨의관리및이용에관한법률","경찰","10일 이내","범죄사건 처리 기간[명]","명","","","","","","","","","104","107","179","135","160","186","154","72","60","83","66",
"가축분뇨의관리및이용에관한법률","경찰","20일 이내","범죄사건 처리 기간[명]","명","","","","","","","","","138","121","143","109","136","141","145","94","75","96","83",
"가축분뇨의관리및이용에관한법률","경찰","1개월 이내","범죄사건 처리 기간[명]","명","","","","","","","","","126","111","105","96","111","139","129","71","89","50","63",
"가축분뇨의관리및이용에관한법률","경찰","2개월 이내","범죄사건 처리 기간[명]","명","","","","","","","","","193","207","180","193","225","241","222","182","149","125","83",
"가축분뇨의관리및이용에관한법률","경찰","3개월 이내","범죄사건 처리 기간[명]","명","","","","","","","","","104","102","82","78","94","114","100","98","137","92","63",
"가축분뇨의관리및이용에관한법률","경찰","6개월 이내","범죄사건 처리 기간[명]","명","","","","","","","","","33","53","88","59","40","79","95","119","114","102","85",
"가축분뇨의관리및이용에관한법률","경찰","6개월 초과","범죄사건 처리 기간[명]","명","","","","","","","","","27","118","87","71","20","11","34","41","40","37","30",
"가축분뇨의관리및이용에관한법률","검찰","계","범죄사건 처리 기간[명]","명","","","","","","","","","957","1032","995","954","1041","1147","1156","971","888","765","586",
"가축분뇨의관리및이용에관한법률","검찰","10일 이내","범죄사건 처리 기간[명]","명","","","","","","","","","454","471","458","443","440","431","574","400","310","233","237",
"가축분뇨의관리및이용에관한법률","검찰","20일 이내","범죄사건 처리 기간[명]","명","","","","","","","","","167","215","167","178","189","227","161","142","136","95","81",
"가축분뇨의관리및이용에관한법률","검찰","1개월 이내","범죄사건 처리 기간[명]","명","","","","","","","","","125","151","134","110","172","163","97","116","103","114","64",
"가축분뇨의관리및이용에관한법률","검찰","2개월 이내","범죄사건 처리 기간[명]","명","","","","","","","","","88","101","127","83","94","133","126","147","139","114","76",
"가축분뇨의관리및이용에관한법률","검찰","3개월 이내","범죄사건 처리 기간[명]","명","","","","","","","","","58","59","57","65","77","100","80","87","92","47","28",
"가축분뇨의관리및이용에관한법률","검찰","6개월 이내","범죄사건 처리 기간[명]","명","","","","","","","","","64","34","49","72","63","83","115","77","100","150","91",
"가축분뇨의관리및이용에관한법률","검찰","6개월 초과","범죄사건 처리 기간[명]","명","","","","","","","","","1","1","3","3","6","10","3","2","8","12","9",
"감염병의예방및관리에관한법률","경찰","계","범죄사건 처리 기간[명]","명","","","","","","","","","264","268","222","227","214","495","4143","25745","46339","5987","1239",
"감염병의예방및관리에관한법률","경찰","10일 이내","범죄사건 처리 기간[명]","명","","","","","","","","","27","23","16","21","19","62","741","1714","1322","290","117",
"감염병의예방및관리에관한법률","경찰","20일 이내","범죄사건 처리 기간[명]","명","","","","","","","","","40","24","28","34","30","62","771","2516","2068","171","107",
"감염병의예방및관리에관한법률","경찰","1개월 이내","범죄사건 처리 기간[명]","명","","","","","","","","","56","21","27","39","29","52","548","2739","2324","122","72",
"감염병의예방및관리에관한법률","경찰","2개월 이내","범죄사건 처리 기간[명]","명","","","","","","","","","74","53","52","57","47","165","1081","7063","6185","272","202",
"감염병의예방및관리에관한법률","경찰","3개월 이내","범죄사건 처리 기간[명]","명","","","","","","","","","40","52","25","16","39","74","549","5774","6422","294","115",
"감염병의예방및관리에관한법률","경찰","6개월 이내","범죄사건 처리 기간[명]","명","","","","","","","","","23","45","51","26","36","76","401","4821","14585","344","174",
"감염병의예방및관리에관한법률","경찰","6개월 초과","범죄사건 처리 기간[명]","명","","","","","","","","","4","50","23","34","14","4","52","1118","13433","4494","452",
"감염병의예방및관리에관한법률","검찰","계","범죄사건 처리 기간[명]","명","","","","","","","","","237","230","199","222","202","489","3937","23022","39542","4496","864",
"감염병의예방및관리에관한법률","검찰","10일 이내","범죄사건 처리 기간[명]","명","","","","","","","","","98","89","90","114","117","277","1411","9454","15664","1823","494",
"감염병의예방및관리에관한법률","검찰","20일 이내","범죄사건 처리 기간[명]","명","","","","","","","","","41","46","48","49","27","76","540","4114","5840","672","107",
"감염병의예방및관리에관한법률","검찰","1개월 이내","범죄사건 처리 기간[명]","명","","","","","","","","","57","35","28","19","15","55","455","3075","6633","742","89",
"감염병의예방및관리에관한법률","검찰","2개월 이내","범죄사건 처리 기간[명]","명","","","","","","","","","27","37","9","22","18","42","656","2934","4745","593","102",
"감염병의예방및관리에관한법률","검찰","3개월 이내","범죄사건 처리 기간[명]","명","","","","","","","","","4","11","16","11","16","18","358","1852","2971","403","39",
"감염병의예방및관리에관한법률","검찰","6개월 이내","범죄사건 처리 기간[명]","명","","","","","","","","","10","10","7","3","8","21","431","1558","3444","235","32",
"감염병의예방및관리에관한법률","검찰","6개월 초과","범죄사건 처리 기간[명]","명","","","","","","","","","-","2","1","4","1","-","86","35","245","28","1",
"개발제한구역의지정및관리에관한특별조치법","합계","계","범죄사건 처리 기간[명]","명","8171","6598","8179","6442","5579","3455","2939","2602","","","","","","","","","","","",
"개발제한구역의지정및관리에관한특별조치법","경찰","계","범죄사건 처리 기간[명]","명","3972","3046","3859","3127","2749","1579","1371","1283","1606","1912","1858","1506","1470","922","873","602","417","330","323",
"개발제한구역의지정및관리에관한특별조치법","경찰","10일 이내","범죄사건 처리 기간[명]","명","107","271","371","580","523","433","343","198","205","311","448","265","260","134","135","58","25","32","29",
"개발제한구역의지정및관리에관한특별조치법","경찰","20일 이내","범죄사건 처리 기간[명]","명","74","120","214","197","366","246","269","202","342","334","316","248","269","152","122","58","46","35","22",
"개발제한구역의지정및관리에관한특별조치법","경찰","1개월 이내","범죄사건 처리 기간[명]","명","560","520","588","534","385","204","156","191","226","220","245","188","219","112","104","60","36","47","30",
"개발제한구역의지정및관리에관한특별조치법","경찰","2개월 이내","범죄사건 처리 기간[명]","명","682","514","736","529","781","391","346","429","458","383","314","318","274","271","203","136","77","58","56",
"개발제한구역의지정및관리에관한특별조치법","경찰","3개월 이내","범죄사건 처리 기간[명]","명","627","331","390","94","226","227","200","126","240","180","184","152","200","140","142","114","72","56","55",
"개발제한구역의지정및관리에관한특별조치법","경찰","6개월 이내","범죄사건 처리 기간[명]","명","1903","1285","1553","1185","466","53","37","116","109","109","151","212","174","90","121","127","76","63","105",
"개발제한구역의지정및관리에관한특별조치법","경찰","6개월 초과","범죄사건 처리 기간[명]","명","19","5","7","8","2","25","20","21","26","375","200","123","74","23","46","49","85","39","26",
"개발제한구역의지정및관리에관한특별조치법","검찰","계","범죄사건 처리 기간[명]","명","4199","3552","4320","3315","2830","1876","1568","1319","1685","1887","1844","1492","1303","937","963","543","424","347","307",
"개발제한구역의지정및관리에관한특별조치법","검찰","10일 이내","범죄사건 처리 기간[명]","명","1810","1770","2017","1405","1065","866","823","594","745","693","731","530","395","366","393","207","153","148","119",
"개발제한구역의지정및관리에관한특별조치법","검찰","20일 이내","범죄사건 처리 기간[명]","명","701","628","753","620","614","332","241","273","283","306","260","197","227","165","101","90","61","37","42",
"개발제한구역의지정및관리에관한특별조치법","검찰","1개월 이내","범죄사건 처리 기간[명]","명","524","459","576","498","409","177","161","144","247","335","188","193","136","95","91","82","40","33","39",
"개발제한구역의지정및관리에관한특별조치법","검찰","2개월 이내","범죄사건 처리 기간[명]","명","529","319","493","354","380","179","179","129","186","187","313","259","220","121","122","85","64","42","32",
"개발제한구역의지정및관리에관한특별조치법","검찰","3개월 이내","범죄사건 처리 기간[명]","명","558","343","427","394","308","129","65","78","106","141","135","110","178","75","87","40","48","28","31",
"개발제한구역의지정및관리에관한특별조치법","검찰","6개월 이내","범죄사건 처리 기간[명]","명","77","33","54","38","48","190","96","101","114","207","207","187","137","95","143","35","57","59","37",
"개발제한구역의지정및관리에관한특별조치법","검찰","6개월 초과","범죄사건 처리 기간[명]","명","-","-","-","6","6","3","3","-","4","18","10","16","10","20","26","4","1","-","7",
"개인정보보호법","경찰","계","범죄사건 처리 기간[명]","명","","","","","","","","","2511","1717","2082","1898","2387","2929","3401","3068","3169","3420","3717",
"개인정보보호법","경찰","10일 이내","범죄사건 처리 기간[명]","명","","","","","","","","","191","49","85","71","93","190","106","256","69","78","164",
"개인정보보호법","경찰","20일 이내","범죄사건 처리 기간[명]","명","","","","","","","","","154","94","153","112","105","246","221","106","177","148","254",
"개인정보보호법","경찰","1개월 이내","범죄사건 처리 기간[명]","명","","","","","","","","","164","90","149","145","168","200","305","136","142","221","304",
"개인정보보호법","경찰","2개월 이내","범죄사건 처리 기간[명]","명","","","","","","","","","560","295","480","422","567","619","785","482","444","623","788",
"개인정보보호법","경찰","3개월 이내","범죄사건 처리 기간[명]","명","","","","","","","","","593","315","352","402","537","560","573","540","465","560","603",
"개인정보보호법","경찰","6개월 이내","범죄사건 처리 기간[명]","명","","","","","","","","","599","361","482","445","711","895","1038","985","1036","953","976",
"개인정보보호법","경찰","6개월 초과","범죄사건 처리 기간[명]","명","","","","","","","","","250","513","381","301","206","219","373","563","836","837","628",
"개인정보보호법","검찰","계","범죄사건 처리 기간[명]","명","","","","","","","","","2301","1635","1976","1820","2056","2705","3361","1259","1062","1198","1205",
"개인정보보호법","검찰","10일 이내","범죄사건 처리 기간[명]","명","","","","","","","","","463","407","479","479","499","627","827","332","233","263","319",
"개인정보보호법","검찰","20일 이내","범죄사건 처리 기간[명]","명","","","","","","","","","270","131","184","242","216","224","251","253","110","102","115",
"개인정보보호법","검찰","1개월 이내","범죄사건 처리 기간[명]","명","","","","","","","","","167","98","181","140","162","159","223","195","147","165","189",
"개인정보보호법","검찰","2개월 이내","범죄사건 처리 기간[명]","명","","","","","","","","","309","243","220","192","259","326","438","157","197","156","122",
"개인정보보호법","검찰","3개월 이내","범죄사건 처리 기간[명]","명","","","","","","","","","333","214","229","259","294","427","390","120","105","106","112",
"개인정보보호법","검찰","6개월 이내","범죄사건 처리 기간[명]","명","","","","","","","","","654","458","481","383","474","706","852","182","246","335","283",
"개인정보보호법","검찰","6개월 초과","범죄사건 처리 기간[명]","명","","","","","","","","","105","84","202","125","152","236","380","20","24","71","65",
"개항질서법","합계","계","범죄사건 처리 기간[명]","명","1197","907","840","689","912","998","1139","836","","","","","","","","","","","",
"개항질서법","경찰","계","범죄사건 처리 기간[명]","명","596","451","420","344","456","499","612","421","","","","","","","","","","","",
"개항질서법","경찰","10일 이내","범죄사건 처리 기간[명]","명","23","12","14","6","56","102","65","67","","","","","","","","","","","",
"개항질서법","경찰","20일 이내","범죄사건 처리 기간[명]","명","33","15","24","4","52","94","96","71","","","","","","","","","","","",
"개항질서법","경찰","1개월 이내","범죄사건 처리 기간[명]","명","81","38","51","40","50","68","71","72","","","","","","","","","","","",
"개항질서법","경찰","2개월 이내","범죄사건 처리 기간[명]","명","60","55","52","14","96","101","156","100","","","","","","","","","","","",
"개항질서법","경찰","3개월 이내","범죄사건 처리 기간[명]","명","45","54","27","14","36","61","94","56","","","","","","","","","","","",
"개항질서법","경찰","6개월 이내","범죄사건 처리 기간[명]","명","353","276","250","265","165","63","110","46","","","","","","","","","","","",
"개항질서법","경찰","6개월 초과","범죄사건 처리 기간[명]","명","1","1","2","1","1","10","20","9","","","","","","","","","","","",
"개항질서법","검찰","계","범죄사건 처리 기간[명]","명","601","456","420","345","456","499","527","415","","","","","","","","","","","",
"개항질서법","검찰","10일 이내","범죄사건 처리 기간[명]","명","389","329","277","206","312","382","310","241","","","","","","","","","","","",
"개항질서법","검찰","20일 이내","범죄사건 처리 기간[명]","명","100","80","71","91","94","65","104","102","","","","","","","","","","","",
"개항질서법","검찰","1개월 이내","범죄사건 처리 기간[명]","명","51","33","58","30","31","30","48","49","","","","","","","","","","","",
"개항질서법","검찰","2개월 이내","범죄사건 처리 기간[명]","명","51","10","8","11","15","15","44","16","","","","","","","","","","","",
"개항질서법","검찰","3개월 이내","범죄사건 처리 기간[명]","명","10","4","6","7","4","6","4","7","","","","","","","","","","","",
"개항질서법","검찰","6개월 이내","범죄사건 처리 기간[명]","명","-","-","-","-","-","1","17","-","","","","","","","","","","","",
"개항질서법","검찰","6개월 초과","범죄사건 처리 기간[명]","명","-","-","-","-","-","-","-","-","","","","","","","","","","","",
"건강기능식품에관한법률","경찰","계","범죄사건 처리 기간[명]","명","","","","","","","","","1012","844","1008","853","351","249","209","192","181","187","120",
"건강기능식품에관한법률","경찰","10일 이내","범죄사건 처리 기간[명]","명","","","","","","","","","128","61","87","157","76","71","54","49","37","41","21",
"건강기능식품에관한법률","경찰","20일 이내","범죄사건 처리 기간[명]","명","","","","","","","","","126","47","149","71","60","64","53","44","40","40","34",
"건강기능식품에관한법률","경찰","1개월 이내","범죄사건 처리 기간[명]","명","","","","","","","","","104","69","64","51","49","29","25","21","32","36","17",
"건강기능식품에관한법률","경찰","2개월 이내","범죄사건 처리 기간[명]","명","","","","","","","","","256","187","150","132","88","54","49","45","39","31","26",
"건강기능식품에관한법률","경찰","3개월 이내","범죄사건 처리 기간[명]","명","","","","","","","","","174","146","141","59","36","14","17","19","14","11","10",
"건강기능식품에관한법률","경찰","6개월 이내","범죄사건 처리 기간[명]","명","","","","","","","","","187","94","262","170","31","10","10","12","15","20","9",
"건강기능식품에관한법률","경찰","6개월 초과","범죄사건 처리 기간[명]","명","","","","","","","","","37","240","155","213","11","7","1","2","4","8","3",
"건강기능식품에관한법률","검찰","계","범죄사건 처리 기간[명]","명","","","","","","","","","1008","856","1096","809","431","325","267","184","191","186","114",
"건강기능식품에관한법률","검찰","10일 이내","범죄사건 처리 기간[명]","명","","","","","","","","","266","184","312","301","221","193","199","118","109","87","63",
"건강기능식품에관한법률","검찰","20일 이내","범죄사건 처리 기간[명]","명","","","","","","","","","122","105","119","87","70","58","27","26","36","29","19",
"건강기능식품에관한법률","검찰","1개월 이내","범죄사건 처리 기간[명]","명","","","","","","","","","99","83","113","76","45","29","21","22","22","24","8",
"건강기능식품에관한법률","검찰","2개월 이내","범죄사건 처리 기간[명]","명","","","","","","","","","112","63","60","56","42","26","9","7","14","22","10",
"건강기능식품에관한법률","검찰","3개월 이내","범죄사건 처리 기간[명]","명","","","","","","","","","104","104","166","94","14","12","6","5","3","9","9",
"건강기능식품에관한법률","검찰","6개월 이내","범죄사건 처리 기간[명]","명","","","","","","","","","290","263","273","175","28","7","5","6","7","12","5",
"건강기능식품에관한법률","검찰","6개월 초과","범죄사건 처리 기간[명]","명","","","","","","","","","15","54","53","20","11","-","-","-","0","3","-",
"건설기계관리법","합계","계","범죄사건 처리 기간[명]","명","1090","1591","1284","1247","1260","1339","1193","1175","","","","","","","","","","","",
"건설기계관리법","경찰","계","범죄사건 처리 기간[명]","명","535","790","639","615","630","666","611","603","636","580","651","851","719","626","465","382","562","358","289",
"건설기계관리법","경찰","10일 이내","범죄사건 처리 기간[명]","명","33","79","60","81","150","157","131","133","104","88","130","139","95","96","69","47","48","55","20",
"건설기계관리법","경찰","20일 이내","범죄사건 처리 기간[명]","명","29","37","35","41","123","156","132","107","132","104","132","137","131","118","100","55","50","44","51",
"건설기계관리법","경찰","1개월 이내","범죄사건 처리 기간[명]","명","102","146","88","117","118","99","91","109","107","50","77","98","93","112","66","46","182","48","36",
"건설기계관리법","경찰","2개월 이내","범죄사건 처리 기간[명]","명","88","125","106","82","121","168","136","169","164","114","124","182","170","177","122","102","85","77","66",
"건설기계관리법","경찰","3개월 이내","범죄사건 처리 기간[명]","명","52","72","51","46","36","58","71","47","81","45","50","87","104","49","52","51","54","34","34",
"건설기계관리법","경찰","6개월 이내","범죄사건 처리 기간[명]","명","229","331","299","247","82","8","36","22","41","26","48","83","78","43","35","61","100","50","53",
"건설기계관리법","경찰","6개월 초과","범죄사건 처리 기간[명]","명","2","-","-","1","-","20","14","16","7","153","90","125","48","31","21","20","43","50","29",
"건설기계관리법","검찰","계","범죄사건 처리 기간[명]","명","555","801","645","632","630","673","582","572","609","560","593","792","665","587","451","305","485","291","225",
"건설기계관리법","검찰","10일 이내","범죄사건 처리 기간[명]","명","209","385","271","221","234","326","243","254","211","250","269","312","304","217","195","145","153","128","85",
"건설기계관리법","검찰","20일 이내","범죄사건 처리 기간[명]","명","88","108","96","118","84","104","77","67","85","70","93","115","109","87","74","56","82","42","33",
"건설기계관리법","검찰","1개월 이내","범죄사건 처리 기간[명]","명","47","103","115","75","97","101","73","83","93","79","75","96","73","60","48","36","57","34","46",
"건설기계관리법","검찰","2개월 이내","범죄사건 처리 기간[명]","명","135","113","100","137","130","92","108","106","120","94","87","143","76","114","61","29","73","36","33",
"건설기계관리법","검찰","3개월 이내","범죄사건 처리 기간[명]","명","65","79","52","64","68","37","44","43","69","38","50","51","42","50","24","20","31","20","15",
"건설기계관리법","검찰","6개월 이내","범죄사건 처리 기간[명]","명","11","13","11","17","17","13","35","18","30","29","19","70","59","44","46","19","74","28","12",
"건설기계관리법","검찰","6개월 초과","범죄사건 처리 기간[명]","명","-","-","-","-","-","-","2","1","1","-","-","5","2","15","3","-","15","3","1",
"건설산업기본법","합계","계","범죄사건 처리 기간[명]","명","1316","1034","1289","1794","1823","1774","2353","2342","","","","","","","","","","","",
"건설산업기본법","경찰","계","범죄사건 처리 기간[명]","명","493","438","554","854","899","845","1279","1324","1413","1997","3782","6087","3454","2038","1787","1482","1565","2091","2147",
"건설산업기본법","경찰","10일 이내","범죄사건 처리 기간[명]","명","24","17","26","135","84","126","184","131","95","306","1185","1720","897","144","222","99","113","92","141",
"건설산업기본법","경찰","20일 이내","범죄사건 처리 기간[명]","명","20","2","10","21","21","43","115","111","90","187","407","667","395","99","95","42","51","112","113",
"건설산업기본법","경찰","1개월 이내","범죄사건 처리 기간[명]","명","62","46","63","59","115","61","113","146","114","117","330","560","286","155","115","66","98","170","99",
"건설산업기본법","경찰","2개월 이내","범죄사건 처리 기간[명]","명","71","48","53","58","151","170","225","280","263","240","475","875","496","336","268","173","191","339","397",
"건설산업기본법","경찰","3개월 이내","범죄사건 처리 기간[명]","명","62","45","90","144","112","130","222","226","216","301","326","690","355","290","269","272","128","258","279",
"건설산업기본법","경찰","6개월 이내","범죄사건 처리 기간[명]","명","228","278","264","390","382","150","225","269","478","401","631","862","782","768","487","427","397","418","508",
"건설산업기본법","경찰","6개월 초과","범죄사건 처리 기간[명]","명","26","2","48","47","34","165","195","161","157","445","428","713","243","246","331","403","587","702","610",
"건설산업기본법","검찰","계","범죄사건 처리 기간[명]","명","823","596","735","940","924","929","1074","1018","1515","1891","3534","5573","3258","1874","1765","1035","1048","1344","1366",
"건설산업기본법","검찰","10일 이내","범죄사건 처리 기간[명]","명","359","165","190","182","182","252","220","174","388","698","1466","2286","1104","420","400","241","215","381","405",
"건설산업기본법","검찰","20일 이내","범죄사건 처리 기간[명]","명","174","60","69","129","66","108","90","49","145","222","480","759","470","128","160","106","92","108","208",
"건설산업기본법","검찰","1개월 이내","범죄사건 처리 기간[명]","명","43","39","74","66","45","76","64","60","91","134","478","451","295","145","114","285","230","175","247",
"건설산업기본법","검찰","2개월 이내","범죄사건 처리 기간[명]","명","59","58","93","244","83","55","122","179","133","157","280","496","308","240","183","130","118","175","165",
"건설산업기본법","검찰","3개월 이내","범죄사건 처리 기간[명]","명","122","139","181","217","279","114","130","146","303","149","234","435","281","268","257","82","113","92","69",
"건설산업기본법","검찰","6개월 이내","범죄사건 처리 기간[명]","명","63","134","114","96","252","288","290","308","361","339","483","792","572","391","430","146","227","352","246",
"건설산업기본법","검찰","6개월 초과","범죄사건 처리 기간[명]","명","3","1","14","6","17","36","158","102","94","192","113","354","228","282","221","45","53","61","26",
"건축법","합계","계","범죄사건 처리 기간[명]","명","12875","11208","12823","12960","11009","12543","13206","8157","","","","","","","","","","","",
"건축법","경찰","계","범죄사건 처리 기간[명]","명","6284","5490","6209","6411","5491","6208","6804","4148","6325","6302","5644","6116","5671","5690","4778","3232","2600","2749","2752",
"건축법","경찰","10일 이내","범죄사건 처리 기간[명]","명","282","587","787","1186","1202","1505","1426","770","997","997","1123","1306","1113","955","726","389","257","318","270",
"건축법","경찰","20일 이내","범죄사건 처리 기간[명]","명","246","253","338","328","854","1321","1373","723","1003","954","942","1100","1054","1036","863","416","338","412","334",
"건축법","경찰","1개월 이내","범죄사건 처리 기간[명]","명","1012","865","1015","1017","883","974","1025","541","837","679","714","777","776","799","626","400","282","297","260",
"건축법","경찰","2개월 이내","범죄사건 처리 기간[명]","명","1148","897","910","980","1146","1471","1765","1262","1773","1382","1205","1313","1302","1410","1176","712","520","668","544",
"건축법","경찰","3개월 이내","범죄사건 처리 기간[명]","명","834","538","553","341","499","576","753","529","981","699","664","557","685","728","625","393","320","367","439",
"건축법","경찰","6개월 이내","범죄사건 처리 기간[명]","명","2729","2342","2600","2551","894","196","304","220","619","563","601","561","541","636","617","640","539","440","494",
"건축법","경찰","6개월 초과","범죄사건 처리 기간[명]","명","33","8","6","8","13","165","158","103","115","1028","395","502","200","126","145","282","344","247","411",
"건축법","검찰","계","범죄사건 처리 기간[명]","명","6591","5718","6614","6549","5518","6335","6402","4009","5799","5893","5208","5727","5178","5406","4630","2544","2035","2077","1959",
"건축법","검찰","10일 이내","범죄사건 처리 기간[명]","명","3643","2971","3501","3106","2792","3413","3637","1958","2456","2673","2475","2949","2224","2388","2250","1177","737","750","748",
"건축법","검찰","20일 이내","범죄사건 처리 기간[명]","명","1200","1049","1047","1318","1056","1102","1102","654","1013","1014","860","900","874","840","603","395","272","277","287",
"건축법","검찰","1개월 이내","범죄사건 처리 기간[명]","명","612","688","686","811","648","614","583","415","711","713","689","572","674","492","409","310","274","263","263",
"건축법","검찰","2개월 이내","범죄사건 처리 기간[명]","명","563","495","607","682","493","461","514","365","579","519","546","464","564","769","485","411","310","295","255",
"건축법","검찰","3개월 이내","범죄사건 처리 기간[명]","명","470","397","567","534","392","236","277","199","394","379","269","383","342","367","332","154","199","181","130",
"건축법","검찰","6개월 이내","범죄사건 처리 기간[명]","명","87","101","199","94","131","478","263","385","589","430","300","366","461","438","443","91","231","288","241",
"건축법","검찰","6개월 초과","범죄사건 처리 기간[명]","명","16","17","7","4","6","31","26","33","57","165","69","93","39","112","108","6","12","23","35",
"게임산업진흥에관한법률","경찰","계","범죄사건 처리 기간[명]","명","","","","","","","","","9305","11133","12139","9982","7791","7425","6234","3892","4060","4173","4093",
"게임산업진흥에관한법률","경찰","10일 이내","범죄사건 처리 기간[명]","명","","","","","","","","","1481","1215","1860","1567","908","652","512","288","205","254","192",
"게임산업진흥에관한법률","경찰","20일 이내","범죄사건 처리 기간[명]","명","","","","","","","","","1335","1224","1817","1549","1100","886","827","383","364","378","405",
"게임산업진흥에관한법률","경찰","1개월 이내","범죄사건 처리 기간[명]","명","","","","","","","","","980","947","1302","1158","906","856","726","369","331","366","379",
"게임산업진흥에관한법률","경찰","2개월 이내","범죄사건 처리 기간[명]","명","","","","","","","","","2106","2020","2398","2011","1711","1871","1478","739","786","781","763",
"게임산업진흥에관한법률","경찰","3개월 이내","범죄사건 처리 기간[명]","명","","","","","","","","","1613","1140","1261","1039","1258","1164","987","631","574","531","651",
"게임산업진흥에관한법률","경찰","6개월 이내","범죄사건 처리 기간[명]","명","","","","","","","","","1357","1233","1563","1149","1250","1492","1178","951","975","970","1053",
"게임산업진흥에관한법률","경찰","6개월 초과","범죄사건 처리 기간[명]","명","","","","","","","","","433","3354","1938","1509","658","504","526","531","825","893","650",
"게임산업진흥에관한법률","검찰","계","범죄사건 처리 기간[명]","명","","","","","","","","","9005","10418","11536","9573","7432","7287","6042","3259","3412","3411","3400",
"게임산업진흥에관한법률","검찰","10일 이내","범죄사건 처리 기간[명]","명","","","","","","","","","3642","4580","5917","5070","3217","2856","2495","1403","1191","1116","1136",
"게임산업진흥에관한법률","검찰","20일 이내","범죄사건 처리 기간[명]","명","","","","","","","","","1408","1807","1982","1433","1094","838","699","472","385","382","386",
"게임산업진흥에관한법률","검찰","1개월 이내","범죄사건 처리 기간[명]","명","","","","","","","","","748","997","967","691","544","447","403","287","352","342","428",
"게임산업진흥에관한법률","검찰","2개월 이내","범죄사건 처리 기간[명]","명","","","","","","","","","772","942","826","718","607","628","540","307","355","394","364",
"게임산업진흥에관한법률","검찰","3개월 이내","범죄사건 처리 기간[명]","명","","","","","","","","","851","766","552","479","522","639","468","277","277","271","211",
"게임산업진흥에관한법률","검찰","6개월 이내","범죄사건 처리 기간[명]","명","","","","","","","","","1357","1192","1107","982","1224","1453","1121","477","734","763","754",
"게임산업진흥에관한법률","검찰","6개월 초과","범죄사건 처리 기간[명]","명","","","","","","","","","227","134","185","200","224","426","316","36","118","143","121",
"결혼중개업의관리에관한법률","경찰","계","범죄사건 처리 기간[명]","명","","","","","","","","","599","314","142","126","183","140","135","64","57","86","98",
"결혼중개업의관리에관한법률","경찰","10일 이내","범죄사건 처리 기간[명]","명","","","","","","","","","110","8","4","5","9","11","4","7","1","-","6",
"결혼중개업의관리에관한법률","경찰","20일 이내","범죄사건 처리 기간[명]","명","","","","","","","","","90","11","14","10","22","7","11","-","6","6","4",
"결혼중개업의관리에관한법률","경찰","1개월 이내","범죄사건 처리 기간[명]","명","","","","","","","","","101","19","5","8","18","12","9","6","3","5","5",
"결혼중개업의관리에관한법률","경찰","2개월 이내","범죄사건 처리 기간[명]","명","","","","","","","","","151","36","28","20","50","30","29","10","5","15","24",
"결혼중개업의관리에관한법률","경찰","3개월 이내","범죄사건 처리 기간[명]","명","","","","","","","","","64","25","24","33","28","30","29","20","14","19","16",
"결혼중개업의관리에관한법률","경찰","6개월 이내","범죄사건 처리 기간[명]","명","","","","","","","","","58","18","38","12","36","37","35","16","18","12","31",
"결혼중개업의관리에관한법률","경찰","6개월 초과","범죄사건 처리 기간[명]","명","","","","","","","","","25","197","29","38","20","13","18","5","10","29","12",
"결혼중개업의관리에관한법률","검찰","계","범죄사건 처리 기간[명]","명","","","","","","","","","557","291","138","121","169","124","128","32","19","35","51",
"결혼중개업의관리에관한법률","검찰","10일 이내","범죄사건 처리 기간[명]","명","","","","","","","","","246","90","42","35","48","54","36","15","7","10","16",
"결혼중개업의관리에관한법률","검찰","20일 이내","범죄사건 처리 기간[명]","명","","","","","","","","","67","30","26","19","22","13","23","4","0","1","5",
"결혼중개업의관리에관한법률","검찰","1개월 이내","범죄사건 처리 기간[명]","명","","","","","","","","","48","45","12","9","10","4","10","-","1","7","7",
"결혼중개업의관리에관한법률","검찰","2개월 이내","범죄사건 처리 기간[명]","명","","","","","","","","","51","32","17","18","32","15","18","6","2","3","8",
"결혼중개업의관리에관한법률","검찰","3개월 이내","범죄사건 처리 기간[명]","명","","","","","","","","","62","40","12","16","22","12","13","3","1","2","-",
"결혼중개업의관리에관한법률","검찰","6개월 이내","범죄사건 처리 기간[명]","명","","","","","","","","","73","53","28","24","35","21","24","4","8","12","10",
"결혼중개업의관리에관한법률","검찰","6개월 초과","범죄사건 처리 기간[명]","명","","","","","","","","","10","1","1","","-","5","4","-","0","-","5",
"경범죄처벌법","경찰","계","범죄사건 처리 기간[명]","명","","","","","","","","","4583","5523","7248","6766","6760","7644","7508","6446","7429","8799","8332",
"경범죄처벌법","경찰","10일 이내","범죄사건 처리 기간[명]","명","","","","","","","","","2628","2549","3656","3002","2819","2958","2471","1591","1821","2404","2308",
"경범죄처벌법","경찰","20일 이내","범죄사건 처리 기간[명]","명","","","","","","","","","741","854","1268","1263","1264","1549","1449","1230","1304","1749","1581",
"경범죄처벌법","경찰","1개월 이내","범죄사건 처리 기간[명]","명","","","","","","","","","363","453","656","695","796","896","918","785","947","1095","999",
"경범죄처벌법","경찰","2개월 이내","범죄사건 처리 기간[명]","명","","","","","","","","","501","577","807","866","1081","1274","1465","1409","1554","1805","1654",
"경범죄처벌법","경찰","3개월 이내","범죄사건 처리 기간[명]","명","","","","","","","","","213","211","300","354","375","514","651","665","781","841","881",
"경범죄처벌법","경찰","6개월 이내","범죄사건 처리 기간[명]","명","","","","","","","","","86","109","208","288","248","331","441","600","719","734","741",
"경범죄처벌법","경찰","6개월 초과","범죄사건 처리 기간[명]","명","","","","","","","","","51","770","353","298","177","122","113","166","303","171","168",
"경범죄처벌법","검찰","계","범죄사건 처리 기간[명]","명","","","","","","","","","4396","5306","6961","6604","6636","7514","7390","5146","5856","6849","6231",
"경범죄처벌법","검찰","10일 이내","범죄사건 처리 기간[명]","명","","","","","","","","","3285","4163","5279","5091","4972","5655","5876","3940","4264","4850","4419",
"경범죄처벌법","검찰","20일 이내","범죄사건 처리 기간[명]","명","","","","","","","","","614","649","973","802","825","937","690","577","688","825","796",
"경범죄처벌법","검찰","1개월 이내","범죄사건 처리 기간[명]","명","","","","","","","","","292","299","372","345","386","436","360","325","415","516","508",
"경범죄처벌법","검찰","2개월 이내","범죄사건 처리 기간[명]","명","","","","","","","","","129","120","213","231","286","276","250","192","300","368","299",
"경범죄처벌법","검찰","3개월 이내","범죄사건 처리 기간[명]","명","","","","","","","","","40","51","60","75","97","113","103","67","108","157","96",
"경범죄처벌법","검찰","6개월 이내","범죄사건 처리 기간[명]","명","","","","","","","","","36","23","62","41","63","87","106","43","70","130","109",
"경범죄처벌법","검찰","6개월 초과","범죄사건 처리 기간[명]","명","","","","","","","","","-","1","2","19","7","10","5","2","11","3","4",
"고용보험법","합계","계","범죄사건 처리 기간[명]","명","109","1512","2662","1688","889","1252","2439","2164","","","","","","","","","","","",
"고용보험법","경찰","계","범죄사건 처리 기간[명]","명","32","722","1309","824","441","610","1265","1103","1025","1500","5059","4218","1667","664","707","1184","1187","1603","1083",
"고용보험법","경찰","10일 이내","범죄사건 처리 기간[명]","명","10","87","131","302","73","150","312","227","86","122","830","770","101","24","23","55","77","59","42",
"고용보험법","경찰","20일 이내","범죄사건 처리 기간[명]","명","1","37","43","25","57","96","117","170","88","156","629","594","145","25","32","77","106","70","76",
"고용보험법","경찰","1개월 이내","범죄사건 처리 기간[명]","명","6","224","170","87","62","60","135","134","116","183","552","492","214","106","144","193","195","233","168",
"고용보험법","경찰","2개월 이내","범죄사건 처리 기간[명]","명","4","69","154","141","86","149","283","304","268","360","1074","988","454","212","188","229","190","259","218",
"고용보험법","경찰","3개월 이내","범죄사건 처리 기간[명]","명","5","25","174","31","41","53","259","135","209","187","498","572","281","140","132","253","245","353","225",
"고용보험법","경찰","6개월 이내","범죄사건 처리 기간[명]","명","6","279","635","236","122","91","121","95","222","292","1004","462","345","98","109","236","206","314","209",
"고용보험법","경찰","6개월 초과","범죄사건 처리 기간[명]","명","-","1","2","2","-","11","38","38","36","200","472","340","127","59","79","141","168","315","145",
"고용보험법","검찰","계","범죄사건 처리 기간[명]","명","77","790","1353","864","448","642","1174","1061","952","1285","4543","3931","2981","3459","3250","3691","3718","4708","3597",
"고용보험법","검찰","10일 이내","범죄사건 처리 기간[명]","명","63","438","581","480","122","290","385","303","251","286","1182","1111","1265","1817","1686","1566","1408","1975","1441",
"고용보험법","검찰","20일 이내","범죄사건 처리 기간[명]","명","5","126","205","134","59","67","121","136","161","239","517","722","392","498","479","569","512","584","469",
"고용보험법","검찰","1개월 이내","범죄사건 처리 기간[명]","명","4","84","138","121","51","51","210","106","136","218","661","550","331","304","279","350","384","413","305",
"고용보험법","검찰","2개월 이내","범죄사건 처리 기간[명]","명","1","24","133","64","70","88","97","109","106","165","751","551","369","288","273","422","428","536","408",
"고용보험법","검찰","3개월 이내","범죄사건 처리 기간[명]","명","3","100","271","55","137","41","169","87","69","126","576","437","202","254","206","277","330","346","366",
"고용보험법","검찰","6개월 이내","범죄사건 처리 기간[명]","명","1","18","25","10","9","105","188","248","169","216","707","474","372","273","279","451","561","648","473",
"고용보험법","검찰","6개월 초과","범죄사건 처리 기간[명]","명","-","-","-","-","-","-","4","72","60","35","149","86","50","25","48","56","95","206","135",
"골재채취법","합계","계","범죄사건 처리 기간[명]","명","338","384","328","304","305","204","213","207","","","","","","","","","","","",
"골재채취법","경찰","계","범죄사건 처리 기간[명]","명","162","184","161","148","152","102","114","114","","","","","","","","","","","",
"골재채취법","경찰","10일 이내","범죄사건 처리 기간[명]","명","-","13","10","13","29","17","7","9","","","","","","","","","","","",
"골재채취법","경찰","20일 이내","범죄사건 처리 기간[명]","명","2","4","6","9","12","14","25","9","","","","","","","","","","","",
"골재채취법","경찰","1개월 이내","범죄사건 처리 기간[명]","명","16","20","32","14","23","7","19","10","","","","","","","","","","","",
"골재채취법","경찰","2개월 이내","범죄사건 처리 기간[명]","명","23","34","32","16","29","18","21","57","","","","","","","","","","","",
"골재채취법","경찰","3개월 이내","범죄사건 처리 기간[명]","명","30","20","18","25","23","17","15","21","","","","","","","","","","","",
"골재채취법","경찰","6개월 이내","범죄사건 처리 기간[명]","명","89","88","59","71","36","12","8","7","","","","","","","","","","","",
"골재채취법","경찰","6개월 초과","범죄사건 처리 기간[명]","명","2","5","4","-","-","17","19","1","","","","","","","","","","","",
"골재채취법","검찰","계","범죄사건 처리 기간[명]","명","176","200","167","156","153","102","99","93","","","","","","","","","","","",
"골재채취법","검찰","10일 이내","범죄사건 처리 기간[명]","명","68","66","39","40","36","30","14","26","","","","","","","","","","","",
"골재채취법","검찰","20일 이내","범죄사건 처리 기간[명]","명","22","30","31","24","21","10","22","8","","","","","","","","","","","",
"골재채취법","검찰","1개월 이내","범죄사건 처리 기간[명]","명","21","14","14","17","25","9","6","13","","","","","","","","","","","",
"골재채취법","검찰","2개월 이내","범죄사건 처리 기간[명]","명","18","23","26","28","22","16","14","6","","","","","","","","","","","",
"골재채취법","검찰","3개월 이내","범죄사건 처리 기간[명]","명","43","33","40","38","36","14","20","5","","","","","","","","","","","",
"골재채취법","검찰","6개월 이내","범죄사건 처리 기간[명]","명","4","34","17","9","13","23","23","35","","","","","","","","","","","",
"골재채취법","검찰","6개월 초과","범죄사건 처리 기간[명]","명","-","-","-","-","-","-","-","-","","","","","","","","","","","",
"공업배치및공장설립에관한법률","합계","계","범죄사건 처리 기간[명]","명","2","-","-","-","-","-","-","-","","","","","","","","","","","",
"공업배치및공장설립에관한법률","경찰","계","범죄사건 처리 기간[명]","명","1","-","-","-","-","-","-","-","","","","","","","","","","","",
"공업배치및공장설립에관한법률","경찰","10일 이내","범죄사건 처리 기간[명]","명","-","-","-","-","-","-","-","-","","","","","","","","","","","",
"공업배치및공장설립에관한법률","경찰","20일 이내","범죄사건 처리 기간[명]","명","-","-","-","-","-","-","-","-","","","","","","","","","","","",
"공업배치및공장설립에관한법률","경찰","1개월 이내","범죄사건 처리 기간[명]","명","-","-","-","-","-","-","-","-","","","","","","","","","","","",
"공업배치및공장설립에관한법률","경찰","2개월 이내","범죄사건 처리 기간[명]","명","-","-","-","-","-","-","-","-","","","","","","","","","","","",
"공업배치및공장설립에관한법률","경찰","3개월 이내","범죄사건 처리 기간[명]","명","-","-","-","-","-","-","-","-","","","","","","","","","","","",
"공업배치및공장설립에관한법률","경찰","6개월 이내","범죄사건 처리 기간[명]","명","1","-","-","-","-","-","-","-","","","","","","","","","","","",
"공업배치및공장설립에관한법률","경찰","6개월 초과","범죄사건 처리 기간[명]","명","-","-","-","-","-","-","-","-","","","","","","","","","","","",
"공업배치및공장설립에관한법률","검찰","계","범죄사건 처리 기간[명]","명","1","-","-","-","-","-","-","-","","","","","","","","","","","",
"공업배치및공장설립에관한법률","검찰","10일 이내","범죄사건 처리 기간[명]","명","-","-","-","-","-","-","-","-","","","","","","","","","","","",
"공업배치및공장설립에관한법률","검찰","20일 이내","범죄사건 처리 기간[명]","명","-","-","-","-","-","-","-","-","","","","","","","","","","","",
"공업배치및공장설립에관한법률","검찰","1개월 이내","범죄사건 처리 기간[명]","명","-","-","-","-","-","-","-","-","","","","","","","","","","","",
"공업배치및공장설립에관한법률","검찰","2개월 이내","범죄사건 처리 기간[명]","명","-","-","-","-","-","-","-","-","","","","","","","","","","","",
"공업배치및공장설립에관한법률","검찰","3개월 이내","범죄사건 처리 기간[명]","명","-","-","-","-","-","-","-","-","","","","","","","","","","","",
"공업배치및공장설립에관한법률","검찰","6개월 이내","범죄사건 처리 기간[명]","명","1","-","-","-","-","-","-","-","","","","","","","","","","","",
"공업배치및공장설립에관한법률","검찰","6개월 초과","범죄사건 처리 기간[명]","명","-","-","-","-","-","-","-","-","","","","","","","","","","","",
"공유수면관리및매립에관한법률","경찰","계","범죄사건 처리 기간[명]","명","","","","","","","","","380","221","293","373","319","276","263","232","278","208","244",
"공유수면관리및매립에관한법률","경찰","10일 이내","범죄사건 처리 기간[명]","명","","","","","","","","","47","26","28","32","9","22","12","16","10","8","7",
"공유수면관리및매립에관한법률","경찰","20일 이내","범죄사건 처리 기간[명]","명","","","","","","","","","51","42","25","37","35","27","34","22","16","4","10",
"공유수면관리및매립에관한법률","경찰","1개월 이내","범죄사건 처리 기간[명]","명","","","","","","","","","60","9","38","48","49","21","53","22","22","3","14",
"공유수면관리및매립에관한법률","경찰","2개월 이내","범죄사건 처리 기간[명]","명","","","","","","","","","99","48","76","104","96","90","70","38","66","37","37",
"공유수면관리및매립에관한법률","경찰","3개월 이내","범죄사건 처리 기간[명]","명","","","","","","","","","74","39","61","75","61","72","44","52","49","38","45",
"공유수면관리및매립에관한법률","경찰","6개월 이내","범죄사건 처리 기간[명]","명","","","","","","","","","37","24","27","56","38","40","41","53","76","57","84",
"공유수면관리및매립에관한법률","경찰","6개월 초과","범죄사건 처리 기간[명]","명","","","","","","","","","12","33","38","21","31","4","9","29","39","61","47",
"공유수면관리및매립에관한법률","검찰","계","범죄사건 처리 기간[명]","명","","","","","","","","","349","210","272","335","281","277","264","206","248","174","215",
"공유수면관리및매립에관한법률","검찰","10일 이내","범죄사건 처리 기간[명]","명","","","","","","","","","150","74","123","121","84","85","99","73","88","58","54",
"공유수면관리및매립에관한법률","검찰","20일 이내","범죄사건 처리 기간[명]","명","","","","","","","","","48","37","55","51","61","74","57","42","29","27","24",
"공유수면관리및매립에관한법률","검찰","1개월 이내","범죄사건 처리 기간[명]","명","","","","","","","","","40","26","40","67","39","24","20","19","47","19","35",
"공유수면관리및매립에관한법률","검찰","2개월 이내","범죄사건 처리 기간[명]","명","","","","","","","","","64","30","30","38","28","38","31","19","28","15","35",
"공유수면관리및매립에관한법률","검찰","3개월 이내","범죄사건 처리 기간[명]","명","","","","","","","","","21","21","12","26","37","18","13","23","23","21","17",
"공유수면관리및매립에관한법률","검찰","6개월 이내","범죄사건 처리 기간[명]","명","","","","","","","","","26","20","12","16","30","34","35","30","27","34","46",
"공유수면관리및매립에관한법률","검찰","6개월 초과","범죄사건 처리 기간[명]","명","","","","","","","","","-","2","-","16","2","4","9","-","6","-","4",
"공유수면관리법","합계","계","범죄사건 처리 기간[명]","명","704","1125","882","664","611","68","16","4","","","","","","","","","","","",
"공유수면관리법","경찰","계","범죄사건 처리 기간[명]","명","346","557","436","325","305","34","8","2","","","","","","","","","","","",
"공유수면관리법","경찰","10일 이내","범죄사건 처리 기간[명]","명","11","19","13","11","32","-","-","-","","","","","","","","","","","",
"공유수면관리법","경찰","20일 이내","범죄사건 처리 기간[명]","명","18","11","4","10","37","1","-","-","","","","","","","","","","","",
"공유수면관리법","경찰","1개월 이내","범죄사건 처리 기간[명]","명","49","147","64","47","44","4","-","1","","","","","","","","","","","",
"공유수면관리법","경찰","2개월 이내","범죄사건 처리 기간[명]","명","57","67","58","26","51","5","3","1","","","","","","","","","","","",
"공유수면관리법","경찰","3개월 이내","범죄사건 처리 기간[명]","명","44","30","34","25","38","3","1","-","","","","","","","","","","","",
"공유수면관리법","경찰","6개월 이내","범죄사건 처리 기간[명]","명","161","282","262","204","93","9","4","-","","","","","","","","","","","",
"공유수면관리법","경찰","6개월 초과","범죄사건 처리 기간[명]","명","6","1","1","2","10","12","-","-","","","","","","","","","","","",
"공유수면관리법","검찰","계","범죄사건 처리 기간[명]","명","358","568","446","339","306","34","8","2","","","","","","","","","","","",
"공유수면관리법","검찰","10일 이내","범죄사건 처리 기간[명]","명","189","284","238","166","131","11","2","2","","","","","","","","","","","",
"공유수면관리법","검찰","20일 이내","범죄사건 처리 기간[명]","명","85","66","99","74","48","11","1","-","","","","","","","","","","","",
"공유수면관리법","검찰","1개월 이내","범죄사건 처리 기간[명]","명","36","138","59","38","38","-","-","-","","","","","","","","","","","",
"공유수면관리법","검찰","2개월 이내","범죄사건 처리 기간[명]","명","22","35","28","35","45","2","1","-","","","","","","","","","","","",
"공유수면관리법","검찰","3개월 이내","범죄사건 처리 기간[명]","명","24","33","15","23","39","2","-","-","","","","","","","","","","","",
"공유수면관리법","검찰","6개월 이내","범죄사건 처리 기간[명]","명","2","12","7","3","5","8","4","-","","","","","","","","","","","",
"공유수면관리법","검찰","6개월 초과","범죄사건 처리 기간[명]","명","-","-","-","-","-","-","-","-","","","","","","","","","","","",
"공유재산및물품관리법","경찰","계","범죄사건 처리 기간[명]","명","","","","","","","","","112","122","197","187","89","106","189","136","104","89","207",
"공유재산및물품관리법","경찰","10일 이내","범죄사건 처리 기간[명]","명","","","","","","","","","18","7","10","14","7","6","9","5","7","5","4",
"공유재산및물품관리법","경찰","20일 이내","범죄사건 처리 기간[명]","명","","","","","","","","","10","9","24","13","7","12","14","10","3","8","20",
"공유재산및물품관리법","경찰","1개월 이내","범죄사건 처리 기간[명]","명","","","","","","","","","34","8","16","18","10","10","38","8","8","7","21",
"공유재산및물품관리법","경찰","2개월 이내","범죄사건 처리 기간[명]","명","","","","","","","","","27","25","30","40","17","25","41","19","25","25","43",
"공유재산및물품관리법","경찰","3개월 이내","범죄사건 처리 기간[명]","명","","","","","","","","","10","4","27","32","8","23","36","19","17","17","42",
"공유재산및물품관리법","경찰","6개월 이내","범죄사건 처리 기간[명]","명","","","","","","","","","10","35","67","40","24","26","46","22","26","17","56",
"공유재산및물품관리법","경찰","6개월 초과","범죄사건 처리 기간[명]","명","","","","","","","","","3","34","23","30","16","4","5","53","18","10","21",
"공유재산및물품관리법","검찰","계","범죄사건 처리 기간[명]","명","","","","","","","","","110","116","190","174","86","95","181","102","83","66","135",
"공유재산및물품관리법","검찰","10일 이내","범죄사건 처리 기간[명]","명","","","","","","","","","28","36","76","50","16","32","43","23","24","20","54",
"공유재산및물품관리법","검찰","20일 이내","범죄사건 처리 기간[명]","명","","","","","","","","","39","15","33","22","7","22","12","7","9","7","24",
"공유재산및물품관리법","검찰","1개월 이내","범죄사건 처리 기간[명]","명","","","","","","","","","14","17","22","16","16","5","14","14","14","11","23",
"공유재산및물품관리법","검찰","2개월 이내","범죄사건 처리 기간[명]","명","","","","","","","","","6","28","26","17","11","12","31","10","15","5","9",
"공유재산및물품관리법","검찰","3개월 이내","범죄사건 처리 기간[명]","명","","","","","","","","","12","8","8","16","12","7","21","11","8","1","6",
"공유재산및물품관리법","검찰","6개월 이내","범죄사건 처리 기간[명]","명","","","","","","","","","9","10","23","22","18","17","50","37","13","22","13",
"공유재산및물품관리법","검찰","6개월 초과","범죄사건 처리 기간[명]","명","","","","","","","","","2","2","2","31","6","-","10","-","0","-","6",
"공인중개사법","경찰","계","범죄사건 처리 기간[명]","명","","","","","","","","","2394","2008","1623","1522","1856","1381","1473","1421","1418","3645","2996",
"공인중개사법","경찰","10일 이내","범죄사건 처리 기간[명]","명","","","","","","","","","179","158","112","130","185","89","95","134","101","771","453",
"공인중개사법","경찰","20일 이내","범죄사건 처리 기간[명]","명","","","","","","","","","299","166","176","132","259","129","125","89","124","305","335",
"공인중개사법","경찰","1개월 이내","범죄사건 처리 기간[명]","명","","","","","","","","","270","159","154","156","212","98","164","108","116","242","233",
"공인중개사법","경찰","2개월 이내","범죄사건 처리 기간[명]","명","","","","","","","","","744","422","372","332","446","327","331","267","283","829","486",
"공인중개사법","경찰","3개월 이내","범죄사건 처리 기간[명]","명","","","","","","","","","502","332","241","276","346","289","255","232","184","412","361",
"공인중개사법","경찰","6개월 이내","범죄사건 처리 기간[명]","명","","","","","","","","","329","266","333","303","320","375","425","406","330","614","606",
"공인중개사법","경찰","6개월 초과","범죄사건 처리 기간[명]","명","","","","","","","","","71","505","235","193","88","74","78","185","280","472","522",
"공인중개사법","검찰","계","범죄사건 처리 기간[명]","명","","","","","","","","","2207","1829","1475","1470","1634","1397","1592","940","994","2896","2146",
"공인중개사법","검찰","10일 이내","범죄사건 처리 기간[명]","명","","","","","","","","","796","713","474","510","505","391","553","338","347","835","661",
"공인중개사법","검찰","20일 이내","범죄사건 처리 기간[명]","명","","","","","","","","","307","250","157","164","176","160","153","121","98","266","252",
"공인중개사법","검찰","1개월 이내","범죄사건 처리 기간[명]","명","","","","","","","","","219","183","145","97","180","97","107","116","163","436","291",
"공인중개사법","검찰","2개월 이내","범죄사건 처리 기간[명]","명","","","","","","","","","290","246","171","178","231","183","183","127","94","276","245",
"공인중개사법","검찰","3개월 이내","범죄사건 처리 기간[명]","명","","","","","","","","","263","186","212","173","171","136","185","85","87","264","146",
"공인중개사법","검찰","6개월 이내","범죄사건 처리 기간[명]","명","","","","","","","","","268","220","266","249","307","331","302","130","177","755","428",
"공인중개사법","검찰","6개월 초과","범죄사건 처리 기간[명]","명","","","","","","","","","64","31","50","99","64","99","109","23","28","64","123",
"공중위생관리법","합계","계","범죄사건 처리 기간[명]","명","760","970","1274","1165","1156","1694","2086","1862","","","","","","","","","","","",
"공중위생관리법","경찰","계","범죄사건 처리 기간[명]","명","359","462","590","502","544","723","939","806","859","1070","1553","1371","1437","1664","1534","1412","1395","1607","1511",
"공중위생관리법","경찰","10일 이내","범죄사건 처리 기간[명]","명","39","74","95","98","159","205","206","176","150","96","178","140","210","191","205","273","205","203","244",
"공중위생관리법","경찰","20일 이내","범죄사건 처리 기간[명]","명","13","26","25","26","75","137","162","149","133","119","155","153","190","221","232","279","266","304","269",
"공중위생관리법","경찰","1개월 이내","범죄사건 처리 기간[명]","명","69","74","102","76","81","124","114","141","138","130","156","139","193","192","227","247","217","260","181",
"공중위생관리법","경찰","2개월 이내","범죄사건 처리 기간[명]","명","52","67","81","55","115","164","270","212","259","268","284","242","309","344","322","322","325","372","331",
"공중위생관리법","경찰","3개월 이내","범죄사건 처리 기간[명]","명","22","27","40","33","37","69","110","89","89","136","213","138","186","261","217","174","163","238","210",
"공중위생관리법","경찰","6개월 이내","범죄사건 처리 기간[명]","명","164","193","247","214","76","16","66","32","68","131","407","373","252","365","206","97","168","174","220",
"공중위생관리법","경찰","6개월 초과","범죄사건 처리 기간[명]","명","-","1","-","-","1","8","11","7","22","190","160","186","97","90","125","20","51","56","56",
"공중위생관리법","검찰","계","범죄사건 처리 기간[명]","명","401","508","684","663","612","971","1147","1056","1192","1306","1808","1764","1799","2067","1813","1674","1607","1899","1664",
"공중위생관리법","검찰","10일 이내","범죄사건 처리 기간[명]","명","210","312","342","386","351","634","772","731","758","900","1307","1242","1149","1361","1189","1146","986","1127","966",
"공중위생관리법","검찰","20일 이내","범죄사건 처리 기간[명]","명","90","108","130","132","134","160","172","171","202","178","276","223","263","307","290","223","249","266","213",
"공중위생관리법","검찰","1개월 이내","범죄사건 처리 기간[명]","명","34","51","111","72","58","98","90","48","115","113","110","141","144","159","105","116","127","194","170",
"공중위생관리법","검찰","2개월 이내","범죄사건 처리 기간[명]","명","39","28","59","40","37","52","74","67","57","63","56","79","90","111","114","78","101","152","145",
"공중위생관리법","검찰","3개월 이내","범죄사건 처리 기간[명]","명","9","9","42","29","31","23","21","17","24","25","28","35","77","66","65","74","65","69","65",
"공중위생관리법","검찰","6개월 이내","범죄사건 처리 기간[명]","명","19","-","-","4","1","4","18","22","22","27","31","38","67","56","41","33","72","85","83",
"공중위생관리법","검찰","6개월 초과","범죄사건 처리 기간[명]","명","-","-","-","-","-","-","-","-","14","-","-","6","9","7","9","4","7","6","22",
"공직선거및선거부정방지법","경찰","계","범죄사건 처리 기간[명]","명","","","","","","","","","3151","104","1930","","","","","","","","",
"공직선거및선거부정방지법","경찰","10일 이내","범죄사건 처리 기간[명]","명","","","","","","","","","112","-","89","","","","","","","","",
"공직선거및선거부정방지법","경찰","20일 이내","범죄사건 처리 기간[명]","명","","","","","","","","","209","3","69","","","","","","","","",
"공직선거및선거부정방지법","경찰","1개월 이내","범죄사건 처리 기간[명]","명","","","","","","","","","344","13","106","","","","","","","","",
"공직선거및선거부정방지법","경찰","2개월 이내","범죄사건 처리 기간[명]","명","","","","","","","","","688","22","262","","","","","","","","",
"공직선거및선거부정방지법","경찰","3개월 이내","범죄사건 처리 기간[명]","명","","","","","","","","","710","17","391","","","","","","","","",
"공직선거및선거부정방지법","경찰","6개월 이내","범죄사건 처리 기간[명]","명","","","","","","","","","841","29","680","","","","","","","","",
"공직선거및선거부정방지법","경찰","6개월 초과","범죄사건 처리 기간[명]","명","","","","","","","","","247","20","333","","","","","","","","",
"공직선거및선거부정방지법","검찰","계","범죄사건 처리 기간[명]","명","","","","","","","","","3450","420","2601","","","","","","","","",
"공직선거및선거부정방지법","검찰","10일 이내","범죄사건 처리 기간[명]","명","","","","","","","","","442","113","256","","","","","","","","",
"공직선거및선거부정방지법","검찰","20일 이내","범죄사건 처리 기간[명]","명","","","","","","","","","314","40","179","","","","","","","","",
"공직선거및선거부정방지법","검찰","1개월 이내","범죄사건 처리 기간[명]","명","","","","","","","","","263","37","235","","","","","","","","",
"공직선거및선거부정방지법","검찰","2개월 이내","범죄사건 처리 기간[명]","명","","","","","","","","","518","53","332","","","","","","","","",
"공직선거및선거부정방지법","검찰","3개월 이내","범죄사건 처리 기간[명]","명","","","","","","","","","545","42","383","","","","","","","","",
"공직선거및선거부정방지법","검찰","6개월 이내","범죄사건 처리 기간[명]","명","","","","","","","","","1167","105","935","","","","","","","","",
"공직선거및선거부정방지법","검찰","6개월 초과","범죄사건 처리 기간[명]","명","","","","","","","","","201","30","281","","","","","","","","",
"공직선거법","합계","계","범죄사건 처리 기간[명]","명","9908","799","8092","613","5760","597","4539","1010","","","","","","","","","","","",
"공직선거법","경찰","계","범죄사건 처리 기간[명]","명","4183","338","3709","274","2838","272","2054","439","","","","734","3165","76","1937","378","4447","112","2440",
"공직선거법","경찰","10일 이내","범죄사건 처리 기간[명]","명","527","42","282","17","318","63","335","22","","","","97","126","3","59","28","323","12","120",
"공직선거법","경찰","20일 이내","범죄사건 처리 기간[명]","명","86","19","48","25","318","19","205","46","","","","136","184","4","74","22","274","2","138",
"공직선거법","경찰","1개월 이내","범죄사건 처리 기간[명]","명","838","67","841","28","467","47","222","38","","","","124","183","2","76","14","310","10","174",
"공직선거법","경찰","2개월 이내","범죄사건 처리 기간[명]","명","410","40","329","48","812","64","559","131","","","","146","553","9","320","72","723","25","467",
"공직선거법","경찰","3개월 이내","범죄사건 처리 기간[명]","명","512","27","478","35","423","30","356","82","","","","68","578","12","321","66","689","18","403",
"공직선거법","경찰","6개월 이내","범죄사건 처리 기간[명]","명","1808","143","1731","121","478","49","340","102","","","","83","1081","28","979","169","1631","27","912",
"공직선거법","경찰","6개월 초과","범죄사건 처리 기간[명]","명","2","-","-","-","22","-","37","18","","","","80","460","18","108","7","497","18","226",
"공직선거법","검찰","계","범죄사건 처리 기간[명]","명","5725","461","4383","339","2922","325","2485","571","","","","1088","2605","84","2428","225","2756","89","1431",
"공직선거법","검찰","10일 이내","범죄사건 처리 기간[명]","명","969","111","805","56","206","85","326","95","","","","142","314","12","302","27","420","21","115",
"공직선거법","검찰","20일 이내","범죄사건 처리 기간[명]","명","743","59","678","24","333","17","258","63","","","","143","257","11","159","20","338","10","242",
"공직선거법","검찰","1개월 이내","범죄사건 처리 기간[명]","명","467","25","927","16","233","19","197","49","","","","111","374","10","151","16","432","28","170",
"공직선거법","검찰","2개월 이내","범죄사건 처리 기간[명]","명","1123","84","838","51","570","41","438","101","","","","200","547","6","475","61","664","13","393",
"공직선거법","검찰","3개월 이내","범죄사건 처리 기간[명]","명","1682","116","719","97","904","82","400","68","","","","131","360","7","261","29","398","8","244",
"공직선거법","검찰","6개월 이내","범죄사건 처리 기간[명]","명","723","58","400","86","655","74","776","164","","","","264","615","17","735","51","448","9","253",
"공직선거법","검찰","6개월 초과","범죄사건 처리 기간[명]","명","18","8","16","9","21","7","90","31","","","","97","138","21","345","21","56","-","14",
"관세법","합계","계","범죄사건 처리 기간[명]","명","2109","1599","1867","1569","508","1128","1062","1118","","","","","","","","","","","",
"관세법","경찰","계","범죄사건 처리 기간[명]","명","223","149","312","239","50","180","144","156","154","135","144","236","241","203","176","112","81","73","78",
"관세법","경찰","10일 이내","범죄사건 처리 기간[명]","명","28","12","28","12","-","8","10","14","11","1","5","18","15","3","1","4","2","3","3",
"관세법","경찰","20일 이내","범죄사건 처리 기간[명]","명","22","24","36","25","7","16","13","7","4","6","8","2","7","10","10","-","1","-","40",
"관세법","경찰","1개월 이내","범죄사건 처리 기간[명]","명","40","28","61","48","6","48","30","24","29","6","13","18","17","12","24","8","0","1","-",
"관세법","경찰","2개월 이내","범죄사건 처리 기간[명]","명","51","27","56","53","10","41","35","30","9","31","20","28","18","4","35","5","5","1","2",
"관세법","경찰","3개월 이내","범죄사건 처리 기간[명]","명","28","29","45","41","10","30","19","28","24","25","19","31","28","27","11","21","12","7","2",
"관세법","경찰","6개월 이내","범죄사건 처리 기간[명]","명","44","26","63","45","14","19","19","16","50","21","39","41","59","63","18","15","38","11","13",
"관세법","경찰","6개월 초과","범죄사건 처리 기간[명]","명","10","3","23","15","3","18","18","37","27","45","40","98","97","84","77","59","23","50","18",
"관세법","검찰","계","범죄사건 처리 기간[명]","명","1886","1450","1555","1330","458","948","918","962","1152","947","990","1218","992","1027","936","581","580","582","630",
"관세법","검찰","10일 이내","범죄사건 처리 기간[명]","명","840","754","671","368","124","249","163","251","292","214","247","266","218","203","152","115","108","113","106",
"관세법","검찰","20일 이내","범죄사건 처리 기간[명]","명","321","196","222","188","73","106","114","133","93","84","92","105","141","113","124","90","46","55","33",
"관세법","검찰","1개월 이내","범죄사건 처리 기간[명]","명","134","98","139","87","43","88","74","63","85","68","89","76","95","107","61","49","46","44","27",
"관세법","검찰","2개월 이내","범죄사건 처리 기간[명]","명","188","207","144","205","66","140","112","118","116","111","120","145","137","100","97","71","79","57","54",
"관세법","검찰","3개월 이내","범죄사건 처리 기간[명]","명","301","161","247","414","138","155","104","83","160","164","121","164","148","158","103","68","62","38","28",
"관세법","검찰","6개월 이내","범죄사건 처리 기간[명]","명","92","31","127","53","14","195","305","218","357","267","258","395","241","295","272","160","193","197","262",
"관세법","검찰","6개월 초과","범죄사건 처리 기간[명]","명","10","3","5","15","-","15","46","96","49","39","63","67","12","51","127","28","46","78","120",
"교통사고처리특례법","합계","계","범죄사건 처리 기간[명]","명","380204","366303","366532","393663","385507","385230","396749","382927","","","","","","","","","","","",
"교통사고처리특례법","경찰","계","범죄사건 처리 기간[명]","명","189372","182631","182803","196419","192728","192590","199912","192383","199951","207780","200734","192880","200424","208051","193420","160541","78651","72698","69382",
"교통사고처리특례법","경찰","10일 이내","범죄사건 처리 기간[명]","명","11399","14437","17692","21835","45203","63676","64034","60848","58047","53958","54108","56452","57943","60337","52078","33482","11430","10390","9650",
"교통사고처리특례법","경찰","20일 이내","범죄사건 처리 기간[명]","명","9923","10956","10974","13187","34019","47287","50601","47598","49356","48085","46914","48283","51728","56786","52579","38637","15985","15142","14521",
"교통사고처리특례법","경찰","1개월 이내","범죄사건 처리 기간[명]","명","38953","36301","34014","35733","30489","28007","28768","27510","29780","29889","28337","27781","31033","32846","31097","26796","12551","12219","11582",
"교통사고처리특례법","경찰","2개월 이내","범죄사건 처리 기간[명]","명","28581","23672","22497","22755","33795","37453","35843","35446","39111","39721","38714","35554","39228","41440","39484","39040","21427","19892","19629",
"교통사고처리특례법","경찰","3개월 이내","범죄사건 처리 기간[명]","명","7534","7850","8143","7300","10785","11048","10204","10443","12190","11673","10290","10619","10480","10303","11459","13605","9260","8361","8122",
"교통사고처리특례법","경찰","6개월 이내","범죄사건 처리 기간[명]","명","92392","88959","89186","95398","37998","4498","5100","5987","6759","4852","10162","6473","6375","4409","5282","7369","6554","5648","5185",
"교통사고처리특례법","경찰","6개월 초과","범죄사건 처리 기간[명]","명","590","456","297","211","439","621","5362","4551","4708","19602","12209","7718","3637","1930","1441","1612","1444","1046","693",
"교통사고처리특례법","검찰","계","범죄사건 처리 기간[명]","명","190832","183672","183729","197244","192779","192640","196837","190544","191652","198815","192830","190713","197832","206429","162179","55330","53558","52707","51250",
"교통사고처리특례법","검찰","10일 이내","범죄사건 처리 기간[명]","명","159522","152776","153947","167458","164536","169173","169677","164759","161258","173532","165634","165142","167833","176214","140303","40407","35378","34614","34091",
"교통사고처리특례법","검찰","20일 이내","범죄사건 처리 기간[명]","명","20000","19837","18661","17923","16598","13152","15850","15123","17839","14387","15474","14208","16884","15780","10283","6834","7264","6591","6712",
"교통사고처리특례법","검찰","1개월 이내","범죄사건 처리 기간[명]","명","5923","6101","5900","6104","6079","5076","6230","5898","6643","5738","5973","5238","6148","6329","4375","3580","4327","4062","4039",
"교통사고처리특례법","검찰","2개월 이내","범죄사건 처리 기간[명]","명","3521","3184","3315","3789","3492","3330","3289","2986","3627","3060","3408","3557","3931","4373","3778","2734","3541","3614","3162",
"교통사고처리특례법","검찰","3개월 이내","범죄사건 처리 기간[명]","명","1729","1580","1704","1777","1841","1302","1077","1093","1419","1315","1365","1491","1665","1990","1720","1067","1543","1828","1480",
"교통사고처리특례법","검찰","6개월 이내","범죄사건 처리 기간[명]","명","135","194","202","192","231","593","694","660","824","757","907","1010","1284","1612","1582","694","1466","1912","1685",
"교통사고처리특례법","검찰","6개월 초과","범죄사건 처리 기간[명]","명","2","-","-","1","2","14","20","25","42","26","69","67","87","131","138","14","39","86","81",
"국가기술자격법","합계","계","범죄사건 처리 기간[명]","명","1012","976","571","513","1198","271","539","1072","","","","","","","","","","","",
"국가기술자격법","경찰","계","범죄사건 처리 기간[명]","명","493","458","269","231","590","131","271","558","1033","274","638","461","188","686","310","149","202","138","60",
"국가기술자격법","경찰","10일 이내","범죄사건 처리 기간[명]","명","28","225","21","44","203","29","21","63","20","29","83","84","7","78","13","10","14","2","1",
"국가기술자격법","경찰","20일 이내","범죄사건 처리 기간[명]","명","11","3","12","8","35","9","62","42","58","15","32","36","16","141","9","6","10","1","1",
"국가기술자격법","경찰","1개월 이내","범죄사건 처리 기간[명]","명","91","17","40","11","18","27","43","21","52","8","47","41","7","70","13","8","24","3","3",
"국가기술자격법","경찰","2개월 이내","범죄사건 처리 기간[명]","명","43","18","74","31","84","24","37","172","156","34","135","83","58","43","42","19","22","10","9",
"국가기술자격법","경찰","3개월 이내","범죄사건 처리 기간[명]","명","40","17","10","17","59","31","22","64","137","27","94","44","17","59","56","4","12","9","6",
"국가기술자격법","경찰","6개월 이내","범죄사건 처리 기간[명]","명","269","175","107","120","147","9","24","127","268","53","160","97","47","148","136","40","51","50","33",
"국가기술자격법","경찰","6개월 초과","범죄사건 처리 기간[명]","명","11","3","5","-","44","2","62","69","342","108","87","76","36","147","41","62","69","63","7",
"국가기술자격법","검찰","계","범죄사건 처리 기간[명]","명","519","518","302","282","608","140","268","514","1005","256","554","407","180","670","297","102","158","98","42",
"국가기술자격법","검찰","10일 이내","범죄사건 처리 기간[명]","명","253","248","149","105","239","92","94","173","434","87","178","139","40","146","66","12","67","21","14",
"국가기술자격법","검찰","20일 이내","범죄사건 처리 기간[명]","명","90","104","37","54","100","12","5","53","154","36","79","52","29","37","17","12","13","3","2",
"국가기술자격법","검찰","1개월 이내","범죄사건 처리 기간[명]","명","65","38","19","34","94","11","83","47","133","43","55","19","12","50","11","20","13","13","2",
"국가기술자격법","검찰","2개월 이내","범죄사건 처리 기간[명]","명","57","63","29","31","42","15","40","101","123","31","114","43","10","155","50","16","23","14","13",
"국가기술자격법","검찰","3개월 이내","범죄사건 처리 기간[명]","명","31","27","35","32","122","5","18","59","74","23","23","36","37","60","62","21","3","8","-",
"국가기술자격법","검찰","6개월 이내","범죄사건 처리 기간[명]","명","22","30","33","26","8","5","27","80","49","36","95","96","45","165","55","15","39","27","10",
"국가기술자격법","검찰","6개월 초과","범죄사건 처리 기간[명]","명","1","8","-","-","3","-","1","1","38","-","10","22","7","57","36","6","0","12","1",
"국가보안법","합계","계","범죄사건 처리 기간[명]","명","92","87","57","94","103","94","180","229","","","","","","","","","","","",
"국가보안법","경찰","계","범죄사건 처리 기간[명]","명","42","42","23","41","51","41","92","120","63","101","34","59","67","56","37","102","34","47","84",
"국가보안법","경찰","10일 이내","범죄사건 처리 기간[명]","명","3","-","1","1","8","1","1","3","3","9","1","3","12","-","2","5","0","1","1",
"국가보안법","경찰","20일 이내","범죄사건 처리 기간[명]","명","1","1","-","-","2","1","3","2","-","3","2","2","-","-","-","3","0","-","-",
"국가보안법","경찰","1개월 이내","범죄사건 처리 기간[명]","명","1","2","2","1","3","1","-","2","-","-","1","1","-","-","1","-","0","-","-",
"국가보안법","경찰","2개월 이내","범죄사건 처리 기간[명]","명","1","-","2","3","8","3","5","4","2","10","4","1","2","1","1","3","5","1","2",
"국가보안법","경찰","3개월 이내","범죄사건 처리 기간[명]","명","15","2","-","9","2","5","2","10","2","28","1","1","-","1","-","1","5","2","2",
"국가보안법","경찰","6개월 이내","범죄사건 처리 기간[명]","명","10","33","15","27","23","5","11","12","9","2","6","1","7","4","2","8","4","5","15",
"국가보안법","경찰","6개월 초과","범죄사건 처리 기간[명]","명","11","4","3","-","5","25","70","87","47","49","19","50","46","50","31","82","20","38","64",
"국가보안법","검찰","계","범죄사건 처리 기간[명]","명","50","45","34","53","52","53","88","109","61","116","35","46","44","53","41","48","23","37","31",
"국가보안법","검찰","10일 이내","범죄사건 처리 기간[명]","명","4","2","3","7","5","8","12","13","11","21","4","3","2","23","10","14","0","2","13",
"국가보안법","검찰","20일 이내","범죄사건 처리 기간[명]","명","6","9","9","6","10","11","12","22","9","16","13","6","4","2","5","4","3","5","4",
"국가보안법","검찰","1개월 이내","범죄사건 처리 기간[명]","명","2","1","7","5","6","2","11","5","4","11","5","3","1","2","1","7","1","12","2",
"국가보안법","검찰","2개월 이내","범죄사건 처리 기간[명]","명","-","4","3","7","3","7","5","5","1","16","2","6","3","4","2","12","1","1","3",
"국가보안법","검찰","3개월 이내","범죄사건 처리 기간[명]","명","10","12","7","7","6","7","8","5","4","11","1","1","1","6","11","2","3","5","2",
"국가보안법","검찰","6개월 이내","범죄사건 처리 기간[명]","명","13","7","4","4","17","11","28","25","10","15","3","12","4","6","5","5","9","8","2",
"국가보안법","검찰","6개월 초과","범죄사건 처리 기간[명]","명","15","10","1","17","5","7","12","34","22","26","7","15","29","10","7","4","6","4","5",
"국민연금법","합계","계","범죄사건 처리 기간[명]","명","285","88","139","71","91","64","74","143","","","","","","","","","","","",
"국민연금법","경찰","계","범죄사건 처리 기간[명]","명","139","44","52","35","45","31","40","74","","","","","","","","","","","",
"국민연금법","경찰","10일 이내","범죄사건 처리 기간[명]","명","3","1","3","5","2","2","-","8","","","","","","","","","","","",
"국민연금법","경찰","20일 이내","범죄사건 처리 기간[명]","명","5","-","2","-","4","2","5","10","","","","","","","","","","","",
"국민연금법","경찰","1개월 이내","범죄사건 처리 기간[명]","명","14","13","11","2","9","3","3","4","","","","","","","","","","","",
"국민연금법","경찰","2개월 이내","범죄사건 처리 기간[명]","명","31","11","6","7","14","13","12","22","","","","","","","","","","","",
"국민연금법","경찰","3개월 이내","범죄사건 처리 기간[명]","명","31","4","4","5","7","9","14","22","","","","","","","","","","","",
"국민연금법","경찰","6개월 이내","범죄사건 처리 기간[명]","명","52","15","26","16","9","1","4","7","","","","","","","","","","","",
"국민연금법","경찰","6개월 초과","범죄사건 처리 기간[명]","명","3","-","-","-","-","1","2","1","","","","","","","","","","","",
"국민연금법","검찰","계","범죄사건 처리 기간[명]","명","146","44","87","36","46","33","34","69","","","","","","","","","","","",
"국민연금법","검찰","10일 이내","범죄사건 처리 기간[명]","명","42","14","30","5","12","4","7","17","","","","","","","","","","","",
"국민연금법","검찰","20일 이내","범죄사건 처리 기간[명]","명","23","10","8","3","-","3","3","4","","","","","","","","","","","",
"국민연금법","검찰","1개월 이내","범죄사건 처리 기간[명]","명","23","5","9","4","10","1","2","7","","","","","","","","","","","",
"국민연금법","검찰","2개월 이내","범죄사건 처리 기간[명]","명","14","3","28","7","5","7","9","8","","","","","","","","","","","",
"국민연금법","검찰","3개월 이내","범죄사건 처리 기간[명]","명","12","11","6","7","12","14","1","9","","","","","","","","","","","",
"국민연금법","검찰","6개월 이내","범죄사건 처리 기간[명]","명","32","1","6","10","7","4","12","23","","","","","","","","","","","",
"국민연금법","검찰","6개월 초과","범죄사건 처리 기간[명]","명","-","-","-","-","-","-","-","1","","","","","","","","","","","",
"국민체육진흥법","경찰","계","범죄사건 처리 기간[명]","명","","","","","","","","","2648","1438","1925","853","459","734","724","747","450","289","384",
"국민체육진흥법","경찰","10일 이내","범죄사건 처리 기간[명]","명","","","","","","","","","588","209","528","172","56","164","81","207","74","59","119",
"국민체육진흥법","경찰","20일 이내","범죄사건 처리 기간[명]","명","","","","","","","","","233","73","129","55","29","62","76","50","31","20","38",
"국민체육진흥법","경찰","1개월 이내","범죄사건 처리 기간[명]","명","","","","","","","","","243","81","121","44","29","24","22","29","19","14","18",
"국민체육진흥법","경찰","2개월 이내","범죄사건 처리 기간[명]","명","","","","","","","","","393","180","282","134","56","72","120","99","57","44","37",
"국민체육진흥법","경찰","3개월 이내","범죄사건 처리 기간[명]","명","","","","","","","","","311","118","204","72","57","149","64","160","53","23","40",
"국민체육진흥법","경찰","6개월 이내","범죄사건 처리 기간[명]","명","","","","","","","","","610","268","348","174","120","169","173","105","80","55","64",
"국민체육진흥법","경찰","6개월 초과","범죄사건 처리 기간[명]","명","","","","","","","","","270","509","313","202","112","94","188","97","136","74","68",
"국민체육진흥법","검찰","계","범죄사건 처리 기간[명]","명","","","","","","","","","2585","1657","1857","846","425","702","718","667","318","229","292",
"국민체육진흥법","검찰","10일 이내","범죄사건 처리 기간[명]","명","","","","","","","","","1018","589","735","345","153","310","293","392","160","106","142",
"국민체육진흥법","검찰","20일 이내","범죄사건 처리 기간[명]","명","","","","","","","","","484","367","320","148","61","147","85","119","41","44","59",
"국민체육진흥법","검찰","1개월 이내","범죄사건 처리 기간[명]","명","","","","","","","","","264","131","210","75","20","80","75","60","33","22","27",
"국민체육진흥법","검찰","2개월 이내","범죄사건 처리 기간[명]","명","","","","","","","","","338","146","241","92","50","53","66","29","33","26","22",
"국민체육진흥법","검찰","3개월 이내","범죄사건 처리 기간[명]","명","","","","","","","","","107","191","82","85","28","30","49","9","25","11","4",
"국민체육진흥법","검찰","6개월 이내","범죄사건 처리 기간[명]","명","","","","","","","","","326","203","220","96","96","67","118","54","21","18","32",
"국민체육진흥법","검찰","6개월 초과","범죄사건 처리 기간[명]","명","","","","","","","","","48","30","49","5","17","15","32","4","5","2","6",
"국토의계획및이용에관한법률","경찰","계","범죄사건 처리 기간[명]","명","","","","","","","","","1558","1844","1917","2302","1746","2382","2034","1819","1833","1978","1594",
"국토의계획및이용에관한법률","경찰","10일 이내","범죄사건 처리 기간[명]","명","","","","","","","","","201","240","248","404","275","293","275","230","148","170","154",
"국토의계획및이용에관한법률","경찰","20일 이내","범죄사건 처리 기간[명]","명","","","","","","","","","214","259","327","351","313","356","284","218","209","246","177",
"국토의계획및이용에관한법률","경찰","1개월 이내","범죄사건 처리 기간[명]","명","","","","","","","","","196","223","275","325","213","311","274","168","201","164","157",
"국토의계획및이용에관한법률","경찰","2개월 이내","범죄사건 처리 기간[명]","명","","","","","","","","","434","372","456","523","434","619","520","378","334","391","302",
"국토의계획및이용에관한법률","경찰","3개월 이내","범죄사건 처리 기간[명]","명","","","","","","","","","257","230","229","270","281","404","332","247","239","335","238",
"국토의계획및이용에관한법률","경찰","6개월 이내","범죄사건 처리 기간[명]","명","","","","","","","","","184","167","248","265","164","302","284","438","442","396","384",
"국토의계획및이용에관한법률","경찰","6개월 초과","범죄사건 처리 기간[명]","명","","","","","","","","","72","353","134","164","66","97","65","140","260","276","182",
"국토의계획및이용에관한법률","검찰","계","범죄사건 처리 기간[명]","명","","","","","","","","","1418","1693","1770","2075","1564","2203","1899","1376","1417","1444","1158",
"국토의계획및이용에관한법률","검찰","10일 이내","범죄사건 처리 기간[명]","명","","","","","","","","","481","598","615","824","471","644","636","446","446","407","363",
"국토의계획및이용에관한법률","검찰","20일 이내","범죄사건 처리 기간[명]","명","","","","","","","","","218","267","266","322","268","337","198","228","204","177","137",
"국토의계획및이용에관한법률","검찰","1개월 이내","범죄사건 처리 기간[명]","명","","","","","","","","","186","247","250","178","188","218","190","191","169","190","141",
"국토의계획및이용에관한법률","검찰","2개월 이내","범죄사건 처리 기간[명]","명","","","","","","","","","191","229","209","289","211","310","265","193","217","196","165",
"국토의계획및이용에관한법률","검찰","3개월 이내","범죄사건 처리 기간[명]","명","","","","","","","","","162","160","188","203","194","282","221","167","145","143","96",
"국토의계획및이용에관한법률","검찰","6개월 이내","범죄사건 처리 기간[명]","명","","","","","","","","","166","168","219","237","198","362","342","137","224","295","237",
"국토의계획및이용에관한법률","검찰","6개월 초과","범죄사건 처리 기간[명]","명","","","","","","","","","14","24","23","22","34","50","47","14","12","36","19",
"근로기준법","합계","계","범죄사건 처리 기간[명]","명","69649","61441","57456","70875","22355","57038","62168","54761","","","","","","","","","","","",
"근로기준법","경찰","계","범죄사건 처리 기간[명]","명","14858","13293","12810","16756","6172","13883","13832","12159","10319","10620","10798","10633","9371","7431","6597","6382","4913","5509","6907",
"근로기준법","경찰","10일 이내","범죄사건 처리 기간[명]","명","855","760","646","622","124","254","342","298","288","269","247","224","233","288","233","245","182","214","291",
"근로기준법","경찰","20일 이내","범죄사건 처리 기간[명]","명","820","596","445","444","141","280","329","327","302","327","231","254","228","254","306","269","160","216","282",
"근로기준법","경찰","1개월 이내","범죄사건 처리 기간[명]","명","1408","1573","1340","1926","487","1153","1251","1180","999","1118","930","942","888","876","915","937","615","776","939",
"근로기준법","경찰","2개월 이내","범죄사건 처리 기간[명]","명","4421","4354","4161","4408","1578","3975","3994","3496","3068","2790","2563","2119","1964","1561","1490","1364","976","1134","1432",
"근로기준법","경찰","3개월 이내","범죄사건 처리 기간[명]","명","3969","3286","3232","4979","1637","3697","3697","3145","2693","2536","2806","2751","2272","1742","1466","1515","1125","1245","1563",
"근로기준법","경찰","6개월 이내","범죄사건 처리 기간[명]","명","2447","2016","2485","3576","1734","3601","3234","2596","2180","2421","2697","2952","2509","1739","1390","1291","1121","1197","1473",
"근로기준법","경찰","6개월 초과","범죄사건 처리 기간[명]","명","938","708","501","801","471","923","985","1117","789","1159","1324","1391","1277","971","797","761","734","727","927",
"근로기준법","검찰","계","범죄사건 처리 기간[명]","명","54791","48148","44646","54119","16183","43155","48336","42602","41322","39659","41556","42589","41880","43250","35175","26759","22361","22856","20558",
"근로기준법","검찰","10일 이내","범죄사건 처리 기간[명]","명","28877","24987","22911","26686","8297","22919","24807","23207","21541","21785","21891","24003","23842","23227","18205","14245","10327","11235","10563",
"근로기준법","검찰","20일 이내","범죄사건 처리 기간[명]","명","9085","7943","6909","8597","2326","6197","6899","6447","6598","6264","6549","5901","6033","5850","4771","3811","3039","3032","2537",
"근로기준법","검찰","1개월 이내","범죄사건 처리 기간[명]","명","5077","4798","4278","5331","1291","3591","4791","4192","4098","3667","4147","3486","3301","3544","2561","2230","1988","1840","1606",
"근로기준법","검찰","2개월 이내","범죄사건 처리 기간[명]","명","6430","5616","5643","7004","1994","5117","5235","4024","4295","3740","3953","3731","3502","3812","3548","2604","2425","2375","1984",
"근로기준법","검찰","3개월 이내","범죄사건 처리 기간[명]","명","4516","3773","3772","5025","1750","3549","3161","2178","2390","2173","2185","2327","2247","2713","2297","1511","1662","1589","1422",
"근로기준법","검찰","6개월 이내","범죄사건 처리 기간[명]","명","739","1000","1114","1457","518","1714","3026","2264","2083","1818","2397","2622","2390","3313","3008","1905","2371","2276","1919",
"근로기준법","검찰","6개월 초과","범죄사건 처리 기간[명]","명","67","31","19","19","7","68","417","290","317","212","434","519","565","791","785","453","549","509","527",
"근로자퇴직급여보장법","경찰","계","범죄사건 처리 기간[명]","명","","","","","","","","","2384","2492","2506","2484","2070","1422","1212","1213","873","1032","1399",
"근로자퇴직급여보장법","경찰","10일 이내","범죄사건 처리 기간[명]","명","","","","","","","","","59","55","50","42","52","44","31","38","24","32","57",
"근로자퇴직급여보장법","경찰","20일 이내","범죄사건 처리 기간[명]","명","","","","","","","","","72","69","69","64","54","51","45","39","32","42","56",
"근로자퇴직급여보장법","경찰","1개월 이내","범죄사건 처리 기간[명]","명","","","","","","","","","227","267","236","227","214","173","174","157","95","132","200",
"근로자퇴직급여보장법","경찰","2개월 이내","범죄사건 처리 기간[명]","명","","","","","","","","","728","694","595","519","396","299","259","279","187","208","269",
"근로자퇴직급여보장법","경찰","3개월 이내","범죄사건 처리 기간[명]","명","","","","","","","","","690","642","692","658","499","344","313","290","193","249","301",
"근로자퇴직급여보장법","경찰","6개월 이내","범죄사건 처리 기간[명]","명","","","","","","","","","490","610","672","732","613","369","262","261","227","235","328",
"근로자퇴직급여보장법","경찰","6개월 초과","범죄사건 처리 기간[명]","명","","","","","","","","","118","155","192","242","242","142","128","149","115","134","188",
"근로자퇴직급여보장법","검찰","계","범죄사건 처리 기간[명]","명","","","","","","","","","9286","9226","9691","9749","9203","8812","6782","5179","4068","4100","4370",
"근로자퇴직급여보장법","검찰","10일 이내","범죄사건 처리 기간[명]","명","","","","","","","","","5128","5315","5496","5831","5357","4843","3548","2658","1875","1904","2171",
"근로자퇴직급여보장법","검찰","20일 이내","범죄사건 처리 기간[명]","명","","","","","","","","","1448","1420","1445","1342","1299","1170","891","709","467","484","553",
"근로자퇴직급여보장법","검찰","1개월 이내","범죄사건 처리 기간[명]","명","","","","","","","","","883","725","826","736","699","722","470","397","366","343","289",
"근로자퇴직급여보장법","검찰","2개월 이내","범죄사건 처리 기간[명]","명","","","","","","","","","866","718","813","738","729","775","630","507","414","438","421",
"근로자퇴직급여보장법","검찰","3개월 이내","범죄사건 처리 기간[명]","명","","","","","","","","","517","559","520","480","507","530","468","341","278","317","294",
"근로자퇴직급여보장법","검찰","6개월 이내","범죄사건 처리 기간[명]","명","","","","","","","","","397","436","518","550","517","636","639","484","535","495","510",
"근로자퇴직급여보장법","검찰","6개월 초과","범죄사건 처리 기간[명]","명","","","","","","","","","47","53","73","72","95","136","136","83","133","119","132",
"낚시관리및육성법","경찰","계","범죄사건 처리 기간[명]","명","","","","","","","","","94","131","222","199","228","221","164","144","140","134","143",
"낚시관리및육성법","경찰","10일 이내","범죄사건 처리 기간[명]","명","","","","","","","","","16","10","22","20","12","13","19","9","2","2","3",
"낚시관리및육성법","경찰","20일 이내","범죄사건 처리 기간[명]","명","","","","","","","","","14","15","24","31","22","29","33","15","15","10","10",
"낚시관리및육성법","경찰","1개월 이내","범죄사건 처리 기간[명]","명","","","","","","","","","10","13","24","20","39","29","16","11","5","3","18",
"낚시관리및육성법","경찰","2개월 이내","범죄사건 처리 기간[명]","명","","","","","","","","","31","26","46","51","93","55","50","52","19","17","17",
"낚시관리및육성법","경찰","3개월 이내","범죄사건 처리 기간[명]","명","","","","","","","","","10","8","27","27","32","48","25","30","40","17","25",
"낚시관리및육성법","경찰","6개월 이내","범죄사건 처리 기간[명]","명","","","","","","","","","12","4","27","22","18","43","14","21","40","52","54",
"낚시관리및육성법","경찰","6개월 초과","범죄사건 처리 기간[명]","명","","","","","","","","","1","55","52","28","12","4","7","6","19","33","16",
"낚시관리및육성법","검찰","계","범죄사건 처리 기간[명]","명","","","","","","","","","91","120","210","196","222","218","159","135","128","120","128",
"낚시관리및육성법","검찰","10일 이내","범죄사건 처리 기간[명]","명","","","","","","","","","39","73","102","117","130","122","104","66","51","42","53",
"낚시관리및육성법","검찰","20일 이내","범죄사건 처리 기간[명]","명","","","","","","","","","17","16","33","34","32","26","28","14","12","22","26",
"낚시관리및육성법","검찰","1개월 이내","범죄사건 처리 기간[명]","명","","","","","","","","","26","6","19","17","23","12","8","20","19","13","21",
"낚시관리및육성법","검찰","2개월 이내","범죄사건 처리 기간[명]","명","","","","","","","","","4","13","37","16","13","28","9","16","17","13","13",
"낚시관리및육성법","검찰","3개월 이내","범죄사건 처리 기간[명]","명","","","","","","","","","4","10","16","10","22","14","5","13","15","5","2",
"낚시관리및육성법","검찰","6개월 이내","범죄사건 처리 기간[명]","명","","","","","","","","","1","2","3","2","2","16","5","6","13","23","13",
"낚시관리및육성법","검찰","6개월 초과","범죄사건 처리 기간[명]","명","","","","","","","","","-","-","-","","-","-","-","-","1","2","-",
"낚시어선업법","합계","계","범죄사건 처리 기간[명]","명","470","420","414","379","376","256","274","5","","","","","","","","","","","",
"낚시어선업법","경찰","계","범죄사건 처리 기간[명]","명","233","205","206","189","188","128","145","2","","","","","","","","","","","",
"낚시어선업법","경찰","10일 이내","범죄사건 처리 기간[명]","명","5","6","7","4","23","34","25","-","","","","","","","","","","","",
"낚시어선업법","경찰","20일 이내","범죄사건 처리 기간[명]","명","17","8","8","3","38","28","30","-","","","","","","","","","","","",
"낚시어선업법","경찰","1개월 이내","범죄사건 처리 기간[명]","명","51","25","29","21","25","15","22","-","","","","","","","","","","","",
"낚시어선업법","경찰","2개월 이내","범죄사건 처리 기간[명]","명","33","22","21","15","39","25","42","-","","","","","","","","","","","",
"낚시어선업법","경찰","3개월 이내","범죄사건 처리 기간[명]","명","15","21","10","8","16","16","15","-","","","","","","","","","","","",
"낚시어선업법","경찰","6개월 이내","범죄사건 처리 기간[명]","명","112","123","131","138","46","9","11","-","","","","","","","","","","","",
"낚시어선업법","경찰","6개월 초과","범죄사건 처리 기간[명]","명","-","-","-","-","1","1","-","2","","","","","","","","","","","",
"낚시어선업법","검찰","계","범죄사건 처리 기간[명]","명","237","215","208","190","188","128","129","3","","","","","","","","","","","",
"낚시어선업법","검찰","10일 이내","범죄사건 처리 기간[명]","명","172","164","145","129","133","109","83","-","","","","","","","","","","","",
"낚시어선업법","검찰","20일 이내","범죄사건 처리 기간[명]","명","48","28","30","32","28","9","26","2","","","","","","","","","","","",
"낚시어선업법","검찰","1개월 이내","범죄사건 처리 기간[명]","명","10","18","18","21","20","6","8","-","","","","","","","","","","","",
"낚시어선업법","검찰","2개월 이내","범죄사건 처리 기간[명]","명","6","3","14","5","6","3","9","-","","","","","","","","","","","",
"낚시어선업법","검찰","3개월 이내","범죄사건 처리 기간[명]","명","1","2","1","2","1","1","1","1","","","","","","","","","","","",
"낚시어선업법","검찰","6개월 이내","범죄사건 처리 기간[명]","명","-","-","-","1","-","-","2","-","","","","","","","","","","","",
"낚시어선업법","검찰","6개월 초과","범죄사건 처리 기간[명]","명","-","-","-","-","-","-","-","-","","","","","","","","","","","",
"내수면어업법","합계","계","범죄사건 처리 기간[명]","명","517","490","650","694","272","382","391","271","","","","","","","","","","","",
"내수면어업법","경찰","계","범죄사건 처리 기간[명]","명","253","236","313","336","135","184","198","135","","","","","","","","","","","",
"내수면어업법","경찰","10일 이내","범죄사건 처리 기간[명]","명","35","30","49","46","18","34","32","17","","","","","","","","","","","",
"내수면어업법","경찰","20일 이내","범죄사건 처리 기간[명]","명","16","2","12","41","36","47","25","30","","","","","","","","","","","",
"내수면어업법","경찰","1개월 이내","범죄사건 처리 기간[명]","명","52","64","68","70","32","35","36","23","","","","","","","","","","","",
"내수면어업법","경찰","2개월 이내","범죄사건 처리 기간[명]","명","30","40","52","42","22","40","62","42","","","","","","","","","","","",
"내수면어업법","경찰","3개월 이내","범죄사건 처리 기간[명]","명","20","15","26","19","7","17","20","15","","","","","","","","","","","",
"내수면어업법","경찰","6개월 이내","범죄사건 처리 기간[명]","명","99","85","106","118","20","10","21","6","","","","","","","","","","","",
"내수면어업법","경찰","6개월 초과","범죄사건 처리 기간[명]","명","1","-","-","-","-","1","2","2","","","","","","","","","","","",
"내수면어업법","검찰","계","범죄사건 처리 기간[명]","명","264","254","337","358","137","198","193","136","","","","","","","","","","","",
"내수면어업법","검찰","10일 이내","범죄사건 처리 기간[명]","명","146","154","220","210","81","140","131","80","","","","","","","","","","","",
"내수면어업법","검찰","20일 이내","범죄사건 처리 기간[명]","명","64","54","64","72","33","28","33","10","","","","","","","","","","","",
"내수면어업법","검찰","1개월 이내","범죄사건 처리 기간[명]","명","31","21","23","34","18","19","15","22","","","","","","","","","","","",
"내수면어업법","검찰","2개월 이내","범죄사건 처리 기간[명]","명","13","19","14","16","-","6","11","11","","","","","","","","","","","",
"내수면어업법","검찰","3개월 이내","범죄사건 처리 기간[명]","명","10","6","9","23","4","2","3","11","","","","","","","","","","","",
"내수면어업법","검찰","6개월 이내","범죄사건 처리 기간[명]","명","-","-","7","3","1","3","-","2","","","","","","","","","","","",
"내수면어업법","검찰","6개월 초과","범죄사건 처리 기간[명]","명","-","-","-","-","-","-","-","-","","","","","","","","","","","",
"노동조합및노동관계조정법","합계","계","범죄사건 처리 기간[명]","명","1346","980","1008","1025","388","763","1162","878","","","","","","","","","","","",
"노동조합및노동관계조정법","경찰","계","범죄사건 처리 기간[명]","명","350","250","200","261","108","200","210","210","157","157","145","223","261","145","137","225","170","92","75",
"노동조합및노동관계조정법","경찰","10일 이내","범죄사건 처리 기간[명]","명","-","-","-","-","-","1","1","13","1","-","2","","-","-","1","1","0","-","-",
"노동조합및노동관계조정법","경찰","20일 이내","범죄사건 처리 기간[명]","명","8","1","1","1","-","-","1","7","1","1","-","1","-","-","-","3","1","-","-",
"노동조합및노동관계조정법","경찰","1개월 이내","범죄사건 처리 기간[명]","명","2","1","3","11","2","4","6","3","9","13","2","1","3","-","1","10","1","1","-",
"노동조합및노동관계조정법","경찰","2개월 이내","범죄사건 처리 기간[명]","명","82","81","47","55","24","47","45","33","47","30","31","30","20","22","10","17","28","5","1",
"노동조합및노동관계조정법","경찰","3개월 이내","범죄사건 처리 기간[명]","명","146","43","80","81","33","72","25","39","29","26","29","42","31","21","39","50","37","16","10",
"노동조합및노동관계조정법","경찰","6개월 이내","범죄사건 처리 기간[명]","명","67","91","60","79","35","51","69","54","38","44","28","96","127","63","56","52","49","31","33",
"노동조합및노동관계조정법","경찰","6개월 초과","범죄사건 처리 기간[명]","명","45","33","9","34","14","25","63","61","32","43","53","53","80","39","30","92","54","39","31",
"노동조합및노동관계조정법","검찰","계","범죄사건 처리 기간[명]","명","996","730","808","764","280","563","952","668","849","792","775","867","1331","1077","1051","986","853","506","384",
"노동조합및노동관계조정법","검찰","10일 이내","범죄사건 처리 기간[명]","명","266","222","171","222","111","163","254","162","204","239","227","244","537","321","343","311","276","194","152",
"노동조합및노동관계조정법","검찰","20일 이내","범죄사건 처리 기간[명]","명","91","75","70","125","32","34","80","64","68","61","72","62","160","86","76","74","70","41","38",
"노동조합및노동관계조정법","검찰","1개월 이내","범죄사건 처리 기간[명]","명","55","52","25","79","21","31","76","44","46","34","38","62","58","54","43","73","118","19","13",
"노동조합및노동관계조정법","검찰","2개월 이내","범죄사건 처리 기간[명]","명","95","81","164","71","21","95","135","58","80","85","63","77","115","73","68","48","60","29","29",
"노동조합및노동관계조정법","검찰","3개월 이내","범죄사건 처리 기간[명]","명","378","198","274","157","66","101","132","58","111","80","46","67","93","119","70","107","72","36","23",
"노동조합및노동관계조정법","검찰","6개월 이내","범죄사건 처리 기간[명]","명","83","94","73","106","23","121","212","166","260","200","216","258","281","300","291","202","177","101","86",
"노동조합및노동관계조정법","검찰","6개월 초과","범죄사건 처리 기간[명]","명","28","8","31","4","6","18","63","116","80","93","113","97","87","124","160","171","80","86","43",
"농산물품질관리법","합계","계","범죄사건 처리 기간[명]","명","2936","2793","3254","4846","1300","127","30","71","","","","","","","","","","","",
"농산물품질관리법","경찰","계","범죄사건 처리 기간[명]","명","849","863","1058","1640","436","40","13","36","","","","","","","","","","","",
"농산물품질관리법","경찰","10일 이내","범죄사건 처리 기간[명]","명","37","44","84","88","31","3","3","8","","","","","","","","","","","",
"농산물품질관리법","경찰","20일 이내","범죄사건 처리 기간[명]","명","100","101","71","154","33","1","1","6","","","","","","","","","","","",
"농산물품질관리법","경찰","1개월 이내","범죄사건 처리 기간[명]","명","188","199","213","430","93","10","1","7","","","","","","","","","","","",
"농산물품질관리법","경찰","2개월 이내","범죄사건 처리 기간[명]","명","271","224","259","447","115","9","6","9","","","","","","","","","","","",
"농산물품질관리법","경찰","3개월 이내","범죄사건 처리 기간[명]","명","141","192","196","259","85","5","2","1","","","","","","","","","","","",
"농산물품질관리법","경찰","6개월 이내","범죄사건 처리 기간[명]","명","99","85","211","222","76","6","-","2","","","","","","","","","","","",
"농산물품질관리법","경찰","6개월 초과","범죄사건 처리 기간[명]","명","13","18","24","40","3","6","-","3","","","","","","","","","","","",
"농산물품질관리법","검찰","계","범죄사건 처리 기간[명]","명","2087","1930","2196","3206","864","87","17","35","","","","","","","","","","","",
"농산물품질관리법","검찰","10일 이내","범죄사건 처리 기간[명]","명","1290","1185","1254","1780","512","50","9","9","","","","","","","","","","","",
"농산물품질관리법","검찰","20일 이내","범죄사건 처리 기간[명]","명","403","362","372","754","170","18","5","7","","","","","","","","","","","",
"농산물품질관리법","검찰","1개월 이내","범죄사건 처리 기간[명]","명","190","167","248","322","118","2","1","2","","","","","","","","","","","",
"농산물품질관리법","검찰","2개월 이내","범죄사건 처리 기간[명]","명","112","115","171","167","33","1","-","7","","","","","","","","","","","",
"농산물품질관리법","검찰","3개월 이내","범죄사건 처리 기간[명]","명","77","66","121","178","22","7","-","1","","","","","","","","","","","",
"농산물품질관리법","검찰","6개월 이내","범죄사건 처리 기간[명]","명","15","31","30","5","7","8","2","9","","","","","","","","","","","",
"농산물품질관리법","검찰","6개월 초과","범죄사건 처리 기간[명]","명","-","4","-","-","2","1","-","-","","","","","","","","","","","",
"농수산물유통및가격안정에관한법률","합계","계","범죄사건 처리 기간[명]","명","159","124","226","196","139","149","114","246","","","","","","","","","","","",
"농수산물유통및가격안정에관한법률","경찰","계","범죄사건 처리 기간[명]","명","78","45","109","94","69","72","56","133","68","121","81","55","45","71","56","38","22","235","249",
"농수산물유통및가격안정에관한법률","경찰","10일 이내","범죄사건 처리 기간[명]","명","3","6","11","27","15","33","20","13","8","5","5","11","11","11","8","3","4","4","31",
"농수산물유통및가격안정에관한법률","경찰","20일 이내","범죄사건 처리 기간[명]","명","1","3","4","3","8","15","15","34","1","7","8","3","9","8","5","3","3","7","5",
"농수산물유통및가격안정에관한법률","경찰","1개월 이내","범죄사건 처리 기간[명]","명","17","12","33","8","10","8","7","26","3","2","6","1","4","4","1","1","0","23","28",
"농수산물유통및가격안정에관한법률","경찰","2개월 이내","범죄사건 처리 기간[명]","명","17","13","12","14","10","11","8","26","15","-","4","2","4","30","6","6","1","10","3",
"농수산물유통및가격안정에관한법률","경찰","3개월 이내","범죄사건 처리 기간[명]","명","17","2","35","6","7","4","1","12","35","3","9","7","10","8","9","5","7","86","6",
"농수산물유통및가격안정에관한법률","경찰","6개월 이내","범죄사건 처리 기간[명]","명","23","9","14","36","5","-","4","21","5","5","30","18","6","9","6","6","6","47","155",
"농수산물유통및가격안정에관한법률","경찰","6개월 초과","범죄사건 처리 기간[명]","명","-","-","-","-","14","1","1","1","1","99","19","13","1","1","21","14","1","58","21",
"농수산물유통및가격안정에관한법률","검찰","계","범죄사건 처리 기간[명]","명","81","79","117","102","70","77","58","113","61","122","53","54","46","68","57","30","15","211","236",
"농수산물유통및가격안정에관한법률","검찰","10일 이내","범죄사건 처리 기간[명]","명","43","25","26","60","32","49","33","27","14","16","18","12","12","25","16","10","7","84","150",
"농수산물유통및가격안정에관한법률","검찰","20일 이내","범죄사건 처리 기간[명]","명","12","11","10","19","12","16","8","30","8","6","8","7","4","11","2","7","2","50","59",
"농수산물유통및가격안정에관한법률","검찰","1개월 이내","범죄사건 처리 기간[명]","명","3","36","2","14","1","4","10","26","3","7","7","9","6","2","5","-","1","52","19",
"농수산물유통및가격안정에관한법률","검찰","2개월 이내","범죄사건 처리 기간[명]","명","6","6","9","-","5","6","3","6","4","4","8","9","7","1","7","3","0","7","3",
"농수산물유통및가격안정에관한법률","검찰","3개월 이내","범죄사건 처리 기간[명]","명","5","1","31","9","5","1","-","1","4","-","-","4","9","3","-","1","0","2","-",
"농수산물유통및가격안정에관한법률","검찰","6개월 이내","범죄사건 처리 기간[명]","명","12","-","39","-","11","1","2","4","6","89","5","12","6","22","20","7","5","16","5",
"농수산물유통및가격안정에관한법률","검찰","6개월 초과","범죄사건 처리 기간[명]","명","-","-","-","-","4","-","2","19","22","-","7","1","2","4","7","2","0","-","-",
"농수산물의원산지표시에관한법률","경찰","계","범죄사건 처리 기간[명]","명","","","","","","","","","1715","1492","2009","1465","1010","909","617","714","","","",
"농수산물의원산지표시에관한법률","경찰","10일 이내","범죄사건 처리 기간[명]","명","","","","","","","","","171","134","164","120","53","58","33","39","","","",
"농수산물의원산지표시에관한법률","경찰","20일 이내","범죄사건 처리 기간[명]","명","","","","","","","","","193","119","146","136","66","40","33","41","","","",
"농수산물의원산지표시에관한법률","경찰","1개월 이내","범죄사건 처리 기간[명]","명","","","","","","","","","299","208","262","222","172","138","112","80","","","",
"농수산물의원산지표시에관한법률","경찰","2개월 이내","범죄사건 처리 기간[명]","명","","","","","","","","","527","386","640","478","340","340","170","182","","","",
"농수산물의원산지표시에관한법률","경찰","3개월 이내","범죄사건 처리 기간[명]","명","","","","","","","","","273","242","431","270","213","197","148","191","","","",
"농수산물의원산지표시에관한법률","경찰","6개월 이내","범죄사건 처리 기간[명]","명","","","","","","","","","189","178","174","146","128","110","96","142","","","",
"농수산물의원산지표시에관한법률","경찰","6개월 초과","범죄사건 처리 기간[명]","명","","","","","","","","","63","225","192","93","38","26","25","39","","","",
"농수산물의원산지표시에관한법률","검찰","계","범죄사건 처리 기간[명]","명","","","","","","","","","3765","3559","4281","3681","3089","3032","2205","2353","","","",
"농수산물의원산지표시에관한법률","검찰","10일 이내","범죄사건 처리 기간[명]","명","","","","","","","","","2177","2164","2327","2269","1829","1791","1348","1333","","","",
"농수산물의원산지표시에관한법률","검찰","20일 이내","범죄사건 처리 기간[명]","명","","","","","","","","","679","636","757","555","531","540","369","402","","","",
"농수산물의원산지표시에관한법률","검찰","1개월 이내","범죄사건 처리 기간[명]","명","","","","","","","","","429","337","439","326","349","286","200","196","","","",
"농수산물의원산지표시에관한법률","검찰","2개월 이내","범죄사건 처리 기간[명]","명","","","","","","","","","187","193","241","221","200","169","120","209","","","",
"농수산물의원산지표시에관한법률","검찰","3개월 이내","범죄사건 처리 기간[명]","명","","","","","","","","","123","105","155","158","107","137","66","95","","","",
"농수산물의원산지표시에관한법률","검찰","6개월 이내","범죄사건 처리 기간[명]","명","","","","","","","","","163","117","293","136","69","97","93","97","","","",
"농수산물의원산지표시에관한법률","검찰","6개월 초과","범죄사건 처리 기간[명]","명","","","","","","","","","7","7","69","16","4","12","9","21","","","",
"농수산물의원산지표시등에관한법률","경찰","계","범죄사건 처리 기간[명]","명","","","","","","","","","","","","","","","","","655","650","686",
"농수산물의원산지표시등에관한법률","경찰","10일 이내","범죄사건 처리 기간[명]","명","","","","","","","","","","","","","","","","","15","16","19",
"농수산물의원산지표시등에관한법률","경찰","20일 이내","범죄사건 처리 기간[명]","명","","","","","","","","","","","","","","","","","29","31","31",
"농수산물의원산지표시등에관한법률","경찰","1개월 이내","범죄사건 처리 기간[명]","명","","","","","","","","","","","","","","","","","76","93","71",
"농수산물의원산지표시등에관한법률","경찰","2개월 이내","범죄사건 처리 기간[명]","명","","","","","","","","","","","","","","","","","139","172","183",
"농수산물의원산지표시등에관한법률","경찰","3개월 이내","범죄사건 처리 기간[명]","명","","","","","","","","","","","","","","","","","147","157","162",
"농수산물의원산지표시등에관한법률","경찰","6개월 이내","범죄사건 처리 기간[명]","명","","","","","","","","","","","","","","","","","160","133","146",
"농수산물의원산지표시등에관한법률","경찰","6개월 초과","범죄사건 처리 기간[명]","명","","","","","","","","","","","","","","","","","89","48","74",
"농수산물의원산지표시등에관한법률","검찰","계","범죄사건 처리 기간[명]","명","","","","","","","","","","","","","","","","","2182","2175","1904",
"농수산물의원산지표시등에관한법률","검찰","10일 이내","범죄사건 처리 기간[명]","명","","","","","","","","","","","","","","","","","1036","1024","959",
"농수산물의원산지표시등에관한법률","검찰","20일 이내","범죄사건 처리 기간[명]","명","","","","","","","","","","","","","","","","","369","363","248",
"농수산물의원산지표시등에관한법률","검찰","1개월 이내","범죄사건 처리 기간[명]","명","","","","","","","","","","","","","","","","","297","263","216",
"농수산물의원산지표시등에관한법률","검찰","2개월 이내","범죄사건 처리 기간[명]","명","","","","","","","","","","","","","","","","","251","211","165",
"농수산물의원산지표시등에관한법률","검찰","3개월 이내","범죄사건 처리 기간[명]","명","","","","","","","","","","","","","","","","","98","126","120",
"농수산물의원산지표시등에관한법률","검찰","6개월 이내","범죄사건 처리 기간[명]","명","","","","","","","","","","","","","","","","","116","163","173",
"농수산물의원산지표시등에관한법률","검찰","6개월 초과","범죄사건 처리 기간[명]","명","","","","","","","","","","","","","","","","","15","25","23",
"농업협동조합법","합계","계","범죄사건 처리 기간[명]","명","956","319","311","1045","1729","318","309","272","","","","","","","","","","","",
"농업협동조합법","경찰","계","범죄사건 처리 기간[명]","명","433","154","142","411","860","153","149","117","","","","","","","","","","","",
"농업협동조합법","경찰","10일 이내","범죄사건 처리 기간[명]","명","51","4","20","65","126","64","51","6","","","","","","","","","","","",
"농업협동조합법","경찰","20일 이내","범죄사건 처리 기간[명]","명","3","-","1","3","7","-","1","2","","","","","","","","","","","",
"농업협동조합법","경찰","1개월 이내","범죄사건 처리 기간[명]","명","150","4","13","64","201","2","10","40","","","","","","","","","","","",
"농업협동조합법","경찰","2개월 이내","범죄사건 처리 기간[명]","명","41","12","14","46","145","21","27","19","","","","","","","","","","","",
"농업협동조합법","경찰","3개월 이내","범죄사건 처리 기간[명]","명","38","111","24","46","141","15","30","19","","","","","","","","","","","",
"농업협동조합법","경찰","6개월 이내","범죄사건 처리 기간[명]","명","150","23","70","182","239","51","27","28","","","","","","","","","","","",
"농업협동조합법","경찰","6개월 초과","범죄사건 처리 기간[명]","명","-","-","-","5","1","-","3","3","","","","","","","","","","","",
"농업협동조합법","검찰","계","범죄사건 처리 기간[명]","명","523","165","169","634","869","165","160","155","","","","","","","","","","","",
"농업협동조합법","검찰","10일 이내","범죄사건 처리 기간[명]","명","151","51","43","190","106","52","53","56","","","","","","","","","","","",
"농업협동조합법","검찰","20일 이내","범죄사건 처리 기간[명]","명","27","9","20","139","111","32","11","4","","","","","","","","","","","",
"농업협동조합법","검찰","1개월 이내","범죄사건 처리 기간[명]","명","37","3","6","18","12","9","13","6","","","","","","","","","","","",
"농업협동조합법","검찰","2개월 이내","범죄사건 처리 기간[명]","명","63","79","46","83","415","9","28","14","","","","","","","","","","","",
"농업협동조합법","검찰","3개월 이내","범죄사건 처리 기간[명]","명","158","8","27","122","130","18","8","18","","","","","","","","","","","",
"농업협동조합법","검찰","6개월 이내","범죄사건 처리 기간[명]","명","87","15","25","82","94","7","42","57","","","","","","","","","","","",
"농업협동조합법","검찰","6개월 초과","범죄사건 처리 기간[명]","명","-","-","2","-","1","38","5","-","","","","","","","","","","","",
"농지법","합계","계","범죄사건 처리 기간[명]","명","3891","3073","2895","2014","1930","1685","2375","2161","","","","","","","","","","","",
"농지법","경찰","계","범죄사건 처리 기간[명]","명","1773","1404","1328","982","942","833","1270","1097","1189","1409","1433","1301","1336","1084","1787","3241","1788","1221","591",
"농지법","경찰","10일 이내","범죄사건 처리 기간[명]","명","116","141","142","168","255","161","297","132","172","128","215","191","200","166","227","552","114","58","42",
"농지법","경찰","20일 이내","범죄사건 처리 기간[명]","명","74","51","68","46","134","139","200","164","176","170","253","214","184","170","208","220","106","82","66",
"농지법","경찰","1개월 이내","범죄사건 처리 기간[명]","명","333","315","213","156","134","125","168","202","164","182","245","180","166","136","273","246","89","65","64",
"농지법","경찰","2개월 이내","범죄사건 처리 기간[명]","명","314","215","195","174","204","222","346","328","330","319","334","307","392","285","515","741","246","149","97",
"농지법","경찰","3개월 이내","범죄사건 처리 기간[명]","명","197","165","149","68","63","124","181","201","235","178","146","172","165","134","237","575","261","131","95",
"농지법","경찰","6개월 이내","범죄사건 처리 기간[명]","명","732","510","553","367","150","37","67","57","88","160","136","154","166","125","150","678","477","329","144",
"농지법","경찰","6개월 초과","범죄사건 처리 기간[명]","명","7","7","8","3","2","25","11","13","24","272","104","83","63","68","177","229","495","407","83",
"농지법","검찰","계","범죄사건 처리 기간[명]","명","2118","1669","1567","1032","988","852","1105","1064","1073","1269","1333","1167","1083","1058","1746","2568","1316","682","402",
"농지법","검찰","10일 이내","범죄사건 처리 기간[명]","명","976","750","638","373","352","393","494","401","407","487","462","453","351","374","526","650","372","189","133",
"농지법","검찰","20일 이내","범죄사건 처리 기간[명]","명","406","253","325","206","218","146","135","158","174","164","251","196","146","120","166","360","165","58","43",
"농지법","검찰","1개월 이내","범죄사건 처리 기간[명]","명","258","149","161","116","108","90","155","125","121","161","160","110","96","108","138","327","228","96","66",
"농지법","검찰","2개월 이내","범죄사건 처리 기간[명]","명","175","172","226","210","144","106","165","145","152","166","155","141","161","134","435","332","160","125","42",
"농지법","검찰","3개월 이내","범죄사건 처리 기간[명]","명","248","255","168","105","126","65","75","91","87","113","126","132","130","91","170","375","116","56","39",
"농지법","검찰","6개월 이내","범죄사건 처리 기간[명]","명","55","90","49","22","40","52","72","141","129","160","165","116","163","126","282","503","262","139","69",
"농지법","검찰","6개월 초과","범죄사건 처리 기간[명]","명","-","-","-","-","-","-","9","3","3","18","14","19","36","105","29","21","13","19","10",
"담배사업법","합계","계","범죄사건 처리 기간[명]","명","2175","1389","817","1124","518","316","312","272","","","","","","","","","","","",
"담배사업법","경찰","계","범죄사건 처리 기간[명]","명","1085","691","405","560","259","157","158","137","","","","","","","","","","","",
"담배사업법","경찰","10일 이내","범죄사건 처리 기간[명]","명","111","115","92","118","91","69","61","39","","","","","","","","","","","",
"담배사업법","경찰","20일 이내","범죄사건 처리 기간[명]","명","46","18","15","27","22","21","25","15","","","","","","","","","","","",
"담배사업법","경찰","1개월 이내","범죄사건 처리 기간[명]","명","189","126","43","50","48","26","19","17","","","","","","","","","","","",
"담배사업법","경찰","2개월 이내","범죄사건 처리 기간[명]","명","140","88","30","44","32","28","34","44","","","","","","","","","","","",
"담배사업법","경찰","3개월 이내","범죄사건 처리 기간[명]","명","112","37","16","19","11","10","14","9","","","","","","","","","","","",
"담배사업법","경찰","6개월 이내","범죄사건 처리 기간[명]","명","486","305","209","302","52","3","3","8","","","","","","","","","","","",
"담배사업법","경찰","6개월 초과","범죄사건 처리 기간[명]","명","1","2","-","-","3","-","2","5","","","","","","","","","","","",
"담배사업법","검찰","계","범죄사건 처리 기간[명]","명","1090","698","412","564","259","159","154","135","","","","","","","","","","","",
"담배사업법","검찰","10일 이내","범죄사건 처리 기간[명]","명","651","454","291","328","176","109","101","76","","","","","","","","","","","",
"담배사업법","검찰","20일 이내","범죄사건 처리 기간[명]","명","182","131","49","80","39","25","26","15","","","","","","","","","","","",
"담배사업법","검찰","1개월 이내","범죄사건 처리 기간[명]","명","67","53","27","43","22","13","17","10","","","","","","","","","","","",
"담배사업법","검찰","2개월 이내","범죄사건 처리 기간[명]","명","39","31","19","63","16","8","3","9","","","","","","","","","","","",
"담배사업법","검찰","3개월 이내","범죄사건 처리 기간[명]","명","145","22","18","43","5","2","2","2","","","","","","","","","","","",
"담배사업법","검찰","6개월 이내","범죄사건 처리 기간[명]","명","6","7","8","7","1","2","5","23","","","","","","","","","","","",
"담배사업법","검찰","6개월 초과","범죄사건 처리 기간[명]","명","-","-","-","-","-","-","-","-","","","","","","","","","","","",
"대기환경보전법","합계","계","범죄사건 처리 기간[명]","명","5321","4831","3888","3723","2192","3545","4071","4708","","","","","","","","","","","",
"대기환경보전법","경찰","계","범죄사건 처리 기간[명]","명","1865","1716","1378","1430","963","1255","1492","1782","1489","1715","2295","2519","2130","2242","2121","2360","2326","2323","2199",
"대기환경보전법","경찰","10일 이내","범죄사건 처리 기간[명]","명","129","163","105","179","143","195","236","243","182","237","336","451","395","450","435","375","287","304","256",
"대기환경보전법","경찰","20일 이내","범죄사건 처리 기간[명]","명","97","87","80","63","111","171","199","257","258","211","386","433","427","445","401","411","344","418","296",
"대기환경보전법","경찰","1개월 이내","범죄사건 처리 기간[명]","명","416","369","291","219","155","217","242","276","244","233","343","419","347","390","306","339","315","311","363",
"대기환경보전법","경찰","2개월 이내","범죄사건 처리 기간[명]","명","304","345","281","259","252","358","389","577","401","471","574","576","564","591","528","581","536","504","550",
"대기환경보전법","경찰","3개월 이내","범죄사건 처리 기간[명]","명","233","219","191","148","96","163","232","245","217","205","306","226","230","179","217","317","321","410","305",
"대기환경보전법","경찰","6개월 이내","범죄사건 처리 기간[명]","명","674","525","427","542","191","53","101","103","117","165","218","206","109","148","158","276","284","233","310",
"대기환경보전법","경찰","6개월 초과","범죄사건 처리 기간[명]","명","12","8","3","20","15","98","93","81","70","193","132","208","58","39","76","61","239","143","119",
"대기환경보전법","검찰","계","범죄사건 처리 기간[명]","명","3456","3115","2510","2293","1229","2290","2579","2926","2767","2996","3426","4193","3948","4241","3713","3952","3858","3648","3047",
"대기환경보전법","검찰","10일 이내","범죄사건 처리 기간[명]","명","2111","1945","1450","1257","618","1392","1428","1728","1385","1746","1939","2282","1978","2115","2143","2096","1656","1504","1320",
"대기환경보전법","검찰","20일 이내","범죄사건 처리 기간[명]","명","582","634","487","400","245","403","407","516","523","536","627","796","716","717","539","696","520","562","461",
"대기환경보전법","검찰","1개월 이내","범죄사건 처리 기간[명]","명","323","227","321","357","165","171","389","316","412","318","406","475","518","545","361","417","555","451","451",
"대기환경보전법","검찰","2개월 이내","범죄사건 처리 기간[명]","명","230","196","145","197","128","194","210","209","213","226","278","320","399","416","285","398","541","520","323",
"대기환경보전법","검찰","3개월 이내","범죄사건 처리 기간[명]","명","177","88","85","74","58","82","100","85","146","94","105","172","193","258","193","197","306","260","169",
"대기환경보전법","검찰","6개월 이내","범죄사건 처리 기간[명]","명","33","24","22","8","12","48","43","61","86","76","65","133","134","158","156","140","272","345","300",
"대기환경보전법","검찰","6개월 초과","범죄사건 처리 기간[명]","명","-","1","-","-","3","-","2","11","2","-","6","15","10","32","36","8","8","6","23",
"대부업등의등록및금융이용자보호에관한법률","합계","계","범죄사건 처리 기간[명]","명","","","","1609","4338","9939","17352","6829","","","","","","","","","","","",
"대부업등의등록및금융이용자보호에관한법률","경찰","계","범죄사건 처리 기간[명]","명","","","","798","2165","4940","9185","3530","2365","1720","1805","2468","2617","2625","2433","1250","1133","1570","2814",
"대부업등의등록및금융이용자보호에관한법률","경찰","10일 이내","범죄사건 처리 기간[명]","명","","","","130","520","1050","1754","380","139","80","93","267","288","437","345","190","58","188","375",
"대부업등의등록및금융이용자보호에관한법률","경찰","20일 이내","범죄사건 처리 기간[명]","명","","","","11","252","544","1531","404","185","62","127","158","212","256","106","45","42","37","171",
"대부업등의등록및금융이용자보호에관한법률","경찰","1개월 이내","범죄사건 처리 기간[명]","명","","","","65","251","480","1289","348","147","85","85","118","173","195","144","47","32","64","107",
"대부업등의등록및금융이용자보호에관한법률","경찰","2개월 이내","범죄사건 처리 기간[명]","명","","","","43","476","1096","2253","748","518","221","300","354","445","464","369","91","97","149","269",
"대부업등의등록및금융이용자보호에관한법률","경찰","3개월 이내","범죄사건 처리 기간[명]","명","","","","38","331","962","1108","700","460","263","292","330","510","337","363","134","95","165","272",
"대부업등의등록및금융이용자보호에관한법률","경찰","6개월 이내","범죄사건 처리 기간[명]","명","","","","510","282","699","991","725","610","584","524","692","677","626","696","299","303","398","740",
"대부업등의등록및금융이용자보호에관한법률","경찰","6개월 초과","범죄사건 처리 기간[명]","명","","","","1","53","109","259","225","306","425","384","549","312","310","410","444","506","569","880",
"대부업등의등록및금융이용자보호에관한법률","검찰","계","범죄사건 처리 기간[명]","명","","","","811","2173","4999","8167","3299","2363","1603","1755","2446","2422","2522","2395","847","692","1034","1813",
"대부업등의등록및금융이용자보호에관한법률","검찰","10일 이내","범죄사건 처리 기간[명]","명","","","","414","931","2293","2566","1097","676","385","556","723","679","721","729","289","194","279","503",
"대부업등의등록및금융이용자보호에관한법률","검찰","20일 이내","범죄사건 처리 기간[명]","명","","","","126","318","783","1469","519","292","138","199","283","278","328","273","81","85","106","225",
"대부업등의등록및금융이용자보호에관한법률","검찰","1개월 이내","범죄사건 처리 기간[명]","명","","","","107","234","530","1021","316","217","147","138","202","229","191","167","88","55","101","253",
"대부업등의등록및금융이용자보호에관한법률","검찰","2개월 이내","범죄사건 처리 기간[명]","명","","","","105","332","498","980","482","281","194","207","241","296","279","272","164","50","99","104",
"대부업등의등록및금융이용자보호에관한법률","검찰","3개월 이내","범죄사건 처리 기간[명]","명","","","","51","276","406","701","317","284","182","186","193","236","221","256","81","80","85","110",
"대부업등의등록및금융이용자보호에관한법률","검찰","6개월 이내","범죄사건 처리 기간[명]","명","","","","8","74","461","1293","510","520","446","305","547","468","627","518","130","192","256","499",
"대부업등의등록및금융이용자보호에관한법률","검찰","6개월 초과","범죄사건 처리 기간[명]","명","","","","-","8","28","137","58","93","111","164","257","236","155","180","14","36","108","119",
"대외무역법","합계","계","범죄사건 처리 기간[명]","명","584","568","749","486","230","450","741","561","","","","","","","","","","","",
"대외무역법","경찰","계","범죄사건 처리 기간[명]","명","96","61","181","122","64","165","337","270","","","","","","","","","","","",
"대외무역법","경찰","10일 이내","범죄사건 처리 기간[명]","명","7","4","8","8","2","43","38","26","","","","","","","","","","","",
"대외무역법","경찰","20일 이내","범죄사건 처리 기간[명]","명","7","4","8","8","8","18","23","24","","","","","","","","","","","",
"대외무역법","경찰","1개월 이내","범죄사건 처리 기간[명]","명","24","16","31","18","6","17","38","18","","","","","","","","","","","",
"대외무역법","경찰","2개월 이내","범죄사건 처리 기간[명]","명","20","13","22","16","12","46","68","84","","","","","","","","","","","",
"대외무역법","경찰","3개월 이내","범죄사건 처리 기간[명]","명","5","6","7","7","4","6","64","38","","","","","","","","","","","",
"대외무역법","경찰","6개월 이내","범죄사건 처리 기간[명]","명","32","18","102","49","25","18","74","49","","","","","","","","","","","",
"대외무역법","경찰","6개월 초과","범죄사건 처리 기간[명]","명","1","-","3","16","7","17","32","31","","","","","","","","","","","",
"대외무역법","검찰","계","범죄사건 처리 기간[명]","명","488","507","568","364","166","285","404","291","","","","","","","","","","","",
"대외무역법","검찰","10일 이내","범죄사건 처리 기간[명]","명","296","316","223","112","52","107","65","89","","","","","","","","","","","",
"대외무역법","검찰","20일 이내","범죄사건 처리 기간[명]","명","57","92","95","60","20","29","56","30","","","","","","","","","","","",
"대외무역법","검찰","1개월 이내","범죄사건 처리 기간[명]","명","43","47","54","31","10","18","45","16","","","","","","","","","","","",
"대외무역법","검찰","2개월 이내","범죄사건 처리 기간[명]","명","41","32","62","59","26","47","46","37","","","","","","","","","","","",
"대외무역법","검찰","3개월 이내","범죄사건 처리 기간[명]","명","40","17","118","86","56","42","75","45","","","","","","","","","","","",
"대외무역법","검찰","6개월 이내","범죄사건 처리 기간[명]","명","11","3","16","16","-","41","99","65","","","","","","","","","","","",
"대외무역법","검찰","6개월 초과","범죄사건 처리 기간[명]","명","-","-","-","-","2","1","18","9","","","","","","","","","","","",
"도로교통법","합계","계","범죄사건 처리 기간[명]","명","53895","49331","57349","64697","70736","100542","157959","179906","","","","","","","","","","","",
"도로교통법","경찰","계","범죄사건 처리 기간[명]","명","26745","24507","28487","32202","35360","50230","79719","90435","16493","19894","20756","19846","16077","16510","14630","12037","11540","10650","10339",
"도로교통법","경찰","10일 이내","범죄사건 처리 기간[명]","명","1413","1757","2360","2930","7353","13746","19310","25258","3956","4634","5096","5225","3617","4023","3433","2810","2722","2292","2190",
"도로교통법","경찰","20일 이내","범죄사건 처리 기간[명]","명","1271","1332","1514","1635","4459","10208","13101","17015","3439","3863","4296","3925","3129","3664","3085","2344","2049","1897","1897",
"도로교통법","경찰","1개월 이내","범죄사건 처리 기간[명]","명","4507","4013","4602","4876","4958","7199","7384","10712","2366","2853","3129","2714","2135","2407","2152","1617","1430","1335","1274",
"도로교통법","경찰","2개월 이내","범죄사건 처리 기간[명]","명","3731","3077","3592","4223","7802","12629","10434","16236","3617","3961","4647","4115","3410","3535","3233","2717","2468","2429","2397",
"도로교통법","경찰","3개월 이내","범죄사건 처리 기간[명]","명","1780","1571","1958","2065","3228","4433","3699","5977","1389","1359","1340","1456","1482","1332","1275","1118","1232","1180","1292",
"도로교통법","경찰","6개월 이내","범죄사건 처리 기간[명]","명","13663","12546","14348","16377","7478","1713","5376","6989","1006","778","1127","1096","1493","1044","909","1024","1050","1084","990",
"도로교통법","경찰","6개월 초과","범죄사건 처리 기간[명]","명","380","211","113","96","82","302","20415","8248","720","2446","1121","1315","811","505","543","407","589","433","299",
"도로교통법","검찰","계","범죄사건 처리 기간[명]","명","27150","24824","28862","32495","35376","50312","78240","89471","15779","19096","19996","19398","15705","16328","14352","8884","8931","8192","7875",
"도로교통법","검찰","10일 이내","범죄사건 처리 기간[명]","명","20178","18683","21169","24370","28286","42552","66021","77752","12334","15733","15525","14737","11589","12042","11081","6730","6334","5588","5289",
"도로교통법","검찰","20일 이내","범죄사건 처리 기간[명]","명","3994","3505","4213","4450","4074","4674","7342","7058","1928","1901","2071","2123","1994","1999","1325","984","1105","1005","926",
"도로교통법","검찰","1개월 이내","범죄사건 처리 기간[명]","명","1570","1394","1792","1802","1735","1711","2846","2749","771","756","960","1003","881","961","658","525","628","647","644",
"도로교통법","검찰","2개월 이내","범죄사건 처리 기간[명]","명","947","801","1067","1039","801","931","1359","1236","463","392","663","664","651","622","651","354","477","404","432",
"도로교통법","검찰","3개월 이내","범죄사건 처리 기간[명]","명","435","315","508","766","435","323","363","438","191","212","383","310","273","314","272","143","178","176","218",
"도로교통법","검찰","6개월 이내","범죄사건 처리 기간[명]","명","26","126","113","67","45","119","302","231","81","99","338","529","293","364","316","148","205","362","317",
"도로교통법","검찰","6개월 초과","범죄사건 처리 기간[명]","명","-","-","-","1","-","2","7","7","11","3","56","32","24","26","49","-","4","10","49",
"도로교통법(무면허운전)","합계","계","범죄사건 처리 기간[명]","명","114557","171846","338222","217837","127658","99538","60277","67246","","","","","","","","","","","",
"도로교통법(무면허운전)","경찰","계","범죄사건 처리 기간[명]","명","56951","85613","168715","108604","63819","49724","32708","38176","38079","44455","68938","49358","25990","25152","22976","19705","19602","21508","26554",
"도로교통법(무면허운전)","경찰","10일 이내","범죄사건 처리 기간[명]","명","7586","16655","40394","28704","31674","33105","19348","21995","21198","23924","41215","28510","12724","11944","9607","6932","6621","7182","9648",
"도로교통법(무면허운전)","경찰","20일 이내","범죄사건 처리 기간[명]","명","4062","5120","8373","5256","8042","7540","5312","6101","6428","7495","11673","8551","5299","5444","4971","4139","4218","4803","6050",
"도로교통법(무면허운전)","경찰","1개월 이내","범죄사건 처리 기간[명]","명","12475","15544","24482","13950","6252","3182","2388","2871","3138","3396","4747","3604","2483","2620","2685","2369","2285","2591","3104",
"도로교통법(무면허운전)","경찰","2개월 이내","범죄사건 처리 기간[명]","명","5771","6145","9622","6350","5203","3960","3042","3933","4001","3808","5317","4222","3132","3158","3422","3348","3237","3680","4347",
"도로교통법(무면허운전)","경찰","3개월 이내","범죄사건 처리 기간[명]","명","1290","2249","2824","1854","1745","1243","1097","1587","1423","1389","1527","1342","1015","994","1114","1452","1461","1634","1823",
"도로교통법(무면허운전)","경찰","6개월 이내","범죄사건 처리 기간[명]","명","25600","39828","82910","52397","10838","583","750","1084","1304","652","1509","1124","796","685","843","1133","1273","1288","1368",
"도로교통법(무면허운전)","경찰","6개월 초과","범죄사건 처리 기간[명]","명","167","72","110","93","65","111","771","605","587","3791","2950","2005","541","307","334","332","507","330","214",
"도로교통법(무면허운전)","검찰","계","범죄사건 처리 기간[명]","명","57606","86233","169507","109233","63839","49814","27569","29070","27335","32511","53386","48978","25656","24934","21596","17971","18182","20297","24601",
"도로교통법(무면허운전)","검찰","10일 이내","범죄사건 처리 기간[명]","명","47041","72075","143121","91262","52583","42525","22127","23444","21117","26183","42951","40618","20081","19306","17031","13529","12703","14505","18022",
"도로교통법(무면허운전)","검찰","20일 이내","범죄사건 처리 기간[명]","명","7528","10369","18549","11580","6988","4371","3368","3322","3638","3724","6075","4895","3065","2898","2228","2235","2512","2527","2968",
"도로교통법(무면허운전)","검찰","1개월 이내","범죄사건 처리 기간[명]","명","1894","2575","5025","3796","2572","1534","1254","1392","1404","1535","2546","1867","1316","1349","1031","1156","1353","1410","1663",
"도로교통법(무면허운전)","검찰","2개월 이내","범죄사건 처리 기간[명]","명","901","943","2053","1867","1250","952","602","695","776","725","1183","1063","764","857","771","719","1039","1081","1190",
"도로교통법(무면허운전)","검찰","3개월 이내","범죄사건 처리 기간[명]","명","230","242","693","675","396","277","125","158","267","246","396","340","272","276","272","237","319","398","383",
"도로교통법(무면허운전)","검찰","6개월 이내","범죄사건 처리 기간[명]","명","12","29","66","53","50","148","88","56","121","95","224","184","150","235","241","94","253","368","356",
"도로교통법(무면허운전)","검찰","6개월 초과","범죄사건 처리 기간[명]","명","-","-","-","-","-","7","5","3","12","3","11","11","8","13","22","1","3","8","19",
"도로교통법(사고후미조치)","경찰","계","범죄사건 처리 기간[명]","명","","","","","","","","","82998","98439","95971","50131","15822","12675","12137","8399","7591","6648","5926",
"도로교통법(사고후미조치)","경찰","10일 이내","범죄사건 처리 기간[명]","명","","","","","","","","","24933","31276","34319","17363","3485","2605","2338","1293","1050","783","678",
"도로교통법(사고후미조치)","경찰","20일 이내","범죄사건 처리 기간[명]","명","","","","","","","","","17588","21719","23709","11997","3512","2910","2814","1623","1409","1214","1040",
"도로교통법(사고후미조치)","경찰","1개월 이내","범죄사건 처리 기간[명]","명","","","","","","","","","11459","13155","14142","6808","2445","2113","2048","1255","1192","1030","950",
"도로교통법(사고후미조치)","경찰","2개월 이내","범죄사건 처리 기간[명]","명","","","","","","","","","15196","16180","15015","7736","3587","3245","3178","2406","2160","1926","1758",
"도로교통법(사고후미조치)","경찰","3개월 이내","범죄사건 처리 기간[명]","명","","","","","","","","","4504","4223","3080","1701","1060","964","1060","1006","905","884","807",
"도로교통법(사고후미조치)","경찰","6개월 이내","범죄사건 처리 기간[명]","명","","","","","","","","","4338","2200","1703","1308","800","565","516","605","637","669","573",
"도로교통법(사고후미조치)","경찰","6개월 초과","범죄사건 처리 기간[명]","명","","","","","","","","","4980","9686","4003","3218","933","273","183","211","238","142","120",
"도로교통법(사고후미조치)","검찰","계","범죄사건 처리 기간[명]","명","","","","","","","","","79956","94679","93221","49693","15395","12443","11871","4187","4452","4309","3841",
"도로교통법(사고후미조치)","검찰","10일 이내","범죄사건 처리 기간[명]","명","","","","","","","","","69537","85316","84017","44059","11813","9352","9292","2657","2451","2359","2203",
"도로교통법(사고후미조치)","검찰","20일 이내","범죄사건 처리 기간[명]","명","","","","","","","","","6686","5921","5835","3329","1672","1388","1044","647","718","647","546",
"도로교통법(사고후미조치)","검찰","1개월 이내","범죄사건 처리 기간[명]","명","","","","","","","","","2188","2043","1940","1127","841","626","553","370","504","452","356",
"도로교통법(사고후미조치)","검찰","2개월 이내","범죄사건 처리 기간[명]","명","","","","","","","","","998","839","870","704","613","526","474","275","435","405","347",
"도로교통법(사고후미조치)","검찰","3개월 이내","범죄사건 처리 기간[명]","명","","","","","","","","","377","382","354","283","261","292","274","144","192","186","163",
"도로교통법(사고후미조치)","검찰","6개월 이내","범죄사건 처리 기간[명]","명","","","","","","","","","164","172","191","172","187","235","205","93","148","251","218",
"도로교통법(사고후미조치)","검찰","6개월 초과","범죄사건 처리 기간[명]","명","","","","","","","","","6","6","14","19","8","24","29","1","4","9","8",
"도로교통법(음주운전)","합계","계","범죄사건 처리 기간[명]","명","555480","664731","796174","590325","537244","436674","359978","368347","","","","","","","","","","","",
"도로교통법(음주운전)","경찰","계","범죄사건 처리 기간[명]","명","276674","331485","397192","294615","268596","218311","213480","237774","221314","212849","204215","180618","142414","109135","98103","91805","101048","102157","97977",
"도로교통법(음주운전)","경찰","10일 이내","범죄사건 처리 기간[명]","명","36977","61618","88950","83337","147540","156668","148655","166453","149666","131197","131518","115986","85205","62475","47143","39610","43044","43412","39637",
"도로교통법(음주운전)","경찰","20일 이내","범죄사건 처리 기간[명]","명","20659","23498","26282","17997","38358","37919","39665","42851","41760","38652","38592","34023","31012","25787","25339","24933","26745","27884","27143",
"도로교통법(음주운전)","경찰","1개월 이내","범죄사건 처리 기간[명]","명","64303","61876","61545","39229","23980","11600","12027","12757","12975","12363","12084","10681","10630","9329","10570","10904","11901","12093","12185",
"도로교통법(음주운전)","경찰","2개월 이내","범죄사건 처리 기간[명]","명","25689","22217","20919","13270","12566","9097","9609","10270","10372","10779","10450","8985","9283","7913","10357","11076","12469","12593","13018",
"도로교통법(음주운전)","경찰","3개월 이내","범죄사건 처리 기간[명]","명","4202","6998","5334","2948","2729","2010","2157","2341","2493","2330","2361","2380","2021","1766","2417","2879","3658","3566","3717",
"도로교통법(음주운전)","경찰","6개월 이내","범죄사건 처리 기간[명]","명","124555","155107","194014","137751","43307","847","997","1569","1921","1110","2683","2827","1792","985","1383","1769","2338","2116","1995",
"도로교통법(음주운전)","경찰","6개월 초과","범죄사건 처리 기간[명]","명","289","171","148","83","116","170","370","1533","2127","16418","6527","5736","2471","880","894","634","893","493","282",
"도로교통법(음주운전)","검찰","계","범죄사건 처리 기간[명]","명","278806","333246","398982","295710","268648","218363","146498","130573","111016","120513","134766","179506","141162","108275","90533","85900","95435","99513","95068",
"도로교통법(음주운전)","검찰","10일 이내","범죄사건 처리 기간[명]","명","248530","301598","355076","261196","239427","197461","128542","114367","92315","104367","113912","156022","120814","87842","72322","67424","71846","76111","72349",
"도로교통법(음주운전)","검찰","20일 이내","범죄사건 처리 기간[명]","명","24993","26085","34814","26715","21150","12494","11886","10357","11828","9804","12145","14411","11850","10453","8685","9165","11211","10214","9939",
"도로교통법(음주운전)","검찰","1개월 이내","범죄사건 처리 기간[명]","명","4059","4161","6580","5314","5409","4139","4009","3537","3954","3610","4765","4918","4417","4861","4008","4720","5994","5837","5746",
"도로교통법(음주운전)","검찰","2개월 이내","범죄사건 처리 기간[명]","명","874","1075","1785","1807","1846","2782","1385","1490","1860","1733","2389","2733","2585","3050","3057","3121","4033","4143","4157",
"도로교통법(음주운전)","검찰","3개월 이내","범죄사건 처리 기간[명]","명","331","290","676","633","737","900","414","495","672","644","912","897","862","1142","1297","1036","1329","1568","1447",
"도로교통법(음주운전)","검찰","6개월 이내","범죄사건 처리 기간[명]","명","19","36","50","45","79","575","251","308","366","341","616","498","572","877","1065","429","993","1573","1390",
"도로교통법(음주운전)","검찰","6개월 초과","범죄사건 처리 기간[명]","명","-","1","1","-","-","12","11","19","21","14","27","27","62","50","99","5","29","67","40",
"도로교통법(음주측정거부)","합계","계","범죄사건 처리 기간[명]","명","6983","7312","10480","8667","8286","5333","4674","5080","","","","","","","","","","","",
"도로교통법(음주측정거부)","경찰","계","범죄사건 처리 기간[명]","명","3467","3633","5225","4325","4143","2665","2380","2586","2426","2577","2591","2777","2922","2655","3069","3294","3944","3516","3119",
"도로교통법(음주측정거부)","경찰","10일 이내","범죄사건 처리 기간[명]","명","422","590","948","929","1735","1430","1229","1360","1191","1081","1175","1260","1284","1023","1019","913","958","817","665",
"도로교통법(음주측정거부)","경찰","20일 이내","범죄사건 처리 기간[명]","명","245","253","359","268","594","550","501","538","543","533","546","633","710","717","836","849","969","840","768",
"도로교통법(음주측정거부)","경찰","1개월 이내","범죄사건 처리 기간[명]","명","825","710","856","710","514","229","227","231","257","284","268","261","343","334","437","477","594","575","516",
"도로교통법(음주측정거부)","경찰","2개월 이내","범죄사건 처리 기간[명]","명","391","331","352","299","356","286","270","294","256","286","326","320","371","384","504","671","822","780","709",
"도로교통법(음주측정거부)","경찰","3개월 이내","범죄사건 처리 기간[명]","명","84","105","129","96","162","104","95","96","105","81","91","90","87","102","159","216","316","269","257",
"도로교통법(음주측정거부)","경찰","6개월 이내","범죄사건 처리 기간[명]","명","1483","1639","2575","2016","775","58","54","48","52","43","81","85","73","67","86","129","227","185","182",
"도로교통법(음주측정거부)","경찰","6개월 초과","범죄사건 처리 기간[명]","명","17","5","6","7","7","8","4","19","22","269","104","128","54","28","28","39","58","50","22",
"도로교통법(음주측정거부)","검찰","계","범죄사건 처리 기간[명]","명","3516","3679","5255","4342","4143","2668","2294","2494","2295","2404","2430","2679","2807","2584","2957","3158","3787","3365","2966",
"도로교통법(음주측정거부)","검찰","10일 이내","범죄사건 처리 기간[명]","명","2704","2821","3910","3210","3051","2083","1561","1771","1476","1583","1537","1687","1731","1523","1740","1813","1935","1664","1539",
"도로교통법(음주측정거부)","검찰","20일 이내","범죄사건 처리 기간[명]","명","471","512","781","657","604","294","359","327","384","381","384","417","467","410","454","567","632","557","463",
"도로교통법(음주측정거부)","검찰","1개월 이내","범죄사건 처리 기간[명]","명","172","178","277","248","252","130","169","203","195","184","217","230","237","236","254","346","475","397","332",
"도로교통법(음주측정거부)","검찰","2개월 이내","범죄사건 처리 기간[명]","명","104","104","173","148","133","104","120","119","140","144","171","195","195","203","274","264","412","354","309",
"도로교통법(음주측정거부)","검찰","3개월 이내","범죄사건 처리 기간[명]","명","59","60","98","71","96","36","42","46","56","65","65","94","102","114","134","118","173","167","141",
"도로교통법(음주측정거부)","검찰","6개월 이내","범죄사건 처리 기간[명]","명","6","4","16","8","6","21","43","27","43","46","52","55","71","85","98","48","155","220","179",
"도로교통법(음주측정거부)","검찰","6개월 초과","범죄사건 처리 기간[명]","명","-","-","-","-","1","-","-","1","1","1","4","1","4","13","3","2","5","6","3",
"도로법","합계","계","범죄사건 처리 기간[명]","명","147430","157275","161454","162753","110960","10534","8178","4971","","","","","","","","","","","",
"도로법","경찰","계","범죄사건 처리 기간[명]","명","66225","70022","71554","70226","52399","2839","1534","1300","1207","1374","2690","2787","2607","2493","2473","5235","8780","9674","8728",
"도로법","경찰","10일 이내","범죄사건 처리 기간[명]","명","4584","10781","11720","14512","13871","356","220","210","175","228","436","405","454","415","364","851","1419","1763","1819",
"도로법","경찰","20일 이내","범죄사건 처리 기간[명]","명","3345","4861","5095","5111","8222","294","199","164","214","186","529","514","518","475","482","973","1773","1976","1825",
"도로법","경찰","1개월 이내","범죄사건 처리 기간[명]","명","13534","13720","12559","12244","8195","270","161","142","154","196","440","421","450","317","355","809","1357","1430","1189",
"도로법","경찰","2개월 이내","범죄사건 처리 기간[명]","명","13318","11045","11742","11161","9521","502","420","294","295","267","671","747","646","546","617","1180","1910","1980","1801",
"도로법","경찰","3개월 이내","범죄사건 처리 기간[명]","명","7405","5311","5346","3837","3651","221","200","139","203","173","212","283","289","310","262","663","918","961","855",
"도로법","경찰","6개월 이내","범죄사건 처리 기간[명]","명","23041","22857","23195","20678","8079","338","61","60","87","96","222","183","190","235","248","600","924","1038","851",
"도로법","경찰","6개월 초과","범죄사건 처리 기간[명]","명","998","1447","1897","2683","860","858","273","291","79","228","180","234","60","195","145","159","479","526","388",
"도로법","검찰","계","범죄사건 처리 기간[명]","명","81205","87253","89900","92527","58561","7695","6644","3671","2485","2443","2712","2926","2697","3079","3027","4552","6308","6829","6764",
"도로법","검찰","10일 이내","범죄사건 처리 기간[명]","명","66335","72201","68360","68853","45035","6055","5572","2865","1746","1745","1612","1782","1699","1887","2046","3155","3694","4151","4622",
"도로법","검찰","20일 이내","범죄사건 처리 기간[명]","명","10371","10301","12844","15203","8529","884","490","381","327","300","459","445","396","495","376","657","944","1007","919",
"도로법","검찰","1개월 이내","범죄사건 처리 기간[명]","명","2778","2717","4894","5283","3394","356","288","207","136","154","258","236","247","251","193","343","739","620","560",
"도로법","검찰","2개월 이내","범죄사건 처리 기간[명]","명","1234","1483","2695","2444","1201","256","176","110","131","105","218","267","216","231","207","229","514","560","358",
"도로법","검찰","3개월 이내","범죄사건 처리 기간[명]","명","443","475","976","652","334","115","57","75","40","62","102","122","61","110","102","91","226","237","162",
"도로법","검찰","6개월 이내","범죄사건 처리 기간[명]","명","44","76","131","92","67","29","55","32","101","73","59","73","70","85","90","74","189","251","136",
"도로법","검찰","6개월 초과","범죄사건 처리 기간[명]","명","-","-","-","-","1","-","6","1","4","4","4","1","8","20","13","3","2","3","7",
"도시계획법","합계","계","범죄사건 처리 기간[명]","명","-","-","2","22","-","-","4","-","","","","","","","","","","","",
"도시계획법","경찰","계","범죄사건 처리 기간[명]","명","-","-","1","11","-","-","2","-","","","","","","","","","","","",
"도시계획법","경찰","10일 이내","범죄사건 처리 기간[명]","명","-","-","-","-","-","-","1","-","","","","","","","","","","","",
"도시계획법","경찰","20일 이내","범죄사건 처리 기간[명]","명","-","-","-","-","-","-","-","-","","","","","","","","","","","",
"도시계획법","경찰","1개월 이내","범죄사건 처리 기간[명]","명","-","-","-","-","-","-","-","-","","","","","","","","","","","",
"도시계획법","경찰","2개월 이내","범죄사건 처리 기간[명]","명","-","-","-","-","-","-","1","-","","","","","","","","","","","",
"도시계획법","경찰","3개월 이내","범죄사건 처리 기간[명]","명","-","-","-","-","-","-","-","-","","","","","","","","","","","",
"도시계획법","경찰","6개월 이내","범죄사건 처리 기간[명]","명","-","-","1","11","-","-","-","-","","","","","","","","","","","",
"도시계획법","경찰","6개월 초과","범죄사건 처리 기간[명]","명","-","-","-","-","-","-","-","-","","","","","","","","","","","",
"도시계획법","검찰","계","범죄사건 처리 기간[명]","명","-","-","1","11","-","-","2","-","","","","","","","","","","","",
"도시계획법","검찰","10일 이내","범죄사건 처리 기간[명]","명","-","-","-","11","-","-","1","-","","","","","","","","","","","",
"도시계획법","검찰","20일 이내","범죄사건 처리 기간[명]","명","-","-","1","-","-","-","1","-","","","","","","","","","","","",
"도시계획법","검찰","1개월 이내","범죄사건 처리 기간[명]","명","-","-","-","-","-","-","-","-","","","","","","","","","","","",
"도시계획법","검찰","2개월 이내","범죄사건 처리 기간[명]","명","-","-","-","-","-","-","-","-","","","","","","","","","","","",
"도시계획법","검찰","3개월 이내","범죄사건 처리 기간[명]","명","-","-","-","-","-","-","-","-","","","","","","","","","","","",
"도시계획법","검찰","6개월 이내","범죄사건 처리 기간[명]","명","-","-","-","-","-","-","-","-","","","","","","","","","","","",
"도시계획법","검찰","6개월 초과","범죄사건 처리 기간[명]","명","-","-","-","-","-","-","-","-","","","","","","","","","","","",
"도시공원법","합계","계","범죄사건 처리 기간[명]","명","22","2","-","-","-","-","-","-","","","","","","","","","","","",
"도시공원법","경찰","계","범죄사건 처리 기간[명]","명","11","1","-","-","-","-","-","-","","","","","","","","","","","",
"도시공원법","경찰","10일 이내","범죄사건 처리 기간[명]","명","-","-","-","-","-","-","-","-","","","","","","","","","","","",
"도시공원법","경찰","20일 이내","범죄사건 처리 기간[명]","명","-","-","-","-","-","-","-","-","","","","","","","","","","","",
"도시공원법","경찰","1개월 이내","범죄사건 처리 기간[명]","명","-","-","-","-","-","-","-","-","","","","","","","","","","","",
"도시공원법","경찰","2개월 이내","범죄사건 처리 기간[명]","명","3","-","-","-","-","-","-","-","","","","","","","","","","","",
"도시공원법","경찰","3개월 이내","범죄사건 처리 기간[명]","명","2","-","-","-","-","-","-","-","","","","","","","","","","","",
"도시공원법","경찰","6개월 이내","범죄사건 처리 기간[명]","명","6","1","-","-","-","-","-","-","","","","","","","","","","","",
"도시공원법","경찰","6개월 초과","범죄사건 처리 기간[명]","명","-","-","-","-","-","-","-","-","","","","","","","","","","","",
"도시공원법","검찰","계","범죄사건 처리 기간[명]","명","11","1","-","-","-","-","-","-","","","","","","","","","","","",
"도시공원법","검찰","10일 이내","범죄사건 처리 기간[명]","명","7","-","-","-","-","-","-","-","","","","","","","","","","","",
"도시공원법","검찰","20일 이내","범죄사건 처리 기간[명]","명","-","-","-","-","-","-","-","-","","","","","","","","","","","",
"도시공원법","검찰","1개월 이내","범죄사건 처리 기간[명]","명","1","-","-","-","-","-","-","-","","","","","","","","","","","",
"도시공원법","검찰","2개월 이내","범죄사건 처리 기간[명]","명","-","-","-","-","-","-","-","-","","","","","","","","","","","",
"도시공원법","검찰","3개월 이내","범죄사건 처리 기간[명]","명","3","1","-","-","-","-","-","-","","","","","","","","","","","",
"도시공원법","검찰","6개월 이내","범죄사건 처리 기간[명]","명","-","-","-","-","-","-","-","-","","","","","","","","","","","",
"도시공원법","검찰","6개월 초과","범죄사건 처리 기간[명]","명","-","-","-","-","-","-","-","-","","","","","","","","","","","",
"도시및주거환경정비법","경찰","계","범죄사건 처리 기간[명]","명","","","","","","","","","873","603","738","869","1207","1209","912","834","878","870","796",
"도시및주거환경정비법","경찰","10일 이내","범죄사건 처리 기간[명]","명","","","","","","","","","19","8","11","55","11","11","5","101","29","8","19",
"도시및주거환경정비법","경찰","20일 이내","범죄사건 처리 기간[명]","명","","","","","","","","","24","6","12","25","12","34","14","15","8","7","12",
"도시및주거환경정비법","경찰","1개월 이내","범죄사건 처리 기간[명]","명","","","","","","","","","36","24","27","37","17","46","42","17","18","27","26",
"도시및주거환경정비법","경찰","2개월 이내","범죄사건 처리 기간[명]","명","","","","","","","","","137","74","161","114","167","124","119","107","89","53","61",
"도시및주거환경정비법","경찰","3개월 이내","범죄사건 처리 기간[명]","명","","","","","","","","","257","107","121","172","204","242","171","102","107","126","92",
"도시및주거환경정비법","경찰","6개월 이내","범죄사건 처리 기간[명]","명","","","","","","","","","341","126","243","306","304","443","381","286","308","334","318",
"도시및주거환경정비법","경찰","6개월 초과","범죄사건 처리 기간[명]","명","","","","","","","","","59","258","163","160","492","309","180","206","319","315","268",
"도시및주거환경정비법","검찰","계","범죄사건 처리 기간[명]","명","","","","","","","","","813","562","666","834","616","854","900","393","313","441","330",
"도시및주거환경정비법","검찰","10일 이내","범죄사건 처리 기간[명]","명","","","","","","","","","93","48","58","62","66","97","116","83","53","64","79",
"도시및주거환경정비법","검찰","20일 이내","범죄사건 처리 기간[명]","명","","","","","","","","","34","14","45","52","38","49","33","35","26","17","23",
"도시및주거환경정비법","검찰","1개월 이내","범죄사건 처리 기간[명]","명","","","","","","","","","18","35","32","20","47","55","30","96","51","89","34",
"도시및주거환경정비법","검찰","2개월 이내","범죄사건 처리 기간[명]","명","","","","","","","","","75","56","81","105","69","108","77","47","37","36","51",
"도시및주거환경정비법","검찰","3개월 이내","범죄사건 처리 기간[명]","명","","","","","","","","","104","125","138","145","70","156","93","53","47","44","43",
"도시및주거환경정비법","검찰","6개월 이내","범죄사건 처리 기간[명]","명","","","","","","","","","353","204","209","329","253","259","311","73","83","131","91",
"도시및주거환경정비법","검찰","6개월 초과","범죄사건 처리 기간[명]","명","","","","","","","","","136","80","103","121","73","130","240","6","16","60","9",
"독점규제및공정거래에관한법률","합계","계","범죄사건 처리 기간[명]","명","35","24","49","33","22","49","39","24","","","","","","","","","","","",
"독점규제및공정거래에관한법률","경찰","계","범죄사건 처리 기간[명]","명","10","8","22","15","11","13","13","12","66","23","47","19","63","50","24","44","51","10","3",
"독점규제및공정거래에관한법률","경찰","10일 이내","범죄사건 처리 기간[명]","명","-","-","-","-","-","5","-","3","8","-","-","1","-","-","-","2","2","-","-",
"독점규제및공정거래에관한법률","경찰","20일 이내","범죄사건 처리 기간[명]","명","-","-","-","-","-","3","-","-","-","-","-","","-","6","-","-","1","1","-",
"독점규제및공정거래에관한법률","경찰","1개월 이내","범죄사건 처리 기간[명]","명","-","3","1","-","1","-","1","1","1","1","-","","-","1","-","-","3","-","-",
"독점규제및공정거래에관한법률","경찰","2개월 이내","범죄사건 처리 기간[명]","명","2","2","2","3","5","2","6","2","6","-","-","11","3","2","-","-","0","2","2",
"독점규제및공정거래에관한법률","경찰","3개월 이내","범죄사건 처리 기간[명]","명","6","2","7","-","3","1","-","6","8","5","-","1","5","-","7","3","1","-","1",
"독점규제및공정거래에관한법률","경찰","6개월 이내","범죄사건 처리 기간[명]","명","2","1","12","12","2","1","-","-","42","8","47","6","44","36","16","35","30","6","-",
"독점규제및공정거래에관한법률","경찰","6개월 초과","범죄사건 처리 기간[명]","명","-","-","-","-","-","1","6","-","1","9","-","","11","5","1","4","14","1","-",
"독점규제및공정거래에관한법률","검찰","계","범죄사건 처리 기간[명]","명","25","16","27","18","11","36","26","12","142","92","65","91","163","59","58","29","46","22","5",
"독점규제및공정거래에관한법률","검찰","10일 이내","범죄사건 처리 기간[명]","명","4","2","10","12","2","3","1","-","35","4","8","1","38","4","15","6","16","12","4",
"독점규제및공정거래에관한법률","검찰","20일 이내","범죄사건 처리 기간[명]","명","-","-","-","4","3","2","-","2","14","19","2","8","21","2","2","-","0","2","-",
"독점규제및공정거래에관한법률","검찰","1개월 이내","범죄사건 처리 기간[명]","명","-","-","6","-","-","1","-","-","11","7","-","1","10","-","7","-","4","1","-",
"독점규제및공정거래에관한법률","검찰","2개월 이내","범죄사건 처리 기간[명]","명","3","4","-","2","1","2","7","2","16","20","13","19","63","-","3","8","7","1","1",
"독점규제및공정거래에관한법률","검찰","3개월 이내","범죄사건 처리 기간[명]","명","-","6","-","-","-","10","4","1","24","9","3","6","4","15","6","-","5","2","-",
"독점규제및공정거래에관한법률","검찰","6개월 이내","범죄사건 처리 기간[명]","명","4","4","11","-","5","10","10","7","19","25","2","32","18","16","14","6","13","-","-",
"독점규제및공정거래에관한법률","검찰","6개월 초과","범죄사건 처리 기간[명]","명","14","-","-","-","-","8","4","-","23","8","37","24","9","22","11","9","1","4","-",
"디자인보호법","합계","계","범죄사건 처리 기간[명]","명","724","835","951","925","612","749","1333","857","","","","","","","","","","","",
"디자인보호법","경찰","계","범죄사건 처리 기간[명]","명","358","407","465","455","306","374","703","482","468","369","309","423","448","403","546","227","169","121","155",
"디자인보호법","경찰","10일 이내","범죄사건 처리 기간[명]","명","7","1","10","11","22","17","19","21","20","11","5","7","25","17","21","18","3","3","9",
"디자인보호법","경찰","20일 이내","범죄사건 처리 기간[명]","명","2","2","9","9","16","28","70","45","24","13","10","22","31","18","56","12","7","11","6",
"디자인보호법","경찰","1개월 이내","범죄사건 처리 기간[명]","명","37","21","30","50","35","27","44","63","42","25","17","38","35","38","68","12","10","6","12",
"디자인보호법","경찰","2개월 이내","범죄사건 처리 기간[명]","명","75","57","98","72","101","119","208","173","135","62","75","121","169","96","194","47","31","14","21",
"디자인보호법","경찰","3개월 이내","범죄사건 처리 기간[명]","명","45","76","76","64","55","106","163","103","153","83","76","113","58","111","86","31","18","22","26",
"디자인보호법","경찰","6개월 이내","범죄사건 처리 기간[명]","명","183","246","241","241","77","58","150","63","81","97","90","79","114","119","100","84","55","36","58",
"디자인보호법","경찰","6개월 초과","범죄사건 처리 기간[명]","명","9","4","1","8","-","19","49","14","13","78","36","43","16","4","21","23","45","29","23",
"디자인보호법","검찰","계","범죄사건 처리 기간[명]","명","366","428","486","470","306","375","630","375","430","339","290","409","409","407","581","99","91","80","102",
"디자인보호법","검찰","10일 이내","범죄사건 처리 기간[명]","명","166","172","236","238","106","148","274","110","142","92","57","80","89","107","253","30","20","19","20",
"디자인보호법","검찰","20일 이내","범죄사건 처리 기간[명]","명","30","43","52","29","26","53","95","43","41","29","10","22","28","57","54","7","4","2","10",
"디자인보호법","검찰","1개월 이내","범죄사건 처리 기간[명]","명","16","28","30","42","23","31","52","26","20","31","32","15","18","21","44","13","6","12","19",
"디자인보호법","검찰","2개월 이내","범죄사건 처리 기간[명]","명","44","48","69","66","48","57","95","78","64","57","38","61","78","42","77","15","7","9","22",
"디자인보호법","검찰","3개월 이내","범죄사건 처리 기간[명]","명","72","70","58","67","68","54","66","47","53","45","51","93","43","59","62","12","21","13","5",
"디자인보호법","검찰","6개월 이내","범죄사건 처리 기간[명]","명","38","67","41","22","35","30","48","59","85","77","86","130","115","104","62","12","28","19","19",
"디자인보호법","검찰","6개월 초과","범죄사건 처리 기간[명]","명","-","-","-","6","-","2","-","12","25","8","16","8","38","17","29","10","5","6","7",
"마약류관리에관한법률(대마)","합계","계","범죄사건 처리 기간[명]","명","1354","1540","1531","2404","2696","1605","1513","1486","","","","","","","","","","","",
"마약류관리에관한법률(대마)","경찰","계","범죄사건 처리 기간[명]","명","620","721","702","1112","1330","727","686","670","718","738","925","1054","946","1606","2029","2100","2125","2110","1620",
"마약류관리에관한법률(대마)","경찰","10일 이내","범죄사건 처리 기간[명]","명","175","168","162","183","212","100","140","96","121","86","118","138","89","172","226","226","217","234","203",
"마약류관리에관한법률(대마)","경찰","20일 이내","범죄사건 처리 기간[명]","명","9","18","21","35","114","90","87","71","54","75","112","107","74","139","133","115","179","189","103",
"마약류관리에관한법률(대마)","경찰","1개월 이내","범죄사건 처리 기간[명]","명","68","106","104","187","223","87","94","72","77","85","96","86","91","158","187","128","220","186","124",
"마약류관리에관한법률(대마)","경찰","2개월 이내","범죄사건 처리 기간[명]","명","54","53","44","79","152","163","135","190","197","146","231","240","201","441","500","425","571","497","297",
"마약류관리에관한법률(대마)","경찰","3개월 이내","범죄사건 처리 기간[명]","명","29","29","25","52","136","112","77","85","92","82","94","188","129","326","318","370","280","334","261",
"마약류관리에관한법률(대마)","경찰","6개월 이내","범죄사건 처리 기간[명]","명","284","347","341","574","454","128","110","99","117","101","146","143","163","257","486","567","409","428","401",
"마약류관리에관한법률(대마)","경찰","6개월 초과","범죄사건 처리 기간[명]","명","1","-","5","2","39","47","43","57","60","163","128","152","199","113","179","269","249","242","231",
"마약류관리에관한법률(대마)","검찰","계","범죄사건 처리 기간[명]","명","734","819","829","1292","1366","878","827","816","910","929","1051","1306","1187","1923","2306","1884","2042","2108","1553",
"마약류관리에관한법률(대마)","검찰","10일 이내","범죄사건 처리 기간[명]","명","437","425","429","570","478","348","302","278","292","287","259","400","330","505","672","430","542","524","398",
"마약류관리에관한법률(대마)","검찰","20일 이내","범죄사건 처리 기간[명]","명","85","124","99","194","160","115","155","127","153","167","186","258","197","339","364","312","395","369","291",
"마약류관리에관한법률(대마)","검찰","1개월 이내","범죄사건 처리 기간[명]","명","43","60","75","97","124","66","68","86","82","99","88","80","104","169","154","169","214","195","132",
"마약류관리에관한법률(대마)","검찰","2개월 이내","범죄사건 처리 기간[명]","명","70","105","97","175","166","125","146","144","153","129","150","193","143","267","270","280","250","333","188",
"마약류관리에관한법률(대마)","검찰","3개월 이내","범죄사건 처리 기간[명]","명","87","86","101","217","334","129","72","79","89","128","142","161","176","205","273","260","211","164","144",
"마약류관리에관한법률(대마)","검찰","6개월 이내","범죄사건 처리 기간[명]","명","12","13","27","38","100","92","81","101","138","117","224","194","211","374","430","414","371","470","332",
"마약류관리에관한법률(대마)","검찰","6개월 초과","범죄사건 처리 기간[명]","명","-","6","1","1","4","3","3","1","3","2","2","20","26","64","143","19","59","53","68",
"마약류관리에관한법률(마약)","합계","계","범죄사건 처리 기간[명]","명","1239","1472","2493","4089","1578","1283","1026","1179","","","","","","","","","","","",
"마약류관리에관한법률(마약)","경찰","계","범죄사건 처리 기간[명]","명","573","671","1209","1998","787","620","497","590","574","1013","1243","1310","1310","1495","1993","1435","2084","3771","1750",
"마약류관리에관한법률(마약)","경찰","10일 이내","범죄사건 처리 기간[명]","명","40","71","235","261","109","113","97","125","107","164","189","116","168","212","154","108","141","288","96",
"마약류관리에관한법률(마약)","경찰","20일 이내","범죄사건 처리 기간[명]","명","20","18","37","162","277","180","156","175","132","233","313","261","220","250","319","185","290","556","200",
"마약류관리에관한법률(마약)","경찰","1개월 이내","범죄사건 처리 기간[명]","명","143","140","296","414","103","109","103","100","97","147","256","244","205","251","352","212","301","548","261",
"마약류관리에관한법률(마약)","경찰","2개월 이내","범죄사건 처리 기간[명]","명","100","75","95","222","185","161","91","140","168","331","356","415","429","419","781","496","678","1444","608",
"마약류관리에관한법률(마약)","경찰","3개월 이내","범죄사건 처리 기간[명]","명","31","29","56","20","56","22","35","20","42","62","41","161","171","236","247","228","365","429","306",
"마약류관리에관한법률(마약)","경찰","6개월 이내","범죄사건 처리 기간[명]","명","238","338","487","917","56","21","13","17","16","20","32","55","72","100","100","150","227","400","183",
"마약류관리에관한법률(마약)","경찰","6개월 초과","범죄사건 처리 기간[명]","명","1","-","3","2","1","14","2","13","12","56","56","58","45","27","40","56","82","106","96",
"마약류관리에관한법률(마약)","검찰","계","범죄사건 처리 기간[명]","명","666","801","1284","2091","791","663","529","589","621","1036","1295","1343","1318","1511","2006","1347","1935","3455","1590",
"마약류관리에관한법률(마약)","검찰","10일 이내","범죄사건 처리 기간[명]","명","416","510","972","1364","312","443","345","354","379","701","740","791","875","1062","1333","809","1141","1942","916",
"마약류관리에관한법률(마약)","검찰","20일 이내","범죄사건 처리 기간[명]","명","114","98","151","389","156","95","52","102","100","188","193","211","191","161","235","171","294","626","237",
"마약류관리에관한법률(마약)","검찰","1개월 이내","범죄사건 처리 기간[명]","명","72","81","72","204","77","39","48","60","55","73","148","122","91","91","155","114","210","322","167",
"마약류관리에관한법률(마약)","검찰","2개월 이내","범죄사건 처리 기간[명]","명","26","58","62","79","141","60","49","39","48","34","84","109","58","89","124","101","144","311","91",
"마약류관리에관한법률(마약)","검찰","3개월 이내","범죄사건 처리 기간[명]","명","28","47","24","50","103","21","23","21","19","21","56","62","51","37","73","70","60","82","81",
"마약류관리에관한법률(마약)","검찰","6개월 이내","범죄사건 처리 기간[명]","명","10","7","3","5","2","5","12","12","20","19","72","45","45","64","71","73","80","147","86",
"마약류관리에관한법률(마약)","검찰","6개월 초과","범죄사건 처리 기간[명]","명","-","-","-","-","-","-","-","1","-","-","2","3","7","7","15","9","6","25","12",
"마약류관리에관한법률(향정)","합계","계","범죄사건 처리 기간[명]","명","8512","11104","10010","10752","7232","8302","9479","9360","","","","","","","","","","","",
"마약류관리에관한법률(향정)","경찰","계","범죄사건 처리 기간[명]","명","3554","4943","4425","4754","3543","3560","4078","4264","4449","5622","6639","6620","5901","7339","8328","7252","8299","12803","10958",
"마약류관리에관한법률(향정)","경찰","10일 이내","범죄사건 처리 기간[명]","명","1287","1646","1171","915","811","958","1021","1078","973","1077","1434","1262","1003","1154","1367","1270","1210","2043","1604",
"마약류관리에관한법률(향정)","경찰","20일 이내","범죄사건 처리 기간[명]","명","64","87","62","60","217","459","477","539","465","497","661","687","602","725","808","462","607","1151","823",
"마약류관리에관한법률(향정)","경찰","1개월 이내","범죄사건 처리 기간[명]","명","255","439","500","480","421","340","398","436","416","421","557","701","559","716","660","528","591","1091","797",
"마약류관리에관한법률(향정)","경찰","2개월 이내","범죄사건 처리 기간[명]","명","181","254","279","384","464","634","697","773","807","846","1099","1250","1101","1567","1575","1175","1350","2456","1900",
"마약류관리에관한법률(향정)","경찰","3개월 이내","범죄사건 처리 기간[명]","명","152","176","232","281","409","343","425","393","517","527","630","732","639","944","1051","891","1065","1741","1589",
"마약류관리에관한법률(향정)","경찰","6개월 이내","범죄사건 처리 기간[명]","명","1592","2325","2154","2610","1108","544","668","643","753","865","1191","1044","1009","1282","1706","1638","1984","2799","2518",
"마약류관리에관한법률(향정)","경찰","6개월 초과","범죄사건 처리 기간[명]","명","23","16","27","24","113","282","392","402","518","1389","1067","944","988","951","1161","1288","1492","1522","1727",
"마약류관리에관한법률(향정)","검찰","계","범죄사건 처리 기간[명]","명","4958","6161","5585","5998","3689","4742","5401","5096","5528","6871","7676","7838","6536","8057","9040","6448","7663","12031","9945",
"마약류관리에관한법률(향정)","검찰","10일 이내","범죄사건 처리 기간[명]","명","3005","3538","2749","2486","1466","2162","2140","2052","2119","2488","2670","2871","2339","2834","3131","2016","2159","2986","2273",
"마약류관리에관한법률(향정)","검찰","20일 이내","범죄사건 처리 기간[명]","명","856","1084","1017","1020","616","913","928","927","1029","1340","1389","1420","1311","1448","1797","1491","1816","2816","2533",
"마약류관리에관한법률(향정)","검찰","1개월 이내","범죄사건 처리 기간[명]","명","233","284","344","422","286","301","376","400","417","558","493","475","473","508","580","479","575","998","734",
"마약류관리에관한법률(향정)","검찰","2개월 이내","범죄사건 처리 기간[명]","명","305","550","581","866","485","493","702","685","736","885","958","923","803","916","892","752","836","1294","1058",
"마약류관리에관한법률(향정)","검찰","3개월 이내","범죄사건 처리 기간[명]","명","466","557","730","1006","684","567","538","500","566","693","841","928","659","815","824","656","673","981","792",
"마약류관리에관한법률(향정)","검찰","6개월 이내","범죄사건 처리 기간[명]","명","92","147","164","189","135","298","641","509","646","888","1242","1097","918","1336","1511","967","1424","2613","2274",
"마약류관리에관한법률(향정)","검찰","6개월 초과","범죄사건 처리 기간[명]","명","1","1","-","9","17","8","76","23","15","19","83","124","33","200","305","87","180","343","281",
"마약류불법거래방지에관한특례법","합계","계","범죄사건 처리 기간[명]","명","30","12","2","134","10","10","12","21","","","","","","","","","","","",
"마약류불법거래방지에관한특례법","경찰","계","범죄사건 처리 기간[명]","명","13","6","-","66","5","5","5","9","","","","","","","","","","","",
"마약류불법거래방지에관한특례법","경찰","10일 이내","범죄사건 처리 기간[명]","명","1","2","-","-","-","1","1","-","","","","","","","","","","","",
"마약류불법거래방지에관한특례법","경찰","20일 이내","범죄사건 처리 기간[명]","명","-","-","-","-","-","1","-","-","","","","","","","","","","","",
"마약류불법거래방지에관한특례법","경찰","1개월 이내","범죄사건 처리 기간[명]","명","1","2","-","33","4","-","-","1","","","","","","","","","","","",
"마약류불법거래방지에관한특례법","경찰","2개월 이내","범죄사건 처리 기간[명]","명","5","-","-","26","1","1","-","7","","","","","","","","","","","",
"마약류불법거래방지에관한특례법","경찰","3개월 이내","범죄사건 처리 기간[명]","명","-","-","-","2","-","-","2","-","","","","","","","","","","","",
"마약류불법거래방지에관한특례법","경찰","6개월 이내","범죄사건 처리 기간[명]","명","6","1","-","5","-","2","2","1","","","","","","","","","","","",
"마약류불법거래방지에관한특례법","경찰","6개월 초과","범죄사건 처리 기간[명]","명","-","1","-","-","-","-","-","-","","","","","","","","","","","",
"마약류불법거래방지에관한특례법","검찰","계","범죄사건 처리 기간[명]","명","17","6","2","68","5","5","7","12","","","","","","","","","","","",
"마약류불법거래방지에관한특례법","검찰","10일 이내","범죄사건 처리 기간[명]","명","4","2","1","7","2","1","4","3","","","","","","","","","","","",
"마약류불법거래방지에관한특례법","검찰","20일 이내","범죄사건 처리 기간[명]","명","-","1","-","-","-","-","1","6","","","","","","","","","","","",
"마약류불법거래방지에관한특례법","검찰","1개월 이내","범죄사건 처리 기간[명]","명","6","2","-","-","-","1","-","-","","","","","","","","","","","",
"마약류불법거래방지에관한특례법","검찰","2개월 이내","범죄사건 처리 기간[명]","명","1","1","-","13","-","1","2","-","","","","","","","","","","","",
"마약류불법거래방지에관한특례법","검찰","3개월 이내","범죄사건 처리 기간[명]","명","6","-","1","44","2","1","-","1","","","","","","","","","","","",
"마약류불법거래방지에관한특례법","검찰","6개월 이내","범죄사건 처리 기간[명]","명","-","-","-","4","1","1","-","2","","","","","","","","","","","",
"마약류불법거래방지에관한특례법","검찰","6개월 초과","범죄사건 처리 기간[명]","명","-","-","-","-","-","-","-","-","","","","","","","","","","","",
"물환경보전법","경찰","계","범죄사건 처리 기간[명]","명","","","","","","","","","889","834","905","879","733","684","570","469","555","533","482",
"물환경보전법","경찰","10일 이내","범죄사건 처리 기간[명]","명","","","","","","","","","138","92","111","127","113","141","99","60","76","70","61",
"물환경보전법","경찰","20일 이내","범죄사건 처리 기간[명]","명","","","","","","","","","138","72","142","106","121","96","85","77","62","72","76",
"물환경보전법","경찰","1개월 이내","범죄사건 처리 기간[명]","명","","","","","","","","","145","128","128","116","125","91","74","58","80","70","68",
"물환경보전법","경찰","2개월 이내","범죄사건 처리 기간[명]","명","","","","","","","","","225","217","199","239","178","206","146","92","147","120","121",
"물환경보전법","경찰","3개월 이내","범죄사건 처리 기간[명]","명","","","","","","","","","110","136","140","115","99","72","75","93","76","69","60",
"물환경보전법","경찰","6개월 이내","범죄사건 처리 기간[명]","명","","","","","","","","","72","89","114","78","67","60","54","71","59","80","71",
"물환경보전법","경찰","6개월 초과","범죄사건 처리 기간[명]","명","","","","","","","","","61","100","71","98","30","18","37","18","55","52","25",
"물환경보전법","검찰","계","범죄사건 처리 기간[명]","명","","","","","","","","","1575","1409","1463","1467","1236","1234","995","840","836","814","613",
"물환경보전법","검찰","10일 이내","범죄사건 처리 기간[명]","명","","","","","","","","","644","653","659","652","508","499","466","404","320","265","238",
"물환경보전법","검찰","20일 이내","범죄사건 처리 기간[명]","명","","","","","","","","","297","245","281","253","215","203","138","146","82","127","94",
"물환경보전법","검찰","1개월 이내","범죄사건 처리 기간[명]","명","","","","","","","","","213","152","152","186","178","188","108","92","122","106","78",
"물환경보전법","검찰","2개월 이내","범죄사건 처리 기간[명]","명","","","","","","","","","189","156","158","155","175","157","114","83","135","147","77",
"물환경보전법","검찰","3개월 이내","범죄사건 처리 기간[명]","명","","","","","","","","","124","96","114","136","71","92","77","47","79","53","42",
"물환경보전법","검찰","6개월 이내","범죄사건 처리 기간[명]","명","","","","","","","","","102","90","89","85","79","83","84","64","94","111","76",
"물환경보전법","검찰","6개월 초과","범죄사건 처리 기간[명]","명","","","","","","","","","6","17","10","","10","12","8","4","4","5","8",
"민사소송법","합계","계","범죄사건 처리 기간[명]","명","14","8","22","12","8","4","12","3","","","","","","","","","","","",
"민사소송법","경찰","계","범죄사건 처리 기간[명]","명","6","4","11","6","4","2","7","2","","","","","","","","","","","",
"민사소송법","경찰","10일 이내","범죄사건 처리 기간[명]","명","2","-","-","-","1","-","1","-","","","","","","","","","","","",
"민사소송법","경찰","20일 이내","범죄사건 처리 기간[명]","명","-","1","1","2","-","1","-","-","","","","","","","","","","","",
"민사소송법","경찰","1개월 이내","범죄사건 처리 기간[명]","명","-","1","1","-","1","-","-","-","","","","","","","","","","","",
"민사소송법","경찰","2개월 이내","범죄사건 처리 기간[명]","명","-","-","3","1","-","1","4","1","","","","","","","","","","","",
"민사소송법","경찰","3개월 이내","범죄사건 처리 기간[명]","명","1","-","2","-","-","-","2","1","","","","","","","","","","","",
"민사소송법","경찰","6개월 이내","범죄사건 처리 기간[명]","명","3","2","4","3","2","-","-","-","","","","","","","","","","","",
"민사소송법","경찰","6개월 초과","범죄사건 처리 기간[명]","명","-","-","-","-","-","-","-","-","","","","","","","","","","","",
"민사소송법","검찰","계","범죄사건 처리 기간[명]","명","8","4","11","6","4","2","5","1","","","","","","","","","","","",
"민사소송법","검찰","10일 이내","범죄사건 처리 기간[명]","명","5","-","3","4","3","1","4","-","","","","","","","","","","","",
"민사소송법","검찰","20일 이내","범죄사건 처리 기간[명]","명","1","2","-","-","1","-","1","-","","","","","","","","","","","",
"민사소송법","검찰","1개월 이내","범죄사건 처리 기간[명]","명","-","-","1","2","-","-","-","-","","","","","","","","","","","",
"민사소송법","검찰","2개월 이내","범죄사건 처리 기간[명]","명","1","-","1","-","-","1","-","-","","","","","","","","","","","",
"민사소송법","검찰","3개월 이내","범죄사건 처리 기간[명]","명","-","1","5","-","-","-","-","1","","","","","","","","","","","",
"민사소송법","검찰","6개월 이내","범죄사건 처리 기간[명]","명","1","1","1","-","-","-","-","-","","","","","","","","","","","",
"민사소송법","검찰","6개월 초과","범죄사건 처리 기간[명]","명","-","-","-","-","-","-","-","-","","","","","","","","","","","",
"밀항단속법","합계","계","범죄사건 처리 기간[명]","명","505","584","508","436","218","304","192","120","","","","","","","","","","","",
"밀항단속법","경찰","계","범죄사건 처리 기간[명]","명","249","287","252","211","109","144","94","58","","","","","","","","","","","",
"밀항단속법","경찰","10일 이내","범죄사건 처리 기간[명]","명","16","40","58","32","12","44","20","14","","","","","","","","","","","",
"밀항단속법","경찰","20일 이내","범죄사건 처리 기간[명]","명","6","14","15","13","9","31","17","12","","","","","","","","","","","",
"밀항단속법","경찰","1개월 이내","범죄사건 처리 기간[명]","명","49","50","51","34","16","11","6","9","","","","","","","","","","","",
"밀항단속법","경찰","2개월 이내","범죄사건 처리 기간[명]","명","34","45","19","23","21","23","13","7","","","","","","","","","","","",
"밀항단속법","경찰","3개월 이내","범죄사건 처리 기간[명]","명","48","9","7","12","16","13","11","3","","","","","","","","","","","",
"밀항단속법","경찰","6개월 이내","범죄사건 처리 기간[명]","명","95","129","102","96","35","19","25","8","","","","","","","","","","","",
"밀항단속법","경찰","6개월 초과","범죄사건 처리 기간[명]","명","1","-","-","1","-","3","2","5","","","","","","","","","","","",
"밀항단속법","검찰","계","범죄사건 처리 기간[명]","명","256","297","256","225","109","160","98","62","","","","","","","","","","","",
"밀항단속법","검찰","10일 이내","범죄사건 처리 기간[명]","명","187","245","160","119","67","85","31","33","","","","","","","","","","","",
"밀항단속법","검찰","20일 이내","범죄사건 처리 기간[명]","명","30","18","31","31","15","31","23","7","","","","","","","","","","","",
"밀항단속법","검찰","1개월 이내","범죄사건 처리 기간[명]","명","12","18","21","15","10","12","7","6","","","","","","","","","","","",
"밀항단속법","검찰","2개월 이내","범죄사건 처리 기간[명]","명","16","7","20","24","14","22","10","4","","","","","","","","","","","",
"밀항단속법","검찰","3개월 이내","범죄사건 처리 기간[명]","명","9","9","22","36","2","5","11","11","","","","","","","","","","","",
"밀항단속법","검찰","6개월 이내","범죄사건 처리 기간[명]","명","2","-","2","-","1","5","16","1","","","","","","","","","","","",
"밀항단속법","검찰","6개월 초과","범죄사건 처리 기간[명]","명","-","-","-","-","-","-","-","-","","","","","","","","","","","",
"방문판매등에관한법률","합계","계","범죄사건 처리 기간[명]","명","1461","1079","1894","4759","2078","1303","1072","1203","","","","","","","","","","","",
"방문판매등에관한법률","경찰","계","범죄사건 처리 기간[명]","명","692","532","932","2349","1036","640","602","659","","","","","","","","","","","",
"방문판매등에관한법률","경찰","10일 이내","범죄사건 처리 기간[명]","명","141","40","56","312","93","83","22","31","","","","","","","","","","","",
"방문판매등에관한법률","경찰","20일 이내","범죄사건 처리 기간[명]","명","43","7","9","51","18","49","28","13","","","","","","","","","","","",
"방문판매등에관한법률","경찰","1개월 이내","범죄사건 처리 기간[명]","명","135","28","228","216","65","29","35","12","","","","","","","","","","","",
"방문판매등에관한법률","경찰","2개월 이내","범죄사건 처리 기간[명]","명","34","27","73","283","140","135","162","77","","","","","","","","","","","",
"방문판매등에관한법률","경찰","3개월 이내","범죄사건 처리 기간[명]","명","23","35","65","197","65","110","118","109","","","","","","","","","","","",
"방문판매등에관한법률","경찰","6개월 이내","범죄사건 처리 기간[명]","명","311","388","472","1264","524","202","108","177","","","","","","","","","","","",
"방문판매등에관한법률","경찰","6개월 초과","범죄사건 처리 기간[명]","명","5","7","29","26","131","32","129","240","","","","","","","","","","","",
"방문판매등에관한법률","검찰","계","범죄사건 처리 기간[명]","명","769","547","962","2410","1042","663","470","544","","","","","","","","","","","",
"방문판매등에관한법률","검찰","10일 이내","범죄사건 처리 기간[명]","명","140","71","92","377","127","114","59","47","","","","","","","","","","","",
"방문판매등에관한법률","검찰","20일 이내","범죄사건 처리 기간[명]","명","76","37","145","218","93","78","112","39","","","","","","","","","","","",
"방문판매등에관한법률","검찰","1개월 이내","범죄사건 처리 기간[명]","명","24","24","41","159","51","50","9","12","","","","","","","","","","","",
"방문판매등에관한법률","검찰","2개월 이내","범죄사건 처리 기간[명]","명","43","60","207","385","113","53","73","21","","","","","","","","","","","",
"방문판매등에관한법률","검찰","3개월 이내","범죄사건 처리 기간[명]","명","285","242","242","927","365","80","48","93","","","","","","","","","","","",
"방문판매등에관한법률","검찰","6개월 이내","범죄사건 처리 기간[명]","명","155","110","232","286","290","263","124","301","","","","","","","","","","","",
"방문판매등에관한법률","검찰","6개월 초과","범죄사건 처리 기간[명]","명","46","3","3","58","3","25","45","31","","","","","","","","","","","",
"배타적경제수역에서의외국인어업등에관한법률","합계","계","범죄사건 처리 기간[명]","명","1187","1265","1052","846","763","984","967","922","","","","","","","","","","","",
"배타적경제수역에서의외국인어업등에관한법률","경찰","계","범죄사건 처리 기간[명]","명","589","631","523","423","379","469","370","436","272","558","445","221","190","172","63","69","43","56","44",
"배타적경제수역에서의외국인어업등에관한법률","경찰","10일 이내","범죄사건 처리 기간[명]","명","108","164","71","27","91","148","122","178","126","162","176","100","95","47","12","29","5","2","12",
"배타적경제수역에서의외국인어업등에관한법률","경찰","20일 이내","범죄사건 처리 기간[명]","명","-","1","2","7","41","96","61","68","43","97","71","67","41","60","9","16","7","11","7",
"배타적경제수역에서의외국인어업등에관한법률","경찰","1개월 이내","범죄사건 처리 기간[명]","명","266","104","42","10","15","68","44","32","35","100","80","25","15","27","1","9","12","7","9",
"배타적경제수역에서의외국인어업등에관한법률","경찰","2개월 이내","범죄사건 처리 기간[명]","명","5","58","52","30","15","122","95","87","33","136","68","26","21","7","3","12","8","15","6",
"배타적경제수역에서의외국인어업등에관한법률","경찰","3개월 이내","범죄사건 처리 기간[명]","명","8","5","9","30","14","20","22","33","15","30","7","2","16","30","16","3","11","10","6",
"배타적경제수역에서의외국인어업등에관한법률","경찰","6개월 이내","범죄사건 처리 기간[명]","명","202","298","347","319","203","12","24","20","17","26","16","1","-","-","18","-","0","11","2",
"배타적경제수역에서의외국인어업등에관한법률","경찰","6개월 초과","범죄사건 처리 기간[명]","명","-","1","-","-","-","3","2","18","3","7","27","","2","1","4","-","0","-","2",
"배타적경제수역에서의외국인어업등에관한법률","검찰","계","범죄사건 처리 기간[명]","명","598","634","529","423","384","515","597","486","332","538","481","350","234","189","97","102","54","73","71",
"배타적경제수역에서의외국인어업등에관한법률","검찰","10일 이내","범죄사건 처리 기간[명]","명","554","596","470","320","267","418","544","442","254","449","341","311","191","156","54","61","34","37","32",
"배타적경제수역에서의외국인어업등에관한법률","검찰","20일 이내","범죄사건 처리 기간[명]","명","37","31","50","74","72","43","46","39","49","53","54","16","17","10","25","14","6","13","10",
"배타적경제수역에서의외국인어업등에관한법률","검찰","1개월 이내","범죄사건 처리 기간[명]","명","6","6","5","17","34","45","7","2","8","15","16","13","8","17","3","12","4","4","6",
"배타적경제수역에서의외국인어업등에관한법률","검찰","2개월 이내","범죄사건 처리 기간[명]","명","1","1","4","12","7","5","-","3","7","12","20","6","14","4","6","11","5","6","15",
"배타적경제수역에서의외국인어업등에관한법률","검찰","3개월 이내","범죄사건 처리 기간[명]","명","-","-","-","-","4","4","-","-","5","8","40","4","3","1","2","1","4","9","2",
"배타적경제수역에서의외국인어업등에관한법률","검찰","6개월 이내","범죄사건 처리 기간[명]","명","-","-","-","-","-","-","-","-","9","1","10","","1","1","7","3","1","4","6",
"배타적경제수역에서의외국인어업등에관한법률","검찰","6개월 초과","범죄사건 처리 기간[명]","명","-","-","-","-","-","-","-","-","-","-","-","","-","-","-","-","0","-","-",
"범죄수익은닉의규제및처벌등에관한법률","합계","계","범죄사건 처리 기간[명]","명","45","60","71","71","62","137","241","218","","","","","","","","","","","",
"범죄수익은닉의규제및처벌등에관한법률","경찰","계","범죄사건 처리 기간[명]","명","14","14","23","30","27","28","109","73","123","91","180","126","162","96","110","106","184","327","421",
"범죄수익은닉의규제및처벌등에관한법률","경찰","10일 이내","범죄사건 처리 기간[명]","명","1","1","4","2","6","8","18","20","15","13","12","4","9","9","4","12","15","40","98",
"범죄수익은닉의규제및처벌등에관한법률","경찰","20일 이내","범죄사건 처리 기간[명]","명","-","-","-","3","-","2","4","5","10","8","9","1","8","1","-","3","7","12","15",
"범죄수익은닉의규제및처벌등에관한법률","경찰","1개월 이내","범죄사건 처리 기간[명]","명","4","-","2","1","2","2","7","13","4","2","30","2","19","2","3","-","6","13","22",
"범죄수익은닉의규제및처벌등에관한법률","경찰","2개월 이내","범죄사건 처리 기간[명]","명","-","-","4","-","5","4","25","2","4","12","22","20","12","11","8","12","8","22","18",
"범죄수익은닉의규제및처벌등에관한법률","경찰","3개월 이내","범죄사건 처리 기간[명]","명","5","3","3","2","11","2","23","4","21","10","38","8","7","22","30","12","19","47","35",
"범죄수익은닉의규제및처벌등에관한법률","경찰","6개월 이내","범죄사건 처리 기간[명]","명","4","10","10","22","3","9","9","14","53","32","36","62","72","39","37","28","68","94","79",
"범죄수익은닉의규제및처벌등에관한법률","경찰","6개월 초과","범죄사건 처리 기간[명]","명","-","-","-","-","-","1","23","15","16","14","33","29","35","12","28","39","61","99","154",
"범죄수익은닉의규제및처벌등에관한법률","검찰","계","범죄사건 처리 기간[명]","명","31","46","48","41","35","109","132","145","246","280","360","297","362","294","327","191","600","728","688",
"범죄수익은닉의규제및처벌등에관한법률","검찰","10일 이내","범죄사건 처리 기간[명]","명","14","29","23","16","4","47","42","49","65","108","91","89","156","147","174","97","383","408","289",
"범죄수익은닉의규제및처벌등에관한법률","검찰","20일 이내","범죄사건 처리 기간[명]","명","2","1","3","3","5","15","11","25","41","36","29","31","33","35","19","27","92","73","111",
"범죄수익은닉의규제및처벌등에관한법률","검찰","1개월 이내","범죄사건 처리 기간[명]","명","3","-","-","1","4","11","16","7","12","27","42","38","13","16","14","21","30","60","68",
"범죄수익은닉의규제및처벌등에관한법률","검찰","2개월 이내","범죄사건 처리 기간[명]","명","3","3","1","-","1","11","10","7","13","29","40","42","41","20","17","6","33","60","50",
"범죄수익은닉의규제및처벌등에관한법률","검찰","3개월 이내","범죄사건 처리 기간[명]","명","-","4","15","-","7","10","14","6","32","15","73","8","30","15","19","6","20","33","43",
"범죄수익은닉의규제및처벌등에관한법률","검찰","6개월 이내","범죄사건 처리 기간[명]","명","6","9","6","20","14","13","35","27","52","35","67","59","48","28","56","27","28","61","97",
"범죄수익은닉의규제및처벌등에관한법률","검찰","6개월 초과","범죄사건 처리 기간[명]","명","3","-","-","1","-","2","4","24","31","30","18","30","41","33","28","7","14","33","30",
"변호사법","합계","계","범죄사건 처리 기간[명]","명","1369","1168","1484","1638","1188","1202","1531","1426","","","","","","","","","","","",
"변호사법","경찰","계","범죄사건 처리 기간[명]","명","505","428","609","662","575","511","751","713","766","824","767","617","737","562","520","358","424","399","330",
"변호사법","경찰","10일 이내","범죄사건 처리 기간[명]","명","48","50","41","67","69","102","178","137","61","33","21","17","55","22","19","27","8","7","10",
"변호사법","경찰","20일 이내","범죄사건 처리 기간[명]","명","9","5","6","12","28","38","44","33","23","37","27","33","41","19","17","8","5","7","7",
"변호사법","경찰","1개월 이내","범죄사건 처리 기간[명]","명","40","39","37","54","38","34","43","45","33","30","31","41","33","20","27","6","6","6","13",
"변호사법","경찰","2개월 이내","범죄사건 처리 기간[명]","명","83","62","92","102","155","117","184","120","120","89","124","107","76","92","62","32","27","50","26",
"변호사법","경찰","3개월 이내","범죄사건 처리 기간[명]","명","71","66","91","85","112","110","142","161","174","116","118","111","130","114","88","47","42","39","44",
"변호사법","경찰","6개월 이내","범죄사건 처리 기간[명]","명","249","205","332","336","169","97","127","157","296","325","369","246","296","226","219","132","160","126","127",
"변호사법","경찰","6개월 초과","범죄사건 처리 기간[명]","명","5","1","10","6","4","13","33","60","59","194","77","62","106","69","88","106","176","164","103",
"변호사법","검찰","계","범죄사건 처리 기간[명]","명","864","740","875","976","613","691","780","713","908","1164","1162","983","717","618","578","217","189","211","195",
"변호사법","검찰","10일 이내","범죄사건 처리 기간[명]","명","350","288","294","317","158","234","167","138","151","296","269","196","119","82","73","39","36","35","28",
"변호사법","검찰","20일 이내","범죄사건 처리 기간[명]","명","92","94","106","112","61","91","81","61","113","145","147","87","89","40","30","32","11","28","30",
"변호사법","검찰","1개월 이내","범죄사건 처리 기간[명]","명","29","36","45","59","30","47","43","42","99","108","117","116","57","28","38","21","17","16","15",
"변호사법","검찰","2개월 이내","범죄사건 처리 기간[명]","명","82","73","95","105","72","79","109","81","94","109","134","151","72","65","48","28","38","26","34",
"변호사법","검찰","3개월 이내","범죄사건 처리 기간[명]","명","173","150","186","230","159","90","99","98","118","138","75","119","80","92","64","20","14","25","24",
"변호사법","검찰","6개월 이내","범죄사건 처리 기간[명]","명","120","92","140","145","130","133","210","203","258","274","278","226","191","172","136","53","56","67","42",
"변호사법","검찰","6개월 초과","범죄사건 처리 기간[명]","명","18","7","9","8","3","17","71","90","75","94","142","88","109","139","189","24","17","14","22",
"병역법","합계","계","범죄사건 처리 기간[명]","명","24894","23089","20204","18400","21718","19525","19646","25286","","","","","","","","","","","",
"병역법","경찰","계","범죄사건 처리 기간[명]","명","12298","11448","10019","9158","10855","9760","10043","12911","8581","7562","7124","7862","7388","6733","2376","1711","3691","5542","5332",
"병역법","경찰","10일 이내","범죄사건 처리 기간[명]","명","1401","2043","2195","2546","3882","3357","3514","4807","2433","1835","2307","2775","2534","2484","408","218","1037","1535","1532",
"병역법","경찰","20일 이내","범죄사건 처리 기간[명]","명","421","594","462","524","1944","2192","2272","2897","1740","1340","1396","1629","1523","1438","403","238","850","1257","1198",
"병역법","경찰","1개월 이내","범죄사건 처리 기간[명]","명","2197","1893","1458","1375","1539","1412","1356","1633","1148","836","743","859","872","751","321","213","487","755","686",
"병역법","경찰","2개월 이내","범죄사건 처리 기간[명]","명","1918","1430","1223","1022","1980","2153","2105","2518","1973","1313","1116","1110","1078","1019","563","436","627","1103","991",
"병역법","경찰","3개월 이내","범죄사건 처리 기간[명]","명","1024","781","557","302","485","541","669","750","855","751","641","589","528","505","351","265","324","486","478",
"병역법","경찰","6개월 이내","범죄사건 처리 기간[명]","명","5325","4702","4119","3386","1021","103","111","234","356","469","591","543","587","456","283","301","272","353","372",
"병역법","경찰","6개월 초과","범죄사건 처리 기간[명]","명","12","5","5","3","4","2","16","72","76","1018","330","357","266","80","47","40","94","53","75",
"병역법","검찰","계","범죄사건 처리 기간[명]","명","12596","11641","10185","9242","10863","9765","9603","12375","8369","7381","6943","7804","7324","6744","2383","1011","2932","4679","4369",
"병역법","검찰","10일 이내","범죄사건 처리 기간[명]","명","9113","8445","7516","6552","7898","7387","7067","9266","5564","5007","4889","5716","5341","4960","1455","561","1735","3002","3067",
"병역법","검찰","20일 이내","범죄사건 처리 기간[명]","명","2074","1906","1508","1526","1584","1240","1388","1767","1583","1300","1126","1174","1032","841","344","160","421","575","521",
"병역법","검찰","1개월 이내","범죄사건 처리 기간[명]","명","725","625","501","562","656","559","596","681","636","564","461","460","426","429","180","112","266","383","298",
"병역법","검찰","2개월 이내","범죄사건 처리 기간[명]","명","497","450","446","448","438","413","403","466","358","335","285","282","287","246","213","81","264","363","238",
"병역법","검찰","3개월 이내","범죄사건 처리 기간[명]","명","148","181","179","123","173","123","109","137","137","112","103","96","125","140","93","54","145","170","108",
"병역법","검찰","6개월 이내","범죄사건 처리 기간[명]","명","39","32","35","31","114","43","40","56","88","60","76","72","97","118","82","40","96","173","124",
"병역법","검찰","6개월 초과","범죄사건 처리 기간[명]","명","-","2","-","-","-","-","-","2","3","3","3","4","16","10","16","3","5","13","13",
"보건범죄단속에관한특별조치법","합계","계","범죄사건 처리 기간[명]","명","52","24","1124","1756","970","1116","1030","1141","","","","","","","","","","","",
"보건범죄단속에관한특별조치법","경찰","계","범죄사건 처리 기간[명]","명","26","12","550","869","483","549","550","583","","","","","","","","","","","",
"보건범죄단속에관한특별조치법","경찰","10일 이내","범죄사건 처리 기간[명]","명","1","-","53","70","60","69","83","84","","","","","","","","","","","",
"보건범죄단속에관한특별조치법","경찰","20일 이내","범죄사건 처리 기간[명]","명","-","-","9","11","35","55","40","58","","","","","","","","","","","",
"보건범죄단속에관한특별조치법","경찰","1개월 이내","범죄사건 처리 기간[명]","명","6","5","45","147","121","144","48","36","","","","","","","","","","","",
"보건범죄단속에관한특별조치법","경찰","2개월 이내","범죄사건 처리 기간[명]","명","6","-","50","57","64","116","120","157","","","","","","","","","","","",
"보건범죄단속에관한특별조치법","경찰","3개월 이내","범죄사건 처리 기간[명]","명","2","-","50","59","45","87","85","142","","","","","","","","","","","",
"보건범죄단속에관한특별조치법","경찰","6개월 이내","범죄사건 처리 기간[명]","명","11","5","340","522","154","61","139","69","","","","","","","","","","","",
"보건범죄단속에관한특별조치법","경찰","6개월 초과","범죄사건 처리 기간[명]","명","-","2","3","3","4","17","35","37","","","","","","","","","","","",
"보건범죄단속에관한특별조치법","검찰","계","범죄사건 처리 기간[명]","명","26","12","574","887","487","567","480","558","","","","","","","","","","","",
"보건범죄단속에관한특별조치법","검찰","10일 이내","범죄사건 처리 기간[명]","명","6","3","149","367","174","178","118","112","","","","","","","","","","","",
"보건범죄단속에관한특별조치법","검찰","20일 이내","범죄사건 처리 기간[명]","명","6","1","90","129","58","89","106","116","","","","","","","","","","","",
"보건범죄단속에관한특별조치법","검찰","1개월 이내","범죄사건 처리 기간[명]","명","-","-","67","68","34","40","48","56","","","","","","","","","","","",
"보건범죄단속에관한특별조치법","검찰","2개월 이내","범죄사건 처리 기간[명]","명","1","-","92","71","55","85","54","58","","","","","","","","","","","",
"보건범죄단속에관한특별조치법","검찰","3개월 이내","범죄사건 처리 기간[명]","명","2","5","151","182","151","54","40","73","","","","","","","","","","","",
"보건범죄단속에관한특별조치법","검찰","6개월 이내","범죄사건 처리 기간[명]","명","7","-","24","70","15","121","81","133","","","","","","","","","","","",
"보건범죄단속에관한특별조치법","검찰","6개월 초과","범죄사건 처리 기간[명]","명","4","3","1","-","-","-","33","10","","","","","","","","","","","",
"보조금관리에관한법률","경찰","계","범죄사건 처리 기간[명]","명","","","","","","","","","1586","2255","1551","1733","782","3848","3005","1232","1318","1932","1095",
"보조금관리에관한법률","경찰","10일 이내","범죄사건 처리 기간[명]","명","","","","","","","","","163","282","57","72","73","470","266","120","88","112","68",
"보조금관리에관한법률","경찰","20일 이내","범죄사건 처리 기간[명]","명","","","","","","","","","137","97","15","143","23","301","189","44","31","25","12",
"보조금관리에관한법률","경찰","1개월 이내","범죄사건 처리 기간[명]","명","","","","","","","","","38","77","64","113","48","452","162","49","41","58","27",
"보조금관리에관한법률","경찰","2개월 이내","범죄사건 처리 기간[명]","명","","","","","","","","","248","440","183","309","112","952","544","98","106","133","64",
"보조금관리에관한법률","경찰","3개월 이내","범죄사건 처리 기간[명]","명","","","","","","","","","180","243","234","186","95","687","396","159","173","213","63",
"보조금관리에관한법률","경찰","6개월 이내","범죄사건 처리 기간[명]","명","","","","","","","","","468","332","363","491","215","611","737","350","275","536","290",
"보조금관리에관한법률","경찰","6개월 초과","범죄사건 처리 기간[명]","명","","","","","","","","","352","784","635","419","216","375","711","412","604","855","571",
"보조금관리에관한법률","검찰","계","범죄사건 처리 기간[명]","명","","","","","","","","","1427","1893","1439","1551","680","3438","2756","941","1018","1535","795",
"보조금관리에관한법률","검찰","10일 이내","범죄사건 처리 기간[명]","명","","","","","","","","","138","242","148","168","116","525","537","142","89","331","50",
"보조금관리에관한법률","검찰","20일 이내","범죄사건 처리 기간[명]","명","","","","","","","","","188","215","59","73","49","311","193","92","64","135","85",
"보조금관리에관한법률","검찰","1개월 이내","범죄사건 처리 기간[명]","명","","","","","","","","","111","122","47","88","24","265","157","122","101","303","209",
"보조금관리에관한법률","검찰","2개월 이내","범죄사건 처리 기간[명]","명","","","","","","","","","282","274","128","327","72","312","271","105","127","158","45",
"보조금관리에관한법률","검찰","3개월 이내","범죄사건 처리 기간[명]","명","","","","","","","","","178","229","156","177","69","268","332","146","268","88","54",
"보조금관리에관한법률","검찰","6개월 이내","범죄사건 처리 기간[명]","명","","","","","","","","","451","679","551","540","227","1193","776","312","287","453","247",
"보조금관리에관한법률","검찰","6개월 초과","범죄사건 처리 기간[명]","명","","","","","","","","","79","132","350","178","123","564","490","22","82","67","105",
"부동산등기특별조치법","합계","계","범죄사건 처리 기간[명]","명","3008","333","451","359","359","255","362","320","","","","","","","","","","","",
"부동산등기특별조치법","경찰","계","범죄사건 처리 기간[명]","명","1404","135","213","171","178","109","196","167","","","","","","","","","","","",
"부동산등기특별조치법","경찰","10일 이내","범죄사건 처리 기간[명]","명","17","12","13","36","17","8","10","9","","","","","","","","","","","",
"부동산등기특별조치법","경찰","20일 이내","범죄사건 처리 기간[명]","명","5","3","13","5","17","5","12","23","","","","","","","","","","","",
"부동산등기특별조치법","경찰","1개월 이내","범죄사건 처리 기간[명]","명","144","7","13","18","8","22","20","13","","","","","","","","","","","",
"부동산등기특별조치법","경찰","2개월 이내","범죄사건 처리 기간[명]","명","74","12","33","28","58","31","73","51","","","","","","","","","","","",
"부동산등기특별조치법","경찰","3개월 이내","범죄사건 처리 기간[명]","명","169","20","39","26","32","33","50","39","","","","","","","","","","","",
"부동산등기특별조치법","경찰","6개월 이내","범죄사건 처리 기간[명]","명","976","76","102","58","46","9","29","29","","","","","","","","","","","",
"부동산등기특별조치법","경찰","6개월 초과","범죄사건 처리 기간[명]","명","19","5","-","-","-","1","2","3","","","","","","","","","","","",
"부동산등기특별조치법","검찰","계","범죄사건 처리 기간[명]","명","1604","198","238","188","181","146","166","153","","","","","","","","","","","",
"부동산등기특별조치법","검찰","10일 이내","범죄사건 처리 기간[명]","명","569","58","78","77","64","48","46","63","","","","","","","","","","","",
"부동산등기특별조치법","검찰","20일 이내","범죄사건 처리 기간[명]","명","253","22","29","16","10","6","5","14","","","","","","","","","","","",
"부동산등기특별조치법","검찰","1개월 이내","범죄사건 처리 기간[명]","명","264","21","12","23","10","16","30","21","","","","","","","","","","","",
"부동산등기특별조치법","검찰","2개월 이내","범죄사건 처리 기간[명]","명","184","25","45","12","26","39","23","13","","","","","","","","","","","",
"부동산등기특별조치법","검찰","3개월 이내","범죄사건 처리 기간[명]","명","221","32","41","43","44","16","26","16","","","","","","","","","","","",
"부동산등기특별조치법","검찰","6개월 이내","범죄사건 처리 기간[명]","명","110","40","33","17","22","21","34","20","","","","","","","","","","","",
"부동산등기특별조치법","검찰","6개월 초과","범죄사건 처리 기간[명]","명","3","-","-","-","5","-","2","6","","","","","","","","","","","",
"부동산실권리자명의등기에관한법률","합계","계","범죄사건 처리 기간[명]","명","1949","1297","1824","2058","1853","2016","2128","2590","","","","","","","","","","","",
"부동산실권리자명의등기에관한법률","경찰","계","범죄사건 처리 기간[명]","명","800","530","849","962","920","966","1086","1351","1054","926","1428","1161","1018","895","1033","1018","1008","974","764",
"부동산실권리자명의등기에관한법률","경찰","10일 이내","범죄사건 처리 기간[명]","명","27","37","56","74","86","166","136","151","60","50","63","80","47","41","94","105","66","61","72",
"부동산실권리자명의등기에관한법률","경찰","20일 이내","범죄사건 처리 기간[명]","명","15","5","14","17","59","109","100","128","95","53","51","66","51","51","73","25","48","46","24",
"부동산실권리자명의등기에관한법률","경찰","1개월 이내","범죄사건 처리 기간[명]","명","80","48","70","127","121","89","118","122","80","57","74","93","67","100","53","22","39","53","38",
"부동산실권리자명의등기에관한법률","경찰","2개월 이내","범죄사건 처리 기간[명]","명","87","55","124","178","232","230","304","356","239","155","191","203","225","175","180","93","84","89","70",
"부동산실권리자명의등기에관한법률","경찰","3개월 이내","범죄사건 처리 기간[명]","명","140","97","121","104","158","163","227","302","251","143","179","189","192","195","166","115","102","94","78",
"부동산실권리자명의등기에관한법률","경찰","6개월 이내","범죄사건 처리 기간[명]","명","419","261","447","456","257","194","162","241","262","264","775","389","265","250","367","422","301","212","233",
"부동산실권리자명의등기에관한법률","경찰","6개월 초과","범죄사건 처리 기간[명]","명","32","27","17","6","7","15","39","51","67","204","95","141","171","83","100","236","368","419","249",
"부동산실권리자명의등기에관한법률","검찰","계","범죄사건 처리 기간[명]","명","1149","767","975","1096","933","1050","1042","1239","1026","930","1467","1024","932","915","1071","622","439","549","369",
"부동산실권리자명의등기에관한법률","검찰","10일 이내","범죄사건 처리 기간[명]","명","407","303","333","462","369","502","432","390","312","282","242","307","262","228","319","163","139","112","88",
"부동산실권리자명의등기에관한법률","검찰","20일 이내","범죄사건 처리 기간[명]","명","128","47","163","121","98","100","113","110","117","63","103","80","68","76","87","56","39","94","59",
"부동산실권리자명의등기에관한법률","검찰","1개월 이내","범죄사건 처리 기간[명]","명","53","71","66","67","69","65","83","139","94","89","87","66","58","62","54","105","40","56","49",
"부동산실권리자명의등기에관한법률","검찰","2개월 이내","범죄사건 처리 기간[명]","명","100","76","101","162","115","86","86","172","88","121","148","111","108","113","105","104","57","68","64",
"부동산실권리자명의등기에관한법률","검찰","3개월 이내","범죄사건 처리 기간[명]","명","306","138","179","169","182","151","88","116","152","120","84","94","95","120","108","51","46","30","24",
"부동산실권리자명의등기에관한법률","검찰","6개월 이내","범죄사건 처리 기간[명]","명","148","125","125","110","92","126","190","237","194","175","261","302","168","222","247","139","99","159","59",
"부동산실권리자명의등기에관한법률","검찰","6개월 초과","범죄사건 처리 기간[명]","명","7","7","8","5","8","20","50","75","69","80","542","64","173","94","151","4","19","30","26",
"부동산중개업법","합계","계","범죄사건 처리 기간[명]","명","2266","351","163","12","10","92","71","53","","","","","","","","","","","",
"부동산중개업법","경찰","계","범죄사건 처리 기간[명]","명","1028","154","79","5","5","46","36","29","","","","","","","","","","","",
"부동산중개업법","경찰","10일 이내","범죄사건 처리 기간[명]","명","40","8","7","-","2","5","1","2","","","","","","","","","","","",
"부동산중개업법","경찰","20일 이내","범죄사건 처리 기간[명]","명","21","3","2","-","-","5","1","-","","","","","","","","","","","",
"부동산중개업법","경찰","1개월 이내","범죄사건 처리 기간[명]","명","98","11","7","1","-","1","5","1","","","","","","","","","","","",
"부동산중개업법","경찰","2개월 이내","범죄사건 처리 기간[명]","명","128","14","7","2","-","9","14","9","","","","","","","","","","","",
"부동산중개업법","경찰","3개월 이내","범죄사건 처리 기간[명]","명","139","29","14","-","2","19","15","10","","","","","","","","","","","",
"부동산중개업법","경찰","6개월 이내","범죄사건 처리 기간[명]","명","593","85","39","2","-","7","-","7","","","","","","","","","","","",
"부동산중개업법","경찰","6개월 초과","범죄사건 처리 기간[명]","명","9","4","3","-","1","-","-","-","","","","","","","","","","","",
"부동산중개업법","검찰","계","범죄사건 처리 기간[명]","명","1238","197","84","7","5","46","35","24","","","","","","","","","","","",
"부동산중개업법","검찰","10일 이내","범죄사건 처리 기간[명]","명","432","69","29","4","3","26","12","15","","","","","","","","","","","",
"부동산중개업법","검찰","20일 이내","범죄사건 처리 기간[명]","명","119","27","11","-","-","2","11","1","","","","","","","","","","","",
"부동산중개업법","검찰","1개월 이내","범죄사건 처리 기간[명]","명","71","11","4","-","-","5","-","2","","","","","","","","","","","",
"부동산중개업법","검찰","2개월 이내","범죄사건 처리 기간[명]","명","126","20","15","1","-","7","6","2","","","","","","","","","","","",
"부동산중개업법","검찰","3개월 이내","범죄사건 처리 기간[명]","명","319","46","10","2","2","3","3","3","","","","","","","","","","","",
"부동산중개업법","검찰","6개월 이내","범죄사건 처리 기간[명]","명","145","22","15","-","-","3","3","1","","","","","","","","","","","",
"부동산중개업법","검찰","6개월 초과","범죄사건 처리 기간[명]","명","26","2","-","-","-","-","-","-","","","","","","","","","","","",
"부정경쟁방지및영업비밀보호에관한법률","합계","계","범죄사건 처리 기간[명]","명","1611","1377","2048","2253","1530","1520","2194","2595","","","","","","","","","","","",
"부정경쟁방지및영업비밀보호에관한법률","경찰","계","범죄사건 처리 기간[명]","명","733","641","968","1091","763","744","1230","1457","1102","1032","1232","1057","1243","1172","1357","844","971","906","1040",
"부정경쟁방지및영업비밀보호에관한법률","경찰","10일 이내","범죄사건 처리 기간[명]","명","57","6","43","47","16","41","37","50","12","20","15","25","32","13","21","91","14","23","18",
"부정경쟁방지및영업비밀보호에관한법률","경찰","20일 이내","범죄사건 처리 기간[명]","명","5","12","13","16","26","14","72","46","36","38","31","32","42","41","12","7","12","12","21",
"부정경쟁방지및영업비밀보호에관한법률","경찰","1개월 이내","범죄사건 처리 기간[명]","명","67","32","59","64","56","34","70","73","37","24","39","49","56","42","65","24","11","16","19",
"부정경쟁방지및영업비밀보호에관한법률","경찰","2개월 이내","범죄사건 처리 기간[명]","명","93","108","135","149","143","146","205","306","151","101","138","160","220","168","180","69","52","61","71",
"부정경쟁방지및영업비밀보호에관한법률","경찰","3개월 이내","범죄사건 처리 기간[명]","명","105","93","154","107","142","173","272","317","266","147","253","183","208","191","188","71","80","90","113",
"부정경쟁방지및영업비밀보호에관한법률","경찰","6개월 이내","범죄사건 처리 기간[명]","명","398","386","559","691","356","221","314","367","371","287","431","371","443","369","442","214","243","238","288",
"부정경쟁방지및영업비밀보호에관한법률","경찰","6개월 초과","범죄사건 처리 기간[명]","명","8","4","5","17","24","115","260","298","229","415","325","237","242","348","449","368","559","466","510",
"부정경쟁방지및영업비밀보호에관한법률","검찰","계","범죄사건 처리 기간[명]","명","878","736","1080","1162","767","776","964","1138","1014","932","1119","983","1063","1044","1336","402","492","420","430",
"부정경쟁방지및영업비밀보호에관한법률","검찰","10일 이내","범죄사건 처리 기간[명]","명","203","171","248","281","146","177","128","157","119","133","102","115","170","148","180","84","85","82","76",
"부정경쟁방지및영업비밀보호에관한법률","검찰","20일 이내","범죄사건 처리 기간[명]","명","135","54","83","127","79","98","72","69","40","53","40","44","88","58","62","55","46","32","51",
"부정경쟁방지및영업비밀보호에관한법률","검찰","1개월 이내","범죄사건 처리 기간[명]","명","24","23","59","70","41","28","51","60","38","64","72","37","70","47","57","59","109","51","75",
"부정경쟁방지및영업비밀보호에관한법률","검찰","2개월 이내","범죄사건 처리 기간[명]","명","64","87","100","87","94","76","112","66","72","80","92","126","101","83","130","46","62","37","49",
"부정경쟁방지및영업비밀보호에관한법률","검찰","3개월 이내","범죄사건 처리 기간[명]","명","151","164","294","262","181","92","94","196","138","143","120","103","108","94","147","33","46","33","26",
"부정경쟁방지및영업비밀보호에관한법률","검찰","6개월 이내","범죄사건 처리 기간[명]","명","195","221","242","244","201","259","328","429","404","289","447","387","337","387","453","91","98","126","94",
"부정경쟁방지및영업비밀보호에관한법률","검찰","6개월 초과","범죄사건 처리 기간[명]","명","106","16","54","91","25","46","179","161","203","170","246","171","189","227","307","34","46","59","59",
"부정수표단속법","합계","계","범죄사건 처리 기간[명]","명","19704","13855","13609","15058","9702","8574","7510","6077","","","","","","","","","","","",
"부정수표단속법","경찰","계","범죄사건 처리 기간[명]","명","9627","6811","6727","7425","4848","4268","3963","3198","2514","1947","1549","1230","1119","1080","711","386","370","479","368",
"부정수표단속법","경찰","10일 이내","범죄사건 처리 기간[명]","명","639","739","869","1240","998","913","792","554","371","247","268","196","188","187","128","33","47","49","51",
"부정수표단속법","경찰","20일 이내","범죄사건 처리 기간[명]","명","197","180","202","252","558","677","660","472","325","214","179","169","136","136","85","32","32","45","49",
"부정수표단속법","경찰","1개월 이내","범죄사건 처리 기간[명]","명","1262","796","798","972","641","547","482","370","303","190","175","138","126","106","74","37","49","45","33",
"부정수표단속법","경찰","2개월 이내","범죄사건 처리 기간[명]","명","1537","936","1060","1272","1185","1233","1192","1040","702","447","354","278","262","240","160","83","84","105","81",
"부정수표단속법","경찰","3개월 이내","범죄사건 처리 기간[명]","명","1385","967","847","608","518","578","593","469","456","275","244","226","183","174","102","51","37","60","49",
"부정수표단속법","경찰","6개월 이내","범죄사건 처리 기간[명]","명","4569","3169","2943","3073","927","259","187","194","295","228","229","153","182","201","123","100","72","106","60",
"부정수표단속법","경찰","6개월 초과","범죄사건 처리 기간[명]","명","38","24","8","8","21","61","57","99","62","346","100","70","42","36","39","50","49","69","45",
"부정수표단속법","검찰","계","범죄사건 처리 기간[명]","명","10077","7044","6882","7633","4854","4306","3547","2879","2387","1833","1461","1198","1069","1076","712","184","176","211","167",
"부정수표단속법","검찰","10일 이내","범죄사건 처리 기간[명]","명","6148","4157","4008","4456","2804","2679","2051","1657","1222","879","655","559","503","459","319","87","77","65","60",
"부정수표단속법","검찰","20일 이내","범죄사건 처리 기간[명]","명","1446","1018","933","1033","684","523","512","363","346","272","226","176","138","141","86","23","20","26","6",
"부정수표단속법","검찰","1개월 이내","범죄사건 처리 기간[명]","명","677","541","588","600","394","303","302","248","201","171","133","108","90","99","41","21","7","15","38",
"부정수표단속법","검찰","2개월 이내","범죄사건 처리 기간[명]","명","861","631","613","736","452","402","342","254","241","234","147","119","118","116","67","20","24","30","15",
"부정수표단속법","검찰","3개월 이내","범죄사건 처리 기간[명]","명","747","488","549","592","372","218","167","165","165","131","141","96","83","88","46","18","21","18","14",
"부정수표단속법","검찰","6개월 이내","범죄사건 처리 기간[명]","명","196","205","189","214","145","178","163","166","195","127","142","120","113","133","103","15","24","42","24",
"부정수표단속법","검찰","6개월 초과","범죄사건 처리 기간[명]","명","2","4","2","2","3","3","10","26","17","19","17","20","24","40","50","-","3","15","10",
"사행행위등규제및처벌특례법","합계","계","범죄사건 처리 기간[명]","명","5279","8154","17986","17877","11891","8770","6741","5073","","","","","","","","","","","",
"사행행위등규제및처벌특례법","경찰","계","범죄사건 처리 기간[명]","명","2368","3920","8777","8715","5934","4271","3392","2568","2003","1651","1209","588","398","387","444","327","260","134","114",
"사행행위등규제및처벌특례법","경찰","10일 이내","범죄사건 처리 기간[명]","명","278","406","1182","1405","1114","846","669","360","292","211","181","78","58","65","39","25","16","4","10",
"사행행위등규제및처벌특례법","경찰","20일 이내","범죄사건 처리 기간[명]","명","90","120","393","309","596","677","410","295","232","157","114","80","54","38","52","23","6","11","5",
"사행행위등규제및처벌특례법","경찰","1개월 이내","범죄사건 처리 기간[명]","명","438","606","1318","1164","821","562","382","248","234","115","93","55","54","37","55","17","18","11","11",
"사행행위등규제및처벌특례법","경찰","2개월 이내","범죄사건 처리 기간[명]","명","322","571","1192","1137","1051","1012","762","564","448","213","199","130","88","73","90","44","48","24","16",
"사행행위등규제및처벌특례법","경찰","3개월 이내","범죄사건 처리 기간[명]","명","189","290","792","650","591","529","506","412","319","170","110","67","51","67","82","59","29","13","16",
"사행행위등규제및처벌특례법","경찰","6개월 이내","범죄사건 처리 기간[명]","명","1050","1914","3858","3979","1628","498","516","530","328","283","144","73","60","80","65","82","83","34","42",
"사행행위등규제및처벌특례법","경찰","6개월 초과","범죄사건 처리 기간[명]","명","1","13","42","71","133","147","147","159","150","502","368","105","33","27","61","77","60","37","14",
"사행행위등규제및처벌특례법","검찰","계","범죄사건 처리 기간[명]","명","2911","4234","9209","9162","5957","4499","3349","2505","1956","1569","1139","600","418","369","427","309","240","117","98",
"사행행위등규제및처벌특례법","검찰","10일 이내","범죄사건 처리 기간[명]","명","1737","2020","4169","4651","3052","2457","1573","914","756","619","500","234","159","133","115","107","66","23","32",
"사행행위등규제및처벌특례법","검찰","20일 이내","범죄사건 처리 기간[명]","명","605","690","1645","1615","987","665","606","389","335","265","206","120","72","70","53","25","23","22","11",
"사행행위등규제및처벌특례법","검찰","1개월 이내","범죄사건 처리 기간[명]","명","208","410","1128","775","556","360","273","253","209","160","111","50","36","16","44","35","20","15","14",
"사행행위등규제및처벌특례법","검찰","2개월 이내","범죄사건 처리 기간[명]","명","187","417","1079","938","463","386","303","303","164","172","102","65","40","47","50","32","24","13","7",
"사행행위등규제및처벌특례법","검찰","3개월 이내","범죄사건 처리 기간[명]","명","158","545","963","1009","695","277","208","166","145","128","67","57","30","25","38","32","21","10","1",
"사행행위등규제및처벌특례법","검찰","6개월 이내","범죄사건 처리 기간[명]","명","16","141","225","174","201","348","378","423","336","201","130","62","70","64","113","78","81","32","22",
"사행행위등규제및처벌특례법","검찰","6개월 초과","범죄사건 처리 기간[명]","명","-","11","-","-","3","6","8","57","11","24","23","12","11","14","14","-","5","2","11",
"산림법","합계","계","범죄사건 처리 기간[명]","명","1868","2050","","","","","","","","","","","","","","","","","",
"산림법","경찰","계","범죄사건 처리 기간[명]","명","738","840","","","","","","","","","","","","","","","","","",
"산림법","경찰","10일 이내","범죄사건 처리 기간[명]","명","19","25","","","","","","","","","","","","","","","","","",
"산림법","경찰","20일 이내","범죄사건 처리 기간[명]","명","38","47","","","","","","","","","","","","","","","","","",
"산림법","경찰","1개월 이내","범죄사건 처리 기간[명]","명","103","132","","","","","","","","","","","","","","","","","",
"산림법","경찰","2개월 이내","범죄사건 처리 기간[명]","명","228","260","","","","","","","","","","","","","","","","","",
"산림법","경찰","3개월 이내","범죄사건 처리 기간[명]","명","121","103","","","","","","","","","","","","","","","","","",
"산림법","경찰","6개월 이내","범죄사건 처리 기간[명]","명","206","237","","","","","","","","","","","","","","","","","",
"산림법","경찰","6개월 초과","범죄사건 처리 기간[명]","명","23","36","","","","","","","","","","","","","","","","","",
"산림법","검찰","계","범죄사건 처리 기간[명]","명","1130","1210","","","","","","","","","","","","","","","","","",
"산림법","검찰","10일 이내","범죄사건 처리 기간[명]","명","585","603","","","","","","","","","","","","","","","","","",
"산림법","검찰","20일 이내","범죄사건 처리 기간[명]","명","190","224","","","","","","","","","","","","","","","","","",
"산림법","검찰","1개월 이내","범죄사건 처리 기간[명]","명","138","148","","","","","","","","","","","","","","","","","",
"산림법","검찰","2개월 이내","범죄사건 처리 기간[명]","명","85","116","","","","","","","","","","","","","","","","","",
"산림법","검찰","3개월 이내","범죄사건 처리 기간[명]","명","85","89","","","","","","","","","","","","","","","","","",
"산림법","검찰","6개월 이내","범죄사건 처리 기간[명]","명","40","29","","","","","","","","","","","","","","","","","",
"산림법","검찰","6개월 초과","범죄사건 처리 기간[명]","명","7","1","","","","","","","","","","","","","","","","","",
"산림자원의조성및관리에관한법률","합계","계","범죄사건 처리 기간[명]","명","","","2009","2515","1119","1480","1697","1335","","","","","","","","","","","",
"산림자원의조성및관리에관한법률","경찰","계","범죄사건 처리 기간[명]","명","","","802","1069","504","572","685","550","619","671","634","584","546","480","534","444","342","338","310",
"산림자원의조성및관리에관한법률","경찰","10일 이내","범죄사건 처리 기간[명]","명","","","46","78","71","43","58","55","43","47","67","37","33","31","21","34","6","9","14",
"산림자원의조성및관리에관한법률","경찰","20일 이내","범죄사건 처리 기간[명]","명","","","47","42","47","40","94","46","67","59","46","49","48","37","41","15","12","9","15",
"산림자원의조성및관리에관한법률","경찰","1개월 이내","범죄사건 처리 기간[명]","명","","","94","123","87","71","67","75","66","70","77","71","67","59","62","40","27","31","12",
"산림자원의조성및관리에관한법률","경찰","2개월 이내","범죄사건 처리 기간[명]","명","","","203","221","127","167","173","152","176","215","212","122","160","115","152","84","63","76","66",
"산림자원의조성및관리에관한법률","경찰","3개월 이내","범죄사건 처리 기간[명]","명","","","106","154","84","114","162","96","115","119","97","105","104","111","112","80","72","64","44",
"산림자원의조성및관리에관한법률","경찰","6개월 이내","범죄사건 처리 기간[명]","명","","","282","414","71","86","94","86","120","86","74","102","76","97","88","138","87","85","92",
"산림자원의조성및관리에관한법률","경찰","6개월 초과","범죄사건 처리 기간[명]","명","","","24","37","17","51","37","40","32","75","61","98","58","30","58","53","75","64","67",
"산림자원의조성및관리에관한법률","검찰","계","범죄사건 처리 기간[명]","명","","","1207","1446","615","908","1012","785","919","1107","1017","994","800","915","960","763","635","596","495",
"산림자원의조성및관리에관한법률","검찰","10일 이내","범죄사건 처리 기간[명]","명","","","553","628","254","438","482","323","397","558","488","471","350","458","497","387","300","252","183",
"산림자원의조성및관리에관한법률","검찰","20일 이내","범죄사건 처리 기간[명]","명","","","197","238","118","134","171","141","141","162","182","170","152","148","146","92","93","73","78",
"산림자원의조성및관리에관한법률","검찰","1개월 이내","범죄사건 처리 기간[명]","명","","","139","141","92","102","115","98","115","120","114","80","94","83","79","60","48","79","56",
"산림자원의조성및관리에관한법률","검찰","2개월 이내","범죄사건 처리 기간[명]","명","","","131","206","53","100","83","72","87","120","96","70","60","89","79","82","72","63","64",
"산림자원의조성및관리에관한법률","검찰","3개월 이내","범죄사건 처리 기간[명]","명","","","160","194","80","65","55","67","71","67","51","76","50","62","57","55","56","31","35",
"산림자원의조성및관리에관한법률","검찰","6개월 이내","범죄사건 처리 기간[명]","명","","","27","38","18","68","102","79","93","66","80","115","75","67","89","84","64","85","71",
"산림자원의조성및관리에관한법률","검찰","6개월 초과","범죄사건 처리 기간[명]","명","","","-","1","-","1","4","5","15","14","6","12","19","8","13","3","2","13","8",
"산업안전보건법","합계","계","범죄사건 처리 기간[명]","명","5960","5968","5666","5942","3593","6123","15092","14693","","","","","","","","","","","",
"산업안전보건법","경찰","계","범죄사건 처리 기간[명]","명","1464","1478","1415","1635","1030","1699","3934","3940","2600","2330","3504","3842","3351","3118","2014","2248","2011","1407","1324",
"산업안전보건법","경찰","10일 이내","범죄사건 처리 기간[명]","명","48","22","33","51","23","79","141","104","67","59","57","111","104","118","46","58","46","28","19",
"산업안전보건법","경찰","20일 이내","범죄사건 처리 기간[명]","명","88","39","51","77","55","86","235","152","86","79","115","185","126","121","55","104","56","34","33",
"산업안전보건법","경찰","1개월 이내","범죄사건 처리 기간[명]","명","208","225","179","334","127","371","1012","694","476","415","652","810","550","716","341","422","306","163","143",
"산업안전보건법","경찰","2개월 이내","범죄사건 처리 기간[명]","명","583","553","489","577","288","559","1326","1441","832","777","1312","1181","1063","903","572","645","573","344","296",
"산업안전보건법","경찰","3개월 이내","범죄사건 처리 기간[명]","명","413","526","451","428","273","413","790","893","646","631","918","1065","933","799","534","549","486","377","345",
"산업안전보건법","경찰","6개월 이내","범죄사건 처리 기간[명]","명","89","87","174","138","236","170","342","470","362","269","361","393","495","341","341","322","400","299","291",
"산업안전보건법","경찰","6개월 초과","범죄사건 처리 기간[명]","명","35","26","38","30","28","21","88","186","131","100","89","97","80","120","125","148","144","162","197",
"산업안전보건법","검찰","계","범죄사건 처리 기간[명]","명","4496","4490","4251","4307","2563","4424","11158","10753","9298","8538","12047","13472","12810","15776","10136","9626","8713","5741","3545",
"산업안전보건법","검찰","10일 이내","범죄사건 처리 기간[명]","명","1101","1104","914","837","742","1489","4474","4374","3635","3515","5305","6790","5857","7471","4223","3796","2526","1925","1139",
"산업안전보건법","검찰","20일 이내","범죄사건 처리 기간[명]","명","694","547","461","501","478","639","1860","1666","1537","1210","1851","2004","1920","2023","1215","1206","1019","482","287",
"산업안전보건법","검찰","1개월 이내","범죄사건 처리 기간[명]","명","433","479","431","433","279","388","1219","1197","936","976","1204","1193","1173","1225","793","870","779","437","235",
"산업안전보건법","검찰","2개월 이내","범죄사건 처리 기간[명]","명","774","806","763","692","452","667","1200","1103","1060","919","1148","1166","1181","1579","1072","907","1132","641","385",
"산업안전보건법","검찰","3개월 이내","범죄사건 처리 기간[명]","명","1284","1385","1466","1629","551","697","1101","972","1034","958","968","1019","980","1249","895","936","910","559","311",
"산업안전보건법","검찰","6개월 이내","범죄사건 처리 기간[명]","명","207","166","209","206","61","535","1215","1350","1023","830","1467","1164","1491","1889","1516","1543","1785","1254","844",
"산업안전보건법","검찰","6개월 초과","범죄사건 처리 기간[명]","명","3","3","7","9","-","9","89","91","73","130","104","136","208","340","422","368","562","443","344",
"산업재해보상보험법","합계","계","범죄사건 처리 기간[명]","명","2","-","-","44","124","65","97","101","","","","","","","","","","","",
"산업재해보상보험법","경찰","계","범죄사건 처리 기간[명]","명","-","-","-","22","61","27","48","52","","","","","","","","","","","",
"산업재해보상보험법","경찰","10일 이내","범죄사건 처리 기간[명]","명","-","-","-","1","9","2","1","15","","","","","","","","","","","",
"산업재해보상보험법","경찰","20일 이내","범죄사건 처리 기간[명]","명","-","-","-","-","10","6","10","-","","","","","","","","","","","",
"산업재해보상보험법","경찰","1개월 이내","범죄사건 처리 기간[명]","명","-","-","-","1","7","2","4","5","","","","","","","","","","","",
"산업재해보상보험법","경찰","2개월 이내","범죄사건 처리 기간[명]","명","-","-","-","-","25","6","12","9","","","","","","","","","","","",
"산업재해보상보험법","경찰","3개월 이내","범죄사건 처리 기간[명]","명","-","-","-","1","6","5","14","15","","","","","","","","","","","",
"산업재해보상보험법","경찰","6개월 이내","범죄사건 처리 기간[명]","명","-","-","-","19","4","3","7","6","","","","","","","","","","","",
"산업재해보상보험법","경찰","6개월 초과","범죄사건 처리 기간[명]","명","-","-","-","-","-","3","-","2","","","","","","","","","","","",
"산업재해보상보험법","검찰","계","범죄사건 처리 기간[명]","명","2","-","-","22","63","38","49","49","","","","","","","","","","","",
"산업재해보상보험법","검찰","10일 이내","범죄사건 처리 기간[명]","명","-","-","-","2","23","5","17","6","","","","","","","","","","","",
"산업재해보상보험법","검찰","20일 이내","범죄사건 처리 기간[명]","명","-","-","-","-","5","3","6","5","","","","","","","","","","","",
"산업재해보상보험법","검찰","1개월 이내","범죄사건 처리 기간[명]","명","-","-","-","-","6","3","6","-","","","","","","","","","","","",
"산업재해보상보험법","검찰","2개월 이내","범죄사건 처리 기간[명]","명","-","-","-","1","8","7","6","8","","","","","","","","","","","",
"산업재해보상보험법","검찰","3개월 이내","범죄사건 처리 기간[명]","명","2","-","-","18","18","16","8","14","","","","","","","","","","","",
"산업재해보상보험법","검찰","6개월 이내","범죄사건 처리 기간[명]","명","-","-","-","1","3","4","6","15","","","","","","","","","","","",
"산업재해보상보험법","검찰","6개월 초과","범죄사건 처리 기간[명]","명","-","-","-","-","-","-","-","1","","","","","","","","","","","",
"산지관리법","경찰","계","범죄사건 처리 기간[명]","명","","","","","","","","","1417","1614","1684","1627","1492","1481","1423","1297","1346","1125","1181",
"산지관리법","경찰","10일 이내","범죄사건 처리 기간[명]","명","","","","","","","","","71","96","128","100","88","89","126","76","72","49","54",
"산지관리법","경찰","20일 이내","범죄사건 처리 기간[명]","명","","","","","","","","","124","126","112","124","134","131","149","75","78","78","60",
"산지관리법","경찰","1개월 이내","범죄사건 처리 기간[명]","명","","","","","","","","","183","171","221","201","194","185","156","154","129","85","98",
"산지관리법","경찰","2개월 이내","범죄사건 처리 기간[명]","명","","","","","","","","","392","451","482","461","387","384","317","226","262","181","201",
"산지관리법","경찰","3개월 이내","범죄사건 처리 기간[명]","명","","","","","","","","","285","295","326","318","267","322","243","231","217","213","205",
"산지관리법","경찰","6개월 이내","범죄사건 처리 기간[명]","명","","","","","","","","","272","282","269","257","271","257","275","344","300","284","279",
"산지관리법","경찰","6개월 초과","범죄사건 처리 기간[명]","명","","","","","","","","","90","193","146","166","151","113","157","191","288","235","284",
"산지관리법","검찰","계","범죄사건 처리 기간[명]","명","","","","","","","","","2483","3068","3027","2933","2573","2643","2855","2606","2234","1754","1670",
"산지관리법","검찰","10일 이내","범죄사건 처리 기간[명]","명","","","","","","","","","1044","1378","1284","1394","1096","1154","1276","1100","788","677","663",
"산지관리법","검찰","20일 이내","범죄사건 처리 기간[명]","명","","","","","","","","","395","548","519","437","358","397","397","357","273","201","256",
"산지관리법","검찰","1개월 이내","범죄사건 처리 기간[명]","명","","","","","","","","","309","402","414","335","352","279","245","287","270","204","182",
"산지관리법","검찰","2개월 이내","범죄사건 처리 기간[명]","명","","","","","","","","","343","287","350","273","299","305","363","359","331","201","178",
"산지관리법","검찰","3개월 이내","범죄사건 처리 기간[명]","명","","","","","","","","","182","200","200","223","182","232","233","250","232","154","129",
"산지관리법","검찰","6개월 이내","범죄사건 처리 기간[명]","명","","","","","","","","","193","226","231","238","269","221","279","236","315","298","231",
"산지관리법","검찰","6개월 초과","범죄사건 처리 기간[명]","명","","","","","","","","","17","27","29","33","17","55","62","17","25","19","31",
"상법","합계","계","범죄사건 처리 기간[명]","명","602","507","509","545","570","279","292","184","","","","","","","","","","","",
"상법","경찰","계","범죄사건 처리 기간[명]","명","155","137","176","171","274","119","152","93","","","","","","","","","","","",
"상법","경찰","10일 이내","범죄사건 처리 기간[명]","명","11","15","15","17","138","54","17","19","","","","","","","","","","","",
"상법","경찰","20일 이내","범죄사건 처리 기간[명]","명","5","3","1","4","4","5","6","3","","","","","","","","","","","",
"상법","경찰","1개월 이내","범죄사건 처리 기간[명]","명","11","12","7","5","14","13","28","4","","","","","","","","","","","",
"상법","경찰","2개월 이내","범죄사건 처리 기간[명]","명","11","6","11","17","21","15","29","13","","","","","","","","","","","",
"상법","경찰","3개월 이내","범죄사건 처리 기간[명]","명","15","15","49","14","27","14","24","11","","","","","","","","","","","",
"상법","경찰","6개월 이내","범죄사건 처리 기간[명]","명","100","86","82","114","69","17","28","35","","","","","","","","","","","",
"상법","경찰","6개월 초과","범죄사건 처리 기간[명]","명","2","-","11","-","1","1","20","8","","","","","","","","","","","",
"상법","검찰","계","범죄사건 처리 기간[명]","명","447","370","333","374","296","160","140","91","","","","","","","","","","","",
"상법","검찰","10일 이내","범죄사건 처리 기간[명]","명","186","123","154","113","64","39","48","17","","","","","","","","","","","",
"상법","검찰","20일 이내","범죄사건 처리 기간[명]","명","79","66","25","16","39","11","16","12","","","","","","","","","","","",
"상법","검찰","1개월 이내","범죄사건 처리 기간[명]","명","40","79","7","38","77","4","22","15","","","","","","","","","","","",
"상법","검찰","2개월 이내","범죄사건 처리 기간[명]","명","46","44","27","68","13","15","9","4","","","","","","","","","","","",
"상법","검찰","3개월 이내","범죄사건 처리 기간[명]","명","59","42","90","88","68","51","8","12","","","","","","","","","","","",
"상법","검찰","6개월 이내","범죄사건 처리 기간[명]","명","25","12","25","46","31","30","27","23","","","","","","","","","","","",
"상법","검찰","6개월 초과","범죄사건 처리 기간[명]","명","12","4","5","5","4","10","10","8","","","","","","","","","","","",
"상표법","합계","계","범죄사건 처리 기간[명]","명","14442","7658","12071","11861","8378","6537","6360","6935","","","","","","","","","","","",
"상표법","경찰","계","범죄사건 처리 기간[명]","명","5888","2785","5215","5063","4081","2636","2722","2997","3477","3723","4605","3664","3065","3851","3023","2704","2517","2733","2653",
"상표법","경찰","10일 이내","범죄사건 처리 기간[명]","명","415","312","871","812","1079","595","513","571","689","504","810","551","465","454","378","366","272","280","318",
"상표법","경찰","20일 이내","범죄사건 처리 기간[명]","명","193","119","180","203","359","356","296","395","455","471","544","320","410","482","396","365","262","340","339",
"상표법","경찰","1개월 이내","범죄사건 처리 기간[명]","명","834","463","722","694","466","318","287","456","477","402","443","369","343","438","308","276","261","300","227",
"상표법","경찰","2개월 이내","범죄사건 처리 기간[명]","명","619","306","423","456","651","548","662","717","738","551","850","760","682","895","707","558","512","618","516",
"상표법","경찰","3개월 이내","범죄사건 처리 기간[명]","명","413","266","435","374","334","414","519","446","597","479","567","491","507","740","475","394","382","378","429",
"상표법","경찰","6개월 이내","범죄사건 처리 기간[명]","명","3398","1298","2563","2501","1167","308","284","324","438","490","788","603","484","711","559","561","516","514","496",
"상표법","경찰","6개월 초과","범죄사건 처리 기간[명]","명","16","21","21","23","25","97","161","88","83","826","603","570","174","131","200","184","312","303","328",
"상표법","검찰","계","범죄사건 처리 기간[명]","명","8554","4873","6856","6798","4297","3901","3638","3938","4705","4855","5350","4444","3563","4600","3684","2560","2275","2104","2236",
"상표법","검찰","10일 이내","범죄사건 처리 기간[명]","명","6052","3283","4308","4075","2528","2405","1941","2392","2779","2643","2857","2292","1716","2309","1806","1481","1101","994","1238",
"상표법","검찰","20일 이내","범죄사건 처리 기간[명]","명","1026","520","950","1182","644","508","461","509","583","681","705","674","454","497","495","380","266","293","290",
"상표법","검찰","1개월 이내","범죄사건 처리 기간[명]","명","367","243","458","500","354","245","270","282","318","426","416","336","353","347","279","224","299","228","251",
"상표법","검찰","2개월 이내","범죄사건 처리 기간[명]","명","405","311","446","422","313","283","286","209","342","329","317","327","316","438","323","198","225","194","144",
"상표법","검찰","3개월 이내","범죄사건 처리 기간[명]","명","440","278","495","375","302","183","221","169","250","247","333","264","250","260","246","119","109","121","107",
"상표법","검찰","6개월 이내","범죄사건 처리 기간[명]","명","258","238","198","238","135","265","354","335","369","453","626","443","415","612","420","145","248","253","174",
"상표법","검찰","6개월 초과","범죄사건 처리 기간[명]","명","6","-","1","6","21","12","105","42","64","76","96","108","59","137","115","13","27","21","32",
"석유및석유대체연료사업법","경찰","계","범죄사건 처리 기간[명]","명","","","","","","","","","1244","1094","1353","1287","1162","1322","781","468","429","394","507",
"석유및석유대체연료사업법","경찰","10일 이내","범죄사건 처리 기간[명]","명","","","","","","","","","168","108","104","131","122","112","76","43","34","28","54",
"석유및석유대체연료사업법","경찰","20일 이내","범죄사건 처리 기간[명]","명","","","","","","","","","145","93","148","149","151","159","79","48","33","31","50",
"석유및석유대체연료사업법","경찰","1개월 이내","범죄사건 처리 기간[명]","명","","","","","","","","","127","81","171","112","122","118","83","22","38","29","36",
"석유및석유대체연료사업법","경찰","2개월 이내","범죄사건 처리 기간[명]","명","","","","","","","","","301","214","276","259","250","409","273","76","75","65","165",
"석유및석유대체연료사업법","경찰","3개월 이내","범죄사건 처리 기간[명]","명","","","","","","","","","218","141","151","162","181","227","80","94","51","33","48",
"석유및석유대체연료사업법","경찰","6개월 이내","범죄사건 처리 기간[명]","명","","","","","","","","","171","135","229","189","191","200","119","101","74","73","81",
"석유및석유대체연료사업법","경찰","6개월 초과","범죄사건 처리 기간[명]","명","","","","","","","","","114","322","274","285","145","97","71","84","124","135","73",
"석유및석유대체연료사업법","검찰","계","범죄사건 처리 기간[명]","명","","","","","","","","","1141","1021","1262","1222","1067","1278","767","372","344","331","413",
"석유및석유대체연료사업법","검찰","10일 이내","범죄사건 처리 기간[명]","명","","","","","","","","","333","365","419","435","372","379","248","141","97","95","90",
"석유및석유대체연료사업법","검찰","20일 이내","범죄사건 처리 기간[명]","명","","","","","","","","","194","168","208","163","156","125","106","35","34","40","67",
"석유및석유대체연료사업법","검찰","1개월 이내","범죄사건 처리 기간[명]","명","","","","","","","","","94","114","127","109","85","118","58","63","38","38","58",
"석유및석유대체연료사업법","검찰","2개월 이내","범죄사건 처리 기간[명]","명","","","","","","","","","149","112","144","163","103","133","100","43","35","44","62",
"석유및석유대체연료사업법","검찰","3개월 이내","범죄사건 처리 기간[명]","명","","","","","","","","","125","89","121","157","77","156","58","42","42","21","27",
"석유및석유대체연료사업법","검찰","6개월 이내","범죄사건 처리 기간[명]","명","","","","","","","","","244","144","231","178","233","246","174","46","73","81","81",
"석유및석유대체연료사업법","검찰","6개월 초과","범죄사건 처리 기간[명]","명","","","","","","","","","2","29","12","17","41","121","23","2","25","12","28",
"석유사업법","합계","계","범죄사건 처리 기간[명]","명","272","58","35","45","8","26","30","32","","","","","","","","","","","",
"석유사업법","경찰","계","범죄사건 처리 기간[명]","명","119","24","17","19","4","13","18","17","","","","","","","","","","","",
"석유사업법","경찰","10일 이내","범죄사건 처리 기간[명]","명","9","7","8","2","2","1","-","1","","","","","","","","","","","",
"석유사업법","경찰","20일 이내","범죄사건 처리 기간[명]","명","2","1","-","-","-","1","-","-","","","","","","","","","","","",
"석유사업법","경찰","1개월 이내","범죄사건 처리 기간[명]","명","17","3","-","-","-","1","5","3","","","","","","","","","","","",
"석유사업법","경찰","2개월 이내","범죄사건 처리 기간[명]","명","4","1","-","2","-","6","7","-","","","","","","","","","","","",
"석유사업법","경찰","3개월 이내","범죄사건 처리 기간[명]","명","6","1","-","-","-","2","5","2","","","","","","","","","","","",
"석유사업법","경찰","6개월 이내","범죄사건 처리 기간[명]","명","77","11","9","15","2","1","1","10","","","","","","","","","","","",
"석유사업법","경찰","6개월 초과","범죄사건 처리 기간[명]","명","4","-","-","-","-","1","-","1","","","","","","","","","","","",
"석유사업법","검찰","계","범죄사건 처리 기간[명]","명","153","34","18","26","4","13","12","15","","","","","","","","","","","",
"석유사업법","검찰","10일 이내","범죄사건 처리 기간[명]","명","43","11","12","10","4","10","7","7","","","","","","","","","","","",
"석유사업법","검찰","20일 이내","범죄사건 처리 기간[명]","명","31","4","4","5","-","-","2","-","","","","","","","","","","","",
"석유사업법","검찰","1개월 이내","범죄사건 처리 기간[명]","명","17","4","-","9","-","-","3","3","","","","","","","","","","","",
"석유사업법","검찰","2개월 이내","범죄사건 처리 기간[명]","명","20","5","1","2","-","-","-","-","","","","","","","","","","","",
"석유사업법","검찰","3개월 이내","범죄사건 처리 기간[명]","명","35","7","-","-","-","-","-","-","","","","","","","","","","","",
"석유사업법","검찰","6개월 이내","범죄사건 처리 기간[명]","명","7","3","1","-","-","3","-","5","","","","","","","","","","","",
"석유사업법","검찰","6개월 초과","범죄사건 처리 기간[명]","명","-","-","-","-","-","-","-","-","","","","","","","","","","","",
"선박안전법","합계","계","범죄사건 처리 기간[명]","명","1033","820","816","603","774","776","883","781","","","","","","","","","","","",
"선박안전법","경찰","계","범죄사건 처리 기간[명]","명","514","407","407","301","387","387","492","402","178","395","388","425","323","332","293","328","285","246","293",
"선박안전법","경찰","10일 이내","범죄사건 처리 기간[명]","명","31","8","14","4","36","60","58","27","15","19","20","22","14","24","20","7","1","-","4",
"선박안전법","경찰","20일 이내","범죄사건 처리 기간[명]","명","15","17","10","8","51","63","93","43","24","16","28","35","33","40","30","14","2","4","4",
"선박안전법","경찰","1개월 이내","범죄사건 처리 기간[명]","명","56","58","61","30","42","52","60","53","19","53","37","55","26","38","31","19","15","4","7",
"선박안전법","경찰","2개월 이내","범죄사건 처리 기간[명]","명","79","46","37","31","79","99","126","141","42","77","108","132","99","106","100","56","52","15","32",
"선박안전법","경찰","3개월 이내","범죄사건 처리 기간[명]","명","41","46","40","12","57","50","62","68","35","75","56","83","71","49","76","71","59","46","81",
"선박안전법","경찰","6개월 이내","범죄사건 처리 기간[명]","명","290","231","245","213","121","48","50","57","34","51","62","77","68","56","32","119","96","85","113",
"선박안전법","경찰","6개월 초과","범죄사건 처리 기간[명]","명","2","1","-","3","1","15","43","13","9","104","77","21","12","19","4","42","60","92","52",
"선박안전법","검찰","계","범죄사건 처리 기간[명]","명","519","413","409","302","387","389","391","379","179","360","364","398","298","327","277","302","251","218","272",
"선박안전법","검찰","10일 이내","범죄사건 처리 기간[명]","명","301","287","248","209","211","255","208","228","83","138","153","175","109","141","111","118","98","85","126",
"선박안전법","검찰","20일 이내","범죄사건 처리 기간[명]","명","132","80","78","57","72","67","88","53","28","43","60","62","32","69","61","53","43","22","42",
"선박안전법","검찰","1개월 이내","범죄사건 처리 기간[명]","명","48","24","48","17","53","37","55","41","19","46","46","45","39","40","44","52","43","34","47",
"선박안전법","검찰","2개월 이내","범죄사건 처리 기간[명]","명","28","14","23","13","37","21","25","36","17","32","52","35","32","29","29","46","20","23","15",
"선박안전법","검찰","3개월 이내","범죄사건 처리 기간[명]","명","10","8","10","5","14","6","12","6","9","23","27","39","42","24","17","19","25","18","16",
"선박안전법","검찰","6개월 이내","범죄사건 처리 기간[명]","명","-","-","2","1","-","3","3","15","23","71","25","42","42","22","14","14","22","36","26",
"선박안전법","검찰","6개월 초과","범죄사건 처리 기간[명]","명","-","-","-","-","-","-","-","-","-","7","1","","2","2","1","-","0","-","-",
"선박직원법","합계","계","범죄사건 처리 기간[명]","명","1418","2335","1134","897","1082","796","543","746","","","","","","","","","","","",
"선박직원법","경찰","계","범죄사건 처리 기간[명]","명","707","1164","564","446","541","398","283","376","357","408","235","210","191","165","234","198","217","201","224",
"선박직원법","경찰","10일 이내","범죄사건 처리 기간[명]","명","32","10","16","14","44","117","28","69","78","48","9","20","24","4","15","14","6","3","1",
"선박직원법","경찰","20일 이내","범죄사건 처리 기간[명]","명","28","17","15","42","55","53","43","75","8","43","37","35","41","23","25","7","8","2","9",
"선박직원법","경찰","1개월 이내","범죄사건 처리 기간[명]","명","101","58","67","44","68","74","33","39","21","47","22","24","27","27","31","20","7","14","15",
"선박직원법","경찰","2개월 이내","범죄사건 처리 기간[명]","명","67","90","62","29","92","76","73","90","67","106","53","73","53","52","75","35","52","39","32",
"선박직원법","경찰","3개월 이내","범죄사건 처리 기간[명]","명","38","78","38","22","74","41","40","40","39","55","33","26","22","37","59","52","65","23","39",
"선박직원법","경찰","6개월 이내","범죄사건 처리 기간[명]","명","429","905","362","294","198","30","55","49","70","49","37","26","20","22","22","45","57","81","102",
"선박직원법","경찰","6개월 초과","범죄사건 처리 기간[명]","명","12","6","4","1","10","7","11","14","74","60","44","6","4","-","7","25","22","39","26",
"선박직원법","검찰","계","범죄사건 처리 기간[명]","명","711","1171","570","451","541","398","260","370","346","413","220","199","184","158","232","181","200","175","214",
"선박직원법","검찰","10일 이내","범죄사건 처리 기간[명]","명","431","513","370","273","286","246","144","207","175","226","118","77","99","52","126","65","90","70","100",
"선박직원법","검찰","20일 이내","범죄사건 처리 기간[명]","명","146","326","102","95","89","92","68","62","73","70","34","40","41","20","48","41","37","20","31",
"선박직원법","검찰","1개월 이내","범죄사건 처리 기간[명]","명","51","100","54","41","119","34","24","45","58","29","33","23","12","30","23","25","24","23","34",
"선박직원법","검찰","2개월 이내","범죄사건 처리 기간[명]","명","44","193","25","23","29","15","16","54","26","38","11","24","24","23","21","31","24","35","22",
"선박직원법","검찰","3개월 이내","범죄사건 처리 기간[명]","명","39","37","18","19","14","11","7","2","10","31","13","13","8","21","6","17","8","13","17",
"선박직원법","검찰","6개월 이내","범죄사건 처리 기간[명]","명","-","2","1","-","4","-","1","-","4","19","11","22","-","11","8","2","17","14","10",
"선박직원법","검찰","6개월 초과","범죄사건 처리 기간[명]","명","-","-","-","-","-","-","-","-","-","-","-","","-","1","-","-","0","-","-",
"선원법","합계","계","범죄사건 처리 기간[명]","명","553","510","262","166","106","106","89","146","","","","","","","","","","","",
"선원법","경찰","계","범죄사건 처리 기간[명]","명","250","249","113","65","46","46","38","40","","","","","","","","","","","",
"선원법","경찰","10일 이내","범죄사건 처리 기간[명]","명","17","3","4","2","1","2","7","1","","","","","","","","","","","",
"선원법","경찰","20일 이내","범죄사건 처리 기간[명]","명","11","4","1","-","2","1","3","11","","","","","","","","","","","",
"선원법","경찰","1개월 이내","범죄사건 처리 기간[명]","명","39","49","11","17","3","1","2","7","","","","","","","","","","","",
"선원법","경찰","2개월 이내","범죄사건 처리 기간[명]","명","45","47","20","16","8","17","13","12","","","","","","","","","","","",
"선원법","경찰","3개월 이내","범죄사건 처리 기간[명]","명","14","29","8","4","2","4","3","1","","","","","","","","","","","",
"선원법","경찰","6개월 이내","범죄사건 처리 기간[명]","명","124","117","68","26","29","17","7","6","","","","","","","","","","","",
"선원법","경찰","6개월 초과","범죄사건 처리 기간[명]","명","-","-","1","-","1","4","3","2","","","","","","","","","","","",
"선원법","검찰","계","범죄사건 처리 기간[명]","명","303","261","149","101","60","60","51","106","","","","","","","","","","","",
"선원법","검찰","10일 이내","범죄사건 처리 기간[명]","명","199","187","76","51","28","34","22","51","","","","","","","","","","","",
"선원법","검찰","20일 이내","범죄사건 처리 기간[명]","명","45","31","24","17","11","7","9","8","","","","","","","","","","","",
"선원법","검찰","1개월 이내","범죄사건 처리 기간[명]","명","20","12","14","11","6","6","1","10","","","","","","","","","","","",
"선원법","검찰","2개월 이내","범죄사건 처리 기간[명]","명","15","13","14","5","6","2","6","13","","","","","","","","","","","",
"선원법","검찰","3개월 이내","범죄사건 처리 기간[명]","명","23","15","8","14","8","2","5","12","","","","","","","","","","","",
"선원법","검찰","6개월 이내","범죄사건 처리 기간[명]","명","1","3","13","3","1","9","8","10","","","","","","","","","","","",
"선원법","검찰","6개월 초과","범죄사건 처리 기간[명]","명","-","-","-","-","-","-","-","2","","","","","","","","","","","",
"성매매법","합계","계","범죄사건 처리 기간[명]","명","50337","39387","91853","146460","53195","39023","32764","32144","","","","","","","","","","","",
"성매매법","경찰","계","범죄사건 처리 기간[명]","명","25006","19533","45697","72907","26593","19450","16927","16596","","","","","","","","","","","",
"성매매법","경찰","10일 이내","범죄사건 처리 기간[명]","명","625","789","2621","7645","5201","4479","2948","2729","","","","","","","","","","","",
"성매매법","경찰","20일 이내","범죄사건 처리 기간[명]","명","401","218","620","918","1535","2839","2141","2063","","","","","","","","","","","",
"성매매법","경찰","1개월 이내","범죄사건 처리 기간[명]","명","2355","1470","3368","5342","2721","2219","1872","1644","","","","","","","","","","","",
"성매매법","경찰","2개월 이내","범죄사건 처리 기간[명]","명","6366","2481","4153","6830","3918","4283","3959","4107","","","","","","","","","","","",
"성매매법","경찰","3개월 이내","범죄사건 처리 기간[명]","명","2203","2337","3817","5303","2518","2635","2530","2688","","","","","","","","","","","",
"성매매법","경찰","6개월 이내","범죄사건 처리 기간[명]","명","12997","11592","30874","46352","10347","2538","2604","2592","","","","","","","","","","","",
"성매매법","경찰","6개월 초과","범죄사건 처리 기간[명]","명","59","646","244","517","353","457","873","773","","","","","","","","","","","",
"성매매법","검찰","계","범죄사건 처리 기간[명]","명","25331","19854","46156","73553","26602","19573","15837","15548","","","","","","","","","","","",
"성매매법","검찰","10일 이내","범죄사건 처리 기간[명]","명","7205","5930","14301","25645","8807","6632","3593","4320","","","","","","","","","","","",
"성매매법","검찰","20일 이내","범죄사건 처리 기간[명]","명","4161","3362","8865","13871","4795","3452","2806","2476","","","","","","","","","","","",
"성매매법","검찰","1개월 이내","범죄사건 처리 기간[명]","명","3193","2586","6626","9579","3612","2299","1880","1794","","","","","","","","","","","",
"성매매법","검찰","2개월 이내","범죄사건 처리 기간[명]","명","5314","3526","7392","10200","3487","3226","2388","2222","","","","","","","","","","","",
"성매매법","검찰","3개월 이내","범죄사건 처리 기간[명]","명","4903","3953","7873","12195","5053","2082","1591","1777","","","","","","","","","","","",
"성매매법","검찰","6개월 이내","범죄사건 처리 기간[명]","명","555","497","1087","1923","814","1677","3105","2741","","","","","","","","","","","",
"성매매법","검찰","6개월 초과","범죄사건 처리 기간[명]","명","-","-","12","140","34","205","474","218","","","","","","","","","","","",
"성매매알선등행위의처벌에관한법률","경찰","계","범죄사건 처리 기간[명]","명","","","","","","","","","22463","18711","41970","21809","15507","13354","9077","7183","7610","7318","7775",
"성매매알선등행위의처벌에관한법률","경찰","10일 이내","범죄사건 처리 기간[명]","명","","","","","","","","","3590","2045","7418","3961","2006","1545","903","930","1173","914","813",
"성매매알선등행위의처벌에관한법률","경찰","20일 이내","범죄사건 처리 기간[명]","명","","","","","","","","","2745","1512","5233","2759","1962","1484","848","633","631","552","581",
"성매매알선등행위의처벌에관한법률","경찰","1개월 이내","범죄사건 처리 기간[명]","명","","","","","","","","","2507","1208","4422","2260","1682","1538","808","446","600","593","590",
"성매매알선등행위의처벌에관한법률","경찰","2개월 이내","범죄사건 처리 기간[명]","명","","","","","","","","","5398","3019","8074","4223","3456","3151","1908","1191","1020","1344","1447",
"성매매알선등행위의처벌에관한법률","경찰","3개월 이내","범죄사건 처리 기간[명]","명","","","","","","","","","3683","2088","4958","2651","2328","2061","1385","1082","1039","1025","1411",
"성매매알선등행위의처벌에관한법률","경찰","6개월 이내","범죄사건 처리 기간[명]","명","","","","","","","","","3327","2378","6579","2885","2535","2546","2148","1896","1919","1769","1797",
"성매매알선등행위의처벌에관한법률","경찰","6개월 초과","범죄사건 처리 기간[명]","명","","","","","","","","","1213","6461","5286","3070","1538","1029","1077","1005","1228","1121","1136",
"성매매알선등행위의처벌에관한법률","검찰","계","범죄사건 처리 기간[명]","명","","","","","","","","","20868","17441","38129","20775","14658","12667","8693","5752","6178","5861","6271",
"성매매알선등행위의처벌에관한법률","검찰","10일 이내","범죄사건 처리 기간[명]","명","","","","","","","","","5141","5120","13772","8224","4945","3529","2436","2035","1933","1989","1547",
"성매매알선등행위의처벌에관한법률","검찰","20일 이내","범죄사건 처리 기간[명]","명","","","","","","","","","3150","2970","6751","3557","2303","1655","1141","887","969","854","789",
"성매매알선등행위의처벌에관한법률","검찰","1개월 이내","범죄사건 처리 기간[명]","명","","","","","","","","","2553","1983","4230","1723","1359","932","553","562","654","533","680",
"성매매알선등행위의처벌에관한법률","검찰","2개월 이내","범죄사건 처리 기간[명]","명","","","","","","","","","3155","2370","4621","2110","1451","1388","904","561","570","587","655",
"성매매알선등행위의처벌에관한법률","검찰","3개월 이내","범죄사건 처리 기간[명]","명","","","","","","","","","2382","1678","3389","1565","1375","1080","796","500","582","369","525",
"성매매알선등행위의처벌에관한법률","검찰","6개월 이내","범죄사건 처리 기간[명]","명","","","","","","","","","4136","3101","4818","2860","2862","3269","2077","1067","1234","1311","1655",
"성매매알선등행위의처벌에관한법률","검찰","6개월 초과","범죄사건 처리 기간[명]","명","","","","","","","","","351","219","548","736","363","814","786","140","236","218","420",
"소방기본법","합계","계","범죄사건 처리 기간[명]","명","22","9","9","13","2","12","33","67","","","","","","","","","","","",
"소방기본법","경찰","계","범죄사건 처리 기간[명]","명","8","1","4","4","1","4","13","21","","","","","","","","","","","",
"소방기본법","경찰","10일 이내","범죄사건 처리 기간[명]","명","-","-","-","-","-","2","2","9","","","","","","","","","","","",
"소방기본법","경찰","20일 이내","범죄사건 처리 기간[명]","명","-","-","-","1","1","-","4","5","","","","","","","","","","","",
"소방기본법","경찰","1개월 이내","범죄사건 처리 기간[명]","명","-","-","1","2","-","-","3","3","","","","","","","","","","","",
"소방기본법","경찰","2개월 이내","범죄사건 처리 기간[명]","명","2","-","-","-","-","2","3","1","","","","","","","","","","","",
"소방기본법","경찰","3개월 이내","범죄사건 처리 기간[명]","명","2","-","-","-","-","-","1","1","","","","","","","","","","","",
"소방기본법","경찰","6개월 이내","범죄사건 처리 기간[명]","명","1","1","3","1","-","-","-","1","","","","","","","","","","","",
"소방기본법","경찰","6개월 초과","범죄사건 처리 기간[명]","명","3","-","-","-","-","-","-","1","","","","","","","","","","","",
"소방기본법","검찰","계","범죄사건 처리 기간[명]","명","14","8","5","9","1","8","20","46","","","","","","","","","","","",
"소방기본법","검찰","10일 이내","범죄사건 처리 기간[명]","명","5","7","3","5","-","4","12","29","","","","","","","","","","","",
"소방기본법","검찰","20일 이내","범죄사건 처리 기간[명]","명","4","-","-","1","1","2","1","11","","","","","","","","","","","",
"소방기본법","검찰","1개월 이내","범죄사건 처리 기간[명]","명","5","-","-","2","-","-","5","4","","","","","","","","","","","",
"소방기본법","검찰","2개월 이내","범죄사건 처리 기간[명]","명","-","1","1","1","-","-","2","2","","","","","","","","","","","",
"소방기본법","검찰","3개월 이내","범죄사건 처리 기간[명]","명","-","-","1","-","-","2","-","-","","","","","","","","","","","",
"소방기본법","검찰","6개월 이내","범죄사건 처리 기간[명]","명","-","-","-","-","-","-","-","-","","","","","","","","","","","",
"소방기본법","검찰","6개월 초과","범죄사건 처리 기간[명]","명","-","-","-","-","-","-","-","-","","","","","","","","","","","",
"소음?진동관리법","합계","계","범죄사건 처리 기간[명]","명","","","","","","","60","","","","","","","","","","","","",
"소음?진동관리법","경찰","계","범죄사건 처리 기간[명]","명","","","","","","","27","","","","","","","","","","","","",
"소음?진동관리법","경찰","10일 이내","범죄사건 처리 기간[명]","명","","","","","","","21","","","","","","","","","","","","",
"소음?진동관리법","경찰","20일 이내","범죄사건 처리 기간[명]","명","","","","","","","1","","","","","","","","","","","","",
"소음?진동관리법","경찰","1개월 이내","범죄사건 처리 기간[명]","명","","","","","","","-","","","","","","","","","","","","",
"소음?진동관리법","경찰","2개월 이내","범죄사건 처리 기간[명]","명","","","","","","","3","","","","","","","","","","","","",
"소음?진동관리법","경찰","3개월 이내","범죄사건 처리 기간[명]","명","","","","","","","1","","","","","","","","","","","","",
"소음?진동관리법","경찰","6개월 이내","범죄사건 처리 기간[명]","명","","","","","","","-","","","","","","","","","","","","",
"소음?진동관리법","경찰","6개월 초과","범죄사건 처리 기간[명]","명","","","","","","","1","","","","","","","","","","","","",
"소음?진동관리법","검찰","계","범죄사건 처리 기간[명]","명","","","","","","","33","","","","","","","","","","","","",
"소음?진동관리법","검찰","10일 이내","범죄사건 처리 기간[명]","명","","","","","","","20","","","","","","","","","","","","",
"소음?진동관리법","검찰","20일 이내","범죄사건 처리 기간[명]","명","","","","","","","6","","","","","","","","","","","","",
"소음?진동관리법","검찰","1개월 이내","범죄사건 처리 기간[명]","명","","","","","","","2","","","","","","","","","","","","",
"소음?진동관리법","검찰","2개월 이내","범죄사건 처리 기간[명]","명","","","","","","","4","","","","","","","","","","","","",
"소음?진동관리법","검찰","3개월 이내","범죄사건 처리 기간[명]","명","","","","","","","1","","","","","","","","","","","","",
"소음?진동관리법","검찰","6개월 이내","범죄사건 처리 기간[명]","명","","","","","","","-","","","","","","","","","","","","",
"소음?진동관리법","검찰","6개월 초과","범죄사건 처리 기간[명]","명","","","","","","","-","","","","","","","","","","","","",
"소음?진동규제법","합계","계","범죄사건 처리 기간[명]","명","264","248","170","199","104","23","","53","","","","","","","","","","","",
"소음?진동규제법","경찰","계","범죄사건 처리 기간[명]","명","97","88","47","76","46","4","","4","","","","","","","","","","","",
"소음?진동규제법","경찰","10일 이내","범죄사건 처리 기간[명]","명","1","9","6","13","12","-","","-","","","","","","","","","","","",
"소음?진동규제법","경찰","20일 이내","범죄사건 처리 기간[명]","명","15","3","3","3","6","-","","-","","","","","","","","","","","",
"소음?진동규제법","경찰","1개월 이내","범죄사건 처리 기간[명]","명","15","20","14","12","11","1","","-","","","","","","","","","","","",
"소음?진동규제법","경찰","2개월 이내","범죄사건 처리 기간[명]","명","10","11","3","8","10","1","","1","","","","","","","","","","","",
"소음?진동규제법","경찰","3개월 이내","범죄사건 처리 기간[명]","명","14","10","8","2","-","1","","3","","","","","","","","","","","",
"소음?진동규제법","경찰","6개월 이내","범죄사건 처리 기간[명]","명","41","33","13","34","7","1","","-","","","","","","","","","","","",
"소음?진동규제법","경찰","6개월 초과","범죄사건 처리 기간[명]","명","1","2","-","4","-","-","","-","","","","","","","","","","","",
"소음?진동규제법","검찰","계","범죄사건 처리 기간[명]","명","167","160","123","123","58","19","","49","","","","","","","","","","","",
"소음?진동규제법","검찰","10일 이내","범죄사건 처리 기간[명]","명","86","93","65","60","22","11","","39","","","","","","","","","","","",
"소음?진동규제법","검찰","20일 이내","범죄사건 처리 기간[명]","명","35","38","27","32","13","4","","6","","","","","","","","","","","",
"소음?진동규제법","검찰","1개월 이내","범죄사건 처리 기간[명]","명","22","17","13","19","12","1","","2","","","","","","","","","","","",
"소음?진동규제법","검찰","2개월 이내","범죄사건 처리 기간[명]","명","14","4","11","11","7","2","","1","","","","","","","","","","","",
"소음?진동규제법","검찰","3개월 이내","범죄사건 처리 기간[명]","명","5","8","7","1","4","1","","-","","","","","","","","","","","",
"소음?진동규제법","검찰","6개월 이내","범죄사건 처리 기간[명]","명","5","-","-","-","-","-","","1","","","","","","","","","","","",
"소음?진동규제법","검찰","6개월 초과","범죄사건 처리 기간[명]","명","-","-","-","-","-","-","","-","","","","","","","","","","","",
"수도법","합계","계","범죄사건 처리 기간[명]","명","417","436","303","189","121","149","260","258","","","","","","","","","","","",
"수도법","경찰","계","범죄사건 처리 기간[명]","명","206","215","151","93","60","73","128","133","163","103","151","213","189","151","210","202","88","135","97",
"수도법","경찰","10일 이내","범죄사건 처리 기간[명]","명","22","45","20","17","17","11","25","39","26","11","29","52","45","38","46","22","15","16","10",
"수도법","경찰","20일 이내","범죄사건 처리 기간[명]","명","9","19","5","10","21","19","20","12","40","16","34","40","27","33","41","33","12","16","13",
"수도법","경찰","1개월 이내","범죄사건 처리 기간[명]","명","38","37","26","21","4","7","27","18","23","14","20","37","45","17","39","25","8","11","11",
"수도법","경찰","2개월 이내","범죄사건 처리 기간[명]","명","33","37","25","14","7","16","40","38","46","25","32","39","44","39","43","48","29","36","20",
"수도법","경찰","3개월 이내","범죄사건 처리 기간[명]","명","16","20","10","3","8","13","3","16","21","13","6","19","11","9","25","32","6","17","11",
"수도법","경찰","6개월 이내","범죄사건 처리 기간[명]","명","88","57","65","28","3","4","3","9","5","4","11","8","14","14","13","31","13","29","25",
"수도법","경찰","6개월 초과","범죄사건 처리 기간[명]","명","-","-","-","-","-","3","10","1","2","20","19","18","3","1","3","11","5","10","7",
"수도법","검찰","계","범죄사건 처리 기간[명]","명","211","221","152","96","61","76","132","125","168","101","150","229","184","150","209","190","86","108","76",
"수도법","검찰","10일 이내","범죄사건 처리 기간[명]","명","120","142","78","52","28","47","86","76","103","58","84","131","94","91","136","92","30","34","32",
"수도법","검찰","20일 이내","범죄사건 처리 기간[명]","명","38","54","34","15","9","14","19","22","28","14","20","30","29","19","31","35","7","22","16",
"수도법","검찰","1개월 이내","범죄사건 처리 기간[명]","명","25","15","19","17","9","6","10","19","15","11","21","21","21","7","18","15","19","10","10",
"수도법","검찰","2개월 이내","범죄사건 처리 기간[명]","명","14","6","12","10","9","6","5","2","14","10","12","19","19","21","7","22","9","13","8",
"수도법","검찰","3개월 이내","범죄사건 처리 기간[명]","명","14","4","8","1","6","3","-","6","3","4","-","25","10","4","6","15","10","14","1",
"수도법","검찰","6개월 이내","범죄사건 처리 기간[명]","명","-","-","1","1","-","-","12","-","5","3","10","2","8","8","10","9","11","15","9",
"수도법","검찰","6개월 초과","범죄사건 처리 기간[명]","명","-","-","-","-","-","-","-","-","-","1","3","1","3","-","1","2","0","-","-",
"수산업법","합계","계","범죄사건 처리 기간[명]","명","3615","3002","2498","2190","2111","2106","2493","2279","","","","","","","","","","","",
"수산업법","경찰","계","범죄사건 처리 기간[명]","명","1627","1403","1096","998","1005","923","1226","1060","1133","1032","1239","1051","1162","1070","1099","571","571","513","489",
"수산업법","경찰","10일 이내","범죄사건 처리 기간[명]","명","70","56","32","15","82","112","83","65","77","25","35","61","33","36","31","15","1","1","7",
"수산업법","경찰","20일 이내","범죄사건 처리 기간[명]","명","92","43","40","20","56","108","147","118","70","71","83","76","72","73","60","10","8","17","10",
"수산업법","경찰","1개월 이내","범죄사건 처리 기간[명]","명","181","148","124","90","97","98","180","150","134","114","98","92","109","84","82","29","18","8","15",
"수산업법","경찰","2개월 이내","범죄사건 처리 기간[명]","명","278","295","170","132","205","266","291","300","369","233","313","298","376","290","268","163","112","74","60",
"수산업법","경찰","3개월 이내","범죄사건 처리 기간[명]","명","152","128","126","127","153","149","234","142","252","191","245","248","238","230","200","100","101","75","76",
"수산업법","경찰","6개월 이내","범죄사건 처리 기간[명]","명","824","728","596","597","403","121","227","144","185","288","338","201","237","266","279","186","207","209","200",
"수산업법","경찰","6개월 초과","범죄사건 처리 기간[명]","명","30","5","8","17","9","69","64","141","46","110","127","75","97","91","179","68","124","129","121",
"수산업법","검찰","계","범죄사건 처리 기간[명]","명","1988","1599","1402","1192","1106","1183","1267","1219","1286","1237","1390","1536","1344","1337","1355","836","649","600","573",
"수산업법","검찰","10일 이내","범죄사건 처리 기간[명]","명","1209","1001","813","716","615","730","623","752","702","757","748","919","514","567","683","371","281","232","237",
"수산업법","검찰","20일 이내","범죄사건 처리 기간[명]","명","387","301","210","195","238","171","185","179","184","172","250","258","255","248","201","130","95","122","75",
"수산업법","검찰","1개월 이내","범죄사건 처리 기간[명]","명","179","115","147","114","99","119","101","107","119","119","129","118","194","169","103","144","73","54","56",
"수산업법","검찰","2개월 이내","범죄사건 처리 기간[명]","명","92","102","74","84","70","62","49","74","107","43","120","73","155","127","114","73","72","62","62",
"수산업법","검찰","3개월 이내","범죄사건 처리 기간[명]","명","106","75","148","56","48","64","179","39","40","54","48","63","85","79","75","58","50","33","31",
"수산업법","검찰","6개월 이내","범죄사건 처리 기간[명]","명","15","5","10","25","36","37","127","59","118","88","69","96","106","129","153","59","77","91","103",
"수산업법","검찰","6개월 초과","범죄사건 처리 기간[명]","명","-","-","-","2","-","-","3","9","16","4","26","9","35","18","26","1","1","6","9",
"수산자원관리법","합계","계","범죄사건 처리 기간[명]","명","","","","","1304","3189","3752","4112","","","","","","","","","","","",
"수산자원관리법","경찰","계","범죄사건 처리 기간[명]","명","","","","","611","1426","1802","1884","1049","1488","1422","1004","973","801","796","451","483","436","453",
"수산자원관리법","경찰","10일 이내","범죄사건 처리 기간[명]","명","","","","","61","137","143","136","58","80","96","56","55","25","30","26","19","7","9",
"수산자원관리법","경찰","20일 이내","범죄사건 처리 기간[명]","명","","","","","78","209","223","184","102","97","113","101","86","59","68","19","29","9","11",
"수산자원관리법","경찰","1개월 이내","범죄사건 처리 기간[명]","명","","","","","123","229","238","209","109","166","179","117","79","83","62","28","49","8","15",
"수산자원관리법","경찰","2개월 이내","범죄사건 처리 기간[명]","명","","","","","160","388","599","664","344","432","389","230","304","225","178","103","102","89","74",
"수산자원관리법","경찰","3개월 이내","범죄사건 처리 기간[명]","명","","","","","99","215","285","264","201","259","225","237","176","199","151","106","92","107","85",
"수산자원관리법","경찰","6개월 이내","범죄사건 처리 기간[명]","명","","","","","82","187","246","272","162","280","269","170","168","160","175","110","115","138","170",
"수산자원관리법","경찰","6개월 초과","범죄사건 처리 기간[명]","명","","","","","8","61","68","155","73","174","151","93","105","50","132","59","77","78","89",
"수산자원관리법","검찰","계","범죄사건 처리 기간[명]","명","","","","","693","1763","1950","2228","1346","1743","1723","1788","1234","1272","1156","856","715","574","547",
"수산자원관리법","검찰","10일 이내","범죄사건 처리 기간[명]","명","","","","","480","1210","1307","1339","744","950","1048","1106","618","699","653","461","373","289","286",
"수산자원관리법","검찰","20일 이내","범죄사건 처리 기간[명]","명","","","","","105","277","248","389","226","368","254","252","240","245","225","136","121","79","58",
"수산자원관리법","검찰","1개월 이내","범죄사건 처리 기간[명]","명","","","","","70","137","158","228","153","217","181","117","119","140","100","94","80","62","82",
"수산자원관리법","검찰","2개월 이내","범죄사건 처리 기간[명]","명","","","","","20","70","91","118","71","103","68","76","98","86","68","80","64","59","64",
"수산자원관리법","검찰","3개월 이내","범죄사건 처리 기간[명]","명","","","","","18","26","34","60","54","60","55","73","70","49","59","46","29","27","23",
"수산자원관리법","검찰","6개월 이내","범죄사건 처리 기간[명]","명","","","","","-","43","101","87","94","45","112","164","52","51","51","38","48","51","29",
"수산자원관리법","검찰","6개월 초과","범죄사건 처리 기간[명]","명","","","","","-","-","11","7","4","-","5","","37","2","-","1","0","7","5",
"수산자원보호령","합계","계","범죄사건 처리 기간[명]","명","2445","2911","2994","2810","1011","52","4","-","","","","","","","","","","","",
"수산자원보호령","경찰","계","범죄사건 처리 기간[명]","명","1045","1318","1339","1264","483","22","1","-","","","","","","","","","","","",
"수산자원보호령","경찰","10일 이내","범죄사건 처리 기간[명]","명","39","36","30","36","8","16","-","-","","","","","","","","","","","",
"수산자원보호령","경찰","20일 이내","범죄사건 처리 기간[명]","명","45","76","41","55","9","1","-","-","","","","","","","","","","","",
"수산자원보호령","경찰","1개월 이내","범죄사건 처리 기간[명]","명","90","195","166","169","39","1","-","-","","","","","","","","","","","",
"수산자원보호령","경찰","2개월 이내","범죄사건 처리 기간[명]","명","208","272","246","293","66","-","1","-","","","","","","","","","","","",
"수산자원보호령","경찰","3개월 이내","범죄사건 처리 기간[명]","명","101","126","121","116","63","-","-","-","","","","","","","","","","","",
"수산자원보호령","경찰","6개월 이내","범죄사건 처리 기간[명]","명","556","610","723","585","279","-","-","-","","","","","","","","","","","",
"수산자원보호령","경찰","6개월 초과","범죄사건 처리 기간[명]","명","6","3","12","10","19","4","-","-","","","","","","","","","","","",
"수산자원보호령","검찰","계","범죄사건 처리 기간[명]","명","1400","1593","1655","1546","528","30","3","-","","","","","","","","","","","",
"수산자원보호령","검찰","10일 이내","범죄사건 처리 기간[명]","명","894","1204","1170","1127","365","10","-","-","","","","","","","","","","","",
"수산자원보호령","검찰","20일 이내","범죄사건 처리 기간[명]","명","312","237","265","251","92","2","2","-","","","","","","","","","","","",
"수산자원보호령","검찰","1개월 이내","범죄사건 처리 기간[명]","명","126","67","134","97","39","2","1","-","","","","","","","","","","","",
"수산자원보호령","검찰","2개월 이내","범죄사건 처리 기간[명]","명","51","55","58","39","17","11","-","-","","","","","","","","","","","",
"수산자원보호령","검찰","3개월 이내","범죄사건 처리 기간[명]","명","17","29","24","32","12","-","-","-","","","","","","","","","","","",
"수산자원보호령","검찰","6개월 이내","범죄사건 처리 기간[명]","명","-","1","4","-","3","5","-","-","","","","","","","","","","","",
"수산자원보호령","검찰","6개월 초과","범죄사건 처리 기간[명]","명","-","-","-","-","-","-","-","-","","","","","","","","","","","",
"수상레저안전법","합계","계","범죄사건 처리 기간[명]","명","330","247","441","335","456","472","399","435","","","","","","","","","","","",
"수상레저안전법","경찰","계","범죄사건 처리 기간[명]","명","164","123","220","167","228","236","205","220","","","","","","","","","","","",
"수상레저안전법","경찰","10일 이내","범죄사건 처리 기간[명]","명","6","8","10","4","37","63","55","49","","","","","","","","","","","",
"수상레저안전법","경찰","20일 이내","범죄사건 처리 기간[명]","명","15","10","8","5","40","55","52","68","","","","","","","","","","","",
"수상레저안전법","경찰","1개월 이내","범죄사건 처리 기간[명]","명","35","15","39","19","35","41","38","33","","","","","","","","","","","",
"수상레저안전법","경찰","2개월 이내","범죄사건 처리 기간[명]","명","25","19","28","6","47","45","38","47","","","","","","","","","","","",
"수상레저안전법","경찰","3개월 이내","범죄사건 처리 기간[명]","명","3","8","7","2","17","22","11","13","","","","","","","","","","","",
"수상레저안전법","경찰","6개월 이내","범죄사건 처리 기간[명]","명","79","63","127","131","52","8","9","8","","","","","","","","","","","",
"수상레저안전법","경찰","6개월 초과","범죄사건 처리 기간[명]","명","1","-","1","-","-","2","2","2","","","","","","","","","","","",
"수상레저안전법","검찰","계","범죄사건 처리 기간[명]","명","166","124","221","168","228","236","194","215","","","","","","","","","","","",
"수상레저안전법","검찰","10일 이내","범죄사건 처리 기간[명]","명","110","75","137","114","166","189","145","148","","","","","","","","","","","",
"수상레저안전법","검찰","20일 이내","범죄사건 처리 기간[명]","명","34","31","58","26","32","29","28","34","","","","","","","","","","","",
"수상레저안전법","검찰","1개월 이내","범죄사건 처리 기간[명]","명","9","7","17","15","16","12","11","27","","","","","","","","","","","",
"수상레저안전법","검찰","2개월 이내","범죄사건 처리 기간[명]","명","6","5","9","9","7","6","6","6","","","","","","","","","","","",
"수상레저안전법","검찰","3개월 이내","범죄사건 처리 기간[명]","명","7","6","-","4","7","-","-","-","","","","","","","","","","","",
"수상레저안전법","검찰","6개월 이내","범죄사건 처리 기간[명]","명","-","-","-","-","-","-","4","-","","","","","","","","","","","",
"수상레저안전법","검찰","6개월 초과","범죄사건 처리 기간[명]","명","-","-","-","-","-","-","-","-","","","","","","","","","","","",
"수질환경보전법","합계","계","범죄사건 처리 기간[명]","명","2618","2399","312","27","6","5","2","-","","","","","","","","","","","",
"수질환경보전법","경찰","계","범죄사건 처리 기간[명]","명","938","863","115","13","3","1","1","-","","","","","","","","","","","",
"수질환경보전법","경찰","10일 이내","범죄사건 처리 기간[명]","명","56","47","3","2","-","-","1","-","","","","","","","","","","","",
"수질환경보전법","경찰","20일 이내","범죄사건 처리 기간[명]","명","31","67","4","-","-","-","-","-","","","","","","","","","","","",
"수질환경보전법","경찰","1개월 이내","범죄사건 처리 기간[명]","명","176","185","20","1","-","-","-","-","","","","","","","","","","","",
"수질환경보전법","경찰","2개월 이내","범죄사건 처리 기간[명]","명","177","220","21","6","-","-","-","-","","","","","","","","","","","",
"수질환경보전법","경찰","3개월 이내","범죄사건 처리 기간[명]","명","140","81","16","-","2","-","-","-","","","","","","","","","","","",
"수질환경보전법","경찰","6개월 이내","범죄사건 처리 기간[명]","명","345","253","43","1","1","-","-","-","","","","","","","","","","","",
"수질환경보전법","경찰","6개월 초과","범죄사건 처리 기간[명]","명","13","10","8","3","-","1","-","-","","","","","","","","","","","",
"수질환경보전법","검찰","계","범죄사건 처리 기간[명]","명","1680","1536","197","14","3","4","1","-","","","","","","","","","","","",
"수질환경보전법","검찰","10일 이내","범죄사건 처리 기간[명]","명","846","846","86","2","-","3","1","-","","","","","","","","","","","",
"수질환경보전법","검찰","20일 이내","범죄사건 처리 기간[명]","명","281","285","36","2","-","1","-","-","","","","","","","","","","","",
"수질환경보전법","검찰","1개월 이내","범죄사건 처리 기간[명]","명","200","180","29","1","-","-","-","-","","","","","","","","","","","",
"수질환경보전법","검찰","2개월 이내","범죄사건 처리 기간[명]","명","180","146","20","5","-","-","-","-","","","","","","","","","","","",
"수질환경보전법","검찰","3개월 이내","범죄사건 처리 기간[명]","명","143","63","22","3","3","-","-","-","","","","","","","","","","","",
"수질환경보전법","검찰","6개월 이내","범죄사건 처리 기간[명]","명","30","16","4","1","-","-","-","-","","","","","","","","","","","",
"수질환경보전법","검찰","6개월 초과","범죄사건 처리 기간[명]","명","-","-","-","-","-","-","-","-","","","","","","","","","","","",
"스토킹범죄의처벌등에관한법률","경찰","계","범죄사건 처리 기간[명]","명","","","","","","","","","","","","","","","","818","10016","11624","13041",
"스토킹범죄의처벌등에관한법률","경찰","10일 이내","범죄사건 처리 기간[명]","명","","","","","","","","","","","","","","","","207","1072","1295","1481",
"스토킹범죄의처벌등에관한법률","경찰","20일 이내","범죄사건 처리 기간[명]","명","","","","","","","","","","","","","","","","228","1716","1902","2062",
"스토킹범죄의처벌등에관한법률","경찰","1개월 이내","범죄사건 처리 기간[명]","명","","","","","","","","","","","","","","","","168","1487","1686","1873",
"스토킹범죄의처벌등에관한법률","경찰","2개월 이내","범죄사건 처리 기간[명]","명","","","","","","","","","","","","","","","","192","2949","3331","3756",
"스토킹범죄의처벌등에관한법률","경찰","3개월 이내","범죄사건 처리 기간[명]","명","","","","","","","","","","","","","","","","10","1541","1858","2116",
"스토킹범죄의처벌등에관한법률","경찰","6개월 이내","범죄사건 처리 기간[명]","명","","","","","","","","","","","","","","","","13","1019","1353","1536",
"스토킹범죄의처벌등에관한법률","경찰","6개월 초과","범죄사건 처리 기간[명]","명","","","","","","","","","","","","","","","","-","232","199","217",
"스토킹범죄의처벌등에관한법률","검찰","계","범죄사건 처리 기간[명]","명","","","","","","","","","","","","","","","","528","6267","7822","9399",
"스토킹범죄의처벌등에관한법률","검찰","10일 이내","범죄사건 처리 기간[명]","명","","","","","","","","","","","","","","","","201","1964","1987","2930",
"스토킹범죄의처벌등에관한법률","검찰","20일 이내","범죄사건 처리 기간[명]","명","","","","","","","","","","","","","","","","81","777","820","1108",
"스토킹범죄의처벌등에관한법률","검찰","1개월 이내","범죄사건 처리 기간[명]","명","","","","","","","","","","","","","","","","71","757","896","1212",
"스토킹범죄의처벌등에관한법률","검찰","2개월 이내","범죄사건 처리 기간[명]","명","","","","","","","","","","","","","","","","70","871","1181","1228",
"스토킹범죄의처벌등에관한법률","검찰","3개월 이내","범죄사건 처리 기간[명]","명","","","","","","","","","","","","","","","","53","710","911","866",
"스토킹범죄의처벌등에관한법률","검찰","6개월 이내","범죄사건 처리 기간[명]","명","","","","","","","","","","","","","","","","51","1138","1917","1896",
"스토킹범죄의처벌등에관한법률","검찰","6개월 초과","범죄사건 처리 기간[명]","명","","","","","","","","","","","","","","","","1","50","110","159",
"식품위생법","합계","계","범죄사건 처리 기간[명]","명","21306","21391","23111","30886","23587","26124","23896","30058","","","","","","","","","","","",
"식품위생법","경찰","계","범죄사건 처리 기간[명]","명","9908","10027","11034","14647","11255","11835","10729","13969","11634","10970","11350","9822","7066","7675","7457","6854","5806","6293","5512",
"식품위생법","경찰","10일 이내","범죄사건 처리 기간[명]","명","921","1610","2035","3338","3457","4011","2948","3563","2718","1818","2370","1969","1555","1596","1400","832","790","982","969",
"식품위생법","경찰","20일 이내","범죄사건 처리 기간[명]","명","376","481","561","671","1449","2262","1904","2407","1972","1487","1700","1558","1286","1449","1417","817","826","1140","970",
"식품위생법","경찰","1개월 이내","범죄사건 처리 기간[명]","명","1950","1776","1682","1901","1451","1572","1451","1752","1499","1270","1409","1238","957","1089","996","757","620","893","642",
"식품위생법","경찰","2개월 이내","범죄사건 처리 기간[명]","명","1505","1181","1228","1529","1672","2480","2505","3129","2537","2113","2403","1923","1594","1772","1712","1629","1015","1285","1131",
"식품위생법","경찰","3개월 이내","범죄사건 처리 기간[명]","명","787","630","701","849","705","955","1199","1793","1514","1028","1033","1093","806","826","924","1078","682","729","681",
"식품위생법","경찰","6개월 이내","범죄사건 처리 기간[명]","명","4328","4330","4795","6318","2446","434","613","1023","939","755","1017","830","620","779","830","1227","837","754","838",
"식품위생법","경찰","6개월 초과","범죄사건 처리 기간[명]","명","41","19","32","41","75","121","109","302","455","2499","1418","1211","248","164","178","514","1036","510","281",
"식품위생법","검찰","계","범죄사건 처리 기간[명]","명","11398","11364","12077","16239","12332","14289","13167","16089","13684","12539","13476","11747","8388","9080","8666","6903","5919","6182","5558",
"식품위생법","검찰","10일 이내","범죄사건 처리 기간[명]","명","7161","7665","7807","9765","7394","9617","8579","9668","7356","6970","6943","6697","5054","5306","5224","3507","2913","3347","3003",
"식품위생법","검찰","20일 이내","범죄사건 처리 기간[명]","명","1928","1909","1973","2935","2210","2136","2026","2454","2209","1866","2145","1765","1273","1287","1112","804","820","838","753",
"식품위생법","검찰","1개월 이내","범죄사건 처리 기간[명]","명","818","791","910","1403","1072","1152","1085","1325","1246","1266","1428","905","659","762","596","725","720","631","620",
"식품위생법","검찰","2개월 이내","범죄사건 처리 기간[명]","명","707","548","764","1185","931","781","715","1092","1096","913","985","868","594","666","564","605","543","604","429",
"식품위생법","검찰","3개월 이내","범죄사건 처리 기간[명]","명","597","383","540","805","645","388","327","556","698","650","869","655","364","408","474","524","351","294","316",
"식품위생법","검찰","6개월 이내","범죄사건 처리 기간[명]","명","187","68","81","136","80","212","386","869","993","832","940","801","367","538","578","638","551","427","400",
"식품위생법","검찰","6개월 초과","범죄사건 처리 기간[명]","명","-","-","2","10","-","3","49","125","86","42","166","56","77","113","118","100","21","41","37",
"신용정보의이용및보호에관한법률","합계","계","범죄사건 처리 기간[명]","명","909","604","465","526","223","196","181","1085","","","","","","","","","","","",
"신용정보의이용및보호에관한법률","경찰","계","범죄사건 처리 기간[명]","명","445","292","231","259","111","98","96","649","211","52","75","127","120","95","116","56","36","39","46",
"신용정보의이용및보호에관한법률","경찰","10일 이내","범죄사건 처리 기간[명]","명","4","106","17","16","7","8","8","83","3","1","3","69","31","2","1","-","1","1","-",
"신용정보의이용및보호에관한법률","경찰","20일 이내","범죄사건 처리 기간[명]","명","-","26","3","3","5","4","2","9","8","2","1","6","-","2","-","3","1","1","-",
"신용정보의이용및보호에관한법률","경찰","1개월 이내","범죄사건 처리 기간[명]","명","13","27","21","50","6","4","3","73","147","-","1","8","-","1","2","1","0","1","-",
"신용정보의이용및보호에관한법률","경찰","2개월 이내","범죄사건 처리 기간[명]","명","23","52","73","25","19","17","40","60","15","5","9","9","5","23","18","6","5","6","2",
"신용정보의이용및보호에관한법률","경찰","3개월 이내","범죄사건 처리 기간[명]","명","31","24","34","32","16","25","20","33","13","7","14","7","9","15","14","6","8","3","-",
"신용정보의이용및보호에관한법률","경찰","6개월 이내","범죄사건 처리 기간[명]","명","373","57","82","94","54","14","12","196","15","14","32","21","27","44","67","25","6","15","15",
"신용정보의이용및보호에관한법률","경찰","6개월 초과","범죄사건 처리 기간[명]","명","1","-","1","39","4","26","11","195","10","23","15","7","48","8","14","15","15","12","29",
"신용정보의이용및보호에관한법률","검찰","계","범죄사건 처리 기간[명]","명","464","312","234","267","112","98","85","436","208","65","70","122","86","84","110","23","19","19","17",
"신용정보의이용및보호에관한법률","검찰","10일 이내","범죄사건 처리 기간[명]","명","50","75","89","86","45","35","21","97","21","20","18","43","17","17","23","6","1","2","6",
"신용정보의이용및보호에관한법률","검찰","20일 이내","범죄사건 처리 기간[명]","명","26","31","31","17","5","8","14","48","9","11","3","16","-","4","6","-","2","3","1",
"신용정보의이용및보호에관한법률","검찰","1개월 이내","범죄사건 처리 기간[명]","명","13","38","20","20","5","16","10","26","7","7","7","18","2","3","6","1","2","2","2",
"신용정보의이용및보호에관한법률","검찰","2개월 이내","범죄사건 처리 기간[명]","명","29","42","31","29","20","6","8","37","155","1","2","6","4","9","6","9","2","4","1",
"신용정보의이용및보호에관한법률","검찰","3개월 이내","범죄사건 처리 기간[명]","명","111","110","33","108","24","8","2","91","8","3","8","3","26","8","20","2","1","-","-",
"신용정보의이용및보호에관한법률","검찰","6개월 이내","범죄사건 처리 기간[명]","명","167","16","30","7","10","25","14","136","8","9","25","34","33","39","20","4","11","8","6",
"신용정보의이용및보호에관한법률","검찰","6개월 초과","범죄사건 처리 기간[명]","명","68","-","-","-","3","-","16","1","-","14","7","2","4","4","29","1","0","-","1",
"실용신안법","합계","계","범죄사건 처리 기간[명]","명","902","574","722","935","1424","276","428","361","","","","","","","","","","","",
"실용신안법","경찰","계","범죄사건 처리 기간[명]","명","420","279","347","463","711","138","233","211","","","","","","","","","","","",
"실용신안법","경찰","10일 이내","범죄사건 처리 기간[명]","명","4","8","20","30","28","15","20","12","","","","","","","","","","","",
"실용신안법","경찰","20일 이내","범죄사건 처리 기간[명]","명","2","2","4","18","13","9","24","20","","","","","","","","","","","",
"실용신안법","경찰","1개월 이내","범죄사건 처리 기간[명]","명","33","24","28","41","40","11","16","20","","","","","","","","","","","",
"실용신안법","경찰","2개월 이내","범죄사건 처리 기간[명]","명","57","47","62","121","123","40","82","81","","","","","","","","","","","",
"실용신안법","경찰","3개월 이내","범죄사건 처리 기간[명]","명","64","57","51","49","159","38","58","34","","","","","","","","","","","",
"실용신안법","경찰","6개월 이내","범죄사건 처리 기간[명]","명","257","141","181","202","346","20","22","37","","","","","","","","","","","",
"실용신안법","경찰","6개월 초과","범죄사건 처리 기간[명]","명","3","-","1","2","2","5","11","7","","","","","","","","","","","",
"실용신안법","검찰","계","범죄사건 처리 기간[명]","명","482","295","375","472","713","138","195","150","","","","","","","","","","","",
"실용신안법","검찰","10일 이내","범죄사건 처리 기간[명]","명","146","122","132","209","240","52","46","46","","","","","","","","","","","",
"실용신안법","검찰","20일 이내","범죄사건 처리 기간[명]","명","34","16","43","60","84","26","27","15","","","","","","","","","","","",
"실용신안법","검찰","1개월 이내","범죄사건 처리 기간[명]","명","15","8","24","68","39","11","8","15","","","","","","","","","","","",
"실용신안법","검찰","2개월 이내","범죄사건 처리 기간[명]","명","102","58","19","47","89","8","47","39","","","","","","","","","","","",
"실용신안법","검찰","3개월 이내","범죄사건 처리 기간[명]","명","87","58","60","47","210","16","29","11","","","","","","","","","","","",
"실용신안법","검찰","6개월 이내","범죄사건 처리 기간[명]","명","95","33","97","39","51","25","38","21","","","","","","","","","","","",
"실용신안법","검찰","6개월 초과","범죄사건 처리 기간[명]","명","3","-","-","2","-","-","-","3","","","","","","","","","","","",
"아동?청소년의성보호에관한법률","합계","계","범죄사건 처리 기간[명]","명","","","","","","","13926","15977","","","","","","","","","","","",
"아동?청소년의성보호에관한법률","경찰","계","범죄사건 처리 기간[명]","명","","","","","","","7217","8400","","","","","","","","","","","",
"아동?청소년의성보호에관한법률","경찰","10일 이내","범죄사건 처리 기간[명]","명","","","","","","","1846","1687","","","","","","","","","","","",
"아동?청소년의성보호에관한법률","경찰","20일 이내","범죄사건 처리 기간[명]","명","","","","","","","1083","1031","","","","","","","","","","","",
"아동?청소년의성보호에관한법률","경찰","1개월 이내","범죄사건 처리 기간[명]","명","","","","","","","785","986","","","","","","","","","","","",
"아동?청소년의성보호에관한법률","경찰","2개월 이내","범죄사건 처리 기간[명]","명","","","","","","","1359","1862","","","","","","","","","","","",
"아동?청소년의성보호에관한법률","경찰","3개월 이내","범죄사건 처리 기간[명]","명","","","","","","","706","1208","","","","","","","","","","","",
"아동?청소년의성보호에관한법률","경찰","6개월 이내","범죄사건 처리 기간[명]","명","","","","","","","834","1173","","","","","","","","","","","",
"아동?청소년의성보호에관한법률","경찰","6개월 초과","범죄사건 처리 기간[명]","명","","","","","","","604","453","","","","","","","","","","","",
"아동?청소년의성보호에관한법률","검찰","계","범죄사건 처리 기간[명]","명","","","","","","","6709","7577","","","","","","","","","","","",
"아동?청소년의성보호에관한법률","검찰","10일 이내","범죄사건 처리 기간[명]","명","","","","","","","2391","3009","","","","","","","","","","","",
"아동?청소년의성보호에관한법률","검찰","20일 이내","범죄사건 처리 기간[명]","명","","","","","","","1135","1364","","","","","","","","","","","",
"아동?청소년의성보호에관한법률","검찰","1개월 이내","범죄사건 처리 기간[명]","명","","","","","","","723","793","","","","","","","","","","","",
"아동?청소년의성보호에관한법률","검찰","2개월 이내","범죄사건 처리 기간[명]","명","","","","","","","1038","965","","","","","","","","","","","",
"아동?청소년의성보호에관한법률","검찰","3개월 이내","범죄사건 처리 기간[명]","명","","","","","","","594","444","","","","","","","","","","","",
"아동?청소년의성보호에관한법률","검찰","6개월 이내","범죄사건 처리 기간[명]","명","","","","","","","799","963","","","","","","","","","","","",
"아동?청소년의성보호에관한법률","검찰","6개월 초과","범죄사건 처리 기간[명]","명","","","","","","","29","39","","","","","","","","","","","",
"아동?청소년의성보호에관한법률(성매수등)","경찰","계","범죄사건 처리 기간[명]","명","","","","","","","","","804","750","1033","1141","714","730","758","674","594","810","978",
"아동?청소년의성보호에관한법률(성매수등)","경찰","10일 이내","범죄사건 처리 기간[명]","명","","","","","","","","","112","88","131","152","59","44","47","79","58","26","56",
"아동?청소년의성보호에관한법률(성매수등)","경찰","20일 이내","범죄사건 처리 기간[명]","명","","","","","","","","","93","72","87","121","52","42","49","40","10","24","48",
"아동?청소년의성보호에관한법률(성매수등)","경찰","1개월 이내","범죄사건 처리 기간[명]","명","","","","","","","","","50","40","81","99","81","34","67","15","24","35","43",
"아동?청소년의성보호에관한법률(성매수등)","경찰","2개월 이내","범죄사건 처리 기간[명]","명","","","","","","","","","224","134","205","326","181","147","169","85","69","143","165",
"아동?청소년의성보호에관한법률(성매수등)","경찰","3개월 이내","범죄사건 처리 기간[명]","명","","","","","","","","","97","118","166","164","125","212","142","156","114","142","254",
"아동?청소년의성보호에관한법률(성매수등)","경찰","6개월 이내","범죄사건 처리 기간[명]","명","","","","","","","","","165","189","196","180","153","194","223","183","200","270","311",
"아동?청소년의성보호에관한법률(성매수등)","경찰","6개월 초과","범죄사건 처리 기간[명]","명","","","","","","","","","63","109","167","99","63","57","61","116","119","170","101",
"아동?청소년의성보호에관한법률(성매수등)","검찰","계","범죄사건 처리 기간[명]","명","","","","","","","","","755","734","980","1078","631","689","720","578","479","692","824",
"아동?청소년의성보호에관한법률(성매수등)","검찰","10일 이내","범죄사건 처리 기간[명]","명","","","","","","","","","187","175","232","294","163","139","138","115","80","103","159",
"아동?청소년의성보호에관한법률(성매수등)","검찰","20일 이내","범죄사건 처리 기간[명]","명","","","","","","","","","164","175","252","218","127","78","101","133","54","108","120",
"아동?청소년의성보호에관한법률(성매수등)","검찰","1개월 이내","범죄사건 처리 기간[명]","명","","","","","","","","","44","37","91","88","54","26","33","63","57","50","79",
"아동?청소년의성보호에관한법률(성매수등)","검찰","2개월 이내","범죄사건 처리 기간[명]","명","","","","","","","","","88","82","81","148","46","61","65","80","59","76","70",
"아동?청소년의성보호에관한법률(성매수등)","검찰","3개월 이내","범죄사건 처리 기간[명]","명","","","","","","","","","84","111","113","141","70","67","73","59","55","65","70",
"아동?청소년의성보호에관한법률(성매수등)","검찰","6개월 이내","범죄사건 처리 기간[명]","명","","","","","","","","","183","149","191","176","153","286","248","123","162","249","260",
"아동?청소년의성보호에관한법률(성매수등)","검찰","6개월 초과","범죄사건 처리 기간[명]","명","","","","","","","","","5","5","20","13","18","32","62","5","12","41","66",
"아동?청소년의성보호에관한법률(음란물등)","경찰","계","범죄사건 처리 기간[명]","명","","","","","","","","","902","710","1031","616","1031","1151","","","","","",
"아동?청소년의성보호에관한법률(음란물등)","경찰","10일 이내","범죄사건 처리 기간[명]","명","","","","","","","","","112","174","276","68","150","72","","","","","",
"아동?청소년의성보호에관한법률(음란물등)","경찰","20일 이내","범죄사건 처리 기간[명]","명","","","","","","","","","96","57","97","57","79","56","","","","","",
"아동?청소년의성보호에관한법률(음란물등)","경찰","1개월 이내","범죄사건 처리 기간[명]","명","","","","","","","","","84","71","85","77","130","70","","","","","",
"아동?청소년의성보호에관한법률(음란물등)","경찰","2개월 이내","범죄사건 처리 기간[명]","명","","","","","","","","","236","161","179","163","235","472","","","","","",
"아동?청소년의성보호에관한법률(음란물등)","경찰","3개월 이내","범죄사건 처리 기간[명]","명","","","","","","","","","159","80","117","99","180","165","","","","","",
"아동?청소년의성보호에관한법률(음란물등)","경찰","6개월 이내","범죄사건 처리 기간[명]","명","","","","","","","","","141","76","175","79","198","237","","","","","",
"아동?청소년의성보호에관한법률(음란물등)","경찰","6개월 초과","범죄사건 처리 기간[명]","명","","","","","","","","","74","91","102","73","59","79","","","","","",
"아동?청소년의성보호에관한법률(음란물등)","검찰","계","범죄사건 처리 기간[명]","명","","","","","","","","","896","698","999","614","991","1125","","","","","",
"아동?청소년의성보호에관한법률(음란물등)","검찰","10일 이내","범죄사건 처리 기간[명]","명","","","","","","","","","382","322","483","391","427","385","","","","","",
"아동?청소년의성보호에관한법률(음란물등)","검찰","20일 이내","범죄사건 처리 기간[명]","명","","","","","","","","","195","170","219","104","177","160","","","","","",
"아동?청소년의성보호에관한법률(음란물등)","검찰","1개월 이내","범죄사건 처리 기간[명]","명","","","","","","","","","97","74","145","50","114","98","","","","","",
"아동?청소년의성보호에관한법률(음란물등)","검찰","2개월 이내","범죄사건 처리 기간[명]","명","","","","","","","","","71","60","83","25","102","84","","","","","",
"아동?청소년의성보호에관한법률(음란물등)","검찰","3개월 이내","범죄사건 처리 기간[명]","명","","","","","","","","","35","23","33","25","67","88","","","","","",
"아동?청소년의성보호에관한법률(음란물등)","검찰","6개월 이내","범죄사건 처리 기간[명]","명","","","","","","","","","106","46","35","16","96","250","","","","","",
"아동?청소년의성보호에관한법률(음란물등)","검찰","6개월 초과","범죄사건 처리 기간[명]","명","","","","","","","","","10","3","1","3","8","60","","","","","",
"아동?청소년의성보호에관한법률(성착취물등)","경찰","계","범죄사건 처리 기간[명]","명","","","","","","","","","","","","","","","3144","1684","1654","1819","2563",
"아동?청소년의성보호에관한법률(성착취물등)","경찰","10일 이내","범죄사건 처리 기간[명]","명","","","","","","","","","","","","","","","433","211","114","138","250",
"아동?청소년의성보호에관한법률(성착취물등)","경찰","20일 이내","범죄사건 처리 기간[명]","명","","","","","","","","","","","","","","","162","53","97","109","105",
"아동?청소년의성보호에관한법률(성착취물등)","경찰","1개월 이내","범죄사건 처리 기간[명]","명","","","","","","","","","","","","","","","180","53","67","88","131",
"아동?청소년의성보호에관한법률(성착취물등)","경찰","2개월 이내","범죄사건 처리 기간[명]","명","","","","","","","","","","","","","","","697","195","215","316","351",
"아동?청소년의성보호에관한법률(성착취물등)","경찰","3개월 이내","범죄사건 처리 기간[명]","명","","","","","","","","","","","","","","","651","216","261","359","469",
"아동?청소년의성보호에관한법률(성착취물등)","경찰","6개월 이내","범죄사건 처리 기간[명]","명","","","","","","","","","","","","","","","764","499","518","486","762",
"아동?청소년의성보호에관한법률(성착취물등)","경찰","6개월 초과","범죄사건 처리 기간[명]","명","","","","","","","","","","","","","","","257","457","382","323","495",
"아동?청소년의성보호에관한법률(성착취물등)","검찰","계","범죄사건 처리 기간[명]","명","","","","","","","","","","","","","","","3078","1273","1281","1523","2092",
"아동?청소년의성보호에관한법률(성착취물등)","검찰","10일 이내","범죄사건 처리 기간[명]","명","","","","","","","","","","","","","","","876","351","342","374","636",
"아동?청소년의성보호에관한법률(성착취물등)","검찰","20일 이내","범죄사건 처리 기간[명]","명","","","","","","","","","","","","","","","321","148","153","215","234",
"아동?청소년의성보호에관한법률(성착취물등)","검찰","1개월 이내","범죄사건 처리 기간[명]","명","","","","","","","","","","","","","","","208","123","110","122","230",
"아동?청소년의성보호에관한법률(성착취물등)","검찰","2개월 이내","범죄사건 처리 기간[명]","명","","","","","","","","","","","","","","","398","151","163","123","202",
"아동?청소년의성보호에관한법률(성착취물등)","검찰","3개월 이내","범죄사건 처리 기간[명]","명","","","","","","","","","","","","","","","405","174","135","115","160",
"아동?청소년의성보호에관한법률(성착취물등)","검찰","6개월 이내","범죄사건 처리 기간[명]","명","","","","","","","","","","","","","","","746","307","344","514","538",
"아동?청소년의성보호에관한법률(성착취물등)","검찰","6개월 초과","범죄사건 처리 기간[명]","명","","","","","","","","","","","","","","","124","19","34","60","92",
"아동복지법","경찰","계","범죄사건 처리 기간[명]","명","","","","","","","","","1003","2200","3843","4512","5093","6742","7581","14191","13602","15340","15647",
"아동복지법","경찰","10일 이내","범죄사건 처리 기간[명]","명","","","","","","","","","108","192","281","294","275","287","319","517","551","880","926",
"아동복지법","경찰","20일 이내","범죄사건 처리 기간[명]","명","","","","","","","","","160","250","566","597","612","747","851","1239","1374","1879","2027",
"아동복지법","경찰","1개월 이내","범죄사건 처리 기간[명]","명","","","","","","","","","115","278","579","613","695","855","885","1635","1574","2055","2295",
"아동복지법","경찰","2개월 이내","범죄사건 처리 기간[명]","명","","","","","","","","","303","616","1163","1514","1790","2308","2679","4594","4208","4828","5028",
"아동복지법","경찰","3개월 이내","범죄사건 처리 기간[명]","명","","","","","","","","","150","328","512","662","846","1271","1523","3027","2898","2908","2870",
"아동복지법","경찰","6개월 이내","범죄사건 처리 기간[명]","명","","","","","","","","","147","199","448","458","592","974","1068","2552","2410","2362","2096",
"아동복지법","경찰","6개월 초과","범죄사건 처리 기간[명]","명","","","","","","","","","20","337","294","374","283","300","256","627","587","428","405",
"아동복지법","검찰","계","범죄사건 처리 기간[명]","명","","","","","","","","","917","2062","3622","4315","4905","6587","7575","13747","13253","14801","14843",
"아동복지법","검찰","10일 이내","범죄사건 처리 기간[명]","명","","","","","","","","","322","800","1360","1901","2075","3106","3951","7266","7255","7549","8319",
"아동복지법","검찰","20일 이내","범죄사건 처리 기간[명]","명","","","","","","","","","132","328","484","546","600","766","930","2230","2111","2401","2107",
"아동복지법","검찰","1개월 이내","범죄사건 처리 기간[명]","명","","","","","","","","","88","190","318","340","425","436","569","1519","1351","1558","1572",
"아동복지법","검찰","2개월 이내","범죄사건 처리 기간[명]","명","","","","","","","","","106","246","546","553","567","629","597","1197","991","1223","1151",
"아동복지법","검찰","3개월 이내","범죄사건 처리 기간[명]","명","","","","","","","","","107","219","389","402","488","538","529","673","581","713","500",
"아동복지법","검찰","6개월 이내","범죄사건 처리 기간[명]","명","","","","","","","","","155","257","480","514","644","921","819","822","897","1235","1078",
"아동복지법","검찰","6개월 초과","범죄사건 처리 기간[명]","명","","","","","","","","","7","22","45","59","106","191","180","40","67","122","116",
"액화석유가스의안전관리및사업법","합계","계","범죄사건 처리 기간[명]","명","335","296","239","263","288","139","258","367","","","","","","","","","","","",
"액화석유가스의안전관리및사업법","경찰","계","범죄사건 처리 기간[명]","명","167","146","118","131","144","69","133","189","283","320","148","242","121","129","162","223","152","141","142",
"액화석유가스의안전관리및사업법","경찰","10일 이내","범죄사건 처리 기간[명]","명","11","6","19","21","25","10","14","28","64","35","14","30","19","27","29","25","13","18","24",
"액화석유가스의안전관리및사업법","경찰","20일 이내","범죄사건 처리 기간[명]","명","2","3","5","7","16","10","16","30","47","47","28","25","28","16","21","30","23","23","19",
"액화석유가스의안전관리및사업법","경찰","1개월 이내","범죄사건 처리 기간[명]","명","29","22","21","16","23","11","13","16","40","41","18","21","13","29","18","28","12","17","11",
"액화석유가스의안전관리및사업법","경찰","2개월 이내","범죄사건 처리 기간[명]","명","29","23","13","22","31","21","33","65","78","58","30","37","37","27","41","53","35","33","27",
"액화석유가스의안전관리및사업법","경찰","3개월 이내","범죄사건 처리 기간[명]","명","17","23","14","7","17","4","42","34","25","28","11","17","15","15","26","30","25","20","22",
"액화석유가스의안전관리및사업법","경찰","6개월 이내","범죄사건 처리 기간[명]","명","79","69","46","58","32","9","8","12","25","7","16","51","7","13","27","26","27","22","31",
"액화석유가스의안전관리및사업법","경찰","6개월 초과","범죄사건 처리 기간[명]","명","-","-","-","-","-","4","7","4","4","104","31","61","2","2","-","31","17","8","8",
"액화석유가스의안전관리및사업법","검찰","계","범죄사건 처리 기간[명]","명","168","150","121","132","144","70","125","178","259","302","132","193","110","126","157","172","126","110","124",
"액화석유가스의안전관리및사업법","검찰","10일 이내","범죄사건 처리 기간[명]","명","80","62","57","66","57","34","50","67","118","139","45","69","62","63","72","94","57","38","41",
"액화석유가스의안전관리및사업법","검찰","20일 이내","범죄사건 처리 기간[명]","명","28","31","21","16","32","5","23","29","47","64","24","32","17","14","15","29","13","18","24",
"액화석유가스의안전관리및사업법","검찰","1개월 이내","범죄사건 처리 기간[명]","명","19","18","11","16","28","4","15","18","33","42","22","21","9","14","8","21","13","10","20",
"액화석유가스의안전관리및사업법","검찰","2개월 이내","범죄사건 처리 기간[명]","명","12","19","17","19","18","17","11","34","27","20","10","11","9","15","26","9","18","23","12",
"액화석유가스의안전관리및사업법","검찰","3개월 이내","범죄사건 처리 기간[명]","명","24","17","15","11","7","5","10","14","16","16","14","15","5","5","18","11","16","9","7",
"액화석유가스의안전관리및사업법","검찰","6개월 이내","범죄사건 처리 기간[명]","명","5","3","-","4","2","5","16","16","18","21","17","45","6","15","17","8","8","12","20",
"액화석유가스의안전관리및사업법","검찰","6개월 초과","범죄사건 처리 기간[명]","명","-","-","-","-","-","-","-","-","-","-","-","","2","-","1","-","1","-","-",
"약사법","합계","계","범죄사건 처리 기간[명]","명","2623","2979","4773","6884","3026","4427","6839","6750","","","","","","","","","","","",
"약사법","경찰","계","범죄사건 처리 기간[명]","명","1275","1446","2347","3245","1444","2018","3384","3298","3965","2585","2924","1641","1167","1270","2250","1144","1293","1020","1227",
"약사법","경찰","10일 이내","범죄사건 처리 기간[명]","명","76","180","292","357","345","599","584","567","665","250","406","180","157","129","240","114","119","110","111",
"약사법","경찰","20일 이내","범죄사건 처리 기간[명]","명","36","50","93","87","174","384","606","543","695","302","331","261","155","146","240","112","116","123","132",
"약사법","경찰","1개월 이내","범죄사건 처리 기간[명]","명","188","231","263","348","222","316","460","424","601","314","247","160","115","161","216","111","150","102","134",
"약사법","경찰","2개월 이내","범죄사건 처리 기간[명]","명","184","180","321","294","254","432","948","1058","1143","574","500","363","259","249","515","246","248","180","286",
"약사법","경찰","3개월 이내","범죄사건 처리 기간[명]","명","93","131","206","323","133","145","367","441","452","317","538","213","146","204","305","138","184","120","130",
"약사법","경찰","6개월 이내","범죄사건 처리 기간[명]","명","696","660","1162","1831","297","96","252","204","307","220","426","203","162","290","479","273","287","142","211",
"약사법","경찰","6개월 초과","범죄사건 처리 기간[명]","명","2","14","10","5","19","46","167","61","102","608","476","261","173","91","255","150","189","243","223",
"약사법","검찰","계","범죄사건 처리 기간[명]","명","1348","1533","2426","3639","1582","2409","3455","3452","4120","2656","2890","1862","1264","1439","2447","988","1138","900","965",
"약사법","검찰","10일 이내","범죄사건 처리 기간[명]","명","627","751","1363","2065","853","1448","1724","1790","2003","1354","968","843","461","547","702","396","416","337","345",
"약사법","검찰","20일 이내","범죄사건 처리 기간[명]","명","243","250","365","599","274","391","714","582","715","400","460","262","155","155","273","167","148","100","82",
"약사법","검찰","1개월 이내","범죄사건 처리 기간[명]","명","127","179","233","298","149","205","409","401","437","266","270","146","95","134","148","117","141","106","151",
"약사법","검찰","2개월 이내","범죄사건 처리 기간[명]","명","112","154","185","294","118","215","237","253","454","294","339","132","146","160","249","116","149","102","105",
"약사법","검찰","3개월 이내","범죄사건 처리 기간[명]","명","181","121","187","311","127","88","137","223","195","149","267","151","107","133","259","78","113","76","66",
"약사법","검찰","6개월 이내","범죄사건 처리 기간[명]","명","58","71","93","57","45","59","215","189","294","174","525","244","219","251","631","100","153","158","188",
"약사법","검찰","6개월 초과","범죄사건 처리 기간[명]","명","-","7","-","15","16","3","19","14","22","19","61","84","81","59","185","14","18","21","28",
"여객자동차운수사업법","합계","계","범죄사건 처리 기간[명]","명","1653","1880","1986","4120","3840","4553","4628","3711","","","","","","","","","","","",
"여객자동차운수사업법","경찰","계","범죄사건 처리 기간[명]","명","815","930","988","2050","1920","2265","2361","1906","1585","2522","1709","2935","1129","1547","1209","610","490","794","627",
"여객자동차운수사업법","경찰","10일 이내","범죄사건 처리 기간[명]","명","54","99","133","510","514","321","325","228","228","385","333","560","110","206","167","112","50","100","109",
"여객자동차운수사업법","경찰","20일 이내","범죄사건 처리 기간[명]","명","25","39","34","108","259","232","302","250","242","330","256","464","134","143","144","45","47","71","64",
"여객자동차운수사업법","경찰","1개월 이내","범죄사건 처리 기간[명]","명","136","127","141","280","210","251","231","273","193","228","166","313","119","182","78","46","40","63","63",
"여객자동차운수사업법","경찰","2개월 이내","범죄사건 처리 기간[명]","명","107","135","134","266","399","554","665","502","376","574","301","598","160","449","219","122","90","178","103",
"여객자동차운수사업법","경찰","3개월 이내","범죄사건 처리 기간[명]","명","85","79","118","143","150","342","392","307","236","296","123","293","228","209","144","38","51","74","102",
"여객자동차운수사업법","경찰","6개월 이내","범죄사건 처리 기간[명]","명","403","445","428","690","386","357","282","283","276","251","286","372","236","249","282","174","105","178","134",
"여객자동차운수사업법","경찰","6개월 초과","범죄사건 처리 기간[명]","명","5","6","-","53","2","208","164","63","34","458","244","335","142","109","175","73","107","130","52",
"여객자동차운수사업법","검찰","계","범죄사건 처리 기간[명]","명","838","950","998","2070","1920","2288","2267","1805","1478","2385","1640","2770","1099","1562","1153","544","403","636","481",
"여객자동차운수사업법","검찰","10일 이내","범죄사건 처리 기간[명]","명","356","424","526","1190","936","1134","1310","946","762","1380","920","1382","501","748","388","181","143","272","221",
"여객자동차운수사업법","검찰","20일 이내","범죄사건 처리 기간[명]","명","119","194","169","395","228","259","354","220","251","358","239","269","168","199","158","73","59","53","50",
"여객자동차운수사업법","검찰","1개월 이내","범죄사건 처리 기간[명]","명","102","57","98","177","198","137","145","115","96","179","130","145","66","138","134","61","47","60","38",
"여객자동차운수사업법","검찰","2개월 이내","범죄사건 처리 기간[명]","명","72","92","79","122","253","199","90","140","97","141","135","292","82","187","114","31","33","61","62",
"여객자동차운수사업법","검찰","3개월 이내","범죄사건 처리 기간[명]","명","126","170","112","101","223","168","59","80","71","130","45","201","76","90","79","70","27","28","23",
"여객자동차운수사업법","검찰","6개월 이내","범죄사건 처리 기간[명]","명","63","13","14","66","79","370","254","258","184","177","153","322","149","166","202","125","61","148","79",
"여객자동차운수사업법","검찰","6개월 초과","범죄사건 처리 기간[명]","명","-","-","-","19","3","21","55","46","17","20","18","159","57","34","78","3","33","14","8",
"여권법","합계","계","범죄사건 처리 기간[명]","명","277","387","202","260","164","187","154","138","","","","","","","","","","","",
"여권법","경찰","계","범죄사건 처리 기간[명]","명","133","189","97","127","82","89","80","69","","","","","","","","","","","",
"여권법","경찰","10일 이내","범죄사건 처리 기간[명]","명","3","15","7","12","14","29","14","12","","","","","","","","","","","",
"여권법","경찰","20일 이내","범죄사건 처리 기간[명]","명","-","1","5","2","17","14","13","16","","","","","","","","","","","",
"여권법","경찰","1개월 이내","범죄사건 처리 기간[명]","명","24","28","8","30","3","13","5","5","","","","","","","","","","","",
"여권법","경찰","2개월 이내","범죄사건 처리 기간[명]","명","21","14","8","21","29","13","25","16","","","","","","","","","","","",
"여권법","경찰","3개월 이내","범죄사건 처리 기간[명]","명","5","10","11","7","7","14","13","7","","","","","","","","","","","",
"여권법","경찰","6개월 이내","범죄사건 처리 기간[명]","명","72","118","58","55","12","6","10","6","","","","","","","","","","","",
"여권법","경찰","6개월 초과","범죄사건 처리 기간[명]","명","8","3","-","-","-","-","-","7","","","","","","","","","","","",
"여권법","검찰","계","범죄사건 처리 기간[명]","명","144","198","105","133","82","98","74","69","","","","","","","","","","","",
"여권법","검찰","10일 이내","범죄사건 처리 기간[명]","명","66","130","39","72","22","37","31","30","","","","","","","","","","","",
"여권법","검찰","20일 이내","범죄사건 처리 기간[명]","명","18","21","23","15","23","7","12","10","","","","","","","","","","","",
"여권법","검찰","1개월 이내","범죄사건 처리 기간[명]","명","17","9","8","7","8","11","9","7","","","","","","","","","","","",
"여권법","검찰","2개월 이내","범죄사건 처리 기간[명]","명","12","15","17","26","21","13","9","11","","","","","","","","","","","",
"여권법","검찰","3개월 이내","범죄사건 처리 기간[명]","명","30","19","15","12","2","12","4","4","","","","","","","","","","","",
"여권법","검찰","6개월 이내","범죄사건 처리 기간[명]","명","1","4","3","1","6","18","8","6","","","","","","","","","","","",
"여권법","검찰","6개월 초과","범죄사건 처리 기간[명]","명","-","-","-","-","-","-","1","1","","","","","","","","","","","",
"여신전문금융업법","합계","계","범죄사건 처리 기간[명]","명","7054","5613","6960","8232","5943","5247","6622","6643","","","","","","","","","","","",
"여신전문금융업법","경찰","계","범죄사건 처리 기간[명]","명","3423","2735","3412","4063","2969","2592","3429","3403","3686","2960","2518","2351","2434","2154","1750","1385","1546","1428","1338",
"여신전문금융업법","경찰","10일 이내","범죄사건 처리 기간[명]","명","298","251","379","546","411","358","447","456","420","301","271","233","259","194","166","141","93","94","98",
"여신전문금융업법","경찰","20일 이내","범죄사건 처리 기간[명]","명","53","42","69","88","225","290","393","430","435","283","249","244","229","272","189","137","152","174","121",
"여신전문금융업법","경찰","1개월 이내","범죄사건 처리 기간[명]","명","350","176","305","443","281","235","399","342","369","251","241","211","276","198","168","156","155","152","128",
"여신전문금융업법","경찰","2개월 이내","범죄사건 처리 기간[명]","명","319","281","339","433","633","685","971","946","1000","642","462","490","538","439","362","321","319","303","265",
"여신전문금융업법","경찰","3개월 이내","범죄사건 처리 기간[명]","명","400","300","418","329","455","510","699","661","692","515","393","395","407","374","283","206","240","210","188",
"여신전문금융업법","경찰","6개월 이내","범죄사건 처리 기간[명]","명","1948","1670","1871","2148","924","431","402","437","533","546","570","467","528","532","409","269","331","270","238",
"여신전문금융업법","경찰","6개월 초과","범죄사건 처리 기간[명]","명","55","15","31","76","40","83","118","131","237","422","332","311","197","145","173","155","256","225","300",
"여신전문금융업법","검찰","계","범죄사건 처리 기간[명]","명","3631","2878","3548","4169","2974","2655","3193","3240","3524","2803","2421","2296","2296","2071","1748","846","930","883","697",
"여신전문금융업법","검찰","10일 이내","범죄사건 처리 기간[명]","명","1955","1272","1644","1865","1444","1430","1777","1930","2022","1561","1069","1081","1161","1046","1022","457","461","381","276",
"여신전문금융업법","검찰","20일 이내","범죄사건 처리 기간[명]","명","462","446","577","664","408","385","436","453","498","405","389","356","297","224","158","123","150","119","147",
"여신전문금융업법","검찰","1개월 이내","범죄사건 처리 기간[명]","명","220","269","284","343","180","188","242","259","250","238","164","154","172","108","102","78","68","122","83",
"여신전문금융업법","검찰","2개월 이내","범죄사건 처리 기간[명]","명","373","304","314","497","306","236","246","225","256","226","230","161","178","151","118","85","77","77","56",
"여신전문금융업법","검찰","3개월 이내","범죄사건 처리 기간[명]","명","417","395","450","604","416","155","140","171","178","141","181","130","153","116","97","48","57","58","44",
"여신전문금융업법","검찰","6개월 이내","범죄사건 처리 기간[명]","명","174","190","261","196","206","247","315","186","241","190","307","329","245","304","172","43","103","115","82",
"여신전문금융업법","검찰","6개월 초과","범죄사건 처리 기간[명]","명","30","2","18","-","14","14","37","16","79","42","81","85","90","122","79","12","14","11","9",
"영유아보육법","경찰","계","범죄사건 처리 기간[명]","명","","","","","","","","","851","473","515","382","423","486","278","216","162","154","149",
"영유아보육법","경찰","10일 이내","범죄사건 처리 기간[명]","명","","","","","","","","","84","27","25","15","14","18","12","12","5","4","4",
"영유아보육법","경찰","20일 이내","범죄사건 처리 기간[명]","명","","","","","","","","","106","31","39","37","36","34","25","14","8","10","7",
"영유아보육법","경찰","1개월 이내","범죄사건 처리 기간[명]","명","","","","","","","","","87","53","56","26","33","68","11","15","10","21","7",
"영유아보육법","경찰","2개월 이내","범죄사건 처리 기간[명]","명","","","","","","","","","235","86","140","66","107","61","67","20","27","28","18",
"영유아보육법","경찰","3개월 이내","범죄사건 처리 기간[명]","명","","","","","","","","","179","60","99","53","79","75","28","32","23","24","13",
"영유아보육법","경찰","6개월 이내","범죄사건 처리 기간[명]","명","","","","","","","","","110","59","84","106","90","114","88","73","38","33","59",
"영유아보육법","경찰","6개월 초과","범죄사건 처리 기간[명]","명","","","","","","","","","50","157","72","79","64","116","47","50","51","34","41",
"영유아보육법","검찰","계","범죄사건 처리 기간[명]","명","","","","","","","","","774","406","490","355","353","359","259","147","134","130","109",
"영유아보육법","검찰","10일 이내","범죄사건 처리 기간[명]","명","","","","","","","","","202","87","112","87","39","54","53","48","31","32","48",
"영유아보육법","검찰","20일 이내","범죄사건 처리 기간[명]","명","","","","","","","","","135","49","28","26","19","20","26","13","22","10","7",
"영유아보육법","검찰","1개월 이내","범죄사건 처리 기간[명]","명","","","","","","","","","63","34","57","48","27","29","22","18","15","18","11",
"영유아보육법","검찰","2개월 이내","범죄사건 처리 기간[명]","명","","","","","","","","","89","61","70","24","56","43","38","21","24","20","12",
"영유아보육법","검찰","3개월 이내","범죄사건 처리 기간[명]","명","","","","","","","","","66","63","54","33","39","40","34","17","12","7","3",
"영유아보육법","검찰","6개월 이내","범죄사건 처리 기간[명]","명","","","","","","","","","201","107","150","117","119","132","63","30","28","34","22",
"영유아보육법","검찰","6개월 초과","범죄사건 처리 기간[명]","명","","","","","","","","","18","5","19","20","54","41","23","-","2","9","6",
"오수?분뇨및축산폐수의처리에관한법률","합계","계","범죄사건 처리 기간[명]","명","1056","1035","86","12","2","40","-","-","","","","","","","","","","","",
"오수?분뇨및축산폐수의처리에관한법률","경찰","계","범죄사건 처리 기간[명]","명","371","383","29","4","1","20","-","-","","","","","","","","","","","",
"오수?분뇨및축산폐수의처리에관한법률","경찰","10일 이내","범죄사건 처리 기간[명]","명","23","23","3","-","-","-","-","-","","","","","","","","","","","",
"오수?분뇨및축산폐수의처리에관한법률","경찰","20일 이내","범죄사건 처리 기간[명]","명","32","32","1","-","-","1","-","-","","","","","","","","","","","",
"오수?분뇨및축산폐수의처리에관한법률","경찰","1개월 이내","범죄사건 처리 기간[명]","명","85","80","10","2","-","-","-","-","","","","","","","","","","","",
"오수?분뇨및축산폐수의처리에관한법률","경찰","2개월 이내","범죄사건 처리 기간[명]","명","68","86","4","1","-","-","-","-","","","","","","","","","","","",
"오수?분뇨및축산폐수의처리에관한법률","경찰","3개월 이내","범죄사건 처리 기간[명]","명","54","32","4","-","-","-","-","-","","","","","","","","","","","",
"오수?분뇨및축산폐수의처리에관한법률","경찰","6개월 이내","범죄사건 처리 기간[명]","명","108","124","5","-","1","19","-","-","","","","","","","","","","","",
"오수?분뇨및축산폐수의처리에관한법률","경찰","6개월 초과","범죄사건 처리 기간[명]","명","1","6","2","1","-","-","-","-","","","","","","","","","","","",
"오수?분뇨및축산폐수의처리에관한법률","검찰","계","범죄사건 처리 기간[명]","명","685","652","57","8","1","20","-","-","","","","","","","","","","","",
"오수?분뇨및축산폐수의처리에관한법률","검찰","10일 이내","범죄사건 처리 기간[명]","명","345","348","32","3","1","20","-","-","","","","","","","","","","","",
"오수?분뇨및축산폐수의처리에관한법률","검찰","20일 이내","범죄사건 처리 기간[명]","명","130","117","8","1","-","-","-","-","","","","","","","","","","","",
"오수?분뇨및축산폐수의처리에관한법률","검찰","1개월 이내","범죄사건 처리 기간[명]","명","82","79","4","-","-","-","-","-","","","","","","","","","","","",
"오수?분뇨및축산폐수의처리에관한법률","검찰","2개월 이내","범죄사건 처리 기간[명]","명","57","51","4","4","-","-","-","-","","","","","","","","","","","",
"오수?분뇨및축산폐수의처리에관한법률","검찰","3개월 이내","범죄사건 처리 기간[명]","명","63","49","8","-","-","-","-","-","","","","","","","","","","","",
"오수?분뇨및축산폐수의처리에관한법률","검찰","6개월 이내","범죄사건 처리 기간[명]","명","8","8","1","-","-","-","-","-","","","","","","","","","","","",
"오수?분뇨및축산폐수의처리에관한법률","검찰","6개월 초과","범죄사건 처리 기간[명]","명","-","-","-","-","-","-","-","-","","","","","","","","","","","",
"예비군법","합계","계","범죄사건 처리 기간[명]","명","44705","38989","34925","35516","23420","23686","30339","33574","","","","","","","","","","","",
"예비군법","경찰","계","범죄사건 처리 기간[명]","명","22047","19330","17362","17665","11709","11842","15599","17314","15910","14559","11086","8546","7622","6570","1973","325","1099","3267","5063",
"예비군법","경찰","10일 이내","범죄사건 처리 기간[명]","명","2733","3447","3660","4663","3830","3509","3980","4437","3342","2808","2538","2099","1803","1503","295","75","254","623","981",
"예비군법","경찰","20일 이내","범죄사건 처리 기간[명]","명","679","779","736","846","2087","2653","3656","3727","3131","2414","2077","1652","1509","1350","307","61","280","656","1033",
"예비군법","경찰","1개월 이내","범죄사건 처리 기간[명]","명","3745","3234","2573","2512","1687","1977","2521","2558","2432","1722","1356","1119","893","865","247","49","166","494","710",
"예비군법","경찰","2개월 이내","범죄사건 처리 기간[명]","명","3604","2484","2333","2308","2316","2872","4081","4564","4272","3105","2286","1638","1477","1352","515","72","262","777","1219",
"예비군법","경찰","3개월 이내","범죄사건 처리 기간[명]","명","2113","1335","1009","582","544","725","1195","1530","1893","1633","1241","945","816","757","309","31","78","376","612",
"예비군법","경찰","6개월 이내","범죄사건 처리 기간[명]","명","9143","8038","7041","6751","1242","101","152","360","665","860","1076","707","822","649","269","30","52","296","458",
"예비군법","경찰","6개월 초과","범죄사건 처리 기간[명]","명","30","13","10","3","3","5","14","138","175","2017","512","386","302","94","31","7","7","45","50",
"예비군법","검찰","계","범죄사건 처리 기간[명]","명","22658","19659","17563","17851","11711","11844","14740","16260","15239","13999","10712","8461","7525","6515","1979","257","881","2363","3777",
"예비군법","검찰","10일 이내","범죄사건 처리 기간[명]","명","15987","14098","12807","12890","9108","9878","11665","12370","11337","10279","8091","6396","5690","4917","1460","180","617","1581","2653",
"예비군법","검찰","20일 이내","범죄사건 처리 기간[명]","명","4339","3647","2965","3104","1604","1225","1801","2221","2459","2309","1638","1259","986","800","238","32","125","310","515",
"예비군법","검찰","1개월 이내","범죄사건 처리 기간[명]","명","1250","1058","964","1042","554","421","756","887","830","879","636","463","400","371","95","19","53","240","290",
"예비군법","검찰","2개월 이내","범죄사건 처리 기간[명]","명","872","701","659","675","353","262","418","590","445","396","252","247","258","233","107","18","58","136","198",
"예비군법","검찰","3개월 이내","범죄사건 처리 기간[명]","명","189","130","124","121","77","48","77","154","124","95","64","62","85","97","42","3","18","55","70",
"예비군법","검찰","6개월 이내","범죄사건 처리 기간[명]","명","21","25","43","19","15","10","22","38","43","39","30","32","78","83","30","5","9","41","51",
"예비군법","검찰","6개월 초과","범죄사건 처리 기간[명]","명","-","-","1","-","-","-","1","-","1","2","1","2","28","14","7","-","1","-","-",
"옥외광고물등의관리와옥외광고산업진흥에관한법률","합계","계","범죄사건 처리 기간[명]","명","1726","2451","3191","2296","1557","2189","1409","2109","","","","","","","","","","","",
"옥외광고물등의관리와옥외광고산업진흥에관한법률","경찰","계","범죄사건 처리 기간[명]","명","853","1220","1589","1145","778","1090","726","1089","1236","1211","1098","764","455","378","227","173","190","179","219",
"옥외광고물등의관리와옥외광고산업진흥에관한법률","경찰","10일 이내","범죄사건 처리 기간[명]","명","58","111","279","215","166","368","117","146","202","207","161","134","69","37","27","18","10","6","15",
"옥외광고물등의관리와옥외광고산업진흥에관한법률","경찰","20일 이내","범죄사건 처리 기간[명]","명","26","40","85","43","95","169","152","142","209","100","202","87","75","32","27","22","11","16","22",
"옥외광고물등의관리와옥외광고산업진흥에관한법률","경찰","1개월 이내","범죄사건 처리 기간[명]","명","191","253","194","139","103","144","86","193","161","124","130","86","39","47","27","10","21","23","19",
"옥외광고물등의관리와옥외광고산업진흥에관한법률","경찰","2개월 이내","범죄사건 처리 기간[명]","명","131","132","220","143","199","227","215","323","391","208","230","163","100","118","58","39","35","41","41",
"옥외광고물등의관리와옥외광고산업진흥에관한법률","경찰","3개월 이내","범죄사건 처리 기간[명]","명","74","112","158","59","77","112","99","183","160","163","119","107","89","55","33","25","25","16","35",
"옥외광고물등의관리와옥외광고산업진흥에관한법률","경찰","6개월 이내","범죄사건 처리 기간[명]","명","369","569","653","546","138","29","36","76","83","108","117","89","61","80","47","43","55","50","54",
"옥외광고물등의관리와옥외광고산업진흥에관한법률","경찰","6개월 초과","범죄사건 처리 기간[명]","명","4","3","-","-","-","41","21","26","30","301","139","98","22","9","8","16","33","27","33",
"옥외광고물등의관리와옥외광고산업진흥에관한법률","검찰","계","범죄사건 처리 기간[명]","명","873","1231","1602","1151","779","1099","683","1020","1146","1149","1054","742","429","354","217","134","147","139","147",
"옥외광고물등의관리와옥외광고산업진흥에관한법률","검찰","10일 이내","범죄사건 처리 기간[명]","명","517","631","968","695","480","747","414","582","518","680","556","419","230","139","117","69","59","53","57",
"옥외광고물등의관리와옥외광고산업진흥에관한법률","검찰","20일 이내","범죄사건 처리 기간[명]","명","177","297","255","188","128","200","124","174","181","189","196","103","57","39","23","28","26","24","24",
"옥외광고물등의관리와옥외광고산업진흥에관한법률","검찰","1개월 이내","범죄사건 처리 기간[명]","명","92","131","153","114","69","70","61","132","142","97","127","65","41","31","27","14","18","10","18",
"옥외광고물등의관리와옥외광고산업진흥에관한법률","검찰","2개월 이내","범죄사건 처리 기간[명]","명","51","111","129","95","64","43","45","100","183","90","93","80","55","34","22","15","17","26","18",
"옥외광고물등의관리와옥외광고산업진흥에관한법률","검찰","3개월 이내","범죄사건 처리 기간[명]","명","30","49","84","47","34","28","26","12","58","54","47","29","31","28","9","5","15","11","9",
"옥외광고물등의관리와옥외광고산업진흥에관한법률","검찰","6개월 이내","범죄사건 처리 기간[명]","명","6","12","13","12","4","11","12","20","59","39","31","45","13","80","17","3","12","12","21",
"옥외광고물등의관리와옥외광고산업진흥에관한법률","검찰","6개월 초과","범죄사건 처리 기간[명]","명","-","-","-","-","-","-","1","-","5","-","4","1","2","3","2","-","0","3","-",
"외국환거래법","합계","계","범죄사건 처리 기간[명]","명","4205","4206","6067","15298","2062","2643","2575","2514","","","","","","","","","","","",
"외국환거래법","경찰","계","범죄사건 처리 기간[명]","명","1398","1127","2074","6680","978","605","553","366","450","381","437","323","304","366","343","336","440","427","319",
"외국환거래법","경찰","10일 이내","범죄사건 처리 기간[명]","명","146","220","224","430","67","114","118","56","67","35","38","15","33","59","24","49","55","73","39",
"외국환거래법","경찰","20일 이내","범죄사건 처리 기간[명]","명","42","29","45","64","31","110","65","29","20","14","18","13","16","27","12","48","25","28","9",
"외국환거래법","경찰","1개월 이내","범죄사건 처리 기간[명]","명","129","138","242","719","81","90","90","26","36","57","46","26","12","13","5","22","30","12","29",
"외국환거래법","경찰","2개월 이내","범죄사건 처리 기간[명]","명","81","155","345","579","162","100","94","89","129","46","78","66","62","62","36","29","28","35","40",
"외국환거래법","경찰","3개월 이내","범죄사건 처리 기간[명]","명","50","137","108","702","72","59","52","87","94","109","74","31","46","27","35","56","32","31","24",
"외국환거래법","경찰","6개월 이내","범죄사건 처리 기간[명]","명","918","434","1104","4107","473","94","79","40","47","29","87","48","74","96","111","47","132","105","64",
"외국환거래법","경찰","6개월 초과","범죄사건 처리 기간[명]","명","32","14","6","79","92","38","55","39","57","91","96","124","61","82","120","85","138","143","114",
"외국환거래법","검찰","계","범죄사건 처리 기간[명]","명","2807","3079","3993","8618","1084","2038","2022","2148","1913","1417","946","737","895","772","452","266","411","430","492",
"외국환거래법","검찰","10일 이내","범죄사건 처리 기간[명]","명","1572","2162","2546","4537","366","937","1062","1626","1531","836","475","304","425","280","132","71","42","126","206",
"외국환거래법","검찰","20일 이내","범죄사건 처리 기간[명]","명","295","308","597","1208","152","394","312","222","121","207","129","70","142","107","57","48","37","55","42",
"외국환거래법","검찰","1개월 이내","범죄사건 처리 기간[명]","명","188","130","323","697","58","182","156","60","55","76","48","66","67","60","26","26","81","38","45",
"외국환거래법","검찰","2개월 이내","범죄사건 처리 기간[명]","명","228","132","214","915","139","277","174","90","51","107","98","79","74","97","42","23","35","38","45",
"외국환거래법","검찰","3개월 이내","범죄사건 처리 기간[명]","명","326","307","228","1122","301","149","120","35","40","45","73","71","68","69","59","26","24","39","24",
"외국환거래법","검찰","6개월 이내","범죄사건 처리 기간[명]","명","168","38","85","139","48","97","178","70","83","127","112","114","89","120","116","59","98","108","104",
"외국환거래법","검찰","6개월 초과","범죄사건 처리 기간[명]","명","30","2","-","-","20","2","20","45","32","19","11","33","30","39","20","13","94","26","26",
"위험물안전관리법","경찰","계","범죄사건 처리 기간[명]","명","","","","","","","","","175","225","210","417","220","208","230","246","261","227","173",
"위험물안전관리법","경찰","10일 이내","범죄사건 처리 기간[명]","명","","","","","","","","","5","12","10","15","14","10","7","5","5","5","5",
"위험물안전관리법","경찰","20일 이내","범죄사건 처리 기간[명]","명","","","","","","","","","16","17","19","43","17","12","24","22","9","10","1",
"위험물안전관리법","경찰","1개월 이내","범죄사건 처리 기간[명]","명","","","","","","","","","53","62","44","102","46","64","52","50","68","50","19",
"위험물안전관리법","경찰","2개월 이내","범죄사건 처리 기간[명]","명","","","","","","","","","41","84","32","97","56","49","76","93","76","42","49",
"위험물안전관리법","경찰","3개월 이내","범죄사건 처리 기간[명]","명","","","","","","","","","40","28","46","78","40","40","37","47","55","52","43",
"위험물안전관리법","경찰","6개월 이내","범죄사건 처리 기간[명]","명","","","","","","","","","19","17","36","64","32","22","26","18","39","40","31",
"위험물안전관리법","경찰","6개월 초과","범죄사건 처리 기간[명]","명","","","","","","","","","1","5","23","18","15","11","8","11","9","28","25",
"위험물안전관리법","검찰","계","범죄사건 처리 기간[명]","명","","","","","","","","","674","747","800","962","713","849","1214","936","854","824","487",
"위험물안전관리법","검찰","10일 이내","범죄사건 처리 기간[명]","명","","","","","","","","","305","328","444","486","334","415","690","469","309","255","176",
"위험물안전관리법","검찰","20일 이내","범죄사건 처리 기간[명]","명","","","","","","","","","122","168","154","178","118","117","192","135","156","122","94",
"위험물안전관리법","검찰","1개월 이내","범죄사건 처리 기간[명]","명","","","","","","","","","68","88","102","121","96","117","83","98","110","101","72",
"위험물안전관리법","검찰","2개월 이내","범죄사건 처리 기간[명]","명","","","","","","","","","78","85","54","75","64","97","110","98","127","114","42",
"위험물안전관리법","검찰","3개월 이내","범죄사건 처리 기간[명]","명","","","","","","","","","57","54","33","67","54","37","74","70","60","81","43",
"위험물안전관리법","검찰","6개월 이내","범죄사건 처리 기간[명]","명","","","","","","","","","41","24","13","33","45","63","60","57","82","146","49",
"위험물안전관리법","검찰","6개월 초과","범죄사건 처리 기간[명]","명","","","","","","","","","3","-","-","2","2","3","5","9","10","5","11",
"유사수신행위의규제에관한법률","합계","계","범죄사건 처리 기간[명]","명","2860","3244","5235","9832","2893","1464","1877","1761","","","","","","","","","","","",
"유사수신행위의규제에관한법률","경찰","계","범죄사건 처리 기간[명]","명","1380","1589","2587","4830","1444","720","1139","994","1178","1163","2141","2377","2099","2667","2984","1561","2102","2164","2019",
"유사수신행위의규제에관한법률","경찰","10일 이내","범죄사건 처리 기간[명]","명","106","49","131","465","100","68","59","134","53","55","110","120","116","118","166","170","72","68","241",
"유사수신행위의규제에관한법률","경찰","20일 이내","범죄사건 처리 기간[명]","명","13","-","9","199","26","61","55","67","154","31","177","56","107","73","113","53","44","38","312",
"유사수신행위의규제에관한법률","경찰","1개월 이내","범죄사건 처리 기간[명]","명","141","185","281","442","111","32","70","53","41","26","133","81","68","115","96","63","9","63","22",
"유사수신행위의규제에관한법률","경찰","2개월 이내","범죄사건 처리 기간[명]","명","123","98","196","453","258","166","347","114","330","120","343","319","339","344","234","91","216","171","104",
"유사수신행위의규제에관한법률","경찰","3개월 이내","범죄사건 처리 기간[명]","명","108","105","295","634","224","179","253","207","182","179","229","350","343","523","280","160","87","81","103",
"유사수신행위의규제에관한법률","경찰","6개월 이내","범죄사건 처리 기간[명]","명","875","1148","1638","2598","651","174","255","239","275","280","645","886","743","908","973","316","615","344","338",
"유사수신행위의규제에관한법률","경찰","6개월 초과","범죄사건 처리 기간[명]","명","14","4","37","39","74","40","100","180","143","472","504","565","383","586","1122","708","1059","1399","899",
"유사수신행위의규제에관한법률","검찰","계","범죄사건 처리 기간[명]","명","1480","1655","2648","5002","1449","744","738","767","1157","1000","1960","2280","1852","2268","2636","832","1281","931","1266",
"유사수신행위의규제에관한법률","검찰","10일 이내","범죄사건 처리 기간[명]","명","333","262","373","827","162","160","105","190","168","105","258","196","257","141","360","205","193","113","204",
"유사수신행위의규제에관한법률","검찰","20일 이내","범죄사건 처리 기간[명]","명","203","323","443","613","138","87","157","165","76","179","312","202","160","160","144","137","118","169","154",
"유사수신행위의규제에관한법률","검찰","1개월 이내","범죄사건 처리 기간[명]","명","108","111","135","267","62","21","48","58","47","69","156","100","88","155","82","171","145","217","340",
"유사수신행위의규제에관한법률","검찰","2개월 이내","범죄사건 처리 기간[명]","명","137","226","243","642","123","97","64","33","289","107","167","219","161","182","237","39","469","78","80",
"유사수신행위의규제에관한법률","검찰","3개월 이내","범죄사건 처리 기간[명]","명","364","317","626","1413","486","103","85","46","191","111","227","294","214","268","514","149","69","63","53",
"유사수신행위의규제에관한법률","검찰","6개월 이내","범죄사건 처리 기간[명]","명","269","384","589","1166","445","242","228","237","301","255","650","813","455","863","680","105","210","212","262",
"유사수신행위의규제에관한법률","검찰","6개월 초과","범죄사건 처리 기간[명]","명","66","32","239","74","33","34","51","38","85","174","190","456","517","499","619","26","77","79","173",
"유선및도선사업법","합계","계","범죄사건 처리 기간[명]","명","172","130","130","158","202","222","158","155","","","","","","","","","","","",
"유선및도선사업법","경찰","계","범죄사건 처리 기간[명]","명","84","65","65","79","101","111","83","80","","","","","","","","","","","",
"유선및도선사업법","경찰","10일 이내","범죄사건 처리 기간[명]","명","4","2","2","4","11","8","10","6","","","","","","","","","","","",
"유선및도선사업법","경찰","20일 이내","범죄사건 처리 기간[명]","명","4","1","3","-","10","15","8","17","","","","","","","","","","","",
"유선및도선사업법","경찰","1개월 이내","범죄사건 처리 기간[명]","명","10","8","10","12","7","24","13","23","","","","","","","","","","","",
"유선및도선사업법","경찰","2개월 이내","범죄사건 처리 기간[명]","명","5","7","11","6","25","32","25","18","","","","","","","","","","","",
"유선및도선사업법","경찰","3개월 이내","범죄사건 처리 기간[명]","명","12","10","8","5","17","22","14","9","","","","","","","","","","","",
"유선및도선사업법","경찰","6개월 이내","범죄사건 처리 기간[명]","명","48","37","31","52","31","7","13","5","","","","","","","","","","","",
"유선및도선사업법","경찰","6개월 초과","범죄사건 처리 기간[명]","명","1","-","-","-","-","3","-","2","","","","","","","","","","","",
"유선및도선사업법","검찰","계","범죄사건 처리 기간[명]","명","88","65","65","79","101","111","75","75","","","","","","","","","","","",
"유선및도선사업법","검찰","10일 이내","범죄사건 처리 기간[명]","명","57","48","34","51","66","73","53","41","","","","","","","","","","","",
"유선및도선사업법","검찰","20일 이내","범죄사건 처리 기간[명]","명","12","13","8","16","15","23","6","14","","","","","","","","","","","",
"유선및도선사업법","검찰","1개월 이내","범죄사건 처리 기간[명]","명","9","3","10","6","12","4","10","8","","","","","","","","","","","",
"유선및도선사업법","검찰","2개월 이내","범죄사건 처리 기간[명]","명","7","1","7","2","5","3","4","2","","","","","","","","","","","",
"유선및도선사업법","검찰","3개월 이내","범죄사건 처리 기간[명]","명","3","-","6","4","3","8","-","2","","","","","","","","","","","",
"유선및도선사업법","검찰","6개월 이내","범죄사건 처리 기간[명]","명","-","-","-","-","-","-","2","8","","","","","","","","","","","",
"유선및도선사업법","검찰","6개월 초과","범죄사건 처리 기간[명]","명","-","-","-","-","-","-","-","-","","","","","","","","","","","",
"유해화학물질관리법","합계","계","범죄사건 처리 기간[명]","명","1380","1511","2033","2316","2642","3385","3357","2376","","","","","","","","","","","",
"유해화학물질관리법","경찰","계","범죄사건 처리 기간[명]","명","636","682","981","1114","1316","1636","1645","1065","","","","","","","","","","","",
"유해화학물질관리법","경찰","10일 이내","범죄사건 처리 기간[명]","명","168","183","185","246","420","568","505","317","","","","","","","","","","","",
"유해화학물질관리법","경찰","20일 이내","범죄사건 처리 기간[명]","명","12","12","27","21","283","344","319","150","","","","","","","","","","","",
"유해화학물질관리법","경찰","1개월 이내","범죄사건 처리 기간[명]","명","63","62","97","108","182","186","182","139","","","","","","","","","","","",
"유해화학물질관리법","경찰","2개월 이내","범죄사건 처리 기간[명]","명","51","77","71","105","170","326","298","238","","","","","","","","","","","",
"유해화학물질관리법","경찰","3개월 이내","범죄사건 처리 기간[명]","명","39","30","57","45","59","108","141","94","","","","","","","","","","","",
"유해화학물질관리법","경찰","6개월 이내","범죄사건 처리 기간[명]","명","303","316","541","589","202","97","80","62","","","","","","","","","","","",
"유해화학물질관리법","경찰","6개월 초과","범죄사건 처리 기간[명]","명","-","2","3","-","-","7","120","65","","","","","","","","","","","",
"유해화학물질관리법","검찰","계","범죄사건 처리 기간[명]","명","744","829","1052","1202","1326","1749","1712","1311","","","","","","","","","","","",
"유해화학물질관리법","검찰","10일 이내","범죄사건 처리 기간[명]","명","550","576","677","750","805","1079","999","740","","","","","","","","","","","",
"유해화학물질관리법","검찰","20일 이내","범죄사건 처리 기간[명]","명","96","97","158","197","226","272","323","235","","","","","","","","","","","",
"유해화학물질관리법","검찰","1개월 이내","범죄사건 처리 기간[명]","명","36","65","107","119","129","181","176","122","","","","","","","","","","","",
"유해화학물질관리법","검찰","2개월 이내","범죄사건 처리 기간[명]","명","36","56","60","92","127","143","141","126","","","","","","","","","","","",
"유해화학물질관리법","검찰","3개월 이내","범죄사건 처리 기간[명]","명","25","28","34","37","35","50","49","38","","","","","","","","","","","",
"유해화학물질관리법","검찰","6개월 이내","범죄사건 처리 기간[명]","명","1","7","16","7","4","24","24","45","","","","","","","","","","","",
"유해화학물질관리법","검찰","6개월 초과","범죄사건 처리 기간[명]","명","-","-","-","-","-","-","-","5","","","","","","","","","","","",
"윤락행위등방지법","합계","계","범죄사건 처리 기간[명]","명","283","87","23","22","14","-","5","5","","","","","","","","","","","",
"윤락행위등방지법","경찰","계","범죄사건 처리 기간[명]","명","132","31","9","9","7","-","5","4","","","","","","","","","","","",
"윤락행위등방지법","경찰","10일 이내","범죄사건 처리 기간[명]","명","5","4","1","1","-","-","-","4","","","","","","","","","","","",
"윤락행위등방지법","경찰","20일 이내","범죄사건 처리 기간[명]","명","1","-","-","-","-","-","-","-","","","","","","","","","","","",
"윤락행위등방지법","경찰","1개월 이내","범죄사건 처리 기간[명]","명","14","2","2","1","-","-","3","-","","","","","","","","","","","",
"윤락행위등방지법","경찰","2개월 이내","범죄사건 처리 기간[명]","명","17","-","1","-","1","-","-","-","","","","","","","","","","","",
"윤락행위등방지법","경찰","3개월 이내","범죄사건 처리 기간[명]","명","8","2","-","-","2","-","-","-","","","","","","","","","","","",
"윤락행위등방지법","경찰","6개월 이내","범죄사건 처리 기간[명]","명","74","23","5","7","4","-","2","-","","","","","","","","","","","",
"윤락행위등방지법","경찰","6개월 초과","범죄사건 처리 기간[명]","명","13","-","-","-","-","-","-","-","","","","","","","","","","","",
"윤락행위등방지법","검찰","계","범죄사건 처리 기간[명]","명","151","56","14","13","7","-","-","1","","","","","","","","","","","",
"윤락행위등방지법","검찰","10일 이내","범죄사건 처리 기간[명]","명","35","30","5","4","4","-","-","-","","","","","","","","","","","",
"윤락행위등방지법","검찰","20일 이내","범죄사건 처리 기간[명]","명","23","8","-","3","-","-","-","1","","","","","","","","","","","",
"윤락행위등방지법","검찰","1개월 이내","범죄사건 처리 기간[명]","명","10","-","6","-","-","-","-","-","","","","","","","","","","","",
"윤락행위등방지법","검찰","2개월 이내","범죄사건 처리 기간[명]","명","23","7","1","2","1","-","-","-","","","","","","","","","","","",
"윤락행위등방지법","검찰","3개월 이내","범죄사건 처리 기간[명]","명","40","9","2","4","2","-","-","-","","","","","","","","","","","",
"윤락행위등방지법","검찰","6개월 이내","범죄사건 처리 기간[명]","명","20","2","-","-","-","-","-","-","","","","","","","","","","","",
"윤락행위등방지법","검찰","6개월 초과","범죄사건 처리 기간[명]","명","-","-","-","-","-","-","-","-","","","","","","","","","","","",
"음반?비디오물및게임물에관한법률","합계","계","범죄사건 처리 기간[명]","명","48847","4610","1059","925","414","475","507","171","","","","","","","","","","","",
"음반?비디오물및게임물에관한법률","경찰","계","범죄사건 처리 기간[명]","명","24017","2145","480","452","207","233","256","89","","","","","","","","","","","",
"음반?비디오물및게임물에관한법률","경찰","10일 이내","범죄사건 처리 기간[명]","명","2266","135","86","97","57","81","82","22","","","","","","","","","","","",
"음반?비디오물및게임물에관한법률","경찰","20일 이내","범죄사건 처리 기간[명]","명","871","27","15","20","37","32","56","16","","","","","","","","","","","",
"음반?비디오물및게임물에관한법률","경찰","1개월 이내","범죄사건 처리 기간[명]","명","4480","227","61","61","23","29","37","13","","","","","","","","","","","",
"음반?비디오물및게임물에관한법률","경찰","2개월 이내","범죄사건 처리 기간[명]","명","3408","163","32","40","18","49","62","19","","","","","","","","","","","",
"음반?비디오물및게임물에관한법률","경찰","3개월 이내","범죄사건 처리 기간[명]","명","2082","220","27","33","15","20","12","11","","","","","","","","","","","",
"음반?비디오물및게임물에관한법률","경찰","6개월 이내","범죄사건 처리 기간[명]","명","10839","1279","250","198","55","21","4","7","","","","","","","","","","","",
"음반?비디오물및게임물에관한법률","경찰","6개월 초과","범죄사건 처리 기간[명]","명","71","94","9","3","2","1","3","1","","","","","","","","","","","",
"음반?비디오물및게임물에관한법률","검찰","계","범죄사건 처리 기간[명]","명","24830","2465","579","473","207","242","251","82","","","","","","","","","","","",
"음반?비디오물및게임물에관한법률","검찰","10일 이내","범죄사건 처리 기간[명]","명","13528","1108","257","262","100","167","152","44","","","","","","","","","","","",
"음반?비디오물및게임물에관한법률","검찰","20일 이내","범죄사건 처리 기간[명]","명","4381","374","101","72","50","30","36","15","","","","","","","","","","","",
"음반?비디오물및게임물에관한법률","검찰","1개월 이내","범죄사건 처리 기간[명]","명","2243","205","52","57","25","20","19","11","","","","","","","","","","","",
"음반?비디오물및게임물에관한법률","검찰","2개월 이내","범죄사건 처리 기간[명]","명","2389","271","62","31","28","18","20","6","","","","","","","","","","","",
"음반?비디오물및게임물에관한법률","검찰","3개월 이내","범죄사건 처리 기간[명]","명","1923","371","61","43","4","5","15","3","","","","","","","","","","","",
"음반?비디오물및게임물에관한법률","검찰","6개월 이내","범죄사건 처리 기간[명]","명","363","130","29","8","-","2","9","3","","","","","","","","","","","",
"음반?비디오물및게임물에관한법률","검찰","6개월 초과","범죄사건 처리 기간[명]","명","3","6","17","-","-","-","-","-","","","","","","","","","","","",
"의료기기법","경찰","계","범죄사건 처리 기간[명]","명","","","","","","","","","619","487","499","561","667","447","473","379","382","243","197",
"의료기기법","경찰","10일 이내","범죄사건 처리 기간[명]","명","","","","","","","","","100","45","64","56","102","71","77","35","19","56","18",
"의료기기법","경찰","20일 이내","범죄사건 처리 기간[명]","명","","","","","","","","","105","53","64","88","98","62","60","63","41","29","19",
"의료기기법","경찰","1개월 이내","범죄사건 처리 기간[명]","명","","","","","","","","","123","40","56","47","73","54","79","33","10","14","28",
"의료기기법","경찰","2개월 이내","범죄사건 처리 기간[명]","명","","","","","","","","","170","112","135","106","146","69","113","90","65","37","41",
"의료기기법","경찰","3개월 이내","범죄사건 처리 기간[명]","명","","","","","","","","","82","59","62","95","91","67","71","43","49","25","16",
"의료기기법","경찰","6개월 이내","범죄사건 처리 기간[명]","명","","","","","","","","","34","61","62","86","86","54","52","58","125","41","39",
"의료기기법","경찰","6개월 초과","범죄사건 처리 기간[명]","명","","","","","","","","","5","117","56","83","71","70","21","57","73","41","36",
"의료기기법","검찰","계","범죄사건 처리 기간[명]","명","","","","","","","","","606","484","647","722","818","461","517","342","266","236","173",
"의료기기법","검찰","10일 이내","범죄사건 처리 기간[명]","명","","","","","","","","","263","202","248","272","268","167","268","166","65","74","55",
"의료기기법","검찰","20일 이내","범죄사건 처리 기간[명]","명","","","","","","","","","133","104","96","87","116","77","61","46","45","29","23",
"의료기기법","검찰","1개월 이내","범죄사건 처리 기간[명]","명","","","","","","","","","69","53","103","57","83","29","44","48","47","41","40",
"의료기기법","검찰","2개월 이내","범죄사건 처리 기간[명]","명","","","","","","","","","53","42","66","115","113","42","59","33","38","22","11",
"의료기기법","검찰","3개월 이내","범죄사건 처리 기간[명]","명","","","","","","","","","34","31","67","42","89","41","33","11","21","23","19",
"의료기기법","검찰","6개월 이내","범죄사건 처리 기간[명]","명","","","","","","","","","52","48","62","146","100","100","46","36","45","43","20",
"의료기기법","검찰","6개월 초과","범죄사건 처리 기간[명]","명","","","","","","","","","2","4","5","3","49","5","6","2","5","4","5",
"의료법","합계","계","범죄사건 처리 기간[명]","명","5046","3694","5739","9869","8153","9044","8698","7509","","","","","","","","","","","",
"의료법","경찰","계","범죄사건 처리 기간[명]","명","2475","1798","2833","4892","4074","4472","4592","3894","4608","5008","5109","5662","6797","6977","6294","4276","3369","3888","3794",
"의료법","경찰","10일 이내","범죄사건 처리 기간[명]","명","113","142","234","643","630","1337","887","690","609","339","896","674","1074","818","529","340","206","227","146",
"의료법","경찰","20일 이내","범죄사건 처리 기간[명]","명","42","41","60","203","383","716","600","536","648","399","397","563","740","997","698","338","241","337","212",
"의료법","경찰","1개월 이내","범죄사건 처리 기간[명]","명","341","273","369","693","490","592","472","396","409","389","400","494","699","750","622","317","233","305","246",
"의료법","경찰","2개월 이내","범죄사건 처리 기간[명]","명","310","219","283","503","767","912","1108","1010","971","861","962","1083","1322","1366","1340","719","547","706","521",
"의료법","경찰","3개월 이내","범죄사건 처리 기간[명]","명","243","188","270","285","358","526","723","638","772","847","810","980","1109","1021","993","583","478","504","542",
"의료법","경찰","6개월 이내","범죄사건 처리 기간[명]","명","1389","933","1606","2557","1390","322","519","477","848","881","769","955","1199","1350","1174","1079","777","870","1008",
"의료법","경찰","6개월 초과","범죄사건 처리 기간[명]","명","37","2","11","8","56","67","283","147","351","1292","875","913","654","675","938","900","887","939","1119",
"의료법","검찰","계","범죄사건 처리 기간[명]","명","2571","1896","2906","4977","4079","4572","4106","3615","4669","4393","4454","5273","5995","6921","6149","2844","2300","2408","2328",
"의료법","검찰","10일 이내","범죄사건 처리 기간[명]","명","1180","757","1124","2080","1689","2181","1734","1564","1689","1601","1475","1680","1932","2486","2184","1156","767","773","616",
"의료법","검찰","20일 이내","범죄사건 처리 기간[명]","명","352","258","437","957","544","711","716","571","656","571","599","734","780","919","641","376","274","305","467",
"의료법","검찰","1개월 이내","범죄사건 처리 기간[명]","명","217","264","297","578","476","682","437","367","465","434","364","411","503","852","649","388","352","329","354",
"의료법","검찰","2개월 이내","범죄사건 처리 기간[명]","명","301","250","362","595","483","324","390","318","474","391","445","548","724","733","637","362","274","301","228",
"의료법","검찰","3개월 이내","범죄사건 처리 기간[명]","명","388","317","568","604","613","310","221","229","365","338","364","571","659","475","464","228","205","194","175",
"의료법","검찰","6개월 이내","범죄사건 처리 기간[명]","명","116","47","104","159","243","304","469","456","753","916","801","1045","966","1065","1080","291","372","438","370",
"의료법","검찰","6개월 초과","범죄사건 처리 기간[명]","명","17","3","14","4","31","60","139","110","267","142","406","284","431","391","494","43","56","68","118",
"자동차관리법","합계","계","범죄사건 처리 기간[명]","명","66719","65384","76640","90759","44846","43186","35134","37774","","","","","","","","","","","",
"자동차관리법","경찰","계","범죄사건 처리 기간[명]","명","21866","21384","29329","37669","20615","17963","14888","15995","18742","19071","31726","23822","19458","19544","22514","24577","23684","21285","20802",
"자동차관리법","경찰","10일 이내","범죄사건 처리 기간[명]","명","1773","2598","6263","8055","5661","4928","3040","3251","3937","2930","6547","4933","5278","5362","6364","6214","5565","5669","6006",
"자동차관리법","경찰","20일 이내","범죄사건 처리 기간[명]","명","798","825","1573","1713","3332","3320","2653","2798","2892","2489","5433","3898","3534","3837","4621","4680","4567","4412","4147",
"자동차관리법","경찰","1개월 이내","범죄사건 처리 기간[명]","명","3052","3013","4177","4991","2828","2192","1915","1949","2302","1797","3601","2929","2385","2448","2875","3101","3115","2715","2528",
"자동차관리법","경찰","2개월 이내","범죄사건 처리 기간[명]","명","3162","2432","3011","4093","3480","3580","3283","3798","4321","3338","5900","4321","3390","3569","4135","4559","4472","3788","3677",
"자동차관리법","경찰","3개월 이내","범죄사건 처리 기간[명]","명","2406","1931","1658","1599","1372","1640","1763","1789","2332","1872","2980","2300","1779","1655","1709","2153","2069","1676","1785",
"자동차관리법","경찰","6개월 이내","범죄사건 처리 기간[명]","명","7099","6686","9041","13289","2653","737","815","960","1592","1616","2999","2013","1549","1387","1496","2265","2265","1812","1566",
"자동차관리법","경찰","6개월 초과","범죄사건 처리 기간[명]","명","3576","3899","3606","3929","1289","1566","1419","1450","1366","5029","4266","3428","1543","1286","1314","1605","1631","1213","1093",
"자동차관리법","검찰","계","범죄사건 처리 기간[명]","명","44853","44000","47311","53090","24231","25223","20246","21779","23742","23499","35801","28598","23982","24283","27068","23631","22506","20234","18890",
"자동차관리법","검찰","10일 이내","범죄사건 처리 기간[명]","명","34443","33292","36298","39945","17637","19089","14208","15144","15102","15553","23824","20293","17384","18660","22188","19338","17713","15887","15038",
"자동차관리법","검찰","20일 이내","범죄사건 처리 기간[명]","명","6016","6207","6407","7369","3458","2994","2999","3336","3873","3585","5059","3455","2969","2502","2195","2162","2344","1990","1858",
"자동차관리법","검찰","1개월 이내","범죄사건 처리 기간[명]","명","1850","1968","2199","2728","1363","1165","1219","1344","1776","1557","2378","1450","1207","1052","837","994","1082","936","871",
"자동차관리법","검찰","2개월 이내","범죄사건 처리 기간[명]","명","1614","1563","1479","1779","1032","1161","979","1022","1374","1185","2156","1366","1014","965","893","659","767","794","604",
"자동차관리법","검찰","3개월 이내","범죄사건 처리 기간[명]","명","797","770","708","918","645","438","381","449","797","700","982","1039","630","449","382","257","298","304","209",
"자동차관리법","검찰","6개월 이내","범죄사건 처리 기간[명]","명","133","199","207","347","96","363","390","443","764","862","1316","874","686","520","497","217","284","290","287",
"자동차관리법","검찰","6개월 초과","범죄사건 처리 기간[명]","명","-","1","13","4","-","13","70","41","56","57","86","121","92","135","76","4","18","33","23",
"자동차손해배상보장법","합계","계","범죄사건 처리 기간[명]","명","35170","51174","54948","71837","28844","44430","41888","46900","","","","","","","","","","","",
"자동차손해배상보장법","경찰","계","범죄사건 처리 기간[명]","명","6654","10192","11172","13891","7618","9973","9286","10579","10079","15806","36792","23284","10993","8531","7946","7023","6361","6496","8359",
"자동차손해배상보장법","경찰","10일 이내","범죄사건 처리 기간[명]","명","561","616","705","623","666","1218","757","1363","1581","2992","10099","6811","2513","1942","1728","1255","1184","1008","1435",
"자동차손해배상보장법","경찰","20일 이내","범죄사건 처리 기간[명]","명","224","59","206","216","458","817","594","807","710","1486","5307","3061","1312","1142","1146","841","770","752","1104",
"자동차손해배상보장법","경찰","1개월 이내","범죄사건 처리 기간[명]","명","661","366","546","801","443","775","596","839","662","1292","3348","1829","889","762","732","618","520","628","830",
"자동차손해배상보장법","경찰","2개월 이내","범죄사건 처리 기간[명]","명","441","537","640","773","677","1102","972","1093","1112","1747","5223","2655","1247","1183","1132","1025","926","993","1385",
"자동차손해배상보장법","경찰","3개월 이내","범죄사건 처리 기간[명]","명","472","550","879","966","487","743","715","648","539","859","2651","1460","609","527","508","581","520","618","850",
"자동차손해배상보장법","경찰","6개월 이내","범죄사건 처리 기간[명]","명","561","681","1225","1231","594","818","847","755","508","712","2318","1454","706","512","513","623","580","711","795",
"자동차손해배상보장법","경찰","6개월 초과","범죄사건 처리 기간[명]","명","3734","7383","6971","9281","4293","4500","4805","5074","4967","6718","7846","6014","3717","2463","2187","2080","1861","1786","1960",
"자동차손해배상보장법","검찰","계","범죄사건 처리 기간[명]","명","28516","40982","43776","57946","21226","34457","32602","36321","37876","41091","60735","47158","30865","26104","21783","17362","15271","14870","14644",
"자동차손해배상보장법","검찰","10일 이내","범죄사건 처리 기간[명]","명","22713","33457","34458","45188","16496","27177","24347","27335","27453","31166","47278","37462","24009","20242","17450","13473","10782","10371","10656",
"자동차손해배상보장법","검찰","20일 이내","범죄사건 처리 기간[명]","명","3542","4711","5610","7685","2723","3897","4296","5003","5910","5753","7724","5827","3993","3074","2282","2061","2061","1925","1776",
"자동차손해배상보장법","검찰","1개월 이내","범죄사건 처리 기간[명]","명","1145","1282","1627","2147","772","1316","1590","1677","1937","1907","2671","1726","1351","1178","799","829","1022","1036","999",
"자동차손해배상보장법","검찰","2개월 이내","범죄사건 처리 기간[명]","명","753","1032","1377","1990","858","1381","1496","1416","1619","1440","1923","1318","983","927","721","640","848","866","711",
"자동차손해배상보장법","검찰","3개월 이내","범죄사건 처리 기간[명]","명","297","356","464","668","276","463","499","513","528","529","699","467","308","389","289","213","350","333","282",
"자동차손해배상보장법","검찰","6개월 이내","범죄사건 처리 기간[명]","명","66","143","239","268","101","221","311","329","384","255","391","319","205","252","203","129","192","319","201",
"자동차손해배상보장법","검찰","6개월 초과","범죄사건 처리 기간[명]","명","-","1","1","-","-","2","63","48","45","41","49","39","16","42","39","17","16","20","19",
"자본시장과금융투자업에관한법률","경찰","계","범죄사건 처리 기간[명]","명","","","","","","","","","-","-","313","267","484","389","595","746","1102","892","908",
"자본시장과금융투자업에관한법률","경찰","10일 이내","범죄사건 처리 기간[명]","명","","","","","","","","","-","-","33","10","10","26","11","55","61","22","98",
"자본시장과금융투자업에관한법률","경찰","20일 이내","범죄사건 처리 기간[명]","명","","","","","","","","","-","-","8","5","27","22","31","14","9","6","9",
"자본시장과금융투자업에관한법률","경찰","1개월 이내","범죄사건 처리 기간[명]","명","","","","","","","","","-","-","13","3","14","5","9","20","27","13","25",
"자본시장과금융투자업에관한법률","경찰","2개월 이내","범죄사건 처리 기간[명]","명","","","","","","","","","-","-","43","42","27","40","77","40","53","66","33",
"자본시장과금융투자업에관한법률","경찰","3개월 이내","범죄사건 처리 기간[명]","명","","","","","","","","","-","-","30","11","40","64","93","61","87","63","44",
"자본시장과금융투자업에관한법률","경찰","6개월 이내","범죄사건 처리 기간[명]","명","","","","","","","","","-","-","95","95","259","148","194","302","488","264","300",
"자본시장과금융투자업에관한법률","경찰","6개월 초과","범죄사건 처리 기간[명]","명","","","","","","","","","-","-","91","101","107","84","180","254","377","458","399",
"자본시장과금융투자업에관한법률","검찰","계","범죄사건 처리 기간[명]","명","","","","","","","","","-","-","493","616","693","517","654","490","555","589","586",
"자본시장과금융투자업에관한법률","검찰","10일 이내","범죄사건 처리 기간[명]","명","","","","","","","","","-","-","85","153","148","114","111","97","72","111","69",
"자본시장과금융투자업에관한법률","검찰","20일 이내","범죄사건 처리 기간[명]","명","","","","","","","","","-","-","49","55","60","28","44","65","95","62","171",
"자본시장과금융투자업에관한법률","검찰","1개월 이내","범죄사건 처리 기간[명]","명","","","","","","","","","-","-","45","22","96","35","9","32","30","77","97",
"자본시장과금융투자업에관한법률","검찰","2개월 이내","범죄사건 처리 기간[명]","명","","","","","","","","","-","-","50","64","48","53","56","76","83","57","36",
"자본시장과금융투자업에관한법률","검찰","3개월 이내","범죄사건 처리 기간[명]","명","","","","","","","","","-","-","87","117","41","29","80","50","57","45","35",
"자본시장과금융투자업에관한법률","검찰","6개월 이내","범죄사건 처리 기간[명]","명","","","","","","","","","-","-","95","89","145","118","210","113","156","133","74",
"자본시장과금융투자업에관한법률","검찰","6개월 초과","범죄사건 처리 기간[명]","명","","","","","","","","","-","-","82","116","155","140","144","57","62","104","104",
"자연공원법","합계","계","범죄사건 처리 기간[명]","명","604","718","587","389","312","287","237","228","","","","","","","","","","","",
"자연공원법","경찰","계","범죄사건 처리 기간[명]","명","290","355","288","191","156","140","118","116","","","","","","","","","","","",
"자연공원법","경찰","10일 이내","범죄사건 처리 기간[명]","명","16","22","31","22","35","32","21","24","","","","","","","","","","","",
"자연공원법","경찰","20일 이내","범죄사건 처리 기간[명]","명","6","13","11","13","14","22","25","10","","","","","","","","","","","",
"자연공원법","경찰","1개월 이내","범죄사건 처리 기간[명]","명","38","75","59","42","21","26","19","13","","","","","","","","","","","",
"자연공원법","경찰","2개월 이내","범죄사건 처리 기간[명]","명","51","62","51","35","35","33","32","44","","","","","","","","","","","",
"자연공원법","경찰","3개월 이내","범죄사건 처리 기간[명]","명","52","18","25","8","11","14","17","18","","","","","","","","","","","",
"자연공원법","경찰","6개월 이내","범죄사건 처리 기간[명]","명","126","165","111","71","40","11","3","2","","","","","","","","","","","",
"자연공원법","경찰","6개월 초과","범죄사건 처리 기간[명]","명","1","-","-","-","-","2","1","5","","","","","","","","","","","",
"자연공원법","검찰","계","범죄사건 처리 기간[명]","명","314","363","299","198","156","147","119","112","","","","","","","","","","","",
"자연공원법","검찰","10일 이내","범죄사건 처리 기간[명]","명","170","186","112","90","56","70","48","41","","","","","","","","","","","",
"자연공원법","검찰","20일 이내","범죄사건 처리 기간[명]","명","55","77","52","52","31","36","16","24","","","","","","","","","","","",
"자연공원법","검찰","1개월 이내","범죄사건 처리 기간[명]","명","38","43","54","26","10","15","25","17","","","","","","","","","","","",
"자연공원법","검찰","2개월 이내","범죄사건 처리 기간[명]","명","26","40","38","8","20","19","9","12","","","","","","","","","","","",
"자연공원법","검찰","3개월 이내","범죄사건 처리 기간[명]","명","24","17","36","21","32","4","13","6","","","","","","","","","","","",
"자연공원법","검찰","6개월 이내","범죄사건 처리 기간[명]","명","1","-","7","1","7","3","6","12","","","","","","","","","","","",
"자연공원법","검찰","6개월 초과","범죄사건 처리 기간[명]","명","-","-","-","-","-","-","2","-","","","","","","","","","","","",
"저작권법","합계","계","범죄사건 처리 기간[명]","명","32122","38882","150363","122889","40773","48234","61247","54428","","","","","","","","","","","",
"저작권법","경찰","계","범죄사건 처리 기간[명]","명","15513","19164","74229","60578","20200","23590","31003","27988","27899","40202","22418","14973","11972","9993","8856","7711","10628","19261","55944",
"저작권법","경찰","10일 이내","범죄사건 처리 기간[명]","명","810","1517","9154","7987","3176","4279","3864","3442","3222","5709","2882","1356","1044","1131","659","553","541","2286","15705",
"저작권법","경찰","20일 이내","범죄사건 처리 기간[명]","명","537","690","4042","3068","2590","4285","5078","4599","3953","6459","3369","1903","1526","1152","747","570","775","2757","12298",
"저작권법","경찰","1개월 이내","범죄사건 처리 기간[명]","명","2127","3033","11524","9134","2998","3516","4288","4003","3489","5858","3282","1935","1328","1033","828","526","784","2196","7139",
"저작권법","경찰","2개월 이내","범죄사건 처리 기간[명]","명","2325","2962","10852","9443","4856","6798","9387","9110","8334","9752","6113","4399","3104","2486","2002","1525","1956","3936","9873",
"저작권법","경찰","3개월 이내","범죄사건 처리 기간[명]","명","1734","1897","5230","3528","2297","3194","5057","4071","4850","4885","3233","2432","2241","1876","1757","1308","1628","2501","4562",
"저작권법","경찰","6개월 이내","범죄사건 처리 기간[명]","명","7909","9045","33400","27395","4264","940","1925","2068","3268","2965","2631","2158","2221","1924","2371","2356","2994","3483","4854",
"저작권법","경찰","6개월 초과","범죄사건 처리 기간[명]","명","71","20","27","23","19","578","1404","695","783","4574","908","790","508","391","492","873","1950","2102","1513",
"저작권법","검찰","계","범죄사건 처리 기간[명]","명","16609","19718","76134","62311","20573","24644","30244","26440","28760","40278","22333","15551","12247","10883","9308","2739","2888","5283","10084",
"저작권법","검찰","10일 이내","범죄사건 처리 기간[명]","명","11898","15769","65670","50316","14707","18443","20360","18315","19585","31442","16951","11372","8561","7139","5800","1467","1304","2574","5775",
"저작권법","검찰","20일 이내","범죄사건 처리 기간[명]","명","1455","1716","6628","7203","2305","2300","3143","2551","2586","3676","2017","1497","1117","1051","830","419","426","846","1792",
"저작권법","검찰","1개월 이내","범죄사건 처리 기간[명]","명","519","666","2008","2503","1015","1088","1555","1486","1597","1833","1024","661","557","566","437","240","331","628","994",
"저작권법","검찰","2개월 이내","범죄사건 처리 기간[명]","명","731","620","1032","1450","882","1272","2151","1605","2128","1481","832","660","692","591","547","278","313","551","900",
"저작권법","검찰","3개월 이내","범죄사건 처리 기간[명]","명","682","374","499","589","905","793","1492","1096","1259","824","423","461","466","441","568","151","165","288","331",
"저작권법","검찰","6개월 이내","범죄사건 처리 기간[명]","명","1236","548","296","241","718","708","1360","1231","1342","774","878","716","669","897","869","182","331","352","249",
"저작권법","검찰","6개월 초과","범죄사건 처리 기간[명]","명","88","25","1","9","41","40","183","156","263","248","208","184","185","198","257","2","18","44","43",
"전기사업법","합계","계","범죄사건 처리 기간[명]","명","110","62","44","52","158","174","180","126","","","","","","","","","","","",
"전기사업법","경찰","계","범죄사건 처리 기간[명]","명","54","30","22","26","79","87","94","62","","","","","","","","","","","",
"전기사업법","경찰","10일 이내","범죄사건 처리 기간[명]","명","3","1","3","1","19","13","6","4","","","","","","","","","","","",
"전기사업법","경찰","20일 이내","범죄사건 처리 기간[명]","명","-","1","-","-","4","9","28","6","","","","","","","","","","","",
"전기사업법","경찰","1개월 이내","범죄사건 처리 기간[명]","명","9","6","1","5","17","13","13","18","","","","","","","","","","","",
"전기사업법","경찰","2개월 이내","범죄사건 처리 기간[명]","명","11","1","5","5","23","24","21","21","","","","","","","","","","","",
"전기사업법","경찰","3개월 이내","범죄사건 처리 기간[명]","명","5","7","2","-","4","12","11","8","","","","","","","","","","","",
"전기사업법","경찰","6개월 이내","범죄사건 처리 기간[명]","명","26","14","11","15","12","10","6","4","","","","","","","","","","","",
"전기사업법","경찰","6개월 초과","범죄사건 처리 기간[명]","명","-","-","-","-","-","6","9","1","","","","","","","","","","","",
"전기사업법","검찰","계","범죄사건 처리 기간[명]","명","56","32","22","26","79","87","86","64","","","","","","","","","","","",
"전기사업법","검찰","10일 이내","범죄사건 처리 기간[명]","명","29","14","13","5","45","54","48","41","","","","","","","","","","","",
"전기사업법","검찰","20일 이내","범죄사건 처리 기간[명]","명","7","10","3","1","15","15","15","4","","","","","","","","","","","",
"전기사업법","검찰","1개월 이내","범죄사건 처리 기간[명]","명","10","2","-","1","7","6","11","10","","","","","","","","","","","",
"전기사업법","검찰","2개월 이내","범죄사건 처리 기간[명]","명","6","3","-","10","7","8","9","-","","","","","","","","","","","",
"전기사업법","검찰","3개월 이내","범죄사건 처리 기간[명]","명","2","3","4","7","5","1","3","5","","","","","","","","","","","",
"전기사업법","검찰","6개월 이내","범죄사건 처리 기간[명]","명","2","-","2","2","-","3","-","4","","","","","","","","","","","",
"전기사업법","검찰","6개월 초과","범죄사건 처리 기간[명]","명","-","-","-","-","-","-","-","-","","","","","","","","","","","",
"전기통신기본법","합계","계","범죄사건 처리 기간[명]","명","25","10","48","102","149","32","20","12","","","","","","","","","","","",
"전기통신기본법","경찰","계","범죄사건 처리 기간[명]","명","8","3","22","34","73","16","9","6","","","","","","","","","","","",
"전기통신기본법","경찰","10일 이내","범죄사건 처리 기간[명]","명","1","-","3","2","28","4","-","-","","","","","","","","","","","",
"전기통신기본법","경찰","20일 이내","범죄사건 처리 기간[명]","명","-","-","1","6","22","-","-","-","","","","","","","","","","","",
"전기통신기본법","경찰","1개월 이내","범죄사건 처리 기간[명]","명","4","1","2","6","8","5","-","1","","","","","","","","","","","",
"전기통신기본법","경찰","2개월 이내","범죄사건 처리 기간[명]","명","-","-","2","5","5","4","6","2","","","","","","","","","","","",
"전기통신기본법","경찰","3개월 이내","범죄사건 처리 기간[명]","명","1","-","9","3","3","3","3","-","","","","","","","","","","","",
"전기통신기본법","경찰","6개월 이내","범죄사건 처리 기간[명]","명","2","2","5","10","7","-","-","3","","","","","","","","","","","",
"전기통신기본법","경찰","6개월 초과","범죄사건 처리 기간[명]","명","-","-","-","2","-","-","-","-","","","","","","","","","","","",
"전기통신기본법","검찰","계","범죄사건 처리 기간[명]","명","17","7","26","68","76","16","11","6","","","","","","","","","","","",
"전기통신기본법","검찰","10일 이내","범죄사건 처리 기간[명]","명","8","3","8","27","36","10","4","4","","","","","","","","","","","",
"전기통신기본법","검찰","20일 이내","범죄사건 처리 기간[명]","명","1","2","5","12","16","3","-","-","","","","","","","","","","","",
"전기통신기본법","검찰","1개월 이내","범죄사건 처리 기간[명]","명","-","2","2","16","20","2","-","-","","","","","","","","","","","",
"전기통신기본법","검찰","2개월 이내","범죄사건 처리 기간[명]","명","2","-","7","7","-","-","5","2","","","","","","","","","","","",
"전기통신기본법","검찰","3개월 이내","범죄사건 처리 기간[명]","명","3","-","2","2","2","-","1","-","","","","","","","","","","","",
"전기통신기본법","검찰","6개월 이내","범죄사건 처리 기간[명]","명","3","-","2","4","2","1","1","-","","","","","","","","","","","",
"전기통신기본법","검찰","6개월 초과","범죄사건 처리 기간[명]","명","-","-","-","-","-","-","-","-","","","","","","","","","","","",
"전기통신사업법","합계","계","범죄사건 처리 기간[명]","명","176","458","100","200","214","225","343","224","","","","","","","","","","","",
"전기통신사업법","경찰","계","범죄사건 처리 기간[명]","명","85","225","48","96","107","112","176","114","","","","","","","","","","","",
"전기통신사업법","경찰","10일 이내","범죄사건 처리 기간[명]","명","3","-","6","10","20","6","12","8","","","","","","","","","","","",
"전기통신사업법","경찰","20일 이내","범죄사건 처리 기간[명]","명","-","-","2","-","8","10","11","5","","","","","","","","","","","",
"전기통신사업법","경찰","1개월 이내","범죄사건 처리 기간[명]","명","7","4","7","6","7","16","19","9","","","","","","","","","","","",
"전기통신사업법","경찰","2개월 이내","범죄사건 처리 기간[명]","명","16","6","6","8","20","19","61","27","","","","","","","","","","","",
"전기통신사업법","경찰","3개월 이내","범죄사건 처리 기간[명]","명","13","3","17","9","22","24","37","41","","","","","","","","","","","",
"전기통신사업법","경찰","6개월 이내","범죄사건 처리 기간[명]","명","46","212","10","62","28","33","30","17","","","","","","","","","","","",
"전기통신사업법","경찰","6개월 초과","범죄사건 처리 기간[명]","명","-","-","-","1","2","4","6","7","","","","","","","","","","","",
"전기통신사업법","검찰","계","범죄사건 처리 기간[명]","명","91","233","52","104","107","113","167","110","","","","","","","","","","","",
"전기통신사업법","검찰","10일 이내","범죄사건 처리 기간[명]","명","17","172","17","41","36","50","56","28","","","","","","","","","","","",
"전기통신사업법","검찰","20일 이내","범죄사건 처리 기간[명]","명","17","17","5","24","17","27","26","16","","","","","","","","","","","",
"전기통신사업법","검찰","1개월 이내","범죄사건 처리 기간[명]","명","3","2","1","4","9","4","18","18","","","","","","","","","","","",
"전기통신사업법","검찰","2개월 이내","범죄사건 처리 기간[명]","명","6","15","15","11","16","9","23","18","","","","","","","","","","","",
"전기통신사업법","검찰","3개월 이내","범죄사건 처리 기간[명]","명","24","10","7","12","26","11","20","8","","","","","","","","","","","",
"전기통신사업법","검찰","6개월 이내","범죄사건 처리 기간[명]","명","20","17","6","10","3","12","24","20","","","","","","","","","","","",
"전기통신사업법","검찰","6개월 초과","범죄사건 처리 기간[명]","명","4","-","1","2","-","-","-","2","","","","","","","","","","","",
"전염병예방법","합계","계","범죄사건 처리 기간[명]","명","119","104","154","132","272","122","-","4","","","","","","","","","","","",
"전염병예방법","경찰","계","범죄사건 처리 기간[명]","명","59","52","77","66","136","61","-","2","","","","","","","","","","","",
"전염병예방법","경찰","10일 이내","범죄사건 처리 기간[명]","명","4","8","12","12","35","20","-","2","","","","","","","","","","","",
"전염병예방법","경찰","20일 이내","범죄사건 처리 기간[명]","명","3","9","7","5","17","11","-","-","","","","","","","","","","","",
"전염병예방법","경찰","1개월 이내","범죄사건 처리 기간[명]","명","14","18","14","16","26","7","-","-","","","","","","","","","","","",
"전염병예방법","경찰","2개월 이내","범죄사건 처리 기간[명]","명","13","4","9","9","24","12","-","-","","","","","","","","","","","",
"전염병예방법","경찰","3개월 이내","범죄사건 처리 기간[명]","명","7","5","5","7","8","8","-","-","","","","","","","","","","","",
"전염병예방법","경찰","6개월 이내","범죄사건 처리 기간[명]","명","16","8","30","17","26","3","-","-","","","","","","","","","","","",
"전염병예방법","경찰","6개월 초과","범죄사건 처리 기간[명]","명","2","-","-","-","-","-","-","-","","","","","","","","","","","",
"전염병예방법","검찰","계","범죄사건 처리 기간[명]","명","60","52","77","66","136","61","-","2","","","","","","","","","","","",
"전염병예방법","검찰","10일 이내","범죄사건 처리 기간[명]","명","35","33","46","43","76","20","-","2","","","","","","","","","","","",
"전염병예방법","검찰","20일 이내","범죄사건 처리 기간[명]","명","11","7","12","5","26","11","-","-","","","","","","","","","","","",
"전염병예방법","검찰","1개월 이내","범죄사건 처리 기간[명]","명","5","9","12","8","16","11","-","-","","","","","","","","","","","",
"전염병예방법","검찰","2개월 이내","범죄사건 처리 기간[명]","명","3","2","4","6","13","16","-","-","","","","","","","","","","","",
"전염병예방법","검찰","3개월 이내","범죄사건 처리 기간[명]","명","3","1","3","3","5","3","-","-","","","","","","","","","","","",
"전염병예방법","검찰","6개월 이내","범죄사건 처리 기간[명]","명","3","-","-","1","-","-","-","-","","","","","","","","","","","",
"전염병예방법","검찰","6개월 초과","범죄사건 처리 기간[명]","명","-","-","-","-","-","-","-","-","","","","","","","","","","","",
"전자금융거래법","경찰","계","범죄사건 처리 기간[명]","명","","","","","","","","","28687","31020","20156","20846","24511","25321","15915","9153","10338","12146","14428",
"전자금융거래법","경찰","10일 이내","범죄사건 처리 기간[명]","명","","","","","","","","","1374","1843","1405","1228","1389","1340","805","3270","3250","4049","5172",
"전자금융거래법","경찰","20일 이내","범죄사건 처리 기간[명]","명","","","","","","","","","1063","1138","796","747","879","749","417","763","804","1094","1205",
"전자금융거래법","경찰","1개월 이내","범죄사건 처리 기간[명]","명","","","","","","","","","1381","1373","1053","1134","1266","1235","541","490","508","595","748",
"전자금융거래법","경찰","2개월 이내","범죄사건 처리 기간[명]","명","","","","","","","","","5624","5030","3786","4592","5998","5711","2557","829","908","1140","1559",
"전자금융거래법","경찰","3개월 이내","범죄사건 처리 기간[명]","명","","","","","","","","","8252","6508","4093","4927","5946","6390","3253","689","776","963","1215",
"전자금융거래법","경찰","6개월 이내","범죄사건 처리 기간[명]","명","","","","","","","","","9291","8617","5584","5360","6924","7327","5823","1637","1742","1950","2425",
"전자금융거래법","경찰","6개월 초과","범죄사건 처리 기간[명]","명","","","","","","","","","1702","6511","3439","2858","2109","2569","2519","1475","2350","2355","2104",
"전자금융거래법","검찰","계","범죄사건 처리 기간[명]","명","","","","","","","","","27225","29905","19500","20889","24200","25343","16029","6491","6576","8309","10102",
"전자금융거래법","검찰","10일 이내","범죄사건 처리 기간[명]","명","","","","","","","","","14573","16552","9891","10292","12079","13333","8708","3381","2730","3387","4416",
"전자금융거래법","검찰","20일 이내","범죄사건 처리 기간[명]","명","","","","","","","","","4979","5563","3568","3900","4505","4512","2247","1066","1055","1209","1521",
"전자금융거래법","검찰","1개월 이내","범죄사건 처리 기간[명]","명","","","","","","","","","2974","3080","2129","2184","2751","2677","1374","774","851","1081","1337",
"전자금융거래법","검찰","2개월 이내","범죄사건 처리 기간[명]","명","","","","","","","","","2355","2368","1709","2021","2287","2237","1270","571","720","1001","958",
"전자금융거래법","검찰","3개월 이내","범죄사건 처리 기간[명]","명","","","","","","","","","1223","1124","1007","1113","1185","1050","953","323","462","481","526",
"전자금융거래법","검찰","6개월 이내","범죄사건 처리 기간[명]","명","","","","","","","","","999","1157","1069","1203","1198","1298","1209","352","671","1029","1126",
"전자금융거래법","검찰","6개월 초과","범죄사건 처리 기간[명]","명","","","","","","","","","122","61","127","176","195","236","268","24","87","121","218",
"전투경찰대설치법","합계","계","범죄사건 처리 기간[명]","명","152","155","134","75","54","48","22","8","","","","","","","","","","","",
"전투경찰대설치법","경찰","계","범죄사건 처리 기간[명]","명","74","77","67","37","27","24","11","4","","","","","","","","","","","",
"전투경찰대설치법","경찰","10일 이내","범죄사건 처리 기간[명]","명","8","17","13","10","11","10","2","2","","","","","","","","","","","",
"전투경찰대설치법","경찰","20일 이내","범죄사건 처리 기간[명]","명","2","1","1","1","1","1","1","1","","","","","","","","","","","",
"전투경찰대설치법","경찰","1개월 이내","범죄사건 처리 기간[명]","명","13","9","10","2","3","2","1","1","","","","","","","","","","","",
"전투경찰대설치법","경찰","2개월 이내","범죄사건 처리 기간[명]","명","7","5","11","4","6","7","2","-","","","","","","","","","","","",
"전투경찰대설치법","경찰","3개월 이내","범죄사건 처리 기간[명]","명","3","6","5","1","1","4","4","-","","","","","","","","","","","",
"전투경찰대설치법","경찰","6개월 이내","범죄사건 처리 기간[명]","명","41","39","27","19","5","-","1","-","","","","","","","","","","","",
"전투경찰대설치법","경찰","6개월 초과","범죄사건 처리 기간[명]","명","-","-","-","-","-","-","-","-","","","","","","","","","","","",
"전투경찰대설치법","검찰","계","범죄사건 처리 기간[명]","명","78","78","67","38","27","24","11","4","","","","","","","","","","","",
"전투경찰대설치법","검찰","10일 이내","범죄사건 처리 기간[명]","명","53","50","41","24","21","16","7","4","","","","","","","","","","","",
"전투경찰대설치법","검찰","20일 이내","범죄사건 처리 기간[명]","명","14","12","15","8","4","7","-","-","","","","","","","","","","","",
"전투경찰대설치법","검찰","1개월 이내","범죄사건 처리 기간[명]","명","4","7","5","4","-","-","1","-","","","","","","","","","","","",
"전투경찰대설치법","검찰","2개월 이내","범죄사건 처리 기간[명]","명","5","8","3","1","2","1","1","-","","","","","","","","","","","",
"전투경찰대설치법","검찰","3개월 이내","범죄사건 처리 기간[명]","명","2","1","2","1","-","-","2","-","","","","","","","","","","","",
"전투경찰대설치법","검찰","6개월 이내","범죄사건 처리 기간[명]","명","-","-","1","-","-","-","-","-","","","","","","","","","","","",
"전투경찰대설치법","검찰","6개월 초과","범죄사건 처리 기간[명]","명","-","-","-","-","-","-","-","-","","","","","","","","","","","",
"전파법","합계","계","범죄사건 처리 기간[명]","명","1638","1264","1126","1370","508","891","802","814","","","","","","","","","","","",
"전파법","경찰","계","범죄사건 처리 기간[명]","명","480","384","270","400","173","212","153","183","228","264","284","349","421","227","124","119","145","191","75",
"전파법","경찰","10일 이내","범죄사건 처리 기간[명]","명","121","124","44","50","31","18","5","27","9","10","8","14","12","12","-","3","1","1","-",
"전파법","경찰","20일 이내","범죄사건 처리 기간[명]","명","45","66","49","76","11","37","10","15","15","28","11","26","30","6","11","5","3","2","2",
"전파법","경찰","1개월 이내","범죄사건 처리 기간[명]","명","126","100","76","88","23","53","47","51","65","70","56","68","98","31","28","17","9","23","2",
"전파법","경찰","2개월 이내","범죄사건 처리 기간[명]","명","95","46","60","131","41","66","74","60","90","95","102","97","135","51","32","45","34","54","16",
"전파법","경찰","3개월 이내","범죄사건 처리 기간[명]","명","34","16","20","27","56","23","10","23","34","37","56","62","106","96","17","14","33","39","26",
"전파법","경찰","6개월 이내","범죄사건 처리 기간[명]","명","58","32","20","26","11","9","6","4","10","15","29","57","36","26","28","28","48","54","19",
"전파법","경찰","6개월 초과","범죄사건 처리 기간[명]","명","1","-","1","2","-","6","1","3","5","9","22","25","4","5","8","7","17","18","10",
"전파법","검찰","계","범죄사건 처리 기간[명]","명","1158","880","856","970","335","679","649","631","654","806","623","794","845","1458","537","524","623","490","266",
"전파법","검찰","10일 이내","범죄사건 처리 기간[명]","명","681","515","507","579","219","404","346","364","402","507","340","533","512","917","305","280","227","178","133",
"전파법","검찰","20일 이내","범죄사건 처리 기간[명]","명","252","163","157","144","45","120","124","140","119","142","69","94","97","270","84","78","121","76","26",
"전파법","검찰","1개월 이내","범죄사건 처리 기간[명]","명","79","101","93","94","30","78","96","53","68","70","78","54","106","121","53","49","109","58","38",
"전파법","검찰","2개월 이내","범죄사건 처리 기간[명]","명","71","62","66","110","28","66","55","41","47","29","94","44","79","72","55","50","64","67","32",
"전파법","검찰","3개월 이내","범죄사건 처리 기간[명]","명","68","36","27","38","12","5","17","18","9","26","28","15","36","50","22","37","44","57","19",
"전파법","검찰","6개월 이내","범죄사건 처리 기간[명]","명","7","3","6","5","-","6","11","15","8","14","14","42","15","28","17","30","58","54","18",
"전파법","검찰","6개월 초과","범죄사건 처리 기간[명]","명","-","-","-","-","1","-","-","-","1","18","-","12","-","-","1","-","0","-","-",
"정보통신망이용촉진및정보보호등에관한법률","합계","계","범죄사건 처리 기간[명]","명","11668","17939","28152","28079","36592","34126","34244","33336","","","","","","","","","","","",
"정보통신망이용촉진및정보보호등에관한법률","경찰","계","범죄사건 처리 기간[명]","명","5750","8831","13987","13931","18279","17018","17776","17567","15277","16120","15936","15938","19718","20611","23238","19859","20942","18368","19201",
"정보통신망이용촉진및정보보호등에관한법률","경찰","10일 이내","범죄사건 처리 기간[명]","명","551","1393","1563","1661","2361","2177","1766","1544","868","725","1078","1116","1255","1097","951","1596","740","925","973",
"정보통신망이용촉진및정보보호등에관한법률","경찰","20일 이내","범죄사건 처리 기간[명]","명","93","140","294","325","1566","2387","2061","1871","1046","1075","1274","1252","1434","1291","1172","801","742","962","1300",
"정보통신망이용촉진및정보보호등에관한법률","경찰","1개월 이내","범죄사건 처리 기간[명]","명","810","1170","1472","1530","2547","2420","2105","2007","1338","1189","1249","1215","1453","1580","1467","913","929","1080","1364",
"정보통신망이용촉진및정보보호등에관한법률","경찰","2개월 이내","범죄사건 처리 기간[명]","명","665","951","1556","1586","4096","4972","5001","4949","4091","3677","3891","3709","4380","4914","4441","2671","2630","2859","3308",
"정보통신망이용촉진및정보보호등에관한법률","경찰","3개월 이내","범죄사건 처리 기간[명]","명","403","651","1215","1338","2358","3126","3781","3547","3633","3253","3205","3018","3787","3773","4219","2580","2450","2419","3035",
"정보통신망이용촉진및정보보호등에관한법률","경찰","6개월 이내","범죄사건 처리 기간[명]","명","3168","4472","7848","7368","5266","1661","2366","2696","3234","3317","3695","3811","5538","5856","7995","6706","6013","4923","5337",
"정보통신망이용촉진및정보보호등에관한법률","경찰","6개월 초과","범죄사건 처리 기간[명]","명","60","54","39","123","85","275","696","953","1067","2884","1544","1817","1871","2100","2993","4592","7438","5200","3884",
"정보통신망이용촉진및정보보호등에관한법률","검찰","계","범죄사건 처리 기간[명]","명","5918","9108","14165","14148","18313","17108","16468","15769","14704","15198","15075","15414","17294","19345","22503","6118","5403","5054","4890",
"정보통신망이용촉진및정보보호등에관한법률","검찰","10일 이내","범죄사건 처리 기간[명]","명","3294","5399","7881","8036","11823","11539","9544","9057","6541","7254","7107","6952","7858","8358","9571","2305","1549","1474","1401",
"정보통신망이용촉진및정보보호등에관한법률","검찰","20일 이내","범죄사건 처리 기간[명]","명","909","1308","2394","1900","2243","1974","2019","1928","1835","1867","1746","1616","1898","1603","1732","822","647","608","593",
"정보통신망이용촉진및정보보호등에관한법률","검찰","1개월 이내","범죄사건 처리 기간[명]","명","482","872","1209","1054","1205","1027","1378","1205","1118","1177","1130","1078","1270","1134","1119","799","708","581","667",
"정보통신망이용촉진및정보보호등에관한법률","검찰","2개월 이내","범죄사건 처리 기간[명]","명","403","652","893","1117","1159","1047","1165","1256","1379","1351","1288","1347","1711","2034","2060","712","713","639","584",
"정보통신망이용촉진및정보보호등에관한법률","검찰","3개월 이내","범죄사건 처리 기간[명]","명","521","574","1129","1236","1131","758","895","816","1204","1190","1338","1222","1490","2034","1888","566","588","476","411",
"정보통신망이용촉진및정보보호등에관한법률","검찰","6개월 이내","범죄사건 처리 기간[명]","명","285","297","506","573","697","723","1156","1241","1891","1951","1862","2442","2305","3192","4281","837","1092","1136","1014",
"정보통신망이용촉진및정보보호등에관한법률","검찰","6개월 초과","범죄사건 처리 기간[명]","명","24","6","153","232","55","40","311","266","736","408","604","757","762","990","1852","77","106","140","220",
"정치자금법","합계","계","범죄사건 처리 기간[명]","명","351","42","131","42","541","1040","472","66","","","","","","","","","","","",
"정치자금법","경찰","계","범죄사건 처리 기간[명]","명","127","11","58","12","269","129","127","23","","","","","","","","","","","",
"정치자금법","경찰","10일 이내","범죄사건 처리 기간[명]","명","7","4","7","-","76","84","44","6","","","","","","","","","","","",
"정치자금법","경찰","20일 이내","범죄사건 처리 기간[명]","명","3","-","-","-","10","16","6","2","","","","","","","","","","","",
"정치자금법","경찰","1개월 이내","범죄사건 처리 기간[명]","명","27","1","4","3","61","1","1","1","","","","","","","","","","","",
"정치자금법","경찰","2개월 이내","범죄사건 처리 기간[명]","명","16","2","5","-","76","7","10","1","","","","","","","","","","","",
"정치자금법","경찰","3개월 이내","범죄사건 처리 기간[명]","명","17","3","4","1","6","2","14","5","","","","","","","","","","","",
"정치자금법","경찰","6개월 이내","범죄사건 처리 기간[명]","명","57","1","38","8","37","6","27","1","","","","","","","","","","","",
"정치자금법","경찰","6개월 초과","범죄사건 처리 기간[명]","명","-","-","-","-","3","13","25","7","","","","","","","","","","","",
"정치자금법","검찰","계","범죄사건 처리 기간[명]","명","224","31","73","30","272","911","345","43","","","","","","","","","","","",
"정치자금법","검찰","10일 이내","범죄사건 처리 기간[명]","명","36","13","8","5","5","849","205","10","","","","","","","","","","","",
"정치자금법","검찰","20일 이내","범죄사건 처리 기간[명]","명","8","4","14","-","11","10","10","1","","","","","","","","","","","",
"정치자금법","검찰","1개월 이내","범죄사건 처리 기간[명]","명","3","-","5","2","4","14","17","6","","","","","","","","","","","",
"정치자금법","검찰","2개월 이내","범죄사건 처리 기간[명]","명","42","3","12","3","170","15","13","4","","","","","","","","","","","",
"정치자금법","검찰","3개월 이내","범죄사건 처리 기간[명]","명","78","5","18","7","19","2","18","5","","","","","","","","","","","",
"정치자금법","검찰","6개월 이내","범죄사건 처리 기간[명]","명","50","6","15","3","63","17","44","12","","","","","","","","","","","",
"정치자금법","검찰","6개월 초과","범죄사건 처리 기간[명]","명","7","-","1","10","-","4","38","5","","","","","","","","","","","",
"조세범처벌법","합계","계","범죄사건 처리 기간[명]","명","29728","18026","15417","14420","13369","11428","14852","15736","","","","","","","","","","","",
"조세범처벌법","경찰","계","범죄사건 처리 기간[명]","명","14422","8707","7490","7016","6668","5613","8319","8876","8527","7226","6591","5828","5524","5445","5498","3733","4612","4792","4528",
"조세범처벌법","경찰","10일 이내","범죄사건 처리 기간[명]","명","369","505","464","593","520","338","730","929","558","354","328","314","307","290","228","227","120","139","126",
"조세범처벌법","경찰","20일 이내","범죄사건 처리 기간[명]","명","173","145","129","126","379","373","590","731","497","381","389","435","405","322","279","128","96","116","121",
"조세범처벌법","경찰","1개월 이내","범죄사건 처리 기간[명]","명","1228","717","557","697","632","441","611","613","539","389","455","424","398","395","333","113","127","141","119",
"조세범처벌법","경찰","2개월 이내","범죄사건 처리 기간[명]","명","1969","1103","985","1088","1580","1444","2084","2344","1758","1174","1295","1115","1077","1043","962","364","364","456","387",
"조세범처벌법","경찰","3개월 이내","범죄사건 처리 기간[명]","명","2094","1299","1109","864","1315","1452","2077","2037","2054","1358","1214","1130","1093","895","873","455","439","449","501",
"조세범처벌법","경찰","6개월 이내","범죄사건 처리 기간[명]","명","8340","4771","4113","3592","2185","1102","1524","1812","2649","2360","2282","1883","1895","2004","2082","1381","1396","1530","1497",
"조세범처벌법","경찰","6개월 초과","범죄사건 처리 기간[명]","명","249","167","133","56","57","463","703","410","472","1210","628","527","349","496","741","1065","2070","1961","1777",
"조세범처벌법","검찰","계","범죄사건 처리 기간[명]","명","15306","9319","7927","7404","6701","5815","6533","6860","7904","6480","6177","5814","4717","5049","5537","2175","2503","2697","2437",
"조세범처벌법","검찰","10일 이내","범죄사건 처리 기간[명]","명","6447","3465","2769","2436","2080","2222","1725","1640","1505","1241","828","774","647","575","733","469","389","466","472",
"조세범처벌법","검찰","20일 이내","범죄사건 처리 기간[명]","명","1260","874","746","625","585","513","546","610","570","514","318","385","266","300","264","216","183","186","188",
"조세범처벌법","검찰","1개월 이내","범죄사건 처리 기간[명]","명","929","623","502","441","446","359","413","473","490","506","401","315","321","267","266","306","301","355","378",
"조세범처벌법","검찰","2개월 이내","범죄사건 처리 기간[명]","명","1908","1227","966","1016","888","737","898","725","986","849","891","736","655","646","651","265","298","332","264",
"조세범처벌법","검찰","3개월 이내","범죄사건 처리 기간[명]","명","3037","1635","1682","1524","1384","698","846","889","1191","908","864","791","656","653","601","284","322","259","149",
"조세범처벌법","검찰","6개월 이내","범죄사건 처리 기간[명]","명","1665","1438","1162","1209","1217","1165","1567","1994","2345","1864","2019","1923","1477","1567","1682","522","775","847","747",
"조세범처벌법","검찰","6개월 초과","범죄사건 처리 기간[명]","명","60","57","100","153","101","121","538","529","817","598","856","890","695","1041","1340","113","235","252","239",
"조수보호및수렵에관한법률","합계","계","범죄사건 처리 기간[명]","명","9","24","-","-","-","-","-","-","","","","","","","","","","","",
"조수보호및수렵에관한법률","경찰","계","범죄사건 처리 기간[명]","명","4","10","-","-","-","-","-","-","","","","","","","","","","","",
"조수보호및수렵에관한법률","경찰","10일 이내","범죄사건 처리 기간[명]","명","-","-","-","-","-","-","-","-","","","","","","","","","","","",
"조수보호및수렵에관한법률","경찰","20일 이내","범죄사건 처리 기간[명]","명","1","-","-","-","-","-","-","-","","","","","","","","","","","",
"조수보호및수렵에관한법률","경찰","1개월 이내","범죄사건 처리 기간[명]","명","-","3","-","-","-","-","-","-","","","","","","","","","","","",
"조수보호및수렵에관한법률","경찰","2개월 이내","범죄사건 처리 기간[명]","명","-","2","-","-","-","-","-","-","","","","","","","","","","","",
"조수보호및수렵에관한법률","경찰","3개월 이내","범죄사건 처리 기간[명]","명","-","-","-","-","-","-","-","-","","","","","","","","","","","",
"조수보호및수렵에관한법률","경찰","6개월 이내","범죄사건 처리 기간[명]","명","3","5","-","-","-","-","-","-","","","","","","","","","","","",
"조수보호및수렵에관한법률","경찰","6개월 초과","범죄사건 처리 기간[명]","명","-","-","-","-","-","-","-","-","","","","","","","","","","","",
"조수보호및수렵에관한법률","검찰","계","범죄사건 처리 기간[명]","명","5","14","-","-","-","-","-","-","","","","","","","","","","","",
"조수보호및수렵에관한법률","검찰","10일 이내","범죄사건 처리 기간[명]","명","2","2","-","-","-","-","-","-","","","","","","","","","","","",
"조수보호및수렵에관한법률","검찰","20일 이내","범죄사건 처리 기간[명]","명","1","1","-","-","-","-","-","-","","","","","","","","","","","",
"조수보호및수렵에관한법률","검찰","1개월 이내","범죄사건 처리 기간[명]","명","2","-","-","-","-","-","-","-","","","","","","","","","","","",
"조수보호및수렵에관한법률","검찰","2개월 이내","범죄사건 처리 기간[명]","명","-","2","-","-","-","-","-","-","","","","","","","","","","","",
"조수보호및수렵에관한법률","검찰","3개월 이내","범죄사건 처리 기간[명]","명","-","3","-","-","-","-","-","-","","","","","","","","","","","",
"조수보호및수렵에관한법률","검찰","6개월 이내","범죄사건 처리 기간[명]","명","-","6","-","-","-","-","-","-","","","","","","","","","","","",
"조수보호및수렵에관한법률","검찰","6개월 초과","범죄사건 처리 기간[명]","명","-","-","-","-","-","-","-","-","","","","","","","","","","","",
"주민등록법","합계","계","범죄사건 처리 기간[명]","명","2528","2955","3711","4646","4274","5456","6871","7852","","","","","","","","","","","",
"주민등록법","경찰","계","범죄사건 처리 기간[명]","명","1183","1451","1826","2291","2135","2716","3529","4022","3279","3588","3032","2362","2374","2419","3063","1954","2201","2379","2614",
"주민등록법","경찰","10일 이내","범죄사건 처리 기간[명]","명","115","189","285","311","306","400","453","389","359","373","424","317","244","267","223","163","141","160","168",
"주민등록법","경찰","20일 이내","범죄사건 처리 기간[명]","명","15","25","49","64","214","366","461","485","381","386","393","314","353","316","385","171","160","269","293",
"주민등록법","경찰","1개월 이내","범죄사건 처리 기간[명]","명","227","145","172","267","276","374","407","429","340","354","308","256","326","348","420","206","207","264","337",
"주민등록법","경찰","2개월 이내","범죄사건 처리 기간[명]","명","167","194","232","304","498","833","1002","1187","906","935","702","681","703","681","833","464","526","642","739",
"주민등록법","경찰","3개월 이내","범죄사건 처리 기간[명]","명","146","184","198","218","301","521","666","890","727","651","506","399","374","395","515","373","352","387","434",
"주민등록법","경찰","6개월 이내","범죄사건 처리 기간[명]","명","508","713","882","1103","525","206","382","506","473","467","518","282","303","359","536","437","575","459","491",
"주민등록법","경찰","6개월 초과","범죄사건 처리 기간[명]","명","5","1","8","24","15","16","158","136","93","422","181","113","71","53","151","140","240","198","152",
"주민등록법","검찰","계","범죄사건 처리 기간[명]","명","1345","1504","1885","2355","2139","2740","3342","3830","3161","3409","2808","2297","2288","2398","3000","1382","1588","1791","1952",
"주민등록법","검찰","10일 이내","범죄사건 처리 기간[명]","명","798","924","1027","1238","1198","1771","1973","2239","1791","2060","1612","1265","1195","1231","1625","711","787","912","979",
"주민등록법","검찰","20일 이내","범죄사건 처리 기간[명]","명","188","222","280","419","373","385","573","647","565","525","501","407","418","414","385","246","259","276","353",
"주민등록법","검찰","1개월 이내","범죄사건 처리 기간[명]","명","110","125","196","218","194","218","321","331","298","291","235","214","222","254","224","151","150","205","237",
"주민등록법","검찰","2개월 이내","범죄사건 처리 기간[명]","명","112","123","204","236","200","212","250","333","228","236","192","194","225","222","268","109","207","167","180",
"주민등록법","검찰","3개월 이내","범죄사건 처리 기간[명]","명","100","83","132","171","132","100","130","131","123","124","125","106","92","113","176","78","79","89","73",
"주민등록법","검찰","6개월 이내","범죄사건 처리 기간[명]","명","35","25","45","70","42","53","89","131","139","156","132","100","110","150","263","68","100","119","121",
"주민등록법","검찰","6개월 초과","범죄사건 처리 기간[명]","명","2","2","1","3","-","1","6","18","17","17","11","11","26","14","59","19","6","23","9",
"주차장법","합계","계","범죄사건 처리 기간[명]","명","2100","1559","1386","736","866","565","615","726","","","","","","","","","","","",
"주차장법","경찰","계","범죄사건 처리 기간[명]","명","1032","744","659","360","433","281","306","372","340","720","390","461","350","220","154","121","99","117","89",
"주차장법","경찰","10일 이내","범죄사건 처리 기간[명]","명","26","78","71","52","94","35","40","54","24","32","78","106","41","32","14","13","6","6","8",
"주차장법","경찰","20일 이내","범죄사건 처리 기간[명]","명","20","19","36","11","45","75","58","66","34","104","58","88","54","33","35","9","4","17","8",
"주차장법","경찰","1개월 이내","범죄사건 처리 기간[명]","명","113","110","123","29","85","54","61","56","22","73","35","57","58","22","22","16","9","9","16",
"주차장법","경찰","2개월 이내","범죄사건 처리 기간[명]","명","189","112","107","77","75","74","83","97","114","140","104","114","121","56","48","10","35","24","21",
"주차장법","경찰","3개월 이내","범죄사건 처리 기간[명]","명","124","62","56","28","27","30","47","76","82","73","61","39","47","61","18","31","19","22","14",
"주차장법","경찰","6개월 이내","범죄사건 처리 기간[명]","명","559","363","266","163","107","12","11","16","59","199","36","24","17","12","11","19","16","24","13",
"주차장법","경찰","6개월 초과","범죄사건 처리 기간[명]","명","1","-","-","-","-","1","6","7","5","99","18","33","12","4","6","23","10","15","9",
"주차장법","검찰","계","범죄사건 처리 기간[명]","명","1068","815","727","376","433","284","309","354","328","596","365","452","336","217","154","83","72","87","68",
"주차장법","검찰","10일 이내","범죄사건 처리 기간[명]","명","596","472","395","200","236","164","174","222","117","161","176","221","193","113","72","38","36","32","32",
"주차장법","검찰","20일 이내","범죄사건 처리 기간[명]","명","164","131","147","75","78","58","49","55","42","77","71","109","47","41","28","21","12","16","6",
"주차장법","검찰","1개월 이내","범죄사건 처리 기간[명]","명","91","103","69","28","34","25","43","33","35","39","39","46","38","19","15","6","4","8","14",
"주차장법","검찰","2개월 이내","범죄사건 처리 기간[명]","명","122","57","71","43","53","23","23","28","32","47","37","44","26","13","10","11","9","18","8",
"주차장법","검찰","3개월 이내","범죄사건 처리 기간[명]","명","84","46","37","26","31","9","9","8","49","46","26","23","20","9","8","4","7","5","-",
"주차장법","검찰","6개월 이내","범죄사건 처리 기간[명]","명","11","6","8","4","1","5","11","8","52","102","13","9","11","20","15","3","4","8","6",
"주차장법","검찰","6개월 초과","범죄사건 처리 기간[명]","명","-","-","-","-","-","-","-","-","1","124","3","","1","2","6","-","0","-","2",
"주택건설촉진법","합계","계","범죄사건 처리 기간[명]","명","57","15","15","2","-","2","-","6","","","","","","","","","","","",
"주택건설촉진법","경찰","계","범죄사건 처리 기간[명]","명","23","7","7","1","-","1","-","5","","","","","","","","","","","",
"주택건설촉진법","경찰","10일 이내","범죄사건 처리 기간[명]","명","2","-","-","-","-","-","-","-","","","","","","","","","","","",
"주택건설촉진법","경찰","20일 이내","범죄사건 처리 기간[명]","명","1","-","2","-","-","-","-","-","","","","","","","","","","","",
"주택건설촉진법","경찰","1개월 이내","범죄사건 처리 기간[명]","명","-","-","1","-","-","1","-","1","","","","","","","","","","","",
"주택건설촉진법","경찰","2개월 이내","범죄사건 처리 기간[명]","명","-","-","-","-","-","-","-","-","","","","","","","","","","","",
"주택건설촉진법","경찰","3개월 이내","범죄사건 처리 기간[명]","명","-","1","1","-","-","-","-","-","","","","","","","","","","","",
"주택건설촉진법","경찰","6개월 이내","범죄사건 처리 기간[명]","명","20","6","3","1","-","-","-","2","","","","","","","","","","","",
"주택건설촉진법","경찰","6개월 초과","범죄사건 처리 기간[명]","명","-","-","-","-","-","-","-","2","","","","","","","","","","","",
"주택건설촉진법","검찰","계","범죄사건 처리 기간[명]","명","34","8","8","1","-","1","-","1","","","","","","","","","","","",
"주택건설촉진법","검찰","10일 이내","범죄사건 처리 기간[명]","명","3","3","1","-","-","-","-","-","","","","","","","","","","","",
"주택건설촉진법","검찰","20일 이내","범죄사건 처리 기간[명]","명","6","-","3","-","-","1","-","-","","","","","","","","","","","",
"주택건설촉진법","검찰","1개월 이내","범죄사건 처리 기간[명]","명","9","-","-","-","-","-","-","-","","","","","","","","","","","",
"주택건설촉진법","검찰","2개월 이내","범죄사건 처리 기간[명]","명","6","2","-","-","-","-","-","-","","","","","","","","","","","",
"주택건설촉진법","검찰","3개월 이내","범죄사건 처리 기간[명]","명","10","-","-","1","-","-","-","1","","","","","","","","","","","",
"주택건설촉진법","검찰","6개월 이내","범죄사건 처리 기간[명]","명","-","3","1","-","-","-","-","-","","","","","","","","","","","",
"주택건설촉진법","검찰","6개월 초과","범죄사건 처리 기간[명]","명","-","-","3","-","-","-","-","-","","","","","","","","","","","",
"주택법","경찰","계","범죄사건 처리 기간[명]","명","","","","","","","","","567","1212","1147","2075","2715","1706","1940","1804","1096","806","728",
"주택법","경찰","10일 이내","범죄사건 처리 기간[명]","명","","","","","","","","","65","189","72","245","862","214","409","331","82","28","18",
"주택법","경찰","20일 이내","범죄사건 처리 기간[명]","명","","","","","","","","","59","130","154","116","113","67","259","87","30","30","23",
"주택법","경찰","1개월 이내","범죄사건 처리 기간[명]","명","","","","","","","","","42","66","118","131","84","70","67","72","43","39","37",
"주택법","경찰","2개월 이내","범죄사건 처리 기간[명]","명","","","","","","","","","155","200","144","227","296","346","288","182","173","110","122",
"주택법","경찰","3개월 이내","범죄사건 처리 기간[명]","명","","","","","","","","","84","148","127","662","223","197","335","233","141","67","116",
"주택법","경찰","6개월 이내","범죄사건 처리 기간[명]","명","","","","","","","","","129","251","368","452","611","498","449","467","240","221","212",
"주택법","경찰","6개월 초과","범죄사건 처리 기간[명]","명","","","","","","","","","33","228","164","242","526","314","133","432","387","311","200",
"주택법","검찰","계","범죄사건 처리 기간[명]","명","","","","","","","","","522","1131","1162","2024","2501","1706","1982","1305","654","483","411",
"주택법","검찰","10일 이내","범죄사건 처리 기간[명]","명","","","","","","","","","185","298","282","477","865","449","428","282","138","101","104",
"주택법","검찰","20일 이내","범죄사건 처리 기간[명]","명","","","","","","","","","68","229","261","169","336","161","198","159","42","41","29",
"주택법","검찰","1개월 이내","범죄사건 처리 기간[명]","명","","","","","","","","","59","106","78","138","288","109","62","181","61","58","46",
"주택법","검찰","2개월 이내","범죄사건 처리 기간[명]","명","","","","","","","","","59","94","113","212","249","235","455","199","100","60","58",
"주택법","검찰","3개월 이내","범죄사건 처리 기간[명]","명","","","","","","","","","69","87","65","219","134","268","220","216","101","63","44",
"주택법","검찰","6개월 이내","범죄사건 처리 기간[명]","명","","","","","","","","","61","299","329","716","363","375","406","258","174","141","105",
"주택법","검찰","6개월 초과","범죄사건 처리 기간[명]","명","","","","","","","","","21","18","34","93","266","109","213","10","38","19","25",
"중대재해처벌등에관한법률","경찰","계","범죄사건 처리 기간[명]","명","","","","","","","","","","","","","","","","","13","17","40",
"중대재해처벌등에관한법률","경찰","10일 이내","범죄사건 처리 기간[명]","명","","","","","","","","","","","","","","","","","0","-","-",
"중대재해처벌등에관한법률","경찰","20일 이내","범죄사건 처리 기간[명]","명","","","","","","","","","","","","","","","","","0","-","-",
"중대재해처벌등에관한법률","경찰","1개월 이내","범죄사건 처리 기간[명]","명","","","","","","","","","","","","","","","","","2","2","-",
"중대재해처벌등에관한법률","경찰","2개월 이내","범죄사건 처리 기간[명]","명","","","","","","","","","","","","","","","","","2","-","4",
"중대재해처벌등에관한법률","경찰","3개월 이내","범죄사건 처리 기간[명]","명","","","","","","","","","","","","","","","","","5","-","3",
"중대재해처벌등에관한법률","경찰","6개월 이내","범죄사건 처리 기간[명]","명","","","","","","","","","","","","","","","","","4","-","3",
"중대재해처벌등에관한법률","경찰","6개월 초과","범죄사건 처리 기간[명]","명","","","","","","","","","","","","","","","","","0","15","30",
"중대재해처벌등에관한법률","검찰","계","범죄사건 처리 기간[명]","명","","","","","","","","","","","","","","","","","31","64","66",
"중대재해처벌등에관한법률","검찰","10일 이내","범죄사건 처리 기간[명]","명","","","","","","","","","","","","","","","","","0","-","6",
"중대재해처벌등에관한법률","검찰","20일 이내","범죄사건 처리 기간[명]","명","","","","","","","","","","","","","","","","","3","-","3",
"중대재해처벌등에관한법률","검찰","1개월 이내","범죄사건 처리 기간[명]","명","","","","","","","","","","","","","","","","","0","2","1",
"중대재해처벌등에관한법률","검찰","2개월 이내","범죄사건 처리 기간[명]","명","","","","","","","","","","","","","","","","","1","3","2",
"중대재해처벌등에관한법률","검찰","3개월 이내","범죄사건 처리 기간[명]","명","","","","","","","","","","","","","","","","","0","4","6",
"중대재해처벌등에관한법률","검찰","6개월 이내","범죄사건 처리 기간[명]","명","","","","","","","","","","","","","","","","","10","18","19",
"중대재해처벌등에관한법률","검찰","6개월 초과","범죄사건 처리 기간[명]","명","","","","","","","","","","","","","","","","","17","37","29",
"증권거래법","합계","계","범죄사건 처리 기간[명]","명","572","320","304","395","55","92","53","12","","","","","","","","","","","",
"증권거래법","경찰","계","범죄사건 처리 기간[명]","명","115","56","91","134","19","25","12","4","","","","","","","","","","","",
"증권거래법","경찰","10일 이내","범죄사건 처리 기간[명]","명","1","1","4","2","1","15","1","3","","","","","","","","","","","",
"증권거래법","경찰","20일 이내","범죄사건 처리 기간[명]","명","-","-","-","-","-","-","-","-","","","","","","","","","","","",
"증권거래법","경찰","1개월 이내","범죄사건 처리 기간[명]","명","4","4","5","7","-","-","1","1","","","","","","","","","","","",
"증권거래법","경찰","2개월 이내","범죄사건 처리 기간[명]","명","6","7","26","17","5","2","6","-","","","","","","","","","","","",
"증권거래법","경찰","3개월 이내","범죄사건 처리 기간[명]","명","12","14","8","9","-","-","4","-","","","","","","","","","","","",
"증권거래법","경찰","6개월 이내","범죄사건 처리 기간[명]","명","83","30","48","98","11","4","-","-","","","","","","","","","","","",
"증권거래법","경찰","6개월 초과","범죄사건 처리 기간[명]","명","9","-","-","1","2","4","-","-","","","","","","","","","","","",
"증권거래법","검찰","계","범죄사건 처리 기간[명]","명","457","264","213","261","36","67","41","8","","","","","","","","","","","",
"증권거래법","검찰","10일 이내","범죄사건 처리 기간[명]","명","154","115","64","76","1","25","15","4","","","","","","","","","","","",
"증권거래법","검찰","20일 이내","범죄사건 처리 기간[명]","명","37","29","23","15","2","1","6","2","","","","","","","","","","","",
"증권거래법","검찰","1개월 이내","범죄사건 처리 기간[명]","명","6","9","6","5","-","6","4","-","","","","","","","","","","","",
"증권거래법","검찰","2개월 이내","범죄사건 처리 기간[명]","명","21","17","31","14","1","4","2","1","","","","","","","","","","","",
"증권거래법","검찰","3개월 이내","범죄사건 처리 기간[명]","명","44","31","22","49","12","5","6","1","","","","","","","","","","","",
"증권거래법","검찰","6개월 이내","범죄사건 처리 기간[명]","명","78","42","45","56","12","11","1","-","","","","","","","","","","","",
"증권거래법","검찰","6개월 초과","범죄사건 처리 기간[명]","명","117","21","22","46","8","15","7","-","","","","","","","","","","","",
"지방세법","합계","계","범죄사건 처리 기간[명]","명","871","740","401","73","32","8","3","8","","","","","","","","","","","",
"지방세법","경찰","계","범죄사건 처리 기간[명]","명","418","360","196","36","16","4","2","4","","","","","","","","","","","",
"지방세법","경찰","10일 이내","범죄사건 처리 기간[명]","명","54","46","30","7","2","1","2","1","","","","","","","","","","","",
"지방세법","경찰","20일 이내","범죄사건 처리 기간[명]","명","9","13","5","-","3","-","-","1","","","","","","","","","","","",
"지방세법","경찰","1개월 이내","범죄사건 처리 기간[명]","명","59","42","22","-","3","-","-","1","","","","","","","","","","","",
"지방세법","경찰","2개월 이내","범죄사건 처리 기간[명]","명","81","80","28","6","2","2","-","-","","","","","","","","","","","",
"지방세법","경찰","3개월 이내","범죄사건 처리 기간[명]","명","74","49","24","1","3","1","-","-","","","","","","","","","","","",
"지방세법","경찰","6개월 이내","범죄사건 처리 기간[명]","명","137","130","87","21","3","-","-","1","","","","","","","","","","","",
"지방세법","경찰","6개월 초과","범죄사건 처리 기간[명]","명","4","-","-","1","-","-","-","-","","","","","","","","","","","",
"지방세법","검찰","계","범죄사건 처리 기간[명]","명","453","380","205","37","16","4","1","4","","","","","","","","","","","",
"지방세법","검찰","10일 이내","범죄사건 처리 기간[명]","명","316","279","111","19","6","2","-","1","","","","","","","","","","","",
"지방세법","검찰","20일 이내","범죄사건 처리 기간[명]","명","62","51","27","9","3","-","1","2","","","","","","","","","","","",
"지방세법","검찰","1개월 이내","범죄사건 처리 기간[명]","명","29","22","20","2","1","1","-","-","","","","","","","","","","","",
"지방세법","검찰","2개월 이내","범죄사건 처리 기간[명]","명","22","16","23","4","1","1","-","1","","","","","","","","","","","",
"지방세법","검찰","3개월 이내","범죄사건 처리 기간[명]","명","24","11","14","2","5","-","-","-","","","","","","","","","","","",
"지방세법","검찰","6개월 이내","범죄사건 처리 기간[명]","명","-","1","9","1","-","-","-","-","","","","","","","","","","","",
"지방세법","검찰","6개월 초과","범죄사건 처리 기간[명]","명","-","-","1","-","-","-","-","-","","","","","","","","","","","",
"지하수법","합계","계","범죄사건 처리 기간[명]","명","48","39","32","82","36","55","63","73","","","","","","","","","","","",
"지하수법","경찰","계","범죄사건 처리 기간[명]","명","22","19","16","40","18","27","34","39","","","","","","","","","","","",
"지하수법","경찰","10일 이내","범죄사건 처리 기간[명]","명","-","2","1","3","3","-","2","5","","","","","","","","","","","",
"지하수법","경찰","20일 이내","범죄사건 처리 기간[명]","명","-","2","1","3","1","10","6","5","","","","","","","","","","","",
"지하수법","경찰","1개월 이내","범죄사건 처리 기간[명]","명","3","3","3","-","6","4","4","5","","","","","","","","","","","",
"지하수법","경찰","2개월 이내","범죄사건 처리 기간[명]","명","4","3","-","18","4","6","8","12","","","","","","","","","","","",
"지하수법","경찰","3개월 이내","범죄사건 처리 기간[명]","명","4","2","-","3","2","6","9","4","","","","","","","","","","","",
"지하수법","경찰","6개월 이내","범죄사건 처리 기간[명]","명","11","7","11","13","2","-","4","7","","","","","","","","","","","",
"지하수법","경찰","6개월 초과","범죄사건 처리 기간[명]","명","-","-","-","-","-","1","1","1","","","","","","","","","","","",
"지하수법","검찰","계","범죄사건 처리 기간[명]","명","26","20","16","42","18","28","29","34","","","","","","","","","","","",
"지하수법","검찰","10일 이내","범죄사건 처리 기간[명]","명","13","9","8","14","5","15","12","15","","","","","","","","","","","",
"지하수법","검찰","20일 이내","범죄사건 처리 기간[명]","명","5","1","3","21","5","6","8","3","","","","","","","","","","","",
"지하수법","검찰","1개월 이내","범죄사건 처리 기간[명]","명","2","5","-","-","3","2","7","5","","","","","","","","","","","",
"지하수법","검찰","2개월 이내","범죄사건 처리 기간[명]","명","3","5","-","4","4","3","2","3","","","","","","","","","","","",
"지하수법","검찰","3개월 이내","범죄사건 처리 기간[명]","명","3","-","5","1","-","-","-","6","","","","","","","","","","","",
"지하수법","검찰","6개월 이내","범죄사건 처리 기간[명]","명","-","-","-","2","1","2","-","2","","","","","","","","","","","",
"지하수법","검찰","6개월 초과","범죄사건 처리 기간[명]","명","-","-","-","-","-","-","-","-","","","","","","","","","","","",
"직업안정법","합계","계","범죄사건 처리 기간[명]","명","1851","1422","2102","3355","2677","3040","2578","2376","","","","","","","","","","","",
"직업안정법","경찰","계","범죄사건 처리 기간[명]","명","908","691","1032","1647","1332","1495","1331","1226","1120","978","1140","794","610","633","424","295","336","327","381",
"직업안정법","경찰","10일 이내","범죄사건 처리 기간[명]","명","58","62","131","327","335","390","275","263","129","51","164","42","53","58","26","19","57","18","37",
"직업안정법","경찰","20일 이내","범죄사건 처리 기간[명]","명","20","21","31","42","108","215","173","157","107","64","76","50","45","54","53","22","16","17","64",
"직업안정법","경찰","1개월 이내","범죄사건 처리 기간[명]","명","108","71","90","174","169","140","98","113","93","58","78","45","47","55","29","15","16","31","24",
"직업안정법","경찰","2개월 이내","범죄사건 처리 기간[명]","명","134","77","122","179","257","337","257","254","185","152","194","121","113","130","65","68","60","40","71",
"직업안정법","경찰","3개월 이내","범죄사건 처리 기간[명]","명","77","61","103","129","115","234","224","165","105","70","145","125","98","113","51","62","37","55","58",
"직업안정법","경찰","6개월 이내","범죄사건 처리 기간[명]","명","501","386","542","780","328","149","226","179","358","106","211","185","145","164","114","71","70","69","80",
"직업안정법","경찰","6개월 초과","범죄사건 처리 기간[명]","명","10","13","13","16","20","30","78","95","143","477","272","226","109","59","86","38","80","97","47",
"직업안정법","검찰","계","범죄사건 처리 기간[명]","명","943","731","1070","1708","1345","1545","1247","1150","1068","864","1038","788","552","620","421","243","255","227","282",
"직업안정법","검찰","10일 이내","범죄사건 처리 기간[명]","명","412","293","388","619","495","738","420","526","260","318","262","247","178","169","115","58","75","52","72",
"직업안정법","검찰","20일 이내","범죄사건 처리 기간[명]","명","126","133","172","349","220","262","216","151","159","128","97","106","62","57","33","59","30","44","31",
"직업안정법","검찰","1개월 이내","범죄사건 처리 기간[명]","명","82","79","144","202","178","140","141","83","97","73","52","61","48","53","34","18","32","15","48",
"직업안정법","검찰","2개월 이내","범죄사건 처리 기간[명]","명","121","87","114","237","180","209","96","99","85","85","194","59","61","78","43","43","32","35","25",
"직업안정법","검찰","3개월 이내","범죄사건 처리 기간[명]","명","153","118","174","248","239","112","103","97","174","140","116","101","62","43","52","11","22","24","28",
"직업안정법","검찰","6개월 이내","범죄사건 처리 기간[명]","명","49","21","56","51","32","81","230","162","270","115","181","157","112","191","95","53","55","43","77",
"직업안정법","검찰","6개월 초과","범죄사건 처리 기간[명]","명","-","-","22","2","1","3","41","32","23","5","136","57","29","29","49","1","9","14","1",
"집회및시위에관한법률","합계","계","범죄사건 처리 기간[명]","명","3753","2953","3997","3221","2400","2364","2289","2132","","","","","","","","","","","",
"집회및시위에관한법률","경찰","계","범죄사건 처리 기간[명]","명","1866","1470","1991","1606","1200","1180","1167","1091","1080","1062","1016","484","430","517","547","553","805","654","720",
"집회및시위에관한법률","경찰","10일 이내","범죄사건 처리 기간[명]","명","144","64","155","137","116","105","24","20","32","35","29","9","4","11","6","55","13","3","9",
"집회및시위에관한법률","경찰","20일 이내","범죄사건 처리 기간[명]","명","10","34","13","5","36","71","28","12","26","48","17","10","11","22","11","23","34","11","21",
"집회및시위에관한법률","경찰","1개월 이내","범죄사건 처리 기간[명]","명","207","113","153","122","78","70","19","36","96","24","19","8","23","18","28","9","28","19","21",
"집회및시위에관한법률","경찰","2개월 이내","범죄사건 처리 기간[명]","명","144","223","170","163","210","213","195","224","128","104","137","57","70","102","78","63","52","114","91",
"집회및시위에관한법률","경찰","3개월 이내","범죄사건 처리 기간[명]","명","166","153","189","232","202","333","316","253","144","122","143","53","116","81","81","87","66","88","105",
"집회및시위에관한법률","경찰","6개월 이내","범죄사건 처리 기간[명]","명","1150","847","1293","938","512","320","314","451","474","245","344","172","125","174","255","173","226","212","221",
"집회및시위에관한법률","경찰","6개월 초과","범죄사건 처리 기간[명]","명","45","36","18","9","46","68","271","95","180","484","327","175","81","109","88","143","386","207","252",
"집회및시위에관한법률","검찰","계","범죄사건 처리 기간[명]","명","1887","1483","2006","1615","1200","1184","1122","1041","972","915","901","411","394","480","506","368","428","332","342",
"집회및시위에관한법률","검찰","10일 이내","범죄사건 처리 기간[명]","명","223","161","119","120","115","172","143","71","58","101","79","42","22","59","75","76","37","38","42",
"집회및시위에관한법률","검찰","20일 이내","범죄사건 처리 기간[명]","명","168","97","112","69","66","76","79","49","37","80","36","18","27","39","32","34","40","12","25",
"집회및시위에관한법률","검찰","1개월 이내","범죄사건 처리 기간[명]","명","161","51","100","93","75","67","60","57","39","47","40","15","25","19","32","64","69","66","60",
"집회및시위에관한법률","검찰","2개월 이내","범죄사건 처리 기간[명]","명","247","270","219","292","122","250","117","156","115","83","50","53","53","41","29","39","72","68","18",
"집회및시위에관한법률","검찰","3개월 이내","범죄사건 처리 기간[명]","명","714","577","833","549","505","232","122","165","162","168","78","60","35","36","37","35","71","24","27",
"집회및시위에관한법률","검찰","6개월 이내","범죄사건 처리 기간[명]","명","315","312","570","483","268","252","463","444","364","332","405","173","165","202","173","98","95","75","105",
"집회및시위에관한법률","검찰","6개월 초과","범죄사건 처리 기간[명]","명","59","15","53","9","49","135","138","99","197","104","213","50","67","84","128","22","44","49","65",
"철도법","합계","계","범죄사건 처리 기간[명]","명","25","2","2","-","-","-","-","-","","","","","","","","","","","",
"철도법","경찰","계","범죄사건 처리 기간[명]","명","12","1","1","-","-","-","-","-","","","","","","","","","","","",
"철도법","경찰","10일 이내","범죄사건 처리 기간[명]","명","1","-","-","-","-","-","-","-","","","","","","","","","","","",
"철도법","경찰","20일 이내","범죄사건 처리 기간[명]","명","-","-","-","-","-","-","-","-","","","","","","","","","","","",
"철도법","경찰","1개월 이내","범죄사건 처리 기간[명]","명","2","-","-","-","-","-","-","-","","","","","","","","","","","",
"철도법","경찰","2개월 이내","범죄사건 처리 기간[명]","명","2","1","1","-","-","-","-","-","","","","","","","","","","","",
"철도법","경찰","3개월 이내","범죄사건 처리 기간[명]","명","-","-","-","-","-","-","-","-","","","","","","","","","","","",
"철도법","경찰","6개월 이내","범죄사건 처리 기간[명]","명","7","-","-","-","-","-","-","-","","","","","","","","","","","",
"철도법","경찰","6개월 초과","범죄사건 처리 기간[명]","명","-","-","-","-","-","-","-","-","","","","","","","","","","","",
"철도법","검찰","계","범죄사건 처리 기간[명]","명","13","1","1","-","-","-","-","-","","","","","","","","","","","",
"철도법","검찰","10일 이내","범죄사건 처리 기간[명]","명","7","-","1","-","-","-","-","-","","","","","","","","","","","",
"철도법","검찰","20일 이내","범죄사건 처리 기간[명]","명","2","-","-","-","-","-","-","-","","","","","","","","","","","",
"철도법","검찰","1개월 이내","범죄사건 처리 기간[명]","명","1","1","-","-","-","-","-","-","","","","","","","","","","","",
"철도법","검찰","2개월 이내","범죄사건 처리 기간[명]","명","2","-","-","-","-","-","-","-","","","","","","","","","","","",
"철도법","검찰","3개월 이내","범죄사건 처리 기간[명]","명","1","-","-","-","-","-","-","-","","","","","","","","","","","",
"철도법","검찰","6개월 이내","범죄사건 처리 기간[명]","명","-","-","-","-","-","-","-","-","","","","","","","","","","","",
"철도법","검찰","6개월 초과","범죄사건 처리 기간[명]","명","-","-","-","-","-","-","-","-","","","","","","","","","","","",
"청소년보호법","합계","계","범죄사건 처리 기간[명]","명","14543","19340","21338","21414","19613","24313","25012","25007","","","","","","","","","","","",
"청소년보호법","경찰","계","범죄사건 처리 기간[명]","명","7230","9629","10627","10598","9781","12029","12641","12622","11525","11482","11271","11671","10487","10166","9785","6236","7709","8562","7321",
"청소년보호법","경찰","10일 이내","범죄사건 처리 기간[명]","명","774","1284","2031","2459","3222","3892","3521","3328","2535","2190","2437","2400","2325","2174","2011","976","1105","1352","1177",
"청소년보호법","경찰","20일 이내","범죄사건 처리 기간[명]","명","242","430","468","445","1397","2432","2298","2492","2285","2113","2258","2502","2434","2390","2204","1337","1605","1872","1580",
"청소년보호법","경찰","1개월 이내","범죄사건 처리 기간[명]","명","1364","1583","1602","1421","1325","1535","1661","1645","1557","1333","1398","1554","1557","1511","1424","911","1122","1247","1078",
"청소년보호법","경찰","2개월 이내","범죄사건 처리 기간[명]","명","1020","1159","1087","1083","1588","2512","2797","3003","2701","2265","2367","2506","2415","2344","2301","1404","1821","2011","1691",
"청소년보호법","경찰","3개월 이내","범죄사건 처리 기간[명]","명","487","572","609","459","591","991","1289","1362","1462","1021","979","990","978","1006","995","692","874","919","851",
"청소년보호법","경찰","6개월 이내","범죄사건 처리 기간[명]","명","3320","4578","4813","4717","1623","570","755","535","776","616","813","692","568","639","706","753","874","892","734",
"청소년보호법","경찰","6개월 초과","범죄사건 처리 기간[명]","명","23","23","17","14","35","97","320","257","209","1944","1019","1027","210","102","144","163","308","269","210",
"청소년보호법","검찰","계","범죄사건 처리 기간[명]","명","7313","9711","10711","10816","9832","12284","12371","12385","11064","10963","10823","11400","10246","10024","9642","4993","6083","6662","5536",
"청소년보호법","검찰","10일 이내","범죄사건 처리 기간[명]","명","4519","6325","6522","6446","6108","8437","7728","7986","6839","7482","7165","7877","7024","7093","7273","3720","4202","4580","3829",
"청소년보호법","검찰","20일 이내","범죄사건 처리 기간[명]","명","1290","1684","1940","1898","1698","1732","2023","2131","1871","1678","1846","1718","1678","1343","1045","557","822","855","711",
"청소년보호법","검찰","1개월 이내","범죄사건 처리 기간[명]","명","598","719","897","937","775","789","1018","987","969","885","810","761","707","638","488","315","470","475","438",
"청소년보호법","검찰","2개월 이내","범죄사건 처리 기간[명]","명","462","549","757","771","636","689","821","738","786","499","547","597","500","480","413","245","326","391","289",
"청소년보호법","검찰","3개월 이내","범죄사건 처리 기간[명]","명","387","384","525","595","507","313","330","289","342","243","273","233","174","239","183","88","126","174","95",
"청소년보호법","검찰","6개월 이내","범죄사건 처리 기간[명]","명","57","50","70","169","105","322","427","252","227","176","169","178","158","211","178","68","133","181","166",
"청소년보호법","검찰","6개월 초과","범죄사건 처리 기간[명]","명","-","-","-","-","3","2","24","2","30","-","13","36","5","20","62","-","4","6","8",
"청소년의성보호에관한법률","합계","계","범죄사건 처리 기간[명]","명","2643","2806","2973","3252","1093","255","","","","","","","","","","","","","",
"청소년의성보호에관한법률","경찰","계","범죄사건 처리 기간[명]","명","1295","1387","1468","1611","546","126","","","","","","","","","","","","","",
"청소년의성보호에관한법률","경찰","10일 이내","범죄사건 처리 기간[명]","명","145","166","157","139","65","27","","","","","","","","","","","","","",
"청소년의성보호에관한법률","경찰","20일 이내","범죄사건 처리 기간[명]","명","12","36","17","29","19","16","","","","","","","","","","","","","",
"청소년의성보호에관한법률","경찰","1개월 이내","범죄사건 처리 기간[명]","명","169","195","125","147","64","11","","","","","","","","","","","","","",
"청소년의성보호에관한법률","경찰","2개월 이내","범죄사건 처리 기간[명]","명","199","147","110","157","63","35","","","","","","","","","","","","","",
"청소년의성보호에관한법률","경찰","3개월 이내","범죄사건 처리 기간[명]","명","108","92","97","134","42","16","","","","","","","","","","","","","",
"청소년의성보호에관한법률","경찰","6개월 이내","범죄사건 처리 기간[명]","명","655","742","957","985","286","16","","","","","","","","","","","","","",
"청소년의성보호에관한법률","경찰","6개월 초과","범죄사건 처리 기간[명]","명","7","9","5","20","7","5","","","","","","","","","","","","","",
"청소년의성보호에관한법률","검찰","계","범죄사건 처리 기간[명]","명","1348","1419","1505","1641","547","129","","","","","","","","","","","","","",
"청소년의성보호에관한법률","검찰","10일 이내","범죄사건 처리 기간[명]","명","675","700","546","497","159","60","","","","","","","","","","","","","",
"청소년의성보호에관한법률","검찰","20일 이내","범죄사건 처리 기간[명]","명","216","227","238","280","101","16","","","","","","","","","","","","","",
"청소년의성보호에관한법률","검찰","1개월 이내","범죄사건 처리 기간[명]","명","99","107","150","140","77","18","","","","","","","","","","","","","",
"청소년의성보호에관한법률","검찰","2개월 이내","범죄사건 처리 기간[명]","명","166","152","279","297","93","19","","","","","","","","","","","","","",
"청소년의성보호에관한법률","검찰","3개월 이내","범죄사건 처리 기간[명]","명","170","221","248","275","86","12","","","","","","","","","","","","","",
"청소년의성보호에관한법률","검찰","6개월 이내","범죄사건 처리 기간[명]","명","22","12","44","152","31","4","","","","","","","","","","","","","",
"청소년의성보호에관한법률","검찰","6개월 초과","범죄사건 처리 기간[명]","명","-","-","-","-","-","-","","","","","","","","","","","","","",
"체육시설의설치?이용에관한법률","합계","계","범죄사건 처리 기간[명]","명","216","197","424","602","466","391","449","356","","","","","","","","","","","",
"체육시설의설치?이용에관한법률","경찰","계","범죄사건 처리 기간[명]","명","106","97","210","299","233","191","225","180","","","","","","","","","","","",
"체육시설의설치?이용에관한법률","경찰","10일 이내","범죄사건 처리 기간[명]","명","3","6","33","83","86","67","59","44","","","","","","","","","","","",
"체육시설의설치?이용에관한법률","경찰","20일 이내","범죄사건 처리 기간[명]","명","-","2","9","17","30","32","43","33","","","","","","","","","","","",
"체육시설의설치?이용에관한법률","경찰","1개월 이내","범죄사건 처리 기간[명]","명","19","15","26","45","31","30","36","24","","","","","","","","","","","",
"체육시설의설치?이용에관한법률","경찰","2개월 이내","범죄사건 처리 기간[명]","명","21","15","25","24","15","40","40","51","","","","","","","","","","","",
"체육시설의설치?이용에관한법률","경찰","3개월 이내","범죄사건 처리 기간[명]","명","13","9","4","10","16","17","29","22","","","","","","","","","","","",
"체육시설의설치?이용에관한법률","경찰","6개월 이내","범죄사건 처리 기간[명]","명","50","50","113","119","55","3","15","3","","","","","","","","","","","",
"체육시설의설치?이용에관한법률","경찰","6개월 초과","범죄사건 처리 기간[명]","명","-","-","-","1","-","2","3","3","","","","","","","","","","","",
"체육시설의설치?이용에관한법률","검찰","계","범죄사건 처리 기간[명]","명","110","100","214","303","233","200","224","176","","","","","","","","","","","",
"체육시설의설치?이용에관한법률","검찰","10일 이내","범죄사건 처리 기간[명]","명","59","42","116","150","126","113","106","79","","","","","","","","","","","",
"체육시설의설치?이용에관한법률","검찰","20일 이내","범죄사건 처리 기간[명]","명","16","30","48","73","47","39","38","32","","","","","","","","","","","",
"체육시설의설치?이용에관한법률","검찰","1개월 이내","범죄사건 처리 기간[명]","명","9","11","28","32","24","16","28","33","","","","","","","","","","","",
"체육시설의설치?이용에관한법률","검찰","2개월 이내","범죄사건 처리 기간[명]","명","14","10","7","23","18","18","20","15","","","","","","","","","","","",
"체육시설의설치?이용에관한법률","검찰","3개월 이내","범죄사건 처리 기간[명]","명","7","7","11","23","7","4","16","9","","","","","","","","","","","",
"체육시설의설치?이용에관한법률","검찰","6개월 이내","범죄사건 처리 기간[명]","명","5","-","4","2","11","4","2","8","","","","","","","","","","","",
"체육시설의설치?이용에관한법률","검찰","6개월 초과","범죄사건 처리 기간[명]","명","-","-","-","-","-","6","14","-","","","","","","","","","","","",
"총포?도검?화약류등의안전관리에관한법률","합계","계","범죄사건 처리 기간[명]","명","1091","1718","1583","2572","1825","1276","793","830","","","","","","","","","","","",
"총포?도검?화약류등의안전관리에관한법률","경찰","계","범죄사건 처리 기간[명]","명","514","849","782","1280","912","637","400","427","680","470","272","64","465","428","496","419","564","545","608",
"총포?도검?화약류등의안전관리에관한법률","경찰","10일 이내","범죄사건 처리 기간[명]","명","37","127","67","187","125","92","49","60","103","41","30","7","59","44","67","51","92","50","83",
"총포?도검?화약류등의안전관리에관한법률","경찰","20일 이내","범죄사건 처리 기간[명]","명","15","31","16","37","62","89","56","76","82","42","36","3","77","58","57","51","67","52","87",
"총포?도검?화약류등의안전관리에관한법률","경찰","1개월 이내","범죄사건 처리 기간[명]","명","105","158","88","191","135","80","50","66","91","41","31","6","62","61","58","39","75","41","54",
"총포?도검?화약류등의안전관리에관한법률","경찰","2개월 이내","범죄사건 처리 기간[명]","명","89","97","120","85","125","188","106","106","226","85","40","17","119","150","106","86","100","115","146",
"총포?도검?화약류등의안전관리에관한법률","경찰","3개월 이내","범죄사건 처리 기간[명]","명","43","59","75","93","87","105","60","67","68","78","37","15","57","60","99","53","82","90","91",
"총포?도검?화약류등의안전관리에관한법률","경찰","6개월 이내","범죄사건 처리 기간[명]","명","223","375","371","682","369","61","57","34","93","71","73","6","41","42","47","79","95","152","113",
"총포?도검?화약류등의안전관리에관한법률","경찰","6개월 초과","범죄사건 처리 기간[명]","명","2","2","45","5","9","22","22","18","17","112","25","10","50","13","62","60","53","45","34",
"총포?도검?화약류등의안전관리에관한법률","검찰","계","범죄사건 처리 기간[명]","명","577","869","801","1292","913","639","393","403","658","417","264","64","445","422","484","329","462","409","458",
"총포?도검?화약류등의안전관리에관한법률","검찰","10일 이내","범죄사건 처리 기간[명]","명","294","411","312","727","438","307","207","193","377","179","103","36","225","193","256","163","214","179","234",
"총포?도검?화약류등의안전관리에관한법률","검찰","20일 이내","범죄사건 처리 기간[명]","명","104","130","189","197","166","123","93","79","84","95","25","12","70","95","74","60","70","55","55",
"총포?도검?화약류등의안전관리에관한법률","검찰","1개월 이내","범죄사건 처리 기간[명]","명","58","82","96","136","91","64","30","33","63","43","24","6","52","50","32","26","57","43","67",
"총포?도검?화약류등의안전관리에관한법률","검찰","2개월 이내","범죄사건 처리 기간[명]","명","56","107","88","89","125","81","21","44","76","47","22","","51","42","30","23","52","34","40",
"총포?도검?화약류등의안전관리에관한법률","검찰","3개월 이내","범죄사건 처리 기간[명]","명","59","108","109","103","92","36","16","28","30","20","26","6","10","18","24","42","34","72","31",
"총포?도검?화약류등의안전관리에관한법률","검찰","6개월 이내","범죄사건 처리 기간[명]","명","6","31","7","21","1","24","26","25","28","31","22","4","36","24","67","14","35","24","29",
"총포?도검?화약류등의안전관리에관한법률","검찰","6개월 초과","범죄사건 처리 기간[명]","명","-","-","-","19","-","4","-","1","-","2","42","","1","-","1","1","0","2","2",
"최저임금법","경찰","계","범죄사건 처리 기간[명]","명","","","","","","","","","50","63","74","87","117","97","85","85","64","56","39",
"최저임금법","경찰","10일 이내","범죄사건 처리 기간[명]","명","","","","","","","","","-","-","-","2","2","-","-","1","0","1","1",
"최저임금법","경찰","20일 이내","범죄사건 처리 기간[명]","명","","","","","","","","","1","-","2","1","5","1","2","1","2","1","-",
"최저임금법","경찰","1개월 이내","범죄사건 처리 기간[명]","명","","","","","","","","","2","5","3","4","12","11","13","6","4","3","3",
"최저임금법","경찰","2개월 이내","범죄사건 처리 기간[명]","명","","","","","","","","","13","16","14","20","24","22","12","12","8","11","9",
"최저임금법","경찰","3개월 이내","범죄사건 처리 기간[명]","명","","","","","","","","","19","11","21","22","31","19","19","25","16","13","9",
"최저임금법","경찰","6개월 이내","범죄사건 처리 기간[명]","명","","","","","","","","","8","22","27","23","28","25","24","20","20","17","11",
"최저임금법","경찰","6개월 초과","범죄사건 처리 기간[명]","명","","","","","","","","","7","9","7","15","15","19","15","20","14","10","6",
"최저임금법","검찰","계","범죄사건 처리 기간[명]","명","","","","","","","","","227","285","330","396","452","479","466","353","278","235","127",
"최저임금법","검찰","10일 이내","범죄사건 처리 기간[명]","명","","","","","","","","","71","99","114","169","184","177","173","111","96","83","62",
"최저임금법","검찰","20일 이내","범죄사건 처리 기간[명]","명","","","","","","","","","34","46","38","58","68","62","44","34","24","28","8",
"최저임금법","검찰","1개월 이내","범죄사건 처리 기간[명]","명","","","","","","","","","23","19","32","33","27","36","36","24","30","12","5",
"최저임금법","검찰","2개월 이내","범죄사건 처리 기간[명]","명","","","","","","","","","41","39","29","31","55","47","47","44","32","25","12",
"최저임금법","검찰","3개월 이내","범죄사건 처리 기간[명]","명","","","","","","","","","21","44","38","43","34","47","48","36","22","29","12",
"최저임금법","검찰","6개월 이내","범죄사건 처리 기간[명]","명","","","","","","","","","31","30","53","55","73","81","91","80","59","49","24",
"최저임금법","검찰","6개월 초과","범죄사건 처리 기간[명]","명","","","","","","","","","6","8","26","7","11","29","27","24","15","9","4",
"축산물가공처리법","합계","계","범죄사건 처리 기간[명]","명","1888","1123","1289","1305","873","289","80","101","","","","","","","","","","","",
"축산물가공처리법","경찰","계","범죄사건 처리 기간[명]","명","932","555","639","633","435","141","40","51","","","","","","","","","","","",
"축산물가공처리법","경찰","10일 이내","범죄사건 처리 기간[명]","명","117","83","150","131","145","51","9","4","","","","","","","","","","","",
"축산물가공처리법","경찰","20일 이내","범죄사건 처리 기간[명]","명","30","42","28","34","62","31","10","9","","","","","","","","","","","",
"축산물가공처리법","경찰","1개월 이내","범죄사건 처리 기간[명]","명","187","100","105","87","51","18","7","7","","","","","","","","","","","",
"축산물가공처리법","경찰","2개월 이내","범죄사건 처리 기간[명]","명","113","82","61","54","75","30","6","23","","","","","","","","","","","",
"축산물가공처리법","경찰","3개월 이내","범죄사건 처리 기간[명]","명","68","35","37","23","24","9","2","8","","","","","","","","","","","",
"축산물가공처리법","경찰","6개월 이내","범죄사건 처리 기간[명]","명","415","213","258","304","78","1","5","-","","","","","","","","","","","",
"축산물가공처리법","경찰","6개월 초과","범죄사건 처리 기간[명]","명","2","-","-","-","-","1","1","-","","","","","","","","","","","",
"축산물가공처리법","검찰","계","범죄사건 처리 기간[명]","명","956","568","650","672","438","148","40","50","","","","","","","","","","","",
"축산물가공처리법","검찰","10일 이내","범죄사건 처리 기간[명]","명","524","360","387","327","265","82","28","29","","","","","","","","","","","",
"축산물가공처리법","검찰","20일 이내","범죄사건 처리 기간[명]","명","201","93","137","137","62","36","6","10","","","","","","","","","","","",
"축산물가공처리법","검찰","1개월 이내","범죄사건 처리 기간[명]","명","95","64","70","62","44","15","3","6","","","","","","","","","","","",
"축산물가공처리법","검찰","2개월 이내","범죄사건 처리 기간[명]","명","49","26","37","43","38","12","2","5","","","","","","","","","","","",
"축산물가공처리법","검찰","3개월 이내","범죄사건 처리 기간[명]","명","78","23","18","99","23","2","-","-","","","","","","","","","","","",
"축산물가공처리법","검찰","6개월 이내","범죄사건 처리 기간[명]","명","9","2","1","4","6","1","1","-","","","","","","","","","","","",
"축산물가공처리법","검찰","6개월 초과","범죄사건 처리 기간[명]","명","-","-","-","-","-","-","-","-","","","","","","","","","","","",
"축산물위생관리법","경찰","계","범죄사건 처리 기간[명]","명","","","","","","","","","2058","1757","1797","1313","479","402","210","255","354","269","310",
"축산물위생관리법","경찰","10일 이내","범죄사건 처리 기간[명]","명","","","","","","","","","593","317","328","348","65","76","35","34","62","63","67",
"축산물위생관리법","경찰","20일 이내","범죄사건 처리 기간[명]","명","","","","","","","","","379","216","232","173","75","58","31","39","68","46","45",
"축산물위생관리법","경찰","1개월 이내","범죄사건 처리 기간[명]","명","","","","","","","","","325","188","210","107","72","65","38","28","54","38","43",
"축산물위생관리법","경찰","2개월 이내","범죄사건 처리 기간[명]","명","","","","","","","","","423","345","266","272","119","107","45","49","75","46","58",
"축산물위생관리법","경찰","3개월 이내","범죄사건 처리 기간[명]","명","","","","","","","","","183","109","214","103","61","49","19","40","58","26","30",
"축산물위생관리법","경찰","6개월 이내","범죄사건 처리 기간[명]","명","","","","","","","","","103","69","205","89","67","26","35","51","27","37","51",
"축산물위생관리법","경찰","6개월 초과","범죄사건 처리 기간[명]","명","","","","","","","","","52","513","342","221","20","21","7","14","10","13","16",
"축산물위생관리법","검찰","계","범죄사건 처리 기간[명]","명","","","","","","","","","2237","1955","2022","1705","729","671","390","321","485","409","364",
"축산물위생관리법","검찰","10일 이내","범죄사건 처리 기간[명]","명","","","","","","","","","919","794","734","855","324","305","230","159","194","173","160",
"축산물위생관리법","검찰","20일 이내","범죄사건 처리 기간[명]","명","","","","","","","","","327","287","303","240","122","118","41","47","85","61","44",
"축산물위생관리법","검찰","1개월 이내","범죄사건 처리 기간[명]","명","","","","","","","","","334","287","279","212","86","71","35","27","70","45","54",
"축산물위생관리법","검찰","2개월 이내","범죄사건 처리 기간[명]","명","","","","","","","","","285","213","210","155","76","59","32","37","58","54","40",
"축산물위생관리법","검찰","3개월 이내","범죄사건 처리 기간[명]","명","","","","","","","","","177","167","171","94","51","40","13","37","35","28","32",
"축산물위생관리법","검찰","6개월 이내","범죄사건 처리 기간[명]","명","","","","","","","","","181","200","289","121","59","66","39","14","38","44","34",
"축산물위생관리법","검찰","6개월 초과","범죄사건 처리 기간[명]","명","","","","","","","","","14","7","36","28","11","12","-","-","5","4","-",
"출입국관리법","합계","계","범죄사건 처리 기간[명]","명","4762","4474","8034","9119","5915","4093","3281","4049","","","","","","","","","","","",
"출입국관리법","경찰","계","범죄사건 처리 기간[명]","명","2172","2096","3871","4394","2941","1944","1627","2018","2218","2315","3313","3298","3855","5196","4040","1783","1509","2149","2383",
"출입국관리법","경찰","10일 이내","범죄사건 처리 기간[명]","명","122","127","275","444","426","338","214","312","365","317","626","605","685","869","687","339","267","450","534",
"출입국관리법","경찰","20일 이내","범죄사건 처리 기간[명]","명","77","65","161","212","416","380","364","358","415","325","585","658","726","972","534","308","256","301","359",
"출입국관리법","경찰","1개월 이내","범죄사건 처리 기간[명]","명","413","353","617","582","507","322","219","314","268","311","441","448","554","706","445","186","164","266","238",
"출입국관리법","경찰","2개월 이내","범죄사건 처리 기간[명]","명","334","282","476","522","562","411","407","564","641","445","855","705","799","1186","817","282","270","412","468",
"출입국관리법","경찰","3개월 이내","범죄사건 처리 기간[명]","명","147","133","233","268","217","132","163","229","283","216","258","273","367","528","429","156","168","246","244",
"출입국관리법","경찰","6개월 이내","범죄사건 처리 기간[명]","명","1069","1135","2096","2277","744","70","126","176","191","186","292","348","446","621","707","283","260","302","300",
"출입국관리법","경찰","6개월 초과","범죄사건 처리 기간[명]","명","10","1","13","89","69","291","134","65","55","515","256","261","278","314","421","229","124","172","240",
"출입국관리법","검찰","계","범죄사건 처리 기간[명]","명","2590","2378","4163","4725","2974","2149","1654","2031","2311","2451","3486","3569","3777","5231","4142","1436","1309","1856","2032",
"출입국관리법","검찰","10일 이내","범죄사건 처리 기간[명]","명","575","544","891","1343","270","361","159","213","287","393","645","659","716","1195","1090","634","481","770","772",
"출입국관리법","검찰","20일 이내","범죄사건 처리 기간[명]","명","322","258","571","589","357","347","133","236","198","242","442","484","443","609","537","263","207","267","258",
"출입국관리법","검찰","1개월 이내","범죄사건 처리 기간[명]","명","320","299","508","547","472","303","215","325","350","339","460","434","557","775","349","132","123","149","216",
"출입국관리법","검찰","2개월 이내","범죄사건 처리 기간[명]","명","767","663","1030","1300","997","617","528","568","637","645","701","892","854","1150","666","157","166","175","311",
"출입국관리법","검찰","3개월 이내","범죄사건 처리 기간[명]","명","417","414","930","813","628","344","294","369","407","345","470","443","512","649","552","104","114","161","123",
"출입국관리법","검찰","6개월 이내","범죄사건 처리 기간[명]","명","163","197","231","127","234","176","316","316","401","432","711","606","593","742","805","135","166","302","267",
"출입국관리법","검찰","6개월 초과","범죄사건 처리 기간[명]","명","26","3","2","6","16","1","9","4","31","55","57","51","102","111","143","11","52","32","85",
"컴퓨터프로그램보호법","합계","계","범죄사건 처리 기간[명]","명","6864","7179","8815","5770","221","12","6","11","","","","","","","","","","","",
"컴퓨터프로그램보호법","경찰","계","범죄사건 처리 기간[명]","명","2351","2554","3593","2539","108","6","4","6","","","","","","","","","","","",
"컴퓨터프로그램보호법","경찰","10일 이내","범죄사건 처리 기간[명]","명","229","425","649","464","11","-","1","1","","","","","","","","","","","",
"컴퓨터프로그램보호법","경찰","20일 이내","범죄사건 처리 기간[명]","명","82","45","145","152","1","-","1","-","","","","","","","","","","","",
"컴퓨터프로그램보호법","경찰","1개월 이내","범죄사건 처리 기간[명]","명","236","271","446","281","21","1","2","-","","","","","","","","","","","",
"컴퓨터프로그램보호법","경찰","2개월 이내","범죄사건 처리 기간[명]","명","314","328","428","286","12","-","-","-","","","","","","","","","","","",
"컴퓨터프로그램보호법","경찰","3개월 이내","범죄사건 처리 기간[명]","명","226","263","389","280","11","-","-","2","","","","","","","","","","","",
"컴퓨터프로그램보호법","경찰","6개월 이내","범죄사건 처리 기간[명]","명","1261","1217","1532","1075","35","5","-","1","","","","","","","","","","","",
"컴퓨터프로그램보호법","경찰","6개월 초과","범죄사건 처리 기간[명]","명","3","5","4","1","17","-","-","2","","","","","","","","","","","",
"컴퓨터프로그램보호법","검찰","계","범죄사건 처리 기간[명]","명","4513","4625","5222","3231","113","6","2","5","","","","","","","","","","","",
"컴퓨터프로그램보호법","검찰","10일 이내","범죄사건 처리 기간[명]","명","3439","3652","3978","2287","50","-","-","3","","","","","","","","","","","",
"컴퓨터프로그램보호법","검찰","20일 이내","범죄사건 처리 기간[명]","명","305","517","644","473","9","-","1","2","","","","","","","","","","","",
"컴퓨터프로그램보호법","검찰","1개월 이내","범죄사건 처리 기간[명]","명","191","133","251","204","5","-","-","-","","","","","","","","","","","",
"컴퓨터프로그램보호법","검찰","2개월 이내","범죄사건 처리 기간[명]","명","286","151","126","109","5","1","1","-","","","","","","","","","","","",
"컴퓨터프로그램보호법","검찰","3개월 이내","범죄사건 처리 기간[명]","명","107","81","104","104","9","-","-","-","","","","","","","","","","","",
"컴퓨터프로그램보호법","검찰","6개월 이내","범죄사건 처리 기간[명]","명","180","91","86","50","35","5","-","-","","","","","","","","","","","",
"컴퓨터프로그램보호법","검찰","6개월 초과","범죄사건 처리 기간[명]","명","5","-","33","4","-","-","-","-","","","","","","","","","","","",
"통신비밀보호법","합계","계","범죄사건 처리 기간[명]","명","306","208","249","272","191","194","293","315","","","","","","","","","","","",
"통신비밀보호법","경찰","계","범죄사건 처리 기간[명]","명","124","90","110","116","91","95","155","164","258","181","228","224","324","347","349","348","337","349","386",
"통신비밀보호법","경찰","10일 이내","범죄사건 처리 기간[명]","명","19","16","8","10","5","6","10","17","7","4","8","11","7","8","10","28","8","8","7",
"통신비밀보호법","경찰","20일 이내","범죄사건 처리 기간[명]","명","1","4","2","3","6","9","12","34","23","8","17","11","18","28","23","17","8","25","16",
"통신비밀보호법","경찰","1개월 이내","범죄사건 처리 기간[명]","명","12","8","10","8","14","6","13","13","80","18","24","31","38","26","32","18","10","22","24",
"통신비밀보호법","경찰","2개월 이내","범죄사건 처리 기간[명]","명","19","11","27","4","17","36","42","38","63","47","62","59","81","84","94","75","51","60","77",
"통신비밀보호법","경찰","3개월 이내","범죄사건 처리 기간[명]","명","11","5","14","14","19","9","40","31","40","38","43","54","77","73","57","57","58","65","81",
"통신비밀보호법","경찰","6개월 이내","범죄사건 처리 기간[명]","명","62","46","44","73","30","29","25","22","39","30","44","43","69","89","110","99","119","92","135",
"통신비밀보호법","경찰","6개월 초과","범죄사건 처리 기간[명]","명","-","-","5","4","-","-","13","9","6","36","30","15","34","39","23","54","83","77","46",
"통신비밀보호법","검찰","계","범죄사건 처리 기간[명]","명","182","118","139","156","100","99","138","151","220","173","206","219","300","354","355","213","194","143","151",
"통신비밀보호법","검찰","10일 이내","범죄사건 처리 기간[명]","명","86","54","51","51","25","49","33","27","49","47","28","55","57","85","75","61","55","28","27",
"통신비밀보호법","검찰","20일 이내","범죄사건 처리 기간[명]","명","21","15","24","22","20","6","12","14","22","18","27","22","33","31","25","32","26","12","20",
"통신비밀보호법","검찰","1개월 이내","범죄사건 처리 기간[명]","명","10","4","23","16","7","11","9","14","22","24","32","13","32","19","25","20","22","10","19",
"통신비밀보호법","검찰","2개월 이내","범죄사건 처리 기간[명]","명","17","13","12","13","16","14","7","12","44","32","24","31","60","43","54","27","25","27","21",
"통신비밀보호법","검찰","3개월 이내","범죄사건 처리 기간[명]","명","30","8","19","29","14","9","36","16","17","18","19","28","36","40","50","33","13","19","24",
"통신비밀보호법","검찰","6개월 이내","범죄사건 처리 기간[명]","명","16","20","9","21","17","6","30","35","60","28","68","54","62","91","91","38","51","46","35",
"통신비밀보호법","검찰","6개월 초과","범죄사건 처리 기간[명]","명","2","4","1","4","1","4","11","33","6","6","8","16","20","45","35","2","2","1","5",
"특가법(도주차량)","합계","계","범죄사건 처리 기간[명]","명","30473","27261","27683","28448","27474","27474","30102","25866","","","","","","","","","","","",
"특가법(도주차량)","경찰","계","범죄사건 처리 기간[명]","명","15061","13505","13730","14130","13733","13724","15341","13144","12505","12391","9429","5897","3636","537","10414","9011","8767","8123","7778",
"특가법(도주차량)","경찰","10일 이내","범죄사건 처리 기간[명]","명","869","795","708","995","1427","1848","2758","2272","2181","1899","1333","831","463","66","1211","905","634","553","589",
"특가법(도주차량)","경찰","20일 이내","범죄사건 처리 기간[명]","명","614","592","652","765","2030","2932","3466","3010","2900","2645","2067","1261","750","103","2038","1340","1212","1114","1031",
"특가법(도주차량)","경찰","1개월 이내","범죄사건 처리 기간[명]","명","2347","2090","2294","2554","2508","2454","2492","2253","2187","2067","1751","1087","675","103","1915","1373","1314","1173","1212",
"특가법(도주차량)","경찰","2개월 이내","범죄사건 처리 기간[명]","명","1711","1591","1909","1911","3258","3983","3567","3324","3076","2962","2658","1654","1066","155","3282","2832","2780","2637","2649",
"특가법(도주차량)","경찰","3개월 이내","범죄사건 처리 기간[명]","명","871","839","890","775","1267","1580","1156","1051","1053","1004","743","464","349","59","1234","1339","1426","1376","1259",
"특가법(도주차량)","경찰","6개월 이내","범죄사건 처리 기간[명]","명","8345","7446","7178","7058","3156","802","650","651","622","480","365","289","196","38","590","997","1118","1032","894",
"특가법(도주차량)","경찰","6개월 초과","범죄사건 처리 기간[명]","명","304","152","99","72","87","125","1252","583","486","1334","512","311","137","13","144","225","283","238","144",
"특가법(도주차량)","검찰","계","범죄사건 처리 기간[명]","명","15412","13756","13953","14318","13741","13750","14761","12722","11864","11589","8931","5647","3513","599","10054","5281","5181","4509","4089",
"특가법(도주차량)","검찰","10일 이내","범죄사건 처리 기간[명]","명","8706","7629","7475","7479","7472","8163","8346","7193","6158","5901","4530","3138","1848","323","5442","2190","1772","1502","1438",
"특가법(도주차량)","검찰","20일 이내","범죄사건 처리 기간[명]","명","2796","2574","2492","2728","2473","2214","2618","2269","2128","2016","1468","909","502","74","1307","841","762","595","534",
"특가법(도주차량)","검찰","1개월 이내","범죄사건 처리 기간[명]","명","1546","1415","1582","1708","1535","1305","1653","1446","1337","1428","980","545","371","41","909","717","691","559","508",
"특가법(도주차량)","검찰","2개월 이내","범죄사건 처리 기간[명]","명","1469","1316","1431","1434","1344","1229","1274","1072","1122","1149","918","505","369","72","1041","720","752","594","556",
"특가법(도주차량)","검찰","3개월 이내","범죄사건 처리 기간[명]","명","851","758","874","883","860","553","530","471","649","672","544","316","218","47","587","454","537","428","335",
"특가법(도주차량)","검찰","6개월 이내","범죄사건 처리 기간[명]","명","44","64","99","83","57","284","325","264","464","415","468","229","199","34","721","350","640","791","681",
"특가법(도주차량)","검찰","6개월 초과","범죄사건 처리 기간[명]","명","-","-","-","3","-","2","15","7","6","8","23","5","6","8","47","9","27","40","37",
"특허법","합계","계","범죄사건 처리 기간[명]","명","1018","1423","1193","1292","911","819","913","811","","","","","","","","","","","",
"특허법","경찰","계","범죄사건 처리 기간[명]","명","491","689","574","627","455","409","508","466","432","496","368","411","444","370","345","157","128","170","124",
"특허법","경찰","10일 이내","범죄사건 처리 기간[명]","명","5","19","32","38","24","27","42","36","14","7","15","5","2","4","9","18","5","19","2",
"특허법","경찰","20일 이내","범죄사건 처리 기간[명]","명","6","4","6","10","12","19","40","38","19","26","18","20","34","21","12","2","4","7","3",
"특허법","경찰","1개월 이내","범죄사건 처리 기간[명]","명","40","33","66","48","50","23","46","20","27","19","23","28","22","20","26","5","5","11","1",
"특허법","경찰","2개월 이내","범죄사건 처리 기간[명]","명","74","131","78","122","152","118","128","166","140","69","52","64","67","51","65","3","4","35","19",
"특허법","경찰","3개월 이내","범죄사건 처리 기간[명]","명","65","133","77","77","66","114","133","117","94","97","78","110","83","80","80","24","17","22","16",
"특허법","경찰","6개월 이내","범죄사건 처리 기간[명]","명","296","366","310","330","151","70","77","71","120","145","137","137","195","164","105","67","36","32","40",
"특허법","경찰","6개월 초과","범죄사건 처리 기간[명]","명","5","3","5","2","-","38","42","18","18","133","45","47","41","30","48","38","57","44","43",
"특허법","검찰","계","범죄사건 처리 기간[명]","명","527","734","619","665","456","410","405","345","418","450","439","405","377","371","433","144","157","122","62",
"특허법","검찰","10일 이내","범죄사건 처리 기간[명]","명","145","317","248","164","164","119","103","87","77","68","97","51","37","66","105","26","42","28","27",
"특허법","검찰","20일 이내","범죄사건 처리 기간[명]","명","36","48","61","64","12","38","44","42","29","41","47","27","22","32","26","16","17","10","11",
"특허법","검찰","1개월 이내","범죄사건 처리 기간[명]","명","46","55","55","54","42","28","27","31","28","41","31","19","14","19","33","12","3","11","-",
"특허법","검찰","2개월 이내","범죄사건 처리 기간[명]","명","57","60","80","90","68","54","63","61","53","52","47","30","89","27","38","29","22","29","-",
"특허법","검찰","3개월 이내","범죄사건 처리 기간[명]","명","92","139","109","144","98","79","48","55","69","44","50","65","38","54","63","29","19","8","1",
"특허법","검찰","6개월 이내","범죄사건 처리 기간[명]","명","141","112","65","126","70","87","101","62","138","175","121","162","101","123","101","26","29","25","13",
"특허법","검찰","6개월 초과","범죄사건 처리 기간[명]","명","10","3","1","23","2","5","19","7","24","29","46","51","76","50","67","6","25","11","10",
"폐기물관리법","합계","계","범죄사건 처리 기간[명]","명","3439","3133","2810","2539","1745","2318","3078","3396","","","","","","","","","","","",
"폐기물관리법","경찰","계","범죄사건 처리 기간[명]","명","1396","1306","1177","1081","820","974","1315","1504","1299","1219","1585","1994","1958","2765","2975","2554","2378","2266","2098",
"폐기물관리법","경찰","10일 이내","범죄사건 처리 기간[명]","명","74","131","99","133","79","117","125","133","154","96","145","224","245","354","330","235","155","256","225",
"폐기물관리법","경찰","20일 이내","범죄사건 처리 기간[명]","명","41","30","33","55","69","115","129","157","187","113","208","231","270","312","300","240","194","259","232",
"폐기물관리법","경찰","1개월 이내","범죄사건 처리 기간[명]","명","261","208","169","147","99","116","133","202","156","122","150","180","226","307","325","267","189","192","211",
"폐기물관리법","경찰","2개월 이내","범죄사건 처리 기간[명]","명","257","185","158","164","233","279","383","491","328","255","368","447","469","605","545","527","361","420","374",
"폐기물관리법","경찰","3개월 이내","범죄사건 처리 기간[명]","명","196","172","174","119","109","191","300","258","228","169","239","278","275","420","478","365","310","302","316",
"폐기물관리법","경찰","6개월 이내","범죄사건 처리 기간[명]","명","554","571","520","448","220","74","170","176","181","180","257","312","302","606","669","612","487","498","347",
"폐기물관리법","경찰","6개월 초과","범죄사건 처리 기간[명]","명","13","9","24","15","11","82","75","87","65","284","218","322","171","161","328","308","682","339","393",
"폐기물관리법","검찰","계","범죄사건 처리 기간[명]","명","2043","1827","1633","1458","925","1344","1763","1892","1707","1628","1935","2483","2401","3246","3627","3019","2819","2540","2307",
"폐기물관리법","검찰","10일 이내","범죄사건 처리 기간[명]","명","896","777","700","580","320","623","737","638","649","596","713","912","845","948","1265","1078","851","776","757",
"폐기물관리법","검찰","20일 이내","범죄사건 처리 기간[명]","명","349","291","236","201","151","189","313","291","293","252","285","391","299","438","486","490","297","297","324",
"폐기물관리법","검찰","1개월 이내","범죄사건 처리 기간[명]","명","190","215","148","196","91","144","229","228","199","181","225","273","268","286","283","360","374","311","250",
"폐기물관리법","검찰","2개월 이내","범죄사건 처리 기간[명]","명","247","233","184","212","122","142","182","240","214","184","242","270","301","426","378","413","394","350","302",
"폐기물관리법","검찰","3개월 이내","범죄사건 처리 기간[명]","명","245","232","265","200","164","117","93","199","132","155","165","207","212","294","348","291","400","229","152",
"폐기물관리법","검찰","6개월 이내","범죄사건 처리 기간[명]","명","112","79","87","66","75","110","179","282","209","235","245","356","350","667","635","352","436","510","445",
"폐기물관리법","검찰","6개월 초과","범죄사건 처리 기간[명]","명","4","-","13","3","2","19","30","14","11","25","60","74","126","187","232","35","67","67","77",
"풍속영업의규제에관한법률","합계","계","범죄사건 처리 기간[명]","명","371","243","488","732","482","390","3088","2222","","","","","","","","","","","",
"풍속영업의규제에관한법률","경찰","계","범죄사건 처리 기간[명]","명","175","120","242","362","241","195","1572","1137","482","334","370","298","232","136","112","86","93","127","128",
"풍속영업의규제에관한법률","경찰","10일 이내","범죄사건 처리 기간[명]","명","11","24","23","47","34","41","585","397","130","42","66","60","38","24","25","15","15","23","8",
"풍속영업의규제에관한법률","경찰","20일 이내","범죄사건 처리 기간[명]","명","5","2","5","19","38","30","386","221","98","53","76","57","49","21","20","13","15","21","13",
"풍속영업의규제에관한법률","경찰","1개월 이내","범죄사건 처리 기간[명]","명","31","10","30","41","33","33","214","126","51","35","37","38","21","24","14","12","9","11","9",
"풍속영업의규제에관한법률","경찰","2개월 이내","범죄사건 처리 기간[명]","명","25","11","27","24","50","58","269","256","88","45","59","45","46","21","12","16","18","21","39",
"풍속영업의규제에관한법률","경찰","3개월 이내","범죄사건 처리 기간[명]","명","14","10","24","26","24","22","82","80","62","26","23","23","24","33","15","12","14","16","17",
"풍속영업의규제에관한법률","경찰","6개월 이내","범죄사건 처리 기간[명]","명","89","63","129","205","54","11","30","45","44","22","48","19","41","13","25","13","10","23","25",
"풍속영업의규제에관한법률","경찰","6개월 초과","범죄사건 처리 기간[명]","명","-","-","4","-","8","-","6","12","9","111","61","56","13","-","1","5","12","12","17",
"풍속영업의규제에관한법률","검찰","계","범죄사건 처리 기간[명]","명","196","123","246","370","241","195","1516","1085","444","301","345","292","218","131","105","70","79","110","109",
"풍속영업의규제에관한법률","검찰","10일 이내","범죄사건 처리 기간[명]","명","81","53","98","132","97","87","803","509","221","126","150","171","110","67","63","37","38","41","25",
"풍속영업의규제에관한법률","검찰","20일 이내","범죄사건 처리 기간[명]","명","35","12","42","72","29","36","335","206","69","55","52","30","21","9","8","11","6","17","19",
"풍속영업의규제에관한법률","검찰","1개월 이내","범죄사건 처리 기간[명]","명","20","15","34","38","24","27","179","137","46","45","58","24","34","10","5","5","9","17","17",
"풍속영업의규제에관한법률","검찰","2개월 이내","범죄사건 처리 기간[명]","명","16","22","25","52","37","10","148","99","51","35","47","27","15","12","13","8","10","7","7",
"풍속영업의규제에관한법률","검찰","3개월 이내","범죄사건 처리 기간[명]","명","42","17","33","63","49","23","40","75","32","26","15","23","21","11","2","4","10","11","2",
"풍속영업의규제에관한법률","검찰","6개월 이내","범죄사건 처리 기간[명]","명","2","4","14","13","5","12","11","59","25","14","22","14","14","20","14","5","6","16","39",
"풍속영업의규제에관한법률","검찰","6개월 초과","범죄사건 처리 기간[명]","명","-","-","-","-","-","-","-","-","-","-","1","3","3","2","-","-","0","1","-",
"하천법","합계","계","범죄사건 처리 기간[명]","명","370","306","268","372","304","417","587","399","","","","","","","","","","","",
"하천법","경찰","계","범죄사건 처리 기간[명]","명","177","141","133","185","152","207","298","207","335","354","284","287","299","277","274","234","203","142","277",
"하천법","경찰","10일 이내","범죄사건 처리 기간[명]","명","16","15","16","25","26","49","74","35","40","45","39","40","36","26","24","13","10","8","18",
"하천법","경찰","20일 이내","범죄사건 처리 기간[명]","명","9","10","4","3","21","36","57","38","60","47","55","38","46","35","33","21","13","14","14",
"하천법","경찰","1개월 이내","범죄사건 처리 기간[명]","명","26","18","22","50","17","22","34","32","39","43","42","43","35","45","39","15","31","16","33",
"하천법","경찰","2개월 이내","범죄사건 처리 기간[명]","명","35","36","26","33","41","61","47","59","104","97","53","66","67","78","64","31","44","26","44",
"하천법","경찰","3개월 이내","범죄사건 처리 기간[명]","명","14","14","15","6","19","17","56","24","45","24","43","31","43","63","57","46","22","29","37",
"하천법","경찰","6개월 이내","범죄사건 처리 기간[명]","명","70","48","49","68","28","18","26","12","35","38","25","46","48","23","40","41","45","34","60",
"하천법","경찰","6개월 초과","범죄사건 처리 기간[명]","명","7","-","1","-","-","4","4","7","12","60","27","23","24","7","17","67","38","15","71",
"하천법","검찰","계","범죄사건 처리 기간[명]","명","193","165","135","187","152","210","289","192","337","329","298","274","283","286","279","208","170","125","226",
"하천법","검찰","10일 이내","범죄사건 처리 기간[명]","명","79","65","67","73","53","118","164","90","130","131","134","137","88","116","133","54","55","31","97",
"하천법","검찰","20일 이내","범죄사건 처리 기간[명]","명","39","23","16","25","29","33","39","24","65","67","66","38","28","59","46","30","30","19","23",
"하천법","검찰","1개월 이내","범죄사건 처리 기간[명]","명","29","41","12","21","25","25","40","24","34","52","38","14","35","25","22","26","20","17","25",
"하천법","검찰","2개월 이내","범죄사건 처리 기간[명]","명","18","19","17","25","15","19","16","24","31","36","33","38","29","29","27","29","26","16","25",
"하천법","검찰","3개월 이내","범죄사건 처리 기간[명]","명","18","15","22","34","24","9","22","15","20","22","15","21","23","15","18","53","12","17","30",
"하천법","검찰","6개월 이내","범죄사건 처리 기간[명]","명","10","2","1","9","6","2","8","15","47","17","12","21","55","34","30","16","25","24","21",
"하천법","검찰","6개월 초과","범죄사건 처리 기간[명]","명","-","-","-","-","-","4","-","-","10","4","-","5","25","8","3","-","2","1","5",
"학교보건법","합계","계","범죄사건 처리 기간[명]","명","1785","1097","860","565","386","371","588","2028","","","","","","","","","","","",
"학교보건법","경찰","계","범죄사건 처리 기간[명]","명","883","547","428","282","193","185","301","1042","665","760","592","81","3","11","-","-","0","-","-",
"학교보건법","경찰","10일 이내","범죄사건 처리 기간[명]","명","31","48","65","57","55","58","107","276","185","106","117","8","2","1","-","-","0","-","-",
"학교보건법","경찰","20일 이내","범죄사건 처리 기간[명]","명","24","30","26","12","36","44","78","247","120","110","113","9","1","1","-","-","0","-","-",
"학교보건법","경찰","1개월 이내","범죄사건 처리 기간[명]","명","160","106","77","36","24","34","38","136","84","64","64","13","-","-","-","-","0","-","-",
"학교보건법","경찰","2개월 이내","범죄사건 처리 기간[명]","명","153","69","64","29","32","38","65","224","149","96","84","22","-","4","-","-","0","-","-",
"학교보건법","경찰","3개월 이내","범죄사건 처리 기간[명]","명","95","59","31","15","8","11","11","91","91","32","34","14","-","1","-","-","0","-","-",
"학교보건법","경찰","6개월 이내","범죄사건 처리 기간[명]","명","420","235","165","132","38","-","2","51","30","12","68","3","-","2","-","-","0","-","-",
"학교보건법","경찰","6개월 초과","범죄사건 처리 기간[명]","명","-","-","-","1","-","-","-","17","6","340","112","12","-","2","-","-","0","-","-",
"학교보건법","검찰","계","범죄사건 처리 기간[명]","명","902","550","432","283","193","186","287","986","637","705","569","81","3","11","-","-","0","-","-",
"학교보건법","검찰","10일 이내","범죄사건 처리 기간[명]","명","562","371","278","178","142","115","161","593","370","447","336","50","2","6","-","-","0","-","-",
"학교보건법","검찰","20일 이내","범죄사건 처리 기간[명]","명","186","90","85","54","26","40","68","191","126","119","96","13","1","2","-","-","0","-","-",
"학교보건법","검찰","1개월 이내","범죄사건 처리 기간[명]","명","68","48","41","28","15","17","32","99","77","60","48","9","-","-","-","-","0","-","-",
"학교보건법","검찰","2개월 이내","범죄사건 처리 기간[명]","명","65","28","18","16","4","9","21","63","36","47","59","2","-","1","-","-","0","-","-",
"학교보건법","검찰","3개월 이내","범죄사건 처리 기간[명]","명","17","9","9","6","6","4","2","25","13","17","20","6","-","-","-","-","0","-","-",
"학교보건법","검찰","6개월 이내","범죄사건 처리 기간[명]","명","4","4","1","1","-","1","3","15","15","13","10","1","-","2","-","-","0","-","-",
"학교보건법","검찰","6개월 초과","범죄사건 처리 기간[명]","명","-","-","-","-","-","-","-","-","-","2","-","","-","-","-","-","0","-","-",
"학원의설립운영및과외교습에관한법률","경찰","계","범죄사건 처리 기간[명]","명","","","","","","","","","968","1075","590","559","559","441","444","388","312","255","354",
"학원의설립운영및과외교습에관한법률","경찰","10일 이내","범죄사건 처리 기간[명]","명","","","","","","","","","389","157","170","175","194","123","94","102","89","58","72",
"학원의설립운영및과외교습에관한법률","경찰","20일 이내","범죄사건 처리 기간[명]","명","","","","","","","","","250","111","106","110","115","99","100","93","72","59","60",
"학원의설립운영및과외교습에관한법률","경찰","1개월 이내","범죄사건 처리 기간[명]","명","","","","","","","","","106","58","60","56","56","54","68","55","39","43","48",
"학원의설립운영및과외교습에관한법률","경찰","2개월 이내","범죄사건 처리 기간[명]","명","","","","","","","","","152","100","75","73","99","93","87","61","52","39","70",
"학원의설립운영및과외교습에관한법률","경찰","3개월 이내","범죄사건 처리 기간[명]","명","","","","","","","","","47","31","34","25","34","43","43","30","23","24","35",
"학원의설립운영및과외교습에관한법률","경찰","6개월 이내","범죄사건 처리 기간[명]","명","","","","","","","","","17","15","48","46","15","26","43","39","23","28","45",
"학원의설립운영및과외교습에관한법률","경찰","6개월 초과","범죄사건 처리 기간[명]","명","","","","","","","","","7","603","97","74","46","3","9","8","14","4","24",
"학원의설립운영및과외교습에관한법률","검찰","계","범죄사건 처리 기간[명]","명","","","","","","","","","919","1044","566","545","539","433","425","354","289","220","295",
"학원의설립운영및과외교습에관한법률","검찰","10일 이내","범죄사건 처리 기간[명]","명","","","","","","","","","639","637","337","362","345","271","270","239","179","117","145",
"학원의설립운영및과외교습에관한법률","검찰","20일 이내","범죄사건 처리 기간[명]","명","","","","","","","","","140","140","115","91","78","65","47","47","44","37","44",
"학원의설립운영및과외교습에관한법률","검찰","1개월 이내","범죄사건 처리 기간[명]","명","","","","","","","","","59","216","40","49","37","35","28","33","29","16","36",
"학원의설립운영및과외교습에관한법률","검찰","2개월 이내","범죄사건 처리 기간[명]","명","","","","","","","","","41","26","26","23","31","28","26","18","23","22","21",
"학원의설립운영및과외교습에관한법률","검찰","3개월 이내","범죄사건 처리 기간[명]","명","","","","","","","","","23","13","33","10","8","12","18","7","6","14","14",
"학원의설립운영및과외교습에관한법률","검찰","6개월 이내","범죄사건 처리 기간[명]","명","","","","","","","","","17","12","15","10","34","21","34","9","6","13","16",
"학원의설립운영및과외교습에관한법률","검찰","6개월 초과","범죄사건 처리 기간[명]","명","","","","","","","","","-","-","-","","6","1","2","1","2","1","19",
"항만법","합계","계","범죄사건 처리 기간[명]","명","165","167","204","138","140","186","126","202","","","","","","","","","","","",
"항만법","경찰","계","범죄사건 처리 기간[명]","명","80","83","102","69","70","93","69","101","","","","","","","","","","","",
"항만법","경찰","10일 이내","범죄사건 처리 기간[명]","명","3","3","-","-","8","7","6","27","","","","","","","","","","","",
"항만법","경찰","20일 이내","범죄사건 처리 기간[명]","명","3","-","-","1","3","12","21","16","","","","","","","","","","","",
"항만법","경찰","1개월 이내","범죄사건 처리 기간[명]","명","11","15","23","16","3","6","9","9","","","","","","","","","","","",
"항만법","경찰","2개월 이내","범죄사건 처리 기간[명]","명","11","12","19","2","13","17","16","28","","","","","","","","","","","",
"항만법","경찰","3개월 이내","범죄사건 처리 기간[명]","명","11","11","7","5","17","39","9","16","","","","","","","","","","","",
"항만법","경찰","6개월 이내","범죄사건 처리 기간[명]","명","40","42","53","45","23","8","5","3","","","","","","","","","","","",
"항만법","경찰","6개월 초과","범죄사건 처리 기간[명]","명","1","-","-","-","3","4","3","2","","","","","","","","","","","",
"항만법","검찰","계","범죄사건 처리 기간[명]","명","85","84","102","69","70","93","57","101","","","","","","","","","","","",
"항만법","검찰","10일 이내","범죄사건 처리 기간[명]","명","41","63","57","32","42","74","39","59","","","","","","","","","","","",
"항만법","검찰","20일 이내","범죄사건 처리 기간[명]","명","18","8","30","26","4","5","5","17","","","","","","","","","","","",
"항만법","검찰","1개월 이내","범죄사건 처리 기간[명]","명","12","3","5","7","3","7","1","11","","","","","","","","","","","",
"항만법","검찰","2개월 이내","범죄사건 처리 기간[명]","명","11","8","9","3","16","3","2","2","","","","","","","","","","","",
"항만법","검찰","3개월 이내","범죄사건 처리 기간[명]","명","3","1","1","1","3","3","8","12","","","","","","","","","","","",
"항만법","검찰","6개월 이내","범죄사건 처리 기간[명]","명","-","1","-","-","2","-","2","-","","","","","","","","","","","",
"항만법","검찰","6개월 초과","범죄사건 처리 기간[명]","명","-","-","-","-","-","1","-","-","","","","","","","","","","","",
"항만운송사업법","합계","계","범죄사건 처리 기간[명]","명","22","102","380","390","86","42","36","114","","","","","","","","","","","",
"항만운송사업법","경찰","계","범죄사건 처리 기간[명]","명","11","51","190","195","43","21","19","57","","","","","","","","","","","",
"항만운송사업법","경찰","10일 이내","범죄사건 처리 기간[명]","명","-","2","-","1","8","1","2","1","","","","","","","","","","","",
"항만운송사업법","경찰","20일 이내","범죄사건 처리 기간[명]","명","1","1","2","1","23","2","4","13","","","","","","","","","","","",
"항만운송사업법","경찰","1개월 이내","범죄사건 처리 기간[명]","명","1","2","30","5","1","5","2","4","","","","","","","","","","","",
"항만운송사업법","경찰","2개월 이내","범죄사건 처리 기간[명]","명","-","7","28","18","6","3","9","17","","","","","","","","","","","",
"항만운송사업법","경찰","3개월 이내","범죄사건 처리 기간[명]","명","-","8","35","47","-","3","-","1","","","","","","","","","","","",
"항만운송사업법","경찰","6개월 이내","범죄사건 처리 기간[명]","명","9","31","95","123","4","4","2","12","","","","","","","","","","","",
"항만운송사업법","경찰","6개월 초과","범죄사건 처리 기간[명]","명","-","-","-","-","1","3","-","9","","","","","","","","","","","",
"항만운송사업법","검찰","계","범죄사건 처리 기간[명]","명","11","51","190","195","43","21","17","57","","","","","","","","","","","",
"항만운송사업법","검찰","10일 이내","범죄사건 처리 기간[명]","명","6","30","75","109","34","14","3","29","","","","","","","","","","","",
"항만운송사업법","검찰","20일 이내","범죄사건 처리 기간[명]","명","2","7","54","45","2","-","5","6","","","","","","","","","","","",
"항만운송사업법","검찰","1개월 이내","범죄사건 처리 기간[명]","명","3","3","40","15","6","-","5","5","","","","","","","","","","","",
"항만운송사업법","검찰","2개월 이내","범죄사건 처리 기간[명]","명","-","8","15","15","-","4","2","12","","","","","","","","","","","",
"항만운송사업법","검찰","3개월 이내","범죄사건 처리 기간[명]","명","-","3","6","9","1","3","2","1","","","","","","","","","","","",
"항만운송사업법","검찰","6개월 이내","범죄사건 처리 기간[명]","명","-","-","-","-","-","-","-","4","","","","","","","","","","","",
"항만운송사업법","검찰","6개월 초과","범죄사건 처리 기간[명]","명","-","-","-","2","-","-","-","-","","","","","","","","","","","",
"해양오염방지법","합계","계","범죄사건 처리 기간[명]","명","1838","1668","263","2","-","14","4","4","","","","","","","","","","","",
"해양오염방지법","경찰","계","범죄사건 처리 기간[명]","명","913","827","131","1","-","7","2","2","","","","","","","","","","","",
"해양오염방지법","경찰","10일 이내","범죄사건 처리 기간[명]","명","101","59","2","-","-","2","2","-","","","","","","","","","","","",
"해양오염방지법","경찰","20일 이내","범죄사건 처리 기간[명]","명","42","43","4","-","-","4","-","-","","","","","","","","","","","",
"해양오염방지법","경찰","1개월 이내","범죄사건 처리 기간[명]","명","183","142","24","-","-","-","-","2","","","","","","","","","","","",
"해양오염방지법","경찰","2개월 이내","범죄사건 처리 기간[명]","명","100","70","11","-","-","1","-","-","","","","","","","","","","","",
"해양오염방지법","경찰","3개월 이내","범죄사건 처리 기간[명]","명","58","39","17","-","-","-","-","-","","","","","","","","","","","",
"해양오염방지법","경찰","6개월 이내","범죄사건 처리 기간[명]","명","417","472","73","1","-","-","-","-","","","","","","","","","","","",
"해양오염방지법","경찰","6개월 초과","범죄사건 처리 기간[명]","명","12","2","-","-","-","-","-","-","","","","","","","","","","","",
"해양오염방지법","검찰","계","범죄사건 처리 기간[명]","명","925","841","132","1","-","7","2","2","","","","","","","","","","","",
"해양오염방지법","검찰","10일 이내","범죄사건 처리 기간[명]","명","548","570","68","1","-","3","2","2","","","","","","","","","","","",
"해양오염방지법","검찰","20일 이내","범죄사건 처리 기간[명]","명","174","141","29","-","-","2","-","-","","","","","","","","","","","",
"해양오염방지법","검찰","1개월 이내","범죄사건 처리 기간[명]","명","81","69","19","-","-","-","-","-","","","","","","","","","","","",
"해양오염방지법","검찰","2개월 이내","범죄사건 처리 기간[명]","명","56","32","7","-","-","2","-","-","","","","","","","","","","","",
"해양오염방지법","검찰","3개월 이내","범죄사건 처리 기간[명]","명","58","27","8","-","-","-","-","-","","","","","","","","","","","",
"해양오염방지법","검찰","6개월 이내","범죄사건 처리 기간[명]","명","6","2","1","-","-","-","-","-","","","","","","","","","","","",
"해양오염방지법","검찰","6개월 초과","범죄사건 처리 기간[명]","명","2","-","-","-","-","-","-","-","","","","","","","","","","","",
"화물자동차운수사업법","경찰","계","범죄사건 처리 기간[명]","명","","","","","","","","","2634","2974","2051","2850","3489","3677","2284","1407","1510","1607","1575",
"화물자동차운수사업법","경찰","10일 이내","범죄사건 처리 기간[명]","명","","","","","","","","","512","328","362","513","832","709","354","226","200","275","328",
"화물자동차운수사업법","경찰","20일 이내","범죄사건 처리 기간[명]","명","","","","","","","","","479","371","338","561","679","699","473","252","231","299","323",
"화물자동차운수사업법","경찰","1개월 이내","범죄사건 처리 기간[명]","명","","","","","","","","","330","299","253","322","399","458","320","163","187","182","208",
"화물자동차운수사업법","경찰","2개월 이내","범죄사건 처리 기간[명]","명","","","","","","","","","689","498","318","504","728","814","476","345","351","335","278",
"화물자동차운수사업법","경찰","3개월 이내","범죄사건 처리 기간[명]","명","","","","","","","","","393","296","189","233","294","462","310","168","176","168","161",
"화물자동차운수사업법","경찰","6개월 이내","범죄사건 처리 기간[명]","명","","","","","","","","","170","246","205","248","388","434","303","145","247","211","173",
"화물자동차운수사업법","경찰","6개월 초과","범죄사건 처리 기간[명]","명","","","","","","","","","61","936","386","469","169","101","48","108","118","137","104",
"화물자동차운수사업법","검찰","계","범죄사건 처리 기간[명]","명","","","","","","","","","2522","2703","1933","2769","3288","3582","2339","1299","1263","1343","1364",
"화물자동차운수사업법","검찰","10일 이내","범죄사건 처리 기간[명]","명","","","","","","","","","1467","1630","1243","1686","1772","1718","1419","755","726","770","887",
"화물자동차운수사업법","검찰","20일 이내","범죄사건 처리 기간[명]","명","","","","","","","","","460","384","265","412","499","496","215","171","136","138","172",
"화물자동차운수사업법","검찰","1개월 이내","범죄사건 처리 기간[명]","명","","","","","","","","","234","254","168","183","342","308","162","120","107","125","105",
"화물자동차운수사업법","검찰","2개월 이내","범죄사건 처리 기간[명]","명","","","","","","","","","161","206","100","154","238","303","196","85","95","90","89",
"화물자동차운수사업법","검찰","3개월 이내","범죄사건 처리 기간[명]","명","","","","","","","","","69","83","52","134","162","196","154","101","58","69","41",
"화물자동차운수사업법","검찰","6개월 이내","범죄사건 처리 기간[명]","명","","","","","","","","","127","146","88","190","272","520","176","63","113","119","68",
"화물자동차운수사업법","검찰","6개월 초과","범죄사건 처리 기간[명]","명","","","","","","","","","4","-","17","10","3","41","17","4","28","32","2",
"화재로인한재해보상과보험가입에관한법률","경찰","계","범죄사건 처리 기간[명]","명","","","","","","","","","-","4","2","","1","-","22","30","7","8","8",
"화재로인한재해보상과보험가입에관한법률","경찰","10일 이내","범죄사건 처리 기간[명]","명","","","","","","","","","-","-","-","","-","-","1","1","0","-","-",
"화재로인한재해보상과보험가입에관한법률","경찰","20일 이내","범죄사건 처리 기간[명]","명","","","","","","","","","-","-","-","","-","-","2","4","0","3","1",
"화재로인한재해보상과보험가입에관한법률","경찰","1개월 이내","범죄사건 처리 기간[명]","명","","","","","","","","","-","-","2","","-","-","8","5","2","2","-",
"화재로인한재해보상과보험가입에관한법률","경찰","2개월 이내","범죄사건 처리 기간[명]","명","","","","","","","","","-","3","-","","1","-","5","6","0","2","5",
"화재로인한재해보상과보험가입에관한법률","경찰","3개월 이내","범죄사건 처리 기간[명]","명","","","","","","","","","-","-","-","","-","-","6","4","3","-","-",
"화재로인한재해보상과보험가입에관한법률","경찰","6개월 이내","범죄사건 처리 기간[명]","명","","","","","","","","","-","-","-","","-","-","-","6","2","-","1",
"화재로인한재해보상과보험가입에관한법률","경찰","6개월 초과","범죄사건 처리 기간[명]","명","","","","","","","","","-","1","-","","-","-","-","4","0","1","1",
"화재로인한재해보상과보험가입에관한법률","검찰","계","범죄사건 처리 기간[명]","명","","","","","","","","","-","4","2","","1","-","24","24","6","7","8",
"화재로인한재해보상과보험가입에관한법률","검찰","10일 이내","범죄사건 처리 기간[명]","명","","","","","","","","","-","-","2","","1","-","10","10","3","5","6",
"화재로인한재해보상과보험가입에관한법률","검찰","20일 이내","범죄사건 처리 기간[명]","명","","","","","","","","","-","-","-","","-","-","3","4","0","2","-",
"화재로인한재해보상과보험가입에관한법률","검찰","1개월 이내","범죄사건 처리 기간[명]","명","","","","","","","","","-","-","-","","-","-","1","2","1","-","1",
"화재로인한재해보상과보험가입에관한법률","검찰","2개월 이내","범죄사건 처리 기간[명]","명","","","","","","","","","-","4","-","","-","-","4","3","1","-","1",
"화재로인한재해보상과보험가입에관한법률","검찰","3개월 이내","범죄사건 처리 기간[명]","명","","","","","","","","","-","-","-","","-","-","4","2","0","-","-",
"화재로인한재해보상과보험가입에관한법률","검찰","6개월 이내","범죄사건 처리 기간[명]","명","","","","","","","","","-","-","-","","-","-","2","3","1","-","-",
"화재로인한재해보상과보험가입에관한법률","검찰","6개월 초과","범죄사건 처리 기간[명]","명","","","","","","","","","-","-","-","","-","-","-","-","0","-","-",
"화재보험법","합계","계","범죄사건 처리 기간[명]","명","-","6","-","2","-","2","6","-","","","","","","","","","","","",
"화재보험법","경찰","계","범죄사건 처리 기간[명]","명","-","3","-","1","-","1","3","-","","","","","","","","","","","",
"화재보험법","경찰","10일 이내","범죄사건 처리 기간[명]","명","-","1","-","-","-","-","-","-","","","","","","","","","","","",
"화재보험법","경찰","20일 이내","범죄사건 처리 기간[명]","명","-","-","-","-","-","-","1","-","","","","","","","","","","","",
"화재보험법","경찰","1개월 이내","범죄사건 처리 기간[명]","명","-","-","-","-","-","-","-","-","","","","","","","","","","","",
"화재보험법","경찰","2개월 이내","범죄사건 처리 기간[명]","명","-","1","-","-","-","1","1","-","","","","","","","","","","","",
"화재보험법","경찰","3개월 이내","범죄사건 처리 기간[명]","명","-","-","-","-","-","-","1","-","","","","","","","","","","","",
"화재보험법","경찰","6개월 이내","범죄사건 처리 기간[명]","명","-","1","-","1","-","-","-","-","","","","","","","","","","","",
"화재보험법","경찰","6개월 초과","범죄사건 처리 기간[명]","명","-","-","-","-","-","-","-","-","","","","","","","","","","","",
"화재보험법","검찰","계","범죄사건 처리 기간[명]","명","-","3","-","1","-","1","3","-","","","","","","","","","","","",
"화재보험법","검찰","10일 이내","범죄사건 처리 기간[명]","명","-","-","-","1","-","-","3","-","","","","","","","","","","","",
"화재보험법","검찰","20일 이내","범죄사건 처리 기간[명]","명","-","-","-","-","-","1","-","-","","","","","","","","","","","",
"화재보험법","검찰","1개월 이내","범죄사건 처리 기간[명]","명","-","-","-","-","-","-","-","-","","","","","","","","","","","",
"화재보험법","검찰","2개월 이내","범죄사건 처리 기간[명]","명","-","1","-","-","-","-","-","-","","","","","","","","","","","",
"화재보험법","검찰","3개월 이내","범죄사건 처리 기간[명]","명","-","1","-","-","-","-","-","-","","","","","","","","","","","",
"화재보험법","검찰","6개월 이내","범죄사건 처리 기간[명]","명","-","1","-","-","-","-","-","-","","","","","","","","","","","",
"화재보험법","검찰","6개월 초과","범죄사건 처리 기간[명]","명","-","-","-","-","-","-","-","-","","","","","","","","","","","",
"화재예방?소방시설설치유지및안전관리에관한법률","경찰","계","범죄사건 처리 기간[명]","명","","","","","","","","","260","232","131","24","197","279","191","277","","","",
"화재예방?소방시설설치유지및안전관리에관한법률","경찰","10일 이내","범죄사건 처리 기간[명]","명","","","","","","","","","4","7","-","1","13","15","7","2","","","",
"화재예방?소방시설설치유지및안전관리에관한법률","경찰","20일 이내","범죄사건 처리 기간[명]","명","","","","","","","","","17","23","7","1","15","9","6","8","","","",
"화재예방?소방시설설치유지및안전관리에관한법률","경찰","1개월 이내","범죄사건 처리 기간[명]","명","","","","","","","","","63","49","13","9","34","42","26","58","","","",
"화재예방?소방시설설치유지및안전관리에관한법률","경찰","2개월 이내","범죄사건 처리 기간[명]","명","","","","","","","","","61","75","18","2","70","56","26","72","","","",
"화재예방?소방시설설치유지및안전관리에관한법률","경찰","3개월 이내","범죄사건 처리 기간[명]","명","","","","","","","","","44","35","26","3","26","53","81","46","","","",
"화재예방?소방시설설치유지및안전관리에관한법률","경찰","6개월 이내","범죄사건 처리 기간[명]","명","","","","","","","","","54","36","29","2","30","39","36","75","","","",
"화재예방?소방시설설치유지및안전관리에관한법률","경찰","6개월 초과","범죄사건 처리 기간[명]","명","","","","","","","","","17","7","38","6","9","65","9","16","","","",
"화재예방?소방시설설치유지및안전관리에관한법률","검찰","계","범죄사건 처리 기간[명]","명","","","","","","","","","727","788","289","45","580","1016","848","835","","","",
"화재예방?소방시설설치유지및안전관리에관한법률","검찰","10일 이내","범죄사건 처리 기간[명]","명","","","","","","","","","300","390","109","16","276","494","304","408","","","",
"화재예방?소방시설설치유지및안전관리에관한법률","검찰","20일 이내","범죄사건 처리 기간[명]","명","","","","","","","","","142","154","46","9","101","137","83","110","","","",
"화재예방?소방시설설치유지및안전관리에관한법률","검찰","1개월 이내","범죄사건 처리 기간[명]","명","","","","","","","","","92","105","32","2","68","61","68","92","","","",
"화재예방?소방시설설치유지및안전관리에관한법률","검찰","2개월 이내","범죄사건 처리 기간[명]","명","","","","","","","","","57","70","81","5","64","91","256","77","","","",
"화재예방?소방시설설치유지및안전관리에관한법률","검찰","3개월 이내","범죄사건 처리 기간[명]","명","","","","","","","","","51","33","11","6","32","189","61","59","","","",
"화재예방?소방시설설치유지및안전관리에관한법률","검찰","6개월 이내","범죄사건 처리 기간[명]","명","","","","","","","","","85","35","9","7","35","31","72","88","","","",
"화재예방?소방시설설치유지및안전관리에관한법률","검찰","6개월 초과","범죄사건 처리 기간[명]","명","","","","","","","","","-","1","1","","4","13","4","1","","","",
"화재의예방및안전관리에관한법률/소방시설설치및관리에관한법률","경찰","계","범죄사건 처리 기간[명]","명","","","","","","","","","","","","","","","","","257","282","539",
"화재의예방및안전관리에관한법률/소방시설설치및관리에관한법률","경찰","10일 이내","범죄사건 처리 기간[명]","명","","","","","","","","","","","","","","","","","1","7","6",
"화재의예방및안전관리에관한법률/소방시설설치및관리에관한법률","경찰","20일 이내","범죄사건 처리 기간[명]","명","","","","","","","","","","","","","","","","","3","4","12",
"화재의예방및안전관리에관한법률/소방시설설치및관리에관한법률","경찰","1개월 이내","범죄사건 처리 기간[명]","명","","","","","","","","","","","","","","","","","25","38","96",
"화재의예방및안전관리에관한법률/소방시설설치및관리에관한법률","경찰","2개월 이내","범죄사건 처리 기간[명]","명","","","","","","","","","","","","","","","","","50","60","76",
"화재의예방및안전관리에관한법률/소방시설설치및관리에관한법률","경찰","3개월 이내","범죄사건 처리 기간[명]","명","","","","","","","","","","","","","","","","","112","61","89",
"화재의예방및안전관리에관한법률/소방시설설치및관리에관한법률","경찰","6개월 이내","범죄사건 처리 기간[명]","명","","","","","","","","","","","","","","","","","35","77","147",
"화재의예방및안전관리에관한법률/소방시설설치및관리에관한법률","경찰","6개월 초과","범죄사건 처리 기간[명]","명","","","","","","","","","","","","","","","","","31","35","113",
"화재의예방및안전관리에관한법률/소방시설설치및관리에관한법률","검찰","계","범죄사건 처리 기간[명]","명","","","","","","","","","","","","","","","","","854","1087","1370",
"화재의예방및안전관리에관한법률/소방시설설치및관리에관한법률","검찰","10일 이내","범죄사건 처리 기간[명]","명","","","","","","","","","","","","","","","","","297","483","623",
"화재의예방및안전관리에관한법률/소방시설설치및관리에관한법률","검찰","20일 이내","범죄사건 처리 기간[명]","명","","","","","","","","","","","","","","","","","193","166","207",
"화재의예방및안전관리에관한법률/소방시설설치및관리에관한법률","검찰","1개월 이내","범죄사건 처리 기간[명]","명","","","","","","","","","","","","","","","","","102","145","147",
"화재의예방및안전관리에관한법률/소방시설설치및관리에관한법률","검찰","2개월 이내","범죄사건 처리 기간[명]","명","","","","","","","","","","","","","","","","","96","101","126",
"화재의예방및안전관리에관한법률/소방시설설치및관리에관한법률","검찰","3개월 이내","범죄사건 처리 기간[명]","명","","","","","","","","","","","","","","","","","55","73","144",
"화재의예방및안전관리에관한법률/소방시설설치및관리에관한법률","검찰","6개월 이내","범죄사건 처리 기간[명]","명","","","","","","","","","","","","","","","","","96","108","117",
"화재의예방및안전관리에관한법률/소방시설설치및관리에관한법률","검찰","6개월 초과","범죄사건 처리 기간[명]","명","","","","","","","","","","","","","","","","","15","11","6",
"화학물질관리법","경찰","계","범죄사건 처리 기간[명]","명","","","","","","","","","536","566","675","588","427","746","819","507","427","380","327",
"화학물질관리법","경찰","10일 이내","범죄사건 처리 기간[명]","명","","","","","","","","","166","115","148","118","74","176","99","91","65","104","95",
"화학물질관리법","경찰","20일 이내","범죄사건 처리 기간[명]","명","","","","","","","","","95","104","101","72","58","111","186","35","53","41","29",
"화학물질관리법","경찰","1개월 이내","범죄사건 처리 기간[명]","명","","","","","","","","","83","73","63","50","40","65","52","53","25","37","28",
"화학물질관리법","경찰","2개월 이내","범죄사건 처리 기간[명]","명","","","","","","","","","103","111","181","111","81","133","145","56","58","50","40",
"화학물질관리법","경찰","3개월 이내","범죄사건 처리 기간[명]","명","","","","","","","","","64","75","97","138","67","85","94","59","63","26","21",
"화학물질관리법","경찰","6개월 이내","범죄사건 처리 기간[명]","명","","","","","","","","","20","43","52","50","59","89","148","103","90","71","75",
"화학물질관리법","경찰","6개월 초과","범죄사건 처리 기간[명]","명","","","","","","","","","5","45","33","49","48","87","95","110","73","51","39",
"화학물질관리법","검찰","계","범죄사건 처리 기간[명]","명","","","","","","","","","789","813","1027","1080","688","1011","1197","782","848","697","520",
"화학물질관리법","검찰","10일 이내","범죄사건 처리 기간[명]","명","","","","","","","","","434","391","492","507","303","347","500","317","289","210","168",
"화학물질관리법","검찰","20일 이내","범죄사건 처리 기간[명]","명","","","","","","","","","123","177","211","159","101","144","151","120","111","85","91",
"화학물질관리법","검찰","1개월 이내","범죄사건 처리 기간[명]","명","","","","","","","","","89","111","152","122","66","104","106","95","98","96","64",
"화학물질관리법","검찰","2개월 이내","범죄사건 처리 기간[명]","명","","","","","","","","","84","65","78","127","91","120","145","114","134","92","57",
"화학물질관리법","검찰","3개월 이내","범죄사건 처리 기간[명]","명","","","","","","","","","39","47","53","115","60","64","91","50","89","54","26",
"화학물질관리법","검찰","6개월 이내","범죄사건 처리 기간[명]","명","","","","","","","","","20","21","28","50","64","185","186","74","116","152","94",
"화학물질관리법","검찰","6개월 초과","범죄사건 처리 기간[명]","명","","","","","","","","","-","1","13","","3","47","18","12","11","8","20",
"기타특별법","합계","계","범죄사건 처리 기간[명]","명","55738","142155","204788","284337","212915","211848","206364","210112","","","","","","","","","","","",
"기타특별법","경찰","계","범죄사건 처리 기간[명]","명","25177","68692","99328","138812","105664","101719","102812","102253","38711","41879","46269","55090","53005","59727","50240","44984","47651","51357","51415",
"기타특별법","경찰","10일 이내","범죄사건 처리 기간[명]","명","1798","7944","12642","23410","20852","21333","18438","19413","7694","6954","8600","9398","9121","9446","7400","7383","7251","8750","9764",
"기타특별법","경찰","20일 이내","범죄사건 처리 기간[명]","명","690","2325","3437","4740","10772","14133","13588","13911","6171","6094","7535","8659","8913","9860","7156","5926","6097","6863","7040",
"기타특별법","경찰","1개월 이내","범죄사건 처리 기간[명]","명","3846","11103","13070","17238","12490","11299","10617","10928","4509","4408","5497","6429","6890","7793","5544","4680","4660","5161","5060",
"기타특별법","경찰","2개월 이내","범죄사건 처리 기간[명]","명","3695","8464","12251","16310","20952","25315","24518","23551","8045","7620","9218","10833","11298","13803","10604","8874","8779","9385","9377",
"기타특별법","경찰","3개월 이내","범죄사건 처리 기간[명]","명","2546","6452","9926","10888","13147","16761","18628","17392","4534","4175","4733","6658","5990","7412","6365","5488","5505","6044","6128",
"기타특별법","경찰","6개월 이내","범죄사건 처리 기간[명]","명","12321","31957","47447","65440","26205","9991","13072","12799","5453","4739","5888","7115","7656","8386","8928","8106","8599","8987","8886",
"기타특별법","경찰","6개월 초과","범죄사건 처리 기간[명]","명","281","447","555","786","1246","2887","3951","4259","2305","7889","4798","5998","3137","3027","4243","4527","6760","6167","5160",
"기타특별법","검찰","계","범죄사건 처리 기간[명]","명","30561","73463","105460","145525","107251","110129","103552","107859","38218","41573","46292","55948","51935","60851","51967","38625","40462","43451","41675",
"기타특별법","검찰","10일 이내","범죄사건 처리 기간[명]","명","14865","34879","49926","67149","52135","60950","54382","56017","17710","20222","21728","25647","24175","27518","23832","19156","17446","17980","19101",
"기타특별법","검찰","20일 이내","범죄사건 처리 기간[명]","명","4986","12496","17785","25250","17899","17279","16447","16613","6050","6338","7279","8649","7589","7961","6408","5816","5731","6027","5944",
"기타특별법","검찰","1개월 이내","범죄사건 처리 기간[명]","명","2562","7871","11391","15395","11287","9239","9665","10369","3539","3998","4650","4883","4911","5403","4150","4288","4777","5004","4886",
"기타특별법","검찰","2개월 이내","범죄사건 처리 기간[명]","명","2810","7959","10813","15611","10485","9091","8441","9183","3345","3359","4296","5082","5174","6093","5172","3658","4440","4899","3914",
"기타특별법","검찰","3개월 이내","범죄사건 처리 기간[명]","명","3366","7845","12056","17470","12025","6159","5196","5825","2538","2613","2799","3795","3401","4450","3700","2282","2857","3022","2235",
"기타특별법","검찰","6개월 이내","범죄사건 처리 기간[명]","명","1466","2247","3317","4307","3229","6861","8007","8385","4116","4172","4221","5733","5357","7231","5983","3039","4580","5757","4663",
"기타특별법","검찰","6개월 초과","범죄사건 처리 기간[명]","명","506","166","172","343","191","550","1414","1467","920","871","1319","2159","1328","2195","2722","386","631","762","932",
