"범죄별","발생지별","항목","단위","1994 년","1995 년","1996 년","1997 년","1998 년","1999 년","2000 년","2001 년","2002 년","2003 년","2004 년","2005 년","2006 년","2007 년","2008 년","2009 년","2010 년",
"절도","종로","범죄 발생지","","","","","","","","","","","","1182","1252","1004","974","977","1508","1699",
"절도","중구","범죄 발생지","","","","","","","","","","","","1956","1519","1336","1350","1312","1593","1853",
"절도","용산","범죄 발생지","","","","","","","","","","","","1005","641","659","745","719","1033","1217",
"절도","성동","범죄 발생지","","","","","","","","","","","","1098","1192","977","1002","1190","1365","1349",
"절도","광진","범죄 발생지","","","","","","","","","","","","1361","1076","1768","1859","2110","1804","2458",
"절도","동대문","범죄 발생지","","","","","","","","","","","","1002","928","748","840","741","1332","1773",
"절도","중랑","범죄 발생지","","","","","","","","","","","","838","1107","1046","971","1022","1148","1744",
"절도","성북","범죄 발생지","","","","","","","","","","","","1676","1585","1103","1112","1100","1382","1998",
"절도","강북","범죄 발생지","","","","","","","","","","","","797","695","689","743","650","804","1382",
"절도","도봉","범죄 발생지","","","","","","","","","","","","687","840","831","1062","1148","959","1047",
"절도","노원","범죄 발생지","","","","","","","","","","","","1414","1586","1432","1273","923","1273","1520",
"절도","은평","범죄 발생지","","","","","","","","","","","","1343","1209","1388","1298","1158","1439","1640",
"절도","서대문","범죄 발생지","","","","","","","","","","","","1372","1429","1416","1617","1342","2096","1726",
"절도","마포","범죄 발생지","","","","","","","","","","","","2031","1851","1262","913","719","1070","1689",
"절도","양천","범죄 발생지","","","","","","","","","","","","1490","1120","1029","1006","1081","1354","1574",
"절도","강서","범죄 발생지","","","","","","","","","","","","1904","1751","1255","1355","1331","1597","2690",
"절도","구로","범죄 발생지","","","","","","","","","","","","1532","1615","1193","1217","1200","1544","2230",
"절도","금천","범죄 발생지","","","","","","","","","","","","1209","1193","826","869","916","1198","1368",
"절도","영등포","범죄 발생지","","","","","","","","","","","","1952","1758","1393","1457","1178","1601","2642",
"절도","동작","범죄 발생지","","","","","","","","","","","","1678","1249","803","929","927","1236","1659",
"절도","관악","범죄 발생지","","","","","","","","","","","","2213","2275","1750","1890","1666","1855","2419",
"절도","서초","범죄 발생지","","","","","","","","","","","","1544","1358","1045","1208","986","1656","2051",
"절도","강남","범죄 발생지","","","","","","","","","","","","1717","2026","1710","1694","2238","3377","3977",
"절도","송파","범죄 발생지","","","","","","","","","","","","2079","2514","1636","1832","1438","1954","3430",
"절도","강동","범죄 발생지","","","","","","","","","","","","1017","901","664","823","878","1105","1950",
"절도","중구","범죄 발생지","","","","","","","","","","","","489","530","801","749","868","936","1145",
"절도","서구","범죄 발생지","","","","","","","","","","","","516","988","831","720","898","1103","975",
"절도","동구","범죄 발생지","","","","","","","","","","","","526","945","744","804","791","1047","1071",
"절도","영도","범죄 발생지","","","","","","","","","","","","559","317","378","561","541","686","859",
"절도","부산진","범죄 발생지","","","","","","","","","","","","1125","1080","1087","1428","1630","3291","3214",
"절도","동래","범죄 발생지","","","","","","","","","","","","637","599","421","629","653","1410","1786",
"절도","남구","범죄 발생지","","","","","","","","","","","","1260","1375","1100","562","920","2067","1291",
"절도","북구","범죄 발생지","","","","","","","","","","","","1097","1138","956","1046","1200","1288","1232",
"절도","해운대","범죄 발생지","","","","","","","","","","","","1044","553","1271","1258","1271","2226","2239",
"절도","사하","범죄 발생지","","","","","","","","","","","","556","486","824","1285","1402","1844","1656",
"절도","금정","범죄 발생지","","","","","","","","","","","","943","665","890","928","1319","1753","1643",
"절도","강서","범죄 발생지","","","","","","","","","","","","148","153","291","250","304","444","601",
"절도","연제","범죄 발생지","","","","","","","","","","","","676","874","903","1127","630","1152","1184",
"절도","수영","범죄 발생지","","","","","","","","","","","","856","893","744","629","830","953","1066",
"절도","사상","범죄 발생지","","","","","","","","","","","","1226","687","1025","654","916","1371","1653",
"절도","기장군","범죄 발생지","","","","","","","","","","","","273","171","354","217","297","520","551",
"절도","중구","범죄 발생지","","","","","","","","","","","","796","1265","1185","782","683","689","1187",
"절도","동구","범죄 발생지","","","","","","","","","","","","606","1160","1099","1137","1601","1660","2342",
"절도","서구","범죄 발생지","","","","","","","","","","","","543","770","1714","1075","971","1242","2300",
"절도","남구","범죄 발생지","","","","","","","","","","","","650","573","1179","968","761","838","1073",
"절도","북구","범죄 발생지","","","","","","","","","","","","850","1610","1388","1235","1597","1432","2926",
"절도","수성","범죄 발생지","","","","","","","","","","","","1004","1462","1544","1164","1064","1895","1704",
"절도","달서","범죄 발생지","","","","","","","","","","","","1001","2002","1660","2129","1953","2316","3499",
"절도","달성군","범죄 발생지","","","","","","","","","","","","153","112","16","156","234","255","527",
"절도","중구","범죄 발생지","","","","","","","","","","","","462","627","645","511","471","637","538",
"절도","동구","범죄 발생지","","","","","","","","","","","","311","421","247","201","206","208","292",
"절도","서구","범죄 발생지","","","","","","","","","","","","1157","1666","1563","1529","1561","1668","1552",
"절도","미추홀","범죄 발생지","","","","","","","","","","","","1942","2804","2546","2245","2317","1976","1856",
"절도","연수","범죄 발생지","","","","","","","","","","","","821","1167","1213","1168","1311","1149","871",
"절도","남동","범죄 발생지","","","","","","","","","","","","1449","2324","2263","1743","1279","1326","1382",
"절도","부평","범죄 발생지","","","","","","","","","","","","1441","3482","2987","2484","2385","2648","2478",
"절도","계양","범죄 발생지","","","","","","","","","","","","965","1178","1313","1222","1117","1643","1379",
"절도","강화군","범죄 발생지","","","","","","","","","","","","26","85","9","90","146","79","154",
"절도","옹진군","범죄 발생지","","","","","","","","","","","","22","26","27","19","27","23","20",
"절도","동구","범죄 발생지","","","","","","","","","","","","1011","1212","673","1471","1503","1776","400",
"절도","서구","범죄 발생지","","","","","","","","","","","","712","1980","1491","2497","2837","3085","846",
"절도","남구","범죄 발생지","","","","","","","","","","","","768","1364","746","1400","1424","1611","490",
"절도","북구","범죄 발생지","","","","","","","","","","","","1518","3596","1842","3225","4154","3841","1205",
"절도","광산","범죄 발생지","","","","","","","","","","","","632","1149","971","2113","2255","1981","704",
"절도","중구","범죄 발생지","","","","","","","","","","","","781","790","1105","1951","2044","2633","844",
"절도","동구","범죄 발생지","","","","","","","","","","","","1063","709","774","1642","2140","2054","659",
"절도","서구","범죄 발생지","","","","","","","","","","","","1134","2088","1068","2412","2486","2950","924",
"절도","유성","범죄 발생지","","","","","","","","","","","","17","994","273","968","1412","1377","351",
"절도","대덕","범죄 발생지","","","","","","","","","","","","620","470","592","1305","1236","1685","223",
"절도","중구","범죄 발생지","","","","","","","","","","","","647","1215","1283","1977","1662","1909","1895",
"절도","동구","범죄 발생지","","","","","","","","","","","","714","425","372","1048","1243","838","1137",
"절도","남구","범죄 발생지","","","","","","","","","","","","1322","2080","2051","3861","3045","3137","2593",
"절도","북구","범죄 발생지","","","","","","","","","","","","334","415","414","834","737","746","974",
"절도","울주군","범죄 발생지","","","","","","","","","","","","442","665","562","1106","830","918","994",
"장물","종로","범죄 발생지","","","","","","","","","","","","19","68","52","67","41","86","86",
"장물","중구","범죄 발생지","","","","","","","","","","","","13","33","46","137","21","27","23",
"장물","용산","범죄 발생지","","","","","","","","","","","","21","39","25","48","16","35","47",
"장물","성동","범죄 발생지","","","","","","","","","","","","5","12","14","19","6","21","7",
"장물","광진","범죄 발생지","","","","","","","","","","","","6","11","30","29","11","19","22",
"장물","동대문","범죄 발생지","","","","","","","","","","","","14","84","37","36","17","23","25",
"장물","중랑","범죄 발생지","","","","","","","","","","","","8","32","14","18","25","20","16",
"장물","성북","범죄 발생지","","","","","","","","","","","","8","71","17","17","14","20","8",
"장물","강북","범죄 발생지","","","","","","","","","","","","8","10","15","21","11","6","9",
"장물","도봉","범죄 발생지","","","","","","","","","","","","6","5","10","11","11","13","5",
"장물","노원","범죄 발생지","","","","","","","","","","","","6","45","23","22","17","13","10",
"장물","은평","범죄 발생지","","","","","","","","","","","","5","20","15","14","11","19","9",
"장물","서대문","범죄 발생지","","","","","","","","","","","","7","9","10","9","5","14","13",
"장물","마포","범죄 발생지","","","","","","","","","","","","5","18","6","17","9","12","10",
"장물","양천","범죄 발생지","","","","","","","","","","","","8","13","6","11","7","11","8",
"장물","강서","범죄 발생지","","","","","","","","","","","","5","17","16","14","14","14","9",
"장물","구로","범죄 발생지","","","","","","","","","","","","7","21","16","15","3","14","24",
"장물","금천","범죄 발생지","","","","","","","","","","","","6","8","4","12","4","4","3",
"장물","영등포","범죄 발생지","","","","","","","","","","","","19","24","27","24","6","16","27",
"장물","동작","범죄 발생지","","","","","","","","","","","","2","12","9","7","7","7","7",
"장물","관악","범죄 발생지","","","","","","","","","","","","4","19","16","17","9","33","16",
"장물","서초","범죄 발생지","","","","","","","","","","","","19","32","27","29","16","12","22",
"장물","강남","범죄 발생지","","","","","","","","","","","","12","18","17","32","13","28","25",
"장물","송파","범죄 발생지","","","","","","","","","","","","10","20","17","22","6","16","19",
"장물","강동","범죄 발생지","","","","","","","","","","","","10","99","18","21","3","9","6",
"장물","중구","범죄 발생지","","","","","","","","","","","","6","24","15","15","5","19","26",
"장물","서구","범죄 발생지","","","","","","","","","","","","5","30","19","10","5","10","75",
"장물","동구","범죄 발생지","","","","","","","","","","","","151","122","77","8","16","12","29",
"장물","영도","범죄 발생지","","","","","","","","","","","","262","440","5","7","12","8","25",
"장물","부산진","범죄 발생지","","","","","","","","","","","","16","68","19","29","40","72","75",
"장물","동래","범죄 발생지","","","","","","","","","","","","10","7","10","22","9","40","20",
"장물","남구","범죄 발생지","","","","","","","","","","","","","5","5","7","6","19","17",
"장물","북구","범죄 발생지","","","","","","","","","","","","4","7","2","9","3","17","39",
"장물","해운대","범죄 발생지","","","","","","","","","","","","4","3","7","19","14","24","43",
"장물","사하","범죄 발생지","","","","","","","","","","","","9","141","12","6","7","23","44",
"장물","금정","범죄 발생지","","","","","","","","","","","","12","7","5","7","6","27","31",
"장물","강서","범죄 발생지","","","","","","","","","","","","2","","6","2","6","10","41",
"장물","연제","범죄 발생지","","","","","","","","","","","","8","3","3","7","7","9","11",
"장물","수영","범죄 발생지","","","","","","","","","","","","2","1","3","5","8","11","9",
"장물","사상","범죄 발생지","","","","","","","","","","","","15","4","4","10","7","38","60",
"장물","기장군","범죄 발생지","","","","","","","","","","","","","","3","2","2","7","10",
"장물","중구","범죄 발생지","","","","","","","","","","","","13","50","25","62","17","23","77",
"장물","동구","범죄 발생지","","","","","","","","","","","","14","16","12","24","17","20","41",
"장물","서구","범죄 발생지","","","","","","","","","","","","14","19","6","15","7","30","36",
"장물","남구","범죄 발생지","","","","","","","","","","","","14","21","12","10","9","12","22",
"장물","북구","범죄 발생지","","","","","","","","","","","","26","20","13","35","29","29","156",
"장물","수성","범죄 발생지","","","","","","","","","","","","8","14","19","5","7","11","17",
"장물","달서","범죄 발생지","","","","","","","","","","","","12","41","21","19","48","54","65",
"장물","달성군","범죄 발생지","","","","","","","","","","","","3","2","-","4","6","5","4",
"장물","중구","범죄 발생지","","","","","","","","","","","","11","8","7","8","13","7","30",
"장물","동구","범죄 발생지","","","","","","","","","","","","3","","4","5","4","3","3",
"장물","서구","범죄 발생지","","","","","","","","","","","","11","13","13","38","16","23","80",
"장물","미추홀","범죄 발생지","","","","","","","","","","","","7","12","11","25","22","20","60",
"장물","연수","범죄 발생지","","","","","","","","","","","","3","7","4","15","2","16","11",
"장물","남동","범죄 발생지","","","","","","","","","","","","5","6","12","20","15","14","36",
"장물","부평","범죄 발생지","","","","","","","","","","","","13","13","22","24","29","34","109",
"장물","계양","범죄 발생지","","","","","","","","","","","","17","17","6","46","7","18","47",
"장물","강화군","범죄 발생지","","","","","","","","","","","","","","-","-","-","-","-",
"장물","옹진군","범죄 발생지","","","","","","","","","","","","","","2","-","1","-","1",
"장물","동구","범죄 발생지","","","","","","","","","","","","2","5","1","14","30","19","4",
"장물","서구","범죄 발생지","","","","","","","","","","","","14","8","3","10","3","34","2",
"장물","남구","범죄 발생지","","","","","","","","","","","","4","5","5","13","4","9","4",
"장물","북구","범죄 발생지","","","","","","","","","","","","8","12","4","15","10","25","15",
"장물","광산","범죄 발생지","","","","","","","","","","","","4","2","2","9","4","11","3",
"장물","중구","범죄 발생지","","","","","","","","","","","","2","5","4","22","11","14","1",
"장물","동구","범죄 발생지","","","","","","","","","","","","9","13","3","51","14","67","6",
"장물","서구","범죄 발생지","","","","","","","","","","","","7","7","5","23","26","22","12",
"장물","유성","범죄 발생지","","","","","","","","","","","","","7","11","17","4","12","-",
"장물","대덕","범죄 발생지","","","","","","","","","","","","3","9","-","7","6","23","2",
"장물","중구","범죄 발생지","","","","","","","","","","","","5","8","5","11","8","3","7",
"장물","동구","범죄 발생지","","","","","","","","","","","","","","3","1","6","4","9",
"장물","남구","범죄 발생지","","","","","","","","","","","","11","13","22","18","22","7","6",
"장물","북구","범죄 발생지","","","","","","","","","","","","","18","6","4","3","1","5",
"장물","울주군","범죄 발생지","","","","","","","","","","","","3","1","3","10","8","7","6",
"사기","종로","범죄 발생지","","","","","","","","","","","","2248","1998","2080","1835","2257","2170","1769",
"사기","중구","범죄 발생지","","","","","","","","","","","","4597","2895","2642","2364","2284","2851","2360",
"사기","용산","범죄 발생지","","","","","","","","","","","","1835","1774","1429","1264","1349","1673","1467",
"사기","성동","범죄 발생지","","","","","","","","","","","","1303","1122","1083","993","1032","1251","1012",
"사기","광진","범죄 발생지","","","","","","","","","","","","2133","2032","1504","1405","1296","1532","1818",
"사기","동대문","범죄 발생지","","","","","","","","","","","","3045","2514","2087","1999","2159","2292","2103",
"사기","중랑","범죄 발생지","","","","","","","","","","","","1740","1531","1436","1305","1578","1968","1614",
"사기","성북","범죄 발생지","","","","","","","","","","","","1420","1189","1171","1055","1043","1226","1127",
"사기","강북","범죄 발생지","","","","","","","","","","","","2265","1935","2049","1531","1471","1776","1688",
"사기","도봉","범죄 발생지","","","","","","","","","","","","1233","1341","1270","1037","993","1258","1072",
"사기","노원","범죄 발생지","","","","","","","","","","","","1922","1521","1714","1474","1454","1648","1457",
"사기","은평","범죄 발생지","","","","","","","","","","","","1526","1626","1461","1269","1205","1369","1246",
"사기","서대문","범죄 발생지","","","","","","","","","","","","1670","1665","1494","1462","1479","1632","1489",
"사기","마포","범죄 발생지","","","","","","","","","","","","1729","1431","1303","1170","1140","1561","1459",
"사기","양천","범죄 발생지","","","","","","","","","","","","2884","3009","2925","2014","1972","2000","1674",
"사기","강서","범죄 발생지","","","","","","","","","","","","3538","3421","3035","2394","2311","2977","2415",
"사기","구로","범죄 발생지","","","","","","","","","","","","2013","1681","1725","1732","1819","1889","1845",
"사기","금천","범죄 발생지","","","","","","","","","","","","1114","1034","903","869","986","1012","1189",
"사기","영등포","범죄 발생지","","","","","","","","","","","","2972","2824","3014","2591","2677","2890","2746",
"사기","동작","범죄 발생지","","","","","","","","","","","","1485","1483","1590","1437","1620","1777","1651",
"사기","관악","범죄 발생지","","","","","","","","","","","","1837","1698","1783","1635","1735","2039","1944",
"사기","서초","범죄 발생지","","","","","","","","","","","","5781","5642","5568","5197","5280","5947","5243",
"사기","강남","범죄 발생지","","","","","","","","","","","","7558","6597","6770","6160","6935","8999","8489",
"사기","송파","범죄 발생지","","","","","","","","","","","","2937","2405","2229","2148","2155","3088","2647",
"사기","강동","범죄 발생지","","","","","","","","","","","","1821","1374","1313","1231","1319","1591","1553",
"사기","중구","범죄 발생지","","","","","","","","","","","","1102","831","774","649","706","750","723",
"사기","서구","범죄 발생지","","","","","","","","","","","","2347","1551","969","826","861","699","475",
"사기","동구","범죄 발생지","","","","","","","","","","","","2511","1766","1238","995","1016","1186","1051",
"사기","영도","범죄 발생지","","","","","","","","","","","","474","365","420","1011","2320","661","383",
"사기","부산진","범죄 발생지","","","","","","","","","","","","3640","2530","2490","2458","3269","3444","2802",
"사기","동래","범죄 발생지","","","","","","","","","","","","1718","1197","1136","1093","1259","1285","1145",
"사기","남구","범죄 발생지","","","","","","","","","","","","2207","1167","1082","764","830","1150","935",
"사기","북구","범죄 발생지","","","","","","","","","","","","2225","1658","1061","874","1191","1101","842",
"사기","해운대","범죄 발생지","","","","","","","","","","","","1401","1042","1243","1350","2002","2093","1936",
"사기","사하","범죄 발생지","","","","","","","","","","","","1231","843","906","2517","995","1247","983",
"사기","금정","범죄 발생지","","","","","","","","","","","","1376","1132","1037","890","928","951","823",
"사기","강서","범죄 발생지","","","","","","","","","","","","283","373","296","326","419","530","432",
"사기","연제","범죄 발생지","","","","","","","","","","","","1440","1252","1211","1306","1529","1565","1269",
"사기","수영","범죄 발생지","","","","","","","","","","","","714","622","664","646","628","775","676",
"사기","사상","범죄 발생지","","","","","","","","","","","","1174","970","1234","1244","1994","1676","1340",
"사기","기장군","범죄 발생지","","","","","","","","","","","","271","206","251","238","238","409","282",
"사기","중구","범죄 발생지","","","","","","","","","","","","1520","1052","955","858","915","837","952",
"사기","동구","범죄 발생지","","","","","","","","","","","","1527","1346","1279","1113","1273","1339","1427",
"사기","서구","범죄 발생지","","","","","","","","","","","","974","850","884","721","780","835","805",
"사기","남구","범죄 발생지","","","","","","","","","","","","1189","913","878","824","887","946","820",
"사기","북구","범죄 발생지","","","","","","","","","","","","1261","1029","1027","1137","1128","1169","975",
"사기","수성","범죄 발생지","","","","","","","","","","","","2363","1801","1591","1350","2099","1740","1497",
"사기","달서","범죄 발생지","","","","","","","","","","","","2206","1575","1710","1664","1977","2096","1927",
"사기","달성군","범죄 발생지","","","","","","","","","","","","439","315","69","364","305","321","313",
"사기","중구","범죄 발생지","","","","","","","","","","","","514","477","462","478","425","501","1254",
"사기","동구","범죄 발생지","","","","","","","","","","","","215","247","214","147","147","212","151",
"사기","서구","범죄 발생지","","","","","","","","","","","","862","833","913","699","789","904","1002",
"사기","미추홀","범죄 발생지","","","","","","","","","","","","1628","1641","1528","1486","1665","1706","1916",
"사기","연수","범죄 발생지","","","","","","","","","","","","1105","597","537","503","598","670","824",
"사기","남동","범죄 발생지","","","","","","","","","","","","1577","1524","1372","1317","1456","1532","1558",
"사기","부평","범죄 발생지","","","","","","","","","","","","2416","1495","1572","1262","1376","1757","1757",
"사기","계양","범죄 발생지","","","","","","","","","","","","777","704","733","646","820","856","927",
"사기","강화군","범죄 발생지","","","","","","","","","","","","135","219","39","179","216","256","251",
"사기","옹진군","범죄 발생지","","","","","","","","","","","","43","76","35","40","47","52","31",
"사기","동구","범죄 발생지","","","","","","","","","","","","1384","1274","623","1380","2090","1473","575",
"사기","서구","범죄 발생지","","","","","","","","","","","","906","872","605","1260","1393","1341","376",
"사기","남구","범죄 발생지","","","","","","","","","","","","579","624","333","686","827","675","246",
"사기","북구","범죄 발생지","","","","","","","","","","","","1382","1477","841","1589","1633","1414","635",
"사기","광산","범죄 발생지","","","","","","","","","","","","1340","1062","505","966","1269","1202","461",
"사기","중구","범죄 발생지","","","","","","","","","","","","938","996","517","983","1072","1025","319",
"사기","동구","범죄 발생지","","","","","","","","","","","","834","803","405","693","780","938","296",
"사기","서구","범죄 발생지","","","","","","","","","","","","1608","1722","1080","1755","1699","1773","553",
"사기","유성","범죄 발생지","","","","","","","","","","","","191","784","408","725","809","847","291",
"사기","대덕","범죄 발생지","","","","","","","","","","","","530","699","317","568","627","699","197",
"사기","중구","범죄 발생지","","","","","","","","","","","","803","721","760","589","669","983","549",
"사기","동구","범죄 발생지","","","","","","","","","","","","442","370","388","341","350","352","355",
"사기","남구","범죄 발생지","","","","","","","","","","","","2374","1792","1775","1642","1798","1715","1583",
"사기","북구","범죄 발생지","","","","","","","","","","","","760","222","273","320","306","317","316",
"사기","울주군","범죄 발생지","","","","","","","","","","","","500","915","464","393","553","716","551",
"횡령","종로","범죄 발생지","","","","","","","","","","","","252","230","255","259","226","260","265",
"횡령","중구","범죄 발생지","","","","","","","","","","","","453","365","325","303","272","302","280",
"횡령","용산","범죄 발생지","","","","","","","","","","","","193","176","163","163","174","231","209",
"횡령","성동","범죄 발생지","","","","","","","","","","","","154","156","158","161","156","161","159",
"횡령","광진","범죄 발생지","","","","","","","","","","","","273","246","198","186","157","185","208",
"횡령","동대문","범죄 발생지","","","","","","","","","","","","369","273","238","251","236","222","233",
"횡령","중랑","범죄 발생지","","","","","","","","","","","","194","203","207","154","161","229","166",
"횡령","성북","범죄 발생지","","","","","","","","","","","","236","258","206","118","133","142","153",
"횡령","강북","범죄 발생지","","","","","","","","","","","","231","215","180","152","181","161","223",
"횡령","도봉","범죄 발생지","","","","","","","","","","","","150","151","126","134","118","129","167",
"횡령","노원","범죄 발생지","","","","","","","","","","","","246","249","225","186","193","227","173",
"횡령","은평","범죄 발생지","","","","","","","","","","","","179","208","156","128","143","125","132",
"횡령","서대문","범죄 발생지","","","","","","","","","","","","202","180","159","185","160","224","166",
"횡령","마포","범죄 발생지","","","","","","","","","","","","192","203","187","174","177","165","224",
"횡령","양천","범죄 발생지","","","","","","","","","","","","338","386","325","241","228","287","242",
"횡령","강서","범죄 발생지","","","","","","","","","","","","418","350","328","284","282","308","338",
"횡령","구로","범죄 발생지","","","","","","","","","","","","210","189","216","215","207","267","241",
"횡령","금천","범죄 발생지","","","","","","","","","","","","128","130","127","123","116","126","118",
"횡령","영등포","범죄 발생지","","","","","","","","","","","","338","368","368","330","311","353","361",
"횡령","동작","범죄 발생지","","","","","","","","","","","","144","167","159","148","152","177","168",
"횡령","관악","범죄 발생지","","","","","","","","","","","","194","187","180","183","158","160","186",
"횡령","서초","범죄 발생지","","","","","","","","","","","","632","715","601","607","587","698","618",
"횡령","강남","범죄 발생지","","","","","","","","","","","","782","724","669","714","800","1062","973",
"횡령","송파","범죄 발생지","","","","","","","","","","","","367","337","281","276","286","372","383",
"횡령","강동","범죄 발생지","","","","","","","","","","","","198","178","147","163","168","186","195",
"횡령","중구","범죄 발생지","","","","","","","","","","","","121","84","95","65","48","71","68",
"횡령","서구","범죄 발생지","","","","","","","","","","","","223","203","113","92","169","59","59",
"횡령","동구","범죄 발생지","","","","","","","","","","","","206","179","147","88","85","123","103",
"횡령","영도","범죄 발생지","","","","","","","","","","","","69","74","47","58","692","60","42",
"횡령","부산진","범죄 발생지","","","","","","","","","","","","343","320","286","241","287","309","273",
"횡령","동래","범죄 발생지","","","","","","","","","","","","179","161","122","109","120","115","123",
"횡령","남구","범죄 발생지","","","","","","","","","","","","241","154","161","104","108","121","95",
"횡령","북구","범죄 발생지","","","","","","","","","","","","272","203","118","117","85","107","87",
"횡령","해운대","범죄 발생지","","","","","","","","","","","","156","132","143","150","181","188","238",
"횡령","사하","범죄 발생지","","","","","","","","","","","","163","131","114","99","443","116","102",
"횡령","금정","범죄 발생지","","","","","","","","","","","","151","151","151","105","124","148","91",
"횡령","강서","범죄 발생지","","","","","","","","","","","","61","43","69","63","76","74","79",
"횡령","연제","범죄 발생지","","","","","","","","","","","","138","143","140","124","138","119","140",
"횡령","수영","범죄 발생지","","","","","","","","","","","","78","85","81","75","96","109","84",
"횡령","사상","범죄 발생지","","","","","","","","","","","","172","135","181","165","227","164","159",
"횡령","기장군","범죄 발생지","","","","","","","","","","","","65","31","30","32","28","434","53",
"횡령","중구","범죄 발생지","","","","","","","","","","","","130","120","101","94","102","105","104",
"횡령","동구","범죄 발생지","","","","","","","","","","","","182","174","121","111","104","102","104",
"횡령","서구","범죄 발생지","","","","","","","","","","","","113","104","75","66","94","85","84",
"횡령","남구","범죄 발생지","","","","","","","","","","","","97","71","104","73","80","108","69",
"횡령","북구","범죄 발생지","","","","","","","","","","","","151","142","126","120","133","120","140",
"횡령","수성","범죄 발생지","","","","","","","","","","","","221","234","198","152","152","198","133",
"횡령","달서","범죄 발생지","","","","","","","","","","","","272","239","244","219","205","195","184",
"횡령","달성군","범죄 발생지","","","","","","","","","","","","63","52","14","46","40","45","54",
"횡령","중구","범죄 발생지","","","","","","","","","","","","90","71","84","84","169","81","101",
"횡령","동구","범죄 발생지","","","","","","","","","","","","35","33","42","20","25","33","17",
"횡령","서구","범죄 발생지","","","","","","","","","","","","146","140","119","110","149","156","143",
"횡령","미추홀","범죄 발생지","","","","","","","","","","","","216","175","215","175","549","184","199",
"횡령","연수","범죄 발생지","","","","","","","","","","","","118","80","87","76","69","93","74",
"횡령","남동","범죄 발생지","","","","","","","","","","","","215","196","206","176","182","221","180",
"횡령","부평","범죄 발생지","","","","","","","","","","","","264","198","230","158","170","195","177",
"횡령","계양","범죄 발생지","","","","","","","","","","","","89","93","110","82","88","86","96",
"횡령","강화군","범죄 발생지","","","","","","","","","","","","10","24","2","30","19","29","35",
"횡령","옹진군","범죄 발생지","","","","","","","","","","","","15","2","6","14","7","8","5",
"횡령","동구","범죄 발생지","","","","","","","","","","","","89","107","56","109","116","108","28",
"횡령","서구","범죄 발생지","","","","","","","","","","","","93","105","61","146","157","162","64",
"횡령","남구","범죄 발생지","","","","","","","","","","","","45","59","39","82","87","77","29",
"횡령","북구","범죄 발생지","","","","","","","","","","","","137","173","84","179","193","160","65",
"횡령","광산","범죄 발생지","","","","","","","","","","","","158","154","84","131","152","140","54",
"횡령","중구","범죄 발생지","","","","","","","","","","","","100","121","46","83","123","129","34",
"횡령","동구","범죄 발생지","","","","","","","","","","","","104","84","61","89","78","73","32",
"횡령","서구","범죄 발생지","","","","","","","","","","","","176","198","126","202","208","204","72",
"횡령","유성","범죄 발생지","","","","","","","","","","","","12","107","61","111","130","79","41",
"횡령","대덕","범죄 발생지","","","","","","","","","","","","81","104","44","87","78","86","32",
"횡령","중구","범죄 발생지","","","","","","","","","","","","96","79","86","57","63","54","59",
"횡령","동구","범죄 발생지","","","","","","","","","","","","46","41","47","32","29","26","28",
"횡령","남구","범죄 발생지","","","","","","","","","","","","238","209","256","186","852","293","163",
"횡령","북구","범죄 발생지","","","","","","","","","","","","38","47","39","33","46","39","49",
"횡령","울주군","범죄 발생지","","","","","","","","","","","","67","58","69","57","80","138","79",
"배임","종로","범죄 발생지","","","","","","","","","","","","67","47","52","50","28","68","50",
"배임","중구","범죄 발생지","","","","","","","","","","","","119","90","62","79","49","63","76",
"배임","용산","범죄 발생지","","","","","","","","","","","","38","40","27","31","35","48","46",
"배임","성동","범죄 발생지","","","","","","","","","","","","34","41","46","25","32","22","24",
"배임","광진","범죄 발생지","","","","","","","","","","","","40","39","33","39","24","32","37",
"배임","동대문","범죄 발생지","","","","","","","","","","","","47","66","66","64","44","60","50",
"배임","중랑","범죄 발생지","","","","","","","","","","","","22","30","36","30","32","32","19",
"배임","성북","범죄 발생지","","","","","","","","","","","","36","46","37","41","40","29","30",
"배임","강북","범죄 발생지","","","","","","","","","","","","51","59","55","37","25","33","26",
"배임","도봉","범죄 발생지","","","","","","","","","","","","24","46","45","33","20","19","29",
"배임","노원","범죄 발생지","","","","","","","","","","","","57","51","45","60","45","48","44",
"배임","은평","범죄 발생지","","","","","","","","","","","","50","69","37","32","47","39","23",
"배임","서대문","범죄 발생지","","","","","","","","","","","","44","41","37","48","34","38","34",
"배임","마포","범죄 발생지","","","","","","","","","","","","56","45","51","30","37","55","52",
"배임","양천","범죄 발생지","","","","","","","","","","","","67","86","62","61","55","64","48",
"배임","강서","범죄 발생지","","","","","","","","","","","","78","70","63","54","46","46","56",
"배임","구로","범죄 발생지","","","","","","","","","","","","50","41","53","65","43","47","64",
"배임","금천","범죄 발생지","","","","","","","","","","","","26","30","26","24","26","17","31",
"배임","영등포","범죄 발생지","","","","","","","","","","","","80","76","108","93","80","74","75",
"배임","동작","범죄 발생지","","","","","","","","","","","","32","43","43","35","51","48","41",
"배임","관악","범죄 발생지","","","","","","","","","","","","42","36","24","55","39","38","30",
"배임","서초","범죄 발생지","","","","","","","","","","","","193","193","155","157","156","184","184",
"배임","강남","범죄 발생지","","","","","","","","","","","","207","225","167","186","193","261","220",
"배임","송파","범죄 발생지","","","","","","","","","","","","76","66","59","63","60","74","91",
"배임","강동","범죄 발생지","","","","","","","","","","","","35","35","32","39","25","30","22",
"배임","중구","범죄 발생지","","","","","","","","","","","","30","22","17","21","11","10","7",
"배임","서구","범죄 발생지","","","","","","","","","","","","51","23","22","22","36","17","1420",
"배임","동구","범죄 발생지","","","","","","","","","","","","36","35","33","19","14","14","15",
"배임","영도","범죄 발생지","","","","","","","","","","","","13","10","10","11","9","10","7",
"배임","부산진","범죄 발생지","","","","","","","","","","","","53","73","50","48","38","48","44",
"배임","동래","범죄 발생지","","","","","","","","","","","","31","33","24","27","21","16","21",
"배임","남구","범죄 발생지","","","","","","","","","","","","46","32","25","16","17","20","26",
"배임","북구","범죄 발생지","","","","","","","","","","","","33","36","22","34","15","18","18",
"배임","해운대","범죄 발생지","","","","","","","","","","","","33","38","32","27","46","46","34",
"배임","사하","범죄 발생지","","","","","","","","","","","","48","42","39","38","37","17","32",
"배임","금정","범죄 발생지","","","","","","","","","","","","15","22","27","16","16","16","18",
"배임","강서","범죄 발생지","","","","","","","","","","","","10","8","27","6","10","17","16",
"배임","연제","범죄 발생지","","","","","","","","","","","","23","41","42","31","34","27","27",
"배임","수영","범죄 발생지","","","","","","","","","","","","14","15","26","17","21","14","11",
"배임","사상","범죄 발생지","","","","","","","","","","","","27","18","28","27","29","32","24",
"배임","기장군","범죄 발생지","","","","","","","","","","","","124","12","6","3","7","11","8",
"배임","중구","범죄 발생지","","","","","","","","","","","","23","18","18","13","12","7","17",
"배임","동구","범죄 발생지","","","","","","","","","","","","21","29","22","17","14","16","10",
"배임","서구","범죄 발생지","","","","","","","","","","","","18","15","13","17","17","10","13",
"배임","남구","범죄 발생지","","","","","","","","","","","","12","13","14","12","6","7","7",
"배임","북구","범죄 발생지","","","","","","","","","","","","27","31","26","12","29","30","21",
"배임","수성","범죄 발생지","","","","","","","","","","","","62","44","43","26","31","31","23",
"배임","달서","범죄 발생지","","","","","","","","","","","","44","38","52","35","22","34","33",
"배임","달성군","범죄 발생지","","","","","","","","","","","","14","8","-","7","12","5","9",
"배임","중구","범죄 발생지","","","","","","","","","","","","15","15","113","15","18","32","10",
"배임","동구","범죄 발생지","","","","","","","","","","","","4","9","5","6","4","4","3",
"배임","서구","범죄 발생지","","","","","","","","","","","","25","37","29","22","25","31","28",
"배임","미추홀","범죄 발생지","","","","","","","","","","","","48","53","37","29","25","35","42",
"배임","연수","범죄 발생지","","","","","","","","","","","","45","12","18","15","37","16","14",
"배임","남동","범죄 발생지","","","","","","","","","","","","49","66","54","40","45","39","51",
"배임","부평","범죄 발생지","","","","","","","","","","","","53","40","45","27","23","29","29",
"배임","계양","범죄 발생지","","","","","","","","","","","","20","12","20","13","13","6","7",
"배임","강화군","범죄 발생지","","","","","","","","","","","","8","8","3","7","8","6","14",
"배임","옹진군","범죄 발생지","","","","","","","","","","","","2","3","4","8","3","5","1",
"배임","동구","범죄 발생지","","","","","","","","","","","","18","20","14","33","15","25","7",
"배임","서구","범죄 발생지","","","","","","","","","","","","15","12","6","21","24","22","4",
"배임","남구","범죄 발생지","","","","","","","","","","","","9","9","6","15","19","23","4",
"배임","북구","범죄 발생지","","","","","","","","","","","","19","25","12","25","24","24","4",
"배임","광산","범죄 발생지","","","","","","","","","","","","29","30","8","21","14","14","4",
"배임","중구","범죄 발생지","","","","","","","","","","","","17","23","3","14","18","27","9",
"배임","동구","범죄 발생지","","","","","","","","","","","","20","16","8","16","14","11","4",
"배임","서구","범죄 발생지","","","","","","","","","","","","30","45","25","60","51","53","38",
"배임","유성","범죄 발생지","","","","","","","","","","","","14","27","8","25","14","21","6",
"배임","대덕","범죄 발생지","","","","","","","","","","","","14","31","4","20","7","8","6",
"배임","중구","범죄 발생지","","","","","","","","","","","","22","11","14","12","14","5","12",
"배임","동구","범죄 발생지","","","","","","","","","","","","12","11","10","8","3","7","9",
"배임","남구","범죄 발생지","","","","","","","","","","","","38","62","42","33","33","30","29",
"배임","북구","범죄 발생지","","","","","","","","","","","","8","7","-","13","7","6","7",
"배임","울주군","범죄 발생지","","","","","","","","","","","","26","13","16","7","17","15","34",
"손괴","종로","범죄 발생지","","","","","","","","","","","","84","80","297","361","296","285","362",
"손괴","중구","범죄 발생지","","","","","","","","","","","","96","75","221","309","330","283","322",
"손괴","용산","범죄 발생지","","","","","","","","","","","","75","49","131","182","204","179","271",
"손괴","성동","범죄 발생지","","","","","","","","","","","","97","55","162","189","204","209","296",
"손괴","광진","범죄 발생지","","","","","","","","","","","","110","57","227","301","406","355","442",
"손괴","동대문","범죄 발생지","","","","","","","","","","","","82","75","210","270","308","251","296",
"손괴","중랑","범죄 발생지","","","","","","","","","","","","56","58","272","298","307","287","507",
"손괴","성북","범죄 발생지","","","","","","","","","","","","133","74","203","232","267","270","374",
"손괴","강북","범죄 발생지","","","","","","","","","","","","65","73","172","247","244","239","306",
"손괴","도봉","범죄 발생지","","","","","","","","","","","","33","46","142","203","222","183","222",
"손괴","노원","범죄 발생지","","","","","","","","","","","","106","87","267","341","265","271","316",
"손괴","은평","범죄 발생지","","","","","","","","","","","","96","66","255","325","373","339","383",
"손괴","서대문","범죄 발생지","","","","","","","","","","","","83","74","204","279","323","338","320",
"손괴","마포","범죄 발생지","","","","","","","","","","","","127","125","292","374","255","300","368",
"손괴","양천","범죄 발생지","","","","","","","","","","","","150","105","245","327","294","260","339",
"손괴","강서","범죄 발생지","","","","","","","","","","","","143","115","287","329","335","324","473",
"손괴","구로","범죄 발생지","","","","","","","","","","","","153","88","256","359","310","294","370",
"손괴","금천","범죄 발생지","","","","","","","","","","","","96","77","169","256","264","212","249",
"손괴","영등포","범죄 발생지","","","","","","","","","","","","98","102","278","398","403","350","513",
"손괴","동작","범죄 발생지","","","","","","","","","","","","85","65","190","204","228","206","297",
"손괴","관악","범죄 발생지","","","","","","","","","","","","129","122","328","430","457","438","472",
"손괴","서초","범죄 발생지","","","","","","","","","","","","116","101","273","357","297","279","396",
"손괴","강남","범죄 발생지","","","","","","","","","","","","154","168","402","506","589","699","776",
"손괴","송파","범죄 발생지","","","","","","","","","","","","173","159","307","419","396","410","589",
"손괴","강동","범죄 발생지","","","","","","","","","","","","72","54","215","271","269","319","453",
"손괴","중구","범죄 발생지","","","","","","","","","","","","27","18","83","74","82","174","97",
"손괴","서구","범죄 발생지","","","","","","","","","","","","34","35","91","97","106","103","106",
"손괴","동구","범죄 발생지","","","","","","","","","","","","55","41","78","148","126","183","124",
"손괴","영도","범죄 발생지","","","","","","","","","","","","21","29","64","82","97","97","125",
"손괴","부산진","범죄 발생지","","","","","","","","","","","","85","70","183","266","320","559","387",
"손괴","동래","범죄 발생지","","","","","","","","","","","","35","54","131","169","191","310","281",
"손괴","남구","범죄 발생지","","","","","","","","","","","","46","46","132","117","134","253","199",
"손괴","북구","범죄 발생지","","","","","","","","","","","","58","45","138","188","222","282","167",
"손괴","해운대","범죄 발생지","","","","","","","","","","","","63","40","198","246","219","393","382",
"손괴","사하","범죄 발생지","","","","","","","","","","","","34","34","99","175","234","260","256",
"손괴","금정","범죄 발생지","","","","","","","","","","","","35","34","105","118","171","205","248",
"손괴","강서","범죄 발생지","","","","","","","","","","","","5","14","20","29","29","56","45",
"손괴","연제","범죄 발생지","","","","","","","","","","","","31","40","88","155","150","261","205",
"손괴","수영","범죄 발생지","","","","","","","","","","","","35","49","101","108","109","165","163",
"손괴","사상","범죄 발생지","","","","","","","","","","","","48","47","128","133","145","257","181",
"손괴","기장군","범죄 발생지","","","","","","","","","","","","11","16","50","52","51","63","72",
"손괴","중구","범죄 발생지","","","","","","","","","","","","54","76","153","107","122","93","176",
"손괴","동구","범죄 발생지","","","","","","","","","","","","71","61","240","294","329","289","358",
"손괴","서구","범죄 발생지","","","","","","","","","","","","42","58","173","398","306","351","369",
"손괴","남구","범죄 발생지","","","","","","","","","","","","41","35","108","149","158","130","272",
"손괴","북구","범죄 발생지","","","","","","","","","","","","57","95","199","258","349","251","523",
"손괴","수성","범죄 발생지","","","","","","","","","","","","82","72","221","233","335","487","438",
"손괴","달서","범죄 발생지","","","","","","","","","","","","71","89","294","489","514","402","674",
"손괴","달성군","범죄 발생지","","","","","","","","","","","","13","21","5","42","45","48","88",
"손괴","중구","범죄 발생지","","","","","","","","","","","","21","33","99","87","80","115","89",
"손괴","동구","범죄 발생지","","","","","","","","","","","","17","35","56","55","50","49","33",
"손괴","서구","범죄 발생지","","","","","","","","","","","","66","104","260","284","303","328","306",
"손괴","미추홀","범죄 발생지","","","","","","","","","","","","119","131","350","412","358","361","319",
"손괴","연수","범죄 발생지","","","","","","","","","","","","29","52","160","189","196","300","232",
"손괴","남동","범죄 발생지","","","","","","","","","","","","129","181","365","372","364","354","345",
"손괴","부평","범죄 발생지","","","","","","","","","","","","86","145","424","540","479","563","497",
"손괴","계양","범죄 발생지","","","","","","","","","","","","58","62","217","248","249","273","244",
"손괴","강화군","범죄 발생지","","","","","","","","","","","","9","26","6","57","43","45","57",
"손괴","옹진군","범죄 발생지","","","","","","","","","","","","8","5","14","9","3","10","15",
"손괴","동구","범죄 발생지","","","","","","","","","","","","39","38","100","248","212","253","65",
"손괴","서구","범죄 발생지","","","","","","","","","","","","39","120","164","386","479","491","132",
"손괴","남구","범죄 발생지","","","","","","","","","","","","96","151","130","245","236","174","36",
"손괴","북구","범죄 발생지","","","","","","","","","","","","79","301","141","343","245","600","174",
"손괴","광산","범죄 발생지","","","","","","","","","","","","117","166","164","363","390","314","75",
"손괴","중구","범죄 발생지","","","","","","","","","","","","25","17","89","236","223","321","119",
"손괴","동구","범죄 발생지","","","","","","","","","","","","56","40","60","117","150","179","79",
"손괴","서구","범죄 발생지","","","","","","","","","","","","34","58","58","171","184","238","101",
"손괴","유성","범죄 발생지","","","","","","","","","","","","3","21","44","71","89","106","32",
"손괴","대덕","범죄 발생지","","","","","","","","","","","","48","21","62","124","95","158","53",
"손괴","중구","범죄 발생지","","","","","","","","","","","","44","57","203","344","293","249","266",
"손괴","동구","범죄 발생지","","","","","","","","","","","","42","28","56","185","126","155","157",
"손괴","남구","범죄 발생지","","","","","","","","","","","","75","123","346","535","545","630","651",
"손괴","북구","범죄 발생지","","","","","","","","","","","","23","28","62","98","99","78","108",
"손괴","울주군","범죄 발생지","","","","","","","","","","","","38","62","139","227","233","173","223",
"살인","종로","범죄 발생지","","","","","","","","","","","","7","5","12","7","8","7","7",
"살인","중구","범죄 발생지","","","","","","","","","","","","8","6","6","6","5","3","8",
"살인","용산","범죄 발생지","","","","","","","","","","","","8","10","10","9","7","11","9",
"살인","성동","범죄 발생지","","","","","","","","","","","","4","7","6","5","2","12","11",
"살인","광진","범죄 발생지","","","","","","","","","","","","7","13","6","8","3","11","11",
"살인","동대문","범죄 발생지","","","","","","","","","","","","15","5","11","13","10","11","14",
"살인","중랑","범죄 발생지","","","","","","","","","","","","8","12","11","13","7","15","12",
"살인","성북","범죄 발생지","","","","","","","","","","","","11","9","11","12","10","5","15",
"살인","강북","범죄 발생지","","","","","","","","","","","","13","12","4","13","8","7","7",
"살인","도봉","범죄 발생지","","","","","","","","","","","","5","4","10","4","9","7","5",
"살인","노원","범죄 발생지","","","","","","","","","","","","7","14","6","11","4","12","16",
"살인","은평","범죄 발생지","","","","","","","","","","","","8","11","5","11","10","9","11",
"살인","서대문","범죄 발생지","","","","","","","","","","","","7","7","7","3","8","9","18",
"살인","마포","범죄 발생지","","","","","","","","","","","","23","4","4","6","7","5","1",
"살인","양천","범죄 발생지","","","","","","","","","","","","8","11","4","8","11","8","9",
"살인","강서","범죄 발생지","","","","","","","","","","","","9","11","17","4","18","10","7",
"살인","구로","범죄 발생지","","","","","","","","","","","","14","11","16","19","23","16","17",
"살인","금천","범죄 발생지","","","","","","","","","","","","7","8","5","6","3","7","8",
"살인","영등포","범죄 발생지","","","","","","","","","","","","15","11","12","14","18","24","34",
"살인","동작","범죄 발생지","","","","","","","","","","","","13","9","6","3","9","9","8",
"살인","관악","범죄 발생지","","","","","","","","","","","","3","8","5","14","10","11","13",
"살인","서초","범죄 발생지","","","","","","","","","","","","4","9","3","6","1","10","10",
"살인","강남","범죄 발생지","","","","","","","","","","","","11","10","8","11","13","16","15",
"살인","송파","범죄 발생지","","","","","","","","","","","","7","13","7","8","10","8","9",
"살인","강동","범죄 발생지","","","","","","","","","","","","7","8","4","7","8","6","18",
"살인","중구","범죄 발생지","","","","","","","","","","","","4","4","3","3","2","4","5",
"살인","서구","범죄 발생지","","","","","","","","","","","","4","7","5","2","5","7","4",
"살인","동구","범죄 발생지","","","","","","","","","","","","5","2","2","1","3","3","10",
"살인","영도","범죄 발생지","","","","","","","","","","","","5","7","7","-","5","10","2",
"살인","부산진","범죄 발생지","","","","","","","","","","","","11","20","16","11","9","22","10",
"살인","동래","범죄 발생지","","","","","","","","","","","","3","4","10","3","13","7","7",
"살인","남구","범죄 발생지","","","","","","","","","","","","8","3","8","7","12","14","13",
"살인","북구","범죄 발생지","","","","","","","","","","","","6","8","12","3","9","18","15",
"살인","해운대","범죄 발생지","","","","","","","","","","","","13","9","12","8","14","26","16",
"살인","사하","범죄 발생지","","","","","","","","","","","","9","9","10","6","8","6","11",
"살인","금정","범죄 발생지","","","","","","","","","","","","9","5","3","8","6","6","4",
"살인","강서","범죄 발생지","","","","","","","","","","","","2","3","-","3","3","2","4",
"살인","연제","범죄 발생지","","","","","","","","","","","","9","6","5","5","4","5","2",
"살인","수영","범죄 발생지","","","","","","","","","","","","4","4","5","1","8","11","10",
"살인","사상","범죄 발생지","","","","","","","","","","","","18","8","12","16","7","10","8",
"살인","기장군","범죄 발생지","","","","","","","","","","","","2","3","4","7","2","12","6",
"살인","중구","범죄 발생지","","","","","","","","","","","","1","6","4","3","6","5","3",
"살인","동구","범죄 발생지","","","","","","","","","","","","7","4","4","6","6","14","8",
"살인","서구","범죄 발생지","","","","","","","","","","","","6","7","6","3","4","10","2",
"살인","남구","범죄 발생지","","","","","","","","","","","","1","4","4","2","1","8","5",
"살인","북구","범죄 발생지","","","","","","","","","","","","3","5","9","7","3","7","9",
"살인","수성","범죄 발생지","","","","","","","","","","","","9","3","4","3","5","11","5",
"살인","달서","범죄 발생지","","","","","","","","","","","","9","9","8","6","10","12","8",
"살인","달성군","범죄 발생지","","","","","","","","","","","","5","4","3","4","1","3","7",
"살인","중구","범죄 발생지","","","","","","","","","","","","3","3","2","7","5","2","10",
"살인","동구","범죄 발생지","","","","","","","","","","","","1","4","1","3","2","1","5",
"살인","서구","범죄 발생지","","","","","","","","","","","","5","8","5","11","9","8","10",
"살인","미추홀","범죄 발생지","","","","","","","","","","","","9","6","11","13","7","16","9",
"살인","연수","범죄 발생지","","","","","","","","","","","","2","5","5","-","7","7","5",
"살인","남동","범죄 발생지","","","","","","","","","","","","8","2","12","14","9","17","12",
"살인","부평","범죄 발생지","","","","","","","","","","","","8","4","13","13","9","11","4",
"살인","계양","범죄 발생지","","","","","","","","","","","","3","7","13","4","9","6","10",
"살인","강화군","범죄 발생지","","","","","","","","","","","","3","3","-","1","-","2","1",
"살인","옹진군","범죄 발생지","","","","","","","","","","","","","","-","-","-","3","-",
"살인","동구","범죄 발생지","","","","","","","","","","","","3","2","4","4","3","3","1",
"살인","서구","범죄 발생지","","","","","","","","","","","","7","14","3","5","6","5","3",
"살인","남구","범죄 발생지","","","","","","","","","","","","1","4","1","2","2","1","2",
"살인","북구","범죄 발생지","","","","","","","","","","","","6","11","2","11","7","15","3",
"살인","광산","범죄 발생지","","","","","","","","","","","","6","6","2","4","1","8","4",
"살인","중구","범죄 발생지","","","","","","","","","","","","6","6","8","13","5","9","3",
"살인","동구","범죄 발생지","","","","","","","","","","","","12","8","4","10","7","15","6",
"살인","서구","범죄 발생지","","","","","","","","","","","","11","10","16","9","10","13","4",
"살인","유성","범죄 발생지","","","","","","","","","","","","","1","3","5","-","4","-",
"살인","대덕","범죄 발생지","","","","","","","","","","","","4","2","2","10","8","12","5",
"살인","중구","범죄 발생지","","","","","","","","","","","","1","1","4","6","5","4","4",
"살인","동구","범죄 발생지","","","","","","","","","","","","","4","2","7","5","5","4",
"살인","남구","범죄 발생지","","","","","","","","","","","","7","4","5","9","12","6","8",
"살인","북구","범죄 발생지","","","","","","","","","","","","3","1","2","3","1","5","3",
"살인","울주군","범죄 발생지","","","","","","","","","","","","10","4","2","4","3","2","4",
"강도","종로","범죄 발생지","","","","","","","","","","","","35","45","42","41","29","64","32",
"강도","중구","범죄 발생지","","","","","","","","","","","","54","35","39","30","30","44","27",
"강도","용산","범죄 발생지","","","","","","","","","","","","51","57","40","25","19","45","40",
"강도","성동","범죄 발생지","","","","","","","","","","","","40","61","42","25","33","51","29",
"강도","광진","범죄 발생지","","","","","","","","","","","","55","56","69","52","48","53","52",
"강도","동대문","범죄 발생지","","","","","","","","","","","","86","62","40","40","38","81","57",
"강도","중랑","범죄 발생지","","","","","","","","","","","","48","74","53","40","30","76","33",
"강도","성북","범죄 발생지","","","","","","","","","","","","58","48","48","39","45","64","34",
"강도","강북","범죄 발생지","","","","","","","","","","","","43","35","72","47","40","70","35",
"강도","도봉","범죄 발생지","","","","","","","","","","","","36","17","24","27","24","30","16",
"강도","노원","범죄 발생지","","","","","","","","","","","","24","27","28","42","26","44","38",
"강도","은평","범죄 발생지","","","","","","","","","","","","41","43","36","36","31","57","32",
"강도","서대문","범죄 발생지","","","","","","","","","","","","60","52","29","20","35","66","28",
"강도","마포","범죄 발생지","","","","","","","","","","","","75","73","45","30","24","30","27",
"강도","양천","범죄 발생지","","","","","","","","","","","","36","40","46","25","37","35","33",
"강도","강서","범죄 발생지","","","","","","","","","","","","84","84","42","59","36","79","61",
"강도","구로","범죄 발생지","","","","","","","","","","","","46","61","36","52","60","53","39",
"강도","금천","범죄 발생지","","","","","","","","","","","","54","99","25","28","29","48","36",
"강도","영등포","범죄 발생지","","","","","","","","","","","","86","74","55","51","43","70","73",
"강도","동작","범죄 발생지","","","","","","","","","","","","40","53","40","23","28","47","36",
"강도","관악","범죄 발생지","","","","","","","","","","","","86","96","70","90","35","85","57",
"강도","서초","범죄 발생지","","","","","","","","","","","","224","65","82","70","40","76","45",
"강도","강남","범죄 발생지","","","","","","","","","","","","114","148","91","96","88","130","83",
"강도","송파","범죄 발생지","","","","","","","","","","","","93","67","53","65","54","81","47",
"강도","강동","범죄 발생지","","","","","","","","","","","","62","35","35","35","52","39","36",
"강도","중구","범죄 발생지","","","","","","","","","","","","13","16","17","16","12","34","11",
"강도","서구","범죄 발생지","","","","","","","","","","","","20","21","8","12","17","20","23",
"강도","동구","범죄 발생지","","","","","","","","","","","","21","23","13","14","26","30","20",
"강도","영도","범죄 발생지","","","","","","","","","","","","14","15","12","16","7","20","7",
"강도","부산진","범죄 발생지","","","","","","","","","","","","39","49","127","69","100","91","71",
"강도","동래","범죄 발생지","","","","","","","","","","","","22","16","12","29","24","44","34",
"강도","남구","범죄 발생지","","","","","","","","","","","","35","37","31","18","75","124","44",
"강도","북구","범죄 발생지","","","","","","","","","","","","40","24","35","24","26","55","69",
"강도","해운대","범죄 발생지","","","","","","","","","","","","26","19","46","41","57","131","52",
"강도","사하","범죄 발생지","","","","","","","","","","","","43","25","28","18","21","49","31",
"강도","금정","범죄 발생지","","","","","","","","","","","","38","18","30","24","31","93","31",
"강도","강서","범죄 발생지","","","","","","","","","","","","7","","6","10","7","9","4",
"강도","연제","범죄 발생지","","","","","","","","","","","","31","33","24","19","15","71","14",
"강도","수영","범죄 발생지","","","","","","","","","","","","25","19","15","11","23","43","18",
"강도","사상","범죄 발생지","","","","","","","","","","","","24","33","40","29","45","54","47",
"강도","기장군","범죄 발생지","","","","","","","","","","","","12","2","6","6","6","8","8",
"강도","중구","범죄 발생지","","","","","","","","","","","","23","15","17","20","14","16","23",
"강도","동구","범죄 발생지","","","","","","","","","","","","20","24","33","30","28","42","27",
"강도","서구","범죄 발생지","","","","","","","","","","","","42","35","23","45","39","35","22",
"강도","남구","범죄 발생지","","","","","","","","","","","","26","35","14","18","37","36","24",
"강도","북구","범죄 발생지","","","","","","","","","","","","44","39","17","29","35","41","26",
"강도","수성","범죄 발생지","","","","","","","","","","","","29","44","40","25","21","32","22",
"강도","달서","범죄 발생지","","","","","","","","","","","","63","52","52","40","40","47","36",
"강도","달성군","범죄 발생지","","","","","","","","","","","","4","2","2","8","3","7","2",
"강도","중구","범죄 발생지","","","","","","","","","","","","18","20","13","12","16","15","19",
"강도","동구","범죄 발생지","","","","","","","","","","","","7","7","7","14","11","4","5",
"강도","서구","범죄 발생지","","","","","","","","","","","","40","25","21","15","22","39","38",
"강도","미추홀","범죄 발생지","","","","","","","","","","","","66","50","41","65","56","82","52",
"강도","연수","범죄 발생지","","","","","","","","","","","","30","22","14","24","22","33","17",
"강도","남동","범죄 발생지","","","","","","","","","","","","50","49","30","31","42","55","56",
"강도","부평","범죄 발생지","","","","","","","","","","","","79","95","64","97","63","91","89",
"강도","계양","범죄 발생지","","","","","","","","","","","","40","31","36","30","41","47","20",
"강도","강화군","범죄 발생지","","","","","","","","","","","","1","3","-","3","2","1","2",
"강도","옹진군","범죄 발생지","","","","","","","","","","","","1","","-","-","1","-","2",
"강도","동구","범죄 발생지","","","","","","","","","","","","42","30","8","20","11","17","11",
"강도","서구","범죄 발생지","","","","","","","","","","","","58","40","11","26","19","31","21",
"강도","남구","범죄 발생지","","","","","","","","","","","","25","29","5","21","21","10","8",
"강도","북구","범죄 발생지","","","","","","","","","","","","87","47","31","65","41","56","28",
"강도","광산","범죄 발생지","","","","","","","","","","","","26","21","7","35","17","16","5",
"강도","중구","범죄 발생지","","","","","","","","","","","","55","50","25","44","55","91","23",
"강도","동구","범죄 발생지","","","","","","","","","","","","56","40","27","37","44","53","11",
"강도","서구","범죄 발생지","","","","","","","","","","","","79","92","45","48","113","88","12",
"강도","유성","범죄 발생지","","","","","","","","","","","","1","47","13","17","163","35","6",
"강도","대덕","범죄 발생지","","","","","","","","","","","","13","27","16","17","65","44","11",
"강도","중구","범죄 발생지","","","","","","","","","","","","21","25","19","37","40","42","21",
"강도","동구","범죄 발생지","","","","","","","","","","","","19","12","11","17","17","19","14",
"강도","남구","범죄 발생지","","","","","","","","","","","","80","53","48","109","56","65","34",
"강도","북구","범죄 발생지","","","","","","","","","","","","11","4","7","6","9","11","9",
"강도","울주군","범죄 발생지","","","","","","","","","","","","7","14","11","5","14","6","10",
"방화","종로","범죄 발생지","","","","","","","","","","","","11","12","7","4","13","12","28",
"방화","중구","범죄 발생지","","","","","","","","","","","","16","14","12","21","21","43","11",
"방화","용산","범죄 발생지","","","","","","","","","","","","13","10","12","6","21","7","5",
"방화","성동","범죄 발생지","","","","","","","","","","","","9","13","10","16","10","11","7",
"방화","광진","범죄 발생지","","","","","","","","","","","","13","6","14","11","7","17","13",
"방화","동대문","범죄 발생지","","","","","","","","","","","","22","32","19","29","24","11","17",
"방화","중랑","범죄 발생지","","","","","","","","","","","","9","19","20","8","10","11","31",
"방화","성북","범죄 발생지","","","","","","","","","","","","13","30","8","8","14","13","16",
"방화","강북","범죄 발생지","","","","","","","","","","","","10","19","9","14","14","20","17",
"방화","도봉","범죄 발생지","","","","","","","","","","","","10","9","25","6","17","10","8",
"방화","노원","범죄 발생지","","","","","","","","","","","","17","11","15","17","15","15","23",
"방화","은평","범죄 발생지","","","","","","","","","","","","5","16","15","16","10","12","13",
"방화","서대문","범죄 발생지","","","","","","","","","","","","6","15","29","23","13","3","8",
"방화","마포","범죄 발생지","","","","","","","","","","","","3","17","9","11","39","6","3",
"방화","양천","범죄 발생지","","","","","","","","","","","","13","13","9","6","21","15","10",
"방화","강서","범죄 발생지","","","","","","","","","","","","22","11","7","5","10","15","15",
"방화","구로","범죄 발생지","","","","","","","","","","","","19","10","17","12","10","16","15",
"방화","금천","범죄 발생지","","","","","","","","","","","","8","11","8","5","11","5","14",
"방화","영등포","범죄 발생지","","","","","","","","","","","","20","21","16","16","22","9","20",
"방화","동작","범죄 발생지","","","","","","","","","","","","12","8","4","10","9","14","14",
"방화","관악","범죄 발생지","","","","","","","","","","","","23","18","15","19","14","12","15",
"방화","서초","범죄 발생지","","","","","","","","","","","","9","8","8","23","22","16","14",
"방화","강남","범죄 발생지","","","","","","","","","","","","5","18","14","8","15","18","11",
"방화","송파","범죄 발생지","","","","","","","","","","","","10","13","10","12","12","17","14",
"방화","강동","범죄 발생지","","","","","","","","","","","","11","18","7","23","15","11","21",
"방화","중구","범죄 발생지","","","","","","","","","","","","5","4","7","3","9","7","7",
"방화","서구","범죄 발생지","","","","","","","","","","","","6","3","4","2","14","6","6",
"방화","동구","범죄 발생지","","","","","","","","","","","","7","12","12","11","3","9","15",
"방화","영도","범죄 발생지","","","","","","","","","","","","2","6","12","10","-","12","11",
"방화","부산진","범죄 발생지","","","","","","","","","","","","17","13","13","15","34","18","25",
"방화","동래","범죄 발생지","","","","","","","","","","","","17","8","4","7","6","3","9",
"방화","남구","범죄 발생지","","","","","","","","","","","","11","8","17","9","9","16","8",
"방화","북구","범죄 발생지","","","","","","","","","","","","12","16","11","10","9","20","12",
"방화","해운대","범죄 발생지","","","","","","","","","","","","17","7","15","5","4","9","10",
"방화","사하","범죄 발생지","","","","","","","","","","","","5","11","14","8","12","7","6",
"방화","금정","범죄 발생지","","","","","","","","","","","","8","7","7","9","8","11","18",
"방화","강서","범죄 발생지","","","","","","","","","","","","6","2","2","5","3","1","3",
"방화","연제","범죄 발생지","","","","","","","","","","","","10","3","2","8","5","9","6",
"방화","수영","범죄 발생지","","","","","","","","","","","","4","8","13","6","10","6","4",
"방화","사상","범죄 발생지","","","","","","","","","","","","14","8","6","18","16","17","11",
"방화","기장군","범죄 발생지","","","","","","","","","","","","2","4","3","3","5","3","4",
"방화","중구","범죄 발생지","","","","","","","","","","","","5","9","8","6","14","6","6",
"방화","동구","범죄 발생지","","","","","","","","","","","","16","30","12","12","12","14","12",
"방화","서구","범죄 발생지","","","","","","","","","","","","13","9","13","19","11","19","6",
"방화","남구","범죄 발생지","","","","","","","","","","","","12","13","11","23","16","5","12",
"방화","북구","범죄 발생지","","","","","","","","","","","","12","14","11","12","13","14","10",
"방화","수성","범죄 발생지","","","","","","","","","","","","13","10","8","12","8","4","8",
"방화","달서","범죄 발생지","","","","","","","","","","","","22","22","13","48","20","37","16",
"방화","달성군","범죄 발생지","","","","","","","","","","","","9","7","2","5","6","4","5",
"방화","중구","범죄 발생지","","","","","","","","","","","","4","8","8","3","5","15","3",
"방화","동구","범죄 발생지","","","","","","","","","","","","3","","4","-","3","12","3",
"방화","서구","범죄 발생지","","","","","","","","","","","","27","14","17","19","21","14","20",
"방화","미추홀","범죄 발생지","","","","","","","","","","","","13","17","17","15","17","33","14",
"방화","연수","범죄 발생지","","","","","","","","","","","","16","10","9","9","14","9","6",
"방화","남동","범죄 발생지","","","","","","","","","","","","9","38","19","18","16","9","25",
"방화","부평","범죄 발생지","","","","","","","","","","","","24","36","39","36","29","13","33",
"방화","계양","범죄 발생지","","","","","","","","","","","","10","17","12","6","7","14","11",
"방화","강화군","범죄 발생지","","","","","","","","","","","","1","2","-","6","1","3","2",
"방화","옹진군","범죄 발생지","","","","","","","","","","","","","1","1","-","-","2","-",
"방화","동구","범죄 발생지","","","","","","","","","","","","6","4","5","10","15","4","3",
"방화","서구","범죄 발생지","","","","","","","","","","","","4","14","7","6","17","9","2",
"방화","남구","범죄 발생지","","","","","","","","","","","","6","2","4","5","4","6","3",
"방화","북구","범죄 발생지","","","","","","","","","","","","3","10","11","14","14","28","14",
"방화","광산","범죄 발생지","","","","","","","","","","","","4","6","2","3","10","6","-",
"방화","중구","범죄 발생지","","","","","","","","","","","","4","10","6","11","8","11","1",
"방화","동구","범죄 발생지","","","","","","","","","","","","10","8","4","7","13","10","2",
"방화","서구","범죄 발생지","","","","","","","","","","","","6","7","5","10","5","16","4",
"방화","유성","범죄 발생지","","","","","","","","","","","","","5","2","4","4","7","-",
"방화","대덕","범죄 발생지","","","","","","","","","","","","5","4","-","8","8","10","-",
"방화","중구","범죄 발생지","","","","","","","","","","","","5","6","13","5","10","7","6",
"방화","동구","범죄 발생지","","","","","","","","","","","","9","6","6","6","7","6","7",
"방화","남구","범죄 발생지","","","","","","","","","","","","17","12","16","21","17","14","10",
"방화","북구","범죄 발생지","","","","","","","","","","","","2","2","2","3","2","1","3",
"방화","울주군","범죄 발생지","","","","","","","","","","","","5","4","7","11","12","3","5",
"강간","종로","범죄 발생지","","","","","","","","","","","","148","173","198","164","163","164","226",
"강간","중구","범죄 발생지","","","","","","","","","","","","220","171","233","194","178","262","397",
"강간","용산","범죄 발생지","","","","","","","","","","","","74","82","81","117","81","103","142",
"강간","성동","범죄 발생지","","","","","","","","","","","","78","85","96","97","96","95","111",
"강간","광진","범죄 발생지","","","","","","","","","","","","111","128","136","160","160","195","249",
"강간","동대문","범죄 발생지","","","","","","","","","","","","117","119","115","122","121","129","182",
"강간","중랑","범죄 발생지","","","","","","","","","","","","100","103","116","81","116","127","189",
"강간","성북","범죄 발생지","","","","","","","","","","","","120","133","134","116","137","151","171",
"강간","강북","범죄 발생지","","","","","","","","","","","","107","121","92","128","122","141","175",
"강간","도봉","범죄 발생지","","","","","","","","","","","","68","45","78","74","86","106","97",
"강간","노원","범죄 발생지","","","","","","","","","","","","130","104","115","128","116","131","166",
"강간","은평","범죄 발생지","","","","","","","","","","","","104","84","102","117","96","106","151",
"강간","서대문","범죄 발생지","","","","","","","","","","","","102","112","142","128","128","160","150",
"강간","마포","범죄 발생지","","","","","","","","","","","","90","116","130","158","118","138","226",
"강간","양천","범죄 발생지","","","","","","","","","","","","77","79","73","93","83","103","121",
"강간","강서","범죄 발생지","","","","","","","","","","","","120","122","142","136","139","152","231",
"강간","구로","범죄 발생지","","","","","","","","","","","","158","170","207","193","221","230","271",
"강간","금천","범죄 발생지","","","","","","","","","","","","78","60","72","73","98","86","126",
"강간","영등포","범죄 발생지","","","","","","","","","","","","130","126","177","141","157","161","275",
"강간","동작","범죄 발생지","","","","","","","","","","","","128","175","165","151","172","209","302",
"강간","관악","범죄 발생지","","","","","","","","","","","","211","187","235","247","231","297","434",
"강간","서초","범죄 발생지","","","","","","","","","","","","196","191","205","214","212","209","378",
"강간","강남","범죄 발생지","","","","","","","","","","","","210","214","252","284","294","308","434",
"강간","송파","범죄 발생지","","","","","","","","","","","","128","145","185","156","177","193","280",
"강간","강동","범죄 발생지","","","","","","","","","","","","105","95","117","105","114","139","187",
"강간","중구","범죄 발생지","","","","","","","","","","","","24","15","36","28","39","36","51",
"강간","서구","범죄 발생지","","","","","","","","","","","","44","43","36","26","39","57","40",
"강간","동구","범죄 발생지","","","","","","","","","","","","49","33","50","36","46","53","76",
"강간","영도","범죄 발생지","","","","","","","","","","","","23","16","31","30","37","57","93",
"강간","부산진","범죄 발생지","","","","","","","","","","","","113","92","132","159","166","286","262",
"강간","동래","범죄 발생지","","","","","","","","","","","","46","26","53","54","62","98","124",
"강간","남구","범죄 발생지","","","","","","","","","","","","70","49","61","52","79","118","108",
"강간","북구","범죄 발생지","","","","","","","","","","","","85","52","71","72","88","142","147",
"강간","해운대","범죄 발생지","","","","","","","","","","","","69","73","98","102","132","164","211",
"강간","사하","범죄 발생지","","","","","","","","","","","","69","67","64","63","51","147","125",
"강간","금정","범죄 발생지","","","","","","","","","","","","68","38","62","61","60","68","103",
"강간","강서","범죄 발생지","","","","","","","","","","","","12","11","10","12","13","19","17",
"강간","연제","범죄 발생지","","","","","","","","","","","","37","37","52","44","66","96","110",
"강간","수영","범죄 발생지","","","","","","","","","","","","33","32","45","34","33","62","70",
"강간","사상","범죄 발생지","","","","","","","","","","","","50","46","64","63","101","105","144",
"강간","기장군","범죄 발생지","","","","","","","","","","","","15","17","25","20","27","47","21",
"강간","중구","범죄 발생지","","","","","","","","","","","","27","30","35","40","58","51","77",
"강간","동구","범죄 발생지","","","","","","","","","","","","68","55","64","76","75","116","137",
"강간","서구","범죄 발생지","","","","","","","","","","","","42","61","48","48","62","60","81",
"강간","남구","범죄 발생지","","","","","","","","","","","","27","50","42","35","45","55","65",
"강간","북구","범죄 발생지","","","","","","","","","","","","93","90","47","78","63","108","103",
"강간","수성","범죄 발생지","","","","","","","","","","","","51","69","64","66","78","88","134",
"강간","달서","범죄 발생지","","","","","","","","","","","","101","140","128","119","125","172","217",
"강간","달성군","범죄 발생지","","","","","","","","","","","","28","28","3","24","22","25","32",
"강간","중구","범죄 발생지","","","","","","","","","","","","44","39","36","41","35","49","63",
"강간","동구","범죄 발생지","","","","","","","","","","","","22","11","25","19","17","13","21",
"강간","서구","범죄 발생지","","","","","","","","","","","","76","81","118","101","111","136","140",
"강간","미추홀","범죄 발생지","","","","","","","","","","","","118","153","172","172","140","158","191",
"강간","연수","범죄 발생지","","","","","","","","","","","","51","60","77","91","83","105","96",
"강간","남동","범죄 발생지","","","","","","","","","","","","81","98","135","112","143","150","165",
"강간","부평","범죄 발생지","","","","","","","","","","","","107","157","191","235","219","188","308",
"강간","계양","범죄 발생지","","","","","","","","","","","","75","90","94","126","98","98","132",
"강간","강화군","범죄 발생지","","","","","","","","","","","","6","10","2","9","14","10","16",
"강간","옹진군","범죄 발생지","","","","","","","","","","","","3","6","1","3","3","5","4",
"강간","동구","범죄 발생지","","","","","","","","","","","","31","48","39","55","71","87","28",
"강간","서구","범죄 발생지","","","","","","","","","","","","48","109","52","93","104","137","53",
"강간","남구","범죄 발생지","","","","","","","","","","","","40","67","34","41","69","44","17",
"강간","북구","범죄 발생지","","","","","","","","","","","","76","127","62","128","133","161","51",
"강간","광산","범죄 발생지","","","","","","","","","","","","43","54","69","105","99","93","33",
"강간","중구","범죄 발생지","","","","","","","","","","","","39","56","34","102","103","124","34",
"강간","동구","범죄 발생지","","","","","","","","","","","","61","55","58","82","111","88","29",
"강간","서구","범죄 발생지","","","","","","","","","","","","81","87","86","128","184","146","37",
"강간","유성","범죄 발생지","","","","","","","","","","","","5","29","25","61","58","57","14",
"강간","대덕","범죄 발생지","","","","","","","","","","","","22","42","43","61","63","76","14",
"강간","중구","범죄 발생지","","","","","","","","","","","","50","73","60","73","79","86","67",
"강간","동구","범죄 발생지","","","","","","","","","","","","38","29","32","59","43","61","64",
"강간","남구","범죄 발생지","","","","","","","","","","","","102","84","120","135","126","149","165",
"강간","북구","범죄 발생지","","","","","","","","","","","","24","28","27","27","40","33","49",
"강간","울주군","범죄 발생지","","","","","","","","","","","","33","40","46","54","26","47","55",
"폭행","종로","범죄 발생지","","","","","","","","","","","","264","325","1179","1611","1507","1546","1333",
"폭행","중구","범죄 발생지","","","","","","","","","","","","372","395","1029","1456","1442","1463","1386",
"폭행","용산","범죄 발생지","","","","","","","","","","","","155","158","424","578","633","770","863",
"폭행","성동","범죄 발생지","","","","","","","","","","","","181","159","602","794","840","986","883",
"폭행","광진","범죄 발생지","","","","","","","","","","","","148","178","724","948","1187","1312","1155",
"폭행","동대문","범죄 발생지","","","","","","","","","","","","327","339","1110","1755","1708","1589","1547",
"폭행","중랑","범죄 발생지","","","","","","","","","","","","319","259","917","1535","1662","1718","1795",
"폭행","성북","범죄 발생지","","","","","","","","","","","","280","250","889","1208","1326","1382","1196",
"폭행","강북","범죄 발생지","","","","","","","","","","","","260","228","786","1080","1106","1278","1328",
"폭행","도봉","범죄 발생지","","","","","","","","","","","","176","184","588","940","996","1104","921",
"폭행","노원","범죄 발생지","","","","","","","","","","","","326","329","1099","1607","1440","1532","1330",
"폭행","은평","범죄 발생지","","","","","","","","","","","","184","186","641","1018","1112","1335","1193",
"폭행","서대문","범죄 발생지","","","","","","","","","","","","150","198","687","932","1106","1118","853",
"폭행","마포","범죄 발생지","","","","","","","","","","","","192","204","636","977","954","1017","943",
"폭행","양천","범죄 발생지","","","","","","","","","","","","275","296","799","1090","1214","1176","1122",
"폭행","강서","범죄 발생지","","","","","","","","","","","","299","289","1002","1521","1631","1769","1564",
"폭행","구로","범죄 발생지","","","","","","","","","","","","235","200","830","1309","1423","1517","1257",
"폭행","금천","범죄 발생지","","","","","","","","","","","","129","150","611","761","943","935","793",
"폭행","영등포","범죄 발생지","","","","","","","","","","","","300","313","1101","1815","1696","1641","1737",
"폭행","동작","범죄 발생지","","","","","","","","","","","","187","243","687","946","1042","1095","1008",
"폭행","관악","범죄 발생지","","","","","","","","","","","","299","298","1312","2125","2090","2064","2006",
"폭행","서초","범죄 발생지","","","","","","","","","","","","423","397","909","1295","1347","1405","1397",
"폭행","강남","범죄 발생지","","","","","","","","","","","","469","453","1424","2336","2421","2386","2208",
"폭행","송파","범죄 발생지","","","","","","","","","","","","350","419","1193","1749","1867","2053","1840",
"폭행","강동","범죄 발생지","","","","","","","","","","","","168","146","653","1052","1330","1391","1306",
"폭행","중구","범죄 발생지","","","","","","","","","","","","31","16","172","197","187","409","206",
"폭행","서구","범죄 발생지","","","","","","","","","","","","43","30","84","152","185","256","171",
"폭행","동구","범죄 발생지","","","","","","","","","","","","69","66","144","227","227","389","287",
"폭행","영도","범죄 발생지","","","","","","","","","","","","23","21","82","181","207","313","209",
"폭행","부산진","범죄 발생지","","","","","","","","","","","","90","114","369","606","821","1314","790",
"폭행","동래","범죄 발생지","","","","","","","","","","","","45","86","258","394","458","605","491",
"폭행","남구","범죄 발생지","","","","","","","","","","","","52","53","130","187","228","293","231",
"폭행","북구","범죄 발생지","","","","","","","","","","","","105","67","173","274","328","486","283",
"폭행","해운대","범죄 발생지","","","","","","","","","","","","51","76","401","563","715","1145","741",
"폭행","사하","범죄 발생지","","","","","","","","","","","","20","23","90","181","336","466","326",
"폭행","금정","범죄 발생지","","","","","","","","","","","","42","42","128","223","244","331","296",
"폭행","강서","범죄 발생지","","","","","","","","","","","","11","9","35","31","43","88","70",
"폭행","연제","범죄 발생지","","","","","","","","","","","","26","55","140","302","413","565","378",
"폭행","수영","범죄 발생지","","","","","","","","","","","","21","33","112","147","202","285","216",
"폭행","사상","범죄 발생지","","","","","","","","","","","","42","40","146","269","359","473","269",
"폭행","기장군","범죄 발생지","","","","","","","","","","","","13","18","74","130","98","203","110",
"폭행","중구","범죄 발생지","","","","","","","","","","","","89","144","306","325","416","373","432",
"폭행","동구","범죄 발생지","","","","","","","","","","","","97","108","546","791","803","809","806",
"폭행","서구","범죄 발생지","","","","","","","","","","","","73","83","501","878","968","1042","894",
"폭행","남구","범죄 발생지","","","","","","","","","","","","87","92","316","501","582","523","563",
"폭행","북구","범죄 발생지","","","","","","","","","","","","100","149","463","704","871","913","829",
"폭행","수성","범죄 발생지","","","","","","","","","","","","103","106","495","668","770","820","791",
"폭행","달서","범죄 발생지","","","","","","","","","","","","125","145","593","1103","1388","1204","1504",
"폭행","달성군","범죄 발생지","","","","","","","","","","","","21","27","24","119","147","198","198",
"폭행","중구","범죄 발생지","","","","","","","","","","","","41","45","212","233","235","292","275",
"폭행","동구","범죄 발생지","","","","","","","","","","","","51","43","111","123","95","128","119",
"폭행","서구","범죄 발생지","","","","","","","","","","","","118","171","622","553","850","802","807",
"폭행","미추홀","범죄 발생지","","","","","","","","","","","","145","156","714","1055","999","1030","1008",
"폭행","연수","범죄 발생지","","","","","","","","","","","","71","91","291","496","540","639","583",
"폭행","남동","범죄 발생지","","","","","","","","","","","","166","183","562","650","841","970","786",
"폭행","부평","범죄 발생지","","","","","","","","","","","","241","279","1000","1402","1232","1185","1167",
"폭행","계양","범죄 발생지","","","","","","","","","","","","81","89","526","727","756","811","749",
"폭행","강화군","범죄 발생지","","","","","","","","","","","","10","34","15","99","118","129","155",
"폭행","옹진군","범죄 발생지","","","","","","","","","","","","5","4","14","15","20","30","20",
"폭행","동구","범죄 발생지","","","","","","","","","","","","98","111","260","629","701","686","241",
"폭행","서구","범죄 발생지","","","","","","","","","","","","146","204","529","1044","1458","1585","517",
"폭행","남구","범죄 발생지","","","","","","","","","","","","77","115","276","596","497","549","137",
"폭행","북구","범죄 발생지","","","","","","","","","","","","138","297","614","1304","1036","1223","408",
"폭행","광산","범죄 발생지","","","","","","","","","","","","204","196","457","1067","1024","1200","380",
"폭행","중구","범죄 발생지","","","","","","","","","","","","69","48","107","433","505","532","112",
"폭행","동구","범죄 발생지","","","","","","","","","","","","31","34","56","155","213","233","90",
"폭행","서구","범죄 발생지","","","","","","","","","","","","84","70","74","170","265","357","145",
"폭행","유성","범죄 발생지","","","","","","","","","","","","4","32","32","59","78","119","73",
"폭행","대덕","범죄 발생지","","","","","","","","","","","","29","29","47","135","124","235","111",
"폭행","중구","범죄 발생지","","","","","","","","","","","","73","91","376","561","584","483","570",
"폭행","동구","범죄 발생지","","","","","","","","","","","","24","24","104","154","248","284","285",
"폭행","남구","범죄 발생지","","","","","","","","","","","","107","100","410","830","934","869","1028",
"폭행","북구","범죄 발생지","","","","","","","","","","","","20","31","114","181","196","158","203",
"폭행","울주군","범죄 발생지","","","","","","","","","","","","52","52","199","385","459","540","531",
"상해","종로","범죄 발생지","","","","","","","","","","","","269","266","806","831","683","670","595",
"상해","중구","범죄 발생지","","","","","","","","","","","","338","313","677","700","633","569","509",
"상해","용산","범죄 발생지","","","","","","","","","","","","246","216","501","498","464","494","421",
"상해","성동","범죄 발생지","","","","","","","","","","","","182","202","565","570","621","473","302",
"상해","광진","범죄 발생지","","","","","","","","","","","","308","220","713","908","819","677","615",
"상해","동대문","범죄 발생지","","","","","","","","","","","","255","258","623","602","545","452","364",
"상해","중랑","범죄 발생지","","","","","","","","","","","","262","254","839","723","708","711","630",
"상해","성북","범죄 발생지","","","","","","","","","","","","251","195","514","567","491","373","330",
"상해","강북","범죄 발생지","","","","","","","","","","","","245","239","614","575","602","484","460",
"상해","도봉","범죄 발생지","","","","","","","","","","","","187","184","399","401","363","352","259",
"상해","노원","범죄 발생지","","","","","","","","","","","","293","282","865","831","776","531","473",
"상해","은평","범죄 발생지","","","","","","","","","","","","278","300","946","1041","979","784","639",
"상해","서대문","범죄 발생지","","","","","","","","","","","","205","220","612","763","672","615","442",
"상해","마포","범죄 발생지","","","","","","","","","","","","263","286","807","975","803","815","716",
"상해","양천","범죄 발생지","","","","","","","","","","","","248","233","584","583","450","372","334",
"상해","강서","범죄 발생지","","","","","","","","","","","","443","351","835","717","799","690","591",
"상해","구로","범죄 발생지","","","","","","","","","","","","332","342","1089","1068","913","801","723",
"상해","금천","범죄 발생지","","","","","","","","","","","","196","210","475","591","523","452","381",
"상해","영등포","범죄 발생지","","","","","","","","","","","","422","360","928","1010","983","854","905",
"상해","동작","범죄 발생지","","","","","","","","","","","","196","184","472","547","496","400","387",
"상해","관악","범죄 발생지","","","","","","","","","","","","301","226","611","681","511","564","483",
"상해","서초","범죄 발생지","","","","","","","","","","","","310","275","652","675","559","431","416",
"상해","강남","범죄 발생지","","","","","","","","","","","","424","404","869","1122","951","1018","986",
"상해","송파","범죄 발생지","","","","","","","","","","","","376","363","899","987","766","624","615",
"상해","강동","범죄 발생지","","","","","","","","","","","","245","270","812","936","846","749","608",
"상해","중구","범죄 발생지","","","","","","","","","","","","112","96","359","433","429","580","356",
"상해","서구","범죄 발생지","","","","","","","","","","","","117","122","357","361","358","334","245",
"상해","동구","범죄 발생지","","","","","","","","","","","","249","216","446","488","421","635","381",
"상해","영도","범죄 발생지","","","","","","","","","","","","106","87","300","408","395","408","324",
"상해","부산진","범죄 발생지","","","","","","","","","","","","357","342","956","1228","1194","1696","1040",
"상해","동래","범죄 발생지","","","","","","","","","","","","150","184","540","640","632","729","582",
"상해","남구","범죄 발생지","","","","","","","","","","","","224","158","445","540","560","638","412",
"상해","북구","범죄 발생지","","","","","","","","","","","","298","203","576","756","735","910","579",
"상해","해운대","범죄 발생지","","","","","","","","","","","","289","191","553","679","709","875","690",
"상해","사하","범죄 발생지","","","","","","","","","","","","189","187","609","907","676","811","677",
"상해","금정","범죄 발생지","","","","","","","","","","","","153","170","489","547","588","688","494",
"상해","강서","범죄 발생지","","","","","","","","","","","","69","80","130","151","151","193","152",
"상해","연제","범죄 발생지","","","","","","","","","","","","142","140","431","619","598","640","460",
"상해","수영","범죄 발생지","","","","","","","","","","","","107","122","349","360","423","415","329",
"상해","사상","범죄 발생지","","","","","","","","","","","","232","175","592","661","750","802","576",
"상해","기장군","범죄 발생지","","","","","","","","","","","","58","59","142","166","149","259","175",
"상해","중구","범죄 발생지","","","","","","","","","","","","188","207","353","406","363","292","300",
"상해","동구","범죄 발생지","","","","","","","","","","","","261","276","734","922","825","691","593",
"상해","서구","범죄 발생지","","","","","","","","","","","","183","160","503","764","604","561","427",
"상해","남구","범죄 발생지","","","","","","","","","","","","143","174","396","489","508","468","416",
"상해","북구","범죄 발생지","","","","","","","","","","","","251","278","723","875","902","770","595",
"상해","수성","범죄 발생지","","","","","","","","","","","","298","330","809","838","913","816","642",
"상해","달서","범죄 발생지","","","","","","","","","","","","376","336","1058","1437","1292","1191","1098",
"상해","달성군","범죄 발생지","","","","","","","","","","","","106","116","51","278","231","244","211",
"상해","중구","범죄 발생지","","","","","","","","","","","","127","149","293","299","311","277","214",
"상해","동구","범죄 발생지","","","","","","","","","","","","46","63","177","155","123","85","64",
"상해","서구","범죄 발생지","","","","","","","","","","","","235","239","787","735","645","590","389",
"상해","미추홀","범죄 발생지","","","","","","","","","","","","308","298","871","1053","768","690","525",
"상해","연수","범죄 발생지","","","","","","","","","","","","148","111","353","364","346","336","266",
"상해","남동","범죄 발생지","","","","","","","","","","","","317","330","1079","1225","1001","794","634",
"상해","부평","범죄 발생지","","","","","","","","","","","","378","367","1093","1314","1035","846","769",
"상해","계양","범죄 발생지","","","","","","","","","","","","215","176","573","571","464","463","375",
"상해","강화군","범죄 발생지","","","","","","","","","","","","39","52","18","135","108","119","108",
"상해","옹진군","범죄 발생지","","","","","","","","","","","","10","8","31","29","32","20","29",
"상해","동구","범죄 발생지","","","","","","","","","","","","144","135","162","331","319","282","89",
"상해","서구","범죄 발생지","","","","","","","","","","","","98","149","263","537","523","386","86",
"상해","남구","범죄 발생지","","","","","","","","","","","","62","83","155","264","216","230","69",
"상해","북구","범죄 발생지","","","","","","","","","","","","181","295","519","780","761","841","250",
"상해","광산","범죄 발생지","","","","","","","","","","","","104","121","252","376","366","280","88",
"상해","중구","범죄 발생지","","","","","","","","","","","","93","163","216","429","348","399","106",
"상해","동구","범죄 발생지","","","","","","","","","","","","161","160","269","480","552","529","144",
"상해","서구","범죄 발생지","","","","","","","","","","","","198","231","359","710","700","672","211",
"상해","유성","범죄 발생지","","","","","","","","","","","","8","113","153","288","319","339","116",
"상해","대덕","범죄 발생지","","","","","","","","","","","","88","129","159","316","289","329","84",
"상해","중구","범죄 발생지","","","","","","","","","","","","96","121","387","433","396","339","298",
"상해","동구","범죄 발생지","","","","","","","","","","","","91","96","297","332","340","353","272",
"상해","남구","범죄 발생지","","","","","","","","","","","","231","225","735","902","917","818","782",
"상해","북구","범죄 발생지","","","","","","","","","","","","66","73","178","195","159","155","147",
"상해","울주군","범죄 발생지","","","","","","","","","","","","103","127","319","376","293","356","274",
"협박","종로","범죄 발생지","","","","","","","","","","","","20","23","31","33","25","29","30",
"협박","중구","범죄 발생지","","","","","","","","","","","","29","28","26","30","24","38","34",
"협박","용산","범죄 발생지","","","","","","","","","","","","19","17","18","14","18","17","20",
"협박","성동","범죄 발생지","","","","","","","","","","","","15","11","21","15","16","15","10",
"협박","광진","범죄 발생지","","","","","","","","","","","","16","13","24","19","23","24","36",
"협박","동대문","범죄 발생지","","","","","","","","","","","","26","27","19","37","35","34","21",
"협박","중랑","범죄 발생지","","","","","","","","","","","","19","24","19","15","24","33","28",
"협박","성북","범죄 발생지","","","","","","","","","","","","21","14","20","25","22","25","18",
"협박","강북","범죄 발생지","","","","","","","","","","","","16","20","19","25","26","14","23",
"협박","도봉","범죄 발생지","","","","","","","","","","","","12","12","19","22","31","20","17",
"협박","노원","범죄 발생지","","","","","","","","","","","","29","23","37","28","33","24","21",
"협박","은평","범죄 발생지","","","","","","","","","","","","16","38","25","24","51","39","27",
"협박","서대문","범죄 발생지","","","","","","","","","","","","20","23","21","21","32","34","19",
"협박","마포","범죄 발생지","","","","","","","","","","","","14","23","20","29","36","36","35",
"협박","양천","범죄 발생지","","","","","","","","","","","","32","26","17","25","12","19","22",
"협박","강서","범죄 발생지","","","","","","","","","","","","23","19","29","26","27","40","25",
"협박","구로","범죄 발생지","","","","","","","","","","","","25","32","29","30","27","41","28",
"협박","금천","범죄 발생지","","","","","","","","","","","","16","10","9","14","12","13","13",
"협박","영등포","범죄 발생지","","","","","","","","","","","","25","32","24","30","32","30","33",
"협박","동작","범죄 발생지","","","","","","","","","","","","24","20","25","29","29","20","37",
"협박","관악","범죄 발생지","","","","","","","","","","","","17","17","24","38","39","29","39",
"협박","서초","범죄 발생지","","","","","","","","","","","","41","39","44","61","36","41","39",
"협박","강남","범죄 발생지","","","","","","","","","","","","46","35","53","56","85","102","83",
"협박","송파","범죄 발생지","","","","","","","","","","","","19","26","29","42","39","44","49",
"협박","강동","범죄 발생지","","","","","","","","","","","","15","11","18","17","18","25","24",
"협박","중구","범죄 발생지","","","","","","","","","","","","5","2","11","3","5","14","11",
"협박","서구","범죄 발생지","","","","","","","","","","","","19","8","12","10","7","28","6",
"협박","동구","범죄 발생지","","","","","","","","","","","","22","24","13","13","6","14","10",
"협박","영도","범죄 발생지","","","","","","","","","","","","4","1","18","13","12","65","16",
"협박","부산진","범죄 발생지","","","","","","","","","","","","37","20","20","48","29","111","49",
"협박","동래","범죄 발생지","","","","","","","","","","","","9","10","11","9","18","62","39",
"협박","남구","범죄 발생지","","","","","","","","","","","","19","18","24","21","23","51","27",
"협박","북구","범죄 발생지","","","","","","","","","","","","26","14","16","11","14","57","26",
"협박","해운대","범죄 발생지","","","","","","","","","","","","20","26","29","35","35","138","39",
"협박","사하","범죄 발생지","","","","","","","","","","","","7","14","14","8","15","42","24",
"협박","금정","범죄 발생지","","","","","","","","","","","","9","19","30","10","14","31","20",
"협박","강서","범죄 발생지","","","","","","","","","","","","5","3","-","3","2","17","6",
"협박","연제","범죄 발생지","","","","","","","","","","","","13","15","11","15","13","35","29",
"협박","수영","범죄 발생지","","","","","","","","","","","","6","7","13","14","19","31","22",
"협박","사상","범죄 발생지","","","","","","","","","","","","8","6","9","9","15","56","11",
"협박","기장군","범죄 발생지","","","","","","","","","","","","1","6","7","7","8","38","10",
"협박","중구","범죄 발생지","","","","","","","","","","","","10","7","13","6","5","6","5",
"협박","동구","범죄 발생지","","","","","","","","","","","","19","37","31","26","44","28","25",
"협박","서구","범죄 발생지","","","","","","","","","","","","9","13","9","12","15","7","13",
"협박","남구","범죄 발생지","","","","","","","","","","","","6","9","12","5","10","15","18",
"협박","북구","범죄 발생지","","","","","","","","","","","","7","13","21","15","20","25","26",
"협박","수성","범죄 발생지","","","","","","","","","","","","30","30","20","36","32","36","26",
"협박","달서","범죄 발생지","","","","","","","","","","","","8","33","33","24","47","48","46",
"협박","달성군","범죄 발생지","","","","","","","","","","","","6","7","3","3","5","8","8",
"협박","중구","범죄 발생지","","","","","","","","","","","","11","4","9","1","3","5","5",
"협박","동구","범죄 발생지","","","","","","","","","","","","1","5","5","5","3","-","3",
"협박","서구","범죄 발생지","","","","","","","","","","","","7","15","20","13","20","16","8",
"협박","미추홀","범죄 발생지","","","","","","","","","","","","7","14","17","14","17","11","12",
"협박","연수","범죄 발생지","","","","","","","","","","","","8","6","2","14","4","5","7",
"협박","남동","범죄 발생지","","","","","","","","","","","","11","11","19","20","17","13","15",
"협박","부평","범죄 발생지","","","","","","","","","","","","14","12","16","25","20","26","26",
"협박","계양","범죄 발생지","","","","","","","","","","","","12","8","13","13","10","19","12",
"협박","강화군","범죄 발생지","","","","","","","","","","","","","5","3","8","5","7","3",
"협박","옹진군","범죄 발생지","","","","","","","","","","","","","","1","-","-","-","1",
"협박","동구","범죄 발생지","","","","","","","","","","","","5","10","7","8","13","18","7",
"협박","서구","범죄 발생지","","","","","","","","","","","","14","11","14","19","24","28","9",
"협박","남구","범죄 발생지","","","","","","","","","","","","6","21","10","12","13","13","1",
"협박","북구","범죄 발생지","","","","","","","","","","","","13","18","16","36","24","37","9",
"협박","광산","범죄 발생지","","","","","","","","","","","","14","21","13","37","25","23","7",
"협박","중구","범죄 발생지","","","","","","","","","","","","14","6","10","20","25","34","3",
"협박","동구","범죄 발생지","","","","","","","","","","","","12","18","7","18","53","22","3",
"협박","서구","범죄 발생지","","","","","","","","","","","","18","20","24","33","35","29","7",
"협박","유성","범죄 발생지","","","","","","","","","","","","3","14","7","11","20","16","7",
"협박","대덕","범죄 발생지","","","","","","","","","","","","7","14","4","7","20","22","5",
"협박","중구","범죄 발생지","","","","","","","","","","","","4","4","11","15","19","11","11",
"협박","동구","범죄 발생지","","","","","","","","","","","","4","16","3","10","4","7","2",
"협박","남구","범죄 발생지","","","","","","","","","","","","12","12","15","14","25","21","27",
"협박","북구","범죄 발생지","","","","","","","","","","","","3","5","6","4","7","4","6",
"협박","울주군","범죄 발생지","","","","","","","","","","","","5","8","15","21","16","11","15",
"공갈","종로","범죄 발생지","","","","","","","","","","","","6","15","22","24","22","20","28",
"공갈","중구","범죄 발생지","","","","","","","","","","","","21","16","24","22","30","38","20",
"공갈","용산","범죄 발생지","","","","","","","","","","","","8","11","8","7","18","22","16",
"공갈","성동","범죄 발생지","","","","","","","","","","","","5","11","11","13","10","23","15",
"공갈","광진","범죄 발생지","","","","","","","","","","","","19","12","24","12","17","21","26",
"공갈","동대문","범죄 발생지","","","","","","","","","","","","18","13","34","20","30","40","41",
"공갈","중랑","범죄 발생지","","","","","","","","","","","","11","11","22","26","26","28","46",
"공갈","성북","범죄 발생지","","","","","","","","","","","","9","8","14","15","23","48","44",
"공갈","강북","범죄 발생지","","","","","","","","","","","","6","10","18","19","20","21","38",
"공갈","도봉","범죄 발생지","","","","","","","","","","","","12","6","12","14","10","20","22",
"공갈","노원","범죄 발생지","","","","","","","","","","","","15","13","32","25","25","32","42",
"공갈","은평","범죄 발생지","","","","","","","","","","","","18","13","28","24","25","30","21",
"공갈","서대문","범죄 발생지","","","","","","","","","","","","18","7","14","14","21","26","22",
"공갈","마포","범죄 발생지","","","","","","","","","","","","15","16","15","30","19","27","24",
"공갈","양천","범죄 발생지","","","","","","","","","","","","21","11","14","21","23","30","37",
"공갈","강서","범죄 발생지","","","","","","","","","","","","20","18","11","21","23","29","57",
"공갈","구로","범죄 발생지","","","","","","","","","","","","18","11","21","23","32","33","27",
"공갈","금천","범죄 발생지","","","","","","","","","","","","7","8","12","11","19","15","14",
"공갈","영등포","범죄 발생지","","","","","","","","","","","","26","23","20","36","34","31","38",
"공갈","동작","범죄 발생지","","","","","","","","","","","","7","8","11","15","14","18","19",
"공갈","관악","범죄 발생지","","","","","","","","","","","","3","17","15","21","27","32","38",
"공갈","서초","범죄 발생지","","","","","","","","","","","","35","19","36","35","25","33","45",
"공갈","강남","범죄 발생지","","","","","","","","","","","","40","26","45","52","52","63","77",
"공갈","송파","범죄 발생지","","","","","","","","","","","","23","13","18","36","54","30","53",
"공갈","강동","범죄 발생지","","","","","","","","","","","","14","9","8","13","34","20","27",
"공갈","중구","범죄 발생지","","","","","","","","","","","","15","2","16","11","10","48","11",
"공갈","서구","범죄 발생지","","","","","","","","","","","","61","10","14","10","13","25","12",
"공갈","동구","범죄 발생지","","","","","","","","","","","","14","5","11","16","13","47","15",
"공갈","영도","범죄 발생지","","","","","","","","","","","","11","1","9","12","10","56","61",
"공갈","부산진","범죄 발생지","","","","","","","","","","","","22","12","23","40","62","148","81",
"공갈","동래","범죄 발생지","","","","","","","","","","","","17","8","24","14","23","57","39",
"공갈","남구","범죄 발생지","","","","","","","","","","","","15","12","19","14","48","111","29",
"공갈","북구","범죄 발생지","","","","","","","","","","","","9","14","11","11","20","72","61",
"공갈","해운대","범죄 발생지","","","","","","","","","","","","33","14","22","36","57","105","57",
"공갈","사하","범죄 발생지","","","","","","","","","","","","23","8","11","18","17","78","50",
"공갈","금정","범죄 발생지","","","","","","","","","","","","10","2","15","22","13","56","52",
"공갈","강서","범죄 발생지","","","","","","","","","","","","2","1","4","4","2","16","23",
"공갈","연제","범죄 발생지","","","","","","","","","","","","18","8","25","11","19","38","27",
"공갈","수영","범죄 발생지","","","","","","","","","","","","9","9","10","7","11","18","66",
"공갈","사상","범죄 발생지","","","","","","","","","","","","26","6","21","9","14","46","33",
"공갈","기장군","범죄 발생지","","","","","","","","","","","","3","2","2","3","5","25","20",
"공갈","중구","범죄 발생지","","","","","","","","","","","","37","83","49","27","16","30","29",
"공갈","동구","범죄 발생지","","","","","","","","","","","","27","8","25","25","26","47","19",
"공갈","서구","범죄 발생지","","","","","","","","","","","","6","10","14","24","24","21","63",
"공갈","남구","범죄 발생지","","","","","","","","","","","","16","2","12","14","7","21","19",
"공갈","북구","범죄 발생지","","","","","","","","","","","","17","12","35","21","43","45","46",
"공갈","수성","범죄 발생지","","","","","","","","","","","","51","17","21","26","30","55","49",
"공갈","달서","범죄 발생지","","","","","","","","","","","","36","25","38","38","61","258","94",
"공갈","달성군","범죄 발생지","","","","","","","","","","","","5","4","1","7","10","9","13",
"공갈","중구","범죄 발생지","","","","","","","","","","","","5","8","15","13","6","17","13",
"공갈","동구","범죄 발생지","","","","","","","","","","","","4","2","5","5","3","10","5",
"공갈","서구","범죄 발생지","","","","","","","","","","","","19","19","17","33","36","67","34",
"공갈","미추홀","범죄 발생지","","","","","","","","","","","","26","30","51","45","36","43","42",
"공갈","연수","범죄 발생지","","","","","","","","","","","","12","22","21","20","31","35","23",
"공갈","남동","범죄 발생지","","","","","","","","","","","","31","40","59","41","25","33","32",
"공갈","부평","범죄 발생지","","","","","","","","","","","","14","32","70","54","56","58","47",
"공갈","계양","범죄 발생지","","","","","","","","","","","","16","10","30","19","23","34","24",
"공갈","강화군","범죄 발생지","","","","","","","","","","","","1","","-","1","6","1","3",
"공갈","옹진군","범죄 발생지","","","","","","","","","","","","1","","-","-","1","1","-",
"공갈","동구","범죄 발생지","","","","","","","","","","","","36","55","28","78","132","144","8",
"공갈","서구","범죄 발생지","","","","","","","","","","","","10","29","18","25","62","72","24",
"공갈","남구","범죄 발생지","","","","","","","","","","","","9","33","33","44","46","76","4",
"공갈","북구","범죄 발생지","","","","","","","","","","","","60","114","17","32","45","71","24",
"공갈","광산","범죄 발생지","","","","","","","","","","","","12","7","14","22","32","33","17",
"공갈","중구","범죄 발생지","","","","","","","","","","","","17","13","13","61","96","102","34",
"공갈","동구","범죄 발생지","","","","","","","","","","","","9","15","3","19","29","35","11",
"공갈","서구","범죄 발생지","","","","","","","","","","","","17","25","27","39","57","63","13",
"공갈","유성","범죄 발생지","","","","","","","","","","","","2","10","4","80","20","14","4",
"공갈","대덕","범죄 발생지","","","","","","","","","","","","2","3","9","19","88","72","120",
"공갈","중구","범죄 발생지","","","","","","","","","","","","9","9","21","45","61","46","42",
"공갈","동구","범죄 발생지","","","","","","","","","","","","6","7","13","9","9","11","15",
"공갈","남구","범죄 발생지","","","","","","","","","","","","23","13","19","74","46","68","54",
"공갈","북구","범죄 발생지","","","","","","","","","","","","3","","4","7","13","8","14",
"공갈","울주군","범죄 발생지","","","","","","","","","","","","10","3","2","7","12","27","35",
"약취와 유인","종로","범죄 발생지","","","","","","","","","","","","2","2","1","1","1","6","1",
"약취와 유인","중구","범죄 발생지","","","","","","","","","","","","3","","1","1","1","3","2",
"약취와 유인","용산","범죄 발생지","","","","","","","","","","","","1","2","7","1","1","-","2",
"약취와 유인","성동","범죄 발생지","","","","","","","","","","","","1","","1","-","2","2","1",
"약취와 유인","광진","범죄 발생지","","","","","","","","","","","","","","1","-","2","-","-",
"약취와 유인","동대문","범죄 발생지","","","","","","","","","","","","8","2","-","2","3","4","2",
"약취와 유인","중랑","범죄 발생지","","","","","","","","","","","","3","1","1","-","-","5","2",
"약취와 유인","성북","범죄 발생지","","","","","","","","","","","","5","7","-","3","-","2","2",
"약취와 유인","강북","범죄 발생지","","","","","","","","","","","","3","","2","-","1","3","3",
"약취와 유인","도봉","범죄 발생지","","","","","","","","","","","","2","","-","1","1","2","-",
"약취와 유인","노원","범죄 발생지","","","","","","","","","","","","1","","-","3","2","2","7",
"약취와 유인","은평","범죄 발생지","","","","","","","","","","","","2","","-","1","3","2","1",
"약취와 유인","서대문","범죄 발생지","","","","","","","","","","","","2","4","-","2","4","5","1",
"약취와 유인","마포","범죄 발생지","","","","","","","","","","","","2","","-","-","1","1","1",
"약취와 유인","양천","범죄 발생지","","","","","","","","","","","","","1","1","2","2","3","-",
"약취와 유인","강서","범죄 발생지","","","","","","","","","","","","1","","2","1","4","7","4",
"약취와 유인","구로","범죄 발생지","","","","","","","","","","","","1","1","-","2","-","1","3",
"약취와 유인","금천","범죄 발생지","","","","","","","","","","","","2","","-","-","-","1","2",
"약취와 유인","영등포","범죄 발생지","","","","","","","","","","","","5","","3","2","1","3","3",
"약취와 유인","동작","범죄 발생지","","","","","","","","","","","","3","","1","-","4","3","1",
"약취와 유인","관악","범죄 발생지","","","","","","","","","","","","1","","-","-","1","2","5",
"약취와 유인","서초","범죄 발생지","","","","","","","","","","","","1","","2","1","4","-","4",
"약취와 유인","강남","범죄 발생지","","","","","","","","","","","","1","2","-","3","2","4","2",
"약취와 유인","송파","범죄 발생지","","","","","","","","","","","","1","3","3","1","2","3","3",
"약취와 유인","강동","범죄 발생지","","","","","","","","","","","","3","","-","-","3","2","-",
"약취와 유인","중구","범죄 발생지","","","","","","","","","","","","","","-","8","-","2","-",
"약취와 유인","서구","범죄 발생지","","","","","","","","","","","","1","2","1","1","2","2","2",
"약취와 유인","동구","범죄 발생지","","","","","","","","","","","","4","","2","-","1","-","-",
"약취와 유인","영도","범죄 발생지","","","","","","","","","","","","1","","-","-","-","-","2",
"약취와 유인","부산진","범죄 발생지","","","","","","","","","","","","4","1","2","3","4","1","1",
"약취와 유인","동래","범죄 발생지","","","","","","","","","","","","1","","-","-","2","1","-",
"약취와 유인","남구","범죄 발생지","","","","","","","","","","","","2","","1","2","1","7","1",
"약취와 유인","북구","범죄 발생지","","","","","","","","","","","","","","1","1","-","1","1",
"약취와 유인","해운대","범죄 발생지","","","","","","","","","","","","2","","-","2","1","2","1",
"약취와 유인","사하","범죄 발생지","","","","","","","","","","","","2","1","-","-","3","2","1",
"약취와 유인","금정","범죄 발생지","","","","","","","","","","","","1","","-","1","-","1","1",
"약취와 유인","강서","범죄 발생지","","","","","","","","","","","","","2","2","1","-","1","-",
"약취와 유인","연제","범죄 발생지","","","","","","","","","","","","","","-","-","1","2","-",
"약취와 유인","수영","범죄 발생지","","","","","","","","","","","","","","-","1","1","-","2",
"약취와 유인","사상","범죄 발생지","","","","","","","","","","","","1","","-","1","3","2","5",
"약취와 유인","기장군","범죄 발생지","","","","","","","","","","","","1","","-","-","-","1","-",
"약취와 유인","중구","범죄 발생지","","","","","","","","","","","","3","","1","-","4","-","1",
"약취와 유인","동구","범죄 발생지","","","","","","","","","","","","","2","-","1","-","1","-",
"약취와 유인","서구","범죄 발생지","","","","","","","","","","","","","1","1","-","1","2","-",
"약취와 유인","남구","범죄 발생지","","","","","","","","","","","","1","1","-","-","3","1","-",
"약취와 유인","북구","범죄 발생지","","","","","","","","","","","","1","","-","2","1","1","-",
"약취와 유인","수성","범죄 발생지","","","","","","","","","","","","1","1","1","3","1","2","3",
"약취와 유인","달서","범죄 발생지","","","","","","","","","","","","2","3","1","-","2","1","2",
"약취와 유인","달성군","범죄 발생지","","","","","","","","","","","","2","","-","-","1","1","-",
"약취와 유인","중구","범죄 발생지","","","","","","","","","","","","1","","-","1","1","1","-",
"약취와 유인","동구","범죄 발생지","","","","","","","","","","","","1","","-","-","2","-","2",
"약취와 유인","서구","범죄 발생지","","","","","","","","","","","","","","1","1","2","3","1",
"약취와 유인","미추홀","범죄 발생지","","","","","","","","","","","","6","2","-","3","2","-","7",
"약취와 유인","연수","범죄 발생지","","","","","","","","","","","","2","1","4","1","2","1","2",
"약취와 유인","남동","범죄 발생지","","","","","","","","","","","","1","2","1","3","5","2","2",
"약취와 유인","부평","범죄 발생지","","","","","","","","","","","","2","5","2","-","1","2","1",
"약취와 유인","계양","범죄 발생지","","","","","","","","","","","","1","1","-","-","2","3","1",
"약취와 유인","강화군","범죄 발생지","","","","","","","","","","","","","","-","1","-","1","-",
"약취와 유인","옹진군","범죄 발생지","","","","","","","","","","","","","","-","-","-","-","-",
"약취와 유인","동구","범죄 발생지","","","","","","","","","","","","2","3","-","-","4","-","-",
"약취와 유인","서구","범죄 발생지","","","","","","","","","","","","2","1","-","1","4","2","-",
"약취와 유인","남구","범죄 발생지","","","","","","","","","","","","1","2","-","3","1","2","-",
"약취와 유인","북구","범죄 발생지","","","","","","","","","","","","4","1","-","1","-","-","-",
"약취와 유인","광산","범죄 발생지","","","","","","","","","","","","1","1","-","3","-","1","-",
"약취와 유인","중구","범죄 발생지","","","","","","","","","","","","21","","1","1","-","2","-",
"약취와 유인","동구","범죄 발생지","","","","","","","","","","","","4","1","1","-","-","1","-",
"약취와 유인","서구","범죄 발생지","","","","","","","","","","","","5","2","2","-","-","2","1",
"약취와 유인","유성","범죄 발생지","","","","","","","","","","","","","","-","1","1","1","-",
"약취와 유인","대덕","범죄 발생지","","","","","","","","","","","","1","","-","-","2","1","-",
"약취와 유인","중구","범죄 발생지","","","","","","","","","","","","","1","-","-","1","-","-",
"약취와 유인","동구","범죄 발생지","","","","","","","","","","","","","1","-","1","-","181","-",
"약취와 유인","남구","범죄 발생지","","","","","","","","","","","","1","","-","-","1","-","2",
"약취와 유인","북구","범죄 발생지","","","","","","","","","","","","","1","-","-","-","2","-",
"약취와 유인","울주군","범죄 발생지","","","","","","","","","","","","","","-","-","1","1","2",
"체포와 감금","종로","범죄 발생지","","","","","","","","","","","","3","2","3","7","6","1","9",
"체포와 감금","중구","범죄 발생지","","","","","","","","","","","","4","4","2","3","6","9","1",
"체포와 감금","용산","범죄 발생지","","","","","","","","","","","","2","4","3","6","8","2","3",
"체포와 감금","성동","범죄 발생지","","","","","","","","","","","","4","1","3","6","3","4","4",
"체포와 감금","광진","범죄 발생지","","","","","","","","","","","","3","5","3","8","7","6","6",
"체포와 감금","동대문","범죄 발생지","","","","","","","","","","","","8","4","5","7","7","5","5",
"체포와 감금","중랑","범죄 발생지","","","","","","","","","","","","2","2","4","9","8","7","8",
"체포와 감금","성북","범죄 발생지","","","","","","","","","","","","3","1","6","6","7","8","3",
"체포와 감금","강북","범죄 발생지","","","","","","","","","","","","4","4","3","8","8","9","7",
"체포와 감금","도봉","범죄 발생지","","","","","","","","","","","","","1","2","2","1","4","1",
"체포와 감금","노원","범죄 발생지","","","","","","","","","","","","7","3","6","3","6","3","7",
"체포와 감금","은평","범죄 발생지","","","","","","","","","","","","3","1","1","4","6","2","3",
"체포와 감금","서대문","범죄 발생지","","","","","","","","","","","","3","2","5","5","6","4","2",
"체포와 감금","마포","범죄 발생지","","","","","","","","","","","","3","3","5","5","5","4","3",
"체포와 감금","양천","범죄 발생지","","","","","","","","","","","","4","1","1","5","1","5","2",
"체포와 감금","강서","범죄 발생지","","","","","","","","","","","","2","1","2","2","2","8","4",
"체포와 감금","구로","범죄 발생지","","","","","","","","","","","","1","","3","9","5","2","3",
"체포와 감금","금천","범죄 발생지","","","","","","","","","","","","1","","3","2","3","5","6",
"체포와 감금","영등포","범죄 발생지","","","","","","","","","","","","3","5","3","8","4","6","5",
"체포와 감금","동작","범죄 발생지","","","","","","","","","","","","2","","2","2","1","6","3",
"체포와 감금","관악","범죄 발생지","","","","","","","","","","","","3","4","6","2","4","6","5",
"체포와 감금","서초","범죄 발생지","","","","","","","","","","","","5","8","10","9","7","6","8",
"체포와 감금","강남","범죄 발생지","","","","","","","","","","","","3","5","8","17","21","11","20",
"체포와 감금","송파","범죄 발생지","","","","","","","","","","","","7","9","9","16","18","11","11",
"체포와 감금","강동","범죄 발생지","","","","","","","","","","","","5","1","4","3","7","6","4",
"체포와 감금","중구","범죄 발생지","","","","","","","","","","","","","","2","2","3","1","3",
"체포와 감금","서구","범죄 발생지","","","","","","","","","","","","1","1","2","2","2","1","1",
"체포와 감금","동구","범죄 발생지","","","","","","","","","","","","2","","1","-","6","1","3",
"체포와 감금","영도","범죄 발생지","","","","","","","","","","","","1","","2","-","-","3","-",
"체포와 감금","부산진","범죄 발생지","","","","","","","","","","","","4","2","7","3","6","17","8",
"체포와 감금","동래","범죄 발생지","","","","","","","","","","","","3","4","4","4","5","8","4",
"체포와 감금","남구","범죄 발생지","","","","","","","","","","","","2","2","3","5","1","4","1",
"체포와 감금","북구","범죄 발생지","","","","","","","","","","","","3","","6","1","5","10","6",
"체포와 감금","해운대","범죄 발생지","","","","","","","","","","","","1","5","3","1","6","12","5",
"체포와 감금","사하","범죄 발생지","","","","","","","","","","","","2","","2","2","-","2","5",
"체포와 감금","금정","범죄 발생지","","","","","","","","","","","","3","2","3","5","3","7","5",
"체포와 감금","강서","범죄 발생지","","","","","","","","","","","","1","","1","1","2","1","1",
"체포와 감금","연제","범죄 발생지","","","","","","","","","","","","2","1","1","6","6","4","2",
"체포와 감금","수영","범죄 발생지","","","","","","","","","","","","","3","1","3","3","-","5",
"체포와 감금","사상","범죄 발생지","","","","","","","","","","","","1","2","-","5","4","10","6",
"체포와 감금","기장군","범죄 발생지","","","","","","","","","","","","1","1","-","2","1","2","3",
"체포와 감금","중구","범죄 발생지","","","","","","","","","","","","","2","-","-","3","2","-",
"체포와 감금","동구","범죄 발생지","","","","","","","","","","","","1","1","6","-","4","7","5",
"체포와 감금","서구","범죄 발생지","","","","","","","","","","","","1","1","3","4","2","3","-",
"체포와 감금","남구","범죄 발생지","","","","","","","","","","","","2","2","1","-","2","4","2",
"체포와 감금","북구","범죄 발생지","","","","","","","","","","","","4","4","6","8","5","1","2",
"체포와 감금","수성","범죄 발생지","","","","","","","","","","","","3","2","-","3","7","5","4",
"체포와 감금","달서","범죄 발생지","","","","","","","","","","","","6","5","3","5","9","6","11",
"체포와 감금","달성군","범죄 발생지","","","","","","","","","","","","2","","-","2","2","2","6",
"체포와 감금","중구","범죄 발생지","","","","","","","","","","","","1","1","-","1","1","1","-",
"체포와 감금","동구","범죄 발생지","","","","","","","","","","","","","","1","-","1","-","1",
"체포와 감금","서구","범죄 발생지","","","","","","","","","","","","1","1","6","2","1","2","4",
"체포와 감금","미추홀","범죄 발생지","","","","","","","","","","","","2","2","4","6","7","5","5",
"체포와 감금","연수","범죄 발생지","","","","","","","","","","","","4","1","1","2","3","3","4",
"체포와 감금","남동","범죄 발생지","","","","","","","","","","","","3","1","1","1","4","5","3",
"체포와 감금","부평","범죄 발생지","","","","","","","","","","","","3","","7","3","2","2","6",
"체포와 감금","계양","범죄 발생지","","","","","","","","","","","","2","1","1","3","7","3","3",
"체포와 감금","강화군","범죄 발생지","","","","","","","","","","","","","1","1","1","1","1","4",
"체포와 감금","옹진군","범죄 발생지","","","","","","","","","","","","","","-","1","-","1","1",
"체포와 감금","동구","범죄 발생지","","","","","","","","","","","","","2","3","2","2","1","-",
"체포와 감금","서구","범죄 발생지","","","","","","","","","","","","1","2","4","8","5","8","-",
"체포와 감금","남구","범죄 발생지","","","","","","","","","","","","1","4","4","7","3","1","-",
"체포와 감금","북구","범죄 발생지","","","","","","","","","","","","2","7","6","1","6","10","2",
"체포와 감금","광산","범죄 발생지","","","","","","","","","","","","8","1","2","8","6","7","4",
"체포와 감금","중구","범죄 발생지","","","","","","","","","","","","","4","1","4","11","15","-",
"체포와 감금","동구","범죄 발생지","","","","","","","","","","","","2","1","2","3","8","9","1",
"체포와 감금","서구","범죄 발생지","","","","","","","","","","","","5","3","2","6","12","8","5",
"체포와 감금","유성","범죄 발생지","","","","","","","","","","","","","1","3","3","3","1","1",
"체포와 감금","대덕","범죄 발생지","","","","","","","","","","","","1","1","1","4","6","5","-",
"체포와 감금","중구","범죄 발생지","","","","","","","","","","","","1","1","4","-","4","2","5",
"체포와 감금","동구","범죄 발생지","","","","","","","","","","","","","","4","1","1","-","2",
"체포와 감금","남구","범죄 발생지","","","","","","","","","","","","6","4","5","4","5","3","3",
"체포와 감금","북구","범죄 발생지","","","","","","","","","","","","","3","3","-","2","-","6",
"체포와 감금","울주군","범죄 발생지","","","","","","","","","","","","1","2","5","6","5","5","2",
"폭력행위등(단체등의구성·활동)","종로","범죄 발생지","","","","","","","","","","","","3","","3","-","2","3","17",
"폭력행위등(단체등의구성·활동)","중구","범죄 발생지","","","","","","","","","","","","3","2","1","-","2","2","17",
"폭력행위등(단체등의구성·활동)","용산","범죄 발생지","","","","","","","","","","","","3","3","2","-","-","8","16",
"폭력행위등(단체등의구성·활동)","성동","범죄 발생지","","","","","","","","","","","","3","","-","-","1","1","14",
"폭력행위등(단체등의구성·활동)","광진","범죄 발생지","","","","","","","","","","","","2","","-","-","-","1","12",
"폭력행위등(단체등의구성·활동)","동대문","범죄 발생지","","","","","","","","","","","","8","3","1","1","3","3","13",
"폭력행위등(단체등의구성·활동)","중랑","범죄 발생지","","","","","","","","","","","","5","3","-","-","-","4","16",
"폭력행위등(단체등의구성·활동)","성북","범죄 발생지","","","","","","","","","","","","6","","-","-","1","1","9",
"폭력행위등(단체등의구성·활동)","강북","범죄 발생지","","","","","","","","","","","","1","3","2","-","-","1","9",
"폭력행위등(단체등의구성·활동)","도봉","범죄 발생지","","","","","","","","","","","","2","1","-","-","-","1","3",
"폭력행위등(단체등의구성·활동)","노원","범죄 발생지","","","","","","","","","","","","5","1","-","-","3","2","13",
"폭력행위등(단체등의구성·활동)","은평","범죄 발생지","","","","","","","","","","","","1","2","1","-","2","4","14",
"폭력행위등(단체등의구성·활동)","서대문","범죄 발생지","","","","","","","","","","","","2","2","-","-","1","4","7",
"폭력행위등(단체등의구성·활동)","마포","범죄 발생지","","","","","","","","","","","","3","","1","1","3","2","11",
"폭력행위등(단체등의구성·활동)","양천","범죄 발생지","","","","","","","","","","","","1","1","-","-","-","-","9",
"폭력행위등(단체등의구성·활동)","강서","범죄 발생지","","","","","","","","","","","","6","2","1","-","-","4","15",
"폭력행위등(단체등의구성·활동)","구로","범죄 발생지","","","","","","","","","","","","16","4","-","-","1","2","11",
"폭력행위등(단체등의구성·활동)","금천","범죄 발생지","","","","","","","","","","","","2","4","-","-","1","5","9",
"폭력행위등(단체등의구성·활동)","영등포","범죄 발생지","","","","","","","","","","","","31","3","1","-","2","6","31",
"폭력행위등(단체등의구성·활동)","동작","범죄 발생지","","","","","","","","","","","","8","1","1","-","1","2","6",
"폭력행위등(단체등의구성·활동)","관악","범죄 발생지","","","","","","","","","","","","3","5","9","3","1","1","24",
"폭력행위등(단체등의구성·활동)","서초","범죄 발생지","","","","","","","","","","","","4","7","1","-","1","1","11",
"폭력행위등(단체등의구성·활동)","강남","범죄 발생지","","","","","","","","","","","","8","4","1","5","11","10","38",
"폭력행위등(단체등의구성·활동)","송파","범죄 발생지","","","","","","","","","","","","4","3","-","1","-","4","12",
"폭력행위등(단체등의구성·활동)","강동","범죄 발생지","","","","","","","","","","","","1","3","-","-","1","2","9",
"폭력행위등(단체등의구성·활동)","중구","범죄 발생지","","","","","","","","","","","","1","2","-","-","-","1","5",
"폭력행위등(단체등의구성·활동)","서구","범죄 발생지","","","","","","","","","","","","2","","-","-","1","-","4",
"폭력행위등(단체등의구성·활동)","동구","범죄 발생지","","","","","","","","","","","","4","","1","-","1","4","7",
"폭력행위등(단체등의구성·활동)","영도","범죄 발생지","","","","","","","","","","","","1","","-","-","-","-","4",
"폭력행위등(단체등의구성·활동)","부산진","범죄 발생지","","","","","","","","","","","","5","2","1","2","-","12","13",
"폭력행위등(단체등의구성·활동)","동래","범죄 발생지","","","","","","","","","","","","32","2","-","1","-","1","1",
"폭력행위등(단체등의구성·활동)","남구","범죄 발생지","","","","","","","","","","","","2","1","-","-","-","-","4",
"폭력행위등(단체등의구성·활동)","북구","범죄 발생지","","","","","","","","","","","","3","3","-","-","-","2","11",
"폭력행위등(단체등의구성·활동)","해운대","범죄 발생지","","","","","","","","","","","","11","3","2","1","6","35","15",
"폭력행위등(단체등의구성·활동)","사하","범죄 발생지","","","","","","","","","","","","4","1","-","-","-","3","14",
"폭력행위등(단체등의구성·활동)","금정","범죄 발생지","","","","","","","","","","","","9","9","2","3","-","-","14",
"폭력행위등(단체등의구성·활동)","강서","범죄 발생지","","","","","","","","","","","","","","-","-","-","2","3",
"폭력행위등(단체등의구성·활동)","연제","범죄 발생지","","","","","","","","","","","","7","4","-","6","-","4","7",
"폭력행위등(단체등의구성·활동)","수영","범죄 발생지","","","","","","","","","","","","1","","-","-","-","-","8",
"폭력행위등(단체등의구성·활동)","사상","범죄 발생지","","","","","","","","","","","","6","8","1","-","-","1","12",
"폭력행위등(단체등의구성·활동)","기장군","범죄 발생지","","","","","","","","","","","","3","4","2","-","11","24","3",
"폭력행위등(단체등의구성·활동)","중구","범죄 발생지","","","","","","","","","","","","1","","1","-","-","-","9",
"폭력행위등(단체등의구성·활동)","동구","범죄 발생지","","","","","","","","","","","","","2","-","-","-","2","16",
"폭력행위등(단체등의구성·활동)","서구","범죄 발생지","","","","","","","","","","","","","1","1","-","-","1","7",
"폭력행위등(단체등의구성·활동)","남구","범죄 발생지","","","","","","","","","","","","","","-","-","1","4","3",
"폭력행위등(단체등의구성·활동)","북구","범죄 발생지","","","","","","","","","","","","2","1","-","-","2","1","15",
"폭력행위등(단체등의구성·활동)","수성","범죄 발생지","","","","","","","","","","","","2","2","-","-","-","3","6",
"폭력행위등(단체등의구성·활동)","달서","범죄 발생지","","","","","","","","","","","","5","5","-","-","-","1","21",
"폭력행위등(단체등의구성·활동)","달성군","범죄 발생지","","","","","","","","","","","","","","-","-","-","-","4",
"폭력행위등(단체등의구성·활동)","중구","범죄 발생지","","","","","","","","","","","","2","3","-","-","1","-","8",
"폭력행위등(단체등의구성·활동)","동구","범죄 발생지","","","","","","","","","","","","","1","-","-","1","-","1",
"폭력행위등(단체등의구성·활동)","서구","범죄 발생지","","","","","","","","","","","","3","","-","2","-","3","12",
"폭력행위등(단체등의구성·활동)","미추홀","범죄 발생지","","","","","","","","","","","","4","3","4","-","6","2","33",
"폭력행위등(단체등의구성·활동)","연수","범죄 발생지","","","","","","","","","","","","2","3","1","-","-","2","6",
"폭력행위등(단체등의구성·활동)","남동","범죄 발생지","","","","","","","","","","","","2","1","-","1","1","5","12",
"폭력행위등(단체등의구성·활동)","부평","범죄 발생지","","","","","","","","","","","","2","1","2","3","3","3","23",
"폭력행위등(단체등의구성·활동)","계양","범죄 발생지","","","","","","","","","","","","2","","1","-","2","6","9",
"폭력행위등(단체등의구성·활동)","강화군","범죄 발생지","","","","","","","","","","","","1","2","-","-","-","-","5",
"폭력행위등(단체등의구성·활동)","옹진군","범죄 발생지","","","","","","","","","","","","","1","-","-","-","2","-",
"폭력행위등(단체등의구성·활동)","동구","범죄 발생지","","","","","","","","","","","","2","5","-","2","1","3","1",
"폭력행위등(단체등의구성·활동)","서구","범죄 발생지","","","","","","","","","","","","2","1","-","3","6","6","1",
"폭력행위등(단체등의구성·활동)","남구","범죄 발생지","","","","","","","","","","","","1","1","1","1","1","-","1",
"폭력행위등(단체등의구성·활동)","북구","범죄 발생지","","","","","","","","","","","","3","2","1","-","6","3","3",
"폭력행위등(단체등의구성·활동)","광산","범죄 발생지","","","","","","","","","","","","2","2","-","-","-","2","2",
"폭력행위등(단체등의구성·활동)","중구","범죄 발생지","","","","","","","","","","","","1","","-","-","-","1","2",
"폭력행위등(단체등의구성·활동)","동구","범죄 발생지","","","","","","","","","","","","2","1","-","-","-","1","-",
"폭력행위등(단체등의구성·활동)","서구","범죄 발생지","","","","","","","","","","","","","3","-","-","2","4","4",
"폭력행위등(단체등의구성·활동)","유성","범죄 발생지","","","","","","","","","","","","","3","-","-","3","1","-",
"폭력행위등(단체등의구성·활동)","대덕","범죄 발생지","","","","","","","","","","","","2","","-","-","2","2","2",
"폭력행위등(단체등의구성·활동)","중구","범죄 발생지","","","","","","","","","","","","3","6","-","-","-","3","6",
"폭력행위등(단체등의구성·활동)","동구","범죄 발생지","","","","","","","","","","","","","","-","-","-","1","5",
"폭력행위등(단체등의구성·활동)","남구","범죄 발생지","","","","","","","","","","","","1","1","1","-","3","5","17",
"폭력행위등(단체등의구성·활동)","북구","범죄 발생지","","","","","","","","","","","","1","","-","-","-","-","2",
"폭력행위등(단체등의구성·활동)","울주군","범죄 발생지","","","","","","","","","","","","3","1","-","-","-","4","-",
"폭력행위 등 처벌에 관한법률","종로","범죄 발생지","","","","","","","","","","","","2501","2653","1048","479","425","387","351",
"폭력행위 등 처벌에 관한법률","중구","범죄 발생지","","","","","","","","","","","","2663","2573","1159","627","602","592","405",
"폭력행위 등 처벌에 관한법률","용산","범죄 발생지","","","","","","","","","","","","1461","1377","535","353","404","383","302",
"폭력행위 등 처벌에 관한법률","성동","범죄 발생지","","","","","","","","","","","","1775","1647","605","330","359","290","212",
"폭력행위 등 처벌에 관한법률","광진","범죄 발생지","","","","","","","","","","","","2245","1993","907","446","477","446","384",
"폭력행위 등 처벌에 관한법률","동대문","범죄 발생지","","","","","","","","","","","","2984","2729","1015","580","521","465","400",
"폭력행위 등 처벌에 관한법률","중랑","범죄 발생지","","","","","","","","","","","","3145","3044","1069","640","576","545","506",
"폭력행위 등 처벌에 관한법률","성북","범죄 발생지","","","","","","","","","","","","2684","2549","877","413","402","416","305",
"폭력행위 등 처벌에 관한법률","강북","범죄 발생지","","","","","","","","","","","","2490","2315","840","412","465","417","378",
"폭력행위 등 처벌에 관한법률","도봉","범죄 발생지","","","","","","","","","","","","1610","1593","522","237","283","278","182",
"폭력행위 등 처벌에 관한법률","노원","범죄 발생지","","","","","","","","","","","","2718","2674","952","548","485","431","370",
"폭력행위 등 처벌에 관한법률","은평","범죄 발생지","","","","","","","","","","","","2549","2471","994","565","463","474","378",
"폭력행위 등 처벌에 관한법률","서대문","범죄 발생지","","","","","","","","","","","","2018","2021","732","425","382","459","319",
"폭력행위 등 처벌에 관한법률","마포","범죄 발생지","","","","","","","","","","","","2385","2371","884","516","492","496","469",
"폭력행위 등 처벌에 관한법률","양천","범죄 발생지","","","","","","","","","","","","2163","2115","774","355","349","301","254",
"폭력행위 등 처벌에 관한법률","강서","범죄 발생지","","","","","","","","","","","","3278","2799","1016","619","574","560","420",
"폭력행위 등 처벌에 관한법률","구로","범죄 발생지","","","","","","","","","","","","2793","2636","1036","535","552","447","422",
"폭력행위 등 처벌에 관한법률","금천","범죄 발생지","","","","","","","","","","","","1994","1874","769","430","439","335","282",
"폭력행위 등 처벌에 관한법률","영등포","범죄 발생지","","","","","","","","","","","","3048","3025","1131","690","669","582","588",
"폭력행위 등 처벌에 관한법률","동작","범죄 발생지","","","","","","","","","","","","1941","1849","680","322","346","281","254",
"폭력행위 등 처벌에 관한법률","관악","범죄 발생지","","","","","","","","","","","","3175","3108","1176","674","608","553","465",
"폭력행위 등 처벌에 관한법률","서초","범죄 발생지","","","","","","","","","","","","2423","2269","973","550","491","421","329",
"폭력행위 등 처벌에 관한법률","강남","범죄 발생지","","","","","","","","","","","","3539","3261","1674","859","852","901","741",
"폭력행위 등 처벌에 관한법률","송파","범죄 발생지","","","","","","","","","","","","3267","3135","1384","605","648","560","444",
"폭력행위 등 처벌에 관한법률","강동","범죄 발생지","","","","","","","","","","","","2448","2284","892","453","493","524","365",
"폭력행위 등 처벌에 관한법률","중구","범죄 발생지","","","","","","","","","","","","546","560","307","186","196","294","174",
"폭력행위 등 처벌에 관한법률","서구","범죄 발생지","","","","","","","","","","","","643","672","437","150","143","463","125",
"폭력행위 등 처벌에 관한법률","동구","범죄 발생지","","","","","","","","","","","","1253","1033","426","250","160","265","140",
"폭력행위 등 처벌에 관한법률","영도","범죄 발생지","","","","","","","","","","","","588","602","263","115","148","145","127",
"폭력행위 등 처벌에 관한법률","부산진","범죄 발생지","","","","","","","","","","","","2168","2062","847","478","671","1092","557",
"폭력행위 등 처벌에 관한법률","동래","범죄 발생지","","","","","","","","","","","","1156","1189","448","240","273","308","304",
"폭력행위 등 처벌에 관한법률","남구","범죄 발생지","","","","","","","","","","","","1164","1125","462","207","259","300","217",
"폭력행위 등 처벌에 관한법률","북구","범죄 발생지","","","","","","","","","","","","1627","1388","514","282","318","408","247",
"폭력행위 등 처벌에 관한법률","해운대","범죄 발생지","","","","","","","","","","","","1610","1374","594","368","450","698","407",
"폭력행위 등 처벌에 관한법률","사하","범죄 발생지","","","","","","","","","","","","1122","1084","596","301","318","475","272",
"폭력행위 등 처벌에 관한법률","금정","범죄 발생지","","","","","","","","","","","","1060","1043","439","261","296","356","238",
"폭력행위 등 처벌에 관한법률","강서","범죄 발생지","","","","","","","","","","","","173","117","83","53","39","73","56",
"폭력행위 등 처벌에 관한법률","연제","범죄 발생지","","","","","","","","","","","","864","970","504","288","302","378","234",
"폭력행위 등 처벌에 관한법률","수영","범죄 발생지","","","","","","","","","","","","774","751","319","172","171","186","152",
"폭력행위 등 처벌에 관한법률","사상","범죄 발생지","","","","","","","","","","","","980","1037","468","230","289","408","226",
"폭력행위 등 처벌에 관한법률","기장군","범죄 발생지","","","","","","","","","","","","280","276","139","103","107","252","88",
"폭력행위 등 처벌에 관한법률","중구","범죄 발생지","","","","","","","","","","","","1175","1140","527","256","314","236","200",
"폭력행위 등 처벌에 관한법률","동구","범죄 발생지","","","","","","","","","","","","2007","1887","854","365","451","448","326",
"폭력행위 등 처벌에 관한법률","서구","범죄 발생지","","","","","","","","","","","","1344","1132","601","371","302","306","230",
"폭력행위 등 처벌에 관한법률","남구","범죄 발생지","","","","","","","","","","","","1143","1162","503","261","186","228","193",
"폭력행위 등 처벌에 관한법률","북구","범죄 발생지","","","","","","","","","","","","1650","2158","683","389","449","572","304",
"폭력행위 등 처벌에 관한법률","수성","범죄 발생지","","","","","","","","","","","","1858","1837","729","376","417","389","289",
"폭력행위 등 처벌에 관한법률","달서","범죄 발생지","","","","","","","","","","","","2648","2865","1320","629","531","688","540",
"폭력행위 등 처벌에 관한법률","달성군","범죄 발생지","","","","","","","","","","","","427","438","38","108","118","105","118",
"폭력행위 등 처벌에 관한법률","중구","범죄 발생지","","","","","","","","","","","","599","639","369","151","150","133","121",
"폭력행위 등 처벌에 관한법률","동구","범죄 발생지","","","","","","","","","","","","452","506","183","66","51","48","33",
"폭력행위 등 처벌에 관한법률","서구","범죄 발생지","","","","","","","","","","","","1757","2058","814","361","456","460","399",
"폭력행위 등 처벌에 관한법률","미추홀","범죄 발생지","","","","","","","","","","","","2623","2690","1313","713","657","539","443",
"폭력행위 등 처벌에 관한법률","연수","범죄 발생지","","","","","","","","","","","","1237","1178","514","290","257","238","189",
"폭력행위 등 처벌에 관한법률","남동","범죄 발생지","","","","","","","","","","","","2449","2524","1183","621","531","536","390",
"폭력행위 등 처벌에 관한법률","부평","범죄 발생지","","","","","","","","","","","","3483","3685","1811","857","805","662","572",
"폭력행위 등 처벌에 관한법률","계양","범죄 발생지","","","","","","","","","","","","1726","1869","822","473","370","324","314",
"폭력행위 등 처벌에 관한법률","강화군","범죄 발생지","","","","","","","","","","","","110","290","15","39","66","51","54",
"폭력행위 등 처벌에 관한법률","옹진군","범죄 발생지","","","","","","","","","","","","43","36","24","10","23","16","12",
"폭력행위 등 처벌에 관한법률","동구","범죄 발생지","","","","","","","","","","","","824","1197","143","258","364","250","76",
"폭력행위 등 처벌에 관한법률","서구","범죄 발생지","","","","","","","","","","","","1223","1758","400","665","545","441","125",
"폭력행위 등 처벌에 관한법률","남구","범죄 발생지","","","","","","","","","","","","598","1031","115","182","239","162","40",
"폭력행위 등 처벌에 관한법률","북구","범죄 발생지","","","","","","","","","","","","1394","2705","379","443","463","594","168",
"폭력행위 등 처벌에 관한법률","광산","범죄 발생지","","","","","","","","","","","","1194","1500","239","348","382","356","74",
"폭력행위 등 처벌에 관한법률","중구","범죄 발생지","","","","","","","","","","","","759","815","184","421","373","545","132",
"폭력행위 등 처벌에 관한법률","동구","범죄 발생지","","","","","","","","","","","","758","695","176","250","323","303","96",
"폭력행위 등 처벌에 관한법률","서구","범죄 발생지","","","","","","","","","","","","946","953","315","370","504","740","122",
"폭력행위 등 처벌에 관한법률","유성","범죄 발생지","","","","","","","","","","","","20","465","94","289","160","353","48",
"폭력행위 등 처벌에 관한법률","대덕","범죄 발생지","","","","","","","","","","","","528","566","116","174","223","215","71",
"폭력행위 등 처벌에 관한법률","중구","범죄 발생지","","","","","","","","","","","","1011","1257","512","258","317","229","187",
"폭력행위 등 처벌에 관한법률","동구","범죄 발생지","","","","","","","","","","","","817","810","340","177","184","184","161",
"폭력행위 등 처벌에 관한법률","남구","범죄 발생지","","","","","","","","","","","","1801","1970","1009","504","415","425","380",
"폭력행위 등 처벌에 관한법률","북구","범죄 발생지","","","","","","","","","","","","343","415","180","110","89","79","79",
"폭력행위 등 처벌에 관한법률","울주군","범죄 발생지","","","","","","","","","","","","509","637","286","184","168","191","157",
"통화","종로","범죄 발생지","","","","","","","","","","","","19","5","2","8","5","7","26",
"통화","중구","범죄 발생지","","","","","","","","","","","","163","300","559","699","591","869","655",
"통화","용산","범죄 발생지","","","","","","","","","","","","3","","-","2","7","7","69",
"통화","성동","범죄 발생지","","","","","","","","","","","","1","9","4","1","6","-","5",
"통화","광진","범죄 발생지","","","","","","","","","","","","30","97","147","134","136","141","89",
"통화","동대문","범죄 발생지","","","","","","","","","","","","32","168","238","254","351","356","291",
"통화","중랑","범죄 발생지","","","","","","","","","","","","3","6","2","1","11","5","42",
"통화","성북","범죄 발생지","","","","","","","","","","","","12","16","19","4","12","9","58",
"통화","강북","범죄 발생지","","","","","","","","","","","","3","2","-","2","1","121","63",
"통화","도봉","범죄 발생지","","","","","","","","","","","","1","","-","-","-","105","68",
"통화","노원","범죄 발생지","","","","","","","","","","","","3","","-","1","72","178","87",
"통화","은평","범죄 발생지","","","","","","","","","","","","","","1","-","8","13","80",
"통화","서대문","범죄 발생지","","","","","","","","","","","","","","3","1","3","3","55",
"통화","마포","범죄 발생지","","","","","","","","","","","","4","","2","-","-","2","68",
"통화","양천","범죄 발생지","","","","","","","","","","","","","","1","1","1","1","82",
"통화","강서","범죄 발생지","","","","","","","","","","","","2","3","2","8","3","22","139",
"통화","구로","범죄 발생지","","","","","","","","","","","","7","41","64","72","82","129","98",
"통화","금천","범죄 발생지","","","","","","","","","","","","","1","-","-","9","2","55",
"통화","영등포","범죄 발생지","","","","","","","","","","","","5","5","1","-","2","2","37",
"통화","동작","범죄 발생지","","","","","","","","","","","","2","1","3","-","2","1","5",
"통화","관악","범죄 발생지","","","","","","","","","","","","2","1","-","1","2","1","94",
"통화","서초","범죄 발생지","","","","","","","","","","","","5","1","1","1","1","6","73",
"통화","강남","범죄 발생지","","","","","","","","","","","","5","17","210","163","110","48","86",
"통화","송파","범죄 발생지","","","","","","","","","","","","1","5","3","-","72","1","13",
"통화","강동","범죄 발생지","","","","","","","","","","","","1","","3","-","-","42","104",
"통화","중구","범죄 발생지","","","","","","","","","","","","5","14","34","31","34","14","7",
"통화","서구","범죄 발생지","","","","","","","","","","","","1","4","11","10","7","7","7",
"통화","동구","범죄 발생지","","","","","","","","","","","","6","1","8","33","23","15","7",
"통화","영도","범죄 발생지","","","","","","","","","","","","","","2","12","8","9","2",
"통화","부산진","범죄 발생지","","","","","","","","","","","","7","63","82","147","59","47","22",
"통화","동래","범죄 발생지","","","","","","","","","","","","6","32","21","42","20","20","14",
"통화","남구","범죄 발생지","","","","","","","","","","","","","5","27","42","16","33","10",
"통화","북구","범죄 발생지","","","","","","","","","","","","9","29","15","66","28","18","9",
"통화","해운대","범죄 발생지","","","","","","","","","","","","","32","27","54","28","21","9",
"통화","사하","범죄 발생지","","","","","","","","","","","","","2","2","2","-","2","10",
"통화","금정","범죄 발생지","","","","","","","","","","","","","","-","-","2","7","1",
"통화","강서","범죄 발생지","","","","","","","","","","","","1","1","17","4","3","3","7",
"통화","연제","범죄 발생지","","","","","","","","","","","","3","28","3","34","14","17","8",
"통화","수영","범죄 발생지","","","","","","","","","","","","2","7","25","28","12","24","8",
"통화","사상","범죄 발생지","","","","","","","","","","","","4","44","39","58","21","18","6",
"통화","기장군","범죄 발생지","","","","","","","","","","","","","6","3","5","10","18","1",
"통화","중구","범죄 발생지","","","","","","","","","","","","6","2","11","21","25","6","38",
"통화","동구","범죄 발생지","","","","","","","","","","","","","","4","2","9","-","11",
"통화","서구","범죄 발생지","","","","","","","","","","","","","","-","2","1","-","22",
"통화","남구","범죄 발생지","","","","","","","","","","","","","","2","-","1","-","11",
"통화","북구","범죄 발생지","","","","","","","","","","","","1","1","-","-","4","3","14",
"통화","수성","범죄 발생지","","","","","","","","","","","","","3","-","10","4","2","14",
"통화","달서","범죄 발생지","","","","","","","","","","","","","","-","2","11","25","49",
"통화","달성군","범죄 발생지","","","","","","","","","","","","","","-","-","-","5","9",
"통화","중구","범죄 발생지","","","","","","","","","","","","1","12","26","22","19","42","51",
"통화","동구","범죄 발생지","","","","","","","","","","","","5","","-","1","8","24","25",
"통화","서구","범죄 발생지","","","","","","","","","","","","","","-","10","44","32","39",
"통화","미추홀","범죄 발생지","","","","","","","","","","","","6","","4","3","15","60","76",
"통화","연수","범죄 발생지","","","","","","","","","","","","1","3","28","44","43","62","36",
"통화","남동","범죄 발생지","","","","","","","","","","","","1","1","2","1","13","47","40",
"통화","부평","범죄 발생지","","","","","","","","","","","","1","16","100","58","137","162","108",
"통화","계양","범죄 발생지","","","","","","","","","","","","1","","-","8","11","3","27",
"통화","강화군","범죄 발생지","","","","","","","","","","","","","","-","3","-","2","30",
"통화","옹진군","범죄 발생지","","","","","","","","","","","","","","-","-","-","-","-",
"통화","동구","범죄 발생지","","","","","","","","","","","","8","1","1","8","24","53","22",
"통화","서구","범죄 발생지","","","","","","","","","","","","","3","38","77","50","42","11",
"통화","남구","범죄 발생지","","","","","","","","","","","","","1","4","21","10","8","7",
"통화","북구","범죄 발생지","","","","","","","","","","","","","1","-","51","29","36","13",
"통화","광산","범죄 발생지","","","","","","","","","","","","","","-","1","3","33","9",
"통화","중구","범죄 발생지","","","","","","","","","","","","","","1","9","12","12","8",
"통화","동구","범죄 발생지","","","","","","","","","","","","","","49","77","74","36","9",
"통화","서구","범죄 발생지","","","","","","","","","","","","","6","27","35","62","90","55",
"통화","유성","범죄 발생지","","","","","","","","","","","","","6","5","10","1","1","6",
"통화","대덕","범죄 발생지","","","","","","","","","","","","10","11","33","44","56","15","6",
"통화","중구","범죄 발생지","","","","","","","","","","","","","","1","10","4","3","7",
"통화","동구","범죄 발생지","","","","","","","","","","","","","","-","2","-","-","3",
"통화","남구","범죄 발생지","","","","","","","","","","","","","","1","26","29","55","21",
"통화","북구","범죄 발생지","","","","","","","","","","","","","","3","13","1","2","5",
"통화","울주군","범죄 발생지","","","","","","","","","","","","1","","1","-","1","2","1",
"유가증권/인지/우표","종로","범죄 발생지","","","","","","","","","","","","40","29","34","26","19","17","16",
"유가증권/인지/우표","중구","범죄 발생지","","","","","","","","","","","","46","68","79","31","32","26","20",
"유가증권/인지/우표","용산","범죄 발생지","","","","","","","","","","","","23","19","20","24","11","5","5",
"유가증권/인지/우표","성동","범죄 발생지","","","","","","","","","","","","16","19","49","13","17","16","19",
"유가증권/인지/우표","광진","범죄 발생지","","","","","","","","","","","","23","25","38","33","9","12","13",
"유가증권/인지/우표","동대문","범죄 발생지","","","","","","","","","","","","39","53","56","38","55","22","16",
"유가증권/인지/우표","중랑","범죄 발생지","","","","","","","","","","","","12","26","16","11","12","12","5",
"유가증권/인지/우표","성북","범죄 발생지","","","","","","","","","","","","20","10","18","5","8","14","10",
"유가증권/인지/우표","강북","범죄 발생지","","","","","","","","","","","","12","7","27","5","12","7","8",
"유가증권/인지/우표","도봉","범죄 발생지","","","","","","","","","","","","10","10","17","9","7","18","5",
"유가증권/인지/우표","노원","범죄 발생지","","","","","","","","","","","","24","8","23","8","6","11","7",
"유가증권/인지/우표","은평","범죄 발생지","","","","","","","","","","","","8","11","12","12","4","2","15",
"유가증권/인지/우표","서대문","범죄 발생지","","","","","","","","","","","","8","27","23","9","16","16","12",
"유가증권/인지/우표","마포","범죄 발생지","","","","","","","","","","","","15","27","27","18","21","17","10",
"유가증권/인지/우표","양천","범죄 발생지","","","","","","","","","","","","27","31","28","26","22","19","9",
"유가증권/인지/우표","강서","범죄 발생지","","","","","","","","","","","","32","34","35","31","10","20","13",
"유가증권/인지/우표","구로","범죄 발생지","","","","","","","","","","","","22","29","57","30","20","11","11",
"유가증권/인지/우표","금천","범죄 발생지","","","","","","","","","","","","14","11","33","21","12","7","6",
"유가증권/인지/우표","영등포","범죄 발생지","","","","","","","","","","","","50","55","69","61","35","35","18",
"유가증권/인지/우표","동작","범죄 발생지","","","","","","","","","","","","11","12","11","13","11","11","11",
"유가증권/인지/우표","관악","범죄 발생지","","","","","","","","","","","","15","16","17","9","15","10","6",
"유가증권/인지/우표","서초","범죄 발생지","","","","","","","","","","","","60","119","159","78","61","57","51",
"유가증권/인지/우표","강남","범죄 발생지","","","","","","","","","","","","67","78","164","91","110","85","57",
"유가증권/인지/우표","송파","범죄 발생지","","","","","","","","","","","","38","48","59","46","20","15","6",
"유가증권/인지/우표","강동","범죄 발생지","","","","","","","","","","","","24","27","20","24","18","15","15",
"유가증권/인지/우표","중구","범죄 발생지","","","","","","","","","","","","7","5","14","14","2","2","1",
"유가증권/인지/우표","서구","범죄 발생지","","","","","","","","","","","","11","8","10","6","6","6","2",
"유가증권/인지/우표","동구","범죄 발생지","","","","","","","","","","","","18","10","9","12","3","4","5",
"유가증권/인지/우표","영도","범죄 발생지","","","","","","","","","","","","3","19","3","-","1","3","-",
"유가증권/인지/우표","부산진","범죄 발생지","","","","","","","","","","","","19","11","23","9","9","3","5",
"유가증권/인지/우표","동래","범죄 발생지","","","","","","","","","","","","12","6","12","6","6","3","1",
"유가증권/인지/우표","남구","범죄 발생지","","","","","","","","","","","","7","7","8","11","10","5","2",
"유가증권/인지/우표","북구","범죄 발생지","","","","","","","","","","","","5","9","9","7","6","6","3",
"유가증권/인지/우표","해운대","범죄 발생지","","","","","","","","","","","","8","3","4","5","5","1","5",
"유가증권/인지/우표","사하","범죄 발생지","","","","","","","","","","","","3","6","2","7","3","5","5",
"유가증권/인지/우표","금정","범죄 발생지","","","","","","","","","","","","9","8","6","6","4","2","5",
"유가증권/인지/우표","강서","범죄 발생지","","","","","","","","","","","","","1","2","6","2","5","3",
"유가증권/인지/우표","연제","범죄 발생지","","","","","","","","","","","","11","5","10","3","5","2","3",
"유가증권/인지/우표","수영","범죄 발생지","","","","","","","","","","","","","3","2","4","3","4","2",
"유가증권/인지/우표","사상","범죄 발생지","","","","","","","","","","","","16","8","11","19","9","6","5",
"유가증권/인지/우표","기장군","범죄 발생지","","","","","","","","","","","","1","1","1","1","-","-","1",
"유가증권/인지/우표","중구","범죄 발생지","","","","","","","","","","","","2","13","3","7","5","7","4",
"유가증권/인지/우표","동구","범죄 발생지","","","","","","","","","","","","15","17","17","11","4","10","8",
"유가증권/인지/우표","서구","범죄 발생지","","","","","","","","","","","","5","15","7","1","12","7","2",
"유가증권/인지/우표","남구","범죄 발생지","","","","","","","","","","","","5","5","6","2","7","5","-",
"유가증권/인지/우표","북구","범죄 발생지","","","","","","","","","","","","17","18","11","15","8","4","4",
"유가증권/인지/우표","수성","범죄 발생지","","","","","","","","","","","","15","13","6","16","11","4","8",
"유가증권/인지/우표","달서","범죄 발생지","","","","","","","","","","","","9","18","32","9","25","8","4",
"유가증권/인지/우표","달성군","범죄 발생지","","","","","","","","","","","","","2","1","2","2","3","-",
"유가증권/인지/우표","중구","범죄 발생지","","","","","","","","","","","","5","5","8","3","2","7","-",
"유가증권/인지/우표","동구","범죄 발생지","","","","","","","","","","","","2","1","4","3","2","3","-",
"유가증권/인지/우표","서구","범죄 발생지","","","","","","","","","","","","9","12","31","12","7","5","5",
"유가증권/인지/우표","미추홀","범죄 발생지","","","","","","","","","","","","15","7","15","21","18","11","16",
"유가증권/인지/우표","연수","범죄 발생지","","","","","","","","","","","","2","1","9","5","2","5","-",
"유가증권/인지/우표","남동","범죄 발생지","","","","","","","","","","","","14","17","34","22","12","19","7",
"유가증권/인지/우표","부평","범죄 발생지","","","","","","","","","","","","11","13","24","22","7","8","6",
"유가증권/인지/우표","계양","범죄 발생지","","","","","","","","","","","","7","3","9","6","6","4","3",
"유가증권/인지/우표","강화군","범죄 발생지","","","","","","","","","","","","1","1","1","7","1","1","-",
"유가증권/인지/우표","옹진군","범죄 발생지","","","","","","","","","","","","","","-","1","-","-","-",
"유가증권/인지/우표","동구","범죄 발생지","","","","","","","","","","","","7","4","2","3","5","3","4",
"유가증권/인지/우표","서구","범죄 발생지","","","","","","","","","","","","3","2","5","8","1","7","1",
"유가증권/인지/우표","남구","범죄 발생지","","","","","","","","","","","","3","5","2","2","3","-","-",
"유가증권/인지/우표","북구","범죄 발생지","","","","","","","","","","","","1","2","9","11","10","9","2",
"유가증권/인지/우표","광산","범죄 발생지","","","","","","","","","","","","7","8","7","8","5","11","2",
"유가증권/인지/우표","중구","범죄 발생지","","","","","","","","","","","","1","2","1","3","5","7","1",
"유가증권/인지/우표","동구","범죄 발생지","","","","","","","","","","","","3","5","6","5","8","1","2",
"유가증권/인지/우표","서구","범죄 발생지","","","","","","","","","","","","11","15","8","5","15","18","-",
"유가증권/인지/우표","유성","범죄 발생지","","","","","","","","","","","","","1","-","4","2","5","1",
"유가증권/인지/우표","대덕","범죄 발생지","","","","","","","","","","","","4","10","5","5","-","5","-",
"유가증권/인지/우표","중구","범죄 발생지","","","","","","","","","","","","2","1","5","1","1","-","3",
"유가증권/인지/우표","동구","범죄 발생지","","","","","","","","","","","","","1","-","-","-","1","-",
"유가증권/인지/우표","남구","범죄 발생지","","","","","","","","","","","","7","5","12","13","7","9","3",
"유가증권/인지/우표","북구","범죄 발생지","","","","","","","","","","","","2","1","1","1","3","1","1",
"유가증권/인지/우표","울주군","범죄 발생지","","","","","","","","","","","","1","1","-","1","-","-","3",
"문서","종로","범죄 발생지","","","","","","","","","","","","392","494","622","724","512","402","254",
"문서","중구","범죄 발생지","","","","","","","","","","","","340","268","277","206","322","222","183",
"문서","용산","범죄 발생지","","","","","","","","","","","","153","175","147","130","136","154","114",
"문서","성동","범죄 발생지","","","","","","","","","","","","117","114","88","98","129","97","67",
"문서","광진","범죄 발생지","","","","","","","","","","","","179","172","149","131","111","158","134",
"문서","동대문","범죄 발생지","","","","","","","","","","","","213","215","200","198","215","184","128",
"문서","중랑","범죄 발생지","","","","","","","","","","","","135","170","175","152","120","135","125",
"문서","성북","범죄 발생지","","","","","","","","","","","","122","129","107","116","123","117","98",
"문서","강북","범죄 발생지","","","","","","","","","","","","128","139","152","123","111","112","113",
"문서","도봉","범죄 발생지","","","","","","","","","","","","98","123","114","121","94","110","88",
"문서","노원","범죄 발생지","","","","","","","","","","","","191","181","203","234","193","183","141",
"문서","은평","범죄 발생지","","","","","","","","","","","","129","147","120","118","144","147","110",
"문서","서대문","범죄 발생지","","","","","","","","","","","","126","182","130","175","226","163","91",
"문서","마포","범죄 발생지","","","","","","","","","","","","134","156","153","132","120","151","137",
"문서","양천","범죄 발생지","","","","","","","","","","","","187","282","582","268","254","254","205",
"문서","강서","범죄 발생지","","","","","","","","","","","","312","293","1493","326","292","248","147",
"문서","구로","범죄 발생지","","","","","","","","","","","","191","198","196","193","182","207","134",
"문서","금천","범죄 발생지","","","","","","","","","","","","101","92","106","93","116","126","57",
"문서","영등포","범죄 발생지","","","","","","","","","","","","275","303","452","270","263","263","177",
"문서","동작","범죄 발생지","","","","","","","","","","","","109","145","130","136","129","147","76",
"문서","관악","범죄 발생지","","","","","","","","","","","","135","134","157","188","158","154","100",
"문서","서초","범죄 발생지","","","","","","","","","","","","498","472","472","460","411","443","365",
"문서","강남","범죄 발생지","","","","","","","","","","","","603","553","480","432","474","511","362",
"문서","송파","범죄 발생지","","","","","","","","","","","","196","243","215","205","193","196","169",
"문서","강동","범죄 발생지","","","","","","","","","","","","125","160","88","185","171","142","101",
"문서","중구","범죄 발생지","","","","","","","","","","","","96","92","114","52","53","162","94",
"문서","서구","범죄 발생지","","","","","","","","","","","","127","146","103","89","62","48","78",
"문서","동구","범죄 발생지","","","","","","","","","","","","116","150","366","100","100","73","63",
"문서","영도","범죄 발생지","","","","","","","","","","","","90","65","77","43","535","53","37",
"문서","부산진","범죄 발생지","","","","","","","","","","","","221","194","194","157","214","159","168",
"문서","동래","범죄 발생지","","","","","","","","","","","","104","102","104","69","87","83","69",
"문서","남구","범죄 발생지","","","","","","","","","","","","124","181","203","94","98","74","55",
"문서","북구","범죄 발생지","","","","","","","","","","","","117","96","96","76","58","70","64",
"문서","해운대","범죄 발생지","","","","","","","","","","","","94","84","118","119","140","240","146",
"문서","사하","범죄 발생지","","","","","","","","","","","","94","122","93","90","85","63","171",
"문서","금정","범죄 발생지","","","","","","","","","","","","73","102","99","83","103","84","100",
"문서","강서","범죄 발생지","","","","","","","","","","","","68","66","91","78","90","49","32",
"문서","연제","범죄 발생지","","","","","","","","","","","","140","260","190","296","144","105","95",
"문서","수영","범죄 발생지","","","","","","","","","","","","38","41","44","50","46","42","58",
"문서","사상","범죄 발생지","","","","","","","","","","","","80","78","79","109","89","83","63",
"문서","기장군","범죄 발생지","","","","","","","","","","","","20","22","18","25","26","136","34",
"문서","중구","범죄 발생지","","","","","","","","","","","","129","89","54","55","1551","62","66",
"문서","동구","범죄 발생지","","","","","","","","","","","","132","126","110","120","114","94","65",
"문서","서구","범죄 발생지","","","","","","","","","","","","80","56","49","57","35","67","47",
"문서","남구","범죄 발생지","","","","","","","","","","","","82","106","76","75","50","63","57",
"문서","북구","범죄 발생지","","","","","","","","","","","","96","86","73","97","74","100","93",
"문서","수성","범죄 발생지","","","","","","","","","","","","212","141","138","111","184","140","86",
"문서","달서","범죄 발생지","","","","","","","","","","","","133","102","127","139","129","117","123",
"문서","달성군","범죄 발생지","","","","","","","","","","","","37","21","15","19","39","28","23",
"문서","중구","범죄 발생지","","","","","","","","","","","","379","352","1284","292","285","215","120",
"문서","동구","범죄 발생지","","","","","","","","","","","","26","63","35","42","37","29","22",
"문서","서구","범죄 발생지","","","","","","","","","","","","65","79","95","110","114","88","105",
"문서","미추홀","범죄 발생지","","","","","","","","","","","","160","179","211","191","197","163","164",
"문서","연수","범죄 발생지","","","","","","","","","","","","66","46","67","72","60","77","62",
"문서","남동","범죄 발생지","","","","","","","","","","","","108","155","109","130","131","157","135",
"문서","부평","범죄 발생지","","","","","","","","","","","","153","193","252","214","195","191","133",
"문서","계양","범죄 발생지","","","","","","","","","","","","63","80","72","93","91","80","80",
"문서","강화군","범죄 발생지","","","","","","","","","","","","13","21","3","30","32","18","30",
"문서","옹진군","범죄 발생지","","","","","","","","","","","","1","3","2","4","5","7","2",
"문서","동구","범죄 발생지","","","","","","","","","","","","67","85","55","90","90","111","27",
"문서","서구","범죄 발생지","","","","","","","","","","","","60","64","39","128","108","100","32",
"문서","남구","범죄 발생지","","","","","","","","","","","","56","38","32","42","54","49","14",
"문서","북구","범죄 발생지","","","","","","","","","","","","84","126","61","113","100","101","44",
"문서","광산","범죄 발생지","","","","","","","","","","","","71","84","37","58","79","72","39",
"문서","중구","범죄 발생지","","","","","","","","","","","","62","60","34","113","120","123","31",
"문서","동구","범죄 발생지","","","","","","","","","","","","57","70","41","92","90","81","31",
"문서","서구","범죄 발생지","","","","","","","","","","","","104","161","118","190","181","185","52",
"문서","유성","범죄 발생지","","","","","","","","","","","","9","71","24","64","74","90","17",
"문서","대덕","범죄 발생지","","","","","","","","","","","","44","60","22","51","70","46","14",
"문서","중구","범죄 발생지","","","","","","","","","","","","39","43","71","52","52","50","44",
"문서","동구","범죄 발생지","","","","","","","","","","","","16","15","32","24","23","27","16",
"문서","남구","범죄 발생지","","","","","","","","","","","","410","133","150","121","116","108","110",
"문서","북구","범죄 발생지","","","","","","","","","","","","13","20","30","25","33","35","21",
"문서","울주군","범죄 발생지","","","","","","","","","","","","16","32","49","47","37","46","33",
"인장","종로","범죄 발생지","","","","","","","","","","","","3","4","6","3","7","3","2",
"인장","중구","범죄 발생지","","","","","","","","","","","","4","6","10","6","4","5","3",
"인장","용산","범죄 발생지","","","","","","","","","","","","1","10","4","2","2","9","-",
"인장","성동","범죄 발생지","","","","","","","","","","","","1","2","2","9","2","2","4",
"인장","광진","범죄 발생지","","","","","","","","","","","","2","","3","5","5","2","-",
"인장","동대문","범죄 발생지","","","","","","","","","","","","5","4","2","5","7","1","3",
"인장","중랑","범죄 발생지","","","","","","","","","","","","11","16","11","4","10","4","-",
"인장","성북","범죄 발생지","","","","","","","","","","","","4","3","3","4","7","-","2",
"인장","강북","범죄 발생지","","","","","","","","","","","","9","6","6","9","6","3","2",
"인장","도봉","범죄 발생지","","","","","","","","","","","","5","10","2","3","5","3","1",
"인장","노원","범죄 발생지","","","","","","","","","","","","9","6","8","5","7","2","2",
"인장","은평","범죄 발생지","","","","","","","","","","","","4","5","3","1","3","6","1",
"인장","서대문","범죄 발생지","","","","","","","","","","","","5","5","2","5","9","10","2",
"인장","마포","범죄 발생지","","","","","","","","","","","","4","1","3","5","4","5","1",
"인장","양천","범죄 발생지","","","","","","","","","","","","4","4","10","1","3","4","-",
"인장","강서","범죄 발생지","","","","","","","","","","","","3","","5","1","5","4","4",
"인장","구로","범죄 발생지","","","","","","","","","","","","4","5","4","1","3","2","-",
"인장","금천","범죄 발생지","","","","","","","","","","","","2","1","1","2","2","7","3",
"인장","영등포","범죄 발생지","","","","","","","","","","","","3","4","5","17","8","9","7",
"인장","동작","범죄 발생지","","","","","","","","","","","","3","","5","3","2","1","-",
"인장","관악","범죄 발생지","","","","","","","","","","","","1","4","1","5","-","4","2",
"인장","서초","범죄 발생지","","","","","","","","","","","","12","13","7","7","10","10","6",
"인장","강남","범죄 발생지","","","","","","","","","","","","8","5","8","17","8","15","6",
"인장","송파","범죄 발생지","","","","","","","","","","","","3","6","2","3","3","5","5",
"인장","강동","범죄 발생지","","","","","","","","","","","","4","1","2","2","4","10","4",
"인장","중구","범죄 발생지","","","","","","","","","","","","1","1","2","-","-","1","1",
"인장","서구","범죄 발생지","","","","","","","","","","","","3","","-","4","-","-","2",
"인장","동구","범죄 발생지","","","","","","","","","","","","1","5","3","3","-","2","1",
"인장","영도","범죄 발생지","","","","","","","","","","","","","","5","1","-","1","-",
"인장","부산진","범죄 발생지","","","","","","","","","","","","1","6","4","8","6","4","6",
"인장","동래","범죄 발생지","","","","","","","","","","","","2","2","4","2","6","2","-",
"인장","남구","범죄 발생지","","","","","","","","","","","","3","3","5","2","-","4","1",
"인장","북구","범죄 발생지","","","","","","","","","","","","2","5","-","1","2","2","-",
"인장","해운대","범죄 발생지","","","","","","","","","","","","4","5","12","8","4","7","1",
"인장","사하","범죄 발생지","","","","","","","","","","","","1","3","3","3","5","6","2",
"인장","금정","범죄 발생지","","","","","","","","","","","","","4","2","4","2","3","2",
"인장","강서","범죄 발생지","","","","","","","","","","","","1","2","4","4","4","-","-",
"인장","연제","범죄 발생지","","","","","","","","","","","","1","1","3","8","6","2","4",
"인장","수영","범죄 발생지","","","","","","","","","","","","1","2","2","3","1","3","4",
"인장","사상","범죄 발생지","","","","","","","","","","","","4","2","1","4","3","3","1",
"인장","기장군","범죄 발생지","","","","","","","","","","","","1","2","1","1","1","128","2",
"인장","중구","범죄 발생지","","","","","","","","","","","","4","1","6","1","2","1","-",
"인장","동구","범죄 발생지","","","","","","","","","","","","3","5","6","2","-","-","-",
"인장","서구","범죄 발생지","","","","","","","","","","","","12","2","2","1","1","1","1",
"인장","남구","범죄 발생지","","","","","","","","","","","","7","","3","4","2","4","1",
"인장","북구","범죄 발생지","","","","","","","","","","","","11","7","-","2","3","4","-",
"인장","수성","범죄 발생지","","","","","","","","","","","","6","3","3","2","7","3","2",
"인장","달서","범죄 발생지","","","","","","","","","","","","13","3","6","8","3","7","9",
"인장","달성군","범죄 발생지","","","","","","","","","","","","1","","1","-","-","-","-",
"인장","중구","범죄 발생지","","","","","","","","","","","","4","18","19","9","12","7","9",
"인장","동구","범죄 발생지","","","","","","","","","","","","1","","2","1","-","-","1",
"인장","서구","범죄 발생지","","","","","","","","","","","","4","2","1","3","4","3","2",
"인장","미추홀","범죄 발생지","","","","","","","","","","","","10","8","4","4","3","5","3",
"인장","연수","범죄 발생지","","","","","","","","","","","","3","","5","1","3","5","2",
"인장","남동","범죄 발생지","","","","","","","","","","","","11","10","4","12","4","9","2",
"인장","부평","범죄 발생지","","","","","","","","","","","","8","7","4","6","5","5","2",
"인장","계양","범죄 발생지","","","","","","","","","","","","4","3","2","2","3","3","2",
"인장","강화군","범죄 발생지","","","","","","","","","","","","","2","-","-","-","1","-",
"인장","옹진군","범죄 발생지","","","","","","","","","","","","","","1","-","85","-","1",
"인장","동구","범죄 발생지","","","","","","","","","","","","2","3","1","1","1","1","1",
"인장","서구","범죄 발생지","","","","","","","","","","","","3","","2","7","5","3","1",
"인장","남구","범죄 발생지","","","","","","","","","","","","","2","-","3","8","2","1",
"인장","북구","범죄 발생지","","","","","","","","","","","","","6","2","3","7","9","3",
"인장","광산","범죄 발생지","","","","","","","","","","","","3","3","-","9","4","3","-",
"인장","중구","범죄 발생지","","","","","","","","","","","","5","5","-","9","6","1","-",
"인장","동구","범죄 발생지","","","","","","","","","","","","3","4","-","3","1","1","1",
"인장","서구","범죄 발생지","","","","","","","","","","","","4","2","1","3","5","-","8",
"인장","유성","범죄 발생지","","","","","","","","","","","","","","1","2","4","3","-",
"인장","대덕","범죄 발생지","","","","","","","","","","","","7","3","1","3","3","3","2",
"인장","중구","범죄 발생지","","","","","","","","","","","","1","3","5","4","-","1","2",
"인장","동구","범죄 발생지","","","","","","","","","","","","2","2","1","5","1","2","2",
"인장","남구","범죄 발생지","","","","","","","","","","","","6","9","5","2","2","7","5",
"인장","북구","범죄 발생지","","","","","","","","","","","","","","1","-","-","-","-",
"인장","울주군","범죄 발생지","","","","","","","","","","","","","2","3","1","3","6","3",
"직무유기","종로","범죄 발생지","","","","","","","","","","","","3","6","4","6","11","7","6",
"직무유기","중구","범죄 발생지","","","","","","","","","","","","11","1","3","4","2","3","5",
"직무유기","용산","범죄 발생지","","","","","","","","","","","","","3","5","2","3","3","2",
"직무유기","성동","범죄 발생지","","","","","","","","","","","","","1","1","3","-","2","1",
"직무유기","광진","범죄 발생지","","","","","","","","","","","","1","1","1","5","-","1","1",
"직무유기","동대문","범죄 발생지","","","","","","","","","","","","8","2","5","1","5","6","5",
"직무유기","중랑","범죄 발생지","","","","","","","","","","","","3","3","1","4","-","4","7",
"직무유기","성북","범죄 발생지","","","","","","","","","","","","","3","1","3","3","4","2",
"직무유기","강북","범죄 발생지","","","","","","","","","","","","2","1","5","6","6","3","-",
"직무유기","도봉","범죄 발생지","","","","","","","","","","","","7","2","1","-","2","1","3",
"직무유기","노원","범죄 발생지","","","","","","","","","","","","6","","5","3","1","6","4",
"직무유기","은평","범죄 발생지","","","","","","","","","","","","4","","7","1","6","4","4",
"직무유기","서대문","범죄 발생지","","","","","","","","","","","","1","1","2","2","5","-","3",
"직무유기","마포","범죄 발생지","","","","","","","","","","","","5","3","4","5","1","3","4",
"직무유기","양천","범죄 발생지","","","","","","","","","","","","3","4","10","8","7","3","5",
"직무유기","강서","범죄 발생지","","","","","","","","","","","","8","8","8","3","1","3","7",
"직무유기","구로","범죄 발생지","","","","","","","","","","","","3","6","6","9","7","1","2",
"직무유기","금천","범죄 발생지","","","","","","","","","","","","1","","1","1","1","1","-",
"직무유기","영등포","범죄 발생지","","","","","","","","","","","","8","10","19","16","7","5","6",
"직무유기","동작","범죄 발생지","","","","","","","","","","","","5","2","4","2","1","2","1",
"직무유기","관악","범죄 발생지","","","","","","","","","","","","5","3","1","1","4","1","4",
"직무유기","서초","범죄 발생지","","","","","","","","","","","","9","9","11","6","9","6","6",
"직무유기","강남","범죄 발생지","","","","","","","","","","","","2","2","6","7","6","10","8",
"직무유기","송파","범죄 발생지","","","","","","","","","","","","2","5","4","5","4","1","3",
"직무유기","강동","범죄 발생지","","","","","","","","","","","","3","1","-","4","4","6","1",
"직무유기","중구","범죄 발생지","","","","","","","","","","","","4","3","2","3","1","1","2",
"직무유기","서구","범죄 발생지","","","","","","","","","","","","3","4","-","1","-","5","1",
"직무유기","동구","범죄 발생지","","","","","","","","","","","","3","3","3","2","2","-","1",
"직무유기","영도","범죄 발생지","","","","","","","","","","","","","","-","-","-","-","-",
"직무유기","부산진","범죄 발생지","","","","","","","","","","","","2","1","3","3","3","1","6",
"직무유기","동래","범죄 발생지","","","","","","","","","","","","2","1","1","1","-","1","4",
"직무유기","남구","범죄 발생지","","","","","","","","","","","","1","2","2","-","2","2","4",
"직무유기","북구","범죄 발생지","","","","","","","","","","","","1","3","1","1","1","4","1",
"직무유기","해운대","범죄 발생지","","","","","","","","","","","","3","1","4","3","2","9","4",
"직무유기","사하","범죄 발생지","","","","","","","","","","","","2","2","4","3","2","3","4",
"직무유기","금정","범죄 발생지","","","","","","","","","","","","1","2","4","4","-","1","2",
"직무유기","강서","범죄 발생지","","","","","","","","","","","","4","4","9","7","1","4","1",
"직무유기","연제","범죄 발생지","","","","","","","","","","","","2","4","4","8","2","1","2",
"직무유기","수영","범죄 발생지","","","","","","","","","","","","","2","7","-","3","1","1",
"직무유기","사상","범죄 발생지","","","","","","","","","","","","13","10","8","13","2","13","3",
"직무유기","기장군","범죄 발생지","","","","","","","","","","","","","1","-","1","-","1","3",
"직무유기","중구","범죄 발생지","","","","","","","","","","","","2","1","1","1","1","2","2",
"직무유기","동구","범죄 발생지","","","","","","","","","","","","3","6","6","-","2","3","-",
"직무유기","서구","범죄 발생지","","","","","","","","","","","","5","3","1","-","-","-","2",
"직무유기","남구","범죄 발생지","","","","","","","","","","","","","","2","2","-","1","-",
"직무유기","북구","범죄 발생지","","","","","","","","","","","","","3","-","1","2","-","2",
"직무유기","수성","범죄 발생지","","","","","","","","","","","","8","6","5","7","2","6","1",
"직무유기","달서","범죄 발생지","","","","","","","","","","","","4","3","2","8","2","3","3",
"직무유기","달성군","범죄 발생지","","","","","","","","","","","","20","5","1","12","10","22","12",
"직무유기","중구","범죄 발생지","","","","","","","","","","","","3","2","4","1","1","-","1",
"직무유기","동구","범죄 발생지","","","","","","","","","","","","","","1","-","-","-","-",
"직무유기","서구","범죄 발생지","","","","","","","","","","","","1","2","3","-","3","1","1",
"직무유기","미추홀","범죄 발생지","","","","","","","","","","","","2","3","8","7","7","4","6",
"직무유기","연수","범죄 발생지","","","","","","","","","","","","","1","1","-","1","2","-",
"직무유기","남동","범죄 발생지","","","","","","","","","","","","1","2","3","5","3","2","3",
"직무유기","부평","범죄 발생지","","","","","","","","","","","","1","1","1","1","-","-","-",
"직무유기","계양","범죄 발생지","","","","","","","","","","","","2","1","2","1","-","1","1",
"직무유기","강화군","범죄 발생지","","","","","","","","","","","","1","2","-","1","-","-","2",
"직무유기","옹진군","범죄 발생지","","","","","","","","","","","","","","2","-","-","-","-",
"직무유기","동구","범죄 발생지","","","","","","","","","","","","6","3","2","6","-","2","1",
"직무유기","서구","범죄 발생지","","","","","","","","","","","","1","1","-","2","2","-","-",
"직무유기","남구","범죄 발생지","","","","","","","","","","","","","","-","3","1","4","-",
"직무유기","북구","범죄 발생지","","","","","","","","","","","","7","4","2","14","6","9","2",
"직무유기","광산","범죄 발생지","","","","","","","","","","","","2","1","1","2","1","2","1",
"직무유기","중구","범죄 발생지","","","","","","","","","","","","2","3","1","-","1","-","-",
"직무유기","동구","범죄 발생지","","","","","","","","","","","","1","3","-","9","3","2","1",
"직무유기","서구","범죄 발생지","","","","","","","","","","","","4","6","27","5","2","2","1",
"직무유기","유성","범죄 발생지","","","","","","","","","","","","3","12","5","10","1","2","1",
"직무유기","대덕","범죄 발생지","","","","","","","","","","","","2","","-","5","1","1","-",
"직무유기","중구","범죄 발생지","","","","","","","","","","","","","","1","2","-","-","1",
"직무유기","동구","범죄 발생지","","","","","","","","","","","","1","1","-","-","-","1","-",
"직무유기","남구","범죄 발생지","","","","","","","","","","","","2","1","3","2","3","-","1",
"직무유기","북구","범죄 발생지","","","","","","","","","","","","1","1","-","-","1","-","-",
"직무유기","울주군","범죄 발생지","","","","","","","","","","","","2","1","2","1","-","-","-",
"직권남용","종로","범죄 발생지","","","","","","","","","","","","6","5","3","5","3","7","5",
"직권남용","중구","범죄 발생지","","","","","","","","","","","","6","6","2","8","7","3","4",
"직권남용","용산","범죄 발생지","","","","","","","","","","","","2","4","4","3","3","3","2",
"직권남용","성동","범죄 발생지","","","","","","","","","","","","2","1","1","-","1","2","1",
"직권남용","광진","범죄 발생지","","","","","","","","","","","","1","1","4","-","-","1","2",
"직권남용","동대문","범죄 발생지","","","","","","","","","","","","3","4","3","6","4","3","3",
"직권남용","중랑","범죄 발생지","","","","","","","","","","","","","2","2","4","5","8","4",
"직권남용","성북","범죄 발생지","","","","","","","","","","","","","1","1","2","1","-","1",
"직권남용","강북","범죄 발생지","","","","","","","","","","","","","6","5","3","5","6","4",
"직권남용","도봉","범죄 발생지","","","","","","","","","","","","","1","2","1","3","-","3",
"직권남용","노원","범죄 발생지","","","","","","","","","","","","1","2","3","5","-","3","3",
"직권남용","은평","범죄 발생지","","","","","","","","","","","","4","3","3","4","3","2","3",
"직권남용","서대문","범죄 발생지","","","","","","","","","","","","5","3","-","3","3","1","2",
"직권남용","마포","범죄 발생지","","","","","","","","","","","","8","3","2","3","8","-","7",
"직권남용","양천","범죄 발생지","","","","","","","","","","","","2","12","5","8","1","3","5",
"직권남용","강서","범죄 발생지","","","","","","","","","","","","6","12","7","7","3","4","4",
"직권남용","구로","범죄 발생지","","","","","","","","","","","","8","9","9","9","2","3","4",
"직권남용","금천","범죄 발생지","","","","","","","","","","","","1","1","2","-","1","-","-",
"직권남용","영등포","범죄 발생지","","","","","","","","","","","","5","9","8","9","2","6","2",
"직권남용","동작","범죄 발생지","","","","","","","","","","","","3","1","1","-","4","2","1",
"직권남용","관악","범죄 발생지","","","","","","","","","","","","3","2","3","4","4","4","4",
"직권남용","서초","범죄 발생지","","","","","","","","","","","","13","4","4","7","5","-","3",
"직권남용","강남","범죄 발생지","","","","","","","","","","","","2","1","-","8","6","2","4",
"직권남용","송파","범죄 발생지","","","","","","","","","","","","","3","2","-","-","4","-",
"직권남용","강동","범죄 발생지","","","","","","","","","","","","","","4","2","4","5","-",
"직권남용","중구","범죄 발생지","","","","","","","","","","","","2","1","1","1","-","-","-",
"직권남용","서구","범죄 발생지","","","","","","","","","","","","2","1","5","1","1","-","-",
"직권남용","동구","범죄 발생지","","","","","","","","","","","","1","1","5","5","1","-","-",
"직권남용","영도","범죄 발생지","","","","","","","","","","","","2","","-","2","2","2","-",
"직권남용","부산진","범죄 발생지","","","","","","","","","","","","5","8","3","2","3","5","4",
"직권남용","동래","범죄 발생지","","","","","","","","","","","","2","4","2","-","1","2","3",
"직권남용","남구","범죄 발생지","","","","","","","","","","","","4","2","2","2","1","-","1",
"직권남용","북구","범죄 발생지","","","","","","","","","","","","4","1","2","2","5","2","1",
"직권남용","해운대","범죄 발생지","","","","","","","","","","","","","1","5","4","2","3","1",
"직권남용","사하","범죄 발생지","","","","","","","","","","","","4","","2","7","-","1","-",
"직권남용","금정","범죄 발생지","","","","","","","","","","","","1","","-","2","-","1","-",
"직권남용","강서","범죄 발생지","","","","","","","","","","","","4","3","6","15","-","8","2",
"직권남용","연제","범죄 발생지","","","","","","","","","","","","6","2","1","4","2","1","5",
"직권남용","수영","범죄 발생지","","","","","","","","","","","","1","","1","-","-","1","1",
"직권남용","사상","범죄 발생지","","","","","","","","","","","","4","8","7","7","3","12","5",
"직권남용","기장군","범죄 발생지","","","","","","","","","","","","","","-","-","-","2","-",
"직권남용","중구","범죄 발생지","","","","","","","","","","","","","9","1","-","-","-","-",
"직권남용","동구","범죄 발생지","","","","","","","","","","","","1","2","2","-","1","6","3",
"직권남용","서구","범죄 발생지","","","","","","","","","","","","2","2","1","4","1","1","-",
"직권남용","남구","범죄 발생지","","","","","","","","","","","","","5","1","1","4","3","-",
"직권남용","북구","범죄 발생지","","","","","","","","","","","","6","2","2","2","3","3","1",
"직권남용","수성","범죄 발생지","","","","","","","","","","","","14","6","4","3","3","1","2",
"직권남용","달서","범죄 발생지","","","","","","","","","","","","8","6","3","3","3","4","1",
"직권남용","달성군","범죄 발생지","","","","","","","","","","","","22","12","1","2","10","12","7",
"직권남용","중구","범죄 발생지","","","","","","","","","","","","2","3","2","9","2","3","3",
"직권남용","동구","범죄 발생지","","","","","","","","","","","","","","-","-","-","-","-",
"직권남용","서구","범죄 발생지","","","","","","","","","","","","1","1","2","-","1","1","1",
"직권남용","미추홀","범죄 발생지","","","","","","","","","","","","2","3","10","13","5","1","7",
"직권남용","연수","범죄 발생지","","","","","","","","","","","","1","","2","1","-","2","3",
"직권남용","남동","범죄 발생지","","","","","","","","","","","","4","1","-","6","2","2","1",
"직권남용","부평","범죄 발생지","","","","","","","","","","","","1","4","3","1","3","6","-",
"직권남용","계양","범죄 발생지","","","","","","","","","","","","","","6","-","1","2","-",
"직권남용","강화군","범죄 발생지","","","","","","","","","","","","","","-","-","1","-","-",
"직권남용","옹진군","범죄 발생지","","","","","","","","","","","","","","-","-","-","-","-",
"직권남용","동구","범죄 발생지","","","","","","","","","","","","4","2","3","7","4","-","-",
"직권남용","서구","범죄 발생지","","","","","","","","","","","","1","3","1","1","2","1","-",
"직권남용","남구","범죄 발생지","","","","","","","","","","","","2","","1","-","1","1","-",
"직권남용","북구","범죄 발생지","","","","","","","","","","","","4","9","2","19","7","1","1",
"직권남용","광산","범죄 발생지","","","","","","","","","","","","3","2","1","1","2","-","1",
"직권남용","중구","범죄 발생지","","","","","","","","","","","","1","1","2","3","2","-","-",
"직권남용","동구","범죄 발생지","","","","","","","","","","","","1","5","5","4","2","-","-",
"직권남용","서구","범죄 발생지","","","","","","","","","","","","3","10","19","4","1","2","1",
"직권남용","유성","범죄 발생지","","","","","","","","","","","","2","13","3","5","4","1","2",
"직권남용","대덕","범죄 발생지","","","","","","","","","","","","1","4","6","2","-","-","2",
"직권남용","중구","범죄 발생지","","","","","","","","","","","","","1","1","-","1","-","6",
"직권남용","동구","범죄 발생지","","","","","","","","","","","","","","-","-","-","1","-",
"직권남용","남구","범죄 발생지","","","","","","","","","","","","2","3","3","1","-","2","4",
"직권남용","북구","범죄 발생지","","","","","","","","","","","","","","-","-","-","-","2",
"직권남용","울주군","범죄 발생지","","","","","","","","","","","","","1","3","2","-","-","-",
"수뢰","종로","범죄 발생지","","","","","","","","","","","","19","6","2","8","10","9","8",
"수뢰","중구","범죄 발생지","","","","","","","","","","","","19","8","17","9","12","7","7",
"수뢰","용산","범죄 발생지","","","","","","","","","","","","4","3","3","3","-","3","3",
"수뢰","성동","범죄 발생지","","","","","","","","","","","","","2","1","2","2","3","2",
"수뢰","광진","범죄 발생지","","","","","","","","","","","","6","6","3","2","-","1","4",
"수뢰","동대문","범죄 발생지","","","","","","","","","","","","3","3","5","7","2","5","9",
"수뢰","중랑","범죄 발생지","","","","","","","","","","","","2","4","1","5","-","3","2",
"수뢰","성북","범죄 발생지","","","","","","","","","","","","5","1","1","2","-","2","6",
"수뢰","강북","범죄 발생지","","","","","","","","","","","","1","1","1","1","6","4","4",
"수뢰","도봉","범죄 발생지","","","","","","","","","","","","","1","2","1","3","-","2",
"수뢰","노원","범죄 발생지","","","","","","","","","","","","5","1","-","1","3","2","5",
"수뢰","은평","범죄 발생지","","","","","","","","","","","","1","4","1","5","6","5","4",
"수뢰","서대문","범죄 발생지","","","","","","","","","","","","7","5","7","-","7","3","7",
"수뢰","마포","범죄 발생지","","","","","","","","","","","","6","4","5","8","3","4","3",
"수뢰","양천","범죄 발생지","","","","","","","","","","","","4","5","4","3","4","2","13",
"수뢰","강서","범죄 발생지","","","","","","","","","","","","2","13","4","2","4","8","4",
"수뢰","구로","범죄 발생지","","","","","","","","","","","","3","","1","3","3","2","4",
"수뢰","금천","범죄 발생지","","","","","","","","","","","","1","3","1","-","2","4","3",
"수뢰","영등포","범죄 발생지","","","","","","","","","","","","11","11","6","2","3","8","7",
"수뢰","동작","범죄 발생지","","","","","","","","","","","","2","1","2","3","2","1","2",
"수뢰","관악","범죄 발생지","","","","","","","","","","","","4","2","7","2","4","3","6",
"수뢰","서초","범죄 발생지","","","","","","","","","","","","18","15","23","9","10","10","12",
"수뢰","강남","범죄 발생지","","","","","","","","","","","","23","21","17","18","16","20","19",
"수뢰","송파","범죄 발생지","","","","","","","","","","","","6","5","9","6","9","10","15",
"수뢰","강동","범죄 발생지","","","","","","","","","","","","3","2","1","4","4","1","5",
"수뢰","중구","범죄 발생지","","","","","","","","","","","","2","1","7","3","1","4","2",
"수뢰","서구","범죄 발생지","","","","","","","","","","","","2","","-","-","-","-","-",
"수뢰","동구","범죄 발생지","","","","","","","","","","","","5","4","-","2","3","2","4",
"수뢰","영도","범죄 발생지","","","","","","","","","","","","","","1","-","-","-","-",
"수뢰","부산진","범죄 발생지","","","","","","","","","","","","11","1","3","4","3","4","8",
"수뢰","동래","범죄 발생지","","","","","","","","","","","","4","2","3","2","1","3","5",
"수뢰","남구","범죄 발생지","","","","","","","","","","","","10","3","1","2","1","2","1",
"수뢰","북구","범죄 발생지","","","","","","","","","","","","2","1","1","4","-","1","2",
"수뢰","해운대","범죄 발생지","","","","","","","","","","","","6","5","3","1","5","7","6",
"수뢰","사하","범죄 발생지","","","","","","","","","","","","3","1","2","4","-","2","3",
"수뢰","금정","범죄 발생지","","","","","","","","","","","","","1","-","-","1","1","2",
"수뢰","강서","범죄 발생지","","","","","","","","","","","","1","1","3","-","-","2","3",
"수뢰","연제","범죄 발생지","","","","","","","","","","","","7","","5","3","1","1","2",
"수뢰","수영","범죄 발생지","","","","","","","","","","","","3","","1","-","-","1","-",
"수뢰","사상","범죄 발생지","","","","","","","","","","","","1","","3","1","-","-","2",
"수뢰","기장군","범죄 발생지","","","","","","","","","","","","1","2","2","-","-","1","3",
"수뢰","중구","범죄 발생지","","","","","","","","","","","","3","1","-","-","-","1","4",
"수뢰","동구","범죄 발생지","","","","","","","","","","","","1","9","2","3","1","1","2",
"수뢰","서구","범죄 발생지","","","","","","","","","","","","1","","-","1","-","-","4",
"수뢰","남구","범죄 발생지","","","","","","","","","","","","5","1","1","1","-","-","2",
"수뢰","북구","범죄 발생지","","","","","","","","","","","","5","3","3","-","4","2","6",
"수뢰","수성","범죄 발생지","","","","","","","","","","","","8","10","5","3","1","4","10",
"수뢰","달서","범죄 발생지","","","","","","","","","","","","3","5","4","1","-","1","6",
"수뢰","달성군","범죄 발생지","","","","","","","","","","","","3","1","1","-","3","1","-",
"수뢰","중구","범죄 발생지","","","","","","","","","","","","4","5","2","1","2","3","4",
"수뢰","동구","범죄 발생지","","","","","","","","","","","","","","1","-","-","-","-",
"수뢰","서구","범죄 발생지","","","","","","","","","","","","1","5","1","2","3","1","5",
"수뢰","미추홀","범죄 발생지","","","","","","","","","","","","11","5","8","2","5","1","4",
"수뢰","연수","범죄 발생지","","","","","","","","","","","","1","1","2","3","4","1","4",
"수뢰","남동","범죄 발생지","","","","","","","","","","","","3","","3","4","13","5","7",
"수뢰","부평","범죄 발생지","","","","","","","","","","","","2","5","4","3","-","1","2",
"수뢰","계양","범죄 발생지","","","","","","","","","","","","4","1","3","3","2","-","4",
"수뢰","강화군","범죄 발생지","","","","","","","","","","","","","","-","1","1","-","-",
"수뢰","옹진군","범죄 발생지","","","","","","","","","","","","1","","-","-","-","-","-",
"수뢰","동구","범죄 발생지","","","","","","","","","","","","","2","-","-","-","3","-",
"수뢰","서구","범죄 발생지","","","","","","","","","","","","","1","4","2","6","5","4",
"수뢰","남구","범죄 발생지","","","","","","","","","","","","","2","4","2","-","3","1",
"수뢰","북구","범죄 발생지","","","","","","","","","","","","2","6","3","1","2","3","6",
"수뢰","광산","범죄 발생지","","","","","","","","","","","","","1","1","-","1","6","-",
"수뢰","중구","범죄 발생지","","","","","","","","","","","","2","4","-","2","2","2","2",
"수뢰","동구","범죄 발생지","","","","","","","","","","","","1","3","-","-","1","1","-",
"수뢰","서구","범죄 발생지","","","","","","","","","","","","3","9","3","2","2","4","2",
"수뢰","유성","범죄 발생지","","","","","","","","","","","","3","6","2","6","-","-","1",
"수뢰","대덕","범죄 발생지","","","","","","","","","","","","2","1","-","-","-","1","-",
"수뢰","중구","범죄 발생지","","","","","","","","","","","","5","","-","-","-","-","4",
"수뢰","동구","범죄 발생지","","","","","","","","","","","","","","-","-","1","-","-",
"수뢰","남구","범죄 발생지","","","","","","","","","","","","6","2","1","4","4","6","13",
"수뢰","북구","범죄 발생지","","","","","","","","","","","","","2","1","2","1","1","3",
"수뢰","울주군","범죄 발생지","","","","","","","","","","","","1","3","1","-","2","-","4",
"증뢰","종로","범죄 발생지","","","","","","","","","","","","12","4","1","2","7","1","1",
"증뢰","중구","범죄 발생지","","","","","","","","","","","","6","6","1","-","4","3","1",
"증뢰","용산","범죄 발생지","","","","","","","","","","","","5","1","3","-","2","-","1",
"증뢰","성동","범죄 발생지","","","","","","","","","","","","2","","1","4","1","-","1",
"증뢰","광진","범죄 발생지","","","","","","","","","","","","","","-","-","-","-","4",
"증뢰","동대문","범죄 발생지","","","","","","","","","","","","3","2","1","1","-","1","3",
"증뢰","중랑","범죄 발생지","","","","","","","","","","","","1","1","-","2","2","-","1",
"증뢰","성북","범죄 발생지","","","","","","","","","","","","","","1","1","-","1","2",
"증뢰","강북","범죄 발생지","","","","","","","","","","","","","2","-","-","1","1","-",
"증뢰","도봉","범죄 발생지","","","","","","","","","","","","","","1","-","1","1","-",
"증뢰","노원","범죄 발생지","","","","","","","","","","","","","2","1","-","3","1","-",
"증뢰","은평","범죄 발생지","","","","","","","","","","","","","1","-","-","1","1","-",
"증뢰","서대문","범죄 발생지","","","","","","","","","","","","2","1","4","-","1","-","1",
"증뢰","마포","범죄 발생지","","","","","","","","","","","","5","2","3","2","-","-","1",
"증뢰","양천","범죄 발생지","","","","","","","","","","","","3","1","-","1","-","2","1",
"증뢰","강서","범죄 발생지","","","","","","","","","","","","4","1","-","2","1","5","1",
"증뢰","구로","범죄 발생지","","","","","","","","","","","","1","","2","1","-","2","-",
"증뢰","금천","범죄 발생지","","","","","","","","","","","","1","","1","1","-","1","1",
"증뢰","영등포","범죄 발생지","","","","","","","","","","","","1","3","-","2","3","4","4",
"증뢰","동작","범죄 발생지","","","","","","","","","","","","","3","-","-","1","-","1",
"증뢰","관악","범죄 발생지","","","","","","","","","","","","3","2","-","1","2","1","3",
"증뢰","서초","범죄 발생지","","","","","","","","","","","","9","8","7","1","1","2","1",
"증뢰","강남","범죄 발생지","","","","","","","","","","","","12","6","7","7","2","6","10",
"증뢰","송파","범죄 발생지","","","","","","","","","","","","2","8","3","2","3","9","5",
"증뢰","강동","범죄 발생지","","","","","","","","","","","","4","1","-","1","1","2","1",
"증뢰","중구","범죄 발생지","","","","","","","","","","","","3","","16","-","2","1","-",
"증뢰","서구","범죄 발생지","","","","","","","","","","","","3","","-","-","-","-","-",
"증뢰","동구","범죄 발생지","","","","","","","","","","","","2","2","2","1","1","-","-",
"증뢰","영도","범죄 발생지","","","","","","","","","","","","1","","-","1","-","-","-",
"증뢰","부산진","범죄 발생지","","","","","","","","","","","","7","","1","1","-","2","1",
"증뢰","동래","범죄 발생지","","","","","","","","","","","","2","2","3","1","1","-","-",
"증뢰","남구","범죄 발생지","","","","","","","","","","","","5","1","-","1","1","-","1",
"증뢰","북구","범죄 발생지","","","","","","","","","","","","2","","1","3","-","1","-",
"증뢰","해운대","범죄 발생지","","","","","","","","","","","","5","3","2","-","2","-","1",
"증뢰","사하","범죄 발생지","","","","","","","","","","","","1","","1","1","1","2","4",
"증뢰","금정","범죄 발생지","","","","","","","","","","","","1","","-","1","-","1","2",
"증뢰","강서","범죄 발생지","","","","","","","","","","","","","4","2","-","-","1","1",
"증뢰","연제","범죄 발생지","","","","","","","","","","","","3","","1","1","1","-","3",
"증뢰","수영","범죄 발생지","","","","","","","","","","","","","","-","-","-","1","1",
"증뢰","사상","범죄 발생지","","","","","","","","","","","","1","4","1","1","-","1","-",
"증뢰","기장군","범죄 발생지","","","","","","","","","","","","1","","1","-","-","1","-",
"증뢰","중구","범죄 발생지","","","","","","","","","","","","1","2","-","-","-","-","4",
"증뢰","동구","범죄 발생지","","","","","","","","","","","","1","6","-","-","-","-","-",
"증뢰","서구","범죄 발생지","","","","","","","","","","","","2","","-","-","-","-","-",
"증뢰","남구","범죄 발생지","","","","","","","","","","","","1","","-","-","-","-","-",
"증뢰","북구","범죄 발생지","","","","","","","","","","","","1","1","2","-","2","1","-",
"증뢰","수성","범죄 발생지","","","","","","","","","","","","1","3","2","1","1","-","2",
"증뢰","달서","범죄 발생지","","","","","","","","","","","","3","3","-","2","-","1","-",
"증뢰","달성군","범죄 발생지","","","","","","","","","","","","2","2","1","-","-","-","-",
"증뢰","중구","범죄 발생지","","","","","","","","","","","","3","3","3","-","1","-","3",
"증뢰","동구","범죄 발생지","","","","","","","","","","","","2","1","-","2","-","-","-",
"증뢰","서구","범죄 발생지","","","","","","","","","","","","4","4","2","1","-","-","2",
"증뢰","미추홀","범죄 발생지","","","","","","","","","","","","2","6","5","1","4","1","-",
"증뢰","연수","범죄 발생지","","","","","","","","","","","","2","1","3","1","-","1","-",
"증뢰","남동","범죄 발생지","","","","","","","","","","","","8","1","2","3","3","4","5",
"증뢰","부평","범죄 발생지","","","","","","","","","","","","1","2","2","3","-","-","2",
"증뢰","계양","범죄 발생지","","","","","","","","","","","","7","","1","3","-","-","-",
"증뢰","강화군","범죄 발생지","","","","","","","","","","","","","","-","-","-","-","-",
"증뢰","옹진군","범죄 발생지","","","","","","","","","","","","","","-","-","-","-","-",
"증뢰","동구","범죄 발생지","","","","","","","","","","","","1","","-","1","1","-","-",
"증뢰","서구","범죄 발생지","","","","","","","","","","","","","2","-","2","-","1","2",
"증뢰","남구","범죄 발생지","","","","","","","","","","","","1","","1","-","-","-","-",
"증뢰","북구","범죄 발생지","","","","","","","","","","","","3","5","4","-","4","-","3",
"증뢰","광산","범죄 발생지","","","","","","","","","","","","","1","1","-","-","1","1",
"증뢰","중구","범죄 발생지","","","","","","","","","","","","2","1","-","1","-","-","-",
"증뢰","동구","범죄 발생지","","","","","","","","","","","","1","1","-","-","-","-","-",
"증뢰","서구","범죄 발생지","","","","","","","","","","","","2","3","5","-","1","1","1",
"증뢰","유성","범죄 발생지","","","","","","","","","","","","6","1","-","1","1","1","1",
"증뢰","대덕","범죄 발생지","","","","","","","","","","","","","2","-","-","-","-","1",
"증뢰","중구","범죄 발생지","","","","","","","","","","","","3","","-","-","2","-","-",
"증뢰","동구","범죄 발생지","","","","","","","","","","","","","","-","-","1","-","1",
"증뢰","남구","범죄 발생지","","","","","","","","","","","","3","","2","2","4","1","3",
"증뢰","북구","범죄 발생지","","","","","","","","","","","","","","-","-","-","-","-",
"증뢰","울주군","범죄 발생지","","","","","","","","","","","","","1","1","1","-","1","-",
"간통","종로","범죄 발생지","","","","","","","","","","","","13","8","10","15","11","11","4",
"간통","중구","범죄 발생지","","","","","","","","","","","","31","10","11","13","9","7","3",
"간통","용산","범죄 발생지","","","","","","","","","","","","11","23","16","11","7","14","9",
"간통","성동","범죄 발생지","","","","","","","","","","","","21","12","16","22","7","7","8",
"간통","광진","범죄 발생지","","","","","","","","","","","","43","27","9","22","11","16","17",
"간통","동대문","범죄 발생지","","","","","","","","","","","","39","19","22","17","11","21","13",
"간통","중랑","범죄 발생지","","","","","","","","","","","","26","22","28","21","18","18","12",
"간통","성북","범죄 발생지","","","","","","","","","","","","30","14","18","21","16","8","8",
"간통","강북","범죄 발생지","","","","","","","","","","","","44","30","30","18","18","14","11",
"간통","도봉","범죄 발생지","","","","","","","","","","","","27","17","20","15","10","12","9",
"간통","노원","범죄 발생지","","","","","","","","","","","","31","24","29","24","19","18","10",
"간통","은평","범죄 발생지","","","","","","","","","","","","34","27","19","21","15","17","11",
"간통","서대문","범죄 발생지","","","","","","","","","","","","19","23","19","21","16","14","7",
"간통","마포","범죄 발생지","","","","","","","","","","","","24","16","19","22","17","11","11",
"간통","양천","범죄 발생지","","","","","","","","","","","","32","39","24","25","16","23","13",
"간통","강서","범죄 발생지","","","","","","","","","","","","58","42","35","20","31","29","23",
"간통","구로","범죄 발생지","","","","","","","","","","","","24","17","16","27","16","14","14",
"간통","금천","범죄 발생지","","","","","","","","","","","","15","16","13","12","5","11","9",
"간통","영등포","범죄 발생지","","","","","","","","","","","","27","20","28","21","15","15","20",
"간통","동작","범죄 발생지","","","","","","","","","","","","13","16","12","19","13","10","6",
"간통","관악","범죄 발생지","","","","","","","","","","","","38","30","24","16","24","17","21",
"간통","서초","범죄 발생지","","","","","","","","","","","","33","36","35","42","22","21","9",
"간통","강남","범죄 발생지","","","","","","","","","","","","39","46","38","48","30","29","21",
"간통","송파","범죄 발생지","","","","","","","","","","","","39","35","34","43","30","23","15",
"간통","강동","범죄 발생지","","","","","","","","","","","","31","19","32","29","23","28","13",
"간통","중구","범죄 발생지","","","","","","","","","","","","6","5","6","8","6","4","3",
"간통","서구","범죄 발생지","","","","","","","","","","","","60","32","18","13","8","6","2",
"간통","동구","범죄 발생지","","","","","","","","","","","","26","18","14","4","1","5","7",
"간통","영도","범죄 발생지","","","","","","","","","","","","7","8","4","5","7","5","2",
"간통","부산진","범죄 발생지","","","","","","","","","","","","38","31","27","19","21","16","13",
"간통","동래","범죄 발생지","","","","","","","","","","","","25","25","18","21","13","17","17",
"간통","남구","범죄 발생지","","","","","","","","","","","","39","21","25","15","11","6","10",
"간통","북구","범죄 발생지","","","","","","","","","","","","38","34","28","19","13","15","15",
"간통","해운대","범죄 발생지","","","","","","","","","","","","36","35","39","35","32","34","22",
"간통","사하","범죄 발생지","","","","","","","","","","","","27","15","13","10","11","18","7",
"간통","금정","범죄 발생지","","","","","","","","","","","","20","14","19","14","9","10","5",
"간통","강서","범죄 발생지","","","","","","","","","","","","9","6","6","8","2","9","2",
"간통","연제","범죄 발생지","","","","","","","","","","","","24","15","5","11","10","5","6",
"간통","수영","범죄 발생지","","","","","","","","","","","","16","13","11","12","10","6","5",
"간통","사상","범죄 발생지","","","","","","","","","","","","32","23","18","20","19","14","11",
"간통","기장군","범죄 발생지","","","","","","","","","","","","9","5","5","7","3","2","5",
"간통","중구","범죄 발생지","","","","","","","","","","","","3","8","9","5","4","3","6",
"간통","동구","범죄 발생지","","","","","","","","","","","","38","47","30","23","29","22","15",
"간통","서구","범죄 발생지","","","","","","","","","","","","30","24","13","16","11","13","7",
"간통","남구","범죄 발생지","","","","","","","","","","","","10","10","13","12","6","8","5",
"간통","북구","범죄 발생지","","","","","","","","","","","","18","24","31","23","18","25","13",
"간통","수성","범죄 발생지","","","","","","","","","","","","38","27","20","21","24","15","15",
"간통","달서","범죄 발생지","","","","","","","","","","","","58","52","42","39","33","35","24",
"간통","달성군","범죄 발생지","","","","","","","","","","","","14","11","3","7","6","4","4",
"간통","중구","범죄 발생지","","","","","","","","","","","","9","9","12","10","5","3","2",
"간통","동구","범죄 발생지","","","","","","","","","","","","5","3","1","1","4","2","-",
"간통","서구","범죄 발생지","","","","","","","","","","","","28","26","17","18","16","13","12",
"간통","미추홀","범죄 발생지","","","","","","","","","","","","40","19","25","29","13","12","8",
"간통","연수","범죄 발생지","","","","","","","","","","","","42","22","17","13","10","15","7",
"간통","남동","범죄 발생지","","","","","","","","","","","","34","32","17","20","19","21","12",
"간통","부평","범죄 발생지","","","","","","","","","","","","78","34","28","23","17","13","11",
"간통","계양","범죄 발생지","","","","","","","","","","","","36","26","24","19","14","17","12",
"간통","강화군","범죄 발생지","","","","","","","","","","","","3","9","-","4","6","4","2",
"간통","옹진군","범죄 발생지","","","","","","","","","","","","","1","6","4","2","2","2",
"간통","동구","범죄 발생지","","","","","","","","","","","","9","13","3","10","8","3","2",
"간통","서구","범죄 발생지","","","","","","","","","","","","6","12","15","35","17","16","5",
"간통","남구","범죄 발생지","","","","","","","","","","","","8","6","4","14","10","9","2",
"간통","북구","범죄 발생지","","","","","","","","","","","","21","29","9","26","22","24","7",
"간통","광산","범죄 발생지","","","","","","","","","","","","35","25","12","22","20","21","11",
"간통","중구","범죄 발생지","","","","","","","","","","","","8","16","7","20","13","20","7",
"간통","동구","범죄 발생지","","","","","","","","","","","","19","14","4","12","12","6","7",
"간통","서구","범죄 발생지","","","","","","","","","","","","32","25","9","47","13","25","5",
"간통","유성","범죄 발생지","","","","","","","","","","","","4","7","8","12","17","14","3",
"간통","대덕","범죄 발생지","","","","","","","","","","","","9","15","8","14","9","8","1",
"간통","중구","범죄 발생지","","","","","","","","","","","","12","19","17","14","10","7","5",
"간통","동구","범죄 발생지","","","","","","","","","","","","9","18","12","13","3","5","3",
"간통","남구","범죄 발생지","","","","","","","","","","","","50","40","41","27","31","23","17",
"간통","북구","범죄 발생지","","","","","","","","","","","","6","11","11","9","6","9","3",
"간통","울주군","범죄 발생지","","","","","","","","","","","","13","16","15","12","11","9","11",
"혼인빙자간음","종로","범죄 발생지","","","","","","","","","","","","8","4","3","6","3","3","-",
"혼인빙자간음","중구","범죄 발생지","","","","","","","","","","","","9","8","3","2","3","2","-",
"혼인빙자간음","용산","범죄 발생지","","","","","","","","","","","","7","5","7","3","9","10","-",
"혼인빙자간음","성동","범죄 발생지","","","","","","","","","","","","11","3","6","4","3","1","-",
"혼인빙자간음","광진","범죄 발생지","","","","","","","","","","","","7","8","6","6","7","7","-",
"혼인빙자간음","동대문","범죄 발생지","","","","","","","","","","","","11","11","6","6","6","8","2",
"혼인빙자간음","중랑","범죄 발생지","","","","","","","","","","","","11","13","13","9","5","8","1",
"혼인빙자간음","성북","범죄 발생지","","","","","","","","","","","","12","2","11","4","4","3","1",
"혼인빙자간음","강북","범죄 발생지","","","","","","","","","","","","8","5","5","8","8","2","-",
"혼인빙자간음","도봉","범죄 발생지","","","","","","","","","","","","5","5","4","8","1","3","-",
"혼인빙자간음","노원","범죄 발생지","","","","","","","","","","","","13","8","11","2","1","4","-",
"혼인빙자간음","은평","범죄 발생지","","","","","","","","","","","","13","6","9","4","10","5","-",
"혼인빙자간음","서대문","범죄 발생지","","","","","","","","","","","","12","8","9","5","7","5","-",
"혼인빙자간음","마포","범죄 발생지","","","","","","","","","","","","9","7","7","13","5","3","-",
"혼인빙자간음","양천","범죄 발생지","","","","","","","","","","","","12","8","12","4","10","4","-",
"혼인빙자간음","강서","범죄 발생지","","","","","","","","","","","","14","13","10","6","10","6","-",
"혼인빙자간음","구로","범죄 발생지","","","","","","","","","","","","6","5","3","4","9","1","-",
"혼인빙자간음","금천","범죄 발생지","","","","","","","","","","","","5","8","1","-","1","1","-",
"혼인빙자간음","영등포","범죄 발생지","","","","","","","","","","","","7","7","6","3","4","2","-",
"혼인빙자간음","동작","범죄 발생지","","","","","","","","","","","","9","5","8","7","3","3","-",
"혼인빙자간음","관악","범죄 발생지","","","","","","","","","","","","10","5","11","5","8","6","1",
"혼인빙자간음","서초","범죄 발생지","","","","","","","","","","","","19","17","18","19","10","15","1",
"혼인빙자간음","강남","범죄 발생지","","","","","","","","","","","","36","22","24","26","24","18","2",
"혼인빙자간음","송파","범죄 발생지","","","","","","","","","","","","9","10","19","9","7","12","1",
"혼인빙자간음","강동","범죄 발생지","","","","","","","","","","","","11","4","2","2","5","6","-",
"혼인빙자간음","중구","범죄 발생지","","","","","","","","","","","","4","2","1","1","2","-","-",
"혼인빙자간음","서구","범죄 발생지","","","","","","","","","","","","12","3","-","1","2","-","-",
"혼인빙자간음","동구","범죄 발생지","","","","","","","","","","","","8","5","2","5","-","2","-",
"혼인빙자간음","영도","범죄 발생지","","","","","","","","","","","","3","3","1","4","-","-","-",
"혼인빙자간음","부산진","범죄 발생지","","","","","","","","","","","","8","8","8","7","7","7","-",
"혼인빙자간음","동래","범죄 발생지","","","","","","","","","","","","3","2","4","4","3","2","-",
"혼인빙자간음","남구","범죄 발생지","","","","","","","","","","","","12","6","2","6","3","5","-",
"혼인빙자간음","북구","범죄 발생지","","","","","","","","","","","","14","9","7","5","2","3","-",
"혼인빙자간음","해운대","범죄 발생지","","","","","","","","","","","","14","14","6","8","11","6","1",
"혼인빙자간음","사하","범죄 발생지","","","","","","","","","","","","5","4","5","3","8","4","-",
"혼인빙자간음","금정","범죄 발생지","","","","","","","","","","","","4","4","10","4","3","2","-",
"혼인빙자간음","강서","범죄 발생지","","","","","","","","","","","","","","-","1","-","-","-",
"혼인빙자간음","연제","범죄 발생지","","","","","","","","","","","","3","1","2","2","2","1","1",
"혼인빙자간음","수영","범죄 발생지","","","","","","","","","","","","1","4","5","2","-","2","-",
"혼인빙자간음","사상","범죄 발생지","","","","","","","","","","","","","6","5","1","3","3","1",
"혼인빙자간음","기장군","범죄 발생지","","","","","","","","","","","","","1","-","1","-","-","-",
"혼인빙자간음","중구","범죄 발생지","","","","","","","","","","","","4","2","5","4","1","4","-",
"혼인빙자간음","동구","범죄 발생지","","","","","","","","","","","","11","2","3","3","2","4","1",
"혼인빙자간음","서구","범죄 발생지","","","","","","","","","","","","2","1","2","2","2","-","-",
"혼인빙자간음","남구","범죄 발생지","","","","","","","","","","","","2","5","3","1","2","1","-",
"혼인빙자간음","북구","범죄 발생지","","","","","","","","","","","","4","2","3","4","2","1","-",
"혼인빙자간음","수성","범죄 발생지","","","","","","","","","","","","11","4","7","4","3","3","-",
"혼인빙자간음","달서","범죄 발생지","","","","","","","","","","","","8","8","8","7","10","9","-",
"혼인빙자간음","달성군","범죄 발생지","","","","","","","","","","","","2","1","-","-","-","-","-",
"혼인빙자간음","중구","범죄 발생지","","","","","","","","","","","","4","2","1","-","1","-","-",
"혼인빙자간음","동구","범죄 발생지","","","","","","","","","","","","","1","-","1","-","-","-",
"혼인빙자간음","서구","범죄 발생지","","","","","","","","","","","","7","1","5","1","1","1","-",
"혼인빙자간음","미추홀","범죄 발생지","","","","","","","","","","","","7","6","5","4","5","5","-",
"혼인빙자간음","연수","범죄 발생지","","","","","","","","","","","","7","2","4","1","2","2","-",
"혼인빙자간음","남동","범죄 발생지","","","","","","","","","","","","7","6","5","3","4","6","-",
"혼인빙자간음","부평","범죄 발생지","","","","","","","","","","","","11","4","4","4","3","6","-",
"혼인빙자간음","계양","범죄 발생지","","","","","","","","","","","","4","4","-","5","1","2","-",
"혼인빙자간음","강화군","범죄 발생지","","","","","","","","","","","","","","-","-","-","1","-",
"혼인빙자간음","옹진군","범죄 발생지","","","","","","","","","","","","","","-","-","-","-","-",
"혼인빙자간음","동구","범죄 발생지","","","","","","","","","","","","3","5","3","3","1","1","-",
"혼인빙자간음","서구","범죄 발생지","","","","","","","","","","","","2","5","3","4","9","4","-",
"혼인빙자간음","남구","범죄 발생지","","","","","","","","","","","","1","1","2","1","5","5","-",
"혼인빙자간음","북구","범죄 발생지","","","","","","","","","","","","5","6","1","3","1","7","-",
"혼인빙자간음","광산","범죄 발생지","","","","","","","","","","","","5","7","4","3","2","4","-",
"혼인빙자간음","중구","범죄 발생지","","","","","","","","","","","","3","7","4","1","3","4","-",
"혼인빙자간음","동구","범죄 발생지","","","","","","","","","","","","6","2","2","2","3","4","-",
"혼인빙자간음","서구","범죄 발생지","","","","","","","","","","","","1","6","9","9","6","3","1",
"혼인빙자간음","유성","범죄 발생지","","","","","","","","","","","","1","6","2","9","2","1","-",
"혼인빙자간음","대덕","범죄 발생지","","","","","","","","","","","","1","1","-","2","-","-","-",
"혼인빙자간음","중구","범죄 발생지","","","","","","","","","","","","4","2","2","3","-","3","-",
"혼인빙자간음","동구","범죄 발생지","","","","","","","","","","","","2","1","2","-","3","1","-",
"혼인빙자간음","남구","범죄 발생지","","","","","","","","","","","","4","7","5","5","12","2","-",
"혼인빙자간음","북구","범죄 발생지","","","","","","","","","","","","2","1","-","1","1","1","-",
"혼인빙자간음","울주군","범죄 발생지","","","","","","","","","","","","2","3","1","1","1","1","-",
"도박과 복표","종로","범죄 발생지","","","","","","","","","","","","50","50","92","96","124","120","85",
"도박과 복표","중구","범죄 발생지","","","","","","","","","","","","62","50","101","87","92","443","103",
"도박과 복표","용산","범죄 발생지","","","","","","","","","","","","32","35","110","32","36","121","34",
"도박과 복표","성동","범죄 발생지","","","","","","","","","","","","37","32","95","73","72","151","47",
"도박과 복표","광진","범죄 발생지","","","","","","","","","","","","22","22","186","43","58","163","66",
"도박과 복표","동대문","범죄 발생지","","","","","","","","","","","","103","100","135","93","78","183","65",
"도박과 복표","중랑","범죄 발생지","","","","","","","","","","","","33","38","172","116","121","288","142",
"도박과 복표","성북","범죄 발생지","","","","","","","","","","","","79","44","190","75","170","308","47",
"도박과 복표","강북","범죄 발생지","","","","","","","","","","","","45","35","196","41","53","169","66",
"도박과 복표","도봉","범죄 발생지","","","","","","","","","","","","20","15","84","43","46","100","50",
"도박과 복표","노원","범죄 발생지","","","","","","","","","","","","23","29","102","49","31","124","62",
"도박과 복표","은평","범죄 발생지","","","","","","","","","","","","36","45","146","72","66","121","77",
"도박과 복표","서대문","범죄 발생지","","","","","","","","","","","","47","41","60","60","54","132","42",
"도박과 복표","마포","범죄 발생지","","","","","","","","","","","","26","38","104","57","63","153","51",
"도박과 복표","양천","범죄 발생지","","","","","","","","","","","","25","31","201","76","63","269","49",
"도박과 복표","강서","범죄 발생지","","","","","","","","","","","","47","49","112","91","122","393","89",
"도박과 복표","구로","범죄 발생지","","","","","","","","","","","","55","92","139","68","266","283","92",
"도박과 복표","금천","범죄 발생지","","","","","","","","","","","","41","24","61","57","89","117","44",
"도박과 복표","영등포","범죄 발생지","","","","","","","","","","","","64","62","157","94","114","393","268",
"도박과 복표","동작","범죄 발생지","","","","","","","","","","","","21","18","100","41","181","144","93",
"도박과 복표","관악","범죄 발생지","","","","","","","","","","","","69","47","177","83","119","252","102",
"도박과 복표","서초","범죄 발생지","","","","","","","","","","","","44","30","181","84","63","334","107",
"도박과 복표","강남","범죄 발생지","","","","","","","","","","","","64","47","224","120","105","529","161",
"도박과 복표","송파","범죄 발생지","","","","","","","","","","","","77","49","133","80","91","309","87",
"도박과 복표","강동","범죄 발생지","","","","","","","","","","","","42","29","122","74","100","169","62",
"도박과 복표","중구","범죄 발생지","","","","","","","","","","","","20","15","27","21","30","35","190",
"도박과 복표","서구","범죄 발생지","","","","","","","","","","","","27","18","30","17","76","321","93",
"도박과 복표","동구","범죄 발생지","","","","","","","","","","","","32","19","57","20","41","274","321",
"도박과 복표","영도","범죄 발생지","","","","","","","","","","","","20","11","17","15","26","439","58",
"도박과 복표","부산진","범죄 발생지","","","","","","","","","","","","64","60","101","48","77","450","128",
"도박과 복표","동래","범죄 발생지","","","","","","","","","","","","42","26","59","34","53","443","86",
"도박과 복표","남구","범죄 발생지","","","","","","","","","","","","65","37","58","36","78","177","51",
"도박과 복표","북구","범죄 발생지","","","","","","","","","","","","40","23","37","15","226","292","38",
"도박과 복표","해운대","범죄 발생지","","","","","","","","","","","","34","25","70","63","304","502","314",
"도박과 복표","사하","범죄 발생지","","","","","","","","","","","","46","16","63","41","46","77","45",
"도박과 복표","금정","범죄 발생지","","","","","","","","","","","","33","22","109","27","52","389","251",
"도박과 복표","강서","범죄 발생지","","","","","","","","","","","","16","15","13","12","25","38","41",
"도박과 복표","연제","범죄 발생지","","","","","","","","","","","","30","30","41","21","37","192","47",
"도박과 복표","수영","범죄 발생지","","","","","","","","","","","","39","18","37","14","14","51","20",
"도박과 복표","사상","범죄 발생지","","","","","","","","","","","","54","38","119","23","219","390","95",
"도박과 복표","기장군","범죄 발생지","","","","","","","","","","","","26","12","20","22","16","21","11",
"도박과 복표","중구","범죄 발생지","","","","","","","","","","","","27","19","36","20","19","39","21",
"도박과 복표","동구","범죄 발생지","","","","","","","","","","","","53","43","159","101","72","192","62",
"도박과 복표","서구","범죄 발생지","","","","","","","","","","","","67","52","117","114","90","122","52",
"도박과 복표","남구","범죄 발생지","","","","","","","","","","","","38","25","81","45","36","114","35",
"도박과 복표","북구","범죄 발생지","","","","","","","","","","","","61","31","180","80","103","175","64",
"도박과 복표","수성","범죄 발생지","","","","","","","","","","","","43","27","167","63","63","268","63",
"도박과 복표","달서","범죄 발생지","","","","","","","","","","","","80","38","128","100","93","224","120",
"도박과 복표","달성군","범죄 발생지","","","","","","","","","","","","37","40","3","45","44","70","31",
"도박과 복표","중구","범죄 발생지","","","","","","","","","","","","29","34","57","35","41","71","46",
"도박과 복표","동구","범죄 발생지","","","","","","","","","","","","17","16","18","13","14","38","9",
"도박과 복표","서구","범죄 발생지","","","","","","","","","","","","52","54","161","66","52","144","55",
"도박과 복표","미추홀","범죄 발생지","","","","","","","","","","","","59","79","194","83","70","168","74",
"도박과 복표","연수","범죄 발생지","","","","","","","","","","","","21","13","76","46","45","204","43",
"도박과 복표","남동","범죄 발생지","","","","","","","","","","","","97","72","183","111","72","169","75",
"도박과 복표","부평","범죄 발생지","","","","","","","","","","","","105","84","200","120","76","234","91",
"도박과 복표","계양","범죄 발생지","","","","","","","","","","","","29","32","75","64","96","137","71",
"도박과 복표","강화군","범죄 발생지","","","","","","","","","","","","6","26","2","11","11","21","20",
"도박과 복표","옹진군","범죄 발생지","","","","","","","","","","","","2","2","2","2","-","6","9",
"도박과 복표","동구","범죄 발생지","","","","","","","","","","","","21","13","54","33","17","44","10",
"도박과 복표","서구","범죄 발생지","","","","","","","","","","","","36","16","151","88","50","152","18",
"도박과 복표","남구","범죄 발생지","","","","","","","","","","","","15","21","45","37","30","79","48",
"도박과 복표","북구","범죄 발생지","","","","","","","","","","","","55","65","143","82","69","161","44",
"도박과 복표","광산","범죄 발생지","","","","","","","","","","","","40","29","68","110","79","143","32",
"도박과 복표","중구","범죄 발생지","","","","","","","","","","","","31","35","29","60","42","148","39",
"도박과 복표","동구","범죄 발생지","","","","","","","","","","","","39","26","49","49","28","103","9",
"도박과 복표","서구","범죄 발생지","","","","","","","","","","","","17","31","60","64","75","1124","183",
"도박과 복표","유성","범죄 발생지","","","","","","","","","","","","","7","16","24","31","96","18",
"도박과 복표","대덕","범죄 발생지","","","","","","","","","","","","23","26","38","57","65","85","14",
"도박과 복표","중구","범죄 발생지","","","","","","","","","","","","41","53","56","41","44","101","48",
"도박과 복표","동구","범죄 발생지","","","","","","","","","","","","46","33","54","40","45","65","36",
"도박과 복표","남구","범죄 발생지","","","","","","","","","","","","79","68","192","83","78","186","86",
"도박과 복표","북구","범죄 발생지","","","","","","","","","","","","10","21","50","19","33","59","29",
"도박과 복표","울주군","범죄 발생지","","","","","","","","","","","","48","25","41","30","36","94","48",
"신앙","종로","범죄 발생지","","","","","","","","","","","","","","-","1","4","1","1",
"신앙","중구","범죄 발생지","","","","","","","","","","","","3","","-","-","-","1","-",
"신앙","용산","범죄 발생지","","","","","","","","","","","","","","-","-","-","-","-",
"신앙","성동","범죄 발생지","","","","","","","","","","","","","","-","-","-","-","1",
"신앙","광진","범죄 발생지","","","","","","","","","","","","2","1","-","-","-","-","-",
"신앙","동대문","범죄 발생지","","","","","","","","","","","","1","","1","-","3","3","1",
"신앙","중랑","범죄 발생지","","","","","","","","","","","","","","-","1","-","2","1",
"신앙","성북","범죄 발생지","","","","","","","","","","","","2","","1","1","1","1","-",
"신앙","강북","범죄 발생지","","","","","","","","","","","","","1","-","2","-","-","2",
"신앙","도봉","범죄 발생지","","","","","","","","","","","","2","2","-","-","-","-","-",
"신앙","노원","범죄 발생지","","","","","","","","","","","","1","1","1","-","1","-","2",
"신앙","은평","범죄 발생지","","","","","","","","","","","","1","1","-","1","-","-","-",
"신앙","서대문","범죄 발생지","","","","","","","","","","","","1","4","2","1","-","-","-",
"신앙","마포","범죄 발생지","","","","","","","","","","","","","","-","1","-","-","-",
"신앙","양천","범죄 발생지","","","","","","","","","","","","5","","1","-","-","-","-",
"신앙","강서","범죄 발생지","","","","","","","","","","","","","2","-","1","1","-","-",
"신앙","구로","범죄 발생지","","","","","","","","","","","","","1","-","1","1","-","-",
"신앙","금천","범죄 발생지","","","","","","","","","","","","","","-","-","-","-","-",
"신앙","영등포","범죄 발생지","","","","","","","","","","","","","","-","-","-","-","-",
"신앙","동작","범죄 발생지","","","","","","","","","","","","","1","-","2","-","3","-",
"신앙","관악","범죄 발생지","","","","","","","","","","","","","1","-","3","2","-","1",
"신앙","서초","범죄 발생지","","","","","","","","","","","","","","1","2","1","-","1",
"신앙","강남","범죄 발생지","","","","","","","","","","","","1","1","1","-","1","-","-",
"신앙","송파","범죄 발생지","","","","","","","","","","","","","","1","3","-","-","1",
"신앙","강동","범죄 발생지","","","","","","","","","","","","","1","-","1","-","-","2",
"신앙","중구","범죄 발생지","","","","","","","","","","","","","","-","-","-","-","-",
"신앙","서구","범죄 발생지","","","","","","","","","","","","","","-","-","-","-","-",
"신앙","동구","범죄 발생지","","","","","","","","","","","","","","-","-","-","-","-",
"신앙","영도","범죄 발생지","","","","","","","","","","","","","","1","-","-","-","-",
"신앙","부산진","범죄 발생지","","","","","","","","","","","","1","","-","1","-","1","-",
"신앙","동래","범죄 발생지","","","","","","","","","","","","","","-","-","-","-","-",
"신앙","남구","범죄 발생지","","","","","","","","","","","","","1","1","-","-","1","-",
"신앙","북구","범죄 발생지","","","","","","","","","","","","","","-","-","1","-","-",
"신앙","해운대","범죄 발생지","","","","","","","","","","","","","2","-","6","-","1","-",
"신앙","사하","범죄 발생지","","","","","","","","","","","","1","","1","2","-","-","1",
"신앙","금정","범죄 발생지","","","","","","","","","","","","1","1","-","-","-","-","-",
"신앙","강서","범죄 발생지","","","","","","","","","","","","1","","-","-","1","-","-",
"신앙","연제","범죄 발생지","","","","","","","","","","","","","","-","-","-","-","-",
"신앙","수영","범죄 발생지","","","","","","","","","","","","","1","3","-","-","-","-",
"신앙","사상","범죄 발생지","","","","","","","","","","","","1","","-","-","-","1","1",
"신앙","기장군","범죄 발생지","","","","","","","","","","","","","2","1","1","-","1","1",
"신앙","중구","범죄 발생지","","","","","","","","","","","","","","-","1","-","-","-",
"신앙","동구","범죄 발생지","","","","","","","","","","","","","","-","1","1","-","1",
"신앙","서구","범죄 발생지","","","","","","","","","","","","","","-","-","-","-","-",
"신앙","남구","범죄 발생지","","","","","","","","","","","","","","-","1","-","-","-",
"신앙","북구","범죄 발생지","","","","","","","","","","","","1","","-","-","-","-","-",
"신앙","수성","범죄 발생지","","","","","","","","","","","","","","1","1","-","-","-",
"신앙","달서","범죄 발생지","","","","","","","","","","","","5","1","3","-","-","-","-",
"신앙","달성군","범죄 발생지","","","","","","","","","","","","1","","-","-","-","1","-",
"신앙","중구","범죄 발생지","","","","","","","","","","","","","","-","16","5","-","-",
"신앙","동구","범죄 발생지","","","","","","","","","","","","","","-","-","-","-","-",
"신앙","서구","범죄 발생지","","","","","","","","","","","","1","","-","-","-","1","1",
"신앙","미추홀","범죄 발생지","","","","","","","","","","","","","1","-","-","-","-","1",
"신앙","연수","범죄 발생지","","","","","","","","","","","","","1","-","-","-","1","1",
"신앙","남동","범죄 발생지","","","","","","","","","","","","","","-","1","1","2","1",
"신앙","부평","범죄 발생지","","","","","","","","","","","","","2","-","1","1","1","-",
"신앙","계양","범죄 발생지","","","","","","","","","","","","","","-","-","-","-","-",
"신앙","강화군","범죄 발생지","","","","","","","","","","","","1","1","-","-","2","1","-",
"신앙","옹진군","범죄 발생지","","","","","","","","","","","","","","-","2","-","-","-",
"신앙","동구","범죄 발생지","","","","","","","","","","","","","","3","1","1","-","-",
"신앙","서구","범죄 발생지","","","","","","","","","","","","","","-","2","-","1","-",
"신앙","남구","범죄 발생지","","","","","","","","","","","","","","-","-","-","1","-",
"신앙","북구","범죄 발생지","","","","","","","","","","","","","","-","1","1","2","-",
"신앙","광산","범죄 발생지","","","","","","","","","","","","3","","2","7","3","2","2",
"신앙","중구","범죄 발생지","","","","","","","","","","","","","","-","-","1","-","1",
"신앙","동구","범죄 발생지","","","","","","","","","","","","","1","1","4","1","-","1",
"신앙","서구","범죄 발생지","","","","","","","","","","","","","1","-","-","1","1","-",
"신앙","유성","범죄 발생지","","","","","","","","","","","","1","1","-","2","-","-","-",
"신앙","대덕","범죄 발생지","","","","","","","","","","","","","","-","-","-","2","-",
"신앙","중구","범죄 발생지","","","","","","","","","","","","","","-","-","-","1","-",
"신앙","동구","범죄 발생지","","","","","","","","","","","","","","-","-","-","-","1",
"신앙","남구","범죄 발생지","","","","","","","","","","","","","","3","1","-","1","1",
"신앙","북구","범죄 발생지","","","","","","","","","","","","","","1","-","-","-","-",
"신앙","울주군","범죄 발생지","","","","","","","","","","","","1","4","2","3","3","1","1",
"기타 음란행위","종로","범죄 발생지","","","","","","","","","","","","2","1","5","6","4","1","2",
"기타 음란행위","중구","범죄 발생지","","","","","","","","","","","","1","4","-","3","5","8","3",
"기타 음란행위","용산","범죄 발생지","","","","","","","","","","","","3","1","5","2","4","1","2",
"기타 음란행위","성동","범죄 발생지","","","","","","","","","","","","","1","1","4","5","2","4",
"기타 음란행위","광진","범죄 발생지","","","","","","","","","","","","2","2","4","7","5","2","9",
"기타 음란행위","동대문","범죄 발생지","","","","","","","","","","","","2","5","1","2","3","2","8",
"기타 음란행위","중랑","범죄 발생지","","","","","","","","","","","","1","2","3","3","3","4","5",
"기타 음란행위","성북","범죄 발생지","","","","","","","","","","","","","3","4","4","4","5","7",
"기타 음란행위","강북","범죄 발생지","","","","","","","","","","","","","1","3","4","3","6","4",
"기타 음란행위","도봉","범죄 발생지","","","","","","","","","","","","4","","3","-","1","4","2",
"기타 음란행위","노원","범죄 발생지","","","","","","","","","","","","2","","2","6","4","4","6",
"기타 음란행위","은평","범죄 발생지","","","","","","","","","","","","","4","2","3","8","4","5",
"기타 음란행위","서대문","범죄 발생지","","","","","","","","","","","","2","","5","3","5","6","2",
"기타 음란행위","마포","범죄 발생지","","","","","","","","","","","","4","3","4","3","3","10","9",
"기타 음란행위","양천","범죄 발생지","","","","","","","","","","","","1","3","2","4","1","3","4",
"기타 음란행위","강서","범죄 발생지","","","","","","","","","","","","2","2","2","4","8","6","9",
"기타 음란행위","구로","범죄 발생지","","","","","","","","","","","","1","2","1","4","6","6","4",
"기타 음란행위","금천","범죄 발생지","","","","","","","","","","","","","","1","3","1","1","4",
"기타 음란행위","영등포","범죄 발생지","","","","","","","","","","","","","2","3","5","9","14","14",
"기타 음란행위","동작","범죄 발생지","","","","","","","","","","","","1","1","2","2","2","5","3",
"기타 음란행위","관악","범죄 발생지","","","","","","","","","","","","2","","9","4","4","3","2",
"기타 음란행위","서초","범죄 발생지","","","","","","","","","","","","2","","2","3","5","2","5",
"기타 음란행위","강남","범죄 발생지","","","","","","","","","","","","1","3","2","4","1","3","12",
"기타 음란행위","송파","범죄 발생지","","","","","","","","","","","","2","","1","2","2","1","6",
"기타 음란행위","강동","범죄 발생지","","","","","","","","","","","","1","","-","1","5","5","6",
"기타 음란행위","중구","범죄 발생지","","","","","","","","","","","","1","1","1","-","3","-","-",
"기타 음란행위","서구","범죄 발생지","","","","","","","","","","","","1","","2","-","4","-","1",
"기타 음란행위","동구","범죄 발생지","","","","","","","","","","","","2","","1","2","4","4","1",
"기타 음란행위","영도","범죄 발생지","","","","","","","","","","","","","","-","1","-","-","1",
"기타 음란행위","부산진","범죄 발생지","","","","","","","","","","","","5","2","2","3","7","8","6",
"기타 음란행위","동래","범죄 발생지","","","","","","","","","","","","3","1","3","2","8","4","19",
"기타 음란행위","남구","범죄 발생지","","","","","","","","","","","","","","-","1","3","-","2",
"기타 음란행위","북구","범죄 발생지","","","","","","","","","","","","3","1","1","4","7","2","5",
"기타 음란행위","해운대","범죄 발생지","","","","","","","","","","","","1","5","-","4","10","3","4",
"기타 음란행위","사하","범죄 발생지","","","","","","","","","","","","","","3","3","5","1","3",
"기타 음란행위","금정","범죄 발생지","","","","","","","","","","","","","","4","5","3","-","3",
"기타 음란행위","강서","범죄 발생지","","","","","","","","","","","","","1","1","3","1","1","-",
"기타 음란행위","연제","범죄 발생지","","","","","","","","","","","","1","2","1","4","1","1","3",
"기타 음란행위","수영","범죄 발생지","","","","","","","","","","","","","","-","1","7","1","1",
"기타 음란행위","사상","범죄 발생지","","","","","","","","","","","","","1","1","2","7","7","6",
"기타 음란행위","기장군","범죄 발생지","","","","","","","","","","","","5","","-","1","1","1","-",
"기타 음란행위","중구","범죄 발생지","","","","","","","","","","","","","","-","2","5","5","2",
"기타 음란행위","동구","범죄 발생지","","","","","","","","","","","","","1","2","-","3","15","5",
"기타 음란행위","서구","범죄 발생지","","","","","","","","","","","","1","5","2","8","8","5","6",
"기타 음란행위","남구","범죄 발생지","","","","","","","","","","","","1","1","-","-","-","4","3",
"기타 음란행위","북구","범죄 발생지","","","","","","","","","","","","1","2","-","3","1","2","11",
"기타 음란행위","수성","범죄 발생지","","","","","","","","","","","","2","1","1","5","2","8","5",
"기타 음란행위","달서","범죄 발생지","","","","","","","","","","","","1","3","-","2","3","6","8",
"기타 음란행위","달성군","범죄 발생지","","","","","","","","","","","","","","-","2","-","-","-",
"기타 음란행위","중구","범죄 발생지","","","","","","","","","","","","","","1","1","-","3","1",
"기타 음란행위","동구","범죄 발생지","","","","","","","","","","","","","","-","1","2","-","-",
"기타 음란행위","서구","범죄 발생지","","","","","","","","","","","","1","1","3","2","6","4","13",
"기타 음란행위","미추홀","범죄 발생지","","","","","","","","","","","","1","","2","-","5","3","5",
"기타 음란행위","연수","범죄 발생지","","","","","","","","","","","","","2","2","4","4","2","1",
"기타 음란행위","남동","범죄 발생지","","","","","","","","","","","","13","3","5","3","13","5","5",
"기타 음란행위","부평","범죄 발생지","","","","","","","","","","","","1","13","1","9","15","11","7",
"기타 음란행위","계양","범죄 발생지","","","","","","","","","","","","","2","2","1","15","3","3",
"기타 음란행위","강화군","범죄 발생지","","","","","","","","","","","","","","-","-","2","-","-",
"기타 음란행위","옹진군","범죄 발생지","","","","","","","","","","","","","","-","-","-","-","-",
"기타 음란행위","동구","범죄 발생지","","","","","","","","","","","","","1","1","1","8","2","1",
"기타 음란행위","서구","범죄 발생지","","","","","","","","","","","","","","1","2","-","3","-",
"기타 음란행위","남구","범죄 발생지","","","","","","","","","","","","","1","-","1","3","2","-",
"기타 음란행위","북구","범죄 발생지","","","","","","","","","","","","","","3","-","7","7","3",
"기타 음란행위","광산","범죄 발생지","","","","","","","","","","","","","","-","3","5","3","2",
"기타 음란행위","중구","범죄 발생지","","","","","","","","","","","","","","1","-","6","2","-",
"기타 음란행위","동구","범죄 발생지","","","","","","","","","","","","2","","-","2","-","4","-",
"기타 음란행위","서구","범죄 발생지","","","","","","","","","","","","3","5","-","1","1","2","1",
"기타 음란행위","유성","범죄 발생지","","","","","","","","","","","","","1","-","-","1","2","-",
"기타 음란행위","대덕","범죄 발생지","","","","","","","","","","","","","1","1","-","1","1","1",
"기타 음란행위","중구","범죄 발생지","","","","","","","","","","","","","2","3","-","2","2","4",
"기타 음란행위","동구","범죄 발생지","","","","","","","","","","","","","","-","2","1","1","-",
"기타 음란행위","남구","범죄 발생지","","","","","","","","","","","","4","2","1","4","5","5","12",
"기타 음란행위","북구","범죄 발생지","","","","","","","","","","","","1","","1","-","5","5","3",
"기타 음란행위","울주군","범죄 발생지","","","","","","","","","","","","1","1","-","1","3","-","1",
"과실치사상","종로","범죄 발생지","","","","","","","","","","","","15","11","11","12","15","11","13",
"과실치사상","중구","범죄 발생지","","","","","","","","","","","","6","18","10","14","16","16","16",
"과실치사상","용산","범죄 발생지","","","","","","","","","","","","6","6","11","6","8","7","12",
"과실치사상","성동","범죄 발생지","","","","","","","","","","","","11","12","4","5","5","6","9",
"과실치사상","광진","범죄 발생지","","","","","","","","","","","","9","7","9","10","9","14","15",
"과실치사상","동대문","범죄 발생지","","","","","","","","","","","","17","21","18","16","12","15","8",
"과실치사상","중랑","범죄 발생지","","","","","","","","","","","","5","5","9","5","10","15","16",
"과실치사상","성북","범죄 발생지","","","","","","","","","","","","6","9","16","8","14","12","14",
"과실치사상","강북","범죄 발생지","","","","","","","","","","","","6","7","15","12","14","10","13",
"과실치사상","도봉","범죄 발생지","","","","","","","","","","","","6","10","12","5","12","5","4",
"과실치사상","노원","범죄 발생지","","","","","","","","","","","","14","11","10","13","11","19","12",
"과실치사상","은평","범죄 발생지","","","","","","","","","","","","19","15","16","9","13","13","18",
"과실치사상","서대문","범죄 발생지","","","","","","","","","","","","10","15","9","11","14","7","11",
"과실치사상","마포","범죄 발생지","","","","","","","","","","","","11","11","6","11","15","9","16",
"과실치사상","양천","범죄 발생지","","","","","","","","","","","","6","14","11","6","8","5","8",
"과실치사상","강서","범죄 발생지","","","","","","","","","","","","9","10","15","14","9","20","19",
"과실치사상","구로","범죄 발생지","","","","","","","","","","","","4","10","11","11","12","12","10",
"과실치사상","금천","범죄 발생지","","","","","","","","","","","","9","1","4","2","4","10","3",
"과실치사상","영등포","범죄 발생지","","","","","","","","","","","","21","17","18","18","16","16","27",
"과실치사상","동작","범죄 발생지","","","","","","","","","","","","17","10","16","18","9","12","16",
"과실치사상","관악","범죄 발생지","","","","","","","","","","","","11","12","11","7","20","10","18",
"과실치사상","서초","범죄 발생지","","","","","","","","","","","","10","9","10","6","11","7","19",
"과실치사상","강남","범죄 발생지","","","","","","","","","","","","10","14","17","19","13","27","29",
"과실치사상","송파","범죄 발생지","","","","","","","","","","","","7","14","13","9","9","13","19",
"과실치사상","강동","범죄 발생지","","","","","","","","","","","","7","8","7","7","7","7","11",
"과실치사상","중구","범죄 발생지","","","","","","","","","","","","1","4","5","2","-","1","1",
"과실치사상","서구","범죄 발생지","","","","","","","","","","","","6","9","1","3","5","4","-",
"과실치사상","동구","범죄 발생지","","","","","","","","","","","","10","11","6","6","3","8","3",
"과실치사상","영도","범죄 발생지","","","","","","","","","","","","1","3","4","5","-","4","5",
"과실치사상","부산진","범죄 발생지","","","","","","","","","","","","6","6","4","5","14","22","9",
"과실치사상","동래","범죄 발생지","","","","","","","","","","","","8","4","3","7","11","6","9",
"과실치사상","남구","범죄 발생지","","","","","","","","","","","","7","8","7","5","5","5","3",
"과실치사상","북구","범죄 발생지","","","","","","","","","","","","5","9","5","5","4","10","9",
"과실치사상","해운대","범죄 발생지","","","","","","","","","","","","3","5","10","9","8","10","13",
"과실치사상","사하","범죄 발생지","","","","","","","","","","","","3","9","5","10","8","3","10",
"과실치사상","금정","범죄 발생지","","","","","","","","","","","","1","3","7","4","9","4","5",
"과실치사상","강서","범죄 발생지","","","","","","","","","","","","2","4","1","2","2","2","4",
"과실치사상","연제","범죄 발생지","","","","","","","","","","","","5","7","3","4","4","3","6",
"과실치사상","수영","범죄 발생지","","","","","","","","","","","","5","1","4","1","5","4","7",
"과실치사상","사상","범죄 발생지","","","","","","","","","","","","4","","6","1","4","6","5",
"과실치사상","기장군","범죄 발생지","","","","","","","","","","","","","","-","3","3","5","4",
"과실치사상","중구","범죄 발생지","","","","","","","","","","","","4","2","7","2","1","7","9",
"과실치사상","동구","범죄 발생지","","","","","","","","","","","","6","11","5","13","14","12","13",
"과실치사상","서구","범죄 발생지","","","","","","","","","","","","5","4","6","7","2","8","4",
"과실치사상","남구","범죄 발생지","","","","","","","","","","","","1","7","2","4","5","7","4",
"과실치사상","북구","범죄 발생지","","","","","","","","","","","","7","9","9","5","6","6","10",
"과실치사상","수성","범죄 발생지","","","","","","","","","","","","5","10","15","7","11","7","11",
"과실치사상","달서","범죄 발생지","","","","","","","","","","","","10","14","13","11","17","12","22",
"과실치사상","달성군","범죄 발생지","","","","","","","","","","","","","3","-","4","4","6","3",
"과실치사상","중구","범죄 발생지","","","","","","","","","","","","5","6","7","8","2","2","5",
"과실치사상","동구","범죄 발생지","","","","","","","","","","","","1","2","1","1","3","-","2",
"과실치사상","서구","범죄 발생지","","","","","","","","","","","","8","6","7","12","12","13","13",
"과실치사상","미추홀","범죄 발생지","","","","","","","","","","","","9","16","5","19","15","10","14",
"과실치사상","연수","범죄 발생지","","","","","","","","","","","","1","4","2","6","6","4","2",
"과실치사상","남동","범죄 발생지","","","","","","","","","","","","9","7","8","12","10","9","8",
"과실치사상","부평","범죄 발생지","","","","","","","","","","","","18","10","18","14","11","15","17",
"과실치사상","계양","범죄 발생지","","","","","","","","","","","","9","6","5","5","6","7","11",
"과실치사상","강화군","범죄 발생지","","","","","","","","","","","","1","1","-","2","1","2","2",
"과실치사상","옹진군","범죄 발생지","","","","","","","","","","","","1","1","1","3","2","-","-",
"과실치사상","동구","범죄 발생지","","","","","","","","","","","","1","4","2","-","4","5","1",
"과실치사상","서구","범죄 발생지","","","","","","","","","","","","3","4","2","5","5","7","4",
"과실치사상","남구","범죄 발생지","","","","","","","","","","","","2","2","4","8","5","4","-",
"과실치사상","북구","범죄 발생지","","","","","","","","","","","","3","12","8","11","13","14","7",
"과실치사상","광산","범죄 발생지","","","","","","","","","","","","4","3","2","14","12","8","1",
"과실치사상","중구","범죄 발생지","","","","","","","","","","","","7","2","2","5","1","3","1",
"과실치사상","동구","범죄 발생지","","","","","","","","","","","","3","3","2","2","4","5","6",
"과실치사상","서구","범죄 발생지","","","","","","","","","","","","3","5","5","3","2","8","4",
"과실치사상","유성","범죄 발생지","","","","","","","","","","","","1","","1","2","3","5","4",
"과실치사상","대덕","범죄 발생지","","","","","","","","","","","","3","4","2","3","4","11","2",
"과실치사상","중구","범죄 발생지","","","","","","","","","","","","4","4","2","3","10","2","5",
"과실치사상","동구","범죄 발생지","","","","","","","","","","","","4","2","1","1","2","4","3",
"과실치사상","남구","범죄 발생지","","","","","","","","","","","","5","4","2","7","7","6","6",
"과실치사상","북구","범죄 발생지","","","","","","","","","","","","2","5","1","-","2","1","-",
"과실치사상","울주군","범죄 발생지","","","","","","","","","","","","4","6","4","7","7","3","4",
"업무상 과실치사상","종로","범죄 발생지","","","","","","","","","","","","20","28","21","23","12","20","19",
"업무상 과실치사상","중구","범죄 발생지","","","","","","","","","","","","29","28","23","26","22","25","27",
"업무상 과실치사상","용산","범죄 발생지","","","","","","","","","","","","12","10","14","9","12","13","9",
"업무상 과실치사상","성동","범죄 발생지","","","","","","","","","","","","13","12","7","8","15","16","16",
"업무상 과실치사상","광진","범죄 발생지","","","","","","","","","","","","12","16","12","20","10","12","19",
"업무상 과실치사상","동대문","범죄 발생지","","","","","","","","","","","","17","17","13","18","6","14","12",
"업무상 과실치사상","중랑","범죄 발생지","","","","","","","","","","","","12","7","9","10","9","14","9",
"업무상 과실치사상","성북","범죄 발생지","","","","","","","","","","","","26","12","25","21","15","18","16",
"업무상 과실치사상","강북","범죄 발생지","","","","","","","","","","","","16","15","9","4","7","10","11",
"업무상 과실치사상","도봉","범죄 발생지","","","","","","","","","","","","16","7","7","8","6","3","9",
"업무상 과실치사상","노원","범죄 발생지","","","","","","","","","","","","18","20","25","20","16","24","23",
"업무상 과실치사상","은평","범죄 발생지","","","","","","","","","","","","8","3","6","12","12","12","13",
"업무상 과실치사상","서대문","범죄 발생지","","","","","","","","","","","","9","14","16","21","20","15","11",
"업무상 과실치사상","마포","범죄 발생지","","","","","","","","","","","","19","13","14","11","15","21","22",
"업무상 과실치사상","양천","범죄 발생지","","","","","","","","","","","","17","18","18","15","10","11","12",
"업무상 과실치사상","강서","범죄 발생지","","","","","","","","","","","","35","15","12","14","10","16","19",
"업무상 과실치사상","구로","범죄 발생지","","","","","","","","","","","","18","16","17","16","10","17","17",
"업무상 과실치사상","금천","범죄 발생지","","","","","","","","","","","","12","5","5","6","6","9","7",
"업무상 과실치사상","영등포","범죄 발생지","","","","","","","","","","","","17","20","20","28","14","21","24",
"업무상 과실치사상","동작","범죄 발생지","","","","","","","","","","","","20","12","15","8","18","15","19",
"업무상 과실치사상","관악","범죄 발생지","","","","","","","","","","","","14","13","4","15","9","16","13",
"업무상 과실치사상","서초","범죄 발생지","","","","","","","","","","","","40","36","33","23","32","28","40",
"업무상 과실치사상","강남","범죄 발생지","","","","","","","","","","","","62","40","38","66","54","56","82",
"업무상 과실치사상","송파","범죄 발생지","","","","","","","","","","","","27","22","21","26","24","25","27",
"업무상 과실치사상","강동","범죄 발생지","","","","","","","","","","","","13","18","9","10","14","20","14",
"업무상 과실치사상","중구","범죄 발생지","","","","","","","","","","","","5","4","6","2","7","7","4",
"업무상 과실치사상","서구","범죄 발생지","","","","","","","","","","","","22","9","14","22","12","7","13",
"업무상 과실치사상","동구","범죄 발생지","","","","","","","","","","","","11","6","12","10","6","8","7",
"업무상 과실치사상","영도","범죄 발생지","","","","","","","","","","","","8","7","11","11","3","10","8",
"업무상 과실치사상","부산진","범죄 발생지","","","","","","","","","","","","34","19","29","20","16","12","23",
"업무상 과실치사상","동래","범죄 발생지","","","","","","","","","","","","14","12","13","9","11","15","6",
"업무상 과실치사상","남구","범죄 발생지","","","","","","","","","","","","20","14","21","20","10","8","10",
"업무상 과실치사상","북구","범죄 발생지","","","","","","","","","","","","8","6","7","10","8","7","5",
"업무상 과실치사상","해운대","범죄 발생지","","","","","","","","","","","","13","9","15","13","19","12","16",
"업무상 과실치사상","사하","범죄 발생지","","","","","","","","","","","","21","14","18","26","23","16","26",
"업무상 과실치사상","금정","범죄 발생지","","","","","","","","","","","","17","9","10","14","13","13","12",
"업무상 과실치사상","강서","범죄 발생지","","","","","","","","","","","","8","5","15","16","19","11","14",
"업무상 과실치사상","연제","범죄 발생지","","","","","","","","","","","","9","7","4","11","9","5","8",
"업무상 과실치사상","수영","범죄 발생지","","","","","","","","","","","","9","10","6","11","10","5","15",
"업무상 과실치사상","사상","범죄 발생지","","","","","","","","","","","","15","11","14","11","7","7","10",
"업무상 과실치사상","기장군","범죄 발생지","","","","","","","","","","","","3","6","5","9","9","14","14",
"업무상 과실치사상","중구","범죄 발생지","","","","","","","","","","","","10","10","19","17","10","8","16",
"업무상 과실치사상","동구","범죄 발생지","","","","","","","","","","","","10","12","8","12","10","9","12",
"업무상 과실치사상","서구","범죄 발생지","","","","","","","","","","","","8","4","3","4","4","10","8",
"업무상 과실치사상","남구","범죄 발생지","","","","","","","","","","","","12","8","8","2","5","7","15",
"업무상 과실치사상","북구","범죄 발생지","","","","","","","","","","","","13","10","11","8","7","9","15",
"업무상 과실치사상","수성","범죄 발생지","","","","","","","","","","","","12","14","10","4","12","8","11",
"업무상 과실치사상","달서","범죄 발생지","","","","","","","","","","","","16","20","30","17","27","16","27",
"업무상 과실치사상","달성군","범죄 발생지","","","","","","","","","","","","4","8","1","12","6","8","13",
"업무상 과실치사상","중구","범죄 발생지","","","","","","","","","","","","18","27","28","25","24","19","17",
"업무상 과실치사상","동구","범죄 발생지","","","","","","","","","","","","7","15","7","4","4","2","7",
"업무상 과실치사상","서구","범죄 발생지","","","","","","","","","","","","23","31","18","20","22","23","28",
"업무상 과실치사상","미추홀","범죄 발생지","","","","","","","","","","","","13","16","8","15","18","17","15",
"업무상 과실치사상","연수","범죄 발생지","","","","","","","","","","","","9","6","15","14","9","16","9",
"업무상 과실치사상","남동","범죄 발생지","","","","","","","","","","","","32","28","27","26","20","20","20",
"업무상 과실치사상","부평","범죄 발생지","","","","","","","","","","","","10","23","22","18","15","22","12",
"업무상 과실치사상","계양","범죄 발생지","","","","","","","","","","","","15","12","14","9","11","5","6",
"업무상 과실치사상","강화군","범죄 발생지","","","","","","","","","","","","2","2","1","2","6","12","6",
"업무상 과실치사상","옹진군","범죄 발생지","","","","","","","","","","","","7","15","9","10","20","16","16",
"업무상 과실치사상","동구","범죄 발생지","","","","","","","","","","","","8","12","4","4","14","10","7",
"업무상 과실치사상","서구","범죄 발생지","","","","","","","","","","","","7","11","10","12","8","11","3",
"업무상 과실치사상","남구","범죄 발생지","","","","","","","","","","","","8","5","5","9","11","12","4",
"업무상 과실치사상","북구","범죄 발생지","","","","","","","","","","","","7","8","16","13","18","16","7",
"업무상 과실치사상","광산","범죄 발생지","","","","","","","","","","","","22","15","17","19","15","19","7",
"업무상 과실치사상","중구","범죄 발생지","","","","","","","","","","","","7","9","12","13","8","6","6",
"업무상 과실치사상","동구","범죄 발생지","","","","","","","","","","","","9","3","9","24","5","8","2",
"업무상 과실치사상","서구","범죄 발생지","","","","","","","","","","","","15","21","21","23","26","15","5",
"업무상 과실치사상","유성","범죄 발생지","","","","","","","","","","","","1","10","4","8","9","10","4",
"업무상 과실치사상","대덕","범죄 발생지","","","","","","","","","","","","7","13","5","11","10","10","1",
"업무상 과실치사상","중구","범죄 발생지","","","","","","","","","","","","10","8","9","9","5","12","6",
"업무상 과실치사상","동구","범죄 발생지","","","","","","","","","","","","13","11","11","21","17","12","9",
"업무상 과실치사상","남구","범죄 발생지","","","","","","","","","","","","16","27","26","30","30","23","19",
"업무상 과실치사상","북구","범죄 발생지","","","","","","","","","","","","6","9","13","17","9","10","9",
"업무상 과실치사상","울주군","범죄 발생지","","","","","","","","","","","","8","27","36","31","30","29","30",
"실화","종로","범죄 발생지","","","","","","","","","","","","12","11","12","13","13","9","12",
"실화","중구","범죄 발생지","","","","","","","","","","","","38","43","37","40","30","39","52",
"실화","용산","범죄 발생지","","","","","","","","","","","","12","13","7","5","12","9","3",
"실화","성동","범죄 발생지","","","","","","","","","","","","17","6","6","5","5","6","7",
"실화","광진","범죄 발생지","","","","","","","","","","","","16","4","11","11","8","6","6",
"실화","동대문","범죄 발생지","","","","","","","","","","","","18","19","20","17","14","12","16",
"실화","중랑","범죄 발생지","","","","","","","","","","","","11","9","13","6","10","12","10",
"실화","성북","범죄 발생지","","","","","","","","","","","","47","46","43","30","27","23","24",
"실화","강북","범죄 발생지","","","","","","","","","","","","16","10","12","9","5","9","10",
"실화","도봉","범죄 발생지","","","","","","","","","","","","3","10","8","10","25","11","32",
"실화","노원","범죄 발생지","","","","","","","","","","","","37","29","23","14","20","10","10",
"실화","은평","범죄 발생지","","","","","","","","","","","","14","20","8","6","6","10","11",
"실화","서대문","범죄 발생지","","","","","","","","","","","","7","11","5","11","10","10","8",
"실화","마포","범죄 발생지","","","","","","","","","","","","4","10","3","10","13","5","17",
"실화","양천","범죄 발생지","","","","","","","","","","","","11","18","12","4","8","9","3",
"실화","강서","범죄 발생지","","","","","","","","","","","","4","5","10","7","8","9","11",
"실화","구로","범죄 발생지","","","","","","","","","","","","9","9","3","9","6","3","3",
"실화","금천","범죄 발생지","","","","","","","","","","","","29","21","14","6","8","6","7",
"실화","영등포","범죄 발생지","","","","","","","","","","","","10","4","11","8","8","7","7",
"실화","동작","범죄 발생지","","","","","","","","","","","","9","5","4","4","8","5","7",
"실화","관악","범죄 발생지","","","","","","","","","","","","13","6","5","-","4","9","7",
"실화","서초","범죄 발생지","","","","","","","","","","","","11","22","18","12","13","13","15",
"실화","강남","범죄 발생지","","","","","","","","","","","","13","26","11","26","16","17","27",
"실화","송파","범죄 발생지","","","","","","","","","","","","11","8","11","3","6","5","6",
"실화","강동","범죄 발생지","","","","","","","","","","","","7","5","1","3","7","8","7",
"실화","중구","범죄 발생지","","","","","","","","","","","","14","7","4","8","3","5","3",
"실화","서구","범죄 발생지","","","","","","","","","","","","5","5","13","7","2","6","9",
"실화","동구","범죄 발생지","","","","","","","","","","","","21","18","19","23","19","11","2",
"실화","영도","범죄 발생지","","","","","","","","","","","","2","13","11","1","12","4","6",
"실화","부산진","범죄 발생지","","","","","","","","","","","","9","12","13","13","20","17","22",
"실화","동래","범죄 발생지","","","","","","","","","","","","10","9","5","7","3","9","4",
"실화","남구","범죄 발생지","","","","","","","","","","","","9","12","10","8","12","10","7",
"실화","북구","범죄 발생지","","","","","","","","","","","","3","6","3","8","8","10","14",
"실화","해운대","범죄 발생지","","","","","","","","","","","","2","6","2","3","5","9","12",
"실화","사하","범죄 발생지","","","","","","","","","","","","27","11","13","6","19","16","24",
"실화","금정","범죄 발생지","","","","","","","","","","","","13","4","6","4","4","2","9",
"실화","강서","범죄 발생지","","","","","","","","","","","","9","6","7","9","8","16","12",
"실화","연제","범죄 발생지","","","","","","","","","","","","4","2","6","1","3","13","19",
"실화","수영","범죄 발생지","","","","","","","","","","","","4","8","5","8","6","5","5",
"실화","사상","범죄 발생지","","","","","","","","","","","","15","12","9","7","7","16","9",
"실화","기장군","범죄 발생지","","","","","","","","","","","","3","3","6","5","3","6","5",
"실화","중구","범죄 발생지","","","","","","","","","","","","5","3","2","2","2","3","1",
"실화","동구","범죄 발생지","","","","","","","","","","","","5","5","2","7","8","7","5",
"실화","서구","범죄 발생지","","","","","","","","","","","","7","2","2","4","3","1","-",
"실화","남구","범죄 발생지","","","","","","","","","","","","6","6","3","3","8","2","7",
"실화","북구","범죄 발생지","","","","","","","","","","","","5","3","2","3","7","6","2",
"실화","수성","범죄 발생지","","","","","","","","","","","","5","14","3","5","7","6","5",
"실화","달서","범죄 발생지","","","","","","","","","","","","6","6","9","7","9","10","10",
"실화","달성군","범죄 발생지","","","","","","","","","","","","3","3","-","4","2","2","2",
"실화","중구","범죄 발생지","","","","","","","","","","","","9","6","3","9","6","10","5",
"실화","동구","범죄 발생지","","","","","","","","","","","","2","2","3","3","2","-","4",
"실화","서구","범죄 발생지","","","","","","","","","","","","8","5","5","9","11","10","9",
"실화","미추홀","범죄 발생지","","","","","","","","","","","","6","8","6","5","7","11","4",
"실화","연수","범죄 발생지","","","","","","","","","","","","3","4","9","11","6","5","4",
"실화","남동","범죄 발생지","","","","","","","","","","","","83","141","134","34","6","5","4",
"실화","부평","범죄 발생지","","","","","","","","","","","","9","13","12","11","19","17","11",
"실화","계양","범죄 발생지","","","","","","","","","","","","22","38","43","33","22","11","7",
"실화","강화군","범죄 발생지","","","","","","","","","","","","1","7","1","3","1","1","2",
"실화","옹진군","범죄 발생지","","","","","","","","","","","","1","3","-","-","2","5","3",
"실화","동구","범죄 발생지","","","","","","","","","","","","17","12","4","14","8","8","-",
"실화","서구","범죄 발생지","","","","","","","","","","","","6","12","6","19","18","31","26",
"실화","남구","범죄 발생지","","","","","","","","","","","","24","31","21","33","38","15","10",
"실화","북구","범죄 발생지","","","","","","","","","","","","1","1","2","3","4","11","-",
"실화","광산","범죄 발생지","","","","","","","","","","","","14","23","30","40","33","35","16",
"실화","중구","범죄 발생지","","","","","","","","","","","","5","2","2","5","3","2","1",
"실화","동구","범죄 발생지","","","","","","","","","","","","4","6","2","6","6","5","-",
"실화","서구","범죄 발생지","","","","","","","","","","","","8","49","18","45","54","43","24",
"실화","유성","범죄 발생지","","","","","","","","","","","","1","30","4","8","18","18","7",
"실화","대덕","범죄 발생지","","","","","","","","","","","","4","7","4","5","3","4","4",
"실화","중구","범죄 발생지","","","","","","","","","","","","5","4","6","2","3","11","7",
"실화","동구","범죄 발생지","","","","","","","","","","","","2","1","1","4","5","9","7",
"실화","남구","범죄 발생지","","","","","","","","","","","","10","9","7","16","16","16","10",
"실화","북구","범죄 발생지","","","","","","","","","","","","","2","5","3","5","6","3",
"실화","울주군","범죄 발생지","","","","","","","","","","","","1","10","3","4","13","15","11",
"명예","종로","범죄 발생지","","","","","","","","","","","","97","99","82","125","181","182","162",
"명예","중구","범죄 발생지","","","","","","","","","","","","116","88","81","127","124","180","161",
"명예","용산","범죄 발생지","","","","","","","","","","","","34","56","53","58","87","78","86",
"명예","성동","범죄 발생지","","","","","","","","","","","","70","66","67","58","68","89","68",
"명예","광진","범죄 발생지","","","","","","","","","","","","57","48","43","42","79","115","117",
"명예","동대문","범죄 발생지","","","","","","","","","","","","107","101","77","89","109","127","106",
"명예","중랑","범죄 발생지","","","","","","","","","","","","44","60","44","58","110","150","117",
"명예","성북","범죄 발생지","","","","","","","","","","","","46","65","62","60","86","84","106",
"명예","강북","범죄 발생지","","","","","","","","","","","","77","64","70","66","67","92","132",
"명예","도봉","범죄 발생지","","","","","","","","","","","","70","71","70","59","67","82","73",
"명예","노원","범죄 발생지","","","","","","","","","","","","83","124","132","129","136","148","116",
"명예","은평","범죄 발생지","","","","","","","","","","","","64","70","67","55","88","79","138",
"명예","서대문","범죄 발생지","","","","","","","","","","","","57","74","49","75","101","128","123",
"명예","마포","범죄 발생지","","","","","","","","","","","","74","60","64","112","139","177","147",
"명예","양천","범죄 발생지","","","","","","","","","","","","99","94","103","87","88","134","117",
"명예","강서","범죄 발생지","","","","","","","","","","","","108","118","95","80","104","154","129",
"명예","구로","범죄 발생지","","","","","","","","","","","","49","50","61","65","91","122","98",
"명예","금천","범죄 발생지","","","","","","","","","","","","35","46","35","39","53","81","69",
"명예","영등포","범죄 발생지","","","","","","","","","","","","116","131","137","201","242","274","184",
"명예","동작","범죄 발생지","","","","","","","","","","","","57","59","65","72","76","90","82",
"명예","관악","범죄 발생지","","","","","","","","","","","","57","60","69","91","177","141","142",
"명예","서초","범죄 발생지","","","","","","","","","","","","156","153","137","147","139","173","173",
"명예","강남","범죄 발생지","","","","","","","","","","","","128","111","125","185","189","220","241",
"명예","송파","범죄 발생지","","","","","","","","","","","","76","95","84","83","117","152","145",
"명예","강동","범죄 발생지","","","","","","","","","","","","52","73","47","68","98","148","113",
"명예","중구","범죄 발생지","","","","","","","","","","","","24","20","14","14","25","28","29",
"명예","서구","범죄 발생지","","","","","","","","","","","","73","58","34","38","43","24","41",
"명예","동구","범죄 발생지","","","","","","","","","","","","53","54","46","35","41","53","56",
"명예","영도","범죄 발생지","","","","","","","","","","","","26","17","19","37","36","38","18",
"명예","부산진","범죄 발생지","","","","","","","","","","","","67","83","84","88","118","160","157",
"명예","동래","범죄 발생지","","","","","","","","","","","","40","48","49","52","62","112","87",
"명예","남구","범죄 발생지","","","","","","","","","","","","78","74","85","71","52","79","61",
"명예","북구","범죄 발생지","","","","","","","","","","","","108","79","71","39","80","120","103",
"명예","해운대","범죄 발생지","","","","","","","","","","","","60","47","74","91","131","197","157",
"명예","사하","범죄 발생지","","","","","","","","","","","","48","47","43","58","113","105","77",
"명예","금정","범죄 발생지","","","","","","","","","","","","37","51","51","50","54","55","57",
"명예","강서","범죄 발생지","","","","","","","","","","","","15","7","11","21","18","21","14",
"명예","연제","범죄 발생지","","","","","","","","","","","","53","54","46","57","65","64","73",
"명예","수영","범죄 발생지","","","","","","","","","","","","24","33","25","30","39","46","44",
"명예","사상","범죄 발생지","","","","","","","","","","","","44","39","60","53","73","71","75",
"명예","기장군","범죄 발생지","","","","","","","","","","","","8","14","9","23","37","36","21",
"명예","중구","범죄 발생지","","","","","","","","","","","","29","28","35","32","34","41","42",
"명예","동구","범죄 발생지","","","","","","","","","","","","41","44","44","46","67","78","75",
"명예","서구","범죄 발생지","","","","","","","","","","","","21","22","15","23","33","42","33",
"명예","남구","범죄 발생지","","","","","","","","","","","","15","16","21","27","40","45","38",
"명예","북구","범죄 발생지","","","","","","","","","","","","30","34","33","44","72","64","81",
"명예","수성","범죄 발생지","","","","","","","","","","","","65","65","63","50","61","86","66",
"명예","달서","범죄 발생지","","","","","","","","","","","","59","60","61","63","82","91","86",
"명예","달성군","범죄 발생지","","","","","","","","","","","","19","18","1","19","27","21","28",
"명예","중구","범죄 발생지","","","","","","","","","","","","10","6","22","34","41","55","43",
"명예","동구","범죄 발생지","","","","","","","","","","","","6","6","4","10","10","37","26",
"명예","서구","범죄 발생지","","","","","","","","","","","","40","44","34","36","57","94","79",
"명예","미추홀","범죄 발생지","","","","","","","","","","","","25","40","71","63","84","101","96",
"명예","연수","범죄 발생지","","","","","","","","","","","","18","26","24","33","48","60","30",
"명예","남동","범죄 발생지","","","","","","","","","","","","31","34","33","53","112","139","113",
"명예","부평","범죄 발생지","","","","","","","","","","","","57","59","42","73","115","144","111",
"명예","계양","범죄 발생지","","","","","","","","","","","","18","26","33","32","42","78","81",
"명예","강화군","범죄 발생지","","","","","","","","","","","","7","15","3","15","22","26","21",
"명예","옹진군","범죄 발생지","","","","","","","","","","","","3","1","-","2","2","1","1",
"명예","동구","범죄 발생지","","","","","","","","","","","","29","45","29","44","68","55","19",
"명예","서구","범죄 발생지","","","","","","","","","","","","30","36","34","76","84","107","30",
"명예","남구","범죄 발생지","","","","","","","","","","","","19","23","25","35","42","60","21",
"명예","북구","범죄 발생지","","","","","","","","","","","","30","45","47","103","106","112","48",
"명예","광산","범죄 발생지","","","","","","","","","","","","49","47","23","52","61","47","25",
"명예","중구","범죄 발생지","","","","","","","","","","","","23","31","9","43","36","66","24",
"명예","동구","범죄 발생지","","","","","","","","","","","","25","30","24","40","29","54","18",
"명예","서구","범죄 발생지","","","","","","","","","","","","40","49","56","84","95","85","37",
"명예","유성","범죄 발생지","","","","","","","","","","","","7","28","19","29","45","48","14",
"명예","대덕","범죄 발생지","","","","","","","","","","","","20","27","20","22","24","42","11",
"명예","중구","범죄 발생지","","","","","","","","","","","","15","23","34","39","55","66","51",
"명예","동구","범죄 발생지","","","","","","","","","","","","35","22","8","8","12","12","28",
"명예","남구","범죄 발생지","","","","","","","","","","","","50","55","51","55","63","96","97",
"명예","북구","범죄 발생지","","","","","","","","","","","","17","14","23","29","34","26","20",
"명예","울주군","범죄 발생지","","","","","","","","","","","","30","50","35","32","44","36","44",
"권리행사 방해","종로","범죄 발생지","","","","","","","","","","","","38","22","30","29","18","25","23",
"권리행사 방해","중구","범죄 발생지","","","","","","","","","","","","28","29","31","20","19","33","25",
"권리행사 방해","용산","범죄 발생지","","","","","","","","","","","","14","12","24","21","29","19","18",
"권리행사 방해","성동","범죄 발생지","","","","","","","","","","","","12","21","23","16","17","15","13",
"권리행사 방해","광진","범죄 발생지","","","","","","","","","","","","17","25","30","18","32","41","39",
"권리행사 방해","동대문","범죄 발생지","","","","","","","","","","","","26","30","36","45","34","39","36",
"권리행사 방해","중랑","범죄 발생지","","","","","","","","","","","","21","23","43","32","39","42","31",
"권리행사 방해","성북","범죄 발생지","","","","","","","","","","","","21","31","44","30","21","14","21",
"권리행사 방해","강북","범죄 발생지","","","","","","","","","","","","16","27","40","30","19","30","20",
"권리행사 방해","도봉","범죄 발생지","","","","","","","","","","","","20","30","48","21","17","26","21",
"권리행사 방해","노원","범죄 발생지","","","","","","","","","","","","38","27","50","37","35","52","28",
"권리행사 방해","은평","범죄 발생지","","","","","","","","","","","","18","36","36","18","25","35","26",
"권리행사 방해","서대문","범죄 발생지","","","","","","","","","","","","21","28","32","34","23","26","26",
"권리행사 방해","마포","범죄 발생지","","","","","","","","","","","","13","18","30","26","18","18","17",
"권리행사 방해","양천","범죄 발생지","","","","","","","","","","","","33","50","54","45","34","35","26",
"권리행사 방해","강서","범죄 발생지","","","","","","","","","","","","28","45","40","57","38","44","59",
"권리행사 방해","구로","범죄 발생지","","","","","","","","","","","","24","13","37","33","22","35","22",
"권리행사 방해","금천","범죄 발생지","","","","","","","","","","","","16","10","22","9","9","16","12",
"권리행사 방해","영등포","범죄 발생지","","","","","","","","","","","","29","38","59","51","30","46","43",
"권리행사 방해","동작","범죄 발생지","","","","","","","","","","","","27","25","26","22","25","30","27",
"권리행사 방해","관악","범죄 발생지","","","","","","","","","","","","25","18","30","27","49","46","31",
"권리행사 방해","서초","범죄 발생지","","","","","","","","","","","","76","84","77","71","90","102","110",
"권리행사 방해","강남","범죄 발생지","","","","","","","","","","","","50","60","63","83","121","128","129",
"권리행사 방해","송파","범죄 발생지","","","","","","","","","","","","44","56","51","38","43","51","49",
"권리행사 방해","강동","범죄 발생지","","","","","","","","","","","","35","38","19","23","28","29","26",
"권리행사 방해","중구","범죄 발생지","","","","","","","","","","","","8","7","10","9","8","5","14",
"권리행사 방해","서구","범죄 발생지","","","","","","","","","","","","17","22","20","23","17","11","3",
"권리행사 방해","동구","범죄 발생지","","","","","","","","","","","","21","14","13","18","11","12","8",
"권리행사 방해","영도","범죄 발생지","","","","","","","","","","","","5","6","5","27","8","4","7",
"권리행사 방해","부산진","범죄 발생지","","","","","","","","","","","","40","42","39","36","39","51","29",
"권리행사 방해","동래","범죄 발생지","","","","","","","","","","","","17","16","24","14","23","23","15",
"권리행사 방해","남구","범죄 발생지","","","","","","","","","","","","32","28","24","58","16","14","16",
"권리행사 방해","북구","범죄 발생지","","","","","","","","","","","","35","19","20","31","13","23","11",
"권리행사 방해","해운대","범죄 발생지","","","","","","","","","","","","24","15","30","44","21","41","25",
"권리행사 방해","사하","범죄 발생지","","","","","","","","","","","","22","15","14","35","26","20","18",
"권리행사 방해","금정","범죄 발생지","","","","","","","","","","","","17","15","25","23","19","20","13",
"권리행사 방해","강서","범죄 발생지","","","","","","","","","","","","8","8","4","14","11","13","9",
"권리행사 방해","연제","범죄 발생지","","","","","","","","","","","","28","27","31","40","25","22","16",
"권리행사 방해","수영","범죄 발생지","","","","","","","","","","","","8","15","18","18","18","15","11",
"권리행사 방해","사상","범죄 발생지","","","","","","","","","","","","19","14","20","32","37","24","14",
"권리행사 방해","기장군","범죄 발생지","","","","","","","","","","","","7","3","2","5","11","9","8",
"권리행사 방해","중구","범죄 발생지","","","","","","","","","","","","14","8","9","8","8","5","12",
"권리행사 방해","동구","범죄 발생지","","","","","","","","","","","","25","23","14","12","9","22","14",
"권리행사 방해","서구","범죄 발생지","","","","","","","","","","","","9","18","12","11","15","10","9",
"권리행사 방해","남구","범죄 발생지","","","","","","","","","","","","18","13","11","10","7","10","13",
"권리행사 방해","북구","범죄 발생지","","","","","","","","","","","","21","19","14","15","20","24","21",
"권리행사 방해","수성","범죄 발생지","","","","","","","","","","","","34","37","26","28","18","33","32",
"권리행사 방해","달서","범죄 발생지","","","","","","","","","","","","30","28","26","30","22","37","29",
"권리행사 방해","달성군","범죄 발생지","","","","","","","","","","","","12","8","-","5","4","7","11",
"권리행사 방해","중구","범죄 발생지","","","","","","","","","","","","13","11","8","7","10","11","4",
"권리행사 방해","동구","범죄 발생지","","","","","","","","","","","","4","2","7","2","2","2","4",
"권리행사 방해","서구","범죄 발생지","","","","","","","","","","","","16","20","20","14","11","21","24",
"권리행사 방해","미추홀","범죄 발생지","","","","","","","","","","","","25","27","27","58","29","27","26",
"권리행사 방해","연수","범죄 발생지","","","","","","","","","","","","16","14","9","18","9","6","11",
"권리행사 방해","남동","범죄 발생지","","","","","","","","","","","","26","22","37","67","33","21","32",
"권리행사 방해","부평","범죄 발생지","","","","","","","","","","","","27","28","26","22","21","10","28",
"권리행사 방해","계양","범죄 발생지","","","","","","","","","","","","10","10","14","12","14","8","10",
"권리행사 방해","강화군","범죄 발생지","","","","","","","","","","","","","5","-","2","2","3","10",
"권리행사 방해","옹진군","범죄 발생지","","","","","","","","","","","","1","2","1","2","1","1","3",
"권리행사 방해","동구","범죄 발생지","","","","","","","","","","","","11","14","10","21","16","19","3",
"권리행사 방해","서구","범죄 발생지","","","","","","","","","","","","11","15","7","17","18","19","4",
"권리행사 방해","남구","범죄 발생지","","","","","","","","","","","","9","6","1","16","8","15","3",
"권리행사 방해","북구","범죄 발생지","","","","","","","","","","","","17","20","7","29","24","29","8",
"권리행사 방해","광산","범죄 발생지","","","","","","","","","","","","28","10","17","13","17","27","7",
"권리행사 방해","중구","범죄 발생지","","","","","","","","","","","","10","19","8","23","11","2","2",
"권리행사 방해","동구","범죄 발생지","","","","","","","","","","","","11","16","4","16","8","12","1",
"권리행사 방해","서구","범죄 발생지","","","","","","","","","","","","28","23","33","44","33","22","5",
"권리행사 방해","유성","범죄 발생지","","","","","","","","","","","","1","16","8","18","10","7","2",
"권리행사 방해","대덕","범죄 발생지","","","","","","","","","","","","9","13","10","11","8","9","2",
"권리행사 방해","중구","범죄 발생지","","","","","","","","","","","","6","10","15","11","11","11","6",
"권리행사 방해","동구","범죄 발생지","","","","","","","","","","","","4","5","5","6","1","-","2",
"권리행사 방해","남구","범죄 발생지","","","","","","","","","","","","14","34","24","25","18","18","16",
"권리행사 방해","북구","범죄 발생지","","","","","","","","","","","","11","1","7","7","5","6","8",
"권리행사 방해","울주군","범죄 발생지","","","","","","","","","","","","3","19","13","5","5","7","8",
"신용업무 경매","종로","범죄 발생지","","","","","","","","","","","","120","104","154","298","302","210","173",
"신용업무 경매","중구","범죄 발생지","","","","","","","","","","","","163","191","214","213","232","259","167",
"신용업무 경매","용산","범죄 발생지","","","","","","","","","","","","44","45","72","69","81","81","67",
"신용업무 경매","성동","범죄 발생지","","","","","","","","","","","","45","53","64","62","114","110","77",
"신용업무 경매","광진","범죄 발생지","","","","","","","","","","","","55","65","73","78","87","118","120",
"신용업무 경매","동대문","범죄 발생지","","","","","","","","","","","","90","86","95","133","145","158","161",
"신용업무 경매","중랑","범죄 발생지","","","","","","","","","","","","58","64","80","152","197","240","226",
"신용업무 경매","성북","범죄 발생지","","","","","","","","","","","","63","51","61","80","77","116","91",
"신용업무 경매","강북","범죄 발생지","","","","","","","","","","","","56","56","73","91","132","165","131",
"신용업무 경매","도봉","범죄 발생지","","","","","","","","","","","","45","56","62","85","72","74","82",
"신용업무 경매","노원","범죄 발생지","","","","","","","","","","","","81","85","98","142","109","149","113",
"신용업무 경매","은평","범죄 발생지","","","","","","","","","","","","35","39","81","97","117","153","125",
"신용업무 경매","서대문","범죄 발생지","","","","","","","","","","","","53","56","85","139","145","188","124",
"신용업무 경매","마포","범죄 발생지","","","","","","","","","","","","75","84","85","188","170","207","161",
"신용업무 경매","양천","범죄 발생지","","","","","","","","","","","","102","129","142","151","149","166","112",
"신용업무 경매","강서","범죄 발생지","","","","","","","","","","","","87","89","95","133","200","213","141",
"신용업무 경매","구로","범죄 발생지","","","","","","","","","","","","71","62","104","167","232","230","159",
"신용업무 경매","금천","범죄 발생지","","","","","","","","","","","","61","84","58","118","148","135","98",
"신용업무 경매","영등포","범죄 발생지","","","","","","","","","","","","109","105","134","213","235","214","207",
"신용업무 경매","동작","범죄 발생지","","","","","","","","","","","","72","72","90","118","117","133","102",
"신용업무 경매","관악","범죄 발생지","","","","","","","","","","","","70","129","145","250","240","261","226",
"신용업무 경매","서초","범죄 발생지","","","","","","","","","","","","135","123","159","245","195","199","174",
"신용업무 경매","강남","범죄 발생지","","","","","","","","","","","","151","176","178","211","271","273","258",
"신용업무 경매","송파","범죄 발생지","","","","","","","","","","","","121","85","99","137","135","192","178",
"신용업무 경매","강동","범죄 발생지","","","","","","","","","","","","82","76","82","168","148","195","159",
"신용업무 경매","중구","범죄 발생지","","","","","","","","","","","","15","6","17","24","24","32","21",
"신용업무 경매","서구","범죄 발생지","","","","","","","","","","","","30","22","25","41","38","19","14",
"신용업무 경매","동구","범죄 발생지","","","","","","","","","","","","26","41","29","45","46","55","45",
"신용업무 경매","영도","범죄 발생지","","","","","","","","","","","","8","4","13","22","24","23","13",
"신용업무 경매","부산진","범죄 발생지","","","","","","","","","","","","58","91","106","107","160","233","130",
"신용업무 경매","동래","범죄 발생지","","","","","","","","","","","","29","43","58","64","77","122","103",
"신용업무 경매","남구","범죄 발생지","","","","","","","","","","","","40","32","41","35","34","45","32",
"신용업무 경매","북구","범죄 발생지","","","","","","","","","","","","46","38","44","50","72","67","87",
"신용업무 경매","해운대","범죄 발생지","","","","","","","","","","","","31","47","57","97","118","154","101",
"신용업무 경매","사하","범죄 발생지","","","","","","","","","","","","19","32","35","49","59","61","47",
"신용업무 경매","금정","범죄 발생지","","","","","","","","","","","","21","18","30","29","50","37","50",
"신용업무 경매","강서","범죄 발생지","","","","","","","","","","","","6","11","3","18","16","29","12",
"신용업무 경매","연제","범죄 발생지","","","","","","","","","","","","17","20","26","45","66","99","52",
"신용업무 경매","수영","범죄 발생지","","","","","","","","","","","","22","17","28","24","33","44","33",
"신용업무 경매","사상","범죄 발생지","","","","","","","","","","","","28","32","37","39","65","81","72",
"신용업무 경매","기장군","범죄 발생지","","","","","","","","","","","","11","15","11","31","34","54","21",
"신용업무 경매","중구","범죄 발생지","","","","","","","","","","","","24","27","46","34","48","54","50",
"신용업무 경매","동구","범죄 발생지","","","","","","","","","","","","26","46","54","69","122","137","108",
"신용업무 경매","서구","범죄 발생지","","","","","","","","","","","","8","35","36","44","89","90","73",
"신용업무 경매","남구","범죄 발생지","","","","","","","","","","","","10","19","21","47","40","41","40",
"신용업무 경매","북구","범죄 발생지","","","","","","","","","","","","26","26","30","62","105","147","100",
"신용업무 경매","수성","범죄 발생지","","","","","","","","","","","","29","39","62","63","80","110","115",
"신용업무 경매","달서","범죄 발생지","","","","","","","","","","","","54","26","54","73","106","142","126",
"신용업무 경매","달성군","범죄 발생지","","","","","","","","","","","","15","9","-","21","21","24","18",
"신용업무 경매","중구","범죄 발생지","","","","","","","","","","","","13","24","21","25","38","54","43",
"신용업무 경매","동구","범죄 발생지","","","","","","","","","","","","6","5","8","10","18","18","9",
"신용업무 경매","서구","범죄 발생지","","","","","","","","","","","","69","85","111","81","113","123","97",
"신용업무 경매","미추홀","범죄 발생지","","","","","","","","","","","","35","51","67","100","96","113","93",
"신용업무 경매","연수","범죄 발생지","","","","","","","","","","","","17","31","43","37","35","61","50",
"신용업무 경매","남동","범죄 발생지","","","","","","","","","","","","88","87","124","146","169","188","115",
"신용업무 경매","부평","범죄 발생지","","","","","","","","","","","","153","202","199","238","215","194","185",
"신용업무 경매","계양","범죄 발생지","","","","","","","","","","","","40","41","54","66","74","106","93",
"신용업무 경매","강화군","범죄 발생지","","","","","","","","","","","","2","15","-","29","29","26","25",
"신용업무 경매","옹진군","범죄 발생지","","","","","","","","","","","","2","1","1","2","5","4","6",
"신용업무 경매","동구","범죄 발생지","","","","","","","","","","","","18","40","24","94","91","102","40",
"신용업무 경매","서구","범죄 발생지","","","","","","","","","","","","33","51","51","110","131","117","32",
"신용업무 경매","남구","범죄 발생지","","","","","","","","","","","","13","30","33","54","49","56","7",
"신용업무 경매","북구","범죄 발생지","","","","","","","","","","","","54","108","78","124","139","153","51",
"신용업무 경매","광산","범죄 발생지","","","","","","","","","","","","37","44","42","76","76","91","26",
"신용업무 경매","중구","범죄 발생지","","","","","","","","","","","","9","21","11","46","42","41","16",
"신용업무 경매","동구","범죄 발생지","","","","","","","","","","","","9","14","14","34","23","16","11",
"신용업무 경매","서구","범죄 발생지","","","","","","","","","","","","27","43","39","59","66","71","23",
"신용업무 경매","유성","범죄 발생지","","","","","","","","","","","","4","23","13","22","31","34","6",
"신용업무 경매","대덕","범죄 발생지","","","","","","","","","","","","14","14","22","30","18","28","9",
"신용업무 경매","중구","범죄 발생지","","","","","","","","","","","","19","18","30","36","65","76","58",
"신용업무 경매","동구","범죄 발생지","","","","","","","","","","","","14","8","11","18","17","12","15",
"신용업무 경매","남구","범죄 발생지","","","","","","","","","","","","60","87","51","120","133","169","145",
"신용업무 경매","북구","범죄 발생지","","","","","","","","","","","","21","55","21","52","27","22","28",
"신용업무 경매","울주군","범죄 발생지","","","","","","","","","","","","8","40","16","43","30","61","44",
"주거 침입","종로","범죄 발생지","","","","","","","","","","","","21","18","34","48","50","35","45",
"주거 침입","중구","범죄 발생지","","","","","","","","","","","","18","21","30","31","32","42","37",
"주거 침입","용산","범죄 발생지","","","","","","","","","","","","7","11","37","34","35","43","35",
"주거 침입","성동","범죄 발생지","","","","","","","","","","","","20","12","33","22","47","34","21",
"주거 침입","광진","범죄 발생지","","","","","","","","","","","","10","9","38","51","50","48","70",
"주거 침입","동대문","범죄 발생지","","","","","","","","","","","","32","21","32","46","63","40","36",
"주거 침입","중랑","범죄 발생지","","","","","","","","","","","","24","24","35","63","68","41","53",
"주거 침입","성북","범죄 발생지","","","","","","","","","","","","29","22","44","53","41","39","50",
"주거 침입","강북","범죄 발생지","","","","","","","","","","","","26","28","28","34","37","44","26",
"주거 침입","도봉","범죄 발생지","","","","","","","","","","","","10","13","15","24","25","32","20",
"주거 침입","노원","범죄 발생지","","","","","","","","","","","","25","20","32","50","39","42","44",
"주거 침입","은평","범죄 발생지","","","","","","","","","","","","16","25","33","46","49","41","54",
"주거 침입","서대문","범죄 발생지","","","","","","","","","","","","20","21","38","51","51","56","38",
"주거 침입","마포","범죄 발생지","","","","","","","","","","","","14","20","32","51","53","39","45",
"주거 침입","양천","범죄 발생지","","","","","","","","","","","","18","22","21","33","36","42","43",
"주거 침입","강서","범죄 발생지","","","","","","","","","","","","25","18","34","35","63","57","63",
"주거 침입","구로","범죄 발생지","","","","","","","","","","","","19","16","37","45","30","29","38",
"주거 침입","금천","범죄 발생지","","","","","","","","","","","","7","16","29","39","43","34","32",
"주거 침입","영등포","범죄 발생지","","","","","","","","","","","","18","32","34","47","49","51","55",
"주거 침입","동작","범죄 발생지","","","","","","","","","","","","21","17","34","55","53","46","41",
"주거 침입","관악","범죄 발생지","","","","","","","","","","","","20","21","47","68","81","85","76",
"주거 침입","서초","범죄 발생지","","","","","","","","","","","","25","30","55","64","57","56","47",
"주거 침입","강남","범죄 발생지","","","","","","","","","","","","25","35","63","81","76","82","76",
"주거 침입","송파","범죄 발생지","","","","","","","","","","","","22","31","25","48","45","66","77",
"주거 침입","강동","범죄 발생지","","","","","","","","","","","","21","17","32","48","63","52","41",
"주거 침입","중구","범죄 발생지","","","","","","","","","","","","4","3","9","8","7","12","6",
"주거 침입","서구","범죄 발생지","","","","","","","","","","","","8","10","11","15","24","25","15",
"주거 침입","동구","범죄 발생지","","","","","","","","","","","","12","14","10","19","15","17","20",
"주거 침입","영도","범죄 발생지","","","","","","","","","","","","6","4","7","6","37","29","21",
"주거 침입","부산진","범죄 발생지","","","","","","","","","","","","17","15","35","38","51","72","42",
"주거 침입","동래","범죄 발생지","","","","","","","","","","","","15","12","21","20","35","65","42",
"주거 침입","남구","범죄 발생지","","","","","","","","","","","","8","13","16","24","19","32","19",
"주거 침입","북구","범죄 발생지","","","","","","","","","","","","7","11","18","10","15","41","41",
"주거 침입","해운대","범죄 발생지","","","","","","","","","","","","14","18","28","32","41","53","45",
"주거 침입","사하","범죄 발생지","","","","","","","","","","","","6","10","14","30","27","36","46",
"주거 침입","금정","범죄 발생지","","","","","","","","","","","","11","8","13","15","21","46","26",
"주거 침입","강서","범죄 발생지","","","","","","","","","","","","6","1","2","3","3","17","13",
"주거 침입","연제","범죄 발생지","","","","","","","","","","","","6","13","16","11","20","26","38",
"주거 침입","수영","범죄 발생지","","","","","","","","","","","","","12","16","15","13","21","12",
"주거 침입","사상","범죄 발생지","","","","","","","","","","","","5","10","10","24","28","37","24",
"주거 침입","기장군","범죄 발생지","","","","","","","","","","","","4","3","6","6","7","29","15",
"주거 침입","중구","범죄 발생지","","","","","","","","","","","","8","6","10","12","7","4","10",
"주거 침입","동구","범죄 발생지","","","","","","","","","","","","14","13","24","28","35","41","31",
"주거 침입","서구","범죄 발생지","","","","","","","","","","","","6","8","27","42","29","34","27",
"주거 침입","남구","범죄 발생지","","","","","","","","","","","","5","7","14","28","24","20","14",
"주거 침입","북구","범죄 발생지","","","","","","","","","","","","25","9","32","23","40","30","27",
"주거 침입","수성","범죄 발생지","","","","","","","","","","","","18","16","24","33","38","47","32",
"주거 침입","달서","범죄 발생지","","","","","","","","","","","","15","21","33","38","52","47","51",
"주거 침입","달성군","범죄 발생지","","","","","","","","","","","","7","2","2","11","12","4","16",
"주거 침입","중구","범죄 발생지","","","","","","","","","","","","5","7","9","7","6","15","12",
"주거 침입","동구","범죄 발생지","","","","","","","","","","","","2","6","4","5","7","10","4",
"주거 침입","서구","범죄 발생지","","","","","","","","","","","","12","11","37","32","41","37","35",
"주거 침입","미추홀","범죄 발생지","","","","","","","","","","","","24","23","38","45","28","35","36",
"주거 침입","연수","범죄 발생지","","","","","","","","","","","","5","10","19","16","30","17","19",
"주거 침입","남동","범죄 발생지","","","","","","","","","","","","19","19","31","50","57","41","28",
"주거 침입","부평","범죄 발생지","","","","","","","","","","","","30","44","50","60","56","43","46",
"주거 침입","계양","범죄 발생지","","","","","","","","","","","","5","9","22","19","25","26","43",
"주거 침입","강화군","범죄 발생지","","","","","","","","","","","","1","3","3","13","13","12","21",
"주거 침입","옹진군","범죄 발생지","","","","","","","","","","","","","1","2","2","-","-","1",
"주거 침입","동구","범죄 발생지","","","","","","","","","","","","7","5","13","23","25","16","5",
"주거 침입","서구","범죄 발생지","","","","","","","","","","","","10","17","18","20","43","52","19",
"주거 침입","남구","범죄 발생지","","","","","","","","","","","","6","12","22","32","38","25","10",
"주거 침입","북구","범죄 발생지","","","","","","","","","","","","15","34","34","52","52","56","23",
"주거 침입","광산","범죄 발생지","","","","","","","","","","","","10","19","11","24","30","36","6",
"주거 침입","중구","범죄 발생지","","","","","","","","","","","","11","7","6","29","22","29","10",
"주거 침입","동구","범죄 발생지","","","","","","","","","","","","9","15","9","14","13","17","8",
"주거 침입","서구","범죄 발생지","","","","","","","","","","","","12","6","15","23","28","35","11",
"주거 침입","유성","범죄 발생지","","","","","","","","","","","","","13","3","5","10","13","3",
"주거 침입","대덕","범죄 발생지","","","","","","","","","","","","5","5","6","7","13","23","3",
"주거 침입","중구","범죄 발생지","","","","","","","","","","","","6","6","13","37","30","33","24",
"주거 침입","동구","범죄 발생지","","","","","","","","","","","","2","6","9","26","16","16","17",
"주거 침입","남구","범죄 발생지","","","","","","","","","","","","15","13","21","34","49","54","46",
"주거 침입","북구","범죄 발생지","","","","","","","","","","","","1","2","5","10","18","8","14",
"주거 침입","울주군","범죄 발생지","","","","","","","","","","","","10","7","19","23","23","26","21",
"비밀침해","종로","범죄 발생지","","","","","","","","","","","","2","","-","-","-","-","1",
"비밀침해","중구","범죄 발생지","","","","","","","","","","","","","","-","-","-","1","-",
"비밀침해","용산","범죄 발생지","","","","","","","","","","","","","","-","-","-","-","-",
"비밀침해","성동","범죄 발생지","","","","","","","","","","","","1","","-","-","-","-","-",
"비밀침해","광진","범죄 발생지","","","","","","","","","","","","","","-","1","-","-","-",
"비밀침해","동대문","범죄 발생지","","","","","","","","","","","","","","-","-","-","-","1",
"비밀침해","중랑","범죄 발생지","","","","","","","","","","","","","","-","-","-","1","-",
"비밀침해","성북","범죄 발생지","","","","","","","","","","","","1","","-","-","1","-","-",
"비밀침해","강북","범죄 발생지","","","","","","","","","","","","","","-","-","-","-","1",
"비밀침해","도봉","범죄 발생지","","","","","","","","","","","","","","3","-","-","-","1",
"비밀침해","노원","범죄 발생지","","","","","","","","","","","","2","2","-","-","-","-","-",
"비밀침해","은평","범죄 발생지","","","","","","","","","","","","","","-","-","-","-","1",
"비밀침해","서대문","범죄 발생지","","","","","","","","","","","","","","-","-","-","-","1",
"비밀침해","마포","범죄 발생지","","","","","","","","","","","","","1","-","-","-","-","-",
"비밀침해","양천","범죄 발생지","","","","","","","","","","","","1","","2","-","-","-","-",
"비밀침해","강서","범죄 발생지","","","","","","","","","","","","","","3","-","-","-","-",
"비밀침해","구로","범죄 발생지","","","","","","","","","","","","","","-","-","-","1","-",
"비밀침해","금천","범죄 발생지","","","","","","","","","","","","","","2","-","-","-","-",
"비밀침해","영등포","범죄 발생지","","","","","","","","","","","","","","-","-","-","1","-",
"비밀침해","동작","범죄 발생지","","","","","","","","","","","","1","","1","-","-","-","-",
"비밀침해","관악","범죄 발생지","","","","","","","","","","","","","","-","1","-","1","1",
"비밀침해","서초","범죄 발생지","","","","","","","","","","","","","","-","-","-","1","1",
"비밀침해","강남","범죄 발생지","","","","","","","","","","","","1","","3","2","4","-","-",
"비밀침해","송파","범죄 발생지","","","","","","","","","","","","","","-","-","-","-","1",
"비밀침해","강동","범죄 발생지","","","","","","","","","","","","","","-","-","-","-","-",
"비밀침해","중구","범죄 발생지","","","","","","","","","","","","","","-","-","-","-","-",
"비밀침해","서구","범죄 발생지","","","","","","","","","","","","","","-","-","-","1","-",
"비밀침해","동구","범죄 발생지","","","","","","","","","","","","","","-","-","-","-","-",
"비밀침해","영도","범죄 발생지","","","","","","","","","","","","","","-","-","-","-","-",
"비밀침해","부산진","범죄 발생지","","","","","","","","","","","","","","-","1","-","-","1",
"비밀침해","동래","범죄 발생지","","","","","","","","","","","","","","-","1","-","-","-",
"비밀침해","남구","범죄 발생지","","","","","","","","","","","","","","1","-","-","-","-",
"비밀침해","북구","범죄 발생지","","","","","","","","","","","","","","-","-","-","-","-",
"비밀침해","해운대","범죄 발생지","","","","","","","","","","","","2","","-","-","2","-","-",
"비밀침해","사하","범죄 발생지","","","","","","","","","","","","","","-","-","-","-","-",
"비밀침해","금정","범죄 발생지","","","","","","","","","","","","","","-","-","1","1","-",
"비밀침해","강서","범죄 발생지","","","","","","","","","","","","1","","1","-","-","-","-",
"비밀침해","연제","범죄 발생지","","","","","","","","","","","","","","-","-","1","-","-",
"비밀침해","수영","범죄 발생지","","","","","","","","","","","","","","-","-","-","-","-",
"비밀침해","사상","범죄 발생지","","","","","","","","","","","","","","-","-","1","2","1",
"비밀침해","기장군","범죄 발생지","","","","","","","","","","","","","","-","-","-","-","-",
"비밀침해","중구","범죄 발생지","","","","","","","","","","","","","","-","1","-","-","-",
"비밀침해","동구","범죄 발생지","","","","","","","","","","","","","1","-","-","-","-","1",
"비밀침해","서구","범죄 발생지","","","","","","","","","","","","","","-","-","-","-","-",
"비밀침해","남구","범죄 발생지","","","","","","","","","","","","","","-","-","-","-","-",
"비밀침해","북구","범죄 발생지","","","","","","","","","","","","1","","-","-","-","-","-",
"비밀침해","수성","범죄 발생지","","","","","","","","","","","","","","-","-","1","-","1",
"비밀침해","달서","범죄 발생지","","","","","","","","","","","","2","1","-","1","-","1","-",
"비밀침해","달성군","범죄 발생지","","","","","","","","","","","","1","","-","-","-","-","-",
"비밀침해","중구","범죄 발생지","","","","","","","","","","","","1","","-","-","-","-","-",
"비밀침해","동구","범죄 발생지","","","","","","","","","","","","","","-","-","-","-","-",
"비밀침해","서구","범죄 발생지","","","","","","","","","","","","","","-","-","-","1","-",
"비밀침해","미추홀","범죄 발생지","","","","","","","","","","","","","","-","-","-","-","-",
"비밀침해","연수","범죄 발생지","","","","","","","","","","","","","1","-","-","1","-","-",
"비밀침해","남동","범죄 발생지","","","","","","","","","","","","","","-","1","-","1","-",
"비밀침해","부평","범죄 발생지","","","","","","","","","","","","1","","1","-","-","3","-",
"비밀침해","계양","범죄 발생지","","","","","","","","","","","","","","1","-","-","-","-",
"비밀침해","강화군","범죄 발생지","","","","","","","","","","","","","","-","-","-","-","-",
"비밀침해","옹진군","범죄 발생지","","","","","","","","","","","","","","-","-","-","-","-",
"비밀침해","동구","범죄 발생지","","","","","","","","","","","","","","-","-","-","-","-",
"비밀침해","서구","범죄 발생지","","","","","","","","","","","","","2","-","-","-","-","-",
"비밀침해","남구","범죄 발생지","","","","","","","","","","","","","","-","-","-","-","-",
"비밀침해","북구","범죄 발생지","","","","","","","","","","","","1","","-","-","-","1","-",
"비밀침해","광산","범죄 발생지","","","","","","","","","","","","","","-","-","-","-","-",
"비밀침해","중구","범죄 발생지","","","","","","","","","","","","","1","1","-","-","-","-",
"비밀침해","동구","범죄 발생지","","","","","","","","","","","","","","-","-","-","-","-",
"비밀침해","서구","범죄 발생지","","","","","","","","","","","","","","-","-","-","-","-",
"비밀침해","유성","범죄 발생지","","","","","","","","","","","","","","-","1","-","-","-",
"비밀침해","대덕","범죄 발생지","","","","","","","","","","","","","","-","-","-","-","-",
"비밀침해","중구","범죄 발생지","","","","","","","","","","","","","","1","-","-","-","-",
"비밀침해","동구","범죄 발생지","","","","","","","","","","","","","","-","-","-","-","-",
"비밀침해","남구","범죄 발생지","","","","","","","","","","","","","","-","-","-","-","-",
"비밀침해","북구","범죄 발생지","","","","","","","","","","","","1","","-","-","-","-","-",
"비밀침해","울주군","범죄 발생지","","","","","","","","","","","","","1","-","-","-","-","1",
"유기","종로","범죄 발생지","","","","","","","","","","","","3","1","2","-","-","2","-",
"유기","중구","범죄 발생지","","","","","","","","","","","","1","","1","1","-","1","2",
"유기","용산","범죄 발생지","","","","","","","","","","","","1","1","-","-","1","-","-",
"유기","성동","범죄 발생지","","","","","","","","","","","","2","1","-","-","-","2","1",
"유기","광진","범죄 발생지","","","","","","","","","","","","1","1","3","1","1","1","-",
"유기","동대문","범죄 발생지","","","","","","","","","","","","","2","1","2","2","1","2",
"유기","중랑","범죄 발생지","","","","","","","","","","","","2","1","1","-","-","1","4",
"유기","성북","범죄 발생지","","","","","","","","","","","","2","","2","2","-","-","-",
"유기","강북","범죄 발생지","","","","","","","","","","","","1","","-","5","2","-","-",
"유기","도봉","범죄 발생지","","","","","","","","","","","","2","1","1","1","5","-","1",
"유기","노원","범죄 발생지","","","","","","","","","","","","5","1","2","-","-","2","2",
"유기","은평","범죄 발생지","","","","","","","","","","","","","1","3","1","4","-","1",
"유기","서대문","범죄 발생지","","","","","","","","","","","","3","1","3","2","3","1","-",
"유기","마포","범죄 발생지","","","","","","","","","","","","2","3","-","-","4","-","-",
"유기","양천","범죄 발생지","","","","","","","","","","","","1","","2","-","-","-","-",
"유기","강서","범죄 발생지","","","","","","","","","","","","4","1","2","-","1","4","3",
"유기","구로","범죄 발생지","","","","","","","","","","","","2","","1","1","-","-","1",
"유기","금천","범죄 발생지","","","","","","","","","","","","1","4","-","-","-","-","2",
"유기","영등포","범죄 발생지","","","","","","","","","","","","4","2","2","2","2","-","-",
"유기","동작","범죄 발생지","","","","","","","","","","","","1","1","-","2","1","1","-",
"유기","관악","범죄 발생지","","","","","","","","","","","","3","2","-","2","-","1","1",
"유기","서초","범죄 발생지","","","","","","","","","","","","1","1","1","1","1","-","3",
"유기","강남","범죄 발생지","","","","","","","","","","","","1","2","1","2","-","2","1",
"유기","송파","범죄 발생지","","","","","","","","","","","","1","","3","1","-","2","1",
"유기","강동","범죄 발생지","","","","","","","","","","","","1","1","1","-","-","-","2",
"유기","중구","범죄 발생지","","","","","","","","","","","","1","","1","-","1","-","-",
"유기","서구","범죄 발생지","","","","","","","","","","","","3","2","5","2","1","-","1",
"유기","동구","범죄 발생지","","","","","","","","","","","","","2","1","4","2","-","-",
"유기","영도","범죄 발생지","","","","","","","","","","","","","1","2","-","-","-","1",
"유기","부산진","범죄 발생지","","","","","","","","","","","","2","4","-","1","-","3","-",
"유기","동래","범죄 발생지","","","","","","","","","","","","1","","-","-","1","-","-",
"유기","남구","범죄 발생지","","","","","","","","","","","","3","10","-","5","1","-","-",
"유기","북구","범죄 발생지","","","","","","","","","","","","2","2","-","3","1","1","1",
"유기","해운대","범죄 발생지","","","","","","","","","","","","2","","4","2","1","1","-",
"유기","사하","범죄 발생지","","","","","","","","","","","","4","1","1","-","2","2","-",
"유기","금정","범죄 발생지","","","","","","","","","","","","4","1","1","2","3","-","1",
"유기","강서","범죄 발생지","","","","","","","","","","","","","","-","-","-","-","-",
"유기","연제","범죄 발생지","","","","","","","","","","","","1","1","-","1","-","-","1",
"유기","수영","범죄 발생지","","","","","","","","","","","","2","1","-","3","1","1","-",
"유기","사상","범죄 발생지","","","","","","","","","","","","2","","-","-","-","2","2",
"유기","기장군","범죄 발생지","","","","","","","","","","","","1","","-","1","-","-","-",
"유기","중구","범죄 발생지","","","","","","","","","","","","1","1","-","-","-","-","-",
"유기","동구","범죄 발생지","","","","","","","","","","","","1","4","-","1","1","-","2",
"유기","서구","범죄 발생지","","","","","","","","","","","","","","1","-","1","-","-",
"유기","남구","범죄 발생지","","","","","","","","","","","","1","3","1","1","-","1","-",
"유기","북구","범죄 발생지","","","","","","","","","","","","","","-","-","-","-","-",
"유기","수성","범죄 발생지","","","","","","","","","","","","2","1","1","1","-","1","-",
"유기","달서","범죄 발생지","","","","","","","","","","","","1","","-","2","-","1","2",
"유기","달성군","범죄 발생지","","","","","","","","","","","","1","2","-","2","-","-","2",
"유기","중구","범죄 발생지","","","","","","","","","","","","1","3","-","-","1","-","-",
"유기","동구","범죄 발생지","","","","","","","","","","","","1","","-","-","-","-","-",
"유기","서구","범죄 발생지","","","","","","","","","","","","1","","3","1","2","-","3",
"유기","미추홀","범죄 발생지","","","","","","","","","","","","4","5","1","1","1","-","1",
"유기","연수","범죄 발생지","","","","","","","","","","","","","1","2","1","1","2","2",
"유기","남동","범죄 발생지","","","","","","","","","","","","2","1","-","-","1","-","-",
"유기","부평","범죄 발생지","","","","","","","","","","","","2","3","-","3","-","1","-",
"유기","계양","범죄 발생지","","","","","","","","","","","","","","1","2","-","-","-",
"유기","강화군","범죄 발생지","","","","","","","","","","","","","","1","-","-","1","1",
"유기","옹진군","범죄 발생지","","","","","","","","","","","","1","","-","-","-","-","1",
"유기","동구","범죄 발생지","","","","","","","","","","","","3","5","-","-","1","1","-",
"유기","서구","범죄 발생지","","","","","","","","","","","","2","1","-","-","1","1","-",
"유기","남구","범죄 발생지","","","","","","","","","","","","3","1","-","1","-","2","1",
"유기","북구","범죄 발생지","","","","","","","","","","","","","","-","-","-","-","-",
"유기","광산","범죄 발생지","","","","","","","","","","","","","3","-","-","-","1","-",
"유기","중구","범죄 발생지","","","","","","","","","","","","3","1","1","1","-","-","-",
"유기","동구","범죄 발생지","","","","","","","","","","","","","1","2","2","-","-","-",
"유기","서구","범죄 발생지","","","","","","","","","","","","","2","1","1","2","1","-",
"유기","유성","범죄 발생지","","","","","","","","","","","","1","","-","-","1","-","-",
"유기","대덕","범죄 발생지","","","","","","","","","","","","","1","-","-","1","-","-",
"유기","중구","범죄 발생지","","","","","","","","","","","","4","","3","-","-","-","-",
"유기","동구","범죄 발생지","","","","","","","","","","","","","1","-","-","-","-","-",
"유기","남구","범죄 발생지","","","","","","","","","","","","4","3","2","1","4","-","1",
"유기","북구","범죄 발생지","","","","","","","","","","","","2","","-","-","-","-","-",
"유기","울주군","범죄 발생지","","","","","","","","","","","","2","","-","1","2","1","-",
"낙태","종로","범죄 발생지","","","","","","","","","","","","","","-","-","-","-","1",
"낙태","중구","범죄 발생지","","","","","","","","","","","","","","-","-","-","-","-",
"낙태","용산","범죄 발생지","","","","","","","","","","","","","","-","-","-","-","1",
"낙태","성동","범죄 발생지","","","","","","","","","","","","","","-","-","-","-","-",
"낙태","광진","범죄 발생지","","","","","","","","","","","","2","","-","1","-","1","1",
"낙태","동대문","범죄 발생지","","","","","","","","","","","","","","-","-","-","-","-",
"낙태","중랑","범죄 발생지","","","","","","","","","","","","","","-","-","1","-","1",
"낙태","성북","범죄 발생지","","","","","","","","","","","","","1","1","-","-","-","1",
"낙태","강북","범죄 발생지","","","","","","","","","","","","","","1","-","-","-","1",
"낙태","도봉","범죄 발생지","","","","","","","","","","","","","","-","1","-","-","-",
"낙태","노원","범죄 발생지","","","","","","","","","","","","","","-","-","-","-","-",
"낙태","은평","범죄 발생지","","","","","","","","","","","","","","-","-","-","1","-",
"낙태","서대문","범죄 발생지","","","","","","","","","","","","","","-","-","-","-","-",
"낙태","마포","범죄 발생지","","","","","","","","","","","","","","-","-","-","-","-",
"낙태","양천","범죄 발생지","","","","","","","","","","","","","","-","-","-","-","-",
"낙태","강서","범죄 발생지","","","","","","","","","","","","","","-","-","-","1","2",
"낙태","구로","범죄 발생지","","","","","","","","","","","","","","-","-","-","-","-",
"낙태","금천","범죄 발생지","","","","","","","","","","","","","","-","-","-","-","-",
"낙태","영등포","범죄 발생지","","","","","","","","","","","","","","-","-","-","-","-",
"낙태","동작","범죄 발생지","","","","","","","","","","","","","1","1","-","-","-","-",
"낙태","관악","범죄 발생지","","","","","","","","","","","","1","","-","-","-","-","1",
"낙태","서초","범죄 발생지","","","","","","","","","","","","","","1","-","-","-","-",
"낙태","강남","범죄 발생지","","","","","","","","","","","","1","1","-","1","2","-","-",
"낙태","송파","범죄 발생지","","","","","","","","","","","","1","","1","-","-","-","-",
"낙태","강동","범죄 발생지","","","","","","","","","","","","1","","-","-","1","-","-",
"낙태","중구","범죄 발생지","","","","","","","","","","","","","","-","-","-","-","-",
"낙태","서구","범죄 발생지","","","","","","","","","","","","","1","-","-","1","-","-",
"낙태","동구","범죄 발생지","","","","","","","","","","","","","","-","-","-","-","-",
"낙태","영도","범죄 발생지","","","","","","","","","","","","","","-","-","-","-","-",
"낙태","부산진","범죄 발생지","","","","","","","","","","","","","","-","-","-","-","1",
"낙태","동래","범죄 발생지","","","","","","","","","","","","1","","-","-","3","-","2",
"낙태","남구","범죄 발생지","","","","","","","","","","","","","1","-","-","-","1","-",
"낙태","북구","범죄 발생지","","","","","","","","","","","","","","-","-","-","-","-",
"낙태","해운대","범죄 발생지","","","","","","","","","","","","","","-","-","1","-","2",
"낙태","사하","범죄 발생지","","","","","","","","","","","","","","-","-","2","-","-",
"낙태","금정","범죄 발생지","","","","","","","","","","","","","1","-","-","-","-","-",
"낙태","강서","범죄 발생지","","","","","","","","","","","","","","-","-","-","-","1",
"낙태","연제","범죄 발생지","","","","","","","","","","","","","","1","-","-","-","-",
"낙태","수영","범죄 발생지","","","","","","","","","","","","","","1","1","-","1","-",
"낙태","사상","범죄 발생지","","","","","","","","","","","","","","-","-","-","-","-",
"낙태","기장군","범죄 발생지","","","","","","","","","","","","","","-","-","-","-","-",
"낙태","중구","범죄 발생지","","","","","","","","","","","","","","-","-","-","-","1",
"낙태","동구","범죄 발생지","","","","","","","","","","","","","","-","-","-","-","-",
"낙태","서구","범죄 발생지","","","","","","","","","","","","","","-","-","-","-","-",
"낙태","남구","범죄 발생지","","","","","","","","","","","","","","-","-","-","-","-",
"낙태","북구","범죄 발생지","","","","","","","","","","","","","","-","-","-","-","-",
"낙태","수성","범죄 발생지","","","","","","","","","","","","","","-","-","1","1","-",
"낙태","달서","범죄 발생지","","","","","","","","","","","","","","-","-","-","-","1",
"낙태","달성군","범죄 발생지","","","","","","","","","","","","","1","-","-","-","-","-",
"낙태","중구","범죄 발생지","","","","","","","","","","","","","","-","1","-","-","-",
"낙태","동구","범죄 발생지","","","","","","","","","","","","","1","-","-","-","-","-",
"낙태","서구","범죄 발생지","","","","","","","","","","","","","","-","-","-","-","-",
"낙태","미추홀","범죄 발생지","","","","","","","","","","","","1","","-","-","-","-","-",
"낙태","연수","범죄 발생지","","","","","","","","","","","","","","-","-","-","-","-",
"낙태","남동","범죄 발생지","","","","","","","","","","","","","","-","-","-","1","-",
"낙태","부평","범죄 발생지","","","","","","","","","","","","1","","-","-","1","1","-",
"낙태","계양","범죄 발생지","","","","","","","","","","","","","","-","-","-","-","-",
"낙태","강화군","범죄 발생지","","","","","","","","","","","","","","-","-","-","-","-",
"낙태","옹진군","범죄 발생지","","","","","","","","","","","","","","-","-","-","-","-",
"낙태","동구","범죄 발생지","","","","","","","","","","","","","","-","-","-","-","-",
"낙태","서구","범죄 발생지","","","","","","","","","","","","","","-","-","-","1","-",
"낙태","남구","범죄 발생지","","","","","","","","","","","","","","-","-","-","-","-",
"낙태","북구","범죄 발생지","","","","","","","","","","","","1","","-","-","-","1","-",
"낙태","광산","범죄 발생지","","","","","","","","","","","","","","-","-","2","-","-",
"낙태","중구","범죄 발생지","","","","","","","","","","","","","","-","-","-","-","-",
"낙태","동구","범죄 발생지","","","","","","","","","","","","","","1","-","-","-","-",
"낙태","서구","범죄 발생지","","","","","","","","","","","","","","-","-","-","-","-",
"낙태","유성","범죄 발생지","","","","","","","","","","","","","","-","-","-","1","-",
"낙태","대덕","범죄 발생지","","","","","","","","","","","","1","","-","-","-","-","-",
"낙태","중구","범죄 발생지","","","","","","","","","","","","","","-","-","-","-","-",
"낙태","동구","범죄 발생지","","","","","","","","","","","","","","-","-","-","-","-",
"낙태","남구","범죄 발생지","","","","","","","","","","","","","1","3","-","1","-","3",
"낙태","북구","범죄 발생지","","","","","","","","","","","","","","-","-","-","-","-",
"낙태","울주군","범죄 발생지","","","","","","","","","","","","","","-","-","-","-","-",
"아편","종로","범죄 발생지","","","","","","","","","","","","-","-","-","-","-","-","-",
"아편","중구","범죄 발생지","","","","","","","","","","","","-","-","-","-","-","-","-",
"아편","용산","범죄 발생지","","","","","","","","","","","","-","-","-","-","-","-","-",
"아편","성동","범죄 발생지","","","","","","","","","","","","-","-","-","-","-","-","-",
"아편","광진","범죄 발생지","","","","","","","","","","","","-","-","-","-","-","-","-",
"아편","동대문","범죄 발생지","","","","","","","","","","","","-","-","-","-","-","-","-",
"아편","중랑","범죄 발생지","","","","","","","","","","","","-","-","-","-","-","-","-",
"아편","성북","범죄 발생지","","","","","","","","","","","","-","-","-","-","-","-","-",
"아편","강북","범죄 발생지","","","","","","","","","","","","-","-","-","-","-","-","-",
"아편","도봉","범죄 발생지","","","","","","","","","","","","-","-","-","-","-","-","-",
"아편","노원","범죄 발생지","","","","","","","","","","","","-","-","-","-","-","-","-",
"아편","은평","범죄 발생지","","","","","","","","","","","","-","-","-","-","-","-","-",
"아편","서대문","범죄 발생지","","","","","","","","","","","","-","-","-","-","-","-","-",
"아편","마포","범죄 발생지","","","","","","","","","","","","-","-","-","-","-","-","-",
"아편","양천","범죄 발생지","","","","","","","","","","","","-","-","-","-","-","-","-",
"아편","강서","범죄 발생지","","","","","","","","","","","","-","-","-","-","-","-","-",
"아편","구로","범죄 발생지","","","","","","","","","","","","-","-","-","-","-","-","-",
"아편","금천","범죄 발생지","","","","","","","","","","","","-","-","-","-","-","-","-",
"아편","영등포","범죄 발생지","","","","","","","","","","","","-","-","-","-","-","-","-",
"아편","동작","범죄 발생지","","","","","","","","","","","","-","-","-","-","-","-","-",
"아편","관악","범죄 발생지","","","","","","","","","","","","-","-","-","-","-","-","-",
"아편","서초","범죄 발생지","","","","","","","","","","","","-","-","-","-","-","-","-",
"아편","강남","범죄 발생지","","","","","","","","","","","","-","-","-","-","-","-","-",
"아편","송파","범죄 발생지","","","","","","","","","","","","-","-","-","-","-","-","-",
"아편","강동","범죄 발생지","","","","","","","","","","","","-","-","-","-","-","-","-",
"아편","중구","범죄 발생지","","","","","","","","","","","","-","-","-","-","-","-","-",
"아편","서구","범죄 발생지","","","","","","","","","","","","-","-","-","-","-","-","-",
"아편","동구","범죄 발생지","","","","","","","","","","","","-","-","-","-","-","-","-",
"아편","영도","범죄 발생지","","","","","","","","","","","","-","-","-","-","-","-","-",
"아편","부산진","범죄 발생지","","","","","","","","","","","","-","-","-","-","-","-","-",
"아편","동래","범죄 발생지","","","","","","","","","","","","-","-","-","-","-","-","-",
"아편","남구","범죄 발생지","","","","","","","","","","","","-","-","-","-","-","-","-",
"아편","북구","범죄 발생지","","","","","","","","","","","","-","-","-","-","-","-","-",
"아편","해운대","범죄 발생지","","","","","","","","","","","","-","-","-","-","-","-","-",
"아편","사하","범죄 발생지","","","","","","","","","","","","-","-","-","-","-","-","-",
"아편","금정","범죄 발생지","","","","","","","","","","","","-","-","-","-","-","-","-",
"아편","강서","범죄 발생지","","","","","","","","","","","","-","-","-","-","-","-","-",
"아편","연제","범죄 발생지","","","","","","","","","","","","-","-","-","-","-","-","-",
"아편","수영","범죄 발생지","","","","","","","","","","","","-","-","-","-","-","-","-",
"아편","사상","범죄 발생지","","","","","","","","","","","","-","-","-","-","-","-","-",
"아편","기장군","범죄 발생지","","","","","","","","","","","","-","-","-","-","-","-","-",
"아편","중구","범죄 발생지","","","","","","","","","","","","-","-","-","-","-","-","-",
"아편","동구","범죄 발생지","","","","","","","","","","","","-","-","-","-","-","-","-",
"아편","서구","범죄 발생지","","","","","","","","","","","","-","-","-","-","-","-","-",
"아편","남구","범죄 발생지","","","","","","","","","","","","-","-","-","-","-","-","-",
"아편","북구","범죄 발생지","","","","","","","","","","","","-","-","-","-","-","-","-",
"아편","수성","범죄 발생지","","","","","","","","","","","","-","-","-","-","-","-","-",
"아편","달서","범죄 발생지","","","","","","","","","","","","-","-","-","-","-","-","-",
"아편","달성군","범죄 발생지","","","","","","","","","","","","-","-","-","-","-","-","-",
"아편","중구","범죄 발생지","","","","","","","","","","","","-","-","-","-","-","-","-",
"아편","동구","범죄 발생지","","","","","","","","","","","","-","-","-","-","-","-","-",
"아편","서구","범죄 발생지","","","","","","","","","","","","-","-","-","-","-","-","-",
"아편","미추홀","범죄 발생지","","","","","","","","","","","","-","-","-","-","-","-","-",
"아편","연수","범죄 발생지","","","","","","","","","","","","-","-","-","-","-","-","-",
"아편","남동","범죄 발생지","","","","","","","","","","","","-","-","-","-","-","-","-",
"아편","부평","범죄 발생지","","","","","","","","","","","","-","-","-","-","-","-","-",
"아편","계양","범죄 발생지","","","","","","","","","","","","-","-","-","-","-","-","-",
"아편","강화군","범죄 발생지","","","","","","","","","","","","-","-","-","-","-","-","-",
"아편","옹진군","범죄 발생지","","","","","","","","","","","","-","-","-","-","-","-","-",
"아편","동구","범죄 발생지","","","","","","","","","","","","-","-","-","-","-","-","-",
"아편","서구","범죄 발생지","","","","","","","","","","","","-","-","-","-","-","-","-",
"아편","남구","범죄 발생지","","","","","","","","","","","","-","-","-","-","-","-","-",
"아편","북구","범죄 발생지","","","","","","","","","","","","-","-","-","-","-","-","-",
"아편","광산","범죄 발생지","","","","","","","","","","","","-","-","-","-","-","-","-",
"아편","중구","범죄 발생지","","","","","","","","","","","","-","-","-","-","-","-","-",
"아편","동구","범죄 발생지","","","","","","","","","","","","-","-","-","-","-","-","-",
"아편","서구","범죄 발생지","","","","","","","","","","","","-","-","-","-","-","-","-",
"아편","유성","범죄 발생지","","","","","","","","","","","","-","-","-","-","-","-","-",
"아편","대덕","범죄 발생지","","","","","","","","","","","","-","-","-","-","-","-","-",
"아편","중구","범죄 발생지","","","","","","","","","","","","-","-","-","-","-","-","-",
"아편","동구","범죄 발생지","","","","","","","","","","","","-","-","-","-","-","-","-",
"아편","남구","범죄 발생지","","","","","","","","","","","","-","-","-","-","-","-","-",
"아편","북구","범죄 발생지","","","","","","","","","","","","-","-","-","-","-","-","-",
"아편","울주군","범죄 발생지","","","","","","","","","","","","-","-","-","-","-","-","-",
"교통방해","종로","범죄 발생지","","","","","","","","","","","","4","3","4","61","58","36","11",
"교통방해","중구","범죄 발생지","","","","","","","","","","","","5","5","21","6","26","80","22",
"교통방해","용산","범죄 발생지","","","","","","","","","","","","4","20","4","6","9","22","15",
"교통방해","성동","범죄 발생지","","","","","","","","","","","","3","4","2","1","3","10","5",
"교통방해","광진","범죄 발생지","","","","","","","","","","","","","4","1","3","3","7","4",
"교통방해","동대문","범죄 발생지","","","","","","","","","","","","2","2","2","4","4","2","-",
"교통방해","중랑","범죄 발생지","","","","","","","","","","","","6","10","2","2","5","3","8",
"교통방해","성북","범죄 발생지","","","","","","","","","","","","5","","1","1","4","3","2",
"교통방해","강북","범죄 발생지","","","","","","","","","","","","4","12","7","4","2","6","6",
"교통방해","도봉","범죄 발생지","","","","","","","","","","","","1","1","-","-","1","2","-",
"교통방해","노원","범죄 발생지","","","","","","","","","","","","1","2","3","2","8","5","2",
"교통방해","은평","범죄 발생지","","","","","","","","","","","","4","2","1","3","3","3","9",
"교통방해","서대문","범죄 발생지","","","","","","","","","","","","3","8","2","3","14","12","12",
"교통방해","마포","범죄 발생지","","","","","","","","","","","","13","9","2","10","17","4","8",
"교통방해","양천","범죄 발생지","","","","","","","","","","","","3","5","3","5","10","3","-",
"교통방해","강서","범죄 발생지","","","","","","","","","","","","","","2","1","5","2","1",
"교통방해","구로","범죄 발생지","","","","","","","","","","","","1","3","4","1","-","1","3",
"교통방해","금천","범죄 발생지","","","","","","","","","","","","1","","1","2","2","2","1",
"교통방해","영등포","범죄 발생지","","","","","","","","","","","","9","5","14","26","11","9","11",
"교통방해","동작","범죄 발생지","","","","","","","","","","","","2","2","2","2","3","4","3",
"교통방해","관악","범죄 발생지","","","","","","","","","","","","5","3","5","7","6","11","5",
"교통방해","서초","범죄 발생지","","","","","","","","","","","","6","2","2","5","9","4","6",
"교통방해","강남","범죄 발생지","","","","","","","","","","","","8","5","6","5","7","4","6",
"교통방해","송파","범죄 발생지","","","","","","","","","","","","5","2","-","1","2","2","2",
"교통방해","강동","범죄 발생지","","","","","","","","","","","","2","2","2","4","9","2","4",
"교통방해","중구","범죄 발생지","","","","","","","","","","","","2","2","1","1","-","-","1",
"교통방해","서구","범죄 발생지","","","","","","","","","","","","4","3","2","3","3","3","3",
"교통방해","동구","범죄 발생지","","","","","","","","","","","","","","2","2","5","2","-",
"교통방해","영도","범죄 발생지","","","","","","","","","","","","10","7","5","8","2","1","8",
"교통방해","부산진","범죄 발생지","","","","","","","","","","","","6","1","4","2","8","3","9",
"교통방해","동래","범죄 발생지","","","","","","","","","","","","2","2","2","3","1","1","3",
"교통방해","남구","범죄 발생지","","","","","","","","","","","","6","6","3","1","2","2","1",
"교통방해","북구","범죄 발생지","","","","","","","","","","","","1","2","1","1","-","1","-",
"교통방해","해운대","범죄 발생지","","","","","","","","","","","","7","2","4","1","2","1","6",
"교통방해","사하","범죄 발생지","","","","","","","","","","","","2","7","11","5","3","2","5",
"교통방해","금정","범죄 발생지","","","","","","","","","","","","","1","2","2","2","4","6",
"교통방해","강서","범죄 발생지","","","","","","","","","","","","2","","1","1","5","5","7",
"교통방해","연제","범죄 발생지","","","","","","","","","","","","1","","1","-","2","3","1",
"교통방해","수영","범죄 발생지","","","","","","","","","","","","5","1","2","-","-","1","-",
"교통방해","사상","범죄 발생지","","","","","","","","","","","","","","2","2","-","-","1",
"교통방해","기장군","범죄 발생지","","","","","","","","","","","","1","4","3","4","2","177","4",
"교통방해","중구","범죄 발생지","","","","","","","","","","","","1","1","3","1","1","-","-",
"교통방해","동구","범죄 발생지","","","","","","","","","","","","2","1","2","4","4","9","2",
"교통방해","서구","범죄 발생지","","","","","","","","","","","","","","2","3","2","-","-",
"교통방해","남구","범죄 발생지","","","","","","","","","","","","","","1","2","1","-","2",
"교통방해","북구","범죄 발생지","","","","","","","","","","","","2","1","2","3","6","1","2",
"교통방해","수성","범죄 발생지","","","","","","","","","","","","1","1","4","-","3","1","7",
"교통방해","달서","범죄 발생지","","","","","","","","","","","","2","3","1","2","22","6","2",
"교통방해","달성군","범죄 발생지","","","","","","","","","","","","2","","-","4","3","3","3",
"교통방해","중구","범죄 발생지","","","","","","","","","","","","4","5","5","5","10","14","22",
"교통방해","동구","범죄 발생지","","","","","","","","","","","","","","-","1","-","-","1",
"교통방해","서구","범죄 발생지","","","","","","","","","","","","4","5","1","4","2","2","1",
"교통방해","미추홀","범죄 발생지","","","","","","","","","","","","3","","1","3","2","2","1",
"교통방해","연수","범죄 발생지","","","","","","","","","","","","","","1","1","2","5","3",
"교통방해","남동","범죄 발생지","","","","","","","","","","","","1","2","1","3","5","4","1",
"교통방해","부평","범죄 발생지","","","","","","","","","","","","5","2","-","8","3","4","5",
"교통방해","계양","범죄 발생지","","","","","","","","","","","","","1","-","-","1","3","2",
"교통방해","강화군","범죄 발생지","","","","","","","","","","","","2","7","1","7","10","15","17",
"교통방해","옹진군","범죄 발생지","","","","","","","","","","","","6","9","5","7","6","23","12",
"교통방해","동구","범죄 발생지","","","","","","","","","","","","","","1","2","2","-","1",
"교통방해","서구","범죄 발생지","","","","","","","","","","","","1","3","2","1","1","7","1",
"교통방해","남구","범죄 발생지","","","","","","","","","","","","2","1","1","3","1","1","-",
"교통방해","북구","범죄 발생지","","","","","","","","","","","","","4","4","4","4","4","2",
"교통방해","광산","범죄 발생지","","","","","","","","","","","","2","1","-","3","3","1","2",
"교통방해","중구","범죄 발생지","","","","","","","","","","","","3","1","2","-","2","2","1",
"교통방해","동구","범죄 발생지","","","","","","","","","","","","","1","1","-","-","1","-",
"교통방해","서구","범죄 발생지","","","","","","","","","","","","1","2","3","2","-","-","4",
"교통방해","유성","범죄 발생지","","","","","","","","","","","","","","2","-","1","-","-",
"교통방해","대덕","범죄 발생지","","","","","","","","","","","","","1","-","2","1","48","3",
"교통방해","중구","범죄 발생지","","","","","","","","","","","","","","2","4","6","-","1",
"교통방해","동구","범죄 발생지","","","","","","","","","","","","5","7","1","4","3","7","2",
"교통방해","남구","범죄 발생지","","","","","","","","","","","","3","3","2","4","3","-","2",
"교통방해","북구","범죄 발생지","","","","","","","","","","","","1","","3","7","2","3","3",
"교통방해","울주군","범죄 발생지","","","","","","","","","","","","2","9","6","10","9","10","7",
"공무방해","종로","범죄 발생지","","","","","","","","","","","","88","112","157","254","203","193","152",
"공무방해","중구","범죄 발생지","","","","","","","","","","","","166","108","129","163","232","191","124",
"공무방해","용산","범죄 발생지","","","","","","","","","","","","88","83","85","92","88","91","95",
"공무방해","성동","범죄 발생지","","","","","","","","","","","","48","57","74","88","82","78","47",
"공무방해","광진","범죄 발생지","","","","","","","","","","","","72","95","79","123","158","136","114",
"공무방해","동대문","범죄 발생지","","","","","","","","","","","","117","111","101","147","172","131","109",
"공무방해","중랑","범죄 발생지","","","","","","","","","","","","80","71","73","116","138","153","140",
"공무방해","성북","범죄 발생지","","","","","","","","","","","","121","125","102","121","126","99","82",
"공무방해","강북","범죄 발생지","","","","","","","","","","","","124","119","116","146","135","155","145",
"공무방해","도봉","범죄 발생지","","","","","","","","","","","","58","38","45","75","98","53","39",
"공무방해","노원","범죄 발생지","","","","","","","","","","","","99","74","99","130","115","100","87",
"공무방해","은평","범죄 발생지","","","","","","","","","","","","97","101","112","150","159","184","120",
"공무방해","서대문","범죄 발생지","","","","","","","","","","","","92","112","118","176","169","165","117",
"공무방해","마포","범죄 발생지","","","","","","","","","","","","99","85","108","157","141","141","127",
"공무방해","양천","범죄 발생지","","","","","","","","","","","","93","119","95","114","94","115","88",
"공무방해","강서","범죄 발생지","","","","","","","","","","","","139","132","146","165","188","163","155",
"공무방해","구로","범죄 발생지","","","","","","","","","","","","82","87","95","136","152","148","112",
"공무방해","금천","범죄 발생지","","","","","","","","","","","","41","67","48","93","142","129","107",
"공무방해","영등포","범죄 발생지","","","","","","","","","","","","137","151","125","226","255","286","190",
"공무방해","동작","범죄 발생지","","","","","","","","","","","","82","73","86","101","103","111","85",
"공무방해","관악","범죄 발생지","","","","","","","","","","","","134","146","211","313","311","226","186",
"공무방해","서초","범죄 발생지","","","","","","","","","","","","160","121","94","126","156","158","134",
"공무방해","강남","범죄 발생지","","","","","","","","","","","","161","148","121","195","194","212","190",
"공무방해","송파","범죄 발생지","","","","","","","","","","","","133","76","118","183","165","134","135",
"공무방해","강동","범죄 발생지","","","","","","","","","","","","80","90","97","163","175","151","92",
"공무방해","중구","범죄 발생지","","","","","","","","","","","","54","38","61","55","59","73","34",
"공무방해","서구","범죄 발생지","","","","","","","","","","","","55","29","45","46","34","10","27",
"공무방해","동구","범죄 발생지","","","","","","","","","","","","59","60","47","55","48","44","49",
"공무방해","영도","범죄 발생지","","","","","","","","","","","","20","21","39","27","44","41","32",
"공무방해","부산진","범죄 발생지","","","","","","","","","","","","118","108","149","155","165","246","186",
"공무방해","동래","범죄 발생지","","","","","","","","","","","","81","71","81","96","112","155","107",
"공무방해","남구","범죄 발생지","","","","","","","","","","","","47","36","47","43","43","50","53",
"공무방해","북구","범죄 발생지","","","","","","","","","","","","70","55","51","58","77","89","59",
"공무방해","해운대","범죄 발생지","","","","","","","","","","","","78","78","76","103","113","113","77",
"공무방해","사하","범죄 발생지","","","","","","","","","","","","50","76","64","79","110","87","70",
"공무방해","금정","범죄 발생지","","","","","","","","","","","","42","43","59","45","57","70","46",
"공무방해","강서","범죄 발생지","","","","","","","","","","","","31","13","22","18","55","391","24",
"공무방해","연제","범죄 발생지","","","","","","","","","","","","58","42","49","79","88","83","52",
"공무방해","수영","범죄 발생지","","","","","","","","","","","","35","21","31","44","48","50","39",
"공무방해","사상","범죄 발생지","","","","","","","","","","","","57","47","57","63","69","70","52",
"공무방해","기장군","범죄 발생지","","","","","","","","","","","","17","17","10","30","35","17","22",
"공무방해","중구","범죄 발생지","","","","","","","","","","","","57","43","56","72","84","92","57",
"공무방해","동구","범죄 발생지","","","","","","","","","","","","79","80","79","124","146","135","101",
"공무방해","서구","범죄 발생지","","","","","","","","","","","","78","85","63","89","112","107","121",
"공무방해","남구","범죄 발생지","","","","","","","","","","","","45","47","42","62","70","62","63",
"공무방해","북구","범죄 발생지","","","","","","","","","","","","104","118","67","86","141","145","108",
"공무방해","수성","범죄 발생지","","","","","","","","","","","","93","57","70","115","145","119","107",
"공무방해","달서","범죄 발생지","","","","","","","","","","","","95","101","93","147","201","138","161",
"공무방해","달성군","범죄 발생지","","","","","","","","","","","","30","56","8","28","38","38","39",
"공무방해","중구","범죄 발생지","","","","","","","","","","","","41","31","52","88","64","54","56",
"공무방해","동구","범죄 발생지","","","","","","","","","","","","13","11","21","21","29","43","35",
"공무방해","서구","범죄 발생지","","","","","","","","","","","","75","74","103","95","142","150","154",
"공무방해","미추홀","범죄 발생지","","","","","","","","","","","","81","108","83","135","145","110","104",
"공무방해","연수","범죄 발생지","","","","","","","","","","","","22","35","25","57","71","68","47",
"공무방해","남동","범죄 발생지","","","","","","","","","","","","93","116","156","150","173","222","143",
"공무방해","부평","범죄 발생지","","","","","","","","","","","","116","105","96","133","163","159","102",
"공무방해","계양","범죄 발생지","","","","","","","","","","","","63","42","65","83","132","112","109",
"공무방해","강화군","범죄 발생지","","","","","","","","","","","","1","11","-","24","22","8","11",
"공무방해","옹진군","범죄 발생지","","","","","","","","","","","","1","3","4","6","7","3","2",
"공무방해","동구","범죄 발생지","","","","","","","","","","","","42","26","13","59","42","48","12",
"공무방해","서구","범죄 발생지","","","","","","","","","","","","51","91","53","106","128","81","25",
"공무방해","남구","범죄 발생지","","","","","","","","","","","","18","46","16","34","27","31","13",
"공무방해","북구","범죄 발생지","","","","","","","","","","","","45","92","40","68","73","75","29",
"공무방해","광산","범죄 발생지","","","","","","","","","","","","32","45","13","71","70","54","15",
"공무방해","중구","범죄 발생지","","","","","","","","","","","","48","51","35","50","80","105","29",
"공무방해","동구","범죄 발생지","","","","","","","","","","","","49","56","34","80","72","62","20",
"공무방해","서구","범죄 발생지","","","","","","","","","","","","80","84","57","99","90","97","32",
"공무방해","유성","범죄 발생지","","","","","","","","","","","","1","48","29","55","41","41","9",
"공무방해","대덕","범죄 발생지","","","","","","","","","","","","39","54","28","65","52","67","22",
"공무방해","중구","범죄 발생지","","","","","","","","","","","","55","61","74","106","92","90","77",
"공무방해","동구","범죄 발생지","","","","","","","","","","","","31","27","20","32","51","59","61",
"공무방해","남구","범죄 발생지","","","","","","","","","","","","134","147","126","155","184","224","240",
"공무방해","북구","범죄 발생지","","","","","","","","","","","","25","22","21","32","37","34","30",
"공무방해","울주군","범죄 발생지","","","","","","","","","","","","27","38","36","44","56","56","60",
"도주와 범인 은닉","종로","범죄 발생지","","","","","","","","","","","","1","3","3","1","3","4","2",
"도주와 범인 은닉","중구","범죄 발생지","","","","","","","","","","","","","","-","4","1","5","2",
"도주와 범인 은닉","용산","범죄 발생지","","","","","","","","","","","","1","","-","-","3","-","-",
"도주와 범인 은닉","성동","범죄 발생지","","","","","","","","","","","","","1","1","-","2","-","-",
"도주와 범인 은닉","광진","범죄 발생지","","","","","","","","","","","","1","3","3","-","3","2","-",
"도주와 범인 은닉","동대문","범죄 발생지","","","","","","","","","","","","4","4","1","8","25","19","5",
"도주와 범인 은닉","중랑","범죄 발생지","","","","","","","","","","","","5","4","14","24","3","6","5",
"도주와 범인 은닉","성북","범죄 발생지","","","","","","","","","","","","1","1","2","1","4","2","-",
"도주와 범인 은닉","강북","범죄 발생지","","","","","","","","","","","","","1","2","8","12","14","10",
"도주와 범인 은닉","도봉","범죄 발생지","","","","","","","","","","","","2","","2","1","4","7","7",
"도주와 범인 은닉","노원","범죄 발생지","","","","","","","","","","","","5","1","1","8","4","5","6",
"도주와 범인 은닉","은평","범죄 발생지","","","","","","","","","","","","2","2","3","9","8","6","2",
"도주와 범인 은닉","서대문","범죄 발생지","","","","","","","","","","","","1","","3","2","1","7","-",
"도주와 범인 은닉","마포","범죄 발생지","","","","","","","","","","","","3","","3","3","2","-","2",
"도주와 범인 은닉","양천","범죄 발생지","","","","","","","","","","","","2","","-","2","8","4","3",
"도주와 범인 은닉","강서","범죄 발생지","","","","","","","","","","","","2","2","4","5","6","9","2",
"도주와 범인 은닉","구로","범죄 발생지","","","","","","","","","","","","1","4","-","-","2","2","-",
"도주와 범인 은닉","금천","범죄 발생지","","","","","","","","","","","","2","","-","1","8","-","2",
"도주와 범인 은닉","영등포","범죄 발생지","","","","","","","","","","","","6","1","3","-","4","4","7",
"도주와 범인 은닉","동작","범죄 발생지","","","","","","","","","","","","1","5","3","3","-","1","-",
"도주와 범인 은닉","관악","범죄 발생지","","","","","","","","","","","","","4","1","2","3","-","2",
"도주와 범인 은닉","서초","범죄 발생지","","","","","","","","","","","","7","2","2","3","9","2","1",
"도주와 범인 은닉","강남","범죄 발생지","","","","","","","","","","","","5","2","3","5","3","6","4",
"도주와 범인 은닉","송파","범죄 발생지","","","","","","","","","","","","2","2","1","-","2","2","1",
"도주와 범인 은닉","강동","범죄 발생지","","","","","","","","","","","","","1","1","2","-","3","-",
"도주와 범인 은닉","중구","범죄 발생지","","","","","","","","","","","","3","","1","2","2","-","2",
"도주와 범인 은닉","서구","범죄 발생지","","","","","","","","","","","","3","1","-","1","-","2","1",
"도주와 범인 은닉","동구","범죄 발생지","","","","","","","","","","","","","","1","1","3","1","2",
"도주와 범인 은닉","영도","범죄 발생지","","","","","","","","","","","","","","-","-","1","2","-",
"도주와 범인 은닉","부산진","범죄 발생지","","","","","","","","","","","","4","3","1","2","4","3","1",
"도주와 범인 은닉","동래","범죄 발생지","","","","","","","","","","","","","","5","-","1","3","-",
"도주와 범인 은닉","남구","범죄 발생지","","","","","","","","","","","","9","2","3","1","-","2","3",
"도주와 범인 은닉","북구","범죄 발생지","","","","","","","","","","","","1","","-","-","-","5","3",
"도주와 범인 은닉","해운대","범죄 발생지","","","","","","","","","","","","","1","2","1","3","4","3",
"도주와 범인 은닉","사하","범죄 발생지","","","","","","","","","","","","3","1","-","1","5","8","1",
"도주와 범인 은닉","금정","범죄 발생지","","","","","","","","","","","","3","1","8","3","4","2","2",
"도주와 범인 은닉","강서","범죄 발생지","","","","","","","","","","","","","1","1","3","2","3","1",
"도주와 범인 은닉","연제","범죄 발생지","","","","","","","","","","","","1","1","-","2","4","3","3",
"도주와 범인 은닉","수영","범죄 발생지","","","","","","","","","","","","2","1","-","-","-","3","3",
"도주와 범인 은닉","사상","범죄 발생지","","","","","","","","","","","","","1","4","1","1","3","3",
"도주와 범인 은닉","기장군","범죄 발생지","","","","","","","","","","","","","","-","2","-","2","-",
"도주와 범인 은닉","중구","범죄 발생지","","","","","","","","","","","","1","","2","-","1","-","1",
"도주와 범인 은닉","동구","범죄 발생지","","","","","","","","","","","","2","2","3","6","1","3","3",
"도주와 범인 은닉","서구","범죄 발생지","","","","","","","","","","","","","2","1","-","2","5","-",
"도주와 범인 은닉","남구","범죄 발생지","","","","","","","","","","","","5","3","-","1","1","3","-",
"도주와 범인 은닉","북구","범죄 발생지","","","","","","","","","","","","3","2","4","3","3","1","1",
"도주와 범인 은닉","수성","범죄 발생지","","","","","","","","","","","","8","1","8","5","4","2","3",
"도주와 범인 은닉","달서","범죄 발생지","","","","","","","","","","","","5","3","5","3","4","8","2",
"도주와 범인 은닉","달성군","범죄 발생지","","","","","","","","","","","","2","1","1","1","-","4","-",
"도주와 범인 은닉","중구","범죄 발생지","","","","","","","","","","","","6","1","5","3","4","1","1",
"도주와 범인 은닉","동구","범죄 발생지","","","","","","","","","","","","","","2","-","-","-","1",
"도주와 범인 은닉","서구","범죄 발생지","","","","","","","","","","","","2","1","-","3","5","5","2",
"도주와 범인 은닉","미추홀","범죄 발생지","","","","","","","","","","","","4","6","4","4","3","5","3",
"도주와 범인 은닉","연수","범죄 발생지","","","","","","","","","","","","5","1","3","-","-","1","1",
"도주와 범인 은닉","남동","범죄 발생지","","","","","","","","","","","","4","2","1","4","1","10","3",
"도주와 범인 은닉","부평","범죄 발생지","","","","","","","","","","","","4","3","2","2","5","2","1",
"도주와 범인 은닉","계양","범죄 발생지","","","","","","","","","","","","","1","3","-","1","-","-",
"도주와 범인 은닉","강화군","범죄 발생지","","","","","","","","","","","","","","-","-","-","-","-",
"도주와 범인 은닉","옹진군","범죄 발생지","","","","","","","","","","","","","","1","-","1","-","-",
"도주와 범인 은닉","동구","범죄 발생지","","","","","","","","","","","","","2","-","1","-","-","1",
"도주와 범인 은닉","서구","범죄 발생지","","","","","","","","","","","","3","2","-","1","1","1","1",
"도주와 범인 은닉","남구","범죄 발생지","","","","","","","","","","","","","","1","1","-","3","-",
"도주와 범인 은닉","북구","범죄 발생지","","","","","","","","","","","","4","","-","-","3","4","-",
"도주와 범인 은닉","광산","범죄 발생지","","","","","","","","","","","","3","","-","-","2","3","-",
"도주와 범인 은닉","중구","범죄 발생지","","","","","","","","","","","","4","","-","5","1","-","1",
"도주와 범인 은닉","동구","범죄 발생지","","","","","","","","","","","","2","2","-","-","3","-","-",
"도주와 범인 은닉","서구","범죄 발생지","","","","","","","","","","","","","1","2","2","2","5","1",
"도주와 범인 은닉","유성","범죄 발생지","","","","","","","","","","","","","2","-","-","-","1","1",
"도주와 범인 은닉","대덕","범죄 발생지","","","","","","","","","","","","","1","-","1","3","2","1",
"도주와 범인 은닉","중구","범죄 발생지","","","","","","","","","","","","7","1","4","-","1","2","-",
"도주와 범인 은닉","동구","범죄 발생지","","","","","","","","","","","","","","1","-","-","3","-",
"도주와 범인 은닉","남구","범죄 발생지","","","","","","","","","","","","1","2","-","1","2","3","-",
"도주와 범인 은닉","북구","범죄 발생지","","","","","","","","","","","","","","1","-","2","1","-",
"도주와 범인 은닉","울주군","범죄 발생지","","","","","","","","","","","","1","1","3","-","2","1","4",
"위증과 증거인멸","종로","범죄 발생지","","","","","","","","","","","","13","9","5","4","2","7","8",
"위증과 증거인멸","중구","범죄 발생지","","","","","","","","","","","","14","5","6","4","8","3","6",
"위증과 증거인멸","용산","범죄 발생지","","","","","","","","","","","","8","12","2","7","14","22","15",
"위증과 증거인멸","성동","범죄 발생지","","","","","","","","","","","","6","8","8","1","2","-","1",
"위증과 증거인멸","광진","범죄 발생지","","","","","","","","","","","","65","67","40","78","60","84","83",
"위증과 증거인멸","동대문","범죄 발생지","","","","","","","","","","","","6","10","7","14","8","21","15",
"위증과 증거인멸","중랑","범죄 발생지","","","","","","","","","","","","7","14","6","9","6","8","11",
"위증과 증거인멸","성북","범죄 발생지","","","","","","","","","","","","5","5","6","6","2","10","5",
"위증과 증거인멸","강북","범죄 발생지","","","","","","","","","","","","15","24","13","10","12","15","16",
"위증과 증거인멸","도봉","범죄 발생지","","","","","","","","","","","","9","8","17","13","7","7","19",
"위증과 증거인멸","노원","범죄 발생지","","","","","","","","","","","","111","98","138","117","107","121","60",
"위증과 증거인멸","은평","범죄 발생지","","","","","","","","","","","","3","7","2","5","3","2","3",
"위증과 증거인멸","서대문","범죄 발생지","","","","","","","","","","","","11","13","6","15","10","15","4",
"위증과 증거인멸","마포","범죄 발생지","","","","","","","","","","","","76","58","62","66","63","55","56",
"위증과 증거인멸","양천","범죄 발생지","","","","","","","","","","","","85","81","91","93","118","115","97",
"위증과 증거인멸","강서","범죄 발생지","","","","","","","","","","","","24","35","17","27","20","20","15",
"위증과 증거인멸","구로","범죄 발생지","","","","","","","","","","","","15","8","2","9","14","20","8",
"위증과 증거인멸","금천","범죄 발생지","","","","","","","","","","","","5","2","6","2","3","5","1",
"위증과 증거인멸","영등포","범죄 발생지","","","","","","","","","","","","5","18","10","21","18","20","14",
"위증과 증거인멸","동작","범죄 발생지","","","","","","","","","","","","5","7","6","8","7","11","8",
"위증과 증거인멸","관악","범죄 발생지","","","","","","","","","","","","3","4","13","6","5","7","5",
"위증과 증거인멸","서초","범죄 발생지","","","","","","","","","","","","320","288","304","304","275","307","323",
"위증과 증거인멸","강남","범죄 발생지","","","","","","","","","","","","24","13","13","12","18","27","20",
"위증과 증거인멸","송파","범죄 발생지","","","","","","","","","","","","18","11","6","12","4","16","12",
"위증과 증거인멸","강동","범죄 발생지","","","","","","","","","","","","6","3","1","6","4","2","4",
"위증과 증거인멸","중구","범죄 발생지","","","","","","","","","","","","1","1","1","-","1","-","-",
"위증과 증거인멸","서구","범죄 발생지","","","","","","","","","","","","21","10","4","4","7","2","2",
"위증과 증거인멸","동구","범죄 발생지","","","","","","","","","","","","29","17","6","-","2","2","1",
"위증과 증거인멸","영도","범죄 발생지","","","","","","","","","","","","1","3","-","2","-","1","-",
"위증과 증거인멸","부산진","범죄 발생지","","","","","","","","","","","","10","9","7","6","6","9","4",
"위증과 증거인멸","동래","범죄 발생지","","","","","","","","","","","","16","24","5","3","10","6","5",
"위증과 증거인멸","남구","범죄 발생지","","","","","","","","","","","","8","6","4","5","3","7","5",
"위증과 증거인멸","북구","범죄 발생지","","","","","","","","","","","","8","9","3","2","5","5","4",
"위증과 증거인멸","해운대","범죄 발생지","","","","","","","","","","","","55","26","37","79","54","41","50",
"위증과 증거인멸","사하","범죄 발생지","","","","","","","","","","","","3","1","2","3","-","1","3",
"위증과 증거인멸","금정","범죄 발생지","","","","","","","","","","","","9","10","9","7","9","6","4",
"위증과 증거인멸","강서","범죄 발생지","","","","","","","","","","","","","4","3","-","3","6","2",
"위증과 증거인멸","연제","범죄 발생지","","","","","","","","","","","","112","118","168","211","193","179","132",
"위증과 증거인멸","수영","범죄 발생지","","","","","","","","","","","","","1","1","2","-","2","2",
"위증과 증거인멸","사상","범죄 발생지","","","","","","","","","","","","2","5","3","12","14","15","7",
"위증과 증거인멸","기장군","범죄 발생지","","","","","","","","","","","","1","1","-","1","2","-","-",
"위증과 증거인멸","중구","범죄 발생지","","","","","","","","","","","","5","1","1","2","-","-","2",
"위증과 증거인멸","동구","범죄 발생지","","","","","","","","","","","","2","9","3","1","4","1","4",
"위증과 증거인멸","서구","범죄 발생지","","","","","","","","","","","","2","1","2","-","3","2","3",
"위증과 증거인멸","남구","범죄 발생지","","","","","","","","","","","","","1","4","4","-","1","1",
"위증과 증거인멸","북구","범죄 발생지","","","","","","","","","","","","2","1","2","4","4","2","-",
"위증과 증거인멸","수성","범죄 발생지","","","","","","","","","","","","187","197","214","181","122","134","121",
"위증과 증거인멸","달서","범죄 발생지","","","","","","","","","","","","7","9","6","5","11","26","29",
"위증과 증거인멸","달성군","범죄 발생지","","","","","","","","","","","","3","","-","-","-","1","5",
"위증과 증거인멸","중구","범죄 발생지","","","","","","","","","","","","3","1","-","-","-","2","1",
"위증과 증거인멸","동구","범죄 발생지","","","","","","","","","","","","1","","-","-","2","-","-",
"위증과 증거인멸","서구","범죄 발생지","","","","","","","","","","","","","1","1","2","2","1","2",
"위증과 증거인멸","미추홀","범죄 발생지","","","","","","","","","","","","54","92","81","85","61","76","68",
"위증과 증거인멸","연수","범죄 발생지","","","","","","","","","","","","4","","-","1","1","-","1",
"위증과 증거인멸","남동","범죄 발생지","","","","","","","","","","","","2","4","3","1","5","7","6",
"위증과 증거인멸","부평","범죄 발생지","","","","","","","","","","","","4","","-","3","2","2","1",
"위증과 증거인멸","계양","범죄 발생지","","","","","","","","","","","","2","1","3","1","-","3","1",
"위증과 증거인멸","강화군","범죄 발생지","","","","","","","","","","","","1","","2","3","2","3","1",
"위증과 증거인멸","옹진군","범죄 발생지","","","","","","","","","","","","","","-","-","-","-","-",
"위증과 증거인멸","동구","범죄 발생지","","","","","","","","","","","","73","79","49","112","108","103","35",
"위증과 증거인멸","서구","범죄 발생지","","","","","","","","","","","","1","2","-","2","4","-","1",
"위증과 증거인멸","남구","범죄 발생지","","","","","","","","","","","","","3","-","4","-","-","1",
"위증과 증거인멸","북구","범죄 발생지","","","","","","","","","","","","7","3","1","3","9","2","3",
"위증과 증거인멸","광산","범죄 발생지","","","","","","","","","","","","6","3","1","-","-","-","5",
"위증과 증거인멸","중구","범죄 발생지","","","","","","","","","","","","1","7","1","3","2","3","-",
"위증과 증거인멸","동구","범죄 발생지","","","","","","","","","","","","5","5","1","6","3","-","-",
"위증과 증거인멸","서구","범죄 발생지","","","","","","","","","","","","69","98","52","98","107","102","58",
"위증과 증거인멸","유성","범죄 발생지","","","","","","","","","","","","4","3","1","5","-","-","5",
"위증과 증거인멸","대덕","범죄 발생지","","","","","","","","","","","","4","4","1","-","2","2","-",
"위증과 증거인멸","중구","범죄 발생지","","","","","","","","","","","","1","","1","-","-","2","-",
"위증과 증거인멸","동구","범죄 발생지","","","","","","","","","","","","2","","-","-","1","-","-",
"위증과 증거인멸","남구","범죄 발생지","","","","","","","","","","","","47","49","44","46","37","50","76",
"위증과 증거인멸","북구","범죄 발생지","","","","","","","","","","","","","1","-","1","-","-","-",
"위증과 증거인멸","울주군","범죄 발생지","","","","","","","","","","","","1","2","1","1","-","-","1",
"무고","종로","범죄 발생지","","","","","","","","","","","","32","34","34","27","28","31","37",
"무고","중구","범죄 발생지","","","","","","","","","","","","38","31","24","20","19","30","25",
"무고","용산","범죄 발생지","","","","","","","","","","","","35","29","28","23","25","28","16",
"무고","성동","범죄 발생지","","","","","","","","","","","","19","22","18","12","12","17","23",
"무고","광진","범죄 발생지","","","","","","","","","","","","48","52","47","38","31","44","53",
"무고","동대문","범죄 발생지","","","","","","","","","","","","56","47","36","37","37","42","61",
"무고","중랑","범죄 발생지","","","","","","","","","","","","40","30","34","28","36","53","39",
"무고","성북","범죄 발생지","","","","","","","","","","","","35","25","29","27","15","21","28",
"무고","강북","범죄 발생지","","","","","","","","","","","","48","45","33","33","27","35","43",
"무고","도봉","범죄 발생지","","","","","","","","","","","","44","25","49","28","25","25","18",
"무고","노원","범죄 발생지","","","","","","","","","","","","85","53","61","64","64","76","68",
"무고","은평","범죄 발생지","","","","","","","","","","","","29","35","38","18","33","25","28",
"무고","서대문","범죄 발생지","","","","","","","","","","","","40","39","28","22","32","25","20",
"무고","마포","범죄 발생지","","","","","","","","","","","","40","52","36","37","43","45","35",
"무고","양천","범죄 발생지","","","","","","","","","","","","71","62","75","55","64","57","52",
"무고","강서","범죄 발생지","","","","","","","","","","","","41","50","28","40","37","51","32",
"무고","구로","범죄 발생지","","","","","","","","","","","","30","31","33","31","21","29","30",
"무고","금천","범죄 발생지","","","","","","","","","","","","10","13","7","8","7","19","9",
"무고","영등포","범죄 발생지","","","","","","","","","","","","34","27","33","53","38","33","45",
"무고","동작","범죄 발생지","","","","","","","","","","","","24","36","23","30","18","16","21",
"무고","관악","범죄 발생지","","","","","","","","","","","","36","34","26","27","29","34","32",
"무고","서초","범죄 발생지","","","","","","","","","","","","173","154","129","152","132","128","147",
"무고","강남","범죄 발생지","","","","","","","","","","","","70","41","58","64","61","86","85",
"무고","송파","범죄 발생지","","","","","","","","","","","","38","44","28","29","25","35","36",
"무고","강동","범죄 발생지","","","","","","","","","","","","33","23","24","20","16","20","10",
"무고","중구","범죄 발생지","","","","","","","","","","","","12","6","3","5","14","4","6",
"무고","서구","범죄 발생지","","","","","","","","","","","","30","9","10","17","9","8","3",
"무고","동구","범죄 발생지","","","","","","","","","","","","33","23","20","15","9","14","18",
"무고","영도","범죄 발생지","","","","","","","","","","","","15","7","9","5","11","4","16",
"무고","부산진","범죄 발생지","","","","","","","","","","","","52","40","37","38","36","34","47",
"무고","동래","범죄 발생지","","","","","","","","","","","","29","27","22","15","17","41","25",
"무고","남구","범죄 발생지","","","","","","","","","","","","41","36","33","18","27","26","17",
"무고","북구","범죄 발생지","","","","","","","","","","","","25","16","9","10","23","16","42",
"무고","해운대","범죄 발생지","","","","","","","","","","","","56","29","50","34","38","55","56",
"무고","사하","범죄 발생지","","","","","","","","","","","","35","14","7","16","14","14","12",
"무고","금정","범죄 발생지","","","","","","","","","","","","11","18","11","15","20","19","20",
"무고","강서","범죄 발생지","","","","","","","","","","","","8","3","2","8","4","2","7",
"무고","연제","범죄 발생지","","","","","","","","","","","","89","57","51","59","60","51","51",
"무고","수영","범죄 발생지","","","","","","","","","","","","3","7","5","7","8","9","2",
"무고","사상","범죄 발생지","","","","","","","","","","","","25","11","12","19","46","33","32",
"무고","기장군","범죄 발생지","","","","","","","","","","","","2","1","1","5","3","4","-",
"무고","중구","범죄 발생지","","","","","","","","","","","","14","6","13","5","8","13","5",
"무고","동구","범죄 발생지","","","","","","","","","","","","18","28","26","18","15","15","10",
"무고","서구","범죄 발생지","","","","","","","","","","","","16","20","9","5","10","16","4",
"무고","남구","범죄 발생지","","","","","","","","","","","","20","16","12","12","7","11","8",
"무고","북구","범죄 발생지","","","","","","","","","","","","22","21","20","11","13","12","18",
"무고","수성","범죄 발생지","","","","","","","","","","","","72","68","57","40","43","34","35",
"무고","달서","범죄 발생지","","","","","","","","","","","","46","30","32","19","22","36","19",
"무고","달성군","범죄 발생지","","","","","","","","","","","","10","11","1","10","9","10","5",
"무고","중구","범죄 발생지","","","","","","","","","","","","22","11","6","8","9","7","12",
"무고","동구","범죄 발생지","","","","","","","","","","","","16","6","6","3","1","3","1",
"무고","서구","범죄 발생지","","","","","","","","","","","","17","9","7","12","4","5","10",
"무고","미추홀","범죄 발생지","","","","","","","","","","","","49","49","41","38","31","48","41",
"무고","연수","범죄 발생지","","","","","","","","","","","","18","4","9","14","8","9","5",
"무고","남동","범죄 발생지","","","","","","","","","","","","16","22","23","18","21","43","20",
"무고","부평","범죄 발생지","","","","","","","","","","","","37","24","11","9","13","16","16",
"무고","계양","범죄 발생지","","","","","","","","","","","","15","9","11","7","11","14","10",
"무고","강화군","범죄 발생지","","","","","","","","","","","","3","3","1","7","4","6","5",
"무고","옹진군","범죄 발생지","","","","","","","","","","","","1","","-","2","1","1","-",
"무고","동구","범죄 발생지","","","","","","","","","","","","48","45","16","29","31","20","9",
"무고","서구","범죄 발생지","","","","","","","","","","","","10","19","12","9","11","13","7",
"무고","남구","범죄 발생지","","","","","","","","","","","","27","13","7","6","13","16","1",
"무고","북구","범죄 발생지","","","","","","","","","","","","32","31","17","26","27","31","15",
"무고","광산","범죄 발생지","","","","","","","","","","","","30","17","9","11","19","5","4",
"무고","중구","범죄 발생지","","","","","","","","","","","","13","10","12","15","15","12","6",
"무고","동구","범죄 발생지","","","","","","","","","","","","10","9","10","15","4","10","3",
"무고","서구","범죄 발생지","","","","","","","","","","","","32","37","57","39","38","51","9",
"무고","유성","범죄 발생지","","","","","","","","","","","","2","10","3","7","4","5","1",
"무고","대덕","범죄 발생지","","","","","","","","","","","","15","20","6","14","16","12","3",
"무고","중구","범죄 발생지","","","","","","","","","","","","23","12","26","7","9","8","7",
"무고","동구","범죄 발생지","","","","","","","","","","","","18","9","10","5","5","6","4",
"무고","남구","범죄 발생지","","","","","","","","","","","","25","20","21","14","14","27","25",
"무고","북구","범죄 발생지","","","","","","","","","","","","2","3","1","2","1","-","3",
"무고","울주군","범죄 발생지","","","","","","","","","","","","6","5","12","6","6","8","10",
"공안을 해하는 죄","종로","범죄 발생지","","","","","","","","","","","","","","1","1","-","-","1",
"공안을 해하는 죄","중구","범죄 발생지","","","","","","","","","","","","1","","2","-","-","-","-",
"공안을 해하는 죄","용산","범죄 발생지","","","","","","","","","","","","","","-","-","1","1","1",
"공안을 해하는 죄","성동","범죄 발생지","","","","","","","","","","","","","","-","-","-","1","-",
"공안을 해하는 죄","광진","범죄 발생지","","","","","","","","","","","","","","-","-","-","-","-",
"공안을 해하는 죄","동대문","범죄 발생지","","","","","","","","","","","","","","2","-","1","-","-",
"공안을 해하는 죄","중랑","범죄 발생지","","","","","","","","","","","","","","1","-","-","-","-",
"공안을 해하는 죄","성북","범죄 발생지","","","","","","","","","","","","3","","-","-","-","-","1",
"공안을 해하는 죄","강북","범죄 발생지","","","","","","","","","","","","","","1","-","1","1","-",
"공안을 해하는 죄","도봉","범죄 발생지","","","","","","","","","","","","","2","-","-","-","-","-",
"공안을 해하는 죄","노원","범죄 발생지","","","","","","","","","","","","","","-","1","-","-","-",
"공안을 해하는 죄","은평","범죄 발생지","","","","","","","","","","","","1","1","1","-","-","-","-",
"공안을 해하는 죄","서대문","범죄 발생지","","","","","","","","","","","","","","3","1","2","-","1",
"공안을 해하는 죄","마포","범죄 발생지","","","","","","","","","","","","1","","2","-","3","-","-",
"공안을 해하는 죄","양천","범죄 발생지","","","","","","","","","","","","","","1","-","-","-","-",
"공안을 해하는 죄","강서","범죄 발생지","","","","","","","","","","","","","","1","3","-","-","-",
"공안을 해하는 죄","구로","범죄 발생지","","","","","","","","","","","","","","-","-","-","1","1",
"공안을 해하는 죄","금천","범죄 발생지","","","","","","","","","","","","1","1","-","1","-","3","-",
"공안을 해하는 죄","영등포","범죄 발생지","","","","","","","","","","","","","","-","1","2","1","1",
"공안을 해하는 죄","동작","범죄 발생지","","","","","","","","","","","","2","2","1","-","-","-","-",
"공안을 해하는 죄","관악","범죄 발생지","","","","","","","","","","","","","","-","1","1","-","-",
"공안을 해하는 죄","서초","범죄 발생지","","","","","","","","","","","","","","-","-","2","1","-",
"공안을 해하는 죄","강남","범죄 발생지","","","","","","","","","","","","","","1","1","-","1","-",
"공안을 해하는 죄","송파","범죄 발생지","","","","","","","","","","","","","","-","1","-","-","1",
"공안을 해하는 죄","강동","범죄 발생지","","","","","","","","","","","","","","-","-","-","-","-",
"공안을 해하는 죄","중구","범죄 발생지","","","","","","","","","","","","","","-","-","-","-","-",
"공안을 해하는 죄","서구","범죄 발생지","","","","","","","","","","","","","","-","-","-","-","-",
"공안을 해하는 죄","동구","범죄 발생지","","","","","","","","","","","","","1","-","-","-","-","-",
"공안을 해하는 죄","영도","범죄 발생지","","","","","","","","","","","","","","-","-","-","-","-",
"공안을 해하는 죄","부산진","범죄 발생지","","","","","","","","","","","","","","-","-","2","-","-",
"공안을 해하는 죄","동래","범죄 발생지","","","","","","","","","","","","","2","-","-","-","-","-",
"공안을 해하는 죄","남구","범죄 발생지","","","","","","","","","","","","","","-","-","-","-","-",
"공안을 해하는 죄","북구","범죄 발생지","","","","","","","","","","","","","","-","-","-","2","-",
"공안을 해하는 죄","해운대","범죄 발생지","","","","","","","","","","","","","","-","-","-","1","-",
"공안을 해하는 죄","사하","범죄 발생지","","","","","","","","","","","","","","-","-","-","-","-",
"공안을 해하는 죄","금정","범죄 발생지","","","","","","","","","","","","","","-","-","-","-","-",
"공안을 해하는 죄","강서","범죄 발생지","","","","","","","","","","","","","","-","-","-","-","-",
"공안을 해하는 죄","연제","범죄 발생지","","","","","","","","","","","","","","1","1","-","-","1",
"공안을 해하는 죄","수영","범죄 발생지","","","","","","","","","","","","","","-","-","-","-","-",
"공안을 해하는 죄","사상","범죄 발생지","","","","","","","","","","","","","","-","-","-","-","-",
"공안을 해하는 죄","기장군","범죄 발생지","","","","","","","","","","","","","","-","-","-","-","-",
"공안을 해하는 죄","중구","범죄 발생지","","","","","","","","","","","","1","","1","-","-","1","-",
"공안을 해하는 죄","동구","범죄 발생지","","","","","","","","","","","","","","1","1","-","-","-",
"공안을 해하는 죄","서구","범죄 발생지","","","","","","","","","","","","","","-","-","-","-","-",
"공안을 해하는 죄","남구","범죄 발생지","","","","","","","","","","","","","","-","-","-","-","-",
"공안을 해하는 죄","북구","범죄 발생지","","","","","","","","","","","","","","-","-","-","-","-",
"공안을 해하는 죄","수성","범죄 발생지","","","","","","","","","","","","1","","-","-","-","-","-",
"공안을 해하는 죄","달서","범죄 발생지","","","","","","","","","","","","1","1","-","2","-","-","-",
"공안을 해하는 죄","달성군","범죄 발생지","","","","","","","","","","","","","","-","-","-","-","-",
"공안을 해하는 죄","중구","범죄 발생지","","","","","","","","","","","","","","-","-","-","-","-",
"공안을 해하는 죄","동구","범죄 발생지","","","","","","","","","","","","","","-","-","-","1","-",
"공안을 해하는 죄","서구","범죄 발생지","","","","","","","","","","","","","","-","-","-","-","-",
"공안을 해하는 죄","미추홀","범죄 발생지","","","","","","","","","","","","","1","-","-","-","-","-",
"공안을 해하는 죄","연수","범죄 발생지","","","","","","","","","","","","","","1","-","-","-","-",
"공안을 해하는 죄","남동","범죄 발생지","","","","","","","","","","","","1","","-","-","-","-","-",
"공안을 해하는 죄","부평","범죄 발생지","","","","","","","","","","","","","1","-","1","-","-","-",
"공안을 해하는 죄","계양","범죄 발생지","","","","","","","","","","","","","","1","1","1","-","-",
"공안을 해하는 죄","강화군","범죄 발생지","","","","","","","","","","","","","","-","-","-","-","-",
"공안을 해하는 죄","옹진군","범죄 발생지","","","","","","","","","","","","","","-","-","-","-","-",
"공안을 해하는 죄","동구","범죄 발생지","","","","","","","","","","","","","","-","-","-","-","-",
"공안을 해하는 죄","서구","범죄 발생지","","","","","","","","","","","","","2","-","-","1","-","-",
"공안을 해하는 죄","남구","범죄 발생지","","","","","","","","","","","","","","-","-","-","-","-",
"공안을 해하는 죄","북구","범죄 발생지","","","","","","","","","","","","","","-","-","-","-","-",
"공안을 해하는 죄","광산","범죄 발생지","","","","","","","","","","","","","","-","1","-","-","-",
"공안을 해하는 죄","중구","범죄 발생지","","","","","","","","","","","","","","-","-","-","-","-",
"공안을 해하는 죄","동구","범죄 발생지","","","","","","","","","","","","","","-","-","-","1","-",
"공안을 해하는 죄","서구","범죄 발생지","","","","","","","","","","","","","","3","1","-","-","-",
"공안을 해하는 죄","유성","범죄 발생지","","","","","","","","","","","","","","-","-","-","-","-",
"공안을 해하는 죄","대덕","범죄 발생지","","","","","","","","","","","","","","-","-","-","-","-",
"공안을 해하는 죄","중구","범죄 발생지","","","","","","","","","","","","","","-","-","-","-","-",
"공안을 해하는 죄","동구","범죄 발생지","","","","","","","","","","","","","","-","-","-","-","-",
"공안을 해하는 죄","남구","범죄 발생지","","","","","","","","","","","","1","","-","1","-","-","1",
"공안을 해하는 죄","북구","범죄 발생지","","","","","","","","","","","","","","-","-","-","-","-",
"공안을 해하는 죄","울주군","범죄 발생지","","","","","","","","","","","","","","-","-","-","-","-",
"내란의 죄","종로","범죄 발생지","","","","","","","","","","","","","-","-","-","-","-","-",
"내란의 죄","중구","범죄 발생지","","","","","","","","","","","","","-","-","-","-","-","-",
"내란의 죄","용산","범죄 발생지","","","","","","","","","","","","1","-","-","-","-","-","-",
"내란의 죄","성동","범죄 발생지","","","","","","","","","","","","","-","-","-","-","-","-",
"내란의 죄","광진","범죄 발생지","","","","","","","","","","","","","-","-","-","-","-","-",
"내란의 죄","동대문","범죄 발생지","","","","","","","","","","","","","-","-","-","-","-","-",
"내란의 죄","중랑","범죄 발생지","","","","","","","","","","","","","-","-","-","-","-","-",
"내란의 죄","성북","범죄 발생지","","","","","","","","","","","","","-","-","-","-","-","-",
"내란의 죄","강북","범죄 발생지","","","","","","","","","","","","","-","-","-","-","-","-",
"내란의 죄","도봉","범죄 발생지","","","","","","","","","","","","","-","-","-","-","-","-",
"내란의 죄","노원","범죄 발생지","","","","","","","","","","","","","-","-","-","-","-","-",
"내란의 죄","은평","범죄 발생지","","","","","","","","","","","","","-","-","-","-","-","-",
"내란의 죄","서대문","범죄 발생지","","","","","","","","","","","","","-","-","-","-","-","-",
"내란의 죄","마포","범죄 발생지","","","","","","","","","","","","","-","-","-","-","-","-",
"내란의 죄","양천","범죄 발생지","","","","","","","","","","","","","-","-","-","-","-","-",
"내란의 죄","강서","범죄 발생지","","","","","","","","","","","","","-","-","-","-","-","-",
"내란의 죄","구로","범죄 발생지","","","","","","","","","","","","","-","-","-","-","-","-",
"내란의 죄","금천","범죄 발생지","","","","","","","","","","","","","-","-","-","-","-","-",
"내란의 죄","영등포","범죄 발생지","","","","","","","","","","","","","-","-","-","-","-","-",
"내란의 죄","동작","범죄 발생지","","","","","","","","","","","","","-","-","-","-","-","-",
"내란의 죄","관악","범죄 발생지","","","","","","","","","","","","","-","-","-","-","-","-",
"내란의 죄","서초","범죄 발생지","","","","","","","","","","","","","-","-","-","-","-","-",
"내란의 죄","강남","범죄 발생지","","","","","","","","","","","","1","-","-","-","-","-","-",
"내란의 죄","송파","범죄 발생지","","","","","","","","","","","","","-","-","-","-","-","-",
"내란의 죄","강동","범죄 발생지","","","","","","","","","","","","","-","-","-","-","-","-",
"내란의 죄","중구","범죄 발생지","","","","","","","","","","","","","-","-","-","-","-","-",
"내란의 죄","서구","범죄 발생지","","","","","","","","","","","","","-","-","-","-","-","-",
"내란의 죄","동구","범죄 발생지","","","","","","","","","","","","","-","-","-","-","-","-",
"내란의 죄","영도","범죄 발생지","","","","","","","","","","","","","-","-","-","-","-","-",
"내란의 죄","부산진","범죄 발생지","","","","","","","","","","","","","-","-","-","-","-","-",
"내란의 죄","동래","범죄 발생지","","","","","","","","","","","","","-","-","-","-","-","-",
"내란의 죄","남구","범죄 발생지","","","","","","","","","","","","","-","-","-","-","-","-",
"내란의 죄","북구","범죄 발생지","","","","","","","","","","","","","-","-","-","-","-","-",
"내란의 죄","해운대","범죄 발생지","","","","","","","","","","","","","-","-","-","-","-","-",
"내란의 죄","사하","범죄 발생지","","","","","","","","","","","","","-","-","-","-","-","-",
"내란의 죄","금정","범죄 발생지","","","","","","","","","","","","","-","-","-","-","-","-",
"내란의 죄","강서","범죄 발생지","","","","","","","","","","","","","-","-","-","-","-","-",
"내란의 죄","연제","범죄 발생지","","","","","","","","","","","","","-","-","-","-","-","-",
"내란의 죄","수영","범죄 발생지","","","","","","","","","","","","","-","-","-","-","-","-",
"내란의 죄","사상","범죄 발생지","","","","","","","","","","","","","-","-","-","-","-","-",
"내란의 죄","기장군","범죄 발생지","","","","","","","","","","","","","-","-","-","-","-","-",
"내란의 죄","중구","범죄 발생지","","","","","","","","","","","","","-","-","-","-","-","-",
"내란의 죄","동구","범죄 발생지","","","","","","","","","","","","","-","-","-","-","-","-",
"내란의 죄","서구","범죄 발생지","","","","","","","","","","","","","-","-","-","-","-","-",
"내란의 죄","남구","범죄 발생지","","","","","","","","","","","","","-","-","-","-","-","-",
"내란의 죄","북구","범죄 발생지","","","","","","","","","","","","","-","-","-","-","-","-",
"내란의 죄","수성","범죄 발생지","","","","","","","","","","","","","-","-","-","-","-","-",
"내란의 죄","달서","범죄 발생지","","","","","","","","","","","","","-","-","-","-","-","-",
"내란의 죄","달성군","범죄 발생지","","","","","","","","","","","","","-","-","-","-","-","-",
"내란의 죄","중구","범죄 발생지","","","","","","","","","","","","","-","-","-","-","-","-",
"내란의 죄","동구","범죄 발생지","","","","","","","","","","","","","-","-","-","-","-","-",
"내란의 죄","서구","범죄 발생지","","","","","","","","","","","","","-","-","-","-","-","-",
"내란의 죄","미추홀","범죄 발생지","","","","","","","","","","","","","-","-","-","-","-","-",
"내란의 죄","연수","범죄 발생지","","","","","","","","","","","","","-","-","-","-","-","-",
"내란의 죄","남동","범죄 발생지","","","","","","","","","","","","","-","-","-","-","-","-",
"내란의 죄","부평","범죄 발생지","","","","","","","","","","","","","-","-","-","-","-","-",
"내란의 죄","계양","범죄 발생지","","","","","","","","","","","","","-","-","-","-","-","-",
"내란의 죄","강화군","범죄 발생지","","","","","","","","","","","","","-","-","-","-","-","-",
"내란의 죄","옹진군","범죄 발생지","","","","","","","","","","","","","-","-","-","-","-","-",
"내란의 죄","동구","범죄 발생지","","","","","","","","","","","","","-","-","-","-","-","-",
"내란의 죄","서구","범죄 발생지","","","","","","","","","","","","","-","-","-","-","-","-",
"내란의 죄","남구","범죄 발생지","","","","","","","","","","","","","-","-","-","-","-","-",
"내란의 죄","북구","범죄 발생지","","","","","","","","","","","","","-","-","-","-","-","-",
"내란의 죄","광산","범죄 발생지","","","","","","","","","","","","","-","-","-","-","-","-",
"내란의 죄","중구","범죄 발생지","","","","","","","","","","","","","-","-","-","-","-","-",
"내란의 죄","동구","범죄 발생지","","","","","","","","","","","","","-","-","-","-","-","-",
"내란의 죄","서구","범죄 발생지","","","","","","","","","","","","","-","-","-","-","-","-",
"내란의 죄","유성","범죄 발생지","","","","","","","","","","","","","-","-","-","-","-","-",
"내란의 죄","대덕","범죄 발생지","","","","","","","","","","","","","-","-","-","-","-","-",
"내란의 죄","중구","범죄 발생지","","","","","","","","","","","","","-","-","-","-","-","-",
"내란의 죄","동구","범죄 발생지","","","","","","","","","","","","","-","-","-","-","-","-",
"내란의 죄","남구","범죄 발생지","","","","","","","","","","","","","-","-","-","-","-","-",
"내란의 죄","북구","범죄 발생지","","","","","","","","","","","","","-","-","-","-","-","-",
"내란의 죄","울주군","범죄 발생지","","","","","","","","","","","","","-","-","-","-","-","-",
"음용수에 관한 죄","종로","범죄 발생지","","","","","","","","","","","","","","-","1","-","-","-",
"음용수에 관한 죄","중구","범죄 발생지","","","","","","","","","","","","","","-","-","-","-","-",
"음용수에 관한 죄","용산","범죄 발생지","","","","","","","","","","","","","","-","-","-","-","-",
"음용수에 관한 죄","성동","범죄 발생지","","","","","","","","","","","","","","-","-","-","-","-",
"음용수에 관한 죄","광진","범죄 발생지","","","","","","","","","","","","","","-","-","-","-","-",
"음용수에 관한 죄","동대문","범죄 발생지","","","","","","","","","","","","","","-","-","-","-","-",
"음용수에 관한 죄","중랑","범죄 발생지","","","","","","","","","","","","","","-","-","-","-","-",
"음용수에 관한 죄","성북","범죄 발생지","","","","","","","","","","","","","","-","-","-","-","1",
"음용수에 관한 죄","강북","범죄 발생지","","","","","","","","","","","","","","-","-","-","-","1",
"음용수에 관한 죄","도봉","범죄 발생지","","","","","","","","","","","","","","-","-","-","-","-",
"음용수에 관한 죄","노원","범죄 발생지","","","","","","","","","","","","1","","-","-","-","1","-",
"음용수에 관한 죄","은평","범죄 발생지","","","","","","","","","","","","1","","-","-","-","-","-",
"음용수에 관한 죄","서대문","범죄 발생지","","","","","","","","","","","","","","-","-","-","-","-",
"음용수에 관한 죄","마포","범죄 발생지","","","","","","","","","","","","","","-","-","-","-","-",
"음용수에 관한 죄","양천","범죄 발생지","","","","","","","","","","","","","","-","-","-","-","-",
"음용수에 관한 죄","강서","범죄 발생지","","","","","","","","","","","","","","-","-","-","1","1",
"음용수에 관한 죄","구로","범죄 발생지","","","","","","","","","","","","","","-","-","-","-","-",
"음용수에 관한 죄","금천","범죄 발생지","","","","","","","","","","","","","","-","-","1","-","-",
"음용수에 관한 죄","영등포","범죄 발생지","","","","","","","","","","","","","1","-","-","-","-","-",
"음용수에 관한 죄","동작","범죄 발생지","","","","","","","","","","","","","","-","-","-","-","-",
"음용수에 관한 죄","관악","범죄 발생지","","","","","","","","","","","","","","-","1","-","-","1",
"음용수에 관한 죄","서초","범죄 발생지","","","","","","","","","","","","","","-","1","1","-","-",
"음용수에 관한 죄","강남","범죄 발생지","","","","","","","","","","","","1","","-","-","-","-","-",
"음용수에 관한 죄","송파","범죄 발생지","","","","","","","","","","","","1","","-","-","-","-","-",
"음용수에 관한 죄","강동","범죄 발생지","","","","","","","","","","","","","","-","-","-","-","-",
"음용수에 관한 죄","중구","범죄 발생지","","","","","","","","","","","","","","-","-","-","-","-",
"음용수에 관한 죄","서구","범죄 발생지","","","","","","","","","","","","","1","-","-","-","-","-",
"음용수에 관한 죄","동구","범죄 발생지","","","","","","","","","","","","","","-","-","-","-","-",
"음용수에 관한 죄","영도","범죄 발생지","","","","","","","","","","","","","","-","-","-","-","-",
"음용수에 관한 죄","부산진","범죄 발생지","","","","","","","","","","","","","","-","-","-","-","-",
"음용수에 관한 죄","동래","범죄 발생지","","","","","","","","","","","","","","-","1","-","-","-",
"음용수에 관한 죄","남구","범죄 발생지","","","","","","","","","","","","","","-","-","-","-","-",
"음용수에 관한 죄","북구","범죄 발생지","","","","","","","","","","","","","","-","-","-","-","-",
"음용수에 관한 죄","해운대","범죄 발생지","","","","","","","","","","","","","","-","-","-","-","-",
"음용수에 관한 죄","사하","범죄 발생지","","","","","","","","","","","","1","","-","-","-","-","-",
"음용수에 관한 죄","금정","범죄 발생지","","","","","","","","","","","","","","-","-","-","-","-",
"음용수에 관한 죄","강서","범죄 발생지","","","","","","","","","","","","","","-","-","-","-","-",
"음용수에 관한 죄","연제","범죄 발생지","","","","","","","","","","","","","1","-","-","-","-","-",
"음용수에 관한 죄","수영","범죄 발생지","","","","","","","","","","","","","","-","-","-","1","-",
"음용수에 관한 죄","사상","범죄 발생지","","","","","","","","","","","","","","-","-","1","-","-",
"음용수에 관한 죄","기장군","범죄 발생지","","","","","","","","","","","","1","","-","-","-","-","-",
"음용수에 관한 죄","중구","범죄 발생지","","","","","","","","","","","","","","-","-","-","-","1",
"음용수에 관한 죄","동구","범죄 발생지","","","","","","","","","","","","","","-","-","-","-","-",
"음용수에 관한 죄","서구","범죄 발생지","","","","","","","","","","","","","1","-","-","-","-","-",
"음용수에 관한 죄","남구","범죄 발생지","","","","","","","","","","","","","","-","-","-","-","-",
"음용수에 관한 죄","북구","범죄 발생지","","","","","","","","","","","","","","-","-","-","-","-",
"음용수에 관한 죄","수성","범죄 발생지","","","","","","","","","","","","","","-","-","-","-","-",
"음용수에 관한 죄","달서","범죄 발생지","","","","","","","","","","","","","","-","-","-","-","-",
"음용수에 관한 죄","달성군","범죄 발생지","","","","","","","","","","","","","","-","-","-","-","-",
"음용수에 관한 죄","중구","범죄 발생지","","","","","","","","","","","","","","-","-","-","-","-",
"음용수에 관한 죄","동구","범죄 발생지","","","","","","","","","","","","","","-","-","-","-","-",
"음용수에 관한 죄","서구","범죄 발생지","","","","","","","","","","","","","","-","1","-","-","-",
"음용수에 관한 죄","미추홀","범죄 발생지","","","","","","","","","","","","","","-","-","-","-","-",
"음용수에 관한 죄","연수","범죄 발생지","","","","","","","","","","","","","1","-","-","-","-","-",
"음용수에 관한 죄","남동","범죄 발생지","","","","","","","","","","","","1","1","2","-","-","-","-",
"음용수에 관한 죄","부평","범죄 발생지","","","","","","","","","","","","","","-","1","-","-","-",
"음용수에 관한 죄","계양","범죄 발생지","","","","","","","","","","","","","","-","-","-","1","-",
"음용수에 관한 죄","강화군","범죄 발생지","","","","","","","","","","","","","","-","-","-","-","1",
"음용수에 관한 죄","옹진군","범죄 발생지","","","","","","","","","","","","","","-","-","-","-","-",
"음용수에 관한 죄","동구","범죄 발생지","","","","","","","","","","","","","","-","-","-","-","-",
"음용수에 관한 죄","서구","범죄 발생지","","","","","","","","","","","","","","-","1","-","-","-",
"음용수에 관한 죄","남구","범죄 발생지","","","","","","","","","","","","","","-","-","-","-","-",
"음용수에 관한 죄","북구","범죄 발생지","","","","","","","","","","","","","","-","-","-","-","-",
"음용수에 관한 죄","광산","범죄 발생지","","","","","","","","","","","","","","-","-","-","-","-",
"음용수에 관한 죄","중구","범죄 발생지","","","","","","","","","","","","","","-","-","-","-","-",
"음용수에 관한 죄","동구","범죄 발생지","","","","","","","","","","","","","","-","-","-","-","-",
"음용수에 관한 죄","서구","범죄 발생지","","","","","","","","","","","","","","1","-","-","-","-",
"음용수에 관한 죄","유성","범죄 발생지","","","","","","","","","","","","","","-","-","-","-","-",
"음용수에 관한 죄","대덕","범죄 발생지","","","","","","","","","","","","","","-","-","-","-","-",
"음용수에 관한 죄","중구","범죄 발생지","","","","","","","","","","","","","","-","1","-","-","-",
"음용수에 관한 죄","동구","범죄 발생지","","","","","","","","","","","","","","-","-","-","-","-",
"음용수에 관한 죄","남구","범죄 발생지","","","","","","","","","","","","","1","-","-","-","-","-",
"음용수에 관한 죄","북구","범죄 발생지","","","","","","","","","","","","","","-","-","-","-","-",
"음용수에 관한 죄","울주군","범죄 발생지","","","","","","","","","","","","","","-","-","-","-","1",
"일수와 수리에 관한 죄","종로","범죄 발생지","","","","","","","","","","","","","","-","-","-","-","-",
"일수와 수리에 관한 죄","중구","범죄 발생지","","","","","","","","","","","","","","-","-","-","-","-",
"일수와 수리에 관한 죄","용산","범죄 발생지","","","","","","","","","","","","","","-","-","-","-","-",
"일수와 수리에 관한 죄","성동","범죄 발생지","","","","","","","","","","","","","","-","-","-","-","-",
"일수와 수리에 관한 죄","광진","범죄 발생지","","","","","","","","","","","","","","-","-","-","-","-",
"일수와 수리에 관한 죄","동대문","범죄 발생지","","","","","","","","","","","","","","-","-","-","-","-",
"일수와 수리에 관한 죄","중랑","범죄 발생지","","","","","","","","","","","","","","-","-","-","-","-",
"일수와 수리에 관한 죄","성북","범죄 발생지","","","","","","","","","","","","","","-","-","-","-","-",
"일수와 수리에 관한 죄","강북","범죄 발생지","","","","","","","","","","","","","","-","-","-","-","-",
"일수와 수리에 관한 죄","도봉","범죄 발생지","","","","","","","","","","","","","","-","-","-","-","-",
"일수와 수리에 관한 죄","노원","범죄 발생지","","","","","","","","","","","","","","-","-","-","-","-",
"일수와 수리에 관한 죄","은평","범죄 발생지","","","","","","","","","","","","","","-","-","-","1","-",
"일수와 수리에 관한 죄","서대문","범죄 발생지","","","","","","","","","","","","","","-","-","-","-","-",
"일수와 수리에 관한 죄","마포","범죄 발생지","","","","","","","","","","","","","","-","-","-","-","-",
"일수와 수리에 관한 죄","양천","범죄 발생지","","","","","","","","","","","","","","-","-","-","-","-",
"일수와 수리에 관한 죄","강서","범죄 발생지","","","","","","","","","","","","","","-","-","-","-","-",
"일수와 수리에 관한 죄","구로","범죄 발생지","","","","","","","","","","","","","","-","1","-","-","-",
"일수와 수리에 관한 죄","금천","범죄 발생지","","","","","","","","","","","","","","-","-","-","-","-",
"일수와 수리에 관한 죄","영등포","범죄 발생지","","","","","","","","","","","","","","-","1","-","-","-",
"일수와 수리에 관한 죄","동작","범죄 발생지","","","","","","","","","","","","","","1","-","-","-","-",
"일수와 수리에 관한 죄","관악","범죄 발생지","","","","","","","","","","","","","","-","-","-","-","-",
"일수와 수리에 관한 죄","서초","범죄 발생지","","","","","","","","","","","","","","-","-","-","-","-",
"일수와 수리에 관한 죄","강남","범죄 발생지","","","","","","","","","","","","","","-","-","-","-","-",
"일수와 수리에 관한 죄","송파","범죄 발생지","","","","","","","","","","","","","","-","-","-","-","1",
"일수와 수리에 관한 죄","강동","범죄 발생지","","","","","","","","","","","","","","-","-","-","-","-",
"일수와 수리에 관한 죄","중구","범죄 발생지","","","","","","","","","","","","","","-","-","-","-","-",
"일수와 수리에 관한 죄","서구","범죄 발생지","","","","","","","","","","","","","","-","-","-","-","-",
"일수와 수리에 관한 죄","동구","범죄 발생지","","","","","","","","","","","","","","-","-","-","-","-",
"일수와 수리에 관한 죄","영도","범죄 발생지","","","","","","","","","","","","","","-","-","-","-","-",
"일수와 수리에 관한 죄","부산진","범죄 발생지","","","","","","","","","","","","","","-","-","-","-","-",
"일수와 수리에 관한 죄","동래","범죄 발생지","","","","","","","","","","","","","","-","-","-","-","-",
"일수와 수리에 관한 죄","남구","범죄 발생지","","","","","","","","","","","","","","-","-","-","-","-",
"일수와 수리에 관한 죄","북구","범죄 발생지","","","","","","","","","","","","","","-","-","-","-","-",
"일수와 수리에 관한 죄","해운대","범죄 발생지","","","","","","","","","","","","","","-","-","-","-","-",
"일수와 수리에 관한 죄","사하","범죄 발생지","","","","","","","","","","","","","","-","-","-","-","-",
"일수와 수리에 관한 죄","금정","범죄 발생지","","","","","","","","","","","","","","-","-","-","-","-",
"일수와 수리에 관한 죄","강서","범죄 발생지","","","","","","","","","","","","","","-","-","-","-","-",
"일수와 수리에 관한 죄","연제","범죄 발생지","","","","","","","","","","","","","","-","-","-","-","-",
"일수와 수리에 관한 죄","수영","범죄 발생지","","","","","","","","","","","","","","-","-","-","-","-",
"일수와 수리에 관한 죄","사상","범죄 발생지","","","","","","","","","","","","","","-","-","-","-","-",
"일수와 수리에 관한 죄","기장군","범죄 발생지","","","","","","","","","","","","","","-","-","-","-","-",
"일수와 수리에 관한 죄","중구","범죄 발생지","","","","","","","","","","","","","","-","-","-","-","-",
"일수와 수리에 관한 죄","동구","범죄 발생지","","","","","","","","","","","","","","-","-","-","-","-",
"일수와 수리에 관한 죄","서구","범죄 발생지","","","","","","","","","","","","1","","-","-","-","-","-",
"일수와 수리에 관한 죄","남구","범죄 발생지","","","","","","","","","","","","","","-","-","-","-","-",
"일수와 수리에 관한 죄","북구","범죄 발생지","","","","","","","","","","","","","","-","-","-","-","1",
"일수와 수리에 관한 죄","수성","범죄 발생지","","","","","","","","","","","","","","-","-","-","-","-",
"일수와 수리에 관한 죄","달서","범죄 발생지","","","","","","","","","","","","","","-","-","-","-","-",
"일수와 수리에 관한 죄","달성군","범죄 발생지","","","","","","","","","","","","","","-","-","-","-","-",
"일수와 수리에 관한 죄","중구","범죄 발생지","","","","","","","","","","","","","","-","-","-","-","-",
"일수와 수리에 관한 죄","동구","범죄 발생지","","","","","","","","","","","","","","-","-","-","-","-",
"일수와 수리에 관한 죄","서구","범죄 발생지","","","","","","","","","","","","","","-","-","-","-","-",
"일수와 수리에 관한 죄","미추홀","범죄 발생지","","","","","","","","","","","","","","-","-","-","-","-",
"일수와 수리에 관한 죄","연수","범죄 발생지","","","","","","","","","","","","","","-","-","-","-","-",
"일수와 수리에 관한 죄","남동","범죄 발생지","","","","","","","","","","","","","","-","-","-","-","-",
"일수와 수리에 관한 죄","부평","범죄 발생지","","","","","","","","","","","","","","-","-","-","-","-",
"일수와 수리에 관한 죄","계양","범죄 발생지","","","","","","","","","","","","","","-","-","-","-","-",
"일수와 수리에 관한 죄","강화군","범죄 발생지","","","","","","","","","","","","","","-","-","-","-","-",
"일수와 수리에 관한 죄","옹진군","범죄 발생지","","","","","","","","","","","","","","-","1","-","-","-",
"일수와 수리에 관한 죄","동구","범죄 발생지","","","","","","","","","","","","","","-","-","-","-","-",
"일수와 수리에 관한 죄","서구","범죄 발생지","","","","","","","","","","","","","","-","-","-","-","-",
"일수와 수리에 관한 죄","남구","범죄 발생지","","","","","","","","","","","","","","-","-","-","-","-",
"일수와 수리에 관한 죄","북구","범죄 발생지","","","","","","","","","","","","","","-","-","-","-","-",
"일수와 수리에 관한 죄","광산","범죄 발생지","","","","","","","","","","","","","","-","-","-","-","-",
"일수와 수리에 관한 죄","중구","범죄 발생지","","","","","","","","","","","","","","-","-","-","-","-",
"일수와 수리에 관한 죄","동구","범죄 발생지","","","","","","","","","","","","","","-","-","-","-","-",
"일수와 수리에 관한 죄","서구","범죄 발생지","","","","","","","","","","","","","","-","-","-","-","-",
"일수와 수리에 관한 죄","유성","범죄 발생지","","","","","","","","","","","","","","-","-","-","-","-",
"일수와 수리에 관한 죄","대덕","범죄 발생지","","","","","","","","","","","","","","-","-","-","-","-",
"일수와 수리에 관한 죄","중구","범죄 발생지","","","","","","","","","","","","","","-","-","-","-","-",
"일수와 수리에 관한 죄","동구","범죄 발생지","","","","","","","","","","","","","","-","-","-","-","-",
"일수와 수리에 관한 죄","남구","범죄 발생지","","","","","","","","","","","","","","-","-","-","-","-",
"일수와 수리에 관한 죄","북구","범죄 발생지","","","","","","","","","","","","","","-","1","-","-","-",
"일수와 수리에 관한 죄","울주군","범죄 발생지","","","","","","","","","","","","","","-","-","-","-","-",
"기타","종로","범죄 발생지","","","","","","","","","","","","","","-","-","-","-","-",
"기타","중구","범죄 발생지","","","","","","","","","","","","","","-","-","-","-","-",
"기타","용산","범죄 발생지","","","","","","","","","","","","","","-","-","-","-","-",
"기타","성동","범죄 발생지","","","","","","","","","","","","","","-","-","-","-","-",
"기타","광진","범죄 발생지","","","","","","","","","","","","","","-","-","-","-","-",
"기타","동대문","범죄 발생지","","","","","","","","","","","","","","-","-","-","-","-",
"기타","중랑","범죄 발생지","","","","","","","","","","","","","","-","-","-","-","-",
"기타","성북","범죄 발생지","","","","","","","","","","","","","","-","-","-","-","1",
"기타","강북","범죄 발생지","","","","","","","","","","","","","","-","-","-","-","-",
"기타","도봉","범죄 발생지","","","","","","","","","","","","","","-","-","-","-","-",
"기타","노원","범죄 발생지","","","","","","","","","","","","","","-","-","-","-","-",
"기타","은평","범죄 발생지","","","","","","","","","","","","","","-","-","-","-","-",
"기타","서대문","범죄 발생지","","","","","","","","","","","","","","-","-","-","-","1",
"기타","마포","범죄 발생지","","","","","","","","","","","","","","-","-","-","-","-",
"기타","양천","범죄 발생지","","","","","","","","","","","","","","-","-","-","-","-",
"기타","강서","범죄 발생지","","","","","","","","","","","","","","-","-","-","-","-",
"기타","구로","범죄 발생지","","","","","","","","","","","","","","-","-","-","-","-",
"기타","금천","범죄 발생지","","","","","","","","","","","","","","-","-","-","-","-",
"기타","영등포","범죄 발생지","","","","","","","","","","","","","","-","-","-","-","-",
"기타","동작","범죄 발생지","","","","","","","","","","","","","","-","-","-","-","-",
"기타","관악","범죄 발생지","","","","","","","","","","","","","","-","-","1","-","-",
"기타","서초","범죄 발생지","","","","","","","","","","","","","","-","-","-","-","-",
"기타","강남","범죄 발생지","","","","","","","","","","","","","","-","-","-","-","-",
"기타","송파","범죄 발생지","","","","","","","","","","","","","","-","-","-","-","-",
"기타","강동","범죄 발생지","","","","","","","","","","","","","","-","-","-","-","-",
"기타","중구","범죄 발생지","","","","","","","","","","","","","","-","-","-","-","-",
"기타","서구","범죄 발생지","","","","","","","","","","","","","","-","-","-","-","-",
"기타","동구","범죄 발생지","","","","","","","","","","","","","","-","-","-","-","-",
"기타","영도","범죄 발생지","","","","","","","","","","","","","","-","-","-","-","-",
"기타","부산진","범죄 발생지","","","","","","","","","","","","","","-","-","-","-","-",
"기타","동래","범죄 발생지","","","","","","","","","","","","","2","-","-","-","-","-",
"기타","남구","범죄 발생지","","","","","","","","","","","","","","-","-","-","-","-",
"기타","북구","범죄 발생지","","","","","","","","","","","","","","-","-","-","-","-",
"기타","해운대","범죄 발생지","","","","","","","","","","","","","","-","-","-","-","-",
"기타","사하","범죄 발생지","","","","","","","","","","","","","","-","-","-","-","-",
"기타","금정","범죄 발생지","","","","","","","","","","","","","","-","-","-","-","-",
"기타","강서","범죄 발생지","","","","","","","","","","","","","","-","-","-","-","-",
"기타","연제","범죄 발생지","","","","","","","","","","","","","","-","-","-","-","1",
"기타","수영","범죄 발생지","","","","","","","","","","","","","","-","-","-","-","-",
"기타","사상","범죄 발생지","","","","","","","","","","","","","","-","-","1","-","-",
"기타","기장군","범죄 발생지","","","","","","","","","","","","","","-","-","-","-","-",
"기타","중구","범죄 발생지","","","","","","","","","","","","","","-","-","1","-","-",
"기타","동구","범죄 발생지","","","","","","","","","","","","","","-","-","-","-","-",
"기타","서구","범죄 발생지","","","","","","","","","","","","","","-","-","-","-","-",
"기타","남구","범죄 발생지","","","","","","","","","","","","","","-","-","-","-","-",
"기타","북구","범죄 발생지","","","","","","","","","","","","","","-","-","-","-","-",
"기타","수성","범죄 발생지","","","","","","","","","","","","","","-","-","-","-","-",
"기타","달서","범죄 발생지","","","","","","","","","","","","","","-","-","-","-","-",
"기타","달성군","범죄 발생지","","","","","","","","","","","","","","-","-","-","-","-",
"기타","중구","범죄 발생지","","","","","","","","","","","","","","-","-","-","-","-",
"기타","동구","범죄 발생지","","","","","","","","","","","","","","-","-","-","-","-",
"기타","서구","범죄 발생지","","","","","","","","","","","","","","-","-","-","-","-",
"기타","미추홀","범죄 발생지","","","","","","","","","","","","","","-","-","-","-","-",
"기타","연수","범죄 발생지","","","","","","","","","","","","","","-","-","-","-","-",
"기타","남동","범죄 발생지","","","","","","","","","","","","","","-","-","-","-","1",
"기타","부평","범죄 발생지","","","","","","","","","","","","","","-","-","-","-","-",
"기타","계양","범죄 발생지","","","","","","","","","","","","","","-","-","-","-","-",
"기타","강화군","범죄 발생지","","","","","","","","","","","","","","-","-","-","-","-",
"기타","옹진군","범죄 발생지","","","","","","","","","","","","","","-","-","-","-","-",
"기타","동구","범죄 발생지","","","","","","","","","","","","","","-","-","-","-","-",
"기타","서구","범죄 발생지","","","","","","","","","","","","","","-","-","-","-","-",
"기타","남구","범죄 발생지","","","","","","","","","","","","","","-","-","-","-","-",
"기타","북구","범죄 발생지","","","","","","","","","","","","","","-","-","-","-","-",
"기타","광산","범죄 발생지","","","","","","","","","","","","","","-","-","-","-","-",
"기타","중구","범죄 발생지","","","","","","","","","","","","","","-","-","-","-","-",
"기타","동구","범죄 발생지","","","","","","","","","","","","","","-","-","-","-","-",
"기타","서구","범죄 발생지","","","","","","","","","","","","","","-","-","-","-","-",
"기타","유성","범죄 발생지","","","","","","","","","","","","","","-","-","-","-","-",
"기타","대덕","범죄 발생지","","","","","","","","","","","","","","-","-","-","-","-",
"기타","중구","범죄 발생지","","","","","","","","","","","","","","-","-","-","-","-",
"기타","동구","범죄 발생지","","","","","","","","","","","","","","-","-","-","-","-",
"기타","남구","범죄 발생지","","","","","","","","","","","","","","-","-","-","-","-",
"기타","북구","범죄 발생지","","","","","","","","","","","","","","-","-","-","-","-",
"기타","울주군","범죄 발생지","","","","","","","","","","","","","","-","-","-","-","-",
