"범죄별","발생지별","항목","단위","2011 년","2012 년","2013 년","2014 년","2015 년","2016 년","2017 년","2018 년","2019 년","2020 년","2021 년","2022 년","2023 년","2024 년",
"절도","종로","범죄 발생지","","1932","2308","2485","2258","2202","1949","1648","1488","1519","1189","1081","1318","1174","1182",
"절도","중구","범죄 발생지","","2254","2398","2597","2565","2539","2147","1839","1858","2205","1641","1301","1376","1526","1429",
"절도","용산","범죄 발생지","","1603","1556","1574","1603","1593","1542","1385","1133","1020","1126","959","986","987","1105",
"절도","성동","범죄 발생지","","1389","1738","1620","1755","1608","1293","1074","998","976","1016","907","983","891","970",
"절도","광진","범죄 발생지","","2406","2899","3135","3169","3012","2646","2178","1767","1870","1665","1419","1669","1619","1321",
"절도","동대문","범죄 발생지","","2025","2193","2139","1816","1985","1940","1554","1453","1542","1444","1246","1561","1280","1625",
"절도","중랑","범죄 발생지","","1896","2165","2048","2382","2125","1687","1536","1527","1659","1510","1399","1508","1404","1441",
"절도","성북","범죄 발생지","","1863","2199","2292","2136","1788","1478","1347","1162","1087","996","891","1139","983","884",
"절도","강북","범죄 발생지","","1506","1357","1463","1505","1441","1227","1014","1116","1228","780","786","876","919","967",
"절도","도봉","범죄 발생지","","1413","1709","1531","1349","1066","866","634","785","791","871","774","968","1005","801",
"절도","노원","범죄 발생지","","1731","2303","2307","2404","2193","1854","1540","1414","1505","1402","1356","1503","1631","1508",
"절도","은평","범죄 발생지","","1964","2533","2400","2354","1911","1668","1388","1275","1566","1367","1424","1493","1610","1520",
"절도","서대문","범죄 발생지","","1862","4023","4134","1871","1797","1498","1229","1061","1217","1074","1024","1111","1190","1012",
"절도","마포","범죄 발생지","","2122","2936","2413","2787","2584","2541","2097","2023","2215","1500","1517","1458","1479","1478",
"절도","양천","범죄 발생지","","2009","1979","2035","2058","1891","1720","1591","1384","1483","1528","1350","1482","1409","1513",
"절도","강서","범죄 발생지","","2767","2802","2626","2318","2089","1953","1887","1729","2053","1691","1533","1997","1790","1672",
"절도","구로","범죄 발생지","","1989","2620","2434","2370","2311","1910","1732","1724","1917","1759","1393","1566","1636","1574",
"절도","금천","범죄 발생지","","1362","1474","1420","1385","1388","1117","988","1020","1132","999","1013","1115","983","891",
"절도","영등포","범죄 발생지","","2697","3055","3198","3108","2973","2355","2311","2287","2418","2193","1717","2062","1858","1793",
"절도","동작","범죄 발생지","","1701","2016","2366","1790","1880","1234","1230","1153","1333","1355","1136","1199","1189","1091",
"절도","관악","범죄 발생지","","2842","3240","3645","3192","2881","2256","2134","2171","2260","2220","1857","1971","2003","1965",
"절도","서초","범죄 발생지","","2295","2706","2952","2766","2643","2197","1821","1866","2289","2027","1506","1920","1944","1586",
"절도","강남","범죄 발생지","","4211","4656","4456","3886","3854","3587","3144","3022","2986","2958","2384","2520","2484","2101",
"절도","송파","범죄 발생지","","3998","4030","3905","4190","3242","2552","2279","2356","2413","2431","2026","2215","2415","2501",
"절도","강동","범죄 발생지","","2414","2525","2547","2430","2368","1755","1648","1516","1654","1636","1610","1672","1677","1665",
"절도","중구","범죄 발생지","","821","969","879","918","936","911","1021","939","705","697","583","615","657","578",
"절도","서구","범죄 발생지","","1410","923","900","835","783","769","672","720","609","459","417","552","714","664",
"절도","동구","범죄 발생지","","1103","1048","969","780","956","772","676","592","724","597","503","587","588","600",
"절도","영도","범죄 발생지","","652","607","583","529","517","559","411","327","353","375","307","367","468","445",
"절도","부산진","범죄 발생지","","3899","4286","3796","3337","3322","3006","2469","2357","2443","2327","2178","2355","2590","2678",
"절도","동래","범죄 발생지","","1882","1740","1860","1647","1320","1118","1108","1050","936","1017","926","909","1331","1264",
"절도","남구","범죄 발생지","","1330","1639","1605","1728","1349","1062","1053","824","936","866","679","658","683","863",
"절도","북구","범죄 발생지","","1471","1583","1360","1259","1043","1037","904","792","807","1033","909","1080","1009","1139",
"절도","해운대","범죄 발생지","","2584","2823","2531","2288","2350","1559","1539","1347","1307","1335","1233","1553","1536","1676",
"절도","사하","범죄 발생지","","1819","1875","1589","1714","1661","1148","1082","1042","1019","1032","909","831","939","955",
"절도","금정","범죄 발생지","","2000","1944","1814","1445","1245","1017","919","943","1031","948","775","818","880","880",
"절도","강서","범죄 발생지","","657","646","574","502","529","506","520","484","478","450","361","418","475","448",
"절도","연제","범죄 발생지","","1149","1281","1292","1031","1009","812","876","799","887","917","713","695","930","835",
"절도","수영","범죄 발생지","","1274","1416","1398","1369","1093","815","791","791","803","680","686","680","668","794",
"절도","사상","범죄 발생지","","1824","2144","2177","1968","1432","1162","1275","998","1023","970","954","997","952","798",
"절도","기장군","범죄 발생지","","830","582","578","596","658","555","527","408","499","540","565","629","654","450",
"절도","중구","범죄 발생지","","1356","1907","2271","1835","1674","1159","1109","1140","1482","1214","1335","1223","1235","1188",
"절도","동구","범죄 발생지","","2122","2225","2707","2380","1754","1213","1262","1311","1265","1224","1333","1150","1543","1272",
"절도","서구","범죄 발생지","","1428","1630","1940","1296","1154","755","704","669","689","747","765","1279","867","1025",
"절도","남구","범죄 발생지","","1274","1273","1506","1073","1132","705","650","540","726","679","648","699","656","681",
"절도","북구","범죄 발생지","","2431","3344","2763","2131","2052","1441","1232","1161","1340","1439","1541","1531","1641","1553",
"절도","수성","범죄 발생지","","2050","2288","2150","2085","1712","1213","934","977","1099","1008","1150","1166","1142","991",
"절도","달서","범죄 발생지","","3618","3251","3469","3144","2740","2257","2033","1720","2058","1867","1993","2030","2064","1963",
"절도","달성군","범죄 발생지","","569","660","680","683","561","450","409","685","631","524","563","748","713","911",
"절도","군위군","범죄 발생지","","","","","","","","","","","","","","16","93",
"절도","중구","범죄 발생지","","606","581","684","506","510","550","558","626","848","667","402","521","679","797",
"절도","동구","범죄 발생지","","197","225","264","252","199","187","186","138","190","138","123","147","180","207",
"절도","서구","범죄 발생지","","1382","1305","1504","1291","1353","1168","1201","1376","1331","1345","1504","1313","1297","1358",
"절도","미추홀","범죄 발생지","","1914","1894","2045","1829","1652","1675","1639","1527","1754","1360","1322","1478","1611","1444",
"절도","연수","범죄 발생지","","961","696","765","843","1056","1059","840","841","1017","863","945","1220","1243","1184",
"절도","남동","범죄 발생지","","1531","1739","2072","1858","2124","1803","1583","1638","1688","1582","1277","1315","1401","1243",
"절도","부평","범죄 발생지","","2297","2860","2519","2398","2594","2603","2282","2421","2390","2128","1786","1970","2209","2146",
"절도","계양","범죄 발생지","","1087","958","929","645","1039","849","824","755","733","756","656","747","734","824",
"절도","강화군","범죄 발생지","","149","134","157","104","140","120","102","133","169","133","150","173","173","168",
"절도","옹진군","범죄 발생지","","23","31","42","25","25","30","18","29","30","30","18","18","25","19",
"절도","동구","범죄 발생지","","1968","1754","1730","1254","1103","833","633","602","603","641","496","610","668","560",
"절도","서구","범죄 발생지","","3209","2818","3091","2623","2043","1421","1152","1161","1193","1221","1104","1124","1171","1246",
"절도","남구","범죄 발생지","","1325","1538","1621","1120","972","765","572","608","615","615","635","560","708","759",
"절도","북구","범죄 발생지","","3969","3620","3485","2972","2582","1790","1551","1429","1444","1327","1475","1614","1745","1875",
"절도","광산","범죄 발생지","","2894","2955","2496","2399","1743","1254","937","1060","1095","1164","1203","1303","1726","1670",
"절도","중구","범죄 발생지","","2821","3744","2267","2209","2084","1478","1150","1030","1225","1032","893","1044","1059","1171",
"절도","동구","범죄 발생지","","23","1198","2264","2248","1779","1341","1305","1010","1178","1043","900","1259","1175","1029",
"절도","서구","범죄 발생지","","3853","3796","3813","3458","2859","2113","1940","1755","1789","1637","1594","1873","1959","1873",
"절도","유성","범죄 발생지","","1985","1987","2009","2152","1625","1267","1077","1111","1026","923","1103","1313","1257","1066",
"절도","대덕","범죄 발생지","","1575","1526","1380","1397","1156","799","769","651","646","638","573","550","542","547",
"절도","중구","범죄 발생지","","1490","1191","1345","1378","1191","877","690","746","637","594","618","665","587","529",
"절도","동구","범죄 발생지","","938","986","1021","920","876","701","601","549","513","489","486","493","479","499",
"절도","남구","범죄 발생지","","2640","2317","2673","1923","1964","1511","1234","1036","1042","1002","1065","996","1021","955",
"절도","북구","범죄 발생지","","769","747","762","658","597","417","391","449","407","442","452","583","562","712",
"절도","울주군","범죄 발생지","","924","881","844","903","821","728","668","569","617","594","540","556","615","508",
"장물","종로","범죄 발생지","","46","41","33","109","29","24","26","12","18","8","7","5","12","6",
"장물","중구","범죄 발생지","","16","11","24","20","18","23","16","11","11","7","1","1","4","6",
"장물","용산","범죄 발생지","","28","18","33","20","17","24","34","8","5","1","1","2","1","-",
"장물","성동","범죄 발생지","","7","9","15","16","10","15","10","2","4","1","-","-","-","1",
"장물","광진","범죄 발생지","","18","23","46","27","36","22","23","10","7","2","3","-","5","2",
"장물","동대문","범죄 발생지","","6","15","73","29","32","28","20","5","7","4","-","-","1","2",
"장물","중랑","범죄 발생지","","8","12","15","17","26","56","10","7","4","2","1","-","2","-",
"장물","성북","범죄 발생지","","10","8","23","15","7","24","5","5","6","6","1","-","1","-",
"장물","강북","범죄 발생지","","8","15","32","18","13","15","6","3","9","2","-","2","3","-",
"장물","도봉","범죄 발생지","","14","5","11","19","33","7","9","17","3","2","1","-","1","-",
"장물","노원","범죄 발생지","","7","7","17","18","18","9","14","7","8","-","1","1","2","1",
"장물","은평","범죄 발생지","","9","24","19","15","17","8","10","5","4","2","1","2","2","1",
"장물","서대문","범죄 발생지","","2","14","34","8","6","5","3","5","2","4","-","1","-","-",
"장물","마포","범죄 발생지","","7","15","41","35","18","19","34","16","8","2","2","3","1","2",
"장물","양천","범죄 발생지","","12","7","18","11","13","8","13","4","4","2","1","1","-","1",
"장물","강서","범죄 발생지","","13","21","28","22","35","18","19","3","2","2","1","8","2","-",
"장물","구로","범죄 발생지","","15","14","53","24","22","17","9","7","-","2","2","3","1","3",
"장물","금천","범죄 발생지","","11","14","14","6","11","14","4","10","1","2","2","-","-","2",
"장물","영등포","범죄 발생지","","15","25","40","23","27","18","19","7","6","2","1","1","4","-",
"장물","동작","범죄 발생지","","9","6","37","20","21","8","11","5","3","-","1","-","-","-",
"장물","관악","범죄 발생지","","19","25","53","35","19","17","29","10","7","6","2","2","2","1",
"장물","서초","범죄 발생지","","21","22","25","25","15","33","19","6","6","2","1","2","2","2",
"장물","강남","범죄 발생지","","25","39","72","42","58","47","43","16","26","7","6","7","2","3",
"장물","송파","범죄 발생지","","17","13","36","30","22","20","15","7","8","-","1","2","6","3",
"장물","강동","범죄 발생지","","13","11","22","10","22","9","11","4","3","-","1","3","3","-",
"장물","중구","범죄 발생지","","21","36","94","38","38","26","32","36","23","14","4","2","6","4",
"장물","서구","범죄 발생지","","66","19","32","24","25","27","14","2","5","1","1","1","-","1",
"장물","동구","범죄 발생지","","29","60","181","72","41","24","19","19","83","59","5","-","2","3",
"장물","영도","범죄 발생지","","13","7","26","20","23","9","20","5","2","3","2","3","3","3",
"장물","부산진","범죄 발생지","","72","341","533","304","226","93","102","47","24","57","5","7","4","17",
"장물","동래","범죄 발생지","","25","71","148","131","76","38","31","14","7","10","8","1","7","6",
"장물","남구","범죄 발생지","","6","36","80","44","61","34","42","18","10","8","2","3","2","-",
"장물","북구","범죄 발생지","","19","49","93","82","43","36","20","28","10","6","4","2","2","1",
"장물","해운대","범죄 발생지","","32","120","107","129","83","50","50","22","19","23","13","3","15","10",
"장물","사하","범죄 발생지","","47","49","97","23","51","21","15","26","11","9","3","-","1","4",
"장물","금정","범죄 발생지","","13","75","73","24","45","15","15","10","8","11","8","1","3","14",
"장물","강서","범죄 발생지","","10","13","12","4","10","4","5","9","3","5","4","1","-","1",
"장물","연제","범죄 발생지","","15","71","182","68","53","30","25","11","7","3","4","1","3","8",
"장물","수영","범죄 발생지","","11","43","67","23","21","27","10","14","5","4","6","2","1","1",
"장물","사상","범죄 발생지","","33","67","138","57","63","31","55","28","9","9","2","2","1","2",
"장물","기장군","범죄 발생지","","11","22","36","16","13","6","3","4","6","3","3","1","4","-",
"장물","중구","범죄 발생지","","36","383","161","34","27","31","12","6","4","3","1","1","2","1",
"장물","동구","범죄 발생지","","21","52","102","32","26","32","7","6","3","2","-","4","1","-",
"장물","서구","범죄 발생지","","11","36","43","7","27","16","3","9","-","2","-","1","1","-",
"장물","남구","범죄 발생지","","44","33","101","23","17","3","2","2","1","4","1","1","1","-",
"장물","북구","범죄 발생지","","29","53","58","46","18","33","16","6","1","6","1","2","1","3",
"장물","수성","범죄 발생지","","21","24","117","53","98","22","13","1","1","2","1","4","-","3",
"장물","달서","범죄 발생지","","62","82","101","44","45","20","12","11","5","2","3","-","2","3",
"장물","달성군","범죄 발생지","","15","5","15","3","6","5","2","3","3","1","-","1","-","2",
"장물","군위군","범죄 발생지","","","","","","","","","","","","","","-","-",
"장물","중구","범죄 발생지","","30","29","62","156","43","22","23","23","75","6","-","2","3","2",
"장물","동구","범죄 발생지","","-","3","1","2","-","3","","-","3","1","-","-","-","-",
"장물","서구","범죄 발생지","","30","26","11","14","16","14","15","13","23","5","4","7","2","4",
"장물","미추홀","범죄 발생지","","42","79","60","25","36","18","20","9","9","7","5","4","2","3",
"장물","연수","범죄 발생지","","9","4","32","12","14","7","6","2","3","3","1","3","1","10",
"장물","남동","범죄 발생지","","14","12","23","20","25","32","11","7","40","13","4","2","5","2",
"장물","부평","범죄 발생지","","31","53","36","24","31","22","25","7","25","6","4","4","4","2",
"장물","계양","범죄 발생지","","14","10","13","16","11","10","5","4","3","-","3","3","-","-",
"장물","강화군","범죄 발생지","","1","1","-","1","-","-","","-","-","-","-","-","-","-",
"장물","옹진군","범죄 발생지","","-","-","-","-","-","-","","-","-","-","-","-","-","-",
"장물","동구","범죄 발생지","","8","16","14","9","18","17","4","5","1","-","1","2","-","1",
"장물","서구","범죄 발생지","","14","69","72","56","28","18","7","6","3","2","2","1","1","4",
"장물","남구","범죄 발생지","","9","5","5","9","26","2","4","3","2","1","1","-","-","1",
"장물","북구","범죄 발생지","","53","58","55","55","30","14","7","9","1","2","-","-","-","-",
"장물","광산","범죄 발생지","","9","11","110","10","20","6","9","4","1","4","2","2","4","2",
"장물","중구","범죄 발생지","","9","26","18","20","9","19","7","2","1","2","-","2","2","2",
"장물","동구","범죄 발생지","","1","5","14","12","22","14","11","8","1","-","2","3","4","1",
"장물","서구","범죄 발생지","","5","14","21","19","12","11","12","12","4","1","2","1","1","3",
"장물","유성","범죄 발생지","","7","5","12","9","6","3","4","5","7","1","-","1","3","1",
"장물","대덕","범죄 발생지","","3","14","24","88","6","1","4","-","2","2","1","1","1","1",
"장물","중구","범죄 발생지","","5","11","18","8","10","5","7","2","1","4","4","1","-","-",
"장물","동구","범죄 발생지","","2","1","6","6","3","10","2","1","1","1","-","-","2","2",
"장물","남구","범죄 발생지","","15","26","37","17","8","15","6","7","4","3","1","5","1","3",
"장물","북구","범죄 발생지","","11","8","10","1","4","2","3","3","5","1","-","1","1","1",
"장물","울주군","범죄 발생지","","2","8","10","8","2","9","4","-","1","3","1","1","2","1",
"사기","종로","범죄 발생지","","1917","1875","2038","2054","1790","1704","1563","1761","1920","1839","1539","1510","2064","2638",
"사기","중구","범죄 발생지","","2180","2068","2106","2377","2214","2193","1992","2206","2637","2381","1505","1724","2112","2084",
"사기","용산","범죄 발생지","","1568","1385","1885","1631","1590","1404","1326","1535","1503","1585","1080","1249","1673","2426",
"사기","성동","범죄 발생지","","1088","1244","1590","1552","1491","1185","1767","1493","1695","2057","1457","1616","1866","2963",
"사기","광진","범죄 발생지","","2012","2087","2516","2259","2210","1808","1599","1703","1742","2035","1954","1886","2097","2344",
"사기","동대문","범죄 발생지","","1988","1997","1917","2206","1988","1912","1784","1665","1857","2199","1728","1716","2094","2900",
"사기","중랑","범죄 발생지","","1637","1383","1556","1508","1482","1455","1221","1497","1668","1731","1493","1552","2019","3027",
"사기","성북","범죄 발생지","","1148","1354","1686","1558","1409","1416","1276","1380","1443","1548","1205","1200","2231","3045",
"사기","강북","범죄 발생지","","1741","1741","1703","1571","1560","1348","1266","1591","1879","1745","1185","1665","1764","2601",
"사기","도봉","범죄 발생지","","1114","1265","1207","1055","1115","1021","1043","1149","1241","1319","1162","1218","1306","1956",
"사기","노원","범죄 발생지","","1562","1552","2294","1654","1631","1541","1794","1888","1724","2566","1909","2030","2075","2469",
"사기","은평","범죄 발생지","","1299","1493","1755","1684","1473","1604","1524","1669","2027","2236","1809","1801","2509","3013",
"사기","서대문","범죄 발생지","","1446","3083","2749","1332","1372","1223","1642","1548","1526","1746","1226","1180","1536","2135",
"사기","마포","범죄 발생지","","1442","1621","2037","1952","1910","1795","1729","2111","1922","1980","1736","1640","1903","2957",
"사기","양천","범죄 발생지","","1758","1808","1989","1921","1832","1446","1420","1435","1627","1912","1445","1373","1703","2765",
"사기","강서","범죄 발생지","","2922","2904","2909","2582","2626","2291","2242","2494","2744","2908","2348","2670","2927","4525",
"사기","구로","범죄 발생지","","2139","2452","2320","1895","2126","2118","2038","2141","2231","2619","1908","1887","2120","3471",
"사기","금천","범죄 발생지","","1233","1137","1564","1429","1542","1599","1344","1417","1817","1698","1535","1861","1866","3271",
"사기","영등포","범죄 발생지","","2947","3291","3548","3285","3385","3107","3497","3334","3323","3466","2416","2810","3085","4600",
"사기","동작","범죄 발생지","","1709","1602","2025","1957","1743","1583","1314","1488","1496","1716","1346","1251","1744","2481",
"사기","관악","범죄 발생지","","2212","2190","2707","2478","2519","2489","2306","2536","2698","3031","2839","2934","4235","5117",
"사기","서초","범죄 발생지","","5152","4809","5042","4478","4594","4503","4227","4882","4997","4535","3189","3551","4359","5321",
"사기","강남","범죄 발생지","","8650","8717","8627","7936","7602","7721","7804","8317","8364","8721","6435","7162","8284","11214",
"사기","송파","범죄 발생지","","2905","2594","2865","2936","3040","3061","2931","2919","3460","3813","3088","3595","3834","5584",
"사기","강동","범죄 발생지","","1737","1778","2046","1813","1788","1705","1577","1726","1742","2048","1800","1769","2153","3137",
"사기","중구","범죄 발생지","","569","609","829","698","714","906","802","1385","949","1106","659","604","757","835",
"사기","서구","범죄 발생지","","552","684","723","969","790","575","564","586","977","864","818","881","850","1101",
"사기","동구","범죄 발생지","","935","1143","1253","1097","1072","893","992","1338","1268","1504","1153","1002","938","1170",
"사기","영도","범죄 발생지","","372","1722","471","522","516","690","928","586","595","635","570","595","680","731",
"사기","부산진","범죄 발생지","","2945","3102","3200","2597","2815","2809","2564","2731","3108","3322","3311","3821","3870","4581",
"사기","동래","범죄 발생지","","1225","1551","1753","1249","1247","1232","1195","1288","1786","1957","1664","1841","1663","2221",
"사기","남구","범죄 발생지","","1370","1043","1774","1102","1735","1822","1631","2051","2184","2897","2269","2171","2436","2896",
"사기","북구","범죄 발생지","","822","1038","1173","1176","1142","997","1045","1575","2185","2723","1529","2136","1627","2544",
"사기","해운대","범죄 발생지","","2701","2498","2364","1993","1988","2045","1904","2366","2867","3096","2798","2566","3146","3475",
"사기","사하","범죄 발생지","","1432","1555","1784","1563","1734","1724","1421","1641","1837","1945","1651","1956","2132","2255",
"사기","금정","범죄 발생지","","912","1431","1758","1413","1531","1381","1360","1633","1611","1942","1639","1760","2420","1758",
"사기","강서","범죄 발생지","","3996","625","900","610","771","686","758","903","985","1288","1474","1335","1507","1400",
"사기","연제","범죄 발생지","","1516","1701","1857","1704","1719","1562","1341","1619","2017","3466","2503","2076","2325","2206",
"사기","수영","범죄 발생지","","765","870","988","898","872","995","741","828","821","982","618","709","873","970",
"사기","사상","범죄 발생지","","1299","1542","2400","1829","1644","1707","1602","1729","2311","2746","1763","2342","2297","2171",
"사기","기장군","범죄 발생지","","383","544","555","712","667","681","602","741","962","1353","1324","1390","1540","1535",
"사기","중구","범죄 발생지","","885","1084","1097","1079","1515","925","859","1265","1192","1344","1478","1194","1198","1234",
"사기","동구","범죄 발생지","","2089","1655","1629","1304","1533","1457","1687","1639","2322","2553","2428","2605","2465","2657",
"사기","서구","범죄 발생지","","1093","985","1149","1073","1291","1107","966","1060","1223","1291","1205","930","1386","1396",
"사기","남구","범죄 발생지","","853","873","1069","987","947","995","765","947","1125","1184","1085","913","950","1412",
"사기","북구","범죄 발생지","","1322","1278","1319","1538","1889","1842","1733","1818","2328","2293","2384","2241","2656","3051",
"사기","수성","범죄 발생지","","1813","1842","1937","1948","1750","1713","1939","2195","2695","2967","2300","2240","2545","3586",
"사기","달서","범죄 발생지","","2604","2591","2542","2227","2351","2243","2328","2687","3541","4362","3568","3703","4012","4309",
"사기","달성군","범죄 발생지","","400","520","598","626","689","558","583","680","821","1140","817","1175","1130","1277",
"사기","군위군","범죄 발생지","","","","","","","","","","","","","","35","99",
"사기","중구","범죄 발생지","","516","636","1478","768","803","777","836","1260","1369","1344","978","1100","1385","1596",
"사기","동구","범죄 발생지","","186","220","293","286","238","227","236","261","339","336","234","189","190","261",
"사기","서구","범죄 발생지","","1093","1474","1749","1780","1976","2037","2146","2618","2987","3307","2694","2951","3681","5018",
"사기","미추홀","범죄 발생지","","2409","2438","3557","2942","2435","2444","2161","2373","2765","3291","2625","3329","3529","4240",
"사기","연수","범죄 발생지","","745","885","1196","1076","1156","1178","1241","1434","1553","2031","1803","1978","2660","2805",
"사기","남동","범죄 발생지","","1723","1999","3004","2395","2771","3186","2540","3146","2986","4071","2677","3011","3753","4292",
"사기","부평","범죄 발생지","","1645","1947","2051","2037","2560","2178","2107","2464","2671","2830","2326","2524","3324","3947",
"사기","계양","범죄 발생지","","933","1083","1538","1425","1327","1225","1189","1547","1548","1900","1274","1358","2004","2276",
"사기","강화군","범죄 발생지","","233","247","283","254","228","232","205","228","246","264","335","259","300","398",
"사기","옹진군","범죄 발생지","","52","72","97","80","86","84","73","84","77","79","56","60","92","86",
"사기","동구","범죄 발생지","","941","1061","1021","1189","1146","1210","984","802","954","1010","722","732","878","951",
"사기","서구","범죄 발생지","","1625","1851","2033","1961","2102","1619","1611","2189","2586","2459","2081","2301","2450","3092",
"사기","남구","범죄 발생지","","721","803","884","786","736","733","701","753","843","1059","867","821","1136","1376",
"사기","북구","범죄 발생지","","1967","2440","2219","2256","2005","1739","1606","1935","1984","2431","2089","2138","2501","3582",
"사기","광산","범죄 발생지","","1297","1411","1779","1645","2033","1687","1799","1970","2146","2183","1877","2365","2933","3792",
"사기","중구","범죄 발생지","","989","1689","1390","1411","1643","1612","1288","1564","1667","1942","1560","2159","1886","2843",
"사기","동구","범죄 발생지","","20","377","1073","1212","1087","1154","1210","1401","1852","2098","1959","1589","2064","2543",
"사기","서구","범죄 발생지","","2018","2628","3344","2609","2866","2415","2399","2706","2909","3372","3211","4616","4251","4939",
"사기","유성","범죄 발생지","","905","1040","1318","1104","1062","1475","1181","1438","1734","2010","1642","2320","2842","3003",
"사기","대덕","범죄 발생지","","782","850","1057","851","825","726","750","977","1183","1034","747","1106","1167","1403",
"사기","중구","범죄 발생지","","657","706","900","968","954","965","1031","1255","1348","1845","1138","1046","1526","1304",
"사기","동구","범죄 발생지","","408","558","722","680","740","668","777","858","876","981","760","626","1102","968",
"사기","남구","범죄 발생지","","1769","1877","1894","2095","2427","2059","1979","2307","2632","2698","2181","2229","2917","3039",
"사기","북구","범죄 발생지","","379","494","509","669","750","533","571","700","775","759","861","814","1064","1093",
"사기","울주군","범죄 발생지","","645","853","1115","954","1012","786","952","1156","1231","1313","1197","1014","1400","1937",
"횡령","종로","범죄 발생지","","267","285","378","394","496","536","579","664","687","610","532","838","826","770",
"횡령","중구","범죄 발생지","","329","336","364","554","591","631","633","709","718","661","554","725","825","850",
"횡령","용산","범죄 발생지","","225","230","277","338","477","681","787","693","611","524","403","595","512","628",
"횡령","성동","범죄 발생지","","175","186","184","262","369","333","434","441","499","482","394","497","545","572",
"횡령","광진","범죄 발생지","","278","275","270","310","531","558","540","549","667","659","514","710","751","694",
"횡령","동대문","범죄 발생지","","227","274","256","302","445","464","465","482","669","766","562","624","913","632",
"횡령","중랑","범죄 발생지","","194","240","200","291","348","495","518","530","570","516","445","473","487","478",
"횡령","성북","범죄 발생지","","163","243","256","277","403","484","422","443","361","370","321","456","419","413",
"횡령","강북","범죄 발생지","","193","189","209","197","331","427","326","401","389","346","248","278","296","309",
"횡령","도봉","범죄 발생지","","145","188","159","165","289","276","251","314","319","301","266","284","313","258",
"횡령","노원","범죄 발생지","","229","259","277","296","423","485","506","499","572","560","500","668","621","489",
"횡령","은평","범죄 발생지","","169","234","257","281","396","420","401","401","473","498","425","499","450","475",
"횡령","서대문","범죄 발생지","","196","463","478","299","396","459","561","494","467","421","367","452","491","449",
"횡령","마포","범죄 발생지","","279","386","467","634","731","716","809","918","961","1000","680","890","1129","1038",
"횡령","양천","범죄 발생지","","211","289","325","384","424","489","442","459","452","456","422","443","467","469",
"횡령","강서","범죄 발생지","","372","360","380","414","504","628","653","642","745","615","547","621","711","656",
"횡령","구로","범죄 발생지","","225","315","350","416","587","712","620","613","666","666","633","584","710","614",
"횡령","금천","범죄 발생지","","126","136","176","221","303","368","368","386","382","333","328","426","437","380",
"횡령","영등포","범죄 발생지","","358","413","466","523","755","907","795","895","931","938","702","952","1078","868",
"횡령","동작","범죄 발생지","","193","238","261","330","426","397","485","526","581","541","449","552","586","581",
"횡령","관악","범죄 발생지","","245","295","337","402","552","825","636","685","841","816","590","781","856","876",
"횡령","서초","범죄 발생지","","601","630","737","812","867","1033","1021","1051","1190","943","756","938","1188","1204",
"횡령","강남","범죄 발생지","","960","1100","1157","1155","1479","1617","1494","1681","1696","1719","1391","1815","1929","1715",
"횡령","송파","범죄 발생지","","420","409","468","471","1223","1325","1537","1539","1513","1300","1061","1100","1187","1111",
"횡령","강동","범죄 발생지","","184","184","261","244","405","479","484","454","459","482","406","477","454","458",
"횡령","중구","범죄 발생지","","66","72","102","91","130","119","128","188","221","155","106","157","177","266",
"횡령","서구","범죄 발생지","","48","56","97","89","93","74","85","56","118","77","81","102","135","160",
"횡령","동구","범죄 발생지","","100","123","114","156","147","136","127","147","177","219","155","191","208","214",
"횡령","영도","범죄 발생지","","31","45","62","53","68","76","85","83","84","75","68","92","93","860",
"횡령","부산진","범죄 발생지","","265","294","451","402","454","526","799","773","874","843","670","858","1062","830",
"횡령","동래","범죄 발생지","","144","158","229","180","245","186","223","209","288","256","290","328","310","315",
"횡령","남구","범죄 발생지","","113","112","177","144","192","174","184","182","248","244","225","345","354","371",
"횡령","북구","범죄 발생지","","91","80","154","159","171","165","165","167","206","242","187","197","200","228",
"횡령","해운대","범죄 발생지","","270","340","321","306","364","425","477","470","417","408","368","457","505","457",
"횡령","사하","범죄 발생지","","183","168","192","214","263","243","228","233","252","292","236","331","323","291",
"횡령","금정","범죄 발생지","","129","193","179","277","216","189","175","221","227","210","170","265","285","251",
"횡령","강서","범죄 발생지","","73","83","96","107","107","126","130","171","134","140","149","175","223","274",
"횡령","연제","범죄 발생지","","130","158","261","181","218","167","202","241","235","299","234","324","305","270",
"횡령","수영","범죄 발생지","","72","113","227","107","119","139","108","143","176","172","181","271","308","331",
"횡령","사상","범죄 발생지","","145","123","269","192","191","209","201","216","159","220","199","262","291","244",
"횡령","기장군","범죄 발생지","","58","45","83","94","103","127","148","194","165","163","164","174","171","255",
"횡령","중구","범죄 발생지","","119","135","106","132","207","246","329","288","432","324","308","391","464","337",
"횡령","동구","범죄 발생지","","147","161","182","182","293","335","389","418","466","456","440","500","498","661",
"횡령","서구","범죄 발생지","","85","96","103","95","133","149","159","150","187","173","149","201","188","237",
"횡령","남구","범죄 발생지","","67","80","100","91","142","129","168","196","195","278","228","273","228","176",
"횡령","북구","범죄 발생지","","170","125","157","194","260","313","286","337","396","379","355","392","384","349",
"횡령","수성","범죄 발생지","","151","178","216","228","281","293","292","311","380","334","304","375","380","417",
"횡령","달서","범죄 발생지","","252","249","307","286","417","425","400","476","558","506","435","428","396","423",
"횡령","달성군","범죄 발생지","","49","60","56","64","84","82","101","106","121","94","122","159","151","230",
"횡령","군위군","범죄 발생지","","","","","","","","","","","","","","3","11",
"횡령","중구","범죄 발생지","","200","144","162","151","235","281","319","406","510","448","279","351","827","1096",
"횡령","동구","범죄 발생지","","25","27","37","48","51","62","46","55","81","67","92","58","90","74",
"횡령","서구","범죄 발생지","","177","216","408","391","476","461","486","582","660","637","566","821","950","841",
"횡령","미추홀","범죄 발생지","","244","306","403","408","479","473","490","595","855","912","707","728","781","679",
"횡령","연수","범죄 발생지","","100","133","186","207","267","249","237","257","297","430","421","477","671","566",
"횡령","남동","범죄 발생지","","199","261","388","424","443","462","434","544","721","700","659","688","836","751",
"횡령","부평","범죄 발생지","","219","319","391","385","541","659","579","687","731","703","639","739","719","740",
"횡령","계양","범죄 발생지","","115","139","235","245","279","348","303","240","319","348","278","278","294","299",
"횡령","강화군","범죄 발생지","","26","20","40","33","55","56","44","64","76","43","47","64","48","57",
"횡령","옹진군","범죄 발생지","","6","18","14","10","18","16","11","8","11","14","11","10","16","9",
"횡령","동구","범죄 발생지","","112","117","147","211","247","265","280","290","240","213","180","234","251","236",
"횡령","서구","범죄 발생지","","185","217","257","312","351","396","344","313","366","435","376","451","415","427",
"횡령","남구","범죄 발생지","","87","95","104","140","123","166","129","135","142","148","173","151","175","161",
"횡령","북구","범죄 발생지","","281","233","250","344","362","385","366","386","500","474","415","472","436","436",
"횡령","광산","범죄 발생지","","167","243","266","311","371","343","407","406","496","436","418","382","379","428",
"횡령","중구","범죄 발생지","","123","188","203","212","304","386","351","314","255","289","347","375","288","288",
"횡령","동구","범죄 발생지","","2","40","135","142","182","228","233","241","202","233","218","239","279","243",
"횡령","서구","범죄 발생지","","223","270","305","352","421","383","393","446","445","411","375","428","474","528",
"횡령","유성","범죄 발생지","","145","125","129","221","222","249","252","270","210","222","182","265","305","290",
"횡령","대덕","범죄 발생지","","94","81","111","96","108","139","133","117","165","151","124","168","135","138",
"횡령","중구","범죄 발생지","","57","83","62","89","157","140","152","123","131","118","102","138","122","126",
"횡령","동구","범죄 발생지","","35","54","51","66","95","109","98","116","96","107","128","120","109","125",
"횡령","남구","범죄 발생지","","228","221","238","277","329","415","431","335","357","326","293","306","362","386",
"횡령","북구","범죄 발생지","","59","40","50","53","81","69","83","86","87","87","94","106","94","90",
"횡령","울주군","범죄 발생지","","70","113","134","101","153","113","132","158","142","132","131","116","170","204",
"배임","종로","범죄 발생지","","56","51","44","51","69","53","44","61","47","54","33","27","36","42",
"배임","중구","범죄 발생지","","68","67","48","81","87","62","101","75","77","59","58","44","44","52",
"배임","용산","범죄 발생지","","36","28","39","46","55","36","46","40","36","35","26","32","39","54",
"배임","성동","범죄 발생지","","35","33","37","51","49","43","43","32","36","25","28","31","32","32",
"배임","광진","범죄 발생지","","42","38","39","48","49","26","44","30","25","28","26","17","24","27",
"배임","동대문","범죄 발생지","","47","37","39","45","53","54","33","35","34","41","26","33","31","26",
"배임","중랑","범죄 발생지","","28","29","24","30","31","24","16","18","22","12","8","8","10","20",
"배임","성북","범죄 발생지","","42","35","27","43","41","42","27","26","24","17","15","18","17","31",
"배임","강북","범죄 발생지","","25","32","29","28","23","22","12","23","19","23","10","11","15","18",
"배임","도봉","범죄 발생지","","15","32","20","21","41","17","20","24","19","21","10","19","7","9",
"배임","노원","범죄 발생지","","35","46","32","39","36","18","30","25","26","19","14","19","19","16",
"배임","은평","범죄 발생지","","19","33","24","31","32","29","23","24","28","32","19","36","24","28",
"배임","서대문","범죄 발생지","","28","44","54","38","38","30","34","44","21","23","23","21","17","18",
"배임","마포","범죄 발생지","","46","40","43","74","54","70","56","52","57","38","52","93","53","47",
"배임","양천","범죄 발생지","","41","41","49","47","44","51","38","25","42","28","21","27","61","24",
"배임","강서","범죄 발생지","","77","57","57","49","36","55","33","51","48","49","40","33","41","43",
"배임","구로","범죄 발생지","","47","36","67","46","37","30","43","45","52","39","28","20","23","24",
"배임","금천","범죄 발생지","","34","27","34","41","42","42","41","40","36","48","31","37","29","32",
"배임","영등포","범죄 발생지","","78","75","64","87","109","98","73","90","88","84","58","61","62","82",
"배임","동작","범죄 발생지","","34","51","172","36","39","43","33","22","36","25","22","21","23","25",
"배임","관악","범죄 발생지","","32","31","30","31","33","32","35","27","26","29","12","22","22","41",
"배임","서초","범죄 발생지","","158","184","141","152","160","139","149","142","171","127","106","97","291","293",
"배임","강남","범죄 발생지","","244","226","209","290","242","206","221","283","239","200","223","210","268","307",
"배임","송파","범죄 발생지","","72","49","62","65","91","61","103","122","95","80","54","74","68","94",
"배임","강동","범죄 발생지","","31","48","28","46","45","34","34","43","45","30","17","18","23","22",
"배임","중구","범죄 발생지","","10","7","10","32","29","7","8","9","33","9","7","15","24","7",
"배임","서구","범죄 발생지","","4","12","6","19","24","19","12","14","11","9","6","21","13","14",
"배임","동구","범죄 발생지","","13","15","10","24","24","11","9","23","16","13","10","22","18","25",
"배임","영도","범죄 발생지","","10","11","5","10","26","6","10","11","11","13","6","10","71","12",
"배임","부산진","범죄 발생지","","31","31","35","43","49","57","45","41","49","59","29","31","36","52",
"배임","동래","범죄 발생지","","21","21","17","29","15","22","13","26","33","32","18","13","14","19",
"배임","남구","범죄 발생지","","28","17","24","15","27","15","25","29","40","26","25","18","34","25",
"배임","북구","범죄 발생지","","17","10","11","13","25","29","23","14","21","15","12","14","11","14",
"배임","해운대","범죄 발생지","","126","20","60","53","43","68","74","54","61","46","50","54","48","42",
"배임","사하","범죄 발생지","","18","34","23","41","33","47","31","34","26","38","15","14","22","21",
"배임","금정","범죄 발생지","","24","28","13","40","12","20","18","20","42","33","14","13","18","15",
"배임","강서","범죄 발생지","","16","12","15","20","17","23","20","14","31","17","13","13","20","20",
"배임","연제","범죄 발생지","","19","29","23","40","33","30","30","28","39","40","22","16","40","29",
"배임","수영","범죄 발생지","","16","10","16","16","19","18","27","6","19","11","13","18","15","12",
"배임","사상","범죄 발생지","","21","15","14","24","33","26","23","25","26","28","14","12","11","24",
"배임","기장군","범죄 발생지","","9","128","12","35","17","19","15","17","18","17","19","15","16","16",
"배임","중구","범죄 발생지","","11","10","14","19","12","12","13","6","12","12","11","24","10","14",
"배임","동구","범죄 발생지","","16","17","15","16","13","15","16","25","22","21","11","16","16","24",
"배임","서구","범죄 발생지","","5","5","8","8","13","15","18","15","29","17","12","14","7","12",
"배임","남구","범죄 발생지","","10","5","11","8","13","7","13","7","7","9","13","3","3","6",
"배임","북구","범죄 발생지","","11","20","22","23","29","22","19","19","30","30","18","16","15","10",
"배임","수성","범죄 발생지","","16","27","35","51","36","48","34","48","46","34","35","41","39","27",
"배임","달서","범죄 발생지","","38","37","21","45","47","53","52","40","45","26","30","24","25","28",
"배임","달성군","범죄 발생지","","6","8","5","16","11","20","23","9","10","6","8","11","17","21",
"배임","군위군","범죄 발생지","","","","","","","","","","","","","","-","2",
"배임","중구","범죄 발생지","","31","11","19","37","30","23","24","35","18","12","15","15","18","23",
"배임","동구","범죄 발생지","","4","3","8","4","5","1","3","7","9","3","3","3","5","4",
"배임","서구","범죄 발생지","","31","25","33","62","35","38","32","52","43","51","34","43","44","42",
"배임","미추홀","범죄 발생지","","41","47","63","39","33","47","34","41","43","28","31","18","37","23",
"배임","연수","범죄 발생지","","10","12","31","22","20","47","33","29","23","34","32","32","48","31",
"배임","남동","범죄 발생지","","33","34","47","65","36","48","30","35","38","25","26","42","38","31",
"배임","부평","범죄 발생지","","47","25","32","26","28","35","29","29","42","19","19","32","28","35",
"배임","계양","범죄 발생지","","16","20","18","17","17","29","14","19","11","11","23","13","15","11",
"배임","강화군","범죄 발생지","","3","15","10","10","7","8","7","13","8","8","11","1","3","1",
"배임","옹진군","범죄 발생지","","1","-","2","3","6","2","4","2","6","-","-","1","-","1",
"배임","동구","범죄 발생지","","28","16","12","26","27","24","17","30","29","19","12","15","20","14",
"배임","서구","범죄 발생지","","20","23","14","35","41","51","32","35","33","42","18","33","37","47",
"배임","남구","범죄 발생지","","14","12","18","13","13","16","4","15","20","15","24","26","18","26",
"배임","북구","범죄 발생지","","31","22","21","72","43","33","24","37","38","40","27","30","27","24",
"배임","광산","범죄 발생지","","22","16","20","40","32","39","16","18","51","30","17","19","15","26",
"배임","중구","범죄 발생지","","12","25","5","31","9","11","13","14","17","22","17","22","11","11",
"배임","동구","범죄 발생지","","-","3","15","13","19","11","13","8","9","11","9","6","12","7",
"배임","서구","범죄 발생지","","40","43","34","38","39","39","35","40","36","35","32","43","26","31",
"배임","유성","범죄 발생지","","22","11","22","26","24","27","37","24","41","34","50","43","35","39",
"배임","대덕","범죄 발생지","","12","19","7","10","8","10","6","9","9","10","7","7","7","5",
"배임","중구","범죄 발생지","","10","9","5","21","14","17","15","5","13","16","12","15","15","19",
"배임","동구","범죄 발생지","","9","9","11","20","40","13","19","6","16","17","7","12","9","1",
"배임","남구","범죄 발생지","","28","62","48","38","51","62","69","50","44","62","293","37","25","23",
"배임","북구","범죄 발생지","","8","10","18","33","12","16","17","9","6","9","13","6","14","9",
"배임","울주군","범죄 발생지","","11","16","30","25","33","18","31","28","31","17","28","32","15","20",
"손괴","종로","범죄 발생지","","369","353","373","398","369","391","407","327","353","328","345","335","332","270",
"손괴","중구","범죄 발생지","","350","388","332","346","330","367","313","306","339","338","308","369","286","229",
"손괴","용산","범죄 발생지","","439","360","414","405","388","453","433","357","339","326","284","403","420","405",
"손괴","성동","범죄 발생지","","300","320","222","305","314","277","261","240","284","233","244","219","211","253",
"손괴","광진","범죄 발생지","","562","577","530","525","493","473","393","432","363","416","318","401","376","312",
"손괴","동대문","범죄 발생지","","436","457","449","399","423","412","339","277","304","352","329","363","316","267",
"손괴","중랑","범죄 발생지","","613","614","490","575","589","571","567","553","543","481","403","442","428","335",
"손괴","성북","범죄 발생지","","409","390","394","407","445","436","413","328","284","286","295","286","268","249",
"손괴","강북","범죄 발생지","","387","321","330","344","404","439","295","285","437","339","242","300","252","201",
"손괴","도봉","범죄 발생지","","261","270","278","264","250","240","242","323","275","322","225","229","161","180",
"손괴","노원","범죄 발생지","","359","417","428","453","486","509","488","539","512","561","521","567","338","242",
"손괴","은평","범죄 발생지","","552","535","547","564","471","528","414","447","442","419","375","438","426","360",
"손괴","서대문","범죄 발생지","","359","845","687","427","445","431","383","353","361","345","278","262","241","211",
"손괴","마포","범죄 발생지","","448","593","503","525","542","592","556","558","408","374","397","516","328","308",
"손괴","양천","범죄 발생지","","508","462","549","479","506","419","453","438","362","391","362","406","363","327",
"손괴","강서","범죄 발생지","","586","510","519","490","549","547","548","584","584","552","426","479","370","353",
"손괴","구로","범죄 발생지","","457","532","466","453","531","506","480","514","463","487","431","430","374","333",
"손괴","금천","범죄 발생지","","327","343","341","340","319","325","291","293","322","322","259","270","211","185",
"손괴","영등포","범죄 발생지","","646","633","530","593","568","621","585","618","638","542","536","544","477","427",
"손괴","동작","범죄 발생지","","328","350","353","365","366","301","306","313","401","355","329","337","276","197",
"손괴","관악","범죄 발생지","","638","629","686","692","625","704","675","543","459","532","565","576","540","405",
"손괴","서초","범죄 발생지","","416","474","435","385","419","363","396","463","468","484","367","401","420","358",
"손괴","강남","범죄 발생지","","941","936","850","778","746","677","729","731","667","709","635","768","650","617",
"손괴","송파","범죄 발생지","","786","743","657","725","646","620","545","574","648","615","534","549","493","419",
"손괴","강동","범죄 발생지","","515","485","476","515","535","483","505","505","448","395","386","400","348","273",
"손괴","중구","범죄 발생지","","90","116","126","121","119","141","132","118","148","107","120","132","120","109",
"손괴","서구","범죄 발생지","","171","135","156","136","147","141","154","123","132","106","130","106","128","102",
"손괴","동구","범죄 발생지","","153","151","150","193","172","150","138","109","182","142","113","144","161","116",
"손괴","영도","범죄 발생지","","137","153","124","120","135","122","94","118","108","127","117","108","107","103",
"손괴","부산진","범죄 발생지","","452","544","483","480","485","491","471","479","571","622","561","644","562","637",
"손괴","동래","범죄 발생지","","352","357","314","318","274","241","257","249","285","281","255","237","281","241",
"손괴","남구","범죄 발생지","","208","243","253","247","255","275","254","278","336","255","213","237","225","240",
"손괴","북구","범죄 발생지","","224","296","264","267","253","232","261","258","283","299","246","229","208","205",
"손괴","해운대","범죄 발생지","","384","385","410","374","369","360","436","330","290","337","391","391","348","318",
"손괴","사하","범죄 발생지","","316","372","391","317","271","272","323","350","320","303","310","328","278","281",
"손괴","금정","범죄 발생지","","277","329","341","323","261","193","213","220","237","231","194","216","180","205",
"손괴","강서","범죄 발생지","","52","90","67","59","94","85","96","85","100","66","78","115","123","97",
"손괴","연제","범죄 발생지","","192","236","223","234","214","202","257","222","237","258","210","214","233","204",
"손괴","수영","범죄 발생지","","200","199","192","236","215","234","241","225","219","203","198","226","216","232",
"손괴","사상","범죄 발생지","","220","254","251","252","247","219","257","228","251","257","264","259","214","215",
"손괴","기장군","범죄 발생지","","114","100","112","146","142","117","131","149","126","152","116","153","131","122",
"손괴","중구","범죄 발생지","","257","231","208","226","249","207","182","206","263","245","208","257","257","199",
"손괴","동구","범죄 발생지","","490","448","454","463","440","465","408","416","436","452","365","363","455","387",
"손괴","서구","범죄 발생지","","447","368","393","372","412","312","305","352","312","317","246","309","255","218",
"손괴","남구","범죄 발생지","","350","313","238","281","260","242","197","260","243","244","257","219","168","190",
"손괴","북구","범죄 발생지","","588","670","528","475","392","406","358","378","423","470","467","467","419","326",
"손괴","수성","범죄 발생지","","526","552","463","431","427","403","438","393","354","345","335","359","374","308",
"손괴","달서","범죄 발생지","","874","891","763","741","731","696","616","549","587","590","531","538","485","420",
"손괴","달성군","범죄 발생지","","128","99","111","124","117","140","147","158","189","157","178","209","196","150",
"손괴","군위군","범죄 발생지","","","","","","","","","","","","","","7","20",
"손괴","중구","범죄 발생지","","134","136","129","158","164","174","160","169","176","186","168","203","195","170",
"손괴","동구","범죄 발생지","","37","61","56","69","73","69","46","71","83","50","52","47","49","44",
"손괴","서구","범죄 발생지","","340","434","500","595","586","517","525","589","535","554","534","592","659","423",
"손괴","미추홀","범죄 발생지","","476","535","547","574","580","680","717","663","581","501","500","459","411","417",
"손괴","연수","범죄 발생지","","250","244","257","240","262","286","326","261","288","297","285","317","260","232",
"손괴","남동","범죄 발생지","","448","598","540","586","656","783","635","682","640","628","503","447","423","415",
"손괴","부평","범죄 발생지","","546","671","581","628","632","742","720","696","728","786","698","627","647","530",
"손괴","계양","범죄 발생지","","295","333","336","334","336","317","237","341","346","286","274","291","311","221",
"손괴","강화군","범죄 발생지","","62","63","68","63","67","88","81","91","86","79","94","99","105","89",
"손괴","옹진군","범죄 발생지","","13","28","29","23","17","16","15","12","15","15","26","20","16","18",
"손괴","동구","범죄 발생지","","291","277","224","243","216","175","192","170","189","142","133","130","133","130",
"손괴","서구","범죄 발생지","","548","494","497","493","449","390","340","314","357","313","286","328","308","303",
"손괴","남구","범죄 발생지","","304","263","242","251","229","233","189","199","232","225","204","198","196","172",
"손괴","북구","범죄 발생지","","772","712","623","601","468","365","364","379","380","441","489","432","465","326",
"손괴","광산","범죄 발생지","","542","497","348","428","434","393","393","365","355","328","370","370","369","416",
"손괴","중구","범죄 발생지","","339","514","348","349","405","281","272","266","211","257","252","278","271","280",
"손괴","동구","범죄 발생지","","3","140","305","266","305","292","329","261","253","322","257","326","269","235",
"손괴","서구","범죄 발생지","","583","643","646","543","571","474","476","523","559","565","532","551","510","448",
"손괴","유성","범죄 발생지","","222","225","252","245","288","221","197","235","237","249","323","367","339","239",
"손괴","대덕","범죄 발생지","","257","212","237","203","239","275","195","215","220","243","198","180","146","146",
"손괴","중구","범죄 발생지","","273","323","351","351","300","289","273","277","249","225","209","161","153","139",
"손괴","동구","범죄 발생지","","165","186","194","250","249","221","236","235","224","171","179","160","180","196",
"손괴","남구","범죄 발생지","","741","606","698","440","551","577","413","407","438","417","369","392","439","348",
"손괴","북구","범죄 발생지","","115","152","139","162","161","142","152","139","163","164","147","181","193","175",
"손괴","울주군","범죄 발생지","","280","243","270","255","269","272","224","206","184","185","180","191","226","202",
"살인","종로","범죄 발생지","","8","5","4","2","6","6","6","7","4","8","5","1","4","1",
"살인","중구","범죄 발생지","","3","5","1","6","3","3","","2","5","2","6","2","5","5",
"살인","용산","범죄 발생지","","13","7","3","1","5","4","1","1","3","5","3","5","3","10",
"살인","성동","범죄 발생지","","7","3","2","1","4","4","1","2","6","5","4","2","2","5",
"살인","광진","범죄 발생지","","11","6","4","8","4","6","6","7","4","2","5","6","2","2",
"살인","동대문","범죄 발생지","","14","11","10","12","6","5","11","5","7","10","3","4","5","7",
"살인","중랑","범죄 발생지","","10","9","6","11","13","8","5","4","10","10","4","2","6","5",
"살인","성북","범죄 발생지","","8","9","4","8","5","4","7","8","3","4","4","2","1","2",
"살인","강북","범죄 발생지","","7","3","2","6","6","7","8","8","6","9","4","7","7","6",
"살인","도봉","범죄 발생지","","10","8","3","6","4","3","2","1","1","-","2","3","7","7",
"살인","노원","범죄 발생지","","8","2","7","5","10","5","4","5","4","4","6","3","7","7",
"살인","은평","범죄 발생지","","14","7","9","5","3","6","6","8","3","4","5","4","7","9",
"살인","서대문","범죄 발생지","","6","14","16","3","2","6","4","5","2","15","3","4","5","3",
"살인","마포","범죄 발생지","","3","4","3","4","8","4","3","6","2","8","7","2","3","4",
"살인","양천","범죄 발생지","","4","5","3","5","4","5","3","2","7","5","1","8","5","4",
"살인","강서","범죄 발생지","","18","15","14","8","7","10","11","11","8","10","9","4","1","5",
"살인","구로","범죄 발생지","","12","9","8","4","8","9","8","8","10","7","5","12","14","7",
"살인","금천","범죄 발생지","","11","6","5","8","2","6","5","5","6","4","7","2","4","6",
"살인","영등포","범죄 발생지","","18","18","15","13","14","13","15","20","10","7","7","5","12","11",
"살인","동작","범죄 발생지","","5","3","6","2","5","8","3","2","5","3","3","3","4","1",
"살인","관악","범죄 발생지","","22","8","7","7","10","6","8","10","12","13","8","9","17","4",
"살인","서초","범죄 발생지","","9","3","2","6","8","5","10","5","5","5","6","3","7","10",
"살인","강남","범죄 발생지","","23","9","12","12","12","5","7","12","9","6","13","12","15","16",
"살인","송파","범죄 발생지","","8","11","4","9","11","10","6","5","8","8","3","2","8","5",
"살인","강동","범죄 발생지","","7","5","9","5","4","4","5","3","6","3","4","5","4","3",
"살인","중구","범죄 발생지","","2","1","1","4","3","6","1","1","3","1","3","-","2","1",
"살인","서구","범죄 발생지","","5","6","2","5","2","1","2","3","1","2","1","3","3","3",
"살인","동구","범죄 발생지","","5","2","3","4","5","7","4","-","-","2","2","1","4","2",
"살인","영도","범죄 발생지","","5","9","7","3","2","5","1","5","4","-","4","3","5","2",
"살인","부산진","범죄 발생지","","9","8","3","7","9","7","9","1","8","3","2","7","6","4",
"살인","동래","범죄 발생지","","5","1","5","2","4","3","3","3","4","5","2","1","1","3",
"살인","남구","범죄 발생지","","16","7","4","3","4","6","8","3","5","4","4","3","1","4",
"살인","북구","범죄 발생지","","9","7","12","6","3","6","4","6","1","6","5","3","6","5",
"살인","해운대","범죄 발생지","","10","5","9","9","4","5","5","3","3","5","4","4","3","2",
"살인","사하","범죄 발생지","","4","12","12","6","8","9","9","4","10","6","4","6","2","5",
"살인","금정","범죄 발생지","","3","3","3","4","4","4","1","4","10","2","5","5","4","4",
"살인","강서","범죄 발생지","","3","4","1","1","1","2","2","2","1","3","2","5","2","3",
"살인","연제","범죄 발생지","","5","3","3","2","2","2","1","5","3","3","3","1","2","8",
"살인","수영","범죄 발생지","","6","5","-","1","1","1","5","5","3","5","1","2","3","2",
"살인","사상","범죄 발생지","","15","9","8","12","6","9","7","6","9","8","4","6","6","5",
"살인","기장군","범죄 발생지","","5","2","5","2","3","2","1","3","1","1","1","3","3","1",
"살인","중구","범죄 발생지","","6","1","-","6","2","-","4","1","1","1","3","5","1","2",
"살인","동구","범죄 발생지","","6","4","9","6","5","3","6","11","8","10","5","4","5","4",
"살인","서구","범죄 발생지","","5","9","8","7","5","7","4","3","-","1","1","1","1","3",
"살인","남구","범죄 발생지","","5","2","5","-","4","3","1","4","4","2","2","1","4","-",
"살인","북구","범죄 발생지","","5","3","4","4","10","3","6","3","6","5","2","6","4","4",
"살인","수성","범죄 발생지","","1","4","6","5","5","3","8","2","7","1","7","5","4","8",
"살인","달서","범죄 발생지","","6","9","6","6","9","8","12","7","10","6","4","6","5","8",
"살인","달성군","범죄 발생지","","3","1","3","2","1","2","7","2","6","3","2","3","-","4",
"살인","군위군","범죄 발생지","","","","","","","","","","","","","","-","-",
"살인","중구","범죄 발생지","","7","3","2","6","3","2","2","2","2","4","5","5","2","3",
"살인","동구","범죄 발생지","","2","2","2","-","2","1","","1","1","1","-","1","-","1",
"살인","서구","범죄 발생지","","15","7","7","5","4","9","4","9","6","5","5","9","5","8",
"살인","미추홀","범죄 발생지","","11","11","6","11","10","12","5","6","10","12","7","12","7","14",
"살인","연수","범죄 발생지","","1","3","3","5","4","6","2","2","8","2","4","3","6","7",
"살인","남동","범죄 발생지","","17","10","5","16","16","5","6","9","11","3","16","9","14","9",
"살인","부평","범죄 발생지","","7","8","9","4","9","5","6","11","6","7","4","6","4","7",
"살인","계양","범죄 발생지","","5","5","2","3","2","8","7","3","5","1","3","4","3","4",
"살인","강화군","범죄 발생지","","3","1","1","1","-","-","4","1","2","1","1","3","2","1",
"살인","옹진군","범죄 발생지","","1","-","2","-","2","-","","-","-","2","1","2","-","1",
"살인","동구","범죄 발생지","","3","2","2","2","3","3","3","-","3","1","3","-","4","1",
"살인","서구","범죄 발생지","","10","9","6","7","5","2","","4","4","3","4","-","2","4",
"살인","남구","범죄 발생지","","2","4","2","1","1","1","1","4","3","3","1","-","3","2",
"살인","북구","범죄 발생지","","5","11","4","6","5","6","4","7","6","2","2","-","10","5",
"살인","광산","범죄 발생지","","5","2","9","3","4","5","3","7","2","4","1","3","5","4",
"살인","중구","범죄 발생지","","8","6","2","2","4","3","5","6","5","2","4","10","6","-",
"살인","동구","범죄 발생지","","-","4","5","10","6","7","7","-","3","1","6","2","5","7",
"살인","서구","범죄 발생지","","6","9","13","7","2","4","3","5","4","11","6","1","2","10",
"살인","유성","범죄 발생지","","3","2","4","4","7","5","5","3","6","4","2","3","4","8",
"살인","대덕","범죄 발생지","","7","7","6","7","6","6","2","1","-","-","1","3","4","2",
"살인","중구","범죄 발생지","","4","7","4","5","4","5","6","1","8","2","3","2","6","8",
"살인","동구","범죄 발생지","","2","3","4","2","4","1","2","3","3","2","1","-","3","5",
"살인","남구","범죄 발생지","","13","5","6","8","4","8","2","5","3","4","6","5","8","3",
"살인","북구","범죄 발생지","","4","3","1","3","6","3","4","2","1","2","3","3","2","2",
"살인","울주군","범죄 발생지","","5","5","3","5","5","5","3","-","4","2","2","5","3","7",
"강도","종로","범죄 발생지","","39","16","11","11","11","11","10","3","8","7","4","8","5","5",
"강도","중구","범죄 발생지","","22","14","16","14","9","8","9","11","6","5","6","5","6","5",
"강도","용산","범죄 발생지","","49","32","24","7","13","9","5","3","6","6","1","7","3","4",
"강도","성동","범죄 발생지","","23","10","8","5","9","3","3","3","9","3","4","2","3","2",
"강도","광진","범죄 발생지","","49","26","8","16","14","11","13","3","6","4","4","-","5","6",
"강도","동대문","범죄 발생지","","70","26","22","13","13","10","3","5","12","6","8","2","4","4",
"강도","중랑","범죄 발생지","","43","32","17","14","11","14","3","3","4","5","6","2","2","2",
"강도","성북","범죄 발생지","","27","19","14","16","5","8","8","1","3","3","2","1","1","1",
"강도","강북","범죄 발생지","","32","24","15","21","14","5","7","7","2","4","2","5","1","-",
"강도","도봉","범죄 발생지","","29","13","10","11","9","5","3","4","6","2","2","-","4","-",
"강도","노원","범죄 발생지","","26","15","14","8","7","6","9","5","3","4","3","3","3","3",
"강도","은평","범죄 발생지","","28","24","14","24","9","9","4","1","1","4","3","9","3","1",
"강도","서대문","범죄 발생지","","25","32","26","4","5","5","1","3","5","2","2","2","-","-",
"강도","마포","범죄 발생지","","22","17","20","22","12","4","8","6","2","4","4","2","4","4",
"강도","양천","범죄 발생지","","28","17","16","12","6","7","3","4","5","3","3","3","2","1",
"강도","강서","범죄 발생지","","43","33","26","9","13","10","4","6","4","7","2","7","6","6",
"강도","구로","범죄 발생지","","38","24","20","12","15","11","8","9","4","5","3","8","7","-",
"강도","금천","범죄 발생지","","25","24","10","9","6","7","4","5","12","7","3","3","5","3",
"강도","영등포","범죄 발생지","","52","28","22","11","22","19","5","8","5","6","11","10","9","6",
"강도","동작","범죄 발생지","","22","15","9","10","10","7","6","7","1","1","1","5","3","1",
"강도","관악","범죄 발생지","","61","47","29","25","12","12","8","12","11","3","7","9","10","3",
"강도","서초","범죄 발생지","","41","13","16","15","9","13","13","5","5","8","5","4","9","5",
"강도","강남","범죄 발생지","","77","51","30","36","22","39","20","14","6","15","25","12","22","17",
"강도","송파","범죄 발생지","","51","23","17","10","13","15","1","6","9","13","9","6","9","4",
"강도","강동","범죄 발생지","","35","21","19","10","6","13","10","6","14","16","5","5","5","4",
"강도","중구","범죄 발생지","","18","9","2","7","10","10","7","2","4","-","2","5","2","1",
"강도","서구","범죄 발생지","","53","10","8","6","6","2","3","6","4","1","2","1","3","1",
"강도","동구","범죄 발생지","","22","18","10","3","8","8","4","4","10","-","-","3","4","5",
"강도","영도","범죄 발생지","","19","10","6","5","4","7","3","2","5","-","1","1","1","1",
"강도","부산진","범죄 발생지","","62","38","17","21","21","16","13","17","16","9","5","5","6","8",
"강도","동래","범죄 발생지","","29","21","21","7","25","21","7","6","6","2","1","1","-","4",
"강도","남구","범죄 발생지","","31","21","23","6","11","5","11","5","2","4","3","3","1","1",
"강도","북구","범죄 발생지","","27","23","18","6","14","12","8","3","3","4","7","2","-","2",
"강도","해운대","범죄 발생지","","34","34","23","18","12","11","7","3","5","-","10","9","4","1",
"강도","사하","범죄 발생지","","29","22","27","18","9","7","6","8","4","-","2","4","-","3",
"강도","금정","범죄 발생지","","19","17","8","3","3","6","4","8","12","2","2","5","-","4",
"강도","강서","범죄 발생지","","10","5","6","1","1","3","1","1","-","3","3","1","-","2",
"강도","연제","범죄 발생지","","14","15","18","1","12","10","6","7","3","4","3","2","2","4",
"강도","수영","범죄 발생지","","26","7","10","4","9","6","7","5","4","2","3","1","1","1",
"강도","사상","범죄 발생지","","42","38","26","20","17","10","13","8","4","6","7","1","3","1",
"강도","기장군","범죄 발생지","","5","9","1","6","6","4","2","2","1","1","-","1","1","-",
"강도","중구","범죄 발생지","","19","12","8","7","4","2","4","3","4","3","5","3","1","1",
"강도","동구","범죄 발생지","","15","8","21","21","8","8","6","11","5","10","2","8","3","10",
"강도","서구","범죄 발생지","","28","19","12","11","6","6","4","3","7","6","3","2","3","2",
"강도","남구","범죄 발생지","","27","19","10","4","4","5","7","5","2","4","3","6","5","-",
"강도","북구","범죄 발생지","","27","16","10","9","8","9","3","3","3","5","4","9","3","2",
"강도","수성","범죄 발생지","","32","12","18","5","9","11","6","8","4","-","-","1","7","-",
"강도","달서","범죄 발생지","","42","16","31","9","18","8","9","14","8","6","4","3","5","1",
"강도","달성군","범죄 발생지","","2","2","-","2","4","5","","1","2","1","2","-","1","-",
"강도","군위군","범죄 발생지","","","","","","","","","","","","","","-","-",
"강도","중구","범죄 발생지","","33","10","12","7","4","1","5","4","6","5","3","2","1","4",
"강도","동구","범죄 발생지","","7","4","8","2","5","1","3","-","-","-","-","1","2","-",
"강도","서구","범죄 발생지","","35","20","16","16","5","14","10","7","5","4","3","4","3","6",
"강도","미추홀","범죄 발생지","","49","27","38","26","27","17","23","8","10","7","9","9","11","8",
"강도","연수","범죄 발생지","","27","9","7","4","5","8","2","3","7","5","1","1","5","2",
"강도","남동","범죄 발생지","","31","32","18","17","26","19","15","-","12","10","4","6","14","4",
"강도","부평","범죄 발생지","","46","26","11","28","21","14","8","12","15","10","12","5","17","8",
"강도","계양","범죄 발생지","","22","8","6","12","10","14","7","3","5","5","2","2","7","1",
"강도","강화군","범죄 발생지","","1","-","1","-","1","1","","-","-","1","-","-","1","-",
"강도","옹진군","범죄 발생지","","-","-","-","-","-","-","","-","-","-","-","-","-","-",
"강도","동구","범죄 발생지","","9","12","8","15","6","9","5","2","4","7","2","2","2","3",
"강도","서구","범죄 발생지","","51","22","25","9","10","11","7","3","4","5","3","2","7","8",
"강도","남구","범죄 발생지","","11","13","7","3","3","4","4","1","1","3","2","3","3","1",
"강도","북구","범죄 발생지","","44","36","31","16","14","8","5","12","16","7","3","2","6","3",
"강도","광산","범죄 발생지","","35","20","15","10","12","17","12","9","4","5","5","1","3","7",
"강도","중구","범죄 발생지","","50","36","20","30","22","6","19","15","6","3","4","3","1","1",
"강도","동구","범죄 발생지","","-","6","16","11","17","7","4","10","8","4","1","7","8","5",
"강도","서구","범죄 발생지","","52","30","20","21","18","9","12","14","8","4","1","4","8","5",
"강도","유성","범죄 발생지","","22","12","9","10","3","5","2","6","2","2","1","2","2","5",
"강도","대덕","범죄 발생지","","15","15","5","10","5","9","5","6","1","1","2","1","3","1",
"강도","중구","범죄 발생지","","17","8","6","6","3","9","4","4","7","1","1","2","1","-",
"강도","동구","범죄 발생지","","16","8","4","2","1","3","3","4","2","5","1","-","2","5",
"강도","남구","범죄 발생지","","54","13","27","18","20","13","14","10","14","5","6","6","2","4",
"강도","북구","범죄 발생지","","8","3","4","3","2","3","","2","2","2","2","1","1","1",
"강도","울주군","범죄 발생지","","10","5","4","3","3","5","4","6","2","1","1","1","2","2",
"방화","종로","범죄 발생지","","26","7","21","16","12","14","13","9","8","6","3","7","3","9",
"방화","중구","범죄 발생지","","18","11","13","14","12","12","2","15","10","13","10","13","13","8",
"방화","용산","범죄 발생지","","14","6","9","9","8","7","6","12","9","5","7","10","16","6",
"방화","성동","범죄 발생지","","8","8","7","12","9","5","5","7","2","1","10","8","4","7",
"방화","광진","범죄 발생지","","13","11","8","15","10","14","6","6","7","7","6","6","5","7",
"방화","동대문","범죄 발생지","","17","11","18","12","21","19","11","12","7","10","11","5","11","8",
"방화","중랑","범죄 발생지","","12","17","15","11","14","15","14","8","15","9","8","11","4","10",
"방화","성북","범죄 발생지","","7","9","7","9","12","5","8","10","10","5","9","5","7","5",
"방화","강북","범죄 발생지","","13","15","12","16","10","16","7","10","4","9","6","6","4","4",
"방화","도봉","범죄 발생지","","14","12","13","3","11","12","9","7","7","11","5","4","9","5",
"방화","노원","범죄 발생지","","21","26","15","15","15","10","10","12","8","11","3","15","14","9",
"방화","은평","범죄 발생지","","35","10","13","8","16","12","8","23","13","8","4","7","10","10",
"방화","서대문","범죄 발생지","","13","30","29","12","12","6","10","10","9","12","8","9","4","2",
"방화","마포","범죄 발생지","","8","11","14","9","11","3","6","5","5","8","9","5","9","5",
"방화","양천","범죄 발생지","","27","9","10","12","22","15","10","14","7","11","5","4","6","9",
"방화","강서","범죄 발생지","","26","15","18","15","17","12","11","18","24","12","11","7","14","12",
"방화","구로","범죄 발생지","","20","25","14","19","10","10","6","15","8","11","4","14","11","5",
"방화","금천","범죄 발생지","","12","16","2","6","5","10","5","8","9","9","7","7","6","5",
"방화","영등포","범죄 발생지","","14","26","15","10","18","16","14","17","16","15","11","15","9","3",
"방화","동작","범죄 발생지","","6","14","10","8","6","12","8","11","11","6","2","4","8","7",
"방화","관악","범죄 발생지","","28","16","18","19","16","13","13","19","18","12","15","8","13","11",
"방화","서초","범죄 발생지","","8","9","16","8","14","4","7","10","9","5","6","13","10","8",
"방화","강남","범죄 발생지","","26","30","19","19","12","13","10","11","8","8","12","13","11","9",
"방화","송파","범죄 발생지","","18","26","7","15","15","22","11","11","14","9","9","9","11","10",
"방화","강동","범죄 발생지","","18","11","8","16","3","10","11","12","13","4","4","7","7","5",
"방화","중구","범죄 발생지","","3","3","1","1","3","2","3","5","4","5","2","1","3","3",
"방화","서구","범죄 발생지","","11","5","2","3","5","1","2","4","2","2","3","4","1","3",
"방화","동구","범죄 발생지","","3","4","4","3","4","6","3","8","5","6","3","3","1","2",
"방화","영도","범죄 발생지","","6","2","10","4","3","10","4","-","6","2","3","7","4","1",
"방화","부산진","범죄 발생지","","11","20","14","14","23","16","9","12","15","14","8","12","9","11",
"방화","동래","범죄 발생지","","8","6","6","4","8","5","6","7","8","9","2","4","5","10",
"방화","남구","범죄 발생지","","11","12","7","4","10","7","6","10","7","4","3","3","2","1",
"방화","북구","범죄 발생지","","9","5","8","7","5","6","11","11","5","5","1","7","3","8",
"방화","해운대","범죄 발생지","","15","5","14","8","7","7","2","6","7","6","6","13","5","12",
"방화","사하","범죄 발생지","","2","13","7","7","7","4","6","10","7","5","10","11","2","5",
"방화","금정","범죄 발생지","","8","3","9","17","6","4","1","12","4","6","3","6","2","-",
"방화","강서","범죄 발생지","","2","4","2","4","3","2","4","-","2","-","-","1","3","3",
"방화","연제","범죄 발생지","","8","5","9","9","12","5","8","6","5","8","1","5","4","5",
"방화","수영","범죄 발생지","","5","4","4","7","3","4","3","2","3","4","1","7","2","1",
"방화","사상","범죄 발생지","","11","24","10","11","12","13","15","11","13","9","6","3","4","3",
"방화","기장군","범죄 발생지","","4","5","5","4","4","3","5","4","4","1","-","3","3","5",
"방화","중구","범죄 발생지","","3","4","3","3","8","6","7","2","2","2","1","4","6","3",
"방화","동구","범죄 발생지","","20","17","17","11","20","11","15","12","11","16","5","13","17","6",
"방화","서구","범죄 발생지","","8","9","13","2","8","5","3","9","6","5","3","5","3","3",
"방화","남구","범죄 발생지","","5","4","5","10","1","3","5","3","10","2","6","-","2","6",
"방화","북구","범죄 발생지","","11","12","12","21","13","14","10","10","8","8","14","4","4","4",
"방화","수성","범죄 발생지","","9","10","4","7","13","7","6","5","9","3","12","3","7","6",
"방화","달서","범죄 발생지","","16","21","15","19","15","13","13","22","9","12","10","18","11","8",
"방화","달성군","범죄 발생지","","6","8","7","8","8","9","12","6","7","4","4","2","3","2",
"방화","군위군","범죄 발생지","","","","","","","","","","","","","","-","-",
"방화","중구","범죄 발생지","","5","2","5","11","3","7","5","4","3","6","5","4","6","5",
"방화","동구","범죄 발생지","","3","3","1","7","2","8","1","1","3","-","2","-","2","1",
"방화","서구","범죄 발생지","","9","15","12","20","18","8","13","16","10","10","9","19","12","9",
"방화","미추홀","범죄 발생지","","19","22","17","20","13","17","21","12","11","10","12","11","10","14",
"방화","연수","범죄 발생지","","7","8","10","6","5","6","5","4","6","7","6","6","7","3",
"방화","남동","범죄 발생지","","24","26","16","19","11","19","10","16","13","6","6","12","6","10",
"방화","부평","범죄 발생지","","44","19","27","18","24","10","17","12","16","19","6","11","21","12",
"방화","계양","범죄 발생지","","8","14","9","8","9","6","7","11","9","4","6","6","11","4",
"방화","강화군","범죄 발생지","","3","-","2","2","4","2","","1","1","2","2","1","-","-",
"방화","옹진군","범죄 발생지","","-","1","1","1","1","-","1","-","-","1","-","-","-","-",
"방화","동구","범죄 발생지","","7","2","11","7","7","3","3","7","6","5","3","2","6","1",
"방화","서구","범죄 발생지","","17","16","10","8","10","8","7","4","11","-","4","4","11","8",
"방화","남구","범죄 발생지","","8","8","2","3","4","5","5","2","5","3","4","10","6","4",
"방화","북구","범죄 발생지","","11","20","15","10","6","11","13","10","15","8","7","9","16","9",
"방화","광산","범죄 발생지","","10","20","7","15","21","11","7","6","5","-","2","10","2","6",
"방화","중구","범죄 발생지","","16","10","11","5","7","25","8","10","13","13","4","6","4","6",
"방화","동구","범죄 발생지","","-","4","15","10","12","3","7","13","9","5","12","9","7","11",
"방화","서구","범죄 발생지","","23","16","18","12","9","5","11","10","14","7","17","12","6","7",
"방화","유성","범죄 발생지","","5","9","9","1","4","2","3","3","7","6","4","11","5","1",
"방화","대덕","범죄 발생지","","5","17","11","13","8","8","10","7","5","6","3","1","1","5",
"방화","중구","범죄 발생지","","7","6","2","10","13","9","11","4","4","6","6","4","5","1",
"방화","동구","범죄 발생지","","1","4","8","2","6","3","6","4","-","9","6","3","1","3",
"방화","남구","범죄 발생지","","10","13","12","13","11","14","6","7","5","9","8","12","7","3",
"방화","북구","범죄 발생지","","5","9","11","3","2","6","4","5","3","3","3","5","-","2",
"방화","울주군","범죄 발생지","","4","5","4","6","3","5","4","9","7","4","4","3","4","4",
"강간","종로","범죄 발생지","","220","240","317","","","","","","","","","","","",
"강간","중구","범죄 발생지","","391","304","422","","","","","","","","","","","",
"강간","용산","범죄 발생지","","187","189","231","","","","","","","","","","","",
"강간","성동","범죄 발생지","","123","117","126","","","","","","","","","","","",
"강간","광진","범죄 발생지","","298","273","316","","","","","","","","","","","",
"강간","동대문","범죄 발생지","","235","170","214","","","","","","","","","","","",
"강간","중랑","범죄 발생지","","217","187","196","","","","","","","","","","","",
"강간","성북","범죄 발생지","","192","187","213","","","","","","","","","","","",
"강간","강북","범죄 발생지","","182","155","208","","","","","","","","","","","",
"강간","도봉","범죄 발생지","","108","84","99","","","","","","","","","","","",
"강간","노원","범죄 발생지","","205","184","250","","","","","","","","","","","",
"강간","은평","범죄 발생지","","178","189","177","","","","","","","","","","","",
"강간","서대문","범죄 발생지","","177","424","533","","","","","","","","","","","",
"강간","마포","범죄 발생지","","223","279","365","","","","","","","","","","","",
"강간","양천","범죄 발생지","","154","125","153","","","","","","","","","","","",
"강간","강서","범죄 발생지","","238","210","303","","","","","","","","","","","",
"강간","구로","범죄 발생지","","407","289","319","","","","","","","","","","","",
"강간","금천","범죄 발생지","","124","126","183","","","","","","","","","","","",
"강간","영등포","범죄 발생지","","279","306","349","","","","","","","","","","","",
"강간","동작","범죄 발생지","","293","227","305","","","","","","","","","","","",
"강간","관악","범죄 발생지","","401","377","446","","","","","","","","","","","",
"강간","서초","범죄 발생지","","408","346","471","","","","","","","","","","","",
"강간","강남","범죄 발생지","","528","546","664","","","","","","","","","","","",
"강간","송파","범죄 발생지","","313","282","336","","","","","","","","","","","",
"강간","강동","범죄 발생지","","208","176","200","","","","","","","","","","","",
"강간","중구","범죄 발생지","","40","39","62","","","","","","","","","","","",
"강간","서구","범죄 발생지","","66","55","63","","","","","","","","","","","",
"강간","동구","범죄 발생지","","70","61","69","","","","","","","","","","","",
"강간","영도","범죄 발생지","","131","51","50","","","","","","","","","","","",
"강간","부산진","범죄 발생지","","251","212","387","","","","","","","","","","","",
"강간","동래","범죄 발생지","","120","107","151","","","","","","","","","","","",
"강간","남구","범죄 발생지","","114","98","222","","","","","","","","","","","",
"강간","북구","범죄 발생지","","105","120","157","","","","","","","","","","","",
"강간","해운대","범죄 발생지","","162","187","382","","","","","","","","","","","",
"강간","사하","범죄 발생지","","100","106","111","","","","","","","","","","","",
"강간","금정","범죄 발생지","","81","92","128","","","","","","","","","","","",
"강간","강서","범죄 발생지","","16","16","27","","","","","","","","","","","",
"강간","연제","범죄 발생지","","84","70","121","","","","","","","","","","","",
"강간","수영","범죄 발생지","","71","78","115","","","","","","","","","","","",
"강간","사상","범죄 발생지","","135","117","155","","","","","","","","","","","",
"강간","기장군","범죄 발생지","","40","27","43","","","","","","","","","","","",
"강간","중구","범죄 발생지","","94","123","232","","","","","","","","","","","",
"강간","동구","범죄 발생지","","126","91","212","","","","","","","","","","","",
"강간","서구","범죄 발생지","","101","102","155","","","","","","","","","","","",
"강간","남구","범죄 발생지","","75","95","105","","","","","","","","","","","",
"강간","북구","범죄 발생지","","123","163","143","","","","","","","","","","","",
"강간","수성","범죄 발생지","","131","144","204","","","","","","","","","","","",
"강간","달서","범죄 발생지","","209","198","284","","","","","","","","","","","",
"강간","달성군","범죄 발생지","","40","37","51","","","","","","","","","","","",
"강간","중구","범죄 발생지","","64","70","78","","","","","","","","","","","",
"강간","동구","범죄 발생지","","27","24","25","","","","","","","","","","","",
"강간","서구","범죄 발생지","","151","146","184","","","","","","","","","","","",
"강간","미추홀","범죄 발생지","","279","222","268","","","","","","","","","","","",
"강간","연수","범죄 발생지","","136","125","91","","","","","","","","","","","",
"강간","남동","범죄 발생지","","192","220","271","","","","","","","","","","","",
"강간","부평","범죄 발생지","","320","320","366","","","","","","","","","","","",
"강간","계양","범죄 발생지","","145","127","166","","","","","","","","","","","",
"강간","강화군","범죄 발생지","","16","23","32","","","","","","","","","","","",
"강간","옹진군","범죄 발생지","","8","9","5","","","","","","","","","","","",
"강간","동구","범죄 발생지","","110","120","116","","","","","","","","","","","",
"강간","서구","범죄 발생지","","193","219","269","","","","","","","","","","","",
"강간","남구","범죄 발생지","","88","78","247","","","","","","","","","","","",
"강간","북구","범죄 발생지","","238","298","267","","","","","","","","","","","",
"강간","광산","범죄 발생지","","164","201","189","","","","","","","","","","","",
"강간","중구","범죄 발생지","","131","170","120","","","","","","","","","","","",
"강간","동구","범죄 발생지","","2","51","147","","","","","","","","","","","",
"강간","서구","범죄 발생지","","199","188","300","","","","","","","","","","","",
"강간","유성","범죄 발생지","","58","65","106","","","","","","","","","","","",
"강간","대덕","범죄 발생지","","79","77","67","","","","","","","","","","","",
"강간","중구","범죄 발생지","","75","55","112","","","","","","","","","","","",
"강간","동구","범죄 발생지","","61","51","62","","","","","","","","","","","",
"강간","남구","범죄 발생지","","178","164","204","","","","","","","","","","","",
"강간","북구","범죄 발생지","","41","42","61","","","","","","","","","","","",
"강간","울주군","범죄 발생지","","53","60","65","","","","","","","","","","","",
"성폭력","종로","범죄 발생지","","","","","307","426","313","351","345","350","251","259","329","344","306",
"성폭력","중구","범죄 발생지","","","","","377","415","356","396","329","293","263","260","316","304","266",
"성폭력","용산","범죄 발생지","","","","","269","267","319","415","401","344","303","237","411","360","385",
"성폭력","성동","범죄 발생지","","","","","187","249","200","209","192","188","162","202","251","237","247",
"성폭력","광진","범죄 발생지","","","","","328","368","375","426","347","398","339","310","388","361","379",
"성폭력","동대문","범죄 발생지","","","","","210","231","241","230","221","223","218","260","246","256","240",
"성폭력","중랑","범죄 발생지","","","","","205","333","209","219","223","183","252","255","266","263","256",
"성폭력","성북","범죄 발생지","","","","","220","265","217","258","284","243","200","207","290","279","244",
"성폭력","강북","범죄 발생지","","","","","220","216","254","272","248","227","195","210","302","240","224",
"성폭력","도봉","범죄 발생지","","","","","208","153","186","142","165","122","118","122","180","163","143",
"성폭력","노원","범죄 발생지","","","","","294","318","208","252","271","257","217","281","359","304","284",
"성폭력","은평","범죄 발생지","","","","","222","288","213","300","280","266","235","281","318","284","243",
"성폭력","서대문","범죄 발생지","","","","","867","215","218","251","260","252","222","279","265","247","243",
"성폭력","마포","범죄 발생지","","","","","423","675","688","785","718","664","557","504","717","712","752",
"성폭력","양천","범죄 발생지","","","","","241","337","184","239","173","180","170","193","223","216","173",
"성폭력","강서","범죄 발생지","","","","","308","340","344","414","389","406","381","412","486","511","484",
"성폭력","구로","범죄 발생지","","","","","426","535","408","509","373","341","321","329","438","319","341",
"성폭력","금천","범죄 발생지","","","","","250","218","220","313","255","194","163","229","254","207","226",
"성폭력","영등포","범죄 발생지","","","","","352","501","481","654","547","489","456","451","493","473","447",
"성폭력","동작","범죄 발생지","","","","","437","507","428","524","396","350","295","298","363","335","291",
"성폭력","관악","범죄 발생지","","","","","471","423","420","534","504","538","529","498","601","572","550",
"성폭력","서초","범죄 발생지","","","","","448","604","600","662","615","766","560","523","675","612","537",
"성폭력","강남","범죄 발생지","","","","","761","1098","788","1031","973","1257","1019","896","1046","1062","992",
"성폭력","송파","범죄 발생지","","","","","383","373","314","396","493","428","414","475","580","503","510",
"성폭력","강동","범죄 발생지","","","","","180","210","206","232","220","247","266","221","286","258","293",
"성폭력","중구","범죄 발생지","","","","","91","114","65","88","69","82","62","45","76","58","67",
"성폭력","서구","범죄 발생지","","","","","61","73","55","58","42","51","36","51","63","56","48",
"성폭력","동구","범죄 발생지","","","","","71","83","64","87","72","74","62","56","91","78","87",
"성폭력","영도","범죄 발생지","","","","","65","48","70","64","59","39","39","78","52","63","47",
"성폭력","부산진","범죄 발생지","","","","","326","339","352","428","373","430","390","410","487","571","472",
"성폭력","동래","범죄 발생지","","","","","169","154","108","153","115","119","130","153","237","187","144",
"성폭력","남구","범죄 발생지","","","","","334","113","93","156","149","124","116","140","161","203","200",
"성폭력","북구","범죄 발생지","","","","","202","135","108","113","90","117","104","119","145","149","111",
"성폭력","해운대","범죄 발생지","","","","","239","174","199","250","251","252","246","269","344","264","237",
"성폭력","사하","범죄 발생지","","","","","176","132","103","171","141","155","136","138","170","169","154",
"성폭력","금정","범죄 발생지","","","","","144","94","98","134","121","117","111","115","183","132","164",
"성폭력","강서","범죄 발생지","","","","","28","45","38","39","60","60","51","70","91","109","82",
"성폭력","연제","범죄 발생지","","","","","143","110","91","148","111","132","119","151","169","178","138",
"성폭력","수영","범죄 발생지","","","","","117","88","87","125","121","95","106","124","181","219","153",
"성폭력","사상","범죄 발생지","","","","","134","134","119","165","149","130","146","162","194","146","122",
"성폭력","기장군","범죄 발생지","","","","","48","43","61","56","53","59","68","78","128","101","109",
"성폭력","중구","범죄 발생지","","","","","278","360","164","157","215","207","144","173","243","299","272",
"성폭력","동구","범죄 발생지","","","","","216","161","135","125","178","206","152","199","250","235","215",
"성폭력","서구","범죄 발생지","","","","","162","90","102","82","80","81","96","84","103","112","105",
"성폭력","남구","범죄 발생지","","","","","121","128","92","75","74","89","69","68","118","103","108",
"성폭력","북구","범죄 발생지","","","","","248","211","165","212","186","183","164","203","294","256","204",
"성폭력","수성","범죄 발생지","","","","","188","172","172","162","163","157","150","173","264","226","229",
"성폭력","달서","범죄 발생지","","","","","312","273","320","295","305","276","243","305","351","375","326",
"성폭력","달성군","범죄 발생지","","","","","62","36","44","58","77","92","77","87","227","97","115",
"성폭력","군위군","범죄 발생지","","","","","","","","","","","","","","3","7",
"성폭력","중구","범죄 발생지","","","","","98","139","116","127","151","144","126","159","176","166","181",
"성폭력","동구","범죄 발생지","","","","","25","44","29","35","24","25","30","27","58","26","32",
"성폭력","서구","범죄 발생지","","","","","220","349","299","309","317","324","261","292","441","490","470",
"성폭력","미추홀","범죄 발생지","","","","","297","249","368","367","338","334","290","352","411","400","414",
"성폭력","연수","범죄 발생지","","","","","204","182","208","186","159","174","188","232","324","263","222",
"성폭력","남동","범죄 발생지","","","","","244","389","415","468","457","405","433","375","465","431","385",
"성폭력","부평","범죄 발생지","","","","","335","412","450","729","486","485","404","441","514","456","478",
"성폭력","계양","범죄 발생지","","","","","226","182","210","193","173","163","123","138","197","232","181",
"성폭력","강화군","범죄 발생지","","","","","25","28","31","30","21","31","34","41","40","36","34",
"성폭력","옹진군","범죄 발생지","","","","","7","8","7","12","10","9","19","149","13","11","12",
"성폭력","동구","범죄 발생지","","","","","150","149","99","99","93","96","84","97","120","120","107",
"성폭력","서구","범죄 발생지","","","","","224","223","208","232","248","244","206","201","289","318","273",
"성폭력","남구","범죄 발생지","","","","","91","84","78","80","82","79","76","93","138","107","100",
"성폭력","북구","범죄 발생지","","","","","315","311","264","246","262","241","206","241","262","288","229",
"성폭력","광산","범죄 발생지","","","","","270","218","212","215","182","181","195","204","260","277","273",
"성폭력","중구","범죄 발생지","","","","","170","156","156","176","195","203","170","222","228","192","195",
"성폭력","동구","범죄 발생지","","","","","144","160","146","156","189","132","137","138","222","176","185",
"성폭력","서구","범죄 발생지","","","","","247","291","273","341","440","393","350","357","486","410","395",
"성폭력","유성","범죄 발생지","","","","","107","121","155","165","187","188","152","193","268","279","232",
"성폭력","대덕","범죄 발생지","","","","","137","103","64","92","99","69","81","95","136","101","115",
"성폭력","중구","범죄 발생지","","","","","109","100","86","69","75","98","81","103","125","81","98",
"성폭력","동구","범죄 발생지","","","","","77","74","67","80","74","81","82","87","90","105","80",
"성폭력","남구","범죄 발생지","","","","","196","217","221","217","225","226","242","296","317","332","280",
"성폭력","북구","범죄 발생지","","","","","68","50","57","71","59","70","74","81","112","79","75",
"성폭력","울주군","범죄 발생지","","","","","84","96","90","72","93","85","85","96","168","129","108",
"폭행","종로","범죄 발생지","","1459","1394","1266","1482","1395","1459","1325","1300","1361","1064","859","961","916","794",
"폭행","중구","범죄 발생지","","1398","1364","1318","1474","1415","1399","1361","1311","1225","933","807","850","1013","881",
"폭행","용산","범죄 발생지","","1071","1034","1053","1221","1256","1469","1548","1371","1439","1033","783","1052","1048","1224",
"폭행","성동","범죄 발생지","","851","859","817","1020","992","1029","997","818","835","750","598","641","559","518",
"폭행","광진","범죄 발생지","","1303","1343","1263","1645","1581","1458","1366","1093","1119","949","822","978","859","713",
"폭행","동대문","범죄 발생지","","1416","1596","1469","1503","1512","1682","1524","1505","1338","1070","924","851","859","892",
"폭행","중랑","범죄 발생지","","1976","1827","1644","1613","1623","2053","1833","1560","1490","1140","924","1094","941","861",
"폭행","성북","범죄 발생지","","1259","1226","1237","1399","1311","1331","1173","1075","990","859","812","833","744","657",
"폭행","강북","범죄 발생지","","1451","1545","1312","1509","1719","1890","1527","1461","1573","1130","814","1082","843","718",
"폭행","도봉","범죄 발생지","","991","982","879","1027","975","939","802","778","690","655","584","636","488","505",
"폭행","노원","범죄 발생지","","1285","1408","1529","1787","1709","1566","1531","1407","1464","1221","1050","1239","1089","898",
"폭행","은평","범죄 발생지","","1213","1265","1392","1607","1645","1574","1397","1256","1227","999","895","952","935","820",
"폭행","서대문","범죄 발생지","","875","1922","1864","1199","1183","1124","941","876","838","677","587","595","506","502",
"폭행","마포","범죄 발생지","","1121","1136","1171","1368","1704","1745","1706","1669","1408","1157","934","1285","1184","1198",
"폭행","양천","범죄 발생지","","1381","1226","1267","1580","1576","1530","1387","1317","1000","943","909","896","805","743",
"폭행","강서","범죄 발생지","","1698","1550","1687","1755","2076","2069","1840","1569","1458","1407","1195","1412","1310","1186",
"폭행","구로","범죄 발생지","","1604","1530","1558","1715","1892","2117","1806","1868","1697","1321","1128","1257","1182","1045",
"폭행","금천","범죄 발생지","","1090","1090","1026","1227","1154","1349","1086","1108","1085","900","764","805","628","577",
"폭행","영등포","범죄 발생지","","1808","1866","1540","2016","2110","2230","1980","1992","1827","1618","1210","1371","1283","1253",
"폭행","동작","범죄 발생지","","1005","981","932","1134","1150","1110","1101","1015","1103","968","705","725","692","708",
"폭행","관악","범죄 발생지","","2340","1997","1970","2273","2335","2269","2177","1883","1774","1603","1291","1518","1365","1314",
"폭행","서초","범죄 발생지","","1304","1435","1378","1519","1441","1533","1587","1499","1758","1291","1090","1318","1275","1106",
"폭행","강남","범죄 발생지","","2244","2219","2273","2444","2377","2339","2315","2364","2144","2134","1780","2149","2116","1949",
"폭행","송파","범죄 발생지","","1856","1675","1462","2007","1909","1892","1813","1968","1749","1520","1435","1600","1449","1409",
"폭행","강동","범죄 발생지","","1450","1406","1488","1584","1656","1576","1474","1356","1329","1191","991","1153","908","913",
"폭행","중구","범죄 발생지","","236","276","254","363","355","442","451","459","476","375","311","377","403","405",
"폭행","서구","범죄 발생지","","253","194","224","250","327","318","306","286","293","288","332","278","222","233",
"폭행","동구","범죄 발생지","","297","330","308","367","395","398","470","485","510","436","349","345","402","397",
"폭행","영도","범죄 발생지","","200","214","270","294","313","334","370","364","379","349","272","331","306","263",
"폭행","부산진","범죄 발생지","","839","1029","1077","1352","1621","1821","1847","1922","1863","1752","1340","1457","1510","1613",
"폭행","동래","범죄 발생지","","549","557","498","630","768","774","774","818","830","703","529","590","592","585",
"폭행","남구","범죄 발생지","","249","318","376","488","518","634","664","600","654","636","417","471","463","461",
"폭행","북구","범죄 발생지","","318","392","461","619","648","734","740","767","865","799","514","471","463","445",
"폭행","해운대","범죄 발생지","","658","789","784","875","1056","1084","1113","1110","1194","931","738","896","684","701",
"폭행","사하","범죄 발생지","","377","460","548","778","777","829","900","872","815","724","578","641","636","568",
"폭행","금정","범죄 발생지","","305","414","398","558","571","550","515","573","604","474","372","396","399","395",
"폭행","강서","범죄 발생지","","71","79","93","119","153","190","195","230","224","254","234","250","273","315",
"폭행","연제","범죄 발생지","","399","421","507","558","676","632","651","702","779","759","598","762","669","617",
"폭행","수영","범죄 발생지","","228","320","350","508","520","527","572","580","617","515","476","477","457","522",
"폭행","사상","범죄 발생지","","335","440","490","624","605","622","668","637","785","861","541","632","561","604",
"폭행","기장군","범죄 발생지","","133","167","167","194","257","329","359","346","330","411","351","343","383","301",
"폭행","중구","범죄 발생지","","514","517","345","437","521","543","494","792","859","599","492","583","668","568",
"폭행","동구","범죄 발생지","","945","743","664","729","902","1158","902","1100","914","789","799","809","854","790",
"폭행","서구","범죄 발생지","","1064","991","834","882","1050","1016","760","766","759","950","590","780","523","508",
"폭행","남구","범죄 발생지","","566","574","510","520","527","632","743","594","593","435","474","469","415","406",
"폭행","북구","범죄 발생지","","1082","932","622","735","880","995","1127","1154","1330","1157","963","848","849","823",
"폭행","수성","범죄 발생지","","940","729","677","684","904","1106","903","729","752","659","745","807","870","707",
"폭행","달서","범죄 발생지","","1650","1484","1159","1506","1936","1807","1691","1452","1364","1215","1038","1108","1087","1210",
"폭행","달성군","범죄 발생지","","217","264","274","316","366","407","461","417","438","405","392","393","421","438",
"폭행","군위군","범죄 발생지","","","","","","","","","","","","","","10","23",
"폭행","중구","범죄 발생지","","338","362","430","527","556","727","619","679","615","609","474","498","517","498",
"폭행","동구","범죄 발생지","","157","172","196","291","251","310","289","267","282","272","150","166","138","107",
"폭행","서구","범죄 발생지","","987","1072","980","1292","1522","1563","1755","1909","2247","1732","1311","1451","1330","1087",
"폭행","미추홀","범죄 발생지","","1340","1397","1453","1638","1863","2126","2062","1945","2142","1708","1346","1337","1266","1393",
"폭행","연수","범죄 발생지","","624","615","620","783","937","1044","845","765","955","849","620","685","803","824",
"폭행","남동","범죄 발생지","","1255","1377","1462","1780","2064","2258","2109","2205","2103","1818","1502","1446","1143","1205",
"폭행","부평","범죄 발생지","","1466","1604","1405","1859","2129","2637","2839","2780","2843","2475","1795","1847","1539","1589",
"폭행","계양","범죄 발생지","","913","869","883","930","1064","1326","1267","1282","1212","1141","729","696","672","632",
"폭행","강화군","범죄 발생지","","128","126","135","145","168","196","180","214","167","123","125","142","116","126",
"폭행","옹진군","범죄 발생지","","38","41","50","46","83","56","43","52","30","42","49","43","35","36",
"폭행","동구","범죄 발생지","","782","845","770","802","717","729","624","625","583","464","371","445","413","418",
"폭행","서구","범죄 발생지","","1506","1667","1668","1629","1545","1394","1536","1540","1447","1027","771","840","1002","952",
"폭행","남구","범죄 발생지","","625","622","591","612","566","547","487","493","552","515","476","443","429","367",
"폭행","북구","범죄 발생지","","1469","1651","1280","1704","1594","1238","1326","1295","1430","1135","1138","885","823","799",
"폭행","광산","범죄 발생지","","1063","1208","1234","1267","1267","1063","1067","1191","1319","1253","934","938","917","960",
"폭행","중구","범죄 발생지","","275","648","545","796","1349","1475","1383","1470","999","993","724","782","785","979",
"폭행","동구","범죄 발생지","","5","137","333","435","754","925","962","977","735","758","534","604","805","736",
"폭행","서구","범죄 발생지","","409","402","621","859","1375","1647","1709","1816","1714","1684","1331","1486","1355","1517",
"폭행","유성","범죄 발생지","","116","126","240","340","454","797","794","964","740","668","705","884","884","733",
"폭행","대덕","범죄 발생지","","258","249","269","280","450","459","550","609","652","664","577","520","435","436",
"폭행","중구","범죄 발생지","","664","627","662","824","840","881","737","626","606","520","514","501","411","354",
"폭행","동구","범죄 발생지","","257","344","415","485","594","551","584","636","528","505","368","388","372","365",
"폭행","남구","범죄 발생지","","1120","1226","1334","1566","1819","1576","1668","1688","1155","1035","953","988","922","921",
"폭행","북구","범죄 발생지","","225","280","264","352","467","450","374","374","398","376","379","403","384","381",
"폭행","울주군","범죄 발생지","","521","595","603","771","812","692","623","536","474","399","374","391","384","376",
"상해","종로","범죄 발생지","","530","492","401","433","356","288","291","209","222","176","144","164","134","115",
"상해","중구","범죄 발생지","","462","484","411","425","334","315","252","229","202","172","152","152","135","101",
"상해","용산","범죄 발생지","","488","426","315","363","325","306","293","173","154","126","92","101","115","110",
"상해","성동","범죄 발생지","","308","228","214","259","227","222","189","153","144","111","113","87","79","76",
"상해","광진","범죄 발생지","","520","483","411","486","397","320","250","225","172","138","137","139","117","97",
"상해","동대문","범죄 발생지","","399","289","246","359","400","319","203","152","166","130","114","138","106","94",
"상해","중랑","범죄 발생지","","544","465","313","384","425","322","290","283","217","180","132","166","125","127",
"상해","성북","범죄 발생지","","284","300","261","352","310","219","204","162","157","99","104","109","81","69",
"상해","강북","범죄 발생지","","369","346","279","342","330","301","214","201","223","167","154","160","115","75",
"상해","도봉","범죄 발생지","","212","227","210","204","154","156","143","146","123","144","85","96","75","62",
"상해","노원","범죄 발생지","","381","380","304","333","355","289","266","242","213","161","118","133","89","72",
"상해","은평","범죄 발생지","","640","581","473","513","368","374","305","250","225","234","169","182","133","114",
"상해","서대문","범죄 발생지","","382","740","681","375","305","265","233","183","173","100","86","71","77","54",
"상해","마포","범죄 발생지","","633","633","536","624","564","431","262","272","157","134","133","170","161","152",
"상해","양천","범죄 발생지","","365","301","295","252","276","167","148","123","109","104","97","73","93","89",
"상해","강서","범죄 발생지","","505","402","328","347","361","337","302","259","219","191","163","167","133","130",
"상해","구로","범죄 발생지","","669","599","418","439","403","377","346","266","223","212","162","176","143","101",
"상해","금천","범죄 발생지","","366","299","231","248","227","150","139","152","168","105","103","85","90","80",
"상해","영등포","범죄 발생지","","870","748","585","845","683","479","395","298","271","242","168","224","185","152",
"상해","동작","범죄 발생지","","270","247","245","279","261","158","171","157","154","115","112","77","102","83",
"상해","관악","범죄 발생지","","395","346","384","419","321","283","304","223","221","187","121","144","143","107",
"상해","서초","범죄 발생지","","345","353","311","428","351","223","196","217","182","122","102","147","112","78",
"상해","강남","범죄 발생지","","922","827","685","768","749","632","514","442","422","405","327","370","275","262",
"상해","송파","범죄 발생지","","524","463","430","546","549","492","396","367","297","261","151","164","141","137",
"상해","강동","범죄 발생지","","575","499","432","497","360","348","287","215","212","183","134","132","110","98",
"상해","중구","범죄 발생지","","286","279","253","325","261","227","203","171","151","138","97","118","103","75",
"상해","서구","범죄 발생지","","251","227","210","235","224","186","167","112","110","117","97","87","54","56",
"상해","동구","범죄 발생지","","351","291","275","326","244","258","225","182","189","168","131","116","109","106",
"상해","영도","범죄 발생지","","285","290","243","249","223","197","158","134","125","84","84","85","65","48",
"상해","부산진","범죄 발생지","","1000","972","886","907","758","715","743","621","592","505","437","402","275","228",
"상해","동래","범죄 발생지","","498","531","407","446","436","338","293","241","250","218","199","189","158","131",
"상해","남구","범죄 발생지","","469","407","379","398","342","297","248","230","250","192","181","154","119","123",
"상해","북구","범죄 발생지","","540","570","525","603","488","442","338","270","317","213","202","192","130","101",
"상해","해운대","범죄 발생지","","680","574","501","604","507","464","473","359","312","249","244","224","151","134",
"상해","사하","범죄 발생지","","676","682","578","596","446","409","359","342","286","288","228","222","178","174",
"상해","금정","범죄 발생지","","489","435","353","430","351","281","230","207","212","164","134","133","95","99",
"상해","강서","범죄 발생지","","139","162","152","151","166","136","147","152","124","120","140","128","119","103",
"상해","연제","범죄 발생지","","385","403","333","368","385","373","287","288","222","213","184","164","130","117",
"상해","수영","범죄 발생지","","378","351","313","327","316","243","260","237","180","172","159","165","112","117",
"상해","사상","범죄 발생지","","615","563","536","565","482","438","362","316","285","224","182","199","147","121",
"상해","기장군","범죄 발생지","","200","184","200","217","181","159","183","195","133","145","145","117","114","111",
"상해","중구","범죄 발생지","","348","308","249","354","310","301","299","322","313","208","161","140","128","101",
"상해","동구","범죄 발생지","","569","476","447","495","486","463","378","366","292","287","245","202","212","204",
"상해","서구","범죄 발생지","","457","423","373","364","355","290","294","254","205","194","183","196","156","129",
"상해","남구","범죄 발생지","","404","381","295","315","282","208","242","203","182","184","171","110","113","92",
"상해","북구","범죄 발생지","","582","553","516","522","508","527","466","410","372","321","288","307","215","181",
"상해","수성","범죄 발생지","","628","625","520","583","458","445","411","360","300","268","216","235","167","198",
"상해","달서","범죄 발생지","","964","945","765","891","801","678","649","588","553","493","393","352","254","223",
"상해","달성군","범죄 발생지","","189","167","170","209","205","224","257","221","223","169","137","161","136","126",
"상해","군위군","범죄 발생지","","","","","","","","","","","","","","6","18",
"상해","중구","범죄 발생지","","211","202","193","230","249","222","175","179","197","111","131","149","138","111",
"상해","동구","범죄 발생지","","61","65","85","85","80","53","43","55","54","48","53","36","29","24",
"상해","서구","범죄 발생지","","380","394","409","479","430","358","339","249","207","237","321","321","226","185",
"상해","미추홀","범죄 발생지","","524","487","419","496","458","381","392","319","354","300","284","255","234","207",
"상해","연수","범죄 발생지","","203","225","253","236","235","197","211","225","143","190","190","169","168","114",
"상해","남동","범죄 발생지","","610","500","450","552","482","487","390","384","321","361","374","269","265","228",
"상해","부평","범죄 발생지","","669","595","580","619","592","539","483","399","329","303","309","316","296","213",
"상해","계양","범죄 발생지","","327","343","248","294","260","199","186","121","116","110","108","115","107","103",
"상해","강화군","범죄 발생지","","94","61","70","107","83","97","86","78","73","59","44","59","47","42",
"상해","옹진군","범죄 발생지","","25","39","41","45","28","26","18","25","15","20","12","23","17","12",
"상해","동구","범죄 발생지","","249","236","181","206","169","163","211","144","141","103","120","99","75","63",
"상해","서구","범죄 발생지","","288","373","285","322","345","338","301","263","251","197","165","158","180","165",
"상해","남구","범죄 발생지","","144","162","176","239","224","188","167","157","154","94","92","94","64","75",
"상해","북구","범죄 발생지","","529","493","362","399","421","389","331","323","341","308","285","205","144","104",
"상해","광산","범죄 발생지","","370","293","262","419","369","393","316","287","256","233","177","158","171","174",
"상해","중구","범죄 발생지","","429","514","328","382","383","327","236","191","162","170","124","176","121","101",
"상해","동구","범죄 발생지","","3","120","351","412","398","327","237","189","146","150","134","124","119","101",
"상해","서구","범죄 발생지","","648","613","634","727","628","483","398","358","385","324","306","319","250","208",
"상해","유성","범죄 발생지","","295","278","259","310","324","250","181","195","218","213","180","202","126","109",
"상해","대덕","범죄 발생지","","298","249","280","258","272","227","216","164","127","103","135","109","91","88",
"상해","중구","범죄 발생지","","297","226","202","233","264","270","257","240","217","189","146","127","96","82",
"상해","동구","범죄 발생지","","273","283","252","412","346","268","207","163","151","138","108","109","109","86",
"상해","남구","범죄 발생지","","728","604","518","632","626","530","568","424","344","340","260","222","162","154",
"상해","북구","범죄 발생지","","155","165","143","176","179","179","193","153","150","156","143","122","71","60",
"상해","울주군","범죄 발생지","","252","264","332","289","297","301","304","254","243","207","209","176","151","104",
"협박","종로","범죄 발생지","","33","29","36","58","74","93","81","92","95","106","79","82","117","145",
"협박","중구","범죄 발생지","","31","35","37","59","71","109","75","85","90","106","103","106","131","125",
"협박","용산","범죄 발생지","","38","41","28","43","78","143","91","85","118","109","104","113","143","147",
"협박","성동","범죄 발생지","","10","28","17","48","63","79","79","90","99","106","119","110","114","153",
"협박","광진","범죄 발생지","","25","34","27","88","99","99","104","113","156","139","139","139","139","120",
"협박","동대문","범죄 발생지","","33","27","37","75","142","175","132","143","138","177","144","148","172","170",
"협박","중랑","범죄 발생지","","35","28","34","85","129","149","133","121","161","186","165","187","206","186",
"협박","성북","범죄 발생지","","19","31","43","55","80","88","83","88","133","131","120","175","132","129",
"협박","강북","범죄 발생지","","21","37","23","75","99","86","87","139","147","120","126","154","135","130",
"협박","도봉","범죄 발생지","","17","28","46","40","75","71","47","70","112","103","94","124","76","94",
"협박","노원","범죄 발생지","","37","60","51","62","95","102","146","152","226","184","168","205","200","165",
"협박","은평","범죄 발생지","","35","49","34","100","107","129","104","107","167","125","155","163","172","181",
"협박","서대문","범죄 발생지","","17","52","70","63","80","120","69","73","114","118","115","105","115","106",
"협박","마포","범죄 발생지","","31","40","44","77","112","131","99","137","144","156","166","171","164","197",
"협박","양천","범죄 발생지","","21","30","27","69","96","96","123","107","123","122","144","168","176","162",
"협박","강서","범죄 발생지","","35","38","45","75","142","172","163","155","214","244","255","277","257","271",
"협박","구로","범죄 발생지","","28","48","45","69","126","140","150","168","146","156","164","221","216","183",
"협박","금천","범죄 발생지","","14","26","32","46","84","93","88","115","153","120","132","125","156","154",
"협박","영등포","범죄 발생지","","30","45","52","106","134","198","182","185","243","238","215","201","219","188",
"협박","동작","범죄 발생지","","23","34","38","54","92","79","91","96","110","131","108","139","130","149",
"협박","관악","범죄 발생지","","34","46","52","78","147","141","167","168","174","233","213","231","241","266",
"협박","서초","범죄 발생지","","65","64","62","97","109","142","152","148","168","194","179","155","225","184",
"협박","강남","범죄 발생지","","85","116","90","134","194","212","250","219","278","311","271","324","369","354",
"협박","송파","범죄 발생지","","50","59","62","88","139","194","186","218","263","234","227","251","274","295",
"협박","강동","범죄 발생지","","24","37","44","70","89","78","126","106","144","144","140","146","150","173",
"협박","중구","범죄 발생지","","7","7","7","18","17","39","30","23","35","19","29","41","57","48",
"협박","서구","범죄 발생지","","9","8","10","29","30","35","32","33","42","52","51","29","63","59",
"협박","동구","범죄 발생지","","19","20","17","16","31","50","37","51","65","68","56","72","62","104",
"협박","영도","범죄 발생지","","8","21","16","24","14","47","20","34","42","53","36","59","65","56",
"협박","부산진","범죄 발생지","","45","45","43","91","151","142","135","154","222","207","206","202","217","268",
"협박","동래","범죄 발생지","","27","31","37","45","71","66","56","52","90","97","103","100","101","94",
"협박","남구","범죄 발생지","","31","23","65","40","76","91","74","64","103","101","82","89","131","157",
"협박","북구","범죄 발생지","","19","22","23","45","84","61","75","86","118","103","80","80","83","97",
"협박","해운대","범죄 발생지","","37","39","41","97","83","139","151","153","163","137","166","175","150","173",
"협박","사하","범죄 발생지","","23","35","26","62","52","82","78","89","90","125","98","109","141","152",
"협박","금정","범죄 발생지","","20","29","41","112","60","74","63","90","104","84","62","81","107","117",
"협박","강서","범죄 발생지","","8","9","5","15","37","32","35","42","61","73","90","56","93","89",
"협박","연제","범죄 발생지","","21","24","20","39","60","63","57","78","107","71","110","83","88","101",
"협박","수영","범죄 발생지","","20","20","29","41","64","44","61","60","77","81","80","70","93","122",
"협박","사상","범죄 발생지","","24","21","22","49","69","69","75","97","125","98","109","113","124","138",
"협박","기장군","범죄 발생지","","8","13","17","25","27","37","51","43","41","79","51","72","88","88",
"협박","중구","범죄 발생지","","10","15","10","27","40","33","35","36","58","47","54","72","72","90",
"협박","동구","범죄 발생지","","21","38","28","57","123","109","117","118","145","142","157","157","198","225",
"협박","서구","범죄 발생지","","15","18","13","30","64","69","79","63","71","113","94","115","116","95",
"협박","남구","범죄 발생지","","16","13","19","68","59","55","46","58","71","59","65","56","55","63",
"협박","북구","범죄 발생지","","36","22","22","61","67","83","126","125","184","174","154","135","160","176",
"협박","수성","범죄 발생지","","27","31","34","55","95","100","117","112","137","139","137","148","149","157",
"협박","달서","범죄 발생지","","40","46","49","77","130","146","149","189","223","216","184","194","234","233",
"협박","달성군","범죄 발생지","","11","17","10","19","46","34","40","56","57","63","74","71","81","74",
"협박","군위군","범죄 발생지","","","","","","","","","","","","","","2","17",
"협박","중구","범죄 발생지","","5","6","15","24","34","51","55","56","66","89","78","90","108","110",
"협박","동구","범죄 발생지","","3","3","2","8","8","24","10","33","30","29","20","27","25","22",
"협박","서구","범죄 발생지","","12","32","34","85","182","160","149","184","230","259","292","342","310","281",
"협박","미추홀","범죄 발생지","","30","28","24","64","105","155","181","177","219","195","177","225","216","252",
"협박","연수","범죄 발생지","","3","9","13","22","42","64","86","80","103","112","118","127","124","107",
"협박","남동","범죄 발생지","","29","29","24","71","109","181","172","229","246","233","213","241","221","247",
"협박","부평","범죄 발생지","","33","28","25","97","115","132","162","213","250","264","247","238","244","262",
"협박","계양","범죄 발생지","","10","20","20","44","64","113","111","110","149","141","124","107","99","124",
"협박","강화군","범죄 발생지","","6","4","6","14","6","22","14","18","21","23","33","31","28","40",
"협박","옹진군","범죄 발생지","","1","-","-","3","2","5","6","4","2","7","4","10","13","8",
"협박","동구","범죄 발생지","","27","25","12","29","30","46","49","38","60","45","49","50","52","45",
"협박","서구","범죄 발생지","","19","44","42","50","93","114","70","99","154","133","127","103","143","150",
"협박","남구","범죄 발생지","","10","15","24","32","45","45","43","48","59","51","48","44","65","67",
"협박","북구","범죄 발생지","","37","61","48","93","103","93","113","116","158","140","140","120","156","178",
"협박","광산","범죄 발생지","","39","33","41","53","104","107","95","83","136","142","110","111","152","167",
"협박","중구","범죄 발생지","","13","33","21","47","86","122","118","118","127","145","123","125","124","134",
"협박","동구","범죄 발생지","","1","11","18","34","85","93","94","106","93","102","94","122","151","146",
"협박","서구","범죄 발생지","","15","38","65","71","124","174","155","185","235","269","220","174","241","272",
"협박","유성","범죄 발생지","","7","15","27","52","67","96","92","113","130","114","116","116","138","134",
"협박","대덕","범죄 발생지","","11","15","14","24","56","64","59","96","87","89","83","71","80","91",
"협박","중구","범죄 발생지","","17","14","20","39","62","88","69","58","65","65","75","75","77","89",
"협박","동구","범죄 발생지","","6","14","10","38","36","62","62","45","57","49","66","54","68","53",
"협박","남구","범죄 발생지","","24","24","39","60","108","166","180","111","119","124","149","140","125","160",
"협박","북구","범죄 발생지","","5","3","5","19","23","59","43","38","64","58","56","71","84","65",
"협박","울주군","범죄 발생지","","9","26","30","51","53","93","73","52","85","76","68","72","69","61",
"공갈","종로","범죄 발생지","","26","40","17","104","20","26","27","26","45","37","30","45","40","31",
"공갈","중구","범죄 발생지","","40","29","23","50","32","32","36","24","35","33","19","29","25","21",
"공갈","용산","범죄 발생지","","17","19","21","18","21","18","19","26","23","32","20","20","54","46",
"공갈","성동","범죄 발생지","","24","37","18","28","23","8","32","30","30","24","24","23","34","38",
"공갈","광진","범죄 발생지","","28","55","39","63","35","31","27","30","48","20","16","40","55","46",
"공갈","동대문","범죄 발생지","","34","32","29","44","47","37","41","31","39","32","39","63","53","43",
"공갈","중랑","범죄 발생지","","49","47","42","86","62","63","27","32","33","31","33","34","43","62",
"공갈","성북","범죄 발생지","","31","28","40","47","20","21","23","25","43","36","32","20","45","35",
"공갈","강북","범죄 발생지","","37","28","15","43","29","43","17","30","33","61","37","61","68","34",
"공갈","도봉","범죄 발생지","","17","43","18","42","26","21","20","27","23","24","32","20","30","16",
"공갈","노원","범죄 발생지","","35","53","43","67","44","38","34","22","37","23","30","44","39","49",
"공갈","은평","범죄 발생지","","39","45","25","43","25","30","30","39","44","44","35","43","36","72",
"공갈","서대문","범죄 발생지","","34","70","47","54","25","36","46","33","45","54","31","35","72","20",
"공갈","마포","범죄 발생지","","16","29","30","51","18","19","41","36","41","22","38","54","51","41",
"공갈","양천","범죄 발생지","","32","35","33","31","25","44","29","21","29","30","30","28","29","35",
"공갈","강서","범죄 발생지","","47","77","35","35","31","40","37","42","44","51","39","46","67","85",
"공갈","구로","범죄 발생지","","30","62","37","45","35","31","43","31","48","39","34","58","55","32",
"공갈","금천","범죄 발생지","","31","49","20","34","23","25","32","26","16","24","29","38","28","13",
"공갈","영등포","범죄 발생지","","42","55","41","57","68","37","42","43","50","49","38","59","48","45",
"공갈","동작","범죄 발생지","","27","28","18","27","26","16","36","68","56","37","53","17","60","45",
"공갈","관악","범죄 발생지","","36","52","35","54","27","38","33","36","51","37","28","61","59","46",
"공갈","서초","범죄 발생지","","44","45","35","50","58","51","50","58","59","71","69","62","98","64",
"공갈","강남","범죄 발생지","","93","81","93","206","126","83","111","111","139","96","98","108","120","145",
"공갈","송파","범죄 발생지","","66","53","55","112","42","75","50","31","55","55","89","101","116","94",
"공갈","강동","범죄 발생지","","38","31","33","96","40","24","19","39","34","33","45","30","37","44",
"공갈","중구","범죄 발생지","","9","33","14","47","58","17","15","12","10","5","4","17","14","6",
"공갈","서구","범죄 발생지","","15","54","24","63","21","10","31","22","18","18","14","26","26","18",
"공갈","동구","범죄 발생지","","8","31","16","29","25","20","20","13","14","8","17","18","23","15",
"공갈","영도","범죄 발생지","","20","27","18","12","12","17","21","10","11","9","14","17","22","17",
"공갈","부산진","범죄 발생지","","75","95","41","96","59","66","56","58","53","57","41","57","72","81",
"공갈","동래","범죄 발생지","","43","43","25","58","57","20","32","19","19","17","23","32","104","35",
"공갈","남구","범죄 발생지","","33","74","34","133","153","36","28","25","31","44","28","61","45","38",
"공갈","북구","범죄 발생지","","40","54","50","134","60","50","25","29","29","25","19","48","65","37",
"공갈","해운대","범죄 발생지","","58","68","65","117","75","50","48","42","44","46","47","59","74","45",
"공갈","사하","범죄 발생지","","43","58","42","91","45","34","27","31","25","16","24","36","35","31",
"공갈","금정","범죄 발생지","","49","73","36","95","62","33","27","22","25","21","25","36","50","33",
"공갈","강서","범죄 발생지","","6","20","10","23","8","12","9","15","17","12","19","16","30","31",
"공갈","연제","범죄 발생지","","27","46","17","49","49","36","26","40","42","50","36","35","46","33",
"공갈","수영","범죄 발생지","","8","35","22","67","47","19","24","27","14","24","15","10","26","15",
"공갈","사상","범죄 발생지","","35","107","31","56","55","54","46","55","31","28","17","42","34","33",
"공갈","기장군","범죄 발생지","","5","21","8","21","11","23","14","30","22","22","24","35","40","31",
"공갈","중구","범죄 발생지","","50","24","28","75","33","30","11","12","29","41","6","22","23","31",
"공갈","동구","범죄 발생지","","37","48","45","142","58","36","25","29","17","25","29","26","29","41",
"공갈","서구","범죄 발생지","","39","57","38","39","70","33","13","8","15","14","24","27","29","18",
"공갈","남구","범죄 발생지","","31","30","15","43","21","13","19","15","17","8","14","9","15","12",
"공갈","북구","범죄 발생지","","39","98","42","70","114","51","28","30","23","36","20","22","30","49",
"공갈","수성","범죄 발생지","","41","82","38","57","42","41","44","53","30","40","36","39","41","70",
"공갈","달서","범죄 발생지","","77","114","70","94","113","55","56","39","48","36","40","50","60","57",
"공갈","달성군","범죄 발생지","","11","43","14","17","32","8","19","17","10","14","17","11","20","28",
"공갈","군위군","범죄 발생지","","","","","","","","","","","","","","1","-",
"공갈","중구","범죄 발생지","","17","18","13","15","25","30","15","23","39","38","31","45","44","53",
"공갈","동구","범죄 발생지","","4","8","11","7","10","10","5","8","5","8","16","16","10","11",
"공갈","서구","범죄 발생지","","30","60","61","81","47","48","60","53","72","69","92","134","143","103",
"공갈","미추홀","범죄 발생지","","47","102","77","86","62","74","47","86","70","69","79","95","114","100",
"공갈","연수","범죄 발생지","","22","40","28","29","14","16","31","44","65","82","90","77","75","75",
"공갈","남동","범죄 발생지","","41","107","90","88","66","64","50","71","66","66","73","95","132","93",
"공갈","부평","범죄 발생지","","64","126","63","112","52","53","164","62","72","87","67","88","96","92",
"공갈","계양","범죄 발생지","","18","61","27","19","27","15","36","30","28","36","55","54","80","56",
"공갈","강화군","범죄 발생지","","-","2","2","2","7","8","8","6","5","17","9","13","21","4",
"공갈","옹진군","범죄 발생지","","2","-","-","-","-","4","3","-","1","-","3","5","8","2",
"공갈","동구","범죄 발생지","","54","34","17","36","16","23","15","14","11","8","15","11","21","14",
"공갈","서구","범죄 발생지","","45","77","24","42","24","38","37","27","39","20","18","35","36","49",
"공갈","남구","범죄 발생지","","21","23","13","27","8","13","18","14","16","11","14","18","14","10",
"공갈","북구","범죄 발생지","","75","87","36","66","34","67","35","27","29","39","50","26","58","42",
"공갈","광산","범죄 발생지","","51","59","40","57","61","32","40","41","43","40","27","37","54","69",
"공갈","중구","범죄 발생지","","29","75","27","41","32","41","25","36","41","40","25","34","30","37",
"공갈","동구","범죄 발생지","","1","10","15","25","26","30","19","37","24","19","19","52","54","25",
"공갈","서구","범죄 발생지","","56","55","37","40","38","69","47","45","50","53","58","62","81","45",
"공갈","유성","범죄 발생지","","28","12","15","18","31","33","26","25","23","39","45","69","72","36",
"공갈","대덕","범죄 발생지","","20","24","15","17","16","10","7","16","25","23","19","37","30","39",
"공갈","중구","범죄 발생지","","47","33","31","26","12","25","19","15","19","16","15","10","29","10",
"공갈","동구","범죄 발생지","","9","16","8","16","8","11","7","12","6","20","12","14","35","15",
"공갈","남구","범죄 발생지","","60","55","44","76","42","49","36","39","31","38","18","27","62","52",
"공갈","북구","범죄 발생지","","9","13","5","16","15","6","6","9","13","12","9","19","32","18",
"공갈","울주군","범죄 발생지","","12","31","13","32","30","17","18","16","16","16","15","13","54","12",
"약취와 유인","종로","범죄 발생지","","2","3","2","1","1","1","2","1","2","2","1","1","2","1",
"약취와 유인","중구","범죄 발생지","","2","1","1","4","1","-","","-","1","-","1","1","4","-",
"약취와 유인","용산","범죄 발생지","","3","1","-","1","-","1","3","2","1","3","5","1","1","5",
"약취와 유인","성동","범죄 발생지","","-","-","4","3","1","1","1","1","2","1","-","3","3","1",
"약취와 유인","광진","범죄 발생지","","3","2","1","2","5","1","2","-","1","-","-","2","1","2",
"약취와 유인","동대문","범죄 발생지","","3","2","2","2","-","2","2","2","1","3","2","2","4","2",
"약취와 유인","중랑","범죄 발생지","","6","2","1","2","2","1","3","8","3","-","-","4","4","5",
"약취와 유인","성북","범죄 발생지","","1","1","4","-","1","1","1","-","3","1","1","1","-","-",
"약취와 유인","강북","범죄 발생지","","-","1","2","2","1","-","","-","2","1","2","1","4","1",
"약취와 유인","도봉","범죄 발생지","","-","1","-","1","4","2","","1","-","3","-","-","2","1",
"약취와 유인","노원","범죄 발생지","","1","2","3","-","1","-","3","3","3","3","-","5","4","3",
"약취와 유인","은평","범죄 발생지","","1","3","3","2","-","1","2","2","3","3","1","5","2","1",
"약취와 유인","서대문","범죄 발생지","","-","4","2","1","3","-","1","1","2","-","4","8","1","3",
"약취와 유인","마포","범죄 발생지","","-","2","1","2","2","2","1","5","-","3","6","6","1","1",
"약취와 유인","양천","범죄 발생지","","6","1","-","2","3","1","2","1","-","3","-","3","3","5",
"약취와 유인","강서","범죄 발생지","","3","8","6","-","1","3","2","4","2","3","1","4","5","2",
"약취와 유인","구로","범죄 발생지","","-","-","-","1","3","-","2","4","3","-","4","-","4","-",
"약취와 유인","금천","범죄 발생지","","1","2","1","2","3","2","3","1","3","3","1","4","2","-",
"약취와 유인","영등포","범죄 발생지","","7","1","1","3","2","1","2","9","3","1","2","2","2","3",
"약취와 유인","동작","범죄 발생지","","1","5","-","1","1","3","","1","-","2","2","1","2","3",
"약취와 유인","관악","범죄 발생지","","4","1","2","4","2","1","5","2","6","5","4","4","4","4",
"약취와 유인","서초","범죄 발생지","","3","2","1","1","2","3","3","-","8","3","8","2","6","6",
"약취와 유인","강남","범죄 발생지","","6","1","2","2","4","7","4","3","6","8","5","4","5","5",
"약취와 유인","송파","범죄 발생지","","6","3","2","1","1","1","4","-","3","3","4","7","4","2",
"약취와 유인","강동","범죄 발생지","","3","1","-","-","2","3","3","2","2","-","-","1","-","6",
"약취와 유인","중구","범죄 발생지","","-","-","-","-","-","-","","-","-","-","-","-","-","-",
"약취와 유인","서구","범죄 발생지","","1","-","1","-","-","-","1","-","1","-","-","-","-","-",
"약취와 유인","동구","범죄 발생지","","3","-","-","-","-","3","3","-","-","-","-","4","-","2",
"약취와 유인","영도","범죄 발생지","","-","2","-","-","-","-","","-","-","2","-","-","1","-",
"약취와 유인","부산진","범죄 발생지","","3","2","2","1","-","-","2","2","-","1","-","3","11","5",
"약취와 유인","동래","범죄 발생지","","2","2","-","-","-","2","1","-","1","1","1","-","2","3",
"약취와 유인","남구","범죄 발생지","","1","2","-","1","-","2","","2","3","-","2","-","1","1",
"약취와 유인","북구","범죄 발생지","","11","1","3","-","1","3","4","1","2","-","-","1","-","-",
"약취와 유인","해운대","범죄 발생지","","3","1","1","3","2","1","2","-","2","2","1","1","2","2",
"약취와 유인","사하","범죄 발생지","","2","1","2","2","1","-","1","1","1","4","2","3","2","3",
"약취와 유인","금정","범죄 발생지","","2","2","2","2","1","3","1","-","1","1","1","1","2","1",
"약취와 유인","강서","범죄 발생지","","-","-","-","-","-","-","","-","-","-","1","-","-","2",
"약취와 유인","연제","범죄 발생지","","1","1","4","2","1","4","1","2","2","-","3","1","1","-",
"약취와 유인","수영","범죄 발생지","","-","1","2","-","-","1","4","-","1","-","1","3","1","-",
"약취와 유인","사상","범죄 발생지","","2","1","-","-","2","-","","1","1","-","-","-","2","2",
"약취와 유인","기장군","범죄 발생지","","-","-","-","-","-","-","","2","1","-","-","1","-","3",
"약취와 유인","중구","범죄 발생지","","-","1","-","-","-","-","2","1","-","-","-","-","-","1",
"약취와 유인","동구","범죄 발생지","","1","1","1","1","1","1","","1","1","-","1","2","2","2",
"약취와 유인","서구","범죄 발생지","","1","-","-","2","2","2","","-","1","-","-","-","2","1",
"약취와 유인","남구","범죄 발생지","","1","-","-","1","1","1","","-","-","-","-","-","1","-",
"약취와 유인","북구","범죄 발생지","","2","-","1","-","1","3","1","1","-","1","4","3","2","1",
"약취와 유인","수성","범죄 발생지","","1","-","-","1","1","1","5","1","-","1","-","2","1","-",
"약취와 유인","달서","범죄 발생지","","1","2","-","3","1","-","","-","-","1","1","1","4","1",
"약취와 유인","달성군","범죄 발생지","","1","-","1","-","-","-","","1","-","-","-","-","-","3",
"약취와 유인","군위군","범죄 발생지","","","","","","","","","","","","","","1","-",
"약취와 유인","중구","범죄 발생지","","2","-","2","1","-","2","1","1","2","1","-","-","1","1",
"약취와 유인","동구","범죄 발생지","","1","-","-","-","-","-","","-","-","-","-","-","-","-",
"약취와 유인","서구","범죄 발생지","","3","-","-","2","3","-","6","4","-","1","-","3","6","12",
"약취와 유인","미추홀","범죄 발생지","","2","-","-","-","2","2","1","2","2","3","1","5","3","4",
"약취와 유인","연수","범죄 발생지","","-","2","2","1","1","2","2","2","1","1","8","3","3","1",
"약취와 유인","남동","범죄 발생지","","1","1","-","3","3","2","","2","1","1","5","4","2","3",
"약취와 유인","부평","범죄 발생지","","2","3","3","1","2","1","3","3","3","4","5","3","5","4",
"약취와 유인","계양","범죄 발생지","","2","5","1","-","-","1","2","-","2","2","-","-","1","2",
"약취와 유인","강화군","범죄 발생지","","-","-","-","3","2","-","","1","1","-","-","-","-","-",
"약취와 유인","옹진군","범죄 발생지","","-","-","-","-","-","-","","-","-","-","-","-","-","1",
"약취와 유인","동구","범죄 발생지","","1","-","-","-","-","1","","-","2","1","2","-","-","-",
"약취와 유인","서구","범죄 발생지","","2","2","2","8","1","2","1","1","-","-","1","1","2","-",
"약취와 유인","남구","범죄 발생지","","1","-","-","1","1","1","","2","-","1","-","-","2","-",
"약취와 유인","북구","범죄 발생지","","6","-","1","-","3","1","2","-","-","1","3","3","2","7",
"약취와 유인","광산","범죄 발생지","","6","2","4","-","-","3","","-","2","1","3","4","3","-",
"약취와 유인","중구","범죄 발생지","","1","3","-","1","1","-","1","1","1","1","2","-","1","3",
"약취와 유인","동구","범죄 발생지","","-","-","-","1","1","1","1","1","2","3","1","-","1","-",
"약취와 유인","서구","범죄 발생지","","1","1","2","1","-","1","3","-","1","1","1","2","3","2",
"약취와 유인","유성","범죄 발생지","","2","2","-","1","2","1","2","1","1","1","4","-","3","-",
"약취와 유인","대덕","범죄 발생지","","1","-","1","1","-","1","","-","-","-","1","-","-","3",
"약취와 유인","중구","범죄 발생지","","-","-","2","-","-","-","1","-","-","1","1","1","1","2",
"약취와 유인","동구","범죄 발생지","","-","1","-","3","1","1","3","-","-","2","1","1","2","2",
"약취와 유인","남구","범죄 발생지","","-","3","1","2","-","2","4","-","1","1","2","2","3","3",
"약취와 유인","북구","범죄 발생지","","-","-","-","-","-","-","","1","-","-","-","-","3","2",
"약취와 유인","울주군","범죄 발생지","","1","-","-","1","-","-","","1","1","1","1","1","1","-",
"체포와 감금","종로","범죄 발생지","","13","5","7","15","10","10","9","12","11","4","7","7","6","3",
"체포와 감금","중구","범죄 발생지","","4","4","3","15","5","6","16","10","6","6","9","10","10","5",
"체포와 감금","용산","범죄 발생지","","4","4","4","2","4","12","4","8","6","12","10","9","8","9",
"체포와 감금","성동","범죄 발생지","","3","3","1","11","1","4","4","1","3","9","-","6","5","1",
"체포와 감금","광진","범죄 발생지","","3","5","9","6","17","8","10","10","11","13","10","8","5","8",
"체포와 감금","동대문","범죄 발생지","","4","6","3","7","7","16","11","5","9","18","10","9","11","3",
"체포와 감금","중랑","범죄 발생지","","3","4","6","4","8","22","15","13","11","10","7","15","6","3",
"체포와 감금","성북","범죄 발생지","","6","3","3","4","10","7","","7","5","8","15","4","5","7",
"체포와 감금","강북","범죄 발생지","","5","4","5","5","5","8","15","13","7","2","6","10","5","3",
"체포와 감금","도봉","범죄 발생지","","2","5","3","2","4","3","2","7","6","2","6","8","4","3",
"체포와 감금","노원","범죄 발생지","","5","8","4","7","8","12","11","6","12","4","6","9","5","2",
"체포와 감금","은평","범죄 발생지","","7","4","8","13","10","24","12","11","12","8","2","9","5","5",
"체포와 감금","서대문","범죄 발생지","","6","14","6","2","3","8","4","4","7","6","8","9","4","5",
"체포와 감금","마포","범죄 발생지","","10","3","3","9","13","11","7","8","12","7","15","8","10","10",
"체포와 감금","양천","범죄 발생지","","5","5","5","7","4","1","6","5","4","6","10","10","11","3",
"체포와 감금","강서","범죄 발생지","","6","7","10","14","9","22","21","25","27","14","16","20","14","13",
"체포와 감금","구로","범죄 발생지","","10","6","3","4","9","6","22","10","5","10","10","17","7","3",
"체포와 감금","금천","범죄 발생지","","9","3","7","4","3","11","5","11","7","10","17","7","10","5",
"체포와 감금","영등포","범죄 발생지","","7","6","6","15","15","11","14","11","16","18","8","11","12","10",
"체포와 감금","동작","범죄 발생지","","2","4","5","6","8","3","4","3","7","8","7","7","8","4",
"체포와 감금","관악","범죄 발생지","","10","14","8","7","10","16","18","13","14","13","17","16","12","17",
"체포와 감금","서초","범죄 발생지","","5","7","6","12","23","17","24","16","16","11","14","17","20","15",
"체포와 감금","강남","범죄 발생지","","14","20","19","24","33","37","43","29","15","34","35","33","30","31",
"체포와 감금","송파","범죄 발생지","","9","12","8","23","14","15","25","10","13","17","13","17","9","18",
"체포와 감금","강동","범죄 발생지","","6","8","8","13","8","14","14","4","8","10","15","10","11","4",
"체포와 감금","중구","범죄 발생지","","-","1","3","6","4","6","6","3","2","2","2","1","2","2",
"체포와 감금","서구","범죄 발생지","","-","2","1","2","2","4","3","4","2","2","-","4","3","3",
"체포와 감금","동구","범죄 발생지","","1","6","-","3","3","2","6","4","1","4","4","5","2","-",
"체포와 감금","영도","범죄 발생지","","-","3","3","1","-","5","1","2","1","3","2","3","2","1",
"체포와 감금","부산진","범죄 발생지","","7","9","7","12","7","15","15","16","11","14","20","15","14","8",
"체포와 감금","동래","범죄 발생지","","2","8","6","5","7","9","4","4","2","8","4","5","5","4",
"체포와 감금","남구","범죄 발생지","","4","6","3","2","13","6","9","9","3","8","4","4","5","10",
"체포와 감금","북구","범죄 발생지","","7","4","3","6","9","4","8","4","5","3","3","5","7","3",
"체포와 감금","해운대","범죄 발생지","","6","9","5","7","11","9","7","12","11","15","14","10","13","11",
"체포와 감금","사하","범죄 발생지","","4","7","4","10","9","8","3","6","4","5","6","1","4","4",
"체포와 감금","금정","범죄 발생지","","3","5","1","6","5","8","4","10","4","6","5","5","3","2",
"체포와 감금","강서","범죄 발생지","","3","-","-","1","2","1","3","-","2","4","4","3","1","3",
"체포와 감금","연제","범죄 발생지","","4","3","3","3","11","5","4","4","4","6","5","8","8","7",
"체포와 감금","수영","범죄 발생지","","2","5","3","4","3","8","1","5","3","6","7","3","6","3",
"체포와 감금","사상","범죄 발생지","","4","11","7","8","13","6","8","7","7","8","2","5","6","3",
"체포와 감금","기장군","범죄 발생지","","2","-","3","2","1","1","6","10","4","5","4","8","3","3",
"체포와 감금","중구","범죄 발생지","","2","4","1","4","2","5","5","1","5","4","4","3","3","4",
"체포와 감금","동구","범죄 발생지","","7","6","8","9","12","8","13","14","8","9","12","8","9","7",
"체포와 감금","서구","범죄 발생지","","2","4","3","3","4","8","2","6","4","5","3","4","5","7",
"체포와 감금","남구","범죄 발생지","","2","-","2","2","1","4","1","2","5","3","3","2","4","2",
"체포와 감금","북구","범죄 발생지","","5","3","6","6","3","6","9","12","17","7","9","7","6","9",
"체포와 감금","수성","범죄 발생지","","9","11","14","13","11","15","24","11","12","8","4","6","3","3",
"체포와 감금","달서","범죄 발생지","","5","2","7","11","13","11","9","14","16","17","14","17","11","16",
"체포와 감금","달성군","범죄 발생지","","2","1","4","2","2","1","17","4","13","5","6","3","-","1",
"체포와 감금","군위군","범죄 발생지","","","","","","","","","","","","","","-","-",
"체포와 감금","중구","범죄 발생지","","5","3","3","11","5","6","7","4","9","8","6","9","4","6",
"체포와 감금","동구","범죄 발생지","","-","1","1","-","1","2","1","-","2","4","2","3","2","2",
"체포와 감금","서구","범죄 발생지","","7","5","7","13","18","43","57","40","25","19","12","25","20","17",
"체포와 감금","미추홀","범죄 발생지","","10","4","8","18","16","32","57","27","104","27","26","18","30","30",
"체포와 감금","연수","범죄 발생지","","3","4","1","1","5","8","6","2","7","3","7","5","6","6",
"체포와 감금","남동","범죄 발생지","","2","6","8","16","19","40","36","25","28","22","22","11","16","10",
"체포와 감금","부평","범죄 발생지","","4","6","10","10","13","16","51","26","29","30","21","39","26","19",
"체포와 감금","계양","범죄 발생지","","6","6","1","7","15","11","17","12","14","13","10","11","10","11",
"체포와 감금","강화군","범죄 발생지","","2","2","4","9","7","4","4","2","-","1","3","-","3","1",
"체포와 감금","옹진군","범죄 발생지","","-","-","-","-","1","-","1","-","-","-","-","-","1","-",
"체포와 감금","동구","범죄 발생지","","4","2","3","4","9","9","4","2","4","8","5","4","4","3",
"체포와 감금","서구","범죄 발생지","","8","6","4","6","10","14","15","19","21","9","18","13","11","6",
"체포와 감금","남구","범죄 발생지","","-","2","4","1","6","6","2","6","6","2","5","1","5","3",
"체포와 감금","북구","범죄 발생지","","16","9","6","20","8","3","8","8","16","13","25","10","13","6",
"체포와 감금","광산","범죄 발생지","","1","6","10","4","4","14","16","15","13","9","12","12","15","18",
"체포와 감금","중구","범죄 발생지","","4","4","5","11","8","3","22","8","10","4","6","5","9","8",
"체포와 감금","동구","범죄 발생지","","-","3","4","3","10","7","6","7","3","4","5","7","9","6",
"체포와 감금","서구","범죄 발생지","","1","9","9","13","13","11","15","16","14","15","12","16","8","12",
"체포와 감금","유성","범죄 발생지","","2","2","6","8","8","10","4","4","9","10","12","5","3","5",
"체포와 감금","대덕","범죄 발생지","","5","1","3","1","8","5","5","7","4","4","4","2","3","3",
"체포와 감금","중구","범죄 발생지","","3","-","2","1","3","5","2","2","8","4","1","5","2","2",
"체포와 감금","동구","범죄 발생지","","-","-","3","5","3","2","5","5","8","2","5","6","2","4",
"체포와 감금","남구","범죄 발생지","","7","4","17","14","10","10","14","12","20","27","19","20","7","10",
"체포와 감금","북구","범죄 발생지","","1","2","2","-","4","2","5","2","2","3","4","1","5","1",
"체포와 감금","울주군","범죄 발생지","","5","4","6","3","6","12","5","7","3","5","4","7","3","5",
"폭력행위등(손괴·강요·주거침입등)","종로","범죄 발생지","","","","","11","62","13","9","14","12","5","8","1","9","3",
"폭력행위등(손괴·강요·주거침입등)","중구","범죄 발생지","","","","","19","18","6","10","3","14","11","12","10","18","19",
"폭력행위등(손괴·강요·주거침입등)","용산","범죄 발생지","","","","","7","9","10","12","2","2","1","8","3","15","14",
"폭력행위등(손괴·강요·주거침입등)","성동","범죄 발생지","","","","","5","9","2","4","4","3","8","6","4","3","4",
"폭력행위등(손괴·강요·주거침입등)","광진","범죄 발생지","","","","","13","9","5","9","5","3","10","11","10","9","3",
"폭력행위등(손괴·강요·주거침입등)","동대문","범죄 발생지","","","","","13","18","12","7","4","6","9","2","3","7","11",
"폭력행위등(손괴·강요·주거침입등)","중랑","범죄 발생지","","","","","6","11","1","3","5","4","4","6","6","7","8",
"폭력행위등(손괴·강요·주거침입등)","성북","범죄 발생지","","","","","14","18","6","7","2","6","5","14","8","7","6",
"폭력행위등(손괴·강요·주거침입등)","강북","범죄 발생지","","","","","10","58","2","3","2","11","6","4","9","9","7",
"폭력행위등(손괴·강요·주거침입등)","도봉","범죄 발생지","","","","","4","5","3","2","4","8","3","3","5","6","5",
"폭력행위등(손괴·강요·주거침입등)","노원","범죄 발생지","","","","","4","6","3","7","6","5","4","6","4","7","7",
"폭력행위등(손괴·강요·주거침입등)","은평","범죄 발생지","","","","","14","23","4","3","6","5","8","18","10","7","6",
"폭력행위등(손괴·강요·주거침입등)","서대문","범죄 발생지","","","","","7","5","5","","3","2","2","2","4","7","4",
"폭력행위등(손괴·강요·주거침입등)","마포","범죄 발생지","","","","","29","17","19","9","14","7","7","8","8","11","4",
"폭력행위등(손괴·강요·주거침입등)","양천","범죄 발생지","","","","","11","13","6","3","5","4","4","7","3","12","5",
"폭력행위등(손괴·강요·주거침입등)","강서","범죄 발생지","","","","","12","18","12","12","8","7","9","13","8","16","10",
"폭력행위등(손괴·강요·주거침입등)","구로","범죄 발생지","","","","","10","19","5","5","8","8","7","8","15","9","8",
"폭력행위등(손괴·강요·주거침입등)","금천","범죄 발생지","","","","","5","14","4","7","6","3","7","4","14","6","3",
"폭력행위등(손괴·강요·주거침입등)","영등포","범죄 발생지","","","","","23","18","20","26","12","13","17","12","20","14","16",
"폭력행위등(손괴·강요·주거침입등)","동작","범죄 발생지","","","","","17","10","5","4","5","5","4","10","11","4","2",
"폭력행위등(손괴·강요·주거침입등)","관악","범죄 발생지","","","","","19","56","7","11","10","11","9","7","18","30","12",
"폭력행위등(손괴·강요·주거침입등)","서초","범죄 발생지","","","","","13","19","10","8","5","5","6","7","12","15","9",
"폭력행위등(손괴·강요·주거침입등)","강남","범죄 발생지","","","","","18","23","15","10","18","8","15","19","22","18","11",
"폭력행위등(손괴·강요·주거침입등)","송파","범죄 발생지","","","","","23","19","5","5","3","6","10","11","5","12","8",
"폭력행위등(손괴·강요·주거침입등)","강동","범죄 발생지","","","","","10","20","9","5","3","5","1","4","3","5","8",
"폭력행위등(손괴·강요·주거침입등)","중구","범죄 발생지","","","","","4","2","-","","-","-","1","2","4","1","2",
"폭력행위등(손괴·강요·주거침입등)","서구","범죄 발생지","","","","","1","5","3","1","-","-","2","1","3","3","2",
"폭력행위등(손괴·강요·주거침입등)","동구","범죄 발생지","","","","","-","6","-","1","1","2","2","2","5","1","1",
"폭력행위등(손괴·강요·주거침입등)","영도","범죄 발생지","","","","","6","3","1","2","1","2","2","3","3","2","4",
"폭력행위등(손괴·강요·주거침입등)","부산진","범죄 발생지","","","","","16","16","6","6","3","4","11","9","16","23","11",
"폭력행위등(손괴·강요·주거침입등)","동래","범죄 발생지","","","","","6","16","3","3","2","-","5","12","7","9","7",
"폭력행위등(손괴·강요·주거침입등)","남구","범죄 발생지","","","","","3","26","2","4","1","1","4","9","13","11","8",
"폭력행위등(손괴·강요·주거침입등)","북구","범죄 발생지","","","","","9","4","2","4","1","6","-","2","5","3","3",
"폭력행위등(손괴·강요·주거침입등)","해운대","범죄 발생지","","","","","5","15","4","11","10","6","8","8","13","8","8",
"폭력행위등(손괴·강요·주거침입등)","사하","범죄 발생지","","","","","4","10","2","2","-","1","6","9","6","3","7",
"폭력행위등(손괴·강요·주거침입등)","금정","범죄 발생지","","","","","9","14","5","5","1","1","2","5","7","6","2",
"폭력행위등(손괴·강요·주거침입등)","강서","범죄 발생지","","","","","2","4","1","3","1","5","8","-","3","4","4",
"폭력행위등(손괴·강요·주거침입등)","연제","범죄 발생지","","","","","4","6","7","3","2","1","8","6","5","6","1",
"폭력행위등(손괴·강요·주거침입등)","수영","범죄 발생지","","","","","5","5","2","2","3","6","2","1","6","5","4",
"폭력행위등(손괴·강요·주거침입등)","사상","범죄 발생지","","","","","13","5","2","1","1","2","2","1","5","2","6",
"폭력행위등(손괴·강요·주거침입등)","기장군","범죄 발생지","","","","","2","3","3","1","1","3","2","3","4","10","7",
"폭력행위등(손괴·강요·주거침입등)","중구","범죄 발생지","","","","","6","4","2","7","2","7","4","5","2","3","-",
"폭력행위등(손괴·강요·주거침입등)","동구","범죄 발생지","","","","","29","13","5","2","2","5","3","9","11","18","14",
"폭력행위등(손괴·강요·주거침입등)","서구","범죄 발생지","","","","","9","3","2","3","1","-","-","2","2","3","1",
"폭력행위등(손괴·강요·주거침입등)","남구","범죄 발생지","","","","","5","10","3","","3","2","6","5","2","3","3",
"폭력행위등(손괴·강요·주거침입등)","북구","범죄 발생지","","","","","10","12","3","11","7","8","7","3","10","13","6",
"폭력행위등(손괴·강요·주거침입등)","수성","범죄 발생지","","","","","15","25","8","7","3","7","6","3","7","7","9",
"폭력행위등(손괴·강요·주거침입등)","달서","범죄 발생지","","","","","31","13","10","9","5","8","8","14","7","11","16",
"폭력행위등(손괴·강요·주거침입등)","달성군","범죄 발생지","","","","","7","8","4","4","3","4","2","3","1","7","3",
"폭력행위등(손괴·강요·주거침입등)","군위군","범죄 발생지","","","","","","","","","","","","","","1","1",
"폭력행위등(손괴·강요·주거침입등)","중구","범죄 발생지","","","","","5","8","3","3","1","-","1","9","14","8","4",
"폭력행위등(손괴·강요·주거침입등)","동구","범죄 발생지","","","","","10","1","-","","2","-","-","1","-","-","-",
"폭력행위등(손괴·강요·주거침입등)","서구","범죄 발생지","","","","","18","24","11","27","34","23","18","19","16","25","19",
"폭력행위등(손괴·강요·주거침입등)","미추홀","범죄 발생지","","","","","12","9","20","10","8","12","6","11","9","15","15",
"폭력행위등(손괴·강요·주거침입등)","연수","범죄 발생지","","","","","10","11","3","14","6","5","2","4","2","7","5",
"폭력행위등(손괴·강요·주거침입등)","남동","범죄 발생지","","","","","23","24","12","3","3","1","12","15","17","18","17",
"폭력행위등(손괴·강요·주거침입등)","부평","범죄 발생지","","","","","14","34","6","8","10","7","11","13","16","18","8",
"폭력행위등(손괴·강요·주거침입등)","계양","범죄 발생지","","","","","14","8","3","1","5","4","8","8","9","16","12",
"폭력행위등(손괴·강요·주거침입등)","강화군","범죄 발생지","","","","","2","4","-","2","-","-","1","1","3","14","10",
"폭력행위등(손괴·강요·주거침입등)","옹진군","범죄 발생지","","","","","2","1","-","1","-","-","-","1","-","-","1",
"폭력행위등(손괴·강요·주거침입등)","동구","범죄 발생지","","","","","2","4","4","4","2","2","6","4","1","2","1",
"폭력행위등(손괴·강요·주거침입등)","서구","범죄 발생지","","","","","38","12","7","5","2","3","5","8","5","4","8",
"폭력행위등(손괴·강요·주거침입등)","남구","범죄 발생지","","","","","11","7","1","2","4","3","5","7","3","1","2",
"폭력행위등(손괴·강요·주거침입등)","북구","범죄 발생지","","","","","25","5","5","3","7","6","6","12","2","6","6",
"폭력행위등(손괴·강요·주거침입등)","광산","범죄 발생지","","","","","12","13","4","","4","2","6","6","9","8","7",
"폭력행위등(손괴·강요·주거침입등)","중구","범죄 발생지","","","","","6","9","4","4","4","5","3","9","13","6","2",
"폭력행위등(손괴·강요·주거침입등)","동구","범죄 발생지","","","","","11","12","2","6","4","2","2","3","4","7","7",
"폭력행위등(손괴·강요·주거침입등)","서구","범죄 발생지","","","","","23","22","8","5","5","7","10","10","8","10","18",
"폭력행위등(손괴·강요·주거침입등)","유성","범죄 발생지","","","","","5","10","7","2","5","1","5","4","4","10","6",
"폭력행위등(손괴·강요·주거침입등)","대덕","범죄 발생지","","","","","11","2","5","3","1","2","1","-","10","8","4",
"폭력행위등(손괴·강요·주거침입등)","중구","범죄 발생지","","","","","4","9","3","2","2","4","1","11","5","13","9",
"폭력행위등(손괴·강요·주거침입등)","동구","범죄 발생지","","","","","3","11","1","","2","2","4","7","3","6","-",
"폭력행위등(손괴·강요·주거침입등)","남구","범죄 발생지","","","","","12","18","3","5","5","9","7","9","16","12","7",
"폭력행위등(손괴·강요·주거침입등)","북구","범죄 발생지","","","","","1","5","4","2","1","1","3","3","11","13","5",
"폭력행위등(손괴·강요·주거침입등)","울주군","범죄 발생지","","","","","3","9","1","2","4","2","1","6","3","11","4",
"폭력행위등(단체등의구성·활동)","종로","범죄 발생지","","22","24","7","3","14","-","","1","1","-","-","1","1","-",
"폭력행위등(단체등의구성·활동)","중구","범죄 발생지","","21","28","10","9","9","2","1","-","3","-","-","-","1","3",
"폭력행위등(단체등의구성·활동)","용산","범죄 발생지","","45","33","12","18","7","2","","2","3","-","3","1","2","-",
"폭력행위등(단체등의구성·활동)","성동","범죄 발생지","","13","22","3","8","4","-","","-","-","-","-","-","-","-",
"폭력행위등(단체등의구성·활동)","광진","범죄 발생지","","19","17","4","9","3","-","1","-","-","1","-","-","-","1",
"폭력행위등(단체등의구성·활동)","동대문","범죄 발생지","","16","9","11","5","4","-","","-","-","1","1","-","-","-",
"폭력행위등(단체등의구성·활동)","중랑","범죄 발생지","","34","28","13","15","4","-","","-","-","1","1","-","-","-",
"폭력행위등(단체등의구성·활동)","성북","범죄 발생지","","10","12","8","9","10","1","","1","1","-","-","-","1","-",
"폭력행위등(단체등의구성·활동)","강북","범죄 발생지","","23","13","11","6","10","2","","-","-","1","-","2","1","-",
"폭력행위등(단체등의구성·활동)","도봉","범죄 발생지","","13","7","5","1","1","1","2","-","-","1","1","-","-","-",
"폭력행위등(단체등의구성·활동)","노원","범죄 발생지","","31","23","19","13","13","1","","1","1","-","-","2","-","-",
"폭력행위등(단체등의구성·활동)","은평","범죄 발생지","","38","14","11","14","10","1","","1","-","2","-","2","-","1",
"폭력행위등(단체등의구성·활동)","서대문","범죄 발생지","","19","49","26","12","11","2","","-","-","-","-","-","1","-",
"폭력행위등(단체등의구성·활동)","마포","범죄 발생지","","27","18","5","4","11","-","","2","-","-","1","2","2","1",
"폭력행위등(단체등의구성·활동)","양천","범죄 발생지","","21","19","11","6","10","-","","-","1","1","-","1","1","-",
"폭력행위등(단체등의구성·활동)","강서","범죄 발생지","","31","20","11","10","11","-","","-","-","-","1","1","2","3",
"폭력행위등(단체등의구성·활동)","구로","범죄 발생지","","40","35","11","18","14","-","","1","-","2","2","-","-","-",
"폭력행위등(단체등의구성·활동)","금천","범죄 발생지","","19","7","5","11","2","1","","-","-","-","-","-","1","-",
"폭력행위등(단체등의구성·활동)","영등포","범죄 발생지","","37","30","16","28","11","3","","1","1","3","-","3","1","1",
"폭력행위등(단체등의구성·활동)","동작","범죄 발생지","","22","14","5","4","8","1","","1","2","-","-","-","1","-",
"폭력행위등(단체등의구성·활동)","관악","범죄 발생지","","53","13","20","17","9","-","","-","1","-","-","1","-","1",
"폭력행위등(단체등의구성·활동)","서초","범죄 발생지","","15","18","7","6","8","1","","-","2","1","-","-","2","1",
"폭력행위등(단체등의구성·활동)","강남","범죄 발생지","","64","60","22","17","20","2","","1","3","2","1","1","3","1",
"폭력행위등(단체등의구성·활동)","송파","범죄 발생지","","36","38","16","11","5","2","1","2","2","-","-","-","-","-",
"폭력행위등(단체등의구성·활동)","강동","범죄 발생지","","18","20","9","17","11","1","","3","5","1","-","1","-","-",
"폭력행위등(단체등의구성·활동)","중구","범죄 발생지","","18","13","3","6","7","6","","1","-","-","-","-","-","1",
"폭력행위등(단체등의구성·활동)","서구","범죄 발생지","","13","10","10","6","-","-","1","-","-","-","-","2","1","-",
"폭력행위등(단체등의구성·활동)","동구","범죄 발생지","","7","15","8","4","6","-","2","1","-","2","1","-","-","-",
"폭력행위등(단체등의구성·활동)","영도","범죄 발생지","","11","6","3","1","10","-","","-","9","1","-","-","-","1",
"폭력행위등(단체등의구성·활동)","부산진","범죄 발생지","","35","43","11","17","11","3","1","2","3","-","1","1","3","1",
"폭력행위등(단체등의구성·활동)","동래","범죄 발생지","","19","24","8","8","9","-","","-","1","-","-","1","-","-",
"폭력행위등(단체등의구성·활동)","남구","범죄 발생지","","8","13","4","8","3","-","","-","1","-","-","-","-","-",
"폭력행위등(단체등의구성·활동)","북구","범죄 발생지","","30","11","5","7","3","-","","1","-","-","-","-","1","-",
"폭력행위등(단체등의구성·활동)","해운대","범죄 발생지","","26","23","7","17","8","2","5","2","-","-","-","2","1","5",
"폭력행위등(단체등의구성·활동)","사하","범죄 발생지","","35","15","6","4","5","-","","-","-","-","-","1","-","-",
"폭력행위등(단체등의구성·활동)","금정","범죄 발생지","","18","22","13","7","4","1","1","1","1","-","-","-","-","-",
"폭력행위등(단체등의구성·활동)","강서","범죄 발생지","","11","10","4","1","7","-","1","-","-","1","-","-","-","-",
"폭력행위등(단체등의구성·활동)","연제","범죄 발생지","","19","6","1","4","3","1","1","-","1","-","1","-","2","1",
"폭력행위등(단체등의구성·활동)","수영","범죄 발생지","","17","7","3","5","2","2","","-","-","1","-","-","-","1",
"폭력행위등(단체등의구성·활동)","사상","범죄 발생지","","19","27","11","4","7","-","1","1","1","-","1","-","-","2",
"폭력행위등(단체등의구성·활동)","기장군","범죄 발생지","","5","3","3","2","6","-","","2","-","-","-","-","-","-",
"폭력행위등(단체등의구성·활동)","중구","범죄 발생지","","18","12","3","2","5","2","1","-","-","-","2","-","-","-",
"폭력행위등(단체등의구성·활동)","동구","범죄 발생지","","31","28","12","11","10","1","","1","-","1","-","-","-","-",
"폭력행위등(단체등의구성·활동)","서구","범죄 발생지","","30","25","5","7","3","-","","1","-","-","1","-","-","-",
"폭력행위등(단체등의구성·활동)","남구","범죄 발생지","","15","12","3","7","7","-","","-","1","1","-","1","-","-",
"폭력행위등(단체등의구성·활동)","북구","범죄 발생지","","25","16","12","8","4","-","","1","1","-","-","-","-","1",
"폭력행위등(단체등의구성·활동)","수성","범죄 발생지","","28","18","15","8","6","-","","-","-","-","-","-","-","2",
"폭력행위등(단체등의구성·활동)","달서","범죄 발생지","","35","19","9","12","13","-","","-","1","1","1","1","-","-",
"폭력행위등(단체등의구성·활동)","달성군","범죄 발생지","","8","6","2","4","4","1","","-","1","-","-","-","-","-",
"폭력행위등(단체등의구성·활동)","군위군","범죄 발생지","","","","","","","","","","","","","","-","-",
"폭력행위등(단체등의구성·활동)","중구","범죄 발생지","","12","10","4","8","6","-","","-","-","-","1","-","-","-",
"폭력행위등(단체등의구성·활동)","동구","범죄 발생지","","7","3","3","2","5","3","","1","-","-","-","-","-","-",
"폭력행위등(단체등의구성·활동)","서구","범죄 발생지","","26","13","6","7","4","-","","1","1","-","-","1","-","1",
"폭력행위등(단체등의구성·활동)","미추홀","범죄 발생지","","31","42","15","13","12","3","2","1","-","1","2","5","5","2",
"폭력행위등(단체등의구성·활동)","연수","범죄 발생지","","10","4","2","4","1","-","3","6","1","1","-","-","-","1",
"폭력행위등(단체등의구성·활동)","남동","범죄 발생지","","22","31","5","10","11","10","3","-","-","2","-","2","-","1",
"폭력행위등(단체등의구성·활동)","부평","범죄 발생지","","30","23","10","11","8","3","2","1","-","2","1","-","-","4",
"폭력행위등(단체등의구성·활동)","계양","범죄 발생지","","20","35","12","5","3","-","","-","-","1","1","-","-","-",
"폭력행위등(단체등의구성·활동)","강화군","범죄 발생지","","6","2","2","4","2","-","","-","-","-","-","-","1","-",
"폭력행위등(단체등의구성·활동)","옹진군","범죄 발생지","","2","-","-","1","-","-","","-","-","-","-","-","-","-",
"폭력행위등(단체등의구성·활동)","동구","범죄 발생지","","11","9","4","3","1","-","","-","-","2","-","3","-","-",
"폭력행위등(단체등의구성·활동)","서구","범죄 발생지","","22","11","7","11","7","-","2","4","-","2","2","2","2","3",
"폭력행위등(단체등의구성·활동)","남구","범죄 발생지","","8","3","1","-","2","-","1","-","1","-","-","-","-","-",
"폭력행위등(단체등의구성·활동)","북구","범죄 발생지","","10","16","5","7","6","3","3","8","3","-","1","2","-","2",
"폭력행위등(단체등의구성·활동)","광산","범죄 발생지","","26","22","8","3","5","1","","4","-","4","3","-","1","1",
"폭력행위등(단체등의구성·활동)","중구","범죄 발생지","","20","20","8","5","7","2","","-","-","-","-","-","-","-",
"폭력행위등(단체등의구성·활동)","동구","범죄 발생지","","-","9","10","4","3","-","","-","-","-","-","-","-","-",
"폭력행위등(단체등의구성·활동)","서구","범죄 발생지","","23","29","16","14","8","1","","-","-","-","-","1","-","1",
"폭력행위등(단체등의구성·활동)","유성","범죄 발생지","","6","11","3","5","3","-","","-","1","-","-","-","-","1",
"폭력행위등(단체등의구성·활동)","대덕","범죄 발생지","","9","10","7","6","5","-","1","-","-","-","1","-","-","-",
"폭력행위등(단체등의구성·활동)","중구","범죄 발생지","","9","12","5","9","6","1","","-","1","-","-","-","-","1",
"폭력행위등(단체등의구성·활동)","동구","범죄 발생지","","11","13","5","6","4","-","","-","-","-","-","-","-","-",
"폭력행위등(단체등의구성·활동)","남구","범죄 발생지","","27","19","18","6","18","-","","1","-","-","-","-","1","1",
"폭력행위등(단체등의구성·활동)","북구","범죄 발생지","","3","2","4","5","5","-","1","-","-","-","1","-","-","-",
"폭력행위등(단체등의구성·활동)","울주군","범죄 발생지","","11","19","1","6","11","-","1","-","-","1","-","-","-","1",
"폭력행위 등 처벌에 관한법률","종로","범죄 발생지","","292","263","287","","","","","","","","","","","",
"폭력행위 등 처벌에 관한법률","중구","범죄 발생지","","341","332","291","","","","","","","","","","","",
"폭력행위 등 처벌에 관한법률","용산","범죄 발생지","","282","298","234","","","","","","","","","","","",
"폭력행위 등 처벌에 관한법률","성동","범죄 발생지","","182","196","164","","","","","","","","","","","",
"폭력행위 등 처벌에 관한법률","광진","범죄 발생지","","341","454","377","","","","","","","","","","","",
"폭력행위 등 처벌에 관한법률","동대문","범죄 발생지","","340","333","247","","","","","","","","","","","",
"폭력행위 등 처벌에 관한법률","중랑","범죄 발생지","","442","417","312","","","","","","","","","","","",
"폭력행위 등 처벌에 관한법률","성북","범죄 발생지","","252","238","257","","","","","","","","","","","",
"폭력행위 등 처벌에 관한법률","강북","범죄 발생지","","347","395","322","","","","","","","","","","","",
"폭력행위 등 처벌에 관한법률","도봉","범죄 발생지","","174","198","149","","","","","","","","","","","",
"폭력행위 등 처벌에 관한법률","노원","범죄 발생지","","398","382","299","","","","","","","","","","","",
"폭력행위 등 처벌에 관한법률","은평","범죄 발생지","","412","367","305","","","","","","","","","","","",
"폭력행위 등 처벌에 관한법률","서대문","범죄 발생지","","218","458","466","","","","","","","","","","","",
"폭력행위 등 처벌에 관한법률","마포","범죄 발생지","","385","450","384","","","","","","","","","","","",
"폭력행위 등 처벌에 관한법률","양천","범죄 발생지","","254","257","207","","","","","","","","","","","",
"폭력행위 등 처벌에 관한법률","강서","범죄 발생지","","375","387","360","","","","","","","","","","","",
"폭력행위 등 처벌에 관한법률","구로","범죄 발생지","","435","379","391","","","","","","","","","","","",
"폭력행위 등 처벌에 관한법률","금천","범죄 발생지","","280","256","263","","","","","","","","","","","",
"폭력행위 등 처벌에 관한법률","영등포","범죄 발생지","","602","612","556","","","","","","","","","","","",
"폭력행위 등 처벌에 관한법률","동작","범죄 발생지","","222","208","192","","","","","","","","","","","",
"폭력행위 등 처벌에 관한법률","관악","범죄 발생지","","489","468","388","","","","","","","","","","","",
"폭력행위 등 처벌에 관한법률","서초","범죄 발생지","","273","287","262","","","","","","","","","","","",
"폭력행위 등 처벌에 관한법률","강남","범죄 발생지","","725","671","574","","","","","","","","","","","",
"폭력행위 등 처벌에 관한법률","송파","범죄 발생지","","355","382","329","","","","","","","","","","","",
"폭력행위 등 처벌에 관한법률","강동","범죄 발생지","","399","343","278","","","","","","","","","","","",
"폭력행위 등 처벌에 관한법률","중구","범죄 발생지","","144","185","156","","","","","","","","","","","",
"폭력행위 등 처벌에 관한법률","서구","범죄 발생지","","93","88","88","","","","","","","","","","","",
"폭력행위 등 처벌에 관한법률","동구","범죄 발생지","","99","125","112","","","","","","","","","","","",
"폭력행위 등 처벌에 관한법률","영도","범죄 발생지","","100","150","132","","","","","","","","","","","",
"폭력행위 등 처벌에 관한법률","부산진","범죄 발생지","","492","482","446","","","","","","","","","","","",
"폭력행위 등 처벌에 관한법률","동래","범죄 발생지","","218","285","220","","","","","","","","","","","",
"폭력행위 등 처벌에 관한법률","남구","범죄 발생지","","166","211","184","","","","","","","","","","","",
"폭력행위 등 처벌에 관한법률","북구","범죄 발생지","","229","280","270","","","","","","","","","","","",
"폭력행위 등 처벌에 관한법률","해운대","범죄 발생지","","306","328","260","","","","","","","","","","","",
"폭력행위 등 처벌에 관한법률","사하","범죄 발생지","","245","308","245","","","","","","","","","","","",
"폭력행위 등 처벌에 관한법률","금정","범죄 발생지","","219","232","206","","","","","","","","","","","",
"폭력행위 등 처벌에 관한법률","강서","범죄 발생지","","49","49","45","","","","","","","","","","","",
"폭력행위 등 처벌에 관한법률","연제","범죄 발생지","","176","203","184","","","","","","","","","","","",
"폭력행위 등 처벌에 관한법률","수영","범죄 발생지","","133","128","138","","","","","","","","","","","",
"폭력행위 등 처벌에 관한법률","사상","범죄 발생지","","225","273","223","","","","","","","","","","","",
"폭력행위 등 처벌에 관한법률","기장군","범죄 발생지","","109","88","95","","","","","","","","","","","",
"폭력행위 등 처벌에 관한법률","중구","범죄 발생지","","216","211","213","","","","","","","","","","","",
"폭력행위 등 처벌에 관한법률","동구","범죄 발생지","","262","288","239","","","","","","","","","","","",
"폭력행위 등 처벌에 관한법률","서구","범죄 발생지","","195","227","206","","","","","","","","","","","",
"폭력행위 등 처벌에 관한법률","남구","범죄 발생지","","160","165","165","","","","","","","","","","","",
"폭력행위 등 처벌에 관한법률","북구","범죄 발생지","","282","335","260","","","","","","","","","","","",
"폭력행위 등 처벌에 관한법률","수성","범죄 발생지","","286","295","241","","","","","","","","","","","",
"폭력행위 등 처벌에 관한법률","달서","범죄 발생지","","474","508","440","","","","","","","","","","","",
"폭력행위 등 처벌에 관한법률","달성군","범죄 발생지","","99","107","96","","","","","","","","","","","",
"폭력행위 등 처벌에 관한법률","중구","범죄 발생지","","117","126","96","","","","","","","","","","","",
"폭력행위 등 처벌에 관한법률","동구","범죄 발생지","","32","41","33","","","","","","","","","","","",
"폭력행위 등 처벌에 관한법률","서구","범죄 발생지","","334","399","372","","","","","","","","","","","",
"폭력행위 등 처벌에 관한법률","미추홀","범죄 발생지","","480","483","418","","","","","","","","","","","",
"폭력행위 등 처벌에 관한법률","연수","범죄 발생지","","184","167","125","","","","","","","","","","","",
"폭력행위 등 처벌에 관한법률","남동","범죄 발생지","","503","523","511","","","","","","","","","","","",
"폭력행위 등 처벌에 관한법률","부평","범죄 발생지","","491","609","510","","","","","","","","","","","",
"폭력행위 등 처벌에 관한법률","계양","범죄 발생지","","279","266","238","","","","","","","","","","","",
"폭력행위 등 처벌에 관한법률","강화군","범죄 발생지","","30","34","44","","","","","","","","","","","",
"폭력행위 등 처벌에 관한법률","옹진군","범죄 발생지","","18","21","17","","","","","","","","","","","",
"폭력행위 등 처벌에 관한법률","동구","범죄 발생지","","228","231","168","","","","","","","","","","","",
"폭력행위 등 처벌에 관한법률","서구","범죄 발생지","","294","289","240","","","","","","","","","","","",
"폭력행위 등 처벌에 관한법률","남구","범죄 발생지","","112","138","115","","","","","","","","","","","",
"폭력행위 등 처벌에 관한법률","북구","범죄 발생지","","374","342","313","","","","","","","","","","","",
"폭력행위 등 처벌에 관한법률","광산","범죄 발생지","","246","230","222","","","","","","","","","","","",
"폭력행위 등 처벌에 관한법률","중구","범죄 발생지","","211","351","214","","","","","","","","","","","",
"폭력행위 등 처벌에 관한법률","동구","범죄 발생지","","2","75","189","","","","","","","","","","","",
"폭력행위 등 처벌에 관한법률","서구","범죄 발생지","","315","333","321","","","","","","","","","","","",
"폭력행위 등 처벌에 관한법률","유성","범죄 발생지","","125","98","131","","","","","","","","","","","",
"폭력행위 등 처벌에 관한법률","대덕","범죄 발생지","","135","123","121","","","","","","","","","","","",
"폭력행위 등 처벌에 관한법률","중구","범죄 발생지","","150","144","176","","","","","","","","","","","",
"폭력행위 등 처벌에 관한법률","동구","범죄 발생지","","126","166","177","","","","","","","","","","","",
"폭력행위 등 처벌에 관한법률","남구","범죄 발생지","","397","390","397","","","","","","","","","","","",
"폭력행위 등 처벌에 관한법률","북구","범죄 발생지","","73","92","97","","","","","","","","","","","",
"폭력행위 등 처벌에 관한법률","울주군","범죄 발생지","","146","116","151","","","","","","","","","","","",
"통화","종로","범죄 발생지","","84","76","29","30","20","16","58","22","26","14","8","10","9","11",
"통화","중구","범죄 발생지","","687","649","333","278","174","193","232","109","108","38","14","30","59","49",
"통화","용산","범죄 발생지","","104","39","47","41","19","21","15","10","12","4","4","6","11","3",
"통화","성동","범죄 발생지","","86","65","42","39","8","5","19","7","4","4","1","2","7","3",
"통화","광진","범죄 발생지","","126","116","43","55","30","38","29","12","9","3","8","4","3","8",
"통화","동대문","범죄 발생지","","403","364","108","116","49","65","97","17","25","14","8","7","8","7",
"통화","중랑","범죄 발생지","","37","119","66","77","27","27","33","15","7","8","6","7","2","3",
"통화","성북","범죄 발생지","","135","191","69","56","24","19","36","16","13","8","1","1","4","4",
"통화","강북","범죄 발생지","","100","97","49","41","19","20","22","6","4","5","-","-","-","2",
"통화","도봉","범죄 발생지","","56","88","48","35","11","11","16","5","7","5","-","3","2","3",
"통화","노원","범죄 발생지","","127","102","37","43","19","13","24","14","7","7","2","3","4","9",
"통화","은평","범죄 발생지","","98","102","33","26","17","17","29","8","9","8","5","1","4","4",
"통화","서대문","범죄 발생지","","119","230","66","39","17","20","33","11","5","9","1","7","4","3",
"통화","마포","범죄 발생지","","149","97","56","37","30","29","38","17","14","7","3","10","11","7",
"통화","양천","범죄 발생지","","133","143","56","36","28","15","24","8","9","5","4","6","7","5",
"통화","강서","범죄 발생지","","228","203","82","48","32","25","44","15","16","4","3","6","6","7",
"통화","구로","범죄 발생지","","86","101","56","31","29","26","26","9","10","5","4","10","3","2",
"통화","금천","범죄 발생지","","60","79","46","33","30","17","12","2","13","3","3","1","4","2",
"통화","영등포","범죄 발생지","","41","134","59","32","34","41","44","23","18","4","7","8","6","9",
"통화","동작","범죄 발생지","","44","112","60","26","16","22","32","6","5","5","7","4","3","2",
"통화","관악","범죄 발생지","","158","140","92","74","43","34","37","12","8","7","1","4","3","2",
"통화","서초","범죄 발생지","","118","113","70","35","36","32","36","25","22","6","5","12","4","11",
"통화","강남","범죄 발생지","","102","138","66","44","36","51","75","45","52","20","20","11","12","14",
"통화","송파","범죄 발생지","","499","434","133","92","31","72","87","28","20","11","7","11","15","13",
"통화","강동","범죄 발생지","","135","149","75","70","22","38","49","13","11","3","5","8","2","2",
"통화","중구","범죄 발생지","","23","43","17","8","9","7","8","6","4","2","2","-","7","3",
"통화","서구","범죄 발생지","","5","10","1","2","3","1","2","-","-","-","-","1","-","1",
"통화","동구","범죄 발생지","","13","6","6","3","1","2","3","-","-","-","-","4","-","2",
"통화","영도","범죄 발생지","","6","8","5","2","2","-","3","-","1","1","-","1","2","-",
"통화","부산진","범죄 발생지","","32","29","28","10","9","8","5","7","4","4","3","4","4","3",
"통화","동래","범죄 발생지","","7","12","9","1","2","-","4","3","2","2","-","-","3","1",
"통화","남구","범죄 발생지","","4","5","11","6","4","3","3","5","5","2","3","2","1","4",
"통화","북구","범죄 발생지","","8","9","7","6","7","3","8","-","1","-","1","2","-","1",
"통화","해운대","범죄 발생지","","8","23","12","2","6","4","11","9","2","5","2","-","4","2",
"통화","사하","범죄 발생지","","9","11","7","6","5","5","10","6","2","5","2","1","1","2",
"통화","금정","범죄 발생지","","3","4","11","1","2","3","4","5","-","-","1","-","-","-",
"통화","강서","범죄 발생지","","2","2","9","12","11","11","6","2","2","-","2","1","-","1",
"통화","연제","범죄 발생지","","11","14","12","1","4","1","4","2","-","2","2","2","2","-",
"통화","수영","범죄 발생지","","6","8","13","2","1","1","1","1","4","1","1","1","3","-",
"통화","사상","범죄 발생지","","19","11","12","6","5","2","4","1","2","2","2","1","1","4",
"통화","기장군","범죄 발생지","","-","14","7","1","4","2","","1","-","-","1","-","-","1",
"통화","중구","범죄 발생지","","76","73","38","14","14","4","4","9","5","4","1","6","-","1",
"통화","동구","범죄 발생지","","19","21","10","6","7","5","6","1","4","1","3","1","-","3",
"통화","서구","범죄 발생지","","28","27","18","1","7","2","3","2","1","3","-","-","-","1",
"통화","남구","범죄 발생지","","18","17","8","2","7","3","1","1","-","-","-","2","3","-",
"통화","북구","범죄 발생지","","27","47","36","21","17","6","9","10","3","2","4","5","5","3",
"통화","수성","범죄 발생지","","23","39","27","9","13","4","8","11","5","2","1","6","3","-",
"통화","달서","범죄 발생지","","41","52","44","15","16","9","6","8","3","3","-","5","14","4",
"통화","달성군","범죄 발생지","","6","9","5","2","3","6","4","3","3","3","-","2","2","-",
"통화","군위군","범죄 발생지","","","","","","","","","","","","","","-","-",
"통화","중구","범죄 발생지","","82","60","42","32","46","35","44","37","44","18","3","13","16","23",
"통화","동구","범죄 발생지","","19","24","9","5","11","3","","1","6","-","-","-","-","1",
"통화","서구","범죄 발생지","","32","67","29","19","13","26","20","10","18","5","1","1","4","1",
"통화","미추홀","범죄 발생지","","125","90","39","15","8","17","8","10","11","6","3","1","2","3",
"통화","연수","범죄 발생지","","47","32","18","12","5","7","8","8","5","3","-","4","3","4",
"통화","남동","범죄 발생지","","49","36","12","13","15","24","40","14","25","6","2","5","5","11",
"통화","부평","범죄 발생지","","122","113","52","29","12","11","18","13","15","8","3","4","5","3",
"통화","계양","범죄 발생지","","55","48","7","6","8","5","8","1","3","5","3","1","1","3",
"통화","강화군","범죄 발생지","","32","48","18","5","3","3","6","2","1","1","1","-","1","-",
"통화","옹진군","범죄 발생지","","-","1","1","-","-","-","","-","-","-","-","-","-","-",
"통화","동구","범죄 발생지","","23","30","7","6","5","4","7","2","1","5","1","4","-","2",
"통화","서구","범죄 발생지","","30","25","14","15","10","5","6","11","4","7","2","-","-","4",
"통화","남구","범죄 발생지","","5","10","1","2","-","-","5","1","-","1","1","1","1","-",
"통화","북구","범죄 발생지","","17","17","5","8","8","3","4","14","2","3","2","2","3","3",
"통화","광산","범죄 발생지","","20","14","14","10","7","7","5","8","4","3","1","3","3","4",
"통화","중구","범죄 발생지","","26","57","22","22","11","19","9","19","3","3","1","1","1","2",
"통화","동구","범죄 발생지","","-","5","17","5","10","20","18","4","3","1","3","1","1","2",
"통화","서구","범죄 발생지","","114","88","57","39","43","24","38","27","13","12","3","2","2","10",
"통화","유성","범죄 발생지","","5","13","6","4","2","6","14","4","2","2","-","1","5","3",
"통화","대덕","범죄 발생지","","19","18","9","8","6","9","18","3","2","3","-","2","1","1",
"통화","중구","범죄 발생지","","10","7","15","-","5","2","2","1","2","-","-","-","1","2",
"통화","동구","범죄 발생지","","5","3","5","1","-","3","1","2","1","2","-","-","-","-",
"통화","남구","범죄 발생지","","17","26","19","4","7","13","14","-","9","1","3","1","-","1",
"통화","북구","범죄 발생지","","6","3","1","2","2","-","3","-","-","-","-","-","-","-",
"통화","울주군","범죄 발생지","","2","7","4","-","3","1","4","2","1","1","-","-","-","1",
"유가증권/인지/우표","종로","범죄 발생지","","27","16","11","9","12","6","10","2","3","1","1","4","-","3",
"유가증권/인지/우표","중구","범죄 발생지","","19","9","17","14","3","14","3","2","5","4","3","1","2","4",
"유가증권/인지/우표","용산","범죄 발생지","","9","2","4","5","-","5","1","2","5","-","-","-","-","-",
"유가증권/인지/우표","성동","범죄 발생지","","23","7","4","5","9","2","2","1","2","-","1","-","-","-",
"유가증권/인지/우표","광진","범죄 발생지","","12","12","11","6","3","4","6","2","-","-","2","-","1","1",
"유가증권/인지/우표","동대문","범죄 발생지","","11","4","4","9","2","11","21","7","3","2","1","2","3","1",
"유가증권/인지/우표","중랑","범죄 발생지","","10","6","1","2","2","-","2","-","1","2","3","-","-","-",
"유가증권/인지/우표","성북","범죄 발생지","","8","6","6","1","2","3","","-","1","1","2","2","1","2",
"유가증권/인지/우표","강북","범죄 발생지","","7","3","4","1","3","2","1","-","3","-","-","-","-","1",
"유가증권/인지/우표","도봉","범죄 발생지","","3","2","4","4","1","4","2","3","-","4","-","2","2","-",
"유가증권/인지/우표","노원","범죄 발생지","","2","6","3","4","2","-","1","1","1","-","-","-","-","-",
"유가증권/인지/우표","은평","범죄 발생지","","11","3","4","3","4","5","1","2","3","-","1","-","1","1",
"유가증권/인지/우표","서대문","범죄 발생지","","4","10","16","3","2","2","2","-","2","1","3","-","-","-",
"유가증권/인지/우표","마포","범죄 발생지","","18","10","2","3","8","4","3","2","4","1","1","4","2","-",
"유가증권/인지/우표","양천","범죄 발생지","","6","6","5","6","5","5","3","-","-","3","-","-","3","-",
"유가증권/인지/우표","강서","범죄 발생지","","11","7","9","7","7","-","4","-","-","-","1","-","-","2",
"유가증권/인지/우표","구로","범죄 발생지","","8","13","6","7","8","3","3","2","-","1","-","1","-","-",
"유가증권/인지/우표","금천","범죄 발생지","","13","4","6","7","5","1","2","1","-","-","-","-","1","-",
"유가증권/인지/우표","영등포","범죄 발생지","","21","18","12","9","14","8","10","12","5","5","6","6","6","3",
"유가증권/인지/우표","동작","범죄 발생지","","9","4","7","5","4","2","6","1","-","-","-","-","1","-",
"유가증권/인지/우표","관악","범죄 발생지","","6","5","4","2","6","5","2","4","4","4","1","1","-","1",
"유가증권/인지/우표","서초","범죄 발생지","","33","27","26","26","15","12","19","11","9","6","4","5","6","6",
"유가증권/인지/우표","강남","범죄 발생지","","43","21","25","30","23","21","24","21","14","2","6","2","4","6",
"유가증권/인지/우표","송파","범죄 발생지","","32","8","-","14","4","13","6","3","3","2","-","1","-","4",
"유가증권/인지/우표","강동","범죄 발생지","","10","9","2","4","2","4","","4","4","-","-","1","1","2",
"유가증권/인지/우표","중구","범죄 발생지","","1","2","-","1","-","3","1","-","1","-","-","-","-","1",
"유가증권/인지/우표","서구","범죄 발생지","","2","1","-","-","-","-","","2","1","-","-","-","-","-",
"유가증권/인지/우표","동구","범죄 발생지","","9","4","2","3","1","-","","-","-","1","-","1","-","-",
"유가증권/인지/우표","영도","범죄 발생지","","-","-","2","-","-","-","1","-","-","-","-","-","-","-",
"유가증권/인지/우표","부산진","범죄 발생지","","2","1","1","-","1","-","","-","7","2","1","3","2","2",
"유가증권/인지/우표","동래","범죄 발생지","","3","3","1","4","-","-","","1","1","-","1","1","-","-",
"유가증권/인지/우표","남구","범죄 발생지","","4","-","-","4","-","1","","1","-","-","-","1","-","-",
"유가증권/인지/우표","북구","범죄 발생지","","2","2","-","2","1","-","2","-","-","-","-","-","1","-",
"유가증권/인지/우표","해운대","범죄 발생지","","2","4","-","1","-","2","","2","2","-","-","-","6","1",
"유가증권/인지/우표","사하","범죄 발생지","","4","2","2","2","-","-","","3","1","-","1","-","-","-",
"유가증권/인지/우표","금정","범죄 발생지","","1","-","3","-","-","-","","1","-","1","1","-","-","-",
"유가증권/인지/우표","강서","범죄 발생지","","2","1","2","2","1","-","2","3","1","2","-","-","-","-",
"유가증권/인지/우표","연제","범죄 발생지","","5","2","-","-","1","-","","-","-","1","-","1","-","1",
"유가증권/인지/우표","수영","범죄 발생지","","1","2","-","1","1","-","","-","-","-","-","-","-","-",
"유가증권/인지/우표","사상","범죄 발생지","","9","4","7","1","1","-","","-","1","2","-","-","-","3",
"유가증권/인지/우표","기장군","범죄 발생지","","1","-","-","-","-","-","","1","-","1","-","-","-","-",
"유가증권/인지/우표","중구","범죄 발생지","","6","4","4","3","-","-","1","-","1","-","-","-","-","-",
"유가증권/인지/우표","동구","범죄 발생지","","4","4","3","5","1","-","3","1","1","-","-","-","-","2",
"유가증권/인지/우표","서구","범죄 발생지","","3","2","1","1","-","1","1","1","2","-","-","-","-","-",
"유가증권/인지/우표","남구","범죄 발생지","","7","3","3","1","2","1","","1","-","2","-","-","-","1",
"유가증권/인지/우표","북구","범죄 발생지","","1","2","1","1","2","2","1","3","3","-","-","-","2","-",
"유가증권/인지/우표","수성","범죄 발생지","","16","7","2","2","1","4","1","42","2","-","-","2","-","1",
"유가증권/인지/우표","달서","범죄 발생지","","5","3","5","7","2","-","2","3","-","-","1","-","-","-",
"유가증권/인지/우표","달성군","범죄 발생지","","2","1","1","-","1","-","1","1","-","2","-","1","-","1",
"유가증권/인지/우표","군위군","범죄 발생지","","","","","","","","","","","","","","-","-",
"유가증권/인지/우표","중구","범죄 발생지","","2","2","1","6","3","4","1","-","2","1","-","-","-","1",
"유가증권/인지/우표","동구","범죄 발생지","","-","-","-","1","-","1","","-","-","-","-","-","-","-",
"유가증권/인지/우표","서구","범죄 발생지","","5","7","2","4","5","8","4","6","1","-","1","-","2","-",
"유가증권/인지/우표","미추홀","범죄 발생지","","7","6","13","4","3","2","8","2","1","1","1","-","-","-",
"유가증권/인지/우표","연수","범죄 발생지","","7","-","2","1","2","1","2","1","-","1","2","1","1","-",
"유가증권/인지/우표","남동","범죄 발생지","","29","7","5","6","5","5","1","1","3","-","1","-","-","-",
"유가증권/인지/우표","부평","범죄 발생지","","12","2","3","1","2","2","9","2","-","-","-","-","-","-",
"유가증권/인지/우표","계양","범죄 발생지","","3","3","5","1","1","1","4","1","1","1","-","-","1","1",
"유가증권/인지/우표","강화군","범죄 발생지","","1","-","1","1","-","-","","-","-","-","1","-","-","-",
"유가증권/인지/우표","옹진군","범죄 발생지","","-","-","-","-","-","-","","-","-","1","-","-","-","-",
"유가증권/인지/우표","동구","범죄 발생지","","3","1","6","-","1","-","1","-","1","1","-","-","-","-",
"유가증권/인지/우표","서구","범죄 발생지","","5","1","1","5","2","1","","-","3","1","-","1","-","1",
"유가증권/인지/우표","남구","범죄 발생지","","2","-","2","1","-","-","3","-","-","-","-","-","-","-",
"유가증권/인지/우표","북구","범죄 발생지","","10","1","3","1","1","5","3","-","-","2","-","-","-","-",
"유가증권/인지/우표","광산","범죄 발생지","","1","2","2","1","2","-","","-","1","5","-","-","-","-",
"유가증권/인지/우표","중구","범죄 발생지","","4","6","-","-","2","-","","-","-","-","-","-","-","-",
"유가증권/인지/우표","동구","범죄 발생지","","-","-","2","1","-","1","","-","1","-","1","-","-","-",
"유가증권/인지/우표","서구","범죄 발생지","","2","4","5","3","1","1","6","2","-","-","-","-","-","2",
"유가증권/인지/우표","유성","범죄 발생지","","2","5","2","-","1","-","","-","1","-","-","-","3","-",
"유가증권/인지/우표","대덕","범죄 발생지","","3","1","-","1","-","-","","-","-","1","-","-","-","-",
"유가증권/인지/우표","중구","범죄 발생지","","1","-","-","-","1","-","","3","-","-","-","-","-","-",
"유가증권/인지/우표","동구","범죄 발생지","","-","-","1","-","-","-","","1","-","-","-","-","-","-",
"유가증권/인지/우표","남구","범죄 발생지","","4","3","1","2","2","1","1","3","-","-","-","-","-","-",
"유가증권/인지/우표","북구","범죄 발생지","","-","-","-","-","-","-","","-","-","-","-","-","-","-",
"유가증권/인지/우표","울주군","범죄 발생지","","2","-","1","3","1","-","1","-","1","-","1","-","-","-",
"문서","종로","범죄 발생지","","222","182","167","188","171","148","119","117","154","113","99","74","65","88",
"문서","중구","범죄 발생지","","202","141","149","187","149","137","154","111","134","100","97","60","73","85",
"문서","용산","범죄 발생지","","129","122","110","126","137","108","92","78","87","69","60","63","62","45",
"문서","성동","범죄 발생지","","60","61","93","98","82","72","51","92","76","46","63","53","62","79",
"문서","광진","범죄 발생지","","131","147","137","155","156","98","81","90","91","96","72","79","58","79",
"문서","동대문","범죄 발생지","","135","114","124","109","122","101","87","90","78","83","70","50","70","73",
"문서","중랑","범죄 발생지","","102","87","81","94","94","87","74","69","83","76","52","55","59","79",
"문서","성북","범죄 발생지","","91","101","86","70","102","86","90","60","47","66","50","54","57","59",
"문서","강북","범죄 발생지","","87","86","82","85","79","97","52","53","50","53","70","76","73","53",
"문서","도봉","범죄 발생지","","100","116","91","78","89","90","89","80","67","92","53","65","37","43",
"문서","노원","범죄 발생지","","125","111","131","97","121","107","122","105","96","116","77","70","58","58",
"문서","은평","범죄 발생지","","80","118","91","136","101","95","69","81","78","71","81","88","63","86",
"문서","서대문","범죄 발생지","","99","202","182","90","110","84","83","100","71","65","41","63","46","64",
"문서","마포","범죄 발생지","","126","95","132","163","159","109","146","166","115","118","128","108","93","141",
"문서","양천","범죄 발생지","","186","170","166","180","159","147","126","108","99","99","74","83","103","138",
"문서","강서","범죄 발생지","","163","173","167","179","139","160","135","138","131","125","109","89","130","96",
"문서","구로","범죄 발생지","","151","163","173","162","141","123","96","133","119","100","87","78","98","103",
"문서","금천","범죄 발생지","","68","71","86","83","178","93","65","62","78","84","57","72","47","68",
"문서","영등포","범죄 발생지","","213","191","200","259","180","164","169","161","148","172","102","107","177","148",
"문서","동작","범죄 발생지","","101","105","97","123","102","89","72","69","67","66","54","67","63","54",
"문서","관악","범죄 발생지","","123","119","121","98","145","105","92","91","106","105","87","75","85","100",
"문서","서초","범죄 발생지","","345","351","406","428","410","373","457","525","628","343","271","271","237","240",
"문서","강남","범죄 발생지","","489","400","377","414","483","371","367","363","339","341","282","260","290","277",
"문서","송파","범죄 발생지","","219","163","149","182","188","168","201","203","225","199","184","154","201","201",
"문서","강동","범죄 발생지","","109","106","133","99","113","102","87","113","108","90","74","55","84","74",
"문서","중구","범죄 발생지","","258","43","52","52","80","56","46","46","54","47","42","35","49","36",
"문서","서구","범죄 발생지","","235","31","29","33","46","13","27","25","31","33","35","32","23","25",
"문서","동구","범죄 발생지","","68","61","56","56","52","44","41","37","42","40","37","29","33","38",
"문서","영도","범죄 발생지","","33","19","18","33","34","35","27","37","23","17","33","29","18","41",
"문서","부산진","범죄 발생지","","121","148","160","189","282","189","180","158","174","157","114","132","144","109",
"문서","동래","범죄 발생지","","70","75","87","80","95","69","69","77","87","79","75","57","65","83",
"문서","남구","범죄 발생지","","67","77","71","68","91","59","56","58","54","67","46","64","78","78",
"문서","북구","범죄 발생지","","53","47","64","198","67","49","41","37","63","59","37","42","36","64",
"문서","해운대","범죄 발생지","","98","128","144","161","132","133","106","110","128","99","130","136","170","129",
"문서","사하","범죄 발생지","","71","81","89","117","141","322","70","78","79","73","75","69","57","68",
"문서","금정","범죄 발생지","","70","102","89","122","135","65","50","57","67","57","45","46","59","55",
"문서","강서","범죄 발생지","","31","46","33","101","94","36","38","38","44","58","50","63","45","85",
"문서","연제","범죄 발생지","","89","107","97","96","130","131","129","118","111","134","85","97","118","100",
"문서","수영","범죄 발생지","","59","42","50","60","53","51","33","45","34","36","27","42","34","31",
"문서","사상","범죄 발생지","","46","45","59","121","108","69","67","51","67","65","50","65","43","36",
"문서","기장군","범죄 발생지","","15","25","37","122","67","37","39","20","35","32","45","39","44","75",
"문서","중구","범죄 발생지","","60","96","86","125","138","70","41","60","119","95","61","77","63","56",
"문서","동구","범죄 발생지","","99","78","103","65","94","104","125","91","110","73","57","75","63","81",
"문서","서구","범죄 발생지","","37","45","81","72","67","51","36","65","36","49","36","51","33","29",
"문서","남구","범죄 발생지","","39","33","56","66","51","31","49","78","44","36","32","25","36","60",
"문서","북구","범죄 발생지","","77","101","94","126","102","66","76","89","96","86","64","78","71","56",
"문서","수성","범죄 발생지","","122","126","138","194","188","171","145","152","165","160","156","109","96","133",
"문서","달서","범죄 발생지","","140","153","190","183","154","136","121","125","93","101","100","96","106","108",
"문서","달성군","범죄 발생지","","27","27","37","56","48","28","40","35","46","31","39","32","39","43",
"문서","군위군","범죄 발생지","","","","","","","","","","","","","","1","4",
"문서","중구","범죄 발생지","","115","139","121","130","115","96","69","58","73","97","34","90","104","116",
"문서","동구","범죄 발생지","","25","20","14","23","32","18","19","13","21","17","11","14","5","11",
"문서","서구","범죄 발생지","","91","90","112","177","90","96","90","93","114","106","94","98","117","119",
"문서","미추홀","범죄 발생지","","168","318","286","313","180","203","189","174","293","132","101","110","148","117",
"문서","연수","범죄 발생지","","70","52","81","59","60","69","72","47","51","69","55","71","193","90",
"문서","남동","범죄 발생지","","136","109","153","185","153","110","92","99","119","113","77","117","155","120",
"문서","부평","범죄 발생지","","167","113","152","148","151","136","150","103","105","111","92","109","195","127",
"문서","계양","범죄 발생지","","49","78","87","99","77","66","50","49","61","47","35","34","73","61",
"문서","강화군","범죄 발생지","","24","37","24","25","22","32","15","19","26","15","25","16","24","18",
"문서","옹진군","범죄 발생지","","2","5","4","3","3","5","2","2","3","5","3","2","5","2",
"문서","동구","범죄 발생지","","89","84","101","74","127","85","67","163","118","90","80","68","33","30",
"문서","서구","범죄 발생지","","101","93","177","119","152","115","103","115","140","98","77","87","75","107",
"문서","남구","범죄 발생지","","51","48","57","65","47","54","34","35","38","43","38","28","32","37",
"문서","북구","범죄 발생지","","140","113","198","155","144","169","99","98","95","137","89","94","90","84",
"문서","광산","범죄 발생지","","74","59","200","84","99","81","71","76","98","95","60","63","76","95",
"문서","중구","범죄 발생지","","89","157","96","110","95","114","96","68","68","69","43","63","65","65",
"문서","동구","범죄 발생지","","5","23","69","77","62","48","57","52","54","58","27","43","34","69",
"문서","서구","범죄 발생지","","157","169","209","229","215","170","167","180","154","153","111","176","146","130",
"문서","유성","범죄 발생지","","50","56","68","71","69","94","58","74","55","76","59","58","69","115",
"문서","대덕","범죄 발생지","","44","59","50","31","44","44","59","41","31","35","38","25","24","46",
"문서","중구","범죄 발생지","","46","31","44","52","69","57","42","39","29","35","30","39","51","35",
"문서","동구","범죄 발생지","","19","29","39","35","68","33","36","27","31","20","23","34","23","17",
"문서","남구","범죄 발생지","","120","131","147","132","131","147","115","145","98","101","247","98","79","86",
"문서","북구","범죄 발생지","","21","23","29","33","41","30","35","27","22","30","19","31","34","26",
"문서","울주군","범죄 발생지","","42","41","55","66","51","42","60","46","59","48","36","53","33","52",
"인장","종로","범죄 발생지","","3","4","2","7","7","44","42","30","30","11","5","4","1","3",
"인장","중구","범죄 발생지","","4","4","1","2","6","16","9","1","1","5","3","2","3","6",
"인장","용산","범죄 발생지","","1","-","3","3","5","4","1","1","3","4","1","-","2","2",
"인장","성동","범죄 발생지","","1","2","4","1","13","3","11","4","5","2","5","-","-","4",
"인장","광진","범죄 발생지","","-","3","-","10","4","4","5","2","5","-","-","3","5","5",
"인장","동대문","범죄 발생지","","9","-","10","6","9","4","2","3","6","7","3","1","3","2",
"인장","중랑","범죄 발생지","","3","4","-","4","2","2","4","3","5","3","3","7","5","3",
"인장","성북","범죄 발생지","","-","6","-","2","-","6","3","3","6","2","4","2","4","3",
"인장","강북","범죄 발생지","","-","1","-","5","1","2","","6","1","-","3","4","3","8",
"인장","도봉","범죄 발생지","","1","3","1","-","6","4","2","1","1","-","2","3","3","1",
"인장","노원","범죄 발생지","","2","-","3","1","5","4","2","4","4","4","5","4","5","3",
"인장","은평","범죄 발생지","","1","2","2","2","7","3","3","-","2","3","-","2","-","2",
"인장","서대문","범죄 발생지","","2","4","4","6","8","1","","7","3","3","5","1","3","3",
"인장","마포","범죄 발생지","","4","4","4","5","5","4","7","5","2","1","6","5","5","4",
"인장","양천","범죄 발생지","","6","4","2","2","3","2","5","5","2","4","-","1","6","4",
"인장","강서","범죄 발생지","","9","3","-","5","6","4","6","7","6","3","1","3","11","2",
"인장","구로","범죄 발생지","","4","1","2","-","7","4","2","2","1","6","1","3","3","4",
"인장","금천","범죄 발생지","","-","4","1","2","2","-","3","5","1","1","-","1","-","2",
"인장","영등포","범죄 발생지","","6","3","2","5","9","7","7","7","6","4","3","2","4","6",
"인장","동작","범죄 발생지","","1","3","7","3","3","7","2","3","2","5","1","3","3","1",
"인장","관악","범죄 발생지","","1","2","4","3","7","3","4","3","2","4","2","-","9","7",
"인장","서초","범죄 발생지","","7","4","3","5","10","12","7","10","5","7","13","11","8","6",
"인장","강남","범죄 발생지","","7","5","9","15","11","20","8","16","12","7","5","7","3","11",
"인장","송파","범죄 발생지","","2","1","3","13","1","5","6","7","5","9","2","5","9","9",
"인장","강동","범죄 발생지","","1","-","-","2","4","3","8","3","2","-","-","-","2","3",
"인장","중구","범죄 발생지","","-","2","2","-","1","4","2","2","-","-","1","2","2","-",
"인장","서구","범죄 발생지","","3","-","-","2","-","1","4","-","2","1","1","2","1","4",
"인장","동구","범죄 발생지","","3","1","-","4","2","-","1","2","2","2","2","1","1","4",
"인장","영도","범죄 발생지","","-","-","6","-","1","2","","1","2","4","-","-","1","-",
"인장","부산진","범죄 발생지","","5","5","3","5","3","7","","3","2","1","1","2","4","8",
"인장","동래","범죄 발생지","","1","1","2","-","1","6","3","2","1","6","2","3","4","2",
"인장","남구","범죄 발생지","","3","3","4","1","7","3","1","-","1","4","-","-","2","-",
"인장","북구","범죄 발생지","","5","2","1","3","6","2","2","2","3","-","3","4","2","5",
"인장","해운대","범죄 발생지","","2","1","2","3","2","3","3","2","2","3","3","4","10","9",
"인장","사하","범죄 발생지","","3","3","4","3","4","5","1","3","3","4","6","1","6","6",
"인장","금정","범죄 발생지","","3","1","1","2","1","1","2","3","1","2","-","1","2","-",
"인장","강서","범죄 발생지","","1","-","4","10","2","5","3","3","3","7","1","1","2","1",
"인장","연제","범죄 발생지","","1","2","4","23","2","2","1","3","1","3","3","1","5","3",
"인장","수영","범죄 발생지","","-","1","1","1","1","-","","2","2","2","2","3","1","3",
"인장","사상","범죄 발생지","","3","3","4","2","6","1","1","1","2","5","3","2","3","4",
"인장","기장군","범죄 발생지","","1","1","2","1","1","-","1","2","-","1","1","-","3","4",
"인장","중구","범죄 발생지","","1","-","-","2","3","2","4","1","-","1","-","1","1","2",
"인장","동구","범죄 발생지","","3","4","8","3","7","7","4","1","3","2","4","4","5","3",
"인장","서구","범죄 발생지","","1","2","-","2","9","1","5","1","2","2","1","4","4","3",
"인장","남구","범죄 발생지","","3","1","2","2","2","2","1","1","-","2","3","-","-","9",
"인장","북구","범죄 발생지","","2","2","1","2","3","2","5","4","3","6","5","5","1","13",
"인장","수성","범죄 발생지","","3","1","3","5","3","4","1","6","3","4","5","1","2","1",
"인장","달서","범죄 발생지","","2","1","2","4","9","6","4","1","1","4","2","5","9","2",
"인장","달성군","범죄 발생지","","-","-","1","6","2","4","8","4","6","2","5","-","4","9",
"인장","군위군","범죄 발생지","","","","","","","","","","","","","","-","-",
"인장","중구","범죄 발생지","","1","14","9","4","4","-","5","3","4","7","6","3","3","6",
"인장","동구","범죄 발생지","","-","1","-","1","1","-","1","1","1","-","1","-","-","-",
"인장","서구","범죄 발생지","","-","2","3","8","11","3","1","5","1","8","4","3","9","3",
"인장","미추홀","범죄 발생지","","3","14","5","4","5","7","5","5","10","7","6","4","1","5",
"인장","연수","범죄 발생지","","2","5","6","4","5","3","4","-","8","3","7","10","11","8",
"인장","남동","범죄 발생지","","5","4","4","1","15","5","2","5","9","8","4","8","10","5",
"인장","부평","범죄 발생지","","-","2","2","6","3","2","5","5","7","3","3","5","7","8",
"인장","계양","범죄 발생지","","-","2","1","2","3","1","1","3","3","1","3","1","4","2",
"인장","강화군","범죄 발생지","","1","-","-","-","1","2","1","-","-","1","1","-","-","-",
"인장","옹진군","범죄 발생지","","-","1","-","-","-","1","1","-","-","-","-","-","-","-",
"인장","동구","범죄 발생지","","3","2","-","-","3","1","1","6","3","-","1","2","1","2",
"인장","서구","범죄 발생지","","9","2","3","3","1","4","1","4","3","4","5","2","5","5",
"인장","남구","범죄 발생지","","2","1","4","1","3","2","5","3","1","2","1","4","1","5",
"인장","북구","범죄 발생지","","4","3","2","3","3","4","1","2","5","3","5","3","8","1",
"인장","광산","범죄 발생지","","3","2","3","4","4","4","6","6","8","16","6","16","10","17",
"인장","중구","범죄 발생지","","4","-","-","2","4","6","1","1","2","4","2","2","3","3",
"인장","동구","범죄 발생지","","2","2","1","-","1","6","","2","-","2","1","1","4","6",
"인장","서구","범죄 발생지","","3","4","-","2","5","3","4","10","3","4","3","5","-","-",
"인장","유성","범죄 발생지","","1","1","1","-","1","2","1","1","1","2","2","1","-","4",
"인장","대덕","범죄 발생지","","2","1","2","1","2","2","","2","-","2","2","1","-","2",
"인장","중구","범죄 발생지","","-","3","1","1","5","1","1","1","-","2","3","3","-","2",
"인장","동구","범죄 발생지","","1","1","1","3","4","4","1","-","-","-","2","1","1","5",
"인장","남구","범죄 발생지","","6","3","1","1","4","3","5","5","6","3","2","3","1","4",
"인장","북구","범죄 발생지","","-","-","3","3","4","2","","1","1","1","3","9","11","5",
"인장","울주군","범죄 발생지","","2","1","2","3","4","1","","1","3","6","3","2","1","5",
"직무유기","종로","범죄 발생지","","9","15","14","11","10","15","13","18","29","40","13","49","29","15",
"직무유기","중구","범죄 발생지","","11","11","12","24","18","8","9","9","19","22","23","27","23","10",
"직무유기","용산","범죄 발생지","","5","-","4","8","10","4","3","11","10","12","6","10","9","12",
"직무유기","성동","범죄 발생지","","3","2","2","3","3","8","11","5","3","8","6","9","5","9",
"직무유기","광진","범죄 발생지","","3","8","11","9","16","14","11","9","11","6","3","12","14","6",
"직무유기","동대문","범죄 발생지","","1","3","2","4","10","2","3","7","7","11","6","8","13","8",
"직무유기","중랑","범죄 발생지","","3","3","3","3","2","3","4","6","3","8","5","4","4","2",
"직무유기","성북","범죄 발생지","","4","8","3","11","3","6","12","4","2","5","8","7","2","10",
"직무유기","강북","범죄 발생지","","2","2","1","1","3","4","3","5","6","3","7","7","5","9",
"직무유기","도봉","범죄 발생지","","2","7","4","6","13","8","6","17","5","2","7","5","5","3",
"직무유기","노원","범죄 발생지","","8","13","3","3","4","3","2","7","1","5","5","10","5","4",
"직무유기","은평","범죄 발생지","","3","2","5","4","7","6","3","10","1","5","9","3","5","3",
"직무유기","서대문","범죄 발생지","","2","4","12","5","8","3","9","10","7","4","6","14","6","3",
"직무유기","마포","범죄 발생지","","1","4","5","9","14","6","7","16","14","10","10","9","18","7",
"직무유기","양천","범죄 발생지","","4","2","4","4","3","2","7","32","20","11","12","19","21","6",
"직무유기","강서","범죄 발생지","","2","2","2","5","2","3","12","12","9","7","15","12","11","10",
"직무유기","구로","범죄 발생지","","6","5","7","23","5","8","7","16","7","11","11","21","9","9",
"직무유기","금천","범죄 발생지","","2","1","2","7","-","-","","11","2","4","7","14","14","5",
"직무유기","영등포","범죄 발생지","","13","3","1","5","10","15","12","18","11","17","17","26","17","16",
"직무유기","동작","범죄 발생지","","-","2","5","-","3","-","3","8","4","3","10","5","3","4",
"직무유기","관악","범죄 발생지","","2","5","5","6","8","5","10","4","7","13","13","20","12","10",
"직무유기","서초","범죄 발생지","","11","16","18","12","13","18","40","68","68","48","42","56","32","39",
"직무유기","강남","범죄 발생지","","9","16","10","13","10","12","8","20","18","16","10","23","27","13",
"직무유기","송파","범죄 발생지","","9","7","4","8","5","31","26","51","23","16","17","22","37","15",
"직무유기","강동","범죄 발생지","","3","6","1","6","2","5","8","5","8","6","6","6","13","6",
"직무유기","중구","범죄 발생지","","1","1","1","2","5","3","1","4","5","1","3","3","5","3",
"직무유기","서구","범죄 발생지","","-","1","1","-","5","3","2","1","1","2","3","7","8","9",
"직무유기","동구","범죄 발생지","","-","-","2","-","2","3","1","7","8","3","7","3","9","5",
"직무유기","영도","범죄 발생지","","1","3","1","-","1","3","","1","5","1","4","8","8","2",
"직무유기","부산진","범죄 발생지","","-","2","3","2","9","6","8","12","9","16","26","26","10","12",
"직무유기","동래","범죄 발생지","","-","2","3","1","3","2","1","3","8","-","5","7","9","8",
"직무유기","남구","범죄 발생지","","2","4","2","4","8","8","1","2","2","4","9","10","12","14",
"직무유기","북구","범죄 발생지","","1","1","1","-","-","3","1","6","8","3","4","6","4","5",
"직무유기","해운대","범죄 발생지","","-","7","4","5","7","13","5","13","7","7","16","20","10","22",
"직무유기","사하","범죄 발생지","","-","2","7","7","3","8","8","4","15","8","11","7","3","10",
"직무유기","금정","범죄 발생지","","2","3","8","2","2","4","","2","10","2","10","8","5","6",
"직무유기","강서","범죄 발생지","","3","5","1","3","9","12","12","8","9","15","11","23","4","4",
"직무유기","연제","범죄 발생지","","2","5","5","12","10","6","10","19","26","13","25","10","19","26",
"직무유기","수영","범죄 발생지","","1","2","4","2","5","2","1","2","1","1","4","3","-","2",
"직무유기","사상","범죄 발생지","","2","4","3","3","23","7","16","20","14","9","8","9","10","8",
"직무유기","기장군","범죄 발생지","","2","1","-","2","5","4","2","5","8","6","5","3","6","6",
"직무유기","중구","범죄 발생지","","-","-","2","2","3","12","3","1","3","5","3","5","8","3",
"직무유기","동구","범죄 발생지","","1","2","2","2","3","8","9","9","3","5","6","28","13","5",
"직무유기","서구","범죄 발생지","","1","-","-","2","4","6","","1","4","3","4","3","1","3",
"직무유기","남구","범죄 발생지","","1","2","3","-","-","3","","-","-","4","4","1","4","1",
"직무유기","북구","범죄 발생지","","3","4","-","4","2","2","1","4","6","2","2","14","9","2",
"직무유기","수성","범죄 발생지","","5","7","2","8","7","9","11","12","14","53","14","23","15","7",
"직무유기","달서","범죄 발생지","","2","-","6","22","6","10","6","16","2","7","5","6","5","10",
"직무유기","달성군","범죄 발생지","","1","2","3","5","9","9","5","14","2","3","2","6","6","4",
"직무유기","군위군","범죄 발생지","","","","","","","","","","","","","","-","2",
"직무유기","중구","범죄 발생지","","1","1","-","1","8","9","2","6","5","8","9","14","15","6",
"직무유기","동구","범죄 발생지","","-","-","-","-","1","-","3","1","-","-","-","3","1","1",
"직무유기","서구","범죄 발생지","","5","3","3","7","2","4","8","2","2","2","7","15","7","9",
"직무유기","미추홀","범죄 발생지","","1","3","4","25","68","34","24","21","92","20","20","28","23","22",
"직무유기","연수","범죄 발생지","","-","1","2","1","4","2","2","6","2","3","5","11","6","8",
"직무유기","남동","범죄 발생지","","3","-","5","7","8","8","6","7","5","4","17","23","16","28",
"직무유기","부평","범죄 발생지","","4","1","5","4","2","6","1","2","9","7","10","18","17","9",
"직무유기","계양","범죄 발생지","","-","1","2","-","1","-","2","2","1","6","4","6","5","10",
"직무유기","강화군","범죄 발생지","","-","-","-","1","2","13","2","1","5","5","8","6","3","1",
"직무유기","옹진군","범죄 발생지","","-","-","1","-","-","-","3","-","-","-","2","-","1","-",
"직무유기","동구","범죄 발생지","","1","4","4","10","10","27","42","76","44","18","10","14","6","5",
"직무유기","서구","범죄 발생지","","2","5","3","10","2","6","7","7","4","9","9","4","8","11",
"직무유기","남구","범죄 발생지","","1","-","-","6","4","2","4","-","1","5","2","1","1","-",
"직무유기","북구","범죄 발생지","","1","11","2","7","7","6","11","38","20","9","15","19","9","12",
"직무유기","광산","범죄 발생지","","3","1","4","4","4","2","5","7","3","14","8","6","4","6",
"직무유기","중구","범죄 발생지","","2","2","2","8","3","5","5","3","1","-","7","6","-","6",
"직무유기","동구","범죄 발생지","","-","-","-","3","5","3","7","2","2","2","7","7","2","2",
"직무유기","서구","범죄 발생지","","7","6","10","16","16","13","24","20","9","12","15","19","7","8",
"직무유기","유성","범죄 발생지","","1","1","2","16","11","4","12","8","4","5","4","9","2","3",
"직무유기","대덕","범죄 발생지","","1","3","1","2","2","-","4","1","2","2","2","3","-","-",
"직무유기","중구","범죄 발생지","","1","-","7","2","1","1","3","4","3","3","10","11","2","4",
"직무유기","동구","범죄 발생지","","-","-","-","-","1","-","","2","-","2","1","6","2","4",
"직무유기","남구","범죄 발생지","","-","2","9","15","5","9","18","6","4","10","14","20","19","13",
"직무유기","북구","범죄 발생지","","-","2","1","-","-","1","1","-","-","2","2","10","3","1",
"직무유기","울주군","범죄 발생지","","1","2","4","7","6","6","4","3","4","7","3","12","7","9",
"직권남용","종로","범죄 발생지","","14","15","4","15","10","15","23","38","60","55","29","44","32","32",
"직권남용","중구","범죄 발생지","","4","8","4","4","15","13","14","17","14","18","28","23","27","18",
"직권남용","용산","범죄 발생지","","4","7","11","10","14","8","10","14","17","10","14","12","15","17",
"직권남용","성동","범죄 발생지","","3","4","3","2","4","6","16","5","2","15","6","9","17","6",
"직권남용","광진","범죄 발생지","","1","3","3","3","24","20","13","15","14","11","1","9","24","10",
"직권남용","동대문","범죄 발생지","","2","1","2","1","8","9","7","14","10","9","11","21","15","16",
"직권남용","중랑","범죄 발생지","","4","-","6","1","4","6","2","4","9","8","4","7","6","8",
"직권남용","성북","범죄 발생지","","3","-","1","2","5","5","17","5","2","7","11","17","-","6",
"직권남용","강북","범죄 발생지","","3","3","-","3","6","2","7","7","10","9","4","5","10","11",
"직권남용","도봉","범죄 발생지","","5","1","3","6","17","5","8","12","16","6","2","5","5","6",
"직권남용","노원","범죄 발생지","","5","4","1","-","4","4","6","9","9","2","4","5","10","6",
"직권남용","은평","범죄 발생지","","3","1","5","13","4","5","2","10","8","4","8","7","18","9",
"직권남용","서대문","범죄 발생지","","6","4","10","11","7","5","2","14","18","5","10","18","10","9",
"직권남용","마포","범죄 발생지","","4","5","6","12","11","5","12","25","15","20","30","24","22","17",
"직권남용","양천","범죄 발생지","","2","6","3","7","10","3","9","25","28","9","12","14","10","12",
"직권남용","강서","범죄 발생지","","-","2","1","3","2","4","19","13","8","18","9","8","12","15",
"직권남용","구로","범죄 발생지","","1","1","3","15","7","10","10","20","17","16","7","21","19","12",
"직권남용","금천","범죄 발생지","","-","1","-","2","-","2","5","11","7","2","4","8","6","3",
"직권남용","영등포","범죄 발생지","","5","5","9","4","8","10","17","49","39","28","16","19","24","13",
"직권남용","동작","범죄 발생지","","-","2","2","7","-","5","5","5","2","3","15","8","12","4",
"직권남용","관악","범죄 발생지","","6","3","5","1","9","12","5","15","8","17","25","25","26","15",
"직권남용","서초","범죄 발생지","","4","21","18","14","16","14","45","122","156","59","41","70","46","29",
"직권남용","강남","범죄 발생지","","5","3","2","4","17","9","17","24","16","18","19","31","42","24",
"직권남용","송파","범죄 발생지","","1","4","2","11","20","21","35","42","34","29","30","31","24","19",
"직권남용","강동","범죄 발생지","","6","2","3","3","3","14","6","8","10","6","4","8","12","5",
"직권남용","중구","범죄 발생지","","1","2","1","2","6","6","4","5","3","1","7","6","11","7",
"직권남용","서구","범죄 발생지","","-","-","1","1","4","2","","2","3","1","5","4","4","5",
"직권남용","동구","범죄 발생지","","-","1","3","2","1","7","2","5","4","2","6","20","6","13",
"직권남용","영도","범죄 발생지","","-","-","-","-","2","-","3","2","3","-","6","6","3","-",
"직권남용","부산진","범죄 발생지","","3","4","3","3","7","6","7","11","13","18","29","36","24","6",
"직권남용","동래","범죄 발생지","","-","3","1","5","3","1","2","6","7","5","19","13","7","12",
"직권남용","남구","범죄 발생지","","-","2","4","1","6","3","2","4","6","6","9","10","8","4",
"직권남용","북구","범죄 발생지","","-","1","1","3","3","4","3","7","7","6","2","7","5","5",
"직권남용","해운대","범죄 발생지","","5","2","7","5","4","6","2","26","15","10","16","33","11","15",
"직권남용","사하","범죄 발생지","","-","1","2","4","7","8","3","18","17","3","6","11","8","7",
"직권남용","금정","범죄 발생지","","-","-","1","3","3","-","1","4","9","4","7","14","7","9",
"직권남용","강서","범죄 발생지","","-","3","-","1","5","3","13","16","7","19","7","11","4","5",
"직권남용","연제","범죄 발생지","","1","7","4","3","5","4","11","8","13","9","26","16","19","26",
"직권남용","수영","범죄 발생지","","-","3","2","4","-","2","1","1","2","4","1","4","2","6",
"직권남용","사상","범죄 발생지","","1","4","4","5","12","2","19","31","17","13","10","19","9","9",
"직권남용","기장군","범죄 발생지","","1","-","-","-","1","-","","4","3","5","2","8","8","2",
"직권남용","중구","범죄 발생지","","-","-","2","-","4","5","3","4","7","4","2","5","9","3",
"직권남용","동구","범죄 발생지","","1","-","2","6","6","8","1","8","5","3","-","7","11","9",
"직권남용","서구","범죄 발생지","","1","1","1","1","3","2","2","2","-","2","1","3","7","3",
"직권남용","남구","범죄 발생지","","2","2","1","5","1","2","5","1","2","1","-","7","3","2",
"직권남용","북구","범죄 발생지","","-","-","1","4","2","3","1","1","3","2","11","9","10","9",
"직권남용","수성","범죄 발생지","","3","4","1","22","9","10","14","23","12","34","27","30","39","14",
"직권남용","달서","범죄 발생지","","2","2","6","12","7","12","4","11","8","11","8","9","12","9",
"직권남용","달성군","범죄 발생지","","2","4","1","6","6","8","11","8","2","7","-","6","9","4",
"직권남용","군위군","범죄 발생지","","","","","","","","","","","","","","-","1",
"직권남용","중구","범죄 발생지","","1","1","-","4","2","14","4","3","22","7","8","9","8","11",
"직권남용","동구","범죄 발생지","","1","-","1","1","1","1","1","-","-","-","-","2","-","-",
"직권남용","서구","범죄 발생지","","-","-","-","-","2","6","4","4","5","3","2","11","25","17",
"직권남용","미추홀","범죄 발생지","","3","1","1","24","28","34","29","24","144","32","30","52","40","32",
"직권남용","연수","범죄 발생지","","-","-","-","2","3","-","5","3","1","-","6","3","3","14",
"직권남용","남동","범죄 발생지","","1","2","8","6","6","15","14","15","8","8","14","26","11","23",
"직권남용","부평","범죄 발생지","","1","1","1","5","4","9","8","1","5","7","8","20","17","23",
"직권남용","계양","범죄 발생지","","1","2","-","2","-","4","3","4","4","3","12","4","4","12",
"직권남용","강화군","범죄 발생지","","-","-","-","-","3","5","4","-","12","4","3","2","4","2",
"직권남용","옹진군","범죄 발생지","","-","-","-","-","1","-","2","-","-","-","-","-","-","-",
"직권남용","동구","범죄 발생지","","1","2","3","14","4","7","15","22","14","15","24","46","14","8",
"직권남용","서구","범죄 발생지","","1","1","2","6","1","3","7","5","14","10","8","7","9","67",
"직권남용","남구","범죄 발생지","","1","1","-","4","1","-","1","4","-","1","3","2","4","2",
"직권남용","북구","범죄 발생지","","4","4","1","10","10","8","12","31","16","15","17","19","17","21",
"직권남용","광산","범죄 발생지","","4","1","-","5","4","2","3","9","4","13","5","11","18","12",
"직권남용","중구","범죄 발생지","","2","3","2","4","2","5","2","6","4","1","1","4","11","5",
"직권남용","동구","범죄 발생지","","-","-","2","3","2","1","8","14","1","4","2","8","12","2",
"직권남용","서구","범죄 발생지","","6","9","8","6","15","13","16","15","12","33","26","32","27","13",
"직권남용","유성","범죄 발생지","","1","3","-","7","14","4","14","3","4","9","9","20","8","7",
"직권남용","대덕","범죄 발생지","","1","1","1","1","-","-","1","3","-","2","3","5","1","3",
"직권남용","중구","범죄 발생지","","-","1","4","-","1","3","2","2","4","3","11","7","4","10",
"직권남용","동구","범죄 발생지","","-","-","-","-","-","-","2","5","-","-","1","1","1","2",
"직권남용","남구","범죄 발생지","","2","11","3","9","7","15","14","4","2","18","12","23","16","15",
"직권남용","북구","범죄 발생지","","2","-","1","-","1","-","2","-","1","-","-","8","2","2",
"직권남용","울주군","범죄 발생지","","1","1","3","2","10","6","2","3","5","7","7","12","5","7",
"수뢰","종로","범죄 발생지","","11","12","4","6","8","4","7","17","13","18","3","7","5","3",
"수뢰","중구","범죄 발생지","","10","11","4","20","13","3","10","14","4","3","-","6","-","4",
"수뢰","용산","범죄 발생지","","13","9","4","5","19","16","5","5","2","2","5","2","3","4",
"수뢰","성동","범죄 발생지","","1","5","3","4","2","2","1","2","3","3","3","-","3","1",
"수뢰","광진","범죄 발생지","","3","2","2","-","3","3","1","-","7","2","-","3","1","4",
"수뢰","동대문","범죄 발생지","","2","3","-","2","1","4","4","9","3","6","4","7","1","4",
"수뢰","중랑","범죄 발생지","","-","1","-","1","2","-","1","1","1","1","1","3","1","-",
"수뢰","성북","범죄 발생지","","3","4","4","2","2","-","3","1","5","3","-","1","-","4",
"수뢰","강북","범죄 발생지","","2","1","2","-","1","3","3","-","2","3","-","2","1","-",
"수뢰","도봉","범죄 발생지","","-","-","-","1","3","3","1","2","1","1","-","-","-","1",
"수뢰","노원","범죄 발생지","","5","4","-","6","1","1","4","6","1","7","2","1","1","3",
"수뢰","은평","범죄 발생지","","2","4","3","-","9","5","2","2","3","-","4","-","4","1",
"수뢰","서대문","범죄 발생지","","12","5","5","2","6","3","8","1","2","1","1","3","1","3",
"수뢰","마포","범죄 발생지","","8","25","4","5","15","10","6","1","2","4","7","6","5","11",
"수뢰","양천","범죄 발생지","","9","11","3","4","5","3","","6","3","2","-","-","1","6",
"수뢰","강서","범죄 발생지","","10","5","2","1","9","1","5","3","3","3","2","1","1","8",
"수뢰","구로","범죄 발생지","","2","4","5","1","3","3","3","3","2","-","1","1","2","-",
"수뢰","금천","범죄 발생지","","4","1","-","1","9","3","3","2","-","-","-","2","1","-",
"수뢰","영등포","범죄 발생지","","9","11","4","11","6","10","4","27","8","8","5","6","17","9",
"수뢰","동작","범죄 발생지","","-","1","2","4","4","1","3","6","3","1","2","-","1","-",
"수뢰","관악","범죄 발생지","","1","-","3","2","4","-","8","1","2","2","-","2","-","2",
"수뢰","서초","범죄 발생지","","22","22","10","4","13","21","25","22","22","12","8","1","18","22",
"수뢰","강남","범죄 발생지","","27","33","22","14","27","16","33","25","29","26","15","14","6","26",
"수뢰","송파","범죄 발생지","","12","13","3","7","16","14","22","10","9","4","7","4","3","4",
"수뢰","강동","범죄 발생지","","3","5","5","2","1","3","2","6","2","3","2","1","1","1",
"수뢰","중구","범죄 발생지","","9","-","7","1","6","3","4","2","1","1","-","-","-","2",
"수뢰","서구","범죄 발생지","","1","2","1","-","2","-","2","6","-","1","-","-","-","-",
"수뢰","동구","범죄 발생지","","52","3","1","3","5","2","1","6","-","4","1","2","-","4",
"수뢰","영도","범죄 발생지","","1","-","1","2","2","3","","2","4","1","2","-","3","5",
"수뢰","부산진","범죄 발생지","","6","5","6","5","5","2","2","5","3","4","5","-","4","4",
"수뢰","동래","범죄 발생지","","3","4","2","1","1","2","3","5","6","5","1","-","-","-",
"수뢰","남구","범죄 발생지","","-","-","2","4","2","4","2","36","2","2","1","-","-","2",
"수뢰","북구","범죄 발생지","","-","-","-","1","3","1","1","1","2","-","1","1","1","1",
"수뢰","해운대","범죄 발생지","","1","-","13","5","16","6","11","4","9","8","11","4","4","6",
"수뢰","사하","범죄 발생지","","3","-","2","-","2","-","2","4","1","3","1","1","-","-",
"수뢰","금정","범죄 발생지","","2","-","1","-","2","1","2","2","5","2","1","1","-","1",
"수뢰","강서","범죄 발생지","","2","-","1","4","1","2","4","10","8","3","5","3","1","-",
"수뢰","연제","범죄 발생지","","-","8","4","5","5","10","6","-","3","3","4","2","2","6",
"수뢰","수영","범죄 발생지","","2","1","1","3","2","2","2","-","2","1","-","1","4","1",
"수뢰","사상","범죄 발생지","","3","-","-","1","4","2","1","2","8","1","6","2","2","-",
"수뢰","기장군","범죄 발생지","","4","1","-","10","14","9","2","3","5","-","-","-","-","4",
"수뢰","중구","범죄 발생지","","-","3","2","1","1","1","1","7","3","6","1","3","1","3",
"수뢰","동구","범죄 발생지","","1","1","3","2","3","3","2","4","2","2","1","1","1","5",
"수뢰","서구","범죄 발생지","","3","5","1","1","-","3","","5","1","-","-","-","-","1",
"수뢰","남구","범죄 발생지","","1","1","1","-","2","2","","-","-","3","-","2","1","1",
"수뢰","북구","범죄 발생지","","3","-","-","1","3","3","5","1","6","1","-","1","2","2",
"수뢰","수성","범죄 발생지","","4","2","2","5","2","3","8","10","5","3","2","15","13","8",
"수뢰","달서","범죄 발생지","","4","5","1","2","4","3","4","5","1","-","1","-","6","11",
"수뢰","달성군","범죄 발생지","","2","1","2","-","1","-","2","-","-","-","-","-","2","-",
"수뢰","군위군","범죄 발생지","","","","","","","","","","","","","","1","-",
"수뢰","중구","범죄 발생지","","5","1","1","3","5","1","7","2","1","1","2","4","3","4",
"수뢰","동구","범죄 발생지","","1","-","2","1","2","-","2","-","1","-","1","-","-","-",
"수뢰","서구","범죄 발생지","","-","-","-","4","4","2","2","3","4","2","8","8","3","7",
"수뢰","미추홀","범죄 발생지","","5","15","2","2","7","7","5","5","3","2","2","4","2","5",
"수뢰","연수","범죄 발생지","","3","2","2","9","1","1","2","3","2","3","3","4","5","3",
"수뢰","남동","범죄 발생지","","1","3","4","4","2","1","4","1","1","2","-","7","-","7",
"수뢰","부평","범죄 발생지","","5","3","3","4","1","5","1","2","-","-","-","1","3","1",
"수뢰","계양","범죄 발생지","","3","-","1","-","-","4","1","-","1","1","2","1","2","-",
"수뢰","강화군","범죄 발생지","","-","-","1","-","3","-","2","-","-","-","2","-","2","-",
"수뢰","옹진군","범죄 발생지","","1","-","-","-","1","1","","-","-","1","160","-","-","-",
"수뢰","동구","범죄 발생지","","7","5","-","2","5","10","7","9","5","4","3","3","1","-",
"수뢰","서구","범죄 발생지","","17","19","1","6","5","4","10","1","3","2","1","7","2","2",
"수뢰","남구","범죄 발생지","","3","2","-","-","3","-","1","-","-","-","2","2","2","1",
"수뢰","북구","범죄 발생지","","5","4","1","2","1","2","5","3","1","5","3","2","1","5",
"수뢰","광산","범죄 발생지","","2","2","-","3","3","3","2","1","2","1","1","3","4","7",
"수뢰","중구","범죄 발생지","","2","3","1","1","2","-","4","3","2","-","-","2","-","7",
"수뢰","동구","범죄 발생지","","-","1","2","4","2","3","","2","2","1","1","-","4","7",
"수뢰","서구","범죄 발생지","","8","4","6","7","4","5","12","6","1","9","6","7","4","2",
"수뢰","유성","범죄 발생지","","5","4","3","3","5","4","5","5","6","4","5","4","5","6",
"수뢰","대덕","범죄 발생지","","1","1","2","-","8","1","","1","4","-","-","-","1","-",
"수뢰","중구","범죄 발생지","","2","3","2","-","2","1","2","-","1","-","1","3","-","2",
"수뢰","동구","범죄 발생지","","2","1","2","1","9","2","","-","-","1","-","-","-","2",
"수뢰","남구","범죄 발생지","","9","33","10","6","5","5","5","3","1","1","6","4","2","1",
"수뢰","북구","범죄 발생지","","-","3","-","2","5","1","9","1","-","-","3","1","1","-",
"수뢰","울주군","범죄 발생지","","1","-","3","-","6","1","4","2","4","1","1","1","-","3",
"증뢰","종로","범죄 발생지","","3","3","1","2","4","2","4","8","3","11","1","-","1","1",
"증뢰","중구","범죄 발생지","","2","4","2","7","3","1","2","3","4","3","3","1","-","1",
"증뢰","용산","범죄 발생지","","8","5","-","3","8","7","4","2","5","-","4","2","-","2",
"증뢰","성동","범죄 발생지","","1","-","-","-","1","2","2","-","2","2","1","1","-","-",
"증뢰","광진","범죄 발생지","","1","1","-","-","1","2","","2","-","-","1","-","1","1",
"증뢰","동대문","범죄 발생지","","3","-","-","-","1","1","3","6","1","1","3","1","3","-",
"증뢰","중랑","범죄 발생지","","-","-","-","-","1","-","1","-","-","-","-","-","-","-",
"증뢰","성북","범죄 발생지","","-","1","1","1","2","-","1","-","2","-","-","-","-","-",
"증뢰","강북","범죄 발생지","","-","-","1","-","1","2","2","-","-","-","-","1","-","1",
"증뢰","도봉","범죄 발생지","","1","-","-","4","2","3","3","1","-","-","-","3","-","-",
"증뢰","노원","범죄 발생지","","3","3","-","2","1","-","1","2","-","1","-","-","-","1",
"증뢰","은평","범죄 발생지","","2","3","1","3","5","3","1","-","1","-","-","-","-","-",
"증뢰","서대문","범죄 발생지","","3","2","-","-","3","-","1","3","2","-","1","-","-","-",
"증뢰","마포","범죄 발생지","","1","20","2","3","12","5","1","-","-","-","-","-","-","1",
"증뢰","양천","범죄 발생지","","2","5","-","4","1","-","1","3","-","-","-","-","-","-",
"증뢰","강서","범죄 발생지","","2","4","1","-","5","1","2","1","-","2","-","1","-","4",
"증뢰","구로","범죄 발생지","","1","1","1","-","2","1","","1","1","-","2","1","1","-",
"증뢰","금천","범죄 발생지","","2","2","-","-","2","-","1","-","-","-","-","-","-","-",
"증뢰","영등포","범죄 발생지","","4","1","1","-","5","1","8","11","2","7","8","2","2","1",
"증뢰","동작","범죄 발생지","","1","-","-","-","1","-","","-","-","-","-","-","-","-",
"증뢰","관악","범죄 발생지","","2","1","-","-","1","-","1","1","-","-","1","1","-","1",
"증뢰","서초","범죄 발생지","","4","2","6","4","4","7","9","11","6","-","1","2","5","-",
"증뢰","강남","범죄 발생지","","9","11","9","5","31","7","14","17","19","10","3","2","3","9",
"증뢰","송파","범죄 발생지","","2","4","-","2","8","7","6","5","3","2","-","2","3","1",
"증뢰","강동","범죄 발생지","","-","2","3","1","1","-","2","1","-","2","-","-","-","-",
"증뢰","중구","범죄 발생지","","3","-","1","-","5","-","2","-","1","-","-","-","-","1",
"증뢰","서구","범죄 발생지","","-","1","-","-","1","-","","1","-","-","-","-","-","-",
"증뢰","동구","범죄 발생지","","2","1","-","-","-","1","1","4","-","-","-","-","-","3",
"증뢰","영도","범죄 발생지","","-","-","-","-","3","2","","-","2","-","-","-","1","27",
"증뢰","부산진","범죄 발생지","","-","-","1","-","1","1","5","-","1","-","2","-","-","-",
"증뢰","동래","범죄 발생지","","3","2","-","1","-","1","1","1","2","1","2","1","-","1",
"증뢰","남구","범죄 발생지","","-","-","-","2","2","4","1","-","-","1","-","-","-","-",
"증뢰","북구","범죄 발생지","","-","-","-","1","-","-","","-","1","-","-","-","-","-",
"증뢰","해운대","범죄 발생지","","1","-","8","3","13","5","5","4","3","5","1","2","1","4",
"증뢰","사하","범죄 발생지","","3","-","-","-","2","1","2","-","1","-","-","-","-","-",
"증뢰","금정","범죄 발생지","","-","-","1","-","1","5","1","-","2","-","-","-","-","-",
"증뢰","강서","범죄 발생지","","2","-","1","3","1","-","1","5","1","1","2","-","-","-",
"증뢰","연제","범죄 발생지","","-","1","2","-","5","7","2","-","3","1","4","-","2","4",
"증뢰","수영","범죄 발생지","","-","-","-","-","2","3","","-","2","-","-","-","-","2",
"증뢰","사상","범죄 발생지","","3","1","1","-","2","1","","-","1","-","-","-","-","-",
"증뢰","기장군","범죄 발생지","","1","-","-","8","7","6","5","2","-","-","-","-","-","1",
"증뢰","중구","범죄 발생지","","-","-","-","-","-","2","2","1","1","4","-","-","1","-",
"증뢰","동구","범죄 발생지","","-","-","-","1","7","-","1","1","-","1","-","-","1","6",
"증뢰","서구","범죄 발생지","","1","1","-","-","-","2","","1","-","-","-","-","-","-",
"증뢰","남구","범죄 발생지","","-","1","-","-","4","-","","-","-","2","-","-","2","-",
"증뢰","북구","범죄 발생지","","-","-","-","2","1","4","4","-","-","-","-","-","1","1",
"증뢰","수성","범죄 발생지","","4","3","-","-","5","6","5","2","2","2","-","7","5","6",
"증뢰","달서","범죄 발생지","","3","5","-","1","1","-","4","3","1","-","-","-","-","2",
"증뢰","달성군","범죄 발생지","","1","-","1","-","1","-","","-","-","-","-","1","-","-",
"증뢰","군위군","범죄 발생지","","","","","","","","","","","","","","-","-",
"증뢰","중구","범죄 발생지","","1","-","5","-","4","2","1","-","1","-","-","-","1","-",
"증뢰","동구","범죄 발생지","","-","-","-","-","-","-","","-","-","-","-","-","-","-",
"증뢰","서구","범죄 발생지","","2","1","-","4","3","1","","-","2","-","6","-","1","-",
"증뢰","미추홀","범죄 발생지","","1","8","2","1","3","2","5","3","1","-","-","-","-","-",
"증뢰","연수","범죄 발생지","","1","-","-","1","2","-","1","2","-","1","-","-","-","-",
"증뢰","남동","범죄 발생지","","-","-","-","-","4","-","2","1","1","-","-","1","2","-",
"증뢰","부평","범죄 발생지","","1","-","2","-","1","4","","-","-","-","2","-","-","-",
"증뢰","계양","범죄 발생지","","1","-","1","-","-","3","","-","1","-","-","-","-","-",
"증뢰","강화군","범죄 발생지","","-","-","-","-","1","-","","-","-","1","-","-","-","-",
"증뢰","옹진군","범죄 발생지","","-","-","-","-","-","-","","-","-","-","1","-","-","-",
"증뢰","동구","범죄 발생지","","2","2","-","-","2","3","5","-","1","4","-","-","-","-",
"증뢰","서구","범죄 발생지","","8","10","-","4","5","1","6","1","-","-","3","1","-","-",
"증뢰","남구","범죄 발생지","","4","3","-","1","1","-","1","2","-","-","-","1","4","2",
"증뢰","북구","범죄 발생지","","3","3","1","-","-","3","1","1","-","1","-","-","-","-",
"증뢰","광산","범죄 발생지","","1","-","1","-","5","2","","-","2","-","-","-","1","3",
"증뢰","중구","범죄 발생지","","-","2","-","1","-","-","","-","1","-","-","-","-","-",
"증뢰","동구","범죄 발생지","","-","-","-","-","-","1","","-","1","-","-","-","-","-",
"증뢰","서구","범죄 발생지","","1","2","-","4","-","3","8","2","-","-","2","2","-","1",
"증뢰","유성","범죄 발생지","","-","1","3","3","4","1","2","1","3","2","1","1","2","6",
"증뢰","대덕","범죄 발생지","","1","-","1","1","2","-","","-","4","-","-","-","-","1",
"증뢰","중구","범죄 발생지","","-","1","-","-","2","-","3","-","-","-","-","-","-","-",
"증뢰","동구","범죄 발생지","","-","-","2","1","5","-","","-","-","1","-","-","-","-",
"증뢰","남구","범죄 발생지","","3","21","1","3","5","3","2","2","1","-","1","1","-","1",
"증뢰","북구","범죄 발생지","","-","1","-","-","-","1","4","1","-","-","-","-","-","-",
"증뢰","울주군","범죄 발생지","","-","-","-","-","2","-","1","-","1","-","-","1","-","1",
"간통","종로","범죄 발생지","","7","7","8","","","","","","","","","","","",
"간통","중구","범죄 발생지","","3","3","2","","","","","","","","","","","",
"간통","용산","범죄 발생지","","6","12","7","","","","","","","","","","","",
"간통","성동","범죄 발생지","","6","11","5","","","","","","","","","","","",
"간통","광진","범죄 발생지","","9","9","13","","","","","","","","","","","",
"간통","동대문","범죄 발생지","","9","6","15","","","","","","","","","","","",
"간통","중랑","범죄 발생지","","19","11","11","","","","","","","","","","","",
"간통","성북","범죄 발생지","","6","16","6","","","","","","","","","","","",
"간통","강북","범죄 발생지","","18","8","12","","","","","","","","","","","",
"간통","도봉","범죄 발생지","","8","10","7","","","","","","","","","","","",
"간통","노원","범죄 발생지","","11","15","12","","","","","","","","","","","",
"간통","은평","범죄 발생지","","11","9","9","","","","","","","","","","","",
"간통","서대문","범죄 발생지","","15","18","4","","","","","","","","","","","",
"간통","마포","범죄 발생지","","12","16","10","","","","","","","","","","","",
"간통","양천","범죄 발생지","","14","8","14","","","","","","","","","","","",
"간통","강서","범죄 발생지","","38","30","18","","","","","","","","","","","",
"간통","구로","범죄 발생지","","5","9","8","","","","","","","","","","","",
"간통","금천","범죄 발생지","","3","8","7","","","","","","","","","","","",
"간통","영등포","범죄 발생지","","11","17","13","","","","","","","","","","","",
"간통","동작","범죄 발생지","","10","10","6","","","","","","","","","","","",
"간통","관악","범죄 발생지","","19","21","10","","","","","","","","","","","",
"간통","서초","범죄 발생지","","17","19","18","","","","","","","","","","","",
"간통","강남","범죄 발생지","","19","25","24","","","","","","","","","","","",
"간통","송파","범죄 발생지","","16","16","20","","","","","","","","","","","",
"간통","강동","범죄 발생지","","17","8","8","","","","","","","","","","","",
"간통","중구","범죄 발생지","","1","2","3","","","","","","","","","","","",
"간통","서구","범죄 발생지","","2","3","3","","","","","","","","","","","",
"간통","동구","범죄 발생지","","4","12","1","","","","","","","","","","","",
"간통","영도","범죄 발생지","","1","3","4","","","","","","","","","","","",
"간통","부산진","범죄 발생지","","15","19","19","","","","","","","","","","","",
"간통","동래","범죄 발생지","","10","17","13","","","","","","","","","","","",
"간통","남구","범죄 발생지","","5","7","3","","","","","","","","","","","",
"간통","북구","범죄 발생지","","6","9","7","","","","","","","","","","","",
"간통","해운대","범죄 발생지","","13","12","16","","","","","","","","","","","",
"간통","사하","범죄 발생지","","13","20","12","","","","","","","","","","","",
"간통","금정","범죄 발생지","","6","11","3","","","","","","","","","","","",
"간통","강서","범죄 발생지","","2","1","4","","","","","","","","","","","",
"간통","연제","범죄 발생지","","6","4","6","","","","","","","","","","","",
"간통","수영","범죄 발생지","","2","4","5","","","","","","","","","","","",
"간통","사상","범죄 발생지","","7","11","6","","","","","","","","","","","",
"간통","기장군","범죄 발생지","","1","5","3","","","","","","","","","","","",
"간통","중구","범죄 발생지","","3","3","2","","","","","","","","","","","",
"간통","동구","범죄 발생지","","9","20","9","","","","","","","","","","","",
"간통","서구","범죄 발생지","","9","5","10","","","","","","","","","","","",
"간통","남구","범죄 발생지","","5","5","7","","","","","","","","","","","",
"간통","북구","범죄 발생지","","11","12","13","","","","","","","","","","","",
"간통","수성","범죄 발생지","","11","12","11","","","","","","","","","","","",
"간통","달서","범죄 발생지","","30","23","26","","","","","","","","","","","",
"간통","달성군","범죄 발생지","","3","10","4","","","","","","","","","","","",
"간통","중구","범죄 발생지","","1","5","5","","","","","","","","","","","",
"간통","동구","범죄 발생지","","2","1","-","","","","","","","","","","","",
"간통","서구","범죄 발생지","","11","14","9","","","","","","","","","","","",
"간통","미추홀","범죄 발생지","","10","14","10","","","","","","","","","","","",
"간통","연수","범죄 발생지","","13","9","9","","","","","","","","","","","",
"간통","남동","범죄 발생지","","13","15","19","","","","","","","","","","","",
"간통","부평","범죄 발생지","","12","16","14","","","","","","","","","","","",
"간통","계양","범죄 발생지","","16","13","11","","","","","","","","","","","",
"간통","강화군","범죄 발생지","","5","3","3","","","","","","","","","","","",
"간통","옹진군","범죄 발생지","","1","-","1","","","","","","","","","","","",
"간통","동구","범죄 발생지","","2","4","5","","","","","","","","","","","",
"간통","서구","범죄 발생지","","17","13","10","","","","","","","","","","","",
"간통","남구","범죄 발생지","","9","2","7","","","","","","","","","","","",
"간통","북구","범죄 발생지","","16","15","22","","","","","","","","","","","",
"간통","광산","범죄 발생지","","28","25","13","","","","","","","","","","","",
"간통","중구","범죄 발생지","","12","13","9","","","","","","","","","","","",
"간통","동구","범죄 발생지","","-","3","8","","","","","","","","","","","",
"간통","서구","범죄 발생지","","27","11","11","","","","","","","","","","","",
"간통","유성","범죄 발생지","","7","10","11","","","","","","","","","","","",
"간통","대덕","범죄 발생지","","4","2","8","","","","","","","","","","","",
"간통","중구","범죄 발생지","","8","8","5","","","","","","","","","","","",
"간통","동구","범죄 발생지","","9","3","5","","","","","","","","","","","",
"간통","남구","범죄 발생지","","23","18","21","","","","","","","","","","","",
"간통","북구","범죄 발생지","","4","4","3","","","","","","","","","","","",
"간통","울주군","범죄 발생지","","9","15","7","","","","","","","","","","","",
"혼인빙자간음","종로","범죄 발생지","","-","-","-","","","","","","","","","","","",
"혼인빙자간음","중구","범죄 발생지","","-","-","-","","","","","","","","","","","",
"혼인빙자간음","용산","범죄 발생지","","-","-","-","","","","","","","","","","","",
"혼인빙자간음","성동","범죄 발생지","","-","-","-","","","","","","","","","","","",
"혼인빙자간음","광진","범죄 발생지","","-","-","-","","","","","","","","","","","",
"혼인빙자간음","동대문","범죄 발생지","","-","-","-","","","","","","","","","","","",
"혼인빙자간음","중랑","범죄 발생지","","1","-","-","","","","","","","","","","","",
"혼인빙자간음","성북","범죄 발생지","","-","-","-","","","","","","","","","","","",
"혼인빙자간음","강북","범죄 발생지","","-","-","-","","","","","","","","","","","",
"혼인빙자간음","도봉","범죄 발생지","","-","-","-","","","","","","","","","","","",
"혼인빙자간음","노원","범죄 발생지","","-","-","-","","","","","","","","","","","",
"혼인빙자간음","은평","범죄 발생지","","-","-","-","","","","","","","","","","","",
"혼인빙자간음","서대문","범죄 발생지","","-","-","-","","","","","","","","","","","",
"혼인빙자간음","마포","범죄 발생지","","-","-","-","","","","","","","","","","","",
"혼인빙자간음","양천","범죄 발생지","","-","-","-","","","","","","","","","","","",
"혼인빙자간음","강서","범죄 발생지","","-","-","-","","","","","","","","","","","",
"혼인빙자간음","구로","범죄 발생지","","-","-","-","","","","","","","","","","","",
"혼인빙자간음","금천","범죄 발생지","","-","-","-","","","","","","","","","","","",
"혼인빙자간음","영등포","범죄 발생지","","-","-","-","","","","","","","","","","","",
"혼인빙자간음","동작","범죄 발생지","","-","-","-","","","","","","","","","","","",
"혼인빙자간음","관악","범죄 발생지","","-","-","-","","","","","","","","","","","",
"혼인빙자간음","서초","범죄 발생지","","-","1","-","","","","","","","","","","","",
"혼인빙자간음","강남","범죄 발생지","","1","-","1","","","","","","","","","","","",
"혼인빙자간음","송파","범죄 발생지","","-","-","-","","","","","","","","","","","",
"혼인빙자간음","강동","범죄 발생지","","-","-","-","","","","","","","","","","","",
"혼인빙자간음","중구","범죄 발생지","","-","-","-","","","","","","","","","","","",
"혼인빙자간음","서구","범죄 발생지","","-","-","-","","","","","","","","","","","",
"혼인빙자간음","동구","범죄 발생지","","-","-","-","","","","","","","","","","","",
"혼인빙자간음","영도","범죄 발생지","","-","-","-","","","","","","","","","","","",
"혼인빙자간음","부산진","범죄 발생지","","-","-","-","","","","","","","","","","","",
"혼인빙자간음","동래","범죄 발생지","","-","-","-","","","","","","","","","","","",
"혼인빙자간음","남구","범죄 발생지","","-","-","-","","","","","","","","","","","",
"혼인빙자간음","북구","범죄 발생지","","-","-","-","","","","","","","","","","","",
"혼인빙자간음","해운대","범죄 발생지","","-","1","-","","","","","","","","","","","",
"혼인빙자간음","사하","범죄 발생지","","-","-","-","","","","","","","","","","","",
"혼인빙자간음","금정","범죄 발생지","","-","-","-","","","","","","","","","","","",
"혼인빙자간음","강서","범죄 발생지","","-","-","-","","","","","","","","","","","",
"혼인빙자간음","연제","범죄 발생지","","-","-","-","","","","","","","","","","","",
"혼인빙자간음","수영","범죄 발생지","","-","-","1","","","","","","","","","","","",
"혼인빙자간음","사상","범죄 발생지","","-","-","-","","","","","","","","","","","",
"혼인빙자간음","기장군","범죄 발생지","","-","-","-","","","","","","","","","","","",
"혼인빙자간음","중구","범죄 발생지","","-","-","-","","","","","","","","","","","",
"혼인빙자간음","동구","범죄 발생지","","-","-","-","","","","","","","","","","","",
"혼인빙자간음","서구","범죄 발생지","","-","-","-","","","","","","","","","","","",
"혼인빙자간음","남구","범죄 발생지","","-","-","-","","","","","","","","","","","",
"혼인빙자간음","북구","범죄 발생지","","-","1","-","","","","","","","","","","","",
"혼인빙자간음","수성","범죄 발생지","","-","-","-","","","","","","","","","","","",
"혼인빙자간음","달서","범죄 발생지","","-","-","-","","","","","","","","","","","",
"혼인빙자간음","달성군","범죄 발생지","","-","-","-","","","","","","","","","","","",
"혼인빙자간음","중구","범죄 발생지","","-","-","-","","","","","","","","","","","",
"혼인빙자간음","동구","범죄 발생지","","-","-","-","","","","","","","","","","","",
"혼인빙자간음","서구","범죄 발생지","","-","-","-","","","","","","","","","","","",
"혼인빙자간음","미추홀","범죄 발생지","","-","-","-","","","","","","","","","","","",
"혼인빙자간음","연수","범죄 발생지","","-","-","-","","","","","","","","","","","",
"혼인빙자간음","남동","범죄 발생지","","-","-","-","","","","","","","","","","","",
"혼인빙자간음","부평","범죄 발생지","","-","-","-","","","","","","","","","","","",
"혼인빙자간음","계양","범죄 발생지","","-","-","-","","","","","","","","","","","",
"혼인빙자간음","강화군","범죄 발생지","","-","-","-","","","","","","","","","","","",
"혼인빙자간음","옹진군","범죄 발생지","","-","-","-","","","","","","","","","","","",
"혼인빙자간음","동구","범죄 발생지","","-","-","-","","","","","","","","","","","",
"혼인빙자간음","서구","범죄 발생지","","-","-","-","","","","","","","","","","","",
"혼인빙자간음","남구","범죄 발생지","","-","-","-","","","","","","","","","","","",
"혼인빙자간음","북구","범죄 발생지","","-","-","-","","","","","","","","","","","",
"혼인빙자간음","광산","범죄 발생지","","-","-","-","","","","","","","","","","","",
"혼인빙자간음","중구","범죄 발생지","","-","1","-","","","","","","","","","","","",
"혼인빙자간음","동구","범죄 발생지","","-","-","-","","","","","","","","","","","",
"혼인빙자간음","서구","범죄 발생지","","1","-","-","","","","","","","","","","","",
"혼인빙자간음","유성","범죄 발생지","","-","-","-","","","","","","","","","","","",
"혼인빙자간음","대덕","범죄 발생지","","-","-","-","","","","","","","","","","","",
"혼인빙자간음","중구","범죄 발생지","","-","-","-","","","","","","","","","","","",
"혼인빙자간음","동구","범죄 발생지","","-","-","-","","","","","","","","","","","",
"혼인빙자간음","남구","범죄 발생지","","-","-","-","","","","","","","","","","","",
"혼인빙자간음","북구","범죄 발생지","","-","-","-","","","","","","","","","","","",
"혼인빙자간음","울주군","범죄 발생지","","-","-","-","","","","","","","","","","","",
"도박과 복표","종로","범죄 발생지","","66","52","43","42","37","204","148","28","43","71","48","16","19","19",
"도박과 복표","중구","범죄 발생지","","113","60","37","73","73","116","51","16","50","108","18","22","21","16",
"도박과 복표","용산","범죄 발생지","","36","89","34","29","72","93","69","21","29","35","30","17","10","23",
"도박과 복표","성동","범죄 발생지","","45","61","38","41","34","27","33","22","25","45","14","12","21","21",
"도박과 복표","광진","범죄 발생지","","82","56","72","145","51","111","80","20","78","144","41","21","31","44",
"도박과 복표","동대문","범죄 발생지","","75","81","43","43","23","78","34","23","41","18","33","16","19","34",
"도박과 복표","중랑","범죄 발생지","","137","95","71","74","180","189","52","57","83","112","61","49","35","37",
"도박과 복표","성북","범죄 발생지","","34","36","27","25","29","40","19","16","22","29","16","15","20","16",
"도박과 복표","강북","범죄 발생지","","52","59","38","41","46","83","29","20","25","34","17","13","24","25",
"도박과 복표","도봉","범죄 발생지","","39","26","28","20","19","42","18","20","28","22","17","15","12","12",
"도박과 복표","노원","범죄 발생지","","37","37","27","36","30","120","26","39","38","24","18","16","25","26",
"도박과 복표","은평","범죄 발생지","","51","41","35","60","27","45","32","22","59","23","20","18","24","27",
"도박과 복표","서대문","범죄 발생지","","33","63","50","27","49","51","25","27","20","20","73","8","14","23",
"도박과 복표","마포","범죄 발생지","","32","25","33","23","27","61","43","19","55","50","76","9","26","28",
"도박과 복표","양천","범죄 발생지","","51","40","43","26","40","34","46","35","41","57","19","11","16","28",
"도박과 복표","강서","범죄 발생지","","59","37","30","80","65","78","60","55","29","38","24","30","53","68",
"도박과 복표","구로","범죄 발생지","","142","73","55","63","76","78","36","19","37","39","16","24","26","27",
"도박과 복표","금천","범죄 발생지","","79","47","43","24","29","38","28","21","34","16","19","16","20","23",
"도박과 복표","영등포","범죄 발생지","","253","98","58","56","75","82","72","45","38","48","37","33","40","41",
"도박과 복표","동작","범죄 발생지","","83","31","20","25","31","29","27","14","24","23","32","6","10","205",
"도박과 복표","관악","범죄 발생지","","90","45","41","40","60","111","49","30","38","114","41","25","41","42",
"도박과 복표","서초","범죄 발생지","","78","48","30","30","34","66","57","31","31","25","19","14","21","26",
"도박과 복표","강남","범죄 발생지","","122","98","57","109","103","224","154","125","127","81","129","49","76","130",
"도박과 복표","송파","범죄 발생지","","68","45","54","57","74","111","57","38","31","35","21","31","30","39",
"도박과 복표","강동","범죄 발생지","","64","39","37","31","35","55","28","47","31","13","26","25","26","35",
"도박과 복표","중구","범죄 발생지","","245","116","25","14","11","30","135","24","25","17","7","7","8","7",
"도박과 복표","서구","범죄 발생지","","55","9","18","27","10","14","147","94","37","8","7","3","7","12",
"도박과 복표","동구","범죄 발생지","","198","16","9","10","86","46","17","20","18","9","10","3","4","17",
"도박과 복표","영도","범죄 발생지","","15","16","12","6","11","19","25","17","7","7","6","3","4","11",
"도박과 복표","부산진","범죄 발생지","","229","34","25","52","47","92","98","29","64","33","24","19","32","89",
"도박과 복표","동래","범죄 발생지","","233","59","138","25","121","26","239","207","19","12","12","7","9","103",
"도박과 복표","남구","범죄 발생지","","46","17","18","24","18","130","643","397","41","30","14","10","17","32",
"도박과 복표","북구","범죄 발생지","","62","22","16","29","66","82","37","15","48","173","7","8","11","48",
"도박과 복표","해운대","범죄 발생지","","150","58","50","166","138","271","186","97","24","46","34","29","30","44",
"도박과 복표","사하","범죄 발생지","","51","33","26","21","20","41","33","17","77","15","16","8","30","39",
"도박과 복표","금정","범죄 발생지","","144","49","27","34","81","142","66","69","126","32","107","115","317","51",
"도박과 복표","강서","범죄 발생지","","53","36","13","35","43","28","23","15","10","5","12","6","18","26",
"도박과 복표","연제","범죄 발생지","","80","37","57","59","225","157","138","149","279","70","99","56","162","201",
"도박과 복표","수영","범죄 발생지","","13","18","16","36","17","29","31","7","10","14","4","5","6","15",
"도박과 복표","사상","범죄 발생지","","47","27","28","67","56","55","180","52","44","50","117","94","29","36",
"도박과 복표","기장군","범죄 발생지","","31","16","13","17","14","21","15","9","9","9","1","3","12","33",
"도박과 복표","중구","범죄 발생지","","17","23","11","17","44","15","9","11","25","31","5","32","6","13",
"도박과 복표","동구","범죄 발생지","","167","76","29","207","71","231","50","27","66","65","19","14","22","41",
"도박과 복표","서구","범죄 발생지","","67","44","85","55","51","67","33","28","26","24","30","19","35","27",
"도박과 복표","남구","범죄 발생지","","25","22","25","26","58","132","45","26","31","34","15","10","14","25",
"도박과 복표","북구","범죄 발생지","","77","58","30","97","56","227","135","47","91","114","19","19","46","61",
"도박과 복표","수성","범죄 발생지","","141","52","30","45","94","120","52","36","75","48","54","19","54","69",
"도박과 복표","달서","범죄 발생지","","143","94","90","104","65","96","83","55","89","74","22","18","52","119",
"도박과 복표","달성군","범죄 발생지","","22","34","15","10","32","52","103","23","16","11","11","9","13","23",
"도박과 복표","군위군","범죄 발생지","","","","","","","","","","","","","","-","-",
"도박과 복표","중구","범죄 발생지","","48","47","39","34","45","43","27","29","23","23","15","17","16","27",
"도박과 복표","동구","범죄 발생지","","12","19","10","7","8","4","9","10","12","7","4","2","7","-",
"도박과 복표","서구","범죄 발생지","","50","67","25","36","47","53","33","45","39","63","54","28","60","58",
"도박과 복표","미추홀","범죄 발생지","","92","82","48","38","56","87","38","50","62","46","31","27","35","51",
"도박과 복표","연수","범죄 발생지","","23","21","20","39","16","49","31","18","20","31","16","22","22","34",
"도박과 복표","남동","범죄 발생지","","85","71","61","48","53","88","71","40","182","64","77","83","103","116",
"도박과 복표","부평","범죄 발생지","","81","85","79","61","55","78","66","41","53","62","41","31","47","69",
"도박과 복표","계양","범죄 발생지","","50","48","25","28","43","43","24","23","98","49","20","23","25","26",
"도박과 복표","강화군","범죄 발생지","","4","9","10","7","14","16","9","10","6","4","2","6","5","10",
"도박과 복표","옹진군","범죄 발생지","","5","-","2","1","5","5","2","1","1","2","1","-","1","7",
"도박과 복표","동구","범죄 발생지","","31","22","14","19","8","15","16","7","13","13","6","7","9","15",
"도박과 복표","서구","범죄 발생지","","59","47","33","44","35","69","55","33","52","45","26","27","61","70",
"도박과 복표","남구","범죄 발생지","","33","32","32","24","22","35","27","15","26","17","12","11","16","18",
"도박과 복표","북구","범죄 발생지","","86","89","58","62","47","145","41","51","49","35","19","27","60","61",
"도박과 복표","광산","범죄 발생지","","79","61","54","57","29","83","63","25","41","40","39","26","58","87",
"도박과 복표","중구","범죄 발생지","","32","92","33","19","33","87","26","22","23","28","19","31","17","33",
"도박과 복표","동구","범죄 발생지","","1","7","19","22","35","56","25","27","9","20","28","12","29","30",
"도박과 복표","서구","범죄 발생지","","124","46","40","51","25","122","55","61","50","60","66","74","59","79",
"도박과 복표","유성","범죄 발생지","","16","17","16","14","15","64","37","16","19","16","17","52","35","20",
"도박과 복표","대덕","범죄 발생지","","35","29","32","9","9","79","9","8","10","13","10","10","29","12",
"도박과 복표","중구","범죄 발생지","","76","60","33","32","36","272","85","31","81","284","21","81","75","39",
"도박과 복표","동구","범죄 발생지","","32","22","21","29","17","115","39","16","24","6","2","7","9","20",
"도박과 복표","남구","범죄 발생지","","73","55","44","46","57","246","62","35","192","38","163","143","43","76",
"도박과 복표","북구","범죄 발생지","","78","24","29","25","13","75","18","10","10","14","3","5","20","42",
"도박과 복표","울주군","범죄 발생지","","39","21","23","28","27","55","18","24","16","13","9","14","11","18",
"신앙","종로","범죄 발생지","","-","-","2","1","-","2","3","1","1","-","1","-","1","1",
"신앙","중구","범죄 발생지","","-","-","-","2","-","-","","1","1","2","2","1","1","1",
"신앙","용산","범죄 발생지","","1","1","-","1","-","3","1","-","-","2","-","-","-","1",
"신앙","성동","범죄 발생지","","-","-","-","1","-","-","2","-","1","-","-","1","-","-",
"신앙","광진","범죄 발생지","","-","-","-","1","-","2","","-","3","-","1","-","1","-",
"신앙","동대문","범죄 발생지","","-","-","-","1","-","-","6","1","-","1","-","-","-","-",
"신앙","중랑","범죄 발생지","","-","-","1","-","-","-","","-","1","-","-","-","1","-",
"신앙","성북","범죄 발생지","","-","2","-","-","-","-","","-","-","1","2","-","-","-",
"신앙","강북","범죄 발생지","","-","1","-","-","2","-","","1","-","-","-","-","-","1",
"신앙","도봉","범죄 발생지","","-","-","-","-","1","-","","-","-","-","1","1","-","1",
"신앙","노원","범죄 발생지","","1","2","1","1","2","1","5","-","3","1","1","2","-","-",
"신앙","은평","범죄 발생지","","-","5","-","-","-","-","","1","-","-","-","2","-","-",
"신앙","서대문","범죄 발생지","","2","-","8","-","1","-","1","2","-","-","-","-","3","-",
"신앙","마포","범죄 발생지","","2","-","-","1","-","2","","1","-","-","1","-","1","8",
"신앙","양천","범죄 발생지","","3","5","2","4","-","2","","-","1","2","-","1","4","-",
"신앙","강서","범죄 발생지","","-","-","3","1","-","1","3","8","86","3","2","-","-","5",
"신앙","구로","범죄 발생지","","-","-","-","-","-","1","","2","1","-","-","-","-","1",
"신앙","금천","범죄 발생지","","-","-","-","1","4","2","1","-","1","-","-","-","1","1",
"신앙","영등포","범죄 발생지","","1","1","-","1","1","-","4","3","2","-","-","-","-","-",
"신앙","동작","범죄 발생지","","-","-","1","2","-","1","1","2","-","2","4","-","1","-",
"신앙","관악","범죄 발생지","","-","-","3","5","2","-","1","-","-","1","1","-","2","3",
"신앙","서초","범죄 발생지","","5","1","2","10","3","3","","2","2","-","-","1","-","-",
"신앙","강남","범죄 발생지","","-","-","1","5","-","3","14","6","6","-","-","-","1","-",
"신앙","송파","범죄 발생지","","-","-","9","2","-","-","","1","-","1","-","-","-","1",
"신앙","강동","범죄 발생지","","-","2","1","3","2","-","3","12","7","-","-","2","-","-",
"신앙","중구","범죄 발생지","","-","-","-","-","-","-","","-","-","-","-","-","-","-",
"신앙","서구","범죄 발생지","","-","-","-","-","-","-","","-","-","-","-","-","-","-",
"신앙","동구","범죄 발생지","","-","-","-","-","-","-","","-","-","-","-","-","1","-",
"신앙","영도","범죄 발생지","","-","1","-","-","-","-","","-","1","-","-","-","1","-",
"신앙","부산진","범죄 발생지","","-","1","1","-","-","-","3","1","-","-","1","-","-","-",
"신앙","동래","범죄 발생지","","-","1","3","2","2","1","","-","-","2","-","-","-","-",
"신앙","남구","범죄 발생지","","-","-","-","1","-","-","1","1","-","-","1","-","-","1",
"신앙","북구","범죄 발생지","","1","-","1","1","-","-","","-","-","-","-","1","-","1",
"신앙","해운대","범죄 발생지","","2","-","3","-","-","-","2","1","1","-","-","1","-","-",
"신앙","사하","범죄 발생지","","2","-","-","-","3","1","1","-","-","-","2","-","-","2",
"신앙","금정","범죄 발생지","","-","3","-","1","1","1","","2","-","-","-","-","-","-",
"신앙","강서","범죄 발생지","","-","-","-","-","1","-","3","-","-","-","-","-","1","3",
"신앙","연제","범죄 발생지","","-","-","-","-","-","1","1","-","-","-","-","-","-","-",
"신앙","수영","범죄 발생지","","-","-","-","1","-","1","","-","-","-","-","-","-","-",
"신앙","사상","범죄 발생지","","-","-","-","-","-","-","","-","-","1","-","-","-","-",
"신앙","기장군","범죄 발생지","","-","2","1","-","3","-","2","1","-","2","-","2","-","3",
"신앙","중구","범죄 발생지","","1","1","-","-","-","-","","-","-","-","-","-","1","-",
"신앙","동구","범죄 발생지","","2","-","-","1","1","-","","1","1","-","-","-","-","2",
"신앙","서구","범죄 발생지","","-","-","-","-","-","-","","1","-","-","-","-","-","-",
"신앙","남구","범죄 발생지","","-","1","-","-","-","-","","-","-","1","-","1","-","-",
"신앙","북구","범죄 발생지","","-","3","1","-","-","-","","-","1","-","-","-","-","4",
"신앙","수성","범죄 발생지","","1","1","-","-","3","1","1","-","1","-","1","-","1","-",
"신앙","달서","범죄 발생지","","1","-","-","-","1","-","","-","-","-","-","-","1","1",
"신앙","달성군","범죄 발생지","","2","1","2","-","1","2","1","-","-","1","-","-","-","-",
"신앙","군위군","범죄 발생지","","","","","","","","","","","","","","-","-",
"신앙","중구","범죄 발생지","","1","-","-","-","-","-","","-","-","1","-","1","-","-",
"신앙","동구","범죄 발생지","","-","-","-","-","-","-","1","-","-","1","-","-","-","-",
"신앙","서구","범죄 발생지","","-","-","2","-","1","5","1","3","-","1","-","-","-","-",
"신앙","미추홀","범죄 발생지","","2","-","-","-","-","1","2","-","-","-","-","-","1","-",
"신앙","연수","범죄 발생지","","-","-","-","-","-","2","","-","-","-","-","-","-","-",
"신앙","남동","범죄 발생지","","1","-","-","-","1","1","","1","-","-","-","-","1","-",
"신앙","부평","범죄 발생지","","-","1","-","1","-","3","","3","-","3","1","2","1","1",
"신앙","계양","범죄 발생지","","1","1","-","-","-","1","","1","-","-","-","1","2","-",
"신앙","강화군","범죄 발생지","","2","-","1","-","1","1","","5","-","2","1","1","1","-",
"신앙","옹진군","범죄 발생지","","2","-","-","-","-","-","","-","-","2","-","-","1","-",
"신앙","동구","범죄 발생지","","1","1","-","-","-","1","2","-","1","-","-","1","1","-",
"신앙","서구","범죄 발생지","","2","-","-","-","-","-","","-","2","1","-","1","1","1",
"신앙","남구","범죄 발생지","","-","1","6","1","1","-","","2","-","-","-","-","1","-",
"신앙","북구","범죄 발생지","","7","2","4","1","1","-","2","-","1","2","8","3","2","3",
"신앙","광산","범죄 발생지","","1","2","2","-","1","1","","2","-","-","1","3","-","1",
"신앙","중구","범죄 발생지","","-","1","3","-","-","-","1","-","-","-","-","2","-","-",
"신앙","동구","범죄 발생지","","-","-","-","1","-","2","","1","-","1","1","1","1","2",
"신앙","서구","범죄 발생지","","1","-","1","7","-","-","2","-","1","-","-","-","-","-",
"신앙","유성","범죄 발생지","","1","1","-","3","2","2","","-","-","1","1","1","-","2",
"신앙","대덕","범죄 발생지","","-","-","-","1","1","2","1","-","-","-","-","-","2","-",
"신앙","중구","범죄 발생지","","-","-","-","-","-","1","","-","-","-","-","-","-","-",
"신앙","동구","범죄 발생지","","-","-","1","-","-","-","1","-","-","-","-","-","-","-",
"신앙","남구","범죄 발생지","","-","-","-","1","1","-","","-","-","-","-","-","2","-",
"신앙","북구","범죄 발생지","","-","1","-","-","1","-","","-","1","-","1","-","-","1",
"신앙","울주군","범죄 발생지","","2","4","3","3","1","2","2","1","1","2","2","3","4","-",
"기타 음란행위","종로","범죄 발생지","","6","9","7","18","14","15","28","15","10","19","14","13","17","19",
"기타 음란행위","중구","범죄 발생지","","3","11","10","9","12","8","20","10","27","17","20","12","17","15",
"기타 음란행위","용산","범죄 발생지","","9","10","7","8","20","23","22","19","19","11","22","17","10","18",
"기타 음란행위","성동","범죄 발생지","","8","7","10","7","10","16","17","22","20","12","16","11","14","9",
"기타 음란행위","광진","범죄 발생지","","3","8","10","16","18","15","28","21","37","29","29","22","32","12",
"기타 음란행위","동대문","범죄 발생지","","5","12","17","12","21","21","15","15","21","21","20","20","27","16",
"기타 음란행위","중랑","범죄 발생지","","6","28","12","28","21","23","31","29","27","32","24","23","22","17",
"기타 음란행위","성북","범죄 발생지","","9","15","7","14","12","21","19","26","29","15","25","18","19","14",
"기타 음란행위","강북","범죄 발생지","","7","7","8","10","25","14","25","21","27","32","11","14","9","18",
"기타 음란행위","도봉","범죄 발생지","","6","7","1","5","15","12","12","7","15","10","12","11","11","14",
"기타 음란행위","노원","범죄 발생지","","4","9","9","17","21","40","43","22","30","29","18","21","31","23",
"기타 음란행위","은평","범죄 발생지","","27","18","11","9","15","32","33","23","23","24","19","17","20","35",
"기타 음란행위","서대문","범죄 발생지","","7","26","28","13","27","12","18","17","18","23","21","18","8","11",
"기타 음란행위","마포","범죄 발생지","","7","13","10","23","18","36","46","25","36","41","32","24","32","33",
"기타 음란행위","양천","범죄 발생지","","5","5","5","9","17","19","15","20","32","17","18","16","18","10",
"기타 음란행위","강서","범죄 발생지","","15","11","10","16","20","24","41","42","30","34","30","34","32","31",
"기타 음란행위","구로","범죄 발생지","","5","7","13","16","26","24","40","33","32","32","20","23","21","22",
"기타 음란행위","금천","범죄 발생지","","-","11","15","9","21","24","31","14","22","24","17","18","13","14",
"기타 음란행위","영등포","범죄 발생지","","7","18","12","31","19","31","53","58","53","34","45","32","25","27",
"기타 음란행위","동작","범죄 발생지","","4","8","9","13","17","23","19","15","34","21","18","15","14","18",
"기타 음란행위","관악","범죄 발생지","","3","12","21","26","27","40","43","31","49","57","42","36","42","46",
"기타 음란행위","서초","범죄 발생지","","7","12","8","18","20","21","25","28","34","34","25","20","23","17",
"기타 음란행위","강남","범죄 발생지","","5","16","20","18","27","48","57","26","31","54","39","25","49","32",
"기타 음란행위","송파","범죄 발생지","","15","16","20","29","42","28","38","31","41","50","26","27","36","34",
"기타 음란행위","강동","범죄 발생지","","6","20","16","20","29","30","26","27","33","21","17","23","23","24",
"기타 음란행위","중구","범죄 발생지","","1","2","1","2","3","9","3","3","4","1","4","8","3","3",
"기타 음란행위","서구","범죄 발생지","","-","-","2","8","6","7","4","2","2","1","6","2","8","2",
"기타 음란행위","동구","범죄 발생지","","4","4","6","7","2","6","8","11","8","4","5","8","18","7",
"기타 음란행위","영도","범죄 발생지","","1","2","-","5","2","4","3","3","2","1","5","2","2","2",
"기타 음란행위","부산진","범죄 발생지","","5","12","14","11","13","20","21","29","34","23","26","31","26","28",
"기타 음란행위","동래","범죄 발생지","","12","6","10","5","13","8","14","13","12","15","13","16","18","13",
"기타 음란행위","남구","범죄 발생지","","2","4","7","4","5","8","9","11","14","13","11","3","7","5",
"기타 음란행위","북구","범죄 발생지","","4","4","5","5","7","3","16","14","12","13","14","13","4","4",
"기타 음란행위","해운대","범죄 발생지","","6","11","4","14","20","15","29","23","20","19","23","21","9","29",
"기타 음란행위","사하","범죄 발생지","","2","7","1","13","9","8","15","12","10","8","7","9","12","15",
"기타 음란행위","금정","범죄 발생지","","-","11","10","15","5","8","17","12","14","11","17","20","21","10",
"기타 음란행위","강서","범죄 발생지","","1","3","6","5","2","1","9","3","5","4","5","4","3","6",
"기타 음란행위","연제","범죄 발생지","","-","1","5","6","8","19","11","8","9","10","10","13","8","16",
"기타 음란행위","수영","범죄 발생지","","-","4","7","6","1","6","11","7","17","9","13","11","12","9",
"기타 음란행위","사상","범죄 발생지","","4","11","14","14","11","12","27","8","15","11","18","18","10","17",
"기타 음란행위","기장군","범죄 발생지","","1","3","-","6","3","1","9","2","10","6","5","12","9","6",
"기타 음란행위","중구","범죄 발생지","","5","2","5","3","5","13","7","3","8","11","11","14","12","16",
"기타 음란행위","동구","범죄 발생지","","6","2","3","5","17","15","11","7","16","3","17","14","17","12",
"기타 음란행위","서구","범죄 발생지","","15","4","8","8","6","6","6","11","10","8","10","9","7","7",
"기타 음란행위","남구","범죄 발생지","","6","6","9","5","6","6","6","7","5","12","8","3","7","6",
"기타 음란행위","북구","범죄 발생지","","8","8","4","10","8","9","9","14","25","21","24","17","20","18",
"기타 음란행위","수성","범죄 발생지","","7","8","5","11","6","12","8","19","19","16","10","14","21","12",
"기타 음란행위","달서","범죄 발생지","","13","15","15","25","27","27","38","25","35","31","38","37","17","21",
"기타 음란행위","달성군","범죄 발생지","","2","1","3","-","4","2","4","5","9","5","4","4","5","7",
"기타 음란행위","군위군","범죄 발생지","","","","","","","","","","","","","","-","-",
"기타 음란행위","중구","범죄 발생지","","5","9","6","6","6","9","13","8","11","10","9","10","3","18",
"기타 음란행위","동구","범죄 발생지","","3","4","3","-","1","3","4","6","7","5","4","2","3","8",
"기타 음란행위","서구","범죄 발생지","","5","13","9","10","15","31","28","23","34","23","24","24","36","26",
"기타 음란행위","미추홀","범죄 발생지","","11","6","13","22","9","22","40","49","40","36","28","19","29","25",
"기타 음란행위","연수","범죄 발생지","","2","10","3","16","18","17","17","12","17","22","27","17","10","10",
"기타 음란행위","남동","범죄 발생지","","12","14","13","12","23","50","53","33","51","37","36","31","37","40",
"기타 음란행위","부평","범죄 발생지","","9","18","26","29","25","52","60","40","58","43","31","40","39","30",
"기타 음란행위","계양","범죄 발생지","","4","9","13","14","12","21","14","17","27","15","21","21","16","27",
"기타 음란행위","강화군","범죄 발생지","","1","1","2","1","2","-","3","3","1","6","3","1","1","4",
"기타 음란행위","옹진군","범죄 발생지","","-","-","-","-","-","-","","-","-","1","-","1","-","-",
"기타 음란행위","동구","범죄 발생지","","8","15","3","7","7","5","6","8","9","8","14","5","2","5",
"기타 음란행위","서구","범죄 발생지","","7","13","11","21","13","22","25","20","13","19","19","12","7","7",
"기타 음란행위","남구","범죄 발생지","","3","2","11","11","3","8","14","7","10","12","6","6","10","4",
"기타 음란행위","북구","범죄 발생지","","8","27","22","16","14","24","26","15","21","20","17","24","21","15",
"기타 음란행위","광산","범죄 발생지","","6","9","21","16","19","7","17","27","16","19","14","19","28","20",
"기타 음란행위","중구","범죄 발생지","","5","7","11","10","16","15","27","33","17","15","18","10","11","17",
"기타 음란행위","동구","범죄 발생지","","1","3","5","9","9","13","14","20","19","9","14","24","26","12",
"기타 음란행위","서구","범죄 발생지","","8","10","11","17","61","48","55","55","46","40","46","25","33","34",
"기타 음란행위","유성","범죄 발생지","","2","8","11","13","10","17","17","15","12","11","22","15","10","12",
"기타 음란행위","대덕","범죄 발생지","","3","3","5","9","18","7","9","9","10","11","7","11","3","5",
"기타 음란행위","중구","범죄 발생지","","12","10","21","27","21","15","9","10","10","5","9","7","14","9",
"기타 음란행위","동구","범죄 발생지","","2","3","2","4","12","3","7","1","10","6","7","6","7","5",
"기타 음란행위","남구","범죄 발생지","","11","14","19","29","30","29","27","24","29","27","32","17","17","22",
"기타 음란행위","북구","범죄 발생지","","1","3","3","4","6","3","6","4","9","3","7","8","6","5",
"기타 음란행위","울주군","범죄 발생지","","5","8","4","3","11","7","12","14","13","5","6","6","7","11",
"과실치사상","종로","범죄 발생지","","22","20","16","13","24","33","25","25","33","20","20","34","26","33",
"과실치사상","중구","범죄 발생지","","14","13","16","13","20","23","24","19","37","11","13","20","37","42",
"과실치사상","용산","범죄 발생지","","11","16","15","16","24","20","21","23","25","21","13","28","28","35",
"과실치사상","성동","범죄 발생지","","1","6","5","8","11","19","19","15","24","12","17","15","11","25",
"과실치사상","광진","범죄 발생지","","14","25","16","15","19","22","24","18","17","15","23","24","19","18",
"과실치사상","동대문","범죄 발생지","","17","18","18","21","26","17","25","24","22","29","32","33","32","35",
"과실치사상","중랑","범죄 발생지","","16","16","20","18","27","27","21","37","24","20","15","22","31","35",
"과실치사상","성북","범죄 발생지","","6","16","14","11","9","18","18","19","17","17","14","18","16","14",
"과실치사상","강북","범죄 발생지","","8","14","11","18","16","20","11","21","27","9","11","15","13","13",
"과실치사상","도봉","범죄 발생지","","11","7","14","9","7","13","18","17","10","18","9","7","12","14",
"과실치사상","노원","범죄 발생지","","20","18","25","20","29","30","36","33","46","33","31","33","34","24",
"과실치사상","은평","범죄 발생지","","14","18","20","26","22","24","14","26","34","23","17","19","33","22",
"과실치사상","서대문","범죄 발생지","","11","15","16","14","15","12","14","15","20","13","9","12","10","12",
"과실치사상","마포","범죄 발생지","","7","19","16","26","16","19","28","27","17","17","28","20","17","34",
"과실치사상","양천","범죄 발생지","","10","5","10","10","15","9","26","20","22","14","20","15","26","21",
"과실치사상","강서","범죄 발생지","","15","17","13","16","25","24","30","25","34","33","23","23","25","31",
"과실치사상","구로","범죄 발생지","","6","14","21","10","27","24","26","22","31","14","23","26","36","22",
"과실치사상","금천","범죄 발생지","","10","11","7","7","11","8","9","8","15","12","14","8","13","12",
"과실치사상","영등포","범죄 발생지","","21","32","22","17","29","17","17","30","19","29","12","25","22","36",
"과실치사상","동작","범죄 발생지","","15","15","16","20","18","15","23","15","25","23","18","16","20","27",
"과실치사상","관악","범죄 발생지","","20","11","16","15","18","21","32","34","28","20","14","13","27","33",
"과실치사상","서초","범죄 발생지","","18","14","18","19","24","25","29","33","48","34","21","27","48","36",
"과실치사상","강남","범죄 발생지","","24","37","24","29","25","31","38","53","47","44","33","48","62","63",
"과실치사상","송파","범죄 발생지","","18","17","12","21","25","26","36","30","44","46","33","30","40","33",
"과실치사상","강동","범죄 발생지","","10","12","12","13","21","15","15","22","26","20","22","23","19","22",
"과실치사상","중구","범죄 발생지","","9","4","3","6","3","5","13","6","7","6","5","4","8","11",
"과실치사상","서구","범죄 발생지","","4","5","7","8","5","2","2","6","9","7","3","9","7","3",
"과실치사상","동구","범죄 발생지","","5","5","6","6","6","2","6","8","6","11","5","4","7","9",
"과실치사상","영도","범죄 발생지","","-","6","3","2","8","3","6","5","4","11","6","6","7","6",
"과실치사상","부산진","범죄 발생지","","17","12","19","25","25","26","36","29","33","36","34","30","32","48",
"과실치사상","동래","범죄 발생지","","10","9","8","11","18","12","15","19","10","12","8","8","15","18",
"과실치사상","남구","범죄 발생지","","3","4","6","8","7","12","10","18","21","16","8","19","6","13",
"과실치사상","북구","범죄 발생지","","5","7","8","12","7","7","14","12","14","21","10","10","13","18",
"과실치사상","해운대","범죄 발생지","","13","11","17","11","10","11","16","31","20","28","21","26","20","30",
"과실치사상","사하","범죄 발생지","","8","9","6","9","10","10","8","21","18","18","12","14","7","15",
"과실치사상","금정","범죄 발생지","","7","8","3","11","6","13","18","16","21","10","10","11","9","11",
"과실치사상","강서","범죄 발생지","","1","6","5","3","4","6","6","6","7","12","7","13","8","15",
"과실치사상","연제","범죄 발생지","","9","5","10","14","7","17","15","13","10","17","16","14","16","14",
"과실치사상","수영","범죄 발생지","","4","9","13","11","13","13","10","14","18","14","18","12","13","13",
"과실치사상","사상","범죄 발생지","","7","9","4","4","9","3","10","8","10","16","12","7","5","12",
"과실치사상","기장군","범죄 발생지","","5","2","2","4","6","6","11","4","7","13","9","9","17","8",
"과실치사상","중구","범죄 발생지","","5","9","9","6","7","9","12","17","19","17","12","18","26","23",
"과실치사상","동구","범죄 발생지","","11","13","5","7","17","17","13","18","23","13","15","14","24","26",
"과실치사상","서구","범죄 발생지","","7","7","8","3","18","10","5","11","16","16","10","10","9","14",
"과실치사상","남구","범죄 발생지","","6","6","4","4","3","10","6","14","16","21","11","12","17","12",
"과실치사상","북구","범죄 발생지","","21","13","12","11","19","23","15","21","28","16","21","12","17","13",
"과실치사상","수성","범죄 발생지","","15","10","13","14","16","16","15","19","18","14","11","17","18","25",
"과실치사상","달서","범죄 발생지","","19","21","13","41","28","25","24","32","32","30","26","27","25","24",
"과실치사상","달성군","범죄 발생지","","4","3","4","2","4","4","9","10","13","5","6","11","11","6",
"과실치사상","군위군","범죄 발생지","","","","","","","","","","","","","","1","3",
"과실치사상","중구","범죄 발생지","","8","10","8","12","13","15","19","17","17","20","6","16","23","32",
"과실치사상","동구","범죄 발생지","","2","-","5","3","2","6","2","9","3","3","3","2","2","4",
"과실치사상","서구","범죄 발생지","","18","13","13","17","21","14","21","35","33","24","21","29","24","24",
"과실치사상","미추홀","범죄 발생지","","19","22","12","23","20","29","30","17","43","30","19","26","24","17",
"과실치사상","연수","범죄 발생지","","10","12","4","8","8","16","22","23","16","23","14","9","24","18",
"과실치사상","남동","범죄 발생지","","6","12","21","20","19","23","25","36","32","29","19","14","22","33",
"과실치사상","부평","범죄 발생지","","15","14","18","20","29","27","35","43","42","34","38","58","33","34",
"과실치사상","계양","범죄 발생지","","7","13","10","8","17","13","28","16","22","23","9","5","15","19",
"과실치사상","강화군","범죄 발생지","","3","4","2","2","2","4","3","2","2","5","8","11","5","8",
"과실치사상","옹진군","범죄 발생지","","2","1","1","1","-","1","","1","-","-","2","1","-","2",
"과실치사상","동구","범죄 발생지","","6","5","6","7","7","5","7","5","8","6","6","13","13","7",
"과실치사상","서구","범죄 발생지","","20","15","18","13","9","18","13","14","10","17","8","13","10","12",
"과실치사상","남구","범죄 발생지","","2","4","11","6","7","9","9","16","10","8","5","6","10","11",
"과실치사상","북구","범죄 발생지","","15","16","10","20","17","15","11","27","17","20","11","13","16","25",
"과실치사상","광산","범죄 발생지","","13","7","10","10","8","10","16","12","20","17","6","7","24","15",
"과실치사상","중구","범죄 발생지","","9","14","12","8","15","17","13","21","10","14","13","11","6","17",
"과실치사상","동구","범죄 발생지","","-","2","5","3","8","15","10","9","18","17","10","13","25","17",
"과실치사상","서구","범죄 발생지","","13","13","12","16","15","14","18","20","17","23","20","17","18","38",
"과실치사상","유성","범죄 발생지","","-","4","5","9","10","13","18","12","10","14","11","16","15","11",
"과실치사상","대덕","범죄 발생지","","7","3","6","4","11","5","10","9","10","7","10","6","9","8",
"과실치사상","중구","범죄 발생지","","2","3","4","4","8","7","4","9","6","6","6","8","11","6",
"과실치사상","동구","범죄 발생지","","1","1","-","1","4","5","5","7","13","6","3","7","8","4",
"과실치사상","남구","범죄 발생지","","8","10","7","7","16","13","12","15","17","10","11","10","13","11",
"과실치사상","북구","범죄 발생지","","3","1","2","7","4","3","4","4","5","7","3","4","7","6",
"과실치사상","울주군","범죄 발생지","","5","5","12","17","9","12","10","11","11","12","8","6","13","11",
"업무상 과실치사상","종로","범죄 발생지","","36","15","21","21","21","28","28","23","26","17","28","13","19","12",
"업무상 과실치사상","중구","범죄 발생지","","22","18","20","19","16","22","22","19","24","18","25","18","40","35",
"업무상 과실치사상","용산","범죄 발생지","","13","19","17","13","18","13","12","18","14","13","11","10","16","16",
"업무상 과실치사상","성동","범죄 발생지","","14","9","7","16","14","12","19","13","14","18","15","15","20","16",
"업무상 과실치사상","광진","범죄 발생지","","15","11","20","21","11","7","18","17","7","15","9","9","10","19",
"업무상 과실치사상","동대문","범죄 발생지","","13","21","12","24","23","22","18","17","7","14","9","14","17","26",
"업무상 과실치사상","중랑","범죄 발생지","","14","14","15","13","17","16","14","20","16","16","12","14","19","18",
"업무상 과실치사상","성북","범죄 발생지","","18","24","14","18","11","11","17","22","12","18","10","15","12","19",
"업무상 과실치사상","강북","범죄 발생지","","8","10","14","14","16","9","8","13","8","7","9","12","6","13",
"업무상 과실치사상","도봉","범죄 발생지","","9","13","16","9","9","9","14","5","11","13","8","6","5","14",
"업무상 과실치사상","노원","범죄 발생지","","16","14","16","21","21","21","15","21","19","26","15","23","22","25",
"업무상 과실치사상","은평","범죄 발생지","","17","9","13","19","18","14","19","10","14","14","20","15","14","18",
"업무상 과실치사상","서대문","범죄 발생지","","11","28","28","23","25","21","21","16","11","13","12","15","12","18",
"업무상 과실치사상","마포","범죄 발생지","","17","20","9","19","15","17","14","17","11","14","20","20","22","23",
"업무상 과실치사상","양천","범죄 발생지","","11","12","17","10","10","5","17","20","17","14","22","17","10","16",
"업무상 과실치사상","강서","범죄 발생지","","15","9","23","20","25","31","18","30","29","25","21","24","32","20",
"업무상 과실치사상","구로","범죄 발생지","","4","6","18","17","19","16","13","21","18","21","15","17","9","16",
"업무상 과실치사상","금천","범죄 발생지","","13","15","9","9","11","9","6","12","11","8","20","16","14","9",
"업무상 과실치사상","영등포","범죄 발생지","","23","20","22","16","25","21","19","22","27","32","17","28","35","19",
"업무상 과실치사상","동작","범죄 발생지","","13","16","22","18","12","17","17","16","10","18","10","8","24","22",
"업무상 과실치사상","관악","범죄 발생지","","12","20","14","19","24","18","22","25","17","20","14","14","17","15",
"업무상 과실치사상","서초","범죄 발생지","","37","39","32","30","22","26","32","39","44","29","33","38","38","59",
"업무상 과실치사상","강남","범죄 발생지","","90","88","71","63","97","97","68","70","71","96","99","90","87","152",
"업무상 과실치사상","송파","범죄 발생지","","16","27","26","34","43","37","36","34","29","34","29","30","43","61",
"업무상 과실치사상","강동","범죄 발생지","","20","16","14","23","17","13","21","24","35","33","29","24","30","27",
"업무상 과실치사상","중구","범죄 발생지","","9","5","6","5","10","6","9","3","8","5","9","7","9","6",
"업무상 과실치사상","서구","범죄 발생지","","12","18","14","16","12","23","18","17","22","18","16","16","15","21",
"업무상 과실치사상","동구","범죄 발생지","","16","10","9","3","5","9","16","13","11","19","14","11","11","13",
"업무상 과실치사상","영도","범죄 발생지","","11","12","11","13","11","13","12","14","12","9","12","7","14","11",
"업무상 과실치사상","부산진","범죄 발생지","","29","46","35","24","18","30","36","25","38","33","30","47","34","36",
"업무상 과실치사상","동래","범죄 발생지","","18","17","15","13","13","14","15","18","33","29","12","21","18","27",
"업무상 과실치사상","남구","범죄 발생지","","7","14","17","13","12","20","21","21","15","14","21","17","11","15",
"업무상 과실치사상","북구","범죄 발생지","","2","7","7","9","7","11","9","7","6","11","14","5","7","6",
"업무상 과실치사상","해운대","범죄 발생지","","20","22","26","29","32","14","28","20","24","30","31","31","34","29",
"업무상 과실치사상","사하","범죄 발생지","","18","23","30","31","19","17","25","24","27","25","25","27","31","26",
"업무상 과실치사상","금정","범죄 발생지","","6","8","10","25","15","11","9","16","4","15","7","9","12","11",
"업무상 과실치사상","강서","범죄 발생지","","20","14","19","14","21","22","20","20","21","13","25","23","20","24",
"업무상 과실치사상","연제","범죄 발생지","","9","14","16","18","8","12","9","17","15","18","23","15","14","17",
"업무상 과실치사상","수영","범죄 발생지","","9","8","8","9","8","10","10","18","15","15","16","5","20","22",
"업무상 과실치사상","사상","범죄 발생지","","18","13","8","16","14","14","23","12","17","15","9","11","17","20",
"업무상 과실치사상","기장군","범죄 발생지","","18","8","11","14","18","8","19","13","17","17","18","16","23","22",
"업무상 과실치사상","중구","범죄 발생지","","16","16","14","23","13","11","11","19","16","24","18","16","20","17",
"업무상 과실치사상","동구","범죄 발생지","","16","8","13","10","15","24","14","12","18","14","8","21","15","20",
"업무상 과실치사상","서구","범죄 발생지","","10","15","7","10","9","14","8","13","10","9","9","14","10","12",
"업무상 과실치사상","남구","범죄 발생지","","11","10","6","14","26","6","15","12","20","12","8","15","10","9",
"업무상 과실치사상","북구","범죄 발생지","","7","8","16","15","10","17","17","24","14","16","12","21","24","27",
"업무상 과실치사상","수성","범죄 발생지","","7","13","20","14","7","3","14","11","11","10","17","14","17","23",
"업무상 과실치사상","달서","범죄 발생지","","13","17","20","25","33","20","18","30","22","24","25","19","37","36",
"업무상 과실치사상","달성군","범죄 발생지","","7","4","8","13","14","17","23","16","16","9","24","17","20","17",
"업무상 과실치사상","군위군","범죄 발생지","","","","","","","","","","","","","","-","-",
"업무상 과실치사상","중구","범죄 발생지","","13","31","17","27","29","31","18","30","19","15","22","28","43","38",
"업무상 과실치사상","동구","범죄 발생지","","8","2","2","3","3","4","4","3","4","4","2","6","5","4",
"업무상 과실치사상","서구","범죄 발생지","","33","33","38","21","31","41","45","39","41","34","48","43","42","44",
"업무상 과실치사상","미추홀","범죄 발생지","","11","8","14","15","16","25","16","22","14","18","16","14","17","32",
"업무상 과실치사상","연수","범죄 발생지","","8","9","12","9","13","11","18","14","19","21","22","19","13","12",
"업무상 과실치사상","남동","범죄 발생지","","12","16","35","23","33","36","27","39","19","34","34","38","39","37",
"업무상 과실치사상","부평","범죄 발생지","","25","15","19","18","18","16","19","21","29","26","15","17","21","26",
"업무상 과실치사상","계양","범죄 발생지","","11","13","20","12","15","13","18","13","8","18","8","18","17","26",
"업무상 과실치사상","강화군","범죄 발생지","","12","8","5","7","8","9","13","11","7","7","6","5","8","7",
"업무상 과실치사상","옹진군","범죄 발생지","","16","35","33","25","29","20","15","41","12","7","9","17","21","17",
"업무상 과실치사상","동구","범죄 발생지","","19","23","13","16","11","20","9","13","10","12","15","12","13","11",
"업무상 과실치사상","서구","범죄 발생지","","15","12","15","7","10","14","10","13","15","15","12","16","19","23",
"업무상 과실치사상","남구","범죄 발생지","","10","8","3","11","8","7","11","11","7","11","7","11","15","14",
"업무상 과실치사상","북구","범죄 발생지","","25","17","15","17","29","19","22","24","23","17","29","21","23","30",
"업무상 과실치사상","광산","범죄 발생지","","18","23","18","16","21","19","17","20","24","31","23","18","29","22",
"업무상 과실치사상","중구","범죄 발생지","","14","15","19","14","11","24","15","7","13","11","10","19","19","18",
"업무상 과실치사상","동구","범죄 발생지","","-","4","11","6","9","6","4","12","12","10","9","7","7","16",
"업무상 과실치사상","서구","범죄 발생지","","14","18","22","23","15","17","24","20","18","26","20","21","26","26",
"업무상 과실치사상","유성","범죄 발생지","","10","8","12","7","18","13","14","18","14","19","17","23","15","18",
"업무상 과실치사상","대덕","범죄 발생지","","6","6","13","4","11","12","12","11","5","10","5","4","11","13",
"업무상 과실치사상","중구","범죄 발생지","","6","6","6","7","7","13","10","2","6","8","1","4","14","4",
"업무상 과실치사상","동구","범죄 발생지","","8","11","9","17","8","18","15","16","18","15","7","11","12","9",
"업무상 과실치사상","남구","범죄 발생지","","24","26","29","29","30","22","20","28","28","16","20","29","25","17",
"업무상 과실치사상","북구","범죄 발생지","","4","8","4","11","10","9","8","4","11","6","4","15","5","13",
"업무상 과실치사상","울주군","범죄 발생지","","27","29","20","22","38","25","19","17","18","27","30","19","17","16",
"실화","종로","범죄 발생지","","13","10","7","12","9","19","18","21","12","16","15","12","22","20",
"실화","중구","범죄 발생지","","57","17","23","19","10","13","11","13","11","9","24","13","18","13",
"실화","용산","범죄 발생지","","9","11","8","9","12","8","10","10","7","12","9","8","21","24",
"실화","성동","범죄 발생지","","10","9","5","5","4","5","4","9","10","5","4","10","10","9",
"실화","광진","범죄 발생지","","9","10","5","8","9","8","8","6","15","12","7","9","20","9",
"실화","동대문","범죄 발생지","","19","12","13","18","19","14","6","4","11","12","6","13","17","13",
"실화","중랑","범죄 발생지","","13","18","6","7","11","8","11","16","9","12","17","21","18","15",
"실화","성북","범죄 발생지","","13","27","24","10","9","11","7","8","12","11","10","15","20","24",
"실화","강북","범죄 발생지","","12","7","8","7","13","21","14","12","13","7","11","11","9","8",
"실화","도봉","범죄 발생지","","18","15","17","13","20","10","10","7","15","10","7","12","8","4",
"실화","노원","범죄 발생지","","27","12","8","10","17","14","21","23","10","12","18","17","23","5",
"실화","은평","범죄 발생지","","13","18","9","7","13","9","10","14","11","9","11","13","12","13",
"실화","서대문","범죄 발생지","","7","36","17","14","9","5","6","10","15","15","19","21","16","16",
"실화","마포","범죄 발생지","","9","14","25","13","7","8","13","8","8","13","13","19","17","20",
"실화","양천","범죄 발생지","","22","16","7","10","10","6","5","7","7","30","20","11","16","15",
"실화","강서","범죄 발생지","","11","8","5","8","9","25","18","23","9","14","14","15","20","8",
"실화","구로","범죄 발생지","","9","13","10","8","9","8","8","5","10","14","11","21","23","8",
"실화","금천","범죄 발생지","","9","11","8","7","3","3","5","10","11","8","4","13","9","11",
"실화","영등포","범죄 발생지","","11","5","8","7","12","12","18","8","9","24","31","36","40","17",
"실화","동작","범죄 발생지","","10","6","6","11","13","8","9","9","10","10","12","18","22","14",
"실화","관악","범죄 발생지","","7","13","16","15","12","8","14","7","18","19","17","16","32","20",
"실화","서초","범죄 발생지","","11","19","20","13","19","12","20","32","27","23","14","31","33","27",
"실화","강남","범죄 발생지","","31","35","11","26","28","21","27","25","37","43","73","71","67","53",
"실화","송파","범죄 발생지","","20","17","12","18","11","15","13","29","25","24","17","19","21","23",
"실화","강동","범죄 발생지","","6","15","6","6","6","13","7","9","5","9","9","4","8","8",
"실화","중구","범죄 발생지","","9","12","11","5","8","8","9","8","6","5","2","1","9","5",
"실화","서구","범죄 발생지","","2","9","6","6","10","11","17","12","9","10","3","2","9","3",
"실화","동구","범죄 발생지","","16","7","9","6","8","5","5","3","7","8","11","6","7","4",
"실화","영도","범죄 발생지","","13","10","13","11","10","8","7","3","15","11","3","8","13","9",
"실화","부산진","범죄 발생지","","19","19","20","11","7","13","11","18","18","23","17","15","9","7",
"실화","동래","범죄 발생지","","7","6","4","14","3","6","10","3","8","4","9","9","11","5",
"실화","남구","범죄 발생지","","30","27","16","10","12","12","6","16","9","3","5","2","5","8",
"실화","북구","범죄 발생지","","17","13","15","5","5","5","5","7","7","4","3","7","5","4",
"실화","해운대","범죄 발생지","","13","15","12","14","11","13","11","4","12","13","23","26","13","17",
"실화","사하","범죄 발생지","","20","20","19","23","9","4","19","17","6","6","11","8","8","8",
"실화","금정","범죄 발생지","","26","17","32","17","9","10","8","11","5","12","4","7","5","6",
"실화","강서","범죄 발생지","","29","40","25","13","9","14","18","8","8","13","8","10","5","3",
"실화","연제","범죄 발생지","","19","10","11","10","3","12","6","6","6","13","4","2","5","9",
"실화","수영","범죄 발생지","","22","12","5","14","5","6","7","14","8","5","3","2","6","6",
"실화","사상","범죄 발생지","","13","20","21","18","12","13","7","5","6","11","3","7","1","5",
"실화","기장군","범죄 발생지","","12","4","8","6","5","7","11","10","2","12","2","8","13","7",
"실화","중구","범죄 발생지","","8","3","3","1","1","2","1","2","6","5","4","5","12","12",
"실화","동구","범죄 발생지","","11","10","11","18","10","11","14","10","10","18","9","22","18","11",
"실화","서구","범죄 발생지","","2","6","7","4","1","2","7","5","5","5","2","7","8","5",
"실화","남구","범죄 발생지","","2","6","1","8","4","10","6","6","2","6","1","4","3","3",
"실화","북구","범죄 발생지","","11","5","16","11","8","12","9","12","6","13","20","15","14","8",
"실화","수성","범죄 발생지","","10","10","9","5","11","10","5","11","7","5","5","7","3","6",
"실화","달서","범죄 발생지","","15","26","8","8","9","15","19","11","16","12","21","22","16","16",
"실화","달성군","범죄 발생지","","6","2","4","5","3","7","9","3","7","3","7","9","5","4",
"실화","군위군","범죄 발생지","","","","","","","","","","","","","","-","1",
"실화","중구","범죄 발생지","","4","7","1","6","8","14","14","5","8","9","5","6","7","19",
"실화","동구","범죄 발생지","","2","3","3","1","-","1","3","2","1","1","1","3","-","2",
"실화","서구","범죄 발생지","","9","7","16","22","24","8","16","17","23","16","34","32","36","18",
"실화","미추홀","범죄 발생지","","4","5","1","4","9","5","17","10","12","11","11","20","11","21",
"실화","연수","범죄 발생지","","4","10","8","3","7","6","11","6","10","4","11","10","11","11",
"실화","남동","범죄 발생지","","15","14","6","11","11","23","18","18","13","27","21","17","17","12",
"실화","부평","범죄 발생지","","24","22","17","14","19","13","9","8","18","12","8","20","10","8",
"실화","계양","범죄 발생지","","6","9","7","3","2","7","7","10","9","7","15","13","13","6",
"실화","강화군","범죄 발생지","","2","4","3","6","3","8","6","6","7","4","5","3","7","5",
"실화","옹진군","범죄 발생지","","1","4","6","-","6","3","1","2","1","1","4","4","2","1",
"실화","동구","범죄 발생지","","13","12","10","14","7","4","10","4","6","8","4","6","7","4",
"실화","서구","범죄 발생지","","31","30","31","14","9","8","18","10","12","16","14","8","6","12",
"실화","남구","범죄 발생지","","12","9","18","14","19","10","21","9","11","5","6","13","3","7",
"실화","북구","범죄 발생지","","54","28","18","10","11","10","14","29","10","11","13","15","15","5",
"실화","광산","범죄 발생지","","110","52","57","40","39","24","19","11","12","9","14","18","18","13",
"실화","중구","범죄 발생지","","48","22","8","3","14","8","5","9","10","14","4","1","8","4",
"실화","동구","범죄 발생지","","-","6","22","13","6","16","7","14","4","12","6","10","12","4",
"실화","서구","범죄 발생지","","35","40","28","5","15","11","12","15","14","19","14","16","12","14",
"실화","유성","범죄 발생지","","29","13","14","5","10","5","12","22","15","11","13","11","18","11",
"실화","대덕","범죄 발생지","","7","13","11","4","14","9","1","6","6","7","3","6","6","9",
"실화","중구","범죄 발생지","","7","5","14","5","7","7","8","4","5","5","7","4","7","3",
"실화","동구","범죄 발생지","","5","2","6","5","3","9","6","2","5","8","10","9","9","11",
"실화","남구","범죄 발생지","","18","14","20","5","14","7","11","7","5","7","9","14","14","9",
"실화","북구","범죄 발생지","","4","6","6","2","6","1","6","11","8","4","8","7","11","7",
"실화","울주군","범죄 발생지","","9","5","5","1","2","3","3","8","6","1","9","7","8","4",
"명예","종로","범죄 발생지","","222","237","319","462","280","275","241","282","269","308","206","227","246","244",
"명예","중구","범죄 발생지","","167","204","212","288","329","285","257","276","260","214","350","514","229","228",
"명예","용산","범죄 발생지","","94","108","164","247","241","216","164","159","191","215","157","468","216","219",
"명예","성동","범죄 발생지","","77","90","104","133","170","190","187","224","218","153","320","573","311","302",
"명예","광진","범죄 발생지","","133","189","205","383","272","304","222","225","225","217","211","195","247","192",
"명예","동대문","범죄 발생지","","107","171","219","348","254","250","193","239","244","249","226","1081","155","184",
"명예","중랑","범죄 발생지","","161","169","186","171","208","227","201","167","202","197","168","627","256","233",
"명예","성북","범죄 발생지","","109","199","288","291","229","219","204","216","226","188","222","219","290","138",
"명예","강북","범죄 발생지","","172","207","192","227","231","187","185","299","211","191","156","159","143","166",
"명예","도봉","범죄 발생지","","93","124","127","227","275","223","175","273","205","194","221","183","103","180",
"명예","노원","범죄 발생지","","162","196","202","288","255","240","217","251","228","245","265","222","175","193",
"명예","은평","범죄 발생지","","132","188","192","249","222","310","197","226","247","231","272","212","161","188",
"명예","서대문","범죄 발생지","","150","297","424","268","237","314","226","256","201","199","200","170","151","167",
"명예","마포","범죄 발생지","","174","235","258","366","362","368","388","366","349","356","340","425","596","418",
"명예","양천","범죄 발생지","","161","210","218","319","441","315","257","307","277","288","263","282","203","203",
"명예","강서","범죄 발생지","","211","288","233","298","364","396","355","394","374","298","420","264","271","301",
"명예","구로","범죄 발생지","","146","222","243","280","357","340","250","295","270","290","240","435","180","270",
"명예","금천","범죄 발생지","","90","121","135","184","195","196","172","134","157","155","157","161","129","227",
"명예","영등포","범죄 발생지","","229","258","241","495","443","320","325","351","308","290","386","304","256","325",
"명예","동작","범죄 발생지","","78","133","142","184","182","224","189","214","223","181","227","126","315","199",
"명예","관악","범죄 발생지","","145","203","240","371","382","303","239","297","340","326","341","370","281","274",
"명예","서초","범죄 발생지","","199","236","246","288","556","447","387","573","453","569","360","586","928","408",
"명예","강남","범죄 발생지","","262","311","383","495","579","680","563","599","515","566","738","992","1302","785",
"명예","송파","범죄 발생지","","177","178","205","249","435","463","336","375","386","367","536","592","818","404",
"명예","강동","범죄 발생지","","130","167","257","186","252","242","205","173","173","181","190","246","276","335",
"명예","중구","범죄 발생지","","39","42","47","57","76","85","56","90","80","58","48","75","61","78",
"명예","서구","범죄 발생지","","43","43","56","61","89","74","66","62","103","80","108","71","81","72",
"명예","동구","범죄 발생지","","58","70","76","221","103","103","84","94","104","112","82","84","105","92",
"명예","영도","범죄 발생지","","35","49","68","73","96","87","64","60","61","67","62","92","72","93",
"명예","부산진","범죄 발생지","","174","258","235","302","417","348","297","327","366","381","355","480","347","368",
"명예","동래","범죄 발생지","","105","187","127","148","219","191","144","156","190","174","179","151","108","161",
"명예","남구","범죄 발생지","","69","106","135","124","198","206","158","184","175","169","243","166","169","218",
"명예","북구","범죄 발생지","","109","131","143","126","199","250","156","206","207","190","149","144","128","173",
"명예","해운대","범죄 발생지","","192","268","289","291","293","299","280","270","327","266","290","313","313","290",
"명예","사하","범죄 발생지","","128","144","156","138","228","188","203","250","227","210","224","196","162","181",
"명예","금정","범죄 발생지","","63","121","138","197","189","143","129","171","168","145","254","181","137","137",
"명예","강서","범죄 발생지","","8","27","34","48","111","48","47","83","71","100","96","113","90","78",
"명예","연제","범죄 발생지","","109","103","139","155","214","166","141","158","243","212","177","184","148","168",
"명예","수영","범죄 발생지","","81","93","84","100","143","193","121","124","96","119","105","77","92","137",
"명예","사상","범죄 발생지","","74","99","119","175","222","147","187","188","216","196","158","132","107","138",
"명예","기장군","범죄 발생지","","45","58","78","87","114","106","98","101","86","106","187","128","110","113",
"명예","중구","범죄 발생지","","53","66","66","106","94","113","82","131","127","127","86","115","116","87",
"명예","동구","범죄 발생지","","103","124","115","204","507","162","143","162","166","159","153","125","151","208",
"명예","서구","범죄 발생지","","107","87","112","150","100","75","62","105","85","94","98","85","93","98",
"명예","남구","범죄 발생지","","44","40","56","126","119","96","77","93","75","85","88","63","71","87",
"명예","북구","범죄 발생지","","99","111","112","154","205","266","170","171","173","159","152","140","347","150",
"명예","수성","범죄 발생지","","119","120","146","241","245","216","268","224","276","269","241","181","161","267",
"명예","달서","범죄 발생지","","116","156","167","234","233","238","204","248","211","235","191","308","223","231",
"명예","달성군","범죄 발생지","","28","37","36","34","76","123","192","123","117","101","118","111","104","122",
"명예","군위군","범죄 발생지","","","","","","","","","","","","","","3","12",
"명예","중구","범죄 발생지","","48","61","57","94","78","83","79","81","104","150","139","104","115","143",
"명예","동구","범죄 발생지","","26","19","45","32","22","18","19","29","46","30","35","17","16","16",
"명예","서구","범죄 발생지","","122","132","99","154","233","206","236","221","264","299","339","355","1248","331",
"명예","미추홀","범죄 발생지","","131","177","162","181","250","193","221","175","275","224","318","201","195","309",
"명예","연수","범죄 발생지","","53","72","57","91","99","125","128","148","185","208","231","203","234","176",
"명예","남동","범죄 발생지","","118","169","183","183","285","309","222","294","267","267","300","375","265","258",
"명예","부평","범죄 발생지","","152","149","126","176","348","264","241","281","297","263","273","309","267","329",
"명예","계양","범죄 발생지","","78","102","114","142","148","146","190","187","173","179","174","143","273","185",
"명예","강화군","범죄 발생지","","14","19","25","33","28","37","13","24","37","28","51","52","30","27",
"명예","옹진군","범죄 발생지","","1","6","6","2","9","8","9","7","5","5","10","9","6","7",
"명예","동구","범죄 발생지","","73","95","76","107","122","142","107","110","139","123","123","82","83","99",
"명예","서구","범죄 발생지","","112","119","142","176","207","158","124","160","195","199","197","173","196","254",
"명예","남구","범죄 발생지","","62","68","66","91","124","76","82","103","102","102","115","98","113","80",
"명예","북구","범죄 발생지","","136","165","183","223","249","167","170","203","197","223","249","178","195","236",
"명예","광산","범죄 발생지","","68","84","94","115","171","181","148","135","170","189","190","165","186","218",
"명예","중구","범죄 발생지","","67","165","105","153","140","135","157","115","174","162","184","125","117","127",
"명예","동구","범죄 발생지","","1","31","78","110","107","109","117","90","116","141","118","138","144","122",
"명예","서구","범죄 발생지","","111","179","236","250","353","273","235","293","237","320","312","286","222","322",
"명예","유성","범죄 발생지","","58","71","110","89","135","143","147","157","160","208","130","196","187","168",
"명예","대덕","범죄 발생지","","51","38","60","71","68","64","83","75","68","63","78","65","87","80",
"명예","중구","범죄 발생지","","51","65","93","110","104","87","86","89","77","77","103","68","95","96",
"명예","동구","범죄 발생지","","40","30","43","57","89","52","65","71","59","85","72","42","47","61",
"명예","남구","범죄 발생지","","114","133","134","185","231","194","173","183","186","184","185","180","285","301",
"명예","북구","범죄 발생지","","27","31","43","46","54","64","57","47","49","66","83","73","62","69",
"명예","울주군","범죄 발생지","","43","70","86","84","92","80","82","79","84","77","87","90","85","137",
"권리행사 방해","종로","범죄 발생지","","25","21","15","31","26","31","50","38","36","35","22","15","16","21",
"권리행사 방해","중구","범죄 발생지","","31","25","25","34","52","40","102","56","44","38","37","28","22","32",
"권리행사 방해","용산","범죄 발생지","","20","28","35","24","25","39","37","56","45","25","24","14","20","27",
"권리행사 방해","성동","범죄 발생지","","21","18","25","26","51","49","74","62","65","29","28","28","25","28",
"권리행사 방해","광진","범죄 발생지","","32","31","37","34","22","49","42","63","52","38","19","27","33","30",
"권리행사 방해","동대문","범죄 발생지","","25","20","35","44","45","53","71","87","55","48","38","28","28","20",
"권리행사 방해","중랑","범죄 발생지","","25","20","23","27","39","51","82","77","70","54","27","29","26","32",
"권리행사 방해","성북","범죄 발생지","","14","19","26","22","30","54","71","50","45","36","13","19","13","22",
"권리행사 방해","강북","범죄 발생지","","12","20","37","31","33","66","73","76","70","49","22","29","23","26",
"권리행사 방해","도봉","범죄 발생지","","12","16","15","33","41","43","72","83","51","40","16","13","13","18",
"권리행사 방해","노원","범죄 발생지","","36","23","25","26","37","53","83","68","52","37","29","19","18","24",
"권리행사 방해","은평","범죄 발생지","","17","30","25","34","60","50","48","75","60","50","27","16","30","24",
"권리행사 방해","서대문","범죄 발생지","","28","25","56","41","22","41","63","49","37","36","18","61","11","17",
"권리행사 방해","마포","범죄 발생지","","17","16","45","40","60","79","65","62","44","53","31","25","14","28",
"권리행사 방해","양천","범죄 발생지","","30","38","32","42","57","53","65","77","43","31","22","22","39","30",
"권리행사 방해","강서","범죄 발생지","","55","63","78","69","119","105","155","121","85","73","46","33","44","50",
"권리행사 방해","구로","범죄 발생지","","26","25","43","38","46","51","64","66","54","40","29","27","19","39",
"권리행사 방해","금천","범죄 발생지","","12","15","98","139","107","56","85","74","36","42","37","27","24","43",
"권리행사 방해","영등포","범죄 발생지","","23","30","48","49","56","107","187","194","112","76","46","33","52","49",
"권리행사 방해","동작","범죄 발생지","","16","14","30","40","37","54","50","47","50","35","25","18","21","36",
"권리행사 방해","관악","범죄 발생지","","40","24","28","28","66","67","98","83","79","56","35","44","49","45",
"권리행사 방해","서초","범죄 발생지","","102","77","88","104","109","106","129","113","108","79","50","58","54","54",
"권리행사 방해","강남","범죄 발생지","","97","112","142","141","240","250","268","224","175","145","97","106","79","94",
"권리행사 방해","송파","범죄 발생지","","50","37","49","43","50","65","99","117","87","62","40","40","49","51",
"권리행사 방해","강동","범죄 발생지","","29","18","26","39","41","70","72","70","63","37","34","15","19","36",
"권리행사 방해","중구","범죄 발생지","","10","9","5","7","9","7","15","39","18","18","10","5","10","12",
"권리행사 방해","서구","범죄 발생지","","5","7","5","13","13","23","16","28","20","21","7","6","8","13",
"권리행사 방해","동구","범죄 발생지","","8","8","16","9","11","11","36","30","22","22","19","11","11","9",
"권리행사 방해","영도","범죄 발생지","","6","3","8","6","4","23","33","40","38","13","23","15","15","10",
"권리행사 방해","부산진","범죄 발생지","","21","22","40","41","46","71","97","125","132","89","76","64","43","47",
"권리행사 방해","동래","범죄 발생지","","13","23","18","30","25","38","62","52","41","31","25","22","18","27",
"권리행사 방해","남구","범죄 발생지","","11","14","16","13","39","43","49","70","54","42","28","26","27","29",
"권리행사 방해","북구","범죄 발생지","","12","6","17","16","15","31","44","64","51","56","26","15","17","34",
"권리행사 방해","해운대","범죄 발생지","","27","26","28","31","41","69","94","110","79","62","58","39","49","67",
"권리행사 방해","사하","범죄 발생지","","17","19","32","20","39","48","73","79","89","49","30","23","31","37",
"권리행사 방해","금정","범죄 발생지","","4","25","13","26","24","36","39","48","47","24","21","15","29","38",
"권리행사 방해","강서","범죄 발생지","","12","6","11","16","17","26","35","46","41","34","13","18","19","24",
"권리행사 방해","연제","범죄 발생지","","25","23","35","27","29","44","65","61","60","48","35","24","32","29",
"권리행사 방해","수영","범죄 발생지","","6","6","8","10","19","20","23","26","24","23","13","17","14","11",
"권리행사 방해","사상","범죄 발생지","","19","13","11","14","16","40","49","66","35","35","14","24","25","26",
"권리행사 방해","기장군","범죄 발생지","","6","2","9","16","16","11","26","44","38","54","27","26","33","38",
"권리행사 방해","중구","범죄 발생지","","7","6","15","9","10","12","26","30","20","15","16","16","12","8",
"권리행사 방해","동구","범죄 발생지","","20","16","18","22","41","43","77","84","77","53","31","41","39","45",
"권리행사 방해","서구","범죄 발생지","","12","7","16","16","37","44","75","53","47","38","21","17","22","20",
"권리행사 방해","남구","범죄 발생지","","6","3","12","13","22","20","41","37","38","27","21","22","12","26",
"권리행사 방해","북구","범죄 발생지","","13","12","23","25","32","38","64","96","87","63","43","43","40","43",
"권리행사 방해","수성","범죄 발생지","","27","30","35","31","52","52","64","82","65","65","37","43","49","53",
"권리행사 방해","달서","범죄 발생지","","19","28","35","41","54","83","89","99","107","69","53","54","48","66",
"권리행사 방해","달성군","범죄 발생지","","6","7","14","7","17","30","29","23","33","19","35","21","42","33",
"권리행사 방해","군위군","범죄 발생지","","","","","","","","","","","","","","-","2",
"권리행사 방해","중구","범죄 발생지","","11","14","9","15","18","45","59","34","40","40","20","30","37","30",
"권리행사 방해","동구","범죄 발생지","","4","2","12","16","19","20","27","19","15","12","7","12","6","5",
"권리행사 방해","서구","범죄 발생지","","27","25","49","75","110","138","199","171","166","108","79","59","81","104",
"권리행사 방해","미추홀","범죄 발생지","","23","38","44","69","79","154","168","182","167","109","71","65","57","68",
"권리행사 방해","연수","범죄 발생지","","11","7","18","25","47","50","71","58","84","34","35","30","45","54",
"권리행사 방해","남동","범죄 발생지","","34","24","36","58","75","110","154","127","129","92","68","65","74","89",
"권리행사 방해","부평","범죄 발생지","","35","25","25","46","67","84","127","136","109","72","46","54","68","73",
"권리행사 방해","계양","범죄 발생지","","19","20","24","26","43","59","61","64","68","50","24","28","37","37",
"권리행사 방해","강화군","범죄 발생지","","5","7","8","8","8","18","21","15","15","13","4","6","16","7",
"권리행사 방해","옹진군","범죄 발생지","","1","1","2","1","4","9","3","5","5","4","2","-","8","5",
"권리행사 방해","동구","범죄 발생지","","19","15","12","18","22","31","48","41","29","32","23","19","30","17",
"권리행사 방해","서구","범죄 발생지","","16","20","27","43","51","70","110","119","112","86","51","43","62","60",
"권리행사 방해","남구","범죄 발생지","","16","8","12","10","24","29","39","56","51","42","26","13","35","22",
"권리행사 방해","북구","범죄 발생지","","29","25","17","16","39","66","112","131","87","86","45","56","39","69",
"권리행사 방해","광산","범죄 발생지","","20","14","22","34","42","73","85","96","81","72","50","42","43","49",
"권리행사 방해","중구","범죄 발생지","","9","15","9","34","36","55","64","83","71","43","45","21","29","25",
"권리행사 방해","동구","범죄 발생지","","1","4","13","26","16","34","63","81","50","30","34","23","23","41",
"권리행사 방해","서구","범죄 발생지","","22","20","43","68","88","107","145","152","184","101","71","75","73","67",
"권리행사 방해","유성","범죄 발생지","","9","11","14","29","50","66","91","115","67","54","35","33","30","42",
"권리행사 방해","대덕","범죄 발생지","","6","6","19","26","30","52","55","75","49","31","22","21","30","27",
"권리행사 방해","중구","범죄 발생지","","5","4","12","12","15","37","35","45","48","30","34","20","15","26",
"권리행사 방해","동구","범죄 발생지","","-","4","2","7","14","15","20","32","34","14","12","6","18","15",
"권리행사 방해","남구","범죄 발생지","","24","28","30","30","52","70","80","88","54","48","46","44","39","51",
"권리행사 방해","북구","범죄 발생지","","8","4","5","17","18","31","41","33","31","26","14","18","20","18",
"권리행사 방해","울주군","범죄 발생지","","11","13","17","19","28","32","60","57","47","72","38","38","34","44",
"신용업무 경매","종로","범죄 발생지","","230","280","253","291","285","271","274","276","269","226","171","200","193","223",
"신용업무 경매","중구","범죄 발생지","","184","243","190","249","267","235","192","239","218","213","151","198","175","213",
"신용업무 경매","용산","범죄 발생지","","108","104","120","160","171","261","224","176","192","172","102","115","153","244",
"신용업무 경매","성동","범죄 발생지","","69","104","112","116","115","125","110","119","122","127","98","108","110","120",
"신용업무 경매","광진","범죄 발생지","","133","152","180","181","218","171","163","156","157","122","101","130","118","92",
"신용업무 경매","동대문","범죄 발생지","","147","212","189","213","364","286","288","250","222","295","195","179","215","206",
"신용업무 경매","중랑","범죄 발생지","","288","320","303","321","387","419","328","289","265","253","175","205","190","167",
"신용업무 경매","성북","범죄 발생지","","105","138","166","216","160","155","172","152","124","141","92","91","99","109",
"신용업무 경매","강북","범죄 발생지","","140","208","180","175","211","199","206","217","243","230","144","161","128","114",
"신용업무 경매","도봉","범죄 발생지","","65","88","71","86","86","113","96","113","83","87","56","76","51","78",
"신용업무 경매","노원","범죄 발생지","","94","120","124","142","155","154","129","155","151","173","132","168","136","131",
"신용업무 경매","은평","범죄 발생지","","144","148","142","196","188","184","158","163","193","178","131","118","124","131",
"신용업무 경매","서대문","범죄 발생지","","116","312","296","198","173","152","133","179","138","134","100","127","105","125",
"신용업무 경매","마포","범죄 발생지","","181","211","177","193","223","213","212","240","170","166","175","184","154","169",
"신용업무 경매","양천","범죄 발생지","","156","164","167","196","199","169","170","176","140","146","109","108","125","107",
"신용업무 경매","강서","범죄 발생지","","179","217","189","199","218","287","273","296","271","228","161","178","152","172",
"신용업무 경매","구로","범죄 발생지","","216","296","291","293","288","365","272","252","239","220","164","213","188","174",
"신용업무 경매","금천","범죄 발생지","","105","185","157","171","163","178","194","171","219","176","122","112","120","99",
"신용업무 경매","영등포","범죄 발생지","","178","270","292","303","450","458","412","365","376","345","302","304","273","190",
"신용업무 경매","동작","범죄 발생지","","88","119","112","122","124","142","150","134","121","136","90","75","70","91",
"신용업무 경매","관악","범죄 발생지","","253","312","272","306","331","343","349","388","298","282","210","268","226","175",
"신용업무 경매","서초","범죄 발생지","","181","213","204","188","230","245","243","260","283","257","168","174","196","193",
"신용업무 경매","강남","범죄 발생지","","318","416","371","396","396","374","389","426","371","400","361","310","343","398",
"신용업무 경매","송파","범죄 발생지","","181","236","179","243","260","274","275","289","309","361","186","226","224","206",
"신용업무 경매","강동","범죄 발생지","","186","201","214","170","224","210","223","214","199","170","117","128","128","127",
"신용업무 경매","중구","범죄 발생지","","27","39","45","48","73","94","84","54","82","61","66","56","72","78",
"신용업무 경매","서구","범죄 발생지","","44","43","42","36","45","70","48","43","54","43","52","61","49","49",
"신용업무 경매","동구","범죄 발생지","","48","82","46","115","109","152","99","98","98","100","75","83","90","56",
"신용업무 경매","영도","범죄 발생지","","24","90","44","61","78","114","73","58","53","50","48","51","40","47",
"신용업무 경매","부산진","범죄 발생지","","130","229","194","266","237","403","274","235","265","264","210","283","218","253",
"신용업무 경매","동래","범죄 발생지","","104","144","117","181","411","234","122","125","117","147","93","107","77","92",
"신용업무 경매","남구","범죄 발생지","","39","85","66","81","121","155","97","93","91","100","70","61","71","81",
"신용업무 경매","북구","범죄 발생지","","57","91","80","124","186","197","101","101","124","161","95","83","86","94",
"신용업무 경매","해운대","범죄 발생지","","92","138","165","138","177","162","120","166","187","185","187","128","131","144",
"신용업무 경매","사하","범죄 발생지","","66","108","94","163","145","164","121","138","81","111","87","107","132","109",
"신용업무 경매","금정","범죄 발생지","","52","102","76","277","317","135","83","73","87","77","49","63","63","72",
"신용업무 경매","강서","범죄 발생지","","22","24","22","21","24","35","16","30","43","49","41","59","50","48",
"신용업무 경매","연제","범죄 발생지","","53","79","94","81","134","132","89","107","122","83","67","96","112","86",
"신용업무 경매","수영","범죄 발생지","","65","74","53","94","117","107","98","84","77","72","60","57","61","83",
"신용업무 경매","사상","범죄 발생지","","52","113","72","117","126","170","104","91","79","150","67","81","92","77",
"신용업무 경매","기장군","범죄 발생지","","31","59","62","56","80","43","52","52","50","104","51","51","77","75",
"신용업무 경매","중구","범죄 발생지","","47","53","57","73","56","59","55","60","84","79","56","84","65","61",
"신용업무 경매","동구","범죄 발생지","","95","140","118","254","224","282","181","154","164","136","90","124","138","154",
"신용업무 경매","서구","범죄 발생지","","89","111","104","149","206","114","103","144","139","134","112","115","136","106",
"신용업무 경매","남구","범죄 발생지","","59","93","74","88","81","88","81","53","71","56","64","57","50","62",
"신용업무 경매","북구","범죄 발생지","","105","113","74","92","127","115","131","109","117","113","84","84","105","85",
"신용업무 경매","수성","범죄 발생지","","97","97","108","100","102","129","119","130","115","102","73","118","67","92",
"신용업무 경매","달서","범죄 발생지","","136","163","162","177","186","204","201","218","212","203","117","136","122","143",
"신용업무 경매","달성군","범죄 발생지","","19","35","23","25","41","30","39","34","43","47","43","32","46","40",
"신용업무 경매","군위군","범죄 발생지","","","","","","","","","","","","","","1","6",
"신용업무 경매","중구","범죄 발생지","","48","57","50","88","83","93","93","87","96","147","101","132","100","95",
"신용업무 경매","동구","범죄 발생지","","18","16","16","20","33","33","32","18","28","29","29","21","21","20",
"신용업무 경매","서구","범죄 발생지","","114","164","157","231","310","297","239","1035","266","318","231","302","259","213",
"신용업무 경매","미추홀","범죄 발생지","","125","202","179","198","239","295","299","260","289","252","177","216","225","229",
"신용업무 경매","연수","범죄 발생지","","46","54","44","55","78","97","95","95","92","73","66","65","85","85",
"신용업무 경매","남동","범죄 발생지","","209","178","194","176","270","265","194","235","234","210","178","208","195","189",
"신용업무 경매","부평","범죄 발생지","","171","187","331","295","273","286","314","329","281","274","191","238","214","211",
"신용업무 경매","계양","범죄 발생지","","120","130","144","163","147","171","166","145","142","157","126","112","121","147",
"신용업무 경매","강화군","범죄 발생지","","17","26","18","29","21","26","42","32","44","43","37","40","37","29",
"신용업무 경매","옹진군","범죄 발생지","","2","8","5","7","12","11","5","2","1","11","8","3","1","5",
"신용업무 경매","동구","범죄 발생지","","104","121","105","142","132","126","105","106","112","100","91","83","105","91",
"신용업무 경매","서구","범죄 발생지","","100","127","143","164","175","171","134","163","175","159","146","115","114","131",
"신용업무 경매","남구","범죄 발생지","","57","35","71","68","57","73","52","56","81","59","69","47","54","49",
"신용업무 경매","북구","범죄 발생지","","159","213","192","226","197","180","158","169","189","164","153","122","131","135",
"신용업무 경매","광산","범죄 발생지","","93","82","112","125","148","139","119","121","165","127","96","138","129","114",
"신용업무 경매","중구","범죄 발생지","","43","72","60","73","118","121","130","154","145","132","90","87","87","98",
"신용업무 경매","동구","범죄 발생지","","1","20","45","48","77","70","77","93","74","113","82","111","88","94",
"신용업무 경매","서구","범죄 발생지","","97","98","116","114","134","163","156","160","182","147","127","137","118","157",
"신용업무 경매","유성","범죄 발생지","","32","36","40","68","81","79","91","87","79","84","88","94","68","49",
"신용업무 경매","대덕","범죄 발생지","","25","31","27","37","50","44","39","40","48","49","36","51","33","35",
"신용업무 경매","중구","범죄 발생지","","63","60","79","136","108","106","84","86","96","78","48","66","65","63",
"신용업무 경매","동구","범죄 발생지","","17","37","37","49","69","56","44","69","81","99","60","48","37","56",
"신용업무 경매","남구","범죄 발생지","","194","209","233","292","323","349","259","223","232","227","154","167","170","170",
"신용업무 경매","북구","범죄 발생지","","53","59","59","47","47","50","46","43","35","49","52","34","50","36",
"신용업무 경매","울주군","범죄 발생지","","43","48","65","71","86","94","95","85","78","77","59","45","56","66",
"주거 침입","종로","범죄 발생지","","38","46","45","63","52","71","68","75","102","126","112","125","115","128",
"주거 침입","중구","범죄 발생지","","45","46","56","44","50","90","63","69","104","83","94","110","112","92",
"주거 침입","용산","범죄 발생지","","56","61","64","62","105","112","118","126","178","166","157","151","164","157",
"주거 침입","성동","범죄 발생지","","27","49","46","48","45","64","36","65","79","84","98","99","90","103",
"주거 침입","광진","범죄 발생지","","67","99","101","120","129","111","103","110","172","176","185","157","168","138",
"주거 침입","동대문","범죄 발생지","","49","49","57","56","79","99","85","105","120","151","140","156","167","126",
"주거 침입","중랑","범죄 발생지","","81","83","88","116","126","131","120","146","152","191","145","166","142","126",
"주거 침입","성북","범죄 발생지","","43","47","73","88","77","82","74","84","115","120","107","109","116","100",
"주거 침입","강북","범죄 발생지","","36","56","53","46","66","63","57","92","136","139","110","112","124","110",
"주거 침입","도봉","범죄 발생지","","21","30","36","36","46","46","26","47","61","66","81","58","59","79",
"주거 침입","노원","범죄 발생지","","41","69","67","52","62","74","72","98","118","145","169","188","121","99",
"주거 침입","은평","범죄 발생지","","66","60","57","67","97","82","99","88","121","124","97","94","91","117",
"주거 침입","서대문","범죄 발생지","","58","167","144","78","94","122","115","103","177","156","130","145","146","113",
"주거 침입","마포","범죄 발생지","","63","63","70","87","88","104","112","124","146","157","211","206","121","129",
"주거 침입","양천","범죄 발생지","","32","35","59","62","74","91","90","103","114","153","131","118","116","107",
"주거 침입","강서","범죄 발생지","","83","61","88","73","83","137","130","146","205","184","172","168","160","160",
"주거 침입","구로","범죄 발생지","","46","89","89","87","131","127","145","134","195","195","151","165","193","120",
"주거 침입","금천","범죄 발생지","","32","44","44","44","52","44","45","74","117","113","135","138","114","72",
"주거 침입","영등포","범죄 발생지","","55","84","75","80","116","126","146","128","204","226","218","215","199","163",
"주거 침입","동작","범죄 발생지","","46","60","57","85","99","91","86","106","147","151","164","162","141","112",
"주거 침입","관악","범죄 발생지","","109","125","129","148","186","199","230","224","291","393","345","313","321","252",
"주거 침입","서초","범죄 발생지","","46","50","63","59","75","96","91","139","175","214","183","187","228","155",
"주거 침입","강남","범죄 발생지","","129","135","153","155","183","197","216","260","282","368","366","312","344","267",
"주거 침입","송파","범죄 발생지","","60","71","104","103","131","143","164","163","232","176","195","172","182","200",
"주거 침입","강동","범죄 발생지","","75","56","59","59","92","78","83","96","94","138","138","112","119","112",
"주거 침입","중구","범죄 발생지","","6","4","2","9","10","16","29","23","27","26","21","29","29","28",
"주거 침입","서구","범죄 발생지","","16","14","25","12","21","22","36","23","30","28","30","31","55","72",
"주거 침입","동구","범죄 발생지","","22","19","22","29","20","35","25","29","41","32","41","56","50","45",
"주거 침입","영도","범죄 발생지","","13","8","17","14","14","32","19","15","27","34","26","36","42","36",
"주거 침입","부산진","범죄 발생지","","47","84","83","80","105","92","153","131","201","199","190","202","240","219",
"주거 침입","동래","범죄 발생지","","50","33","39","36","49","49","49","51","76","72","101","95","105","76",
"주거 침입","남구","범죄 발생지","","13","39","31","75","45","48","45","60","92","90","113","141","154","147",
"주거 침입","북구","범죄 발생지","","27","30","26","57","57","59","30","55","53","83","96","63","65","52",
"주거 침입","해운대","범죄 발생지","","31","40","52","55","70","223","173","156","115","85","110","119","106","109",
"주거 침입","사하","범죄 발생지","","20","36","43","56","93","80","62","62","70","81","76","207","154","102",
"주거 침입","금정","범죄 발생지","","29","38","47","62","49","48","51","54","77","69","64","90","119","103",
"주거 침입","강서","범죄 발생지","","7","5","11","11","11","16","13","20","29","48","46","44","55","64",
"주거 침입","연제","범죄 발생지","","23","22","23","32","41","42","42","57","81","70","51","76","78","82",
"주거 침입","수영","범죄 발생지","","22","18","23","45","37","51","36","57","66","57","91","93","128","115",
"주거 침입","사상","범죄 발생지","","32","39","23","38","34","36","36","54","43","53","54","104","132","96",
"주거 침입","기장군","범죄 발생지","","19","12","16","40","26","27","23","34","36","51","44","40","46","85",
"주거 침입","중구","범죄 발생지","","14","20","27","31","16","26","25","28","56","60","35","49","57","40",
"주거 침입","동구","범죄 발생지","","41","65","68","66","193","98","86","98","99","84","106","87","112","96",
"주거 침입","서구","범죄 발생지","","35","36","27","43","48","46","37","66","79","77","95","80","76","72",
"주거 침입","남구","범죄 발생지","","17","36","27","40","35","36","80","52","64","87","92","132","67","94",
"주거 침입","북구","범죄 발생지","","45","49","64","47","54","77","83","81","96","101","123","112","106","90",
"주거 침입","수성","범죄 발생지","","55","55","52","53","74","80","64","75","92","88","92","107","99","72",
"주거 침입","달서","범죄 발생지","","69","80","90","75","99","110","94","114","142","138","160","148","135","121",
"주거 침입","달성군","범죄 발생지","","7","13","16","16","26","16","14","18","50","38","43","40","52","80",
"주거 침입","군위군","범죄 발생지","","","","","","","","","","","","","","1","10",
"주거 침입","중구","범죄 발생지","","18","16","16","11","18","24","29","36","39","51","84","85","87","79",
"주거 침입","동구","범죄 발생지","","9","12","4","9","11","13","9","19","21","10","30","47","24","16",
"주거 침입","서구","범죄 발생지","","43","53","59","74","95","72","100","115","117","164","256","368","361","295",
"주거 침입","미추홀","범죄 발생지","","64","69","48","79","80","140","112","135","259","314","423","350","347","233",
"주거 침입","연수","범죄 발생지","","16","30","19","26","43","44","49","34","66","51","71","62","111","82",
"주거 침입","남동","범죄 발생지","","32","52","76","58","91","103","122","113","145","141","184","170","247","211",
"주거 침입","부평","범죄 발생지","","50","61","62","64","86","120","112","122","174","170","217","164","144","135",
"주거 침입","계양","범죄 발생지","","33","42","54","49","47","48","42","65","79","122","137","135","160","180",
"주거 침입","강화군","범죄 발생지","","19","11","11","10","15","13","21","17","14","17","36","19","41","30",
"주거 침입","옹진군","범죄 발생지","","3","2","4","4","2","1","5","5","3","10","9","10","10","5",
"주거 침입","동구","범죄 발생지","","28","43","38","28","40","32","42","35","40","44","41","33","39","39",
"주거 침입","서구","범죄 발생지","","48","72","82","59","71","72","66","76","76","78","72","68","68","75",
"주거 침입","남구","범죄 발생지","","26","24","31","30","27","31","26","31","70","47","60","41","36","40",
"주거 침입","북구","범죄 발생지","","69","89","70","77","68","51","64","104","97","109","90","94","106","97",
"주거 침입","광산","범죄 발생지","","31","65","45","43","54","46","67","65","94","86","72","73","96","97",
"주거 침입","중구","범죄 발생지","","26","55","36","35","53","62","61","72","102","98","95","68","70","81",
"주거 침입","동구","범죄 발생지","","3","19","29","39","51","44","76","81","63","79","85","69","92","93",
"주거 침입","서구","범죄 발생지","","45","57","60","47","81","99","104","126","131","132","110","145","146","161",
"주거 침입","유성","범죄 발생지","","19","37","21","33","41","47","41","39","82","68","79","75","82","66",
"주거 침입","대덕","범죄 발생지","","19","21","22","21","18","28","45","53","63","48","50","56","35","38",
"주거 침입","중구","범죄 발생지","","24","35","47","56","68","50","60","56","55","62","51","42","46","42",
"주거 침입","동구","범죄 발생지","","19","21","24","30","30","29","32","33","46","50","27","33","36","40",
"주거 침입","남구","범죄 발생지","","67","80","87","67","86","109","94","100","101","112","114","150","114","119",
"주거 침입","북구","범죄 발생지","","16","22","23","26","22","29","24","25","30","35","44","42","40","36",
"주거 침입","울주군","범죄 발생지","","31","34","30","35","43","50","45","34","63","44","53","39","46","40",
"비밀침해","종로","범죄 발생지","","1","-","-","2","1","-","2","1","3","-","-","1","1","1",
"비밀침해","중구","범죄 발생지","","-","-","-","1","-","1","","-","3","2","1","-","-","2",
"비밀침해","용산","범죄 발생지","","-","1","-","1","1","2","2","-","1","3","2","1","2","-",
"비밀침해","성동","범죄 발생지","","-","-","-","-","-","-","1","-","1","-","-","-","6","1",
"비밀침해","광진","범죄 발생지","","1","-","1","2","1","3","3","-","1","2","2","-","2","1",
"비밀침해","동대문","범죄 발생지","","-","-","-","-","-","1","","-","-","2","-","2","-","-",
"비밀침해","중랑","범죄 발생지","","-","-","-","1","1","-","1","1","3","2","-","-","4","5",
"비밀침해","성북","범죄 발생지","","-","1","-","-","-","-","2","2","-","2","1","-","1","1",
"비밀침해","강북","범죄 발생지","","-","-","-","-","-","-","","-","1","1","1","1","-","1",
"비밀침해","도봉","범죄 발생지","","1","-","1","1","-","-","1","-","-","-","1","1","1","-",
"비밀침해","노원","범죄 발생지","","1","-","2","-","2","-","","-","2","2","-","1","-","1",
"비밀침해","은평","범죄 발생지","","2","-","1","-","-","-","1","-","4","-","-","2","3","3",
"비밀침해","서대문","범죄 발생지","","1","-","2","2","3","1","","-","-","-","-","1","-","2",
"비밀침해","마포","범죄 발생지","","1","-","-","1","-","1","","5","-","-","1","1","3","1",
"비밀침해","양천","범죄 발생지","","-","-","-","-","1","2","1","1","1","1","1","-","1","1",
"비밀침해","강서","범죄 발생지","","3","-","-","1","-","2","2","1","2","2","2","1","1","4",
"비밀침해","구로","범죄 발생지","","-","-","-","1","1","1","","1","-","3","-","1","1","4",
"비밀침해","금천","범죄 발생지","","-","-","-","-","-","-","","1","-","1","-","1","2","-",
"비밀침해","영등포","범죄 발생지","","2","2","-","1","1","-","","1","1","1","2","1","1","2",
"비밀침해","동작","범죄 발생지","","1","-","1","-","-","1","2","1","-","-","-","3","1","4",
"비밀침해","관악","범죄 발생지","","-","-","-","1","-","-","3","-","1","2","1","2","1","2",
"비밀침해","서초","범죄 발생지","","2","1","1","2","4","3","6","4","4","6","6","6","4","3",
"비밀침해","강남","범죄 발생지","","1","3","-","1","1","4","5","5","2","1","4","2","3","4",
"비밀침해","송파","범죄 발생지","","1","1","1","-","-","1","1","1","2","1","1","1","3","1",
"비밀침해","강동","범죄 발생지","","1","-","-","-","-","2","","-","1","-","-","1","2","1",
"비밀침해","중구","범죄 발생지","","-","-","-","-","1","-","","-","-","1","-","-","1","-",
"비밀침해","서구","범죄 발생지","","-","-","1","-","-","-","","-","1","-","-","-","-","1",
"비밀침해","동구","범죄 발생지","","-","-","-","-","-","-","","-","-","-","-","2","1","2",
"비밀침해","영도","범죄 발생지","","-","-","-","-","-","-","","-","-","-","-","1","-","-",
"비밀침해","부산진","범죄 발생지","","-","1","1","1","1","2","1","-","4","1","1","1","3","-",
"비밀침해","동래","범죄 발생지","","-","-","-","3","-","-","","-","-","1","-","2","2","-",
"비밀침해","남구","범죄 발생지","","-","1","-","-","1","2","2","1","1","-","1","-","-","-",
"비밀침해","북구","범죄 발생지","","-","-","-","1","-","-","","1","-","1","-","-","1","3",
"비밀침해","해운대","범죄 발생지","","-","-","-","-","1","1","3","1","2","-","-","1","1","1",
"비밀침해","사하","범죄 발생지","","-","-","1","2","-","-","","2","2","1","-","-","-","1",
"비밀침해","금정","범죄 발생지","","-","-","1","-","-","-","","-","3","1","-","-","1","-",
"비밀침해","강서","범죄 발생지","","1","-","-","-","-","2","","1","1","3","-","2","1","-",
"비밀침해","연제","범죄 발생지","","-","-","-","1","1","1","","1","1","-","-","2","-","2",
"비밀침해","수영","범죄 발생지","","-","-","-","-","-","-","1","-","1","4","1","-","1","1",
"비밀침해","사상","범죄 발생지","","1","-","-","1","1","2","","1","-","-","1","2","-","1",
"비밀침해","기장군","범죄 발생지","","-","-","-","-","-","-","1","-","-","-","-","-","-","3",
"비밀침해","중구","범죄 발생지","","-","1","-","-","-","1","","-","-","2","-","-","-","-",
"비밀침해","동구","범죄 발생지","","1","-","-","1","-","-","","-","1","1","-","1","1","1",
"비밀침해","서구","범죄 발생지","","-","-","-","-","-","-","1","-","1","-","-","-","1","1",
"비밀침해","남구","범죄 발생지","","-","-","-","1","-","2","","1","-","-","-","-","-","2",
"비밀침해","북구","범죄 발생지","","-","-","-","1","1","-","","-","-","-","-","1","-","1",
"비밀침해","수성","범죄 발생지","","-","1","-","4","1","1","2","-","1","2","2","1","3","1",
"비밀침해","달서","범죄 발생지","","-","-","2","1","1","2","","-","1","1","-","1","-","-",
"비밀침해","달성군","범죄 발생지","","-","-","-","-","2","1","","-","-","-","-","-","2","1",
"비밀침해","군위군","범죄 발생지","","","","","","","","","","","","","","-","-",
"비밀침해","중구","범죄 발생지","","-","2","-","-","-","-","","-","3","-","2","-","-","-",
"비밀침해","동구","범죄 발생지","","-","-","-","-","-","-","","-","-","-","1","-","-","-",
"비밀침해","서구","범죄 발생지","","-","-","-","-","-","-","","-","1","2","-","3","2","4",
"비밀침해","미추홀","범죄 발생지","","-","-","1","-","1","2","2","-","1","2","1","1","1","2",
"비밀침해","연수","범죄 발생지","","1","2","-","-","1","-","3","1","1","-","2","2","-","-",
"비밀침해","남동","범죄 발생지","","-","-","2","-","-","1","","-","1","1","-","-","1","2",
"비밀침해","부평","범죄 발생지","","1","1","1","2","-","-","3","-","2","1","3","-","3","1",
"비밀침해","계양","범죄 발생지","","-","1","-","-","1","-","","-","-","4","-","-","-","1",
"비밀침해","강화군","범죄 발생지","","-","-","-","-","-","-","","-","-","-","-","-","1","-",
"비밀침해","옹진군","범죄 발생지","","-","-","-","-","-","-","","-","-","-","-","-","-","-",
"비밀침해","동구","범죄 발생지","","1","1","-","-","-","-","","1","-","-","-","-","-","-",
"비밀침해","서구","범죄 발생지","","-","1","1","-","-","1","2","-","-","1","1","1","-","1",
"비밀침해","남구","범죄 발생지","","1","-","-","-","2","-","","-","-","1","-","-","1","1",
"비밀침해","북구","범죄 발생지","","-","-","-","1","-","-","","1","2","4","1","-","-","-",
"비밀침해","광산","범죄 발생지","","-","-","-","2","-","-","","-","-","2","-","-","-","-",
"비밀침해","중구","범죄 발생지","","-","-","-","-","-","-","","-","1","-","-","2","-","1",
"비밀침해","동구","범죄 발생지","","-","-","-","-","-","-","","-","1","1","1","1","-","-",
"비밀침해","서구","범죄 발생지","","-","1","-","1","-","-","1","-","3","2","2","2","4","1",
"비밀침해","유성","범죄 발생지","","-","-","1","-","-","-","2","1","-","2","1","8","3","3",
"비밀침해","대덕","범죄 발생지","","-","-","-","-","-","1","","1","-","1","-","5","-","1",
"비밀침해","중구","범죄 발생지","","-","-","-","-","1","-","","-","1","1","-","1","1","-",
"비밀침해","동구","범죄 발생지","","-","-","-","-","-","-","","1","-","2","-","-","1","-",
"비밀침해","남구","범죄 발생지","","-","-","1","1","-","-","3","1","-","-","1","1","-","1",
"비밀침해","북구","범죄 발생지","","-","-","-","-","-","-","1","-","1","-","-","-","-","1",
"비밀침해","울주군","범죄 발생지","","-","-","-","-","-","-","","1","-","-","-","-","-","-",
"유기","종로","범죄 발생지","","-","-","-","-","2","-","","2","2","1","3","1","1","2",
"유기","중구","범죄 발생지","","-","-","-","2","1","-","1","-","1","1","1","2","1","2",
"유기","용산","범죄 발생지","","-","1","4","-","-","-","","1","-","1","1","1","3","2",
"유기","성동","범죄 발생지","","-","-","-","2","-","1","1","-","2","1","2","3","-","2",
"유기","광진","범죄 발생지","","-","-","2","-","1","-","2","-","1","-","2","1","1","1",
"유기","동대문","범죄 발생지","","1","2","3","-","-","2","2","1","2","1","-","3","-","2",
"유기","중랑","범죄 발생지","","1","3","1","-","-","1","1","3","3","-","4","2","5","2",
"유기","성북","범죄 발생지","","1","1","1","1","3","1","1","1","1","1","4","1","2","-",
"유기","강북","범죄 발생지","","1","-","1","-","-","-","","2","2","1","-","1","-","1",
"유기","도봉","범죄 발생지","","-","3","-","-","2","1","","3","-","2","1","4","1","2",
"유기","노원","범죄 발생지","","1","3","2","-","-","3","1","1","2","-","6","-","1","2",
"유기","은평","범죄 발생지","","3","-","3","5","1","-","2","1","-","1","1","5","5","2",
"유기","서대문","범죄 발생지","","1","-","-","1","3","1","","-","1","-","1","-","3","3",
"유기","마포","범죄 발생지","","-","1","2","1","2","1","","-","2","-","1","4","-","2",
"유기","양천","범죄 발생지","","2","-","-","1","1","1","2","3","2","2","1","1","-","2",
"유기","강서","범죄 발생지","","1","1","1","3","-","3","1","10","2","2","2","1","4","3",
"유기","구로","범죄 발생지","","-","2","3","1","-","2","2","-","-","2","-","-","1","1",
"유기","금천","범죄 발생지","","-","-","-","2","-","1","","1","1","1","2","-","-","1",
"유기","영등포","범죄 발생지","","1","2","-","1","1","2","3","1","-","3","1","1","1","1",
"유기","동작","범죄 발생지","","2","1","-","-","2","-","","-","2","4","-","4","3","-",
"유기","관악","범죄 발생지","","21","60","153","36","2","85","152","169","118","94","75","61","25","2",
"유기","서초","범죄 발생지","","2","-","1","-","2","3","2","1","3","1","2","2","-","1",
"유기","강남","범죄 발생지","","1","1","1","2","-","1","","4","3","-","7","8","14","3",
"유기","송파","범죄 발생지","","2","2","-","2","1","-","1","2","-","-","-","2","1","3",
"유기","강동","범죄 발생지","","1","-","3","-","2","-","","-","1","1","3","2","1","2",
"유기","중구","범죄 발생지","","-","-","-","-","-","-","","-","-","-","-","-","-","-",
"유기","서구","범죄 발생지","","2","1","1","-","-","-","","-","-","1","1","1","1","1",
"유기","동구","범죄 발생지","","-","2","-","1","-","1","","-","-","-","-","1","-","-",
"유기","영도","범죄 발생지","","1","2","-","-","-","-","","-","1","-","3","-","2","-",
"유기","부산진","범죄 발생지","","2","1","3","1","1","-","2","1","2","-","-","-","3","2",
"유기","동래","범죄 발생지","","-","1","-","-","-","1","2","-","-","-","-","1","1","2",
"유기","남구","범죄 발생지","","-","-","-","1","-","2","","-","-","-","-","2","3","1",
"유기","북구","범죄 발생지","","1","-","-","-","-","2","3","1","-","1","2","1","-","-",
"유기","해운대","범죄 발생지","","1","3","-","-","2","2","","2","-","1","2","2","3","-",
"유기","사하","범죄 발생지","","1","2","1","-","1","2","4","-","2","1","-","3","2","-",
"유기","금정","범죄 발생지","","1","1","1","-","2","2","","2","-","-","2","2","3","2",
"유기","강서","범죄 발생지","","-","-","-","1","1","-","","1","-","-","1","3","-","1",
"유기","연제","범죄 발생지","","2","-","-","-","-","-","","-","1","1","1","3","2","-",
"유기","수영","범죄 발생지","","-","1","-","-","-","-","","1","1","1","2","-","2","1",
"유기","사상","범죄 발생지","","-","1","2","-","-","-","8","1","1","-","1","-","-","2",
"유기","기장군","범죄 발생지","","-","-","1","3","2","1","3","-","-","1","-","1","3","1",
"유기","중구","범죄 발생지","","-","1","-","-","3","-","1","-","-","-","1","1","1","3",
"유기","동구","범죄 발생지","","-","3","-","-","1","-","2","-","-","1","1","1","-","1",
"유기","서구","범죄 발생지","","-","-","3","-","2","1","","-","-","-","-","-","1","1",
"유기","남구","범죄 발생지","","-","1","-","-","-","-","","1","1","1","2","3","3","1",
"유기","북구","범죄 발생지","","-","2","1","-","-","-","1","1","-","3","2","2","-","3",
"유기","수성","범죄 발생지","","1","2","2","-","-","-","1","-","-","-","2","4","1","-",
"유기","달서","범죄 발생지","","-","1","1","-","-","1","","1","-","1","2","1","-","2",
"유기","달성군","범죄 발생지","","-","-","1","2","-","-","2","1","2","-","3","1","-","-",
"유기","군위군","범죄 발생지","","","","","","","","","","","","","","-","-",
"유기","중구","범죄 발생지","","-","-","1","-","-","1","","-","-","-","1","2","-","-",
"유기","동구","범죄 발생지","","-","-","-","-","-","1","","-","-","1","-","-","-","-",
"유기","서구","범죄 발생지","","2","-","-","-","-","4","5","4","8","1","6","2","3","4",
"유기","미추홀","범죄 발생지","","1","2","7","3","2","3","4","5","4","-","1","5","2","1",
"유기","연수","범죄 발생지","","4","1","-","-","-","-","","-","3","-","2","4","1","1",
"유기","남동","범죄 발생지","","4","3","1","1","4","2","1","-","-","1","1","9","-","-",
"유기","부평","범죄 발생지","","3","1","-","-","2","1","2","1","1","1","6","3","5","5",
"유기","계양","범죄 발생지","","3","2","1","-","-","1","1","1","1","-","2","3","-","2",
"유기","강화군","범죄 발생지","","-","-","-","-","-","1","","1","-","-","-","-","1","1",
"유기","옹진군","범죄 발생지","","-","-","-","-","-","-","","-","-","-","1","1","-","-",
"유기","동구","범죄 발생지","","2","1","4","1","1","1","1","1","-","-","4","-","1","-",
"유기","서구","범죄 발생지","","1","5","3","1","-","-","1","3","5","2","1","1","1","2",
"유기","남구","범죄 발생지","","2","1","1","2","-","-","1","7","3","-","-","1","-","2",
"유기","북구","범죄 발생지","","1","9","-","-","-","-","1","2","-","1","1","1","5","1",
"유기","광산","범죄 발생지","","-","-","-","-","-","3","","-","1","3","1","2","1","1",
"유기","중구","범죄 발생지","","2","1","3","1","-","3","2","1","-","1","2","2","1","2",
"유기","동구","범죄 발생지","","-","1","3","-","1","1","1","-","1","1","-","3","4","2",
"유기","서구","범죄 발생지","","1","1","1","3","1","-","2","2","2","-","2","6","1","4",
"유기","유성","범죄 발생지","","1","1","2","-","-","-","","3","1","-","2","5","2","3",
"유기","대덕","범죄 발생지","","-","2","-","-","-","-","","2","1","-","1","3","2","1",
"유기","중구","범죄 발생지","","-","1","-","-","1","1","2","-","-","2","4","3","1","1",
"유기","동구","범죄 발생지","","-","1","-","-","-","1","","-","-","1","-","-","-","2",
"유기","남구","범죄 발생지","","-","-","1","-","1","1","3","-","-","1","1","-","-","1",
"유기","북구","범죄 발생지","","-","-","-","-","1","-","2","-","1","-","-","1","1","-",
"유기","울주군","범죄 발생지","","-","-","-","1","-","2","","-","1","-","-","1","-","1",
"낙태","종로","범죄 발생지","","1","-","-","","","","","","","","","","","",
"낙태","중구","범죄 발생지","","-","-","2","","","","","","","","","","","",
"낙태","용산","범죄 발생지","","-","-","-","","","","","","","","","","","",
"낙태","성동","범죄 발생지","","-","-","-","","","","","","","","","","","",
"낙태","광진","범죄 발생지","","-","1","2","","","","","","","","","","","",
"낙태","동대문","범죄 발생지","","-","-","-","","","","","","","","","","","",
"낙태","중랑","범죄 발생지","","-","-","-","","","","","","","","","","","",
"낙태","성북","범죄 발생지","","-","-","1","","","","","","","","","","","",
"낙태","강북","범죄 발생지","","2","-","-","","","","","","","","","","","",
"낙태","도봉","범죄 발생지","","-","-","-","","","","","","","","","","","",
"낙태","노원","범죄 발생지","","2","-","1","","","","","","","","","","","",
"낙태","은평","범죄 발생지","","-","-","1","","","","","","","","","","","",
"낙태","서대문","범죄 발생지","","2","-","-","","","","","","","","","","","",
"낙태","마포","범죄 발생지","","-","-","-","","","","","","","","","","","",
"낙태","양천","범죄 발생지","","-","-","-","","","","","","","","","","","",
"낙태","강서","범죄 발생지","","1","1","-","","","","","","","","","","","",
"낙태","구로","범죄 발생지","","1","1","-","","","","","","","","","","","",
"낙태","금천","범죄 발생지","","-","-","-","","","","","","","","","","","",
"낙태","영등포","범죄 발생지","","-","1","-","","","","","","","","","","","",
"낙태","동작","범죄 발생지","","-","-","1","","","","","","","","","","","",
"낙태","관악","범죄 발생지","","-","-","1","","","","","","","","","","","",
"낙태","서초","범죄 발생지","","-","-","-","","","","","","","","","","","",
"낙태","강남","범죄 발생지","","3","-","1","","","","","","","","","","","",
"낙태","송파","범죄 발생지","","-","1","-","","","","","","","","","","","",
"낙태","강동","범죄 발생지","","1","-","-","","","","","","","","","","","",
"낙태","중구","범죄 발생지","","-","-","-","","","","","","","","","","","",
"낙태","서구","범죄 발생지","","-","-","-","","","","","","","","","","","",
"낙태","동구","범죄 발생지","","-","-","-","","","","","","","","","","","",
"낙태","영도","범죄 발생지","","-","1","1","","","","","","","","","","","",
"낙태","부산진","범죄 발생지","","1","3","-","","","","","","","","","","","",
"낙태","동래","범죄 발생지","","1","-","-","","","","","","","","","","","",
"낙태","남구","범죄 발생지","","-","1","-","","","","","","","","","","","",
"낙태","북구","범죄 발생지","","-","-","-","","","","","","","","","","","",
"낙태","해운대","범죄 발생지","","1","-","-","","","","","","","","","","","",
"낙태","사하","범죄 발생지","","-","-","-","","","","","","","","","","","",
"낙태","금정","범죄 발생지","","-","-","-","","","","","","","","","","","",
"낙태","강서","범죄 발생지","","-","-","-","","","","","","","","","","","",
"낙태","연제","범죄 발생지","","-","-","-","","","","","","","","","","","",
"낙태","수영","범죄 발생지","","-","-","-","","","","","","","","","","","",
"낙태","사상","범죄 발생지","","-","-","-","","","","","","","","","","","",
"낙태","기장군","범죄 발생지","","-","-","-","","","","","","","","","","","",
"낙태","중구","범죄 발생지","","-","-","-","","","","","","","","","","","",
"낙태","동구","범죄 발생지","","1","-","-","","","","","","","","","","","",
"낙태","서구","범죄 발생지","","-","-","-","","","","","","","","","","","",
"낙태","남구","범죄 발생지","","-","-","1","","","","","","","","","","","",
"낙태","북구","범죄 발생지","","-","-","-","","","","","","","","","","","",
"낙태","수성","범죄 발생지","","1","1","-","","","","","","","","","","","",
"낙태","달서","범죄 발생지","","-","-","-","","","","","","","","","","","",
"낙태","달성군","범죄 발생지","","-","-","-","","","","","","","","","","","",
"낙태","중구","범죄 발생지","","-","-","-","","","","","","","","","","","",
"낙태","동구","범죄 발생지","","-","-","-","","","","","","","","","","","",
"낙태","서구","범죄 발생지","","1","-","-","","","","","","","","","","","",
"낙태","미추홀","범죄 발생지","","-","-","-","","","","","","","","","","","",
"낙태","연수","범죄 발생지","","-","-","-","","","","","","","","","","","",
"낙태","남동","범죄 발생지","","-","-","-","","","","","","","","","","","",
"낙태","부평","범죄 발생지","","-","-","1","","","","","","","","","","","",
"낙태","계양","범죄 발생지","","-","-","-","","","","","","","","","","","",
"낙태","강화군","범죄 발생지","","-","-","-","","","","","","","","","","","",
"낙태","옹진군","범죄 발생지","","-","-","-","","","","","","","","","","","",
"낙태","동구","범죄 발생지","","1","1","-","","","","","","","","","","","",
"낙태","서구","범죄 발생지","","-","-","-","","","","","","","","","","","",
"낙태","남구","범죄 발생지","","-","-","-","","","","","","","","","","","",
"낙태","북구","범죄 발생지","","2","-","-","","","","","","","","","","","",
"낙태","광산","범죄 발생지","","-","1","1","","","","","","","","","","","",
"낙태","중구","범죄 발생지","","-","-","-","","","","","","","","","","","",
"낙태","동구","범죄 발생지","","-","-","-","","","","","","","","","","","",
"낙태","서구","범죄 발생지","","-","1","-","","","","","","","","","","","",
"낙태","유성","범죄 발생지","","-","4","-","","","","","","","","","","","",
"낙태","대덕","범죄 발생지","","-","2","-","","","","","","","","","","","",
"낙태","중구","범죄 발생지","","-","-","-","","","","","","","","","","","",
"낙태","동구","범죄 발생지","","-","-","-","","","","","","","","","","","",
"낙태","남구","범죄 발생지","","-","-","-","","","","","","","","","","","",
"낙태","북구","범죄 발생지","","-","-","-","","","","","","","","","","","",
"낙태","울주군","범죄 발생지","","-","-","-","","","","","","","","","","","",
"아편","종로","범죄 발생지","","-","-","-","","","","","","","","","","","",
"아편","중구","범죄 발생지","","-","-","-","","","","","","","","","","","",
"아편","용산","범죄 발생지","","-","-","-","","","","","","","","","","","",
"아편","성동","범죄 발생지","","-","-","-","","","","","","","","","","","",
"아편","광진","범죄 발생지","","-","-","-","","","","","","","","","","","",
"아편","동대문","범죄 발생지","","-","-","-","","","","","","","","","","","",
"아편","중랑","범죄 발생지","","-","-","-","","","","","","","","","","","",
"아편","성북","범죄 발생지","","-","-","-","","","","","","","","","","","",
"아편","강북","범죄 발생지","","-","-","-","","","","","","","","","","","",
"아편","도봉","범죄 발생지","","-","-","-","","","","","","","","","","","",
"아편","노원","범죄 발생지","","-","-","-","","","","","","","","","","","",
"아편","은평","범죄 발생지","","-","-","-","","","","","","","","","","","",
"아편","서대문","범죄 발생지","","-","-","-","","","","","","","","","","","",
"아편","마포","범죄 발생지","","-","-","-","","","","","","","","","","","",
"아편","양천","범죄 발생지","","-","-","-","","","","","","","","","","","",
"아편","강서","범죄 발생지","","-","-","-","","","","","","","","","","","",
"아편","구로","범죄 발생지","","-","-","-","","","","","","","","","","","",
"아편","금천","범죄 발생지","","-","-","-","","","","","","","","","","","",
"아편","영등포","범죄 발생지","","-","-","-","","","","","","","","","","","",
"아편","동작","범죄 발생지","","-","-","-","","","","","","","","","","","",
"아편","관악","범죄 발생지","","-","-","-","","","","","","","","","","","",
"아편","서초","범죄 발생지","","-","-","-","","","","","","","","","","","",
"아편","강남","범죄 발생지","","-","-","-","","","","","","","","","","","",
"아편","송파","범죄 발생지","","-","-","-","","","","","","","","","","","",
"아편","강동","범죄 발생지","","-","-","-","","","","","","","","","","","",
"아편","중구","범죄 발생지","","-","-","-","","","","","","","","","","","",
"아편","서구","범죄 발생지","","-","-","-","","","","","","","","","","","",
"아편","동구","범죄 발생지","","-","-","-","","","","","","","","","","","",
"아편","영도","범죄 발생지","","-","-","-","","","","","","","","","","","",
"아편","부산진","범죄 발생지","","-","-","-","","","","","","","","","","","",
"아편","동래","범죄 발생지","","-","-","-","","","","","","","","","","","",
"아편","남구","범죄 발생지","","-","-","-","","","","","","","","","","","",
"아편","북구","범죄 발생지","","-","-","-","","","","","","","","","","","",
"아편","해운대","범죄 발생지","","-","-","-","","","","","","","","","","","",
"아편","사하","범죄 발생지","","-","-","-","","","","","","","","","","","",
"아편","금정","범죄 발생지","","-","-","-","","","","","","","","","","","",
"아편","강서","범죄 발생지","","-","-","-","","","","","","","","","","","",
"아편","연제","범죄 발생지","","-","-","-","","","","","","","","","","","",
"아편","수영","범죄 발생지","","-","-","-","","","","","","","","","","","",
"아편","사상","범죄 발생지","","-","-","-","","","","","","","","","","","",
"아편","기장군","범죄 발생지","","-","-","-","","","","","","","","","","","",
"아편","중구","범죄 발생지","","-","-","-","","","","","","","","","","","",
"아편","동구","범죄 발생지","","-","-","-","","","","","","","","","","","",
"아편","서구","범죄 발생지","","-","-","-","","","","","","","","","","","",
"아편","남구","범죄 발생지","","-","-","-","","","","","","","","","","","",
"아편","북구","범죄 발생지","","-","-","-","","","","","","","","","","","",
"아편","수성","범죄 발생지","","-","-","-","","","","","","","","","","","",
"아편","달서","범죄 발생지","","-","-","-","","","","","","","","","","","",
"아편","달성군","범죄 발생지","","-","-","-","","","","","","","","","","","",
"아편","중구","범죄 발생지","","-","-","-","","","","","","","","","","","",
"아편","동구","범죄 발생지","","-","-","-","","","","","","","","","","","",
"아편","서구","범죄 발생지","","-","-","-","","","","","","","","","","","",
"아편","미추홀","범죄 발생지","","-","-","-","","","","","","","","","","","",
"아편","연수","범죄 발생지","","-","-","-","","","","","","","","","","","",
"아편","남동","범죄 발생지","","-","-","-","","","","","","","","","","","",
"아편","부평","범죄 발생지","","-","-","-","","","","","","","","","","","",
"아편","계양","범죄 발생지","","-","-","-","","","","","","","","","","","",
"아편","강화군","범죄 발생지","","-","-","-","","","","","","","","","","","",
"아편","옹진군","범죄 발생지","","-","-","-","","","","","","","","","","","",
"아편","동구","범죄 발생지","","-","-","-","","","","","","","","","","","",
"아편","서구","범죄 발생지","","-","-","-","","","","","","","","","","","",
"아편","남구","범죄 발생지","","-","-","-","","","","","","","","","","","",
"아편","북구","범죄 발생지","","-","-","-","","","","","","","","","","","",
"아편","광산","범죄 발생지","","-","-","-","","","","","","","","","","","",
"아편","중구","범죄 발생지","","-","-","-","","","","","","","","","","","",
"아편","동구","범죄 발생지","","-","-","-","","","","","","","","","","","",
"아편","서구","범죄 발생지","","-","-","-","","","","","","","","","","","",
"아편","유성","범죄 발생지","","-","-","-","","","","","","","","","","","",
"아편","대덕","범죄 발생지","","-","-","-","","","","","","","","","","","",
"아편","중구","범죄 발생지","","-","-","-","","","","","","","","","","","",
"아편","동구","범죄 발생지","","-","-","-","","","","","","","","","","","",
"아편","남구","범죄 발생지","","-","-","-","","","","","","","","","","","",
"아편","북구","범죄 발생지","","-","-","-","","","","","","","","","","","",
"아편","울주군","범죄 발생지","","-","-","-","","","","","","","","","","","",
"교통방해","종로","범죄 발생지","","39","69","54","226","209","438","25","2","5","4","5","6","9","10",
"교통방해","중구","범죄 발생지","","88","142","220","266","118","218","13","8","3","-","2","3","10","4",
"교통방해","용산","범죄 발생지","","13","12","12","1","10","7","5","2","3","4","-","8","5","6",
"교통방해","성동","범죄 발생지","","2","1","3","3","1","3","","3","2","3","-","1","1","6",
"교통방해","광진","범죄 발생지","","3","9","5","4","6","6","","6","2","-","4","2","3","1",
"교통방해","동대문","범죄 발생지","","4","8","6","4","9","6","4","5","3","2","2","5","4","-",
"교통방해","중랑","범죄 발생지","","13","4","9","8","7","6","4","5","7","-","1","2","1","2",
"교통방해","성북","범죄 발생지","","5","4","3","3","4","12","3","6","2","1","3","2","-","2",
"교통방해","강북","범죄 발생지","","4","5","6","5","7","1","3","1","1","1","1","4","2","-",
"교통방해","도봉","범죄 발생지","","-","1","4","1","2","1","1","4","2","-","1","2","-","4",
"교통방해","노원","범죄 발생지","","2","2","6","3","1","-","5","4","5","3","2","-","2","-",
"교통방해","은평","범죄 발생지","","2","12","7","6","8","4","4","3","2","4","7","2","1","7",
"교통방해","서대문","범죄 발생지","","12","51","20","20","5","5","4","6","6","8","2","4","2","1",
"교통방해","마포","범죄 발생지","","1","6","1","2","5","4","3","5","2","4","6","4","2","7",
"교통방해","양천","범죄 발생지","","3","2","3","6","2","1","2","2","1","2","1","2","3","2",
"교통방해","강서","범죄 발생지","","4","3","3","4","3","3","6","3","4","4","2","3","1","-",
"교통방해","구로","범죄 발생지","","4","12","7","5","4","7","6","3","4","1","2","2","7","-",
"교통방해","금천","범죄 발생지","","1","3","-","4","3","-","","1","2","-","1","1","1","-",
"교통방해","영등포","범죄 발생지","","4","39","18","9","57","37","21","9","2","3","2","4","1","6",
"교통방해","동작","범죄 발생지","","3","7","4","4","5","5","8","2","4","4","8","2","-","4",
"교통방해","관악","범죄 발생지","","4","4","6","6","3","2","2","3","3","2","3","7","2","7",
"교통방해","서초","범죄 발생지","","5","9","81","12","8","6","9","6","7","6","4","5","3","6",
"교통방해","강남","범죄 발생지","","14","11","10","6","13","5","15","4","1","5","3","5","6","3",
"교통방해","송파","범죄 발생지","","2","3","4","7","6","1","5","-","6","7","1","2","-","1",
"교통방해","강동","범죄 발생지","","3","6","6","4","4","3","4","1","1","4","2","7","-","2",
"교통방해","중구","범죄 발생지","","3","3","3","-","1","4","1","-","1","2","-","1","-","1",
"교통방해","서구","범죄 발생지","","1","2","1","1","4","3","1","2","1","1","1","1","1","-",
"교통방해","동구","범죄 발생지","","-","1","1","3","-","5","3","1","-","-","1","-","1","1",
"교통방해","영도","범죄 발생지","","5","4","5","6","4","3","2","2","4","-","-","1","2","-",
"교통방해","부산진","범죄 발생지","","5","4","5","5","9","11","4","2","5","11","3","3","2","4",
"교통방해","동래","범죄 발생지","","2","-","3","6","1","3","5","4","3","1","6","-","2","2",
"교통방해","남구","범죄 발생지","","1","-","5","1","-","1","6","-","4","1","-","4","4","1",
"교통방해","북구","범죄 발생지","","1","-","2","2","2","3","","-","1","3","1","3","1","-",
"교통방해","해운대","범죄 발생지","","4","8","4","4","6","3","4","8","9","5","4","2","6","3",
"교통방해","사하","범죄 발생지","","4","5","7","4","1","5","2","6","4","2","3","3","1","3",
"교통방해","금정","범죄 발생지","","1","5","3","5","3","3","4","2","6","2","2","3","2","1",
"교통방해","강서","범죄 발생지","","3","3","1","2","2","1","16","2","2","5","5","4","2","4",
"교통방해","연제","범죄 발생지","","-","-","2","1","2","6","","2","1","-","1","1","4","3",
"교통방해","수영","범죄 발생지","","-","1","2","3","2","3","1","2","-","2","-","3","4","2",
"교통방해","사상","범죄 발생지","","1","3","1","1","1","1","","2","3","3","-","5","2","1",
"교통방해","기장군","범죄 발생지","","5","9","9","7","7","5","3","8","4","8","2","7","6","11",
"교통방해","중구","범죄 발생지","","1","4","1","1","3","2","","2","-","-","-","1","2","2",
"교통방해","동구","범죄 발생지","","6","6","5","5","7","3","12","6","3","4","4","6","8","5",
"교통방해","서구","범죄 발생지","","4","2","2","1","2","1","2","2","2","1","5","2","1","4",
"교통방해","남구","범죄 발생지","","3","3","3","3","7","2","1","1","4","4","3","2","6","3",
"교통방해","북구","범죄 발생지","","6","7","4","5","8","6","8","3","8","3","7","12","14","4",
"교통방해","수성","범죄 발생지","","1","4","6","4","30","7","3","2","3","11","5","3","8","2",
"교통방해","달서","범죄 발생지","","10","6","6","6","7","7","1","6","5","6","7","7","6","6",
"교통방해","달성군","범죄 발생지","","-","1","3","2","3","2","1","1","6","1","3","4","3","-",
"교통방해","군위군","범죄 발생지","","","","","","","","","","","","","","1","5",
"교통방해","중구","범죄 발생지","","14","10","4","6","2","9","3","6","2","5","2","4","6","4",
"교통방해","동구","범죄 발생지","","1","-","-","2","1","1","1","1","-","-","2","-","-","1",
"교통방해","서구","범죄 발생지","","7","5","5","9","5","8","7","5","10","6","5","6","6","2",
"교통방해","미추홀","범죄 발생지","","2","1","4","2","4","6","9","7","5","3","5","6","3","9",
"교통방해","연수","범죄 발생지","","6","1","1","-","2","1","1","1","3","1","7","1","3","2",
"교통방해","남동","범죄 발생지","","1","4","2","4","1","9","1","2","6","5","6","2","7","4",
"교통방해","부평","범죄 발생지","","2","4","2","3","2","4","4","2","6","8","6","3","4","5",
"교통방해","계양","범죄 발생지","","1","1","2","1","1","4","6","6","2","4","3","3","5","5",
"교통방해","강화군","범죄 발생지","","16","15","10","13","13","15","14","10","14","20","14","21","17","10",
"교통방해","옹진군","범죄 발생지","","19","19","15","6","6","4","6","6","4","3","3","5","4","4",
"교통방해","동구","범죄 발생지","","-","3","3","3","4","3","3","2","1","-","3","2","3","9",
"교통방해","서구","범죄 발생지","","4","3","4","8","3","1","4","5","2","1","3","3","1","4",
"교통방해","남구","범죄 발생지","","3","1","4","5","6","3","7","6","2","5","2","5","2","3",
"교통방해","북구","범죄 발생지","","8","8","6","11","6","4","5","5","8","4","4","4","6","5",
"교통방해","광산","범죄 발생지","","5","2","5","8","8","8","3","6","5","5","12","4","3","3",
"교통방해","중구","범죄 발생지","","4","1","1","1","-","1","6","5","2","1","1","2","2","6",
"교통방해","동구","범죄 발생지","","-","-","6","1","5","2","2","3","4","4","2","6","2","3",
"교통방해","서구","범죄 발생지","","3","3","3","4","3","4","6","3","3","3","3","3","4","2",
"교통방해","유성","범죄 발생지","","-","2","1","4","4","2","4","2","3","5","4","3","2","5",
"교통방해","대덕","범죄 발생지","","1","2","3","-","-","-","2","-","1","1","3","5","4","3",
"교통방해","중구","범죄 발생지","","2","3","2","5","5","1","4","4","4","2","1","1","4","1",
"교통방해","동구","범죄 발생지","","4","4","3","3","3","1","3","3","3","3","4","1","4","-",
"교통방해","남구","범죄 발생지","","8","12","5","3","12","7","5","2","5","3","2","2","3","3",
"교통방해","북구","범죄 발생지","","3","8","5","6","3","3","1","4","3","3","11","4","1","3",
"교통방해","울주군","범죄 발생지","","10","12","7","10","12","14","11","11","10","8","5","8","10","8",
"공무방해","종로","범죄 발생지","","179","160","167","193","191","139","147","117","134","134","103","99","103","111",
"공무방해","중구","범죄 발생지","","125","148","163","233","148","153","131","87","88","70","70","73","82","88",
"공무방해","용산","범죄 발생지","","94","113","124","136","170","128","104","103","124","94","75","111","125","138",
"공무방해","성동","범죄 발생지","","74","40","59","70","60","56","45","49","46","39","31","30","37","47",
"공무방해","광진","범죄 발생지","","115","136","153","190","183","149","140","105","92","82","64","99","94","86",
"공무방해","동대문","범죄 발생지","","150","278","121","126","138","109","118","110","119","92","76","91","90","102",
"공무방해","중랑","범죄 발생지","","141","126","146","165","151","158","126","97","97","103","90","111","129","123",
"공무방해","성북","범죄 발생지","","88","86","76","84","83","90","111","71","82","58","40","62","58","71",
"공무방해","강북","범죄 발생지","","131","168","146","123","118","143","128","130","134","155","89","152","169","137",
"공무방해","도봉","범죄 발생지","","56","64","73","66","67","59","38","41","83","44","43","50","55","66",
"공무방해","노원","범죄 발생지","","109","112","121","132","112","89","68","65","59","65","56","80","67","73",
"공무방해","은평","범죄 발생지","","93","122","109","129","115","93","94","79","85","87","63","90","97","81",
"공무방해","서대문","범죄 발생지","","116","209","179","127","91","90","75","67","69","74","58","53","53","54",
"공무방해","마포","범죄 발생지","","132","134","146","201","147","155","137","127","117","96","101","146","151","155",
"공무방해","양천","범죄 발생지","","78","113","106","109","110","116","86","79","54","62","52","72","63","62",
"공무방해","강서","범죄 발생지","","138","180","160","132","170","214","196","156","170","126","147","145","128","137",
"공무방해","구로","범죄 발생지","","122","153","177","184","161","103","90","94","79","77","65","72","105","111",
"공무방해","금천","범죄 발생지","","89","119","88","89","80","93","71","96","90","51","51","50","65","70",
"공무방해","영등포","범죄 발생지","","276","227","180","234","235","186","143","137","138","173","137","148","151","178",
"공무방해","동작","범죄 발생지","","77","76","84","78","88","80","64","48","51","53","42","47","56","58",
"공무방해","관악","범죄 발생지","","179","207","179","171","178","130","150","149","155","149","141","173","182","157",
"공무방해","서초","범죄 발생지","","124","129","144","156","159","134","113","165","177","114","89","101","101","98",
"공무방해","강남","범죄 발생지","","247","203","209","207","189","196","155","158","153","156","147","184","188","176",
"공무방해","송파","범죄 발생지","","117","118","150","171","162","127","149","159","141","123","92","118","153","139",
"공무방해","강동","범죄 발생지","","107","148","100","105","78","81","87","83","78","40","57","51","75","80",
"공무방해","중구","범죄 발생지","","44","36","49","38","54","48","48","36","38","34","24","37","27","31",
"공무방해","서구","범죄 발생지","","30","35","27","36","28","30","17","20","21","26","23","27","41","31",
"공무방해","동구","범죄 발생지","","31","42","44","56","44","38","61","34","30","31","40","37","50","41",
"공무방해","영도","범죄 발생지","","40","35","34","37","52","46","35","23","22","43","23","23","12","28",
"공무방해","부산진","범죄 발생지","","88","140","123","175","162","177","121","130","152","169","132","153","171","163",
"공무방해","동래","범죄 발생지","","96","103","82","128","96","114","68","68","68","61","52","62","52","46",
"공무방해","남구","범죄 발생지","","45","52","67","59","59","71","46","55","65","68","50","53","54","49",
"공무방해","북구","범죄 발생지","","60","61","72","80","71","67","47","48","73","60","52","56","62","46",
"공무방해","해운대","범죄 발생지","","95","113","101","113","97","118","98","108","97","95","90","107","88","83",
"공무방해","사하","범죄 발생지","","76","83","72","97","72","82","91","76","72","72","67","79","94","81",
"공무방해","금정","범죄 발생지","","52","51","70","64","59","63","43","51","26","38","34","31","35","41",
"공무방해","강서","범죄 발생지","","16","23","16","20","25","28","20","28","17","17","11","23","20","26",
"공무방해","연제","범죄 발생지","","59","78","76","76","134","125","99","68","91","85","42","57","58","43",
"공무방해","수영","범죄 발생지","","38","54","57","55","84","68","48","51","47","37","35","61","43","73",
"공무방해","사상","범죄 발생지","","46","80","63","79","59","84","62","65","64","62","48","53","57","54",
"공무방해","기장군","범죄 발생지","","18","27","32","31","32","36","33","16","20","23","20","20","30","40",
"공무방해","중구","범죄 발생지","","194","45","48","59","54","66","57","57","60","48","53","70","64","48",
"공무방해","동구","범죄 발생지","","105","125","114","115","136","126","104","93","76","78","63","83","92","67",
"공무방해","서구","범죄 발생지","","82","92","87","95","110","88","76","73","65","58","60","69","65","74",
"공무방해","남구","범죄 발생지","","55","56","51","78","65","66","54","42","43","50","33","33","33","37",
"공무방해","북구","범죄 발생지","","94","113","82","86","94","102","114","79","97","92","64","77","77","56",
"공무방해","수성","범죄 발생지","","151","103","101","114","129","106","84","80","71","73","56","70","56","56",
"공무방해","달서","범죄 발생지","","116","143","169","187","188","210","186","130","120","124","111","137","126","95",
"공무방해","달성군","범죄 발생지","","32","34","20","31","26","33","36","18","38","36","29","45","46","46",
"공무방해","군위군","범죄 발생지","","","","","","","","","","","","","","1","-",
"공무방해","중구","범죄 발생지","","49","107","85","120","83","95","63","65","48","42","54","48","47","48",
"공무방해","동구","범죄 발생지","","24","22","35","21","17","32","21","16","11","17","10","15","12","15",
"공무방해","서구","범죄 발생지","","121","112","79","142","97","114","110","100","713","87","107","163","108","102",
"공무방해","미추홀","범죄 발생지","","153","122","136","173","157","144","127","121","138","130","110","122","120","125",
"공무방해","연수","범죄 발생지","","44","43","44","68","55","75","43","50","36","27","45","50","66","65",
"공무방해","남동","범죄 발생지","","130","179","169","180","189","175","135","108","123","114","108","118","139","115",
"공무방해","부평","범죄 발생지","","114","147","123","163","121","126","108","99","94","98","111","112","132","103",
"공무방해","계양","범죄 발생지","","95","101","79","82","57","83","76","48","59","54","37","61","66","72",
"공무방해","강화군","범죄 발생지","","10","13","14","31","14","11","10","7","11","11","17","8","11","6",
"공무방해","옹진군","범죄 발생지","","6","9","13","4","8","9","2","3","5","-","1","3","4","8",
"공무방해","동구","범죄 발생지","","32","47","35","38","50","49","32","33","25","22","37","27","34","25",
"공무방해","서구","범죄 발생지","","84","99","75","69","82","67","60","77","65","55","54","106","76","63",
"공무방해","남구","범죄 발생지","","23","28","33","25","22","23","14","22","19","24","22","25","22","18",
"공무방해","북구","범죄 발생지","","75","85","88","91","81","66","52","62","48","44","70","72","58","54",
"공무방해","광산","범죄 발생지","","46","52","53","52","55","54","49","55","57","52","55","51","50","56",
"공무방해","중구","범죄 발생지","","84","99","61","86","95","106","70","75","66","64","45","68","61","52",
"공무방해","동구","범죄 발생지","","-","31","80","71","95","100","79","77","63","96","58","70","79","67",
"공무방해","서구","범죄 발생지","","114","142","128","137","142","164","126","113","95","121","105","102","91","104",
"공무방해","유성","범죄 발생지","","36","58","55","63","54","74","55","64","56","53","54","61","49","62",
"공무방해","대덕","범죄 발생지","","42","53","60","36","59","49","48","31","35","38","23","26","38","26",
"공무방해","중구","범죄 발생지","","67","71","71","86","76","87","53","41","53","39","52","36","39","40",
"공무방해","동구","범죄 발생지","","43","40","40","61","51","59","41","37","30","53","31","47","44","46",
"공무방해","남구","범죄 발생지","","210","218","180","170","127","135","117","116","114","132","138","138","142","149",
"공무방해","북구","범죄 발생지","","33","29","32","41","36","36","28","30","29","28","23","20","48","36",
"공무방해","울주군","범죄 발생지","","49","55","52","67","60","69","67","67","39","36","41","37","35","33",
"도주와 범인 은닉","종로","범죄 발생지","","4","2","-","7","8","5","4","-","-","-","-","-","1","2",
"도주와 범인 은닉","중구","범죄 발생지","","5","3","2","7","8","1","4","9","1","2","-","-","-","-",
"도주와 범인 은닉","용산","범죄 발생지","","-","3","6","3","4","3","","-","2","-","1","1","4","2",
"도주와 범인 은닉","성동","범죄 발생지","","3","2","-","1","1","-","1","-","1","-","1","-","1","1",
"도주와 범인 은닉","광진","범죄 발생지","","13","11","2","2","8","1","2","2","2","2","1","2","1","1",
"도주와 범인 은닉","동대문","범죄 발생지","","7","6","3","8","3","2","3","3","2","4","1","3","1","-",
"도주와 범인 은닉","중랑","범죄 발생지","","3","4","3","1","7","1","2","3","-","-","-","1","1","2",
"도주와 범인 은닉","성북","범죄 발생지","","3","2","-","1","4","-","2","2","-","2","1","4","1","1",
"도주와 범인 은닉","강북","범죄 발생지","","3","1","5","2","4","1","4","2","1","-","-","-","1","-",
"도주와 범인 은닉","도봉","범죄 발생지","","1","3","7","1","1","5","1","1","1","6","1","1","-","-",
"도주와 범인 은닉","노원","범죄 발생지","","5","4","-","1","5","1","5","1","-","-","1","1","1","-",
"도주와 범인 은닉","은평","범죄 발생지","","3","4","1","2","3","-","","3","-","1","2","1","2","1",
"도주와 범인 은닉","서대문","범죄 발생지","","2","1","6","4","4","-","4","-","1","1","1","-","-","-",
"도주와 범인 은닉","마포","범죄 발생지","","2","4","2","3","2","-","17","4","-","2","1","1","2","1",
"도주와 범인 은닉","양천","범죄 발생지","","4","4","-","2","4","3","3","1","3","1","1","1","-","3",
"도주와 범인 은닉","강서","범죄 발생지","","1","-","-","9","-","4","","5","1","2","2","2","2","-",
"도주와 범인 은닉","구로","범죄 발생지","","1","3","-","5","4","2","2","2","4","2","2","-","-","2",
"도주와 범인 은닉","금천","범죄 발생지","","2","2","-","2","1","-","2","1","-","-","-","-","-","1",
"도주와 범인 은닉","영등포","범죄 발생지","","8","5","1","9","4","5","5","2","1","-","3","-","1","3",
"도주와 범인 은닉","동작","범죄 발생지","","-","2","2","2","-","-","","1","-","-","1","-","1","1",
"도주와 범인 은닉","관악","범죄 발생지","","1","1","1","1","2","2","3","3","-","2","-","-","1","1",
"도주와 범인 은닉","서초","범죄 발생지","","1","-","3","1","7","2","5","4","5","3","4","1","4","4",
"도주와 범인 은닉","강남","범죄 발생지","","6","4","7","8","12","12","18","10","22","15","4","11","9","6",
"도주와 범인 은닉","송파","범죄 발생지","","2","3","3","2","5","2","6","3","3","1","1","3","1","1",
"도주와 범인 은닉","강동","범죄 발생지","","2","1","-","1","6","-","3","2","5","3","1","1","1","4",
"도주와 범인 은닉","중구","범죄 발생지","","2","4","1","-","4","6","3","1","1","1","-","3","1","1",
"도주와 범인 은닉","서구","범죄 발생지","","2","1","1","-","1","2","","2","1","-","-","-","4","1",
"도주와 범인 은닉","동구","범죄 발생지","","-","-","2","1","2","1","6","-","1","1","-","-","1","-",
"도주와 범인 은닉","영도","범죄 발생지","","-","-","2","-","2","-","","-","-","-","-","-","-","1",
"도주와 범인 은닉","부산진","범죄 발생지","","5","10","14","2","18","10","1","8","6","-","3","7","2","1",
"도주와 범인 은닉","동래","범죄 발생지","","2","1","5","6","1","-","","7","-","2","-","-","1","3",
"도주와 범인 은닉","남구","범죄 발생지","","3","4","4","-","2","3","2","-","1","1","2","-","1","-",
"도주와 범인 은닉","북구","범죄 발생지","","3","1","1","1","2","-","5","4","2","-","-","3","-","2",
"도주와 범인 은닉","해운대","범죄 발생지","","2","9","20","9","7","3","4","7","3","8","1","2","3","8",
"도주와 범인 은닉","사하","범죄 발생지","","1","-","7","1","1","3","2","4","1","1","-","-","2","2",
"도주와 범인 은닉","금정","범죄 발생지","","2","2","-","4","1","4","","-","1","-","-","1","1","1",
"도주와 범인 은닉","강서","범죄 발생지","","1","-","1","4","-","-","","-","1","2","1","-","6","5",
"도주와 범인 은닉","연제","범죄 발생지","","2","4","6","3","6","4","3","3","3","5","3","2","6","2",
"도주와 범인 은닉","수영","범죄 발생지","","1","-","2","-","2","3","2","3","3","-","-","-","1","-",
"도주와 범인 은닉","사상","범죄 발생지","","2","1","-","-","8","7","2","5","5","3","-","-","-","3",
"도주와 범인 은닉","기장군","범죄 발생지","","-","-","1","6","2","2","4","-","1","1","-","1","2","2",
"도주와 범인 은닉","중구","범죄 발생지","","-","-","4","-","2","1","2","-","5","2","2","-","-","1",
"도주와 범인 은닉","동구","범죄 발생지","","2","5","3","3","7","2","2","-","1","1","-","1","2","-",
"도주와 범인 은닉","서구","범죄 발생지","","3","5","4","-","-","-","3","-","1","2","-","-","3","2",
"도주와 범인 은닉","남구","범죄 발생지","","3","1","2","-","4","4","1","-","1","4","2","-","2","2",
"도주와 범인 은닉","북구","범죄 발생지","","4","2","4","1","9","1","4","2","5","5","3","-","-","-",
"도주와 범인 은닉","수성","범죄 발생지","","9","5","2","13","8","3","2","6","8","3","2","2","1","5",
"도주와 범인 은닉","달서","범죄 발생지","","11","18","3","4","6","5","4","7","9","3","3","1","3","6",
"도주와 범인 은닉","달성군","범죄 발생지","","-","-","2","3","2","2","","3","2","1","-","1","1","-",
"도주와 범인 은닉","군위군","범죄 발생지","","","","","","","","","","","","","","-","-",
"도주와 범인 은닉","중구","범죄 발생지","","2","3","2","1","1","1","2","2","-","5","11","10","-","6",
"도주와 범인 은닉","동구","범죄 발생지","","-","-","1","-","-","3","1","-","-","1","-","-","1","-",
"도주와 범인 은닉","서구","범죄 발생지","","-","1","2","1","1","4","","3","3","5","1","-","1","2",
"도주와 범인 은닉","미추홀","범죄 발생지","","1","23","4","1","4","5","7","2","10","3","2","5","2","7",
"도주와 범인 은닉","연수","범죄 발생지","","1","1","1","3","-","1","1","2","1","1","1","-","-","1",
"도주와 범인 은닉","남동","범죄 발생지","","4","-","5","4","1","4","5","-","8","4","3","4","4","3",
"도주와 범인 은닉","부평","범죄 발생지","","1","2","-","2","1","1","1","-","2","1","1","4","-","-",
"도주와 범인 은닉","계양","범죄 발생지","","3","-","1","1","2","1","","-","-","1","-","-","1","1",
"도주와 범인 은닉","강화군","범죄 발생지","","-","-","2","1","-","-","","1","-","-","1","-","-","-",
"도주와 범인 은닉","옹진군","범죄 발생지","","-","-","-","-","-","-","","-","-","-","-","1","-","-",
"도주와 범인 은닉","동구","범죄 발생지","","-","1","3","2","6","4","2","-","3","2","1","-","-","-",
"도주와 범인 은닉","서구","범죄 발생지","","3","4","-","3","3","12","5","-","2","3","1","1","2","2",
"도주와 범인 은닉","남구","범죄 발생지","","5","3","2","1","-","-","2","3","-","-","-","1","-","2",
"도주와 범인 은닉","북구","범죄 발생지","","11","5","5","12","-","8","","4","5","1","3","-","-","2",
"도주와 범인 은닉","광산","범죄 발생지","","5","2","2","-","3","9","1","3","2","6","1","2","1","1",
"도주와 범인 은닉","중구","범죄 발생지","","-","-","1","4","2","4","4","5","-","3","1","1","-","-",
"도주와 범인 은닉","동구","범죄 발생지","","-","-","5","-","3","3","1","1","5","-","-","1","-","1",
"도주와 범인 은닉","서구","범죄 발생지","","7","7","1","9","7","2","6","6","3","3","3","3","1","3",
"도주와 범인 은닉","유성","범죄 발생지","","-","-","2","3","5","10","2","5","-","-","4","5","1","-",
"도주와 범인 은닉","대덕","범죄 발생지","","2","2","2","1","3","-","1","1","1","2","-","-","2","-",
"도주와 범인 은닉","중구","범죄 발생지","","-","3","-","2","-","3","","1","-","-","-","-","3","1",
"도주와 범인 은닉","동구","범죄 발생지","","-","-","-","3","-","1","5","4","-","1","1","1","-","1",
"도주와 범인 은닉","남구","범죄 발생지","","5","3","1","5","4","2","15","9","3","3","2","2","3","4",
"도주와 범인 은닉","북구","범죄 발생지","","-","3","-","2","1","-","1","1","1","-","-","-","1","1",
"도주와 범인 은닉","울주군","범죄 발생지","","5","1","2","4","2","-","2","3","2","-","-","-","1","1",
"위증과 증거인멸","종로","범죄 발생지","","3","12","9","14","10","5","11","6","17","14","5","11","7","2",
"위증과 증거인멸","중구","범죄 발생지","","5","2","3","5","12","4","12","5","4","3","2","4","3","16",
"위증과 증거인멸","용산","범죄 발생지","","12","5","10","7","19","5","12","7","3","9","4","8","7","6",
"위증과 증거인멸","성동","범죄 발생지","","5","5","4","6","10","6","7","3","8","4","2","1","1","2",
"위증과 증거인멸","광진","범죄 발생지","","84","82","72","106","123","80","66","20","13","3","8","9","-","1",
"위증과 증거인멸","동대문","범죄 발생지","","12","8","6","6","9","13","4","5","5","6","4","2","1","3",
"위증과 증거인멸","중랑","범죄 발생지","","8","2","5","4","3","5","6","2","1","3","2","2","3","4",
"위증과 증거인멸","성북","범죄 발생지","","5","7","10","4","9","2","7","3","6","5","5","5","3","4",
"위증과 증거인멸","강북","범죄 발생지","","8","5","12","8","11","2","3","6","4","2","4","2","2","3",
"위증과 증거인멸","도봉","범죄 발생지","","72","68","74","101","72","107","105","90","72","76","68","75","54","38",
"위증과 증거인멸","노원","범죄 발생지","","30","13","7","5","15","7","8","6","6","2","3","3","3","5",
"위증과 증거인멸","은평","범죄 발생지","","5","4","2","4","3","2","6","1","4","2","2","9","3","2",
"위증과 증거인멸","서대문","범죄 발생지","","18","25","6","9","7","2","4","4","1","2","2","2","5","3",
"위증과 증거인멸","마포","범죄 발생지","","44","51","61","81","73","85","83","60","70","52","47","34","46","45",
"위증과 증거인멸","양천","범죄 발생지","","78","73","95","121","97","94","131","100","56","61","38","63","46","65",
"위증과 증거인멸","강서","범죄 발생지","","25","20","5","16","15","12","20","12","10","8","8","5","8","7",
"위증과 증거인멸","구로","범죄 발생지","","14","27","6","9","12","12","4","8","5","8","10","3","2","5",
"위증과 증거인멸","금천","범죄 발생지","","-","3","2","1","4","7","","8","2","3","3","3","3","12",
"위증과 증거인멸","영등포","범죄 발생지","","8","10","9","18","22","17","13","13","7","5","4","5","13","9",
"위증과 증거인멸","동작","범죄 발생지","","13","8","6","20","8","11","6","6","8","2","1","5","3","4",
"위증과 증거인멸","관악","범죄 발생지","","8","8","10","8","10","5","7","3","2","2","3","3","3","2",
"위증과 증거인멸","서초","범죄 발생지","","332","331","301","317","382","405","405","378","294","245","173","181","195","169",
"위증과 증거인멸","강남","범죄 발생지","","36","25","19","17","30","11","29","31","22","20","15","18","25","26",
"위증과 증거인멸","송파","범죄 발생지","","9","2","6","13","14","11","37","57","71","55","77","66","57","46",
"위증과 증거인멸","강동","범죄 발생지","","7","10","7","5","4","8","6","4","6","1","6","3","3","3",
"위증과 증거인멸","중구","범죄 발생지","","-","1","1","1","1","7","1","1","3","2","-","2","4","3",
"위증과 증거인멸","서구","범죄 발생지","","1","1","-","-","1","19","4","2","3","2","1","2","2","1",
"위증과 증거인멸","동구","범죄 발생지","","3","4","1","-","2","6","4","1","1","2","1","1","-","3",
"위증과 증거인멸","영도","범죄 발생지","","-","1","-","-","4","3","3","2","1","-","-","1","-","-",
"위증과 증거인멸","부산진","범죄 발생지","","4","3","8","11","12","9","5","6","6","4","3","2","4","6",
"위증과 증거인멸","동래","범죄 발생지","","4","3","2","5","8","3","5","7","2","6","7","3","5","3",
"위증과 증거인멸","남구","범죄 발생지","","1","4","3","5","8","14","6","3","8","-","4","1","4","5",
"위증과 증거인멸","북구","범죄 발생지","","2","4","1","1","3","3","3","4","6","-","2","3","3","3",
"위증과 증거인멸","해운대","범죄 발생지","","48","45","42","47","36","37","41","42","48","33","28","34","34","39",
"위증과 증거인멸","사하","범죄 발생지","","5","-","2","1","5","4","3","5","5","3","2","4","9","7",
"위증과 증거인멸","금정","범죄 발생지","","1","7","7","-","19","8","","1","14","1","2","1","3","2",
"위증과 증거인멸","강서","범죄 발생지","","-","2","1","2","2","5","5","12","20","24","23","38","33","16",
"위증과 증거인멸","연제","범죄 발생지","","132","146","1145","211","227","183","189","142","128","96","59","92","78","51",
"위증과 증거인멸","수영","범죄 발생지","","1","1","2","1","1","1","1","2","-","-","1","1","-","-",
"위증과 증거인멸","사상","범죄 발생지","","13","5","9","6","7","10","5","2","3","-","2","4","4","2",
"위증과 증거인멸","기장군","범죄 발생지","","-","1","3","4","1","-","3","1","4","2","2","1","1","3",
"위증과 증거인멸","중구","범죄 발생지","","4","3","1","2","-","4","3","-","-","7","1","2","5","2",
"위증과 증거인멸","동구","범죄 발생지","","3","4","2","1","5","3","6","-","1","5","7","5","5","4",
"위증과 증거인멸","서구","범죄 발생지","","3","-","4","3","8","1","2","3","1","1","-","1","3","2",
"위증과 증거인멸","남구","범죄 발생지","","1","-","2","2","1","4","4","-","2","3","3","-","1","2",
"위증과 증거인멸","북구","범죄 발생지","","2","-","3","2","9","-","7","3","2","1","3","2","1","2",
"위증과 증거인멸","수성","범죄 발생지","","139","157","76","128","215","144","166","175","145","75","79","76","70","75",
"위증과 증거인멸","달서","범죄 발생지","","32","27","66","44","44","32","30","31","20","23","27","29","25","24",
"위증과 증거인멸","달성군","범죄 발생지","","3","4","1","7","6","5","8","3","2","2","-","3","2","4",
"위증과 증거인멸","군위군","범죄 발생지","","","","","","","","","","","","","","-","-",
"위증과 증거인멸","중구","범죄 발생지","","1","-","4","1","7","1","1","-","3","-","1","4","5","1",
"위증과 증거인멸","동구","범죄 발생지","","-","-","-","-","-","-","1","1","1","-","-","-","1","-",
"위증과 증거인멸","서구","범죄 발생지","","-","1","2","1","1","2","3","3","3","2","5","7","6","2",
"위증과 증거인멸","미추홀","범죄 발생지","","87","126","124","151","94","152","117","123","135","98","64","69","102","56",
"위증과 증거인멸","연수","범죄 발생지","","1","4","1","2","3","4","3","-","1","2","1","6","1","3",
"위증과 증거인멸","남동","범죄 발생지","","4","3","4","5","3","4","5","4","1","4","3","3","4","9",
"위증과 증거인멸","부평","범죄 발생지","","4","4","4","2","3","5","5","3","5","2","2","6","4","4",
"위증과 증거인멸","계양","범죄 발생지","","2","-","1","3","3","2","2","3","-","1","2","2","6","-",
"위증과 증거인멸","강화군","범죄 발생지","","3","2","2","3","6","2","3","1","2","-","5","-","1","2",
"위증과 증거인멸","옹진군","범죄 발생지","","-","1","-","-","-","-","","-","-","1","-","-","-","-",
"위증과 증거인멸","동구","범죄 발생지","","97","114","86","115","149","104","107","118","80","79","59","68","52","54",
"위증과 증거인멸","서구","범죄 발생지","","6","8","2","8","3","2","3","2","6","1","3","6","2","1",
"위증과 증거인멸","남구","범죄 발생지","","5","6","3","3","3","1","4","1","1","3","-","2","1","-",
"위증과 증거인멸","북구","범죄 발생지","","12","9","4","7","9","7","8","8","7","1","10","4","5","4",
"위증과 증거인멸","광산","범죄 발생지","","10","8","3","3","10","4","7","-","6","3","2","2","3","3",
"위증과 증거인멸","중구","범죄 발생지","","5","2","4","6","2","3","3","2","-","4","-","3","-","2",
"위증과 증거인멸","동구","범죄 발생지","","1","-","4","2","3","4","1","-","1","1","2","2","1","4",
"위증과 증거인멸","서구","범죄 발생지","","86","84","98","105","104","94","104","106","84","54","48","92","61","64",
"위증과 증거인멸","유성","범죄 발생지","","2","2","2","4","2","2","1","4","6","1","-","4","4","2",
"위증과 증거인멸","대덕","범죄 발생지","","-","2","3","3","5","2","","1","1","1","-","2","-","1",
"위증과 증거인멸","중구","범죄 발생지","","2","1","1","1","1","3","1","1","-","-","3","-","1","1",
"위증과 증거인멸","동구","범죄 발생지","","-","-","-","-","3","3","3","-","1","1","4","-","3","-",
"위증과 증거인멸","남구","범죄 발생지","","64","63","48","47","23","60","73","42","33","34","20","31","23","51",
"위증과 증거인멸","북구","범죄 발생지","","-","-","-","2","5","-","2","2","1","-","-","1","-","-",
"위증과 증거인멸","울주군","범죄 발생지","","-","3","-","3","10","7","2","5","1","1","1","5","4","3",
"무고","종로","범죄 발생지","","30","35","46","42","42","42","55","56","56","50","37","42","57","60",
"무고","중구","범죄 발생지","","35","34","36","33","49","44","30","38","32","29","33","31","44","49",
"무고","용산","범죄 발생지","","30","34","30","44","44","32","58","40","38","38","23","45","44","55",
"무고","성동","범죄 발생지","","13","22","20","21","22","20","20","33","23","25","28","22","29","50",
"무고","광진","범죄 발생지","","59","45","65","70","64","65","75","51","26","32","29","34","31","36",
"무고","동대문","범죄 발생지","","51","36","26","42","40","48","42","50","47","51","49","39","27","31",
"무고","중랑","범죄 발생지","","31","32","25","30","30","21","30","39","23","31","15","26","31","41",
"무고","성북","범죄 발생지","","23","20","34","30","24","22","28","28","32","32","27","29","39","40",
"무고","강북","범죄 발생지","","28","26","16","31","29","26","28","45","32","31","17","30","22","31",
"무고","도봉","범죄 발생지","","51","60","28","44","50","69","55","76","83","72","49","24","34","34",
"무고","노원","범죄 발생지","","42","23","26","33","33","26","39","45","35","33","33","38","33","33",
"무고","은평","범죄 발생지","","26","28","16","38","31","29","34","31","32","51","35","40","29","39",
"무고","서대문","범죄 발생지","","22","57","59","35","38","48","29","21","27","21","21","34","33","35",
"무고","마포","범죄 발생지","","38","45","47","63","47","76","66","78","91","69","71","78","72","77",
"무고","양천","범죄 발생지","","59","68","65","88","60","81","79","89","85","84","69","45","43","61",
"무고","강서","범죄 발생지","","42","44","36","41","42","50","63","41","41","44","45","20","38","69",
"무고","구로","범죄 발생지","","35","45","43","38","31","44","34","42","27","37","29","44","28","38",
"무고","금천","범죄 발생지","","12","10","13","22","22","23","18","19","17","27","16","25","18","30",
"무고","영등포","범죄 발생지","","36","36","43","34","47","61","71","58","51","51","41","59","56","81",
"무고","동작","범죄 발생지","","16","32","29","46","36","34","36","33","30","38","33","32","22","37",
"무고","관악","범죄 발생지","","23","25","37","37","44","44","50","32","48","49","39","39","45","68",
"무고","서초","범죄 발생지","","152","140","154","179","202","222","210","267","225","228","135","148","151","162",
"무고","강남","범죄 발생지","","99","98","93","123","111","113","134","153","129","124","120","193","165","188",
"무고","송파","범죄 발생지","","47","37","54","53","77","67","99","91","97","102","85","86","97","100",
"무고","강동","범죄 발생지","","27","19","28","46","32","44","25","21","35","30","32","27","27","42",
"무고","중구","범죄 발생지","","3","10","7","4","20","17","12","12","10","11","10","15","9","17",
"무고","서구","범죄 발생지","","11","18","12","12","19","20","16","10","14","15","11","16","13","10",
"무고","동구","범죄 발생지","","14","12","12","11","20","22","14","11","22","15","12","9","24","26",
"무고","영도","범죄 발생지","","6","8","8","10","10","6","11","11","14","14","6","14","15","15",
"무고","부산진","범죄 발생지","","35","37","41","48","52","59","67","49","71","65","50","55","47","73",
"무고","동래","범죄 발생지","","18","21","30","19","41","37","43","31","38","26","27","25","27","33",
"무고","남구","범죄 발생지","","22","23","23","30","44","40","46","39","28","37","38","65","53","72",
"무고","북구","범죄 발생지","","21","13","22","29","39","39","20","23","31","33","11","17","12","27",
"무고","해운대","범죄 발생지","","58","50","71","50","48","57","39","76","87","52","45","70","58","81",
"무고","사하","범죄 발생지","","20","30","20","20","37","40","34","38","35","28","29","28","29","37",
"무고","금정","범죄 발생지","","18","25","35","22","33","22","26","30","34","25","19","26","18","48",
"무고","강서","범죄 발생지","","5","2","8","9","16","10","13","27","25","27","21","22","26","23",
"무고","연제","범죄 발생지","","44","48","65","49","102","78","79","60","80","75","61","65","64","68",
"무고","수영","범죄 발생지","","7","6","15","10","11","12","11","12","6","10","5","9","7","19",
"무고","사상","범죄 발생지","","22","27","17","22","42","35","36","35","43","30","20","34","33","21",
"무고","기장군","범죄 발생지","","4","9","14","9","18","15","22","23","12","21","10","28","22","22",
"무고","중구","범죄 발생지","","4","9","10","13","14","23","14","21","21","8","7","12","10","26",
"무고","동구","범죄 발생지","","13","11","15","21","21","29","28","30","15","16","11","20","32","43",
"무고","서구","범죄 발생지","","13","17","6","9","9","9","13","20","19","15","11","18","8","18",
"무고","남구","범죄 발생지","","3","8","13","11","12","13","16","12","14","12","11","3","6","14",
"무고","북구","범죄 발생지","","12","22","13","16","28","20","18","18","22","23","18","17","36","38",
"무고","수성","범죄 발생지","","45","36","32","57","82","67","91","62","70","81","64","49","52","81",
"무고","달서","범죄 발생지","","32","43","34","45","38","38","50","67","46","41","34","35","56","51",
"무고","달성군","범죄 발생지","","6","5","10","23","10","14","28","20","18","18","27","24","23","27",
"무고","군위군","범죄 발생지","","","","","","","","","","","","","","-","1",
"무고","중구","범죄 발생지","","9","6","16","7","15","22","16","27","20","25","18","25","28","43",
"무고","동구","범죄 발생지","","2","-","2","1","2","3","3","6","4","1","5","1","3","2",
"무고","서구","범죄 발생지","","14","15","13","21","24","18","24","22","23","33","30","49","45","48",
"무고","미추홀","범죄 발생지","","44","67","63","65","79","87","97","116","94","94","53","53","51","49",
"무고","연수","범죄 발생지","","6","9","19","14","15","10","11","21","19","23","22","28","43","41",
"무고","남동","범죄 발생지","","20","13","25","21","25","32","18","34","32","31","27","45","46","73",
"무고","부평","범죄 발생지","","9","21","20","22","25","26","31","45","25","33","23","46","31","43",
"무고","계양","범죄 발생지","","15","6","22","11","24","12","15","14","19","17","16","11","27","22",
"무고","강화군","범죄 발생지","","7","6","3","4","12","11","11","10","12","4","13","10","8","10",
"무고","옹진군","범죄 발생지","","2","-","1","3","2","2","2","1","-","-","2","2","-","1",
"무고","동구","범죄 발생지","","48","43","36","44","54","52","49","57","66","43","32","31","23","18",
"무고","서구","범죄 발생지","","31","31","17","25","30","37","20","28","26","26","18","29","30","41",
"무고","남구","범죄 발생지","","19","14","9","14","17","9","14","16","20","17","9","16","21","13",
"무고","북구","범죄 발생지","","51","58","33","44","47","46","31","28","25","34","42","28","34","39",
"무고","광산","범죄 발생지","","11","15","19","19","19","8","22","19","22","30","36","29","33","33",
"무고","중구","범죄 발생지","","10","15","12","25","21","26","24","20","22","16","17","26","22","31",
"무고","동구","범죄 발생지","","3","5","5","5","17","13","12","17","11","14","12","26","15","25",
"무고","서구","범죄 발생지","","46","50","55","86","95","77","60","79","69","61","54","68","63","64",
"무고","유성","범죄 발생지","","5","10","10","7","10","16","25","25","25","26","19","28","33","42",
"무고","대덕","범죄 발생지","","13","17","4","13","19","16","13","13","5","8","6","13","7","14",
"무고","중구","범죄 발생지","","9","7","9","13","14","20","16","10","11","12","10","16","15","18",
"무고","동구","범죄 발생지","","6","5","3","8","13","15","16","6","13","11","3","5","5","6",
"무고","남구","범죄 발생지","","28","29","31","40","44","50","49","44","39","43","30","33","33","50",
"무고","북구","범죄 발생지","","3","2","1","5","6","6","3","5","2","2","4","7","3","6",
"무고","울주군","범죄 발생지","","10","12","14","13","14","16","16","18","18","6","7","11","15","24",
"공안을 해하는 죄","종로","범죄 발생지","","-","-","-","1","1","2","2","-","2","4","7","2","3","1",
"공안을 해하는 죄","중구","범죄 발생지","","1","-","-","1","1","1","","1","2","-","4","-","-","2",
"공안을 해하는 죄","용산","범죄 발생지","","-","-","-","-","-","-","1","3","-","10","3","2","1","2",
"공안을 해하는 죄","성동","범죄 발생지","","-","-","-","-","-","-","","-","-","12","2","4","-","-",
"공안을 해하는 죄","광진","범죄 발생지","","-","-","-","1","-","-","","-","-","-","-","1","-","-",
"공안을 해하는 죄","동대문","범죄 발생지","","2","-","1","1","-","-","","-","-","2","-","-","-","1",
"공안을 해하는 죄","중랑","범죄 발생지","","-","-","-","-","-","-","","2","62","35","6","-","1","1",
"공안을 해하는 죄","성북","범죄 발생지","","-","-","-","-","-","-","2","-","-","-","1","1","1","-",
"공안을 해하는 죄","강북","범죄 발생지","","-","-","1","-","1","-","","-","3","-","-","-","2","2",
"공안을 해하는 죄","도봉","범죄 발생지","","-","-","-","-","-","-","","1","-","-","1","-","1","-",
"공안을 해하는 죄","노원","범죄 발생지","","-","-","-","-","-","-","","-","-","-","-","1","1","-",
"공안을 해하는 죄","은평","범죄 발생지","","-","-","-","-","-","-","","1","7","-","1","1","1","-",
"공안을 해하는 죄","서대문","범죄 발생지","","1","-","-","-","-","-","","-","1","5","7","13","9","1",
"공안을 해하는 죄","마포","범죄 발생지","","-","-","-","-","-","-","","1","-","4","6","1","1","3",
"공안을 해하는 죄","양천","범죄 발생지","","-","-","-","-","-","-","","-","6","6","14","10","14","2",
"공안을 해하는 죄","강서","범죄 발생지","","1","1","-","-","-","-","","-","-","1","-","-","4","4",
"공안을 해하는 죄","구로","범죄 발생지","","1","2","-","-","-","1","1","1","-","3","2","1","1","2",
"공안을 해하는 죄","금천","범죄 발생지","","-","-","-","-","1","-","1","-","2","-","-","-","1","-",
"공안을 해하는 죄","영등포","범죄 발생지","","3","-","1","-","2","-","","1","-","2","2","2","2","4",
"공안을 해하는 죄","동작","범죄 발생지","","-","-","-","-","-","-","","1","3","3","1","-","2","2",
"공안을 해하는 죄","관악","범죄 발생지","","-","-","1","-","-","-","","-","1","-","2","-","2","-",
"공안을 해하는 죄","서초","범죄 발생지","","-","1","3","1","-","2","","-","3","7","6","4","2","1",
"공안을 해하는 죄","강남","범죄 발생지","","2","1","-","2","2","2","","-","-","8","1","4","6","6",
"공안을 해하는 죄","송파","범죄 발생지","","1","2","-","1","-","-","1","1","3","1","2","3","30","31",
"공안을 해하는 죄","강동","범죄 발생지","","-","1","-","-","1","-","","1","1","-","-","1","2","1",
"공안을 해하는 죄","중구","범죄 발생지","","-","-","-","-","-","-","","-","-","-","-","-","1","-",
"공안을 해하는 죄","서구","범죄 발생지","","-","-","-","-","-","-","","-","-","-","-","1","-","2",
"공안을 해하는 죄","동구","범죄 발생지","","-","-","-","-","-","-","1","-","-","-","-","-","-","-",
"공안을 해하는 죄","영도","범죄 발생지","","-","-","1","-","-","-","","-","-","1","-","-","-","-",
"공안을 해하는 죄","부산진","범죄 발생지","","-","-","1","-","-","1","","-","-","-","1","3","1","1",
"공안을 해하는 죄","동래","범죄 발생지","","-","-","1","-","-","-","1","-","-","-","-","-","4","1",
"공안을 해하는 죄","남구","범죄 발생지","","1","-","-","-","-","1","","-","-","-","-","1","1","-",
"공안을 해하는 죄","북구","범죄 발생지","","-","-","-","1","-","-","","-","-","-","-","-","-","1",
"공안을 해하는 죄","해운대","범죄 발생지","","-","-","-","-","1","-","","-","-","1","1","3","-","2",
"공안을 해하는 죄","사하","범죄 발생지","","-","-","-","-","-","-","","-","-","-","-","3","1","1",
"공안을 해하는 죄","금정","범죄 발생지","","-","-","-","-","-","-","","-","-","-","-","1","-","-",
"공안을 해하는 죄","강서","범죄 발생지","","-","-","-","-","-","-","","-","-","-","-","-","1","-",
"공안을 해하는 죄","연제","범죄 발생지","","-","-","-","-","-","-","","-","3","2","-","-","3","-",
"공안을 해하는 죄","수영","범죄 발생지","","-","-","-","-","-","-","","-","-","-","-","-","-","-",
"공안을 해하는 죄","사상","범죄 발생지","","-","-","-","-","-","1","","-","-","1","-","-","-","-",
"공안을 해하는 죄","기장군","범죄 발생지","","-","-","-","-","-","1","","-","-","-","-","-","1","-",
"공안을 해하는 죄","중구","범죄 발생지","","-","-","-","-","-","-","","-","-","-","-","-","-","2",
"공안을 해하는 죄","동구","범죄 발생지","","1","-","-","-","1","-","1","2","-","1","-","-","1","2",
"공안을 해하는 죄","서구","범죄 발생지","","-","-","-","-","-","-","","1","-","-","1","-","-","-",
"공안을 해하는 죄","남구","범죄 발생지","","-","-","-","-","-","-","","1","-","-","1","-","-","1",
"공안을 해하는 죄","북구","범죄 발생지","","-","-","-","-","-","1","","-","-","-","1","1","-","2",
"공안을 해하는 죄","수성","범죄 발생지","","-","1","3","-","-","-","1","5","1","-","2","-","1","1",
"공안을 해하는 죄","달서","범죄 발생지","","-","-","-","-","-","1","","-","1","1","-","5","1","1",
"공안을 해하는 죄","달성군","범죄 발생지","","-","-","-","-","-","-","","-","-","1","1","1","-","3",
"공안을 해하는 죄","군위군","범죄 발생지","","","","","","","","","","","","","","-","-",
"공안을 해하는 죄","중구","범죄 발생지","","1","-","-","-","1","1","1","-","-","2","5","1","13","2",
"공안을 해하는 죄","동구","범죄 발생지","","1","-","-","-","-","-","","-","-","-","-","-","-","2",
"공안을 해하는 죄","서구","범죄 발생지","","-","-","-","-","-","1","","5","1","7","1","2","-","2",
"공안을 해하는 죄","미추홀","범죄 발생지","","1","-","-","-","1","-","1","4","-","1","1","-","-","5",
"공안을 해하는 죄","연수","범죄 발생지","","-","-","-","-","-","-","","3","-","-","1","-","-","1",
"공안을 해하는 죄","남동","범죄 발생지","","-","-","1","-","-","4","","-","-","3","-","3","2","3",
"공안을 해하는 죄","부평","범죄 발생지","","1","1","2","2","-","1","","1","-","-","1","2","1","-",
"공안을 해하는 죄","계양","범죄 발생지","","2","-","-","-","1","1","1","-","-","-","1","-","-","1",
"공안을 해하는 죄","강화군","범죄 발생지","","-","-","-","-","-","-","","-","-","-","-","-","-","-",
"공안을 해하는 죄","옹진군","범죄 발생지","","-","-","-","-","-","-","","-","-","-","-","-","-","-",
"공안을 해하는 죄","동구","범죄 발생지","","-","1","-","-","-","5","","-","2","-","-","-","1","8",
"공안을 해하는 죄","서구","범죄 발생지","","-","-","-","-","-","3","2","1","3","1","1","2","4","2",
"공안을 해하는 죄","남구","범죄 발생지","","-","-","1","-","-","-","","1","-","-","1","-","-","-",
"공안을 해하는 죄","북구","범죄 발생지","","-","-","-","-","1","2","","-","-","-","-","3","1","2",
"공안을 해하는 죄","광산","범죄 발생지","","-","1","-","1","-","-","2","-","-","1","-","-","1","5",
"공안을 해하는 죄","중구","범죄 발생지","","-","-","-","-","-","-","","-","-","-","2","-","-","-",
"공안을 해하는 죄","동구","범죄 발생지","","-","-","-","-","1","1","1","-","-","-","1","1","-","-",
"공안을 해하는 죄","서구","범죄 발생지","","-","-","-","-","-","-","","-","-","-","1","2","1","1",
"공안을 해하는 죄","유성","범죄 발생지","","-","-","-","-","-","-","","1","-","1","-","-","-","-",
"공안을 해하는 죄","대덕","범죄 발생지","","-","-","-","-","1","-","","-","-","-","-","-","-","1",
"공안을 해하는 죄","중구","범죄 발생지","","-","-","-","-","-","-","","1","-","-","-","-","2","2",
"공안을 해하는 죄","동구","범죄 발생지","","-","-","-","-","-","-","","-","-","-","-","-","2","2",
"공안을 해하는 죄","남구","범죄 발생지","","1","-","-","1","1","-","","-","-","-","3","2","9","3",
"공안을 해하는 죄","북구","범죄 발생지","","-","-","-","-","-","-","","-","1","-","-","-","-","-",
"공안을 해하는 죄","울주군","범죄 발생지","","-","-","-","-","-","-","1","-","-","-","-","-","-","-",
"내란의 죄","종로","범죄 발생지","","-","1","-","-","-","4","5","10","4","6","5","-","2","-",
"내란의 죄","중구","범죄 발생지","","-","-","-","-","1","-","","-","-","-","-","-","1","1",
"내란의 죄","용산","범죄 발생지","","-","-","-","-","-","-","","-","-","-","-","-","-","2",
"내란의 죄","성동","범죄 발생지","","-","-","-","-","-","-","2","-","-","-","-","-","-","-",
"내란의 죄","광진","범죄 발생지","","-","-","-","-","-","-","","-","-","-","-","-","-","-",
"내란의 죄","동대문","범죄 발생지","","-","-","-","-","-","-","","-","-","-","-","-","-","-",
"내란의 죄","중랑","범죄 발생지","","-","-","-","-","-","-","","-","-","-","-","-","-","-",
"내란의 죄","성북","범죄 발생지","","-","-","-","-","-","-","","1","-","-","-","-","-","-",
"내란의 죄","강북","범죄 발생지","","-","-","-","-","-","-","","-","-","-","-","-","-","-",
"내란의 죄","도봉","범죄 발생지","","-","-","-","-","-","-","","-","-","-","-","-","-","-",
"내란의 죄","노원","범죄 발생지","","-","-","-","-","-","-","","-","-","-","-","-","-","-",
"내란의 죄","은평","범죄 발생지","","-","-","-","-","-","-","","-","-","-","-","-","-","-",
"내란의 죄","서대문","범죄 발생지","","-","-","-","-","-","-","","-","-","-","-","-","1","-",
"내란의 죄","마포","범죄 발생지","","1","1","1","-","-","1","","-","-","-","5","-","-","-",
"내란의 죄","양천","범죄 발생지","","-","-","-","-","-","-","","-","-","-","-","-","-","-",
"내란의 죄","강서","범죄 발생지","","-","-","-","-","-","-","","-","-","1","-","-","-","-",
"내란의 죄","구로","범죄 발생지","","-","-","-","-","-","-","","-","1","-","-","-","-","-",
"내란의 죄","금천","범죄 발생지","","-","-","-","-","-","-","","-","-","-","-","-","-","-",
"내란의 죄","영등포","범죄 발생지","","-","-","4","-","-","-","","1","-","1","-","-","-","4",
"내란의 죄","동작","범죄 발생지","","-","-","1","-","-","-","","-","-","-","-","-","-","-",
"내란의 죄","관악","범죄 발생지","","-","-","-","-","-","-","","-","-","-","-","-","-","-",
"내란의 죄","서초","범죄 발생지","","-","-","-","-","-","-","4","1","4","8","1","-","-","-",
"내란의 죄","강남","범죄 발생지","","-","-","-","-","-","-","","2","-","3","-","-","-","-",
"내란의 죄","송파","범죄 발생지","","-","-","-","-","-","-","","-","-","-","-","-","-","-",
"내란의 죄","강동","범죄 발생지","","-","-","-","-","-","-","1","-","-","-","-","-","-","-",
"내란의 죄","중구","범죄 발생지","","-","-","-","-","-","-","","-","-","-","-","-","-","-",
"내란의 죄","서구","범죄 발생지","","-","-","-","-","-","-","","-","-","-","-","-","-","-",
"내란의 죄","동구","범죄 발생지","","-","-","-","-","-","-","","-","-","-","-","-","-","-",
"내란의 죄","영도","범죄 발생지","","-","-","-","-","-","-","","-","-","-","-","-","-","-",
"내란의 죄","부산진","범죄 발생지","","-","-","-","-","-","-","","1","-","-","-","-","-","-",
"내란의 죄","동래","범죄 발생지","","-","-","-","-","-","-","","-","-","-","-","-","-","-",
"내란의 죄","남구","범죄 발생지","","-","-","-","-","-","-","","-","-","-","-","-","-","-",
"내란의 죄","북구","범죄 발생지","","-","-","-","-","-","-","","-","-","1","-","-","-","-",
"내란의 죄","해운대","범죄 발생지","","-","-","-","-","-","-","","-","-","-","-","-","-","-",
"내란의 죄","사하","범죄 발생지","","-","-","-","-","-","-","","-","-","-","-","-","-","-",
"내란의 죄","금정","범죄 발생지","","-","-","-","-","-","-","","-","-","-","-","-","-","-",
"내란의 죄","강서","범죄 발생지","","-","-","-","-","-","-","","-","-","-","-","-","-","-",
"내란의 죄","연제","범죄 발생지","","-","-","-","-","-","-","","-","-","-","-","-","-","-",
"내란의 죄","수영","범죄 발생지","","-","-","-","-","-","-","","-","-","-","-","-","-","-",
"내란의 죄","사상","범죄 발생지","","-","-","-","-","-","-","","-","-","-","-","-","-","-",
"내란의 죄","기장군","범죄 발생지","","-","-","-","-","-","-","","-","-","-","-","-","-","-",
"내란의 죄","중구","범죄 발생지","","-","-","-","-","-","-","","-","-","-","-","-","-","-",
"내란의 죄","동구","범죄 발생지","","-","-","-","-","-","-","","-","-","-","-","-","-","-",
"내란의 죄","서구","범죄 발생지","","-","-","-","-","-","-","","-","-","-","-","1","-","-",
"내란의 죄","남구","범죄 발생지","","-","-","-","-","-","-","","-","-","-","-","-","-","-",
"내란의 죄","북구","범죄 발생지","","-","-","-","-","-","-","","-","-","-","-","-","-","-",
"내란의 죄","수성","범죄 발생지","","-","-","-","-","-","-","","-","-","-","-","-","-","-",
"내란의 죄","달서","범죄 발생지","","-","-","-","-","-","-","","-","-","-","-","-","-","-",
"내란의 죄","달성군","범죄 발생지","","-","-","-","-","-","-","","-","-","-","-","-","-","-",
"내란의 죄","군위군","범죄 발생지","","","","","","","","","","","","","","-","-",
"내란의 죄","중구","범죄 발생지","","-","-","-","-","-","-","","-","-","-","-","-","-","-",
"내란의 죄","동구","범죄 발생지","","-","-","-","-","-","-","","-","-","-","-","-","-","-",
"내란의 죄","서구","범죄 발생지","","-","-","-","-","-","-","","-","-","-","-","-","-","-",
"내란의 죄","미추홀","범죄 발생지","","-","-","-","-","-","-","","-","-","-","-","-","-","-",
"내란의 죄","연수","범죄 발생지","","-","-","-","-","-","-","","-","-","-","-","-","-","-",
"내란의 죄","남동","범죄 발생지","","-","-","-","-","-","-","","-","-","-","-","-","-","-",
"내란의 죄","부평","범죄 발생지","","-","-","-","-","-","-","","-","-","-","-","-","-","-",
"내란의 죄","계양","범죄 발생지","","-","-","-","-","-","-","","-","-","-","-","-","-","-",
"내란의 죄","강화군","범죄 발생지","","-","-","-","-","-","-","","-","-","-","-","-","-","-",
"내란의 죄","옹진군","범죄 발생지","","-","-","-","-","-","-","","-","-","-","-","-","-","-",
"내란의 죄","동구","범죄 발생지","","-","-","-","-","-","-","","1","-","-","-","-","-","-",
"내란의 죄","서구","범죄 발생지","","-","-","-","-","-","-","","-","-","-","-","-","-","-",
"내란의 죄","남구","범죄 발생지","","-","-","-","-","-","-","","-","-","-","-","-","-","-",
"내란의 죄","북구","범죄 발생지","","-","-","-","-","-","-","","-","-","-","-","-","-","-",
"내란의 죄","광산","범죄 발생지","","-","-","-","-","-","-","","-","-","-","-","-","-","-",
"내란의 죄","중구","범죄 발생지","","-","-","-","-","-","-","","-","-","-","-","-","-","-",
"내란의 죄","동구","범죄 발생지","","-","-","-","-","-","-","","-","-","-","-","-","-","-",
"내란의 죄","서구","범죄 발생지","","-","-","-","-","-","-","","-","-","7","-","3","-","1",
"내란의 죄","유성","범죄 발생지","","-","-","-","-","-","-","","-","-","-","-","-","-","-",
"내란의 죄","대덕","범죄 발생지","","-","-","-","-","-","-","","-","-","-","-","-","-","-",
"내란의 죄","중구","범죄 발생지","","-","-","-","-","-","-","","-","-","-","-","-","-","-",
"내란의 죄","동구","범죄 발생지","","-","-","-","-","-","-","","-","-","-","-","-","-","-",
"내란의 죄","남구","범죄 발생지","","-","-","-","-","-","-","","-","-","-","-","-","-","-",
"내란의 죄","북구","범죄 발생지","","-","-","-","-","-","-","","-","-","-","-","-","-","-",
"내란의 죄","울주군","범죄 발생지","","-","-","-","-","-","-","","-","-","-","-","1","-","-",
"음용수에 관한 죄","종로","범죄 발생지","","-","-","-","-","-","-","","-","-","-","-","-","-","-",
"음용수에 관한 죄","중구","범죄 발생지","","-","-","2","-","-","-","","-","-","-","1","-","-","-",
"음용수에 관한 죄","용산","범죄 발생지","","-","-","-","-","-","-","","-","-","-","-","-","-","-",
"음용수에 관한 죄","성동","범죄 발생지","","-","-","-","-","-","-","","-","-","-","-","-","-","-",
"음용수에 관한 죄","광진","범죄 발생지","","-","-","-","-","-","-","","-","-","-","-","-","-","-",
"음용수에 관한 죄","동대문","범죄 발생지","","-","-","-","-","-","-","","-","-","1","-","-","-","-",
"음용수에 관한 죄","중랑","범죄 발생지","","-","-","-","-","-","-","","-","-","-","-","-","-","-",
"음용수에 관한 죄","성북","범죄 발생지","","-","-","-","-","-","1","1","-","2","-","-","-","-","-",
"음용수에 관한 죄","강북","범죄 발생지","","-","-","-","-","-","1","","-","-","-","-","-","-","-",
"음용수에 관한 죄","도봉","범죄 발생지","","-","-","-","-","-","-","","-","-","-","-","-","-","-",
"음용수에 관한 죄","노원","범죄 발생지","","-","-","-","-","-","-","","-","-","-","-","-","-","-",
"음용수에 관한 죄","은평","범죄 발생지","","-","-","-","-","-","-","","-","-","-","-","-","-","-",
"음용수에 관한 죄","서대문","범죄 발생지","","-","-","-","-","-","-","","-","-","-","-","-","-","-",
"음용수에 관한 죄","마포","범죄 발생지","","-","-","-","-","1","-","","-","-","-","-","-","-","-",
"음용수에 관한 죄","양천","범죄 발생지","","-","-","-","-","-","-","","-","-","-","1","-","-","1",
"음용수에 관한 죄","강서","범죄 발생지","","-","-","-","-","-","-","","-","-","1","-","-","-","1",
"음용수에 관한 죄","구로","범죄 발생지","","1","-","-","-","-","1","1","-","-","-","-","-","-","-",
"음용수에 관한 죄","금천","범죄 발생지","","-","-","-","-","-","1","","-","-","-","-","-","-","-",
"음용수에 관한 죄","영등포","범죄 발생지","","-","-","-","-","-","-","","-","-","-","-","-","-","1",
"음용수에 관한 죄","동작","범죄 발생지","","-","-","-","-","-","-","","1","-","1","-","-","-","-",
"음용수에 관한 죄","관악","범죄 발생지","","-","-","-","-","-","-","","-","-","-","-","-","-","-",
"음용수에 관한 죄","서초","범죄 발생지","","-","-","-","-","-","-","","-","-","-","1","-","-","-",
"음용수에 관한 죄","강남","범죄 발생지","","-","-","-","-","-","3","1","-","-","-","-","1","-","-",
"음용수에 관한 죄","송파","범죄 발생지","","-","-","-","-","-","-","","-","-","-","-","-","-","-",
"음용수에 관한 죄","강동","범죄 발생지","","-","-","-","-","-","-","1","-","1","-","-","-","-","-",
"음용수에 관한 죄","중구","범죄 발생지","","-","-","-","-","-","-","","-","-","-","-","-","1","-",
"음용수에 관한 죄","서구","범죄 발생지","","-","-","-","-","-","-","","-","-","1","-","1","1","-",
"음용수에 관한 죄","동구","범죄 발생지","","-","-","-","-","-","-","","-","-","-","-","-","-","-",
"음용수에 관한 죄","영도","범죄 발생지","","-","-","-","-","-","-","","-","-","-","-","-","-","-",
"음용수에 관한 죄","부산진","범죄 발생지","","-","-","-","-","-","-","1","-","-","-","-","1","1","-",
"음용수에 관한 죄","동래","범죄 발생지","","-","-","-","-","-","-","","-","-","-","-","-","-","-",
"음용수에 관한 죄","남구","범죄 발생지","","-","-","-","-","-","-","","-","-","1","-","-","1","-",
"음용수에 관한 죄","북구","범죄 발생지","","-","-","-","-","-","-","","-","-","-","-","-","-","-",
"음용수에 관한 죄","해운대","범죄 발생지","","-","1","-","-","-","-","","-","-","1","-","-","-","-",
"음용수에 관한 죄","사하","범죄 발생지","","-","-","-","-","-","-","","-","-","-","-","-","-","-",
"음용수에 관한 죄","금정","범죄 발생지","","-","-","-","-","-","-","","-","-","-","-","-","1","-",
"음용수에 관한 죄","강서","범죄 발생지","","1","-","-","-","-","-","","-","-","-","-","-","-","-",
"음용수에 관한 죄","연제","범죄 발생지","","-","-","-","1","-","-","","-","-","-","-","-","-","-",
"음용수에 관한 죄","수영","범죄 발생지","","-","-","-","-","-","-","","-","-","-","-","1","1","1",
"음용수에 관한 죄","사상","범죄 발생지","","-","1","-","-","-","-","","-","-","-","-","-","-","-",
"음용수에 관한 죄","기장군","범죄 발생지","","1","1","-","1","-","1","","-","-","-","-","-","-","-",
"음용수에 관한 죄","중구","범죄 발생지","","-","-","-","-","-","-","","-","-","-","-","-","-","-",
"음용수에 관한 죄","동구","범죄 발생지","","1","-","-","-","-","-","","-","-","-","-","-","-","-",
"음용수에 관한 죄","서구","범죄 발생지","","-","-","-","-","-","-","","-","-","-","-","-","-","-",
"음용수에 관한 죄","남구","범죄 발생지","","-","-","-","-","-","-","","-","-","-","-","-","-","-",
"음용수에 관한 죄","북구","범죄 발생지","","-","-","-","-","-","-","","-","-","-","-","-","-","-",
"음용수에 관한 죄","수성","범죄 발생지","","-","-","-","-","1","-","","-","-","-","-","-","-","-",
"음용수에 관한 죄","달서","범죄 발생지","","-","-","-","-","-","-","","-","-","-","-","-","-","-",
"음용수에 관한 죄","달성군","범죄 발생지","","-","-","-","-","-","-","","-","-","-","-","-","-","-",
"음용수에 관한 죄","군위군","범죄 발생지","","","","","","","","","","","","","","-","-",
"음용수에 관한 죄","중구","범죄 발생지","","-","-","-","-","-","-","","-","-","-","-","-","-","-",
"음용수에 관한 죄","동구","범죄 발생지","","-","-","-","-","-","-","","-","-","-","-","-","-","-",
"음용수에 관한 죄","서구","범죄 발생지","","-","-","-","-","-","-","","-","-","-","1","-","-","-",
"음용수에 관한 죄","미추홀","범죄 발생지","","2","-","1","-","-","-","","-","-","-","-","-","-","-",
"음용수에 관한 죄","연수","범죄 발생지","","-","-","-","-","-","-","","-","-","-","-","1","-","-",
"음용수에 관한 죄","남동","범죄 발생지","","-","-","-","-","-","-","","-","-","-","-","1","1","-",
"음용수에 관한 죄","부평","범죄 발생지","","-","-","-","-","-","-","","2","-","-","-","-","-","1",
"음용수에 관한 죄","계양","범죄 발생지","","-","-","-","-","-","-","","-","-","-","-","-","-","-",
"음용수에 관한 죄","강화군","범죄 발생지","","-","-","-","-","-","-","","-","-","-","-","-","-","-",
"음용수에 관한 죄","옹진군","범죄 발생지","","-","-","-","-","-","-","","-","-","-","-","-","-","-",
"음용수에 관한 죄","동구","범죄 발생지","","-","-","-","-","-","1","","-","-","-","-","-","-","-",
"음용수에 관한 죄","서구","범죄 발생지","","-","-","-","-","-","-","","-","-","-","-","-","-","-",
"음용수에 관한 죄","남구","범죄 발생지","","-","-","-","-","-","-","","-","-","-","-","-","-","1",
"음용수에 관한 죄","북구","범죄 발생지","","-","-","-","-","-","-","","-","-","-","1","-","-","-",
"음용수에 관한 죄","광산","범죄 발생지","","-","-","-","-","-","-","","-","-","-","-","-","-","-",
"음용수에 관한 죄","중구","범죄 발생지","","1","-","-","-","-","-","","-","-","-","-","1","-","-",
"음용수에 관한 죄","동구","범죄 발생지","","-","-","-","-","-","-","","-","-","1","-","-","-","-",
"음용수에 관한 죄","서구","범죄 발생지","","-","-","-","-","-","-","","-","-","-","-","-","-","-",
"음용수에 관한 죄","유성","범죄 발생지","","-","-","-","-","-","-","","-","-","-","-","-","-","-",
"음용수에 관한 죄","대덕","범죄 발생지","","-","-","-","-","-","-","","1","-","-","-","-","-","-",
"음용수에 관한 죄","중구","범죄 발생지","","-","2","-","-","-","-","","-","-","-","-","-","-","1",
"음용수에 관한 죄","동구","범죄 발생지","","-","-","-","-","-","-","","-","-","-","-","-","-","-",
"음용수에 관한 죄","남구","범죄 발생지","","-","-","-","-","-","-","","-","-","-","-","-","-","-",
"음용수에 관한 죄","북구","범죄 발생지","","-","-","-","-","-","-","","-","-","-","-","-","-","1",
"음용수에 관한 죄","울주군","범죄 발생지","","-","1","-","1","-","-","","-","1","-","-","1","1","-",
"일수와 수리에 관한 죄","종로","범죄 발생지","","-","1","-","-","-","-","","-","-","-","-","-","-","-",
"일수와 수리에 관한 죄","중구","범죄 발생지","","-","-","-","-","-","-","","-","-","-","-","-","-","-",
"일수와 수리에 관한 죄","용산","범죄 발생지","","-","-","-","-","-","-","","-","-","-","-","-","-","-",
"일수와 수리에 관한 죄","성동","범죄 발생지","","-","-","-","-","-","-","","-","-","-","-","-","-","-",
"일수와 수리에 관한 죄","광진","범죄 발생지","","-","-","-","-","-","-","","-","-","-","-","-","-","-",
"일수와 수리에 관한 죄","동대문","범죄 발생지","","-","-","-","-","-","-","","-","-","-","-","-","-","-",
"일수와 수리에 관한 죄","중랑","범죄 발생지","","-","-","-","-","-","-","","-","-","-","-","-","-","-",
"일수와 수리에 관한 죄","성북","범죄 발생지","","-","-","1","-","-","-","","-","-","-","-","-","-","-",
"일수와 수리에 관한 죄","강북","범죄 발생지","","-","-","-","-","-","-","","-","-","-","-","-","-","-",
"일수와 수리에 관한 죄","도봉","범죄 발생지","","-","-","-","-","-","-","","-","-","-","-","-","-","-",
"일수와 수리에 관한 죄","노원","범죄 발생지","","-","-","-","-","-","-","","-","-","-","-","-","-","-",
"일수와 수리에 관한 죄","은평","범죄 발생지","","-","-","-","-","-","-","","-","-","-","-","-","-","-",
"일수와 수리에 관한 죄","서대문","범죄 발생지","","-","-","-","-","-","-","","-","-","-","-","-","-","-",
"일수와 수리에 관한 죄","마포","범죄 발생지","","-","-","-","-","-","-","","-","-","-","-","-","-","-",
"일수와 수리에 관한 죄","양천","범죄 발생지","","-","-","-","-","-","-","","-","-","-","-","-","-","-",
"일수와 수리에 관한 죄","강서","범죄 발생지","","-","-","-","-","-","-","","-","-","-","-","-","-","-",
"일수와 수리에 관한 죄","구로","범죄 발생지","","-","-","-","-","-","-","","-","-","-","-","-","-","-",
"일수와 수리에 관한 죄","금천","범죄 발생지","","-","-","-","-","-","-","","-","-","-","-","-","-","-",
"일수와 수리에 관한 죄","영등포","범죄 발생지","","-","-","-","-","-","-","","-","-","-","-","-","-","-",
"일수와 수리에 관한 죄","동작","범죄 발생지","","-","-","-","-","-","-","","-","-","-","-","1","-","-",
"일수와 수리에 관한 죄","관악","범죄 발생지","","-","-","-","-","-","-","","-","-","-","-","-","-","1",
"일수와 수리에 관한 죄","서초","범죄 발생지","","-","-","-","-","-","-","","-","-","-","-","-","-","-",
"일수와 수리에 관한 죄","강남","범죄 발생지","","-","-","-","-","-","-","","-","-","-","-","-","-","-",
"일수와 수리에 관한 죄","송파","범죄 발생지","","-","-","-","-","-","-","","-","-","-","-","-","-","-",
"일수와 수리에 관한 죄","강동","범죄 발생지","","-","-","-","-","-","-","","-","-","-","-","-","-","-",
"일수와 수리에 관한 죄","중구","범죄 발생지","","-","-","-","-","-","-","","-","-","-","-","-","-","-",
"일수와 수리에 관한 죄","서구","범죄 발생지","","-","-","-","-","-","-","","-","-","-","-","-","-","-",
"일수와 수리에 관한 죄","동구","범죄 발생지","","-","-","-","-","-","-","","-","-","-","-","-","-","-",
"일수와 수리에 관한 죄","영도","범죄 발생지","","-","-","-","-","-","-","","-","-","-","-","-","-","-",
"일수와 수리에 관한 죄","부산진","범죄 발생지","","-","-","-","-","-","-","","-","-","-","-","-","-","-",
"일수와 수리에 관한 죄","동래","범죄 발생지","","-","-","-","-","-","-","","-","-","-","3","-","-","-",
"일수와 수리에 관한 죄","남구","범죄 발생지","","2","-","-","-","-","-","","-","-","-","-","-","-","-",
"일수와 수리에 관한 죄","북구","범죄 발생지","","-","-","-","-","-","-","","-","-","-","-","-","-","-",
"일수와 수리에 관한 죄","해운대","범죄 발생지","","-","-","-","-","-","-","","-","-","-","-","-","-","-",
"일수와 수리에 관한 죄","사하","범죄 발생지","","-","-","-","-","-","-","","-","-","-","-","-","-","-",
"일수와 수리에 관한 죄","금정","범죄 발생지","","-","-","-","-","-","-","","-","-","-","-","1","1","-",
"일수와 수리에 관한 죄","강서","범죄 발생지","","-","-","-","-","-","-","","-","-","-","-","-","-","-",
"일수와 수리에 관한 죄","연제","범죄 발생지","","-","1","-","-","-","-","","-","-","-","-","-","-","-",
"일수와 수리에 관한 죄","수영","범죄 발생지","","-","-","-","-","-","-","","-","-","-","-","-","-","-",
"일수와 수리에 관한 죄","사상","범죄 발생지","","-","-","-","-","-","-","","-","-","-","-","-","-","-",
"일수와 수리에 관한 죄","기장군","범죄 발생지","","-","-","-","-","-","-","","-","-","-","-","-","-","-",
"일수와 수리에 관한 죄","중구","범죄 발생지","","-","-","-","-","-","-","","-","-","-","-","-","-","-",
"일수와 수리에 관한 죄","동구","범죄 발생지","","-","-","-","-","-","-","","-","-","-","-","-","-","-",
"일수와 수리에 관한 죄","서구","범죄 발생지","","-","-","-","-","-","-","","-","-","-","-","-","-","-",
"일수와 수리에 관한 죄","남구","범죄 발생지","","-","-","-","-","-","-","","-","-","-","-","-","-","-",
"일수와 수리에 관한 죄","북구","범죄 발생지","","-","-","-","-","-","-","","-","-","-","-","-","-","-",
"일수와 수리에 관한 죄","수성","범죄 발생지","","-","-","-","-","-","-","","-","-","-","-","-","-","-",
"일수와 수리에 관한 죄","달서","범죄 발생지","","-","-","-","-","-","-","","-","-","-","-","-","-","-",
"일수와 수리에 관한 죄","달성군","범죄 발생지","","-","-","-","-","-","-","","-","1","-","-","-","-","-",
"일수와 수리에 관한 죄","군위군","범죄 발생지","","","","","","","","","","","","","","-","-",
"일수와 수리에 관한 죄","중구","범죄 발생지","","-","-","-","-","-","-","","-","-","-","-","-","-","-",
"일수와 수리에 관한 죄","동구","범죄 발생지","","-","-","-","-","-","-","","-","-","-","-","-","-","-",
"일수와 수리에 관한 죄","서구","범죄 발생지","","-","-","-","-","-","-","","-","-","-","-","-","-","-",
"일수와 수리에 관한 죄","미추홀","범죄 발생지","","-","-","-","-","-","-","","-","-","-","-","-","-","-",
"일수와 수리에 관한 죄","연수","범죄 발생지","","-","-","-","-","-","-","","-","-","-","-","-","-","-",
"일수와 수리에 관한 죄","남동","범죄 발생지","","-","-","-","-","-","-","","-","-","-","-","-","-","-",
"일수와 수리에 관한 죄","부평","범죄 발생지","","-","-","1","-","1","-","","-","-","-","-","-","-","-",
"일수와 수리에 관한 죄","계양","범죄 발생지","","-","-","-","-","-","-","","-","-","-","-","-","-","-",
"일수와 수리에 관한 죄","강화군","범죄 발생지","","-","-","-","-","-","-","","-","-","-","-","-","-","-",
"일수와 수리에 관한 죄","옹진군","범죄 발생지","","-","-","-","-","-","-","","-","-","-","-","-","-","-",
"일수와 수리에 관한 죄","동구","범죄 발생지","","-","-","-","-","-","-","","-","-","-","-","-","-","-",
"일수와 수리에 관한 죄","서구","범죄 발생지","","-","-","-","-","-","-","","-","-","-","-","-","-","-",
"일수와 수리에 관한 죄","남구","범죄 발생지","","-","-","-","-","-","-","","-","-","-","-","1","-","-",
"일수와 수리에 관한 죄","북구","범죄 발생지","","-","-","-","-","-","-","","-","-","-","-","-","-","-",
"일수와 수리에 관한 죄","광산","범죄 발생지","","-","-","-","-","-","-","","-","-","1","-","-","-","-",
"일수와 수리에 관한 죄","중구","범죄 발생지","","-","-","-","-","-","-","","-","-","-","-","-","-","-",
"일수와 수리에 관한 죄","동구","범죄 발생지","","-","-","-","-","-","-","","-","-","-","-","-","-","-",
"일수와 수리에 관한 죄","서구","범죄 발생지","","-","-","-","-","-","-","","-","1","-","-","-","-","-",
"일수와 수리에 관한 죄","유성","범죄 발생지","","-","-","-","-","-","-","","-","-","-","-","1","-","-",
"일수와 수리에 관한 죄","대덕","범죄 발생지","","-","-","-","-","-","-","","-","-","-","-","-","-","-",
"일수와 수리에 관한 죄","중구","범죄 발생지","","-","-","-","-","-","-","","-","-","-","-","-","-","-",
"일수와 수리에 관한 죄","동구","범죄 발생지","","-","-","-","-","-","-","","-","-","-","-","-","-","-",
"일수와 수리에 관한 죄","남구","범죄 발생지","","-","-","-","-","-","-","","-","-","-","-","-","-","-",
"일수와 수리에 관한 죄","북구","범죄 발생지","","1","-","-","-","-","-","","-","-","-","-","-","-","-",
"일수와 수리에 관한 죄","울주군","범죄 발생지","","-","-","-","-","-","-","","-","-","-","-","-","2","-",
"기타","종로","범죄 발생지","","2","2","-","11","6","-","7","1","1","4","5","3","1","1",
"기타","중구","범죄 발생지","","2","1","-","7","4","-","1","1","-","-","-","-","-","-",
"기타","용산","범죄 발생지","","-","-","-","8","1","1","","-","1","-","-","-","1","-",
"기타","성동","범죄 발생지","","-","-","-","7","2","-","","-","-","-","-","-","-","-",
"기타","광진","범죄 발생지","","-","-","-","16","5","-","1","-","-","-","1","-","-","-",
"기타","동대문","범죄 발생지","","-","-","-","20","5","-","","-","-","-","-","-","-","1",
"기타","중랑","범죄 발생지","","-","-","-","17","1","-","1","1","-","-","-","-","-","-",
"기타","성북","범죄 발생지","","-","-","-","8","2","-","","-","-","-","-","-","-","-",
"기타","강북","범죄 발생지","","1","-","-","4","3","-","","-","1","-","-","-","-","-",
"기타","도봉","범죄 발생지","","-","-","-","10","10","2","","2","-","-","-","-","-","-",
"기타","노원","범죄 발생지","","-","-","-","15","4","1","","-","-","-","-","-","-","-",
"기타","은평","범죄 발생지","","-","-","-","13","4","1","1","1","-","-","-","-","-","-",
"기타","서대문","범죄 발생지","","-","-","-","12","5","1","1","-","-","1","-","1","-","-",
"기타","마포","범죄 발생지","","-","-","-","9","1","-","","1","1","-","-","-","-","-",
"기타","양천","범죄 발생지","","-","-","-","14","5","2","1","-","1","-","-","-","-","-",
"기타","강서","범죄 발생지","","-","-","-","22","5","-","","-","1","1","1","-","-","-",
"기타","구로","범죄 발생지","","-","-","-","8","5","-","","-","-","-","-","-","-","-",
"기타","금천","범죄 발생지","","-","-","-","4","2","-","","-","-","-","-","-","-","-",
"기타","영등포","범죄 발생지","","-","-","-","12","7","-","1","-","1","1","-","-","-","-",
"기타","동작","범죄 발생지","","-","-","-","13","3","1","1","-","1","1","-","-","1","-",
"기타","관악","범죄 발생지","","-","-","-","14","5","1","","-","-","1","-","1","-","-",
"기타","서초","범죄 발생지","","1","-","1","23","11","-","2","1","1","1","2","1","2","-",
"기타","강남","범죄 발생지","","-","-","-","37","14","-","1","2","1","1","-","-","-","-",
"기타","송파","범죄 발생지","","-","-","-","20","11","-","1","-","1","2","1","-","-","-",
"기타","강동","범죄 발생지","","-","-","1","12","3","1","","-","-","-","-","-","-","-",
"기타","중구","범죄 발생지","","-","-","-","1","3","-","","-","-","-","-","-","-","-",
"기타","서구","범죄 발생지","","-","-","-","4","2","-","","1","-","-","-","-","-","-",
"기타","동구","범죄 발생지","","-","-","-","3","-","-","","-","-","2","-","-","-","-",
"기타","영도","범죄 발생지","","-","-","-","3","2","-","","-","-","-","-","-","-","-",
"기타","부산진","범죄 발생지","","-","-","-","13","6","1","","-","1","-","-","-","-","-",
"기타","동래","범죄 발생지","","-","-","-","14","-","-","","-","-","-","-","-","-","-",
"기타","남구","범죄 발생지","","-","-","-","13","2","-","","-","-","-","-","-","-","-",
"기타","북구","범죄 발생지","","-","-","-","9","2","-","","1","-","-","-","-","-","-",
"기타","해운대","범죄 발생지","","-","-","-","20","13","-","","-","-","-","-","-","-","-",
"기타","사하","범죄 발생지","","-","-","-","13","4","2","","1","-","-","-","-","-","-",
"기타","금정","범죄 발생지","","-","-","-","15","2","1","","1","-","-","-","-","-","-",
"기타","강서","범죄 발생지","","-","-","-","9","-","-","","-","-","-","-","1","-","-",
"기타","연제","범죄 발생지","","-","-","-","11","3","1","","-","-","-","-","-","-","-",
"기타","수영","범죄 발생지","","-","-","-","6","2","-","","-","-","-","-","-","-","-",
"기타","사상","범죄 발생지","","-","-","-","7","2","-","","-","-","-","-","-","-","-",
"기타","기장군","범죄 발생지","","-","-","-","7","3","-","","1","-","-","-","-","-","-",
"기타","중구","범죄 발생지","","-","-","-","5","1","-","","-","-","-","-","-","-","-",
"기타","동구","범죄 발생지","","-","-","-","8","6","1","","-","-","1","-","-","-","-",
"기타","서구","범죄 발생지","","-","-","-","5","1","-","","-","-","-","-","-","-","-",
"기타","남구","범죄 발생지","","-","-","-","2","-","1","","-","-","1","1","-","-","-",
"기타","북구","범죄 발생지","","1","-","-","13","4","-","","1","-","-","-","-","-","-",
"기타","수성","범죄 발생지","","1","-","-","9","4","1","","-","-","-","-","-","-","-",
"기타","달서","범죄 발생지","","-","-","2","33","5","-","","-","1","-","-","-","-","1",
"기타","달성군","범죄 발생지","","-","-","-","8","7","-","1","-","1","-","-","-","-","-",
"기타","군위군","범죄 발생지","","","","","","","","","","","","","","-","-",
"기타","중구","범죄 발생지","","1","-","-","8","1","-","","-","-","-","-","-","-","-",
"기타","동구","범죄 발생지","","-","-","-","-","1","-","","-","-","-","-","-","-","-",
"기타","서구","범죄 발생지","","-","1","-","16","6","1","","-","-","-","-","-","-","-",
"기타","미추홀","범죄 발생지","","-","-","-","16","7","-","","-","-","1","-","1","-","-",
"기타","연수","범죄 발생지","","-","-","-","16","5","1","1","-","-","-","-","-","-","-",
"기타","남동","범죄 발생지","","-","-","-","14","7","-","","-","-","1","-","-","-","-",
"기타","부평","범죄 발생지","","-","-","-","15","7","-","","2","-","-","-","-","-","-",
"기타","계양","범죄 발생지","","-","-","-","15","2","-","","-","-","-","-","1","-","-",
"기타","강화군","범죄 발생지","","-","-","-","1","-","-","","-","-","1","-","-","-","-",
"기타","옹진군","범죄 발생지","","-","-","-","-","-","-","","-","-","-","-","-","-","-",
"기타","동구","범죄 발생지","","-","-","-","3","-","1","","6","1","-","-","-","-","-",
"기타","서구","범죄 발생지","","1","-","-","19","8","-","","-","-","1","-","-","-","-",
"기타","남구","범죄 발생지","","-","-","-","9","1","1","","-","-","1","-","-","-","-",
"기타","북구","범죄 발생지","","-","-","-","17","4","-","","3","-","3","-","-","-","-",
"기타","광산","범죄 발생지","","-","-","-","23","3","-","","-","-","-","-","-","-","-",
"기타","중구","범죄 발생지","","-","-","-","14","2","-","","-","-","1","-","-","-","-",
"기타","동구","범죄 발생지","","-","-","-","9","1","-","","-","-","-","1","-","-","-",
"기타","서구","범죄 발생지","","-","-","-","9","5","2","1","-","-","-","-","-","-","-",
"기타","유성","범죄 발생지","","-","-","-","10","13","-","","-","1","-","-","-","-","-",
"기타","대덕","범죄 발생지","","-","-","-","6","3","-","","-","3","-","-","-","-","-",
"기타","중구","범죄 발생지","","-","-","-","7","1","2","","-","-","-","-","-","-","-",
"기타","동구","범죄 발생지","","-","-","-","9","2","-","","-","-","-","-","-","-","-",
"기타","남구","범죄 발생지","","-","-","-","11","6","-","","-","-","-","-","-","-","-",
"기타","북구","범죄 발생지","","-","-","-","4","5","-","","-","-","-","-","-","-","-",
"기타","울주군","범죄 발생지","","-","-","-","8","2","-","","-","-","-","-","-","-","-",
